/*--------------------------------*- C++ -*----------------------------------*\
  =========                 |
  \\      /  F ield         | OpenFOAM: The Open Source CFD Toolbox
   \\    /   O peration     | Website:  https://openfoam.org
    \\  /    A nd           | Version:  12
     \\/     M anipulation  |
\*---------------------------------------------------------------------------*/
FoamFile
{
    format      ascii;
    class       volScalarField;
    location    "200";
    object      k;
}
// * * * * * * * * * * * * * * * * * * * * * * * * * * * * * * * * * * * * * //

dimensions      [0 2 -2 0 0 0 0];

internalField   nonuniform List<scalar> 
14427
(
0.00210565
0.00221294
0.00205705
0.00309102
0.00249563
0.00329252
0.00248778
0.00321937
0.00193868
0.00342411
0.00262241
0.00387544
0.00309697
0.00452423
0.00381387
0.00236451
0.00447152
0.00322451
0.00181866
0.00377651
0.00271865
0.00329012
0.00403717
0.00574862
0.00444691
0.00301115
0.00567485
0.00450604
0.00432346
0.00220469
0.0051968
0.00485869
0.00352008
0.00179844
0.00277364
0.00339594
0.00408485
0.00592605
0.00327253
0.00460832
0.00707498
0.0054948
0.00515675
0.00259206
0.00698597
0.00622446
0.00503878
0.00229747
0.00584889
0.00534216
0.00401908
0.0016921
0.0027962
0.0040645
0.00341505
0.00595155
0.00343446
0.00467765
0.00732406
0.00586909
0.0029295
0.00532311
0.00734263
0.00845797
0.00558688
0.0025196
0.00805287
0.00711315
0.00600773
0.00247929
0.00646497
0.00589537
0.00441589
0.00186614
0.00396703
0.00339879
0.00279036
0.00590982
0.00464421
0.003529
0.00746319
0.00611412
0.0032795
0.0053586
0.00768034
0.00901029
0.00561043
0.00257477
0.00890761
0.00760435
0.0059819
0.00259843
0.00933335
0.00796082
0.00670938
0.00272542
0.00705989
0.0064176
0.00487224
0.00274611
0.00572991
0.00379496
0.00448817
0.00333056
0.00363034
0.00277091
0.00736051
0.00629607
0.00528285
0.00345282
0.00938648
0.00792609
0.00579822
0.00278281
0.00917428
0.00764872
0.00564076
0.00259824
0.00925709
0.00794314
0.00663855
0.00291027
0.0104434
0.00873569
0.0073079
0.00363997
0.00816797
0.00757019
0.00684096
0.0054903
0.00308223
0.00549067
0.00700293
0.0064989
0.00352683
0.00418764
0.00502473
0.00324243
0.00363895
0.00358963
0.00275498
0.00919428
0.00793365
0.00616219
0.00302903
0.00942618
0.00785299
0.00554634
0.00262175
0.00901148
0.00769405
0.00597034
0.00286868
0.00972021
0.00855434
0.00727625
0.00381503
0.0123465
0.0113774
0.00945392
0.00795893
0.00411766
0.00920818
0.0087493
0.00799874
0.00715605
0.00586473
0.00322829
0.00504122
0.00634618
0.00651113
0.00863563
0.00784794
0.00648284
0.00314556
0.00373853
0.00456447
0.00316955
0.00368628
0.00363262
0.00332891
0.00268724
0.0093645
0.00799894
0.00566402
0.00270649
0.00910152
0.00773196
0.00542695
0.00273161
0.00893087
0.0078867
0.00669741
0.00375842
0.0109304
0.0101761
0.00911823
0.00800169
0.00442159
0.0140009
0.0133245
0.0120035
0.0100613
0.00851539
0.00435241
0.0100769
0.00984256
0.00926224
0.00833911
0.00739645
0.00612819
0.00334816
0.00450534
0.00552024
0.00641541
0.00751117
0.00745949
0.00676219
0.00904507
0.00808328
0.00624669
0.00279506
0.00321068
0.00390768
0.00298495
0.00367157
0.00368417
0.00353784
0.00284388
0.00258236
0.00917027
0.00793747
0.0052011
0.00271618
0.0088703
0.00774817
0.00571579
0.00353131
0.00978677
0.00902719
0.00831951
0.00763912
0.00441383
0.0121367
0.0112965
0.0105231
0.00956458
0.00870084
0.00483902
0.0155302
0.0149228
0.0139035
0.012441
0.0104869
0.0090694
0.00455409
0.0107807
0.0107611
0.0103171
0.00960032
0.00859977
0.00757178
0.00631255
0.0034101
0.00405417
0.00480091
0.00607722
0.00686149
0.00642514
0.00693056
0.00830599
0.00801069
0.00671401
0.00908976
0.00824815
0.00535242
0.00247442
0.00277838
0.00280603
0.00360733
0.00372558
0.00363413
0.00311829
0.00272294
0.00246451
0.00905164
0.00783709
0.00521066
0.00322232
0.00956966
0.00884212
0.00791806
0.00695595
0.00431514
0.0107002
0.00980017
0.0092348
0.00875441
0.00838434
0.00490029
0.0134303
0.0124677
0.0115995
0.010749
0.00987197
0.00919381
0.00514198
0.0169655
0.0165991
0.0155192
0.014259
0.012764
0.0107921
0.0094596
0.00474166
0.0110078
0.0115443
0.0113161
0.0106153
0.00984303
0.00878363
0.00768627
0.00643291
0.0034844
0.00388229
0.00443356
0.00600585
0.0063751
0.0069517
0.00762924
0.00772149
0.00707254
0.00873987
0.00841053
0.00611965
0.00927117
0.00822259
0.00489827
0.00242421
0.00219217
0.00349782
0.00264736
0.00372706
0.00370291
0.00342721
0.00277159
0.00291261
0.00234997
0.00971514
0.00906828
0.00790139
0.00593484
0.0040336
0.0103983
0.00949464
0.00892688
0.00838447
0.00806258
0.00484918
0.0118272
0.0106455
0.00992926
0.00941744
0.00910746
0.00893525
0.00525969
0.0147631
0.0137411
0.0127271
0.0118048
0.0108931
0.0101053
0.00953248
0.00535763
0.0182092
0.0181809
0.0172539
0.0158519
0.0144639
0.0129927
0.0109795
0.00964542
0.00485413
0.0110305
0.0119949
0.0121485
0.0116226
0.0108343
0.0100015
0.00890564
0.00775147
0.00649751
0.00352527
0.00444127
0.00609141
0.003933
0.00627882
0.00705798
0.00731809
0.00753074
0.00740675
0.00841168
0.00842057
0.00688564
0.00928553
0.00865234
0.00500898
0.00988248
0.00952044
0.00810651
0.00515969
0.00215394
0.00197144
0.00341982
0.00371606
0.00255753
0.0037314
0.00361324
0.00290742
0.00279407
0.00376335
0.00223186
0.0105323
0.00978372
0.0091577
0.00817986
0.0074473
0.00462438
0.0115162
0.01028
0.0095914
0.00909067
0.00883995
0.00880522
0.00522253
0.01311
0.0116983
0.0107532
0.0100762
0.00953504
0.00937458
0.009316
0.0055101
0.016038
0.0151168
0.0139478
0.0128935
0.0119208
0.0109941
0.0102722
0.00974384
0.00549607
0.0186164
0.0197205
0.0189283
0.0175593
0.0160384
0.0145586
0.0131004
0.0110957
0.00972782
0.00489211
0.0106705
0.0120791
0.012766
0.0124736
0.0118289
0.010962
0.0100603
0.00896115
0.00776632
0.00651567
0.00357514
0.00635242
0.00456298
0.00637717
0.00731951
0.00419173
0.00716805
0.0075555
0.00775194
0.00827163
0.00845908
0.00739236
0.00924434
0.00894696
0.00563806
0.00995573
0.00985707
0.00860757
0.00478492
0.0107987
0.010249
0.00970169
0.00819984
0.0066137
0.00195658
0.00182358
0.0033589
0.0037069
0.00378221
0.0025042
0.00368946
0.00324009
0.00279429
0.00333193
0.00436357
0.00212496
0.0117035
0.0105961
0.00999221
0.0092993
0.00869487
0.00858366
0.00506935
0.0128435
0.011325
0.0103892
0.00973512
0.00922682
0.0091981
0.00931396
0.00547542
0.0144068
0.0129332
0.011762
0.0108865
0.0101406
0.00959807
0.00955338
0.00956714
0.00566291
0.0166822
0.0165508
0.0152753
0.0140444
0.0129738
0.0119823
0.0110655
0.0103829
0.00985909
0.00555745
0.0184483
0.0205303
0.0206261
0.019208
0.0176752
0.01608
0.0145881
0.0131403
0.0111428
0.00972643
0.00492208
0.0101581
0.0118853
0.0129063
0.013204
0.0126871
0.0119269
0.0109892
0.0100576
0.00895629
0.00775477
0.00650864
0.00359461
0.00691694
0.00635807
0.00761584
0.00459164
0.00670257
0.00765808
0.00811021
0.00453408
0.0081547
0.0085566
0.00785241
0.00920151
0.00909633
0.00694213
0.00998021
0.0100121
0.00909391
0.00480865
0.0109907
0.0105867
0.0102283
0.00842326
0.00543721
0.0121108
0.011116
0.0106155
0.00979806
0.0085834
0.00803499
0.00183479
0.00174575
0.00328666
0.00366673
0.00381123
0.00374875
0.00247037
0.00356241
0.00283356
0.00295967
0.0040311
0.00478988
0.0020245
0.0131614
0.0117192
0.0108446
0.0101483
0.00942458
0.00916754
0.00927498
0.00532605
0.0141971
0.0125823
0.0113995
0.0105289
0.00978284
0.00929582
0.00942591
0.00963193
0.00562705
0.0152872
0.0142102
0.0129375
0.0118527
0.0109196
0.0101265
0.00960556
0.00965118
0.00970358
0.00573486
0.0166661
0.0177493
0.016697
0.0152738
0.0140484
0.0129932
0.0120112
0.0111076
0.0104421
0.00989341
0.00558213
0.0169846
0.0206361
0.0217954
0.0209203
0.0192721
0.0176278
0.0160275
0.0145596
0.0131296
0.0111334
0.00969526
0.00490647
0.0100451
0.0112845
0.0128122
0.0134639
0.0134473
0.0127914
0.0119178
0.0109602
0.0100074
0.00890578
0.00770047
0.00646404
0.00360762
0.00650524
0.00784269
0.0061628
0.00751585
0.0085359
0.00445268
0.00679595
0.00786239
0.00839874
0.00829037
0.00481155
0.00902094
0.00917724
0.00769967
0.00985577
0.00997692
0.00955548
0.00512102
0.0110686
0.010691
0.0105873
0.00890823
0.00490995
0.0124919
0.0114878
0.0110915
0.0103168
0.00851762
0.00717451
0.0137668
0.0123461
0.0115015
0.0107948
0.0098271
0.00907498
0.00906264
0.00168668
0.0031948
0.00357951
0.00379054
0.00378884
0.00370203
0.00241209
0.00301101
0.00283813
0.00368854
0.00450938
0.00510847
0.00192679
0.0146477
0.0131097
0.0119176
0.0109955
0.010147
0.0094805
0.00947149
0.00968734
0.00547812
0.0151964
0.0138586
0.012601
0.0115025
0.0105359
0.00973214
0.00928151
0.00953575
0.00981215
0.00570009
0.01535
0.0151742
0.0141388
0.0129753
0.0118479
0.0108563
0.0100283
0.00958615
0.00968935
0.00975833
0.00575854
0.0152128
0.0181473
0.0179856
0.0165844
0.0151704
0.0139915
0.0129732
0.0120096
0.0111321
0.01046
0.00988518
0.00557199
0.015009
0.0192742
0.0220595
0.022258
0.0209309
0.0191238
0.0174303
0.0158856
0.0144823
0.0130838
0.0110776
0.00958308
0.00484631
0.0100776
0.0110969
0.0122697
0.013493
0.0138486
0.0135489
0.0127471
0.0118254
0.01084
0.00989286
0.00880725
0.00761998
0.00640258
0.00360801
0.00596466
0.00729553
0.00856539
0.00569954
0.00709949
0.00828652
0.00910313
0.00669245
0.00779944
0.00840073
0.00853759
0.00822333
0.00477922
0.00945255
0.00970466
0.00970803
0.00645422
0.0109119
0.0104884
0.0106348
0.00945047
0.00473643
0.0127016
0.0115535
0.0112603
0.010743
0.00865756
0.00601932
0.0144098
0.0128247
0.0118653
0.011295
0.010257
0.00888927
0.00844098
0.0154072
0.0139342
0.0126347
0.0116417
0.010738
0.00980238
0.00944832
0.00961576
0.00163303
0.00305522
0.00344248
0.00369882
0.00377658
0.00375137
0.00345837
0.00233687
0.00284192
0.00319733
0.00417291
0.00481972
0.00526899
0.00183132
0.0156007
0.0144584
0.0132512
0.012019
0.0109411
0.0100104
0.0094371
0.00961063
0.00994755
0.00556164
0.0152805
0.0147168
0.0137978
0.0126666
0.0114793
0.0104087
0.00953899
0.00919419
0.00955465
0.00988651
0.00572294
0.0142226
0.0154675
0.0149553
0.0141376
0.0129446
0.0117312
0.0106657
0.00990528
0.00954521
0.00968362
0.00975335
0.0057561
0.0127361
0.0169842
0.0185866
0.0177271
0.0163047
0.0149754
0.0138831
0.0129224
0.0120141
0.0111535
0.0104537
0.00983232
0.00552071
0.013813
0.016998
0.0209024
0.0226908
0.0222937
0.020682
0.0187593
0.0171443
0.0157067
0.0143878
0.0130191
0.0109964
0.00946884
0.00481575
0.0107494
0.0110881
0.0120756
0.0131565
0.0139281
0.0140741
0.0134988
0.0125927
0.0116521
0.0106862
0.00975446
0.00868289
0.00752263
0.00632492
0.00360272
0.00876734
0.00536985
0.00656987
0.00784058
0.00910776
0.00515079
0.00644635
0.00767807
0.00872338
0.00956342
0.00625219
0.00742063
0.00820551
0.00847206
0.0084099
0.00774613
0.00454919
0.0104509
0.0099342
0.0103277
0.00982153
0.00492414
0.0127107
0.0112584
0.0110161
0.0109407
0.00899893
0.00505268
0.0149891
0.0129554
0.0118898
0.0114953
0.0106227
0.00870295
0.00748177
0.0162748
0.0146527
0.0129765
0.011953
0.0112022
0.0100889
0.00927962
0.00925678
0.0159747
0.0154628
0.0141272
0.0126526
0.0115009
0.0104618
0.00968334
0.00962628
0.0099191
0.0015464
0.0028722
0.00323469
0.00352643
0.00370446
0.00374142
0.003676
0.00291672
0.00223214
0.00291459
0.00380829
0.00451052
0.00501108
0.00533935
0.00173194
0.0155707
0.0149641
0.014557
0.0133306
0.0119139
0.0106442
0.00967848
0.00927709
0.00963031
0.0100766
0.00558463
0.0143136
0.0147403
0.0144758
0.0138513
0.0126358
0.011289
0.0100902
0.00925587
0.00902294
0.00952459
0.00988302
0.00572047
0.0119301
0.0147621
0.0150918
0.0148176
0.0141064
0.0127969
0.0114734
0.0105008
0.00981247
0.00950234
0.00965753
0.00971515
0.00572999
0.0107757
0.0141821
0.0176036
0.0182589
0.017212
0.0159281
0.0147417
0.0137683
0.0128995
0.0120432
0.0111842
0.010431
0.00975267
0.00544674
0.0136622
0.0152383
0.0186386
0.0219866
0.0228035
0.0220049
0.0201531
0.018291
0.0168244
0.0155323
0.0142961
0.0129436
0.0108771
0.00931271
0.00472973
0.0117416
0.0117236
0.0121512
0.0129873
0.0138492
0.0142632
0.014051
0.0133289
0.0123685
0.0114396
0.0105107
0.00960918
0.00855808
0.00741469
0.0062151
0.00358801
0.00788703
0.00973519
0.00907075
0.00578966
0.00692888
0.00823664
0.00960001
0.00458823
0.00569048
0.00686807
0.00801287
0.00904149
0.00986587
0.0056166
0.00672567
0.00751895
0.00812029
0.00833065
0.00820263
0.0058347
0.00406096
0.012432
0.0105975
0.0103477
0.0107579
0.00946149
0.00474618
0.0154111
0.0127721
0.0114534
0.0112925
0.010828
0.00871065
0.00645475
0.0171436
0.0151425
0.0129979
0.0119281
0.0113954
0.0103114
0.00894223
0.00849895
0.016152
0.0164646
0.0147316
0.012876
0.0117475
0.0108135
0.00985687
0.00950837
0.00970567
0.0155811
0.0155959
0.0156746
0.0141044
0.012363
0.0110207
0.0099983
0.00945406
0.00965585
0.0100702
0.00143396
0.00265923
0.00299432
0.00329031
0.00352099
0.00367883
0.00367775
0.00325647
0.00283432
0.00209871
0.00337706
0.00416462
0.00471274
0.00511174
0.00535739
0.0147254
0.0145113
0.0149701
0.0147186
0.0132161
0.0115015
0.0101208
0.00924556
0.00903049
0.00958992
0.0101004
0.00558148
0.011949
0.0141656
0.0142094
0.0144778
0.0138804
0.0124465
0.0108819
0.00963895
0.0089309
0.00884039
0.00945423
0.00984972
0.00569673
0.0100093
0.0126736
0.014484
0.0147356
0.0147574
0.0140049
0.0125075
0.0112574
0.0103721
0.00976034
0.00947914
0.00962905
0.0096267
0.00567597
0.010445
0.0115881
0.0148492
0.0175147
0.0175728
0.0165769
0.0155602
0.0145595
0.0136869
0.0129281
0.0121177
0.0112304
0.0103987
0.00966846
0.00538772
0.0149319
0.0148932
0.0170283
0.0200349
0.0224991
0.0225486
0.02135
0.0194908
0.0177926
0.0165285
0.015389
0.014226
0.012855
0.010737
0.0090719
0.00463582
0.0130775
0.0128116
0.0128288
0.0132622
0.013758
0.0143385
0.0143633
0.0138945
0.0130588
0.0120954
0.0112024
0.0103185
0.00944781
0.00842651
0.00730215
0.00610285
0.00356871
0.00692493
0.00883895
0.00800944
0.0118851
0.00965925
0.00933583
0.00505387
0.00598537
0.00717116
0.00860909
0.0100743
0.00406099
0.00494539
0.00594947
0.00709147
0.00824661
0.00948817
0.00972401
0.00490512
0.00587527
0.00666653
0.00736501
0.00789529
0.00813124
0.00716079
0.00480988
0.00350549
0.0155895
0.0122426
0.010611
0.0106493
0.0107475
0.00886444
0.00527562
0.0180207
0.0153186
0.0125928
0.0114314
0.0112251
0.0104385
0.00867291
0.00753953
0.0164486
0.0174466
0.0149651
0.0127506
0.0116754
0.0109599
0.00993334
0.00916892
0.00911011
0.014565
0.0162944
0.0166762
0.0144605
0.0124439
0.0111765
0.0102378
0.00955615
0.00955944
0.00993755
0.0147872
0.0141684
0.0159608
0.0158028
0.0137487
0.0117028
0.0103259
0.00943567
0.00915162
0.00961406
0.0101207
0.00243643
0.002725
0.00299417
0.0032655
0.00348897
0.00363177
0.0035541
0.00286862
0.002979
0.00378539
0.00437697
0.00481194
0.00513034
0.00535367
0.0122314
0.0137772
0.0140761
0.0153269
0.01477
0.012795
0.0108384
0.0094915
0.00877927
0.00877403
0.00950169
0.0100851
0.00555955
0.0098946
0.0123076
0.0131967
0.0140871
0.0145794
0.0138146
0.0120551
0.0103264
0.00919828
0.00864673
0.00869783
0.00938731
0.00975647
0.00564617
0.00984977
0.0106409
0.0127487
0.0137606
0.0146347
0.0147854
0.013761
0.0122179
0.011067
0.0103084
0.0097659
0.00948685
0.00961058
0.00956394
0.00561175
0.0118029
0.0111347
0.0123625
0.0149199
0.0167675
0.0167187
0.0161679
0.0152961
0.0144069
0.0136986
0.0130324
0.0122355
0.0112929
0.0103631
0.00955739
0.00529994
0.017275
0.0163099
0.0167621
0.0190082
0.0211876
0.0225576
0.0220504
0.0205253
0.0188046
0.0173353
0.0162906
0.0152908
0.0141771
0.0127555
0.0105998
0.0088282
0.00453747
0.0143746
0.0141032
0.0140223
0.0139774
0.014109
0.0143652
0.014504
0.014246
0.0136026
0.012734
0.0118072
0.0109651
0.0101254
0.00928064
0.00828337
0.00718258
0.0059851
0.00354467
0.00782941
0.00599005
0.00689151
0.0110331
0.00856894
0.00812771
0.0154931
0.0113984
0.00949745
0.00961722
0.00441845
0.00512126
0.00609151
0.00743562
0.00908702
0.0103033
0.00360623
0.00428592
0.00507905
0.00607677
0.00726093
0.00856327
0.00961246
0.0090812
0.00422057
0.00503129
0.00574353
0.0063965
0.00708868
0.00765645
0.00772918
0.00529414
0.0048203
0.0190003
0.0152464
0.0117859
0.0105313
0.0106734
0.0104294
0.00846041
0.00653721
0.0165824
0.0183477
0.0149107
0.0121365
0.0111692
0.0108398
0.00994268
0.00874427
0.00826255
0.0125218
0.0172524
0.0175461
0.01449
0.0121598
0.0110656
0.0103157
0.00954233
0.0092428
0.00944565
0.0140587
0.0134924
0.0171994
0.0166621
0.0138607
0.0116714
0.0103877
0.00957691
0.00920435
0.00952563
0.0100274
0.0122583
0.012803
0.0142295
0.0167145
0.0156915
0.012998
0.0108474
0.00952218
0.00884789
0.0088394
0.00952179
0.0101316
0.00243732
0.00269939
0.00295826
0.00320261
0.00342791
0.00354463
0.00304266
0.0028151
0.00340437
0.00402761
0.00449518
0.00484099
0.00512099
0.00533756
0.00989803
0.0121372
0.0123012
0.0142876
0.0158052
0.0145646
0.0120765
0.0100439
0.00882596
0.00833327
0.00854638
0.00941841
0.0100062
0.00551426
0.00980604
0.0104542
0.0119295
0.0123437
0.0142714
0.0147736
0.0135453
0.0114566
0.00979614
0.00884503
0.00846047
0.00861315
0.00933585
0.00968272
0.00558826
0.0115038
0.0105707
0.0110974
0.0122781
0.0131884
0.0148395
0.014791
0.0134477
0.0119588
0.0109784
0.0103375
0.00983134
0.00953174
0.00960801
0.00946974
0.00552806
0.013565
0.0125978
0.0121461
0.0126843
0.0145466
0.0157328
0.0163412
0.0158991
0.0151051
0.014366
0.0137959
0.013216
0.0123903
0.0113657
0.0103179
0.00943107
0.00520101
0.0194565
0.0187921
0.0184898
0.0190976
0.0205872
0.0219133
0.0222027
0.0211907
0.0196747
0.0181629
0.01697
0.0161384
0.0152492
0.0141481
0.0126373
0.0104541
0.00858248
0.00444324
0.0149011
0.0152635
0.0151822
0.0151299
0.0148099
0.0147258
0.0145502
0.014419
0.0139987
0.0132519
0.0123953
0.011522
0.0107341
0.00994338
0.00911272
0.00813227
0.0070524
0.0058627
0.00351457
0.00987142
0.00678509
0.00742169
0.00515361
0.00584074
0.00688733
0.014811
0.0102953
0.00825512
0.00834227
0.0195743
0.0146928
0.0106875
0.0093375
0.00980761
0.00389791
0.00440297
0.00511999
0.00622791
0.00783547
0.00949516
0.0101746
0.0032357
0.00374627
0.00433036
0.00511501
0.0061646
0.00747272
0.00900238
0.00922308
0.00847684
0.00428217
0.00488387
0.00541502
0.00608599
0.0068225
0.00755351
0.0063106
0.00471013
0.00539005
0.0180237
0.0190278
0.0144051
0.0111495
0.0102931
0.0104378
0.0098911
0.00835309
0.00733665
0.0107154
0.0187651
0.0181952
0.0140659
0.0114433
0.0106248
0.010208
0.00945171
0.00879335
0.00870261
0.0118784
0.0131016
0.0187251
0.0172326
0.0136057
0.0112818
0.0102512
0.00959898
0.00914399
0.00922054
0.00961597
0.0118377
0.0112479
0.0145945
0.0181253
0.0162148
0.0129028
0.0106643
0.00950702
0.00891458
0.00885208
0.00943563
0.0100571
0.00981694
0.0117593
0.0114644
0.0153501
0.0172415
0.0151286
0.012009
0.00985795
0.00872429
0.00830262
0.00855937
0.00943682
0.0101
0.00240342
0.00262242
0.00286791
0.00313015
0.00341703
0.00332276
0.00281513
0.00298573
0.00364558
0.00414857
0.00453575
0.00484045
0.0050877
0.00530239
0.0098618
0.0103625
0.0111512
0.0119508
0.0153103
0.0162121
0.0140008
0.0111735
0.00923231
0.0082438
0.00796927
0.00837976
0.00934937
0.00993041
0.00546885
0.0118046
0.0106686
0.0107933
0.0109418
0.0125035
0.0148437
0.0149753
0.0130884
0.0108311
0.00936243
0.00862159
0.00837387
0.00859236
0.00930977
0.00959158
0.00551326
0.0132909
0.0123172
0.0115107
0.0110951
0.0114605
0.0134832
0.0150237
0.014737
0.0131202
0.0117989
0.0110175
0.0104756
0.00997387
0.00961225
0.00960959
0.0093631
0.00543083
0.0141729
0.0137035
0.013286
0.0125717
0.0125459
0.0137925
0.0155992
0.0161952
0.0156823
0.0149924
0.0144335
0.0140242
0.0134603
0.0125616
0.0114316
0.0102731
0.00929322
0.00509491
0.0202673
0.0210628
0.0208849
0.0209371
0.020978
0.0216758
0.0217885
0.0213859
0.0203038
0.0188704
0.0176426
0.0167281
0.016082
0.015248
0.0141192
0.0125031
0.0102851
0.0083339
0.00435064
0.0147869
0.0157064
0.0158939
0.0158783
0.0157142
0.0152396
0.0148316
0.0145523
0.0142711
0.0136771
0.012883
0.0120525
0.0112396
0.0105185
0.00976419
0.00894318
0.00797414
0.00691171
0.00573115
0.00347707
0.0134097
0.00850219
0.00899019
0.0057897
0.00630763
0.00700826
0.00445312
0.0049349
0.00573015
0.00701144
0.0196385
0.0135957
0.00940125
0.00802207
0.0086383
0.0206019
0.019169
0.0134289
0.0099064
0.00916439
0.0097697
0.00348667
0.00384195
0.0043249
0.0051412
0.00650309
0.00838377
0.00955378
0.00969704
0.00332383
0.00373807
0.00430003
0.0051171
0.00630052
0.00788208
0.00899538
0.00851519
0.00802212
0.00415109
0.00453686
0.00507837
0.00583394
0.00677031
0.00694988
0.00486973
0.0047975
0.00632609
0.0103452
0.0207548
0.018345
0.0132
0.0104014
0.0098988
0.0099129
0.00931049
0.00832816
0.00783405
0.00920787
0.0136447
0.0203139
0.0173375
0.0128929
0.0105579
0.0098937
0.00949579
0.00898603
0.00876576
0.00894103
0.0109399
0.00985773
0.016183
0.0195328
0.0163216
0.0123868
0.0102276
0.00936462
0.00890647
0.00875525
0.00913676
0.00970294
0.00956868
0.010598
0.0109387
0.0170622
0.018561
0.0152523
0.0116452
0.00956974
0.00864479
0.00831491
0.00853633
0.00935037
0.0100406
0.00992095
0.010115
0.0100248
0.011884
0.0171707
0.0174294
0.0141131
0.0108147
0.00887412
0.00801462
0.00785076
0.00834339
0.00936877
0.0100427
0.00230063
0.00251931
0.00277631
0.00309634
0.00331236
0.00287289
0.00278248
0.00328962
0.00379363
0.00420018
0.00453944
0.00482479
0.0050402
0.00526255
0.012027
0.0108148
0.01031
0.00998837
0.0127049
0.0166501
0.0161755
0.013063
0.01019
0.00851485
0.00779798
0.00772579
0.00828269
0.00930823
0.00984447
0.00541546
0.013655
0.0129189
0.011456
0.0104373
0.010421
0.0133568
0.0156117
0.0148645
0.0123928
0.010268
0.0090884
0.00854712
0.00838057
0.0086175
0.00929704
0.00948147
0.00542501
0.0136338
0.0133198
0.012813
0.0113622
0.0105062
0.0113705
0.0141849
0.0152056
0.0144476
0.0128471
0.0118049
0.0111943
0.0107062
0.0101553
0.00971569
0.00961197
0.00925663
0.00533137
0.0157474
0.0134574
0.013462
0.0132039
0.012386
0.0124355
0.0138668
0.0158851
0.0161394
0.0155571
0.0150244
0.0146609
0.0143409
0.01373
0.0127218
0.0114787
0.0101969
0.00914329
0.00498565
0.0199281
0.0217758
0.0223895
0.0225774
0.0224349
0.0219856
0.0216406
0.021331
0.0206579
0.0194512
0.0182045
0.0172741
0.0166143
0.0160934
0.0152538
0.0140723
0.0123479
0.0100936
0.00807584
0.00425962
0.0141353
0.0156086
0.0162047
0.0162038
0.0161274
0.0158129
0.0152864
0.014891
0.0145031
0.0139992
0.0133047
0.0124948
0.0117216
0.0109928
0.0103144
0.00958739
0.00876973
0.00780868
0.00675985
0.00559293
0.00343358
0.0183297
0.0114891
0.0119818
0.00709175
0.00759413
0.00802018
0.00492034
0.00530706
0.00585464
0.00672513
0.00389485
0.00420707
0.00474961
0.00576276
0.00732255
0.0225585
0.0183371
0.0120394
0.00854058
0.00790225
0.00884219
0.0149429
0.0224246
0.0177181
0.0119301
0.00915555
0.00893187
0.0094732
0.00316464
0.00341703
0.00372011
0.00425198
0.00527029
0.00702993
0.0087615
0.00932707
0.00911476
0.00329757
0.00366484
0.00421954
0.0051576
0.00659293
0.00828879
0.00850831
0.00789728
0.00785514
0.00381855
0.00419444
0.00480675
0.00571968
0.0067169
0.00551406
0.00447623
0.00539475
0.00691691
0.0086534
0.0173848
0.0217146
0.0168879
0.0117829
0.00958692
0.00933718
0.0092796
0.00878604
0.00826347
0.00812824
0.00939981
0.00948966
0.0186122
0.0207206
0.0159292
0.0114879
0.00957106
0.00909056
0.00881398
0.008564
0.00867892
0.00907251
0.00910635
0.00904109
0.0108322
0.0192806
0.0195489
0.0149103
0.0109559
0.00914105
0.00850909
0.00827888
0.00840282
0.00905356
0.00972428
0.00999551
0.00953498
0.00902356
0.0128015
0.0192107
0.018294
0.0138187
0.0102534
0.00852828
0.00788754
0.0078115
0.00828395
0.00928394
0.0099944
0.0123476
0.0108423
0.0097278
0.00945592
0.0144833
0.0186076
0.0168767
0.012741
0.00958327
0.0080129
0.0074441
0.00751408
0.00819773
0.00932172
0.00997295
0.00218525
0.00241249
0.00272466
0.00312881
0.00305773
0.00270177
0.00290001
0.00342043
0.00385043
0.00421372
0.00453068
0.00479075
0.00499851
0.00521418
0.0138715
0.0131513
0.0110251
0.00913026
0.0101743
0.0152291
0.0175791
0.0154602
0.0118934
0.00927347
0.00797344
0.00751234
0.00759586
0.00824699
0.00928003
0.0097374
0.00535233
0.0135763
0.0135283
0.0128255
0.0108022
0.00928403
0.0109385
0.0150832
0.0161575
0.0142956
0.0116568
0.00986936
0.0090047
0.00858518
0.00845112
0.0086899
0.00928931
0.00936436
0.00533357
0.0154711
0.0124663
0.0124956
0.0119158
0.0105408
0.0101349
0.0122854
0.0149841
0.0153117
0.0140693
0.0127224
0.0119406
0.0114961
0.0109861
0.0103504
0.00982037
0.00962406
0.00914909
0.00521882
0.0170664
0.0148041
0.0126934
0.0131977
0.013259
0.0125053
0.012817
0.0148663
0.0162251
0.0159987
0.0155553
0.0151919
0.0150144
0.0147004
0.0139837
0.0128483
0.0114889
0.0100971
0.00898595
0.00487057
0.0185414
0.021503
0.0228142
0.0232575
0.0233019
0.0228037
0.0220238
0.0215435
0.020837
0.0198316
0.0187092
0.0176981
0.0170647
0.0166286
0.016144
0.0152492
0.0139973
0.012166
0.00987518
0.00780842
0.00416764
0.0133072
0.014995
0.0161204
0.0164694
0.0162565
0.0160821
0.0157716
0.0152613
0.0148273
0.0142806
0.0136268
0.012892
0.012135
0.0114367
0.0107634
0.0101216
0.00940615
0.00858638
0.00763334
0.00659839
0.00544545
0.00338219
0.0158193
0.0227064
0.0164776
0.00937012
0.0100391
0.0103097
0.00582441
0.00625886
0.00666693
0.00717058
0.0042112
0.00447391
0.00486481
0.00554879
0.00663235
0.00346349
0.00365536
0.0039825
0.00468443
0.0060093
0.00769271
0.0208975
0.0228088
0.016338
0.010381
0.00783586
0.00784277
0.0088026
0.00875265
0.021465
0.0221629
0.015712
0.0103875
0.00846811
0.00859379
0.00897187
0.00309925
0.00328287
0.00358604
0.00425749
0.00562318
0.0076443
0.00872094
0.00884669
0.00854881
0.00319468
0.00353047
0.00416596
0.00531825
0.00709726
0.00822408
0.00782928
0.00748852
0.00774651
0.00348502
0.00389386
0.00465767
0.00584349
0.00608468
0.00453371
0.00463391
0.00599433
0.00726153
0.00784235
0.0102388
0.0218714
0.0211347
0.0149231
0.0103048
0.00875646
0.00869223
0.00864518
0.0083143
0.00814552
0.00830577
0.00841011
0.00812844
0.0130222
0.0216727
0.0198511
0.0140249
0.010013
0.00859765
0.00830346
0.00818162
0.00817372
0.00858234
0.00912632
0.0100364
0.00878514
0.00864684
0.0155705
0.0212516
0.0184844
0.013049
0.00950695
0.00814636
0.00776135
0.00774181
0.00811084
0.00898691
0.00970973
0.0129688
0.0104892
0.00819459
0.00934018
0.0171435
0.0203924
0.0170003
0.0120466
0.00892259
0.00764244
0.00727314
0.0074166
0.00809907
0.00923447
0.0099282
0.0140008
0.0131915
0.0103242
0.00815966
0.0104749
0.017862
0.0191747
0.0155183
0.0111676
0.00848671
0.0073438
0.00703321
0.00728759
0.00811126
0.00928466
0.00987751
0.00206992
0.00233401
0.00273309
0.00304224
0.00272266
0.0026778
0.00308988
0.00348942
0.00386531
0.0042087
0.00450084
0.00475611
0.00495701
0.00515792
0.0133062
0.0135564
0.0123916
0.00956966
0.00868344
0.0121998
0.0176741
0.0176525
0.0142325
0.0106801
0.0085568
0.00764066
0.00737232
0.00755898
0.00825276
0.0092531
0.00961343
0.00527999
0.0157109
0.0122996
0.0123401
0.0115717
0.00975341
0.00961628
0.0133821
0.0165395
0.016066
0.0134469
0.0110306
0.00969496
0.00906748
0.00872704
0.00857546
0.00877782
0.00928457
0.00924433
0.00524507
0.0174659
0.0140267
0.0113114
0.0118078
0.0116511
0.0105476
0.0112436
0.0139918
0.0155426
0.0152228
0.0137797
0.0127774
0.0122677
0.0118623
0.011272
0.0105327
0.00991117
0.00962346
0.00902594
0.00510234
0.0163575
0.0175121
0.013643
0.0124074
0.0133582
0.0135243
0.0131956
0.0145034
0.0159157
0.0163354
0.0159893
0.0156461
0.015544
0.0154424
0.0150481
0.014189
0.0129257
0.0114698
0.00999684
0.00882222
0.00476754
0.0176642
0.0201431
0.0225915
0.0234632
0.0234376
0.0231999
0.0227103
0.0219109
0.0211182
0.0201049
0.0190553
0.0180983
0.0173936
0.0170615
0.0166981
0.0162002
0.0152164
0.0138707
0.0119537
0.00963518
0.00753364
0.00407003
0.0125186
0.0141696
0.0156174
0.0164384
0.0165031
0.0161577
0.0159061
0.0155733
0.0150962
0.014546
0.0138907
0.0132014
0.0125064
0.0117985
0.0111687
0.0105514
0.00992873
0.00921803
0.0083895
0.007448
0.00642641
0.00529245
0.00332724
0.0205776
0.0128078
0.013815
0.0237109
0.0216503
0.0141434
0.00742291
0.00808158
0.00846879
0.00868872
0.00478847
0.00510864
0.0054567
0.00590798
0.00655702
0.00366087
0.00382755
0.00407503
0.00455586
0.00545573
0.00669354
0.00313641
0.00325354
0.00342555
0.00384181
0.00481272
0.0064466
0.0079443
0.0116592
0.0243765
0.0214404
0.0139268
0.00885812
0.0073089
0.00774117
0.00853382
0.00732435
0.0147221
0.0242819
0.0204944
0.0133676
0.00897139
0.00784835
0.0081701
0.00840705
0.00297282
0.00312404
0.00348654
0.00439548
0.00626455
0.00796966
0.00843628
0.00828411
0.00804673
0.00303687
0.00339251
0.00420228
0.00571751
0.00748853
0.00774231
0.00721049
0.00727037
0.00760483
0.00317883
0.00369121
0.00470872
0.00583693
0.00480856
0.00424441
0.00520742
0.00638798
0.00747219
0.00715284
0.00790703
0.017378
0.0236916
0.0193122
0.0126689
0.00892736
0.00797612
0.00803027
0.0080391
0.00789655
0.00802516
0.00839771
0.00959878
0.007098
0.00860798
0.0192522
0.0228119
0.0179438
0.0118711
0.00865556
0.0077305
0.00760633
0.00762285
0.00783348
0.00849569
0.00912336
0.0131056
0.00949804
0.00734786
0.0101195
0.0203982
0.021631
0.0164836
0.011023
0.00822728
0.00731785
0.00714319
0.00730018
0.00788001
0.00893254
0.0096557
0.0142339
0.0126955
0.00881848
0.00787154
0.012825
0.020661
0.0201216
0.0149977
0.0102267
0.00781084
0.00695421
0.00680366
0.00712088
0.00796818
0.0091893
0.00982925
0.0130001
0.01335
0.0116889
0.0088362
0.00857005
0.0152296
0.0200995
0.0183944
0.0136529
0.00966637
0.00764275
0.00688344
0.00676619
0.00715057
0.00806381
0.00924326
0.00975345
0.00197268
0.00233023
0.00284318
0.00280964
0.00254155
0.00273702
0.00314517
0.00351315
0.00386181
0.00418291
0.00447137
0.0047182
0.0049103
0.00509306
0.0151273
0.0119887
0.0122205
0.011227
0.00936117
0.00996582
0.0163463
0.0188516
0.0166936
0.012717
0.0096465
0.00810684
0.00749697
0.00735255
0.00757923
0.00827987
0.00922199
0.00947609
0.005201
0.0192139
0.0138825
0.0110788
0.0116468
0.0113889
0.0101625
0.0121438
0.016069
0.0171003
0.0153289
0.0125524
0.0106514
0.00973563
0.00926229
0.008914
0.00871701
0.00886663
0.00927811
0.00915166
0.00515398
0.0167052
0.0174325
0.0123253
0.0108573
0.0118899
0.0120469
0.0117459
0.0135002
0.0153022
0.0157659
0.0148494
0.0136952
0.0130312
0.0126862
0.0122356
0.0115306
0.0106843
0.0099782
0.00960403
0.00890116
0.00499152
0.0150198
0.0173564
0.0170308
0.0126889
0.0125205
0.0138407
0.0146406
0.0148844
0.0158282
0.0164125
0.0163095
0.0160524
0.0159658
0.0160104
0.0158727
0.0153399
0.0143242
0.0129309
0.011407
0.00987983
0.00863757
0.00466944
0.0171779
0.0192293
0.0215385
0.0233925
0.0235658
0.0231091
0.0228179
0.0222489
0.0213749
0.0203643
0.0192968
0.0183973
0.0176999
0.0173149
0.017109
0.0167983
0.01621
0.0151257
0.0136923
0.0117077
0.0093749
0.00725457
0.00397024
0.0117368
0.0134154
0.0149004
0.016189
0.0166302
0.0163525
0.0159389
0.0156227
0.0152134
0.0147094
0.0141135
0.0134539
0.0127944
0.0121188
0.0115059
0.0109351
0.010352
0.00973496
0.00901774
0.00817974
0.00725021
0.00624658
0.00513251
0.00326491
0.0169265
0.0236142
0.0183814
0.00995647
0.0110356
0.0115649
0.0209547
0.0247651
0.0190472
0.0116712
0.00582294
0.00633926
0.00675409
0.00705476
0.00734275
0.00399622
0.00420811
0.00446276
0.00482969
0.00540397
0.00618695
0.00325287
0.00335208
0.00348992
0.00378033
0.00444366
0.00557008
0.00680129
0.00296684
0.00304375
0.00324184
0.0038435
0.00519036
0.00687529
0.00791279
0.00763201
0.0215964
0.0248204
0.0187749
0.0114373
0.00762648
0.00691583
0.00754579
0.00809588
0.00653952
0.0086945
0.0225024
0.0242128
0.0178518
0.0109921
0.00780834
0.00730519
0.0076869
0.00784368
0.00281654
0.00296791
0.00348383
0.00483229
0.00689876
0.00788456
0.0079718
0.00776445
0.00758562
0.00285826
0.00331203
0.00439723
0.00630453
0.00736748
0.00709278
0.00686027
0.0070844
0.00743958
0.00293655
0.00367452
0.00503504
0.00526205
0.00413183
0.00442172
0.00557954
0.00663654
0.00759708
0.00877607
0.0067067
0.0102261
0.0232091
0.0232743
0.0166417
0.0104368
0.00778124
0.00729027
0.00741609
0.00746892
0.00750516
0.00790573
0.00841917
0.0126715
0.00838245
0.00715134
0.0136552
0.0233763
0.0219198
0.0152732
0.00980568
0.00754706
0.00701225
0.00700839
0.00713761
0.0075425
0.0084155
0.00909023
0.0143665
0.0119132
0.00838943
0.0078552
0.0168848
0.0230698
0.020294
0.0138833
0.00917071
0.00722583
0.00667212
0.00664646
0.00694171
0.00769567
0.00887515
0.00955728
0.0129349
0.0132787
0.0113853
0.00868613
0.00958972
0.0188675
0.022084
0.0184354
0.012603
0.00865888
0.00698991
0.00645694
0.00645929
0.00690457
0.00787009
0.00912905
0.00969953
0.0139661
0.0119096
0.0122626
0.0112006
0.00932299
0.0129428
0.0195485
0.0205205
0.0165689
0.0116373
0.00846971
0.00708165
0.00660781
0.00661618
0.00707821
0.00803495
0.00918866
0.00960341
0.00193751
0.00236964
0.0027844
0.00254514
0.00251594
0.00282092
0.00316207
0.00350982
0.00384307
0.00415399
0.00443714
0.00467702
0.00485483
0.00502483
0.0196568
0.012896
0.0110065
0.0118518
0.0114456
0.010846
0.0151753
0.0190031
0.0186587
0.015055
0.0112624
0.00894416
0.00791336
0.00750496
0.00739936
0.00764424
0.00831567
0.00918239
0.00934467
0.00511585
0.0188836
0.0182161
0.011926
0.0106792
0.0117815
0.0120178
0.0127522
0.015588
0.017484
0.0168332
0.0142334
0.0118745
0.0105724
0.00993379
0.00951327
0.00911827
0.00885796
0.00894137
0.00926617
0.00905127
0.00506508
0.0146664
0.017463
0.0165512
0.0109284
0.0109805
0.0125493
0.0134473
0.0138914
0.0151735
0.0159556
0.0157012
0.0146012
0.0138101
0.01345
0.0131294
0.0125727
0.0117401
0.0107935
0.0100166
0.00955223
0.00877197
0.00488278
0.014038
0.0162474
0.0180138
0.0160234
0.0126031
0.0131118
0.0149874
0.015794
0.0161019
0.0164907
0.0165883
0.0163698
0.0163251
0.0164385
0.016506
0.0162495
0.0155443
0.0143709
0.0128985
0.0113011
0.00974161
0.00843086
0.00457361
0.0167205
0.0186617
0.0207246
0.0228577
0.0237981
0.0231372
0.0226398
0.0221893
0.0214756
0.0205185
0.0195085
0.0186404
0.0179291
0.0175344
0.0173574
0.017247
0.0168861
0.0161822
0.0149695
0.013458
0.0114295
0.00909995
0.00697324
0.00386475
0.0106849
0.0126292
0.0141948
0.0155795
0.0165338
0.0165695
0.0160902
0.0156495
0.0152249
0.0147598
0.0142154
0.0136328
0.0130219
0.0123734
0.011817
0.0112531
0.0107169
0.0101519
0.00953098
0.00880279
0.00795287
0.00704207
0.00605847
0.00496986
0.00320223
0.0205914
0.013234
0.0148512
0.0238513
0.0226819
0.0157132
0.00756889
0.0084561
0.00908109
0.00934151
0.0136223
0.0247861
0.0237158
0.0159893
0.00936529
0.00460041
0.00495943
0.00530761
0.00563489
0.00597961
0.00637606
0.00342855
0.00355098
0.00371481
0.00397414
0.00443028
0.00516517
0.00599566
0.00301737
0.00308072
0.00322693
0.00364433
0.00453867
0.00580132
0.00682246
0.00279048
0.00285303
0.0031453
0.00404896
0.00570542
0.00713791
0.00767796
0.00692272
0.0142781
0.0254251
0.0235165
0.0155713
0.00920701
0.00674285
0.00660781
0.00725832
0.00759507
0.00862718
0.0069798
0.0167757
0.0255303
0.0225252
0.0146597
0.0089252
0.00693649
0.00682816
0.00718033
0.00728898
0.00264588
0.00285206
0.00362441
0.00554138
0.00714601
0.00755656
0.00745949
0.00728046
0.00716204
0.00269112
0.00335293
0.00492726
0.00665703
0.00687345
0.00653109
0.00661582
0.00688463
0.00728124
0.00280738
0.00382329
0.00502199
0.00420778
0.0040313
0.00483534
0.00583197
0.00678955
0.00765324
0.0123713
0.00817835
0.00782255
0.0195294
0.0251615
0.021139
0.013527
0.00855051
0.00690559
0.00671237
0.00685636
0.00694588
0.00714766
0.00778755
0.00840042
0.0143703
0.0117364
0.00836317
0.00954058
0.0213631
0.0243759
0.019424
0.0123332
0.00812561
0.00671713
0.0064404
0.00649828
0.00671341
0.00728811
0.00833264
0.00899963
0.0130048
0.013369
0.0114349
0.00892183
0.013467
0.0224861
0.0229756
0.0175573
0.0112243
0.00773259
0.00650557
0.00618722
0.00625064
0.00664779
0.00753857
0.00879731
0.00942009
0.0125068
0.0119714
0.0128373
0.0116478
0.0105309
0.0168874
0.0224725
0.0212402
0.015692
0.0103485
0.00750836
0.00644133
0.00612104
0.00621798
0.00674754
0.00778594
0.00904208
0.00954146
0.0189699
0.0114891
0.0112149
0.0124601
0.0122925
0.0135631
0.0185997
0.0213671
0.0192093
0.0141486
0.00989901
0.007674
0.00677228
0.00648139
0.00655535
0.00705323
0.00801299
0.00911551
0.00944252
0.00194898
0.00258824
0.00256742
0.00234889
0.00252363
0.00283824
0.00315953
0.00349133
0.00381383
0.0041217
0.00439695
0.004627
0.00479503
0.0049541
0.0205951
0.0180387
0.0106181
0.0108133
0.0125101
0.0137168
0.0155518
0.0187583
0.0196083
0.0172015
0.013218
0.0101654
0.00859982
0.00792186
0.00759792
0.00750935
0.00773043
0.00835097
0.00913812
0.00921227
0.00503207
0.0160762
0.0194117
0.016538
0.0105187
0.0108702
0.0130566
0.0144764
0.0158619
0.0175287
0.0176249
0.0157432
0.0132528
0.0115537
0.010703
0.0102306
0.00978369
0.00931716
0.00898817
0.00900132
0.0092402
0.00894596
0.00497453
0.013065
0.0158421
0.0178451
0.0149173
0.0108503
0.0118394
0.0139538
0.0148973
0.0154363
0.0160446
0.016183
0.0154089
0.0146232
0.0141684
0.0139328
0.0135407
0.0128461
0.0118896
0.0108625
0.0100175
0.00948265
0.00862983
0.00477875
0.0134257
0.015164
0.0173679
0.0182431
0.0153042
0.0129499
0.0146061
0.0160377
0.0165753
0.016688
0.0167616
0.0166427
0.0166232
0.0167865
0.0169827
0.0169641
0.0165337
0.0156483
0.0143463
0.0127932
0.0111547
0.00958044
0.00821107
0.00447207
0.0152633
0.0179666
0.0200076
0.0221073
0.0236259
0.0235164
0.022628
0.0220238
0.0213467
0.0205365
0.0196045
0.0187833
0.0181237
0.0176898
0.0175705
0.0175175
0.0173969
0.0169032
0.0160708
0.0147465
0.013172
0.011119
0.00880953
0.00669255
0.00376081
0.00946544
0.0115005
0.0133774
0.0149314
0.0160747
0.0165162
0.0162782
0.0157874
0.015243
0.0147502
0.0142372
0.0137093
0.013166
0.0125797
0.0120598
0.0115162
0.0110088
0.0105094
0.00994227
0.00931199
0.00857185
0.00771809
0.00682417
0.00586451
0.00480279
0.00313169
0.0165918
0.0225879
0.0187023
0.0100308
0.0114306
0.0124157
0.0216872
0.0248091
0.0200803
0.0128174
0.00568972
0.00633988
0.00689337
0.00726163
0.00744222
0.0100463
0.0228812
0.0257847
0.0207287
0.0127763
0.00751885
0.0037401
0.00395782
0.00421346
0.00449928
0.00484752
0.00528906
0.00577669
0.00309946
0.00318834
0.00334584
0.0036662
0.0042865
0.00511675
0.00589314
0.00280733
0.00285619
0.00306304
0.00366875
0.00480215
0.0060142
0.00673562
0.00261547
0.00270297
0.00317967
0.0045013
0.00614005
0.00709716
0.00727696
0.00931847
0.00969502
0.0238813
0.0259197
0.0203464
0.01227
0.00749974
0.00615244
0.00633762
0.00688562
0.00707188
0.0124405
0.00889458
0.0119336
0.0246354
0.0254695
0.0192147
0.0114735
0.00738708
0.00631632
0.00640357
0.00667776
0.00673974
0.00248052
0.00283559
0.00411961
0.00614666
0.00701279
0.00711271
0.00697438
0.00682187
0.00674261
0.0026009
0.00358623
0.00555228
0.00649899
0.00630411
0.00619598
0.00638016
0.00667923
0.00711823
0.00284125
0.00436906
0.00447724
0.00369518
0.00416418
0.00509996
0.00600417
0.00687034
0.00764598
0.0149606
0.0122275
0.00909245
0.0154049
0.025218
0.0245964
0.0176589
0.0105838
0.00718939
0.00627731
0.00622989
0.00634414
0.0064597
0.00681497
0.00766572
0.00832269
0.0134261
0.0142208
0.0121172
0.0105041
0.0188087
0.0251588
0.0230687
0.0159004
0.0097335
0.00695104
0.00613497
0.00599008
0.00606156
0.00633917
0.00705798
0.00822929
0.00885735
0.0116493
0.0125054
0.0135956
0.0125918
0.014015
0.020973
0.0243912
0.0210552
0.0141819
0.00903698
0.00676459
0.00602317
0.00583501
0.00594132
0.00640836
0.00739534
0.0086891
0.00924691
0.0157069
0.0104847
0.0117999
0.0135296
0.0144379
0.0171105
0.0219853
0.0229312
0.0187337
0.0127357
0.00862456
0.00677878
0.00611308
0.00591857
0.00606462
0.00663924
0.00770653
0.00893354
0.00936971
0.0212292
0.0154845
0.00994365
0.0114008
0.0142917
0.0161452
0.0186734
0.0215021
0.0209163
0.0166778
0.0118129
0.00868611
0.00724689
0.00665969
0.0064697
0.0065653
0.00706252
0.00799437
0.00903077
0.00927585
0.00204555
0.00253786
0.00232729
0.00229987
0.00253237
0.00282832
0.0031454
0.0034605
0.00378343
0.00408263
0.00434996
0.00457075
0.00473189
0.00488395
0.0181356
0.0204521
0.0148949
0.0100259
0.0115543
0.0151891
0.0169639
0.0188204
0.0199604
0.0186702
0.0151565
0.0116719
0.00954311
0.00854636
0.0080462
0.00776595
0.00765088
0.007829
0.0083858
0.00908744
0.00908142
0.00494637
0.0136348
0.0174985
0.0191646
0.0143286
0.0106053
0.0125523
0.0153136
0.0166682
0.0176625
0.0179686
0.0168462
0.0145787
0.012651
0.0115788
0.0110051
0.0105613
0.0100441
0.0094985
0.00910287
0.0090441
0.00920179
0.00883072
0.00488848
0.0119845
0.0142831
0.0168722
0.0177251
0.0138283
0.0115831
0.013646
0.015257
0.0159417
0.0162304
0.0164135
0.0160126
0.0153404
0.0148443
0.0146558
0.0144066
0.0138827
0.0130435
0.0119803
0.0108848
0.0100002
0.00939212
0.00847776
0.00467057
0.0128164
0.0143702
0.0162913
0.0180705
0.0180624
0.0152493
0.0145789
0.0158812
0.0166821
0.0169047
0.0169103
0.0168105
0.0168692
0.0170689
0.0173648
0.0175122
0.0173313
0.0167039
0.0156407
0.0142449
0.012632
0.0109674
0.00939646
0.00797871
0.00437153
0.0129456
0.0165659
0.019091
0.0212748
0.0230143
0.0235989
0.0228664
0.0220339
0.0212014
0.0204087
0.0196013
0.0188553
0.0182387
0.0178261
0.017718
0.0177509
0.0177502
0.0175202
0.0168664
0.0158781
0.0144559
0.0128309
0.0107774
0.00850762
0.00641399
0.00365154
0.0080535
0.010172
0.0122156
0.0140571
0.0154679
0.0162344
0.0163167
0.0159469
0.015362
0.0147595
0.0142202
0.0137272
0.0132233
0.0127122
0.0122369
0.0117169
0.0112428
0.010775
0.0102891
0.00972343
0.00907464
0.0083249
0.0074756
0.00659883
0.00566447
0.00463478
0.0128243
0.0192573
0.0147634
0.0228685
0.0217747
0.0161894
0.00738585
0.00846593
0.00934879
0.00987483
0.0186621
0.02459
0.02362
0.0169341
0.00999724
0.00433845
0.00476119
0.00519432
0.00556273
0.0058506
0.00607979
0.0109039
0.0192925
0.0256194
0.0245178
0.0170633
0.00982911
0.00626607
0.00328573
0.0034503
0.00366663
0.00396327
0.00438598
0.00492795
0.00543779
0.0028372
0.00291463
0.00310573
0.00356802
0.00430782
0.00516958
0.00580786
0.00262255
0.00268908
0.00302299
0.00387581
0.00511825
0.00609503
0.00650949
0.00245265
0.0026258
0.00342649
0.0050385
0.00636925
0.00686499
0.00680927
0.0133954
0.0107939
0.0203524
0.0262083
0.0243496
0.0164017
0.00941272
0.00638154
0.00577463
0.00606735
0.00645639
0.00652307
0.01606
0.013032
0.0123
0.0217138
0.026344
0.0233563
0.015184
0.00887528
0.00640027
0.00589074
0.00601859
0.00617843
0.00620379
0.0023555
0.00296907
0.00486504
0.00631488
0.00670101
0.00664967
0.00649409
0.00635879
0.00633395
0.00263963
0.00425656
0.00581146
0.00604958
0.00584923
0.0059266
0.00612871
0.00646569
0.0069459
0.0031597
0.00430783
0.00370292
0.00371516
0.0044301
0.00527472
0.00611116
0.00687783
0.00759127
0.01401
0.0152944
0.0134586
0.0152948
0.0233193
0.0259673
0.0216902
0.0137309
0.00833081
0.00632615
0.00584337
0.00582507
0.00587758
0.00600918
0.00650328
0.00752562
0.00818142
0.0114188
0.0132305
0.0149524
0.0151798
0.0184033
0.024497
0.0249575
0.019598
0.012291
0.00786198
0.00621793
0.00574467
0.00564266
0.00569872
0.00601906
0.00684769
0.00809494
0.00867906
0.0116446
0.0102541
0.012639
0.0154388
0.0172004
0.0206363
0.0244978
0.0233458
0.0173677
0.0110762
0.00755348
0.00618043
0.00572594
0.00559774
0.00571897
0.00622574
0.00726345
0.00855495
0.00905166
0.0211187
0.0117241
0.00978393
0.0124011
0.0164617
0.018776
0.0218189
0.023486
0.0211537
0.0153491
0.0102689
0.00753089
0.0063843
0.00595346
0.00583022
0.0059938
0.00657823
0.00763482
0.00881261
0.00919221
0.0205362
0.020658
0.012134
0.00996229
0.0134052
0.0173107
0.0195575
0.0214581
0.0216302
0.0187103
0.0138846
0.0100516
0.00800959
0.00710151
0.00668523
0.00653848
0.00663267
0.00710454
0.00798226
0.00894206
0.00911225
0.00234834
0.00233141
0.00213949
0.00227601
0.00252579
0.00280884
0.00311325
0.0034316
0.00374462
0.00403799
0.0042975
0.00450892
0.00466915
0.00481155
0.0150723
0.0196167
0.0194946
0.0126081
0.0105957
0.0148268
0.0177053
0.0192388
0.0200489
0.0195742
0.0167085
0.0132411
0.0106849
0.009342
0.00866708
0.00827091
0.00797042
0.00781287
0.00793523
0.00841945
0.00903256
0.0089475
0.00486392
0.012098
0.0152418
0.0183531
0.0181399
0.0134034
0.012125
0.0152706
0.0170937
0.0179014
0.0181007
0.0175197
0.0156506
0.0137366
0.0124924
0.0118074
0.0113776
0.0108841
0.0102788
0.00965685
0.00919831
0.00907278
0.00914897
0.0087114
0.00479754
0.011409
0.0131363
0.0154561
0.017405
0.0172238
0.0140585
0.0136345
0.0151641
0.0161014
0.0164415
0.0165604
0.0163801
0.0159094
0.0154737
0.0153161
0.0151736
0.0148165
0.0141366
0.0131624
0.0120125
0.0108732
0.00995154
0.00928158
0.00831236
0.00456702
0.0120358
0.0136037
0.0152988
0.0171736
0.0182157
0.0177413
0.0158895
0.0159425
0.0165724
0.016925
0.0170091
0.016959
0.0170384
0.0173026
0.0176713
0.0179488
0.0179583
0.0175797
0.0167442
0.0155682
0.0140679
0.0124236
0.0107444
0.0091941
0.0077434
0.00426318
0.0112475
0.0141057
0.0176031
0.0201646
0.0222081
0.0233411
0.0232438
0.0222517
0.0212206
0.0203056
0.0195172
0.018872
0.0183062
0.017916
0.0178516
0.017908
0.0180475
0.0179583
0.0175322
0.0167308
0.0156025
0.0141062
0.0124429
0.0104121
0.00819605
0.00613811
0.00481715
0.00876425
0.0107511
0.0129152
0.0146007
0.0157003
0.0161822
0.0159803
0.0154991
0.0148452
0.0142323
0.0137182
0.0132356
0.0127734
0.0123388
0.0118653
0.0114199
0.0110024
0.0105666
0.0100671
0.0094839
0.00881812
0.00806082
0.00722415
0.0063661
0.00546172
0.00954991
0.0153859
0.0111261
0.0205239
0.0177584
0.0124143
0.0210075
0.0230395
0.0196353
0.0132216
0.00536025
0.00611021
0.0068195
0.00734211
0.00762413
0.0154415
0.0224211
0.0247884
0.0207967
0.0134489
0.00768177
0.0037
0.00400403
0.00432021
0.0046305
0.00494344
0.00525777
0.0142794
0.0162956
0.0237698
0.0258038
0.021176
0.013178
0.00759056
0.00554518
0.00294899
0.0030933
0.00331516
0.00368552
0.00422032
0.00479363
0.00526698
0.00263364
0.00272777
0.00302694
0.00360444
0.00444814
0.00522985
0.00568385
0.00246604
0.0026005
0.00311729
0.00420856
0.00536105
0.00603378
0.0061757
0.00231925
0.00266548
0.00390943
0.00544326
0.0063201
0.00648479
0.00629171
0.0177335
0.0151007
0.0179017
0.0249527
0.026097
0.0205627
0.0124075
0.00738993
0.00574462
0.00553406
0.00578428
0.00599064
0.00595805
0.0148217
0.017052
0.0162894
0.020114
0.0257939
0.0257407
0.0191574
0.0113731
0.00713784
0.00582217
0.00559914
0.00566848
0.00569797
0.0056899
0.00232259
0.00349677
0.00539686
0.00617324
0.00628785
0.00618106
0.00601176
0.00588708
0.00594116
0.00292557
0.00484992
0.00565825
0.00553489
0.00552936
0.00565063
0.00587043
0.00623791
0.00676281
0.0037524
0.00375601
0.00335359
0.00385057
0.00462168
0.00539643
0.00614141
0.00684197
0.00745177
0.0113687
0.0141071
0.0170054
0.0180581
0.0221997
0.0260284
0.0245517
0.0172944
0.0103256
0.00689455
0.00581662
0.00554989
0.00549589
0.00547685
0.00561665
0.00622268
0.00736308
0.00800025
0.00951516
0.0102449
0.0137396
0.0177128
0.0199418
0.0237828
0.0254787
0.0225252
0.0153004
0.0094356
0.00671948
0.00579319
0.00549966
0.00539603
0.00542872
0.00577271
0.006665
0.00794031
0.00847867
0.018008
0.00944353
0.00992747
0.0142447
0.0187324
0.0214338
0.024215
0.024186
0.0199936
0.0135028
0.00882773
0.00669274
0.00586933
0.00557203
0.00546993
0.00559133
0.00610874
0.00715037
0.00840673
0.00884749
0.0219594
0.0188198
0.0100105
0.0102664
0.0158248
0.0196844
0.0220422
0.0234192
0.0222939
0.0176279
0.0121959
0.00862499
0.00695283
0.00623347
0.00592302
0.00584087
0.00600188
0.00656823
0.00757783
0.00868954
0.00901759
0.0170842
0.0213266
0.0189683
0.0111478
0.0118513
0.0171639
0.019975
0.0215152
0.0217983
0.0199575
0.0157052
0.0115861
0.00900321
0.00774706
0.00714295
0.00681573
0.00667972
0.00675272
0.0071759
0.00798263
0.0088554
0.00894947
0.00230147
0.00208423
0.00205588
0.00224971
0.00250369
0.00277904
0.00308197
0.00339417
0.00370133
0.00398922
0.0042393
0.00444726
0.00460422
0.00474266
0.0129542
0.0170826
0.0199746
0.0182147
0.0128971
0.0141641
0.0176963
0.0194115
0.0200331
0.019787
0.0177367
0.014606
0.0118935
0.0102588
0.00941284
0.00892712
0.00853799
0.00819393
0.00798539
0.00804606
0.00845176
0.00897274
0.00881637
0.0047772
0.011408
0.0137124
0.016548
0.0183048
0.017256
0.0140791
0.0152081
0.0171179
0.0179573
0.0181124
0.0177842
0.0163675
0.0146695
0.0133819
0.0126336
0.0121976
0.0117553
0.0111748
0.0104794
0.00978868
0.00927508
0.00908395
0.00908338
0.00857622
0.00470942
0.0111639
0.0124738
0.0142902
0.0162556
0.0173311
0.0167697
0.0150474
0.0152323
0.0160151
0.0164655
0.0166419
0.0165678
0.0163058
0.01601
0.015913
0.0158608
0.0156447
0.0151326
0.0142961
0.0132104
0.0119979
0.0108231
0.00987597
0.00915174
0.00813841
0.00445593
0.0111968
0.0128862
0.0143839
0.0161379
0.0176264
0.0180463
0.0175595
0.0166332
0.0165837
0.0168346
0.0169783
0.0170423
0.0171831
0.017483
0.0179236
0.0182987
0.0184716
0.0182873
0.0176893
0.0167007
0.0153886
0.013832
0.0121731
0.0105
0.00897557
0.00749974
0.00600491
0.0123719
0.0150576
0.0184148
0.0210102
0.0226331
0.0231441
0.0225827
0.0214215
0.0203367
0.0194864
0.0188487
0.0183309
0.0179884
0.0179465
0.0180504
0.0182601
0.0183268
0.0180797
0.0174827
0.0164952
0.0152523
0.013705
0.0120205
0.0100293
0.00788014
0.00515684
0.00929103
0.0112838
0.0134524
0.0149158
0.0156899
0.0158953
0.0155172
0.0149686
0.0143105
0.0137299
0.0132326
0.0127972
0.0123855
0.0119543
0.0115529
0.0111797
0.0107954
0.0103441
0.00983108
0.00922362
0.00854383
0.00778345
0.00696416
0.00612966
0.00682246
0.0118272
0.00799132
0.0172575
0.0138523
0.00905409
0.0205479
0.0198979
0.0155385
0.00980953
0.018761
0.0226916
0.0220902
0.0167029
0.0101689
0.00445028
0.00496465
0.00542499
0.0057724
0.00600301
0.0166726
0.0204059
0.0242856
0.0234686
0.0171577
0.010117
0.00613627
0.00323619
0.0034794
0.00376147
0.00408374
0.00445714
0.0048546
0.0196613
0.0177182
0.0219869
0.0255332
0.0240866
0.0169158
0.0097579
0.00619712
0.00519356
0.00271498
0.00286841
0.00316388
0.00362522
0.00421007
0.00477936
0.00518323
0.00248407
0.00264129
0.00304196
0.00376763
0.00461547
0.00524069
0.00550784
0.00234277
0.00259298
0.00337354
0.00454383
0.00544724
0.00581921
0.00576784
0.00224565
0.00292186
0.00442907
0.00563058
0.00607957
0.00602128
0.00572266
0.0153662
0.018971
0.0191154
0.023465
0.026242
0.0237211
0.0159232
0.00918033
0.0061913
0.00540776
0.005371
0.00549926
0.00551769
0.00540078
0.0115635
0.0151587
0.0190206
0.0207575
0.0248764
0.0262605
0.0223765
0.0144583
0.00855256
0.00614811
0.00550587
0.00539824
0.00536972
0.00527815
0.00524096
0.00245212
0.00425076
0.00550619
0.00586874
0.00585311
0.0056835
0.0054959
0.0054237
0.00559428
0.00367241
0.00499786
0.00525844
0.00516398
0.00523181
0.0053506
0.00559223
0.00600523
0.00656656
0.00365573
0.00318526
0.00338056
0.00402085
0.00475357
0.00545131
0.0061145
0.00671049
0.00726857
0.00906973
0.0108826
0.0153971
0.0197844
0.0224749
0.0256243
0.0255694
0.0203654
0.0128763
0.00800765
0.00609946
0.00553659
0.00536286
0.00525691
0.00518033
0.00532285
0.00599366
0.00719098
0.007796
0.0109543
0.00896152
0.0105832
0.0168939
0.020933
0.0236924
0.0253991
0.0240849
0.0180315
0.0114621
0.00762995
0.00610763
0.00557131
0.00536966
0.00525583
0.00527038
0.00561876
0.00652322
0.00777895
0.00827091
0.0221387
0.0139228
0.00952545
0.0115556
0.0185086
0.021843
0.0240236
0.0243306
0.0216971
0.0157737
0.0104295
0.00749808
0.00626312
0.00575017
0.00552315
0.00544541
0.00556078
0.00606343
0.00706606
0.00825822
0.00865222
0.0196502
0.0217226
0.0162983
0.0106838
0.0145481
0.0196189
0.02211
0.0232
0.0225771
0.0190906
0.0140218
0.00993324
0.00773145
0.00672869
0.00624984
0.00599662
0.00593169
0.00607527
0.0065997
0.00754476
0.00857475
0.00884776
0.0142125
0.0191782
0.0205863
0.0174656
0.0128413
0.0167992
0.0199388
0.0213961
0.0216567
0.0203293
0.0169609
0.0130212
0.0101168
0.00853959
0.00775637
0.00731596
0.00702501
0.00686717
0.00691138
0.00727422
0.00799288
0.00877276
0.00880611
0.00209217
0.00191132
0.00201444
0.0022209
0.00247072
0.00274634
0.00304411
0.00335185
0.0036557
0.00393547
0.00418092
0.00438417
0.0045415
0.00467179
0.0117892
0.015072
0.018302
0.0191608
0.0174172
0.0153467
0.0175882
0.0193022
0.0198455
0.0197273
0.0181371
0.0155814
0.0129955
0.0112158
0.0102411
0.00966871
0.00924196
0.00882089
0.00842363
0.00815996
0.00815738
0.00848122
0.00891027
0.00868043
0.0046937
0.0111787
0.0129553
0.0152007
0.0170768
0.0176593
0.0168208
0.0160906
0.0170842
0.017799
0.0179558
0.0177595
0.0166754
0.0153446
0.0141715
0.0134435
0.0130002
0.0126152
0.0120991
0.0114193
0.0106421
0.00989308
0.00933005
0.00907912
0.0090055
0.00843635
0.0107687
0.0123678
0.0136073
0.0152104
0.0165116
0.0169517
0.0165677
0.0158834
0.0159907
0.0163599
0.0165721
0.0166244
0.016539
0.0164064
0.0164271
0.0164719
0.0163834
0.016023
0.0153427
0.0143684
0.013195
0.0119349
0.0107348
0.00977022
0.00899935
0.00795385
0.00654594
0.0122644
0.0137225
0.0151894
0.0166795
0.0176531
0.0177051
0.017383
0.0168343
0.0167719
0.0168683
0.0170309
0.0172569
0.0176329
0.0181229
0.0185905
0.0188902
0.0188825
0.0184798
0.0176714
0.016541
0.0151368
0.0135448
0.0118878
0.0102387
0.00874133
0.00656828
0.0133041
0.0158941
0.0190706
0.0214981
0.0226129
0.0225701
0.0217163
0.0205593
0.0195737
0.0188632
0.0183504
0.0180464
0.0180275
0.0181657
0.0184433
0.0186081
0.0185339
0.0180612
0.0173015
0.0161698
0.0148362
0.013263
0.0115763
0.00963845
0.0053984
0.00976901
0.0116854
0.0137954
0.0149532
0.0155298
0.0154433
0.0149765
0.0144243
0.0137888
0.0132471
0.0128076
0.0124056
0.0120006
0.0116366
0.0113123
0.0109684
0.0105832
0.0101207
0.00957423
0.00894239
0.0082529
0.00749416
0.00669896
0.00858141
0.00558298
0.0138519
0.0101819
0.00637693
0.0182807
0.0162036
0.0116154
0.00703357
0.019275
0.0208671
0.0182025
0.0126518
0.00745293
0.0184173
0.0213013
0.0229473
0.0196821
0.0131747
0.0076187
0.00375851
0.00412537
0.00447018
0.00477829
0.00505062
0.0201211
0.019724
0.0230571
0.0243347
0.0203397
0.0130998
0.00756547
0.00528144
0.00293475
0.00316266
0.00346626
0.00386003
0.00430568
0.00473194
0.0157445
0.020208
0.0213153
0.024568
0.025188
0.0201757
0.0125249
0.00737607
0.00546071
0.00505339
0.00256865
0.00278556
0.00314258
0.0036877
0.00430142
0.00481981
0.00513327
0.0023865
0.00262783
0.00317673
0.0039893
0.00473832
0.00517532
0.00529943
0.00227843
0.00271268
0.00372276
0.0047714
0.00537529
0.00549238
0.00532614
0.00228005
0.00341495
0.00477783
0.00556533
0.00569841
0.00548706
0.00514467
0.0121432
0.0163332
0.0206939
0.0229813
0.0256384
0.025196
0.019109
0.0115616
0.00711992
0.00558078
0.0052534
0.00525588
0.00524383
0.00509948
0.00491565
0.00905394
0.0118988
0.0178459
0.0216735
0.0244585
0.0260515
0.0242559
0.017391
0.0104824
0.00687714
0.00564989
0.00535005
0.00526725
0.00515155
0.00497598
0.00491943
0.00300493
0.00468121
0.00536956
0.00548831
0.00537893
0.0051579
0.00497889
0.00502074
0.00533026
0.00418607
0.00487446
0.00483365
0.00485359
0.00491166
0.00503179
0.00530764
0.00577373
0.00637924
0.00316604
0.0030215
0.00350343
0.0041574
0.00482608
0.0054356
0.00599604
0.00652805
0.00706136
0.008731
0.00907586
0.0123675
0.019512
0.0228604
0.0252804
0.0256101
0.0223533
0.0154017
0.00952551
0.00670636
0.00570707
0.00539792
0.00526147
0.00511955
0.00501423
0.00515313
0.00583747
0.00702556
0.00758819
0.0200284
0.0102003
0.00953351
0.0150346
0.020834
0.0236759
0.0251002
0.0244868
0.0198925
0.013516
0.00883524
0.0066648
0.00582553
0.00549564
0.00532213
0.00521429
0.00522419
0.00556261
0.00643258
0.00762614
0.00807433
0.0224009
0.0210754
0.0131135
0.0114425
0.0178445
0.0217758
0.0237294
0.0241064
0.0223864
0.0174427
0.012058
0.00850634
0.0068322
0.0061117
0.00576313
0.00556845
0.00550324
0.00560885
0.00608151
0.00701863
0.00812398
0.00846964
0.0158814
0.0212104
0.020589
0.0161127
0.0151143
0.0193987
0.0219105
0.0228533
0.0223951
0.0197099
0.0153751
0.0112363
0.0086389
0.0073545
0.00672699
0.00637474
0.00615474
0.00608803
0.00621253
0.00668302
0.00753969
0.00847169
0.00868664
0.0123205
0.0165856
0.0198355
0.0193226
0.0174537
0.0172771
0.0198274
0.0210857
0.021315
0.0202419
0.0175265
0.0141077
0.0111889
0.00940055
0.00846229
0.00792725
0.00756821
0.00728006
0.00708875
0.00709515
0.00739078
0.00801656
0.00869759
0.00866483
0.0018279
0.00181301
0.00197665
0.00219167
0.0024336
0.00270921
0.00300316
0.00330934
0.00360745
0.00388219
0.00412181
0.00432439
0.00447701
0.00460465
0.0113239
0.0138782
0.0166985
0.0183378
0.0181839
0.0175116
0.0179059
0.019098
0.0194995
0.0194274
0.0180932
0.0160574
0.0138375
0.0121035
0.0110676
0.0104419
0.0100111
0.00957182
0.00909869
0.0086466
0.00832856
0.00826318
0.00850594
0.00884306
0.00854718
0.0107122
0.0127909
0.0146009
0.016126
0.0168128
0.016953
0.0168954
0.0171645
0.0175539
0.0177105
0.0174871
0.0166914
0.0157007
0.0147809
0.0141757
0.0137537
0.0134399
0.0130045
0.0123869
0.0116111
0.010764
0.00996661
0.00935961
0.00905581
0.00892023
0.0065185
0.0121266
0.0136211
0.014671
0.0156718
0.0162396
0.016443
0.016379
0.0161131
0.0162169
0.016388
0.0165
0.0166011
0.0166515
0.0168292
0.0169982
0.0170352
0.0168195
0.0162876
0.0154462
0.0143573
0.0131221
0.0118227
0.0106141
0.00963823
0.00884002
0.00727124
0.0132581
0.0146052
0.0158514
0.0168453
0.0174682
0.0173525
0.01705
0.0167859
0.0167729
0.0169791
0.0172904
0.0177303
0.0182857
0.0188268
0.0192416
0.019378
0.0191522
0.0185044
0.0175598
0.0162901
0.0148219
0.0132151
0.0115753
0.00996229
0.00705053
0.0141355
0.0166039
0.0195216
0.0215709
0.0222672
0.0217863
0.0208416
0.019826
0.0189617
0.0184181
0.0181253
0.0180976
0.0182727
0.0185912
0.0188466
0.0188794
0.018573
0.0179561
0.0170053
0.0157632
0.0143695
0.0127913
0.0111183
0.00563054
0.0101231
0.0119492
0.0139058
0.0148785
0.0151207
0.014916
0.0144221
0.0138937
0.0133049
0.0128242
0.0124239
0.0120285
0.0116867
0.0114001
0.0111014
0.0107774
0.0103666
0.00987311
0.00929508
0.00864346
0.00794845
0.00719819
0.0103923
0.00704331
0.00454145
0.0154181
0.0123604
0.00816396
0.00506007
0.0186779
0.017951
0.0141141
0.00905905
0.00548154
0.0189638
0.0211004
0.0201196
0.0154173
0.00959305
0.00577292
0.0201307
0.0210218
0.0230848
0.021748
0.0161244
0.00972709
0.00594302
0.00330615
0.00361054
0.00392696
0.00425702
0.00458797
0.0175468
0.0205842
0.0227638
0.0245178
0.0225432
0.0160649
0.00948836
0.00601855
0.00489008
0.0027637
0.00303765
0.00339393
0.00382813
0.00430907
0.00472885
0.0132183
0.0188824
0.0218409
0.0242762
0.0253864
0.0224256
0.0153357
0.00901043
0.00603535
0.00513661
0.0050263
0.00251006
0.00277635
0.00322816
0.00384256
0.00443429
0.00486643
0.00509673
0.00234839
0.00270887
0.00339794
0.00419295
0.00478144
0.0050537
0.00509915
0.00228235
0.00298518
0.00403197
0.00483434
0.00515233
0.00510774
0.00492933
0.00253896
0.00387819
0.00492379
0.00530639
0.00522004
0.00490996
0.00464315
0.0101172
0.0142791
0.0202634
0.0231971
0.0252958
0.0254541
0.0213096
0.0140571
0.00843087
0.00602321
0.00530947
0.00519665
0.00517803
0.00505694
0.00480831
0.00458647
0.00836379
0.0100433
0.0165695
0.0215708
0.0243631
0.0256949
0.024871
0.0195167
0.0125629
0.00790549
0.00601798
0.00542693
0.00528321
0.00519179
0.00501982
0.00481498
0.00475394
0.00369683
0.00475094
0.00507462
0.00506449
0.00485977
0.004609
0.00453381
0.00473735
0.00517546
0.00425759
0.00450103
0.00450907
0.00453077
0.00456383
0.00470091
0.00504392
0.00557421
0.00621865
0.00273629
0.00304805
0.00363716
0.00426017
0.00482205
0.00534066
0.00581815
0.00631916
0.00685571
0.0128418
0.00948196
0.0114543
0.0189933
0.0227675
0.0248983
0.0253319
0.0232152
0.0173219
0.0111806
0.00753488
0.00606154
0.00554449
0.00535766
0.00522223
0.00506665
0.00496795
0.00510526
0.00575986
0.00688284
0.00739625
0.0232184
0.0180431
0.0121089
0.0149209
0.0206484
0.0233993
0.0246013
0.0242895
0.0207517
0.0151336
0.0101353
0.00738128
0.00621262
0.00574147
0.00551069
0.00535199
0.00524919
0.00526548
0.00558535
0.00639767
0.00749541
0.00789562
0.0182598
0.0220824
0.0198314
0.0156384
0.0180488
0.0216663
0.02328
0.0235824
0.0223129
0.0183013
0.0133814
0.00956227
0.00751245
0.00657349
0.00611942
0.00586043
0.00568753
0.0056272
0.00573087
0.00616039
0.00701175
0.00800925
0.00830568
0.0129452
0.0181367
0.0206511
0.0191733
0.0175741
0.0195377
0.0216478
0.022362
0.0219101
0.0197108
0.016103
0.0122923
0.00954922
0.00804754
0.00728785
0.00685974
0.00657489
0.00636763
0.00628298
0.00639001
0.00679921
0.00755273
0.00838452
0.00853638
0.0113364
0.0146898
0.0179631
0.0190775
0.0184108
0.0183307
0.0196717
0.0206429
0.0208155
0.019799
0.0175724
0.0147105
0.0120528
0.0102279
0.00919672
0.00859913
0.00820096
0.00785904
0.00755165
0.00732498
0.00728883
0.00751628
0.00804841
0.00862732
0.00853016
0.00167393
0.00175982
0.00194058
0.00215513
0.00239801
0.00266823
0.00296294
0.00326632
0.00356047
0.00382851
0.00406677
0.00426388
0.00441734
0.0104784
0.0133739
0.01578
0.0173263
0.017521
0.0175011
0.0179792
0.0187388
0.0190703
0.0188299
0.0177092
0.0161112
0.014321
0.0128139
0.0118296
0.0112117
0.0107947
0.0103736
0.00988725
0.00935507
0.00885018
0.00848163
0.00835647
0.00852212
0.00877139
0.00625876
0.0124778
0.0145588
0.0159261
0.0163044
0.0161483
0.016382
0.0168233
0.0171389
0.0173297
0.016975
0.0164327
0.0157656
0.01515
0.0147447
0.0144184
0.0142042
0.0138635
0.0133309
0.0126065
0.0117459
0.0108429
0.0100034
0.00936023
0.0090137
0.00724818
0.013401
0.0148253
0.0154318
0.0156256
0.0156116
0.0158638
0.0160207
0.016021
0.0161333
0.0162278
0.0164997
0.0167334
0.0171033
0.0174207
0.0175965
0.0175215
0.0171357
0.0164275
0.0154459
0.0142846
0.0129853
0.0116715
0.0104658
0.00948471
0.00789449
0.0142241
0.0154276
0.016214
0.0168348
0.0171481
0.0170091
0.0167894
0.0167727
0.016874
0.0172837
0.0177883
0.0184
0.019017
0.0195271
0.0197959
0.0197182
0.0192451
0.0184408
0.0173225
0.0159614
0.0144546
0.0128521
0.0112409
0.00750677
0.0148183
0.0171578
0.0197324
0.0213998
0.0215819
0.0209824
0.0200663
0.0192233
0.0185557
0.018256
0.0181881
0.0183749
0.0187229
0.0190377
0.0191714
0.0190069
0.0185231
0.0176976
0.0166097
0.0152895
0.013863
0.0122985
0.00579447
0.0103693
0.0120447
0.0138751
0.0145506
0.0146363
0.0143659
0.0138909
0.0133891
0.0128678
0.0124592
0.0120598
0.0117219
0.0114556
0.0111948
0.010927
0.0105662
0.0101316
0.00959987
0.00899473
0.00832901
0.00763575
0.0120333
0.00867186
0.00557841
0.00381913
0.0165708
0.014267
0.0101165
0.00628419
0.00419239
0.0191178
0.0191006
0.0162528
0.0112535
0.00680378
0.00452443
0.0193896
0.0213491
0.0212066
0.0177429
0.011923
0.00708372
0.00480723
0.0189802
0.0211633
0.0231926
0.0228076
0.0185586
0.0120524
0.00714
0.00504209
0.00304855
0.00334676
0.00369576
0.00407445
0.00444819
0.0174599
0.0203236
0.0227023
0.0245574
0.0236797
0.0184819
0.0116441
0.00703141
0.00523153
0.00477759
0.00272077
0.00302201
0.00342954
0.0039191
0.00440712
0.004792
0.0125847
0.0188402
0.0216822
0.0240749
0.0253761
0.0236486
0.0176209
0.0108744
0.00684704
0.00538026
0.00503079
0.00504376
0.00250121
0.00284744
0.00340851
0.00403407
0.00456147
0.00490184
0.00506924
0.00235715
0.00288652
0.00364059
0.0043341
0.00475436
0.00491983
0.00494853
0.00241153
0.00331054
0.00422395
0.00474192
0.00484564
0.00475116
0.00465727
0.00300479
0.00416092
0.00483281
0.00491224
0.00467594
0.0044106
0.00432165
0.00959262
0.0142271
0.0207092
0.0229875
0.0249144
0.0253522
0.0225845
0.0161061
0.00994458
0.00666133
0.00549989
0.00520925
0.00518205
0.00512837
0.00493979
0.00464904
0.00443861
0.0102636
0.0109018
0.0168393
0.0219661
0.023889
0.0252024
0.0248173
0.020645
0.014311
0.00909141
0.00653951
0.0056177
0.00534727
0.00526729
0.0051623
0.00496932
0.00476935
0.004725
0.00401874
0.00461066
0.00472058
0.00457105
0.00430082
0.00413663
0.00424638
0.00459844
0.00512781
0.00414942
0.00417363
0.00419271
0.00417143
0.0041964
0.00441106
0.00483659
0.00542736
0.006098
0.00270383
0.00315805
0.00374298
0.00428176
0.0047525
0.005166
0.00561002
0.00611897
0.00667409
0.0222747
0.0155451
0.0146682
0.0194194
0.0228667
0.0241847
0.0247798
0.0232343
0.0183926
0.0126024
0.00846926
0.00652992
0.00577678
0.0055052
0.00537004
0.00523932
0.00508699
0.00500614
0.00514336
0.00575641
0.0067723
0.00722892
0.0216093
0.0220687
0.0186647
0.0177722
0.0208688
0.0231191
0.0238093
0.0236861
0.0208375
0.0160686
0.0112628
0.00815667
0.00668432
0.00605327
0.00575745
0.00558115
0.00543891
0.00534303
0.00537717
0.00567802
0.0064079
0.00739277
0.00774262
0.0138559
0.0197969
0.0207504
0.0190316
0.0192018
0.0214677
0.0227516
0.0228464
0.021678
0.0184348
0.0141828
0.0104748
0.00821172
0.00708428
0.00653575
0.00622493
0.00601363
0.00585727
0.00579385
0.00589763
0.00628268
0.00703022
0.00791958
0.00815852
0.0112596
0.0153855
0.0188526
0.0192152
0.0186347
0.0195827
0.0210979
0.0216727
0.0211865
0.0192491
0.0162542
0.0129468
0.01032
0.00872798
0.00787905
0.00739458
0.00707256
0.00681566
0.00661151
0.00650503
0.0065878
0.00693357
0.00758896
0.00831148
0.00840173
0.0099317
0.0136134
0.0165278
0.0179728
0.0176948
0.0179404
0.0189695
0.0199749
0.020033
0.0190486
0.0171999
0.0148553
0.0125946
0.0109148
0.00988921
0.00927812
0.00886901
0.008512
0.0081572
0.00781973
0.00755763
0.00747767
0.00764026
0.00808183
0.0085617
0.00158261
0.00172297
0.00190286
0.00211768
0.00235892
0.00262989
0.0029264
0.00322802
0.0035152
0.00377994
0.00401269
0.00420902
0.006016
0.0124317
0.0154446
0.017052
0.0169676
0.0164351
0.0169265
0.0178237
0.018383
0.017968
0.0170643
0.01581
0.0144441
0.0132659
0.0124511
0.0119153
0.011549
0.0111744
0.0107153
0.010167
0.00957669
0.00902388
0.00860957
0.00843095
0.00852528
0.00697776
0.0143691
0.016281
0.0166113
0.0157897
0.0153505
0.0157079
0.0162777
0.0165233
0.0162692
0.0159095
0.0155574
0.0152604
0.0151173
0.0149658
0.0148762
0.0146503
0.0142207
0.0135752
0.012752
0.0118244
0.0108706
0.0100027
0.00934247
0.00787526
0.0147007
0.0159109
0.0157021
0.0151274
0.0148651
0.015131
0.0153859
0.0155466
0.015792
0.0162296
0.0166562
0.017221
0.0177194
0.0180502
0.0181247
0.0178832
0.0173151
0.0164485
0.015383
0.0141275
0.0128008
0.0114858
0.010291
0.00845299
0.0150851
0.0160501
0.016282
0.0166858
0.0168148
0.0167321
0.0167048
0.0168376
0.0172132
0.0177981
0.018471
0.0191519
0.0197517
0.0201346
0.0201974
0.0198815
0.0192069
0.0182293
0.0169907
0.0155689
0.014046
0.012463
0.00785713
0.015357
0.0174875
0.0196968
0.020937
0.02084
0.0202622
0.0194758
0.0188282
0.0184424
0.0183219
0.0184935
0.0188428
0.019199
0.0194056
0.0193736
0.0189774
0.0183141
0.0173228
0.0161316
0.0147632
0.0133279
0.00592015
0.0104866
0.0120332
0.0136774
0.0141273
0.014109
0.0138405
0.0133859
0.0129525
0.0125251
0.0121053
0.0117612
0.0114977
0.0112599
0.0110352
0.0107237
0.010346
0.00986624
0.00930125
0.00867531
0.00800405
0.013375
0.0102515
0.00680116
0.00446939
0.00339061
0.017376
0.0157677
0.0119663
0.00771693
0.00492062
0.00371021
0.0192723
0.0198655
0.0178866
0.0133051
0.00835101
0.00526598
0.00402854
0.0192058
0.0214314
0.0218981
0.0194862
0.0140853
0.00862731
0.00549478
0.00433923
0.0197604
0.0208608
0.0230746
0.0232886
0.0202904
0.0141958
0.00856207
0.00562696
0.0046291
0.00295664
0.00327966
0.00365188
0.00405578
0.00444492
0.0192544
0.0208669
0.0222037
0.0242508
0.0240829
0.0200934
0.0136251
0.00824381
0.00569591
0.00488407
0.00477193
0.00272717
0.00309151
0.00356151
0.00407835
0.00453632
0.00486637
0.0159085
0.0205633
0.0219202
0.023403
0.0249193
0.0240079
0.0191069
0.012591
0.00782183
0.00573902
0.00509249
0.00501217
0.00506428
0.0025509
0.00300559
0.00362859
0.00422032
0.00466081
0.00492245
0.00504573
0.00246014
0.00312618
0.00385127
0.00440215
0.00469587
0.00481245
0.00485515
0.00267205
0.00357144
0.00425754
0.00453108
0.00454808
0.00450036
0.00451318
0.00338462
0.00425791
0.00455073
0.0044298
0.00419506
0.00409953
0.0041897
0.0125927
0.017576
0.0215961
0.0228716
0.024158
0.0248269
0.0229098
0.0174295
0.0113459
0.00742336
0.0057902
0.00527168
0.00518097
0.00517799
0.0051009
0.00489445
0.00460685
0.00442621
0.0184617
0.0156736
0.0191663
0.0223419
0.0234449
0.024309
0.024215
0.0209178
0.0154199
0.0101911
0.00714693
0.00588616
0.00545073
0.00533043
0.00526934
0.00515835
0.00497519
0.00479801
0.00478045
0.00405597
0.00433421
0.00428798
0.00403212
0.0038158
0.00385648
0.0041333
0.00458659
0.00515316
0.00382984
0.00387611
0.00383633
0.00378276
0.00388321
0.00420466
0.00471126
0.00534078
0.00602458
0.00273502
0.00327582
0.00378628
0.0042286
0.00458743
0.00496579
0.00542025
0.00595273
0.00652532
0.0234412
0.0207098
0.018467
0.0202856
0.0227031
0.0235183
0.0238554
0.0225843
0.0186472
0.0135254
0.00932878
0.00704932
0.00606824
0.00568274
0.00551952
0.00541118
0.00528878
0.00515639
0.00510526
0.0052538
0.00579641
0.00669921
0.00709359
0.015678
0.0211292
0.0201769
0.0192145
0.0209194
0.0224833
0.0230182
0.0226606
0.0202996
0.0163245
0.0120098
0.0088562
0.00717559
0.00639523
0.00603518
0.00583387
0.00568735
0.00556214
0.00548073
0.00553129
0.00581286
0.00645656
0.00732207
0.00761266
0.0108556
0.0161061
0.0193464
0.0190334
0.0190434
0.0206745
0.0218209
0.0219702
0.0206379
0.0179931
0.014428
0.0110891
0.00882575
0.00759253
0.00697073
0.00661785
0.00638437
0.0061984
0.00605471
0.00598958
0.00608807
0.00642716
0.0070809
0.00785267
0.00803226
0.00914995
0.0135002
0.0168488
0.018102
0.0176986
0.0184274
0.0198528
0.0205716
0.0201832
0.0184313
0.0159376
0.0131665
0.0108399
0.0093094
0.00844
0.00793347
0.00759681
0.00732094
0.0070698
0.00685716
0.00673268
0.00678707
0.0070743
0.00763501
0.00825157
0.00572325
0.0120742
0.0156982
0.0173838
0.0170744
0.0164827
0.0173683
0.0185745
0.0187948
0.0179801
0.0164772
0.0146055
0.0127838
0.0113767
0.0104664
0.00990634
0.009522
0.00918242
0.00882249
0.00843829
0.00806652
0.00777077
0.00764861
0.00775287
0.00811018
0.00152757
0.00168393
0.00187642
0.0020767
0.00232216
0.00259816
0.00289564
0.00319186
0.00347476
0.00373343
0.00396441
0.00668741
0.0145032
0.0172012
0.0173026
0.0159757
0.0154146
0.0161054
0.0168123
0.0167666
0.0161272
0.0152006
0.014239
0.0134269
0.0128703
0.0124972
0.0122247
0.0119297
0.0115301
0.011009
0.0103962
0.00975358
0.00915828
0.00870608
0.00848342
0.00764238
0.0162852
0.0175763
0.0165093
0.0149034
0.0144058
0.0147996
0.0151593
0.0152522
0.0151442
0.0150822
0.0151191
0.0152615
0.0153418
0.0154229
0.0153371
0.015029
0.0144849
0.0137297
0.0128274
0.0118359
0.0108566
0.00997386
0.0084432
0.0161215
0.0166526
0.0154842
0.0143941
0.0140842
0.0143413
0.0147141
0.0151512
0.0157841
0.0164082
0.0171766
0.0178653
0.0183755
0.0186117
0.0185238
0.0180986
0.0173557
0.0163907
0.0152108
0.0139124
0.0125723
0.0112675
0.00887318
0.0158175
0.0163738
0.0161989
0.0163949
0.0164716
0.0165405
0.0167417
0.0171232
0.0177437
0.0184876
0.0192312
0.0199063
0.0203948
0.0205844
0.0204211
0.0198624
0.0190352
0.0179031
0.0165814
0.015125
0.0136054
0.00812824
0.0156853
0.0175796
0.0194399
0.0203731
0.0201576
0.0197084
0.0190851
0.0187181
0.0185016
0.0186322
0.0189663
0.0193344
0.0195972
0.0196623
0.0193621
0.0188294
0.0179634
0.0168501
0.0155886
0.014199
0.00601937
0.0104855
0.0119317
0.0133254
0.0136566
0.0135996
0.0133391
0.0129456
0.0125737
0.0121807
0.01181
0.0115416
0.011308
0.0111079
0.010843
0.0105153
0.0100909
0.00957168
0.00897935
0.00834147
0.0142132
0.0115656
0.00805819
0.00523955
0.00377294
0.00317242
0.0174333
0.0166456
0.0134617
0.00917322
0.00578183
0.00411158
0.00348978
0.0184105
0.0198345
0.0188034
0.0149339
0.00991553
0.00614267
0.00440802
0.00382767
0.0195477
0.0205625
0.0217905
0.0203871
0.0157707
0.0101856
0.00631005
0.00465932
0.00416598
0.0212219
0.021076
0.0221363
0.0230434
0.021135
0.0158175
0.00999467
0.00632583
0.00487031
0.00448018
0.00294755
0.00330119
0.00371053
0.00413409
0.00451458
0.0203971
0.0220144
0.0220863
0.0231534
0.0237018
0.0208242
0.0150813
0.00946078
0.00625756
0.00505085
0.00475284
0.00480884
0.00280305
0.00323548
0.00374563
0.0042505
0.00465143
0.0049147
0.0186997
0.0214885
0.0226675
0.0229195
0.0236799
0.0234981
0.0196637
0.0138323
0.0087936
0.00617808
0.00521439
0.00497971
0.00501507
0.00506735
0.00267102
0.00321963
0.0038492
0.0043742
0.00472881
0.0049254
0.0050189
0.00266609
0.00336682
0.00400398
0.00442037
0.00463706
0.00475131
0.00481044
0.00294962
0.00372242
0.00416125
0.00430745
0.00433525
0.00438575
0.00447722
0.00359959
0.00413047
0.00414809
0.003978
0.00389091
0.00397528
0.00418362
0.0175643
0.0193835
0.021996
0.0230315
0.0233525
0.0236818
0.0223344
0.0178979
0.0123521
0.00817364
0.00614251
0.00538332
0.00517955
0.00517189
0.00516719
0.00507734
0.00488059
0.00463197
0.0044902
0.0224263
0.018976
0.0197284
0.0219993
0.023067
0.0232866
0.0229484
0.0203881
0.0158103
0.0109766
0.00773179
0.00619537
0.00558947
0.00539114
0.00533224
0.00527706
0.00517014
0.00501651
0.00487974
0.00489894
0.0039122
0.00397846
0.0037858
0.00354679
0.00354549
0.00377365
0.00414952
0.00464482
0.00524331
0.00355222
0.00354182
0.00343941
0.00344757
0.00368555
0.00410876
0.00466986
0.00531676
0.00599647
0.00283244
0.00334262
0.00373998
0.00407673
0.00440472
0.00479266
0.00527368
0.00582816
0.00641535
0.0187937
0.0213172
0.0193672
0.0198908
0.0216939
0.0226794
0.0227139
0.0213587
0.0182075
0.0138618
0.0099454
0.00753279
0.00637668
0.00587735
0.00567018
0.00556161
0.00546791
0.00536034
0.00525757
0.00524141
0.00539955
0.00588692
0.0066627
0.00698854
0.0107914
0.0172326
0.0194066
0.0185993
0.0194962
0.0210869
0.0219495
0.0213194
0.0192684
0.0160046
0.0123014
0.00935704
0.0076152
0.0067389
0.00631906
0.00609048
0.00593962
0.00581194
0.00570245
0.00564122
0.00570643
0.00597017
0.00653567
0.00727968
0.00750806
0.00818135
0.0129875
0.0169584
0.0178025
0.0175255
0.0187637
0.0201998
0.0205779
0.0193464
0.0171124
0.0141937
0.0113411
0.00926158
0.00803449
0.00737823
0.00700544
0.0067618
0.00656636
0.00639286
0.00625446
0.00619212
0.00628199
0.00658075
0.0071462
0.00780595
0.00539928
0.0111708
0.0153495
0.0171087
0.0165719
0.0164121
0.0175958
0.0187667
0.0185689
0.0172889
0.0152416
0.012998
0.0110594
0.0097171
0.008909
0.00842931
0.0081057
0.00783605
0.00757262
0.00731325
0.00708684
0.00694653
0.00697293
0.00720831
0.00768304
0.00639067
0.0142249
0.0172515
0.0172466
0.0156954
0.0153681
0.0162601
0.016905
0.0165499
0.0154374
0.0140123
0.0126418
0.0115715
0.0108669
0.0104249
0.0101098
0.00982235
0.00949191
0.00910452
0.00868356
0.00827795
0.00795193
0.00779146
0.0078463
0.0014874
0.00166429
0.00183331
0.00204497
0.00229631
0.00257798
0.00287252
0.00316306
0.00343851
0.00369377
0.00733203
0.0165544
0.0182924
0.0168013
0.0148019
0.0143317
0.0148156
0.0151156
0.0148628
0.0143029
0.0137298
0.0133007
0.0130476
0.0128993
0.0127735
0.0125968
0.0122874
0.0118282
0.0112377
0.010566
0.00987675
0.00924955
0.00876818
0.00830573
0.017925
0.018181
0.0158103
0.0138824
0.0133403
0.0135851
0.013893
0.014113
0.0143614
0.0147216
0.0151547
0.015509
0.0158059
0.0158922
0.0157291
0.0153061
0.0146442
0.0137982
0.0128222
0.0117996
0.010793
0.0089634
0.0172721
0.0169323
0.0149179
0.0136369
0.0133875
0.0137335
0.0143352
0.0151534
0.0159804
0.0169576
0.0178468
0.0185454
0.0189617
0.0190391
0.018768
0.0181552
0.0173037
0.0162103
0.0149683
0.0136428
0.0123048
0.00925341
0.0162872
0.0164376
0.0160162
0.0160535
0.0162256
0.0165464
0.0169532
0.0176241
0.0184304
0.0192396
0.0199855
0.0205662
0.0208764
0.0208513
0.0204193
0.0197342
0.0187187
0.0174847
0.0161095
0.0146415
0.00831166
0.0157715
0.0174772
0.0190234
0.019783
0.0196137
0.0193104
0.0189387
0.0187633
0.0187828
0.0190907
0.0194543
0.0197455
0.0198826
0.019671
0.0192652
0.0185051
0.0174995
0.0162996
0.0149981
0.00603734
0.0104524
0.0116752
0.0129008
0.0131822
0.0131125
0.0128923
0.0125632
0.0122574
0.0118839
0.0115856
0.0113516
0.0111615
0.0109286
0.0106442
0.0102719
0.00980275
0.00924991
0.0142592
0.0123138
0.0091347
0.00605858
0.0041968
0.00338983
0.00311156
0.0163096
0.0166215
0.014279
0.0103984
0.0066956
0.00455613
0.00369207
0.00343758
0.0173204
0.0185106
0.0186968
0.0157948
0.0112169
0.0070712
0.00482962
0.00398696
0.00378747
0.0195787
0.019467
0.0203963
0.0201868
0.0166292
0.0114676
0.00717082
0.00502212
0.00426555
0.00413501
0.0211387
0.0211688
0.0209804
0.0216648
0.02082
0.0166088
0.0111547
0.00705941
0.00515743
0.00452148
0.00445052
0.00300482
0.00339892
0.0038297
0.00424454
0.00458848
0.0201004
0.0220854
0.0219685
0.0218617
0.0221918
0.0204309
0.0157573
0.0104306
0.00684226
0.00526608
0.00475407
0.0047115
0.00483047
0.00293439
0.00342169
0.00394036
0.00439751
0.00472517
0.00492454
0.0182212
0.0206254
0.0224215
0.0224737
0.0223285
0.0219418
0.0192556
0.0143777
0.00955736
0.00662931
0.00537952
0.00497131
0.00493148
0.00500812
0.00504438
0.00284886
0.0034551
0.00404222
0.00448389
0.00475754
0.00490441
0.00497745
0.00290248
0.00357796
0.00409726
0.00441527
0.00460771
0.00470673
0.00477728
0.00316356
0.00374115
0.00402085
0.00414041
0.00425376
0.00436086
0.00449209
0.00362589
0.00382382
0.00374325
0.00369096
0.00379349
0.00398285
0.00424576
0.0193308
0.0185838
0.0205579
0.0222225
0.0225362
0.0221305
0.0208465
0.01752
0.0127919
0.00875528
0.00649585
0.00552798
0.00519425
0.00513656
0.00515604
0.00514293
0.00505285
0.00488488
0.00469245
0.00460525
0.0212255
0.0197816
0.0187526
0.020151
0.021787
0.0220748
0.0212649
0.0191647
0.0155174
0.0113252
0.008178
0.00649209
0.00574504
0.00545898
0.00537092
0.00533681
0.00528543
0.00519321
0.00507632
0.00499285
0.00504866
0.0036372
0.0035324
0.00330692
0.00328295
0.00348799
0.00381047
0.00424112
0.00476964
0.00536889
0.00325596
0.00315098
0.00308135
0.00326013
0.00362643
0.00411191
0.00468718
0.0053341
0.00600508
0.00292089
0.00330116
0.00360828
0.00392162
0.00425434
0.00467061
0.00517928
0.0057505
0.00634095
0.0113692
0.0184761
0.0187159
0.0181985
0.0196441
0.0210989
0.0210939
0.0197373
0.0171987
0.0136574
0.0102277
0.00789498
0.00665605
0.00607292
0.00581544
0.0056934
0.00561305
0.00553172
0.00544427
0.00537627
0.00539459
0.00556518
0.00600066
0.00666058
0.00691218
0.00697388
0.0127932
0.0170362
0.017215
0.0172637
0.0188063
0.0199384
0.0195344
0.0178762
0.0152209
0.0121715
0.00959296
0.0079369
0.00703604
0.00657626
0.00633248
0.00617832
0.00605405
0.00593989
0.00584634
0.00580676
0.00588465
0.00613427
0.00662951
0.00726055
0.00500831
0.0099178
0.0144728
0.0165017
0.0159229
0.0162572
0.0175965
0.0183235
0.0176964
0.0159223
0.0135737
0.0112508
0.00946838
0.00834988
0.00771427
0.00735473
0.007117
0.0069266
0.00674709
0.00657758
0.00644214
0.00638329
0.00646439
0.00672875
0.00721659
0.00602629
0.0130574
0.0164349
0.0163364
0.0149869
0.0151809
0.0161967
0.0165387
0.0157569
0.0142394
0.0124985
0.0109859
0.00990854
0.00923895
0.00883732
0.00855958
0.0083222
0.00807385
0.00780309
0.00752814
0.00728701
0.00713262
0.00713389
0.00732569
0.00704223
0.0161866
0.0179889
0.0162298
0.0142774
0.0141291
0.0146682
0.0147309
0.0141023
0.013133
0.0121985
0.0114967
0.0110518
0.0107864
0.0105892
0.0103882
0.0101195
0.00976472
0.00933815
0.00887971
0.00844333
0.00809307
0.00790113
0.00147461
0.00162448
0.00179933
0.00202423
0.00228193
0.00256379
0.00285493
0.00313808
0.00340806
0.00796598
0.0182757
0.0186637
0.015799
0.0135453
0.0130653
0.0132585
0.0133175
0.0131451
0.0129552
0.0128961
0.0129703
0.0130816
0.0131568
0.0131352
0.0129481
0.0125813
0.0120491
0.0113929
0.0106686
0.00994499
0.00929236
0.00890536
0.0190996
0.0181296
0.0148634
0.0128006
0.0122413
0.0124462
0.012871
0.0134174
0.0140879
0.0147997
0.0154572
0.0159905
0.0162821
0.0162907
0.0160122
0.0154651
0.0147026
0.0137785
0.0127557
0.0116953
0.00944184
0.017962
0.0167386
0.0141759
0.0129817
0.0128807
0.0134497
0.0143624
0.0153799
0.0165536
0.0176522
0.0185417
0.0191486
0.0194078
0.0193029
0.0188358
0.0181077
0.017117
0.0159439
0.0146611
0.0133269
0.00953965
0.01645
0.0163191
0.015714
0.0157719
0.0161616
0.0166727
0.0173941
0.018266
0.0191576
0.0199731
0.0206394
0.0210602
0.0211683
0.0208733
0.0203271
0.0194286
0.018295
0.0169914
0.0155891
0.00836334
0.0157277
0.0171546
0.0185636
0.0192577
0.0192038
0.0190925
0.0189581
0.0189585
0.0191979
0.0195518
0.0198565
0.0200407
0.0199182
0.0196068
0.0189673
0.018053
0.0169449
0.00607887
0.0102887
0.0113817
0.0124445
0.0127265
0.0126556
0.0124983
0.0122349
0.0119597
0.0116422
0.0113886
0.0112052
0.0109868
0.0107357
0.010413
0.00999105
0.00948322
0.013228
0.0123059
0.00973969
0.0067838
0.00463983
0.00359819
0.0032046
0.00311392
0.0147245
0.0153516
0.0142042
0.0110672
0.00749823
0.00502184
0.00388952
0.00350148
0.00345866
0.016257
0.0167762
0.0172055
0.0156538
0.0119153
0.00788118
0.00527202
0.00414966
0.00380556
0.00381818
0.018443
0.0183153
0.0184843
0.0185398
0.0164292
0.0121455
0.00791496
0.00540455
0.00437957
0.00409786
0.00416147
0.0189756
0.0201711
0.0198105
0.019649
0.0191094
0.0163647
0.0117579
0.00768461
0.00546314
0.00458704
0.00436848
0.00445044
0.00311124
0.00353225
0.0039609
0.004344
0.00462148
0.0180155
0.019996
0.0209834
0.0204877
0.0200579
0.0188293
0.0155104
0.0109279
0.00733255
0.00549866
0.00478406
0.00461501
0.00468855
0.00482446
0.0031043
0.00361967
0.00411197
0.0044949
0.0047453
0.00489606
0.0167278
0.0182041
0.0202082
0.0211312
0.0206269
0.0197917
0.0178729
0.0141633
0.00994536
0.00700029
0.00555738
0.00498905
0.00484945
0.00489393
0.00497421
0.00499373
0.00307435
0.00368026
0.00419231
0.00454526
0.00474953
0.00485082
0.0049218
0.00313307
0.00373097
0.00414522
0.00442098
0.00457362
0.00465905
0.00475001
0.00328516
0.00368943
0.00390716
0.0040919
0.00422927
0.00435603
0.0045266
0.00346061
0.00348051
0.0034816
0.00361812
0.00381101
0.00404307
0.00435059
0.0202651
0.0176407
0.0182034
0.0198689
0.0207076
0.0201535
0.0188969
0.0163742
0.0126334
0.00905123
0.00677876
0.00567592
0.00522579
0.00509723
0.00510129
0.00512582
0.00510797
0.00503048
0.00490361
0.00477633
0.00474705
0.013985
0.0187146
0.0173646
0.0176301
0.0191539
0.0198635
0.0192063
0.0175044
0.0146484
0.0112283
0.00840692
0.00672148
0.00588926
0.00552765
0.00539775
0.00535976
0.00533716
0.00529335
0.00522363
0.00514999
0.00512087
0.00521218
0.00326683
0.00307706
0.0030433
0.00324416
0.00354113
0.00391962
0.00438097
0.00492137
0.00551312
0.00289374
0.00277348
0.00290279
0.00323891
0.00365636
0.00416715
0.00476002
0.00539649
0.00604482
0.00289897
0.00318241
0.00349403
0.00380292
0.00416413
0.00461015
0.00513917
0.00571312
0.00629911
0.005757
0.0132007
0.0169087
0.0163647
0.0168243
0.0182056
0.0186973
0.0178383
0.0158185
0.0130124
0.0101748
0.0080815
0.00686342
0.00623908
0.0059423
0.00580451
0.00572709
0.00566293
0.00559502
0.00553131
0.00549919
0.00555018
0.00573348
0.00612542
0.00667485
0.00450433
0.00861411
0.0137985
0.0157603
0.0152195
0.0158902
0.0170592
0.0172778
0.0161721
0.0141197
0.0116952
0.00956281
0.00810072
0.00724829
0.00678732
0.00654062
0.00638827
0.00627168
0.0061618
0.00605865
0.00598115
0.00596256
0.00605202
0.00629095
0.00672691
0.00553892
0.0114964
0.0150866
0.0151365
0.0142146
0.0148633
0.0156986
0.0156223
0.0144618
0.0126814
0.0108717
0.0094426
0.00850691
0.00795187
0.00763536
0.00742343
0.0072534
0.00708476
0.00690833
0.00673828
0.00660508
0.00654997
0.00662373
0.00686053
0.00661422
0.0146621
0.0165891
0.0149106
0.0135116
0.0137775
0.0142332
0.0139605
0.0129801
0.0117431
0.0106511
0.00987713
0.0093995
0.00912097
0.00892395
0.00874502
0.00853692
0.00828327
0.00799462
0.00770165
0.00744703
0.00728146
0.00726242
0.00765398
0.0177914
0.0179762
0.0148623
0.0129045
0.0126928
0.0128009
0.0125593
0.0120319
0.0115092
0.0111672
0.0110092
0.0109585
0.0109227
0.0108421
0.0106656
0.010375
0.00997927
0.00951089
0.00901783
0.00855665
0.00818761
0.00144337
0.00159427
0.00178687
0.00202282
0.00228358
0.00256399
0.00284439
0.00312111
0.0085309
0.0194816
0.0182932
0.0145237
0.0122746
0.0117151
0.011733
0.0118227
0.0119703
0.0122504
0.0126408
0.0130291
0.0133422
0.0135096
0.0134759
0.0132311
0.0127882
0.0121843
0.0114695
0.0107035
0.00995203
0.00938807
0.019687
0.0175614
0.0137813
0.0117678
0.0112869
0.0116218
0.0123288
0.0132543
0.0142188
0.0151746
0.0159567
0.016475
0.0166834
0.016574
0.0161661
0.01551
0.0146668
0.0136751
0.0126102
0.0097734
0.018136
0.0162287
0.0134995
0.0124983
0.0126662
0.0135073
0.0146429
0.0159712
0.0172581
0.0183565
0.0191515
0.0196046
0.0196823
0.0193776
0.0187892
0.0179152
0.0168288
0.0156024
0.0142991
0.00967975
0.0164368
0.0160172
0.0153936
0.0156185
0.0162173
0.017022
0.0179574
0.018945
0.0198462
0.0206008
0.021124
0.0213596
0.021207
0.0207955
0.0200309
0.019001
0.0177841
0.00836774
0.0154339
0.0167806
0.0180957
0.0188277
0.0189408
0.0190107
0.0190613
0.0192732
0.0195987
0.0199228
0.0201385
0.0200817
0.0198603
0.0193345
0.0185256
0.0174975
0.00606852
0.0100272
0.0110533
0.0119852
0.0122862
0.0122509
0.0121402
0.0119401
0.011688
0.011431
0.0112287
0.0110239
0.0107966
0.0105126
0.0101393
0.00967491
0.0116641
0.0113499
0.00971976
0.00720527
0.00503673
0.00380112
0.00328105
0.00314554
0.00317024
0.0130488
0.0135038
0.0130391
0.0110048
0.00795791
0.00543781
0.00408563
0.00355067
0.00344375
0.00352525
0.0144973
0.0148729
0.0150733
0.0143294
0.0118195
0.00834323
0.0056651
0.00431741
0.00381331
0.00374292
0.00387913
0.0158809
0.0162601
0.0163531
0.0162344
0.0150341
0.0120307
0.00833912
0.00574195
0.00450602
0.00406434
0.00403136
0.00418685
0.0161988
0.017341
0.0175487
0.0173723
0.0168088
0.0150284
0.0116447
0.00804031
0.00573064
0.00467079
0.00430377
0.00429402
0.00444213
0.00324157
0.0036688
0.00407472
0.00438718
0.00461682
0.0152134
0.0168367
0.0180599
0.0181422
0.0177122
0.0166742
0.0143545
0.0108382
0.00760995
0.00569977
0.00483454
0.00453801
0.00453408
0.00465189
0.00477714
0.00329309
0.00379913
0.00422925
0.00452826
0.00471945
0.00482863
0.0166018
0.0157387
0.0168517
0.0179411
0.0181679
0.0174919
0.0159631
0.0132479
0.00988882
0.00720855
0.0057072
0.00502203
0.00478225
0.00476896
0.00484288
0.00491461
0.00492456
0.00330668
0.00386611
0.00429181
0.0045536
0.00469391
0.00477243
0.0048618
0.00332384
0.0038295
0.0041902
0.00440443
0.00451769
0.00460456
0.00473149
0.0033222
0.00363302
0.00389354
0.00407629
0.00421099
0.00436169
0.00457762
0.00318999
0.00324917
0.00343199
0.00364604
0.00386286
0.00413105
0.00447752
0.0163538
0.0170062
0.0157558
0.0165073
0.0175185
0.0176736
0.0167361
0.014802
0.0119597
0.00902528
0.00693561
0.00579396
0.00526027
0.00506145
0.0050295
0.00505773
0.00508234
0.00506813
0.00501377
0.00493528
0.00487407
0.00490013
0.00516371
0.0143324
0.0160398
0.015261
0.0159319
0.016831
0.0167962
0.0155962
0.0134303
0.0107628
0.00840027
0.00684588
0.00599608
0.00558334
0.00541239
0.0053583
0.00534434
0.00533001
0.00529907
0.00525782
0.00522911
0.00525136
0.00537586
0.00285072
0.00280814
0.00301242
0.00330775
0.00365179
0.00406072
0.00454526
0.00508715
0.00566286
0.00251023
0.00259189
0.00291189
0.00329937
0.00375905
0.00428385
0.00486967
0.00548539
0.00610727
0.00280156
0.00309258
0.00341843
0.00375377
0.00414788
0.00461496
0.00514569
0.00571595
0.00392366
0.00722667
0.0135295
0.014829
0.0144217
0.0151631
0.0158936
0.0156244
0.0142243
0.0120878
0.00984691
0.00808202
0.00697192
0.0063546
0.00603828
0.00588624
0.00580902
0.00575621
0.00570341
0.00565067
0.00561233
0.00561478
0.00569592
0.00589214
0.00624864
0.00498783
0.00981115
0.0138412
0.0139621
0.0135243
0.0142521
0.0147453
0.014247
0.0128175
0.0109839
0.00930985
0.00809949
0.00735498
0.00693023
0.00669506
0.0065557
0.00645187
0.0063529
0.00625133
0.00615795
0.00609602
0.00609731
0.00619809
0.0064302
0.00604342
0.0127185
0.0148309
0.0135325
0.0127267
0.0132318
0.0134313
0.0128219
0.0116065
0.0102818
0.0092149
0.00849855
0.00806945
0.00782369
0.00765963
0.00752505
0.00738227
0.00721718
0.00703675
0.00686432
0.00673368
0.00668308
0.00675238
0.0071385
0.0158678
0.0160825
0.0133963
0.0121251
0.0121734
0.0121225
0.0115909
0.0108098
0.0101096
0.00964205
0.00938102
0.00925721
0.00917217
0.00907658
0.00893135
0.00871955
0.00844604
0.00813526
0.00782523
0.00756008
0.0073871
0.00817576
0.0188268
0.0172757
0.0134399
0.0115705
0.0111802
0.0110352
0.0108198
0.010645
0.0106246
0.0107485
0.0109288
0.011083
0.0111535
0.0110971
0.0108987
0.0105651
0.0101232
0.00961543
0.00909374
0.00861399
0.00141934
0.00158394
0.00179327
0.00203032
0.00229273
0.00256654
0.00284118
0.00896765
0.020025
0.0174083
0.0132176
0.0110605
0.010479
0.0105358
0.0108767
0.0114211
0.0120878
0.0127451
0.0133113
0.0136908
0.0138394
0.0137447
0.0134198
0.0128994
0.0122306
0.0114664
0.0106729
0.00971204
0.0196737
0.0166877
0.0127421
0.0109168
0.0106476
0.0112546
0.0122928
0.0134498
0.0146591
0.0156963
0.0164496
0.016878
0.0169632
0.0167193
0.0161948
0.0154556
0.0145264
0.0134888
0.00992321
0.0179547
0.0155855
0.0129636
0.0122542
0.0127271
0.0138287
0.0152321
0.0166731
0.017958
0.0189651
0.0196082
0.0198822
0.0197584
0.0193287
0.0185906
0.0176064
0.0164552
0.0097003
0.0162473
0.0156424
0.0151351
0.0156026
0.0164409
0.0174711
0.018546
0.0195634
0.0204178
0.0210578
0.0214115
0.0213992
0.0211333
0.0205068
0.0195988
0.0184746
0.00833275
0.0149798
0.0163569
0.0176428
0.0184587
0.0187966
0.0190146
0.0192287
0.0195704
0.0199073
0.020158
0.020159
0.020024
0.0196044
0.0188987
0.0179691
0.00601479
0.00976099
0.010698
0.0115382
0.0118686
0.0118847
0.0118277
0.0116645
0.0114481
0.0112387
0.0110323
0.0108314
0.0105755
0.0102435
0.00982646
0.0100116
0.00991731
0.00898079
0.0072032
0.0052815
0.00398035
0.00334278
0.00312465
0.00313962
0.00324864
0.0111782
0.0115579
0.0113384
0.010128
0.00793858
0.00569249
0.00426
0.00359364
0.00338687
0.00343687
0.00360157
0.012197
0.0127277
0.0128919
0.0124319
0.0108714
0.0083152
0.00590562
0.00446859
0.00382767
0.00364833
0.00372717
0.00392232
0.0127664
0.0136016
0.01394
0.0138697
0.0130692
0.0111045
0.00831242
0.00594845
0.0046228
0.00404779
0.00390303
0.00399603
0.00418944
0.0126267
0.0138872
0.0146201
0.0147844
0.0144035
0.0131674
0.0108377
0.00802358
0.00589337
0.00475122
0.00426199
0.00414836
0.00423786
0.00440651
0.00337446
0.00378576
0.00413265
0.00438785
0.004564
0.0134592
0.0134342
0.0144612
0.0151328
0.0151104
0.0143851
0.0127382
0.0102104
0.00760711
0.00582084
0.00488441
0.00448296
0.00439142
0.00446214
0.0045889
0.00469695
0.00347288
0.00393227
0.00427753
0.00451244
0.00464411
0.00473606
0.0158335
0.014333
0.0138851
0.0145513
0.0151296
0.0149793
0.0139144
0.0119526
0.00944459
0.00721607
0.00579489
0.00505215
0.00472928
0.00464969
0.0046926
0.00477345
0.00483717
0.00484883
0.00351987
0.00399958
0.00431846
0.00450621
0.00460349
0.00468449
0.00480682
0.00347832
0.00391949
0.00419693
0.00435027
0.00444488
0.00455512
0.00472657
0.00331915
0.00365642
0.00389508
0.00405246
0.004194
0.00438241
0.00464331
0.00299213
0.0032244
0.00347587
0.00369125
0.00393045
0.00423665
0.0046159
0.00538692
0.0146524
0.0142986
0.0138327
0.0143836
0.0148168
0.0144349
0.0130845
0.0109946
0.00872945
0.00694715
0.00585903
0.00528425
0.00502677
0.00495142
0.0049642
0.00500245
0.00502943
0.00502722
0.00500313
0.00497524
0.00497647
0.00505341
0.00338387
0.00680153
0.0135096
0.0136067
0.0133903
0.013947
0.0142128
0.0135885
0.0120671
0.0100705
0.00820089
0.00685547
0.00605004
0.00561599
0.00541153
0.00533614
0.00531995
0.00531958
0.00531373
0.00530031
0.00529013
0.00530493
0.00537387
0.00552965
0.0025732
0.00278791
0.00309363
0.00341667
0.00378768
0.00422465
0.00472022
0.00525415
0.00580781
0.00231236
0.00261934
0.00300476
0.00342941
0.00390214
0.0044314
0.00500165
0.005592
0.00273487
0.00307297
0.00341355
0.00376648
0.00417166
0.00464999
0.00518227
0.00431588
0.00831224
0.0129183
0.0127963
0.0127247
0.0132783
0.0133573
0.0125468
0.0110314
0.00933509
0.0079291
0.00697621
0.00640877
0.0060948
0.00593454
0.00585614
0.00581013
0.00576936
0.00572797
0.00569246
0.00567875
0.00571368
0.00582292
0.00603213
0.00535152
0.0106919
0.0131571
0.0122131
0.0119837
0.0124323
0.0123159
0.0114435
0.010145
0.00889279
0.00795764
0.00735267
0.00699539
0.00679139
0.00667133
0.0065855
0.00650286
0.00641101
0.00631418
0.00622951
0.00618291
0.00620314
0.00631615
0.00644932
0.0135623
0.0139047
0.0119832
0.0113327
0.0114812
0.0112119
0.0104614
0.00956331
0.00882609
0.00834318
0.00806021
0.00790773
0.00781216
0.00772628
0.00762141
0.00748271
0.00731097
0.00712314
0.00694877
0.0068218
0.00677706
0.00756024
0.0165263
0.0151301
0.0119795
0.0107828
0.0105526
0.01025
0.00980769
0.00943122
0.00923487
0.00919616
0.0092398
0.00928786
0.00929676
0.00923424
0.00908447
0.00885097
0.00855058
0.0082182
0.00789419
0.00762259
0.00854764
0.0191905
0.0161829
0.0121048
0.0103131
0.00981037
0.00966692
0.00970558
0.00993184
0.0102971
0.0107047
0.0110587
0.0113005
0.0113882
0.0113067
0.0110619
0.0106772
0.0101908
0.00964906
0.00910623
0.00141508
0.00159251
0.00181279
0.00205311
0.00231193
0.0025771
0.00922825
0.0198486
0.0162972
0.0120207
0.0100198
0.00955334
0.0098313
0.010499
0.0113623
0.0122476
0.0130608
0.0136622
0.014013
0.0140938
0.0139136
0.013505
0.0129137
0.012192
0.0113915
0.00984952
0.019263
0.015716
0.0118733
0.0103592
0.010407
0.0113076
0.0125527
0.013942
0.0152018
0.016201
0.0168545
0.0171536
0.0170982
0.0167308
0.0161212
0.0152814
0.0142988
0.00990852
0.017521
0.0149237
0.0126216
0.012262
0.0130205
0.0143791
0.015908
0.0173555
0.0185537
0.019415
0.019882
0.0199544
0.0197053
0.0191199
0.018261
0.0172025
0.00967532
0.015844
0.0152838
0.0149666
0.0156636
0.0167543
0.0179396
0.0190754
0.0200602
0.0208207
0.021315
0.0214357
0.0213237
0.0208448
0.020069
0.0190575
0.0080697
0.0145373
0.0158889
0.017238
0.0181546
0.0187016
0.0190681
0.0194077
0.0198091
0.0200696
0.0201504
0.0200945
0.0197671
0.0191697
0.0183398
0.00592971
0.00948684
0.0103295
0.01111
0.0114819
0.0115397
0.0115329
0.0114055
0.0112161
0.0110242
0.0108289
0.0106038
0.0103065
0.00993256
0.00837606
0.00840507
0.00787959
0.00674602
0.00529783
0.00409806
0.00339762
0.00309416
0.00305296
0.00316261
0.00332948
0.00923676
0.00962732
0.00956611
0.00884674
0.00742176
0.0057044
0.00437376
0.00363552
0.00333088
0.00330787
0.00344762
0.00365671
0.00980863
0.010466
0.0107248
0.0104811
0.00950475
0.00779678
0.00591618
0.00456708
0.00384879
0.00356484
0.00356059
0.00371577
0.0039318
0.00995446
0.0108824
0.0114276
0.0115331
0.0110542
0.0097794
0.0078535
0.00596027
0.00469894
0.00404524
0.0037957
0.00380457
0.00395621
0.00415831
0.0105371
0.0109359
0.0116937
0.0121205
0.0120261
0.0112454
0.00968038
0.00766563
0.00590724
0.00480338
0.0042382
0.00402737
0.00404035
0.00417195
0.00433819
0.00349094
0.00386209
0.0041408
0.00433817
0.00447516
0.0134412
0.0117367
0.0116237
0.0121815
0.0124661
0.0121355
0.0110519
0.00929587
0.0073566
0.00583488
0.0049153
0.00444495
0.00427029
0.00427872
0.00437944
0.00450237
0.00459724
0.00361804
0.00400301
0.00427726
0.00443977
0.00453837
0.00463412
0.00675317
0.0133906
0.0122564
0.0120053
0.0123526
0.0124776
0.011912
0.0105819
0.0087792
0.00705182
0.00580617
0.00506733
0.00468709
0.00454281
0.0045409
0.00460769
0.00468916
0.00475026
0.00477371
0.00367372
0.00404894
0.00428878
0.00441535
0.00449893
0.00460169
0.00476136
0.00361071
0.00395147
0.00415532
0.0042699
0.00437348
0.00452028
0.00473334
0.00338117
0.00368116
0.00387521
0.00401994
0.00418967
0.00442005
0.00471806
0.00298904
0.00328199
0.00351296
0.00373942
0.00401401
0.0043554
0.00475638
0.00284852
0.00718192
0.0126722
0.0121039
0.0120013
0.0122878
0.0122153
0.0114095
0.00995053
0.00826679
0.00683767
0.00586504
0.00529098
0.00499184
0.00487215
0.00485771
0.00489197
0.00493644
0.00497013
0.00498666
0.00499575
0.00501702
0.00507484
0.00519801
0.00369789
0.00769928
0.0119532
0.0116022
0.0116804
0.0119513
0.0116948
0.0107254
0.0092963
0.00786975
0.006771
0.00604962
0.00562295
0.00539588
0.0052966
0.00526922
0.00527241
0.00528173
0.00528731
0.00529331
0.00531461
0.00536955
0.00548023
0.00566535
0.00255566
0.00288411
0.00320358
0.0035456
0.00394304
0.00439931
0.00489491
0.00541336
0.00235054
0.00274507
0.00315202
0.00358766
0.00406906
0.00459355
0.0051441
0.00274583
0.0030989
0.0034506
0.00382688
0.00425219
0.00473039
0.00458042
0.00895821
0.0116674
0.0110569
0.0111666
0.0113736
0.010971
0.0099711
0.00873974
0.00766144
0.00689366
0.00640257
0.00611124
0.00595077
0.00586972
0.0058275
0.00579675
0.00576487
0.00573269
0.00571211
0.00572496
0.00578881
0.00592486
0.00562267
0.0112259
0.0119501
0.0107349
0.0105566
0.0106236
0.0101454
0.00928021
0.00838722
0.00770183
0.00725564
0.00698432
0.00682635
0.0067332
0.00666763
0.00660272
0.00652595
0.00643526
0.00634165
0.00626699
0.00623689
0.00627481
0.00675192
0.0139171
0.0128127
0.010624
0.00999883
0.00982397
0.00937722
0.00880363
0.00833831
0.0080627
0.00793585
0.0078915
0.00787602
0.00784937
0.00779309
0.0076896
0.0075393
0.00735501
0.00716097
0.00698656
0.00686566
0.00782554
0.0166309
0.0139809
0.0107204
0.00953509
0.0091415
0.00886157
0.00870009
0.00871309
0.00886646
0.0090784
0.00926771
0.00939458
0.00943004
0.0093597
0.00918371
0.0089171
0.00859136
0.00824087
0.00790766
0.00873146
0.0189582
0.0149842
0.0109314
0.00923273
0.00877091
0.00881957
0.00917172
0.00970964
0.010305
0.0108553
0.0112748
0.0115216
0.0115772
0.0114436
0.0111425
0.0107074
0.0101816
0.00961454
0.001425
0.00162637
0.00184635
0.0020859
0.00233737
0.00934837
0.0192284
0.0151817
0.0110235
0.00926864
0.00904395
0.00960977
0.0105359
0.0115829
0.0125988
0.013424
0.013983
0.0142567
0.0142446
0.0139735
0.0134904
0.0128376
0.0120645
0.00982307
0.0185574
0.0147719
0.011259
0.0101413
0.0104968
0.0116393
0.0130823
0.0145061
0.0157178
0.0166099
0.0171277
0.0172792
0.0170949
0.0166382
0.0159142
0.0150131
0.00982393
0.016826
0.0143467
0.0124915
0.0124243
0.0134911
0.0149992
0.0165546
0.0179277
0.0189886
0.0196792
0.0199467
0.0198963
0.0194832
0.0187707
0.0178284
0.00956382
0.0153926
0.0149748
0.0148921
0.0158256
0.0170864
0.0183564
0.0194866
0.0203983
0.0210237
0.0213149
0.0213526
0.0210277
0.0203991
0.0195137
0.00773778
0.0140802
0.0154055
0.0168759
0.0179069
0.0185666
0.0190717
0.0194936
0.019855
0.0200417
0.02006
0.0198161
0.0193261
0.0186061
0.00583315
0.00920104
0.0099625
0.0107022
0.011115
0.0112089
0.0112456
0.0111306
0.0109792
0.0108025
0.0105881
0.0103289
0.00999467
0.00688541
0.00699268
0.00673604
0.00605743
0.00508089
0.00411993
0.00343913
0.00307158
0.0029565
0.00302179
0.00318808
0.00339072
0.00745575
0.00785874
0.00791916
0.00753383
0.00665457
0.00547558
0.00439278
0.00366817
0.00329078
0.00318215
0.00326318
0.00345023
0.00367204
0.0077709
0.00840959
0.00874275
0.00868255
0.00811809
0.00703051
0.00570593
0.00458316
0.00386759
0.00350502
0.00340909
0.00349801
0.003688
0.00390905
0.0082824
0.00867262
0.00919511
0.00942422
0.00921151
0.00843799
0.00717034
0.00579102
0.00471176
0.0040479
0.00371779
0.00363614
0.00372246
0.0038973
0.00409198
0.0107953
0.00931991
0.00943138
0.00981152
0.00990587
0.00949172
0.00850006
0.00712073
0.00578615
0.00481194
0.0042255
0.00393711
0.00386771
0.0039419
0.00408773
0.00424455
0.00357797
0.0038806
0.0041018
0.00425116
0.00436605
0.00939835
0.0114357
0.0101347
0.00999926
0.0102249
0.0101477
0.009514
0.00834919
0.00696097
0.00575478
0.00491857
0.00442029
0.00417613
0.00411558
0.00417155
0.00428304
0.00440076
0.00449056
0.00370823
0.00401673
0.00421762
0.0043331
0.00442273
0.00453535
0.00263882
0.00831298
0.0112555
0.0104517
0.0103295
0.0104211
0.010157
0.00932439
0.00807313
0.00677951
0.00575271
0.0050647
0.00465572
0.00445433
0.00439974
0.00443556
0.00451317
0.00459578
0.00466114
0.0047026
0.00375658
0.00404339
0.00420835
0.00430566
0.00439924
0.00453199
0.00472503
0.00367388
0.00393187
0.00407834
0.00418633
0.00431764
0.00450191
0.00474811
0.00343594
0.00367389
0.00383553
0.00399699
0.00420417
0.00447173
0.00479439
0.0030624
0.00332012
0.00354556
0.00380076
0.00411253
0.00448032
0.00489084
0.00316807
0.00781769
0.0107624
0.0103196
0.0103703
0.0103956
0.00994671
0.00897649
0.00775777
0.00664598
0.00582315
0.00528235
0.00496024
0.00479901
0.00474888
0.00476504
0.00481094
0.00486171
0.00490562
0.004944
0.00498775
0.00505443
0.00516207
0.00532685
0.00386212
0.00795857
0.0103444
0.00997975
0.0101482
0.0101191
0.00954011
0.00855022
0.00748729
0.00661685
0.00600581
0.00560906
0.00537144
0.00524847
0.00520219
0.00519889
0.00521299
0.00523009
0.00524819
0.00527477
0.00532513
0.00541776
0.00556522
0.0026667
0.00299544
0.00332294
0.00369019
0.00411077
0.0045746
0.00506133
0.0024987
0.00290266
0.00331733
0.00376555
0.00425151
0.00476374
0.00281354
0.00318561
0.00354802
0.00393584
0.0043646
0.00473914
0.00920094
0.0102763
0.00963575
0.00973954
0.00962807
0.0090088
0.00814107
0.0073369
0.00674174
0.00634568
0.00609371
0.00594162
0.00585753
0.00581395
0.00578762
0.00576338
0.00573662
0.00571371
0.00571053
0.00574449
0.00583677
0.00580977
0.011333
0.0107392
0.00946809
0.00923856
0.00902213
0.0084735
0.0078572
0.00738004
0.00707904
0.0069058
0.0068067
0.00674694
0.00670365
0.00665831
0.00659834
0.00651915
0.00642634
0.00633592
0.00627044
0.00625452
0.00690718
0.0137978
0.0116768
0.00945844
0.00878836
0.00845404
0.00808498
0.00781234
0.00770203
0.0077124
0.00778394
0.007855
0.00789475
0.00789149
0.00782965
0.00771362
0.00754843
0.00735271
0.00715247
0.00697966
0.00792621
0.0163206
0.0128496
0.0096519
0.00848035
0.0080958
0.00800768
0.00814275
0.00843796
0.00879041
0.00911957
0.00937031
0.00951223
0.00953315
0.00942839
0.00921686
0.00891995
0.00856918
0.00820427
0.0087508
0.0183257
0.0138682
0.00997382
0.00843268
0.00814539
0.00844926
0.00905534
0.00977761
0.0104885
0.0110816
0.0114922
0.0116966
0.0116923
0.0114959
0.0111378
0.0106564
0.0100968
0.00146468
0.00167068
0.00189085
0.00212521
0.00930316
0.0184559
0.0141532
0.0102937
0.00886756
0.00893479
0.00972319
0.0108251
0.0119724
0.0129823
0.0137505
0.0142225
0.014394
0.0142829
0.0139338
0.0133743
0.0126628
0.00971716
0.0176362
0.0139675
0.0109317
0.0102001
0.0108506
0.0121694
0.0136572
0.0150314
0.0161324
0.0168829
0.0172476
0.0172667
0.016983
0.0164008
0.0156079
0.00963717
0.0160795
0.0139064
0.0125179
0.012764
0.014022
0.0155877
0.0170919
0.0183416
0.0192385
0.0197342
0.0198838
0.0196604
0.0191164
0.0183124
0.009357
0.014958
0.0147105
0.0148938
0.0160111
0.0173723
0.0186653
0.019743
0.0205336
0.0210065
0.0212167
0.021042
0.0205713
0.01983
0.00745175
0.0136014
0.0149301
0.0165561
0.0176576
0.0184154
0.0190357
0.0194624
0.0197979
0.0198908
0.0197484
0.0193607
0.0187534
0.00572642
0.00890112
0.00960543
0.0103234
0.0107546
0.0108931
0.0109572
0.0108571
0.0107231
0.0105384
0.0103046
0.0100113
0.00566352
0.00580399
0.005715
0.00534769
0.00473779
0.00404533
0.00345699
0.00306507
0.00287835
0.00287447
0.00300213
0.00319812
0.00341314
0.00607759
0.00641278
0.00654092
0.00637425
0.0058742
0.00511668
0.0043188
0.00368134
0.0032725
0.00308396
0.00308594
0.00322372
0.00343332
0.00366057
0.00657076
0.0068372
0.00713686
0.00719044
0.00690485
0.00625523
0.00537378
0.00452003
0.00387511
0.00347311
0.00329266
0.00329866
0.00343499
0.00363836
0.00385115
0.00857443
0.00741465
0.00754063
0.00774953
0.0077009
0.00727113
0.00647631
0.00551826
0.00466496
0.00404913
0.00367272
0.00350685
0.00351317
0.00363673
0.0038172
0.00400033
0.0101292
0.00932199
0.00817771
0.00815038
0.00825183
0.00806541
0.00747107
0.00655918
0.00558472
0.00478105
0.00422014
0.00388167
0.00373354
0.00373646
0.00383926
0.00398829
0.00413683
0.00360851
0.00385657
0.00402486
0.0041428
0.00425087
0.00287963
0.00931504
0.00964745
0.00873258
0.00862769
0.0086127
0.00826394
0.0075158
0.00654378
0.00561668
0.00489875
0.00440865
0.00411492
0.00398545
0.00398267
0.00406158
0.00417732
0.00429315
0.00438549
0.00373738
0.00397885
0.00412058
0.00421522
0.0043123
0.0044458
0.00299636
0.00819284
0.00944455
0.00895429
0.00891971
0.00880197
0.0082935
0.00743869
0.00648238
0.00565787
0.00504884
0.00463854
0.00439277
0.00428211
0.00427309
0.00432823
0.00441233
0.00449882
0.00457375
0.00463602
0.00377225
0.00398239
0.00410415
0.00419952
0.00431551
0.00447709
0.00469443
0.00368037
0.0038681
0.00399214
0.00411801
0.00428178
0.00449797
0.00476511
0.00344635
0.00363614
0.00379992
0.00399418
0.00423752
0.00453082
0.00486583
0.00310919
0.00334478
0.00359075
0.00388056
0.00422168
0.00460407
0.00501276
0.00333971
0.00765309
0.00909508
0.00888498
0.00898085
0.00878771
0.00815902
0.00728262
0.0064269
0.00574834
0.00526362
0.00493866
0.00474283
0.00465133
0.00463653
0.00466884
0.00472243
0.00478028
0.00483679
0.00489695
0.00497333
0.00508156
0.00523266
0.00391769
0.00782286
0.008895
0.0086839
0.00881467
0.00855956
0.00789689
0.00711038
0.00643091
0.00592954
0.00558062
0.00534692
0.00520387
0.00513236
0.00511165
0.00512013
0.00514053
0.00516471
0.00519469
0.00524122
0.00531954
0.00544448
0.00278109
0.00310688
0.00345506
0.00384771
0.0042827
0.00474342
0.00266772
0.00307399
0.00349995
0.00395702
0.00443919
0.00293983
0.00330794
0.00368032
0.00407304
0.00482461
0.00910429
0.00904081
0.00847128
0.00847963
0.00817773
0.00758955
0.00699816
0.0065509
0.00624932
0.0060491
0.00591594
0.00583091
0.00578082
0.00575163
0.00573031
0.00570792
0.00568467
0.00567066
0.00568246
0.00573861
0.00587538
0.0110949
0.00965749
0.00840752
0.00808969
0.00776594
0.00735133
0.00703106
0.00685244
0.00677213
0.00673959
0.00672209
0.00670265
0.00667413
0.00662848
0.00656209
0.00647609
0.00638033
0.00629306
0.00623751
0.00692821
0.0133903
0.0106516
0.00849275
0.00779235
0.00747374
0.00730635
0.00730372
0.0074262
0.00759966
0.00775646
0.0078695
0.00792229
0.0079085
0.00783006
0.00769154
0.00750729
0.00729917
0.00709541
0.00789229
0.015728
0.0118724
0.0088
0.00770451
0.00745669
0.00759794
0.0079617
0.00841422
0.00886062
0.00923112
0.00948431
0.00960163
0.00957984
0.00943553
0.00918418
0.00885496
0.00848359
0.00866103
0.0175242
0.0129021
0.00927634
0.00796432
0.00790706
0.00842673
0.00918727
0.0100035
0.0107367
0.011305
0.0116627
0.0117972
0.011722
0.0114613
0.011047
0.0105237
0.00152011
0.00172463
0.00194215
0.00916685
0.017504
0.0132937
0.0098629
0.0088011
0.0090953
0.0100706
0.0112462
0.0123801
0.0133226
0.0139927
0.0143543
0.0144177
0.0142215
0.0137801
0.0131579
0.00951836
0.0166837
0.013362
0.0108632
0.0104746
0.0113472
0.0127357
0.0141851
0.0154521
0.0164096
0.0170014
0.0172306
0.0171368
0.0167213
0.0160614
0.00939302
0.0154022
0.0136031
0.0126577
0.0131679
0.0145294
0.0160764
0.0174778
0.0185741
0.0192875
0.0196659
0.0196374
0.0192795
0.0186364
0.00911668
0.014564
0.0144905
0.0149198
0.0161709
0.0175727
0.0188415
0.019809
0.0204976
0.0208701
0.0208871
0.020573
0.0199891
0.00719432
0.0131043
0.0144832
0.016227
0.0173875
0.0182302
0.0188811
0.0193165
0.0195621
0.0195321
0.0192764
0.0187753
0.00560739
0.00859841
0.00926315
0.00997307
0.010401
0.010577
0.0106518
0.0105638
0.0104344
0.0102365
0.0099807
0.00479073
0.00490104
0.00489724
0.0047244
0.00437477
0.00391221
0.00344881
0.00307501
0.00283668
0.00275404
0.00281563
0.00297843
0.00319224
0.00341349
0.00527032
0.00538786
0.00550173
0.00545636
0.00519815
0.00474172
0.00418922
0.00367315
0.00327581
0.0030288
0.00294508
0.00300904
0.00317654
0.00339502
0.00361558
0.00680266
0.00594235
0.00600595
0.00607597
0.00595402
0.0055886
0.00502771
0.00441006
0.00386979
0.00346906
0.00322467
0.00314252
0.00320318
0.00336249
0.00356742
0.00376879
0.00965953
0.00749217
0.00659673
0.00658288
0.00658529
0.00636303
0.00587996
0.00523263
0.00458371
0.00404781
0.00366129
0.00342884
0.00334972
0.00340177
0.00354257
0.0037223
0.00389582
0.00352893
0.00915848
0.00797071
0.00716549
0.00709932
0.00701686
0.00667055
0.00607275
0.00537171
0.00472863
0.00422189
0.00386369
0.00364998
0.00357474
0.00361486
0.00373165
0.00388128
0.00402597
0.00360394
0.00379568
0.00392609
0.00402925
0.00414067
0.00309278
0.00830872
0.00810585
0.00757417
0.00751307
0.00733692
0.00686047
0.00617643
0.00546851
0.00486789
0.00441086
0.00409173
0.00390145
0.00383108
0.00385838
0.00394969
0.00406887
0.0041869
0.00428732
0.00372436
0.00389979
0.0040103
0.00410344
0.00421506
0.00436672
0.00306396
0.00744772
0.00794496
0.00776233
0.00777123
0.00750724
0.00692587
0.0062127
0.00555335
0.00502835
0.00463785
0.00436595
0.00420264
0.00413843
0.00415348
0.00421984
0.00430954
0.00440219
0.00448911
0.00457295
0.00373746
0.00389264
0.00400073
0.00411089
0.00425098
0.00443336
0.0046645
0.00363763
0.00378826
0.00391926
0.00407227
0.00426612
0.0045018
0.00477826
0.00341932
0.00359661
0.00378752
0.00401414
0.00428406
0.00459101
0.00492641
0.00313256
0.00337969
0.00365627
0.00397634
0.0043354
0.00472018
0.00332015
0.00704825
0.00774474
0.00775917
0.00782944
0.00750009
0.00687885
0.00621631
0.00566171
0.00524101
0.0049312
0.00471398
0.00458102
0.00452438
0.00452767
0.00456904
0.00462845
0.00469371
0.00476306
0.00484418
0.00495012
0.00509328
0.00391928
0.00745951
0.00773346
0.00765349
0.00768975
0.00733384
0.00676725
0.00623874
0.00583635
0.00554377
0.00532853
0.00517443
0.00507603
0.00502779
0.00501798
0.00503136
0.00505533
0.00508555
0.00512701
0.00519181
0.00529493
0.00288866
0.00322852
0.0036014
0.00401292
0.00445095
0.00284344
0.00325711
0.00369405
0.00415316
0.00308733
0.00345836
0.00383535
0.00482793
0.00875675
0.0080544
0.00753327
0.00742718
0.00709176
0.00667143
0.00634277
0.00612795
0.00598561
0.00588171
0.00580246
0.00574403
0.00570402
0.00567609
0.00565237
0.0056284
0.00560769
0.00560209
0.00562857
0.00584897
0.0106262
0.00875172
0.00754686
0.00717627
0.00689752
0.006687
0.00660038
0.00660131
0.00663587
0.00666571
0.0066758
0.0066634
0.0066283
0.00657103
0.00649185
0.00639643
0.00629742
0.00621422
0.00686085
0.0128408
0.0098223
0.00774131
0.00707341
0.00687846
0.00691755
0.00711154
0.00735927
0.00759552
0.00778168
0.007896
0.00792989
0.00789068
0.00778285
0.00761799
0.00741454
0.00719676
0.00777263
0.0150663
0.0110748
0.00819304
0.00723994
0.00717381
0.00750285
0.00799743
0.00852493
0.00899519
0.00935348
0.00957126
0.00963673
0.00956739
0.00937385
0.00908214
0.00872488
0.00849089
0.016611
0.0121252
0.00885779
0.0078139
0.00795497
0.00861823
0.00945743
0.0102814
0.0109776
0.0114807
0.0117591
0.0118131
0.0116646
0.0113368
0.0108729
0.00138998
0.00158316
0.00178536
0.00895055
0.0165287
0.0126484
0.00971445
0.0089524
0.00946826
0.0105133
0.0116773
0.0127397
0.0135769
0.0141268
0.0143727
0.0143413
0.0140408
0.0135297
0.0092395
0.0158306
0.0129576
0.0109563
0.0108881
0.0118795
0.0132551
0.0146098
0.0157368
0.0165349
0.0169842
0.0170917
0.0168592
0.0163557
0.00913578
0.0148237
0.0134296
0.0128608
0.0135674
0.0149562
0.0164296
0.0176927
0.0186203
0.0192156
0.0194122
0.0192481
0.0187835
0.00884241
0.0141937
0.014298
0.0149487
0.0162714
0.017659
0.0188431
0.0197516
0.0203165
0.0205216
0.0204062
0.0199798
0.0069387
0.0126177
0.0140544
0.0158549
0.0170885
0.0179659
0.0186287
0.0190127
0.0191644
0.0190311
0.0186775
0.00547794
0.00829325
0.00893972
0.00963596
0.0100526
0.0102565
0.0103302
0.0102484
0.0101134
0.00989894
0.00429828
0.00429007
0.00429712
0.00422825
0.00404688
0.0037609
0.00342245
0.00309693
0.00283823
0.00268549
0.00266389
0.00276313
0.00294544
0.00316611
0.00338424
0.00537884
0.00481094
0.00480058
0.00478937
0.00466764
0.00440856
0.00404565
0.00365225
0.00329596
0.00302261
0.00286303
0.00283831
0.00293628
0.00311837
0.00333693
0.00354765
0.00853445
0.00599706
0.00535864
0.00531972
0.00526724
0.00507033
0.00472333
0.0042909
0.00385945
0.00348798
0.00321073
0.00304981
0.00302111
0.00311084
0.00328065
0.0034831
0.00367481
0.00381741
0.0083555
0.00648096
0.00587693
0.00581788
0.00570754
0.00541821
0.00498317
0.0044984
0.00404983
0.00367925
0.00340819
0.00325086
0.00321781
0.00329415
0.0034436
0.003622
0.00379061
0.00343283
0.00781222
0.00677348
0.00632854
0.00627108
0.00608711
0.00569551
0.00518651
0.00467663
0.00423428
0.00388001
0.0036243
0.00347494
0.00343813
0.00349869
0.00362384
0.00377512
0.00392077
0.00356249
0.00371312
0.00382235
0.00392303
0.00404192
0.00307049
0.00707441
0.00684667
0.00666445
0.00663422
0.00636934
0.00588695
0.00533913
0.00484021
0.00442851
0.00410508
0.00387264
0.00373521
0.00369605
0.00374054
0.00384028
0.0039638
0.00408703
0.00419825
0.00366901
0.00380486
0.00390564
0.00400736
0.00413331
0.00429828
0.00296749
0.00649511
0.00677199
0.00684872
0.00685451
0.00651956
0.00599024
0.00545842
0.005011
0.00465381
0.00437466
0.00417245
0.00405051
0.00401061
0.0040394
0.00411338
0.00420844
0.00430815
0.00440746
0.00451176
0.00366891
0.00379962
0.00391453
0.0040443
0.00420256
0.00439674
0.0046328
0.00357182
0.00371817
0.00387025
0.00405121
0.00426376
0.00450811
0.00478296
0.00338323
0.00358021
0.00379915
0.00405252
0.0043373
0.00464632
0.0031627
0.00343532
0.00374146
0.00408199
0.00444684
0.00322555
0.00639164
0.00672217
0.00688874
0.00689643
0.00653094
0.00602794
0.00557557
0.00521882
0.00493815
0.00471598
0.00455089
0.00444782
0.00440805
0.00442049
0.00446699
0.00453077
0.0046028
0.00468409
0.00478395
0.00491544
0.00388187
0.0069739
0.00685114
0.00682646
0.00678554
0.00644828
0.00605175
0.00573531
0.00550197
0.00531824
0.0051664
0.00504712
0.00496631
0.00492595
0.00491872
0.00493258
0.00495795
0.00499303
0.00504469
0.00512574
0.00300316
0.00336476
0.00375833
0.00417791
0.00302618
0.00344984
0.0038925
0.0028711
0.00325274
0.00362608
0.00478264
0.00830245
0.00727897
0.00679203
0.00661957
0.00636136
0.0061319
0.00599168
0.00590922
0.00584421
0.00577988
0.0057173
0.00566221
0.00561841
0.00558383
0.0055536
0.00552618
0.00550711
0.00550928
0.00575879
0.0101312
0.00805803
0.0068897
0.00653291
0.0063759
0.00634608
0.00641431
0.00651047
0.00658802
0.00663197
0.00663853
0.00661159
0.00655858
0.00648206
0.00638687
0.00628156
0.00618015
0.00673126
0.012314
0.00919106
0.00722069
0.00664336
0.00660027
0.00680122
0.00709391
0.00739357
0.00764548
0.0078204
0.00790472
0.00790414
0.00782777
0.00768546
0.00749377
0.00727359
0.00761694
0.014353
0.0104681
0.00783837
0.00706311
0.00715564
0.00760065
0.00815542
0.00869321
0.00913868
0.00945007
0.00960569
0.00961397
0.00948612
0.00924301
0.0089149
0.00826799
0.0156851
0.0115538
0.00870132
0.00789607
0.00819977
0.00893201
0.00977064
0.0105487
0.0111704
0.0115837
0.011772
0.0117428
0.0115163
0.0111297
0.00128131
0.00145971
0.00165117
0.00867865
0.0156537
0.012216
0.00976106
0.00929924
0.00991985
0.0109632
0.0120587
0.0130133
0.0137244
0.0141491
0.0142912
0.0141444
0.0137641
0.00894756
0.0151134
0.0127193
0.011206
0.0113432
0.0123743
0.0136799
0.0149048
0.0158759
0.0165249
0.0168456
0.016808
0.0164769
0.00886183
0.0143426
0.0133657
0.0130853
0.0139127
0.0152697
0.0166291
0.0177401
0.018548
0.0189631
0.0190194
0.0187441
0.00855507
0.0138444
0.0140951
0.0149424
0.0162784
0.0176313
0.0187593
0.019526
0.0199521
0.0200314
0.0198046
0.00667251
0.0121215
0.0136249
0.0154541
0.016746
0.0176275
0.0182645
0.0185784
0.0186371
0.018415
0.0053415
0.0079928
0.00862836
0.00930561
0.00970419
0.0099259
0.00999107
0.0099091
0.00976239
0.00433085
0.00395659
0.00389673
0.00386004
0.00377462
0.00361313
0.0033851
0.00312532
0.00287528
0.0026801
0.00257644
0.0025901
0.00271045
0.00290202
0.00312276
0.00333353
0.00690656
0.00481366
0.00440145
0.00433974
0.00427729
0.00413715
0.00391015
0.00362623
0.00332903
0.00305718
0.00285015
0.00273889
0.00274701
0.00286341
0.00305164
0.00326713
0.00346913
0.00373549
0.00707824
0.00526632
0.00485602
0.00479311
0.00468969
0.00447949
0.00418286
0.00385028
0.0035268
0.00324288
0.00303039
0.00291414
0.00291463
0.00302031
0.00319524
0.00339531
0.0035817
0.00344988
0.00685603
0.00559338
0.00529141
0.00523612
0.00507753
0.00478674
0.00442566
0.00405886
0.00372332
0.00343777
0.00322662
0.00310862
0.00310084
0.00319148
0.00334667
0.00352559
0.00369421
0.00310075
0.00641112
0.00580393
0.00567876
0.00563913
0.00541218
0.00504292
0.00463671
0.00425804
0.00392703
0.00365092
0.00344782
0.00333183
0.00331661
0.0033902
0.00352212
0.00367692
0.00382682
0.00350018
0.00362505
0.00372698
0.00383148
0.00395729
0.00282919
0.00590022
0.0058899
0.00597939
0.00595372
0.00565899
0.00523758
0.00482196
0.00445963
0.00415133
0.00389565
0.003707
0.00359676
0.00357548
0.00363136
0.00373805
0.00386662
0.00399622
0.00411871
0.00359476
0.00371371
0.00381767
0.00393043
0.00406752
0.0042377
0.00277709
0.00563239
0.00591643
0.00615932
0.00613247
0.00579822
0.00537713
0.00499871
0.00468309
0.00441538
0.00419085
0.00402266
0.00392126
0.00389481
0.00393219
0.00401171
0.00411148
0.00421774
0.00432821
0.00445026
0.00359232
0.0037216
0.00385185
0.00399775
0.00416646
0.00436433
0.00459625
0.00351065
0.00367163
0.00384999
0.00404762
0.0042688
0.00451172
0.00336764
0.00358812
0.00383294
0.00410254
0.00439136
0.00321256
0.00351272
0.0038407
0.00419029
0.00312929
0.0057616
0.00598715
0.00621101
0.00616507
0.00584656
0.00549123
0.00519645
0.00495565
0.00474573
0.00456334
0.00442144
0.00433102
0.00429873
0.00431521
0.00436407
0.00443061
0.00450805
0.00459936
0.00471504
0.00382231
0.00652745
0.0062197
0.00618738
0.0061071
0.005862
0.00562883
0.00545493
0.00531354
0.00517936
0.00505131
0.0049422
0.00486407
0.00482292
0.00481316
0.00482455
0.00484945
0.00488799
0.0049482
0.00313168
0.00351329
0.00391878
0.00279864
0.00321578
0.00364661
0.0026573
0.00305089
0.00342869
0.0046969
0.00787617
0.0067113
0.00623121
0.00606369
0.00592576
0.00584776
0.00582283
0.00580575
0.00576704
0.00570848
0.00564089
0.00557546
0.00551997
0.00547389
0.00543469
0.00540273
0.00538483
0.00564091
0.00972648
0.00756487
0.00644294
0.00615105
0.00612444
0.00623071
0.00637208
0.00649781
0.00657976
0.00660898
0.00659197
0.00653907
0.00645971
0.00636052
0.00624862
0.00613427
0.00660484
0.0118026
0.00874804
0.00692901
0.00646915
0.0065525
0.00684005
0.00717588
0.00747939
0.00770821
0.00784193
0.00788265
0.00783609
0.00771667
0.00753922
0.00732298
0.00742411
0.0136409
0.0100483
0.00771563
0.00710618
0.00731309
0.00780974
0.00836552
0.00886863
0.00925674
0.00949557
0.00958425
0.00952428
0.00933689
0.00904799
0.0080064
0.0148387
0.0111776
0.00873803
0.00816292
0.00854949
0.00928231
0.0100712
0.0107682
0.0112921
0.0116051
0.0117003
0.0115823
0.0112866
0.00135127
0.00153358
0.00839882
0.0149194
0.0119608
0.00997078
0.00971999
0.0103776
0.0113661
0.0123572
0.0131834
0.0137625
0.0140731
0.0140903
0.0138527
0.00867153
0.0145258
0.0126161
0.0115131
0.0117774
0.0127885
0.0139863
0.0150635
0.0158812
0.0164008
0.0165651
0.0164203
0.00858551
0.0139499
0.0133686
0.0132872
0.0141729
0.0154576
0.0166828
0.0176729
0.0183047
0.0185773
0.0185149
0.00825976
0.0134923
0.0139187
0.014893
0.016229
0.0175007
0.0185081
0.0191551
0.0194589
0.0194284
0.00642536
0.0116036
0.0131879
0.0150281
0.0163521
0.0172088
0.0177957
0.0180326
0.0180069
0.00519875
0.00769532
0.00832793
0.00897848
0.00935704
0.0095812
0.00963536
0.00954732
0.00536005
0.00394174
0.00367532
0.00360725
0.00356113
0.00347844
0.00333919
0.00315044
0.00293579
0.00272684
0.00256739
0.00249177
0.00252571
0.00265712
0.0028516
0.00306919
0.00327298
0.00338642
0.0056392
0.00431872
0.00406314
0.00400166
0.00392613
0.00379115
0.00359716
0.00336536
0.00312203
0.00289504
0.00272405
0.0026393
0.00266591
0.00279219
0.00298264
0.00319512
0.003392
0.00334435
0.00570065
0.00463926
0.00445914
0.00440803
0.00429097
0.00409266
0.00384331
0.00357522
0.00331141
0.00307308
0.00289495
0.00280274
0.00282004
0.00293537
0.00311368
0.00331333
0.00349906
0.00304954
0.0055177
0.00489888
0.00484576
0.00480757
0.00463517
0.00436975
0.0040739
0.00378232
0.00350865
0.00326684
0.00308684
0.00299005
0.00299774
0.00309834
0.00325875
0.00344038
0.00361235
0.00274461
0.00521384
0.00508924
0.00519699
0.00516403
0.00492944
0.00460989
0.00428926
0.00399266
0.00372195
0.0034852
0.00330906
0.00321137
0.00321014
0.00329365
0.00343196
0.00359135
0.00374674
0.00343123
0.00354499
0.00364776
0.00375739
0.00388699
0.00252777
0.00494996
0.00521968
0.00547177
0.00542945
0.00514911
0.00481061
0.00449757
0.00421801
0.00396393
0.00374098
0.00357424
0.00347894
0.00346942
0.00353391
0.00364654
0.00377982
0.00391527
0.00404745
0.00352133
0.00363859
0.00375047
0.00387283
0.00401412
0.00418238
0.00260803
0.00491623
0.00532991
0.00563199
0.00557562
0.00529356
0.0049862
0.00471697
0.00447682
0.00425304
0.00405255
0.00390001
0.00380901
0.00379056
0.00383347
0.0039167
0.00401975
0.00413097
0.0042502
0.00438654
0.00352697
0.00366701
0.00381237
0.00396748
0.00413904
0.00433234
0.00347147
0.00365593
0.00384804
0.00405574
0.00427638
0.00337538
0.0036202
0.00388227
0.00415785
0.00328482
0.00360686
0.0039467
0.00304676
0.00528609
0.00547469
0.00568612
0.0056235
0.00539506
0.0051682
0.00497512
0.00479497
0.00461539
0.00444632
0.00431192
0.0042253
0.0041952
0.00421236
0.00426126
0.00432868
0.00440958
0.00450855
0.00375645
0.00617907
0.00577226
0.00571484
0.00564509
0.00551136
0.00539946
0.00530842
0.00520781
0.00508754
0.00496003
0.00484779
0.00476409
0.00471708
0.00470143
0.00470811
0.00473097
0.00477152
0.00289655
0.00327278
0.00366839
0.00256988
0.00298512
0.00340855
0.00284972
0.00323287
0.0046021
0.00757042
0.00632814
0.00585235
0.00573522
0.00570964
0.00573851
0.0057674
0.00576281
0.00572065
0.00564738
0.00556218
0.00547893
0.00540681
0.00534663
0.00529728
0.00526037
0.00555072
0.00938761
0.0072497
0.00620108
0.00599331
0.00606848
0.00623496
0.006403
0.00652485
0.00658233
0.00657863
0.00652694
0.00644022
0.00633121
0.00620846
0.00608078
0.00646115
0.011318
0.00847499
0.00684289
0.00649
0.00665255
0.00697517
0.00730665
0.00757777
0.00775781
0.00783541
0.0078204
0.00772214
0.0075588
0.00734844
0.00720181
0.0129925
0.00979623
0.00776359
0.00731034
0.00757336
0.00806712
0.00858162
0.00901935
0.00932774
0.00948767
0.00949804
0.00936838
0.00912514
0.0077409
0.0141193
0.0109645
0.00892356
0.00852152
0.00893248
0.00961967
0.0103254
0.0109194
0.0113343
0.0115445
0.0115405
0.0113421
0.00142791
0.00813793
0.0143225
0.011846
0.0102677
0.0101504
0.0107936
0.0116917
0.0125578
0.0132481
0.0137046
0.0138815
0.0137968
0.00841775
0.0140492
0.0126039
0.0118193
0.0121525
0.0131008
0.0141686
0.0150963
0.0157824
0.0161369
0.0161837
0.00831721
0.0136192
0.0133633
0.0134446
0.0143407
0.0155186
0.0166284
0.0174488
0.0179366
0.0180849
0.00796527
0.0131497
0.013737
0.0147799
0.0160719
0.017248
0.0181392
0.0186695
0.0188628
0.00620539
0.0110826
0.0127489
0.0145777
0.0159031
0.0167183
0.0172372
0.0173991
0.00505595
0.00740581
0.00803022
0.00865356
0.00900429
0.00922522
0.00926454
0.00281846
0.00442184
0.00362173
0.00345666
0.00340435
0.00336152
0.00328583
0.00316292
0.0029982
0.00280888
0.00262237
0.00248339
0.0024244
0.00246981
0.00260614
0.00280011
0.0030142
0.00321339
0.00297404
0.00458409
0.00390853
0.00380571
0.00376302
0.00368937
0.00356451
0.00339523
0.00319539
0.00298196
0.00277872
0.00262754
0.0025582
0.00259586
0.00272745
0.00291869
0.00312972
0.00332553
0.0028458
0.00457734
0.00417049
0.00416515
0.00413436
0.00401694
0.00383615
0.00362271
0.00339461
0.00316347
0.0029487
0.00278908
0.00271095
0.00273932
0.0028613
0.00304277
0.00324408
0.00343237
0.00259773
0.00445608
0.00440255
0.0045234
0.00449493
0.00432325
0.00409016
0.00384445
0.0035992
0.00335894
0.00313898
0.00297575
0.00289201
0.00291087
0.00301945
0.00318508
0.00337056
0.00354711
0.00236351
0.00430314
0.0046055
0.00484714
0.00480488
0.00458466
0.00432059
0.00406366
0.00381631
0.00357677
0.0033588
0.00319718
0.00311134
0.00312083
0.00321259
0.00335671
0.00352049
0.00368075
0.00336863
0.00348092
0.00358749
0.00370037
0.00382897
0.00227457
0.00424388
0.00478219
0.00508888
0.0050287
0.0047915
0.00453255
0.00429082
0.00405791
0.00382957
0.0036208
0.00346545
0.00337984
0.00337918
0.00345039
0.00356754
0.00370407
0.00384339
0.00398254
0.00346171
0.00358447
0.00370438
0.00383069
0.00396983
0.00412956
0.00247678
0.004436
0.0049384
0.00522572
0.00516505
0.00495808
0.00474453
0.00454421
0.00434199
0.00413547
0.00394284
0.00379692
0.00371157
0.00369805
0.00374416
0.00382908
0.00393335
0.00404711
0.00417219
0.00348318
0.00363742
0.00379068
0.00394854
0.004116
0.00346128
0.00365807
0.00386173
0.00406975
0.00340794
0.00367031
0.00394006
0.00305227
0.00337495
0.00371079
0.0029897
0.00497332
0.00512716
0.00529739
0.00525569
0.00512172
0.00498638
0.00484986
0.00469387
0.00452041
0.0043505
0.00421551
0.00412806
0.00409689
0.00411222
0.00415902
0.00422523
0.00430747
0.00369302
0.00595331
0.0054767
0.00540053
0.00537161
0.00533276
0.00529876
0.00524166
0.00514825
0.00502058
0.00488058
0.00475732
0.00466369
0.00460762
0.00458391
0.00458425
0.00460376
0.00265524
0.00303152
0.00342182
0.0027537
0.00317273
0.00303444
0.00454822
0.00735941
0.00610392
0.005651
0.0056014
0.00565498
0.00572527
0.0057649
0.00575173
0.00568518
0.00558487
0.00547528
0.00536987
0.00527878
0.0052035
0.00514375
0.00546172
0.00909777
0.00708863
0.00614033
0.00600103
0.00613041
0.00631794
0.00647518
0.00656474
0.00657968
0.00653105
0.00643728
0.00631377
0.00617442
0.00602928
0.00629714
0.0108869
0.00834723
0.00690697
0.0066477
0.00684381
0.00715743
0.00745005
0.00766397
0.00777647
0.00779061
0.00771398
0.00756331
0.00735839
0.00697528
0.0124446
0.00968196
0.00795307
0.00760696
0.00787851
0.00833009
0.00877414
0.00912673
0.00934377
0.00941745
0.0093476
0.00915195
0.00749402
0.0135368
0.0108789
0.00920154
0.0089108
0.00930306
0.00991311
0.0105146
0.0109939
0.0112975
0.0113988
0.011303
0.00790424
0.0138414
0.0118353
0.0105837
0.0105486
0.0111405
0.0119267
0.012659
0.0132191
0.0135366
0.0136
0.00818292
0.0136663
0.0126194
0.0120855
0.0124473
0.0133049
0.0142364
0.0150274
0.015548
0.0157763
0.00807804
0.0133212
0.013339
0.0135441
0.0144036
0.0154826
0.0164348
0.0171112
0.0174687
0.00766475
0.0128123
0.0135363
0.0145911
0.0158292
0.0168994
0.017673
0.0180929
0.00600564
0.0105699
0.0122975
0.0141009
0.015408
0.0161628
0.0166085
0.00490846
0.00712283
0.00773916
0.0083286
0.00865402
0.00885848
0.00250102
0.00371594
0.00336824
0.00329748
0.00326547
0.00322852
0.00315788
0.00304565
0.00289545
0.00272047
0.00254689
0.00242063
0.00237241
0.00242445
0.00256199
0.00275392
0.00296549
0.00316363
0.00251262
0.00377352
0.00361285
0.00362058
0.0035989
0.00352808
0.00341181
0.00325971
0.00307994
0.00288317
0.00269287
0.00255387
0.00249498
0.00253951
0.00267384
0.00286549
0.00307696
0.00327489
0.00236466
0.00375902
0.00384717
0.00396033
0.00394069
0.00382448
0.00366072
0.00347415
0.00327088
0.00305767
0.00285514
0.0027068
0.00263923
0.00267549
0.00280231
0.00298684
0.00319098
0.00338325
0.00217893
0.00370527
0.00408135
0.00429694
0.00426274
0.00409926
0.00389897
0.0036904
0.00347315
0.00325023
0.00304113
0.0028882
0.00281519
0.00284307
0.00295817
0.0031284
0.0033175
0.00349804
0.0020463
0.00368578
0.00430814
0.00458757
0.00453093
0.00433986
0.00412717
0.00391448
0.00369475
0.00346975
0.00326042
0.0031078
0.0030321
0.00305068
0.00314923
0.00329778
0.00346419
0.00362706
0.00332092
0.00343592
0.00354549
0.00365784
0.00378035
0.00208603
0.00380871
0.00450783
0.00479369
0.00473173
0.00454981
0.00435532
0.00415821
0.00394792
0.00372898
0.0035254
0.00337674
0.00329908
0.00330545
0.00338157
0.00350122
0.00363852
0.00377891
0.00392166
0.0034224
0.00355129
0.00367522
0.00379974
0.00393106
0.00241037
0.00416346
0.00468221
0.00492381
0.0048846
0.00475072
0.00460292
0.00443954
0.00425047
0.00404599
0.0038532
0.00370954
0.00362785
0.00361708
0.00366435
0.00374863
0.00385157
0.00396514
0.00346615
0.00362791
0.00378265
0.00393653
0.00346952
0.0036776
0.00388361
0.00318986
0.0034596
0.00373111
0.00281043
0.00313906
0.0034765
0.00294701
0.00481527
0.00490707
0.00503814
0.00503659
0.00497817
0.0048977
0.00478329
0.00462738
0.0044462
0.00426814
0.00412818
0.0040377
0.00400323
0.0040147
0.00405734
0.00412035
0.00366723
0.00583165
0.00531412
0.00523589
0.00526069
0.00528274
0.0052765
0.00522237
0.00511264
0.00496473
0.00480541
0.00466689
0.0045612
0.00449427
0.00446112
0.00445402
0.00278518
0.00317465
0.00293528
0.00450752
0.0072135
0.0060169
0.00560504
0.00560116
0.00569157
0.00577117
0.00579532
0.00575091
0.0056491
0.00551482
0.00537629
0.00524746
0.00513681
0.00504654
0.00536077
0.00885796
0.00705851
0.00620935
0.00612426
0.00626952
0.0064419
0.00656087
0.00659956
0.00655863
0.00645927
0.00632085
0.0061606
0.00599244
0.00612741
0.0105298
0.0083389
0.00709026
0.0068902
0.00708062
0.00735261
0.0075821
0.00772231
0.00776018
0.00770323
0.00756442
0.00736363
0.00676346
0.0120055
0.00967748
0.00821678
0.00794371
0.0081885
0.00857064
0.0089251
0.00917778
0.009302
0.00928531
0.00913853
0.0072761
0.0130728
0.0108862
0.00951026
0.00928936
0.0096324
0.0101453
0.0106313
0.0109924
0.0111797
0.0111783
0.0076951
0.0134594
0.0118605
0.0108853
0.0108888
0.0114056
0.0120695
0.0126664
0.0130894
0.0132818
0.00795844
0.0133398
0.0126555
0.0122937
0.0126525
0.0134079
0.0142038
0.0148372
0.0152222
0.00785657
0.0130675
0.0132807
0.0135725
0.0143822
0.0153312
0.0161403
0.016682
0.00737843
0.012473
0.0133007
0.0143524
0.0155135
0.01647
0.0171294
0.00580481
0.010079
0.0118448
0.0136036
0.0148644
0.0155558
0.00476653
0.0068442
0.00744857
0.00800449
0.00830682
0.00213209
0.00320729
0.00319056
0.00318669
0.00317285
0.0031375
0.0030693
0.00296434
0.00282367
0.00265801
0.00249309
0.00237576
0.00233633
0.00239183
0.00252828
0.00271761
0.0029282
0.00312822
0.00207541
0.00323234
0.0034131
0.00349798
0.00348602
0.00341388
0.0033045
0.00316595
0.00299902
0.00281254
0.00263089
0.00250005
0.00245022
0.00249891
0.00263424
0.00282619
0.00303924
0.00324091
0.0019563
0.00322557
0.00364937
0.00382412
0.00379899
0.00368413
0.00353745
0.00337162
0.00318396
0.00298091
0.00278641
0.00264583
0.00258809
0.00263016
0.00276031
0.00294731
0.00315424
0.00335019
0.00184648
0.00324132
0.00389929
0.00413392
0.00408471
0.00393696
0.00376756
0.00358555
0.00338443
0.0031701
0.00296775
0.00282246
0.00276006
0.00279528
0.0029154
0.00308884
0.00327995
0.00346234
0.00181752
0.00334517
0.00413741
0.00438635
0.00432512
0.00417071
0.00400011
0.0038155
0.00360898
0.00338953
0.00318485
0.00303921
0.00297389
0.00299996
0.00310354
0.00325424
0.00342057
0.00358303
0.00329088
0.00340861
0.00351818
0.00362587
0.00373792
0.00199252
0.00361009
0.00433487
0.00457154
0.00452582
0.00439681
0.0042475
0.00407374
0.00387016
0.00365201
0.00344999
0.00330579
0.00323624
0.00324812
0.00332711
0.00344648
0.00358148
0.0037197
0.00340405
0.00353519
0.00365808
0.00377573
0.00237714
0.0040644
0.00452258
0.00472181
0.0047148
0.00463823
0.00452889
0.00437765
0.00418584
0.00397536
0.00377899
0.00363513
0.00355656
0.00354698
0.00359333
0.00367448
0.00377338
0.00346467
0.00362931
0.00378186
0.00327485
0.0034957
0.00370785
0.00296064
0.00324327
0.00352325
0.00289409
0.00323741
0.00294669
0.00477256
0.00479442
0.00490407
0.0049467
0.00493445
0.00487155
0.00475065
0.0045807
0.00438421
0.00419456
0.00404699
0.00395273
0.00391353
0.00391942
0.0039561
0.00366545
0.00578298
0.00527044
0.00519952
0.00525625
0.00530188
0.00529699
0.00522396
0.00508771
0.00491217
0.00473015
0.00457388
0.00445559
0.00437704
0.00433373
0.00292193
0.00446335
0.00711889
0.00603784
0.00567324
0.0056966
0.00579111
0.00585091
0.00583795
0.0057491
0.00560403
0.0054328
0.00526389
0.00511203
0.00498252
0.0052533
0.00867413
0.00711051
0.00638251
0.00632016
0.00644957
0.00657996
0.00664142
0.00661496
0.00651517
0.00636145
0.00617796
0.00598335
0.00596568
0.0102551
0.00839595
0.00734342
0.00717411
0.00733006
0.00753729
0.00768734
0.00774226
0.00770236
0.00757357
0.00737491
0.00657677
0.011664
0.00972792
0.00851765
0.0082835
0.00847651
0.00877129
0.00902454
0.00917516
0.00920013
0.00909634
0.00708415
0.0127137
0.0109368
0.00981783
0.00963012
0.00990432
0.0103089
0.0106743
0.0109152
0.0109896
0.00750491
0.0131344
0.0119199
0.0111468
0.0111582
0.0115864
0.0121238
0.0125892
0.0128745
0.00775617
0.0130668
0.0126766
0.0124379
0.0127715
0.0134091
0.014069
0.0145599
0.00762371
0.0128189
0.0131824
0.0135413
0.0142733
0.0150905
0.0157634
0.00710098
0.0121335
0.013034
0.0140629
0.015133
0.0159763
0.00561996
0.00959367
0.0113838
0.0130886
0.0142791
0.00461896
0.00657588
0.0071629
0.00768247
0.0017791
0.00289708
0.0030715
0.00311848
0.00311012
0.0030713
0.00300475
0.00290632
0.00277328
0.00261479
0.00245782
0.00234752
0.00231671
0.00237319
0.0025067
0.00269343
0.00290385
0.00310752
0.00171903
0.00290628
0.00329859
0.00342309
0.00340385
0.00332827
0.00322683
0.00309965
0.00294242
0.00276345
0.00258968
0.00246512
0.00242348
0.00247425
0.00260941
0.00280104
0.00301587
0.00322143
0.00164788
0.00293205
0.00355228
0.00373055
0.00368848
0.00357936
0.00345053
0.00330056
0.00312313
0.00292691
0.00273973
0.00260538
0.00255694
0.00260301
0.00273492
0.00292323
0.00313181
0.0033298
0.00161361
0.00302385
0.0038101
0.00400641
0.00394746
0.00382164
0.00367903
0.00351473
0.00332197
0.00311251
0.00291641
0.00277779
0.00272579
0.00276673
0.00289015
0.0030646
0.00325521
0.00343647
0.0016983
0.00324328
0.00403324
0.00423203
0.00417881
0.00406063
0.00392054
0.00375073
0.00354807
0.00333009
0.00313013
0.00299045
0.00293566
0.00296761
0.00307425
0.00322426
0.00338697
0.00354564
0.00327819
0.00339477
0.00350129
0.00360051
0.00196081
0.00358869
0.00422713
0.00442064
0.00439808
0.00431135
0.00418828
0.00402071
0.00381423
0.0035928
0.00339206
0.0032517
0.00318995
0.00320602
0.00328554
0.00340154
0.00353098
0.00340026
0.00353144
0.00364778
0.0023847
0.00407635
0.00444484
0.0046156
0.00464349
0.00460166
0.00450024
0.00434181
0.00413834
0.00391797
0.00371734
0.0035722
0.00349621
0.00348657
0.00353
0.0036055
0.00329597
0.00347767
0.00363938
0.00306817
0.00330765
0.00353267
0.00301547
0.00330903
0.00298867
0.00296476
0.00478936
0.00477777
0.00487599
0.00493992
0.00494178
0.00487489
0.00473719
0.00454464
0.00432893
0.00412687
0.00397054
0.00387197
0.00382698
0.00382597
0.00366461
0.00578736
0.00531346
0.00526156
0.00532886
0.00537143
0.00534435
0.00523736
0.00506454
0.00485749
0.00465205
0.00447736
0.0043465
0.00425619
0.00441336
0.00706849
0.00614029
0.00582785
0.00585312
0.00592528
0.00594366
0.00587902
0.00573706
0.00554577
0.00533722
0.00513831
0.00496483
0.00514757
0.00854735
0.00724122
0.00661611
0.00655464
0.00664419
0.00671367
0.00670447
0.00660809
0.00644438
0.00623757
0.00601132
0.00582319
0.0100497
0.00852427
0.00763047
0.00746826
0.00756893
0.00769584
0.00775643
0.00772339
0.00760185
0.00740409
0.00641428
0.0114053
0.00983571
0.00882274
0.00860095
0.00872566
0.00892229
0.00906747
0.00911448
0.00904279
0.00691671
0.0124232
0.0110228
0.010098
0.00991793
0.0101113
0.0104023
0.0106469
0.0107673
0.00733104
0.0128654
0.0119748
0.0113556
0.0113533
0.0116842
0.0120981
0.0124245
0.00755085
0.012815
0.0126709
0.0125199
0.0128017
0.0133406
0.0138505
0.0073922
0.0125735
0.0130286
0.0134292
0.0140819
0.0147758
0.00684132
0.0117804
0.0127351
0.0137277
0.0146994
0.0054273
0.009145
0.010926
0.0125607
0.00448038
0.00630906
0.00687952
0.00149877
0.00271852
0.00301416
0.0030803
0.0030636
0.00301926
0.00295626
0.00286497
0.00273889
0.00258754
0.002441
0.00233892
0.00231227
0.00236896
0.00250013
0.00268157
0.00289196
0.00310074
0.00146137
0.00274915
0.00325972
0.00337453
0.00333727
0.00326171
0.00317062
0.00305398
0.00290437
0.0027324
0.00256803
0.00245129
0.00241615
0.0024672
0.00260016
0.00278981
0.00300499
0.00321328
0.00144248
0.00283182
0.0035193
0.00365614
0.00359976
0.00350259
0.00339095
0.00325312
0.00308226
0.00289183
0.00271261
0.00258671
0.00254753
0.00259505
0.00272738
0.00291446
0.00312068
0.00331813
0.00148853
0.00301474
0.00376057
0.00390497
0.00384661
0.00374469
0.00362294
0.00346878
0.00327951
0.00307354
0.00288469
0.00275387
0.00271359
0.00275839
0.00288274
0.00305452
0.00323992
0.003417
0.00166683
0.00327421
0.00397193
0.00412392
0.00408591
0.00399794
0.00387585
0.00370982
0.00350551
0.00328788
0.00309344
0.00296012
0.00291593
0.00295352
0.0030598
0.0032049
0.00336095
0.00327613
0.00339124
0.00349011
0.00197262
0.00363773
0.00417949
0.00434016
0.00434367
0.00428125
0.00416171
0.00398851
0.00377355
0.00354776
0.00334902
0.00321303
0.00315811
0.00317691
0.00325497
0.00336462
0.00325711
0.00340618
0.00353293
0.00241877
0.00414811
0.0044426
0.00459356
0.00463605
0.00460169
0.0044962
0.00432201
0.00410159
0.00386994
0.0036654
0.00351907
0.00344538
0.0034345
0.00347307
0.00311573
0.00331821
0.00349876
0.00310691
0.00335113
0.00308248
0.00299559
0.00486062
0.00482943
0.00492775
0.00499401
0.00498912
0.00490055
0.00473344
0.0045128
0.00427651
0.00406219
0.00389743
0.00379431
0.00374286
0.00366052
0.00582165
0.00543648
0.00539379
0.00545207
0.00546938
0.00540309
0.00525155
0.00503675
0.00479729
0.00456886
0.00437682
0.00423385
0.00436072
0.00706734
0.00630346
0.00603519
0.00604347
0.00607317
0.00603477
0.00590898
0.00570979
0.00547161
0.00522711
0.00500077
0.00505317
0.0084716
0.00741783
0.00688088
0.00680207
0.00683431
0.00682966
0.00674138
0.00657249
0.0063458
0.00608882
0.00569836
0.00990937
0.0086844
0.00792442
0.00775031
0.00778164
0.0078184
0.00778275
0.00766229
0.00746216
0.00627605
0.0112063
0.00996406
0.00910877
0.00888015
0.0089262
0.00901923
0.00905652
0.008999
0.00676459
0.0121913
0.0111094
0.0103366
0.0101455
0.0102512
0.0104273
0.0105508
0.00717453
0.0126221
0.0120118
0.0115061
0.0114736
0.0117061
0.0119935
0.00734116
0.0125845
0.0126419
0.0125268
0.01277
0.0131802
0.00717367
0.0123022
0.0128495
0.0132594
0.0138274
0.00659233
0.011428
0.0124086
0.0133545
0.00524995
0.00869369
0.0104688
0.00433601
0.00605367
0.00130399
0.00264679
0.0030034
0.00305757
0.00302314
0.00297668
0.00292042
0.00283697
0.00271776
0.00257645
0.00243785
0.00233936
0.00231834
0.00237385
0.00250015
0.00267945
0.00288956
0.00310027
0.00130022
0.00272604
0.00326015
0.00333395
0.00328042
0.00321124
0.00313214
0.00302469
0.00288152
0.00271866
0.00256322
0.00244984
0.00241786
0.00246791
0.00259946
0.002788
0.00300284
0.00321183
0.0013354
0.00287347
0.00351038
0.00359201
0.00353146
0.00345049
0.0033539
0.00322391
0.00305743
0.00287366
0.00270548
0.00258348
0.00254754
0.00259645
0.00272824
0.00291378
0.00311827
0.00331139
0.0014645
0.00309
0.00373441
0.00382981
0.00378077
0.00370077
0.00359188
0.00344128
0.00325265
0.00305017
0.00287193
0.00274858
0.00271274
0.00276047
0.00288486
0.00305327
0.00323198
0.00168008
0.00338777
0.00394722
0.00406503
0.00404609
0.00397575
0.00385592
0.00368554
0.00347687
0.00325999
0.00307147
0.00294911
0.0029118
0.00295155
0.00305711
0.00319491
0.00314987
0.00328165
0.00339105
0.00201271
0.00376199
0.00418564
0.00432364
0.00433679
0.0042792
0.00415624
0.00396975
0.00374383
0.00351375
0.00331833
0.00318691
0.00313852
0.00315928
0.00323349
0.00309882
0.00327511
0.00341941
0.00246708
0.00426439
0.00449621
0.00463414
0.00467575
0.00463412
0.00450882
0.00431122
0.00407099
0.00382825
0.00362052
0.00347426
0.00340254
0.00338926
0.00314683
0.00334905
0.00315599
0.00302554
0.00495508
0.00495007
0.00503733
0.00508972
0.00505974
0.00493595
0.00473188
0.00448067
0.00422407
0.00399846
0.00382658
0.00371866
0.00365095
0.00589954
0.00560812
0.00557161
0.00560421
0.00557937
0.00546175
0.00525779
0.00500063
0.00472932
0.00447933
0.00427206
0.00431425
0.00708652
0.00650546
0.00627092
0.00624689
0.00621942
0.00611373
0.00591977
0.00566421
0.00538065
0.00510294
0.00497056
0.00844234
0.0076192
0.00715394
0.00704357
0.0070064
0.00691935
0.00674876
0.00650723
0.00622079
0.00559456
0.0098136
0.00885856
0.00820524
0.00800521
0.00795828
0.00789996
0.0077688
0.00756034
0.00615258
0.0110555
0.0100924
0.00936169
0.00911187
0.00907335
0.00906069
0.00899103
0.0066307
0.0119909
0.011183
0.0105255
0.01031
0.0103257
0.010389
0.00702503
0.012402
0.0120186
0.0115966
0.0115254
0.0116618
0.00714027
0.012365
0.0125591
0.0124903
0.0126577
0.00696159
0.012026
0.0126409
0.0130376
0.00635245
0.0110585
0.0120609
0.00506811
0.00828487
0.00420057
0.00298281
0.0011917
0.00266116
0.00302234
0.00303569
0.00298567
0.00294314
0.00289599
0.00282049
0.00271061
0.00257498
0.00244499
0.00235359
0.00233471
0.00238832
0.00251057
0.0026842
0.00289231
0.00310575
0.00122589
0.00280147
0.00327418
0.00329377
0.00323407
0.0031767
0.00310904
0.00300937
0.00287388
0.0027164
0.00256863
0.00246132
0.00243164
0.00248051
0.00260924
0.00279438
0.00300646
0.00321347
0.00132707
0.00299639
0.0035061
0.00354037
0.00348562
0.0034216
0.00333544
0.00320941
0.00304726
0.00286968
0.0027074
0.00259292
0.00256179
0.00261162
0.00274263
0.00292397
0.0031211
0.00148062
0.00323744
0.00372589
0.00378794
0.00375308
0.00368664
0.00358099
0.0034273
0.00323827
0.0030426
0.0028702
0.00275491
0.00272682
0.0027778
0.00290095
0.00306173
0.00172934
0.00353106
0.00395909
0.00405323
0.00404087
0.00397435
0.00385217
0.00367286
0.00345906
0.00324302
0.00306515
0.00294816
0.00291885
0.00296227
0.00306394
0.0030108
0.00316497
0.00329118
0.00207287
0.00390244
0.00423796
0.004355
0.0043664
0.00430256
0.00416324
0.00395973
0.00372144
0.0034884
0.00329657
0.00317198
0.00313108
0.0031518
0.00312722
0.00329848
0.00251873
0.0043953
0.00460461
0.00472247
0.00474966
0.00468533
0.00453029
0.00430391
0.00404318
0.00379034
0.00358079
0.0034361
0.00336536
0.00318585
0.00304888
0.0050772
0.0051125
0.00518579
0.00520996
0.00514071
0.0049723
0.00472703
0.00444515
0.00416966
0.00393409
0.00375664
0.00364446
0.00599672
0.00581249
0.00577501
0.00576853
0.00568912
0.00551203
0.00525384
0.00495343
0.00465253
0.00438338
0.00427189
0.00714797
0.00672748
0.00651584
0.00644779
0.00635279
0.00617322
0.00591128
0.00559882
0.00527346
0.00490392
0.00844581
0.00782814
0.00741844
0.00726571
0.00715127
0.00697802
0.00672482
0.00641306
0.00550329
0.00975393
0.00902991
0.0084597
0.00822326
0.00809293
0.00793579
0.00771236
0.00604572
0.0109316
0.0102083
0.00957277
0.00929172
0.00916591
0.00904874
0.00650484
0.0118108
0.0112315
0.0106623
0.0104131
0.0103377
0.00688003
0.0121895
0.0119998
0.0116289
0.0115135
0.00694149
0.012145
0.0124372
0.0123843
0.0067588
0.0117318
0.012403
0.00612905
0.0106759
0.00489666
0.00285632
0.00278804
0.00299444
0.00115329
0.0027502
0.00304493
0.00300914
0.00295317
0.00291984
0.00288301
0.00281582
0.00271034
0.00258412
0.00246354
0.00237707
0.00235901
0.00241037
0.00252761
0.0026957
0.00290066
0.00311362
0.00123285
0.0029328
0.0032798
0.00325764
0.00320214
0.00315909
0.00310138
0.00300574
0.00287373
0.00272511
0.00258618
0.00248349
0.00245463
0.00250221
0.00262855
0.00280964
0.00301595
0.00135145
0.00314256
0.00350479
0.0035104
0.00346733
0.00341364
0.00333124
0.00320628
0.00304604
0.00287521
0.00272272
0.00261463
0.00258707
0.00263877
0.00276876
0.00294347
0.00153938
0.00338454
0.00373938
0.00377991
0.00374996
0.00368763
0.00358064
0.00342415
0.00323483
0.00304227
0.00288065
0.00277442
0.00275302
0.00280766
0.00292787
0.0017947
0.0036792
0.00400598
0.00407782
0.00406399
0.00399325
0.00385917
0.00366932
0.00344859
0.0032372
0.00306505
0.00295932
0.00293811
0.00298361
0.00303387
0.00318238
0.00213672
0.00405001
0.00433047
0.00442521
0.00442394
0.00434132
0.00417852
0.00395399
0.00370396
0.0034689
0.00328263
0.00316701
0.00313007
0.00316094
0.00256509
0.00454184
0.00474825
0.0048438
0.00484421
0.0047456
0.00455365
0.00429616
0.00401557
0.00375447
0.00354444
0.00340208
0.00307241
0.00521635
0.0053029
0.00535715
0.00534119
0.00522222
0.00500334
0.00471549
0.00440412
0.00411205
0.0038685
0.00363807
0.00611845
0.00603393
0.00598805
0.00593218
0.00578942
0.00554895
0.00523482
0.00489417
0.00456689
0.00423997
0.00723119
0.00695457
0.00675554
0.00663461
0.00646528
0.00620887
0.00587923
0.00551406
0.00484701
0.0084671
0.00803267
0.00766232
0.00745929
0.00726316
0.00700018
0.00666914
0.00542636
0.00971347
0.00918795
0.00867886
0.00839903
0.00818266
0.00793044
0.00594698
0.0108241
0.010301
0.00973809
0.00941869
0.0092054
0.00638951
0.0116346
0.0112508
0.0107475
0.010457
0.00673131
0.0119833
0.0119356
0.0116104
0.00675169
0.0119069
0.0122774
0.00655691
0.01143
0.0059229
0.00268878
0.00287404
0.00262247
0.00280076
0.00300681
0.00117297
0.00287
0.00305182
0.0029823
0.0029299
0.00290916
0.00288017
0.00281732
0.0027198
0.00260339
0.00249117
0.00240754
0.00238872
0.00243849
0.00255004
0.00271324
0.00291304
0.00127268
0.00306329
0.0032791
0.00323477
0.00319026
0.00315537
0.00310156
0.0030098
0.00288386
0.00274407
0.00261338
0.0025135
0.00248466
0.00253201
0.00265788
0.00283375
0.0014182
0.00327461
0.00351432
0.00350448
0.00346597
0.00341789
0.00333655
0.00321103
0.00305397
0.00289113
0.00274782
0.00264541
0.00262189
0.00267746
0.00280641
0.00160932
0.0035246
0.00377744
0.00379904
0.00376925
0.00370512
0.00359104
0.00342778
0.00323724
0.00305245
0.00290052
0.00280359
0.00278959
0.00284841
0.00186472
0.00382689
0.00408255
0.00413347
0.00410993
0.00402509
0.00387383
0.0036694
0.00344498
0.00323652
0.0030747
0.0029796
0.0029657
0.00305827
0.00219682
0.00420392
0.00445237
0.00452315
0.00449892
0.00438822
0.0041964
0.00394982
0.00368899
0.00345403
0.00327458
0.00316651
0.00260977
0.00469865
0.00491599
0.00498519
0.00494866
0.00480719
0.00457414
0.00428511
0.0039865
0.00371925
0.00351022
0.00309421
0.00537147
0.00550808
0.00553832
0.00547279
0.005297
0.00502487
0.00469451
0.00435667
0.00405072
0.00363849
0.00625471
0.00625985
0.00619858
0.00608545
0.00587371
0.00556514
0.00520042
0.00482279
0.00421641
0.00732601
0.00717586
0.00697947
0.00679909
0.00655169
0.00621755
0.0058242
0.00479988
0.00850499
0.00822292
0.00787712
0.0076186
0.00733869
0.00699017
0.00535658
0.00968285
0.00932256
0.00885858
0.00852996
0.00822709
0.0058576
0.0107178
0.0103662
0.00985695
0.00949323
0.00627517
0.0114614
0.0112403
0.0107799
0.00658793
0.01177
0.0118364
0.00656356
0.0116575
0.00636472
0.00257363
0.0027093
0.00289152
0.00252014
0.0026441
0.00281545
0.00122532
0.0029721
0.00304898
0.00296305
0.00292118
0.00290747
0.00288423
0.00282768
0.00273789
0.00263116
0.00252581
0.00244259
0.00242172
0.00247179
0.00257927
0.00273753
0.0013416
0.00316331
0.0032833
0.00322978
0.00318994
0.00316202
0.00311168
0.00302234
0.00290218
0.00277145
0.00264758
0.00254909
0.00252099
0.00257152
0.00269827
0.00148695
0.00338522
0.00354285
0.00351909
0.00348301
0.0034356
0.00335092
0.00322311
0.00306926
0.00291513
0.00278007
0.00268322
0.00266583
0.00272796
0.00167845
0.00365812
0.00383962
0.00384333
0.00380726
0.00373378
0.00360798
0.00343655
0.0032467
0.00306928
0.00292757
0.00284027
0.002835
0.00193137
0.0039746
0.00418382
0.00421238
0.00417079
0.00406437
0.00389148
0.00367288
0.00344445
0.00324175
0.00309031
0.00300592
0.00225467
0.00436127
0.00459504
0.00463868
0.00458298
0.00443718
0.00421336
0.00394488
0.00367518
0.00344206
0.00326999
0.00265191
0.00486402
0.00509731
0.0051359
0.00505449
0.00486433
0.00458845
0.00426879
0.0039549
0.00368367
0.00311952
0.00553507
0.00571762
0.00571816
0.00559665
0.00535971
0.00503192
0.00466374
0.00430236
0.00364182
0.00639865
0.00647998
0.00639791
0.00622077
0.00593722
0.00556519
0.00514991
0.00419899
0.00742722
0.00738267
0.00718042
0.00693551
0.00660939
0.00620042
0.004759
0.00854687
0.00839025
0.00805876
0.00774003
0.0073754
0.00529412
0.0096522
0.00943032
0.00899748
0.00861497
0.00576998
0.0106109
0.0103998
0.00992831
0.0061645
0.0112823
0.0111941
0.00644161
0.0115456
0.00638402
0.00251866
0.00260703
0.00273025
0.0024598
0.00255365
0.00266777
0.00129242
0.00303826
0.00304774
0.00295787
0.00292094
0.00291511
0.00289717
0.00284539
0.00276327
0.00266596
0.0025654
0.00248021
0.00245687
0.00250898
0.00261597
0.00141067
0.00324137
0.00330204
0.00324027
0.00320506
0.00318006
0.00312962
0.00304147
0.0029272
0.00280526
0.00268654
0.00258884
0.00256435
0.00262264
0.00155766
0.00349043
0.00359117
0.0035545
0.00351555
0.00346297
0.00337145
0.0032404
0.00309049
0.00294477
0.00281717
0.00272697
0.00271899
0.00174545
0.00378983
0.00392244
0.00390721
0.0038582
0.00376927
0.00362856
0.00344902
0.00326032
0.00309107
0.00295923
0.00288285
0.001995
0.00412165
0.00430275
0.00430677
0.00424008
0.00410637
0.00390977
0.00367717
0.00344651
0.00325053
0.00310959
0.00230923
0.00452168
0.00475004
0.00476324
0.00466938
0.0044837
0.00422674
0.00393767
0.00366134
0.0034314
0.00269508
0.00503374
0.00528358
0.00528717
0.00515503
0.00491287
0.004593
0.00424672
0.00392008
0.00314612
0.00570274
0.00592394
0.00588886
0.00570667
0.00540667
0.00502725
0.00462232
0.00365085
0.00654393
0.00668535
0.00657626
0.00633324
0.00597883
0.00554399
0.00418558
0.0075281
0.00756629
0.00735203
0.00704016
0.00663422
0.00472334
0.00858535
0.00852958
0.00820331
0.00782161
0.00523365
0.00961649
0.00950522
0.00909247
0.0056852
0.0104974
0.0103984
0.0060516
0.0111024
0.00629918
0.0024802
0.00256146
0.002642
0.00243693
0.00249777
0.00258924
0.0013605
0.00308983
0.00305774
0.00296434
0.00293359
0.00293256
0.00291717
0.00286924
0.00279483
0.00270619
0.00260789
0.00251898
0.00249515
0.00255138
0.00147841
0.00331836
0.00333765
0.00326838
0.0032333
0.00320667
0.00315339
0.00306565
0.00295749
0.00284353
0.00272823
0.00263242
0.00261618
0.00162302
0.0035987
0.00365761
0.00360671
0.00355948
0.00349683
0.00339594
0.00326144
0.00311573
0.00297808
0.00285725
0.00277624
0.00180904
0.00392214
0.00402032
0.00398487
0.00391716
0.00380813
0.00365073
0.0034633
0.00327674
0.00311559
0.00299378
0.00205576
0.00426838
0.00443282
0.00440996
0.0043126
0.00414767
0.00392646
0.00368114
0.00344977
0.0032609
0.00236318
0.0046829
0.00491037
0.0048898
0.00475271
0.00452455
0.00423444
0.00392738
0.00364641
0.00273844
0.00520504
0.00546777
0.00543203
0.00524535
0.00494992
0.00458952
0.00421808
0.00317575
0.00586897
0.00611927
0.00604375
0.0057987
0.0054369
0.00500719
0.00366217
0.00668509
0.00687364
0.00672988
0.0064201
0.00599394
0.00417544
0.00762173
0.00772432
0.00748953
0.00711138
0.0046895
0.0086143
0.00863697
0.00830707
0.00517516
0.00957062
0.00954876
0.00559888
0.0103758
0.00594245
0.00243719
0.00252452
0.00260075
0.00247073
0.00247389
0.00253675
0.00141987
0.003144
0.00308259
0.00298597
0.00295768
0.00295785
0.00294285
0.00289815
0.00283142
0.00275014
0.00265134
0.00255853
0.00253786
0.00153811
0.00340363
0.00338999
0.00331119
0.00327178
0.00323955
0.00318133
0.00309367
0.0029915
0.00288427
0.00277104
0.00268044
0.00168325
0.00371217
0.00373812
0.00367141
0.00361113
0.00353455
0.0034227
0.00328477
0.0031435
0.00301294
0.00289902
0.00186857
0.00405201
0.00412844
0.00407119
0.00398009
0.00384767
0.00367275
0.0034782
0.0032944
0.00314103
0.00211466
0.00441377
0.00456847
0.00451642
0.00438405
0.00418569
0.00394013
0.00368345
0.0034529
0.00241674
0.00484353
0.00507012
0.00501264
0.00482906
0.00455748
0.00423609
0.0039134
0.00278303
0.00537359
0.00564384
0.00556518
0.00532204
0.00497472
0.00457533
0.0032067
0.00603004
0.00629863
0.00617866
0.00587038
0.00544667
0.00367491
0.00681667
0.00703889
0.00685568
0.00647954
0.00416622
0.00770352
0.00785554
0.00759274
0.00465638
0.00863045
0.00871669
0.00511527
0.0095122
0.00551367
0.00243131
0.00247762
0.00256314
0.00257812
0.00250737
0.00251014
0.00146984
0.00320825
0.00312292
0.0030208
0.00299122
0.00298936
0.00297299
0.00293109
0.00287171
0.00279585
0.00269401
0.00259972
0.00159079
0.00349696
0.00345585
0.00336557
0.00331782
0.00327672
0.00321208
0.00312426
0.00302771
0.00292543
0.00281409
0.00173817
0.00382696
0.00382862
0.00374462
0.00366738
0.00357402
0.00345028
0.00330921
0.00317213
0.00304759
0.00192686
0.00417898
0.00424249
0.00416177
0.0040437
0.0038858
0.00369338
0.00349261
0.00331176
0.00217215
0.00455735
0.00470503
0.00462149
0.00445136
0.00421865
0.00395009
0.00368384
0.00247048
0.00500115
0.00522443
0.00512738
0.00489569
0.00458142
0.00423122
0.00282808
0.0055365
0.00580709
0.00568283
0.00538318
0.00498395
0.00323814
0.00618088
0.00645797
0.00629087
0.00592017
0.00368755
0.00693478
0.0071785
0.00695229
0.0041568
0.00776962
0.00795836
0.00462207
0.00862938
0.0050551
0.00249843
0.0024695
0.00251239
0.0026207
0.00254164
0.00151387
0.00328271
0.00317635
0.0030665
0.00303225
0.0030256
0.00300645
0.00296697
0.00291419
0.00284118
0.00273489
0.00163908
0.00359478
0.00353173
0.00342841
0.00336901
0.00331649
0.00324437
0.00315625
0.00306442
0.00296515
0.00179083
0.00394087
0.00392544
0.00382291
0.00372567
0.00361352
0.00347756
0.00333357
0.00319999
0.00198456
0.00430351
0.00435883
0.00425298
0.00410544
0.00392105
0.00371175
0.00350558
0.00222906
0.00469782
0.0048386
0.00472168
0.00451219
0.00424552
0.003955
0.00252407
0.00515407
0.00536923
0.00523091
0.00495083
0.00459554
0.0028729
0.00569012
0.00595407
0.00578273
0.00542736
0.00326871
0.00631833
0.00659479
0.00637898
0.00369893
0.00703715
0.00729075
0.00414562
0.007819
0.00458557
0.00254293
0.00250222
0.00265926
0.00155475
0.00336417
0.00323993
0.0031207
0.00307896
0.0030652
0.0030421
0.00300465
0.0029571
0.002884
0.00168547
0.0036942
0.00361444
0.00349702
0.00342332
0.0033574
0.00327714
0.00318841
0.00309985
0.00184259
0.00405273
0.00402544
0.00390342
0.00378393
0.00365174
0.00350359
0.00335668
0.00204152
0.0044254
0.00447429
0.004342
0.0041634
0.00395238
0.00372704
0.00228542
0.00483449
0.00496589
0.00481431
0.00456505
0.00426551
0.00257711
0.00529889
0.00550165
0.00532106
0.00499351
0.00291643
0.00583167
0.00608227
0.0058635
0.0032973
0.00644039
0.00670748
0.0037082
0.00712138
0.00413173
0.00258212
0.0015944
0.00344947
0.00331093
0.00318129
0.00312972
0.00310685
0.0030789
0.00304282
0.00299848
0.00173095
0.00379319
0.00370125
0.00356914
0.00347903
0.00339822
0.00330936
0.00321942
0.00189387
0.0041618
0.00412604
0.0039839
0.00384052
0.00368765
0.0035275
0.00209778
0.00454446
0.00458633
0.00442661
0.0042162
0.00397906
0.00234122
0.00496469
0.00508454
0.00489753
0.00460901
0.00262865
0.00543378
0.00561946
0.00539662
0.00295773
0.00595906
0.00619021
0.00332319
0.00654527
0.00371426
0.0016337
0.00353616
0.00338699
0.00324642
0.00318297
0.00314938
0.00311579
0.00308007
0.00177615
0.00389052
0.00379008
0.00364285
0.00353464
0.00343792
0.00334009
0.00194494
0.00426673
0.00422542
0.00406249
0.00389414
0.00372045
0.00215329
0.00465895
0.004693
0.00450516
0.00426294
0.00239573
0.00508788
0.0051926
0.00497019
0.00267778
0.00555698
0.00572149
0.00299594
0.0060708
0.00334562
0.00167306
0.00362285
0.00346637
0.00331442
0.00323738
0.00319169
0.00315168
0.00182169
0.00398497
0.00387937
0.0037166
0.00358895
0.00347558
0.0019964
0.00436747
0.00432207
0.00413773
0.00394384
0.00220724
0.00476894
0.00479276
0.00457656
0.00244833
0.00520186
0.00528913
0.00272384
0.00566727
0.00303054
0.00171279
0.00370844
0.00354761
0.00338389
0.00329169
0.00323282
0.00186735
0.0040764
0.00396796
0.00378902
0.00364091
0.0020478
0.00446513
0.00441477
0.00420846
0.00225955
0.00487273
0.00488461
0.00249818
0.00530655
0.00276614
0.001753
0.00379226
0.00362958
0.0034535
0.00334484
0.00191361
0.00416524
0.00405472
0.00385894
0.00209831
0.00455885
0.0045025
0.00230962
0.00497014
0.00254462
0.00179398
0.00387419
0.00371128
0.00352208
0.00195946
0.00425126
0.0041386
0.00214717
0.00464868
0.00235719
0.00183527
0.00395421
0.0037917
0.00200489
0.00433412
0.00219358
0.00187686
0.00403203
0.0020495
0.00191776
)
;

boundaryField
{
    innerInlet
    {
        type            inletOutlet;
        inletValue      nonuniform List<scalar> 0();
        value           nonuniform List<scalar> 0();
    }
    atmosphere_outlet
    {
        type            inletOutlet;
        inletValue      nonuniform List<scalar> 0();
        value           nonuniform List<scalar> 0();
    }
    walls
    {
        type            kqRWallFunction;
        value           nonuniform List<scalar> 
1879
(
0.0027962
0.0027962
0.00277364
0.00221294
0.00221294
0.00432346
0.00249563
0.00271865
0.00271865
0.0040645
0.00341505
0.00339594
0.00408485
0.00210565
0.00210565
0.00329252
0.00248778
0.00205705
0.00309102
0.00262241
0.00262241
0.00387544
0.00309697
0.00329012
0.00403717
0.00396703
0.00279036
0.00379496
0.00277091
0.00314556
0.00352683
0.00377651
0.00381387
0.00342411
0.00236451
0.00193868
0.00258236
0.00279506
0.00247442
0.00485869
0.00584889
0.003529
0.00343446
0.00301115
0.00327253
0.00246451
0.00197144
0.00219217
0.00223186
0.00223186
0.00173194
0.0015464
0.00143396
0.00182358
0.00212496
0.00174575
0.0020245
0.00163303
0.00168668
0.00277364
0.00249563
0.00528285
0.00515675
0.00502473
0.00275498
0.00268724
0.00275498
0.00268724
0.00321937
0.00210565
0.00205705
0.00309102
0.00339879
0.00279036
0.00333056
0.00447152
0.00377651
0.00342411
0.0051968
0.00322451
0.00193868
0.00277091
0.00316955
0.00324243
0.00258236
0.00298495
0.00280603
0.00464421
0.0053586
0.00467765
0.00444691
0.00532311
0.00460832
0.00448817
0.00456447
0.00418764
0.00390768
0.00321068
0.00373853
0.00277838
0.00242421
0.00363034
0.00363895
0.00367157
0.00368628
0.00360733
0.00349782
0.00234997
0.00234997
0.00246451
0.00255753
0.00264736
0.00195658
0.00215394
0.00192679
0.00183132
0.00192679
0.00183132
0.0025042
0.00212496
0.00247037
0.0020245
0.00233687
0.00241209
0.00173194
0.00223214
0.00209871
0.0033589
0.00341982
0.00183479
0.00328666
0.0031948
0.0028722
0.00305522
0.00265923
0.00243643
0.00485413
0.00836774
0.00547812
0.00549607
0.0097003
0.00930316
0.0034844
0.00489211
0.00352527
0.00833275
0.00607887
0.00606852
0.00775477
0.00895629
0.00776632
0.00890578
0.0100074
0.00989286
0.0106862
0.01084
0.00556164
0.00562705
0.00570009
0.00555745
0.00566291
0.00573486
0.00967532
0.00990852
0.00982393
0.00982307
0.00916685
0.00971716
0.00866103
0.00558148
0.00667251
0.00745175
0.00490647
0.00761998
0.00773778
0.00642536
0.0121807
0.00557199
0.00867865
0.009357
0.00825976
0.00839882
0.00911668
0.0122349
0.0069387
0.00547794
0.00560739
0.00719432
0.00583315
0.00572642
0.00359461
0.00492208
0.00357514
0.0080697
0.00592971
0.00601479
0.00620539
0.0053415
0.0122369
0.00555955
0.00484631
0.00752263
0.00463582
0.00453747
0.00552071
0.00541546
0.00529994
0.00535233
0.00520101
0.00360762
0.00481575
0.00360801
0.00358801
0.00472973
0.00360272
0.0118839
0.0119401
0.00435064
0.00351457
0.00356871
0.00444324
0.00354467
0.00600564
0.0120598
0.0114199
0.0115529
0.00572047
0.00558463
0.00572294
0.0057561
0.00558213
0.00575854
0.0092395
0.00895055
0.00951836
0.00956382
0.00939302
0.00963717
0.00855507
0.00831721
0.00858551
0.00894756
0.00813793
0.00867153
0.00884241
0.00913578
0.00886183
0.00818292
0.00790424
0.00841775
0.00785657
0.00796527
0.00807804
0.00733104
0.00750491
0.00795844
0.00569673
0.00551426
0.00564617
0.005201
0.00524507
0.00730215
0.00813227
0.00828337
0.00718258
0.00691171
0.00797414
0.0070524
0.00780868
0.00894318
0.00911272
0.00976419
0.00958739
0.00876973
0.00858638
0.00921803
0.00940615
0.00572999
0.00544674
0.00567597
0.00546885
0.00551326
0.00558826
0.00538772
0.00552806
0.00561175
0.00498565
0.00521882
0.00527999
0.00542501
0.00533357
0.00509491
0.00543083
0.00533137
0.0077409
0.0080064
0.00533756
0.00521418
0.00453068
0.00443714
0.0052533
0.00536077
0.00246708
0.00446335
0.00256509
0.00441336
0.00252579
0.00274634
0.00201444
0.00190286
0.00207287
0.00160932
0.00141067
0.00173817
0.00219682
0.00230923
0.00167845
0.00179083
0.00241674
0.00163908
0.00147841
0.00168547
0.00651567
0.0034844
0.00352527
0.00649751
0.0102887
0.00607887
0.0104524
0.00606852
0.0114396
0.0123685
0.0120954
0.0116521
0.0147595
0.0152249
0.0147502
0.015243
0.0148452
0.0154991
0.015362
0.0149686
0.014916
0.0155172
0.0154433
0.0149765
0.0130588
0.012734
0.0132519
0.0136026
0.0136771
0.0142711
0.0139987
0.0139992
0.0152134
0.0147598
0.0147094
0.0150962
0.014546
0.0145031
0.0148273
0.0142806
0.0116752
0.0136774
0.0133254
0.0119317
0.0145506
0.0141273
0.0146363
0.0151207
0.00526899
0.00533935
0.00501108
0.00511174
0.00849089
0.00777263
0.00761694
0.0128242
0.0132326
0.0128076
0.0132471
0.0109651
0.011522
0.0112024
0.0118072
0.0142323
0.0137182
0.0142202
0.0137299
0.0107022
0.0103234
0.00650864
0.00359461
0.00357514
0.00646404
0.00519875
0.00920104
0.00583315
0.00948684
0.00572642
0.00890112
0.00547794
0.00560739
0.00859841
0.0100272
0.00592971
0.00976099
0.00601479
0.0079928
0.0053415
0.00829325
0.00519875
0.0120525
0.0124948
0.0123953
0.012883
0.0137272
0.0142372
0.0142154
0.0137093
0.0132356
0.0127972
0.0127734
0.0132233
0.0128678
0.0133891
0.0133049
0.0129525
0.0120598
0.0121053
0.0124592
0.0124239
0.0122574
0.0125251
0.0125737
0.00960918
0.0076951
0.00766475
0.00737843
0.00775617
0.0143105
0.0138937
0.0137888
0.0144243
0.0143659
0.0138909
0.0144221
0.0138405
0.0118847
0.0128923
0.0133859
0.0129456
0.0133391
0.0121402
0.0124983
0.0125632
0.012892
0.0132014
0.0133047
0.0136268
0.0134539
0.0141135
0.0138907
0.0136328
0.0120006
0.0120285
0.0124056
0.0123855
0.0130219
0.0125797
0.0127122
0.013166
0.0118653
0.0119543
0.0123388
0.0117216
0.012135
0.0114367
0.0117985
0.0107341
0.0112396
0.0105185
0.0109928
0.00953098
0.00994227
0.00963596
0.0113886
0.0113516
0.010401
0.00632492
0.00360762
0.00360801
0.00640258
0.00573115
0.00351457
0.00505595
0.0062151
0.00358801
0.00360272
0.00610285
0.0058627
0.00356871
0.00354467
0.0059851
0.00769532
0.00505595
0.0102891
0.0105666
0.011308
0.0112599
0.00944781
0.0103144
0.0105514
0.0107634
0.0101216
0.00973496
0.010352
0.0101519
0.00992873
0.0117612
0.01181
0.0115856
0.0115416
0.011431
0.0114481
0.0119597
0.0116422
0.011688
0.0115397
0.0112456
0.0114055
0.0118277
0.0115329
0.0116645
0.0109351
0.0111687
0.0115059
0.0112531
0.0125064
0.0127944
0.0123734
0.0121188
0.0117169
0.011817
0.0115162
0.0107169
0.0105094
0.010775
0.0110088
0.0107954
0.0109684
0.0110024
0.0112428
0.0111797
0.0116867
0.0117219
0.0114977
0.0114556
0.0111948
0.0111014
0.0116366
0.0114001
0.0113123
0.0103295
0.0119852
0.0115382
0.010698
0.0113817
0.0124445
0.0129008
0.0110533
0.0131822
0.0136566
0.014109
0.0135996
0.0127265
0.0122862
0.0126556
0.0131125
0.0099625
0.01111
0.00960543
0.00868289
0.00770047
0.00880725
0.00997307
0.00893972
0.00926315
0.0103185
0.00975446
0.0105107
0.00755085
0.00717453
0.00762371
0.0114819
0.0118686
0.0122509
0.00862836
0.00855808
0.00741469
0.00842651
0.0108931
0.00675985
0.00763334
0.0101254
0.00928064
0.00994338
0.0083895
0.00901774
0.011115
0.0107546
0.0112089
0.00535367
0.00512099
0.00535739
0.00513034
0.00826799
0.00720181
0.00742411
0.00749402
0.00697528
0.00676346
0.00641428
0.00708415
0.0072761
0.00657677
0.0066307
0.00604572
0.00676459
0.00615258
0.00627605
0.00691671
0.0050877
0.00530239
0.0050402
0.00502483
0.00479503
0.00526255
0.00495701
0.00499851
0.00515792
0.00509306
0.0049103
0.00485483
0.00453944
0.00484045
0.00453575
0.00484099
0.00296294
0.00330934
0.00482479
0.00450084
0.00479075
0.0047182
0.00447137
0.00475611
0.0042975
0.00457075
0.00439695
0.00467702
0.00434996
0.004627
0.00398922
0.0036557
0.00408263
0.00403799
0.00374462
0.00370133
0.00629714
0.00546172
0.00646115
0.00299559
0.00241877
0.00296476
0.00450752
0.00366461
0.00366545
0.00497056
0.00569836
0.00505317
0.00582319
0.00612741
0.00514757
0.00596568
0.00550329
0.00490392
0.00559456
0.00484701
0.00542636
0.00479988
0.00427189
0.00363807
0.00431425
0.00364446
0.00251873
0.00302554
0.00304888
0.00436072
0.00366052
0.00365095
0.00265191
0.00260977
0.00309421
0.00307241
0.00423997
0.00421641
0.00364182
0.00363849
0.00317575
0.00278303
0.00419899
0.00365085
0.00314612
0.00273844
0.00269508
0.00311952
0.00316207
0.00351315
0.00314517
0.00348942
0.00253237
0.00283824
0.00282092
0.00252363
0.00386531
0.00421372
0.00420018
0.00385043
0.00205588
0.00227601
0.00213949
0.00229987
0.0018279
0.00191132
0.00208423
0.00209217
0.00315953
0.00350982
0.0031454
0.00349133
0.00282832
0.00280884
0.00250369
0.00262989
0.00232216
0.00386181
0.0042087
0.00418291
0.00384307
0.00308197
0.00311325
0.0034316
0.0034605
0.0041217
0.00415399
0.00378343
0.00381383
0.00304411
0.00300316
0.00339417
0.00335185
0.00277904
0.0024336
0.00247072
0.00224971
0.00197665
0.0022209
0.00215513
0.00194058
0.00219167
0.00270921
0.00266823
0.00239801
0.00235892
0.00179933
0.00204497
0.00187642
0.00211768
0.00183331
0.0020767
0.00167393
0.00181301
0.00175982
0.00158261
0.00168393
0.00172297
0.0014874
0.00152757
0.00159427
0.00141934
0.00166429
0.00162448
0.00147461
0.00144337
0.0017947
0.00201271
0.00172934
0.00148695
0.0014182
0.00153938
0.0013605
0.0013416
0.00129242
0.00186857
0.00168325
0.00180904
0.00213672
0.00186472
0.00193137
0.00225467
0.00205576
0.001995
0.00155766
0.00162302
0.00174545
0.00192686
0.00184259
0.00198456
0.00247048
0.00222906
0.00236318
0.00211466
0.00217215
0.00189387
0.00204152
0.00159079
0.00155475
0.00151387
0.00141987
0.00153811
0.00146984
0.00173095
0.0015944
0.0016337
0.00177615
0.00167306
0.00322232
0.0040336
0.00220469
0.00411766
0.00474166
0.00363997
0.00229747
0.00345282
0.00259206
0.00381503
0.00302903
0.0025196
0.00442159
0.00532605
0.00535763
0.00181866
0.00308223
0.00435241
0.00322829
0.0034101
0.00455409
0.00334816
0.00274611
0.00272542
0.00186614
0.00179844
0.00247929
0.0016921
0.00353131
0.00271618
0.00273161
0.00431514
0.00462438
0.00484918
0.00646497
0.00534216
0.00768627
0.00896115
0.00890564
0.00775147
0.0064176
0.00705989
0.00589537
0.00757019
0.0032795
0.0029295
0.00816797
0.00920818
0.0087493
0.00984256
0.00291027
0.00375842
0.00286868
0.00278281
0.00270649
0.00262175
0.00259843
0.00257477
0.00259824
0.0101581
0.0106705
0.0118853
0.0112845
0.0100451
0.0100776
0.0110881
0.0110969
0.0100576
0.0100603
0.0109892
0.0109602
0.00483902
0.00441383
0.00490029
0.00506935
0.00547542
0.00522253
0.00514198
0.0055101
0.00525969
0.00376335
0.00354463
0.00510847
0.00283813
0.00416462
0.00272466
0.00270177
0.0027844
0.0134473
0.0138486
0.0135489
0.0140741
0.0161577
0.0161274
0.0160821
0.0162565
0.0113161
0.0124736
0.0121485
0.0116226
0.0129063
0.013204
0.0134639
0.012766
0.0128288
0.0151299
0.0139774
0.0140223
0.0158939
0.0158783
0.0162038
0.0151822
0.0119269
0.0126871
0.0127914
0.0118289
0.00291261
0.00272294
0.00279407
0.00277159
0.00358963
0.00372558
0.00372706
0.00612819
0.00308223
0.00322829
0.00586473
0.00487224
0.00274611
0.00186614
0.0054903
0.00181866
0.00352008
0.00631255
0.0034101
0.00334816
0.00643291
0.00441589
0.00179844
0.0016921
0.00401908
0.0157142
0.0158129
0.0148099
0.0152396
0.0159389
0.0156227
0.0159061
0.0156495
0.0128122
0.0131565
0.013493
0.0122697
0.0121512
0.0129873
0.0132622
0.0120756
0.0119178
0.0125927
0.0127471
0.0118254
0.00332891
0.00283356
0.00279429
0.00324009
0.00290742
0.00370291
0.00301101
0.00345837
0.00356241
0.00370203
0.0037314
0.0138492
0.0139281
0.0142632
0.0143385
0.0133289
0.0134988
0.014051
0.0138945
0.0143633
0.014419
0.014504
0.014246
0.013758
0.014109
0.0147258
0.0143652
0.0155733
0.0157716
0.0152864
0.0152613
0.0148316
0.0145523
0.0145502
0.014891
0.00757178
0.00859977
0.00739645
0.00878363
0.00684096
0.00833911
0.00715605
0.00799874
0.00363262
0.00368417
0.00371606
0.0107807
0.0100769
0.0107611
0.0115443
0.00960032
0.00926224
0.0103171
0.0106153
0.0110078
0.0110305
0.0120791
0.0119949
0.0117416
0.0107494
0.0117236
0.0128116
0.0130775
0.0143746
0.0152635
0.0141032
0.00984303
0.0100015
0.010962
0.0108343
0.00353784
0.00284388
0.00311829
0.00363413
0.00361324
0.00342721
0.00378221
0.00368946
0.00374875
0.00436357
0.00333193
0.0040311
0.0035541
0.00325647
0.00304266
0.00286862
0.00341703
0.00332276
0.00331236
0.00478988
0.00481972
0.00450938
0.00295967
0.00319733
0.00368854
0.00451052
0.00380829
0.00417291
0.00284192
0.00291672
0.00291459
0.00283432
0.00278248
0.00281513
0.00298573
0.0028151
0.00378539
0.00337706
0.00340437
0.002979
0.00309634
0.00273309
0.00312881
0.00287289
0.00272266
0.00305773
0.00284318
0.00280964
0.00304224
0.00233401
0.00197268
0.00233023
0.00193751
0.00258824
0.00236964
0.00204555
0.00194898
0.00367775
0.003676
0.00374142
0.00375137
0.00363177
0.00367883
0.00342791
0.00348897
0.00366673
0.00357951
0.00299432
0.002725
0.00379054
0.00369882
0.00277631
0.00313015
0.00286791
0.00320261
0.00299417
0.00241249
0.00206992
0.00251931
0.00218525
0.00269939
0.0037069
0.00344248
0.00323469
0.00243732
0.00381123
0.00377658
0.00378884
0.00352643
0.00370446
0.00352099
0.00329031
0.00295826
0.0032655
0.00240342
0.00262242
0.00230063
0.00437697
0.00471274
0.00449518
0.00481194
0.00290001
0.00308988
0.00328962
0.00342043
0.00402761
0.00414857
0.00364558
0.00379363
0.0026778
0.00273702
0.00254155
0.00251594
0.00256742
0.00254514
0.00232729
0.00234889
0.00253786
0.00233141
0.00234834
0.00230147
0.00296749
0.00263882
0.00373549
0.00282919
0.00287963
0.00236466
0.00207541
0.00252777
0.0019563
0.0013354
0.00199252
0.00277709
0.00482461
0.0046969
0.00241037
0.00171903
0.00122589
0.00332015
0.00306396
0.00333971
0.00299636
0.00316807
0.00334435
0.00344988
0.00307049
0.00274461
0.00310075
0.00352893
0.00309278
0.00343283
0.0028458
0.00259773
0.00304954
0.00297404
0.00250102
0.00251262
0.0017791
0.00213209
0.00836334
0.00785713
0.00600491
0.00750677
0.00654594
0.00796598
0.00845299
0.00967975
0.0085309
0.00887318
0.00934837
0.00765398
0.00831166
0.00603734
0.00601937
0.00812824
0.00579447
0.00592015
0.00656828
0.00481715
0.00515684
0.00705053
0.00563054
0.0053984
0.00817576
0.0087508
0.00580977
0.00575879
0.0147869
0.0149011
0.0157064
0.0156086
0.0141353
0.0133072
0.0141696
0.014995
0.00727124
0.0065185
0.00724818
0.00830573
0.00733203
0.00764238
0.00789449
0.0084432
0.00787526
0.00953965
0.00992321
0.0097734
0.00890536
0.00896765
0.00938807
0.00925341
0.0089634
0.00944184
0.00984952
0.00922825
0.00971204
0.00704223
0.0071385
0.00661422
0.006016
0.00450433
0.00572325
0.00562267
0.00473914
0.00625876
0.00668741
0.00697776
0.00500831
0.00498783
0.00553892
0.00539928
0.00639067
0.00602629
0.00535152
0.00644932
0.00604342
0.00431588
0.00369789
0.00458042
0.00391769
0.00386212
0.00564091
0.0046021
0.00237714
0.00132707
0.00196081
0.00123285
0.00338387
0.00392366
0.00338642
0.00381741
0.00284852
0.00281846
0.00322555
0.00260803
0.00312929
0.00391928
0.00482793
0.00388187
0.00478264
0.00375645
0.00382231
0.00247678
0.0029897
0.00304676
0.00236351
0.00227457
0.0020463
0.00217893
0.00164788
0.00184648
0.00144248
0.00148853
0.00161361
0.00208603
0.0016983
0.00181752
0.00149877
0.00146137
0.00130399
0.00130022
0.00115329
0.0011917
0.0103693
0.00579447
0.0101231
0.00592015
0.0104866
0.00603734
0.00601937
0.0104855
0.00929103
0.00563054
0.00976901
0.0053984
0.00876425
0.00481715
0.0080535
0.00515684
0.0163525
0.0166302
0.0165031
0.0165695
0.0160902
0.0159469
0.0162782
0.0157874
0.0162047
0.0164384
0.0164694
0.0161204
0.0149004
0.016189
0.0156174
0.0155795
0.0162344
0.0165338
0.0165162
0.0160747
0.0161822
0.0159803
0.0163167
0.0158953
0.00854764
0.00756024
0.00782554
0.00873146
0.00789229
0.00792621
0.00675192
0.00587538
0.00690718
0.00686085
0.00584897
0.00692821
0.0119492
0.0134524
0.0137954
0.0116854
0.0140571
0.0133774
0.0141948
0.0149314
0.0107511
0.0129152
0.0112838
0.0122156
0.0146007
0.0149158
0.0157003
0.0154679
0.0120447
0.0138751
0.0139058
0.0120332
0.010172
0.0106849
0.00946544
0.0115005
0.0117368
0.0125186
0.0126292
0.0134154
0.0148785
0.0149532
0.0156899
0.0155298
0.00673126
0.00555072
0.00660484
0.00454822
0.00369302
0.00366723
0.00294701
0.0023847
0.00294669
0.0014645
0.00135145
0.00148062
0.00166683
0.00197262
0.00168008
0.00127268
0.00117297
0.00122532
0.00200489
0.0020495
0.00135127
0.00128131
0.00145971
0.00138998
0.00195946
0.00187686
0.00183527
0.00191776
0.00511585
0.00416764
0.00386475
0.00506811
0.00561996
0.00425962
0.00580481
0.00489666
0.00487057
0.00612905
0.00714027
0.00717367
0.00644161
0.0059229
0.00629918
0.00343358
0.00407003
0.00338219
0.00326491
0.00397024
0.00332724
0.00524995
0.00433601
0.00448038
0.0054273
0.00476653
0.00461896
0.00347707
0.00490846
0.00320223
0.00365154
0.00313169
0.00420057
0.00515398
0.00605847
0.00659883
0.00682417
0.00586451
0.00546172
0.0063661
0.00566447
0.00612966
0.00510234
0.00722415
0.0074756
0.00806082
0.00778345
0.00696416
0.00669896
0.00719819
0.00749416
0.00635245
0.00655691
0.0067588
0.00688003
0.00673131
0.00694149
0.00684132
0.00659233
0.00696159
0.00656356
0.00658793
0.00675169
0.00636472
0.00638402
0.00488395
0.00467179
0.00638951
0.0060516
0.00594245
0.00418092
0.00401269
0.00462207
0.00529412
0.00458557
0.00414562
0.00323814
0.00417544
0.00299594
0.00413173
0.00303054
0.00257798
0.00256654
0.00179327
0.00189085
0.00214717
0.00257711
0.00272384
0.0019964
0.00252407
0.00194494
0.00182169
0.00219358
0.00276614
0.00186735
0.00983108
0.00957423
0.00987311
0.0101207
0.0108289
0.0110239
0.0108314
0.0110323
0.00972343
0.00931199
0.00503207
0.00881812
0.0094839
0.00922362
0.00907464
0.0112052
0.0112287
0.00376081
0.00529245
0.00343358
0.00544545
0.00338219
0.00347707
0.00559293
0.00513251
0.00326491
0.00332724
0.00496986
0.0068442
0.00476653
0.00712283
0.00461896
0.00657588
0.00433601
0.00448038
0.00630906
0.00490846
0.00740581
0.00463478
0.00320223
0.00480279
0.00313169
0.00420057
0.00605367
0.0100671
0.0103441
0.0111615
0.0111079
0.0109868
0.0107966
0.0107357
0.0109286
0.0108025
0.0109792
0.0110242
0.0107231
0.0105881
0.0103289
0.0106038
0.0103046
0.0105384
0.0101134
0.0104344
0.0102365
0.00476754
0.0047772
0.00447207
0.0046937
0.00437153
0.00854383
0.00864346
0.00894239
0.0082529
0.00763575
0.00832901
0.00800405
0.00794845
0.0112161
0.0112387
0.0111306
0.0109572
0.0103302
0.0108571
0.0105638
0.0106518
0.00999107
0.0099091
0.0102484
0.00963536
0.0100113
0.0099807
0.00976239
0.00989894
0.00954732
0.00926454
0.00899473
0.00929508
0.00959987
0.00930125
0.0101316
0.0105662
0.0103666
0.010346
0.00986624
0.00980275
0.0100909
0.00957168
0.0107774
0.0105832
0.010927
0.0110352
0.0103065
0.0105755
0.0105126
0.0102435
0.0106442
0.0107237
0.0105153
0.010843
0.010413
0.00999105
0.0102719
0.0101393
0.00867531
0.00834147
0.00897935
0.00948322
0.00924991
0.00999467
0.00993256
0.00967491
0.00982646
0.00734116
0.00702503
0.0073922
0.00710098
0.00773916
0.00897848
0.00865356
0.00803022
0.00930561
0.00832793
0.00506508
0.00494637
0.00497453
0.0100526
0.010577
0.00624658
0.00725021
0.00642641
0.00704207
0.00970419
0.00935704
0.0099259
0.0102565
0.00744857
0.00800449
0.0083286
0.0071629
0.007448
0.00659839
0.00768247
0.00687952
0.00817974
0.00880279
0.00466944
0.00499152
0.00488278
0.00486392
0.00479754
0.00488848
0.00457361
0.00467057
0.00477875
0.00470942
0.00426318
0.00456702
0.00445593
0.00795287
0.00771809
0.0083249
0.00857185
0.00865402
0.00900429
0.0095812
0.00922522
0.00830682
0.00885848
0.00650484
0.00594698
0.0049541
0.00473189
0.00481155
0.00466915
0.00460422
0.00474266
0.00447701
0.0045415
0.00460465
0.00441734
0.0058576
0.00627517
0.00576998
0.0061645
0.00559888
0.0056852
0.00551367
0.0029264
0.00326632
0.00289564
0.00322802
0.00287252
0.00319186
0.0042393
0.00450892
0.00393547
0.00360745
0.00444726
0.00412181
0.00438417
0.00426388
0.00406677
0.00432439
0.00396441
0.00420902
0.00388219
0.00356047
0.00382851
0.0035152
0.00284439
0.00285493
0.00313808
0.00316306
0.00373343
0.00377994
0.00343851
0.00347476
0.00284118
0.00312111
0.00369377
0.00340806
0.00535658
0.004759
0.0032067
0.00282808
0.00418558
0.00366217
0.00511527
0.00465638
0.00517516
0.00472334
0.0046895
0.00523365
0.0050551
0.0041568
0.0037082
0.00369893
0.0028729
0.00291643
0.00326871
0.00367491
0.00416622
0.00368755
0.00332319
0.00295773
0.0032973
0.00371426
0.00334562
0.00259816
0.00229631
0.00256379
0.00228193
0.00228358
0.00178687
0.00202423
0.00158394
0.00141508
0.00256399
0.00231193
0.00229273
0.00202282
0.00181279
0.00203032
0.0020859
0.00184635
0.00205311
0.0025771
0.00233737
0.00194215
0.00212521
0.00159251
0.001425
0.00162637
0.00146468
0.00228542
0.00209778
0.00171279
0.00230962
0.00209831
0.00225955
0.00262865
0.00234122
0.00239573
0.00249818
0.00267778
0.00244833
0.0020478
0.00215329
0.00220724
0.00235719
0.00254462
0.00191361
0.001753
0.00179398
0.00172463
0.00167068
0.00158316
0.00152011
0.00142791
0.00153358
0.00178536
0.00165117
)
;
    }
    window
    {
        type            kqRWallFunction;
        value           nonuniform List<scalar> 0();
    }
    procBoundary5to0
    {
        type            processor;
        value           nonuniform List<scalar> 
590
(
0.00396509
0.00469803
0.00583361
0.00558042
0.00787262
0.00669986
0.00578581
0.00957072
0.00949359
0.00749728
0.00578184
0.0102536
0.0102398
0.0111302
0.00749728
0.00566293
0.010873
0.0104317
0.0105948
0.0111302
0.00834134
0.00536844
0.0106189
0.0107226
0.0100505
0.0105948
0.0127632
0.00904445
0.00992225
0.00478281
0.0105577
0.0100145
0.0100505
0.0118211
0.0142261
0.00947557
0.0084881
0.0100244
0.00332616
0.00332616
0.00412002
0.00998218
0.0100145
0.0110949
0.0130478
0.0153867
0.00956383
0.005945
0.005945
0.00769149
0.00922908
0.00979457
0.00309171
0.00998218
0.0110192
0.0122761
0.0141537
0.0161199
0.00952622
0.00582868
0.005945
0.00876322
0.00946625
0.00979457
0.00283375
0.0109411
0.012249
0.0134458
0.0149638
0.0162534
0.00919398
0.00564448
0.00582868
0.00849797
0.00929456
0.00946625
0.0108015
0.00256351
0.0122381
0.0135798
0.0143928
0.0151444
0.0157713
0.00907411
0.00564448
0.00534397
0.00813547
0.0091555
0.00929456
0.0106516
0.0122214
0.00232542
0.0137725
0.0147723
0.0147482
0.0145697
0.0144654
0.00906571
0.00534397
0.00766913
0.00496829
0.00885278
0.0091555
0.0106074
0.0122872
0.0139559
0.00218623
0.00173541
0.00173541
0.0152704
0.0154234
0.0141767
0.0130131
0.0131152
0.00941627
0.00496829
0.00711094
0.00833082
0.004592
0.00415425
0.00415425
0.00885278
0.0104638
0.0124132
0.0142851
0.0157
0.00169573
0.0162721
0.0149406
0.0125605
0.0111033
0.0127
0.0100762
0.00833082
0.004592
0.00648739
0.00763606
0.00415425
0.00381219
0.0101268
0.0124334
0.0147432
0.0162822
0.0168248
0.00163107
0.0160555
0.0131843
0.0105857
0.0102113
0.0128517
0.0110587
0.00763606
0.00959883
0.00584978
0.00478879
0.00684496
0.00478879
0.00381219
0.00344557
0.0123076
0.0151652
0.016997
0.017078
0.0167109
0.00153772
0.0143239
0.0108711
0.00964173
0.0103877
0.0141561
0.0123331
0.00684496
0.00889617
0.0119892
0.00478879
0.0060432
0.00426283
0.00344557
0.00309061
0.0155728
0.0175373
0.0168479
0.0168529
0.0151104
0.00143299
0.011511
0.00967054
0.0100553
0.0120636
0.0162509
0.0134972
0.00804439
0.0060432
0.0113821
0.0157363
0.00426283
0.00529834
0.00381032
0.00309061
0.00278224
0.0182784
0.0153495
0.0159791
0.0152416
0.0118829
0.00977548
0.0102431
0.0120468
0.0140867
0.0180333
0.0140098
0.0103937
0.00710731
0.00529834
0.0154536
0.0192631
0.00381032
0.00464385
0.00343767
0.00278224
0.0142622
0.0117791
0.0145713
0.0119319
0.0097205
0.0102818
0.0123556
0.0140879
0.0153935
0.0187597
0.0138661
0.0143042
0.00911552
0.006166
0.00464385
0.019728
0.015306
0.00343767
0.00409321
0.00313486
0.00837434
0.0123326
0.0113543
0.00940172
0.0100018
0.012364
0.0143299
0.0153373
0.0165714
0.0183384
0.0131987
0.0193484
0.0124704
0.00772895
0.00530818
0.00409321
0.0198247
0.00778973
0.00313486
0.00364207
0.00876048
0.0102094
0.00888198
0.00963176
0.0120583
0.0142674
0.0155072
0.0170945
0.0166177
0.0170775
0.0124029
0.0171486
0.0215137
0.0103242
0.00644366
0.00457267
0.00364207
0.0122777
0.00796345
0.00328066
0.00864382
0.0083061
0.00928006
0.0120064
0.014041
0.0152259
0.0176849
0.017689
0.0155429
0.0162514
0.0116464
0.0211533
0.0141345
0.0195462
0.00831415
0.00535141
0.00396957
0.00328066
0.00822799
0.0079896
0.00792843
0.00902556
0.0122731
0.0140371
0.0144965
0.0176993
0.0193688
0.0161306
0.0141059
0.0156803
0.0108071
0.0181807
0.0220237
0.0111308
0.0103393
0.00663217
0.00447317
0.00349942
0.00671123
0.0069611
0.00918437
0.0128215
0.0145995
0.0143015
0.0164215
0.0202505
0.0179527
0.0138911
0.0130664
0.015263
0.00983545
0.0210592
0.0144991
0.0198897
0.00863779
0.00793761
0.0052912
0.00381106
0.00661099
0.00919886
0.013188
0.0149537
0.0142542
0.0149826
0.0204612
0.0196849
0.0148812
0.012199
0.0124847
0.0137131
0.00872689
0.0175858
0.0216077
0.0112224
0.0143791
0.00663202
0.00804461
0.00429046
0.0092812
0.0130336
0.0153791
0.0144353
0.01367
0.0191144
0.0211502
0.0163303
0.0124443
0.0111166
0.0119138
0.0115789
0.0072227
0.0139165
0.0197156
0.0202379
0.00852545
0.0110415
0.00509997
0.0100837
0.0132433
0.0159252
0.0146003
0.0129189
0.0155076
0.0215008
0.0183413
0.0132178
0.0109161
0.0105174
0.011009
0.00977222
0.00430246
0.010714
0.0161368
0.0204398
0.0180361
0.006362
0.0111758
0.0134466
0.0170717
0.0152016
0.0125614
0.0117989
0.0206849
0.0207202
0.0145899
0.0111069
0.0101613
0.0100186
0.00978577
0.0053439
0.00801708
0.01277
0.017488
0.0192459
0.0151672
0.0136579
0.0184539
0.015475
0.0124744
0.0102087
0.0158
0.0218641
0.0168126
0.0116691
0.0100896
0.00970667
0.0093626
0.00562846
0.00982689
0.014352
0.0177601
0.0169493
0.0161518
0.0200863
0.0151928
0.012525
0.00986742
0.0094913
0.0216846
0.0202768
0.0128326
0.0100942
0.00950793
0.00902404
0.00560619
0.011514
0.0153263
0.0170378
0.0166734
0.0203515
0.0149167
0.0123528
0.00992278
0.00821967
0.0151963
0.0229146
0.0150113
0.0102195
0.00928312
0.00852334
0.00543118
0.0129115
0.0158663
0.0168224
0.0186299
0.0164962
0.0128751
0.0107529
0.00817938
0.00870016
0.0231076
0.0194283
0.0106838
0.00902957
0.00795957
0.00520292
0.0140164
0.0164664
0.0171371
0.0172549
0.016497
0.0124764
0.0101339
0.00781969
0.0166594
0.0241174
0.0125001
0.00854013
0.00724683
0.00499307
0.0148213
0.0166755
0.0170522
0.0185802
0.018287
0.0141864
0.0108454
0.0127015
0.0247218
0.0169019
0.0081754
0.00637207
0.00470758
0.0149387
0.0159023
0.0171877
0.0197108
0.0189516
0.0168603
0.0156822
0.0199761
0.022624
0.0084772
0.0053565
0.00442136
0.0140176
0.0148694
0.0171459
0.0192718
0.0188449
0.0171036
0.0166683
0.0235878
0.0112518
0.00435445
0.00392954
0.0126201
0.0138113
0.0160128
0.0172097
0.0172085
0.0158843
0.0189334
0.016709
0.003965
0.00366827
0.00347751
0.0111434
0.0123258
0.0138408
0.0146558
0.0140987
0.0150399
0.0183697
0.00414382
0.00301352
0.00325789
0.00956791
0.0104749
0.0112624
0.011356
0.011731
0.0155692
0.00546899
0.00281788
0.0026085
0.00797952
0.00852779
0.00875882
0.00916438
0.0123668
0.0090868
0.00245248
0.00246934
0.00652486
0.00682071
0.00721631
0.00975133
0.0105067
0.00247357
0.00317005
0.00537535
0.00576604
0.00771633
0.0104455
0.00335152
0.00469208
0.00608387
0.0097771
0.0035762
0.00384313
0.00486342
0.00823742
0.00385839
0.00373329
0.0066292
0.00362849
0.0036046
0.00306932
0.00321447
)
;
    }
    procBoundary5to4
    {
        type            processor;
        value           nonuniform List<scalar> 
645
(
0.00306412
0.00354735
0.00446535
0.00415927
0.00586866
0.0052563
0.00461433
0.00461433
0.00435038
0.00725947
0.00756278
0.00589057
0.00460385
0.008282
0.008282
0.0077697
0.00849698
0.00924452
0.00642888
0.0045329
0.00840742
0.0088138
0.0088138
0.00867023
0.00967428
0.0106519
0.00689766
0.0083931
0.00435447
0.00869212
0.00895049
0.00895049
0.00931263
0.0108908
0.0117932
0.00731766
0.00827521
0.00849597
0.0041534
0.00851665
0.00928916
0.00928916
0.0100927
0.0120551
0.0127747
0.00767107
0.00792038
0.00819735
0.00812861
0.00391751
0.00850785
0.00990046
0.00990046
0.0110211
0.0131416
0.0136098
0.00863938
0.00863938
0.00799703
0.00742208
0.0077723
0.00772641
0.00791454
0.00365656
0.00879011
0.0106831
0.0106831
0.0120043
0.0141289
0.0156912
0.0156912
0.0143757
0.00890629
0.00685852
0.00725882
0.00728324
0.00741944
0.007973
0.0033827
0.00928721
0.0115397
0.0115397
0.0129721
0.01644
0.01644
0.0150329
0.0163217
0.0091377
0.00628474
0.00671138
0.00681904
0.00696874
0.00735395
0.00823358
0.00310698
0.00990842
0.0124048
0.0151977
0.0124048
0.0151977
0.0138923
0.0172051
0.016863
0.00932898
0.00618322
0.00573629
0.00636382
0.00654534
0.00684598
0.00744705
0.00861599
0.0028421
0.0105745
0.0132338
0.0160104
0.0178707
0.0173243
0.00948036
0.00594077
0.0057044
0.00524807
0.00614807
0.00640172
0.00682977
0.00763436
0.00905895
0.00259315
0.0112391
0.0139954
0.01672
0.0184307
0.0176853
0.00958625
0.00577825
0.0055583
0.0052882
0.00483356
0.00599793
0.00631032
0.00686633
0.00786703
0.00951158
0.00236789
0.011861
0.0146635
0.0173112
0.0188662
0.0179419
0.00964568
0.00543543
0.00562606
0.00521374
0.00493222
0.00449744
0.00585452
0.00623715
0.00692729
0.00811039
0.00994113
0.00216906
0.0124093
0.0152162
0.0177648
0.0191644
0.018078
0.00965744
0.00511791
0.00528437
0.00544913
0.00489939
0.00462264
0.00422694
0.00570465
0.00616953
0.00699301
0.00833965
0.0103193
0.00199743
0.0128602
0.0156339
0.0180644
0.0193089
0.0180888
0.00962234
0.0049733
0.00482362
0.00509066
0.00525077
0.00460893
0.00434474
0.00400235
0.0055495
0.0061022
0.00705001
0.00853657
0.0106263
0.00184971
0.0131956
0.0159009
0.0181948
0.0192903
0.0179812
0.00953121
0.00477855
0.00469265
0.00455047
0.0048685
0.0050433
0.00433633
0.00408717
0.00380084
0.00539429
0.00603219
0.00709009
0.00869019
0.0108501
0.00172179
0.0134039
0.0160057
0.0181486
0.0191099
0.0177105
0.00938635
0.00455318
0.00451076
0.00444047
0.00429521
0.00463702
0.00483862
0.00407634
0.00384064
0.00360677
0.00524358
0.00595929
0.00711177
0.00879689
0.0109853
0.0016085
0.0134789
0.0159453
0.0179217
0.0187386
0.0172991
0.00916711
0.00431918
0.00429818
0.00428226
0.00421199
0.00405304
0.00441164
0.00464507
0.00382361
0.0035989
0.00341138
0.00510218
0.00588801
0.00711941
0.00885904
0.0110322
0.0015049
0.0134233
0.0157182
0.0175083
0.0181882
0.0166999
0.0088826
0.00407687
0.00409303
0.00409362
0.00408494
0.00400004
0.00381795
0.00420189
0.00446933
0.00357302
0.00335728
0.00321033
0.00497709
0.00582752
0.00712167
0.00888295
0.0109982
0.0132415
0.0153351
0.0169223
0.017447
0.0159276
0.00848569
0.00386265
0.00389452
0.00388401
0.00392695
0.00390814
0.00379637
0.00358329
0.0040142
0.00431879
0.00331971
0.00311206
0.00487846
0.00578952
0.00712882
0.00887845
0.0108927
0.0129532
0.0148201
0.0161805
0.0165268
0.0149104
0.00796098
0.00369858
0.00366363
0.00375469
0.00369776
0.00378451
0.00374135
0.0035924
0.00334273
0.00385538
0.00420285
0.00305943
0.00481826
0.00578591
0.007151
0.00885757
0.0107367
0.0125892
0.0142106
0.0153207
0.0154334
0.0136691
0.00736308
0.00351218
0.0035782
0.00348506
0.0036404
0.00354065
0.00365327
0.00357479
0.00338113
0.00309113
0.0037342
0.0041325
0.00480792
0.0058245
0.00720056
0.00883631
0.0105587
0.0121936
0.0135643
0.0144018
0.0142252
0.0120227
0.00660137
0.00340112
0.00334038
0.00348114
0.00333388
0.00353735
0.0034213
0.0035225
0.00339939
0.00315613
0.00366077
0.0041182
0.00485289
0.00591841
0.00728683
0.00883454
0.0103952
0.0118237
0.0129585
0.0135204
0.0129506
0.0100166
0.00580507
0.00330751
0.00323009
0.00319259
0.00339192
0.00321916
0.00343386
0.00334924
0.00338344
0.00321
0.00364458
0.00416343
0.00496675
0.00607211
0.00742107
0.00887512
0.0102907
0.011549
0.0124886
0.0127721
0.011694
0.00789182
0.00406161
0.00321725
0.0031304
0.00307878
0.00307978
0.00330016
0.00315052
0.00332165
0.00333273
0.00322772
0.0036872
0.00428181
0.00515173
0.00629231
0.00761624
0.00898708
0.0102953
0.0114441
0.0122294
0.0121361
0.0102827
0.00472458
0.00312203
0.00303141
0.00297285
0.00296488
0.00301311
0.00319794
0.00313506
0.0031945
0.00337129
0.00380159
0.00447318
0.00541143
0.00658339
0.00788293
0.00919467
0.0104477
0.0115378
0.0120761
0.0111161
0.00571829
0.00301832
0.00293061
0.00286868
0.00285626
0.00289901
0.00299994
0.00308024
0.00317073
0.00347725
0.00398573
0.00474014
0.0057474
0.00694633
0.00822845
0.00951732
0.0107672
0.0117074
0.0113874
0.00617025
0.00290687
0.00283328
0.00277175
0.00275199
0.00279043
0.00288831
0.00303683
0.00326779
0.00364717
0.00424151
0.00508429
0.00615751
0.00737745
0.00865495
0.00995334
0.0111166
0.0113019
0.00621266
0.00275086
0.00269817
0.00266365
0.00268734
0.0027819
0.00293042
0.00313104
0.00342096
0.00388182
0.00457095
0.00550387
0.0066324
0.00786455
0.00914354
0.0103748
0.0109154
0.00614374
0.00267357
0.0026294
0.00260369
0.002679
0.00283141
0.00302993
0.00327149
0.00362967
0.0041831
0.00497359
0.00598848
0.00715007
0.00837225
0.00956317
0.0102446
0.00583013
0.00263619
0.00257932
0.00259012
0.00273468
0.002942
0.00316591
0.00345428
0.00389529
0.00455167
0.005441
0.00651224
0.00766193
0.00876703
0.00944125
0.00542641
0.0025968
0.00270159
0.00254689
0.00270159
0.0026454
0.0028575
0.0030807
0.00332752
0.00368138
0.00421944
0.00498206
0.00594907
0.00701983
0.00803104
0.0086186
0.00499235
0.00259199
0.00254337
0.00275061
0.00257533
0.00279108
0.00275061
0.00277426
0.00300218
0.00322563
0.00351621
0.00395571
0.00459947
0.00545562
0.0064431
0.00737551
0.0078526
0.00454738
0.0026451
0.00252948
0.00279646
0.00269322
0.00284306
0.00283912
0.00279646
0.00292263
0.00313236
0.00337744
0.00373887
0.00427868
0.0050236
0.005925
0.00679591
0.007188
0.00411543
0.00269523
0.00261401
0.00287244
0.00288587
0.00288585
0.00303634
0.00324799
0.00354853
0.00400063
0.00464369
0.00545717
0.0062778
0.00663228
0.00371652
0.00289604
0.00291258
0.00292825
0.00311485
0.00336836
0.00374948
0.00430301
0.00503166
0.00580735
0.00616627
0.00336403
0.00294114
0.00293977
0.0029523
0.00318547
0.00351044
0.00398888
0.00463998
0.00537347
0.00576412
0.0030607
0.00305927
0.00299458
0.00298304
0.00327181
0.00368971
0.00427382
0.00496774
0.00540073
0.00280443
0.00330602
0.00312574
0.0030478
0.00339589
0.00392549
0.00458425
0.00505997
0.00258718
0.00359689
0.00338316
0.00319222
0.0035887
0.00421872
0.00473242
0.00240154
0.00171915
0.0036716
0.00345995
0.00386992
0.00441295
0.0022382
0.00175662
0.00374491
0.00410716
0.0020926
0.00179385
0.00195817
)
;
    }
    procBoundary5to6
    {
        type            processor;
        value           nonuniform List<scalar> 
681
(
0.00163476
0.0013253
0.00196157
0.00301702
0.00221774
0.00364595
0.00218238
0.00293937
0.00368079
0.00212101
0.00300269
0.00356917
0.00200887
0.00290902
0.00297235
0.00326938
0.00188799
0.00285752
0.0028611
0.00295997
0.00176707
0.00288922
0.00275035
0.00270105
0.00266538
0.00166225
0.00296041
0.0027623
0.00261178
0.00251133
0.00240771
0.00159494
0.00304225
0.00278802
0.00262237
0.0024504
0.00231774
0.00222289
0.00158713
0.00317571
0.00280296
0.00262887
0.00247128
0.00228189
0.00215007
0.00213138
0.00161616
0.00345616
0.00285847
0.00261196
0.00247794
0.00231631
0.00212027
0.00204786
0.00220869
0.00182058
0.00398283
0.00304015
0.00263101
0.00245516
0.00233587
0.00216555
0.00199157
0.00208782
0.0026802
0.00211235
0.00480851
0.00341287
0.00276041
0.00247017
0.00232712
0.00220537
0.00203641
0.00194381
0.00243527
0.00318872
0.00206513
0.00590874
0.00400455
0.00303036
0.00258414
0.00236525
0.00222562
0.00209514
0.00196048
0.00207723
0.00315726
0.00308053
0.00184289
0.00717142
0.0048067
0.0034353
0.00279831
0.00249446
0.00230619
0.00215235
0.00203386
0.00199957
0.00263844
0.00356608
0.00267192
0.00157771
0.00843009
0.00576635
0.00396218
0.0030812
0.00268545
0.0024747
0.00228976
0.00212592
0.00203486
0.00225803
0.00320335
0.00359547
0.00238164
0.00143607
0.00950432
0.00676865
0.00458918
0.00340981
0.00288668
0.00266144
0.00248806
0.0023123
0.00214949
0.00217447
0.00265908
0.00343122
0.00348906
0.00238505
0.00136401
0.0101497
0.00764447
0.00525817
0.00377511
0.00308912
0.00281626
0.00267924
0.00255272
0.00239221
0.00225941
0.00241083
0.00294338
0.00342544
0.00323847
0.00243303
0.00131883
0.0101845
0.00815755
0.00585627
0.00415553
0.00328362
0.00292361
0.00280775
0.00274537
0.00266125
0.00253329
0.00246001
0.00263747
0.00307755
0.00327961
0.00298307
0.00253482
0.00130173
0.00946181
0.00817255
0.00621455
0.00449694
0.00347059
0.00301035
0.00286413
0.00284362
0.002844
0.00280662
0.00272644
0.0026864
0.00281759
0.0030437
0.00298441
0.00266168
0.00253467
0.0012854
0.00834309
0.0076074
0.00622989
0.00471118
0.00363483
0.00307814
0.0028701
0.00285584
0.00290915
0.00296172
0.00297544
0.00294607
0.00290681
0.0029266
0.00286901
0.00262281
0.00228652
0.00246115
0.00126531
0.00714617
0.00674094
0.00586981
0.00473313
0.00374438
0.00313584
0.00285861
0.00280644
0.00287816
0.00298646
0.00308417
0.00314573
0.00315906
0.00310387
0.00297318
0.00271384
0.00234087
0.00205329
0.002411
0.00126796
0.00601887
0.0058259
0.00531365
0.00455382
0.00376843
0.00317972
0.00284829
0.00273676
0.00278291
0.00291349
0.00306352
0.00319562
0.00329344
0.00332885
0.00327027
0.00307114
0.00272179
0.00230916
0.00208969
0.00244021
0.00128663
0.00506246
0.00499693
0.00472832
0.00426305
0.00370431
0.00320078
0.00284992
0.00267702
0.00266788
0.00277655
0.0029451
0.00312647
0.00328373
0.00339712
0.0034419
0.00337037
0.00315851
0.00281513
0.00243317
0.00225157
0.00255015
0.00133134
0.00432829
0.00432274
0.00420377
0.00394774
0.00358486
0.00319573
0.002865
0.00264737
0.00256965
0.00262452
0.00277132
0.00296181
0.00316171
0.00333469
0.00344623
0.00347958
0.00340168
0.00319178
0.00287711
0.00255395
0.00243547
0.00269917
0.00133134
0.00383175
0.00382096
0.00377756
0.00365564
0.00344381
0.0031703
0.00288893
0.00265539
0.0025153
0.00249621
0.00258986
0.0027594
0.00296423
0.00316892
0.00334503
0.00345406
0.00347382
0.00338591
0.0031829
0.00290544
0.0026623
0.00261552
0.00269917
0.00121823
0.00357728
0.00348697
0.0034564
0.00340697
0.00330055
0.0031292
0.00291434
0.00269454
0.00251702
0.00242319
0.0024398
0.00255622
0.00273872
0.00294969
0.00315572
0.00332458
0.0034264
0.00343082
0.00333997
0.00315628
0.00293558
0.00277316
0.00261552
0.00247162
0.00118248
0.00362083
0.00332036
0.00323945
0.00320914
0.0031653
0.00307452
0.00293064
0.00275025
0.00256489
0.00242054
0.00235475
0.00239239
0.00252146
0.00270955
0.00292106
0.00312274
0.00328348
0.00337591
0.00337473
0.00329189
0.00314529
0.00298307
0.00277316
0.00238611
0.00244748
0.00424035
0.00333255
0.00313062
0.00306851
0.00304612
0.00300883
0.0029288
0.00280153
0.00264065
0.00247507
0.00235077
0.00230191
0.00235192
0.00248675
0.00267509
0.00288364
0.00308039
0.00323473
0.00332233
0.00332526
0.00326436
0.00315544
0.00298307
0.00253499
0.00233669
0.00230611
0.00359251
0.00312002
0.00299392
0.00295356
0.00293884
0.00290595
0.00283217
0.00271448
0.00256507
0.00241143
0.00229984
0.00226229
0.0023193
0.00245515
0.00264049
0.00284507
0.00303829
0.00319043
0.00327971
0.00329569
0.0032596
0.00315544
0.00274301
0.00240476
0.00205735
0.00314323
0.0029655
0.0028993
0.00287661
0.00286717
0.00283533
0.00276526
0.0026538
0.00251206
0.00236657
0.00226452
0.00223559
0.00229641
0.00243053
0.00261096
0.00281193
0.00300434
0.00315864
0.0032559
0.00328855
0.0032596
0.00292383
0.00255579
0.00177733
0.00285042
0.00286178
0.00283528
0.00282621
0.00281666
0.00278431
0.00271706
0.0026108
0.00247513
0.00233731
0.00224365
0.00222518
0.00228756
0.00241593
0.00259022
0.00278854
0.00298257
0.00314434
0.00325055
0.00328855
0.00304574
0.0027166
0.00151458
0.00268851
0.00279245
0.00279896
0.00279138
0.00277758
0.00274513
0.00268158
0.00258063
0.00245142
0.00232389
0.0022386
0.00222406
0.00228686
0.00241289
0.00258175
0.00277679
0.00297548
0.00314215
0.00325055
0.003098
0.00284524
0.00131393
0.00259583
0.00276831
0.00277986
0.00276383
0.00274453
0.00271423
0.00265588
0.00256102
0.00244113
0.00232158
0.00224235
0.00223528
0.00229902
0.00241912
0.00258094
0.00277463
0.00297525
0.00314215
0.0030809
0.00291815
0.00297525
0.00118262
0.00256979
0.00276995
0.00276924
0.00273735
0.00271574
0.00269051
0.00263873
0.00255248
0.00243954
0.00232896
0.00225806
0.00225661
0.00232012
0.00243476
0.00258903
0.00277843
0.00299344
0.00291936
0.0028414
0.00277843
0.00111479
0.0026006
0.00279422
0.00275576
0.00271054
0.00269185
0.00267404
0.00263104
0.00255119
0.00244676
0.00234671
0.00228321
0.00228556
0.0023492
0.00245811
0.00260339
0.00285459
0.00267052
0.00271831
0.00260339
0.00110496
0.00268522
0.00281585
0.00273585
0.00268575
0.00267447
0.00266647
0.00262983
0.0025574
0.00246356
0.00237298
0.00231511
0.00232015
0.00238407
0.00248674
0.00254207
0.00259404
0.00248674
0.00113065
0.00278112
0.00282086
0.00271371
0.00266681
0.00266627
0.00266525
0.00263534
0.00257221
0.00248866
0.00240642
0.00235184
0.00235813
0.00242149
0.00247469
0.00254446
0.00242149
0.00119399
0.00285565
0.00281525
0.0026959
0.00265804
0.0026649
0.00267084
0.00264867
0.00259454
0.0025212
0.00244543
0.00239129
0.0023975
0.0024319
0.00254573
0.0023975
0.00126112
0.00290108
0.00281009
0.00268929
0.00265681
0.0026715
0.00268429
0.00266874
0.00262369
0.00256012
0.00248834
0.00243153
0.00239267
0.00252706
0.00243153
0.0013203
0.00293409
0.0028129
0.00269157
0.00266584
0.00268684
0.00270436
0.00269482
0.00265891
0.00260424
0.00253327
0.0023893
0.00245551
0.00253327
0.00136871
0.00297007
0.00282885
0.00270705
0.00268517
0.00270959
0.0027302
0.00272618
0.00269935
0.00265202
0.00245137
0.00239175
0.00140831
0.00301671
0.00285908
0.00273459
0.00271342
0.00273869
0.00276091
0.00276199
0.00274389
0.00240468
0.00144338
0.00307462
0.002902
0.00277254
0.00274926
0.00277305
0.00279553
0.00280132
0.00147668
0.00314136
0.00295522
0.00281904
0.00279132
0.00281152
0.00283304
0.00150949
0.00321385
0.0030164
0.00287246
0.00283823
0.00285291
0.0015426
0.00328959
0.00308351
0.00293128
0.00288859
0.00157645
0.00336684
0.003155
0.00299401
0.00161109
0.00344422
0.00322955
0.00164644
0.00352101
0.00168259
)
;
    }
    procBoundary5to7
    {
        type            processor;
        value           nonuniform List<scalar> 
36
(
0.00125446
0.00264705
0.00133118
0.00251827
0.00283305
0.0025309
0.00269343
0.00263557
0.00265979
0.00277201
0.00272622
0.00288902
0.00283925
0.00295719
0.00294294
0.00295603
0.00300404
0.00288499
0.00299842
0.00274356
0.00291636
0.00262761
0.0027688
0.00259627
0.00266148
0.00260745
0.00264391
0.00258832
0.00266161
0.00250897
0.00264017
0.00243737
0.00255249
0.00245327
0.00247667
0.00249715
)
;
    }
}


// ************************************************************************* //
