/*--------------------------------*- C++ -*----------------------------------*\
  =========                 |
  \\      /  F ield         | OpenFOAM: The Open Source CFD Toolbox
   \\    /   O peration     | Website:  https://openfoam.org
    \\  /    A nd           | Version:  12
     \\/     M anipulation  |
\*---------------------------------------------------------------------------*/
FoamFile
{
    format      ascii;
    class       surfaceScalarField;
    location    "600";
    object      phi;
}
// * * * * * * * * * * * * * * * * * * * * * * * * * * * * * * * * * * * * * //

dimensions      [1 0 -1 0 0 0 0];

internalField   nonuniform List<scalar> 
42607
(
6.17027e-05
0.000449781
-4.6374e-05
-6.21572e-05
-3.57938e-05
-4.82968e-05
0.000326465
-3.2327e-05
-2.66223e-05
-3.44907e-05
-2.44174e-05
5.8585e-05
0.000445543
-4.43699e-05
-3.48317e-05
-4.66726e-05
-6.14698e-05
-6.09729e-06
-6.29806e-05
6.21203e-06
6.36555e-05
-4.71637e-05
9.23303e-05
5.6025e-06
-5.48731e-05
0.000103943
-5.35033e-05
6.13446e-06
-4.81508e-05
0.000327187
-2.17801e-05
-2.96233e-05
-3.21942e-05
-2.43231e-05
-4.72507e-05
5.95093e-06
4.84413e-05
-3.32566e-05
-6.55492e-06
3.4341e-05
3.74566e-06
-2.42115e-05
-3.46468e-05
3.33398e-06
3.5299e-05
-2.27584e-05
5.32918e-05
-4.3774e-05
0.000439789
-5.98975e-05
-4.11075e-05
-3.28973e-05
-5.07443e-06
-6.31362e-05
4.41993e-06
6.38547e-05
-4.4434e-05
-9.19441e-05
0.000104156
-5.21177e-05
-4.5102e-06
4.33756e-06
-4.59806e-05
-5.39816e-05
-1.08171e-06
-4.40121e-05
1.43661e-07
4.51476e-05
-4.73612e-05
6.29214e-05
1.33449e-06
-5.7426e-05
6.47132e-05
-5.63768e-05
7.57807e-07
-4.86494e-05
1.63235e-06
2.11253e-06
4.99458e-05
-1.29705e-05
-1.19124e-05
-7.56653e-06
-6.57116e-06
0.000321374
-2.10611e-05
-2.8811e-05
-2.58814e-05
-1.82349e-05
-3.95956e-06
-3.52413e-05
1.36528e-06
3.56386e-05
-1.95831e-05
-4.79507e-05
4.88401e-05
-3.00523e-05
4.63316e-06
-3.19992e-05
1.86842e-06
-2.15007e-05
-3.05786e-05
-1.12578e-06
3.16348e-05
-3.30433e-05
4.02001e-07
2.06204e-05
-2.40493e-05
-3.44945e-05
2.14642e-05
-2.26155e-05
-3.44571e-06
6.34807e-05
2.51072e-06
-4.24651e-05
4.62852e-05
0.000433327
-3.98503e-05
-2.98865e-05
-5.724e-05
-3.68287e-05
9.27279e-05
-5.19154e-05
-3.97725e-06
2.54644e-06
6.41904e-05
-4.03863e-05
0.000105502
-4.96484e-05
7.28739e-10
-4.61856e-05
-1.54193e-06
4.72427e-05
-4.39498e-05
-6.62326e-05
6.82244e-05
-5.41088e-05
-2.30683e-07
-9.05e-07
-4.58829e-05
-5.57316e-05
2.30205e-06
-3.23068e-05
-6.10113e-06
3.41431e-05
-4.53984e-05
5.31639e-05
-1.98002e-06
-5.7054e-05
5.50742e-05
-5.59851e-05
-5.48004e-06
-4.69411e-05
3.99537e-06
3.5051e-06
5.01298e-05
-3.46368e-06
-8.46942e-06
-9.86908e-06
-4.72982e-06
4.42377e-06
-1.55174e-05
1.2812e-05
-1.17486e-05
-1.63205e-05
1.35619e-05
5.47475e-06
-1.02048e-05
-3.12721e-06
-2.04342e-05
-4.23469e-06
-2.10198e-05
-2.15443e-06
-2.84465e-06
0.000308862
-2.44615e-05
-1.3952e-05
-2.12506e-05
-1.69449e-05
-2.63145e-06
3.50558e-05
-6.67725e-08
-1.77801e-05
4.80747e-05
-2.81663e-05
1.92037e-06
4.8524e-05
-2.57047e-05
-6.35543e-07
3.48154e-05
-1.54386e-05
2.99089e-06
-2.20867e-05
2.24167e-05
-1.89086e-05
-3.23544e-05
3.30723e-05
-2.93212e-05
-2.25325e-06
-3.13705e-05
-2.08714e-05
-2.03239e-05
-9.64472e-06
2.18274e-05
-3.10032e-05
8.89386e-06
1.1856e-05
-2.16186e-05
-3.2691e-05
1.31131e-05
-1.99554e-05
8.15401e-07
4.81783e-05
-2.52829e-06
-4.16878e-05
3.82075e-05
0.000425712
-3.15425e-05
-5.3567e-05
-2.58721e-05
-3.48631e-05
-2.50627e-06
6.37349e-05
8.11381e-07
-3.76999e-05
-9.41626e-05
2.87406e-06
0.000107253
-4.58509e-05
-4.84071e-05
8.05377e-07
6.41163e-05
-3.51414e-05
6.98193e-05
-5.26949e-05
1.05426e-06
-3.13746e-06
4.90091e-05
-3.9134e-05
7.18304e-05
-5.06052e-05
3.19271e-06
-3.586e-05
-7.54956e-06
3.75133e-05
-4.12463e-05
-5.6932e-05
5.90156e-05
-5.29997e-05
2.86303e-06
-6.96091e-06
-4.35019e-05
-5.47264e-05
4.63856e-06
-2.30908e-05
-1.03333e-05
2.55182e-05
-4.2131e-05
3.79532e-05
-4.24101e-06
-5.54886e-05
4.07389e-05
-5.41322e-05
-9.68549e-06
-4.39896e-05
2.6455e-05
2.69576e-05
2.58386e-05
-6.07174e-05
5.35123e-06
5.79713e-06
4.43492e-05
-1.00457e-06
-5.76256e-06
-4.07455e-06
4.84738e-07
1.79717e-05
1.09082e-06
-2.24666e-05
-6.72667e-07
6.13018e-07
-6.45471e-06
1.52828e-05
6.88806e-06
-6.21383e-06
-1.72408e-05
1.46364e-05
-8.24459e-06
-2.18974e-05
-1.13683e-06
-6.43529e-07
-2.36004e-05
1.96446e-05
-9.6196e-06
-2.43284e-05
2.0426e-05
8.96618e-07
-7.84251e-06
-7.292e-06
-3.25047e-06
-5.83062e-06
-1.67685e-06
0.000289561
-1.58637e-05
-1.20881e-05
-1.922e-05
-9.04373e-06
4.7413e-05
6.83902e-07
-2.3223e-05
6.55743e-08
-3.36432e-05
-2.47521e-06
3.2615e-05
-1.05142e-05
4.73712e-05
-2.03378e-05
-1.94319e-06
-1.31456e-05
4.07543e-06
2.2484e-05
-1.65715e-05
3.34188e-05
-2.69657e-05
-4.75583e-06
3.36687e-05
-2.43362e-05
2.21909e-05
-1.41042e-05
1.13221e-05
-1.41682e-05
1.49061e-05
-1.56859e-05
-2.31455e-05
2.42555e-05
-2.66586e-05
-1.06447e-05
-2.90048e-05
-1.79348e-05
-1.33278e-05
-1.56195e-05
1.53298e-05
-2.77189e-05
1.48542e-05
6.03475e-06
-1.87756e-05
-2.96796e-05
7.7454e-06
-1.68596e-05
3.69433e-06
3.90101e-05
-8.31858e-06
-3.85603e-05
3.01759e-05
-2.90311e-05
-2.11706e-05
-4.89049e-05
-2.55689e-05
0.00041692
-1.85326e-06
-6.33968e-05
-7.75801e-07
6.32893e-05
-2.8806e-05
9.58289e-05
1.61802e-06
-4.3761e-05
0.000109041
-4.09376e-05
-7.58673e-07
-3.17669e-05
1.78436e-06
4.96221e-05
-3.98303e-06
-3.61141e-05
-7.34661e-05
-2.0216e-06
7.53942e-05
-4.57574e-05
-4.82584e-05
-4.53315e-06
5.00042e-05
-3.30119e-05
6.10517e-05
-5.10367e-05
4.00437e-06
-8.82716e-06
4.03062e-05
-3.56073e-05
6.31849e-05
-4.8734e-05
5.43816e-06
-2.78848e-05
-1.16393e-05
3.01175e-05
-3.72778e-05
-4.36357e-05
4.6587e-05
-5.05128e-05
5.07249e-06
-1.10337e-05
-3.99073e-05
-5.25508e-05
6.81909e-06
-1.63756e-05
-1.48556e-05
1.93126e-05
-3.70316e-05
2.96883e-05
-6.48633e-06
-5.20828e-05
3.28607e-05
-5.04856e-05
-1.42601e-05
-3.9234e-05
3.96271e-05
4.02184e-05
3.51403e-05
-6.76855e-05
4.53434e-05
4.60078e-05
2.83676e-05
2.79016e-05
3.64632e-05
-5.19736e-05
7.32033e-06
6.96341e-06
3.23023e-05
1.00725e-06
-8.22856e-07
4.92083e-06
3.33632e-06
1.87015e-05
-2.54789e-07
-2.30614e-05
2.93749e-06
7.26381e-06
1.62368e-05
-3.67363e-06
-1.9229e-05
1.66795e-05
6.98247e-06
-1.2437e-06
-2.35151e-05
-5.15011e-07
5.03112e-06
2.58521e-05
4.56768e-06
-3.66718e-06
2.22803e-06
-2.22104e-06
2.20176e-05
3.21498e-06
-3.37322e-06
-2.51645e-05
2.13079e-05
-5.71232e-06
3.37284e-07
-3.82437e-06
-3.37714e-05
2.81171e-05
-6.20924e-06
-3.45537e-05
2.89245e-05
-1.86834e-06
-4.16935e-06
-9.73535e-06
2.22978e-07
2.1755e-06
-7.92298e-06
-1.33466e-05
-3.84068e-06
-9.99818e-06
-6.72561e-06
0.000263593
-4.57558e-05
-1.64077e-06
4.49819e-05
-1.42248e-05
9.92657e-07
3.08099e-05
-3.48203e-06
-7.79361e-06
-1.73706e-05
-3.98403e-06
2.90723e-05
-4.9628e-06
3.35041e-05
-5.68413e-06
-2.13573e-05
6.25288e-06
-2.15857e-05
2.05685e-05
-8.42962e-06
3.31443e-05
-1.82583e-05
-1.12611e-05
1.22189e-05
1.53965e-05
-1.3044e-05
2.51453e-05
-2.39552e-05
-1.275e-05
2.57209e-05
-2.0989e-05
1.54918e-05
-1.027e-05
1.71567e-05
-9.24942e-06
1.04574e-05
-1.2033e-05
-1.71651e-05
1.87726e-05
-2.27486e-05
-1.6462e-05
-2.54119e-05
-1.45929e-05
-8.34623e-06
-2.22541e-05
1.08195e-05
-2.27936e-05
2.14999e-05
2.09634e-06
-1.45457e-05
-2.50797e-05
4.2427e-06
-1.23356e-05
5.85241e-06
3.22123e-05
-1.22573e-05
-3.42501e-05
-8.34285e-07
6.21403e-05
-2.11575e-06
-2.49321e-05
-9.7378e-05
9.2565e-07
-3.51504e-05
0.000110432
-3.80762e-05
-2.13018e-06
-2.17642e-05
6.13915e-05
2.19871e-05
-4.30038e-05
-2.24858e-05
0.000405628
-1.90555e-05
-1.52744e-05
2.85458e-06
-5.01182e-05
-5.64035e-06
4.98965e-05
-2.57986e-05
7.68871e-05
-2.6222e-06
-4.26316e-05
7.85503e-05
-3.97462e-05
-5.17408e-06
-2.9329e-05
4.39242e-06
4.1407e-05
-9.43469e-06
-3.21727e-05
-6.52712e-05
-4.666e-06
6.73097e-05
-4.31299e-05
-4.59523e-05
-9.81664e-06
4.2181e-05
-2.86353e-05
4.95688e-05
-4.81661e-05
6.19864e-06
-1.27671e-05
3.40741e-05
-3.09007e-05
5.25335e-05
-4.55001e-05
7.57033e-06
-2.21522e-05
-1.61026e-05
2.48557e-05
-3.14491e-05
-3.60761e-05
3.93444e-05
-4.62108e-05
7.23505e-06
-1.55376e-05
-3.44443e-05
-4.85311e-05
9.07408e-06
-1.09029e-05
-1.90685e-05
1.42736e-05
-3.04078e-05
1.92751e-05
-8.6775e-06
-4.69891e-05
2.29151e-05
-4.50516e-05
-1.84219e-05
-3.29702e-05
4.40889e-05
-5.64809e-05
6.48625e-05
5.82023e-05
6.3896e-05
5.89962e-05
4.19138e-05
4.13918e-05
4.83552e-05
-5.15438e-05
4.78692e-05
4.72729e-05
-1.07908e-05
4.09122e-05
2.16217e-06
4.18697e-05
4.12362e-06
-8.60086e-06
2.89857e-05
2.93243e-05
5.03635e-05
-4.75778e-05
8.15102e-06
8.38377e-06
1.41794e-05
4.54314e-06
6.4204e-06
8.23151e-06
9.76561e-06
-6.65754e-06
-1.99913e-05
1.75742e-05
5.58381e-06
4.49805e-06
-1.96745e-05
1.74029e-05
1.77367e-06
8.16723e-07
-2.4056e-05
-1.83072e-06
9.99962e-06
-2.37496e-05
7.71321e-06
2.65273e-05
-2.90068e-06
4.6294e-06
3.9362e-06
2.27465e-05
-6.13996e-07
-2.70002e-05
2.32618e-05
4.26916e-06
2.1618e-06
-2.57751e-06
7.03209e-06
3.61956e-05
6.02138e-06
6.58297e-06
-4.65813e-06
8.35214e-08
3.05611e-05
1.37188e-06
8.05858e-07
-3.55487e-05
2.98687e-05
-1.81713e-06
4.27885e-06
-5.52542e-06
3.47967e-05
-2.66265e-06
3.57026e-05
-3.21537e-06
-3.12313e-07
4.27384e-05
-2.3128e-06
-1.0906e-05
2.8268e-06
-2.66197e-05
-4.92127e-06
7.59192e-07
2.41143e-05
-7.63556e-06
4.10724e-05
-4.56584e-06
-2.02001e-06
-1.25869e-06
-7.22088e-06
0.000231035
-4.11715e-06
1.26558e-06
-3.23281e-05
-7.3595e-06
3.12214e-05
-1.1399e-05
6.92994e-06
1.92083e-05
-5.21224e-06
-1.47986e-05
1.74285e-05
-2.15879e-06
2.60236e-05
-1.34419e-05
-1.76528e-05
1.3762e-05
-1.52834e-05
1.45926e-05
-3.92665e-06
2.59094e-05
-1.41987e-05
-7.09164e-06
1.78747e-05
1.14026e-05
-9.11751e-06
2.0147e-05
-1.97122e-05
-1.84168e-05
2.12045e-05
-1.63969e-05
1.19736e-05
-5.99602e-06
2.3776e-05
-6.20014e-06
7.85387e-06
-6.90157e-06
-1.31179e-05
1.51791e-05
-1.71365e-05
-2.30985e-05
-2.01494e-05
-9.78017e-06
-4.85852e-06
-2.80698e-05
7.73852e-06
-1.66723e-05
2.72497e-05
-3.67822e-07
-9.76032e-06
-1.93137e-05
2.16148e-06
-7.23206e-06
7.94875e-06
2.73999e-05
-1.66847e-05
-2.80584e-05
3.25037e-06
4.93725e-05
-6.00706e-06
-2.16514e-05
-7.96813e-05
-3.50059e-06
-3.28458e-05
8.08772e-05
2.87135e-07
9.84751e-05
-3.13338e-05
-3.59568e-05
-6.38843e-06
-1.79482e-05
4.84443e-05
5.98574e-05
-3.12725e-06
-1.75374e-05
1.60925e-05
0.000390308
-1.60074e-05
-9.56632e-06
-3.70677e-05
-1.28993e-05
-3.90786e-07
-3.11789e-06
5.87276e-05
-1.4417e-05
0.000111278
-2.84684e-05
5.15027e-06
-4.27004e-05
-1.04282e-05
4.27917e-05
-2.06119e-05
6.9271e-05
-4.94338e-06
-3.96496e-05
7.10592e-05
-3.63841e-05
-1.02069e-05
-2.45848e-05
6.53424e-06
3.57129e-05
-1.32223e-05
-2.71234e-05
-5.5473e-05
-6.81871e-06
5.83e-05
-3.91381e-05
-4.23576e-05
-1.35736e-05
3.69982e-05
-2.31658e-05
4.26601e-05
-4.3533e-05
8.2602e-06
-1.71497e-05
2.97121e-05
-2.43234e-05
4.59681e-05
-4.05479e-05
9.88788e-06
-1.75414e-05
-2.03951e-05
2.06678e-05
-2.40682e-05
-2.66493e-05
3.04396e-05
-4.01132e-05
9.48739e-06
-1.97651e-05
-2.74343e-05
-4.27779e-05
1.11919e-05
-6.62136e-06
-2.39162e-05
1.03497e-05
-2.14119e-05
1.05676e-05
-1.08548e-05
-3.99932e-05
1.4417e-05
-3.7709e-05
-2.32437e-05
-2.44558e-05
4.77948e-05
-3.86941e-05
7.73041e-05
8.17921e-05
7.61154e-05
8.31894e-05
5.95292e-05
-3.74344e-05
6.14235e-05
6.75621e-05
6.66597e-05
6.06682e-05
9.91042e-06
-8.57654e-06
1.06868e-05
-7.33493e-06
6.01768e-05
6.3291e-06
-1.05983e-05
5.11594e-05
8.28816e-06
5.89092e-05
5.21863e-05
-8.24126e-06
4.27643e-05
4.31342e-05
6.52812e-05
-3.8771e-05
4.87878e-05
4.92089e-05
6.42661e-06
4.3759e-05
8.91783e-06
-4.65121e-06
4.29711e-05
6.40636e-06
2.9662e-05
2.95319e-05
6.69918e-05
-4.7779e-05
8.8549e-06
8.77319e-06
1.17548e-05
1.00388e-05
1.4483e-05
1.32025e-05
-9.44378e-06
4.42622e-06
-2.00667e-05
1.7958e-05
7.80947e-06
-2.01002e-05
1.78322e-05
2.53634e-06
1.05783e-05
-2.82734e-06
-2.38049e-05
1.29664e-05
-2.38823e-05
-4.5304e-06
1.52508e-05
-4.28515e-06
-2.74718e-05
2.39154e-05
3.85792e-06
8.48167e-06
-2.73022e-05
2.36911e-05
5.36876e-06
2.5273e-06
-2.88685e-06
1.25494e-05
9.89274e-06
3.69128e-05
-3.37823e-06
9.201e-06
2.59751e-06
3.12936e-05
3.77954e-06
-3.73835e-05
3.17783e-05
3.43317e-06
6.93142e-06
1.19417e-05
-2.53726e-06
1.06359e-06
3.75387e-05
7.73108e-07
5.18943e-06
3.67301e-05
2.27216e-06
-6.21809e-06
4.35356e-05
2.07326e-06
4.45616e-05
4.68486e-06
-3.59056e-06
2.96587e-05
-7.68984e-06
-7.66047e-06
7.9424e-06
-1.52972e-05
4.17679e-06
1.27921e-05
3.18836e-06
2.1045e-05
-5.08412e-06
3.70638e-06
-4.19043e-06
2.77676e-05
3.8135e-05
-4.2224e-06
1.19472e-06
0.000193227
-1.20468e-06
6.15769e-06
1.44944e-06
4.04427e-06
-3.55912e-06
3.56119e-05
-1.15282e-06
-5.32884e-06
1.78871e-05
6.19315e-06
-2.5468e-05
-1.4248e-05
2.45345e-05
-6.64572e-06
1.41689e-05
1.35845e-05
-4.14991e-07
-1.03952e-05
1.20569e-05
2.95294e-06
2.19485e-05
-1.8896e-05
-1.27231e-05
1.9194e-05
-1.22071e-05
1.1991e-05
1.01085e-06
2.22729e-05
-8.90261e-06
-2.53004e-06
2.4466e-05
9.25252e-06
-3.68856e-06
1.70039e-05
-1.37556e-05
-2.49796e-05
1.85033e-05
-1.00664e-05
1.02991e-05
-2.43953e-07
2.97152e-05
-4.50965e-06
6.57107e-06
-1.13954e-06
-1.04469e-05
1.29142e-05
-1.02837e-05
-2.89605e-05
-1.36624e-05
-4.35875e-06
-2.42934e-06
-3.51753e-05
5.66542e-06
-8.64933e-06
3.42623e-05
-1.82649e-06
-3.59686e-06
-1.1738e-05
1.04192e-06
-7.14134e-07
1.02949e-05
2.36287e-05
-2.10189e-05
-2.02953e-05
5.2983e-06
4.25721e-05
-1.05636e-05
-1.61665e-05
-7.2674e-05
-5.41311e-06
-2.879e-05
7.40313e-05
-3.57067e-06
8.16203e-05
-2.85063e-05
-3.22732e-05
-1.0603e-05
-1.20533e-05
4.1867e-05
4.73103e-05
-6.40513e-06
-1.35689e-05
1.23619e-05
0.000369777
-5.85315e-06
-3.07834e-05
-3.2506e-06
-8.93189e-06
1.11412e-07
5.67508e-05
-3.87727e-06
-1.02648e-05
-9.87159e-05
-1.34892e-08
0.000110855
-2.16916e-05
-2.43938e-05
-3.8283e-06
5.53379e-05
-7.67157e-06
3.7569e-06
-6.67633e-06
4.5803e-05
-9.99024e-06
8.2308e-05
-2.53992e-05
7.2167e-06
-3.79859e-05
-1.39289e-05
3.85137e-05
-1.44276e-05
6.10378e-05
-7.02569e-06
-3.53617e-05
6.35518e-05
-3.16813e-05
-1.37898e-05
-1.88084e-05
8.53887e-06
3.17928e-05
-1.75356e-05
-2.02073e-05
-4.92868e-05
-8.75866e-06
5.2532e-05
-3.36247e-05
-3.71374e-05
-1.78122e-05
3.35296e-05
-1.58491e-05
3.42824e-05
-3.7081e-05
1.06733e-05
-2.15422e-05
2.63551e-05
-1.61807e-05
3.81383e-05
-3.37306e-05
1.19679e-05
-1.39397e-05
-2.53362e-05
1.73676e-05
-1.41277e-05
-1.82997e-05
2.22233e-05
-3.20689e-05
1.15984e-05
-2.46541e-05
-1.79685e-05
-3.50622e-05
1.57335e-05
-4.04188e-06
-3.05953e-05
8.04045e-06
-1.05486e-05
3.14721e-06
-1.52154e-05
-2.86694e-05
6.92431e-06
-2.57526e-05
-2.97213e-05
-1.41428e-05
4.361e-05
-2.03911e-05
9.9811e-05
9.32325e-05
9.4937e-05
9.79561e-05
6.43148e-05
-2.02614e-05
8.07303e-05
8.71123e-05
7.96046e-05
8.57295e-05
8.47567e-06
1.46034e-05
-5.86527e-06
7.07771e-05
-1.20044e-05
-6.8303e-06
1.26453e-05
7.79586e-05
6.9223e-05
1.5248e-05
-4.17805e-06
7.98926e-05
7.88316e-05
6.26886e-05
-2.14267e-05
6.90108e-05
6.97072e-05
6.32466e-05
1.38692e-05
5.76514e-06
5.44579e-05
-3.75092e-06
4.70359e-06
1.63284e-05
-2.50949e-06
6.29089e-05
-1.10858e-05
1.33855e-05
6.17287e-05
5.35126e-05
6.08547e-06
5.27998e-05
9.2087e-06
-3.2323e-06
5.15216e-05
6.33359e-06
4.35126e-05
4.34037e-05
8.53337e-05
-2.99721e-05
4.96738e-05
4.95339e-05
-3.00652e-06
4.46042e-05
1.17399e-05
4.51446e-05
1.4739e-05
-1.73944e-06
2.93272e-05
2.91878e-05
8.51388e-05
-5.25587e-05
-5.7521e-07
-1.94386e-05
1.73726e-05
1.6444e-05
-2.04809e-06
-1.9725e-05
1.78119e-05
1.3913e-05
6.20899e-06
-2.29122e-05
2.02536e-05
-8.50594e-06
-2.30844e-05
1.82405e-05
8.79892e-06
8.76356e-06
1.52428e-05
1.79085e-05
-3.72696e-05
1.66141e-05
1.87687e-05
3.0478e-06
-2.73036e-05
2.3948e-05
1.19752e-05
-2.71259e-05
2.37995e-05
1.79806e-06
1.51544e-05
-3.58017e-06
1.56832e-05
-4.62123e-06
1.83538e-05
-3.95305e-06
-3.7813e-05
3.2333e-05
4.04014e-06
1.38745e-05
-3.76809e-05
3.21551e-05
1.03747e-05
1.92275e-06
1.80129e-05
-1.68664e-06
1.5001e-05
2.39588e-06
3.8351e-05
8.41e-06
3.89385e-05
3.66334e-06
1.187e-05
1.1391e-06
4.66932e-05
1.0798e-05
1.01706e-06
4.57494e-05
7.58392e-06
2.32448e-05
-1.43e-05
-2.63442e-06
1.41051e-05
-1.0202e-05
9.77627e-06
7.87006e-06
7.91234e-06
9.9995e-06
7.38552e-06
1.10057e-06
2.14559e-05
2.54887e-05
-4.36311e-07
6.5616e-06
0.000151587
6.59726e-06
9.21909e-06
4.46712e-06
1.09431e-05
3.2065e-05
-3.65028e-06
2.11525e-06
3.84443e-06
-1.43371e-05
-5.14899e-06
1.07098e-05
1.10895e-05
2.88157e-05
4.71495e-06
-5.04896e-06
8.99299e-06
-7.9959e-06
2.29038e-05
2.75163e-06
6.92748e-06
1.00328e-05
-2.22103e-05
-1.93466e-05
2.16446e-05
-6.62243e-07
1.93426e-05
1.13712e-05
4.81027e-06
-4.77981e-06
1.02666e-05
8.51042e-06
1.96838e-05
-2.53876e-05
-6.05162e-06
2.56264e-05
-1.0986e-05
1.12441e-05
7.45931e-06
2.04421e-05
-1.84678e-06
3.5507e-06
3.04681e-05
8.37549e-06
2.38997e-06
1.51412e-05
-6.53345e-06
-3.10498e-05
1.70407e-05
-2.4583e-06
9.81815e-06
6.20211e-06
3.70415e-05
-3.72766e-06
6.128e-06
6.11186e-06
-8.72633e-06
1.15341e-05
-1.38619e-06
-3.61747e-05
-5.20277e-06
2.53026e-06
-1.24986e-06
-4.30762e-05
4.7658e-06
3.15638e-07
4.19052e-05
-2.29641e-06
2.61085e-06
-3.33577e-06
8.3721e-07
5.87582e-06
1.23794e-05
2.06158e-05
-2.60221e-05
-9.90079e-06
7.25517e-06
3.86742e-05
-1.38591e-05
-9.72309e-06
-6.5887e-05
-7.32819e-06
-2.34386e-05
6.78638e-05
-5.39517e-06
7.51419e-05
-2.42217e-05
-2.73533e-05
-1.37546e-05
-5.25252e-06
3.82999e-05
4.08867e-05
-1.04509e-05
-7.53281e-06
1.66853e-05
-3.05397e-06
-1.80671e-06
-2.55893e-05
1.3173e-06
-5.14291e-07
-5.39772e-05
-3.95041e-06
5.39154e-05
-1.32664e-06
9.78745e-05
7.37383e-08
-1.78769e-05
0.000108619
-1.45091e-05
-3.93437e-06
-3.56302e-06
3.74085e-06
4.41502e-05
-6.50214e-06
-5.85073e-06
-8.24779e-05
-3.77624e-06
8.25752e-05
-1.80127e-05
-2.08229e-05
-6.75702e-06
4.23885e-05
-2.929e-06
5.43828e-06
-1.03253e-05
3.9463e-05
-3.67964e-06
7.59092e-05
-2.07281e-05
9.02068e-06
-3.49291e-05
-1.79814e-05
3.58685e-05
-6.40629e-06
5.56999e-05
-8.90283e-06
-2.96267e-05
5.86611e-05
-2.56219e-05
-1.79426e-05
-1.11681e-05
1.10111e-05
2.88264e-05
-2.19894e-05
-1.17003e-05
-4.20019e-05
-1.13089e-05
4.5779e-05
-2.6093e-05
-2.99899e-05
-2.23277e-05
3.09521e-05
-6.95597e-06
2.61899e-05
-2.86681e-05
1.27511e-05
-2.66058e-05
2.3613e-05
-5.32329e-06
3.01527e-05
-2.49423e-05
1.69161e-05
-1.18711e-05
-3.2535e-05
1.54636e-05
-2.10128e-06
-1.06303e-05
1.42231e-05
-1.87455e-05
1.63395e-05
-3.15951e-05
-6.54357e-06
-2.24288e-05
1.92459e-05
-3.49585e-06
-3.85299e-05
7.76917e-06
4.46208e-06
4.32263e-06
-1.87076e-05
-1.42234e-05
8.33196e-06
-1.0516e-05
-3.73027e-05
-1.61143e-07
0.000442625
3.39378e-05
-4.21053e-06
5.95692e-05
-4.30421e-06
9.9811e-05
0.000105243
0.000103366
9.813e-05
-1.69678e-05
3.1118e-06
1.48465e-05
-3.09718e-07
9.91302e-05
-4.88865e-06
1.44587e-05
8.81843e-05
-2.26908e-06
9.05976e-05
1.31562e-05
9.63006e-05
8.45752e-05
8.27347e-05
-4.89905e-06
8.93574e-05
8.36634e-05
9.05638e-05
2.06313e-05
3.11681e-06
-8.85959e-07
7.41965e-05
1.42647e-06
2.13734e-05
8.47767e-07
8.4096e-05
1.75293e-05
7.27123e-05
1.82941e-05
8.22131e-05
5.28486e-06
1.39245e-05
6.30528e-05
-2.27645e-06
-1.08067e-05
-3.95902e-06
1.33474e-05
7.20179e-05
6.14618e-05
1.65607e-05
-8.40507e-07
7.41379e-05
1.69359e-05
-1.78057e-06
5.55222e-05
0.00010158
-9.26384e-06
7.05053e-05
6.41382e-05
6.38639e-05
7.09445e-05
-3.52407e-07
1.9567e-05
6.42226e-05
-2.01974e-05
2.30158e-05
1.38488e-06
6.51515e-05
5.6222e-05
-2.14462e-07
5.44107e-07
5.54486e-05
1.58612e-05
1.85304e-06
5.4238e-05
1.23865e-05
4.30838e-05
4.28943e-05
0.000107122
-2.56583e-05
4.92688e-05
4.90821e-05
7.34825e-07
4.56899e-05
2.13316e-05
-6.96044e-08
4.55153e-05
1.8015e-05
2.78443e-05
2.82586e-05
0.000103028
-6.12585e-05
-1.6406e-07
-2.58869e-05
2.28328e-05
2.1525e-05
-1.86287e-06
-1.86172e-05
-4.66351e-06
1.69397e-05
1.95357e-05
-2.64418e-05
2.33578e-05
1.8631e-05
6.05301e-06
2.38599e-05
-7.7019e-06
-1.07076e-05
-2.15538e-05
2.30468e-05
2.14891e-05
8.12638e-06
8.26244e-06
-6.87972e-05
2.07031e-05
1.98049e-05
2.23967e-05
2.20548e-05
-1.80089e-05
1.62442e-05
-7.82742e-06
2.15427e-05
-2.10889e-05
-1.33908e-05
2.4532e-05
3.73635e-06
-3.75731e-05
3.22529e-05
1.75992e-05
-3.73098e-05
3.20261e-05
2.99915e-06
2.11752e-05
-1.81898e-06
2.13262e-05
2.43569e-05
-2.23759e-06
-4.59195e-06
3.96132e-05
5.12197e-06
1.94212e-05
3.93728e-05
1.55885e-05
2.95289e-06
4.76875e-05
1.43089e-05
4.84128e-05
1.80733e-05
4.55877e-06
2.06455e-05
-1.91012e-05
3.60679e-06
1.87598e-05
-8.73068e-06
1.58392e-05
6.74078e-06
1.37853e-05
5.28767e-06
1.31223e-05
7.6239e-06
1.91274e-05
1.93797e-05
4.97434e-06
1.23542e-05
8.9039e-06
1.559e-05
1.37761e-05
1.05833e-05
-2.49943e-05
-3.03626e-06
2.073e-05
9.94742e-06
3.40174e-06
7.09482e-06
-4.35523e-06
1.37876e-05
7.75582e-06
-3.96654e-06
3.52074e-06
1.54475e-05
2.00489e-05
-7.65859e-06
6.12661e-06
7.62866e-06
-3.67298e-06
3.26777e-07
1.49334e-05
1.69272e-05
8.70827e-06
1.28514e-05
-1.33646e-05
1.68724e-05
8.29833e-06
2.36314e-06
1.58369e-05
-2.07802e-05
-2.55606e-05
2.05988e-05
7.09833e-06
2.5671e-05
1.10637e-05
1.15727e-05
2.61054e-06
1.03997e-05
1.564e-05
1.86034e-05
-3.1532e-05
1.92834e-06
3.1833e-05
-1.09107e-05
1.15861e-05
1.45642e-05
1.97437e-05
6.51824e-06
1.02989e-05
3.79263e-05
8.26304e-06
1.00161e-05
1.40912e-05
2.81365e-06
-3.86283e-05
1.63126e-05
7.34283e-06
1.00415e-05
1.42082e-05
4.54752e-05
-3.79825e-06
6.45955e-06
1.34239e-05
-8.11711e-06
1.11839e-05
8.48724e-06
-4.4327e-05
4.17777e-06
9.48024e-06
-1.05579e-06
-5.27144e-05
4.90164e-06
1.06544e-05
5.12147e-05
-2.0046e-06
9.20499e-06
6.50133e-06
1.28586e-05
1.35105e-06
1.75135e-05
1.88598e-05
-3.34674e-05
2.65696e-06
8.99391e-06
3.63632e-05
-1.77773e-05
-1.43441e-06
-6.1411e-05
-8.93359e-06
-1.69267e-05
6.38326e-05
-7.1691e-06
6.95888e-05
-1.87776e-05
-2.11093e-05
-1.74992e-05
3.36676e-06
3.63096e-05
3.7541e-05
-1.33646e-05
-5.78448e-07
-2.52497e-06
5.46693e-05
-2.7298e-06
1.44675e-06
-9.22893e-05
1.04111e-05
-4.13202e-06
8.41904e-05
-1.17847e-05
1.14903e-06
6.02717e-05
4.97058e-06
2.98036e-06
-4.08772e-05
-6.58236e-06
4.0686e-05
2.46649e-06
8.21809e-05
-3.77906e-06
-1.37036e-05
8.16799e-05
-1.10277e-05
-6.41778e-06
5.87007e-07
5.23953e-06
3.78673e-05
-9.92337e-06
4.28893e-07
-7.64191e-05
-5.20559e-06
7.65702e-05
-1.29582e-05
-1.60933e-05
-9.74595e-06
3.60117e-05
3.46694e-06
7.08628e-06
-1.30077e-05
3.62988e-05
3.48402e-06
7.08919e-05
-1.4945e-05
1.16875e-05
-3.26959e-05
-2.2591e-05
3.39653e-05
3.22774e-06
4.94897e-05
-1.15013e-05
-2.18361e-05
5.30102e-05
-1.7455e-05
-2.25064e-05
-1.90669e-06
1.31196e-05
2.63755e-05
-2.71078e-05
-4.74445e-07
-3.41891e-05
-1.33198e-05
3.83295e-05
-1.69135e-05
-2.09067e-05
-2.74888e-05
2.87787e-05
4.80971e-06
1.77878e-05
-1.47192e-05
1.81416e-05
-3.43232e-05
2.19907e-05
7.72739e-06
2.1347e-05
-1.036e-05
2.05094e-05
-1.18213e-05
-4.10312e-05
1.56577e-05
1.45841e-05
-1.2194e-05
1.59994e-05
-2.04157e-06
1.98805e-05
-3.97988e-05
9.32264e-06
-6.41026e-06
3.72354e-05
-4.43052e-06
-5.50326e-05
8.9938e-06
1.7696e-05
6.15162e-06
-3.5145e-05
1.62553e-05
1.06469e-05
2.22241e-05
-5.28154e-05
1.26978e-05
-1.60643e-05
-1.37767e-05
4.28889e-05
0.00010861
0.000104947
0.000111841
0.000108094
1.309e-05
0.000486391
2.26951e-05
9.22167e-06
0.000469085
4.79931e-05
9.05596e-06
7.87672e-05
0.000102751
8.44783e-06
0.000108508
0.000110271
0.000104288
2.31395e-05
-4.20036e-07
2.61697e-06
9.5848e-05
-2.08391e-06
2.07047e-05
4.40885e-06
0.000105353
-2.02589e-05
1.87244e-05
0.000102507
9.3476e-05
-1.80468e-05
6.63487e-07
2.63441e-06
9.78148e-05
-2.3414e-06
1.48704e-05
8.31881e-05
7.87108e-07
8.5983e-05
9.40938e-05
2.41057e-05
1.38394e-06
7.59262e-05
0.000108472
6.48563e-06
8.50249e-05
9.31569e-05
8.57141e-05
9.22195e-05
3.10183e-06
2.49297e-05
8.62793e-05
2.76953e-05
3.15806e-06
7.72097e-05
2.85014e-05
4.86463e-06
8.79949e-05
2.10622e-05
-5.66595e-07
6.64567e-05
3.10532e-06
-2.06503e-06
2.39044e-05
4.67196e-06
7.86469e-05
1.73774e-05
6.48783e-05
2.01798e-05
7.65053e-05
-9.38332e-07
6.391e-05
1.34663e-05
6.61294e-05
1.73579e-05
2.57091e-06
0.000126335
-1.80589e-06
7.09223e-05
6.39141e-05
7.08661e-05
6.38304e-05
-2.37397e-05
2.88703e-06
2.67323e-05
6.60105e-05
-1.11272e-06
2.73278e-05
5.71429e-05
2.11188e-06
5.68121e-05
3.05554e-05
4.03695e-06
6.6567e-05
4.03103e-06
5.67167e-05
1.96368e-05
5.77263e-05
2.36713e-05
5.8583e-06
4.11801e-05
4.17069e-05
0.00012849
4.73219e-05
4.78783e-05
-2.57824e-05
1.71231e-07
4.54853e-05
2.48688e-05
4.52268e-05
2.82315e-05
1.51933e-07
2.6294e-05
2.556e-05
0.000118598
-7.27738e-05
-1.8433e-06
-3.57718e-05
3.0751e-05
2.80882e-05
3.00887e-07
-2.46645e-05
-4.19204e-06
2.19142e-05
2.46152e-05
-3.64677e-05
3.14085e-05
2.48461e-05
3.1379e-06
3.03002e-05
-4.16978e-06
-9.69454e-06
2.6669e-05
2.76286e-05
7.24709e-06
6.81991e-06
-9.99251e-05
2.37334e-05
2.40406e-05
2.57383e-05
2.54027e-05
1.08955e-05
-1.5764e-05
1.45233e-05
-1.43435e-05
2.53918e-05
-1.6654e-05
1.53936e-05
2.41334e-05
1.5941e-05
-1.82072e-05
-1.87873e-05
2.76862e-05
-1.89533e-05
2.69044e-05
-2.37336e-05
2.10322e-05
-6.78512e-06
2.68372e-05
-1.17308e-05
2.83947e-05
5.22811e-06
3.95544e-05
2.3424e-05
3.93594e-05
4.93054e-06
2.73401e-05
-5.81468e-06
4.94358e-05
2.62552e-05
6.68774e-06
4.90482e-05
2.20964e-05
1.99221e-05
-2.51651e-05
1.16714e-05
2.46568e-05
-9.23956e-06
2.35635e-05
7.60946e-06
1.80931e-05
4.39142e-06
1.92927e-05
1.60084e-05
1.86952e-05
1.72018e-05
1.16284e-05
1.97576e-05
-2.30785e-06
1.69829e-05
1.22291e-05
-9.86237e-08
-1.11909e-06
-4.67724e-07
1.95467e-05
-2.27126e-06
-2.93456e-06
1.7825e-05
1.18371e-05
1.57591e-05
-1.37772e-05
-6.59772e-06
1.02716e-05
1.34683e-05
7.02306e-06
-2.94001e-06
1.72784e-05
1.15112e-05
-5.79948e-06
1.85292e-05
1.41825e-05
-1.27189e-05
1.1612e-05
1.2158e-05
6.83569e-07
-3.82751e-06
2.04427e-05
1.12209e-05
1.4082e-05
1.85727e-05
-1.74215e-05
1.48658e-05
1.50481e-05
1.74099e-06
2.20981e-05
-2.04312e-05
-3.18517e-05
2.0587e-05
1.62032e-05
3.19161e-05
1.17972e-05
1.89999e-05
1.13328e-05
1.15143e-05
2.34306e-05
1.8191e-05
-3.92347e-05
1.21769e-05
3.96619e-05
-1.14731e-05
1.2467e-05
2.33442e-05
1.96373e-05
1.7245e-05
1.86808e-05
4.6643e-05
8.86099e-06
1.76884e-05
1.40036e-05
1.31695e-05
-4.76431e-05
1.64689e-05
1.81975e-05
1.08893e-05
2.22631e-05
5.58907e-05
-4.50719e-06
2.11422e-05
7.35488e-06
-8.46978e-06
1.17469e-05
2.00697e-05
-5.43609e-05
1.51717e-05
1.68415e-05
-2.03607e-06
6.0465e-06
1.77408e-05
1.32731e-05
2.11446e-05
1.92437e-05
-4.22978e-05
2.02243e-05
1.17106e-05
3.47282e-05
-2.24155e-05
8.50757e-06
-5.63105e-05
-1.16949e-05
-8.14606e-06
5.92248e-05
-8.6763e-06
6.59241e-05
-1.21927e-05
-1.26989e-05
-2.21461e-05
1.36422e-05
3.4904e-05
3.57768e-05
-1.69116e-05
8.18966e-06
2.59628e-06
4.06258e-05
-5.55738e-06
4.46809e-06
6.86008e-05
-7.96871e-05
4.43186e-06
2.52455e-06
-4.88588e-05
3.02138e-06
-3.88988e-06
0.000241352
9.87595e-06
7.44741e-06
8.00346e-06
-7.19565e-06
-3.56045e-06
4.72988e-06
4.73233e-06
-3.43607e-05
-9.11802e-06
3.31124e-05
8.10053e-06
7.65286e-05
-4.85102e-06
-8.81098e-06
7.64837e-05
-6.25042e-06
-9.22373e-06
6.61069e-06
6.77811e-06
3.47591e-05
-1.2343e-05
7.53339e-06
-7.18811e-05
-6.55621e-06
7.2451e-05
-6.97193e-06
-1.03044e-05
-1.18403e-05
3.29573e-05
1.05529e-05
8.41909e-06
-1.62977e-05
3.47012e-05
1.24382e-05
6.75984e-05
-8.20016e-06
1.38088e-05
-3.07767e-05
-2.79273e-05
3.22795e-05
1.58435e-05
4.24416e-05
-1.35834e-05
-1.23649e-05
4.64485e-05
-7.65304e-06
-2.7755e-05
1.02669e-05
1.86713e-05
2.47823e-05
-3.51139e-05
1.31765e-05
-2.47101e-05
-1.93775e-05
2.76259e-05
-4.51941e-07
-5.59833e-06
-3.57999e-05
2.71387e-05
1.88757e-05
1.96852e-05
2.73956e-06
2.17154e-05
-4.34806e-05
2.24822e-05
2.62541e-05
2.31069e-05
7.93377e-06
4.15146e-05
-1.32816e-05
-5.97523e-05
1.72426e-05
2.88608e-05
-1.49798e-05
1.90094e-05
3.54435e-05
3.9355e-05
-5.73913e-05
2.30711e-05
2.86118e-05
6.13603e-05
-6.10048e-06
-7.21953e-05
1.07308e-05
2.39006e-05
9.82776e-06
-5.73415e-05
6.78156e-05
1.52307e-05
7.81815e-05
-6.87313e-05
1.90611e-05
0.000477133
2.87847e-05
2.33101e-05
-1.45188e-05
5.28353e-06
1.13397e-05
0.000107662
4.02174e-06
-1.47839e-05
0.000100959
-1.7743e-05
1.33709e-05
0.000112787
8.70978e-06
-1.86289e-05
0.000105698
7.30381e-06
-2.27195e-05
-2.01467e-05
6.34317e-05
0.000117778
0.000113674
3.17975e-05
0.000116795
0.000120994
0.000517128
1.37671e-05
2.10529e-05
0.000516974
3.45111e-05
1.96708e-05
0.000494037
6.44842e-05
1.83906e-05
2.69118e-05
4.79656e-06
9.85893e-05
0.000101628
1.70115e-05
0.000112955
0.00010794
0.000106661
0.000114485
6.2458e-06
2.50322e-05
0.00010855
-3.02467e-05
2.7373e-05
8.0726e-06
0.000111318
6.49047e-06
0.000100849
2.53577e-05
-3.70962e-06
6.27295e-06
9.18314e-05
-5.28007e-06
8.04115e-06
0.00010523
-2.17452e-05
0.00010146
8.89881e-05
-1.98973e-05
-2.3396e-06
5.89637e-06
9.55264e-05
5.11474e-07
1.58955e-05
7.68133e-05
7.98896e-05
4.06543e-06
9.12547e-05
2.51052e-05
5.4152e-06
6.81478e-05
0.000134823
1.27864e-05
8.63997e-05
9.3845e-05
8.61114e-05
9.44154e-05
4.73449e-06
3.16747e-05
7.85061e-05
-3.56317e-05
-6.45968e-06
3.65264e-05
7.62074e-06
9.11011e-05
5.97634e-06
7.9396e-05
3.25474e-05
8.97517e-05
7.03045e-06
2.80911e-05
8.09349e-05
2.9354e-05
6.95705e-05
7.37173e-06
3.23562e-05
9.05765e-06
8.29655e-05
-5.85236e-06
7.08152e-05
2.60248e-05
8.80149e-06
6.85202e-05
2.15452e-05
0.000150723
6.98633e-05
6.21676e-05
6.94716e-05
6.26715e-05
3.06258e-07
-4.72861e-06
-3.47596e-05
3.8445e-05
5.13325e-06
6.68323e-05
3.11312e-05
2.64548e-06
5.71181e-05
3.45314e-05
6.67742e-05
5.69657e-05
2.98203e-06
7.34726e-06
5.8643e-05
2.7975e-05
5.93161e-05
3.24205e-05
8.43275e-06
3.89916e-07
4.36051e-05
3.47124e-05
-1.08539e-06
4.43464e-05
3.17024e-05
3.92213e-05
3.83207e-05
0.000146685
4.5274e-05
-2.96845e-05
4.43211e-05
2.21113e-05
2.31668e-05
0.000129634
-8.51898e-05
-4.13348e-06
3.80297e-05
3.48276e-05
2.96952e-06
-3.42873e-05
-1.61513e-06
2.95656e-05
3.12529e-05
3.87188e-05
3.12708e-05
-5.70243e-06
3.31356e-05
4.44786e-06
5.79028e-06
2.57869e-05
2.69867e-05
2.70505e-05
2.8882e-05
-1.73723e-05
-1.3948e-05
1.33499e-05
2.73602e-05
-1.26562e-05
1.21797e-05
-2.0433e-05
2.75779e-05
-2.12654e-05
-1.5273e-05
2.95416e-05
-1.41287e-05
-2.37171e-05
2.93268e-05
9.53817e-06
-2.05993e-05
1.8458e-05
-1.23492e-05
3.03442e-05
-2.18883e-05
1.9611e-05
2.91637e-05
1.40966e-05
-1.62327e-05
3.13344e-05
3.05487e-05
-3.3135e-05
2.8469e-05
-3.75739e-06
3.36454e-05
3.50241e-05
-7.1462e-06
7.12548e-06
4.95401e-05
3.05642e-05
4.94859e-05
3.48137e-05
7.13171e-06
2.01913e-05
-3.14529e-05
2.11045e-05
3.09375e-05
-1.06897e-05
3.19719e-05
9.37349e-06
2.37517e-05
5.54141e-06
2.71746e-05
2.57879e-05
1.92031e-05
1.69694e-05
2.01942e-05
2.78482e-05
-5.96295e-06
7.38282e-06
1.55234e-05
-8.58941e-06
8.50787e-06
3.74407e-06
2.0332e-05
-4.15175e-06
2.44042e-05
-1.66512e-05
2.18683e-05
2.41408e-05
2.17898e-05
2.03607e-05
1.91739e-05
-8.35972e-06
-1.05297e-05
5.4687e-06
1.7771e-05
1.13046e-05
-6.79922e-06
2.22954e-05
1.64532e-05
-9.51437e-06
2.28944e-05
1.22555e-05
-1.63637e-05
1.82431e-05
1.54582e-05
1.12726e-06
-4.00836e-06
2.63235e-05
9.45179e-06
2.05035e-05
2.46883e-05
-2.28305e-05
1.47879e-05
2.37624e-05
3.15592e-06
3.01221e-05
-2.05867e-05
-3.99375e-05
2.09833e-05
2.78168e-05
3.98679e-05
1.29869e-05
2.81522e-05
2.24962e-05
1.29868e-05
3.29792e-05
1.85374e-05
-4.85403e-05
2.35348e-05
4.92868e-05
-1.25675e-05
1.378e-05
3.2161e-05
2.01588e-05
2.91106e-05
2.71053e-05
5.74825e-05
9.91956e-06
2.57891e-05
1.47488e-05
2.53522e-05
-5.89015e-05
1.73828e-05
3.09844e-05
3.07239e-05
1.21278e-05
-9.79548e-06
1.3212e-05
2.77161e-05
2.25516e-05
-3.46913e-06
2.13624e-05
7.54182e-06
1.69067e-05
4.36934e-05
2.08991e-05
-6.21772e-05
3.50515e-05
1.38782e-05
3.32232e-05
-2.78354e-05
2.1521e-05
-5.03362e-05
-1.38398e-05
2.10593e-06
5.3924e-05
-1.14655e-05
6.1691e-05
-3.1934e-06
-2.70845e-06
-2.76112e-05
2.70898e-05
3.3547e-05
3.44831e-05
-2.15228e-05
1.86678e-05
3.98715e-06
3.25332e-05
-8.38066e-06
9.44075e-06
8.26836e-05
-7.63785e-05
-2.92723e-06
-8.5331e-07
7.79708e-05
4.74934e-08
7.75079e-07
2.15568e-05
1.40025e-05
0.000207894
1.29566e-05
-4.81631e-06
1.28702e-05
2.39458e-06
8.48263e-05
6.31435e-07
3.67518e-05
-3.34679e-05
-5.79466e-06
1.00058e-05
-4.45245e-06
4.16606e-05
9.94526e-06
-3.10328e-06
-7.5448e-06
8.41279e-06
5.82784e-06
-3.11029e-05
-1.06002e-05
2.94802e-05
1.44956e-05
7.27042e-05
-6.19213e-06
-2.87201e-06
7.27538e-05
-4.72191e-07
-1.10634e-05
1.33363e-05
7.93867e-06
3.32023e-05
-1.53524e-05
1.64461e-05
-6.88461e-05
-7.50972e-06
6.97078e-05
-3.23874e-07
-3.61345e-06
-1.44959e-05
3.13899e-05
1.93515e-05
1.11729e-05
-2.07808e-05
3.34341e-05
2.3095e-05
6.36027e-05
1.06099e-06
2.02556e-05
-2.90626e-05
-3.6725e-05
3.0464e-05
3.09116e-05
3.05149e-05
-1.97935e-05
4.53971e-06
3.33116e-05
9.80579e-06
-3.63051e-05
2.48546e-05
2.22751e-05
2.53586e-05
-4.4609e-05
3.26339e-05
-2.63728e-05
-2.27526e-05
2.94061e-05
1.92673e-05
1.34109e-05
-4.56048e-05
2.77712e-05
3.93153e-05
2.2811e-05
4.26314e-05
4.5859e-05
-6.45635e-05
2.41677e-05
4.16899e-05
2.63557e-05
5.0248e-05
7.00701e-05
-1.50419e-05
-7.95138e-05
1.8986e-05
3.43603e-05
-2.03837e-05
2.52152e-05
0.000100682
6.5627e-05
-7.58186e-05
2.89516e-05
8.90858e-05
8.99244e-05
-9.05275e-06
-9.27391e-05
1.34448e-05
2.23233e-05
2.10284e-05
-8.39654e-05
2.68853e-05
0.000117842
2.7625e-05
3.20033e-05
0.000129506
-8.77098e-05
1.79709e-05
-1.27063e-05
-1.53012e-05
2.98099e-05
0.000120446
0.000113161
0.000115444
0.000118115
4.64543e-05
0.000507519
1.60993e-05
3.11857e-05
0.000517998
4.57074e-05
4.00106e-05
-1.50215e-05
8.39629e-06
0.000105461
7.09765e-06
-1.60106e-05
9.73458e-05
-1.87156e-05
0.000111837
1.27605e-05
-2.15749e-05
1.20182e-05
1.74915e-05
0.000118553
-2.00834e-05
0.00010295
1.12135e-05
1.08396e-05
-2.2383e-05
0.000110946
-2.72933e-05
-3.02299e-05
8.60393e-05
0.000122304
4.51733e-05
0.000126762
0.000130026
0.000125459
2.50206e-05
-2.65744e-05
1.34104e-05
0.000115778
1.96912e-05
1.46463e-05
0.000123696
0.000539139
8.5576e-06
3.22256e-05
0.000550555
2.368e-05
2.88762e-05
0.00054531
4.78108e-05
2.55385e-05
0.000516035
8.44303e-05
2.32321e-05
2.95492e-05
8.61939e-06
9.47847e-05
0.000127375
1.99565e-05
0.000117401
0.000109335
0.000110232
0.000116234
-3.45322e-05
9.12479e-06
3.22398e-05
0.000114195
-7.95156e-06
3.82473e-05
9.05217e-06
0.000105118
0.000103216
3.49173e-05
1.03264e-05
0.000116613
1.00214e-05
0.000108826
-3.36703e-05
1.21777e-05
0.000112602
1.05936e-05
9.75604e-05
2.85658e-05
-7.39983e-06
8.63297e-05
1.03605e-05
-9.18096e-06
1.21057e-05
0.000104297
-2.40656e-05
9.9858e-05
8.31333e-05
-5.55121e-06
9.61743e-06
0.000161233
8.56439e-05
9.38916e-05
8.54141e-05
9.39072e-05
1.28298e-05
-6.68292e-06
4.39745e-05
7.14462e-06
8.04084e-05
-3.99124e-05
8.28636e-06
4.08803e-05
9.22115e-05
8.00238e-05
4.50287e-05
8.61055e-06
9.30371e-05
8.98289e-06
3.39356e-05
7.09344e-05
-3.86049e-05
-1.06815e-05
4.18092e-05
1.18978e-05
8.66804e-05
7.20057e-05
1.01888e-05
3.7092e-05
8.49714e-05
1.14597e-05
7.32176e-05
3.08481e-05
7.54608e-05
3.59569e-05
1.37315e-05
4.89584e-06
-3.84893e-05
4.23356e-05
6.62543e-05
4.17247e-05
-2.66218e-06
5.55267e-05
2.29077e-06
4.58817e-05
6.57138e-05
4.49668e-06
5.62045e-05
0.000171324
5.99811e-05
6.72957e-05
-2.64124e-06
6.63572e-05
5.90049e-05
-9.06339e-06
5.98964e-05
4.15821e-05
9.23094e-06
5.96889e-05
3.70189e-05
-2.36219e-06
4.20184e-05
3.76679e-05
3.40967e-05
3.54193e-05
0.000158435
-3.55921e-05
3.98507e-05
4.12516e-05
4.07273e-05
3.97837e-05
-3.52798e-06
1.88241e-05
1.73506e-05
0.000135015
-9.7453e-05
-6.59955e-06
4.83639e-05
4.29066e-05
5.68324e-06
1.34032e-06
3.6733e-05
3.81676e-05
4.89662e-05
3.90412e-05
2.2763e-05
-7.55345e-06
8.12412e-06
-2.47961e-05
2.72493e-05
-9.85357e-06
1.03547e-05
2.88156e-05
2.57782e-05
-7.85905e-06
-2.70178e-05
2.85957e-05
-9.48048e-06
3.05701e-05
-1.50932e-05
-1.82123e-05
1.66809e-05
3.16355e-05
-1.6531e-05
1.52866e-05
-1.76938e-05
3.1423e-05
-1.86674e-05
3.25881e-05
-2.06593e-05
3.21383e-05
6.13472e-06
-2.92687e-05
2.51294e-05
-8.47211e-06
3.68209e-05
-3.09141e-05
2.66522e-05
3.5803e-05
9.0869e-06
3.7696e-05
-1.06204e-05
3.69946e-05
3.54943e-05
-5.35935e-07
4.07547e-05
2.07651e-05
-3.96482e-05
3.31355e-05
3.92046e-05
-1.23935e-05
4.22444e-05
1.12804e-05
2.99487e-05
7.5356e-06
3.57968e-05
3.82369e-05
1.99095e-05
1.76223e-05
3.0201e-05
3.77595e-05
-9.45179e-06
3.01795e-06
1.90453e-05
-1.40826e-05
1.19628e-05
7.75965e-06
2.28163e-05
5.72154e-06
-1.55149e-05
-4.70607e-06
2.48211e-05
2.37838e-05
-3.31227e-05
2.21343e-05
2.50627e-05
2.29548e-05
1.68031e-06
-1.81907e-06
2.19339e-05
4.44234e-06
-3.91372e-06
-1.63467e-05
2.4444e-05
2.24294e-06
2.12171e-05
2.37121e-05
2.05876e-05
-6.64391e-06
-1.31314e-05
3.95977e-06
2.29863e-05
1.41784e-05
-6.83893e-06
2.76285e-05
2.23761e-05
-9.39047e-06
2.76012e-05
1.22418e-05
-2.14283e-05
2.6865e-05
2.01289e-05
-4.69185e-07
-2.20913e-06
3.40023e-05
9.50026e-06
2.88781e-05
3.25989e-05
-2.88958e-05
1.55207e-05
3.3979e-05
5.31629e-06
3.894e-05
-2.12441e-05
-5.01228e-05
2.17431e-05
4.07156e-05
4.97796e-05
1.44796e-05
3.73619e-05
3.48853e-05
1.46494e-05
4.25829e-05
1.95929e-05
-6.02476e-05
3.69633e-05
6.14109e-05
-1.3946e-05
4.14093e-05
1.52924e-05
2.13155e-05
4.31942e-05
3.59739e-05
1.63319e-05
3.32728e-05
1.90157e-05
3.91979e-05
-1.13428e-05
3.10909e-05
1.47839e-05
2.60653e-05
7.47463e-05
2.25975e-05
-8.33624e-05
4.00561e-05
2.06399e-05
3.12084e-05
-3.69141e-05
3.70509e-05
-3.59059e-05
-2.10263e-05
2.07207e-05
3.83175e-05
-1.35706e-05
5.71027e-05
7.19845e-06
1.53371e-05
-3.70086e-05
4.30572e-05
3.12234e-05
3.31847e-05
-2.70039e-05
3.24633e-05
5.41613e-06
2.81313e-05
-9.79869e-06
1.51722e-05
7.3671e-05
-7.28853e-05
-4.69873e-06
3.05979e-06
7.41869e-05
-3.71874e-06
3.97838e-06
4.62398e-06
-7.24883e-05
7.75678e-05
4.29925e-06
4.13756e-05
4.11192e-07
1.65512e-05
1.42935e-05
1.59295e-05
-4.56208e-05
3.31238e-06
4.79132e-05
1.19758e-05
4.66853e-06
2.84865e-06
9.4903e-07
1.26296e-05
-2.05068e-06
7.39997e-05
2.85779e-06
2.81234e-05
-2.73481e-05
-7.90989e-06
1.34218e-05
-6.80991e-06
3.14517e-05
1.13835e-05
2.1813e-06
-9.18912e-06
1.36863e-05
6.33582e-06
-2.94239e-05
-1.23371e-05
2.76103e-05
2.23105e-05
7.01257e-05
-6.89395e-06
3.60397e-06
7.04323e-05
5.55704e-06
-1.32911e-05
2.16994e-05
1.06197e-05
3.17957e-05
-1.96266e-05
2.70914e-05
-6.49316e-05
-1.00445e-05
6.57013e-05
8.95082e-06
5.67742e-06
-1.84639e-05
2.96918e-05
2.98748e-05
1.31414e-05
-2.62288e-05
3.21375e-05
3.72297e-05
5.97613e-05
1.15438e-05
2.35403e-05
-2.9608e-05
-4.71406e-05
3.08322e-05
5.32876e-05
3.19401e-05
-2.32366e-05
2.52424e-05
3.40838e-05
3.12024e-05
-4.64622e-05
4.62433e-05
4.7977e-05
2.70026e-05
-6.68754e-05
4.86975e-05
-2.96287e-05
-5.00475e-05
3.25453e-05
6.63982e-05
5.81149e-05
-6.91066e-05
2.92855e-05
5.60915e-05
2.97043e-05
0.000112889
7.96283e-05
-8.7289e-05
2.57836e-05
4.61645e-05
3.372e-05
0.000125861
0.000102463
-1.74699e-05
-0.000103193
2.10674e-05
3.1493e-05
-3.38431e-05
3.97061e-05
4.30462e-05
0.000154236
9.60799e-05
-9.79057e-05
2.67523e-05
3.73233e-05
0.000141624
0.000100855
-1.1034e-05
1.97916e-05
1.56606e-05
1.7051e-05
-9.4292e-05
1.91799e-05
9.58742e-05
4.0576e-05
2.66156e-05
8.19526e-05
2.256e-05
2.3227e-05
0.000104122
4.94727e-05
2.98408e-05
9.07686e-05
1.58085e-05
1.43978e-05
0.000490493
4.91601e-05
-1.30852e-05
-1.15262e-05
6.56169e-06
0.000120897
1.75982e-05
8.82197e-06
1.31095e-05
-1.17836e-05
0.000110028
4.98378e-06
0.000113285
-1.53979e-05
0.000117497
1.75995e-05
-1.94601e-05
-2.21864e-05
5.03439e-05
0.000129295
0.000126725
7.12168e-05
0.000134123
0.000131577
0.000525354
8.49226e-06
3.81593e-05
0.000551676
3.0004e-05
4.57679e-05
0.000557209
6.34777e-05
5.0673e-05
1.24109e-05
0.00010399
0.000111391
1.72504e-05
-2.26568e-05
1.63297e-05
0.000118181
1.49571e-05
-2.43395e-05
0.000108885
2.91983e-05
1.61774e-05
-3.07929e-05
0.000121132
-3.54015e-05
-3.8674e-05
0.000111884
0.000138701
5.18351e-05
0.000135482
0.000133815
0.000130724
1.71216e-05
2.39981e-05
0.000129487
-3.30214e-05
2.64943e-05
1.89903e-05
0.000134684
-3.54599e-05
1.79885e-05
0.000126086
2.66e-05
-2.88138e-05
0.000114698
1.82506e-05
1.9789e-05
0.00012465
0.000554582
7.07565e-06
4.27411e-05
0.00057495
1.6968e-05
3.78464e-05
0.000580234
3.41522e-05
3.1396e-05
0.000570404
6.41939e-05
2.65175e-05
0.000533057
0.000107603
2.18615e-05
3.33004e-05
1.30318e-05
8.96612e-05
0.000153781
0.000117748
0.000110562
0.000118321
0.000110307
1.5781e-05
-4.67673e-05
-1.03491e-05
4.30751e-05
1.06281e-05
0.000120814
9.51975e-06
4.28858e-05
0.000106861
9.76182e-06
0.000108252
4.01766e-05
0.00011892
-3.84181e-05
1.33703e-05
0.000116019
-1.21778e-05
4.29711e-05
1.33116e-05
0.000102823
0.000100305
1.46631e-05
0.000119617
1.46921e-05
0.000108747
-3.83701e-05
1.69061e-05
0.000113298
9.29017e-05
1.52773e-05
-1.32955e-05
1.6676e-05
6.80722e-06
4.81736e-05
8.01433e-05
-5.18558e-05
-8.12958e-06
5.31652e-05
9.33121e-05
7.39969e-06
7.98484e-05
6.39884e-06
4.93367e-05
9.32251e-05
0.00018391
9.18912e-05
8.32585e-05
6.19962e-06
8.23537e-05
9.11484e-05
-1.08872e-05
4.83435e-05
7.34139e-05
1.11203e-05
-4.35238e-05
1.25722e-05
4.69059e-05
8.8155e-05
7.28205e-05
5.18157e-05
1.27149e-05
8.94223e-05
-1.56099e-05
7.96848e-05
4.70463e-05
1.69686e-05
7.76619e-05
4.14049e-05
8.79762e-06
5.96261e-05
4.61027e-05
4.48642e-05
1.11662e-06
5.39589e-05
5.92467e-05
5.02701e-05
7.9012e-06
3.26982e-06
4.91389e-05
6.4248e-05
0.000184068
-9.25854e-06
6.29588e-05
5.41545e-05
5.56894e-05
6.13537e-05
-4.71198e-05
5.16884e-05
2.04889e-06
6.30094e-05
5.26792e-05
1.06248e-07
3.02075e-05
2.84244e-05
0.000161277
-4.07476e-05
3.55872e-05
3.37666e-05
5.31048e-06
3.64516e-05
4.24012e-05
-6.61658e-06
3.83104e-05
4.17183e-05
1.01495e-05
1.2232e-05
0.000133394
4.20772e-06
4.71176e-05
4.64844e-05
2.31219e-05
2.56895e-05
6.36031e-06
5.28959e-06
-0.000117069
2.92798e-05
2.7003e-05
2.81701e-05
3.06538e-05
2.00807e-05
-1.05991e-05
1.09311e-05
2.99586e-05
-1.31451e-05
1.29003e-05
3.14473e-05
2.32805e-05
3.05551e-05
3.22781e-05
-1.07815e-05
-2.63331e-05
2.27605e-05
3.75175e-05
-2.42175e-05
2.08784e-05
-1.27825e-05
3.67631e-05
-1.25943e-05
3.84364e-05
3.75869e-05
-1.38359e-05
2.74211e-06
3.16655e-05
-4.91407e-06
4.37789e-05
3.34586e-05
4.28609e-05
4.58908e-05
4.92809e-05
2.46987e-06
2.15463e-05
-5.01266e-05
4.65448e-05
4.99552e-05
-1.41461e-05
5.26316e-05
1.30504e-05
3.8271e-05
9.53289e-06
4.63909e-05
5.21282e-05
2.06016e-05
1.83506e-05
4.3027e-05
4.77622e-05
-1.16354e-05
1.64374e-06
2.31981e-05
-1.38812e-05
1.17551e-05
1.01663e-05
2.57073e-05
7.78804e-06
-1.55523e-05
2.50645e-05
-4.54043e-06
1.61108e-05
4.33747e-06
-1.44514e-05
2.23274e-05
2.43284e-05
2.27773e-05
2.25344e-05
2.02334e-05
-3.37985e-06
4.50559e-06
1.97806e-05
-1.60403e-06
2.45732e-06
2.39735e-05
2.11629e-05
1.0096e-07
-5.13223e-07
2.22244e-05
6.52998e-06
-1.5872e-05
2.35233e-05
7.811e-07
2.02571e-05
2.73416e-05
2.26953e-05
-6.72663e-06
-1.67646e-05
4.17633e-06
2.99641e-05
1.83132e-05
-4.88629e-06
3.4753e-05
3.01718e-05
-7.24755e-06
3.40763e-05
1.29236e-05
-2.7259e-05
3.70944e-05
2.56725e-05
-2.69222e-06
-1.17088e-08
4.26992e-05
1.00358e-05
3.89745e-05
4.14226e-05
-3.72173e-05
1.61887e-05
4.71294e-05
7.34925e-06
4.97971e-05
-2.24322e-05
-6.30927e-05
2.28973e-05
5.62027e-05
6.23504e-05
1.60766e-05
4.70478e-05
4.96569e-05
5.27082e-05
1.62725e-05
2.12788e-05
4.54867e-05
2.2981e-05
5.20702e-05
1.79123e-05
3.64431e-05
4.2144e-05
2.0579e-05
0.000109009
2.43519e-05
-0.000108642
3.64039e-05
2.38323e-05
3.13324e-05
-4.76027e-05
6.03211e-05
-3.59011e-05
-2.42626e-05
4.34737e-05
3.74107e-05
-2.11962e-05
4.05037e-05
2.62084e-05
3.73522e-05
-4.7952e-05
6.71159e-05
3.09631e-05
3.03779e-05
-3.67418e-05
4.88544e-05
5.69767e-06
2.60181e-05
-1.11416e-05
2.22083e-05
7.07864e-05
-7.05184e-05
-5.24141e-06
8.03323e-06
7.10652e-05
-4.30077e-06
8.00163e-06
6.80798e-06
6.42472e-05
6.92377e-06
3.08459e-06
-7.14904e-05
6.90475e-05
3.65891e-06
4.85362e-05
8.23409e-06
1.45021e-05
1.04627e-05
5.86191e-05
9.45893e-06
1.21964e-05
4.89337e-05
1.37984e-05
-3.62816e-05
6.84925e-07
4.09619e-05
9.69557e-06
1.48094e-06
3.88531e-06
-2.13172e-06
1.14057e-05
-2.63414e-06
7.02964e-05
6.25388e-06
2.54349e-05
-2.50527e-05
-9.32581e-06
1.80646e-05
-8.35319e-06
2.84753e-05
1.40683e-05
7.79291e-06
-1.03952e-05
1.98055e-05
8.62891e-06
-2.72373e-05
-1.55379e-05
2.49232e-05
3.15336e-05
6.57562e-05
-9.31375e-06
1.28629e-05
6.54609e-05
1.44812e-05
-1.69609e-05
3.18011e-05
1.25022e-05
3.03727e-05
-2.50005e-05
4.13546e-05
-6.17955e-05
-1.16069e-05
6.3119e-05
1.92342e-05
1.61453e-05
-2.35662e-05
2.8089e-05
4.41178e-05
2.1203e-05
-3.62801e-05
2.8662e-05
5.40226e-05
4.22229e-05
3.10275e-05
5.39532e-05
-3.09281e-05
-7.31589e-05
3.18003e-05
7.16212e-05
3.49962e-05
-5.20255e-05
7.4817e-05
3.6797e-05
8.33547e-05
-7.11752e-05
6.37504e-05
8.4572e-05
2.84611e-05
-9.12019e-05
5.26498e-05
-3.73096e-05
-8.96248e-05
4.03787e-05
0.000152954
0.000139097
-9.51227e-05
3.0514e-05
5.95365e-05
4.51508e-05
4.90561e-05
0.000167397
0.000115907
-0.000114289
2.72162e-05
4.16818e-05
4.98472e-05
5.54381e-05
0.000181633
0.000114565
-1.99409e-05
2.78809e-05
2.3686e-05
-2.76718e-05
3.23278e-05
3.17374e-05
0.000121218
-5.79567e-05
6.64628e-05
3.73557e-05
0.000108374
0.0001077
2.36573e-05
2.73327e-05
0.000112579
3.33147e-05
9.98256e-05
1.77702e-05
1.26315e-05
0.000104007
2.95989e-05
1.35793e-05
0.000100239
6.61943e-05
7.02104e-06
6.19237e-05
1.58532e-05
2.35696e-05
0.000112965
3.71863e-05
1.55365e-05
0.000110839
7.64848e-05
7.71772e-06
7.27603e-05
4.79991e-06
0.000503117
5.07299e-05
-6.31289e-06
-4.58977e-06
3.50999e-06
7.51085e-05
0.000464156
3.12605e-05
0.000547474
7.24458e-05
-1.67231e-05
-1.03824e-05
2.27266e-05
0.000118963
-1.46559e-05
2.23563e-05
9.89831e-06
0.000129295
7.80269e-06
1.74208e-05
0.000108174
0.000109971
2.32968e-05
0.000117092
2.24388e-05
-1.84673e-05
0.000125698
-2.65663e-05
-2.95704e-05
7.11036e-05
0.000142711
8.83967e-05
0.00014012
0.00014766
0.000145063
-1.7264e-05
1.14233e-05
2.57201e-05
0.000136599
-2.21343e-05
2.58662e-05
0.00013302
0.000536359
5.91706e-06
4.45846e-05
0.000572234
2.00933e-05
5.07865e-05
0.000592221
4.36996e-05
5.35582e-05
0.000594874
8.40238e-05
5.40639e-05
2.16402e-05
0.000118981
3.0892e-05
2.11937e-05
-3.35676e-05
0.000120865
-2.04639e-05
-4.19402e-05
3.40831e-05
2.12867e-05
0.000145735
-4.77594e-05
-4.43082e-05
0.000140703
0.000143553
4.94172e-05
0.000146653
0.000138497
0.000141388
-3.77006e-05
3.12495e-05
0.000140459
-1.98114e-05
-4.53781e-05
2.05716e-05
0.000136493
-4.02502e-05
0.000131451
2.24848e-05
0.000131117
-3.52533e-05
2.50826e-05
0.000137769
-3.85841e-05
0.000126966
2.36446e-05
0.000126528
2.55089e-05
0.00056471
8.80922e-06
5.13719e-05
0.000592431
1.42433e-05
4.66203e-05
0.000605193
2.52182e-05
3.73564e-05
0.000606225
4.72314e-05
2.85543e-05
0.000590312
8.39685e-05
2.09917e-05
0.000541841
0.000132175
1.25883e-05
9.30129e-06
-5.13738e-05
4.82604e-05
0.000122188
5.49814e-05
-8.96771e-06
0.00010966
8.05301e-06
5.10849e-05
0.000123271
8.24766e-06
0.000109064
0.000176979
0.000108874
0.000116834
3.39363e-06
0.000116492
0.000108273
-5.28627e-05
-1.47698e-05
1.48612e-05
0.000125826
1.38769e-05
4.81136e-05
0.000105088
1.38954e-05
0.000107186
0.000122619
-4.37303e-05
1.86163e-05
0.000117789
-1.71172e-05
4.9314e-05
9.92274e-05
1.84445e-05
9.61399e-05
1.98283e-05
0.000122341
1.96572e-05
2.22266e-05
1.06587e-05
5.31847e-05
7.35229e-05
-5.76289e-05
-1.20885e-05
6.14384e-05
9.07096e-05
1.08816e-05
-5.53822e-05
5.53481e-06
5.67915e-05
9.23468e-05
7.34784e-05
9.66994e-06
4.87217e-06
7.85419e-05
5.68871e-05
9.01491e-05
0.00019815
-5.89834e-06
7.85663e-05
8.54508e-05
8.73057e-05
7.67321e-05
5.79975e-05
3.51816e-06
7.73986e-05
5.96211e-05
3.64634e-06
9.14133e-05
1.77472e-05
8.14936e-05
5.29306e-05
8.31642e-05
5.88523e-05
1.7861e-05
6.36372e-06
5.81813e-05
5.40885e-05
0.000184915
-1.57464e-05
5.40641e-05
4.95376e-05
4.7353e-05
5.64984e-05
-4.90656e-05
7.10589e-09
5.36201e-05
6.04462e-05
1.70655e-06
4.96138e-05
4.81626e-05
-2.92714e-06
5.01549e-05
5.43471e-05
-1.7097e-06
5.83372e-05
5.70967e-05
5.71416e-05
4.41571e-06
2.10889e-05
2.32539e-05
0.000152232
-4.04495e-05
2.61987e-05
2.82119e-05
-8.50863e-06
3.31515e-05
4.27641e-05
3.07011e-05
4.16455e-05
-9.50175e-06
-2.31419e-06
-3.2086e-07
-0.000114457
2.1461e-05
2.41923e-05
2.59732e-05
2.30976e-05
-1.70014e-05
-1.40944e-05
1.60684e-05
1.26986e-05
3.16086e-05
-1.12864e-05
1.06634e-05
-1.72624e-05
2.78871e-05
1.73569e-05
-1.3464e-05
-1.70227e-05
3.00135e-05
1.63574e-05
-1.59442e-05
3.35031e-05
1.46461e-05
-1.77791e-05
1.56975e-05
3.34625e-05
-2.04158e-05
1.79346e-05
3.57921e-05
1.55996e-05
3.46227e-05
3.688e-05
-7.20243e-06
2.89524e-05
4.40049e-05
2.65502e-05
-8.98177e-06
4.26932e-05
-2.58729e-07
4.18344e-05
5.23104e-05
-1.94462e-06
4.37728e-05
5.14542e-05
2.25904e-05
-6.34813e-05
6.27304e-05
6.36888e-05
-1.57505e-05
6.36399e-05
1.45318e-05
4.93112e-05
1.1208e-05
5.71035e-05
6.90067e-05
2.14487e-05
1.88276e-05
5.73703e-05
5.83257e-05
-1.47293e-05
1.92888e-06
2.90333e-05
-1.13271e-05
9.49773e-06
1.3108e-05
3.01263e-05
1.11266e-05
-1.25807e-05
2.789e-05
-9.65935e-06
-1.1454e-05
9.54242e-06
2.1448e-05
-1.57153e-06
1.5268e-05
-1.28566e-05
1.91734e-05
6.28478e-06
1.95729e-05
-1.42279e-05
1.2596e-05
-5.51431e-06
1.82267e-05
7.28592e-06
1.72008e-05
-2.68313e-06
5.08984e-06
1.64873e-05
1.52194e-06
2.15268e-05
1.86511e-05
1.92149e-07
-6.16822e-07
2.44499e-05
9.71701e-06
-1.27147e-05
2.46037e-05
1.0423e-06
2.07708e-05
3.2797e-05
2.67202e-05
-6.99848e-06
-2.14216e-05
4.26901e-06
3.85773e-05
2.34743e-05
-2.74857e-06
4.2968e-05
3.97225e-05
-5.08511e-06
4.15415e-05
1.33808e-05
-3.55121e-05
5.04139e-05
3.37264e-05
-4.64186e-06
1.79962e-06
5.36495e-05
1.0214e-05
5.23015e-05
5.23906e-05
-4.84897e-05
1.62798e-05
6.18869e-05
8.78754e-06
6.08245e-05
-2.40437e-05
2.43476e-05
6.59041e-05
5.89126e-05
2.27859e-05
4.82178e-05
5.45595e-05
2.44013e-05
0.00012169
2.71485e-05
3.21162e-05
5.56921e-05
3.17887e-05
-7.48235e-05
7.94641e-05
-3.77993e-05
-5.73451e-05
0.000100654
3.7964e-05
-2.45971e-05
3.85532e-05
4.9663e-05
9.2042e-05
-7.63465e-05
8.71437e-05
3.07623e-05
2.9552e-05
-4.79902e-05
7.36586e-05
7.56651e-06
2.29151e-05
-1.37917e-05
3.04417e-05
6.50843e-05
-6.48563e-05
-6.87868e-06
1.46839e-05
6.50558e-05
-5.67424e-06
1.37054e-05
5.41105e-06
6.46195e-05
5.94061e-06
1.12532e-06
-6.85397e-05
6.66111e-05
4.46082e-06
4.4069e-05
5.97275e-06
1.08333e-05
-5.20447e-05
-4.60071e-05
5.30264e-05
1.29134e-05
1.21927e-05
1.24999e-05
4.16499e-06
9.06905e-06
1.29647e-05
1.01311e-05
1.07982e-05
-3.27795e-05
-2.72408e-06
3.71012e-05
9.22404e-06
-9.26753e-08
5.73234e-06
-5.00036e-06
1.2011e-05
-2.85152e-06
6.46197e-05
9.53837e-06
2.29502e-05
-2.20273e-05
-1.1157e-05
2.26245e-05
-9.41565e-06
2.65164e-05
1.70698e-05
1.59639e-05
-1.24578e-05
2.62724e-05
9.14359e-06
-2.5301e-05
-1.94706e-05
2.25942e-05
4.45673e-05
6.33005e-05
-1.03796e-05
2.3061e-05
6.29167e-05
2.40086e-05
-2.15765e-05
4.57859e-05
2.08971e-05
2.59591e-05
-3.53144e-05
5.84749e-05
-4.33352e-05
-2.03384e-05
4.37453e-05
3.91625e-05
3.59301e-05
-3.40181e-05
2.23687e-05
6.13879e-05
2.47575e-05
-4.77747e-05
2.70836e-05
7.95081e-05
3.91345e-05
5.52037e-05
9.97398e-05
-3.1838e-05
-0.000102762
3.2321e-05
7.416e-05
4.28158e-05
-9.46232e-05
0.000167003
4.44211e-05
0.000181489
-9.89223e-05
6.67255e-05
0.000122996
2.95969e-05
-0.00012
4.72734e-05
-5.38635e-05
-0.000130401
5.71481e-05
6.89053e-05
0.000211165
6.20456e-05
0.000196031
-0.000125862
3.13564e-05
5.32376e-05
3.65239e-05
3.63828e-05
0.000130167
7.44191e-05
4.2054e-05
0.000117387
0.000128956
3.67838e-05
3.00569e-05
4.01847e-05
4.14025e-05
0.000139331
8.06108e-05
4.76103e-05
0.000127831
-2.8804e-05
2.23406e-05
3.35011e-05
0.000131227
-4.39523e-05
5.02906e-05
1.98803e-05
0.000132355
-8.46462e-05
9.16142e-05
6.25033e-06
9.51561e-05
1.90239e-05
0.000122055
1.75471e-05
0.000121581
7.58132e-06
8.40828e-05
2.65127e-05
7.17178e-06
0.000101828
4.79289e-05
5.24653e-06
8.96069e-05
7.23285e-05
-1.26752e-05
4.14564e-05
8.88921e-06
3.40296e-05
0.000112096
5.84574e-05
5.21817e-06
0.00010281
9.8253e-05
-1.90192e-05
6.58549e-05
1.87499e-06
0.000507973
5.20365e-05
-5.3904e-06
6.90993e-05
0.000467724
1.87225e-05
0.000562964
7.25374e-05
-9.29601e-06
-1.09613e-05
1.97031e-05
0.00010962
0.000534838
-5.42375e-07
6.60086e-07
-1.98476e-05
0.000104871
0.000416002
2.79321e-06
3.28788e-06
4.72547e-05
0.000601064
8.74521e-05
-1.31571e-05
2.78712e-05
0.000128011
-2.07846e-05
-4.50019e-06
0.000115865
2.78405e-05
2.94261e-06
2.32306e-05
0.000104149
0.000105659
2.85771e-05
0.000126284
3.04659e-05
0.000114245
-2.04316e-05
2.94434e-05
1.45872e-05
0.000144832
-3.78202e-05
-3.44518e-05
9.4297e-05
9.60667e-05
0.000156239
0.000158985
0.000153763
0.000161524
2.97023e-05
-2.54276e-05
0.00014128
-2.32389e-05
1.62631e-05
3.17299e-05
0.00015235
-2.94141e-05
3.20541e-05
0.000148886
-1.56679e-05
3.25264e-05
0.000136651
3.31895e-05
0.00013508
0.000542596
7.56892e-06
5.0191e-05
0.000585999
1.55439e-05
5.55658e-05
0.000613041
3.07119e-05
5.5926e-05
0.000630513
5.96019e-05
5.36917e-05
0.000629863
0.00010769
4.75262e-05
2.13344e-05
-4.70393e-05
3.92719e-05
0.000151272
-2.67067e-05
-4.49092e-05
2.80911e-05
0.00015144
-5.3437e-05
-5.6715e-05
0.000170185
3.46234e-05
0.000153065
0.000147457
0.000150364
0.00014506
-5.15199e-05
4.23593e-05
2.06922e-05
0.000156456
2.10551e-05
-5.06394e-05
0.000141613
-5.60063e-05
2.03692e-05
0.000146561
-4.00624e-05
0.000144446
-2.55947e-05
-4.95307e-05
0.000139778
2.69312e-05
-4.39543e-05
0.000133392
2.89841e-05
0.00013433
0.000142243
3.18796e-05
0.000570259
1.32499e-05
5.72802e-05
0.000604435
1.46695e-05
5.39039e-05
0.000622928
2.09746e-05
4.34913e-05
0.000631024
3.55456e-05
3.09166e-05
0.000626562
6.35597e-05
1.90504e-05
0.000601518
0.00010578
7.07078e-06
0.000538571
0.00015428
-5.81859e-06
1.34462e-05
-5.80229e-05
0.000128189
6.2483e-05
-1.30579e-05
0.00011014
1.15341e-05
5.88548e-05
5.69118e-06
0.000109172
0.000130641
1.18438e-05
5.35105e-06
5.53423e-05
0.000123243
0.000108766
0.000191954
-1.57487e-05
0.000112419
0.000102194
0.000110602
0.000104195
-6.15215e-05
5.76517e-05
2.72901e-06
0.000122984
3.52073e-06
0.000108543
-6.10139e-05
-2.03099e-05
2.00805e-05
0.000131063
1.91101e-05
5.51596e-05
0.000102194
0.000105031
1.9104e-05
0.000126657
2.42791e-05
2.57872e-05
-1.71391e-05
8.54775e-05
7.03725e-05
1.56386e-05
-6.17384e-05
8.68897e-06
6.5796e-05
9.04818e-05
7.87047e-06
7.26915e-05
8.44149e-05
6.47818e-05
0.000198708
-1.88376e-05
6.78977e-05
7.92638e-05
7.5786e-05
7.0951e-05
6.00916e-05
8.74725e-07
7.47382e-05
-4.68845e-07
-6.07151e-05
6.26436e-05
-2.33473e-06
8.63259e-05
6.17399e-05
8.88348e-05
-1.12223e-06
7.2361e-05
6.49747e-05
7.17811e-05
5.65495e-06
6.91819e-05
5.89411e-06
9.0001e-05
0.000170788
-1.74767e-05
4.77357e-05
3.88344e-05
4.1463e-05
4.4577e-05
-4.81268e-05
4.17659e-06
5.24362e-05
-5.52367e-06
5.11018e-05
-4.96673e-06
4.97224e-05
4.46189e-05
4.17618e-05
-5.85682e-06
5.42155e-05
5.44721e-05
1.891e-06
5.50286e-05
5.93964e-05
5.2997e-05
6.02879e-05
-7.46274e-07
1.85862e-05
2.05234e-05
0.000132337
-3.13898e-05
1.09777e-05
-1.11462e-05
2.3709e-05
3.7281e-05
2.6429e-05
4.01388e-05
-7.33683e-06
-1.05221e-05
1.73656e-05
1.61004e-05
1.48437e-05
1.89877e-05
1.68366e-05
-5.63175e-06
4.8779e-06
-1.50715e-05
2.04498e-05
-7.58632e-06
6.84995e-06
2.45028e-05
-1.6257e-05
-9.34804e-06
2.69693e-05
-7.66341e-06
-1.40381e-05
2.29104e-05
-1.16093e-05
-1.94924e-05
1.13115e-05
1.72536e-05
3.41452e-05
-1.69635e-05
1.49287e-05
-1.12498e-05
2.95624e-05
1.13542e-05
-1.04873e-05
3.07693e-05
3.47421e-05
1.06092e-05
2.04958e-05
3.7378e-05
2.31079e-05
4.07407e-05
-4.31748e-06
3.87846e-05
5.2212e-05
3.59625e-05
5.03492e-05
-6.1741e-06
2.37633e-05
7.29061e-05
6.33935e-05
1.23868e-05
6.85464e-05
7.97022e-05
2.21987e-05
1.92815e-05
7.49409e-05
-1.87977e-05
1.91697e-06
3.63913e-05
-8.38982e-06
7.16327e-06
1.66804e-05
3.51683e-05
1.45038e-05
-9.08494e-06
3.13349e-05
-6.67861e-06
-9.141e-06
1.70742e-05
3.77619e-06
1.18705e-05
-9.49923e-06
1.79039e-05
8.63598e-06
1.5321e-05
3.89885e-06
-9.20404e-06
1.38466e-05
1.45986e-05
1.46343e-05
1.24484e-05
-1.16009e-05
1.40633e-05
1.51629e-05
-3.12144e-06
6.08816e-06
1.45727e-05
6.18912e-06
2.13434e-05
1.77607e-05
6.59862e-07
-8.0291e-07
2.79398e-05
1.25793e-05
-8.72019e-06
2.65884e-05
1.91958e-06
2.26748e-05
3.91854e-05
3.20568e-05
-6.76846e-06
-2.85657e-05
3.68219e-06
5.07586e-05
3.11619e-05
-1.21093e-06
5.36013e-05
5.27535e-05
-3.76923e-06
5.14966e-05
1.28583e-05
-4.69506e-05
6.54716e-05
4.518e-05
-5.66086e-06
2.24314e-06
6.48842e-05
8.85589e-06
6.74659e-05
6.35953e-05
-6.28356e-05
1.61923e-05
8.0037e-05
7.25815e-05
9.57525e-06
-2.53428e-05
6.80143e-05
2.55018e-05
6.12426e-05
0.000104725
3.17187e-05
-0.000106374
8.1715e-05
-4.50013e-05
-0.000109652
0.000210847
4.44603e-05
-5.89163e-05
3.72576e-05
0.000109286
0.000196187
-0.000109924
8.9156e-05
2.99784e-05
2.84762e-05
-7.75013e-05
9.45296e-05
7.65058e-06
2.00983e-05
-1.70156e-05
4.23027e-05
6.16823e-05
-6.16824e-05
-6.75829e-06
2.14423e-05
6.1585e-05
-4.56753e-06
1.83688e-05
2.65412e-06
6.5184e-05
4.71337e-06
-2.00627e-07
-6.36999e-05
6.26512e-05
5.70939e-06
4.07803e-05
9.82543e-07
8.8258e-06
4.61559e-05
-6.72744e-06
-4.39198e-05
7.29439e-06
1.01104e-05
9.29639e-06
-5.88837e-05
5.52009e-05
6.57917e-06
9.83449e-06
4.77385e-05
1.03792e-05
-6.77793e-05
6.33316e-06
4.16216e-06
6.20729e-06
3.47325e-06
8.34763e-06
-3.04145e-05
-4.79661e-06
3.40766e-05
1.01582e-05
-1.19849e-06
7.84807e-06
-6.76397e-06
1.36799e-05
-2.0362e-06
6.09044e-05
1.22631e-05
2.11408e-05
-1.93879e-05
-1.26137e-05
2.89178e-05
-1.05263e-05
2.50226e-05
2.16735e-05
2.48488e-05
-1.47847e-05
3.50093e-05
1.73333e-05
-1.78621e-05
-2.92557e-05
1.34194e-05
6.09323e-05
4.32456e-05
-1.94623e-05
4.30231e-05
4.19469e-05
4.26405e-05
-3.20751e-05
6.29054e-05
2.46413e-05
2.34089e-05
-4.70245e-05
8.45328e-05
-3.89895e-05
-2.41579e-05
3.79675e-05
6.43424e-05
6.07164e-05
-4.57298e-05
1.86296e-05
8.77391e-05
6.03122e-05
-7.83702e-05
2.48833e-05
0.000101159
3.55903e-05
0.000117183
0.000145723
-3.23879e-05
-0.000137733
3.25415e-05
6.60161e-05
5.94663e-05
-0.000137894
7.60424e-05
0.000226537
6.06011e-05
8.33841e-05
0.000242693
-0.000131722
5.95221e-05
0.000136615
3.25144e-05
4.15929e-05
-4.3329e-05
-0.000144487
4.57304e-05
5.2269e-05
0.000158722
-8.55518e-05
8.8997e-05
5.85383e-05
0.000149182
4.66739e-05
0.000148843
5.30201e-05
0.00013807
4.68161e-05
3.4227e-05
3.76944e-05
2.57704e-05
0.000140749
5.62557e-05
2.26415e-05
0.000143614
9.97664e-05
4.4909e-06
0.000104744
2.95147e-05
4.13119e-05
0.000150514
6.16422e-05
2.57978e-05
0.000155757
0.000109967
2.39133e-06
0.00011524
-4.06465e-05
1.22932e-05
4.65735e-05
0.000132887
-6.78125e-05
7.62271e-05
3.44483e-06
0.000126746
-0.000119725
0.000135014
-2.80491e-05
0.000107916
1.05639e-05
0.000122421
4.56632e-06
0.000115241
-2.48936e-05
8.75047e-05
3.59032e-05
1.63859e-06
9.41705e-05
5.02168e-05
-7.30924e-06
6.38143e-05
2.34543e-05
-8.02752e-07
-1.17317e-05
5.51327e-06
1.72877e-06
4.57937e-05
0.000105695
6.55879e-05
-1.07259e-05
7.91459e-05
6.10218e-05
-1.19656e-05
1.06371e-05
2.9616e-05
4.24301e-06
0.000509208
5.35444e-05
-6.66557e-06
6.39039e-05
0.000465694
1.33289e-05
0.000570748
7.26818e-05
8.55728e-06
0.000102505
0.000540704
-2.39199e-05
8.92435e-05
0.000413266
3.10805e-05
0.000616138
8.5614e-05
-1.37308e-05
-1.55674e-05
3.41908e-05
0.000134948
0.000601693
-2.17992e-06
-3.28581e-06
-1.03461e-05
0.000155414
0.000496562
1.58617e-06
1.95859e-06
-5.33045e-05
0.000123305
0.000341943
1.45547e-05
1.29216e-05
1.07999e-05
1.03291e-05
-2.47358e-05
1.04696e-06
3.32111e-05
0.000109136
1.38724e-06
9.81568e-05
6.50129e-05
0.000654639
9.26101e-05
-6.11508e-06
3.4153e-05
0.000125634
2.88059e-05
9.70105e-05
3.69358e-05
0.000124263
3.77453e-05
0.000108082
-1.84671e-05
3.65541e-05
0.00014554
-4.31862e-05
-4.68166e-05
0.000120349
9.0655e-05
0.000175641
0.000167711
0.000173181
0.000170025
-2.67833e-05
3.42396e-05
1.96878e-05
0.000160825
-3.47327e-05
2.99347e-05
-3.76402e-05
3.58072e-05
0.000165616
-3.31816e-05
0.000157483
2.16329e-05
3.52857e-05
0.000168779
3.73863e-05
0.000144387
-2.12422e-05
4.00943e-05
0.000154484
4.09151e-05
0.00015363
-7.53851e-06
0.000135291
3.97659e-05
4.26848e-05
0.000134086
0.000545249
1.28348e-05
5.46727e-05
0.00059497
1.51666e-05
6.00334e-05
0.000626703
2.38709e-05
5.86318e-05
0.000650617
4.29355e-05
5.29988e-05
0.000665711
7.85864e-05
4.36471e-05
0.000658781
0.000132637
2.7812e-05
2.81912e-05
-5.01706e-05
0.000158157
-3.42575e-05
0.000158959
3.59142e-05
-6.15261e-05
-6.40702e-05
0.00019549
4.76117e-06
0.000154788
0.000156615
0.000149347
0.000150783
-6.1005e-05
-1.87372e-05
5.06457e-05
1.60068e-05
0.000166155
-1.89694e-05
-6.65083e-05
1.62876e-05
0.000155642
-5.67241e-05
4.76009e-05
0.000161442
-6.14258e-05
0.000151162
-5.53593e-05
2.77838e-05
0.000165406
2.74822e-05
-5.54507e-05
0.000146342
-6.14084e-05
0.000152982
2.711e-05
0.000150479
0.000572619
1.8497e-05
5.94578e-05
0.000611532
1.74488e-05
5.88351e-05
0.0006349
2.03432e-05
4.88844e-05
0.000648001
2.91321e-05
3.39095e-05
0.000650537
4.86832e-05
1.7762e-05
0.000637559
8.21998e-05
1.15325e-06
0.000598761
0.000125996
-1.62651e-05
0.000517348
0.000168785
-3.15928e-05
1.88478e-05
-6.69548e-05
0.000134951
7.25362e-05
-1.81715e-05
0.000109832
1.63151e-05
6.68923e-05
8.94836e-06
0.000110662
0.000138875
1.66413e-05
8.56958e-06
0.000131883
0.000107525
0.000193113
-3.55381e-05
9.86305e-05
9.48693e-05
0.000102855
9.0692e-05
-1.8896e-06
-6.3782e-05
6.00473e-05
0.000120772
6.46595e-05
3.86434e-07
-3.62297e-06
0.000103414
6.12016e-05
-5.90783e-06
0.000118078
0.00010606
-7.02437e-05
4.84179e-06
0.000132886
5.631e-06
0.000110798
-2.65144e-05
2.64501e-05
1.30896e-05
8.59717e-05
7.56055e-05
0.000181948
-2.51597e-05
6.00597e-05
6.19264e-05
6.70625e-05
5.58999e-05
5.82532e-05
4.32107e-06
-5.97719e-06
6.37368e-05
-6.27288e-06
-6.04191e-05
6.21896e-05
8.14313e-05
6.027e-05
-8.77042e-06
7.62667e-05
6.79463e-05
6.74412e-05
2.56262e-06
6.97857e-05
-2.10798e-06
-6.83275e-05
7.28311e-05
-2.04095e-06
8.59712e-05
7.17859e-05
8.82762e-05
6.75535e-05
-6.69551e-07
8.61166e-05
7.99545e-05
9.6009e-06
3.01021e-05
3.25372e-05
0.000144617
-1.33021e-05
3.47944e-05
3.75358e-05
-4.60084e-05
-7.3699e-06
4.97541e-05
4.58362e-05
7.39984e-06
4.22194e-05
-7.23306e-06
3.37292e-05
3.71364e-05
4.53338e-05
-7.30529e-06
4.13981e-05
3.65126e-06
4.61887e-05
5.76415e-05
-6.03056e-06
4.96488e-05
5.99403e-05
1.40638e-05
1.25758e-05
0.000103493
-1.82878e-05
-1.3072e-05
-2.56532e-06
1.04108e-06
1.68904e-05
1.25436e-06
1.21848e-05
-3.285e-06
-9.29856e-06
1.52449e-05
-8.47717e-07
-9.70157e-06
1.35754e-05
-4.53992e-06
1.9109e-05
1.05909e-05
-1.13535e-05
9.60741e-06
-9.40871e-06
2.10137e-05
-1.33236e-05
1.16914e-05
2.54762e-05
-9.73135e-06
2.69536e-05
-8.28653e-06
2.2688e-05
-8.27505e-06
-2.89114e-05
8.29788e-06
2.4653e-05
3.83808e-05
-2.58586e-05
2.18358e-05
-7.53868e-06
3.28489e-05
7.52096e-06
3.37847e-05
-6.29283e-06
3.86558e-05
7.7974e-06
2.86543e-05
4.29534e-05
3.19703e-05
4.75301e-05
2.4631e-05
7.49284e-05
8.15634e-05
2.26781e-05
1.94836e-05
8.61265e-05
-2.52744e-05
1.06533e-06
4.7267e-05
-6.81602e-06
5.97197e-06
2.22764e-05
4.23902e-05
1.9247e-05
-6.89895e-06
3.6824e-05
-1.95565e-07
-6.46054e-06
1.52722e-05
7.41713e-06
7.78174e-06
-5.94792e-06
1.82604e-05
9.5904e-06
1.26057e-05
7.07556e-06
1.54379e-05
-1.27777e-05
1.14053e-05
-1.27818e-06
-1.02994e-05
7.10436e-06
6.60286e-06
1.24691e-05
2.62254e-06
4.84185e-06
1.29673e-05
1.74255e-05
9.99591e-06
-3.37993e-06
1.27576e-05
1.2069e-05
-3.94343e-06
6.47864e-06
1.46581e-05
9.65375e-06
2.24427e-05
1.86267e-05
7.38914e-07
-2.18254e-07
3.40524e-05
1.6789e-05
-5.96498e-06
3.07012e-05
2.58299e-06
2.70934e-05
4.80841e-05
4.03957e-05
-4.28373e-06
-3.91089e-05
4.82291e-09
6.48907e-05
4.24383e-05
-1.49883e-06
6.45537e-05
6.76889e-05
-4.76975e-06
6.18474e-05
1.19898e-05
-6.14649e-05
8.41144e-05
5.96191e-05
-5.83662e-06
7.70127e-05
1.64259e-06
7.00568e-06
8.63392e-05
7.56548e-05
1.55281e-05
9.17388e-05
0.000153561
3.15671e-05
-0.00014357
7.26979e-05
-6.01825e-05
-0.000161504
5.78207e-05
9.86102e-05
0.000276103
-0.000114458
4.26466e-05
0.000225558
9.09449e-05
0.000259222
-0.000149386
2.92448e-05
7.93605e-05
2.66941e-05
-0.000113079
9.64343e-05
1.5183e-05
9.2005e-06
-2.58478e-05
5.71864e-05
3.92454e-05
-3.83428e-05
-1.0443e-05
3.09827e-05
4.07903e-05
-8.33877e-06
2.51627e-05
6.25644e-07
6.18508e-05
4.88803e-06
-6.43349e-07
-5.97712e-05
5.86693e-05
7.45377e-06
3.70051e-05
-2.19286e-06
8.71582e-06
4.25275e-05
-3.48885e-06
-4.0048e-05
3.09064e-06
8.02905e-06
-5.21255e-05
-4.48213e-05
3.1797e-05
3.54234e-05
7.2791e-06
-5.90304e-05
6.20497e-06
6.49484e-06
8.86963e-06
-6.14418e-05
5.25576e-06
1.86718e-06
4.74913e-06
-4.25876e-07
7.59784e-06
-2.84753e-05
-6.7093e-06
3.15557e-05
1.31443e-05
-1.1544e-06
1.01372e-05
-8.25716e-06
1.73307e-05
-4.81551e-06
4.28618e-05
1.50036e-05
1.10601e-05
-9.17343e-06
-1.7402e-05
3.60942e-05
-1.38018e-05
1.51933e-05
2.65266e-05
4.3636e-05
-2.08182e-05
4.54116e-05
2.14006e-05
-1.27274e-05
-3.99997e-05
6.47344e-06
8.57854e-05
3.56349e-05
-2.31807e-05
6.85363e-05
3.35103e-05
6.61657e-05
-4.35325e-05
8.91593e-05
6.13923e-05
1.96926e-05
-7.85474e-05
0.000106879
-3.28282e-05
-6.16018e-05
2.85907e-05
0.000130182
0.000124871
-7.7677e-05
1.29681e-05
0.000110539
0.000118788
-0.000115768
2.1845e-05
0.000102989
3.9039e-05
0.000239578
0.000161219
-3.5193e-05
5.7875e-05
3.50967e-05
4.72623e-05
-0.000152718
5.81392e-05
0.00016909
9.14352e-05
6.40298e-05
0.000160069
4.76547e-05
6.42907e-05
0.00017992
9.187e-05
6.99642e-05
0.000172294
5.21801e-05
-4.43095e-05
3.77429e-05
4.65515e-05
0.000171243
-6.62682e-05
6.98436e-05
3.24517e-05
0.000181233
-0.000120459
0.000130402
9.65195e-07
0.000138273
3.34738e-05
0.000160682
2.90525e-05
0.000168184
1.70545e-06
0.000125873
5.20378e-05
1.41827e-05
0.000143744
8.40675e-05
2.04526e-06
0.00013822
0.000146075
-3.20851e-05
0.000125768
1.63227e-05
5.68957e-05
0.000155131
9.11501e-05
8.9544e-07
0.00015017
0.000155699
-3.67676e-05
0.000142384
-5.4637e-05
1.17844e-06
6.25811e-05
0.00012721
-7.76021e-05
8.85909e-05
-1.72041e-05
0.000104912
-8.9154e-05
0.000110599
-3.0077e-05
5.12591e-05
6.52892e-05
1.57884e-06
0.000116566
-1.41527e-05
9.24856e-05
-2.14627e-05
3.17462e-05
4.90891e-05
3.79131e-05
-6.69138e-06
7.84406e-05
3.05061e-05
-6.22311e-06
4.39496e-05
-2.36299e-05
-1.85112e-05
-3.86655e-05
-7.95156e-06
-5.77009e-06
-1.17733e-06
-2.47026e-05
-8.7921e-06
5.04482e-05
9.12259e-05
4.9493e-05
-1.37014e-05
6.18948e-05
1.88528e-05
-1.37082e-05
-1.81373e-05
2.33983e-05
-1.95556e-05
1.47893e-05
3.03251e-06
0.000508356
1.11904e-05
5.56126e-05
-2.08092e-06
6.01483e-05
0.00046176
1.33182e-05
0.00057509
7.34348e-05
5.10009e-06
9.67922e-05
0.000541317
-2.08702e-05
7.67651e-05
0.000406251
2.29915e-05
0.000623223
8.42505e-05
2.02952e-05
0.000126711
0.000605828
-1.40157e-05
0.000138508
0.000495109
-5.03639e-05
0.000101012
0.000339559
4.46148e-05
0.000667882
8.87475e-05
-1.85998e-05
-2.07569e-05
4.97109e-05
0.000149297
0.000671257
-4.57963e-06
-5.81114e-06
-3.2147e-06
0.000197086
0.000571743
1.16786e-06
7.16022e-07
-5.49278e-05
0.000192185
0.000423883
1.23164e-05
1.79011e-05
1.66358e-05
1.18739e-05
-4.09105e-05
7.38044e-07
4.77317e-05
0.000129318
7.78167e-07
0.000119115
-9.66759e-05
0.000116971
5.90613e-05
2.3668e-05
6.06157e-05
6.54588e-05
6.7001e-05
2.09747e-05
2.44526e-05
2.79922e-05
-2.59485e-05
-0.000100927
3.7046e-05
8.94732e-05
1.4911e-05
-8.93581e-05
7.78304e-05
1.16854e-05
-2.63786e-05
9.16363e-06
3.6224e-05
7.94734e-06
8.55396e-05
0.000708921
8.42098e-05
3.08287e-05
8.5787e-05
4.58362e-05
0.000118529
9.76548e-05
4.16272e-05
-9.08867e-06
4.49219e-05
0.000144893
-5.59833e-05
-5.23725e-05
0.000147606
6.61847e-05
0.000183731
0.000187251
0.000181664
0.000189601
-3.74321e-05
-3.60907e-05
2.77125e-05
3.51612e-05
0.00018629
3.68358e-05
3.39376e-05
-4.1923e-05
0.000174668
-4.67879e-05
3.59061e-05
0.000183467
2.5476e-05
0.000177682
-2.44287e-05
4.29113e-05
0.000163837
-4.38707e-05
2.76334e-05
4.59843e-05
0.000173612
0.000163572
4.49366e-05
0.000173631
4.79405e-05
0.000144225
-1.07157e-05
0.000154941
4.93695e-05
5.25327e-05
0.000154645
5.30289e-05
0.00012881
0.000546372
1.95201e-05
5.651e-05
0.000599676
1.79525e-05
6.37424e-05
0.000635523
2.18428e-05
6.14381e-05
0.000663068
3.33226e-05
5.31769e-05
0.000684338
5.79146e-05
3.98697e-05
0.000694241
9.93756e-05
2.02269e-05
0.000675918
0.000154286
-8.14157e-06
3.66496e-05
0.000167678
-6.70099e-05
-6.79117e-05
0.000210926
0.000154294
-3.93446e-05
0.000148373
0.000154679
0.000149351
1.12167e-05
-6.55537e-05
5.51764e-05
0.000169956
-6.88507e-05
5.76888e-05
5.61594e-06
0.000173378
1.22306e-05
-7.13378e-05
0.000159188
-7.52022e-05
6.87193e-06
0.000162493
-6.58896e-05
-2.55916e-05
2.25243e-05
0.000179129
-2.55206e-05
-7.34004e-05
0.000165961
2.27122e-05
-6.08165e-05
0.000172078
-6.75561e-05
0.000159491
0.000176795
3.63474e-05
0.000572211
2.27816e-05
5.74484e-05
0.000614302
2.09564e-05
6.06886e-05
0.000641731
2.20099e-05
5.26876e-05
0.000659177
2.68405e-05
3.68677e-05
0.000666219
3.94315e-05
1.75143e-05
0.000659876
6.39345e-05
-3.32482e-06
0.000632936
9.98984e-05
-2.56449e-05
0.000574548
0.000139557
-4.65119e-05
0.000467649
0.000170282
-5.69065e-05
2.52029e-05
7.78172e-05
1.32326e-05
0.000111533
2.2855e-05
1.30372e-05
0.000141967
0.000176937
-4.52919e-05
8.70025e-05
7.31832e-05
7.98642e-05
7.93573e-05
1.13954e-05
-6.22592e-05
5.96791e-05
-1.55862e-05
0.000105401
6.39784e-05
-8.44186e-06
9.78994e-05
5.99732e-05
0.000112348
-1.13518e-05
9.16128e-05
-5.46152e-07
-7.29652e-05
0.000132115
7.40608e-05
-1.05888e-06
-3.94689e-06
0.00010719
-6.41877e-06
0.0001301
0.000109453
-8.21473e-05
8.21365e-06
0.000144654
0.000112734
9.10446e-06
0.000152477
-2.28487e-05
4.3409e-05
5.20759e-05
4.71771e-05
4.7457e-05
5.50088e-05
-8.47377e-06
5.73016e-05
1.18531e-05
-4.96687e-05
5.1165e-05
-1.17552e-05
6.03322e-05
5.67112e-05
6.84428e-05
-8.26256e-06
5.13537e-05
6.51237e-05
4.33915e-06
5.9334e-05
-7.41855e-06
-6.73546e-06
-6.7827e-05
7.2269e-05
8.16838e-05
6.95694e-05
-1.08353e-05
7.59209e-05
6.37292e-05
-4.95937e-06
8.35381e-05
8.48331e-05
-4.27947e-07
8.52784e-05
8.32941e-05
2.43301e-05
2.22991e-05
0.000112521
-8.24599e-06
2.82801e-05
2.59667e-05
7.58396e-06
3.1754e-05
3.558e-05
-6.33888e-06
3.5631e-05
4.08393e-05
-8.04244e-06
4.13596e-05
5.40185e-05
-8.49655e-06
3.65827e-05
4.82228e-05
7.60617e-06
8.93062e-06
7.44655e-05
-8.10336e-06
-8.29278e-06
6.5335e-06
1.73444e-05
6.74232e-06
6.69979e-06
-3.68065e-06
-4.56868e-07
4.3117e-05
6.57901e-06
7.49555e-06
1.55189e-05
4.5884e-06
1.41625e-05
1.89559e-05
6.80698e-06
-1.89413e-05
1.58319e-05
-5.77295e-06
2.3089e-05
-2.15117e-05
1.82028e-05
2.80535e-05
-5.96314e-06
2.94424e-05
2.46876e-05
-4.60508e-06
-8.31801e-06
3.14721e-05
4.23612e-05
2.74748e-05
-7.22391e-06
3.6034e-05
1.9255e-05
8.80036e-05
-3.48937e-05
-3.58497e-06
5.99027e-05
-8.14945e-06
7.54773e-06
2.98509e-05
4.97237e-05
2.54633e-05
-7.70594e-06
4.23892e-05
4.41396e-06
-3.76362e-06
1.52074e-05
1.16904e-05
4.81515e-06
-3.17762e-06
2.07644e-05
9.18125e-06
1.21243e-05
1.86102e-06
1.50599e-05
-1.20878e-05
9.66281e-06
-6.29404e-06
-1.66771e-05
3.88655e-05
-2.04769e-06
-6.0874e-06
1.06295e-05
8.07545e-07
1.15163e-05
8.78614e-06
1.84382e-06
1.25461e-05
1.05804e-05
-4.72216e-06
7.04072e-06
1.73206e-05
1.38718e-05
2.56238e-05
2.21021e-05
-2.8951e-06
4.04536e-06
4.09635e-05
2.16441e-05
-6.12672e-06
3.49527e-05
-2.20672e-07
3.22613e-05
5.73279e-05
4.98888e-05
-1.23546e-06
-5.22011e-05
-4.33612e-06
8.26637e-05
5.64804e-05
-3.09412e-06
7.65391e-05
8.64071e-05
7.32031e-05
-7.31694e-06
1.01004e-05
9.62731e-05
3.5044e-06
9.87962e-05
9.35225e-05
1.44367e-05
0.000169887
3.37926e-05
6.36056e-05
-0.000169267
5.28636e-05
0.000106432
0.00029335
-4.65473e-05
-0.000178821
4.35901e-05
7.73092e-05
0.000203079
-9.07082e-05
8.70965e-05
8.19646e-05
0.00019775
7.0707e-05
0.000191232
7.59792e-05
0.000184405
2.53396e-05
-0.000154845
8.59166e-05
6.94244e-05
3.08687e-05
1.87435e-05
-1.20877e-08
-3.53056e-05
8.0234e-05
2.69085e-05
-2.9093e-05
-1.46872e-05
4.78544e-05
2.61299e-05
-8.42858e-06
3.437e-05
-5.06253e-07
5.7444e-05
6.6195e-06
-1.96131e-06
-4.42081e-05
4.51464e-05
8.47822e-06
3.37876e-05
-5.02137e-06
1.09991e-05
3.80571e-05
-1.25755e-06
-3.61089e-05
-1.04114e-06
8.37953e-06
-5.11067e-05
-4.12162e-05
8.53052e-06
2.80739e-05
-4.52455e-05
-3.71406e-05
5.12254e-06
-5.52083e-05
5.18402e-06
2.19501e-06
8.6381e-06
-5.66794e-05
5.46931e-06
-7.77118e-08
5.59144e-06
-3.91126e-06
9.1101e-06
-1.9778e-05
-9.6696e-06
2.42598e-05
1.63708e-05
-3.18035e-06
1.19707e-05
-1.17194e-05
2.12847e-05
-6.60251e-06
2.87479e-05
1.89879e-05
2.81543e-06
4.64655e-07
-2.15543e-05
4.59399e-05
-1.76097e-05
7.57221e-06
3.27771e-05
6.67967e-05
-2.79893e-05
5.91663e-05
5.58722e-05
-4.25594e-06
-6.92389e-05
-5.94621e-06
0.000109354
2.20894e-05
-6.0769e-05
0.000135807
1.22073e-05
0.00013192
-7.5242e-05
0.000112344
0.000122673
1.48943e-05
-0.000117559
0.000108715
-3.37419e-05
-0.000124437
2.52529e-05
0.000263107
0.000252841
-0.000117691
6.03102e-06
0.000112656
0.000176915
-0.000159905
1.95067e-05
9.18117e-05
4.46393e-05
0.000113945
0.000310773
4.77763e-05
4.22713e-05
0.000182321
7.22721e-05
3.60522e-05
0.000194639
0.000139317
8.89014e-07
0.000150265
4.70797e-05
4.78365e-05
0.000193946
7.32763e-05
3.99533e-05
0.000208927
0.000146829
7.43117e-08
0.000164707
-6.10918e-05
2.11287e-05
6.43416e-05
0.000179316
-9.77884e-05
0.000103583
-2.82532e-08
0.000176432
-0.000165842
0.000176342
-4.86301e-05
0.000176403
1.86252e-05
0.000166913
3.29354e-07
0.000162922
-4.26394e-05
0.000158369
6.96867e-05
7.38488e-07
0.000137945
9.90147e-05
-2.05626e-05
0.000116273
0.000127418
-3.69449e-05
6.63741e-05
7.95194e-05
4.26888e-07
7.60792e-05
0.000149207
0.000109022
-2.40381e-05
0.000127433
0.000140773
-4.36177e-05
8.03997e-05
9.22471e-05
-6.12441e-05
-1.29367e-05
7.09496e-05
0.000113237
-6.40702e-05
7.58378e-05
-2.57987e-05
8.8866e-05
-5.59099e-05
8.67822e-05
-2.05678e-07
2.05926e-05
-4.8187e-05
6.78415e-05
-3.88224e-05
3.70996e-05
4.73574e-05
-1.0937e-05
0.000102554
-2.00516e-05
7.64972e-05
-6.69695e-06
1.38613e-06
-3.02542e-05
2.7436e-05
2.71187e-05
3.16055e-05
-9.33636e-06
6.29653e-05
1.3163e-05
-1.06139e-05
1.90445e-05
-4.88349e-05
-4.34915e-05
-4.2702e-05
-1.85382e-05
-2.75003e-05
-3.86577e-06
-5.43897e-05
-1.43497e-05
4.6554e-05
7.69258e-05
3.65523e-05
-2.08653e-05
3.98152e-05
-2.30941e-05
-3.9449e-05
-3.31753e-06
-4.22484e-06
9.83762e-06
-2.41673e-05
-2.64785e-05
7.89375e-06
5.87842e-05
0.000457328
0.000507755
2.02816e-05
5.64478e-05
0.000576879
1.708e-05
7.46483e-05
7.30072e-06
9.28428e-05
0.000540195
-1.19696e-05
6.76336e-05
0.000398037
2.08543e-05
0.000627129
8.39664e-05
1.4616e-05
0.000120567
0.000605128
-1.15945e-05
0.000125571
0.00049009
-4.06241e-05
8.25884e-05
0.000330117
3.33736e-05
0.000672892
8.56679e-05
3.25755e-05
0.000139845
0.000671883
-6.5935e-06
0.000179652
0.000568064
-4.79603e-05
0.000166735
0.000422418
-8.47123e-05
9.37269e-05
5.9927e-05
5.94287e-05
6.58859e-05
6.63062e-05
6.06749e-05
0.000719809
7.81414e-05
-2.67518e-05
-2.42161e-05
6.77323e-05
0.000148093
0.000746549
-7.24089e-06
-8.74678e-06
4.29855e-06
0.000229993
0.000650349
1.25113e-07
-4.35138e-07
-5.81725e-05
0.000255015
1.36778e-05
0.000497995
2.01231e-05
1.40458e-05
2.12432e-05
5.42559e-05
7.58709e-07
0.000138778
6.94449e-07
5.99013e-05
0.000149317
-0.000110059
0.000200613
2.95008e-05
2.75436e-05
3.24684e-05
3.50892e-05
7.79722e-05
8.48962e-05
8.32156e-05
7.96137e-05
0.00012171
-4.53444e-05
1.16902e-05
5.35784e-05
-4.75512e-05
5.68302e-05
0.000109775
2.05573e-05
-0.0001114
9.96298e-05
1.79006e-05
1.04686e-05
-3.51345e-05
1.33653e-05
3.50635e-05
4.64196e-05
-2.29116e-05
7.81259e-05
3.52786e-05
2.26483e-05
1.1966e-05
-3.36037e-05
4.78388e-05
-3.87583e-05
2.39217e-05
5.40393e-05
3.96215e-05
-3.63516e-05
2.12404e-05
5.53199e-05
6.67386e-05
1.77796e-05
1.84714e-05
5.32214e-05
2.29263e-05
3.16343e-05
6.36327e-05
2.93226e-05
-2.90185e-05
4.16215e-05
8.56132e-05
7.33658e-05
0.000107429
0.000762428
5.61989e-05
5.12655e-05
0.000108422
-6.10014e-05
-6.39652e-05
0.000172132
1.57351e-05
0.000201677
0.000194527
0.000199572
0.000196292
-4.17873e-05
3.33621e-05
3.19059e-05
0.000195411
-3.43722e-05
4.54864e-05
-5.64681e-05
3.04159e-05
0.000202189
-5.1474e-05
0.000192884
3.43856e-05
2.94648e-05
0.000204599
-3.4952e-05
-4.60542e-05
4.59598e-05
0.000194585
4.71918e-05
3.12968e-05
0.000184435
4.71485e-05
0.000195638
0.000183645
-1.25612e-05
5.33062e-05
0.000165221
-5.65994e-05
1.45314e-05
5.97552e-05
0.000177053
0.00016557
0.000176276
5.64451e-05
5.97015e-05
0.00013905
6.56751e-05
0.000149793
0.000118835
5.99934e-05
0.000546495
2.51787e-05
5.51731e-05
0.000601435
2.20055e-05
6.53237e-05
0.000640388
2.30742e-05
6.38546e-05
0.000670625
2.92193e-05
5.40936e-05
0.000695004
4.48392e-05
3.74669e-05
0.000710762
7.47306e-05
1.36291e-05
0.000709103
0.000117718
-1.93723e-05
0.000669425
0.000167022
-5.91137e-05
-7.26676e-05
2.90618e-06
6.21277e-05
-1.22973e-05
0.000174225
-6.55504e-05
-6.7026e-05
0.000208088
0.00014663
0.000141137
0.000140765
0.000134369
-2.62319e-05
-2.3605e-05
-1.94517e-05
-2.11676e-05
6.76369e-07
-7.95326e-05
-9.14562e-06
0.000163707
-7.16161e-05
6.03845e-05
0.000174433
-7.84236e-05
0.000163707
1.71095e-05
-7.08686e-05
0.000185238
-7.49434e-05
1.01437e-05
0.000191322
1.81156e-05
-7.9074e-05
0.00017199
-8.38286e-05
0.000177704
1.17901e-05
-3.46435e-05
0.000195426
3.13031e-05
0.000185914
0.000568904
2.46681e-05
5.19672e-05
0.000612965
2.35684e-05
5.90451e-05
0.000644194
2.43808e-05
5.40637e-05
0.000665354
2.71302e-05
3.91382e-05
0.000676005
3.46157e-05
1.80214e-05
0.000673451
5.12297e-05
-6.24874e-06
0.000652384
7.85546e-05
-3.25525e-05
0.000603935
0.000112116
-5.79486e-05
0.000514067
0.00014223
-7.36987e-05
9.70632e-05
0.000101388
0.00015793
-6.75779e-05
9.24067e-05
8.85313e-05
1.89065e-05
0.000149538
-4.13279e-05
5.86396e-05
6.07304e-05
6.54764e-05
5.48745e-05
-5.84512e-05
-2.01267e-05
5.50589e-05
9.49352e-05
1.53156e-05
5.2615e-05
-1.49307e-05
7.13483e-05
8.2088e-05
5.01357e-05
-1.98212e-05
8.15311e-05
1.30697e-05
-7.09274e-05
-1.94376e-05
0.000117146
7.34508e-05
-9.69994e-06
0.000102471
0.000125424
-1.48103e-05
9.53652e-05
1.62854e-06
-8.5585e-05
0.000145862
8.71564e-05
-3.52726e-06
0.000111421
-3.02674e-06
-6.21478e-06
0.000145567
0.000112739
1.33497e-05
0.000118548
-1.7778e-05
3.54241e-05
3.5191e-05
3.24258e-05
3.8597e-05
8.74547e-06
3.83903e-05
3.88885e-05
-7.03524e-06
-4.44132e-05
-1.1997e-05
4.5523e-05
5.1208e-05
4.40861e-05
3.93927e-05
-9.95061e-06
4.44081e-05
6.07622e-05
-1.00119e-05
5.31513e-05
1.43791e-05
-5.36882e-05
5.7193e-05
-1.4761e-05
5.72093e-05
6.49684e-05
6.77803e-05
-1.04702e-05
4.63467e-05
-6.61483e-06
7.9983e-05
8.44268e-05
7.39392e-05
8.09556e-05
-1.23856e-05
1.54588e-05
1.7187e-05
8.26091e-05
1.84001e-05
2.02232e-05
-6.00253e-06
2.66838e-05
3.07023e-05
2.35116e-05
2.58953e-05
-4.75502e-06
-4.94906e-06
-1.51684e-05
1.25215e-05
1.91674e-05
3.2443e-06
3.79287e-06
3.13533e-06
6.50179e-06
3.86001e-06
5.33067e-05
6.21117e-06
9.07844e-06
3.54635e-06
1.27797e-05
4.44057e-06
1.70017e-05
1.02555e-05
1.55306e-05
2.081e-05
6.30394e-06
2.02759e-05
-5.16713e-06
2.51879e-05
2.32997e-05
3.05176e-05
-1.00049e-05
3.93045e-05
4.66775e-05
3.39519e-05
3.93772e-05
-8.41162e-06
-4.64485e-05
-9.24803e-06
7.59575e-05
-1.13046e-05
1.08706e-05
3.8876e-05
5.76284e-05
3.21326e-05
-1.01808e-05
4.84373e-05
9.07023e-06
-1.6721e-06
1.71532e-05
1.56824e-05
4.56536e-06
-2.69465e-06
2.34873e-05
9.06917e-06
1.41447e-05
-3.58797e-06
1.29876e-05
-1.08557e-05
1.00777e-05
-6.03941e-06
-1.43742e-05
-5.11624e-06
3.70625e-05
-1.22579e-05
-2.3705e-06
-7.10021e-07
1.08059e-05
-2.45381e-07
1.2305e-05
8.88455e-06
6.85704e-06
1.4027e-05
1.17396e-05
-2.43846e-06
5.18717e-06
2.05847e-05
1.84071e-05
2.89551e-05
2.61307e-05
-7.24835e-06
9.53347e-06
4.92567e-05
2.70487e-05
-7.79549e-06
3.94706e-05
-3.59706e-06
3.80489e-05
6.75844e-05
6.10609e-05
4.48122e-06
-1.26189e-05
9.55016e-05
9.91338e-05
7.79487e-06
9.80947e-05
0.00010078
-4.5872e-07
-0.000187682
3.80719e-05
8.40988e-05
0.000215534
8.00897e-05
8.79871e-05
0.000212369
-4.62412e-05
5.74549e-05
4.2629e-05
0.000218892
-7.25788e-05
6.96671e-05
4.8539e-05
0.000239416
-0.00015235
0.000155357
-1.72454e-07
0.000194916
5.21775e-05
0.000206039
4.41517e-05
0.000223757
2.64383e-08
0.000178857
2.6028e-05
7.50654e-05
4.86785e-05
-1.86023e-05
-6.06321e-05
0.000104844
-6.89042e-07
8.84884e-06
-2.35128e-05
6.32074e-05
7.77067e-06
-1.70531e-05
4.29634e-05
-2.25686e-06
4.6315e-05
7.70775e-06
-4.87153e-06
-3.10912e-05
3.44969e-05
9.94559e-06
2.73767e-05
-8.06434e-06
1.36896e-05
3.27698e-05
7.04251e-07
-3.0483e-05
-3.96186e-06
9.35032e-06
-9.23761e-06
-3.96871e-05
2.67332e-05
-3.13434e-05
-4.25239e-05
-3.3252e-05
3.00203e-06
-4.83973e-05
5.33376e-06
-1.06619e-06
8.33556e-06
-4.78918e-05
5.66809e-06
-2.07908e-06
6.0937e-06
-6.93063e-06
1.08554e-05
-1.25953e-05
-1.33467e-05
1.75726e-05
1.98689e-05
-5.58273e-06
1.52099e-05
-1.55433e-05
2.62222e-05
-8.72766e-06
1.33146e-05
2.21716e-05
-9.22481e-06
1.53942e-05
-3.07412e-05
5.34586e-05
-2.23237e-05
-1.28227e-06
3.84306e-05
0.000136531
-4.07134e-05
7.31587e-05
0.000115687
5.66282e-06
-0.000107485
-1.92145e-05
0.000114704
1.46147e-05
-0.000124707
0.000271152
8.85919e-07
0.000261335
-0.000115605
0.000114936
0.000184422
1.08359e-05
-0.00016407
9.70339e-05
-3.11112e-05
-0.000190403
9.8509e-06
0.000127827
0.000346943
0.000121301
0.00032949
-0.000166653
-1.02223e-06
0.000100764
0.000196606
8.0199e-05
1.87392e-05
2.91166e-05
9.08413e-05
0.000228665
6.84958e-05
9.41411e-05
0.000228225
6.65724e-05
2.38524e-05
0.00019229
0.00010861
-1.84633e-07
0.000190685
0.000187134
-5.46153e-05
0.000194089
2.68453e-05
6.75019e-05
0.000206124
0.000112096
-3.27184e-07
0.000205843
0.000196921
-6.01739e-05
0.000215094
-8.18281e-05
3.04245e-07
8.68242e-05
0.000173988
-0.000118379
0.000126876
-3.15747e-05
0.000150879
-0.000152448
0.000162214
-5.82856e-05
0.000108136
0.000116787
3.40166e-07
0.000161153
-2.78206e-05
0.000138747
-5.05503e-05
9.27486e-05
0.000104495
7.99304e-05
-1.51079e-05
0.000123509
8.63358e-05
-3.10797e-05
9.99101e-05
0.000112669
3.28946e-06
3.7198e-05
8.41491e-05
-4.58002e-05
4.51431e-05
6.38689e-05
-1.72251e-05
8.82802e-05
0.000134044
9.60873e-05
-3.63762e-05
0.00011044
0.000135571
6.82132e-06
5.06759e-05
9.8116e-05
-5.22761e-05
5.24731e-05
7.80833e-05
-5.90988e-05
-2.28115e-05
7.00776e-05
9.92709e-05
-5.49693e-05
6.99929e-05
-3.55398e-05
7.05599e-05
-1.80775e-06
2.49459e-05
-2.33438e-05
-3.09586e-05
6.09548e-05
2.02691e-05
-3.98304e-05
6.38174e-05
-5.06584e-05
2.15534e-05
-1.8789e-05
8.87465e-05
-2.89201e-05
5.67461e-05
-3.15988e-05
9.37039e-06
-3.93284e-05
-6.83553e-07
2.15588e-05
-1.47094e-05
4.48542e-05
-1.27976e-06
-1.2989e-05
-5.4227e-06
-6.30427e-05
-4.75981e-05
1.90916e-06
-7.37474e-05
-2.19338e-05
3.94054e-05
6.01477e-05
2.56662e-05
-2.74595e-05
1.61615e-05
-3.2689e-05
-2.81407e-06
-2.90204e-05
-5.3052e-05
2.04503e-05
5.81551e-05
0.000454915
1.39518e-05
9.08784e-05
0.000538133
2.43965e-06
6.27866e-05
0.000390733
0.000508251
2.83704e-05
5.5539e-05
0.00057691
2.28001e-05
7.52525e-05
0.000628838
2.26375e-05
8.44147e-05
1.48843e-05
0.000116324
0.000603379
-4.08611e-06
0.000116432
0.000483889
-2.5267e-05
6.86469e-05
0.000319094
2.88233e-05
0.0006751
8.40419e-05
2.43278e-05
0.000133843
0.000667863
-4.61295e-06
0.000167138
0.000561579
-3.64352e-05
0.000147229
0.000413924
-6.55325e-05
7.14184e-05
5.75047e-05
5.65414e-05
6.39444e-05
6.30208e-05
4.56798e-05
0.00072234
7.33271e-05
4.725e-05
0.000136951
0.000743185
8.63799e-07
0.000212818
0.000642152
-4.74704e-05
0.000228763
0.000495334
-9.07881e-05
0.000171848
7.84278e-05
8.40751e-05
8.36938e-05
7.8829e-05
-3.14085e-05
9.38554e-06
4.75573e-05
6.63991e-06
-2.82499e-05
4.66784e-05
3.34796e-05
-2.97421e-05
1.4604e-05
5.41843e-05
1.77994e-05
5.50203e-05
7.81075e-05
0.000770075
4.81499e-05
-3.0711e-05
-3.36697e-05
8.81887e-05
0.000122826
0.000830179
-1.24064e-05
-1.05289e-05
1.36078e-05
0.000250707
0.000738299
-2.00453e-06
-1.13148e-06
-6.12706e-05
0.00031363
0.000573697
1.54629e-05
2.45921e-05
1.56944e-05
2.35576e-05
6.52562e-05
5.49228e-07
0.000159442
3.08241e-07
6.95994e-05
0.00017119
0.00013148
6.14243e-05
1.313e-05
-0.000123534
0.000283581
3.32221e-05
4.15652e-05
3.49731e-05
3.91602e-05
9.88814e-05
9.58964e-05
0.000100669
9.41937e-05
6.62374e-05
0.000118838
2.33584e-05
0.000141764
1.43828e-05
6.86408e-05
7.45761e-05
0.00012877
2.58987e-05
-4.69623e-05
9.79298e-05
5.76234e-05
3.06844e-05
8.84067e-05
2.70831e-05
4.41539e-05
3.50477e-05
7.33077e-05
5.57738e-05
3.95607e-05
8.18385e-05
3.61236e-05
-4.24504e-05
4.50405e-05
6.31802e-05
4.5646e-05
-3.27844e-05
-4.15913e-05
4.28842e-05
7.07417e-05
4.68112e-05
4.86956e-05
6.94785e-05
-3.89293e-05
6.45485e-05
-5.27535e-05
6.28584e-05
0.000106476
9.6402e-05
1.32572e-05
3.22232e-05
4.12268e-05
-4.33803e-05
7.45217e-06
4.4106e-05
3.45394e-05
-2.36802e-05
7.19117e-05
3.80962e-05
5.72279e-06
-4.0859e-05
3.57672e-05
-4.75755e-05
1.82931e-05
4.09843e-05
4.97897e-05
2.66069e-05
5.00552e-05
3.98494e-05
-4.40566e-05
1.53437e-05
4.21802e-05
5.93778e-05
1.72221e-05
1.92783e-05
4.43679e-05
2.90669e-05
3.3088e-05
5.63015e-05
0.000126509
0.000809365
1.55967e-06
-6.78115e-05
-6.70033e-05
0.000187339
-1.48004e-05
-1.68799e-05
-1.60786e-05
-1.85973e-05
0.000205791
0.000206855
0.000205219
0.000203639
-5.32848e-05
-2.32771e-05
4.17738e-05
1.38557e-05
0.00022261
2.45434e-05
4.98576e-05
-6.11762e-05
0.000211718
-6.56481e-05
1.54172e-05
0.000221061
3.87783e-05
0.000213559
-3.91577e-05
4.42876e-05
0.00020553
-4.55215e-05
4.32876e-05
4.17135e-05
0.000220165
0.000207531
4.04551e-05
0.00021805
-1.91952e-05
-5.86648e-05
0.000200175
5.98634e-05
6.20068e-05
1.67772e-05
0.000189259
6.30458e-05
0.000202249
0.000187674
-7.11617e-05
7.58229e-05
0.000173004
0.000160973
6.81514e-05
0.000128914
0.000139386
7.5716e-05
0.0005453
2.85124e-05
5.14668e-05
0.000600518
2.53337e-05
6.42916e-05
0.00064201
2.55516e-05
6.50306e-05
0.000674601
2.86796e-05
5.51471e-05
0.000700834
3.7749e-05
3.63549e-05
0.000718951
5.76759e-05
9.02163e-06
0.00072186
8.96166e-05
-2.77457e-05
0.000695008
0.000128658
-7.20817e-05
0.00015472
0.000156947
0.000165276
0.000148342
0.000150333
-2.99946e-05
-3.16126e-05
-2.61815e-05
-2.47885e-05
-7.18037e-05
-2.44008e-05
6.10246e-05
0.000169512
-7.95055e-05
-5.69725e-08
-1.23698e-05
0.000198346
-2.02188e-05
-7.9311e-05
0.000159717
-6.82721e-05
5.85618e-05
0.000160759
-3.46845e-05
-7.56132e-05
0.00015119
-2.96989e-05
-5.66028e-05
-0.000111733
5.07995e-05
0.000125478
-3.41735e-05
-0.000104845
-6.22628e-05
0.000117168
-3.02684e-05
5.17513e-05
-2.39259e-05
-2.68519e-05
4.70906e-05
-2.84662e-06
-8.96937e-05
0.00018524
-8.4986e-06
-7.81601e-05
0.000195676
-8.7727e-05
0.000182217
2.565e-05
0.00020478
0.000214275
1.72473e-05
0.000562051
2.30424e-05
4.3178e-05
0.000607906
2.38071e-05
5.42584e-05
0.000642639
2.58478e-05
5.27313e-05
0.000667318
2.81847e-05
3.99869e-05
0.00068116
3.25782e-05
1.87398e-05
0.000681334
4.3004e-05
-7.72203e-06
0.00066274
6.23854e-05
-3.712e-05
0.000619422
8.87768e-05
-6.61115e-05
0.000537514
0.000115499
-8.56186e-05
0.000109853
0.000107743
0.000133828
-8.45884e-05
9.83263e-05
0.000100228
0.000135881
-6.04668e-05
6.45917e-05
7.56057e-05
7.24976e-05
6.7169e-05
-4.76871e-05
9.63983e-05
4.35476e-05
-2.67039e-05
9.03109e-05
-2.32569e-05
0.000117107
-3.19304e-05
4.69579e-05
3.99909e-05
4.417e-05
4.22059e-05
1.96751e-05
-4.04272e-05
3.92297e-05
-1.62478e-05
5.64098e-05
4.68462e-05
-1.52305e-05
5.9707e-05
4.49254e-05
6.7251e-05
-1.23768e-05
5.09863e-05
-6.64221e-05
-2.54416e-05
0.000105098
1.93871e-05
5.86303e-05
-1.9771e-05
7.02949e-05
8.52111e-05
5.59936e-05
-2.59712e-05
8.46973e-05
1.56889e-05
-8.34881e-05
-2.50409e-05
0.000134373
8.68934e-05
-1.07957e-05
0.000107773
0.00014248
0.000100206
-1.81695e-05
5.50957e-06
-4.49061e-06
8.73567e-05
2.31701e-05
2.76213e-05
2.54323e-05
2.51667e-05
-6.78266e-06
3.31119e-05
3.27619e-05
-2.78275e-05
9.16457e-06
2.85802e-05
-7.04993e-06
3.23236e-05
2.87584e-05
-5.04747e-06
3.37721e-05
3.71509e-05
-1.37964e-05
4.75084e-05
4.94124e-05
3.98534e-05
4.15496e-05
-1.1414e-05
1.74894e-05
-1.74515e-05
5.13647e-05
6.34352e-05
6.54244e-05
7.5044e-05
4.69113e-06
1.64775e-05
1.80932e-05
1.921e-05
2.17594e-05
-4.41299e-06
1.66982e-05
2.0925e-05
3.37445e-06
4.83894e-06
5.974e-05
1.20679e-05
1.03973e-05
1.46696e-05
1.31709e-05
4.37638e-06
3.57816e-06
-2.22363e-06
3.00564e-06
1.11188e-05
6.8167e-06
-8.54749e-07
1.31978e-05
1.41365e-05
1.70049e-05
7.09747e-06
2.50525e-05
2.73745e-05
-5.57814e-06
2.87946e-05
3.31708e-05
-2.06606e-05
8.87915e-05
4.10949e-05
-1.53112e-05
5.27105e-05
1.28911e-05
-1.07579e-06
1.93415e-05
1.99631e-05
5.66085e-06
-3.37102e-06
2.62868e-05
7.38973e-06
1.67689e-05
1.09051e-05
-9.20652e-06
1.1234e-05
-4.38378e-06
-5.17806e-06
-9.85119e-06
3.86971e-05
-1.09513e-05
9.4712e-06
1.05433e-05
1.56897e-05
1.35355e-05
3.82607e-07
2.81746e-06
2.40011e-05
2.31563e-05
3.24587e-05
3.05294e-05
-1.5098e-05
1.92718e-05
5.54366e-05
3.28527e-05
-1.15604e-05
4.27205e-05
-9.15538e-06
4.26353e-05
7.03235e-05
1.06092e-05
9.88371e-05
-2.12231e-05
0.000101453
3.61342e-05
6.30319e-05
0.000232342
6.37509e-05
5.31901e-05
0.000256247
0.000155811
-2.53788e-07
0.00021217
-6.66756e-05
3.38174e-05
6.3812e-05
0.000236477
-0.000113981
0.000113889
2.9186e-07
0.000239044
-0.00020582
0.000211531
-6.99959e-05
0.0002592
3.02272e-05
0.000220789
-9.31896e-08
0.000221992
-6.55676e-05
0.000235526
0.000104963
-4.16425e-05
-9.57712e-05
0.00011808
-2.36652e-05
5.22921e-05
-4.54807e-05
8.00612e-05
-7.25273e-06
-2.34699e-05
5.00208e-05
-4.96471e-06
3.82976e-05
8.8707e-06
-8.31275e-06
-2.03528e-05
2.75085e-05
1.10997e-05
2.14797e-05
-1.15725e-05
1.63914e-05
2.84429e-05
2.66206e-06
-2.5492e-05
-6.836e-06
1.05733e-05
5.00222e-07
-4.9216e-06
6.04197e-06
-4.13078e-05
-1.81861e-05
-4.15174e-05
-3.1355e-05
-4.0472e-05
-3.08453e-05
3.01265e-05
-8.99764e-06
-5.77318e-06
-2.57982e-05
9.72578e-06
1.45601e-06
-4.35678e-05
-4.01512e-06
-4.15166e-05
6.27889e-06
-3.94884e-06
6.82283e-06
-9.8701e-06
1.27645e-05
-5.13717e-06
-1.70144e-05
1.12552e-05
2.24556e-05
-9.93648e-06
1.81129e-05
-2.00497e-05
2.9916e-05
-1.42034e-05
6.0064e-06
2.31158e-05
-2.04905e-05
3.28949e-05
-4.06665e-05
5.82507e-05
-2.87748e-05
-8.99278e-06
4.15043e-05
0.000294673
-6.08441e-05
7.97746e-05
0.000196733
1.78382e-05
-0.000161008
-3.98375e-05
0.000100978
-2.40347e-05
-0.000196022
0.000133267
0.000367793
-6.81167e-05
0.000132347
0.000369804
-0.000166963
0.000102692
0.000205413
8.01527e-06
8.45625e-05
-1.49964e-05
-0.000213404
-6.09285e-06
0.000103508
0.000258813
-5.06465e-05
2.35746e-05
0.000106727
0.000267288
9.74684e-05
0.000243365
0.000100465
0.000246875
8.73947e-05
-6.77881e-06
6.85197e-05
2.57793e-05
0.000246952
5.42804e-05
5.81197e-05
0.000274157
0.000152041
3.22656e-07
0.000231672
9.08702e-05
4.7158e-07
0.000187588
0.000134284
-3.53203e-05
0.000163982
0.000172336
-6.60669e-05
0.000120825
0.000129209
7.09294e-07
9.37026e-05
0.000202255
0.000140472
-3.88101e-05
0.000178292
0.000179724
-7.45003e-05
0.000138826
0.00014338
-9.6064e-05
-2.16674e-05
0.000103142
0.000157003
-0.000105372
0.000114064
-4.79407e-05
0.000131842
-0.000156883
0.000175869
1.37963e-05
7.53536e-05
-0.000110799
0.000122187
-6.63873e-05
6.8139e-05
0.000103647
-1.94876e-05
0.000145036
-4.19666e-05
0.000120878
7.11433e-06
6.43226e-05
-5.90893e-05
5.98551e-05
9.10462e-05
8.02279e-05
-2.67258e-05
0.000109005
8.31682e-05
-4.13642e-05
8.22988e-05
4.71622e-05
-1.89268e-05
8.64437e-05
3.10469e-05
8.43251e-05
-5.94785e-05
3.88711e-05
-3.05289e-05
8.97853e-05
0.000118639
9.52362e-05
-4.69304e-05
9.30266e-05
6.7241e-05
-1.32574e-05
0.000109199
3.8601e-05
0.000102538
-6.76504e-05
5.31148e-05
-5.43121e-05
-3.3007e-05
6.7248e-05
8.38023e-05
-4.73824e-05
6.54324e-05
-4.6853e-05
4.87045e-05
3.55638e-06
2.14083e-05
-3.19689e-05
5.90883e-05
-6.70944e-05
-1.36376e-05
-2.796e-05
7.28798e-05
-3.83735e-05
3.4075e-05
-5.14398e-05
-3.27465e-05
1.16411e-05
2.62892e-05
-1.27717e-05
-1.64026e-05
-2.35774e-05
-5.39203e-05
1.93878e-05
-5.51654e-05
3.18576e-05
4.15387e-05
1.6351e-05
-3.57605e-05
-6.22103e-06
-8.26853e-06
-2.14471e-05
-5.15961e-05
3.23081e-05
5.75777e-05
0.00045539
2.28461e-05
8.99925e-05
0.000536178
1.9677e-05
6.05725e-05
0.000386735
1.95383e-05
0.000113945
0.000601117
7.74679e-06
0.000111016
0.000478071
-4.85824e-06
6.05736e-05
0.000310142
0.000508989
3.43296e-05
5.38016e-05
0.000576109
2.80187e-05
7.47294e-05
0.00062882
2.63804e-05
8.47001e-05
0.000675557
2.86139e-05
8.36678e-05
2.24962e-05
0.000129607
0.000663648
2.13884e-06
0.000158702
0.000554357
-2.0664e-05
0.000133141
0.000403623
-4.16322e-05
5.37907e-05
5.44349e-05
5.35369e-05
6.00463e-05
6.09125e-05
3.79327e-05
0.000722138
7.04847e-05
3.58059e-05
0.000131929
0.000735698
2.21401e-06
0.000201333
0.000632319
-3.4007e-05
0.000209757
0.000485588
-6.71746e-05
0.000147424
7.64427e-05
8.07119e-05
7.55215e-05
8.16284e-05
-2.51063e-05
3.63918e-06
4.52034e-05
8.98573e-07
-2.12576e-05
4.39055e-05
-2.61165e-05
1.12936e-05
5.26644e-05
-2.19802e-05
8.44809e-06
5.1335e-05
5.90451e-05
0.000769412
4.1928e-05
6.38824e-05
0.000109182
0.00082215
9.67853e-06
0.000235239
0.000724692
-4.68176e-05
0.000288263
0.000568199
-9.77168e-05
0.000253344
9.91861e-05
9.48491e-05
9.95746e-05
9.44117e-05
2.53322e-05
3.54257e-05
-3.11409e-05
6.34147e-05
-3.74674e-05
-2.8882e-05
3.84782e-05
7.0355e-05
-3.27428e-05
3.48109e-05
6.94905e-05
6.42429e-05
-3.73577e-05
3.0596e-06
3.55402e-05
-2.41368e-08
-3.32528e-05
3.47171e-05
3.982e-05
-3.51504e-05
8.37615e-06
4.11145e-05
1.18922e-05
4.19511e-05
9.27318e-05
0.000809534
-5.74642e-06
-4.11364e-05
-3.80562e-05
0.00010837
1.28384e-05
1.88155e-05
1.85302e-05
1.17391e-05
0.000921643
-1.49878e-05
-1.73803e-05
2.67014e-05
0.000253979
0.000840994
-3.47622e-06
-4.94521e-06
-6.28597e-05
0.000367286
0.000659479
1.68866e-05
2.67262e-05
2.75105e-05
1.69007e-05
-7.36388e-05
-7.19989e-07
7.62029e-05
0.000196326
-6.59963e-08
0.000182569
-0.000136757
0.000368225
4.56138e-05
4.0445e-05
4.79781e-05
3.87897e-05
0.000109834
0.00011672
0.000114773
0.000111656
7.55967e-05
0.000152113
1.58358e-05
-0.00016356
-8.34268e-05
9.11117e-05
0.000149108
3.13593e-05
1.70371e-05
8.18834e-05
0.000138052
2.87679e-05
6.82257e-05
0.00010694
3.4518e-05
-0.000115839
-6.74931e-05
7.87815e-05
4.8344e-05
9.77719e-05
7.82655e-05
3.78639e-05
4.4274e-05
9.01067e-05
-5.21747e-05
-5.93227e-05
7.05874e-05
5.68928e-05
8.28986e-05
5.50902e-05
4.90446e-05
-4.39794e-05
7.86253e-05
-4.66786e-05
6.6139e-05
8.41245e-05
5.34194e-05
7.73074e-05
7.23845e-05
0.00011602
8.14314e-05
0.000125709
-5.0884e-05
9.25644e-05
6.24734e-05
8.27373e-05
4.72024e-05
3.69252e-05
6.67455e-05
3.9489e-05
4.68062e-05
5.866e-05
4.3223e-05
6.00837e-05
7.60208e-05
5.1845e-05
5.21947e-05
6.59834e-05
2.97973e-05
-5.17136e-05
5.53751e-05
4.80144e-05
5.54543e-05
-2.60425e-05
-5.02081e-05
3.70053e-05
5.45326e-05
4.13851e-05
6.00415e-05
5.33035e-05
-4.7193e-05
4.93292e-05
1.0711e-05
2.66376e-05
3.09079e-05
7.50848e-06
4.15513e-05
3.00581e-05
-5.27129e-05
3.00403e-07
5.52535e-05
2.24825e-05
-1.87386e-06
-4.84454e-05
2.34164e-05
-5.70859e-05
1.02299e-05
2.72057e-05
6.0935e-05
2.03778e-05
3.68783e-05
5.00973e-05
3.88229e-05
2.70304e-05
4.10087e-05
-5.19413e-05
6.97799e-06
2.81837e-05
0.000136867
0.000206279
0.000206163
-1.90439e-05
-2.14727e-05
-1.82238e-05
-2.07005e-05
0.000206405
0.000207635
0.00017549
5.29245e-05
-2.74702e-05
5.51429e-05
-6.65694e-05
0.000201856
-3.18201e-05
0.000178226
-2.95197e-05
4.50869e-05
4.59752e-05
0.000202979
-3.41827e-05
5.76859e-05
-2.53912e-06
-7.12169e-05
-1.47841e-05
0.000236645
-7.26819e-07
4.62278e-05
-1.69555e-05
0.000235996
-5.62823e-05
4.48862e-05
0.000229744
-6.92234e-05
0.000229458
-5.2314e-05
-3.39165e-05
2.29135e-05
0.00024479
3.50396e-05
4.7972e-05
0.000233452
2.43252e-05
0.000247982
0.000230013
-2.21535e-05
5.94549e-05
0.000213105
-6.24762e-05
2.52322e-05
5.99469e-05
0.000231279
0.000216174
0.000227858
5.7499e-05
7.98321e-05
0.000185655
8.25518e-05
0.000199518
-8.28668e-05
0.000161828
8.9413e-05
0.00015017
0.000541817
2.80833e-05
4.54188e-05
0.000597155
2.64299e-05
6.11211e-05
0.000640744
2.73626e-05
6.43753e-05
0.000675717
2.95793e-05
5.57316e-05
0.00070333
3.45831e-05
3.61431e-05
0.00072213
4.67674e-05
6.46701e-06
0.000725967
6.90114e-05
-3.36009e-05
0.000702987
9.8347e-05
-8.10003e-05
0.000160793
0.000160467
0.000128492
0.000153372
0.000153247
-3.45592e-05
-3.37042e-05
-2.82667e-05
-2.9132e-05
5.08051e-05
0.000166199
-3.75704e-05
0.000168251
4.32706e-05
-3.99035e-05
4.4897e-05
-0.000117204
0.000130383
-3.72714e-05
-0.000120193
3.96341e-05
0.000133194
-3.93504e-05
-4.26564e-05
-3.18323e-05
3.79664e-05
-2.98153e-05
-7.86509e-05
-2.78206e-05
0.000197045
-5.04833e-06
0.000231173
-1.16012e-05
-2.29162e-05
-8.97181e-05
0.000185202
-7.50285e-05
6.3087e-05
0.000188225
-4.33452e-05
-6.33033e-05
5.49624e-05
0.000144431
-4.5297e-05
-8.65841e-05
0.000178038
-3.82081e-05
-7.10778e-05
0.000135696
-4.04519e-05
-5.1993e-05
4.69959e-05
0.000101994
-3.47724e-05
9.48039e-05
-3.07607e-05
0.000223214
0.00055083
3.26945e-05
0.000599253
2.05094e-05
4.69101e-05
0.000637396
2.47481e-05
4.90208e-05
0.00066568
2.82221e-05
3.90894e-05
0.000682772
3.13617e-05
1.90252e-05
0.000685352
3.75645e-05
-8.24082e-06
0.000668163
5.04316e-05
-3.9732e-05
0.000626188
7.00533e-05
-7.11946e-05
0.000548301
9.21596e-05
-9.35112e-05
0.000113232
0.000114019
0.000109949
-9.60304e-05
0.000104113
0.000103418
0.000117148
-7.52732e-05
7.24573e-05
8.01687e-05
8.17372e-05
7.10917e-05
3.99272e-05
0.000101284
-2.91529e-05
0.000103996
3.57053e-05
-3.1378e-05
0.000108189
-4.58412e-05
5.12003e-05
4.72928e-05
4.57899e-05
5.31023e-05
2.31057e-05
3.79054e-05
-1.88669e-05
6.16773e-05
-4.31278e-05
-2.64791e-05
7.89234e-05
3.95851e-05
7.4144e-05
3.53089e-05
-2.20088e-05
6.52952e-05
8.65738e-05
2.98133e-05
3.12421e-05
2.83921e-05
3.28809e-05
-3.47399e-05
-1.4436e-05
3.37831e-05
4.61029e-05
1.13599e-05
2.93114e-05
-8.42611e-06
3.63259e-05
4.21852e-05
2.88251e-05
-1.09344e-05
3.91906e-05
2.37381e-05
-4.2655e-05
4.17063e-05
-1.93785e-05
5.29989e-05
5.06969e-05
-1.82277e-05
5.68792e-05
4.8996e-05
6.67189e-05
4.66051e-05
-1.49519e-05
-7.79884e-05
-3.45719e-05
0.00012154
2.5121e-05
6.60832e-05
-2.48548e-05
6.73806e-05
8.92182e-05
6.20823e-05
-3.41495e-05
8.82757e-05
1.72382e-05
-3.16201e-05
4.9635e-06
1.93776e-05
2.02966e-05
-2.34545e-05
-6.52597e-06
2.39742e-05
2.65777e-05
2.36531e-05
2.27731e-05
2.00841e-05
9.41816e-06
2.87451e-05
2.87926e-05
-7.25779e-06
3.34884e-05
3.48373e-05
-4.59473e-06
2.08663e-05
2.27284e-05
6.61643e-06
4.99197e-06
1.44944e-05
1.53227e-05
1.71127e-05
1.79892e-05
5.13888e-06
6.19e-06
6.14215e-05
-1.19771e-05
-1.49282e-06
8.387e-06
1.2767e-05
-2.02519e-06
6.38619e-06
-1.45358e-05
1.53705e-05
1.21273e-05
2.14701e-07
1.02095e-05
-4.01743e-07
-1.8501e-05
5.81178e-06
1.94987e-05
2.034e-05
1.7784e-05
-3.29948e-05
9.40101e-05
5.12212e-05
-2.13797e-05
5.48933e-05
1.68254e-05
-1.56455e-06
2.15759e-05
2.37099e-05
8.35493e-06
-5.21605e-06
2.81831e-05
5.36458e-06
1.94748e-05
9.41949e-06
-7.49466e-06
1.26826e-05
-1.03105e-05
-8.22883e-06
1.13019e-05
-5.19543e-06
-4.45752e-06
-1.02173e-05
-9.59766e-06
4.03835e-05
1.40228e-05
1.74847e-05
1.55581e-05
4.55481e-06
-3.02251e-07
2.64441e-05
2.78555e-05
3.48862e-05
3.37346e-05
-2.37057e-05
3.06749e-05
5.90221e-05
3.96027e-05
4.44667e-05
-1.61235e-05
-1.53228e-05
4.50802e-05
7.45401e-05
5.80824e-05
3.77687e-05
0.000253493
0.000111486
9.62583e-07
0.000257434
0.000215185
-7.39364e-05
0.000282453
-9.50168e-05
2.25892e-06
9.4393e-05
0.000235134
-0.000145071
0.000147868
-4.4634e-05
0.000210885
-0.000187977
0.000193721
-9.07531e-05
0.000169978
0.000174231
1.35611e-06
0.000218026
-4.20433e-05
0.000193869
-8.2465e-05
0.000151407
0.000158331
0.000202711
-6.76339e-05
-0.000151274
9.44392e-05
-8.47019e-05
0.000186405
-9.13421e-05
6.96997e-05
-3.0609e-05
-4.11668e-05
3.70947e-05
-7.50198e-06
3.39325e-05
9.94297e-06
-1.10079e-05
-1.51211e-05
2.49651e-05
1.22628e-05
1.65589e-05
-1.47395e-05
1.83278e-05
3.63889e-06
-2.19165e-05
-8.62674e-06
1.16796e-05
-8.2307e-08
6.22177e-06
-4.16146e-05
-3.85312e-05
7.14091e-06
1.03705e-05
-7.27895e-06
-2.48031e-05
9.54912e-08
-4.24794e-05
8.13449e-06
-7.8543e-06
-2.38335e-05
1.13084e-05
-2.08586e-05
-4.44149e-05
-3.21469e-05
-4.32944e-05
3.5137e-05
-3.18517e-05
-5.38636e-06
7.60674e-06
-1.2237e-05
1.42591e-05
5.161e-07
-2.01094e-05
6.93905e-06
2.4102e-05
-1.28145e-05
2.18128e-05
-2.39767e-05
3.26015e-05
-1.86625e-05
-9.56312e-06
2.07324e-05
-3.82854e-05
5.88004e-05
-5.71632e-05
5.37323e-05
-3.57676e-05
-1.92352e-05
3.95591e-05
0.000153984
0.000461689
-9.17974e-05
7.13963e-05
0.00021868
2.71745e-05
8.40317e-05
-5.08702e-05
-3.79336e-05
-0.000220369
0.000107495
0.000277982
-1.56002e-05
0.000111446
0.000295521
-7.88781e-05
0.000103792
0.000288179
-7.0115e-05
0.000110128
0.000314191
8.79207e-05
-9.61578e-06
7.82729e-05
-1.42912e-05
0.000280315
-3.99096e-05
1.834e-05
6.87361e-05
0.000318374
-0.000143167
0.000127378
3.87989e-06
0.000279197
7.37905e-05
0.000263056
6.31969e-05
0.000295004
1.47148e-06
0.000254277
4.18612e-05
4.92699e-05
0.000272023
0.000106079
2.76297e-06
0.000277123
0.000212484
-7.61005e-05
0.000310474
0.000109306
-2.38344e-05
0.000169938
0.000122227
-5.3984e-05
0.000143737
0.000194089
1.21193e-05
9.04866e-05
0.000133129
-7.45027e-05
7.6315e-05
0.000116455
-2.57917e-05
0.000114421
0.000184122
0.000129534
-6.03434e-05
0.000156828
0.000209391
2.21385e-05
0.000101385
0.000143031
-8.29144e-05
8.63237e-05
0.000130069
-9.89621e-05
-3.86001e-05
0.000107599
0.000139026
-0.000106665
0.000117556
-5.89689e-05
0.000113533
-8.6894e-05
0.000106639
-5.94904e-06
-0.000128635
0.000147098
5.48569e-05
-0.000119526
0.000135139
-8.45726e-05
7.71127e-05
-3.45685e-05
0.000128461
-5.2767e-05
0.000103127
-1.25386e-05
4.84711e-05
-7.56882e-05
6.553e-05
7.91347e-05
-3.78134e-05
9.35676e-05
8.14545e-05
-5.40297e-05
6.08279e-05
4.38542e-05
8.23892e-05
-7.87091e-05
1.76825e-06
-4.23631e-05
9.03761e-05
0.000102831
9.61873e-05
-6.07277e-05
7.13712e-05
6.39173e-05
0.000104154
-8.87447e-05
1.40725e-05
-4.88755e-05
6.36849e-05
6.5363e-05
-3.99018e-05
5.98325e-05
-6.07422e-05
2.24217e-05
-2.50153e-05
4.94842e-05
-7.30204e-05
-4.00536e-05
5.44134e-05
-5.00183e-05
9.10274e-06
-5.08759e-05
-4.62814e-05
3.08862e-06
1.07034e-05
-1.85508e-05
-1.67774e-05
-2.38165e-05
-5.47783e-05
-4.60898e-06
-3.95087e-05
2.43141e-05
2.33756e-05
9.59333e-06
-3.95539e-05
-1.62584e-05
-8.52652e-06
-3.68275e-05
-5.99505e-05
4.22497e-05
5.80111e-05
0.000457646
3.1719e-05
8.97769e-05
0.000535037
3.64051e-05
6.03017e-05
0.00038692
2.64856e-05
0.000113055
0.00059881
2.20064e-05
0.000108561
0.000473931
1.78543e-05
5.69341e-05
0.000305379
2.54276e-05
0.000126738
0.000659832
1.2794e-05
0.000153602
0.000547876
-1.3521e-06
0.000124437
0.000394896
-1.39868e-05
4.30974e-05
5.19912e-05
5.14663e-05
5.84449e-05
5.7864e-05
0.000509262
3.62146e-05
5.07434e-05
0.000574315
3.12612e-05
7.33999e-05
0.000627592
2.97924e-05
8.44691e-05
0.000674887
3.04787e-05
8.36653e-05
0.000720599
3.4956e-05
6.93758e-05
3.10832e-05
0.000127809
0.000728659
8.19592e-06
0.000193837
0.000622532
-1.7202e-05
0.000196624
0.000474069
-4.0776e-05
0.000129037
7.2492e-05
7.85137e-05
7.33681e-05
7.76047e-05
-1.76262e-05
-1.46591e-06
4.22113e-05
-3.29489e-06
-1.35226e-05
4.10147e-05
1.8106e-05
-1.37846e-05
3.90026e-06
4.85298e-05
5.88344e-06
4.9689e-05
4.75473e-05
0.000765951
3.81615e-05
4.82041e-05
0.000107639
0.00080938
1.01162e-05
0.000225815
0.000710778
-3.14426e-05
0.000270926
0.000555775
-6.9768e-05
0.000229042
9.68546e-05
9.11679e-05
9.21527e-05
9.5846e-05
-2.71486e-05
2.18544e-05
6.18896e-05
-1.88718e-05
2.83162e-05
-2.34427e-05
2.81824e-05
6.65278e-05
-2.26159e-05
6.05652e-05
3.11483e-05
6.7908e-05
-2.89928e-05
-3.07899e-06
3.34012e-05
-5.94274e-06
-2.45443e-05
3.2165e-05
-3.03723e-05
4.98598e-06
3.98213e-05
-2.55087e-05
1.94547e-06
3.85832e-05
7.03344e-05
0.000804153
-1.38608e-05
8.07949e-05
4.17868e-05
0.000904505
2.07908e-05
0.000242939
0.000820361
-4.50492e-05
0.000345337
0.000649808
-0.000104267
0.000339157
0.000109678
0.000115238
0.000110232
0.00011475
4.14269e-05
-4.66763e-05
-3.5733e-05
5.75494e-05
8.26191e-05
5.05582e-05
-3.93753e-05
7.8165e-05
6.13056e-05
8.35756e-05
-3.40719e-05
7.7243e-05
1.82557e-05
4.22622e-05
-3.70058e-05
4.82788e-05
-4.46432e-05
-2.20935e-05
3.26449e-05
5.42388e-05
-3.88724e-05
2.86223e-05
5.33531e-05
4.91107e-05
-4.33968e-05
-4.90221e-06
2.32575e-05
-8.26809e-06
-3.80376e-05
2.25813e-05
4.62175e-05
-4.02647e-05
-4.36512e-07
2.73301e-05
3.29891e-06
2.80262e-05
0.000100311
0.000821227
-2.04312e-05
-2.27811e-05
-2.09161e-05
-2.33011e-05
0.000227967
3.67824e-05
-7.45647e-07
-3.40077e-05
-0.000226064
2.80003e-05
4.59514e-06
0.000246292
-4.38474e-05
4.89634e-06
0.000251441
-1.77794e-06
3.03984e-05
-2.37104e-05
-2.05738e-05
4.22608e-05
4.52619e-05
4.60141e-05
6.79579e-05
6.88475e-05
0.000965495
-9.04261e-06
-6.88898e-06
-6.05826e-05
0.000416378
0.000760597
1.72715e-05
2.91158e-05
1.66221e-05
2.88783e-05
7.80333e-05
-1.8438e-06
0.000209642
-3.18048e-06
7.80466e-05
0.000226079
-0.000147799
0.000456129
5.39706e-05
4.40513e-05
4.54512e-05
5.17811e-05
0.000132926
0.000129062
0.000127131
0.000135001
0.000188782
-8.76776e-05
1.93139e-05
9.27946e-05
9.93121e-05
-0.00017535
0.000159733
3.41424e-05
0.00010613
0.000172881
3.65938e-05
1.83256e-05
9.0448e-05
-0.000124875
5.29686e-05
0.000105854
0.000134534
-8.85001e-05
9.8359e-05
4.51602e-05
0.000101837
5.7128e-05
0.000113995
4.1732e-05
8.38484e-05
-5.54795e-05
6.15046e-05
9.05479e-05
5.85415e-05
-7.9335e-05
-5.15597e-05
9.14364e-05
9.76364e-05
9.59167e-05
6.49068e-05
9.63395e-05
-4.89195e-05
9.19001e-05
-9.01772e-05
9.84326e-05
0.000146332
0.000135624
7.3482e-05
0.000101716
-0.000110672
-7.25057e-05
5.44873e-05
8.45447e-05
9.24891e-05
-6.44136e-05
7.69034e-05
6.25671e-05
7.96078e-05
8.40201e-05
4.90786e-05
8.44899e-05
5.7756e-05
7.32014e-05
-6.28993e-05
-5.38405e-05
6.65449e-05
6.93701e-05
6.37234e-05
4.9076e-05
5.92756e-05
-5.3183e-05
6.04621e-05
-5.61301e-05
6.14548e-05
6.49764e-05
6.497e-05
5.91576e-05
4.18668e-05
4.84481e-05
5.02673e-05
3.31239e-05
5.76534e-05
4.36356e-05
5.6012e-05
5.56687e-05
5.84016e-05
4.57716e-05
6.40143e-05
4.9363e-05
2.10933e-05
-6.14492e-05
6.65421e-05
3.20581e-05
6.55061e-05
-1.71105e-05
-5.87205e-05
2.80411e-05
3.68163e-05
3.2593e-05
7.15779e-05
3.57321e-05
-5.54079e-05
3.31554e-05
4.69745e-06
3.38706e-05
2.05897e-05
9.55114e-07
5.45847e-05
1.89632e-05
-6.21399e-05
-9.30538e-06
6.70492e-05
1.04181e-05
-1.22848e-05
-5.57709e-05
1.08452e-05
-6.65022e-05
-8.3739e-07
1.30009e-05
7.22392e-05
1.25977e-05
2.36374e-05
6.25334e-05
4.7524e-05
2.05257e-05
2.77538e-05
-5.94621e-05
-4.54712e-06
1.34059e-05
0.000179527
-3.87856e-05
-3.22802e-05
3.32871e-05
-3.85006e-05
3.257e-05
0.000200354
-3.63686e-05
0.000179783
-3.12384e-05
0.000202164
-3.56067e-05
-3.77477e-05
3.09565e-05
0.000229888
-1.84697e-05
0.000233285
-1.79152e-05
5.70934e-05
-7.11964e-05
0.000238643
-3.74677e-05
5.26432e-05
0.000191417
-4.65942e-05
4.59425e-05
0.000236273
-3.90981e-05
4.3863e-05
0.000191329
-4.84805e-05
5.95602e-05
-7.47643e-06
-1.71824e-05
0.000280016
-6.19684e-06
4.59504e-05
-1.79668e-05
0.000273769
-5.64003e-05
0.000259014
0.000263697
-3.21898e-05
-5.27167e-05
0.000261021
4.49648e-05
5.47421e-05
2.88059e-05
0.000247619
4.64507e-05
0.000265944
0.000243028
-8.40173e-05
8.3754e-05
0.000230621
0.000214221
9.5209e-05
0.000174351
0.00018805
0.0001002
0.000534805
3.80534e-05
0.000591094
2.38216e-05
5.61862e-05
0.000636929
2.67677e-05
6.21823e-05
0.000674516
2.96158e-05
5.55027e-05
0.000703793
3.29979e-05
3.62959e-05
0.000722717
3.99864e-05
5.55888e-06
0.000726024
5.43418e-05
-3.67246e-05
0.00070136
7.56832e-05
-8.61093e-05
0.00016163
0.000161098
9.9205e-05
0.000153857
0.000153231
-3.57808e-05
-3.09118e-05
-3.04107e-05
-3.6125e-05
-3.73851e-05
0.000168407
3.21513e-05
-4.20818e-05
0.000169069
-4.11751e-05
-3.47632e-05
-0.000123511
3.06115e-05
0.000134931
-4.18273e-05
-0.000122552
0.000134593
-4.08746e-05
3.3921e-05
-3.35406e-05
-3.47013e-05
2.99979e-05
4.75034e-05
0.000148552
-4.82802e-05
0.000150168
4.09022e-05
-5.02761e-05
4.20621e-05
0.00010672
-3.77733e-05
3.72798e-05
0.000109338
-3.99098e-05
-3.38229e-05
0.000235991
0.000228191
6.71981e-05
-5.69547e-05
-6.91396e-05
5.78929e-05
0.000172051
-5.97183e-05
-5.65993e-05
5.00803e-05
0.000108399
-4.5183e-05
-8.09792e-05
0.000164284
-5.49568e-05
0.000100133
-4.02979e-05
-4.61062e-05
-3.2004e-05
4.223e-05
8.00312e-05
-2.81639e-05
7.4437e-05
0.000586652
3.81852e-05
0.000628741
1.95789e-05
4.35939e-05
0.000660955
2.53008e-05
3.68467e-05
0.000681504
2.90983e-05
1.8693e-05
0.000686635
3.30197e-05
-8.34955e-06
0.00067086
4.10807e-05
-4.08232e-05
0.000629052
5.50473e-05
-7.39698e-05
0.000552189
7.24941e-05
-9.80601e-05
0.000115663
0.000115601
8.83335e-05
-0.000103088
0.000105611
0.000105672
9.75733e-05
-8.52161e-05
7.46031e-05
8.47623e-05
8.41859e-05
7.51353e-05
-3.21846e-05
0.000106986
2.85667e-05
-3.3957e-05
0.000106142
-3.27437e-05
9.48416e-05
-5.66434e-05
5.68716e-05
4.9588e-05
5.58587e-05
5.03799e-05
3.10566e-05
-3.28665e-05
2.99475e-05
-2.59014e-05
7.02211e-05
3.66383e-05
-2.89476e-05
8.29102e-05
8.5145e-05
3.29091e-05
-2.3875e-05
6.84615e-05
8.04248e-05
3.20128e-05
3.64598e-05
3.53935e-05
3.28976e-05
-1.67925e-05
3.29421e-05
4.99669e-05
-2.8151e-05
1.93275e-05
2.67268e-05
-1.45719e-05
4.39614e-05
-1.24319e-05
4.21034e-05
3.08163e-05
5.25469e-05
3.97776e-05
-2.30085e-05
5.84507e-05
3.69791e-05
-2.6295e-05
6.23846e-05
-2.05139e-05
9.47585e-06
2.7031e-05
2.04369e-05
-7.61578e-06
2.46881e-05
2.97178e-05
2.53384e-05
2.4243e-05
3.18674e-05
-3.57957e-05
-1.54632e-05
3.52483e-05
4.2735e-05
1.21086e-05
2.96096e-05
3.25244e-05
-9.12408e-06
3.83835e-05
2.93816e-05
-1.15235e-05
3.5479e-05
2.9118e-05
4.67669e-05
4.33722e-05
-2.17915e-05
6.39246e-05
5.2656e-05
-4.83234e-05
-4.561e-05
6.8305e-05
2.39829e-05
2.38772e-05
1.31618e-05
-1.3267e-06
1.02309e-05
-7.21762e-07
1.11393e-05
1.36094e-05
1.60565e-05
1.4085e-05
1.01508e-06
1.51641e-05
1.9245e-06
1.62353e-05
2.01283e-05
7.05532e-06
2.27924e-05
8.74248e-06
2.44435e-05
2.01633e-05
6.87355e-06
8.32636e-06
1.67578e-05
1.9418e-05
7.03623e-06
5.89332e-05
1.71539e-05
1.98418e-05
7.90667e-06
-5.93574e-06
1.38901e-05
2.74544e-06
1.65856e-05
1.87083e-05
2.002e-05
2.30681e-05
2.71767e-05
1.16258e-05
2.93126e-05
-7.40765e-06
3.0745e-06
2.13786e-05
1.18361e-05
-7.79953e-06
-7.06403e-06
1.25875e-05
-5.33241e-06
-4.68154e-06
-1.0279e-05
4.26181e-05
-9.88544e-06
1.70454e-05
8.83012e-06
-3.19179e-06
2.7873e-05
3.2467e-05
3.63051e-05
3.57323e-05
-3.55192e-05
5.56927e-05
-2.3107e-05
4.36674e-05
9.15643e-05
3.6128e-06
0.000253671
0.000148497
-4.67488e-05
0.000229617
0.000200002
-9.81649e-05
0.000182984
0.000191353
-0.000118114
-2.84618e-05
0.000120378
0.000216698
-0.000136016
0.00014124
-7.19877e-05
0.000186896
-0.000224563
0.000235445
2.69732e-05
0.000132123
-0.000151686
0.000159685
-0.000100675
0.000106814
0.000160092
-2.73579e-05
0.000199648
-6.62464e-05
0.000171168
1.75383e-05
0.000118697
-9.21095e-05
9.72001e-05
0.000144586
0.000206874
-7.37402e-05
7.47192e-05
-9.28392e-05
0.000215398
-0.000108346
5.5487e-05
-3.44381e-05
-5.17406e-05
3.04342e-05
-9.5961e-06
3.32657e-05
1.12368e-05
-1.21594e-05
-9.14258e-06
2.08007e-05
1.2764e-05
1.33074e-05
-1.73496e-05
1.97128e-05
4.15848e-06
1.27591e-05
-1.98434e-05
-1.0197e-05
8.26154e-06
-3.85768e-05
-4.46412e-06
-3.88322e-05
9.07377e-06
2.25496e-07
7.97176e-06
-4.44755e-05
-1.11416e-05
-1.79334e-05
1.35387e-05
1.17645e-05
-8.66485e-06
-2.37127e-05
3.91932e-07
9.94993e-06
-4.56646e-05
-2.20044e-05
-4.65489e-05
-4.30334e-05
-3.1725e-05
-3.11336e-05
6.66996e-06
1.21968e-05
1.07181e-05
1.24665e-05
-8.79314e-06
1.24443e-05
-2.33454e-05
-6.30032e-06
8.60101e-06
-1.41152e-05
1.55344e-05
7.19079e-06
-2.24067e-05
2.91933e-06
2.42392e-05
-1.75332e-05
2.06402e-05
-2.87073e-05
3.17312e-05
-2.2264e-05
-1.14349e-05
1.99933e-05
-4.57712e-05
6.675e-05
-6.69071e-05
4.792e-05
-4.07845e-05
-2.43476e-05
3.6656e-05
0.000113892
0.000383486
9.91483e-05
0.000292426
-0.000105852
6.19121e-05
-4.99355e-05
8.05276e-05
0.000298602
-1.24368e-05
7.21323e-05
0.000348073
0.000101615
8.05753e-06
0.000313227
-9.27021e-05
7.60166e-05
0.000298733
-6.98556e-05
7.13922e-05
0.000384333
6.13225e-05
8.56007e-06
0.000345923
-3.5875e-05
5.10548e-05
1.64903e-05
0.000317381
-9.73558e-05
8.49646e-05
8.96162e-06
0.000325683
-0.000206582
0.000189343
-7.7272e-05
0.000373708
4.62982e-05
0.000293349
5.05712e-06
0.000300142
-7.84537e-05
0.000338632
5.55465e-06
8.66451e-05
0.00027415
0.000146991
-4.76358e-05
0.000250164
0.000200954
-0.000104895
0.000203979
0.000210438
0.000115745
-4.27572e-05
0.000150565
0.000127877
-6.55885e-05
0.000124502
0.000125855
-7.09596e-06
0.00016232
6.68493e-05
0.000150092
-9.40359e-05
8.86247e-05
-4.68014e-05
0.000122963
0.000163362
0.000137704
-7.25044e-05
0.00013659
0.000146013
1.98017e-06
0.000176588
7.31796e-05
0.00016397
-0.000104308
0.000100644
-0.000101325
-5.20468e-05
0.000111846
0.000121582
-0.000110263
0.000123732
-7.47278e-05
9.02195e-05
-8.21907e-05
9.94644e-05
-0.000125
0.000144767
-0.000108954
3.36558e-05
-4.7202e-05
0.000111948
-6.75249e-05
8.08876e-05
-9.84516e-05
2.45924e-05
7.74342e-05
7.48672e-05
7.78645e-05
-6.94964e-05
3.35832e-05
7.13912e-05
-8.94003e-05
-3.42883e-05
9.05302e-05
8.34945e-05
9.47955e-05
-7.73701e-05
4.30657e-05
9.17617e-05
-0.000103615
-2.92764e-05
-4.24129e-05
5.84296e-05
4.46161e-05
-3.2248e-05
5.17269e-05
-7.05104e-05
4.3282e-07
-2.12542e-05
4.17305e-05
-8.55805e-05
-0.000100471
3.47445e-05
-5.68991e-05
-7.52867e-06
-6.39707e-05
-8.2584e-05
-3.17162e-06
2.88007e-06
-1.76611e-05
-3.42138e-05
-2.29884e-05
-3.4036e-05
-3.87412e-05
-1.90513e-05
1.74526e-05
1.07215e-05
5.05489e-06
-5.32003e-05
-2.26016e-05
-1.97132e-05
-5.06106e-05
-2.36627e-05
4.84124e-05
5.84501e-05
0.000461053
3.88898e-05
9.0334e-05
0.000534821
5.17083e-05
6.27971e-05
0.000390052
3.34557e-05
0.000113231
0.000597169
3.63756e-05
0.000108508
0.000472462
4.02336e-05
5.70479e-05
0.000305196
3.07106e-05
0.000125851
0.000656808
2.56639e-05
0.00015131
0.000543191
1.994e-05
0.000120382
0.00038919
1.52037e-05
3.84789e-05
5.06852e-05
5.0582e-05
5.67991e-05
5.69886e-05
3.1811e-05
0.000123865
0.000722745
1.79483e-05
0.000189427
0.000614255
2.32305e-06
0.000188502
0.000464286
-1.22965e-05
0.000117516
7.08083e-05
7.51697e-05
7.58287e-05
7.01904e-05
-9.55017e-06
-4.70662e-06
3.98038e-05
-5.67993e-06
-5.28382e-06
3.91022e-05
-9.68498e-06
2.35928e-06
4.72794e-05
-5.32216e-06
1.31442e-06
4.65068e-05
0.000507242
4.68524e-05
0.000571423
3.0512e-05
7.11634e-05
0.000625409
3.09023e-05
8.38104e-05
0.000673802
3.20018e-05
8.36604e-05
0.000719065
3.41793e-05
6.91699e-05
0.000761996
4.08354e-05
3.68087e-05
3.95668e-05
0.00010415
0.000798248
1.49526e-05
0.000219723
0.000697936
-1.36524e-05
0.000259424
0.000541942
-4.04203e-05
0.000211476
9.23342e-05
8.87796e-05
8.7818e-05
9.33501e-05
1.84699e-05
1.41524e-05
-1.39389e-05
5.77088e-05
-1.62153e-05
-1.8989e-05
2.55014e-05
6.47739e-05
5.88902e-05
-1.42056e-05
2.34349e-05
6.35388e-05
-2.00942e-05
-8.43497e-06
3.07055e-05
-1.04484e-05
-1.55413e-05
2.96168e-05
2.07391e-05
-1.5928e-05
-2.82805e-06
3.60984e-05
-6.8483e-07
3.71692e-05
5.53404e-05
0.00079669
-1.75103e-05
5.95705e-05
8.47155e-06
1.6865e-05
9.01099e-06
1.67874e-05
0.000881882
1.92843e-05
0.000236136
0.000800566
-2.82087e-05
0.000331213
0.00063365
-7.20101e-05
0.000317019
0.00010697
0.00011078
0.000111947
0.000105845
-4.30132e-05
-3.05203e-05
5.38268e-05
8.08284e-05
2.9329e-05
3.99785e-05
-2.40713e-05
7.41141e-05
7.55448e-05
-2.49461e-05
5.09224e-05
7.93279e-05
-3.17637e-05
1.46821e-05
4.69513e-05
-1.1534e-05
3.31832e-05
-2.74953e-05
2.17004e-05
5.06736e-05
-2.64771e-05
4.56901e-05
2.49308e-05
5.19702e-05
-3.27254e-05
-1.16173e-05
2.15707e-05
-1.46534e-05
-2.74709e-05
2.05748e-05
-3.44007e-05
-3.98982e-06
2.63298e-05
-2.86622e-05
-7.14406e-06
2.53354e-05
7.58639e-05
0.000202624
0.000200958
-2.19754e-05
0.000199301
0.000200948
-2.17142e-05
-2.4168e-05
-2.40279e-05
-3.02273e-05
2.26561e-05
2.11191e-05
2.227e-05
-2.08912e-05
2.068e-05
-1.88067e-05
-2.01474e-05
-1.899e-05
0.000249099
0.000245446
0.000241205
0.000238956
3.22129e-05
4.51787e-05
4.52297e-05
0.000930678
6.82544e-05
6.81508e-05
-4.06475e-05
0.000401378
0.000744385
-0.000108945
0.000431242
0.000132351
0.000127096
0.000132979
0.000126442
4.32269e-05
7.07243e-05
-3.69007e-05
9.01766e-05
-7.46057e-05
-4.51524e-05
8.65632e-05
9.68728e-05
9.1239e-05
-3.84503e-05
8.3003e-05
9.57694e-05
4.93538e-05
-4.03149e-05
-4.25223e-05
5.24558e-05
6.36466e-05
4.44835e-05
-4.70034e-05
6.01469e-05
5.66777e-05
6.46052e-05
-4.06761e-05
5.92233e-05
9.00849e-06
4.89934e-05
-4.2445e-05
3.22854e-05
-5.16668e-05
-1.30042e-05
2.35789e-05
3.66104e-05
-4.45735e-05
1.93985e-05
3.58698e-05
3.2991e-05
-4.89741e-05
-1.58906e-05
1.07792e-05
-1.96582e-05
-4.22429e-05
1.03719e-05
5.2076e-05
-4.47526e-05
-1.25162e-05
1.28648e-05
-8.56173e-06
1.33113e-05
0.00017897
2.87535e-05
-3.32377e-05
2.78839e-05
0.000197822
-3.69467e-05
0.000177775
-3.37573e-05
2.49171e-05
2.41656e-05
0.000195415
-3.7222e-05
-3.63678e-05
-1.75618e-05
0.000258185
-2.33264e-05
0.000262883
1.95735e-05
3.24234e-05
-1.79179e-05
0.000265681
0.0002702
-2.85488e-05
3.24772e-05
9.18686e-06
6.76349e-05
-1.09082e-05
0.000272244
8.0617e-06
6.77488e-05
0.000265107
-5.57021e-05
0.000104764
0.000104415
0.000128331
0.00012733
0.000882042
1.47083e-05
3.00121e-05
2.95928e-05
1.63802e-05
-7.69904e-05
-7.15101e-06
7.37113e-05
0.000262409
-4.91662e-06
0.000242112
-0.000154951
0.00055015
0.000147533
0.000156493
0.000154512
0.000149536
5.7112e-05
4.91579e-05
5.88117e-05
4.83715e-05
9.68844e-05
0.000202916
1.99079e-05
-0.000219175
-0.000113477
0.000119521
0.000201677
4.05701e-05
2.00842e-05
0.000100327
0.000185648
3.87982e-05
-0.000156301
-0.00011365
0.000125357
6.5834e-05
0.000132731
0.00010828
0.000144867
4.89956e-05
0.000118001
5.23105e-05
6.17689e-05
0.000123067
-0.000110301
-6.42901e-05
0.000123377
7.24956e-05
0.000111645
6.15837e-05
0.000105912
-5.33856e-05
0.000106388
6.94338e-05
0.000104897
-5.57296e-05
0.000119316
0.000113037
0.000106327
0.000157841
0.00011351
0.000170659
9.65492e-05
-0.000119718
6.01843e-05
0.000100498
8.98648e-05
6.79447e-05
8.64524e-05
0.000129364
-9.44561e-05
0.000104537
6.58471e-05
0.000108413
0.000108781
0.000102919
7.28287e-05
9.30194e-05
8.02824e-05
-6.66524e-05
7.41592e-05
6.93035e-05
7.01689e-05
-7.50307e-05
-6.18323e-05
8.89513e-05
7.53792e-05
9.43056e-05
7.84941e-05
7.39911e-05
-5.90276e-05
7.06994e-05
-6.9181e-05
6.91218e-05
8.24904e-05
7.2625e-05
-5.88425e-05
7.22038e-05
7.58154e-05
5.98013e-05
6.28828e-05
6.58508e-05
7.01586e-05
5.49419e-05
-7.35635e-05
-4.51128e-05
5.83228e-05
8.14729e-05
4.26041e-05
4.0191e-05
6.96014e-05
-6.20438e-05
4.07546e-05
-6.52637e-05
5.30691e-05
4.37986e-05
7.66713e-05
3.9568e-05
3.52336e-05
5.85201e-05
3.46927e-05
2.4584e-05
6.99504e-05
2.8241e-05
6.75219e-05
4.93165e-05
4.08112e-05
3.69465e-05
7.65515e-05
3.20269e-05
9.05951e-06
-7.09113e-05
7.75353e-05
1.55372e-05
7.50562e-05
-4.83238e-06
-6.66255e-05
1.54174e-05
1.78007e-05
2.00605e-05
8.24411e-05
1.73463e-05
-6.31362e-05
1.60009e-05
-1.04489e-06
4.87528e-05
1.10907e-05
-7.55697e-06
6.88303e-05
8.34666e-06
-6.11893e-05
-2.16651e-05
6.82302e-05
-2.52815e-05
-5.36078e-05
-6.50589e-05
-1.61804e-05
7.25751e-05
2.17309e-06
1.0897e-05
7.52496e-05
6.07105e-05
1.31461e-05
1.53857e-05
-5.69771e-05
-1.99573e-05
-3.74545e-05
3.11469e-05
0.000227533
-3.9341e-05
-3.69245e-05
3.13361e-05
0.000187346
-4.97199e-05
0.000232155
-3.94188e-05
0.000189746
-4.9345e-05
6.07694e-05
-5.2909e-05
0.000294128
5.37396e-05
0.000226294
-5.8886e-05
4.84394e-05
0.0001736
-6.21888e-05
4.67802e-05
-5.21344e-05
0.00028443
4.33122e-05
0.000221767
-5.91084e-05
4.06683e-05
0.000172769
-6.33107e-05
4.04205e-05
-3.37272e-05
1.48346e-05
0.000309543
-3.2715e-05
3.24492e-05
1.46424e-05
0.000299813
-3.62116e-05
0.000278926
0.000286507
8.17886e-05
0.000248281
7.79263e-05
0.00026821
-0.000103997
0.000219613
0.000106628
0.000202973
0.000581929
5.03796e-05
0.000630991
2.19059e-05
5.87981e-05
0.000671251
2.70504e-05
5.44521e-05
0.000702932
3.05477e-05
3.65253e-05
0.000722602
3.48036e-05
5.51135e-06
0.000724867
4.35962e-05
-3.77023e-05
0.000698046
5.85576e-05
-8.85927e-05
0.000160125
0.000160912
7.62446e-05
0.000152072
0.000152769
-3.15506e-05
-3.67798e-05
-3.66864e-05
-3.1821e-05
2.79086e-05
0.0001675
-4.26386e-05
0.000166078
2.42401e-05
-4.29362e-05
-0.000124226
2.68501e-05
0.000134751
-4.25449e-05
-2.66443e-05
0.0001242
-3.62646e-05
2.34597e-05
-3.56815e-05
2.3635e-05
0.000134198
-4.29074e-05
-3.53547e-05
0.000149529
3.06399e-05
-5.19652e-05
0.000150333
-5.13681e-05
-3.30252e-05
2.91534e-05
0.000111247
-4.22162e-05
0.000110827
-4.13051e-05
4.39292e-05
0.000112903
-4.83123e-05
0.000115011
3.82766e-05
-5.02966e-05
3.82675e-05
-3.48113e-05
8.39107e-05
-3.68725e-05
3.42817e-05
8.60936e-05
0.000208853
-7.79882e-05
5.89508e-05
-6.08241e-05
0.000115877
5.23552e-05
-5.87269e-05
-4.89177e-05
-3.92804e-05
4.4142e-05
7.89043e-05
-5.31951e-05
-3.47225e-05
7.25999e-05
0.000616441
9.26029e-06
3.72244e-05
0.000653312
1.78373e-05
3.36717e-05
0.000677815
2.3732e-05
1.78743e-05
0.000686073
2.7403e-05
-8.19688e-06
0.000671908
3.262e-05
-4.09497e-05
0.000630584
4.22868e-05
-7.51389e-05
0.000553198
5.58569e-05
-0.000100386
0.000116326
0.000116093
6.93996e-05
-0.000106909
0.00010605
0.000106266
7.9018e-05
-9.11546e-05
7.61621e-05
8.58752e-05
7.60824e-05
8.59108e-05
2.55196e-05
0.00010762
-3.46429e-05
0.000107601
2.25586e-05
-3.52325e-05
7.99806e-05
-6.41261e-05
5.83232e-05
5.18839e-05
5.15809e-05
5.86776e-05
3.24456e-05
2.73118e-05
-2.69153e-05
7.17084e-05
-2.98923e-05
-3.35534e-05
8.76273e-05
2.66236e-05
8.69046e-05
2.46145e-05
-2.80499e-05
7.23291e-05
7.06639e-05
3.43138e-05
3.79373e-05
3.4133e-05
3.84281e-05
-2.90039e-05
-2.27102e-05
2.65338e-05
5.61504e-05
2.10676e-05
2.52109e-05
-1.56494e-05
4.56858e-05
5.48636e-05
2.34121e-05
-1.71277e-05
4.65961e-05
-3.39696e-05
3.08318e-05
-3.04961e-05
6.69826e-05
-2.86633e-05
6.53229e-05
1.06553e-05
1.99645e-05
2.87034e-05
-2.38529e-05
-1.22241e-05
2.26531e-05
3.53117e-05
3.40069e-05
2.96872e-05
1.92772e-05
-1.82996e-05
3.39775e-05
4.65287e-05
-2.8586e-05
2.09221e-05
2.71981e-05
-1.54867e-05
3.9914e-05
-1.35373e-05
3.81367e-05
3.19403e-05
4.92111e-05
4.10777e-05
5.22528e-05
-2.62302e-05
3.78362e-05
-2.99225e-05
5.62682e-05
2.45626e-05
2.69637e-05
2.44808e-05
2.91682e-05
-1.56579e-05
3.71327e-05
3.57737e-05
3.00072e-05
2.91865e-05
-1.006e-05
-6.14869e-07
1.34814e-05
1.21683e-05
1.47553e-05
-4.77672e-06
1.95133e-05
4.18353e-06
1.8819e-05
-3.56282e-06
1.52766e-05
5.84784e-06
2.03476e-05
1.96858e-05
1.61518e-05
1.62554e-05
2.63112e-06
1.98668e-05
1.00929e-05
2.59431e-05
9.78288e-06
8.48255e-06
1.77786e-05
1.24703e-05
1.78089e-05
2.03735e-05
2.05358e-05
1.4122e-05
1.4022e-05
1.24226e-05
8.49894e-06
8.99479e-06
-1.94684e-07
1.25615e-05
1.35868e-05
1.57909e-05
3.29755e-06
1.67105e-05
1.14766e-05
1.92153e-05
2.67688e-05
2.28131e-05
2.39946e-05
1.10195e-06
2.25483e-05
1.2787e-05
-6.97508e-06
-5.23872e-06
-4.53061e-06
1.12724e-05
-1.02488e-05
-1.01549e-05
1.19072e-05
1.03232e-05
1.04302e-05
-6.70057e-06
1.33705e-05
1.80744e-05
1.40435e-05
-6.41678e-06
2.78468e-05
3.50942e-05
-4.25701e-05
5.07605e-05
4.09311e-05
-2.83655e-05
0.000120839
-2.90647e-05
0.000235525
0.000145347
-7.69313e-05
0.000204277
0.000247214
2.07787e-05
0.000150437
0.000166791
-0.000109389
0.000117123
0.000176514
-0.000129423
-5.39041e-05
0.000134791
0.000193245
-0.00014665
0.000154966
-8.62087e-05
0.000164115
-0.000164083
0.00018358
7.47617e-06
-0.000187205
0.000198014
9.51995e-05
-0.000176584
0.00018828
-0.000125831
0.000125661
-5.05576e-05
0.0001775
-7.95389e-05
0.000149651
-5.32225e-07
8.90594e-05
-0.000115164
0.00011287
-0.000101284
0.000235263
-0.000120637
4.2145e-05
-3.86354e-05
-5.87683e-05
2.65542e-05
-1.14482e-05
3.19042e-05
1.15843e-05
-1.28529e-05
-9.14322e-06
2.10718e-05
1.36882e-05
1.05605e-05
-1.92831e-05
1.99066e-05
-7.4928e-06
9.15808e-06
-5.11671e-06
9.66801e-06
-3.99619e-05
-1.5503e-05
1.61784e-05
1.39577e-05
-1.2095e-05
-1.71481e-05
1.09023e-05
-6.12004e-07
-4.68914e-05
-5.56683e-06
1.00096e-05
-4.044e-05
-1.59879e-06
1.73485e-05
-4.78791e-05
1.28104e-05
-9.50728e-06
-2.32012e-05
-9.95777e-06
1.30639e-05
-2.30282e-05
2.0193e-08
5.48127e-05
-6.02172e-05
1.20471e-05
3.61062e-05
-6.14188e-06
-3.02544e-05
1.25027e-05
-3.92721e-06
-2.58937e-06
4.20445e-05
1.12964e-05
5.31068e-05
1.02438e-05
-1.24948e-05
1.42059e-05
-1.66656e-05
1.04549e-05
-2.39427e-05
9.89056e-07
2.38851e-05
-1.91769e-05
1.9239e-05
-3.15363e-05
3.01979e-05
-2.4191e-05
-1.32662e-05
1.8815e-05
-5.12942e-05
7.26527e-05
-7.39695e-05
4.17628e-05
-4.43942e-05
-2.78297e-05
3.33947e-05
7.81561e-05
0.000387149
7.50127e-05
0.000337766
2.39758e-06
0.00035135
5.18164e-05
-1.26327e-05
5.40882e-05
0.000345769
6.84547e-05
1.29915e-05
0.000359649
0.000173897
-7.4704e-05
0.000403376
5.63474e-05
-9.31941e-05
0.000286248
-6.99885e-05
5.55666e-05
0.000371914
4.60086e-05
1.02723e-05
0.000405067
0.000154955
-7.34363e-05
0.000438302
-7.93924e-05
1.17782e-05
7.0754e-05
0.000323203
-0.000142861
0.000136435
-4.43083e-05
0.000299146
-0.000203018
0.000194843
-0.000111189
0.000238689
0.000254383
8.29722e-06
0.000297362
-4.72713e-05
0.000273089
-0.000108824
0.000215939
0.000229453
-2.88609e-05
0.00011974
0.000256475
0.000148126
-8.10098e-05
0.0002235
0.00025395
3.07426e-05
0.0001665
0.000172943
-0.000116583
0.000126077
0.000194792
0.000122061
-5.7153e-05
0.000131914
0.000136823
-8.23431e-05
9.97185e-05
0.000114973
0.000163947
-0.000120273
4.18851e-05
-6.22056e-05
0.000131764
0.00014336
0.000149372
-9.02946e-05
0.000110028
0.000130453
0.000181661
-0.000132822
4.97302e-05
-0.000103341
0.000115838
0.000100205
-0.000111191
0.000127204
-9.34896e-05
5.87417e-05
-0.000111695
0.000131119
-0.000129189
-2.2213e-05
9.1796e-05
-8.52523e-05
5.12933e-05
-0.000116449
-2.52273e-05
7.35601e-05
5.3123e-05
6.96292e-05
-8.15463e-05
7.82693e-06
6.2844e-05
-0.000101696
-0.000110466
8.8188e-05
6.06184e-05
8.66736e-05
-9.14681e-05
1.38746e-05
8.41708e-05
-0.000116552
-0.000120015
-3.52376e-05
5.12952e-05
2.55699e-05
-2.35341e-05
3.97325e-05
-8.38536e-05
-1.74925e-05
6.53826e-06
6.36538e-06
-7.91671e-05
-3.4207e-05
1.85806e-05
-6.98961e-05
-2.00824e-05
-6.55617e-05
-3.01972e-05
-7.01769e-06
-3.36043e-06
-2.03257e-05
-5.42466e-05
-2.45029e-05
-2.82607e-05
-2.52777e-05
1.10107e-05
2.03366e-07
-3.61938e-06
-6.4319e-05
-2.55994e-05
-2.18944e-05
-3.00289e-05
5.86308e-05
0.000464077
4.23735e-05
9.1092e-05
0.000535297
6.38601e-05
6.6749e-05
0.000395513
3.86272e-05
0.000114068
0.000596503
4.9707e-05
0.000110989
0.000473297
6.16862e-05
6.16534e-05
0.00030863
3.59411e-05
0.000126677
0.000655124
3.87622e-05
0.000151483
0.000541095
4.156e-05
0.000120604
0.000387285
4.38957e-05
3.92502e-05
5.05268e-05
5.07582e-05
5.66302e-05
5.68088e-05
3.49089e-05
0.000122972
0.000718847
2.97591e-05
0.00018765
0.000608657
2.34741e-05
0.000184782
0.000457639
1.7274e-05
0.000112314
6.88689e-05
7.40523e-05
6.91386e-05
7.3725e-05
-1.13648e-06
-6.20571e-06
3.85675e-05
-6.3698e-06
3.06532e-06
3.8416e-05
1.12883e-06
3.16935e-06
5.71271e-07
4.55598e-05
7.48047e-07
4.58415e-05
3.76813e-05
9.72464e-05
0.0007905
2.33189e-05
0.000216073
0.000687733
6.23637e-06
0.000252481
0.000530387
-1.00845e-05
0.000200455
9.03183e-05
8.52197e-05
8.59048e-05
8.95692e-05
1.25296e-05
-9.71083e-06
5.641e-05
9.75988e-06
-1.14025e-05
-5.08535e-06
2.06193e-05
6.12784e-05
2.17512e-05
6.21614e-05
-5.20992e-06
5.56014e-05
-1.09994e-05
-1.19465e-05
2.85958e-05
-1.29727e-05
-6.42445e-06
2.79819e-05
-1.12051e-05
-4.43594e-06
3.5046e-05
-6.48675e-06
-5.54611e-06
3.43618e-05
0.000566868
6.83356e-05
0.000622686
2.77422e-05
8.26281e-05
0.00067231
3.09443e-05
8.3808e-05
0.000718198
3.31699e-05
6.94033e-05
0.000759742
3.64023e-05
3.6463e-05
0.000789624
4.46557e-05
-1.72642e-05
4.59739e-05
8.08852e-06
1.64689e-05
1.63219e-05
8.56214e-06
0.000864995
2.21517e-05
0.000231539
0.000783564
-9.84459e-06
0.000322161
0.000616835
-3.98068e-05
0.000301532
0.000102004
0.000107882
0.000106708
0.000103089
-3.52528e-05
1.99215e-05
-1.46141e-05
4.63115e-05
7.59682e-05
-1.93825e-05
3.73299e-05
7.22623e-05
-1.43229e-05
7.09405e-05
4.82768e-05
7.73786e-05
2.1359e-05
6.64807e-06
-1.62719e-05
4.31456e-05
-8.83587e-06
-2.20367e-05
1.89717e-05
4.91794e-05
4.42514e-05
-1.66475e-05
1.67805e-05
4.80172e-05
-2.23325e-05
-1.72115e-05
1.94496e-05
-1.92651e-05
-1.72578e-05
1.86011e-05
2.3135e-05
-1.77453e-05
-1.19638e-05
2.34075e-05
-9.81746e-06
2.4248e-05
5.92093e-05
0.000198296
0.000199159
0.000197382
0.000196237
-2.23914e-05
-2.45348e-05
-2.24445e-05
-2.45129e-05
1.91384e-05
0.000218249
-3.63554e-06
-0.000215916
-1.75292e-05
1.48602e-05
4.46993e-06
0.00023098
-3.60987e-06
1.68011e-05
4.64326e-06
0.000233983
2.84112e-05
4.35409e-05
4.37379e-05
0.000900437
6.7157e-05
6.69466e-05
-2.32749e-05
0.000391598
0.000722809
-7.29898e-05
0.000412938
0.000128995
0.000121912
0.000127647
0.000123222
6.7122e-05
-3.14155e-05
8.81893e-05
3.2474e-05
-6.42284e-05
-2.62136e-05
7.68127e-05
9.19349e-05
7.94314e-05
9.36616e-05
-2.5438e-05
8.65615e-05
-3.65888e-05
-3.59227e-05
4.87408e-05
6.20766e-05
3.4541e-05
3.33536e-05
-2.84573e-05
5.63772e-05
5.77517e-05
-2.94536e-05
4.55786e-05
6.06339e-05
-3.60647e-05
5.33568e-06
3.12455e-05
-2.09815e-06
3.77045e-05
-3.1049e-05
1.23858e-05
3.37305e-05
-2.98521e-05
3.02354e-05
1.56562e-05
3.47807e-05
-3.5861e-05
-2.32384e-05
9.81232e-06
-2.63879e-05
-2.982e-05
9.24971e-06
-3.77769e-05
-1.61789e-05
1.22945e-05
-3.118e-05
-1.93791e-05
1.17297e-05
-2.16616e-05
0.000175353
-3.44638e-05
1.89223e-05
-1.93813e-05
1.69954e-05
0.000217171
-1.90942e-05
0.000219504
-1.93026e-05
0.000176687
-3.42341e-05
-2.08582e-05
1.8219e-05
0.00019133
-3.75061e-05
0.000193425
-3.74589e-05
-0.000223128
2.4383e-05
-3.06052e-05
-4.8868e-05
0.000257327
1.77946e-05
-1.5563e-05
0.000242595
2.62101e-05
-3.91759e-05
-0.000219165
1.96311e-05
-4.75612e-05
0.000251331
2.24186e-05
-3.89492e-05
1.73029e-05
-3.44857e-05
-2.16348e-05
1.68961e-05
0.00027102
-3.4678e-05
1.51142e-05
1.7453e-05
0.00026486
1.54929e-05
0.000255979
0.000251166
1.3835e-05
-3.49907e-05
0.00010285
0.00012674
0.000102759
0.000126638
0.000852357
-6.70788e-06
5.85781e-06
6.79436e-05
0.000252327
6.80204e-05
0.000257463
-0.000110658
0.000532701
0.000145835
0.000153507
0.00015253
0.000146762
4.8184e-05
-9.78087e-05
-4.05094e-05
0.000111773
0.000110712
0.000101371
-4.65995e-05
0.000105502
0.000114789
0.000112015
-3.92542e-05
0.000104291
5.15916e-05
6.59963e-05
-4.41941e-05
6.92387e-05
-7.02131e-05
-5.37741e-05
8.41266e-05
7.49011e-05
7.02677e-05
-4.58608e-05
8.00242e-05
7.38281e-05
5.69493e-05
-3.12078e-05
-4.87437e-05
4.38938e-05
4.27551e-05
3.54853e-05
-5.43323e-05
4.05289e-05
4.82332e-05
4.35429e-05
-4.66738e-05
3.97555e-05
-3.54979e-06
5.50981e-05
-4.71789e-05
1.53998e-05
-5.79932e-05
-5.3314e-07
1.08928e-05
1.76184e-05
-4.95119e-05
6.70322e-06
1.71355e-05
1.58581e-05
-4.59924e-05
-2.90299e-05
-3.25577e-05
-3.89213e-05
4.88867e-05
-4.12962e-05
-2.72833e-05
-2.38091e-05
2.68647e-05
0.000184789
-4.97641e-05
2.3184e-05
0.000182167
-4.96299e-05
-3.7064e-05
-4.89841e-05
0.000265414
-2.64266e-05
0.000279735
1.56648e-05
-5.03899e-05
0.000274343
0.00028913
1.50508e-05
1.11311e-05
-1.26447e-05
6.42671e-05
0.000294012
6.93351e-05
-1.02575e-05
0.000282652
-8.06845e-06
0.000268058
0.000105511
1.15069e-05
9.53464e-06
6.45684e-05
0.000284512
0.000261167
-5.26591e-06
0.000105553
2.39361e-05
-1.88983e-05
0.000141653
0.000242807
2.98785e-05
0.000141324
0.000248122
-0.000157395
0.000157955
0.00015796
0.00017321
0.000173507
0.000178549
0.000173086
0.000178926
0.000171529
6.21243e-05
5.1059e-05
5.07088e-05
6.09727e-05
0.000256148
-0.000102593
1.92342e-05
0.000104328
0.000126641
-0.000236341
0.000217221
4.20132e-05
0.000133488
0.000236356
4.25367e-05
1.98837e-05
0.0001393
-6.67537e-05
0.000121783
7.65809e-05
6.87541e-05
-0.000135664
-5.86432e-05
0.000151121
0.000130926
0.000154188
0.000129625
7.87525e-05
-5.68819e-05
0.000123316
0.0001375
-0.000168726
0.000143588
7.01063e-05
0.000182624
-0.000127628
0.000137458
5.83807e-05
0.000150061
0.000155305
7.35701e-05
5.56664e-05
-0.000120129
0.000126052
0.000200357
0.000184595
-0.000151166
-0.000120357
7.77933e-05
0.000132117
0.000127447
-0.000116534
0.000130405
8.3086e-05
0.00010827
0.000114503
0.000139718
0.000124102
7.18683e-05
0.000117674
7.82943e-05
0.000100591
-0.000109508
-7.68422e-05
0.000125102
8.72142e-05
8.5679e-05
7.37059e-05
0.000104247
-6.44425e-05
8.18293e-05
8.31779e-05
8.02217e-05
-6.68383e-05
0.000120023
8.72568e-05
9.59705e-05
7.56058e-05
7.93564e-05
8.61982e-05
8.1694e-05
6.49232e-05
8.20506e-05
0.000109495
8.60346e-05
0.000100613
8.73016e-05
6.97969e-05
7.262e-05
-7.75962e-05
8.64421e-05
4.61605e-05
8.14317e-05
-6.71501e-05
-7.15684e-05
8.20113e-05
5.06547e-05
8.76096e-05
9.12048e-05
4.92283e-05
-6.84916e-05
4.75137e-05
-6.33797e-05
8.29152e-05
7.75482e-05
5.13567e-05
-5.00866e-05
6.38724e-05
8.88229e-05
3.86655e-05
7.55458e-05
4.64004e-05
8.284e-05
3.5633e-05
-8.33267e-05
-3.23115e-05
4.55448e-05
9.21685e-05
2.0529e-05
2.73652e-05
7.92422e-05
-7.01261e-05
1.96907e-05
-7.35287e-05
4.0301e-05
2.10649e-05
8.73837e-05
1.91755e-05
2.68279e-05
7.13476e-05
1.96138e-05
1.29072e-05
8.16678e-05
1.33744e-05
8.05551e-05
4.03812e-05
2.32543e-05
2.45545e-05
8.75639e-05
1.52568e-05
-8.78219e-06
-6.91583e-05
7.72973e-05
7.27662e-05
1.27148e-05
-6.34955e-05
-4.18476e-06
-6.22345e-08
8.13925e-05
-6.03999e-05
-8.14463e-06
6.52027e-05
3.61896e-06
-1.83497e-05
7.24234e-05
-1.23326e-05
7.74551e-05
7.32204e-05
3.3503e-06
5.92002e-06
-3.55203e-05
2.96202e-05
0.000211668
-5.77628e-05
-3.44778e-05
2.94905e-05
0.000168115
-6.33182e-05
0.000216681
-5.85615e-05
0.000170697
-6.35181e-05
4.33542e-05
-1.40591e-05
0.000333756
4.73614e-05
0.000205264
-7.89603e-05
4.4757e-05
0.000119923
-6.16109e-05
4.28613e-05
-9.02812e-05
0.0002734
3.49711e-05
-1.29744e-05
0.000320429
3.86549e-05
0.00020096
-7.85924e-05
3.82258e-05
0.000121235
-6.30034e-05
1.31281e-05
-7.2192e-05
6.57405e-05
0.000314645
6.47658e-05
0.000304866
0.000290281
0.000108032
0.000237695
0.000258166
0.00010845
0.000622306
1.16251e-05
5.47946e-05
0.000666559
1.97038e-05
5.28982e-05
0.000700914
2.52418e-05
3.66586e-05
0.000722455
2.89479e-05
5.9994e-06
0.000724393
3.4411e-05
-3.77885e-05
0.000696428
4.44386e-05
-8.94279e-05
0.000159715
0.000158987
5.79369e-05
0.000151473
0.000150919
-3.21494e-05
-3.69954e-05
-3.69608e-05
-3.20756e-05
-2.11664e-05
0.000163277
1.85328e-05
-4.30353e-05
0.00016469
-4.30813e-05
0.00012418
2.07671e-05
-3.67127e-05
-2.07458e-05
-0.000123822
1.82088e-05
0.000132712
-4.31332e-05
0.00013351
-4.31271e-05
-3.69569e-05
1.81743e-05
2.66665e-05
0.000148254
-5.21681e-05
0.000146759
2.32955e-05
-5.21264e-05
2.57671e-05
0.00011123
-4.27689e-05
2.27219e-05
0.000110764
-4.30256e-05
-3.34248e-05
0.000115356
2.9229e-05
-5.18786e-05
0.000115663
-5.13529e-05
-3.06663e-05
-3.90754e-05
2.72896e-05
8.78632e-05
-3.82098e-05
8.74247e-05
3.94038e-05
-4.22717e-05
8.26082e-05
-4.42259e-05
8.45086e-05
3.49181e-05
-4.78818e-05
4.48501e-05
0.000599346
-6.33514e-06
3.05218e-05
0.0006424
4.75955e-06
3.00377e-05
0.000671922
1.3597e-05
1.68722e-05
0.000683808
1.88855e-05
-7.75807e-06
0.000672196
2.32351e-05
-4.04303e-05
0.000631463
3.03116e-05
-7.5133e-05
0.000553527
4.11307e-05
-0.000101216
0.000116035
0.000116383
5.26977e-05
-0.00010863
0.000106257
0.000105993
6.20377e-05
-9.42225e-05
7.64497e-05
8.60879e-05
8.62782e-05
7.63026e-05
-2.0002e-05
0.000107218
1.75581e-05
-3.5681e-05
0.000107554
-3.54439e-05
6.51082e-05
-6.85423e-05
5.92272e-05
5.22979e-05
5.92328e-05
5.22915e-05
-2.21454e-05
3.47378e-05
1.97947e-05
-2.90192e-05
7.27942e-05
-3.42377e-05
2.39275e-05
8.81662e-05
-2.84681e-05
7.27818e-05
8.8162e-05
2.11816e-05
5.98813e-05
-4.48169e-05
3.46093e-05
3.92147e-05
3.90754e-05
3.46415e-05
-2.37081e-05
2.44383e-05
5.72116e-05
-2.15777e-05
2.46222e-05
1.97334e-05
-1.85232e-05
4.76293e-05
-1.76675e-05
4.73746e-05
2.20702e-05
5.7618e-05
2.78903e-05
-3.16359e-05
6.80759e-05
2.50675e-05
-3.24059e-05
6.84824e-05
-1.82088e-05
1.42348e-05
3.09342e-05
1.71364e-05
-1.31246e-05
2.15678e-05
3.64979e-05
3.05593e-05
2.00383e-05
3.70647e-05
-2.97066e-05
-2.43359e-05
2.72799e-05
5.24169e-05
2.28331e-05
2.55852e-05
-1.68664e-05
4.13319e-05
5.12671e-05
2.37753e-05
-1.79931e-05
4.20632e-05
-3.44696e-05
3.10972e-05
-3.41165e-05
6.02456e-05
-3.24346e-05
5.88524e-05
-2.39667e-05
2.29973e-05
3.22709e-05
3.10767e-05
-1.89388e-05
3.43632e-05
4.06478e-05
-2.84122e-05
2.17215e-05
2.70232e-05
-1.41739e-05
3.37552e-05
3.22365e-05
-1.22643e-05
3.21688e-05
4.32045e-05
3.73071e-05
-3.23838e-05
2.49266e-05
2.4024e-05
9.10897e-07
1.84453e-05
1.53967e-05
-2.93472e-06
1.9478e-05
7.22326e-06
2.15589e-05
1.31318e-05
-1.70875e-07
1.31658e-05
5.63656e-06
-1.90624e-05
1.75157e-05
-3.17487e-06
1.15552e-05
1.02928e-07
1.35395e-05
1.27676e-05
1.52276e-05
3.67521e-06
1.70907e-05
4.02987e-06
1.45377e-05
1.72987e-05
-2.39022e-05
2.14761e-05
1.35464e-05
8.63818e-06
-8.16841e-06
-2.47612e-05
9.91805e-06
1.31315e-05
-2.1434e-05
-4.41415e-06
1.10399e-05
1.84254e-05
1.24069e-05
2.74412e-05
1.31875e-05
2.76386e-05
1.75283e-05
8.42301e-06
1.89271e-05
2.21942e-05
1.53575e-05
-2.44579e-06
2.26859e-05
9.489e-06
6.30651e-06
-3.84416e-06
-1.12879e-05
1.0609e-05
1.363e-05
-6.84983e-06
-7.09285e-06
1.41496e-05
1.56429e-05
-1.23211e-05
1.19324e-05
-4.64453e-06
1.78581e-05
1.01632e-05
-7.66045e-06
1.03887e-05
9.36386e-06
1.76779e-05
2.71442e-05
-8.68153e-06
3.35181e-05
0.000139472
-5.67179e-05
0.000210632
0.000162468
-9.23635e-05
0.000179749
0.000200797
3.56222e-06
0.000205989
0.000109374
0.000199445
-0.000136157
0.000139122
-0.000140877
-7.16826e-05
0.000149481
0.000170116
-0.000161309
0.000172891
-0.000106358
0.00013306
-0.000143781
0.000157306
-0.000198267
0.000214256
-0.000158453
6.52869e-05
-6.71465e-05
0.000155994
-9.85058e-05
0.000121056
-0.000145789
5.74229e-05
-0.000101338
0.000234199
-0.000123999
3.32841e-05
-3.80857e-05
-6.10891e-05
2.43907e-05
-1.1855e-05
3.22184e-05
1.22926e-05
-1.33494e-05
-8.41615e-06
2.12017e-05
1.42522e-05
9.48199e-06
-2.03025e-05
1.98612e-05
-8.52052e-06
9.93593e-06
1.64158e-05
-1.6424e-05
1.07497e-05
-6.2225e-06
-4.14081e-05
-9.13709e-06
-3.24122e-05
1.10452e-05
-4.69756e-06
1.28172e-05
-5.09853e-05
-7.12169e-06
1.19263e-05
-4.1934e-05
1.44344e-05
-1.27452e-05
-1.6907e-05
-1.07722e-05
-2.40956e-05
1.29797e-05
-1.28832e-05
1.4524e-05
-1.73564e-05
-1.25133e-06
5.92518e-05
-5.78846e-05
1.19316e-05
3.54443e-05
-6.44764e-06
-3.00416e-05
1.22963e-05
-4.13934e-05
-5.24643e-05
2.86028e-05
4.0299e-05
-4.63469e-06
-1.78875e-06
1.17708e-05
1.23967e-05
-1.68351e-05
-8.89953e-06
1.63477e-05
1.27402e-05
-2.49621e-05
-3.32511e-07
2.30901e-05
-2.05825e-05
1.81392e-05
-3.36343e-05
2.81602e-05
-2.50312e-05
-1.24326e-05
1.81931e-05
-5.33823e-05
7.47507e-05
-7.72602e-05
3.65654e-05
-4.63586e-05
-2.9148e-05
3.04877e-05
5.54316e-05
0.000368993
5.90756e-05
0.000333097
-2.48247e-06
0.000388654
-6.40116e-05
0.000570317
4.35308e-05
6.06878e-05
1.45332e-05
0.000354294
0.000134102
-3.97392e-05
0.000327017
0.000190509
-0.000105829
0.000240303
0.000273236
4.48994e-05
-6.94702e-05
0.000352327
4.57395e-05
1.16689e-05
0.000385466
0.000144613
-4.0591e-05
0.000361711
0.000178024
-0.000108985
0.000251107
0.000308666
-0.000117426
-2.42317e-05
0.000115326
0.000305227
-0.00015083
0.000152976
-8.29212e-05
0.000268733
-0.000262159
0.000262328
3.2935e-05
0.000205585
-0.00017818
0.000181575
-0.000126095
0.000141103
0.00023598
-2.72693e-05
0.000279674
-8.2962e-05
0.000244523
2.32953e-05
0.000184435
-0.000122618
0.000133743
0.000213091
-5.85541e-05
0.000143461
0.00023003
0.000169622
-9.73951e-05
0.000197157
0.000220148
1.13912e-05
0.000213737
0.000116327
0.000210556
-0.000145379
0.000153724
0.000128201
0.000109076
0.000142911
-0.000102212
6.59503e-05
0.000150413
-0.00014222
-1.9883e-05
0.000140275
0.000118785
0.000158154
-0.000111382
7.33452e-05
0.000168727
-0.000156122
-1.81915e-05
-0.000102708
0.000117074
7.43992e-05
-0.000103568
0.000120393
-0.000110519
2.3247e-05
-0.000105776
0.00012702
-0.000143887
-0.000139171
6.76299e-05
-0.000100977
1.89262e-05
-0.000130174
-0.000129099
6.68312e-05
3.15866e-05
5.59427e-05
-9.48725e-05
-1.52071e-05
1.99089e-05
-8.80472e-05
-3.59619e-05
8.21443e-05
3.67524e-05
7.19741e-05
-0.000105205
-1.35034e-05
3.42537e-05
-9.65142e-05
-3.78455e-05
-2.69788e-05
4.18357e-05
7.41454e-06
-1.1904e-05
2.65427e-05
-8.39659e-05
-2.73325e-05
1.54372e-05
-8.56348e-06
-4.10808e-05
4.06404e-06
-7.48026e-05
-2.63648e-05
-3.66544e-05
-1.18454e-05
-6.95356e-06
-1.54074e-05
-5.77721e-05
2.26728e-06
-5.00791e-06
-6.78529e-06
-6.42504e-05
9.23198e-05
0.000535468
6.97334e-05
7.16316e-05
0.000402352
3.9802e-05
0.000115358
0.000597246
6.00794e-05
0.000115292
0.000476382
8.05292e-05
6.91148e-05
0.000314977
3.90827e-05
0.000127917
0.00065532
5.07065e-05
0.000153998
0.000541551
6.25426e-05
0.000125023
0.000388945
7.2279e-05
4.60176e-05
5.1316e-05
5.18585e-05
5.77426e-05
5.72657e-05
3.75795e-05
0.000125008
0.000717197
4.1749e-05
0.000188208
0.00060641
4.50476e-05
0.000185137
0.000454989
4.71078e-05
0.000112887
6.85028e-05
7.33757e-05
6.86126e-05
7.33239e-05
7.18944e-06
-6.10619e-06
3.84707e-05
-5.4744e-06
1.12726e-05
3.87322e-05
7.40763e-06
8.00472e-07
4.54853e-05
1.16998e-05
1.40141e-06
4.56408e-05
3.83177e-05
9.63527e-05
0.000785725
3.37148e-05
0.000214775
0.000681327
2.7396e-05
0.000249551
0.000522729
2.08203e-05
0.000195405
8.78726e-05
8.39407e-05
8.82317e-05
8.35983e-05
8.98892e-07
1.04972e-05
3.57408e-06
5.44701e-05
-1.07355e-05
-6.14714e-07
1.99076e-05
6.04096e-05
5.48401e-05
3.9711e-06
1.965e-05
5.99864e-05
-1.87617e-06
-1.35046e-05
2.75481e-05
-1.36135e-05
2.6221e-06
2.74555e-05
1.80888e-06
2.83856e-06
-6.29131e-06
3.35902e-05
-6.14559e-06
3.38046e-05
4.20057e-05
3.485e-05
0.000855989
2.83301e-05
0.000229066
0.000771328
1.00342e-05
0.000316903
0.000603432
-7.5933e-06
0.000291949
9.97734e-05
0.000103556
0.000104403
9.89472e-05
-3.35947e-05
-9.76534e-06
4.46921e-05
7.43721e-05
9.7125e-06
3.24593e-05
-4.83847e-06
6.85057e-05
6.94509e-05
-4.71167e-06
4.35972e-05
7.33777e-05
4.98532e-06
-1.13293e-05
4.20461e-05
1.14493e-05
-3.82804e-06
-6.29072e-06
1.39198e-05
4.60281e-05
1.51034e-05
4.68451e-05
-6.4065e-06
4.13045e-05
-1.22879e-05
-2.07711e-05
1.78356e-05
-2.17743e-05
-7.37516e-06
1.7374e-05
-1.25298e-05
-1.35568e-05
2.26162e-05
-7.40913e-06
-1.46285e-05
2.20954e-05
0.000618757
1.83762e-05
8.12507e-05
0.000670885
2.51045e-05
8.41416e-05
0.000718145
2.94147e-05
7.03323e-05
0.000759767
3.18965e-05
3.65974e-05
0.000786704
3.62274e-05
-1.74195e-05
0.000787427
4.51538e-05
-2.25264e-05
-2.45302e-05
-2.2556e-05
-2.4595e-05
0.000212281
-1.4553e-05
-4.18077e-06
1.28368e-05
1.27603e-05
-0.000213841
4.29733e-06
0.000228113
1.1265e-05
4.17097e-06
0.000225927
-3.87274e-06
2.91174e-05
4.2954e-05
4.30731e-05
0.000877284
6.62424e-05
6.62744e-05
-5.26489e-06
0.00038528
0.000702435
-3.86082e-05
0.000400566
0.000122963
0.000118711
0.000124299
0.000117447
5.98159e-05
2.02282e-05
-1.46533e-05
8.29247e-05
-2.06663e-05
-6.17288e-05
7.43955e-05
8.96678e-05
-1.48932e-05
7.26474e-05
8.8103e-05
8.44274e-05
-2.84619e-05
2.33146e-05
-1.73198e-05
4.07641e-05
5.76712e-05
-2.26604e-05
3.0639e-05
5.47982e-05
-1.69705e-05
5.35692e-05
4.29059e-05
5.89728e-05
2.39295e-05
-2.81528e-06
-1.82029e-05
2.82706e-05
6.30651e-07
-2.47365e-05
9.64615e-06
3.25901e-05
2.9142e-05
-1.86606e-05
7.44576e-06
3.16803e-05
-2.40497e-05
-2.8928e-05
8.61479e-06
-3.09521e-05
-1.85369e-05
8.15312e-06
2.49606e-05
-1.90653e-05
-2.40969e-05
1.06569e-05
-2.20129e-05
1.11136e-05
1.48484e-05
0.000214847
-1.91903e-05
1.31433e-05
0.000212875
-1.91134e-05
0.000174284
1.66138e-05
-3.46514e-05
1.59397e-05
0.000189571
-3.75427e-05
0.000173311
-3.4638e-05
1.44836e-05
1.39532e-05
0.000188144
-3.73599e-05
1.55324e-05
-1.55068e-05
0.00023941
-1.21327e-05
0.000243489
1.12057e-05
3.1959e-05
0.000247004
3.24188e-05
-1.80011e-05
0.000101587
0.000125124
0.000101457
0.000125373
0.000821504
5.62699e-06
0.000247427
6.69657e-05
5.80662e-06
0.000243746
6.65098e-05
-7.20765e-05
0.000519842
0.000141866
0.000146773
0.000148388
0.000140297
-3.38641e-05
-9.45401e-05
0.00010869
0.0001082
9.19959e-05
3.30888e-05
-2.64427e-05
0.000100082
-2.70246e-05
0.000106554
0.00010625
0.000101948
6.23416e-05
-3.71697e-05
6.75641e-05
3.83863e-05
-5.92449e-05
-3.114e-05
7.35231e-05
7.04105e-05
7.64794e-05
7.20493e-05
-3.02937e-05
6.60192e-05
-2.74298e-05
-4.08752e-05
4.00873e-05
4.15507e-05
3.93023e-05
2.41597e-05
-3.22046e-05
3.75056e-05
3.86065e-05
-3.33452e-05
3.68667e-05
4.03969e-05
-3.96441e-05
-7.25847e-06
1.47904e-05
1.04741e-05
4.14511e-05
-3.38473e-05
-2.41216e-07
1.58938e-05
-3.25255e-05
1.42119e-05
2.96459e-06
1.64968e-05
-3.24799e-05
-3.57155e-05
-3.83675e-05
-2.66362e-05
-3.43114e-05
-3.04058e-05
-2.79266e-05
-3.30226e-05
-1.94437e-05
1.69552e-05
0.000212883
-3.81584e-05
0.000215691
-3.85929e-05
-2.01708e-05
1.76513e-05
0.00017744
-4.91489e-05
0.00017967
-4.94264e-05
-0.000207117
2.25906e-05
-2.74951e-05
-8.27527e-05
0.000245906
1.95026e-05
-2.29675e-05
-9.86116e-06
0.000287549
1.76561e-05
-4.52337e-05
0.000247336
1.33296e-05
0.000260265
1.65337e-05
2.50226e-05
-5.6906e-05
-0.000202895
1.90154e-05
-8.08572e-05
0.000239766
1.7186e-05
-8.94069e-06
0.000280041
2.1404e-05
-5.60591e-05
7.97233e-06
6.47516e-05
0.000275851
7.01135e-06
6.46962e-05
0.000269068
4.41318e-06
0.000248652
-3.00564e-06
0.000105116
-0.000254216
-1.55317e-05
0.000141011
0.000236579
0.000105153
-1.24237e-05
0.000140822
0.00023136
-0.000109226
0.000155613
0.000155474
0.000170722
0.000171063
0.000172833
0.000168932
0.00017476
0.000167492
0.000128856
4.90755e-05
-4.07871e-05
0.000120464
-5.01266e-05
-0.000131774
0.00014745
0.000129314
-4.16278e-05
0.000145277
0.00012761
0.000121971
5.75137e-05
-9.5666e-05
-4.85276e-05
0.000111946
8.54462e-05
9.9591e-05
-5.57254e-05
8.13204e-05
0.000115615
8.66666e-05
-4.72407e-05
8.01649e-05
5.94916e-05
5.79115e-05
-5.06967e-05
4.6426e-05
-6.22431e-05
-6.19258e-05
7.71027e-05
5.03991e-05
4.72578e-05
-5.25619e-05
7.28418e-05
4.95338e-05
6.36432e-05
-1.84122e-05
-5.40163e-05
3.12012e-05
2.03391e-05
2.26634e-05
-6.08479e-05
1.94802e-05
3.54748e-05
2.08459e-05
-5.17874e-05
1.89861e-05
-2.00573e-05
5.17486e-05
-4.35748e-05
-5.4352e-05
1.66023e-05
-8.12739e-06
-4.56847e-05
-1.15891e-05
2.54442e-05
0.000165409
-6.28729e-05
2.21178e-05
0.000162711
-6.22553e-05
-3.38111e-05
-8.4495e-05
0.000253495
-2.82873e-05
0.000296459
-1.00606e-05
-8.70551e-05
0.000262396
0.000307412
-1.13345e-05
1.14354e-05
-1.3509e-05
5.89719e-05
0.000314781
-6.55921e-06
0.000286601
9.37654e-06
0.000110105
0.000275209
0.000106102
1.71756e-05
9.41059e-06
5.95049e-05
0.000303547
0.000277595
-4.76774e-06
0.000110678
2.33474e-05
-1.86922e-05
0.000156886
0.000257707
3.9988e-05
0.000221462
-3.23005e-05
0.000171613
4.16347e-05
0.000142676
0.000254265
2.98309e-05
0.000156271
0.000265171
0.000225456
4.90156e-05
0.000171597
-5.45652e-05
6.50224e-05
0.000193186
0.000195023
-4.51916e-05
0.000190899
0.000194697
-7.11295e-05
-0.000173038
0.000192074
0.000147925
8.2717e-05
0.000170583
7.02339e-05
-5.88467e-05
0.000142236
-5.98809e-05
0.000190048
0.000148213
0.000140994
8.192e-05
-0.000213337
-0.000163493
0.000178756
0.000181132
7.90655e-05
0.000147565
0.000197442
6.07304e-05
0.000159027
6.22667e-05
0.000168139
7.68433e-05
0.000131705
0.000217337
0.000137474
0.000236379
0.000142288
-7.98317e-05
9.29948e-05
9.14343e-05
0.000145019
0.000117303
8.82516e-05
8.22045e-05
-0.000137577
-7.05882e-05
0.000156013
0.000100873
0.000160234
9.92269e-05
9.46561e-05
0.000160336
0.000126432
9.23086e-05
-6.88625e-05
9.47928e-05
0.00014403
-0.00016379
8.3788e-05
0.000138195
0.000177897
-0.000133427
0.000142584
8.92399e-05
0.000156203
0.000150054
-0.000123303
9.56703e-05
0.000137296
0.000100869
-0.000115724
0.000131428
9.87182e-05
8.10621e-05
8.8919e-05
9.32416e-05
9.32386e-05
7.54197e-05
-0.000103755
-8.87692e-05
0.000120766
0.000100581
5.68561e-05
8.52694e-05
9.82198e-05
-7.45411e-05
5.48924e-05
9.60925e-05
5.32537e-05
-7.72083e-05
0.000115331
5.85847e-05
9.21154e-05
9.02657e-05
5.62175e-05
7.84651e-05
9.49164e-05
4.18563e-05
9.75746e-05
0.000106963
6.0914e-05
9.37829e-05
0.000100871
4.48125e-05
5.99045e-05
-8.74615e-05
9.70706e-05
2.21918e-05
9.14353e-05
-5.44707e-05
-8.01801e-05
6.96517e-05
2.42184e-05
7.5209e-05
0.000101836
2.3523e-05
-7.69318e-05
2.28145e-05
-5.44037e-05
9.63523e-05
6.893e-05
2.93009e-05
-3.72913e-05
5.09905e-05
9.87966e-05
1.83382e-05
8.86781e-05
2.65398e-05
9.32758e-05
1.70042e-05
-8.01047e-05
-9.89254e-06
2.07052e-05
8.98211e-05
5.62542e-06
7.65525e-05
-6.6672e-05
-6.9689e-05
1.62745e-05
8.57733e-05
1.53611e-05
8.12558e-05
8.01499e-06
-4.6941e-06
8.30332e-05
8.85618e-05
2.79582e-05
9.65933e-06
4.28726e-06
8.7668e-05
-1.58473e-05
7.11871e-05
7.67602e-05
-9.23246e-06
-3.21359e-05
2.71675e-05
0.000191723
-7.64023e-05
-3.28977e-05
2.85235e-05
0.00011953
-6.31179e-05
0.000196255
-7.76009e-05
0.000120822
-6.33492e-05
1.49137e-05
5.77733e-05
0.000341342
3.93561e-05
-5.07688e-05
-0.000229796
4.13888e-05
0.000354517
3.61125e-05
-6.64911e-05
0.000335703
5.88256e-05
0.000327774
0.00012461
-7.52667e-05
3.683e-05
-5.2264e-05
7.86271e-05
3.44981e-05
-1.45783e-05
-0.000108492
0.000109996
0.000303488
0.000295896
0.00010987
0.000280145
0.000609516
-4.91392e-06
5.02902e-05
0.000659527
6.2986e-06
5.10731e-05
0.000698119
1.50637e-05
3.68801e-05
0.000722169
2.0204e-05
7.04159e-06
0.000725135
2.47341e-05
-3.72628e-05
0.000695541
3.17906e-05
-8.92187e-05
0.000158241
0.000158773
4.25099e-05
0.000150157
0.000150494
-3.21649e-05
-3.68817e-05
-3.21396e-05
-3.69545e-05
1.62201e-05
0.00016211
-4.29762e-05
0.000161122
1.41936e-05
-4.28142e-05
0.000123258
-1.59824e-05
-3.7166e-05
1.37764e-05
1.59233e-05
-0.000123605
0.000132017
-4.31225e-05
1.38285e-05
0.000131409
-4.30169e-05
-3.71052e-05
-2.04039e-05
0.000143929
1.78891e-05
-5.17375e-05
0.000145291
-5.19699e-05
-2.00403e-05
1.75986e-05
0.00010958
-4.30539e-05
0.000110226
-4.31177e-05
2.56493e-05
0.000114625
-5.19832e-05
0.000113577
2.25392e-05
-5.1829e-05
2.42884e-05
-3.95449e-05
8.79434e-05
-3.97667e-05
2.1534e-05
8.76575e-05
-3.09469e-05
-4.58078e-05
8.53352e-05
2.74041e-05
-4.52818e-05
8.53249e-05
0.000574616
-2.58446e-05
2.445e-05
0.000626944
-1.39185e-05
2.59613e-05
0.000663198
-2.38005e-06
1.59335e-05
0.00068012
5.81423e-06
-6.96239e-06
0.000671831
1.12902e-05
-3.92207e-05
0.000632312
1.77581e-05
-7.42514e-05
0.000554216
2.71337e-05
-0.000101024
0.000116274
0.000115991
3.7503e-05
-0.000109066
0.000105908
0.000106155
4.65398e-05
-9.55527e-05
7.60923e-05
8.61522e-05
8.59184e-05
7.62869e-05
1.53988e-05
0.000106988
-3.56772e-05
0.000106654
1.32871e-05
-3.57151e-05
5.08505e-05
-7.08321e-05
5.92634e-05
5.20922e-05
5.91018e-05
5.22464e-05
3.49776e-05
1.75838e-05
-2.90869e-05
7.27698e-05
-1.88579e-05
-3.51259e-05
8.78536e-05
1.65372e-05
8.81355e-05
1.55181e-05
-2.93075e-05
7.255e-05
4.85069e-05
-4.76732e-05
3.44555e-05
3.92722e-05
3.45826e-05
3.91868e-05
-2.00242e-05
-2.55114e-05
1.78863e-05
5.78573e-05
2.50979e-05
1.78628e-05
-1.87102e-05
4.77808e-05
5.79085e-05
1.61188e-05
-1.91568e-05
4.76809e-05
-2.24777e-05
2.00657e-05
-3.30082e-05
6.84478e-05
-3.27959e-05
6.86226e-05
2.45784e-05
2.12366e-05
4.00271e-05
1.46787e-05
1.58256e-05
3.11595e-05
-1.86272e-05
-1.5243e-05
1.70005e-05
3.75611e-05
3.74977e-05
-1.05299e-05
1.46506e-05
3.11033e-05
-2.52449e-05
2.49196e-05
5.31809e-05
-2.19154e-05
2.59012e-05
2.00404e-05
-1.90545e-05
4.26574e-05
-1.85654e-05
4.2555e-05
2.25944e-05
5.34385e-05
2.80122e-05
-3.50722e-05
6.09512e-05
2.51536e-05
-3.5551e-05
6.10842e-05
2.18391e-05
3.31966e-05
2.04905e-05
3.36078e-05
-2.97824e-05
-2.49786e-05
2.73123e-05
4.57491e-05
2.36504e-05
2.543e-05
-1.55102e-05
3.47849e-05
4.48693e-05
2.36761e-05
-1.64444e-05
3.52828e-05
-3.37415e-05
4.73113e-05
3.03793e-05
-3.59677e-05
-3.47094e-05
-2.35942e-05
2.27014e-05
2.74129e-05
2.64654e-05
2.05228e-05
2.58859e-05
-1.04714e-05
3.12273e-05
1.84293e-05
2.21618e-06
-3.75078e-08
1.42341e-05
1.22425e-05
3.44251e-06
5.23862e-06
1.08305e-05
6.96753e-06
2.91627e-05
5.78901e-06
-1.86874e-05
1.71421e-05
1.0754e-05
1.82044e-05
9.2494e-06
2.25896e-05
1.52296e-05
-2.3764e-06
9.83963e-06
2.26628e-05
1.73704e-05
4.21543e-06
1.77904e-05
1.39705e-05
-2.51495e-06
1.50672e-05
-2.36714e-05
8.94493e-06
2.13959e-05
1.2666e-05
1.34136e-05
1.62758e-05
2.76365e-05
-8.56104e-06
1.20696e-05
1.02666e-05
3.21743e-06
1.81252e-05
2.23834e-05
8.98585e-06
6.37526e-06
-3.93676e-06
1.00151e-05
-8.08885e-06
1.33792e-05
1.5825e-05
-1.26955e-05
1.13412e-05
-1.7609e-05
-9.91638e-06
3.17839e-05
-3.72846e-06
1.03189e-05
9.06179e-06
0.000157766
-7.56048e-05
0.000185588
0.000184285
-0.000113763
0.00014596
0.00016888
0.000230214
-0.000170596
7.34317e-05
-0.000152109
0.000163882
0.000141224
-0.000173027
0.000187865
-0.000129744
8.95131e-05
-0.000186526
0.000204266
-0.000183972
-1.61913e-05
0.000129443
-0.000120768
8.11619e-05
-0.000170253
-1.6961e-05
-0.000100212
2.83094e-05
-3.69829e-05
-6.16989e-05
2.2861e-05
-1.19071e-05
1.29892e-05
-1.34653e-05
-9.16165e-06
2.21958e-05
1.46834e-05
-2.08513e-05
1.95734e-05
1.21148e-05
-9.0088e-06
-3.34689e-05
-5.63711e-06
1.19368e-05
-5.13671e-05
-7.57406e-06
1.21924e-05
-4.36774e-05
-8.57253e-06
1.30368e-05
-3.42834e-05
1.62803e-05
-1.69034e-05
-8.94495e-06
-1.33874e-05
1.43013e-05
-1.80594e-05
-1.07764e-05
-2.48941e-05
1.29714e-05
-1.67203e-05
1.62993e-05
-9.22763e-06
-1.51258e-06
5.94144e-05
-5.76752e-05
1.1705e-05
3.56836e-05
-6.24766e-06
-3.0704e-05
1.20516e-05
-4.23894e-05
-5.62543e-05
3.34173e-05
3.69636e-05
-4.20483e-05
-5.37875e-05
-5.02754e-06
-1.32312e-06
1.14156e-05
1.05292e-05
1.353e-05
-2.54946e-05
-6.23767e-07
2.22131e-05
-2.09916e-05
1.75365e-05
-3.47232e-05
2.62737e-05
-2.53168e-05
-1.13156e-05
1.78427e-05
-5.40426e-05
3.22695e-05
-2.94963e-05
2.7936e-05
4.5419e-05
0.000313179
-2.11136e-06
0.000378466
-5.36062e-05
0.000522862
-9.4649e-05
0.000208419
0.000279969
0.000354602
0.000121739
-2.17668e-05
0.000329909
0.000163061
-7.91522e-05
0.000290255
0.000261552
2.32741e-05
0.000217805
0.00018373
-0.00012561
0.000142901
0.00025379
1.17288e-05
4.48698e-05
0.00036517
0.000143636
-2.70516e-05
0.00035003
0.000175584
-7.94938e-05
0.000319697
0.000242879
2.61086e-05
0.000243671
0.000183264
-0.000128316
0.000152535
0.000284913
-0.000148133
-5.72917e-05
0.000154644
0.000273085
-0.000176523
0.000183882
-0.000101385
0.000236663
-0.000236923
0.000256725
1.31338e-05
-0.000219827
0.000223087
0.000135746
-0.000221873
0.000234844
-0.000158908
0.00018549
-5.87099e-05
0.00025075
-0.000100661
0.000215665
6.52008e-06
0.000126926
-0.000153349
0.000168538
-7.86233e-05
0.000166319
0.000202705
0.000196051
-0.000120011
0.000160024
0.000181319
0.000247226
-0.000181756
8.19653e-05
0.000131502
8.13564e-05
0.000137244
-0.000120313
2.71917e-05
0.000148822
-0.000157353
-0.00014892
0.00014585
8.87245e-05
0.000153926
-0.000130478
3.10195e-05
0.000170161
-0.000171311
-0.000159469
-9.75997e-05
0.000113234
4.58201e-05
-8.82608e-05
0.000104659
-0.000125294
-1.17446e-05
-4.94133e-05
6.50275e-05
-0.000113073
-4.17121e-05
4.14637e-05
-0.000115167
-1.23677e-05
-0.000104578
-3.96802e-05
5.69113e-05
1.03166e-05
4.1992e-05
-9.14687e-05
-2.72349e-05
4.48517e-08
-4.45702e-05
7.2271e-05
1.25401e-05
5.80039e-05
-9.85641e-05
-2.74654e-05
9.6406e-06
-4.74412e-05
-1.57633e-05
2.92895e-05
-1.51572e-06
-1.85206e-06
1.0179e-05
-7.67401e-05
-2.9787e-06
-7.16565e-05
-1.49148e-05
-7.4128e-06
1.53105e-05
1.46617e-05
7.78258e-05
0.000407268
1.85426e-05
1.83434e-05
3.50728e-05
0.000117386
0.00059842
6.48255e-05
0.000121181
0.000481172
9.39131e-05
7.81706e-05
0.000323314
3.81198e-05
0.000129315
0.00065789
5.97901e-05
0.000158457
0.000544998
8.14507e-05
0.000132675
0.000393913
9.91752e-05
5.67661e-05
5.28385e-05
5.36321e-05
5.86732e-05
5.9447e-05
3.81162e-05
0.00012648
0.000719046
5.25688e-05
0.000190767
0.000607731
6.60377e-05
0.000189196
0.000456388
7.70194e-05
0.000119121
6.93335e-05
7.36466e-05
6.88749e-05
7.4075e-05
1.54374e-05
-4.37665e-06
3.92617e-05
-3.04268e-06
1.95561e-05
3.98325e-05
-1.60647e-05
2.042e-05
3.78475e-06
4.65599e-05
2.46091e-06
4.60631e-05
3.71111e-05
0.000101578
0.000784403
4.41896e-05
0.000215578
0.000679352
4.90103e-05
0.000250111
0.000519822
5.21245e-05
0.000195784
8.72768e-05
8.30953e-05
8.30608e-05
8.73537e-05
7.94506e-06
1.0692e-05
5.42403e-05
-1.12817e-05
-8.5047e-06
1.30918e-05
2.03539e-05
5.97164e-05
1.23856e-05
5.42918e-05
1.98047e-05
5.96775e-05
7.10054e-06
-1.3255e-05
2.7527e-05
-1.24724e-05
1.15714e-05
2.77883e-05
7.50564e-06
-5.96167e-06
3.35249e-05
1.22e-05
-5.20682e-06
3.36809e-05
4.02925e-05
3.43674e-05
0.000850403
3.64921e-05
0.000228154
0.000764183
3.10653e-05
0.000314867
0.00059498
2.47017e-05
0.000287629
9.70896e-05
0.000102026
9.74729e-05
0.000101622
-7.00328e-08
-3.14318e-05
5.00613e-06
4.25697e-05
7.17986e-05
3.17225e-05
-2.40428e-07
6.75278e-05
4.2851e-05
7.23214e-05
4.51731e-06
6.70587e-05
1.55558e-06
2.98448e-06
3.28391e-06
4.03548e-05
-3.17589e-06
-1.25714e-06
1.323e-05
4.5322e-05
4.06677e-05
3.78748e-06
1.29978e-05
4.49284e-05
-2.55566e-06
-2.22626e-05
1.70832e-05
-2.22976e-05
2.231e-06
1.70212e-05
2.39696e-06
2.60206e-06
-1.52408e-05
2.15344e-05
-1.51707e-05
2.17005e-05
-1.27497e-05
4.36195e-05
-1.98849e-05
-1.95464e-05
-1.88319e-05
-1.89041e-05
0.000228067
0.000229418
0.000224005
0.00022433
3.23556e-05
4.3835e-05
4.37379e-05
0.000861733
6.6182e-05
6.63284e-05
1.38992e-05
0.000381939
0.000687128
-5.12776e-06
0.00039322
0.000120368
0.00011398
0.000114897
0.000119435
5.82648e-05
-9.66787e-06
8.12152e-05
9.6816e-06
-5.71648e-05
-4.28435e-06
7.02209e-05
8.51026e-05
7.11789e-05
8.6277e-05
-4.41558e-06
8.01273e-05
-2.67901e-05
-1.16138e-05
3.91217e-05
5.63345e-05
1.1521e-05
2.56002e-05
-6.13052e-06
5.14348e-05
5.23147e-05
-5.99043e-06
3.79629e-05
5.53917e-05
-4.45219e-06
-1.27049e-05
2.74435e-05
1.28589e-05
5.56517e-06
-7.22729e-06
4.64982e-06
3.01815e-05
5.79005e-06
3.08012e-05
-7.33792e-06
2.68742e-05
-1.32358e-05
-3.23779e-05
7.73095e-06
-3.3291e-05
-8.08472e-06
7.48742e-06
-1.3448e-05
-2.55944e-05
1.02153e-05
-8.02385e-06
-2.656e-05
9.94027e-06
0.000612846
9.68937e-07
7.93556e-05
0.000669296
1.22822e-05
8.43033e-05
0.000719281
2.03801e-05
7.20138e-05
0.000761575
2.47293e-05
3.80937e-05
0.000788429
2.80198e-05
-1.84889e-05
0.000784181
3.30638e-05
-2.2538e-05
-2.44917e-05
-2.24705e-05
-2.44696e-05
0.000172059
-1.26823e-05
-3.45384e-05
1.08766e-05
-1.23045e-05
0.00018615
1.08331e-05
-3.71494e-05
0.000172645
-3.46263e-05
0.000186973
-3.72749e-05
1.37949e-05
-1.53989e-05
0.00023628
1.03063e-05
0.000240293
3.16736e-05
-1.52936e-05
0.000233385
0.000237593
9.91455e-06
3.17996e-05
-9.48311e-07
0.000100654
0.000124248
0.000124109
0.000100675
0.000795826
-6.16617e-06
6.74272e-06
0.000237188
6.60707e-05
0.000240072
6.61354e-05
-3.65489e-05
0.000511264
0.000135234
0.000142925
0.000141422
0.000136629
2.10665e-05
-8.81529e-05
-1.49315e-05
0.0001031
0.000101881
8.98184e-05
-2.07972e-05
9.76423e-05
0.000104486
0.000103673
-1.4783e-05
9.59277e-05
5.45832e-05
2.38494e-05
-1.75755e-05
6.28316e-05
-2.43795e-05
-5.66686e-05
7.10755e-05
6.85004e-05
-1.78482e-05
6.91396e-05
6.70153e-05
6.42205e-05
-1.92497e-05
2.62617e-05
-1.95018e-05
3.20451e-05
3.81159e-05
-2.5503e-05
2.14359e-05
3.63068e-05
-1.90824e-05
3.53446e-05
3.41926e-05
3.91327e-05
2.58597e-05
-1.52363e-05
-1.95663e-05
1.31166e-05
1.31335e-05
-2.6743e-05
-2.90142e-06
1.52538e-05
1.35968e-05
-2.0056e-05
-4.99936e-06
1.47563e-05
-2.12442e-05
-4.03425e-05
-4.19335e-05
-1.62596e-05
2.20775e-05
-1.66845e-05
-3.66696e-05
-3.50779e-05
1.48711e-05
0.000210379
-3.79139e-05
1.32583e-05
0.000208291
-3.76472e-05
1.54921e-05
0.00017561
-4.88835e-05
1.36176e-05
0.000174172
-4.85356e-05
1.58012e-05
-4.43556e-05
0.000243586
0.000256243
1.20843e-05
1.63715e-05
-2.06207e-06
0.00024367
0.000104399
-0.000239623
9.8252e-06
-7.04075e-06
0.000139627
0.000222335
-4.69501e-07
0.000103988
0.000140048
0.000226397
-6.94732e-05
0.000153644
0.000153942
0.000169016
0.000168753
0.000167744
0.000160527
0.000165489
0.000162478
6.52739e-06
0.000263727
6.3988e-05
6.45035e-06
0.000259284
6.35463e-05
0.000126172
-3.40878e-05
0.000117685
3.44947e-05
-0.000124145
-2.72314e-05
0.000141458
0.000122196
0.000142897
0.000124529
-2.69126e-05
0.00011553
-4.02444e-05
-9.23141e-05
0.000108859
8.33722e-05
8.95348e-05
3.93551e-05
-3.17587e-05
7.64744e-05
-3.23533e-05
0.000106371
8.15221e-05
7.82276e-05
5.41777e-05
-4.23507e-05
4.51278e-05
4.3734e-05
-5.10178e-05
-3.53576e-05
6.61875e-05
4.68643e-05
6.92402e-05
4.8159e-05
-3.43787e-05
4.38961e-05
-1.46761e-05
-4.48954e-05
2.74777e-05
1.96282e-05
4.32059e-05
1.14769e-05
-3.51145e-05
1.76961e-05
1.83134e-05
-3.63369e-05
2.43347e-05
1.89805e-05
-3.60573e-05
-2.3133e-05
2.57088e-05
3.7691e-05
-3.03378e-05
-1.71682e-05
-2.91592e-05
-1.46298e-05
-1.86188e-05
1.63634e-05
0.000196113
-5.45768e-05
0.000199138
-5.52749e-05
-1.93526e-05
1.69981e-05
0.000158131
-6.0996e-05
0.000160244
-6.16146e-05
-0.000187552
2.34511e-05
-2.74188e-05
-0.000214428
0.000323195
2.0821e-05
-2.45958e-05
-5.93871e-05
0.000299207
8.23406e-06
5.93482e-05
0.000294129
1.67341e-05
-7.88348e-05
0.00023502
1.49454e-05
0.000273816
-7.70587e-06
2.32508e-05
-7.51318e-05
-0.000183698
2.05023e-05
-0.000210058
0.000315848
1.81072e-05
-5.77908e-05
0.00029133
7.60619e-06
5.91294e-05
0.000286236
2.01298e-05
-7.39254e-05
-3.81767e-06
0.000269498
0.000110557
0.000262767
-2.80118e-06
0.000110401
-1.53989e-05
0.000156687
0.000250529
-2.70564e-05
0.000216356
0.000170592
-1.25105e-05
0.000156534
0.000244166
0.000211541
-2.20163e-05
0.000170254
3.79438e-05
-3.12094e-05
0.000182388
0.00019314
0.000186613
0.000193558
5.07329e-05
-0.000165847
-4.17306e-05
0.00018673
0.000142948
0.000167828
-5.03096e-05
0.000140017
0.000187937
0.000145503
-4.12905e-05
0.000137903
0.000130246
5.88896e-05
-4.94252e-05
9.26995e-05
-6.00967e-05
-0.000133549
0.000152435
9.9936e-05
-5.02179e-05
0.000149603
9.83737e-05
9.40644e-05
6.61835e-05
-8.93138e-05
-5.56989e-05
0.00010693
5.73453e-05
9.34137e-05
-6.41769e-05
5.46452e-05
0.000110757
5.82984e-05
-5.42264e-05
5.37424e-05
6.63718e-05
4.53296e-05
-5.61327e-05
2.20586e-05
-4.9588e-05
-6.89646e-05
6.47872e-05
2.39844e-05
2.25847e-05
-5.81341e-05
6.05828e-05
2.34502e-05
5.94554e-05
1.81237e-06
-4.97351e-05
8.8064e-06
1.65445e-06
-5.69736e-05
1.22669e-05
-4.77642e-05
2.49223e-05
0.000117895
-6.25418e-05
2.19026e-05
0.000116178
-6.18364e-05
-3.2904e-05
-0.000219084
0.000331797
-2.95658e-05
0.000309182
-6.07773e-05
-0.000224295
0.00034198
0.000320881
-6.32728e-05
8.13778e-06
-1.00625e-05
4.87992e-05
0.000332979
-7.92794e-06
0.000300566
1.00743e-05
0.000122173
6.58302e-06
4.97694e-05
0.000320472
0.000290193
-6.53224e-06
0.000122637
2.43788e-05
-2.01064e-05
0.000265312
0.000177494
3.90901e-05
0.000232397
-3.20244e-05
0.000189857
0.000144471
0.000256073
4.04257e-05
0.000155977
0.000272001
0.000227719
6.21153e-05
0.000172474
3.03885e-05
0.000176819
0.000274009
0.000238208
4.82167e-05
0.000189434
0.000197076
8.06384e-05
0.000193784
-7.10134e-05
8.4287e-05
0.000215806
0.00015618
-5.45561e-05
6.59454e-05
0.000202972
0.00021887
-5.96408e-05
0.000214344
0.000155231
-4.53254e-05
0.00019903
0.000218833
-8.57686e-05
-0.000180511
0.00020256
0.000111549
0.000100096
-0.000177202
0.000195997
0.000145918
9.91371e-05
0.000177
8.43105e-05
-7.17891e-05
0.000108728
-7.28247e-05
0.000199654
0.000112615
0.000107038
9.79883e-05
0.000136715
9.64783e-05
-0.000209899
-0.000168963
9.81971e-05
0.000183136
0.000176594
0.00015191
0.000193137
0.000162034
9.4243e-05
0.000162978
0.000139187
-9.20665e-05
6.16385e-05
0.000105002
0.000148096
8.77249e-05
0.000104345
0.000151669
0.000102594
0.00010948
9.48289e-05
-0.000134108
-8.15923e-05
0.000154208
6.75357e-05
0.000158855
6.56348e-05
0.000108752
0.000165756
9.43191e-05
0.000109109
0.000108811
0.000166595
0.000118626
-7.95944e-05
6.35442e-05
-0.000122385
0.000112553
0.000138137
7.12817e-05
-0.00010999
0.000127011
0.000112838
5.17835e-05
0.000105077
6.5982e-05
0.000106988
4.83172e-05
-9.1693e-05
-9.90665e-05
0.000109306
0.000111229
2.70805e-05
9.54147e-05
8.61631e-05
-8.33417e-05
2.6308e-05
0.000106694
2.54905e-05
-8.619e-05
0.000103896
2.79755e-05
8.4128e-05
0.000103987
3.19488e-05
6.56715e-05
0.000104445
1.98008e-05
0.000111644
9.98622e-05
3.4407e-05
8.12606e-05
0.000110013
2.1046e-05
3.2527e-05
-8.38201e-05
9.419e-05
8.73538e-05
-2.80074e-05
-7.56461e-05
4.05182e-05
4.50956e-05
9.83082e-05
-7.27385e-05
-4.1456e-05
0.000101463
5.5802e-05
1.22887e-05
-1.45104e-05
2.56139e-05
9.70558e-05
9.51843e-05
1.11335e-05
9.25543e-05
-1.06754e-06
8.28833e-05
8.80259e-05
8.23387e-06
-3.15939e-05
2.74153e-05
0.000121075
-7.37685e-05
-3.04023e-05
-5.26564e-05
2.69021e-05
7.83738e-05
0.000123196
-7.47384e-05
-5.27405e-05
7.8812e-05
-1.40334e-05
0.000119952
0.000323652
3.45712e-05
0.000298874
4.78583e-05
0.000348337
0.000312066
0.000121619
0.000154972
0.00027612
0.00058839
-2.61297e-05
4.58357e-05
0.000649004
-1.40944e-05
4.86238e-05
0.000693722
-1.53362e-06
3.71462e-05
0.000721731
6.93371e-06
8.53864e-06
0.000726959
1.25344e-05
-3.58864e-05
0.000695981
1.93247e-05
-8.84662e-05
0.000158387
0.000158146
2.83706e-05
0.000150114
0.00015009
-3.2018e-05
-3.6787e-05
-3.67031e-05
-3.20916e-05
-1.23155e-05
0.000159943
1.05701e-05
-4.25784e-05
0.000160473
-4.27267e-05
1.19235e-05
0.000123101
-3.71395e-05
-0.000122906
-1.19059e-05
1.00535e-05
0.000130664
-4.27873e-05
-3.7063e-05
9.93263e-06
0.000130981
-4.29116e-05
1.56552e-05
0.000142732
-5.14565e-05
0.000141743
1.36526e-05
-5.11458e-05
1.53984e-05
0.000109003
-4.29369e-05
1.33451e-05
0.00010849
-4.2799e-05
-1.98443e-05
0.000111441
1.74482e-05
-5.12024e-05
0.000112486
-5.15346e-05
-1.90726e-05
-3.97272e-05
1.67849e-05
8.68146e-05
-3.98005e-05
8.72798e-05
2.43083e-05
-4.59273e-05
8.49832e-05
-4.57944e-05
8.43782e-05
2.15529e-05
0.000536533
-4.67716e-05
2.15419e-05
0.000604475
-3.70481e-05
2.14448e-05
0.000649872
-2.40968e-05
1.44166e-05
0.000674384
-1.29653e-05
-5.91872e-06
0.000670707
-4.62043e-06
-3.73024e-05
0.000633743
3.07091e-06
-7.2726e-05
0.000555839
1.27669e-05
-0.000100055
0.000116104
0.000116333
2.29775e-05
-0.000108683
0.000106198
0.000106036
3.21457e-05
-9.58491e-05
7.60566e-05
8.57306e-05
8.59323e-05
7.58889e-05
-1.14109e-05
0.000106349
9.47658e-06
-3.55698e-05
0.000106513
-3.56218e-05
3.73539e-05
-7.18514e-05
5.87046e-05
5.18383e-05
5.16327e-05
5.89218e-05
3.51132e-05
-1.35378e-05
1.16608e-05
-2.92425e-05
7.20986e-05
1.45124e-05
-3.51287e-05
8.76284e-05
8.73486e-05
1.24802e-05
-2.92143e-05
7.23529e-05
3.69791e-05
-4.91924e-05
3.40874e-05
3.8699e-05
3.38462e-05
3.89038e-05
1.59739e-05
-2.56529e-05
5.77418e-05
2.5796e-05
-1.43162e-05
1.26723e-05
-1.93116e-05
4.72517e-05
1.40558e-05
5.75083e-05
-1.91132e-05
4.75093e-05
1.78425e-05
-3.30077e-05
6.82002e-05
1.57544e-05
-3.29451e-05
6.7856e-05
2.42779e-05
2.08929e-05
3.12175e-05
2.40743e-05
2.06506e-05
-1.32872e-05
1.5758e-05
1.20676e-05
-1.08154e-05
3.07325e-05
-1.54873e-05
1.55147e-05
3.75351e-05
-1.05171e-05
3.09758e-05
1.39469e-05
3.73558e-05
-2.04148e-05
-2.64019e-05
1.83209e-05
5.33449e-05
2.62195e-05
1.8222e-05
-1.92545e-05
4.26342e-05
5.35117e-05
1.64573e-05
-1.93964e-05
4.244e-05
-2.25686e-05
2.02032e-05
-3.55901e-05
6.0609e-05
-3.56727e-05
6.0953e-05
-1.9011e-05
-1.37402e-05
1.7486e-05
3.37718e-05
3.38253e-05
1.50668e-05
2.7517e-05
-2.5712e-05
2.49389e-05
4.61941e-05
-2.19156e-05
2.60888e-05
2.01589e-05
-1.71172e-05
3.54425e-05
-1.68995e-05
3.5503e-05
2.26788e-05
4.62365e-05
2.74049e-05
4.75976e-05
-3.64125e-05
2.47369e-05
-3.64003e-05
4.7496e-05
2.16216e-05
2.80156e-05
2.03922e-05
2.82324e-05
-2.88575e-05
-2.31145e-05
3.52242e-05
2.65292e-05
2.21935e-05
2.44742e-05
-1.14915e-05
2.56827e-05
2.29779e-05
-1.20182e-05
2.16911e-05
-1.72402e-07
1.40132e-05
1.16071e-05
3.23672e-06
4.85027e-06
1.03477e-05
6.39358e-06
5.23312e-06
2.39187e-05
3.21173e-06
1.00443e-05
6.00595e-06
5.70884e-06
-1.83579e-05
1.68147e-05
9.82504e-06
1.77163e-05
3.71867e-06
3.90221e-06
1.72416e-05
1.00587e-05
1.64411e-05
2.27226e-05
-3.14607e-06
1.45274e-05
4.18143e-06
1.7728e-05
1.32846e-05
-2.33897e-05
8.95151e-06
2.11173e-05
1.16957e-05
-8.57373e-06
1.10144e-05
9.07814e-06
8.58102e-06
6.83565e-06
-4.34689e-06
9.29301e-06
-8.71172e-06
1.26322e-05
1.62259e-05
-1.32162e-05
1.06648e-05
-1.86882e-05
-1.10379e-05
-1.08157e-05
2.83356e-05
-1.85547e-05
-3.08992e-06
9.62331e-06
8.16319e-06
0.000175843
0.000154107
0.000203199
-0.000138252
9.82819e-05
0.000222463
-0.000196999
-1.554e-05
-0.000160272
0.000174927
0.000105637
-0.000170525
0.000187511
-0.00015045
3.90051e-05
-0.00019135
0.000212631
-0.00019778
-0.000181784
9.68457e-05
-0.000140652
3.49612e-05
-0.000185011
-0.000170369
-9.796e-05
2.517e-05
-3.54078e-05
-6.12741e-05
2.15829e-05
-1.1846e-05
1.35621e-05
2.31206e-05
-1.34715e-05
-1.00392e-05
1.50735e-05
1.92283e-05
-2.10697e-05
-5.95538e-06
-5.20125e-05
1.22295e-05
-7.16656e-06
1.24874e-05
-4.44955e-05
-8.52355e-06
1.35292e-05
-3.56463e-05
-1.17184e-05
1.41176e-05
-1.32334e-05
1.41967e-05
-1.87228e-05
-1.6605e-05
1.61791e-05
-9.8578e-06
-1.06281e-05
-2.58264e-05
1.27665e-05
5.55375e-07
-2.10554e-05
1.87824e-05
-1.75978e-06
6.00519e-05
-5.83835e-05
1.17958e-05
3.60947e-05
-5.98761e-06
-3.15513e-05
1.17361e-05
3.68569e-05
-4.30851e-05
-5.53578e-05
-4.30016e-05
-5.75894e-05
3.31543e-05
-4.91612e-06
-9.42509e-07
1.13226e-05
1.18776e-05
1.36758e-05
2.1304e-05
-2.11285e-05
1.73101e-05
2.45488e-05
-2.52777e-05
-9.9458e-06
1.76584e-05
-5.37154e-05
2.87843e-05
2.57166e-05
-2.91761e-05
-6.39013e-06
0.000362328
-4.29299e-05
0.000511425
-7.2598e-05
0.000333847
0.000342548
0.000221915
-1.69945e-05
0.000246378
-6.30975e-05
2.26174e-05
3.21392e-05
0.00028831
-0.000120985
0.00016193
0.000180434
0.000316486
0.00016983
-5.51427e-05
0.000290714
0.000192549
-9.93726e-05
0.00025535
0.000272847
7.15166e-06
0.000221624
0.000139849
0.000249229
-0.000162177
0.000198955
-2.08923e-05
0.000143729
0.000335234
0.000186806
-5.56496e-05
0.000309209
0.00019994
-9.70109e-05
0.000281001
0.000290511
8.44513e-06
0.000217064
0.00015082
0.000269952
-0.000164172
0.000218134
-0.000175578
-7.90626e-05
0.000186505
0.000239836
-0.000208812
0.00022427
-0.000127596
0.000189894
-0.000191744
0.000203162
-0.000266094
0.000289767
-0.000200273
9.72691e-05
-7.98285e-05
0.000220658
-0.000124959
0.000174514
-0.00019186
9.00959e-05
0.00018878
0.000167953
0.000219834
-0.00014572
0.000107353
0.000242455
-0.000209184
-1.50063e-05
0.000129138
5.02166e-05
0.000121289
-0.000135459
-1.13324e-05
8.12155e-05
-0.000121405
-4.37024e-05
0.000145139
5.47984e-05
0.000137996
-0.000145838
-1.11595e-05
9.771e-05
-0.000130071
-4.58923e-05
-8.81557e-05
0.000104432
1.5894e-05
-7.48034e-05
9.20407e-05
-0.000112596
-2.94586e-05
-2.0024e-05
3.08457e-05
-5.25337e-05
1.43988e-05
-0.000105504
-2.82412e-05
-5.00636e-05
4.36619e-05
-3.39988e-07
2.00039e-05
-8.16301e-05
5.88122e-05
2.88378e-07
3.12382e-05
-8.61409e-05
-8.35224e-07
1.06053e-05
1.25895e-05
0.000103249
1.36652e-05
0.000112906
1.96475e-05
1.26881e-05
4.06917e-06
0.000120514
7.28025e-06
6.97671e-06
3.98009e-06
0.000599432
1.34292e-05
0.000129331
1.3148e-05
1.78272e-05
1.76851e-05
0.000485208
8.88192e-05
0.000330855
2.56065e-05
2.63453e-05
2.27455e-05
2.30262e-05
1.42479e-05
9.57139e-05
1.74942e-05
2.2417e-05
0.000105791
1.72886e-05
3.08139e-05
0.000131903
0.000662086
6.34679e-05
0.000164872
0.000551051
9.62818e-05
0.000143307
0.000401205
0.000120969
6.94525e-05
5.49227e-05
5.58769e-05
6.16105e-05
6.06743e-05
3.49105e-05
0.000126987
0.000724815
6.05684e-05
0.000195041
0.000613306
8.53009e-05
0.000196704
0.000461706
0.000106098
0.000129998
7.01456e-05
7.56596e-05
7.09166e-05
7.48804e-05
2.37916e-05
-1.44519e-06
4.07037e-05
1.21806e-07
2.78931e-05
4.15668e-05
2.48538e-05
5.45028e-06
4.7344e-05
2.90633e-05
7.25424e-06
4.81051e-05
3.38212e-05
0.00010274
0.000788604
5.34855e-05
0.000218047
0.00068247
7.0146e-05
0.0002539
0.000521892
8.37165e-05
0.000201368
8.79569e-05
8.33119e-05
8.37454e-05
8.75345e-05
-1.6861e-05
1.35877e-05
2.13747e-05
5.50167e-05
-1.22832e-05
1.77427e-05
2.1314e-05
5.9965e-05
5.45772e-05
2.24288e-05
2.25928e-05
6.03838e-05
1.61496e-05
-1.12432e-05
2.82382e-05
-9.70041e-06
2.08006e-05
2.87409e-05
-1.70116e-05
2.19063e-05
-2.5032e-06
3.44679e-05
-4.0201e-06
3.40284e-05
3.39677e-05
7.69417e-06
1.60733e-05
1.57983e-05
8.20851e-06
0.000848558
4.48285e-05
0.000228916
0.000762729
5.23668e-05
0.000315771
0.000592391
5.73815e-05
0.000287977
9.64507e-05
0.000101021
0.000100967
9.65106e-05
-3.15404e-05
9.77539e-06
4.26375e-05
7.14104e-05
-9.15399e-06
3.20299e-05
1.38872e-05
6.66861e-05
6.66885e-05
1.46914e-05
4.31109e-05
7.13566e-05
8.12382e-06
3.25576e-06
4.01829e-05
-3.95042e-06
-8.79847e-06
1.38996e-05
1.38467e-05
4.4719e-05
1.30208e-05
4.02376e-05
1.32129e-05
4.47094e-05
6.98927e-06
-2.18426e-05
1.71132e-05
-2.09441e-05
1.17987e-05
1.73253e-05
7.59749e-06
-1.48223e-05
2.15091e-05
1.26706e-05
-1.39661e-05
2.16298e-05
9.46604e-06
1.06825e-05
-1.97899e-05
9.35482e-06
9.06094e-06
-1.91825e-05
-1.86975e-05
-1.86141e-05
0.000227054
0.000227297
0.000223032
0.000222506
3.73309e-05
4.36932e-05
4.36422e-05
0.000853807
6.62091e-05
6.62298e-05
3.3786e-05
0.000380869
0.000678295
2.81482e-05
0.000389963
0.000117308
0.000112366
0.000117774
0.000111921
-4.48753e-07
5.61565e-05
5.53567e-06
7.84159e-05
-5.64613e-05
7.35975e-07
6.9523e-05
8.39439e-05
7.89983e-05
5.95021e-06
6.92498e-05
8.33142e-05
5.65868e-07
-2.46103e-05
4.85619e-06
3.69377e-05
5.40491e-05
2.48823e-05
-9.08115e-07
5.0653e-05
3.72352e-05
5.45439e-05
4.33473e-06
5.02034e-05
2.08525e-06
-6.27675e-06
3.1366e-06
2.61689e-05
6.15863e-06
-1.72042e-06
4.01482e-06
2.96416e-05
2.6403e-05
3.71865e-06
3.84763e-06
2.9365e-05
-3.06222e-06
-3.36868e-05
7.34667e-06
-3.36065e-05
1.90362e-06
7.32708e-06
2.74356e-06
2.47989e-06
-2.69486e-05
9.65307e-06
-2.69967e-05
9.73016e-06
-1.19792e-05
-0.000205832
1.05796e-05
-4.47527e-05
0.000232099
-0.000206932
-1.38575e-05
-4.47597e-05
0.000234024
-1.18436e-05
1.057e-05
-3.72406e-05
-3.74481e-05
-9.64713e-06
-3.41169e-05
9.74219e-06
1.7309e-05
0.000244779
-3.36418e-05
-1.03429e-05
1.7129e-05
0.000246626
-9.29927e-06
0.000233637
9.38598e-06
0.000235041
1.67015e-05
0.000100396
0.000123764
0.000100426
0.000123745
0.000777692
7.13127e-06
6.63861e-05
0.000234449
7.72551e-06
6.6596e-05
0.000232775
-2.6782e-06
0.000506481
0.000132434
0.000137549
0.000138576
0.000131437
-8.68434e-05
-9.46823e-06
0.000101898
9.98504e-05
9.50776e-06
8.59101e-05
-3.95474e-06
9.27375e-05
9.39575e-05
-3.83732e-06
0.000101151
9.8563e-05
5.30115e-05
-1.16428e-05
6.13927e-05
1.16865e-05
-5.18795e-05
-5.68253e-06
6.65662e-05
6.4412e-05
6.76428e-05
6.54841e-05
-5.81244e-06
6.03803e-05
-1.75962e-05
-1.31085e-05
3.04166e-05
3.71208e-05
1.29831e-05
1.6441e-05
-7.07461e-06
3.37351e-05
3.44093e-05
-6.93284e-06
2.9264e-05
3.63931e-05
-1.67681e-05
-1.36105e-05
1.26614e-05
1.37523e-05
1.77699e-05
-7.70874e-06
-7.567e-06
1.3935e-05
-6.54176e-06
1.42712e-05
-7.8777e-06
1.23514e-05
-1.15838e-05
-4.29095e-05
-4.35119e-05
-7.11087e-06
-1.16595e-05
-3.77191e-05
-6.88694e-06
-3.83442e-05
0.000147111
0.000152192
-4.99525e-06
7.79969e-05
-3.78986e-06
-5.0027e-06
-5.63205e-06
0.00014494
0.00014997
0.000666728
-9.53002e-06
8.34435e-05
0.000721119
3.67484e-06
7.36124e-05
0.00076549
1.2111e-05
4.08736e-05
0.000792697
1.74336e-05
-1.70585e-05
0.000196446
0.000196414
0.000194101
2.26124e-05
-2.23249e-05
0.000194467
-2.43907e-05
-2.23774e-05
-2.4391e-05
0.000171861
9.35973e-06
-3.44956e-05
9.45115e-06
0.000185779
-3.70274e-05
0.00017177
-3.44417e-05
7.70716e-06
0.000185606
8.11817e-06
-3.6972e-05
-1.19231e-05
0.000172393
1.03498e-05
-4.80261e-05
0.000173148
-4.82554e-05
1.44166e-05
-4.38024e-05
0.000240167
1.10935e-05
0.000252647
1.62978e-05
-4.36027e-05
0.000237159
0.000249582
1.63528e-05
0.000232857
-8.86618e-07
2.57456e-06
0.000103297
-4.46882e-06
-0.000235918
0.000139109
0.000218484
-1.79957e-06
0.00013889
0.000215406
0.000103474
-3.39506e-05
0.000152718
0.000152543
0.000167501
0.000167686
0.000159278
0.000156209
0.000161073
0.000154558
-6.59386e-06
6.94557e-06
0.000252251
6.30499e-05
0.000255481
6.31583e-05
0.000121217
2.09743e-05
-1.46752e-05
0.000110817
-2.10475e-05
-0.000122456
0.000139945
0.000119251
-1.47024e-05
0.000139036
0.000117258
0.000112721
2.50791e-05
-8.5456e-05
-1.81234e-05
0.000102682
7.76994e-05
8.72788e-05
-2.47456e-05
7.4426e-05
0.000104309
7.93687e-05
-1.79755e-05
7.28411e-05
4.63529e-05
2.69369e-05
-1.98619e-05
4.14489e-05
-2.75637e-05
-4.84324e-05
6.37189e-05
4.542e-05
-2.01942e-05
6.17374e-05
4.42613e-05
4.25388e-05
-6.77872e-06
2.83884e-05
-2.09526e-05
1.97229e-05
1.7736e-05
-2.75822e-05
8.8532e-06
1.70199e-05
-2.05121e-05
1.64965e-05
2.17602e-05
1.82773e-05
2.28789e-05
-2.93482e-05
-1.70836e-05
2.77614e-05
-2.36452e-05
-1.92001e-05
-1.7472e-05
-2.07651e-05
1.448e-05
0.000193557
-5.39769e-05
1.28984e-05
0.000191569
-5.34624e-05
1.4932e-05
0.000156345
-6.04309e-05
1.31034e-05
0.000154933
-5.98972e-05
1.49974e-05
-7.74455e-05
0.00023094
0.00026902
1.32084e-05
-7.32509e-06
-1.74833e-06
0.000257246
0.000109827
-0.000252659
9.89991e-06
-7.24549e-06
0.000155578
0.000234054
1.79254e-05
0.000202645
-1.37193e-05
0.000169128
-4.3034e-07
0.000109295
0.000155991
0.000238692
0.000206771
0.000169477
-2.54956e-05
0.000192207
0.000177866
-1.99508e-05
0.000191832
0.000174021
-3.4368e-05
-0.000163979
0.000185266
0.000139094
0.000162691
3.42851e-05
-2.67766e-05
0.000131786
-2.69153e-05
0.000184545
0.000136182
0.000134391
7.00587e-06
0.000279656
5.87488e-05
6.7073e-06
0.000274482
5.83825e-05
0.000127502
-4.08225e-05
9.04387e-05
4.12968e-05
-0.000125292
-3.2909e-05
0.000145403
9.36975e-05
0.000147235
9.58749e-05
-3.26414e-05
8.84284e-05
-4.59636e-05
-8.58953e-05
0.000103741
5.57911e-05
8.30319e-05
4.49175e-05
-3.61611e-05
5.08736e-05
-3.68578e-05
0.00010113
5.43182e-05
5.22636e-05
4.1668e-05
-4.64941e-05
2.1299e-05
4.79896e-05
-3.85989e-05
-3.85239e-05
5.40735e-05
2.19241e-05
5.70301e-05
2.26523e-05
-3.74738e-05
2.06116e-05
4.79396e-06
-4.07739e-05
5.87308e-06
3.92866e-05
-7.28649e-06
-3.14721e-05
-3.25299e-05
3.4501e-06
-1.76374e-05
1.55694e-05
0.000177361
-7.17386e-05
0.000180253
-7.27921e-05
-1.93175e-05
1.70541e-05
0.000113052
-6.03433e-05
0.000114539
-6.10833e-05
-0.000118746
2.09299e-05
-2.29115e-05
-9.36999e-05
1.95949e-05
-2.30763e-05
0.000267289
5.64747e-06
4.95478e-05
0.000309943
-5.25295e-06
0.00028134
0.000122066
1.84096e-05
-0.000205982
0.000309493
1.61594e-05
0.000285128
-5.58664e-05
2.40493e-05
-7.26172e-05
-0.000116502
1.91334e-05
-9.17595e-05
1.70644e-05
0.000260588
5.32897e-06
4.94621e-05
0.000301316
0.0002738
-3.90728e-06
0.000121491
2.12529e-05
-7.14536e-05
-1.67256e-05
0.000257439
0.000177207
-2.66523e-05
0.000226171
0.000189577
-1.37278e-05
0.000250562
0.000176775
0.000220333
-2.19552e-05
0.000189389
5.00279e-05
-4.13809e-05
0.000148434
0.000212037
3.78804e-05
-3.13237e-05
0.000188798
0.000218119
0.000212899
0.000152038
0.000193918
0.000218366
6.14257e-05
-0.000171713
-5.09297e-05
0.000195534
0.000108632
0.000174017
-6.07794e-05
0.000107425
0.00019721
0.000110911
-5.05382e-05
0.000105552
0.00012641
6.78931e-05
-5.68742e-05
6.22008e-05
-6.93072e-05
-0.00012989
0.00015045
6.70908e-05
-5.78201e-05
0.000147372
6.59248e-05
6.32306e-05
7.35466e-05
-7.73535e-05
-6.15457e-05
9.5533e-05
2.71649e-05
8.14062e-05
-7.13927e-05
2.60773e-05
9.93227e-05
2.77386e-05
-5.9941e-05
2.552e-05
6.18835e-05
2.05837e-05
-5.16022e-05
-2.39966e-05
-6.42006e-05
3.65355e-05
-5.33864e-05
3.32197e-05
2.39151e-05
-5.22237e-05
7.76522e-05
-5.16374e-05
2.13018e-05
7.67925e-05
-9.57508e-05
-2.7793e-05
0.000275737
0.000285486
-9.34696e-06
8.24228e-06
0.00033539
-1.45217e-05
0.000306275
1.71111e-05
0.000146287
-8.97601e-06
0.000325135
0.000294986
-1.23715e-05
0.000145973
3.90631e-05
0.000239796
-3.2447e-05
0.000208757
2.71574e-05
-2.29066e-05
0.000270362
0.000197868
0.000226741
0.000173653
3.99223e-05
0.000175948
0.000282562
0.000242568
6.10758e-05
0.000189047
3.28681e-05
0.000197673
0.00027971
0.000246856
4.77401e-05
0.00020791
0.000219487
8.12754e-05
0.000204827
0.000100904
0.000199542
0.00019007
0.000218243
0.00010145
0.000154374
-7.12808e-05
8.52953e-05
0.000244375
0.000160388
-8.69686e-05
0.000102372
0.00022868
0.000114656
-5.43011e-05
6.56584e-05
0.000209439
0.00024493
-5.9688e-05
0.000158316
0.000243465
-7.35004e-05
0.000226373
0.000115043
-4.53317e-05
0.000204301
0.000245359
-9.94366e-05
-0.000180459
0.00020384
7.22558e-05
0.000115348
-0.000185105
0.000206613
0.000107063
0.000117442
-0.00018273
0.000119521
0.000200651
0.000138289
0.00017649
9.73453e-05
-8.32853e-05
7.23865e-05
-8.47232e-05
0.000200455
7.39357e-05
7.03985e-05
0.000112382
0.000101559
0.000113795
0.000114742
0.00012858
0.000128257
-0.0001025
2.95196e-05
0.000115668
0.000145122
5.60045e-05
0.000118612
0.00015462
0.000120059
7.72829e-05
0.000105435
-0.000123159
-9.09217e-05
0.000143859
3.23224e-05
0.000148535
3.1287e-05
0.000119505
0.000164427
5.99837e-05
0.000123783
0.000126977
0.000171852
8.35256e-05
-8.87548e-05
3.0536e-05
-0.000116316
0.000127093
0.000133378
3.99648e-05
-9.78605e-05
0.000115448
0.000121235
2.41895e-05
0.000119375
3.71417e-05
0.00011571
2.27011e-05
-5.88605e-05
-9.41929e-05
7.35145e-05
0.000106619
9.09677e-05
5.43392e-05
-7.84808e-05
0.000102693
-8.10462e-05
6.9168e-05
7.1081e-05
0.000107787
1.33276e-05
3.7694e-05
0.000101911
0.000114179
8.71175e-05
1.42048e-05
5.05033e-05
0.000106545
-1.87695e-05
9.78573e-05
3.02567e-05
9.31523e-05
-5.29653e-05
6.04971e-05
2.58579e-05
0.000173381
0.000290023
0.000348585
0.000319539
0.000146635
0.000243968
0.000187818
0.000136503
0.000140404
-1.05487e-05
4.46636e-05
-8.87595e-06
-1.00303e-05
-1.10809e-05
0.000131443
0.00013543
0.000631113
-3.99858e-05
4.50892e-05
0.000686069
-2.57934e-05
3.66867e-05
0.000720943
-1.26765e-05
1.01972e-05
0.000729443
-3.79496e-06
-3.38674e-05
0.000699824
4.69652e-06
-8.73392e-05
0.000158777
0.000158707
1.40587e-05
0.000150676
0.000150404
-3.19047e-05
-3.6605e-05
-3.17636e-05
-3.66053e-05
8.95051e-06
0.000159686
-4.24483e-05
0.000159621
7.32997e-06
-4.23519e-05
0.000122916
-8.26126e-06
-3.6913e-05
6.34433e-06
8.31818e-06
-0.000122908
0.000130524
-4.26675e-05
6.57862e-06
0.000130536
-4.25842e-05
-3.69955e-05
-1.17941e-05
0.00014052
1.00514e-05
-5.06923e-05
0.000141018
-5.09052e-05
-1.14417e-05
9.59708e-06
0.000107857
-4.24514e-05
0.000108124
-4.2619e-05
1.52904e-05
0.000110548
-5.08441e-05
0.000109785
1.33102e-05
-5.04607e-05
1.46925e-05
-3.95854e-05
8.63693e-05
-3.94248e-05
1.27102e-05
8.59567e-05
-1.91029e-05
-4.51894e-05
8.30343e-05
1.68702e-05
-4.5526e-05
8.37211e-05
0.000117857
0.000121086
-5.01905e-05
3.44083e-05
0.000108194
0.000111454
0.000569456
-6.19804e-05
1.83319e-05
0.000629526
-5.034e-05
1.12993e-05
0.000664086
-3.73998e-05
-5.51826e-06
0.000667888
-2.55797e-05
-3.51889e-05
0.000635174
-1.49374e-05
-7.05328e-05
0.000558161
-3.2224e-06
-9.84615e-05
0.000116667
0.000116522
8.3617e-06
-0.000107619
0.00010638
0.000106443
1.83518e-05
-9.54194e-05
7.58463e-05
8.58672e-05
8.57493e-05
7.59441e-05
7.78423e-06
0.000106354
-3.54592e-05
0.000106365
5.89057e-06
-3.5348e-05
2.45312e-05
-7.21211e-05
5.85039e-05
5.11788e-05
5.83249e-05
5.13769e-05
3.50318e-05
9.85969e-06
-2.90968e-05
7.19226e-05
-1.06597e-05
-3.49547e-05
8.69801e-05
8.79509e-06
8.71628e-05
8.08326e-06
-2.90583e-05
7.17689e-05
2.56193e-05
-5.00223e-05
3.30342e-05
3.82577e-05
3.80074e-05
3.33193e-05
-2.57651e-05
-1.22755e-05
1.05024e-05
5.70002e-05
1.0954e-05
2.57685e-05
-1.91722e-05
4.69605e-05
9.37512e-06
-1.92388e-05
4.66852e-05
5.72562e-05
-1.37923e-05
1.19159e-05
-3.26582e-05
6.72084e-05
-3.27927e-05
6.75222e-05
2.18247e-05
2.34942e-05
1.96411e-05
2.31951e-05
2.00046e-05
1.06413e-05
1.578e-05
-1.06528e-05
3.03864e-05
-1.58598e-05
-1.24446e-05
1.09309e-05
3.67608e-05
9.38324e-06
-1.07867e-05
3.00313e-05
3.70729e-05
1.63538e-05
-2.64001e-05
5.31012e-05
2.6339e-05
-1.47378e-05
1.30723e-05
-1.92969e-05
4.18751e-05
1.44705e-05
5.27855e-05
-1.93542e-05
4.21829e-05
1.80288e-05
-3.5347e-05
6.01955e-05
1.60043e-05
-3.50605e-05
5.97517e-05
-8.70324e-06
2.30589e-05
9.91763e-06
1.79761e-05
8.28256e-06
-1.38291e-05
1.39084e-05
-8.95278e-06
1.25939e-05
2.70121e-05
-1.38532e-05
1.59901e-05
3.36297e-05
2.73119e-05
1.44939e-05
3.3364e-05
-2.05624e-05
-2.6079e-05
1.85685e-05
4.58277e-05
2.61554e-05
1.84624e-05
-1.71067e-05
3.52819e-05
4.61108e-05
1.68083e-05
-1.69897e-05
3.50049e-05
-2.23527e-05
2.01813e-05
-3.5618e-05
4.6761e-05
-3.60821e-05
4.71955e-05
-1.90819e-05
-1.01365e-05
1.77326e-05
2.81403e-05
2.82948e-05
1.54401e-05
2.25628e-05
-2.34003e-05
2.43744e-05
3.53367e-05
-2.14824e-05
2.33427e-05
2.0006e-05
-1.188e-05
2.54562e-05
2.5645e-05
-1.20468e-05
2.23543e-05
3.5199e-05
2.51179e-05
2.37179e-05
-2.85885e-05
2.08641e-05
1.99251e-05
-4.92285e-07
1.37414e-05
1.08258e-05
5.00806e-06
4.7753e-06
2.80268e-06
8.96172e-06
2.8791e-06
9.33758e-06
4.80272e-06
5.27335e-06
1.68683e-05
5.64248e-06
1.64178e-05
8.95249e-06
7.11574e-06
8.21843e-06
-4.66529e-06
8.66842e-06
2.6624e-06
7.80677e-06
3.65915e-06
1.65539e-05
-3.62219e-06
1.39324e-05
3.96992e-06
1.74824e-05
1.24572e-05
2.07688e-05
1.06755e-05
-9.38553e-06
1.19149e-05
1.65756e-05
-1.37521e-05
1.00722e-05
-1.16765e-05
-1.17989e-05
-1.95726e-05
-1.95728e-05
2.22518e-05
9.36407e-06
0.000190443
0.000115082
0.000205435
-0.000159678
4.30374e-05
0.000234321
-0.000209681
-0.000193497
-0.000161579
0.000178561
6.51828e-05
-0.000154858
0.000172343
-0.000165773
-1.04861e-05
-0.000114327
0.000130834
-0.00014735
-5.09408e-05
5.98123e-05
-0.000156056
-1.08549e-05
-0.000138685
-4.83014e-05
-3.40798e-05
2.0409e-05
2.42784e-05
-1.33453e-05
-1.12574e-05
1.53979e-05
-6.84199e-06
1.28203e-05
-4.55034e-05
-5.67439e-06
-5.27828e-05
1.23031e-05
-8.39958e-06
1.38305e-05
-3.63972e-05
-1.15704e-05
1.432e-05
-1.29499e-05
1.40087e-05
-1.95304e-05
-1.63615e-05
1.59242e-05
-1.0506e-05
1.19211e-07
-2.09497e-05
1.81847e-05
-1.02569e-05
-2.6666e-05
1.24637e-05
-1.759e-06
6.09757e-05
-5.91045e-05
1.16827e-05
3.67881e-05
-5.58693e-06
-3.24503e-05
1.12263e-05
1.06177e-05
-4.96879e-06
-6.20434e-07
5.14642e-06
-1.02951e-05
-6.15543e-05
1.13452e-05
-8.28685e-08
-3.73298e-05
1.01787e-05
4.14173e-05
-5.87908e-05
-4.40438e-05
2.66023e-05
-4.39794e-05
-5.66435e-05
1.3306e-05
2.04169e-05
-2.10087e-05
1.71156e-05
2.30068e-05
-8.78884e-06
1.74854e-05
-4.21922e-05
0.00050532
-5.35085e-05
0.000357563
0.000321579
-5.60466e-05
4.13311e-05
0.000285465
-8.63401e-05
0.000197883
0.00030996
-4.66779e-05
0.000135755
0.000155455
0.00026872
4.79575e-06
0.00020723
0.000148511
8.45217e-05
-0.000185148
0.000132765
-0.000134365
0.000162261
0.000132496
-0.000165166
0.000231686
0.000199306
-7.71564e-05
0.000255696
0.000242877
-0.000128212
0.000202778
0.000208238
0.00032045
-0.000207241
9.97451e-05
-4.15674e-05
0.000193122
0.000301411
0.000211891
-7.48443e-05
0.000274458
0.000267366
-0.000126458
0.000218797
0.000212728
0.000365412
-0.000212647
0.000101843
-0.000203319
-0.000101889
0.000221316
0.000196132
-0.000238876
0.000263211
-0.000157261
0.000122546
-0.000265584
0.000295071
-0.000231204
-1.94203e-05
0.000182065
-0.000152226
0.000115838
-0.000220657
-1.53853e-05
0.000207528
0.000124669
0.000225322
-0.000168163
4.64441e-05
0.000257767
-0.000221037
-0.000205599
0.000121161
1.7403e-05
0.000109891
-0.000119804
-3.07837e-05
4.2254e-05
-5.51108e-05
0.000138312
1.89023e-05
0.000128118
-0.000127095
-3.23624e-05
5.39418e-05
-5.75801e-05
-7.48138e-05
9.15022e-05
7.88509e-07
-4.3481e-05
5.63002e-05
-9.48115e-05
6.80754e-07
-9.05475e-05
2.17875e-05
3.37924e-05
1.35998e-05
0.000102145
1.12224e-05
2.59036e-05
0.000122552
1.16447e-05
0.000111868
2.08555e-05
1.01734e-05
0.000145751
2.54188e-05
1.82694e-06
5.18384e-06
0.00013607
5.53096e-06
1.81056e-06
1.94404e-06
0.000667516
3.07777e-05
4.72804e-06
0.000144182
-0.000153021
3.43049e-05
3.67556e-06
0.000152795
8.41079e-07
2.77283e-05
0.000173947
1.23886e-05
1.23002e-05
0.000557901
1.76457e-05
1.80489e-05
0.000131617
3.17725e-05
1.10258e-05
-2.98291e-05
3.68794e-05
1.70947e-05
0.000125299
1.70081e-05
0.000115817
0.000157501
2.40667e-05
2.35276e-05
0.000408567
2.8817e-05
2.78298e-05
8.28479e-05
5.73594e-05
5.68698e-05
6.25916e-05
6.30741e-05
0.000133271
1.43117e-05
-8.72348e-05
7.81333e-05
2.49488e-05
-9.71851e-05
2.52813e-05
8.56173e-05
2.69435e-05
1.48829e-05
2.15371e-05
2.41988e-05
2.23164e-05
1.57058e-05
9.47397e-05
1.5629e-05
2.42965e-05
0.000104944
1.56221e-05
2.4995e-05
0.000129587
0.00073335
6.33837e-05
0.000201358
0.000622784
0.000101531
0.000207853
0.000470275
0.000132109
0.000144769
7.3064e-05
7.68659e-05
7.20858e-05
7.78626e-05
3.1771e-05
2.0605e-06
4.26426e-05
3.72952e-06
3.50816e-05
4.36156e-05
-3.3278e-05
3.7048e-05
1.13142e-05
5.02559e-05
9.27318e-06
4.92468e-05
2.81844e-05
9.91716e-05
0.000798942
6.02028e-05
0.000221822
0.000691317
8.99913e-05
0.000261028
0.000529137
0.000114985
0.000211712
8.88721e-05
8.54523e-05
8.46102e-05
8.97888e-05
2.59702e-05
1.52577e-05
5.57427e-05
-1.71472e-05
-2.72164e-05
3.19216e-05
2.61332e-05
6.19684e-05
3.04533e-05
5.65405e-05
2.42182e-05
6.11323e-05
2.55751e-05
-7.87606e-06
2.94679e-05
-5.92084e-06
3.03282e-05
3.02105e-05
2.68985e-05
-6.55013e-07
3.51308e-05
3.18979e-05
1.36272e-06
3.58221e-05
2.56086e-05
7.90668e-06
1.61857e-05
8.27965e-06
1.61144e-05
0.00085531
5.1833e-05
0.000231176
0.000768471
7.33508e-05
0.000319313
0.000596073
9.05227e-05
0.000292943
9.72737e-05
0.000101316
0.000101847
9.67381e-05
-3.41662e-05
-1.96529e-05
2.46344e-05
4.50669e-05
7.20746e-05
1.87061e-05
3.29146e-05
6.68924e-05
2.35287e-05
6.73493e-05
4.39142e-05
7.15735e-05
-1.80196e-05
6.52913e-06
2.31115e-05
4.08925e-05
-5.06434e-06
1.90966e-05
1.48874e-05
4.49449e-05
4.04939e-05
2.43829e-05
1.62885e-05
4.53382e-05
1.67497e-05
-1.95902e-05
1.76788e-05
-1.78859e-05
2.1865e-05
1.80609e-05
-1.7883e-05
2.32586e-05
-1.10276e-05
2.22339e-05
-1.2676e-05
2.19018e-05
0.000209316
8.47467e-06
-4.18409e-06
-9.46973e-06
-0.000209731
8.18796e-06
4.3866e-06
0.000222699
4.28224e-06
0.000222045
-3.83758e-06
7.20384e-06
4.33525e-05
4.28743e-05
4.2864e-05
0.00085369
6.59523e-05
6.60707e-05
5.39891e-05
0.000381829
0.000676467
6.16519e-05
0.000390641
0.000116739
0.000111375
0.000116807
0.000111302
5.62121e-05
1.04183e-05
7.79935e-05
-1.10159e-05
-5.66098e-05
1.61647e-05
6.96598e-05
8.28224e-05
6.92641e-05
8.28494e-05
1.54825e-05
7.79476e-05
-2.47767e-05
1.02456e-05
3.70605e-05
5.37373e-05
-9.53081e-06
2.53441e-05
1.48157e-05
4.99038e-05
4.99286e-05
1.57226e-05
3.75395e-05
5.36842e-05
8.36844e-06
-5.92266e-06
2.60515e-05
5.1359e-06
-9.1778e-06
1.47093e-05
4.84506e-06
2.92065e-05
1.36763e-05
2.60997e-05
4.13526e-06
2.91923e-05
6.86724e-06
-3.30474e-05
7.39493e-06
-3.20356e-05
1.19175e-05
7.52285e-06
7.72004e-06
-2.64245e-05
9.64602e-06
1.30577e-05
-2.5465e-05
9.72158e-06
9.25346e-06
-0.000205246
-4.451e-05
0.000231293
-0.000209655
8.71822e-06
-1.46969e-05
0.000229271
8.03688e-06
-1.87143e-05
-0.000205018
7.72122e-06
-4.39961e-05
0.000231364
9.47925e-06
-3.70743e-05
8.39214e-06
-3.69394e-05
9.89829e-06
-3.40986e-05
1.7301e-05
0.000243695
-3.36637e-05
9.78044e-06
1.73399e-05
0.000243738
9.3356e-06
0.000232677
0.000232415
9.40421e-06
3.51824e-05
0.00010032
0.000123637
0.000100254
0.000123698
0.000768287
-8.32047e-06
9.08215e-06
6.64322e-05
0.000231431
6.66043e-05
0.000231707
3.04682e-05
0.000504792
0.00012934
0.000135822
0.000135409
0.000129749
-1.38789e-06
-8.50092e-05
6.7351e-06
0.000100353
9.66161e-05
8.53066e-05
1.12057e-06
9.15075e-05
0.000100573
9.72827e-05
6.42855e-06
9.08537e-05
2.07002e-07
5.08477e-05
5.38162e-06
5.89173e-05
-5.11701e-05
1.09146e-07
6.58912e-05
6.34311e-05
5.9458e-05
5.85259e-06
6.55638e-05
6.28546e-05
9.63562e-07
-1.5548e-05
4.92748e-06
2.83234e-05
3.53827e-05
1.57717e-05
-1.33433e-06
3.31559e-05
2.85821e-05
3.57642e-05
4.33714e-06
3.28315e-05
2.32527e-06
-1.82598e-05
3.1773e-06
1.19775e-05
1.8249e-05
-1.87731e-06
-8.09024e-06
1.36514e-05
1.21029e-05
3.88573e-06
-8.15639e-06
1.34985e-05
-2.79068e-06
-4.36509e-05
-4.34318e-05
1.50301e-06
2.29082e-06
2.24047e-06
-3.831e-05
-3.85169e-05
-1.11721e-05
-0.000189208
9.93978e-06
-7.50956e-05
0.000220783
-1.03995e-05
1.02811e-05
-7.86155e-06
0.000257388
-0.000190266
-1.25106e-05
-7.54619e-05
0.000222307
-1.0713e-05
-7.78427e-06
0.000259251
-1.141e-05
1.00547e-05
-5.27006e-05
-5.30778e-05
-7.40689e-06
8.12803e-06
6.3147e-05
0.000247507
6.31328e-05
0.000249418
3.97446e-06
0.000230228
0.000103217
-0.000228415
-7.0586e-07
3.29843e-06
0.000138643
0.000210943
5.58474e-06
0.000103176
0.0001387
0.000212768
-7.37376e-07
0.000152051
0.000152056
0.000166956
0.000166893
0.000156153
0.000150398
0.00015498
0.000151474
0.00012021
-9.23011e-06
0.000108676
9.12956e-06
-0.000119532
-3.40182e-06
0.000137696
0.000113658
0.00013819
0.000115024
-3.53122e-06
0.000107358
-8.4066e-05
-1.16368e-05
0.000101442
7.59882e-05
1.16511e-05
8.30619e-05
-5.49866e-06
7.00893e-05
7.121e-05
-5.34843e-06
0.000100548
7.47881e-05
4.47659e-05
-1.31964e-05
4.0378e-05
1.32825e-05
-4.36339e-05
-6.64917e-06
5.9128e-05
4.22846e-05
6.02191e-05
4.31192e-05
-6.78199e-06
3.9596e-05
-5.24058e-06
-1.39899e-05
1.82061e-05
1.71926e-05
1.3872e-05
4.20086e-06
-7.53069e-06
1.5626e-05
1.59868e-05
-7.36738e-06
1.71591e-05
1.68123e-05
-3.04222e-05
-1.17191e-05
1.17711e-05
3.10767e-05
-6.38862e-06
-2.25242e-05
-2.18519e-05
-6.63522e-06
0.000136852
1.62712e-05
-7.47558e-06
0.000166733
0.000161368
8.22119e-05
-7.57378e-06
-9.49246e-06
-9.11805e-06
-8.68741e-06
0.000159441
0.000164698
2.06171e-05
0.00013804
-7.44541e-06
-0.000142736
2.25011e-05
-9.48623e-06
0.000145336
-9.05643e-06
1.73638e-05
2.58456e-05
0.000144279
-1.26774e-06
0.000151893
2.80084e-05
-3.24474e-06
0.000722685
-2.30794e-05
7.35816e-05
0.000772211
-8.45531e-06
4.29105e-05
0.00079969
1.36026e-06
-1.32999e-05
0.000198557
0.000197624
1.01131e-05
-2.22578e-05
0.000195596
0.000196454
-2.21547e-05
-2.42655e-05
-2.42874e-05
0.000172513
-6.29123e-06
-3.43297e-05
4.5599e-06
0.000210442
6.82733e-06
-1.86034e-05
-6.77188e-06
5.31923e-06
0.000186564
-3.69891e-05
0.0001721
-3.43541e-05
0.000185989
-3.69343e-05
8.90147e-06
0.000171974
-4.78674e-05
0.00017189
7.45413e-06
-4.77935e-05
-1.14221e-05
0.000153225
9.85169e-06
-5.91604e-05
0.000153929
-5.94851e-05
1.36202e-05
-7.64247e-05
0.000227556
1.18194e-05
0.000265015
-7.16138e-06
-7.56653e-05
0.000224741
0.000261675
-7.05666e-06
0.00024547
-9.79103e-07
2.5314e-06
0.000108526
-4.63751e-06
-0.000248762
0.000155117
0.000230147
-9.95962e-06
0.000198898
0.000168545
-1.99411e-06
0.000154847
0.000226869
0.000195848
-6.1437e-06
0.000168286
0.000108782
1.49645e-05
-1.00835e-05
0.000191116
0.000167352
0.00019127
0.000170328
2.06734e-05
-0.000160803
-1.42975e-05
0.00018325
0.000130455
0.000161589
-2.07289e-05
0.000128518
0.000183625
0.000132794
-1.43002e-05
0.000126362
-6.64106e-06
6.85057e-06
0.000266857
5.7658e-05
0.000270246
5.79937e-05
0.000122077
2.51978e-05
-1.81057e-05
8.433e-05
-2.53115e-05
-0.000123491
0.000143892
9.12527e-05
-1.81064e-05
0.000142735
8.93946e-05
8.60959e-05
2.84791e-05
-7.88527e-05
-2.06317e-05
9.73284e-05
5.13762e-05
8.07057e-05
-2.80601e-05
4.93382e-05
9.90107e-05
5.2685e-05
-2.04343e-05
4.80999e-05
3.41201e-05
2.91286e-05
-2.13441e-05
1.92672e-05
-2.98043e-05
-3.60966e-05
5.16758e-05
2.11212e-05
-2.17003e-05
4.97798e-05
2.04977e-05
1.98572e-05
1.08093e-05
2.50556e-05
-1.81882e-05
5.92766e-08
-2.43767e-05
-9.27557e-06
-1.7836e-05
1.52746e-06
1.37922e-05
0.000175003
-7.08577e-05
1.2234e-05
0.000173156
-7.01273e-05
1.50311e-05
0.000111821
-5.96804e-05
1.31729e-05
0.000110853
-5.9107e-05
1.67488e-05
-0.000202608
0.000304184
0.00027983
1.46888e-05
-5.47446e-05
-2.65835e-06
0.000267645
0.000120589
-0.000262641
1.0991e-05
-8.26952e-06
0.000239988
0.000175509
1.7794e-05
0.000210581
-1.37831e-05
0.000188589
-1.28645e-06
0.000119765
0.000244779
0.00017612
0.000215124
0.000188884
-2.5534e-05
0.000217696
0.000183845
-3.37535e-05
0.000211156
0.000144349
-2.00887e-05
0.000217479
0.000179488
-2.66717e-05
0.00021071
0.000140775
-4.15967e-05
-0.000169783
0.000194043
0.0001055
0.000168318
4.14299e-05
-3.28745e-05
0.000100316
-3.29587e-05
0.000193025
0.000102836
0.000102735
5.48055e-06
0.000294371
4.93542e-05
5.91745e-06
0.000288674
4.91016e-05
0.000123549
-4.6744e-05
6.05004e-05
4.73455e-05
-0.000121226
-3.76829e-05
0.000142903
6.23573e-05
0.000144884
6.40659e-05
-3.73315e-05
5.89201e-05
-5.04193e-05
-7.39735e-05
9.23839e-05
2.62544e-05
7.11942e-05
4.92772e-05
-3.94065e-05
2.38822e-05
-4.01653e-05
8.98222e-05
2.54362e-05
2.46565e-05
1.77338e-05
-4.21639e-05
4.34732e-05
-1.53963e-05
-3.43957e-05
2.82429e-05
3.0473e-05
-3.34985e-05
-1.88698e-05
1.67822e-05
0.000112675
-6.92735e-05
0.000114448
-7.03175e-05
-1.89917e-05
-5.03104e-05
1.6889e-05
7.51039e-05
-5.09701e-05
7.5918e-05
-5.95978e-05
1.92178e-05
-3.29109e-05
-8.02809e-06
0.000315889
-1.01956e-05
0.000285652
0.000144181
1.75391e-05
-8.99394e-05
1.55954e-05
0.000255095
2.3334e-05
-5.2039e-05
-5.86465e-05
1.7995e-05
-3.18903e-05
-6.46863e-06
0.00030849
0.000277848
-7.96131e-06
0.000142725
-5.10574e-05
2.10837e-05
-2.71629e-05
0.000232903
0.00020883
-1.92576e-05
0.000262272
0.000196938
0.000226603
-2.25567e-05
0.000208742
-1.59411e-05
0.0002553
0.000196006
6.16874e-05
-5.10438e-05
0.000109955
0.000223369
4.99123e-05
-4.12941e-05
0.000150003
0.000242214
3.79547e-05
-3.15222e-05
0.000192758
0.000245532
0.00015439
0.000242651
0.000224565
0.00011287
0.000198454
0.000245438
7.13433e-05
-0.000170694
-5.90703e-05
0.000195723
7.13304e-05
0.000173212
-7.03579e-05
7.17353e-05
0.000197749
7.29947e-05
-5.84582e-05
7.03299e-05
0.000115489
7.54291e-05
-6.2853e-05
2.96686e-05
-7.69827e-05
-0.000118947
0.000140095
3.20031e-05
-6.39164e-05
0.000137019
3.13285e-05
3.02809e-05
6.83166e-05
-4.73308e-05
-5.63866e-05
6.25657e-05
5.04981e-05
-6.63659e-05
6.55071e-05
-5.49571e-05
-3.59272e-05
0.000478421
3.91829e-05
0.00046638
-3.11993e-05
4.00058e-05
0.000248267
-3.38136e-05
0.000224659
4.01289e-05
-3.54387e-05
0.000281525
0.000378032
0.000196896
0.000289892
0.000252845
5.99397e-05
0.000206564
4.36904e-05
0.000381524
0.000291008
0.000256095
4.79427e-05
0.000223588
0.000244492
8.08013e-05
0.000212697
0.000220031
0.000202865
0.00024594
0.000103084
0.000159342
0.000123498
0.000221635
0.000147038
0.000231921
0.000120995
0.000110444
-7.14777e-05
8.57888e-05
0.000158923
0.000280579
-8.82496e-05
0.000104561
0.000261916
0.00011084
-0.000101554
0.000118503
0.000230276
7.12717e-05
-5.44171e-05
6.52372e-05
0.000216561
0.000273644
-7.42839e-05
0.000260275
0.000110448
-5.9825e-05
0.00015585
0.000280263
-8.61411e-05
0.000227481
7.26041e-05
-4.57891e-05
0.000210584
0.000274415
-0.000110502
-0.000170061
0.000192038
3.43788e-05
0.000126402
-0.000185338
0.000208184
6.64343e-05
0.000133131
-0.000190574
0.000139272
0.000211402
9.56313e-05
0.000166049
0.0001081
-9.28034e-05
3.48998e-05
-9.44918e-05
0.000188592
3.53828e-05
3.38023e-05
0.000123171
6.42719e-05
0.000128757
0.000133522
9.01303e-05
8.97242e-05
-9.73274e-05
0.000110637
0.000134186
2.62886e-05
0.000126646
0.000151306
0.000134667
4.33004e-05
9.99262e-05
-8.57268e-05
-8.52648e-05
0.000103388
0.00010694
0.000113998
0.000154088
2.80062e-05
0.00013158
0.000141757
0.000170218
4.66392e-05
-8.33502e-05
-0.000103985
0.000127181
0.000121688
1.63157e-05
-6.43477e-05
7.90222e-05
0.000116134
0.00012069
1.52948e-05
0.00011155
4.26624e-05
0.000102833
0.000107656
5.57563e-05
0.000203785
0.00025684
0.000492211
0.000116694
1.21024e-05
-1.06878e-05
0.00015163
0.000147791
-1.46528e-05
0.000146904
4.28818e-05
-1.3129e-05
-1.55469e-05
-1.47199e-05
0.000142976
1.51225e-05
0.000117279
-1.09846e-05
-0.000121472
1.61153e-05
0.000123042
-1.25933e-05
-1.18784e-05
1.25131e-05
1.70129e-05
0.000131099
-9.42732e-06
0.000137172
1.7977e-05
-1.17624e-05
0.000671607
-5.67536e-05
3.39678e-05
0.000717445
-4.05218e-05
1.11724e-05
0.000732401
-2.59898e-05
-3.2121e-05
0.000706552
-1.43159e-05
-8.62336e-05
0.0001598
0.000160026
-1.94551e-06
-3.15852e-05
-3.65269e-05
-3.65667e-05
-3.1716e-05
0.000151413
0.000151981
-5.79767e-06
0.000160376
4.14002e-06
-4.23725e-05
0.000159916
-4.23346e-05
4.71881e-06
0.000123188
-3.68004e-05
-0.000123429
-4.87435e-06
3.06584e-06
0.000131152
-4.2519e-05
-3.67036e-05
2.75139e-06
0.000130817
-4.253e-05
8.38104e-06
0.000140276
-5.05297e-05
0.000140271
6.75317e-06
-5.04587e-05
7.8512e-06
0.000107748
-4.23157e-05
6.09178e-06
0.000107779
-4.2239e-05
-1.14599e-05
0.000108841
9.69619e-06
-4.99122e-05
0.000109229
-5.01596e-05
-1.0847e-05
-3.91023e-05
9.03645e-06
8.54416e-05
-3.92499e-05
8.56568e-05
1.48115e-05
-4.48346e-05
8.24185e-05
-4.45016e-05
8.19172e-05
1.28918e-05
-3.49683e-05
8.89879e-05
9.32562e-05
7.34358e-05
9.25031e-05
7.72331e-05
0.000129937
0.000127028
-6.73306e-05
2.89905e-05
0.000117834
0.00012087
1.61201e-05
0.000106108
-1.04444e-05
0.000111003
-1.16529e-05
1.63453e-05
0.000597122
-7.89197e-05
7.30826e-06
0.000645763
-6.63277e-05
-7.40179e-06
0.000660649
-5.19129e-05
-3.34684e-05
0.000634872
-3.72319e-05
-6.79383e-05
0.000560567
-2.17446e-05
-9.62822e-05
0.000117118
0.000117258
-7.31095e-06
-0.000105978
0.000106964
0.000106847
4.66945e-06
-9.43705e-05
7.60381e-05
8.60016e-05
8.60552e-05
7.59745e-05
-4.21964e-06
0.000106794
2.26503e-06
-3.51633e-05
0.000106583
-3.52695e-05
1.21947e-05
-7.18104e-05
5.81143e-05
5.1008e-05
5.08579e-05
5.82328e-05
3.47754e-05
-6.39144e-06
4.6376e-06
-2.88667e-05
7.16914e-05
7.10245e-06
-3.48592e-05
8.69598e-05
8.69898e-05
5.28939e-06
-2.89205e-05
7.16973e-05
1.45834e-05
-5.04415e-05
3.24933e-05
3.73306e-05
3.221e-05
3.7556e-05
8.82665e-06
-2.56863e-05
5.67692e-05
2.56349e-05
-7.73491e-06
6.1747e-06
-1.90824e-05
4.61866e-05
7.14192e-06
5.65861e-05
-1.90713e-05
4.64022e-05
1.0116e-05
-3.24877e-05
6.69603e-05
8.35925e-06
-3.23545e-05
6.67779e-05
1.20762e-05
2.21344e-05
1.88309e-05
2.24783e-05
1.84135e-05
1.57928e-05
-7.92965e-06
6.63078e-06
-1.06544e-05
2.91946e-05
9.43502e-06
-1.5789e-05
3.63704e-05
7.956e-06
3.60404e-05
-1.05963e-05
2.95802e-05
-2.60861e-05
-1.26654e-05
1.09127e-05
5.21807e-05
1.14253e-05
2.62055e-05
-1.91417e-05
4.15437e-05
9.81429e-06
-1.90279e-05
4.1238e-05
5.24741e-05
-1.40914e-05
1.22627e-05
-3.44447e-05
5.89802e-05
-3.47504e-05
5.93509e-05
8.73919e-06
-8.58107e-06
2.26009e-05
8.60977e-06
-7.03713e-06
1.69483e-05
6.12825e-06
7.58143e-06
2.21759e-05
1.74442e-05
1.13023e-05
1.38321e-05
-8.79208e-06
2.6638e-05
-1.37496e-05
-1.30103e-05
1.15354e-05
3.26883e-05
1.00159e-05
-8.68424e-06
2.62524e-05
3.30343e-05
1.66805e-05
-2.58554e-05
4.54975e-05
2.55983e-05
-1.51932e-05
1.36047e-05
-1.64953e-05
3.43606e-05
1.4872e-05
4.51318e-05
-1.67503e-05
3.46928e-05
1.81761e-05
-3.50756e-05
4.63063e-05
1.62922e-05
-3.45326e-05
4.58578e-05
-1.4368e-05
9.84791e-06
-3.71879e-06
1.32549e-05
2.19961e-05
-1.00283e-05
1.63778e-05
2.79061e-05
2.23256e-05
1.50129e-05
2.75872e-05
-2.04832e-05
-2.26311e-05
1.87054e-05
3.46187e-05
2.30444e-05
1.85592e-05
-1.15213e-05
2.52056e-05
3.49442e-05
1.71238e-05
-1.10881e-05
2.48972e-05
-2.18706e-05
2.44902e-05
2.01232e-05
-2.70391e-05
2.48341e-05
-2.78303e-05
-1.88825e-05
-3.34469e-06
2.06884e-05
1.77992e-05
1.57883e-05
1.27355e-05
1.30959e-05
5.48478e-07
1.94932e-05
2.08004e-05
2.15524e-05
-8.03677e-07
1.3345e-05
1.0037e-05
-7.936e-06
5.27549e-06
1.54539e-05
6.95756e-06
-7.81039e-06
7.94385e-06
-5.45594e-06
7.24626e-06
7.03792e-06
5.4173e-06
1.59225e-05
7.65106e-06
7.69333e-06
-5.1488e-06
-6.79105e-06
1.63361e-06
6.22749e-06
2.1412e-06
4.62426e-06
4.75729e-06
2.47694e-06
8.09177e-06
3.8589e-06
8.03651e-06
7.69542e-06
3.35954e-06
2.40055e-06
-4.18996e-06
1.32693e-05
1.71424e-05
1.15611e-05
9.57374e-06
2.03279e-05
-9.9773e-06
1.12281e-05
1.71834e-05
9.35705e-06
-1.4362e-05
8.49561e-06
-1.75819e-05
8.05544e-06
-1.2547e-05
-1.2483e-05
-2.05524e-05
1.33135e-05
-2.05824e-05
0.00019673
7.07556e-05
0.000190984
-0.000174982
-1.03025e-05
0.000147167
-0.000155696
-5.41336e-05
-0.00015598
0.000174469
2.26772e-05
-0.000146833
0.000165898
-0.000141567
-3.53343e-05
-6.57525e-05
7.76714e-05
-6.28597e-05
2.07549e-05
-0.000134417
-3.38377e-05
-6.0112e-05
2.51494e-05
-1.22588e-05
1.56032e-05
-6.63416e-06
-4.62011e-05
1.28727e-05
-8.32561e-06
1.38579e-05
-3.72052e-05
-5.37569e-06
-5.35608e-05
1.21351e-05
-1.13592e-05
1.44314e-05
-1.26229e-05
-2.02966e-05
1.3628e-05
-1.61091e-05
1.54568e-05
-1.12796e-05
1.75563e-05
-9.85541e-06
-2.74819e-05
1.19749e-05
-1.63543e-06
-5.96925e-05
1.14553e-05
-5.21493e-06
-3.31711e-05
1.0647e-05
5.33813e-06
9.50037e-06
-6.2284e-05
9.14526e-06
3.41505e-07
-3.80094e-05
4.59092e-05
1.69613e-05
-4.47747e-05
-5.74433e-05
-4.46743e-05
-5.92812e-05
-5.55776e-06
7.81296e-07
8.35022e-06
-3.84035e-05
9.96291e-06
-6.26638e-05
1.68683e-05
1.7149e-05
-7.74045e-06
-4.80368e-05
0.000379618
0.000313351
-4.3579e-05
5.92593e-05
0.000285836
-6.72891e-05
0.000215951
0.000298468
2.21032e-06
0.000123642
-8.48249e-05
0.000127971
0.000305838
-0.000121577
0.000301767
0.000231971
1.21999e-05
0.000209843
-0.000137379
8.7986e-05
0.0001264
0.000147013
0.00020259
9.54165e-06
-5.2682e-05
-0.000222913
7.55145e-05
0.000242729
-0.000101403
0.000207474
0.000295168
-0.000160983
0.000124563
0.000334858
-0.000240315
-3.1295e-05
-5.88684e-05
0.000218512
0.000270708
0.000269409
-9.94081e-05
0.000220728
0.000342869
-0.000164059
0.000122507
0.000393126
-0.000247279
-5.11606e-05
-0.000227423
-0.000126398
0.000252786
0.000139906
-0.000248525
0.000278766
-0.000183224
4.43242e-05
-0.000284706
0.000317233
-0.000243398
-0.000239289
0.000133442
-0.000176027
4.80059e-05
-0.000232216
-0.000219395
0.000216961
7.55473e-05
0.00021158
-0.000183679
-1.15096e-05
0.000162889
-0.000163877
-5.74441e-05
0.000108853
9.3781e-07
6.98069e-05
-9.94012e-05
0.000126881
9.60281e-07
8.36394e-05
-0.000103775
-4.67584e-05
6.03912e-05
1.4958e-05
9.96115e-05
7.23797e-06
2.74617e-05
0.000121731
9.22539e-06
0.000109741
2.24897e-05
6.04829e-06
-3.71849e-05
-0.000169553
3.92936e-05
1.07238e-06
0.000171556
3.37325e-06
0.000134987
2.81304e-06
-6.1595e-07
-8.52713e-07
0.000744046
-0.000161743
2.28994e-06
0.000162104
-3.0059e-05
-1.93638e-06
3.09857e-05
-7.62261e-07
1.15126e-05
0.000210373
1.1576e-05
0.000634848
1.85362e-05
1.80014e-05
3.16815e-05
8.15764e-07
0.000143938
3.6955e-05
0.000141026
1.03622e-05
3.51733e-05
-9.15221e-07
0.000152992
0.000150386
4.17716e-05
9.89274e-06
0.000223611
0.000480435
3.0448e-05
2.49013e-05
3.18026e-05
2.57354e-05
4.34315e-05
0.00013493
1.71888e-05
4.95681e-05
0.000144795
1.75027e-05
0.000131188
3.33945e-05
8.42266e-06
-3.21468e-05
3.94979e-05
1.59488e-05
0.000124983
-3.2731e-05
0.000117034
4.117e-05
2.38932e-05
1.56375e-05
0.000115252
0.000107837
2.29747e-05
0.000163168
0.000153322
7.40668e-05
7.94414e-05
7.46253e-05
7.89001e-05
-3.41004e-05
4.43014e-05
0.000105146
3.05039e-05
9.82314e-05
2.86166e-05
-3.76585e-05
6.42771e-06
3.91289e-05
4.5071e-05
5.27633e-06
4.46039e-05
4.02812e-05
1.33996e-05
5.1235e-05
1.54413e-05
4.27029e-05
5.16389e-05
-7.55259e-05
-8.32642e-05
9.5813e-05
5.5981e-05
6.17099e-05
5.39163e-05
5.96854e-05
2.8499e-05
2.99229e-05
3.28228e-05
3.52005e-05
1.56919e-05
-8.52527e-05
2.35793e-05
-9.55312e-05
2.74631e-05
2.74392e-05
1.65271e-05
2.04031e-05
2.6418e-05
2.18386e-05
1.79515e-05
9.21207e-05
1.303e-05
2.71594e-05
0.000102901
1.32549e-05
1.58707e-05
0.000100066
0.000814046
6.21933e-05
0.000227096
0.000705623
0.000107816
0.000271872
0.000540941
0.000144815
0.00022695
9.23672e-05
8.67728e-05
8.79111e-05
9.12126e-05
-3.4917e-05
2.15979e-05
3.90894e-05
5.86079e-05
-1.92868e-05
3.66519e-05
2.83519e-05
6.30705e-05
5.76084e-05
4.11686e-05
3.08612e-05
6.40825e-05
3.49566e-05
-3.92971e-06
3.11607e-05
-2.02115e-06
3.9203e-05
3.20501e-05
-3.68551e-05
4.15566e-05
5.84877e-06
3.76845e-05
3.56149e-06
3.67984e-05
1.74449e-05
3.48767e-05
0.000872148
5.64275e-05
0.000234205
0.000781964
9.3757e-05
0.000325528
0.000606411
0.000124203
0.000302352
9.83646e-05
0.000104075
0.000103012
9.93658e-05
-3.5755e-05
2.98038e-05
4.65748e-05
7.2883e-05
-2.84846e-05
3.76559e-05
3.34298e-05
6.89845e-05
6.81175e-05
3.49662e-05
4.84846e-05
7.37977e-05
2.83292e-05
8.32842e-06
4.15416e-05
-1.03905e-05
-2.98161e-05
3.53355e-05
2.01275e-05
4.6712e-05
3.35957e-05
4.22461e-05
1.80384e-05
4.59891e-05
2.71992e-05
-1.58798e-05
1.85921e-05
-1.37046e-05
3.26394e-05
1.91541e-05
2.88377e-05
-9.05568e-06
2.27277e-05
3.45342e-05
-6.84984e-06
2.32708e-05
-6.15863e-06
0.000211911
-3.83347e-06
4.54462e-06
-0.000210643
6.74011e-06
4.45223e-06
0.000223824
-3.69412e-06
4.6548e-06
4.48502e-06
0.000225626
4.78627e-05
4.30275e-05
4.33418e-05
0.000862475
6.67858e-05
6.63449e-05
7.4215e-05
0.000385094
0.000682464
9.6085e-05
0.000394866
0.000118034
0.000111859
0.000117346
0.000112478
5.84752e-05
-2.05521e-05
2.57082e-05
7.87094e-05
2.13996e-05
-5.73781e-05
7.03315e-05
8.3128e-05
2.67011e-05
7.13385e-05
8.36821e-05
7.82045e-05
-2.76437e-05
-2.12604e-05
2.69732e-05
3.97011e-05
5.43044e-05
2.01882e-05
2.63014e-05
5.01058e-05
2.56791e-05
5.05033e-05
3.84373e-05
5.38999e-05
-1.9113e-05
-2.35299e-06
2.4716e-05
2.66149e-05
3.92903e-06
2.03674e-05
5.96644e-06
2.93913e-05
2.63103e-05
2.61997e-05
7.46515e-06
2.96877e-05
1.71818e-05
-3.05579e-05
7.71979e-06
-2.87123e-05
2.26928e-05
7.92804e-06
-1.86041e-05
2.43894e-05
-2.23089e-05
1.00452e-05
-2.40693e-05
9.86681e-06
7.81439e-06
-1.47093e-05
0.000230442
-9.58951e-06
0.000233847
9.62648e-06
3.16901e-05
0.000232909
3.18142e-05
5.4176e-05
0.000100323
0.00012408
0.000123753
0.000100598
0.000767772
1.01375e-05
0.000231811
6.59949e-05
1.11798e-05
0.000232799
6.60764e-05
6.40459e-05
0.000505567
0.000128833
0.000135162
0.000134945
0.000129025
1.19504e-05
-8.50596e-05
0.000100381
9.62024e-05
8.53643e-05
-1.15124e-05
1.67558e-05
9.04275e-05
1.72488e-05
0.000100675
9.61975e-05
9.04229e-05
5.09203e-05
1.09491e-05
5.85663e-05
-1.1568e-05
-5.13631e-05
1.7331e-05
6.59825e-05
6.244e-05
6.55815e-05
6.24728e-05
1.65595e-05
5.85135e-05
-1.57794e-05
1.07942e-05
2.84877e-05
3.51623e-05
-1.00016e-05
1.64111e-05
1.57436e-05
3.25957e-05
3.262e-05
1.67371e-05
2.90286e-05
3.51238e-05
8.68289e-06
-1.78013e-05
1.19226e-05
1.69216e-05
-9.63907e-06
1.54797e-05
-6.98564e-06
1.34298e-05
1.42817e-05
1.19575e-05
-7.77576e-06
1.34135e-05
5.82049e-06
-4.28098e-05
-4.18386e-05
1.02584e-05
6.79449e-06
-3.77178e-05
1.14697e-05
-3.67923e-05
8.77612e-06
-0.000188624
-7.47421e-05
0.00022002
1.03789e-05
-7.77806e-06
0.000256274
-0.000205145
7.83359e-06
-4.24959e-05
0.000232831
9.64273e-06
0.000244601
1.66215e-05
7.36221e-06
-3.68399e-05
-0.000188464
7.79817e-06
-7.439e-05
0.000219836
1.04768e-05
-7.39417e-06
0.000256
8.79057e-06
-5.24597e-05
7.631e-06
-5.2354e-05
8.85544e-06
6.31054e-05
0.000246467
9.68733e-06
6.31029e-05
0.000246236
-7.15771e-06
0.000226858
8.91884e-06
0.000103131
-0.00022722
5.82046e-06
0.000138644
0.000209691
0.000103168
8.47102e-06
0.000138696
0.000209209
3.18901e-05
0.000151855
0.000151948
0.000166724
0.000166675
0.000152879
0.000148714
0.000153348
0.000148309
0.000118911
-1.67681e-06
7.01936e-06
0.000105439
1.84744e-06
-0.000119055
0.000137302
0.000112326
7.27348e-06
0.000137176
0.000111718
0.000106059
-6.73206e-07
-8.21141e-05
6.62946e-06
9.96709e-05
7.31031e-05
8.24081e-05
4.42147e-07
6.90498e-05
9.99724e-05
7.36968e-05
6.27647e-06
6.84691e-05
6.03412e-07
4.26484e-05
5.48139e-06
3.85075e-05
-4.29413e-05
-2.81856e-07
5.84441e-05
4.15611e-05
3.89203e-05
5.97583e-06
5.81285e-05
4.11167e-05
1.00266e-06
-3.52709e-06
5.23533e-06
1.63888e-05
1.6283e-05
3.64496e-06
-1.42586e-06
1.53158e-05
1.65647e-05
1.64798e-05
4.58394e-06
1.51383e-05
1.75791e-06
-3.11394e-05
3.04896e-06
3.12913e-05
-1.24609e-06
-2.27824e-05
3.79782e-06
-2.26848e-05
-1.27055e-05
-0.000170995
1.14031e-05
-0.000194656
0.000291858
-1.18183e-05
1.10883e-05
-5.32607e-05
0.000266912
-7.60496e-06
8.61031e-06
5.70794e-05
0.000262451
-0.000171881
-1.40724e-05
-0.00019596
0.000293746
-1.26537e-05
-5.35083e-05
0.000268866
5.72927e-05
0.000264336
-1.07731e-05
9.42121e-06
-6.91191e-05
-6.95693e-05
-4.08256e-06
0.000240761
5.75539e-06
0.000108249
0.000242724
0.00010836
-6.05677e-07
3.21933e-06
0.000154556
0.000222234
2.59651e-06
0.000191388
1.00309e-06
0.000168006
0.000154623
0.000224201
0.000193223
0.000168054
-5.53326e-06
0.000164814
0.000190815
-1.0039e-06
0.000162999
0.000190753
-8.73252e-06
-0.000160185
0.000182742
0.000128031
0.000159795
8.84073e-06
-3.14043e-06
0.000122598
-3.07393e-06
0.000182576
0.00012654
0.000124019
0.000120993
-1.15324e-05
8.25518e-05
1.14477e-05
-0.000120232
-5.01955e-06
0.000141218
8.62441e-05
0.000141831
8.75268e-05
-5.16883e-06
8.13102e-05
-7.74315e-05
-1.33381e-05
9.60316e-05
5.00946e-05
1.33177e-05
7.64148e-05
-6.50811e-06
4.59929e-05
4.68811e-05
-6.38056e-06
9.50806e-05
4.91648e-05
3.26319e-05
-1.40866e-05
1.86946e-05
1.41705e-05
-3.15858e-05
-7.05445e-06
4.73267e-05
1.94276e-05
4.83477e-05
1.98736e-05
-7.20017e-06
1.82829e-05
1.18844e-05
-1.18715e-05
-1.00848e-06
1.18167e-05
-1.25685e-05
-6.14644e-06
-5.93556e-06
-1.69215e-06
0.000176165
0.000181938
7.19118e-05
-1.41981e-05
-1.31652e-05
-1.23296e-05
-1.42715e-05
0.000180136
0.000174554
2.36278e-05
-0.000149846
0.000153178
-1.20332e-05
0.000155875
-1.82505e-05
-1.35713e-05
1.80838e-05
2.40619e-05
0.000160872
-1.45486e-05
-1.16286e-05
3.04873e-05
0.000161021
-4.82106e-06
0.000169148
3.11762e-05
-7.07591e-06
2.60842e-05
0.000139592
-6.20896e-06
2.13357e-05
0.000131856
-1.08521e-05
2.31218e-05
-1.3452e-05
0.000139352
0.000148014
2.8676e-05
-8.51525e-06
0.000780267
-4.04624e-05
4.27674e-05
0.000811494
-2.23686e-05
-1.24538e-05
0.00080499
-8.79347e-06
-2.21137e-05
-2.43824e-05
-2.20582e-05
-2.42774e-05
3.09786e-06
0.000173302
-3.42975e-05
5.65907e-06
0.000211576
-1.85058e-05
4.23429e-06
0.000212791
-1.87461e-05
0.000174299
-3.4332e-05
1.00278e-06
3.79391e-06
0.000187629
-3.70669e-05
1.98739e-06
0.000189071
-3.7253e-05
0.000206045
6.16949e-06
-3.68915e-05
-6.14996e-06
4.71426e-06
0.000172725
-4.79022e-05
0.000172065
-4.77787e-05
8.37485e-06
0.000152807
-5.89222e-05
0.000152729
6.95918e-06
-5.88356e-05
-1.14373e-05
0.000109569
9.7899e-06
-5.82404e-05
0.0001101
-5.86211e-05
1.53377e-05
-0.000199818
0.000299808
1.35469e-05
0.000275467
-5.39305e-05
-0.000197558
0.000296314
0.000271886
-5.33084e-05
0.000255251
-2.0255e-07
1.85935e-06
0.000118475
-5.57327e-06
-0.000258515
0.000236005
0.000174931
-9.9787e-06
0.000206646
0.000188241
-2.81672e-06
0.000174609
0.000232732
0.000203393
-6.25235e-06
0.000188036
0.000119024
1.50522e-05
-1.02135e-05
0.000217125
0.000172546
2.0233e-05
-1.41534e-05
0.000209917
0.000134605
0.000217209
0.000175671
0.00021016
0.000137354
2.51871e-05
-0.000166213
-1.78984e-05
0.000191552
9.78275e-05
0.000167098
-2.52076e-05
9.76455e-05
0.000192121
9.99989e-05
-1.79422e-05
9.56179e-05
-6.53965e-06
7.30051e-06
0.000280354
4.84288e-05
0.000284035
4.88034e-05
0.000117858
2.87314e-05
-2.07231e-05
5.57916e-05
-2.89102e-05
-0.000119331
0.00014131
6.0501e-05
-2.07651e-05
0.000140079
5.90289e-05
5.71753e-05
3.08088e-05
-6.71517e-05
-2.21953e-05
8.6102e-05
2.38125e-05
6.89374e-05
-3.03491e-05
2.30193e-05
8.77459e-05
2.452e-05
-2.19706e-05
2.23496e-05
1.21252e-05
2.56637e-05
-1.84625e-05
-2.62162e-05
-1.35499e-05
2.64916e-05
-1.8734e-05
2.51407e-05
1.49003e-05
0.000111194
-6.83492e-05
1.31698e-05
0.000110013
-6.75566e-05
1.49428e-05
-4.97015e-05
7.43858e-05
-4.91596e-05
1.31169e-05
7.37957e-05
1.60265e-05
-8.8421e-05
0.000250425
1.461e-05
-5.73241e-06
0.000271426
0.000141305
1.83795e-05
0.000216362
-1.43967e-05
0.000208233
-0.000266211
1.28286e-05
-9.81572e-06
0.000244631
0.000194075
-3.50685e-06
0.000140003
0.000221049
0.000208438
0.000249478
0.000194956
-2.57599e-05
0.000245388
0.000187594
-3.36444e-05
0.000241767
0.000145584
-4.15562e-05
0.000222372
0.000106533
-2.038e-05
0.00024536
0.000183101
-2.6609e-05
0.000241544
0.000141619
-3.29002e-05
0.000221727
0.000103418
-4.80561e-05
-0.000168611
0.000194092
6.90047e-05
0.000166988
4.77037e-05
-3.78418e-05
6.63696e-05
-3.80308e-05
0.000192887
6.69122e-05
6.82539e-05
-4.40645e-06
0.000302387
-2.15253e-06
0.000297273
0.000112644
-5.12971e-05
2.86843e-05
5.19874e-05
-0.000110348
-4.11274e-05
0.000132533
2.9312e-05
0.000134524
3.02568e-05
-4.07137e-05
2.7811e-05
-4.55729e-05
-4.47484e-05
6.0189e-05
4.26641e-05
4.4576e-05
-3.51149e-05
-3.57612e-05
5.82887e-05
-1.90495e-05
-4.92061e-05
1.71559e-05
5.69301e-05
5.77257e-05
-5.00909e-05
-2.65738e-05
0.000455444
1.67489e-05
-3.09676e-05
1.6609e-05
-6.8601e-06
0.000446311
-2.16694e-05
-2.85686e-05
0.000240974
0.000224883
-3.06069e-05
0.000273535
0.000374016
0.00023445
-2.38896e-05
0.000224913
-2.55733e-05
0.000266749
0.000370534
7.22145e-05
-5.96248e-05
0.00022385
6.92379e-05
6.21029e-05
-5.12936e-05
0.000104175
0.000258387
4.9976e-05
-4.1373e-05
0.000146455
0.000279913
3.85422e-05
-3.2138e-05
0.000198375
0.000275203
0.000107695
0.000259079
0.000151288
0.000279968
0.000225358
7.13348e-05
0.000204309
0.000274856
7.9366e-05
-0.000160162
-6.54452e-05
0.000183723
3.38482e-05
0.000162761
-7.81922e-05
3.44583e-05
0.00018585
3.47801e-05
-6.46764e-05
3.36714e-05
7.97716e-05
6.99551e-05
-5.74923e-05
-7.13191e-05
-8.23929e-05
0.00010045
-5.84091e-05
9.81901e-05
4.32533e-05
0.000265977
-3.76359e-05
0.00023459
4.43875e-05
-3.9639e-05
0.000269931
0.000103352
0.000383356
0.000301404
0.000263544
0.000221985
4.69479e-05
0.000102163
0.000276801
0.000274206
4.92239e-05
0.00023442
7.95067e-05
0.000221057
0.00027271
0.000243611
0.000212658
0.000281421
0.000104044
0.000158961
0.000248253
0.000152933
0.000264434
0.000124301
0.000107089
0.000144599
0.000235911
9.89246e-05
0.00023399
0.000137678
6.54629e-05
-8.93306e-05
0.000106375
9.74586e-05
0.000306337
-7.28146e-05
8.72392e-05
0.00015097
0.000331746
-0.000103929
0.000122039
0.000263361
5.96451e-05
-0.000113111
0.000129971
0.000212849
3.36007e-05
-5.4864e-05
6.46123e-05
0.000235842
0.000302259
-7.48969e-05
9.63777e-05
0.000305314
-8.77762e-05
0.000261181
6.05954e-05
-6.10259e-05
0.00014719
0.000331868
-9.63666e-05
0.000209971
3.44809e-05
-4.67685e-05
0.00022983
0.000302467
-0.000104336
-0.00012584
0.00014456
0.000119996
-0.000175048
0.000196428
3.0815e-05
0.000140641
-0.000190559
0.000154749
0.000212783
5.1788e-05
0.000122856
0.000102269
-8.68378e-05
-8.82678e-05
0.000142171
0.000117171
3.0168e-05
0.000136315
0.000148489
5.00585e-05
9.50025e-05
0.000120946
0.000140294
0.00013359
1.77499e-05
0.000111954
0.000125052
0.00013964
0.000159857
1.90171e-05
-6.97363e-05
0.000117785
8.44014e-05
0.000112865
-1.63192e-05
-0.000131582
0.000134826
1.59277e-05
-1.7505e-05
-1.8996e-05
0.000150787
-1.70139e-05
1.85553e-05
0.000158519
0.000162179
-1.84088e-05
0.000154033
3.0256e-05
0.000157659
-2.02323e-05
-1.98102e-05
-2.09438e-05
-0.000127081
0.000129063
-1.53143e-05
-1.25242e-05
-1.6382e-05
1.17145e-05
-1.47843e-05
0.000144508
-1.41791e-05
1.88811e-05
0.000118092
-1.24427e-05
1.9477e-05
0.000104735
-1.16177e-05
0.000124657
2.02963e-05
-1.47924e-05
2.05633e-05
0.000110498
-1.31739e-05
0.000706462
-7.65183e-05
9.26544e-06
0.000733724
-5.64422e-05
-3.14503e-05
0.000712982
-3.87277e-05
-8.58197e-05
0.000161789
0.00016136
-2.12862e-05
-3.68235e-05
-3.15611e-05
-3.14247e-05
-3.66244e-05
0.000153858
0.0001531
0.000124281
-1.0344e-06
-3.65522e-05
-1.16081e-06
1.26173e-06
-0.000123889
-4.25585e-05
0.000131725
-7.60369e-07
-4.27019e-05
0.000132438
-3.66309e-05
2.47557e-06
0.00016123
-4.24502e-05
0.000162331
5.07742e-07
-4.27134e-05
-5.16121e-06
0.000140996
3.5179e-06
-5.05738e-05
0.000140507
-5.04332e-05
-4.37908e-06
2.58581e-06
0.000108257
-4.21884e-05
0.000107946
-4.21795e-05
8.00477e-06
0.000108649
-4.97392e-05
0.000108638
6.3298e-06
-4.9643e-05
7.28337e-06
-3.89583e-05
8.53555e-05
-3.88797e-05
5.55182e-06
8.53621e-05
-1.10656e-05
-4.39715e-05
8.12577e-05
9.3088e-06
-4.4204e-05
8.15274e-05
3.81228e-05
-2.44171e-06
0.000249297
2.06423e-05
2.41947e-05
4.19071e-05
2.88339e-06
1.22555e-06
2.56276e-06
-9.61536e-06
2.44907e-05
8.57324e-05
-5.25984e-05
9.30993e-05
9.99492e-05
8.84565e-05
8.47901e-05
0.000103415
3.58626e-05
-6.5004e-06
6.68094e-05
-1.07604e-05
9.06646e-05
2.54366e-05
-6.36344e-06
3.68444e-05
7.18544e-05
0.000134706
0.000136956
-8.61746e-05
1.40406e-05
0.000128619
0.000126131
1.68599e-05
0.000117116
-1.45811e-05
0.000121811
-1.62366e-05
1.57737e-05
0.000614802
-9.76757e-05
-1.2713e-05
0.000644551
-8.25733e-05
-3.42784e-05
0.000629938
-6.42478e-05
-6.54667e-05
0.000561517
-4.38008e-05
-9.38118e-05
0.000117889
0.00011758
-2.46969e-05
-0.000103754
0.000107206
0.000107438
-9.44419e-06
-9.27138e-05
7.6182e-05
8.64361e-05
8.63446e-05
7.63011e-05
5.62471e-07
0.000107175
-3.51393e-05
0.000107532
-1.61704e-06
-3.50575e-05
1.08732e-07
-7.08422e-05
5.81634e-05
5.06983e-05
5.80769e-05
5.0816e-05
3.46753e-05
2.98783e-06
-2.87745e-05
7.1787e-05
-3.61523e-06
-3.46256e-05
8.72994e-05
1.7797e-06
8.71352e-05
1.15783e-06
-2.86937e-05
7.18726e-05
3.89118e-06
-5.03592e-05
3.15235e-05
3.69745e-05
3.67818e-05
3.17672e-05
-2.54858e-05
-5.53195e-06
3.87125e-06
5.63941e-05
4.59361e-06
2.55375e-05
-1.89543e-05
4.60058e-05
3.00493e-06
-1.89244e-05
4.58852e-05
5.64598e-05
-6.63507e-06
4.91652e-06
-3.21451e-05
6.66753e-05
-3.2229e-05
6.66922e-05
2.3197e-06
2.1392e-05
1.71386e-05
2.10485e-05
1.75622e-05
5.17106e-06
1.56975e-05
-1.04951e-05
2.87506e-05
-1.56645e-05
-6.47016e-06
5.00184e-06
3.5381e-05
3.82078e-06
-1.05154e-05
2.84112e-05
3.5668e-05
9.20621e-06
-2.59368e-05
5.19248e-05
2.58223e-05
-8.20664e-06
6.61263e-06
-1.87869e-05
4.07452e-05
7.52528e-06
5.17349e-05
-1.88842e-05
4.09571e-05
1.04981e-05
-3.41703e-05
5.86913e-05
8.77404e-06
-3.39644e-05
5.84948e-05
-6.30906e-06
-8.46023e-06
5.08953e-06
2.11598e-05
8.46773e-06
4.80802e-06
1.63077e-05
2.1622e-05
1.57717e-05
3.74688e-06
1.3477e-05
-8.66919e-06
7.31929e-06
-8.37859e-06
2.54461e-05
1.00522e-05
-1.35952e-05
3.2307e-05
8.57512e-06
3.19666e-05
-8.49432e-06
2.5826e-05
-2.50465e-05
-1.31248e-05
1.14248e-05
4.44825e-05
1.20237e-05
2.53097e-05
-1.62172e-05
3.4032e-05
1.04511e-05
-1.59698e-05
3.37339e-05
4.47808e-05
-1.449e-05
1.27423e-05
-3.35507e-05
4.5119e-05
-3.40044e-05
4.54561e-05
8.44641e-06
1.98945e-05
1.20802e-05
9.57618e-06
-3.39184e-06
2.16283e-05
-9.30516e-06
-1.3637e-05
1.2251e-05
2.68842e-05
1.08721e-05
-3.10346e-06
2.12587e-05
2.72361e-05
1.69984e-05
-2.21392e-05
3.4268e-05
2.16613e-05
-1.56931e-05
1.42487e-05
-1.01471e-05
2.42909e-05
1.53362e-05
3.39225e-05
-1.06063e-05
2.45907e-05
1.84431e-05
2.41459e-05
-2.62504e-05
1.67913e-05
-2.55271e-05
2.38305e-05
-1.49273e-05
2.41457e-06
4.7182e-06
1.57889e-05
1.40017e-05
-2.8876e-06
1.66841e-05
2.03874e-05
1.55366e-05
2.00611e-05
-2.01641e-05
-1.131e-05
2.02689e-05
1.87847e-05
1.2034e-05
1.84955e-05
1.28442e-05
1.32512e-06
2.05362e-05
1.74315e-05
2.05949e-06
1.25917e-05
9.1343e-06
-1.20294e-06
1.28794e-05
-1.50984e-06
1.24336e-05
8.20846e-06
5.81442e-06
5.04477e-06
1.4883e-05
-1.48515e-05
8.65797e-06
8.43448e-06
5.97818e-06
-5.90677e-06
6.62378e-06
4.99595e-06
9.77912e-07
4.56518e-06
4.52767e-06
6.3763e-06
-2.56035e-06
2.10693e-06
6.75621e-06
1.84719e-06
2.29699e-06
2.16269e-06
8.66422e-06
4.9706e-06
-6.12631e-06
6.16507e-06
4.58734e-07
4.07793e-06
4.92252e-06
4.67876e-06
1.43853e-05
1.25296e-05
1.05612e-05
1.6733e-05
1.04588e-05
-1.05687e-05
7.00218e-06
-1.81797e-05
-1.30383e-05
-1.30605e-05
7.81697e-07
-2.12957e-05
-2.13356e-05
-1.85313e-05
6.19119e-06
0.000194162
2.45696e-05
0.000185453
-0.000148466
-3.70878e-05
8.84678e-05
-6.493e-05
-0.000145548
0.000164852
1.44496e-06
-9.80704e-05
0.000112591
-0.000112715
1.26176e-06
-0.000108381
2.61172e-05
-1.31734e-05
1.55036e-05
-8.12408e-06
-3.7925e-05
1.37059e-05
-6.437e-06
-4.69111e-05
1.26601e-05
-1.11181e-05
1.44615e-05
-5.10977e-06
-5.41752e-05
1.17276e-05
-1.2026e-05
1.4851e-05
-1.22722e-05
-2.10605e-05
1.30418e-05
1.68711e-05
-9.47505e-06
-2.81779e-05
1.13471e-05
-1.4683e-06
1.08963e-05
-6.0258e-05
9.80802e-06
-4.7516e-06
-3.38871e-05
5.01071e-05
3.61653e-06
-4.50587e-05
-5.91035e-05
-5.77081e-05
-4.51054e-05
7.03386e-06
-5.84165e-06
1.29113e-06
-3.89035e-05
6.03004e-06
-7.90446e-06
7.71157e-06
-6.32804e-05
1.72394e-06
5.78752e-06
-3.91173e-05
-6.30645e-05
1.29002e-06
-4.38219e-06
8.86946e-06
-3.43728e-05
1.02084e-05
-6.06871e-05
1.64906e-05
-4.73338e-05
9.09945e-05
0.000292379
-5.67274e-05
0.000229053
0.000292248
-4.8606e-05
0.000110076
-6.99373e-05
0.000187926
0.000298974
-9.50368e-05
0.000301205
0.000240131
-6.9285e-05
0.00033044
-0.000101028
0.000255355
0.000295259
-0.000172881
0.000428181
9.66274e-05
0.000172642
7.2464e-05
-7.82904e-05
-0.000254282
-0.000140552
0.000286036
-0.000128321
0.000141561
0.000320016
-0.000189177
3.21761e-05
0.000358511
-0.000252133
-0.000271731
0.000271257
0.000223162
0.000335082
-0.000130373
0.000137996
0.000382133
-0.000193397
6.50951e-06
0.00040426
-0.000255942
-0.00030921
-0.00024067
-0.000149631
0.000271745
7.52375e-05
-0.000235498
0.000266009
-0.000201089
-2.84957e-05
-0.000177904
0.000189588
-0.000179745
-7.1228e-05
7.83041e-05
-0.000192214
-1.59143e-05
-0.000171466
-6.29439e-05
0.000215768
2.50105e-05
0.000204981
-0.000155053
-3.98603e-05
9.79518e-05
-6.69281e-05
7.47927e-05
8.97631e-05
1.72382e-05
9.5672e-05
8.68998e-07
2.93799e-05
0.000119888
4.95258e-06
0.000106089
2.52287e-05
-5.19328e-07
4.03623e-05
-0.000178924
-6.69397e-07
0.000181898
-3.81055e-05
4.00941e-05
-4.78822e-06
0.00017302
-4.57905e-05
0.000170985
4.92632e-05
8.61048e-06
-6.91226e-07
0.000107107
2.71844e-07
-4.28642e-06
-3.87735e-06
0.0008326
-0.000187428
4.01646e-05
-2.29116e-06
0.00019273
3.15727e-05
-3.96205e-06
-5.34221e-06
3.05719e-05
1.05545e-05
0.000234128
1.03201e-05
0.000724632
1.82935e-05
1.86838e-05
-2.67637e-06
0.000163055
0.000160447
9.21448e-06
0.000287496
3.50125e-05
0.000556012
3.3425e-05
2.76754e-05
2.66533e-05
-5.51145e-05
6.01357e-05
0.000166384
1.81164e-05
0.000155172
1.77297e-05
3.2542e-05
-5.26175e-06
0.000141388
3.88015e-05
0.000141162
7.73126e-06
3.61173e-05
-7.72312e-06
0.000151247
0.000151163
4.3569e-05
6.95428e-06
0.000247576
0.000173443
9.37729e-05
8.99132e-05
8.91888e-05
9.45237e-05
-0.000127167
5.26441e-05
0.000116934
3.23387e-05
4.89648e-05
2.48695e-05
-0.000136653
6.25189e-05
0.000124077
3.45032e-05
5.67691e-05
2.60739e-05
4.62674e-05
0.000135257
1.63237e-05
5.25337e-05
0.000145557
1.68422e-05
0.000130067
3.55347e-05
3.86325e-06
-3.55591e-05
4.33268e-05
1.43995e-05
0.000123849
-3.55053e-05
0.000115786
4.41889e-05
2.44066e-05
1.36779e-05
0.000113448
0.000106139
2.30002e-05
-0.000102903
-9.57426e-05
0.000186249
3.77552e-05
4.09588e-05
4.13096e-05
4.49357e-05
7.15762e-05
7.83636e-05
7.34845e-05
7.65253e-05
4.28433e-05
2.41179e-05
5.95947e-05
-2.6737e-05
-4.54606e-05
3.67301e-05
4.93259e-05
6.5583e-05
4.61688e-05
6.00041e-05
3.36e-05
6.51261e-05
-3.70299e-05
4.76617e-05
3.27546e-05
2.94462e-05
7.12209e-06
3.84753e-05
4.4228e-05
-4.27742e-05
1.10248e-06
4.51851e-05
3.34999e-05
-2.98292e-07
3.29968e-05
4.57602e-05
8.14898e-06
3.85842e-05
4.34611e-05
1.72833e-05
5.07904e-05
1.03747e-05
4.90921e-05
3.90348e-05
6.56454e-06
3.58012e-05
4.18475e-05
1.85775e-05
4.27082e-05
4.84253e-05
5.7155e-05
1.36751e-05
-6.91829e-05
2.42798e-05
8.49259e-06
4.39375e-05
2.54504e-05
6.86184e-05
-8.08304e-05
2.73483e-05
3.13615e-05
2.33735e-05
5.42472e-05
3.46907e-05
1.75708e-05
-8.13561e-05
2.20834e-05
-9.2625e-05
2.98058e-05
2.69987e-05
1.88968e-05
1.91981e-05
2.96085e-05
2.14026e-05
2.20002e-05
8.80985e-05
9.27088e-06
3.23045e-05
9.94944e-05
9.54549e-06
1.87359e-06
3.23745e-05
0.000894758
5.70515e-05
0.000237258
0.000803259
0.000113447
0.00033483
0.000622975
0.000158322
0.000316864
0.000102473
0.000105951
0.000101101
0.000107382
-4.25672e-05
-4.02988e-05
4.55418e-05
5.34031e-05
7.62883e-05
3.84299e-05
3.99199e-05
7.02046e-05
4.33503e-05
7.12846e-05
5.06964e-05
7.51035e-05
-3.88398e-05
1.52726e-05
4.39371e-05
4.40868e-05
-1.27177e-05
4.08837e-05
2.25393e-05
4.77008e-05
4.32081e-05
4.63867e-05
2.52346e-05
4.86175e-05
3.81365e-05
-1.14442e-05
1.98597e-05
-9.21835e-06
4.34306e-05
2.0555e-05
-4.03447e-05
4.60439e-05
-1.92438e-06
2.46914e-05
-4.44722e-06
2.39908e-05
-5.52376e-06
6.67512e-06
-2.10064e-05
-1.9249e-05
-1.97675e-05
-1.87997e-05
0.00023627
0.000234334
0.00023151
0.000228859
4.89697e-05
4.46598e-05
4.43598e-05
0.000880938
6.73903e-05
6.78982e-05
9.41734e-05
0.000390382
0.000697152
0.000132106
0.000402964
0.000119658
0.000115204
0.000113945
0.000120971
5.99511e-05
3.10608e-05
7.96357e-05
-3.22906e-05
-6.17851e-05
3.7907e-05
7.4419e-05
8.58246e-05
7.26605e-05
8.47135e-05
3.64504e-05
8.06755e-05
-2.93303e-05
3.28494e-05
4.13168e-05
5.50203e-05
-3.13255e-05
3.13983e-05
3.70964e-05
5.19428e-05
5.11793e-05
3.88793e-05
4.33437e-05
5.58224e-05
3.05418e-05
-4.35818e-07
2.70959e-05
-1.78994e-06
-3.22591e-05
3.84953e-05
1.15292e-05
3.07366e-05
3.65076e-05
2.76405e-05
9.32571e-06
3.01682e-05
2.85193e-05
-2.65419e-05
8.21498e-06
-2.4165e-05
3.46188e-05
8.50617e-06
3.04712e-05
-2.02113e-05
1.03152e-05
3.68215e-05
-1.78451e-05
1.06007e-05
6.76168e-06
-1.47724e-05
0.000231853
9.5136e-06
0.00023511
3.1855e-05
-1.4889e-05
0.000233403
0.000236886
9.33605e-06
3.22593e-05
7.32205e-05
0.000101457
0.000124496
0.000100982
0.000125024
0.000776565
-1.21532e-05
1.28978e-05
0.000236005
6.69221e-05
0.000234079
6.64025e-05
9.89159e-05
0.000509081
0.000130612
0.000136065
0.000136944
0.000129758
-2.27397e-05
-8.69524e-05
2.82959e-05
0.000102049
9.73813e-05
8.60385e-05
2.21171e-05
9.07906e-05
0.000101228
9.66654e-05
2.75476e-05
9.14337e-05
5.33282e-05
-2.22943e-05
2.81897e-05
5.91869e-05
2.32418e-05
-5.21612e-05
6.67008e-05
6.26776e-05
2.93092e-05
6.77736e-05
6.31693e-05
5.87457e-05
-1.88556e-05
-2.28179e-05
2.90978e-05
3.12907e-05
3.55894e-05
2.16109e-05
1.74423e-05
3.27627e-05
2.76642e-05
3.30594e-05
2.99765e-05
3.5285e-05
-2.00788e-05
-1.39595e-05
2.61095e-05
1.22347e-05
1.56247e-05
2.15157e-05
-5.79418e-06
1.35248e-05
1.20686e-05
2.77896e-05
-4.2307e-06
1.3685e-05
1.49384e-05
-4.04626e-05
-3.88e-05
1.9876e-05
-1.63806e-05
2.1569e-05
-3.39431e-05
-3.55067e-05
7.36947e-06
-4.23528e-05
0.000234153
0.000245736
9.45796e-06
1.65807e-05
0.000227108
1.0819e-05
0.000103126
-1.12391e-05
-0.000228014
1.40124e-05
0.000139157
0.000210163
0.000138846
0.000209247
1.282e-05
0.000103383
6.48834e-05
0.000152362
0.000152115
0.000166844
0.000167016
0.000152694
0.000148294
0.000152977
0.000148043
1.05356e-05
0.00024679
6.29577e-05
1.13682e-05
0.000247891
6.30887e-05
0.000118904
1.22754e-05
0.000105054
-1.2517e-05
-0.00011919
1.78967e-05
0.000137468
0.000111505
0.000137243
0.000111363
1.76207e-05
0.000105164
1.25315e-05
-8.21169e-05
9.96897e-05
7.27276e-05
8.24646e-05
-1.20874e-05
1.79801e-05
6.80527e-05
1.85074e-05
9.99438e-05
7.27424e-05
6.80766e-05
4.27525e-05
1.15279e-05
3.8255e-05
-1.2189e-05
-4.32247e-05
1.84748e-05
5.85849e-05
4.07941e-05
5.81713e-05
4.08408e-05
1.76457e-05
3.81996e-05
-3.82349e-06
1.14532e-05
1.6613e-05
1.6155e-05
-1.0575e-05
4.5131e-06
1.66454e-05
1.50265e-05
1.50297e-05
1.77404e-05
1.72158e-05
1.61338e-05
7.86503e-06
-3.06112e-05
2.97622e-05
-8.83404e-06
1.39734e-05
-2.14717e-05
1.27924e-05
-2.2234e-05
1.01825e-05
-0.000170421
-0.000193797
0.000290696
1.0482e-05
-5.29605e-05
0.000265809
9.66192e-06
5.70307e-05
0.000261297
-0.0001886
7.30659e-06
-7.38649e-05
0.000220461
9.96846e-06
0.00025639
-6.42882e-06
6.57502e-06
-5.23192e-05
-0.00017025
9.18018e-06
-0.000193391
0.000290252
1.0097e-05
-5.26479e-05
0.000265475
1.07139e-05
5.71903e-05
0.000260861
8.16445e-06
-6.88163e-05
6.94399e-06
-6.86545e-05
7.50179e-06
0.000239674
0.000108214
0.0002393
9.3124e-06
0.000108257
5.8876e-06
0.000154563
0.000221087
4.47241e-06
0.000190085
0.000167992
8.61774e-06
0.000154614
0.000220652
0.0001895
8.07477e-06
0.000168055
-3.31173e-06
7.69253e-06
0.000161102
0.000190741
0.000161734
0.000190711
-2.19225e-06
-0.000159504
7.52468e-06
0.000182422
0.000124629
0.000159529
2.10583e-06
0.000121241
0.000182411
0.0001252
7.42549e-06
0.000120661
0.000119494
-9.12875e-07
6.91192e-06
7.96166e-05
1.06738e-06
-0.00011972
0.000140821
8.51389e-05
7.14386e-06
0.000140604
8.45319e-05
8.02296e-05
-2.32604e-07
-7.54448e-05
6.7571e-06
9.41424e-05
4.78811e-05
7.57463e-05
1.16944e-08
4.52278e-05
9.44665e-05
4.83634e-05
6.40424e-06
4.47603e-05
6.08264e-07
3.07502e-05
5.83804e-06
1.76998e-05
-3.09747e-05
-2.60553e-07
4.67047e-05
1.90372e-05
1.79183e-05
6.36877e-06
4.64373e-05
1.88004e-05
3.03428e-07
1.28244e-05
5.18665e-06
-2.03154e-06
-1.2864e-05
-7.49009e-07
-2.01628e-06
4.52891e-06
-1.16184e-05
-0.000108471
1.01732e-05
-8.47403e-05
-1.24796e-05
1.1687e-05
0.00023939
-8.10235e-06
9.01572e-06
4.77006e-05
0.000275378
-3.7601e-06
0.000250836
5.84802e-06
0.000117776
-0.000109115
-1.31085e-05
-8.53543e-05
-1.3333e-05
0.000241091
4.79088e-05
0.000277448
0.000252728
0.000118067
-1.15318e-05
9.9835e-06
-6.64732e-05
-6.69465e-05
-4.2594e-09
2.89322e-06
0.000228357
0.000174146
2.63998e-06
0.000198888
9.11124e-07
0.000187801
0.000174325
0.000230205
0.000200791
0.000187852
-8.47732e-06
0.000132234
0.000209645
-5.61284e-06
0.000170004
0.000217001
-3.01296e-06
0.000130542
0.000209569
-1.12891e-06
0.000168143
0.000217015
-1.11833e-05
-0.000165532
0.000191072
9.57761e-05
0.000165075
1.12771e-05
-4.88314e-06
9.23466e-05
-4.72207e-06
0.000190768
9.43863e-05
9.36526e-05
0.000116719
-1.33069e-05
5.44485e-05
1.32591e-05
-0.000115879
-6.16412e-06
0.000138409
5.66189e-05
0.000139118
5.76212e-05
-6.27697e-06
5.34822e-05
-6.57894e-05
-1.4253e-05
8.48313e-05
2.31104e-05
1.42165e-05
6.48079e-05
-6.91431e-06
2.12096e-05
2.16852e-05
-6.79781e-06
8.39099e-05
2.26076e-05
1.11076e-05
-1.18838e-05
1.19087e-05
-1.04263e-05
-5.53872e-06
2.34839e-05
2.41559e-05
-5.7193e-06
0.000197387
0.000191342
4.05527e-05
0.000189993
0.000195876
-1.82111e-05
-1.99589e-05
-2.04263e-05
-1.86424e-05
-2.34234e-05
-0.000168752
2.18197e-05
0.000176983
-2.08253e-05
0.000162869
1.73254e-05
-1.67567e-05
0.000168939
-1.77613e-05
-1.90349e-05
1.55155e-05
-3.19403e-05
0.000187663
3.0684e-05
-1.16126e-05
0.000178886
-9.0587e-06
3.07254e-05
0.000157055
-1.07467e-05
2.44084e-05
0.00014754
-1.6352e-05
0.000166118
3.18642e-05
-1.34603e-05
2.46863e-05
0.00015554
-1.95796e-05
2.68447e-05
0.000133409
-1.12604e-05
2.2844e-05
0.000118353
-1.39315e-05
2.49361e-05
0.000125912
-1.67988e-05
0.000142282
2.95446e-05
-1.41457e-05
0.000828784
-5.81611e-05
-1.64997e-05
0.000822768
-3.56718e-05
-2.23654e-05
-2.27057e-05
-2.47785e-05
-2.55112e-05
0.000177103
9.16905e-07
-3.475e-05
-3.59382e-06
-8.26388e-08
0.000193079
-2.2569e-06
-3.80197e-05
0.0001757
-3.44793e-05
0.00019086
-3.75328e-05
4.91986e-06
0.000207424
-3.70515e-05
3.51533e-06
0.000209132
-3.74025e-05
3.1998e-06
0.000173857
-4.81794e-05
1.53207e-06
0.000175359
-4.86133e-05
0.000189388
5.4928e-06
-5.24721e-05
-5.54647e-06
4.11433e-06
0.000153635
-5.91088e-05
0.000153014
-5.88725e-05
8.21827e-06
0.000109305
-5.80064e-05
0.000109232
6.69268e-06
-5.79041e-05
-1.13663e-05
-4.83797e-05
7.30787e-05
9.68446e-06
-4.87097e-05
7.33666e-05
1.45501e-05
-8.71479e-05
1.38936e-05
0.000246594
-8.61042e-05
0.000243566
0.000258686
1.26535e-06
1.03503e-06
0.000137843
-1.05498e-05
0.000212455
0.000207945
-6.85971e-06
-0.000262007
0.00024069
0.000193291
-3.90371e-06
0.000192799
0.00023754
0.00020926
-6.77479e-06
0.000207733
0.000138811
1.53273e-05
-1.04856e-05
0.000245314
0.000176229
2.0181e-05
-1.41389e-05
0.000241285
0.000135136
2.5055e-05
-1.78026e-05
0.000220884
9.80216e-05
0.000245307
0.000179303
0.00024135
0.000138053
0.000221194
0.000100437
2.89998e-05
-0.000164672
-2.07162e-05
0.00019115
6.30662e-05
0.000165687
-2.89395e-05
6.43669e-05
0.000191892
6.47628e-05
-2.07183e-05
6.28036e-05
-1.18956e-07
2.33028e-06
0.000289784
0.000293126
0.000107002
3.112e-05
-2.23172e-05
2.60887e-05
-3.13224e-05
-0.000108486
0.000130912
2.82701e-05
-2.23885e-05
0.000129631
2.7466e-05
2.68416e-05
2.70047e-05
-3.9762e-05
-1.90662e-05
5.5636e-05
4.10271e-05
-2.66311e-05
5.67906e-05
-1.89028e-05
1.53572e-05
-4.84246e-05
5.62599e-05
-4.77618e-05
1.36335e-05
5.57246e-05
-3.01935e-05
1.54514e-05
-1.67211e-05
0.000438744
1.95628e-05
0.000224213
-1.54321e-05
0.00022452
-0.000432471
2.06147e-05
-1.58076e-05
0.000256755
0.000364984
-1.19167e-05
0.000228879
0.000224709
0.000261259
0.000367483
-2.63242e-05
0.000193097
0.000275357
-3.36991e-05
0.000279889
0.000141799
-4.16765e-05
0.000257912
0.000100427
-4.8359e-05
0.000222705
6.66541e-05
-2.09064e-05
0.000188641
0.000275514
-2.66993e-05
0.00027997
0.000137675
-3.29659e-05
0.000257663
9.69718e-05
-3.8191e-05
0.000221884
6.42528e-05
-5.28954e-05
-0.000158057
0.000181995
3.25175e-05
0.000156378
5.24341e-05
-4.13501e-05
3.14411e-05
-4.16171e-05
0.000180649
3.13627e-05
3.24782e-05
7.76628e-05
-4.62818e-05
4.68643e-05
-7.599e-05
-3.65103e-05
9.49481e-05
9.63748e-05
-3.61721e-05
1.58663e-05
-6.07898e-06
1.39438e-05
1.59556e-05
-3.22869e-05
0.000258776
0.000234292
-3.44336e-05
0.000264498
0.000104312
0.000252555
-2.71903e-05
0.000234011
-2.89982e-05
0.000260066
0.000105033
7.3286e-05
-6.03397e-05
0.000258612
5.64666e-05
8.06299e-05
-6.62952e-05
0.000206074
3.25524e-05
6.24198e-05
-5.14472e-05
8.92414e-05
0.000304629
5.10303e-05
-4.22765e-05
0.000137125
0.00033241
3.96648e-05
-3.3219e-05
0.000218337
0.000302975
0.000259592
5.89701e-05
9.31421e-05
0.000304748
0.000142213
0.000332069
0.000207729
3.37195e-05
0.000223885
0.000302644
7.3244e-05
-0.00011853
-5.95746e-05
0.000138709
0.000120383
-7.23122e-05
0.000140139
-5.89804e-05
5.68931e-05
0.000269868
-4.98768e-05
0.000227637
5.57923e-05
-4.94485e-05
9.70088e-05
9.85345e-05
0.000284436
0.000282773
0.000233113
6.07655e-05
9.71897e-05
0.000275723
6.29157e-05
0.000229475
0.000105643
0.000332001
0.000152073
7.72248e-05
0.000240687
0.000302183
0.000282846
0.000153789
0.000308246
0.000127125
9.43991e-05
0.000267682
9.58329e-05
0.000266531
0.000142641
5.39458e-05
0.000161074
0.000238097
5.02148e-05
0.000216598
0.000145312
2.99524e-05
-0.000105837
0.000124993
3.22058e-05
0.000309458
-9.06386e-05
0.000108192
6.92643e-05
0.000370489
-7.70596e-05
9.19993e-05
0.000134936
0.000417712
-0.000116566
0.000134601
0.000230595
2.38637e-05
-0.000106504
0.000122857
0.000161808
-5.20359e-05
5.96239e-05
0.00031195
0.000258444
-8.89135e-05
0.000307899
3.27356e-05
-7.58302e-05
6.75246e-05
0.00037017
-9.89331e-05
0.000228353
2.45808e-05
-6.47508e-05
0.000131486
0.000417902
-8.98476e-05
0.000159995
-4.49367e-05
0.000306926
0.00025831
-0.000130231
0.0001483
0.000132741
-0.000180261
0.000150993
0.000200942
2.07551e-05
0.000129063
0.000145483
2.04866e-05
0.000100155
0.000122942
0.00012758
0.000116644
-2.10719e-05
0.000138476
2.09594e-05
-2.0552e-05
1.44818e-05
-0.000136477
0.000140486
-2.09724e-05
-2.12152e-05
0.000122772
2.08348e-05
-1.80862e-05
1.79037e-05
0.00015812
-2.01923e-05
0.000170738
0.000167777
0.000166552
-2.68618e-05
4.36274e-06
0.000163544
-2.47021e-05
-2.71755e-05
-2.56949e-05
0.000164339
1.5667e-05
-2.3478e-05
-0.000140223
1.23398e-05
0.000145756
-2.36225e-05
1.01797e-05
-2.00458e-05
-2.1966e-05
7.93439e-06
0.000131658
-1.75494e-05
0.000116971
-1.58204e-05
2.30409e-05
0.000104014
-1.4355e-05
2.71627e-05
-1.06994e-05
8.21592e-05
0.00011059
2.47977e-05
-1.66417e-05
-1.19556e-05
2.88935e-05
8.77155e-05
0.000726912
-9.61618e-05
-3.33762e-05
0.000716128
-7.00748e-05
-8.62933e-05
0.00016313
0.000163585
-4.50849e-05
0.000154858
0.000155585
-3.70907e-05
-3.74754e-05
-3.15207e-05
-3.15749e-05
-0.000125171
2.88527e-06
-5.3261e-06
-4.32647e-05
0.000134053
-3.12477e-06
0.000124805
-3.65132e-05
-3.64966e-05
-5.64323e-06
-4.29028e-05
0.000133208
1.55329e-06
0.000165163
-4.01963e-06
-4.35889e-05
0.000163704
-4.30216e-05
7.27989e-07
0.000108754
-4.22793e-05
1.79905e-06
0.000141809
-5.08149e-05
-1.26542e-06
0.000109261
-4.24376e-05
0.000142813
-9.33108e-08
-5.11961e-05
-4.68657e-06
0.000109176
2.98362e-06
-4.97895e-05
0.000108806
-4.96504e-05
-3.83456e-06
-3.88583e-05
2.04568e-06
8.57581e-05
-3.88431e-05
8.5516e-05
7.59758e-06
-4.3805e-05
8.11325e-05
-4.3709e-05
8.11066e-05
5.91905e-06
-5.00011e-06
5.80289e-05
3.31818e-05
-1.53986e-05
0.000126596
0.000268942
3.2402e-05
5.40933e-05
5.03102e-05
3.60947e-05
9.95551e-07
-1.53938e-06
-1.63075e-06
-6.63942e-06
9.06642e-05
2.30788e-06
1.0787e-05
5.75688e-06
9.2557e-05
1.52267e-05
1.3183e-06
6.12563e-05
3.80731e-05
0.000136195
-1.37733e-05
1.10131e-05
0.000138468
-1.20607e-05
0.000144256
-7.28138e-05
8.12266e-05
0.000112644
9.50766e-05
0.00010976
9.82653e-05
-1.29354e-05
2.64874e-05
9.72528e-05
-3.92387e-05
1.46184e-05
-9.72406e-06
3.89265e-05
8.38743e-05
-9.45018e-06
7.89106e-05
0.000102117
2.61667e-05
4.00097e-05
-8.18586e-06
6.09977e-05
-8.96441e-06
4.23936e-05
6.64793e-05
0.000140919
0.000139723
-0.000108005
-1.03763e-05
0.000131916
0.000133381
-1.47375e-05
0.000131302
-2.1975e-05
1.20636e-05
0.000127312
-2.01912e-05
0.000614101
-0.000115326
-4.09309e-05
0.00061618
-9.56199e-05
-6.55104e-05
0.000557979
-6.97554e-05
-9.1417e-05
0.000117452
0.000118125
-4.43237e-05
-0.000101128
0.000107487
0.000106838
-2.43556e-05
-9.02342e-05
7.64146e-05
8.64827e-05
7.61088e-05
8.67209e-05
3.5261e-06
0.000108178
-5.9614e-06
-3.50331e-05
0.000107949
-3.5115e-05
-1.20069e-05
-6.89682e-05
5.80914e-05
5.07129e-05
5.82059e-05
5.05325e-05
3.44983e-05
5.2925e-07
-2.47165e-06
-2.85606e-05
7.21867e-05
5.85382e-08
-3.45613e-05
8.75793e-05
8.77688e-05
-1.92492e-06
-2.86556e-05
7.20824e-05
-6.4951e-06
-4.93926e-05
3.11841e-05
3.63732e-05
3.65379e-05
3.0953e-05
2.25655e-06
-2.53932e-05
5.63969e-05
2.53249e-05
-1.42512e-06
-2.27234e-07
-1.87305e-05
4.57562e-05
5.51841e-07
5.64129e-05
-1.88102e-05
4.58128e-05
3.19819e-06
-3.21053e-05
6.67676e-05
1.42317e-06
-3.21204e-05
6.69097e-05
-7.23174e-06
2.00598e-05
1.6349e-05
1.59475e-05
2.03785e-05
1.55476e-05
-2.35666e-06
9.32523e-07
-1.03649e-05
2.7765e-05
3.51302e-06
-1.55861e-05
3.50951e-05
2.02876e-06
3.48892e-05
-1.03944e-05
2.80396e-05
-2.56473e-05
-5.86191e-06
4.1968e-06
5.15615e-05
5.00691e-06
2.57159e-05
-1.8681e-05
4.05767e-05
3.38471e-06
-1.86259e-05
4.04859e-05
5.16101e-05
-7.07477e-06
5.38528e-06
-3.37484e-05
5.84042e-05
-3.38106e-05
5.8397e-05
3.74925e-06
-8.36023e-06
2.05975e-05
8.34041e-06
-2.36836e-06
1.45871e-05
1.14464e-06
2.46646e-06
2.01563e-05
1.51082e-05
5.90986e-06
1.33345e-05
-8.2204e-06
2.50459e-05
-1.32457e-05
-7.07539e-06
5.56845e-06
3.13467e-05
4.48602e-06
-8.13752e-06
2.47269e-05
3.16181e-05
9.74466e-06
-2.48034e-05
4.42381e-05
2.4618e-05
-8.86941e-06
7.28326e-06
-1.55732e-05
3.32865e-05
8.08224e-06
4.40509e-05
-1.57366e-05
3.3472e-05
1.10389e-05
-3.31759e-05
4.48608e-05
9.36378e-06
-3.28876e-05
4.46779e-05
-7.23194e-06
5.99359e-06
1.89421e-05
1.93869e-05
8.77485e-06
-9.59293e-06
8.27397e-06
-2.53183e-06
2.05221e-05
1.08312e-05
-9.01681e-06
2.65265e-05
9.39227e-06
2.62105e-05
-2.78041e-06
2.08688e-05
-2.07923e-05
-1.36993e-05
1.2077e-05
3.33463e-05
1.27772e-05
2.11981e-05
-9.70344e-06
2.40089e-05
1.12785e-05
-9.32391e-06
2.37641e-05
3.36114e-05
-1.5148e-05
1.35087e-05
-2.43367e-05
2.33333e-05
-2.4882e-05
2.35568e-05
9.51178e-06
1.63306e-05
1.29937e-05
1.90426e-06
5.26381e-06
1.54683e-05
-1.4331e-06
-1.43367e-05
1.30889e-05
1.94179e-05
1.19109e-05
5.75478e-06
1.51537e-05
1.9734e-05
1.73855e-05
-1.05923e-05
2.00091e-05
9.94395e-06
-1.62907e-05
1.50624e-05
3.41847e-06
1.21567e-05
1.5954e-05
1.97709e-05
2.77367e-06
1.23655e-05
1.49343e-05
-5.43098e-06
1.08873e-05
1.60785e-05
2.68704e-05
1.51687e-05
-1.10753e-05
9.64116e-06
7.13298e-06
-1.87489e-06
1.19265e-05
7.74113e-06
-1.53907e-05
-3.66454e-06
9.07914e-06
-6.53942e-06
2.39542e-06
5.10568e-06
4.47525e-06
4.37778e-06
5.4262e-06
-1.48574e-05
1.9474e-06
5.05913e-06
7.19953e-07
2.19052e-07
1.88455e-06
-3.39269e-06
4.66618e-06
1.33354e-05
2.08513e-06
8.99931e-06
-6.45766e-06
5.52061e-06
-2.58122e-06
-8.33452e-07
1.30265e-06
-2.67493e-07
4.74789e-06
1.3809e-05
-2.11632e-06
6.0126e-06
1.14957e-05
6.76492e-06
-1.57723e-05
1.16856e-05
-1.33156e-05
-1.34477e-05
-1.63287e-05
-2.18634e-05
-2.17665e-05
4.87489e-06
-1.89557e-05
-1.91944e-05
3.62413e-06
0.000184747
1.6926e-06
0.000127286
-0.000116712
-0.000105586
0.000121896
1.42942e-05
-7.93406e-06
-3.86279e-05
1.33568e-05
-6.25585e-06
-4.74977e-05
1.22384e-05
-4.86069e-06
1.10797e-05
-5.47495e-05
1.40923e-05
-1.27676e-05
-1.19439e-05
-2.17293e-05
1.22813e-05
1.05017e-05
-9.07917e-06
-2.88233e-05
5.42107e-05
-1.48494e-05
-4.51779e-05
-5.77263e-05
-5.83523e-05
-4.53305e-05
-6.52795e-06
-4.13413e-06
2.68962e-06
2.36934e-06
-3.9452e-05
5.58826e-06
6.37986e-06
-6.33601e-05
4.68462e-06
-6.33325e-05
2.31105e-06
-3.9379e-05
7.69121e-06
1.00802e-06
-3.91189e-06
-3.48213e-05
-8.58386e-07
-9.22333e-06
8.14429e-06
-6.13443e-05
-3.59771e-06
6.38488e-06
-3.50716e-05
-6.10726e-05
4.67673e-06
-8.74594e-06
9.51635e-06
-2.93182e-05
1.02544e-05
-5.51851e-05
-6.10464e-05
0.000103435
-6.77005e-05
0.000225899
0.000293296
0.000302105
0.000243588
-0.000105435
0.000334151
-7.9736e-05
0.000254951
0.000323936
-0.000136804
0.000420556
0.00011858
-4.70713e-05
0.000544872
-0.000182721
0.000482608
0.000195146
-0.000200748
0.000495442
-7.02149e-05
-0.000302683
-0.000556467
0.000314236
-0.000153819
6.37126e-05
0.000309664
-0.000208778
-5.48335e-05
0.000192565
-0.000189718
-8.49893e-05
0.00033279
0.000148488
0.000377231
-0.000157242
3.88458e-05
0.000368526
-0.000210875
-9.74204e-05
0.000194355
-0.000208094
-0.000102904
-0.000240568
-0.000168001
0.000272104
1.06143e-05
-0.00022381
0.000242037
-0.00017016
-5.63085e-05
-0.0001025
9.76962e-05
-6.64247e-05
2.23642e-05
-0.000161674
-4.4536e-05
-6.74916e-05
0.000204866
8.31183e-07
0.000140929
-0.000120432
1.9002e-05
8.97974e-05
-1.12675e-05
3.26178e-05
0.000116769
-2.07926e-06
0.000100776
2.71694e-05
-1.38653e-05
4.11649e-05
-7.08559e-06
0.000184231
5.15647e-05
0.000182526
7.62564e-06
-3.90724e-05
4.10665e-05
-1.34572e-05
0.000172792
-4.7685e-05
0.000173354
5.09325e-05
5.02972e-06
-3.82163e-05
-0.000206974
3.38005e-05
-6.82684e-06
0.000217525
-4.4021e-06
-6.98023e-06
-7.86679e-06
-8.32269e-06
1.25714e-05
7.3886e-06
7.6141e-06
1.38463e-05
0.000923917
-0.000197626
-4.71092e-06
0.000204558
-2.83118e-05
-9.44688e-06
2.38853e-05
-7.90204e-06
7.60197e-06
0.00024001
8.36472e-06
0.000832587
1.75883e-05
1.76277e-05
4.08054e-05
-9.80442e-06
0.000195536
0.000194945
5.29846e-05
6.68554e-06
0.000347965
3.65833e-05
0.000644846
3.81403e-05
2.85153e-05
2.95257e-05
6.42081e-05
0.000178464
1.82828e-05
6.73834e-05
0.000191966
1.84873e-05
-1.03565e-05
0.00016178
0.000162093
6.06106e-06
-7.03895e-05
-0.000158371
8.01043e-05
0.000144798
3.887e-05
0.00033745
0.000194913
0.000104311
0.000110441
0.000105355
0.000109442
-0.000147536
0.000136621
3.64695e-05
-6.38178e-05
7.08999e-05
2.86065e-05
2.72412e-05
-5.81447e-05
6.3165e-05
0.000168615
1.7835e-05
0.00015688
1.73318e-05
3.36664e-05
-1.36003e-05
0.000137283
4.10891e-05
0.000140686
2.87841e-06
3.74139e-05
-1.7213e-05
0.000148025
0.000151634
4.59481e-05
1.70833e-06
-0.000114711
-0.000122156
0.000275674
4.56681e-05
4.87746e-05
5.39072e-05
5.04595e-05
9.22675e-05
8.92909e-05
8.75501e-05
9.3977e-05
-4.55466e-05
5.08435e-05
5.64241e-05
7.75937e-05
-4.81281e-05
4.89529e-05
5.27831e-05
7.30354e-05
7.24644e-05
6.01082e-05
5.601e-05
7.82019e-05
-0.000126096
5.64861e-05
3.49002e-05
5.23941e-05
2.58253e-05
-0.000136233
6.66111e-05
3.84552e-05
6.02724e-05
2.75204e-05
5.04574e-05
0.000134693
1.51864e-05
5.69461e-05
0.000145957
1.60301e-05
0.000127619
3.93496e-05
-3.57807e-06
-4.16447e-05
5.01871e-05
1.18452e-05
0.000121631
-3.94602e-05
0.000113801
4.86791e-05
2.52359e-05
1.05074e-05
0.000110599
0.000103314
2.32822e-05
4.0197e-05
7.88562e-05
-9.09987e-05
3.7049e-05
8.84211e-05
-0.000101203
5.19103e-05
4.20275e-05
3.72804e-05
4.23291e-05
6.39298e-05
4.99546e-05
4.82926e-05
7.239e-05
-4.82033e-05
3.18121e-05
4.97139e-05
5.6831e-05
-2.94883e-05
5.23105e-05
3.99747e-05
6.48925e-05
5.9245e-05
4.33254e-05
5.47257e-05
6.25968e-05
4.87249e-05
1.79716e-05
4.49843e-05
-2.07898e-05
-5.17007e-05
3.15178e-05
5.65419e-05
5.00138e-05
5.28946e-05
4.54193e-05
2.82129e-05
4.95708e-05
-4.08775e-05
5.14921e-05
3.47375e-05
3.06902e-05
1.80227e-06
4.55647e-05
3.30562e-05
-4.82808e-05
-5.42298e-06
5.21886e-05
2.17571e-05
-7.15122e-06
2.13014e-05
5.14333e-05
6.39864e-07
2.54037e-05
5.0901e-05
1.22848e-05
3.8499e-05
3.11635e-06
5.61277e-05
2.5801e-05
3.44265e-06
3.35974e-05
2.79677e-05
1.29933e-06
4.30801e-05
3.10429e-05
1.89326e-05
3.96983e-05
4.17673e-05
1.35794e-05
5.07128e-05
3.63334e-05
4.45715e-05
1.15844e-05
-6.03922e-05
1.98998e-05
3.28251e-06
2.84429e-05
1.82571e-05
5.86264e-05
-7.35192e-05
2.81211e-05
2.97175e-05
2.21996e-05
4.19795e-05
3.24205e-05
1.88429e-05
-7.44959e-05
1.9557e-05
-8.66205e-05
3.28599e-05
2.6083e-05
2.27345e-05
1.85652e-05
3.49813e-05
2.20296e-05
2.86318e-05
8.18938e-05
4.53623e-06
4.00948e-05
9.47014e-05
4.15665e-06
-3.55451e-06
-7.82701e-07
-2.23734e-05
-2.02477e-05
-2.36246e-05
-2.10119e-05
-3.15574e-06
-4.34851e-06
0.000240967
0.000245435
0.000235694
0.00023882
4.66243e-05
4.42066e-05
4.38927e-05
0.000910537
6.78137e-05
6.79108e-05
0.000114866
0.000397377
0.00072002
0.000170832
0.000415479
0.000125273
0.000117569
0.000123538
0.000119253
-4.21117e-05
6.67012e-05
4.77952e-05
8.34914e-05
-6.39923e-05
4.38944e-05
7.64959e-05
8.74601e-05
8.21442e-05
4.98959e-05
7.91731e-05
8.89088e-05
-3.66467e-05
-4.51381e-05
5.14509e-05
4.86071e-05
5.80151e-05
4.30035e-05
3.38386e-05
5.29981e-05
4.88828e-05
5.39933e-05
4.57387e-05
5.69445e-05
-4.26215e-05
7.01591e-06
4.86987e-05
2.90693e-05
-4.27949e-06
4.49268e-05
1.40611e-05
3.14877e-05
2.83675e-05
5.1431e-05
1.69042e-05
3.2225e-05
4.09382e-05
-2.16379e-05
8.8945e-06
-1.90712e-05
4.73344e-05
9.25007e-06
-4.34331e-05
5.01726e-05
-1.24972e-05
1.13778e-05
-1.52592e-05
1.10005e-05
-0.000214495
-4.57975e-06
2.31666e-06
-4.71377e-05
0.000242889
-1.85211e-06
-1.36534e-07
-3.86757e-05
-0.000211631
-6.67739e-06
-4.55124e-05
0.000239474
-3.7907e-05
-8.23319e-06
-3.4976e-05
7.3521e-06
1.73622e-05
0.000254764
-3.44122e-05
-8.74978e-06
1.77189e-05
0.000251543
-9.00524e-06
0.000242152
8.04728e-06
0.000239137
9.1852e-05
0.000102135
0.000126481
0.000102709
0.00012572
0.000795644
1.32878e-05
6.7914e-05
0.000238224
1.31531e-05
6.84667e-05
0.000241718
0.000136493
0.000515595
0.00013271
0.000140805
0.000139214
0.000134215
-8.82103e-05
3.42366e-05
0.000103174
9.87539e-05
-3.3297e-05
8.98704e-05
3.9138e-05
9.39118e-05
9.26456e-05
4.02407e-05
0.000104655
0.000100182
5.48805e-05
3.42953e-05
5.99664e-05
-3.56562e-05
-5.6837e-05
4.22602e-05
7.1042e-05
6.50156e-05
6.92147e-05
6.40323e-05
4.06093e-05
6.08683e-05
-2.06407e-05
3.56641e-05
3.29842e-05
3.61105e-05
-3.39719e-05
2.28028e-05
4.04903e-05
3.41507e-05
3.35566e-05
4.24753e-05
3.50771e-05
3.67369e-05
3.24358e-05
-1.19444e-05
1.25028e-05
9.61489e-06
-3.43701e-05
4.12526e-05
-8.49053e-09
1.42477e-05
3.90488e-05
1.27973e-05
-2.3066e-06
1.39499e-05
2.51983e-05
-3.68559e-05
-3.46931e-05
3.08694e-05
2.71255e-05
-3.20973e-05
3.30283e-05
-2.99952e-05
6.83106e-06
-4.25564e-05
0.000235746
9.20073e-06
0.000247289
1.66759e-05
-4.32388e-05
0.000237635
0.000249255
1.6858e-05
-1.47343e-05
0.000231237
1.65833e-05
0.000104376
-0.000229316
1.6915e-05
0.000139577
0.000211333
0.00010383
1.96338e-05
0.000140207
0.000213335
9.93993e-05
0.000152776
0.000153264
0.00016787
0.000167587
0.000155331
0.000149495
0.000154296
0.000150511
-1.21676e-05
1.28048e-05
0.000251502
6.4038e-05
0.000249442
6.34509e-05
0.000120444
-2.31276e-05
2.872e-05
0.000106624
2.35302e-05
-0.000119696
0.000137886
0.000112241
2.91517e-05
0.000138531
0.000113235
0.000105784
-2.46805e-05
-8.40841e-05
3.1084e-05
0.000101325
7.37367e-05
8.31085e-05
2.4028e-05
6.8335e-05
0.000100491
7.31095e-05
3.02523e-05
6.8899e-05
4.52798e-05
-2.39307e-05
3.04397e-05
3.86887e-05
2.49457e-05
-4.40688e-05
5.93126e-05
4.09629e-05
3.16516e-05
6.0428e-05
4.13153e-05
3.83684e-05
-7.05116e-06
-2.42156e-05
3.09615e-05
1.95273e-05
1.63674e-05
2.29046e-05
5.59679e-06
1.51126e-05
2.94124e-05
1.52697e-05
1.8191e-05
1.62156e-05
-1.79297e-05
-2.71038e-05
2.33252e-05
2.85755e-05
1.9315e-05
-2.03923e-05
2.49244e-05
-1.90281e-05
6.81944e-06
-7.39482e-05
0.00022147
0.000257511
9.45828e-06
-6.26765e-06
0.000239683
1.12066e-05
0.000108339
-1.14332e-05
-0.000240701
1.42724e-05
0.000155227
0.000221791
-1.16898e-05
0.000190226
1.54975e-05
0.000168491
0.000154829
0.000220885
0.000189562
0.000168185
1.3117e-05
0.000108663
1.21214e-05
0.000190908
0.000161068
1.6593e-05
0.00019117
0.0001616
1.28299e-05
-0.00015956
0.000182508
0.000124441
0.000159756
-1.2719e-05
1.80187e-05
0.000120706
1.81797e-05
0.000182642
0.000124741
0.000120433
1.14817e-05
0.000261072
5.75084e-05
1.21742e-05
0.000262119
5.77884e-05
0.000119457
1.29036e-05
7.92947e-05
-1.31331e-05
-0.000119726
1.92091e-05
0.000140787
8.43681e-05
0.000140596
8.42342e-05
1.89299e-05
7.93557e-05
1.32033e-05
-7.5433e-05
9.41191e-05
4.75952e-05
7.57714e-05
-1.27493e-05
1.91686e-05
4.44469e-05
1.97397e-05
9.43869e-05
4.75905e-05
4.44698e-05
3.09015e-05
1.22509e-05
1.75536e-05
-1.29571e-05
-3.14009e-05
1.96158e-05
4.69271e-05
1.86092e-05
4.65116e-05
1.86423e-05
1.8738e-05
1.75274e-05
1.24545e-05
1.06325e-05
-1.74545e-06
-9.77919e-06
-1.1784e-05
1.5118e-05
1.61571e-05
-1.17479e-06
8.82109e-06
-0.000108111
-8.43342e-05
1.10233e-05
0.000238399
1.00178e-05
4.76647e-05
0.000274172
8.00092e-06
0.000249735
0.000117623
-0.000170456
8.53076e-06
-0.000193298
0.000290538
9.83503e-06
0.000266256
-5.19619e-05
5.84145e-06
-6.86582e-05
-0.000107981
7.52629e-06
-8.41146e-05
1.05829e-05
0.000238045
1.11069e-05
4.78517e-05
0.000273724
0.000249278
1.01458e-05
0.000117694
8.51705e-06
-6.61557e-05
7.11032e-06
-6.59966e-05
5.82102e-06
0.000227206
0.000174165
4.47439e-06
0.000197681
0.000187835
8.76795e-06
0.000174265
0.000226681
0.00019713
8.0759e-06
0.000187975
-2.28371e-06
7.53458e-06
0.000128692
0.00020958
-3.28719e-06
7.70234e-06
0.000166278
0.000217178
0.000129319
0.000209529
0.000166895
0.000217081
-1.35412e-06
-0.000164633
7.44915e-06
0.00019045
9.2717e-05
0.000164682
1.28408e-06
9.12119e-05
0.000190539
9.32669e-05
7.26473e-06
9.0651e-05
0.000115017
-4.36743e-07
7.00287e-06
5.21763e-05
5.99741e-07
-0.000115322
0.000137917
5.57801e-05
7.2076e-06
0.000137643
5.52976e-05
5.26606e-05
-2.82854e-07
-6.3887e-05
7.16662e-06
8.29805e-05
2.19038e-05
6.4188e-05
3.95478e-08
2.07906e-05
8.33025e-05
2.21683e-05
6.81153e-06
2.05386e-05
-1.10749e-07
1.00009e-05
5.77814e-06
-1.0072e-05
4.65944e-07
2.31046e-05
6.28861e-06
2.29787e-05
-1.1278e-05
-5.50733e-05
9.85689e-06
-2.82459e-05
-4.28032e-06
6.1873e-06
0.000285184
-3.43816e-06
0.000254266
5.95847e-06
0.000136368
-5.53435e-05
-1.27116e-05
-2.85773e-05
0.00028705
0.000256171
0.000136941
-1.19462e-05
-4.683e-05
1.03086e-05
-4.72361e-05
3.06532e-06
0.000204866
6.333e-07
0.000207593
9.00345e-07
2.11898e-06
0.000233425
0.000191968
0.000192337
0.000235156
0.000206732
0.000207616
-1.10705e-05
9.59626e-05
0.000220612
-8.4631e-06
0.000132725
0.000241248
-5.84447e-06
0.000173772
0.00024532
-4.69689e-06
0.000220499
9.44369e-05
-3.01514e-06
0.000130954
0.00024131
-1.30077e-06
0.000171965
0.000245372
-1.31107e-05
-0.000163891
0.000190541
6.15201e-05
0.000163355
1.31611e-05
-6.04457e-06
6.02844e-05
-5.94954e-06
0.000190147
6.04332e-05
6.13227e-05
0.000105863
-1.42442e-05
2.53435e-05
1.42179e-05
-0.000105016
-6.5965e-06
0.000127872
2.61415e-05
0.000128624
2.66896e-05
-6.68652e-06
2.48184e-05
-3.88264e-05
-1.1888e-05
5.47586e-05
1.18881e-05
3.81701e-05
-5.36469e-06
-5.23524e-06
5.4125e-05
0.00020557
0.000210732
0.000210687
0.000204922
-2.6289e-05
-2.42508e-05
-2.44165e-05
-2.57766e-05
-2.18751e-05
2.86909e-05
0.000198229
-1.41451e-05
0.000207923
2.39891e-05
-1.67922e-05
1.85707e-05
-0.000175178
0.00018507
-2.48546e-05
0.000180498
-1.24648e-05
-2.55129e-05
8.25895e-06
1.38883e-05
0.000193133
-2.8379e-05
-2.29927e-05
-3.21347e-05
0.000185787
3.12177e-05
-1.94994e-05
-2.41193e-05
2.22238e-05
0.00017258
-2.71707e-05
0.000175888
-1.62784e-05
0.000164188
-2.32626e-05
3.16546e-05
0.000151851
-1.71675e-05
2.64333e-05
0.000133901
-2.00925e-05
0.000161525
3.28708e-05
-2.06617e-05
2.69932e-05
0.000142108
-2.3771e-05
2.74323e-05
0.000118721
-1.52577e-05
2.64762e-05
0.000103886
-1.70937e-05
0.000127254
3.04441e-05
-1.84993e-05
2.90965e-05
0.000111377
-2.02063e-05
0.000208747
0.000210961
0.000207864
-7.07109e-05
-2.47628e-05
-2.82205e-05
-2.37739e-05
-2.67837e-05
0.000210636
-6.26921e-06
0.000178673
-3.52329e-05
0.000180198
-3.59189e-05
-9.66969e-06
-4.96658e-06
0.000195467
-3.88628e-05
0.000198207
-8.38696e-06
-4.00999e-05
4.0786e-07
0.000179489
-2.68792e-06
-5.00654e-05
0.0001773
-4.91893e-05
4.36001e-06
0.0001907
-5.27615e-05
3.04622e-06
0.000192616
-5.33461e-05
2.62095e-06
0.000154631
-5.95083e-05
9.61085e-07
0.000156029
-6.01697e-05
0.000171194
4.72889e-06
-6.89184e-05
-5.18957e-06
3.64858e-06
0.000109812
-5.82036e-05
0.000109406
-5.79696e-05
8.04803e-06
-4.81588e-05
7.29213e-05
-4.80784e-05
7.2907e-05
6.42198e-06
1.41e-05
-2.95365e-05
-2.89912e-05
0.000423346
7.39492e-06
-3.11451e-06
-1.14585e-05
0.000220396
0.000224266
-1.12607e-05
-0.000427415
0.000253175
0.000362984
-6.94758e-06
0.000361455
0.000250377
0.00021731
-7.56495e-06
0.00022407
1.58049e-05
-1.09194e-05
0.000181937
0.0002758
2.02543e-05
-1.4222e-05
0.000280231
0.000131251
2.50766e-05
-1.78044e-05
0.000257472
9.12757e-05
2.90437e-05
-2.07107e-05
0.000220765
6.00736e-05
0.000184948
0.000275654
0.00028005
0.000134159
0.000257504
9.38534e-05
0.000221224
6.19572e-05
3.15316e-05
-0.000153939
-2.24213e-05
0.000178659
2.92365e-05
0.000155013
-3.14112e-05
3.03265e-05
0.000179534
3.01569e-05
-2.23876e-05
2.94718e-05
7.36288e-05
2.72079e-05
-1.9112e-05
-2.73633e-05
-7.4668e-05
9.37911e-05
-1.91593e-05
9.28907e-05
2.23266e-05
0.000243251
-1.76873e-05
0.000233384
2.3662e-05
-1.85886e-05
0.000253563
0.000106348
0.000247459
0.000233646
0.000256464
0.000105683
-3.4444e-05
0.000332746
0.000132406
-2.72569e-05
0.00021346
0.000303394
-4.16996e-05
0.0003047
8.52636e-05
-4.87903e-05
0.000257973
5.36088e-05
-5.34413e-05
0.000204726
3.1069e-05
-2.73092e-05
0.000333169
0.000128307
-2.16951e-05
0.000209354
0.00030385
-3.29459e-05
0.00030494
8.16454e-05
-3.84582e-05
0.000257592
5.09313e-05
-4.19546e-05
0.000203671
2.97437e-05
-4.74861e-05
-0.000117024
0.000137453
0.000115854
4.71518e-05
-3.6617e-05
-3.67882e-05
0.000136519
1.52432e-05
1.46425e-05
-4.29438e-05
0.000265504
0.000226354
-4.27406e-05
9.76043e-05
0.000261959
-3.62163e-05
0.00022539
-3.61031e-05
9.83956e-05
7.39315e-05
-6.06454e-05
2.78624e-05
0.000306705
8.25041e-05
-6.76252e-05
0.000225457
2.22047e-05
7.4335e-05
-6.02971e-05
0.000157223
6.30453e-05
-5.18655e-05
5.95426e-05
0.000371031
5.4222e-05
-4.49119e-05
0.00012211
0.000419327
3.83402e-05
-3.21758e-05
0.000299695
0.000259074
0.000307011
3.07409e-05
0.000226651
2.36191e-05
6.38065e-05
0.00037037
0.000126914
0.000418511
0.000158346
0.00030294
0.000258611
7.70584e-05
0.00031445
-6.68629e-05
9.82535e-05
0.00028323
0.000229533
0.000315676
8.80471e-05
0.000110949
0.000135629
0.00041811
0.000129649
0.000371735
6.71259e-05
6.83407e-05
0.000317717
0.00025898
0.000310843
8.39338e-05
0.000312026
0.000147074
2.6824e-05
0.000270167
3.84027e-05
0.000233865
0.000151041
2.0238e-05
0.000156786
0.000220392
1.92905e-05
0.000164842
0.000136268
-0.000121034
0.000140331
2.1799e-06
0.000241324
-0.000104379
0.000123907
-8.62821e-06
0.000367823
-9.46745e-05
0.000113375
-1.11289e-05
0.000497854
-8.60709e-05
0.000101831
0.000233041
0.00048086
-0.000109621
0.000126928
0.000168365
-3.19162e-05
3.71338e-05
0.000568903
-8.73638e-05
0.000366888
-8.47943e-06
-0.000102318
0.000239633
2.73859e-06
-7.88254e-05
-1.26553e-05
0.000498463
-9.21091e-05
0.000167063
-7.27343e-05
0.00022959
0.000481902
-2.72597e-05
0.000568103
-0.000134232
0.000136147
0.000151582
0.000131961
1.99462e-05
0.000145437
-2.41303e-05
-2.59729e-05
0.000124611
2.61546e-05
-2.25723e-05
1.97983e-05
0.000128977
-2.16012e-05
-3.02443e-05
-1.60719e-05
9.97548e-05
3.05927e-05
-1.2664e-05
0.000176589
-3.092e-05
8.03432e-06
-8.795e-06
-0.00014608
0.000154473
4.46099e-06
-3.09208e-05
0.000173169
0.000174831
0.000169467
-3.12622e-05
0.000171247
-3.14767e-05
-3.73248e-05
-3.33553e-05
-3.29939e-05
0.000171012
-2.7457e-05
-0.000143703
0.000150368
-2.78219e-05
-4.44306e-06
-2.83188e-05
4.25434e-07
-2.61835e-05
0.000152179
1.77595e-05
-2.77149e-05
1.75948e-05
0.000134335
-2.44515e-05
0.000117761
-1.95151e-05
-1.40784e-05
9.416e-05
3.01356e-05
-1.28595e-05
7.74068e-05
-1.45471e-05
8.31378e-05
3.26187e-05
0.000715263
-0.000111862
-9.06714e-05
0.000164696
0.000164457
-7.43442e-05
0.000156608
0.000156073
-3.88486e-05
-3.80811e-05
-3.18964e-05
-3.20635e-05
-6.77006e-06
0.000166753
-4.43777e-05
0.000168307
-9.97421e-06
-4.54365e-05
-7.93379e-06
-0.000125506
0.000134778
-4.37546e-05
-0.000125516
-1.08838e-05
0.000135376
-4.43849e-05
8.01e-06
-3.66398e-05
-1.0955e-05
-3.6589e-05
3.3264e-06
-5.67178e-06
0.000110355
-4.30962e-05
2.18089e-06
0.000145342
-4.48966e-06
-5.25695e-05
0.000109831
-4.27235e-05
0.000144037
-5.17629e-05
1.23305e-06
0.000109764
-5.00746e-05
2.03906e-07
-3.89481e-05
8.60899e-05
0.000110463
-6.77017e-07
-5.04883e-05
-3.91178e-05
-1.7553e-06
8.64082e-05
-4.21774e-06
-4.38412e-05
8.15329e-05
2.49471e-06
-4.37125e-05
8.12795e-05
-5.61982e-06
6.19954e-05
2.71502e-05
0.000280876
4.76597e-05
6.20843e-05
4.41466e-05
6.54981e-05
-5.83578e-06
-1.176e-05
-2.02916e-06
-6.95816e-06
6.96906e-06
9.50667e-05
2.1812e-05
1.11129e-06
-6.39805e-05
-8.11691e-06
6.63701e-05
5.00966e-05
4.51048e-05
9.66829e-05
2.65441e-05
-1.82507e-07
0.000140178
6.57438e-06
-7.28815e-06
-7.60793e-07
-0.000129131
0.000146046
0.000142612
-4.82636e-06
0.00013952
-1.18667e-05
0.000100012
-7.60653e-07
3.59026e-06
6.16151e-06
0.000102362
7.75892e-06
-1.04402e-06
0.000139748
-1.09704e-05
6.51142e-05
3.21514e-05
-9.48979e-05
5.561e-05
0.000116894
0.000105567
0.000118803
0.000103059
-2.54328e-05
-1.95537e-05
0.00011236
2.32961e-05
1.78593e-05
3.96088e-05
-1.38576e-05
9.03927e-05
0.000108162
-1.43765e-05
3.77682e-05
9.49288e-05
-4.46096e-05
-1.21096e-05
4.56896e-05
7.88321e-05
-1.06761e-05
7.32923e-05
4.33377e-05
-1.00171e-05
5.42792e-05
-1.10676e-05
4.65028e-05
5.98347e-05
0.00014004
0.000139618
-0.000126087
0.000133275
-4.4961e-05
0.000133261
9.0431e-06
0.000135435
-2.66826e-05
0.000138299
-2.88407e-05
4.64732e-06
0.000585125
-0.000129317
-7.15431e-05
0.000545137
-9.94352e-05
-9.12658e-05
0.000117322
0.00011597
-6.6198e-05
-9.83876e-05
0.000105101
0.000106433
-3.99982e-05
-8.71574e-05
7.5208e-05
8.64808e-05
8.58369e-05
7.59574e-05
-8.176e-06
0.000108326
-3.52132e-05
0.000108181
-1.09455e-05
-3.52131e-05
-2.40254e-05
-6.60571e-05
5.81037e-05
4.9976e-05
5.77835e-05
5.04174e-05
-4.27694e-06
3.44944e-05
-2.8541e-05
7.22665e-05
-3.44855e-05
3.86436e-06
8.8085e-05
-6.01429e-06
-6.37762e-06
-2.84262e-05
7.21501e-05
8.80397e-05
-1.66069e-05
-4.70662e-05
3.03557e-05
3.61966e-05
3.59484e-05
3.0674e-05
1.14516e-06
-2.51488e-05
-2.9263e-06
5.64607e-05
2.52371e-05
-1.8495e-06
-1.86259e-05
4.5724e-05
5.64844e-05
-3.60795e-06
-1.84501e-05
4.55922e-05
3.73706e-07
-2.31791e-06
-3.22939e-05
6.7307e-05
-3.21788e-05
6.71101e-05
-1.64808e-05
1.95093e-05
1.48661e-05
1.52647e-05
1.92011e-05
1.54437e-05
-5.55795e-07
-1.02424e-05
2.74712e-05
-5.03886e-07
-1.53533e-05
-1.0443e-06
3.45442e-05
3.46963e-05
-2.07448e-06
-1.01004e-05
2.72188e-05
2.50004e-06
-2.56028e-05
5.15912e-05
2.56107e-05
-1.72617e-06
8.96309e-09
-1.85611e-05
4.04239e-05
7.53765e-07
5.16494e-05
-1.85751e-05
4.04436e-05
3.68802e-06
-3.37578e-05
5.85101e-05
1.92341e-06
-3.38675e-05
5.87007e-05
-8.21684e-06
-1.07209e-06
-2.84459e-07
1.92683e-05
-2.66538e-07
8.27091e-06
1.39645e-05
1.34903e-05
-1.64849e-06
1.96494e-05
1.30995e-05
-2.99503e-06
1.47171e-06
-7.9788e-06
2.41677e-05
4.03538e-06
-1.31521e-05
3.10992e-05
2.4722e-06
3.09259e-05
-8.03209e-06
2.44106e-05
-2.44366e-05
-6.42673e-06
4.74703e-06
4.39294e-05
5.66168e-06
2.44907e-05
-1.54487e-05
3.31562e-05
4.02223e-06
-1.53927e-05
3.30814e-05
4.39457e-05
-7.71197e-06
6.07188e-06
-3.2654e-05
4.46199e-05
-3.27025e-05
4.45925e-05
4.6681e-06
1.84504e-05
3.30941e-06
1.80436e-05
6.87989e-06
8.54956e-06
-2.29323e-06
2.01836e-05
-8.39997e-06
-7.9073e-06
6.39456e-06
2.56862e-05
5.44189e-06
-2.14941e-06
1.99143e-05
2.5916e-05
1.04537e-05
-2.04549e-05
3.31403e-05
2.02111e-05
-9.74471e-06
8.18467e-06
-8.77279e-06
2.34082e-05
8.82784e-06
3.30003e-05
-9.00597e-06
2.35568e-05
1.18678e-05
2.31713e-05
-2.39058e-05
2.3069e-05
1.02326e-05
-2.35859e-05
-8.35415e-06
7.14583e-06
1.55022e-05
1.58892e-05
6.02495e-07
-1.07264e-05
9.46558e-06
6.60526e-06
1.45751e-05
1.17745e-05
-9.81143e-07
1.91186e-05
1.04053e-05
1.88583e-05
6.2274e-06
1.48447e-05
-8.86037e-06
-1.44764e-05
1.29576e-05
1.93888e-05
1.37446e-05
9.35419e-06
3.99868e-06
1.19738e-05
1.23486e-05
4.47831e-06
1.18215e-05
1.95612e-05
-1.38359e-05
1.26136e-05
-4.4356e-06
-4.88143e-06
1.07518e-05
1.34187e-05
-1.51568e-05
1.41133e-05
1.04611e-05
7.74003e-06
1.31953e-05
1.06617e-05
-1.52202e-05
-1.46108e-05
1.38612e-05
2.81264e-05
1.4363e-05
2.75659e-05
8.67159e-06
-1.15738e-05
-4.7339e-06
-2.51054e-06
3.39897e-06
1.06414e-05
8.31056e-07
9.25186e-06
-6.7443e-06
4.48297e-06
-5.56906e-06
-1.63836e-05
4.2662e-06
3.9846e-06
4.30063e-06
3.6752e-06
-2.87701e-05
1.52664e-06
4.084e-06
-1.40314e-06
-8.70041e-07
1.66788e-06
6.41765e-07
4.55419e-06
1.28011e-05
9.30745e-06
-7.55948e-07
-6.75183e-06
4.0905e-06
-3.85795e-07
-1.65532e-06
-2.16337e-06
-2.14367e-06
4.49405e-06
-8.47684e-07
1.23703e-05
-2.38541e-06
1.10155e-05
-1.61511e-05
-1.196e-05
7.60905e-06
-1.41378e-05
-1.36317e-05
-3.96727e-05
-2.2227e-05
-2.26259e-05
-1.95683e-06
-1.95671e-05
1.86765e-07
-1.94435e-05
0.000138838
1.38938e-05
-3.91986e-05
1.27977e-05
-6.0641e-06
1.15922e-05
-4.80392e-05
1.13389e-05
-1.16e-05
-2.23451e-05
6.11076e-05
-4.43433e-05
-4.6921e-05
-5.77063e-05
-4.59297e-05
-5.86491e-05
-6.92219e-06
2.40774e-07
3.38626e-06
-3.95199e-05
-2.59676e-06
7.01962e-06
8.48644e-07
-6.29977e-05
-6.31867e-05
3.77539e-06
-2.25269e-06
-3.95902e-05
3.39107e-07
-4.86291e-06
-2.88049e-06
3.21285e-06
-3.52605e-05
6.86025e-06
-5.50794e-07
-6.15264e-05
5.48655e-06
-6.16207e-05
-3.15641e-06
-3.52514e-05
8.33868e-06
4.49914e-06
-8.39335e-06
-2.97495e-05
-4.39697e-06
-9.24711e-06
8.11363e-06
-5.58139e-05
-8.12618e-06
7.02591e-06
-3.00297e-05
-5.55661e-05
5.90468e-06
-1.13031e-05
-2.28342e-05
1.02533e-05
1.07692e-05
-4.84575e-05
-9.78575e-05
0.000321756
0.000259814
0.000324191
0.000419112
0.000131411
-4.65114e-05
0.000588542
-0.00014669
0.000481681
0.00022678
-0.000164016
0.000497116
-3.80359e-05
-0.000229014
0.000738112
0.000275684
-0.000236381
0.000638491
2.95677e-06
-0.000263095
0.000642124
-0.000383401
-0.000191302
-0.000170811
0.000317047
-0.000174086
-1.59228e-05
0.000256932
-0.000180117
-7.93294e-05
7.69137e-05
-6.42067e-05
0.00037388
5.78581e-05
0.000375999
-0.000174958
-5.60234e-05
0.000271025
-0.000200676
-0.000118932
5.23919e-05
-7.83826e-05
-0.000223851
-0.000163928
0.000240956
-1.27237e-05
-0.00015263
0.000156803
-0.000126906
-1.50842e-06
-0.000123729
0.000155384
2.705e-05
6.87846e-05
3.47534e-05
0.000112144
-1.70123e-05
7.84224e-05
3.71341e-05
4.20722e-05
-1.68892e-05
0.000184686
5.31809e-05
0.000185801
3.80764e-06
-4.06232e-05
4.28383e-05
-2.57979e-05
0.000171651
-5.01799e-05
0.000175918
5.34905e-05
-1.40595e-06
2.61586e-05
-0.000217249
-1.0221e-05
0.000230709
-3.87427e-05
3.40741e-05
-1.6282e-05
0.000222047
-5.21631e-05
0.000224023
5.00395e-05
3.22767e-06
-0.000227201
-1.3703e-05
1.39233e-05
0.000246159
1.67055e-05
-1.23653e-05
-1.42335e-05
6.14752e-06
-0.000230127
4.86566e-06
-1.09859e-05
-2.2973e-06
0.000251116
-7.00392e-06
0.000225372
-5.78704e-06
-6.74331e-06
-1.18128e-05
5.44147e-08
0.000243247
4.93101e-06
4.01802e-06
4.1123e-05
4.15778e-05
6.52863e-05
6.64734e-05
0.000957116
1.58632e-05
1.41619e-05
-1.29211e-05
0.000208502
0.000208786
4.95746e-06
0.000405792
3.99185e-05
0.000751444
2.99842e-05
3.88853e-05
2.93953e-05
-6.91186e-05
6.96612e-05
0.000223537
1.75315e-05
0.00020669
1.79889e-05
4.166e-05
-2.08392e-05
0.000197234
0.000199095
5.40834e-05
2.22379e-06
8.73377e-05
-0.00017118
0.00015959
4.09395e-05
0.000433543
0.000216253
0.000128269
0.000123379
0.000129705
0.00012198
-0.000184388
9.67892e-05
0.000169697
4.3379e-05
7.69328e-05
2.97671e-05
8.29478e-05
3.10888e-05
6.71839e-05
0.000181868
1.81968e-05
7.01408e-05
0.000196051
1.85745e-05
-2.12365e-05
0.000159521
0.000163472
1.37258e-07
-0.00014348
-0.000134901
0.000366787
5.73188e-05
5.38552e-05
5.97207e-05
6.34295e-05
0.000103936
0.000110717
0.000109142
0.00010548
-7.48884e-05
-0.000159238
8.46709e-05
4.48454e-05
5.3627e-05
6.98474e-05
8.50558e-05
-7.36143e-05
-5.63637e-05
8.59927e-05
6.28394e-05
9.15864e-05
5.9645e-05
8.58309e-05
8.21701e-05
9.06511e-05
-0.000147537
4.08277e-05
-6.76335e-05
7.45254e-05
3.10915e-05
2.92228e-05
-6.2836e-05
6.79289e-05
0.000171052
1.7608e-05
0.000158098
1.68156e-05
3.35872e-05
-2.38573e-05
0.000124196
4.53563e-05
0.000139105
-4.94969e-06
3.78031e-05
-2.88161e-05
0.000134641
0.00015105
5.06061e-05
-6.56652e-06
6.36706e-05
9.77584e-05
-0.000110859
4.70088e-05
0.000107253
-0.000121446
7.47245e-05
5.19138e-05
-6.27545e-05
7.49074e-05
6.00924e-05
8.89149e-05
5.44874e-05
8.09304e-05
-5.66243e-05
-6.08651e-05
6.85199e-05
6.55679e-05
7.56691e-05
5.67328e-05
5.27834e-05
7.25325e-05
6.07557e-05
7.02282e-05
6.40557e-05
7.78496e-05
-3.98166e-05
5.78284e-05
5.18872e-05
5.91456e-05
-5.4728e-05
4.3451e-05
6.03054e-05
5.55248e-05
5.50154e-05
5.57358e-05
6.40491e-05
5.96964e-05
-0.00012438
6.15577e-05
3.83557e-05
5.74333e-05
2.73838e-05
-0.000135446
7.13815e-05
4.26316e-05
6.56985e-05
2.97665e-05
5.80462e-05
0.000133249
1.31831e-05
6.52512e-05
0.000145407
1.44676e-05
0.000123866
4.19197e-05
-2.04282e-05
-5.05806e-05
5.99951e-05
0.000118645
7.65146e-06
-4.60042e-05
0.000108683
5.63654e-05
2.78225e-05
0.000106835
5.33038e-06
9.78457e-05
2.50127e-05
4.2333e-05
7.01352e-05
-8.47156e-05
3.74175e-05
8.05038e-05
-9.52005e-05
5.52966e-05
4.37607e-05
3.83631e-05
4.29937e-05
5.33071e-05
3.3306e-05
4.93858e-05
4.98845e-05
5.28646e-05
5.10756e-05
6.32193e-05
4.6807e-05
5.67814e-05
5.68333e-05
-5.59604e-05
2.61165e-05
5.77053e-05
4.2549e-05
-2.35953e-05
6.05594e-05
3.4987e-05
4.94832e-05
4.48687e-05
3.84831e-05
6.35937e-05
4.71958e-05
5.4642e-05
9.89296e-06
2.97878e-05
-1.29327e-05
-5.78673e-05
2.35296e-05
6.39439e-05
3.33404e-05
6.00732e-05
3.01716e-05
2.00637e-05
3.29638e-05
-4.51175e-05
5.65622e-05
3.67754e-05
3.15626e-05
-4.37787e-06
5.43833e-05
2.15357e-05
-5.35824e-05
-1.43215e-05
5.92791e-05
9.93426e-06
-1.65883e-05
9.68321e-06
5.68429e-05
-9.66431e-06
1.18094e-05
5.94979e-05
5.29207e-06
2.54589e-05
-6.83161e-06
6.3094e-05
1.20601e-05
-1.72676e-06
2.43094e-05
3.51119e-05
-3.50779e-06
1.80258e-05
1.33775e-05
-4.4704e-06
5.38423e-05
1.99859e-05
1.65827e-05
3.3322e-05
2.82653e-05
1.34593e-05
4.73127e-05
2.99813e-05
6.88754e-06
6.0792e-05
2.36814e-05
2.22062e-05
5.16336e-06
-4.46959e-05
1.49548e-05
-8.41715e-06
4.80567e-07
7.34656e-06
4.14918e-05
-6.12418e-05
2.63467e-05
2.82842e-05
1.69702e-05
1.97303e-05
2.87947e-05
1.83728e-05
-6.21082e-05
1.5642e-05
-7.59714e-05
3.48801e-05
2.43052e-05
2.9308e-05
2.02236e-05
4.33615e-05
2.67061e-05
3.98347e-05
5.98328e-05
5.08316e-05
7.15821e-05
-0.000217824
-6.61327e-07
-4.89361e-05
0.000247365
-2.82436e-06
-3.99173e-05
-0.000221926
-5.12094e-05
-4.7828e-06
0.000253632
-4.15965e-05
-5.9585e-06
-0.000228701
-7.2127e-06
-2.2171e-05
0.000254984
-8.43902e-06
-2.25339e-05
6.35169e-06
-3.45399e-05
1.68167e-05
0.000259691
-3.30519e-05
1.51672e-05
3.5079e-06
0.000266163
7.02894e-06
0.000246379
0.000251581
5.10927e-06
0.000112186
0.000103353
0.000127055
0.000127676
0.000103081
0.000826414
-1.28387e-05
1.198e-05
6.79794e-05
0.000252274
6.85539e-05
0.00024605
0.000178882
0.000524993
0.000139605
0.000144419
0.000146618
0.000137475
-4.69226e-05
-9.44296e-05
5.3688e-05
0.000108798
0.000104139
9.19119e-05
4.54386e-05
9.58523e-05
0.000106455
0.000102313
5.19336e-05
9.75016e-05
-4.71971e-05
6.20384e-05
5.39704e-05
6.32868e-05
-5.9185e-05
4.92092e-05
7.33085e-05
6.63876e-05
6.211e-05
5.64177e-05
7.60898e-05
6.7649e-05
-2.82644e-05
-4.96132e-05
5.69606e-05
4.05417e-05
3.83904e-05
4.72665e-05
2.53357e-05
3.49473e-05
5.41788e-05
3.57207e-05
3.75613e-05
3.75809e-05
-4.59597e-05
-4.1147e-06
5.30508e-05
1.35957e-05
7.00353e-06
4.84858e-05
2.57613e-06
1.46749e-05
1.32009e-05
5.59697e-05
5.53418e-06
1.50922e-05
3.69486e-05
-3.23834e-05
-2.98698e-05
4.32997e-05
-3.93471e-05
4.59838e-05
-2.51287e-05
-2.77017e-05
-0.000198321
-4.5106e-06
2.78885e-06
-7.87765e-05
0.000231682
-7.73497e-06
7.09494e-06
-8.57436e-06
0.000269466
-1.39393e-06
-5.99311e-07
-5.55145e-05
-0.000195296
-5.69864e-06
-7.69727e-05
0.000227945
-8.15268e-06
-7.56572e-06
0.000265176
-5.42508e-05
-1.32867e-05
1.34386e-05
6.53378e-05
0.000257741
6.49002e-05
0.000254075
1.80533e-05
0.000233691
0.000105198
-0.000237132
-2.22872e-05
2.48154e-05
0.000141648
0.000219436
1.94709e-05
0.000105878
0.000140967
0.00021579
0.000137164
0.000154614
0.000153962
0.000168777
0.000169183
0.000158294
0.000155123
0.000160248
0.000153272
0.000121508
3.4837e-05
0.000108259
-3.54106e-05
-0.000122843
4.16299e-05
0.000140523
0.000116906
0.000139417
0.000115046
4.09683e-05
0.000109896
-8.54121e-05
3.78479e-05
0.000102546
7.48558e-05
-3.68116e-05
8.7116e-05
4.36628e-05
7.09867e-05
6.98888e-05
4.4951e-05
0.000104128
7.60676e-05
4.68803e-05
3.72422e-05
3.92679e-05
-3.8713e-05
-4.8872e-05
4.61584e-05
6.37712e-05
4.2671e-05
6.18976e-05
4.19535e-05
4.43726e-05
3.9943e-05
-8.87214e-06
3.80661e-05
2.12325e-05
1.66455e-05
-3.62484e-05
1.10747e-05
4.34373e-05
1.58787e-05
1.55418e-05
4.55563e-05
2.33404e-05
1.6981e-05
2.9084e-05
-2.53534e-05
2.33228e-05
-3.09038e-05
3.72637e-05
-1.5435e-05
3.52089e-05
-1.73828e-05
6.26704e-06
-7.4389e-05
0.000223085
8.9165e-06
0.000259234
-6.26962e-06
-7.52857e-05
0.000225232
0.00026168
-6.42257e-06
-1.50316e-05
0.000244267
1.68259e-05
0.000109816
-0.000242204
1.71986e-05
0.000155795
0.000223061
1.92188e-05
0.000191437
0.000168951
0.000109153
2.00381e-05
0.000156471
0.000225164
0.000193214
2.3142e-05
0.000169461
-2.12806e-05
2.60067e-05
0.000191928
0.000164431
0.000191574
0.000162762
-2.38842e-05
-0.000160708
2.95168e-05
0.000183395
0.000127012
0.000160176
2.36612e-05
0.000121563
0.000183036
0.000125731
2.92477e-05
0.000122748
-1.27955e-05
1.34486e-05
0.000266321
5.87433e-05
0.000263832
5.82315e-05
0.000120968
-2.51857e-05
3.16207e-05
8.05467e-05
2.55384e-05
-0.000120205
0.000141206
8.49107e-05
3.21086e-05
0.000141863
8.57698e-05
7.98151e-05
-2.65031e-05
-7.73819e-05
3.35624e-05
9.57692e-05
4.82901e-05
7.63823e-05
2.57953e-05
4.46385e-05
9.49089e-05
4.78196e-05
3.26855e-05
4.50548e-05
3.34756e-05
-2.54166e-05
3.23896e-05
1.77674e-05
2.64922e-05
-3.22718e-05
4.76595e-05
1.86988e-05
3.36729e-05
4.87374e-05
1.88728e-05
1.7609e-05
9.56777e-06
-2.18822e-05
2.78921e-05
7.89728e-07
2.06611e-05
-1.08228e-05
2.64705e-05
-3.32282e-07
8.01241e-06
-0.00019396
0.000291724
0.000267411
9.67009e-06
-5.20432e-05
0.000249451
1.21688e-05
0.000117936
-1.171e-05
-0.0002504
1.46725e-05
0.000227696
0.000174969
-1.17383e-05
0.000197945
1.55305e-05
0.000188545
0.000174521
0.000226817
0.00019719
0.000188218
1.41356e-05
0.000118415
1.21678e-05
0.000217317
0.000166316
1.28036e-05
0.000209704
0.000128604
1.67091e-05
0.000217619
0.000166954
1.81452e-05
0.000209872
0.000129029
1.34131e-05
-0.000164577
0.000190522
9.25324e-05
0.000164766
-1.33101e-05
1.94288e-05
9.06089e-05
1.95643e-05
0.000190602
9.27534e-05
9.04064e-05
1.24752e-05
0.000274071
4.83244e-05
1.39028e-05
0.000275109
4.86629e-05
0.000114958
1.35464e-05
5.1912e-05
-1.3769e-05
-0.000115171
2.04507e-05
0.000137738
5.51189e-05
0.000137572
5.5059e-05
2.01792e-05
5.19391e-05
1.39873e-05
-6.38923e-05
8.29285e-05
2.17382e-05
6.42153e-05
-1.35245e-05
2.03361e-05
2.0347e-05
2.09146e-05
8.31614e-05
2.17172e-05
2.03763e-05
1.02011e-05
1.13853e-05
-1.2041e-05
-1.06645e-05
1.78726e-05
2.34421e-05
2.3091e-05
1.70734e-05
8.48203e-06
-5.49366e-05
-2.80228e-05
8.17728e-06
0.000284074
8.53298e-06
0.000253096
0.000136125
-0.000108157
6.48056e-06
-8.40954e-05
1.07545e-05
0.000238404
5.75947e-06
-6.6058e-05
-5.48936e-05
7.17869e-06
-2.79176e-05
1.04259e-05
0.000283648
0.000252604
1.11604e-05
0.000136187
8.70228e-06
-4.65647e-05
-4.64694e-05
7.18846e-06
4.32134e-06
0.000203697
0.000207656
5.28485e-06
0.000232291
0.000191803
8.32787e-06
0.000191949
0.000231877
0.000203173
8.02666e-06
0.000207778
-1.43702e-06
7.46136e-06
9.27699e-05
0.000220349
-2.28225e-06
7.52969e-06
0.000129177
0.000241434
-3.16856e-06
7.63005e-06
0.000170295
0.000245593
0.000220382
9.3342e-05
0.000129774
0.000241353
0.000170816
0.000245493
-8.08987e-07
-0.000162729
7.48319e-06
0.000189666
5.91064e-05
0.000162907
7.45604e-07
5.94319e-05
0.000189844
5.95714e-05
7.35126e-06
5.89592e-05
0.000104109
-4.71167e-07
7.41931e-06
2.41e-05
6.08595e-07
-0.000104439
0.000127335
2.5679e-05
7.59443e-06
0.00012701
2.54109e-05
2.43668e-05
-9.94981e-07
-3.75886e-05
7.00949e-06
5.34779e-05
3.77668e-05
7.63648e-07
5.37049e-05
6.69228e-06
-1.12965e-05
9.94393e-06
-3.82432e-06
-7.83832e-07
0.000417824
4.51167e-06
-4.08888e-06
0.000420093
3.72265e-06
0.000213292
4.90434e-08
0.000223955
2.79664e-06
1.3262e-06
0.000246656
0.000359013
0.000360088
0.00024819
0.000214962
0.000223968
-1.3068e-05
5.84655e-05
0.000220396
-1.10552e-05
8.9162e-05
0.000257426
-8.54409e-06
0.00012896
0.000280382
-6.22154e-06
0.000179594
0.00027599
-4.65918e-06
8.76106e-05
0.000257447
-5.88581e-06
0.000220122
5.72798e-05
-3.08503e-06
0.000127302
0.000280513
-1.68895e-06
0.000177943
0.000276189
-1.41472e-05
-0.000153063
0.000177931
2.83778e-05
0.000152419
1.416e-05
-6.51143e-06
2.80892e-05
-6.46683e-06
0.000177394
2.77777e-05
2.86564e-05
7.28247e-05
-1.18346e-05
1.1806e-05
-7.22255e-05
-5.04615e-06
9.16071e-05
9.2161e-05
-5.11661e-06
-1.69879e-05
0.000229888
-2.21652e-05
5.71843e-06
0.000219068
-1.95099e-05
-6.43535e-06
-0.000189204
0.000208541
-3.55786e-05
-3.61173e-06
0.000185149
1.68375e-06
-2.96557e-05
0.000200772
-3.25868e-05
-3.20732e-05
-6.39255e-06
0.000214584
0.000215521
-2.8998e-05
-2.91562e-05
-3.03734e-05
-3.00615e-05
-2.71137e-05
-2.86884e-05
-3.09789e-05
-3.29536e-05
0.00021402
0.000216874
2.88308e-05
0.000196286
-2.29741e-05
0.000207194
2.44899e-05
-2.65125e-05
1.89826e-05
0.000181192
-3.17936e-05
1.39138e-05
0.000189467
-3.61886e-05
-3.32102e-05
0.000182802
3.22696e-05
-2.87812e-05
-2.6587e-05
2.48998e-05
0.000159377
-3.26814e-05
0.00017208
-2.45099e-05
0.000150665
-2.80845e-05
3.27868e-05
0.000136479
-2.20884e-05
3.12032e-05
0.000119466
-2.39038e-05
0.000146093
3.43007e-05
-2.61608e-05
3.24132e-05
0.000127681
-2.80514e-05
2.86363e-05
0.000103157
-1.83393e-05
3.26527e-05
-1.49942e-05
7.12513e-05
0.000111772
3.18789e-05
-2.21368e-05
-1.75693e-05
3.6119e-05
7.70344e-05
0.000182956
1.35319e-05
-3.86115e-05
-1.79431e-05
1.25343e-05
-1.73513e-05
-4.42563e-05
0.000203809
0.000181649
-3.71038e-05
0.000200918
-4.19058e-05
0.000233724
-1.33992e-05
-2.48704e-05
-5.3668e-06
0.000181908
-5.13389e-05
0.00018448
-8.56443e-06
-5.30748e-05
9.03024e-07
0.000159855
-3.07412e-06
-6.24068e-05
0.000157838
-6.11258e-05
3.56198e-06
0.000172474
-6.94379e-05
2.24455e-06
0.000174264
-7.02637e-05
2.06511e-06
0.000110519
-5.86796e-05
3.46363e-07
0.000111415
-5.94027e-05
0.000108612
4.3898e-06
-6.63496e-05
-4.83724e-06
-4.83868e-05
3.24529e-06
7.33079e-05
-4.81477e-05
7.30423e-05
-1.32583e-05
0.000239836
0.000233176
-1.38636e-05
0.000251271
0.000106989
-9.53852e-06
0.000107604
0.000249526
0.000237155
-9.00493e-06
0.000233039
2.07447e-05
-1.46189e-05
0.000334043
0.000122
1.64457e-05
-1.14645e-05
0.000203253
0.000304721
2.50274e-05
-1.77522e-05
0.000305538
7.59095e-05
2.91852e-05
-2.07801e-05
0.000257182
4.6453e-05
3.17145e-05
-2.2512e-05
0.000202133
2.73973e-05
0.000333612
0.000124821
0.000205953
0.000304288
0.000305241
7.85032e-05
0.00025732
4.84847e-05
0.000202812
2.84393e-05
2.7431e-05
-0.000114103
-1.91179e-05
0.000135026
0.000114868
-2.73679e-05
0.000135668
-1.91084e-05
2.9776e-05
0.000257171
-2.37234e-05
0.000223723
2.98188e-05
-2.38568e-05
0.000100386
0.000259251
0.000224418
9.93984e-05
-3.65787e-05
0.000117579
0.000420295
-4.19665e-05
0.000371827
5.53802e-05
-2.64142e-05
0.000297186
0.000259697
-4.88655e-05
0.000306725
2.47318e-05
-5.43365e-05
0.000224483
2.0563e-05
-4.79517e-05
0.000156177
-2.89926e-05
0.000113612
0.000421325
-3.31117e-05
0.000372719
5.1672e-05
-2.10656e-05
0.000295261
0.000260411
-3.83986e-05
0.000306938
2.18321e-05
-4.25511e-05
0.00022375
1.90673e-05
-3.70786e-05
0.00015539
-5.72175e-05
0.000314312
0.000314602
-4.80341e-05
8.49827e-05
-6.9462e-05
-5.15951e-08
0.00023785
7.23282e-05
-5.91025e-05
-1.45114e-05
0.000367533
7.59142e-05
-6.13589e-05
0.000164873
6.52472e-05
-5.34165e-05
-1.9501e-05
0.000500811
6.10543e-05
-5.06602e-05
0.00022288
0.000485747
2.30554e-05
-1.92234e-05
0.000569845
0.000366894
-1.11126e-05
0.000238491
1.56564e-06
0.00016577
-1.57932e-05
0.000499499
0.000226137
0.000483634
0.000568719
0.000317976
0.000135892
-1.27923e-05
0.000497639
0.000121201
0.000235594
0.000480864
0.000146754
0.000370202
-1.38981e-05
4.27977e-05
0.000571292
0.000315258
1.18311e-05
0.000244346
0.000158104
-1.43003e-06
0.000237203
8.7049e-06
0.000170962
0.000141045
0.000139931
0.000167209
-0.000112617
0.000130411
0.000152751
-0.000127118
0.000148626
-4.06901e-05
0.000251878
-0.000132591
0.000158622
-0.000304305
0.000634968
-0.00011145
0.000134018
4.3407e-05
0.00066492
-0.000116431
0.00013863
0.000305349
0.000722215
-0.000109716
0.000636254
-0.000304895
-0.00010681
0.000251143
-4.02977e-05
-9.4677e-05
0.000151863
-9.24486e-05
4.08178e-05
0.000668234
-9.79089e-05
0.000304636
0.000726848
2.54829e-05
0.000131909
-2.63902e-05
-3.45768e-05
-1.93172e-05
9.55188e-05
3.55578e-05
3.02451e-05
-1.91372e-05
0.000106045
-1.42176e-05
0.000164551
9.28315e-06
-3.60642e-05
1.57008e-06
0.000181483
-3.52072e-05
-0.00014672
-1.63443e-06
0.00015679
-3.52368e-05
-1.4381e-05
0.000143912
9.95321e-06
-3.21064e-05
0.000185771
-6.95375e-06
-3.80735e-05
-5.29046e-06
-3.24402e-05
0.000171782
0.000171361
0.00016903
0.000168177
-3.84718e-05
-9.53123e-05
-3.71344e-05
-3.73235e-05
-3.61711e-05
-0.000146733
0.000158553
-8.61302e-06
-3.81969e-05
-3.41502e-05
-1.12489e-05
0.000158583
-3.213e-05
0.000139588
-2.87611e-05
0.000138754
2.35328e-05
-3.01842e-05
-2.17427e-05
2.86505e-05
0.000111246
-1.68554e-05
8.95422e-05
0.000164239
0.000164135
-0.000111383
0.000155841
0.000155947
-4.03343e-05
-4.14483e-05
-3.3668e-05
-3.32082e-05
1.37269e-05
0.000170892
-1.79058e-05
-4.87164e-05
0.000169646
-4.69244e-05
1.4121e-05
-0.00012451
-1.77685e-05
0.000135635
-4.63254e-05
-0.000125224
0.000135659
-4.52789e-05
-1.38379e-05
-3.69152e-05
-3.72069e-05
-1.72354e-05
-7.14516e-06
0.000146698
-5.36425e-05
0.00014798
-1.01674e-05
-5.50185e-05
-8.16032e-06
0.000110665
-4.36055e-05
-1.08961e-05
0.000110779
-4.42472e-05
2.7625e-06
0.000112015
-5.03698e-06
-5.1955e-05
3.795e-06
-3.96937e-05
-6.02742e-06
8.69149e-05
0.000111244
-5.1091e-05
-3.93642e-05
8.672e-05
6.90597e-07
-4.40896e-05
8.1909e-05
-4.45079e-05
8.23433e-05
-1.22499e-06
-6.74435e-06
6.65061e-05
2.01701e-05
0.000271474
-5.67768e-06
-1.07803e-05
-8.88085e-06
-1.59572e-05
5.53285e-05
7.6062e-05
5.92538e-05
7.27002e-05
-9.84183e-05
1.17333e-05
9.92438e-05
3.75886e-05
-2.48767e-06
-1.01851e-05
6.78852e-05
5.68966e-05
3.30655e-05
-8.39437e-07
6.92732e-05
6.14669e-05
-0.000143975
-1.13237e-05
0.000144799
4.66436e-06
3.97014e-06
0.000129955
5.78139e-07
0.000144354
7.21828e-06
0.000105009
1.37172e-05
-1.76995e-06
0.000140641
-7.07053e-06
-6.80281e-05
-8.27572e-06
7.0363e-05
4.39279e-05
3.87331e-05
0.000107337
1.82857e-05
-2.34538e-06
0.000141296
-5.66312e-06
0.000151851
-1.2776e-05
0.000110919
-8.97052e-07
-3.99092e-06
7.28832e-06
0.000112928
-1.33605e-06
-2.02466e-07
0.000151887
-1.20509e-05
6.99378e-05
2.49404e-05
-0.000113455
0.000107862
0.000120164
1.59017e-05
0.000120517
0.000108737
2.0466e-05
-2.38524e-05
0.000116894
2.59771e-05
-3.63976e-05
-2.0584e-05
3.24844e-05
0.000104087
0.00012014
1.62647e-05
-1.9562e-05
0.00010014
4.63452e-05
-1.47758e-05
8.53755e-05
-1.68234e-05
4.56998e-05
9.06549e-05
-4.93969e-05
-1.44166e-05
5.1361e-05
7.19673e-05
-1.26885e-05
6.62312e-05
4.49045e-05
-1.11615e-05
4.58309e-05
-1.27608e-05
4.90688e-05
5.08619e-05
-9.76052e-07
0.000139721
-3.32635e-05
0.000131852
0.000134091
-0.000142322
-8.42536e-05
0.000128283
0.00012598
0.000140457
-3.48852e-05
-7.437e-06
0.000515563
-0.00013222
-9.55126e-05
0.000112111
0.000114537
-9.10068e-05
-9.72184e-05
0.000103533
0.000101252
-5.62692e-05
-8.35417e-05
7.43845e-05
8.3868e-05
8.51528e-05
7.30873e-05
1.35072e-05
0.00010669
-1.66382e-05
-3.56644e-05
0.000107682
-3.5603e-05
-3.54873e-05
-6.23607e-05
5.67244e-05
4.94752e-05
4.86918e-05
5.74391e-05
3.45647e-05
8.2868e-06
-1.0495e-05
-2.83325e-05
7.1184e-05
-8.17803e-06
-3.4545e-05
8.79764e-05
8.75386e-05
-1.05282e-05
-2.84896e-05
7.18112e-05
-2.60341e-05
-4.32513e-05
2.99391e-05
3.51684e-05
2.93992e-05
3.56352e-05
-4.70939e-06
-2.50272e-05
5.63731e-05
2.48822e-05
5.28348e-06
-7.08678e-06
-1.80683e-05
4.49655e-05
-6.57389e-06
5.6104e-05
-1.83297e-05
4.53954e-05
-4.34106e-06
-3.24777e-05
6.74031e-05
-6.47086e-06
-3.27271e-05
6.73133e-05
-2.52829e-05
1.83539e-05
1.42873e-05
1.37993e-05
1.87309e-05
1.50011e-05
3.62548e-06
-5.25025e-06
-9.60896e-06
2.65883e-05
-2.65581e-06
-1.51907e-05
3.43729e-05
-4.27591e-06
3.41195e-05
-9.90071e-06
2.6935e-05
1.0398e-06
-2.56957e-05
-2.93155e-06
5.17543e-05
2.56353e-05
-1.76728e-06
-1.85456e-05
4.04105e-05
5.17344e-05
-3.6459e-06
-1.85364e-05
4.03115e-05
-9.83673e-08
-1.85311e-06
-3.44005e-05
5.9151e-05
-3.40781e-05
5.89236e-05
-8.09982e-06
-1.75398e-06
1.88363e-05
3.10878e-06
7.92533e-06
1.24577e-05
-4.64108e-06
1.29258e-05
-3.20379e-06
1.84758e-05
1.30403e-05
-1.29931e-07
-7.88938e-06
2.39218e-05
-8.46888e-07
-1.29987e-05
-8.38364e-07
3.06671e-05
3.07868e-05
-1.80665e-06
-7.81716e-06
2.37139e-05
3.04779e-06
-2.44478e-05
4.39804e-05
2.45342e-05
-2.32365e-06
5.53407e-07
-1.54506e-05
3.31105e-05
1.27974e-06
4.40842e-05
-1.5391e-05
3.30854e-05
4.41542e-06
-3.27095e-05
4.47284e-05
2.73798e-06
-3.29238e-05
4.49152e-05
-1.86299e-06
3.67638e-07
1.72789e-05
1.7618e-05
8.23385e-06
-3.91905e-06
2.32934e-06
-1.97213e-06
1.94956e-05
4.83057e-06
-8.28129e-06
2.54958e-05
3.21851e-06
2.53792e-05
-2.01735e-06
1.96695e-05
-1.99903e-05
-7.2017e-06
5.55165e-06
3.29157e-05
6.58359e-06
2.0053e-05
-8.62047e-06
2.33248e-05
4.95228e-06
-8.57693e-06
2.32993e-05
3.29224e-05
-8.61038e-06
2.30469e-05
7.0262e-06
-2.33122e-05
2.30295e-05
-2.33795e-05
5.82274e-06
1.50949e-05
4.44263e-06
1.47638e-05
8.10945e-06
2.7761e-07
6.9329e-06
1.43292e-05
-2.9993e-08
-8.96598e-06
7.46102e-06
1.84483e-05
6.68878e-06
7.15746e-06
1.41475e-05
1.86269e-05
1.13968e-05
-8.45871e-06
1.92541e-05
8.16564e-06
-1.08772e-05
9.3551e-06
5.14289e-06
1.16217e-05
1.91655e-05
9.81142e-06
4.86861e-06
1.17009e-05
-9.69459e-06
8.53902e-06
-1.44957e-05
-1.21438e-05
7.4136e-06
1.09669e-05
1.29435e-05
1.40126e-05
1.02745e-05
1.1665e-05
1.01195e-05
7.56366e-06
1.61176e-05
-1.33246e-05
1.21601e-05
1.29316e-05
-1.57182e-05
2.86215e-05
1.18582e-05
2.90125e-05
1.32827e-05
1.90144e-06
-2.67021e-06
1.02245e-05
-6.38399e-06
-1.25327e-05
5.04832e-06
2.74368e-06
-1.65944e-05
2.65848e-06
9.65926e-06
-7.00342e-06
-4.65452e-06
3.01539e-06
3.71512e-06
3.11228e-06
2.60615e-06
-4.42828e-05
1.0269e-06
1.97747e-06
-2.6372e-06
-3.51864e-06
7.34928e-07
2.48586e-06
4.24636e-06
1.14388e-05
-4.18666e-06
9.46233e-06
-6.93573e-06
3.45992e-06
4.16878e-06
-3.60718e-06
-6.44333e-06
-3.01433e-06
4.36555e-06
1.18663e-05
-2.70614e-06
3.16741e-07
9.90927e-06
1.06982e-06
-1.66832e-05
-1.2304e-05
-1.48291e-05
-1.60599e-05
-7.05228e-05
-2.48279e-05
-2.36257e-05
-1.91295e-06
-1.97554e-05
-1.99865e-05
-4.38422e-06
1.2032e-05
-3.97099e-05
7.32592e-05
-8.51657e-05
-4.88525e-05
-6.30979e-05
-5.87797e-05
-5.11959e-05
5.39549e-06
-8.09157e-06
5.69061e-06
-9.22037e-06
-4.06947e-05
7.61939e-06
-1.5933e-06
-6.28838e-05
4.83601e-06
-4.00018e-05
-5.26877e-06
-6.30652e-05
8.35635e-08
1.30227e-06
-2.44651e-06
-3.52464e-05
-4.00147e-06
1.49991e-07
2.41173e-06
-6.15587e-05
-6.16162e-05
-2.14043e-06
-8.36118e-07
-3.51614e-05
4.28428e-06
-5.54845e-06
-7.6462e-06
3.93368e-06
-3.02838e-05
6.87013e-06
-4.29599e-06
-5.5987e-05
5.56413e-06
-5.60304e-05
-7.83867e-06
-3.02313e-05
9.00822e-06
5.74531e-06
-1.1004e-05
-2.32458e-05
-5.62893e-06
-9.76333e-06
8.63249e-06
-4.90542e-05
-1.07694e-05
-2.35234e-05
7.64246e-06
-4.88149e-05
-4.01075e-05
1.10956e-05
0.000577857
0.000482079
0.000235734
0.000497695
-2.05286e-05
-0.000196505
0.000736026
0.000301689
-0.000194317
0.000652141
2.96898e-05
-0.000222671
0.000644298
-0.000346758
-0.00017296
0.000770441
4.86272e-05
-0.000218503
0.000706717
0.000175893
-0.000318015
0.000606999
-0.000190818
-0.00011286
-0.000118419
0.000253012
-0.000172702
-3.53932e-05
0.000142105
-0.000128838
0.000373716
-2.88038e-05
0.000262293
-0.000187517
-7.84639e-05
8.61493e-05
-0.000141359
-0.000170078
-0.000144488
0.000174937
4.74909e-05
8.81286e-05
4.40544e-05
-3.08508e-05
0.000184826
5.56237e-05
0.000189587
-3.22676e-06
-4.15693e-05
4.45705e-05
-4.04244e-05
0.000157718
-5.51992e-05
0.000177937
5.88877e-05
-1.13808e-05
2.57363e-05
-2.02864e-05
0.000237471
4.43513e-05
0.000240861
4.68103e-07
-3.93968e-05
3.4508e-05
-3.03169e-05
0.000226118
-5.30934e-05
0.000230796
4.98795e-05
-2.30728e-06
-2.47887e-05
1.21486e-05
0.000254562
-0.0002349
-1.83182e-05
-4.99935e-06
0.000261155
0.000260926
-2.19714e-06
3.57997e-05
-1.72944e-05
-8.68645e-06
-1.34548e-05
-2.58965e-05
0.000263565
-2.15835e-06
0.000269297
-9.54661e-07
2.60551e-05
0.000259124
2.86515e-05
-1.13448e-05
1.04823e-05
0.000270877
6.4569e-05
0.00025999
6.62429e-05
0.000103746
0.000103169
0.000127924
0.000127789
4.02781e-05
0.000872399
4.01239e-05
2.94697e-05
3.01963e-05
6.87213e-05
0.000241465
1.61985e-05
6.67652e-05
0.000262745
1.42986e-05
-2.53079e-05
0.000210936
0.000214121
3.28565e-07
-0.000216392
-0.000103038
0.000112431
0.000200261
4.66566e-05
0.000538071
0.000233066
0.000143507
0.000152878
0.000150885
0.000145461
-8.72861e-05
9.20276e-05
3.2388e-05
-0.000200059
0.000187848
4.48468e-05
3.16885e-05
-7.15152e-05
7.13715e-05
0.000230337
1.81339e-05
0.000212316
1.84191e-05
4.38088e-05
-3.65566e-05
0.000198765
0.000204331
5.63638e-05
-5.61294e-06
-0.000158586
-0.000169251
0.000460347
6.26212e-05
6.63345e-05
7.3354e-05
6.95537e-05
0.00012949
0.000124484
0.000122986
0.000130994
9.21187e-05
-0.000172502
4.74077e-05
6.1348e-05
-9.7478e-05
0.000111504
0.000106583
0.000101175
-5.8956e-05
6.63963e-05
0.000100756
0.000115115
6.92756e-05
0.000107837
9.96494e-05
-0.00018671
0.000101263
5.16945e-05
8.06908e-05
3.29673e-05
8.62041e-05
3.4916e-05
7.20063e-05
0.000185338
1.83686e-05
7.48835e-05
0.000200952
1.90763e-05
-3.43107e-05
0.000145787
0.000164031
-8.96589e-06
-8.61755e-05
0.000127897
-0.000144207
9.69307e-05
6.28728e-05
0.000117193
-0.000132062
5.72728e-05
8.76009e-05
9.76938e-05
6.65269e-05
9.97942e-05
0.00010651
7.26233e-05
8.26139e-05
-6.54196e-05
7.17075e-05
8.35545e-05
6.96466e-05
-7.79937e-05
9.02208e-05
9.16829e-05
9.52044e-05
7.66741e-05
8.95243e-05
8.57678e-05
-8.08033e-05
-0.000160106
9.00147e-05
5.15334e-05
6.09605e-05
6.53617e-05
6.45912e-05
-6.93491e-05
-6.40079e-05
8.34003e-05
7.17279e-05
6.98152e-05
6.79465e-05
6.52316e-05
7.93529e-05
6.90696e-05
-0.000147328
4.66721e-05
-7.34187e-05
8.05169e-05
3.49389e-05
3.22724e-05
-7.19151e-05
7.76716e-05
0.000173014
1.67741e-05
0.000158669
1.55143e-05
4.37283e-05
-7.06364e-05
0.000143395
4.86842e-05
0.000136314
-2.38317e-05
4.99294e-05
-8.18656e-05
0.000158621
0.000149208
5.53712e-05
-2.78208e-05
6.7609e-05
9.02351e-05
-0.00010542
4.98809e-05
9.99461e-05
-0.000115989
7.95563e-05
5.6009e-05
-6.6641e-05
7.99158e-05
6.58274e-05
8.09362e-05
-6.02883e-05
7.36058e-05
7.08209e-05
7.03445e-05
5.86616e-05
7.22845e-05
6.42261e-05
6.39787e-05
-5.1603e-05
-6.99586e-05
6.48109e-05
7.54378e-05
5.6982e-05
6.53543e-05
4.73894e-05
5.50813e-05
6.97329e-05
5.27297e-05
6.0046e-05
5.92835e-05
-3.15762e-05
6.45131e-05
4.39446e-05
3.92247e-05
-6.11653e-05
3.53458e-05
6.79591e-05
3.69147e-05
3.65164e-05
4.79316e-05
7.19877e-05
3.96359e-05
-0.000119806
6.73565e-05
4.19477e-05
6.61247e-05
3.10676e-05
-0.000131361
7.78494e-05
4.7511e-05
7.53353e-05
3.46022e-05
6.88043e-05
0.000131294
9.3933e-06
7.74704e-05
0.000144543
1.04671e-05
9.87118e-05
5.72069e-05
-5.5698e-05
0.000100851
6.77377e-05
3.3577e-05
-6.11547e-05
7.28158e-05
9.47022e-05
8.87747e-05
3.07364e-05
8.31359e-05
4.33455e-05
5.65519e-05
-7.46525e-05
3.85192e-05
6.91192e-05
-8.64642e-05
5.7985e-05
4.64662e-05
3.73465e-05
3.52319e-05
4.39373e-05
3.37201e-05
4.80337e-05
3.75217e-05
2.77957e-05
5.73064e-05
3.59469e-05
5.46337e-05
4.80072e-05
5.49004e-05
4.91517e-05
5.89644e-05
4.56046e-05
4.16849e-05
6.55033e-05
4.10345e-05
-6.45352e-05
1.87505e-05
6.74376e-05
2.77837e-05
-1.59379e-05
6.92947e-05
2.71708e-05
3.28994e-05
2.97609e-05
3.09483e-05
7.34513e-05
3.08415e-05
6.01962e-05
-1.05566e-06
1.40338e-05
-2.21143e-06
-6.35498e-05
1.23693e-05
7.09109e-05
1.58214e-05
6.70253e-05
1.42994e-05
8.78823e-06
1.55398e-05
-4.83291e-05
6.0291e-05
3.92002e-05
3.22358e-05
-1.26389e-05
6.36718e-05
9.89027e-06
-4.99287e-05
-2.47103e-05
5.64508e-05
-2.73924e-05
5.29143e-05
-2.25136e-05
6.82173e-05
-4.27161e-06
1.19683e-05
-1.95624e-05
5.98265e-05
-6.81432e-06
4.85122e-05
1.46167e-05
-8.952e-06
1.09451e-05
1.83097e-05
-1.72751e-05
-8.97997e-06
-1.25202e-05
-1.18997e-05
6.56026e-05
9.04247e-06
1.0065e-05
2.09026e-05
4.80946e-06
1.06395e-05
3.8933e-05
1.70534e-05
7.11705e-06
5.88191e-05
1.80228e-05
-2.1716e-06
7.11636e-05
1.10069e-05
-1.4596e-05
-1.09598e-05
-1.64222e-05
8.83274e-06
-3.30922e-05
-4.37836e-05
-8.35774e-06
1.19825e-05
-3.87996e-05
1.83133e-05
2.58282e-05
3.57167e-06
-1.79737e-05
2.2087e-05
1.87202e-05
-5.37672e-05
1.38477e-05
-7.60037e-05
4.7282e-05
3.29475e-05
4.44856e-05
6.67701e-05
-0.000201789
5.33704e-07
-8.11059e-05
0.000236214
5.73356e-06
-9.55404e-06
0.000275097
-3.0884e-06
-5.73089e-05
-0.000205706
-8.42343e-05
-2.60434e-06
0.000241869
-0.000226403
-8.75549e-06
-5.35546e-05
0.00026176
-1.12819e-05
3.46703e-06
0.000282348
-5.97865e-05
-6.12515e-06
-9.8262e-06
-4.4151e-05
-1.93826e-07
0.000275605
1.17322e-05
1.31995e-05
6.56296e-05
0.000262854
1.22229e-05
6.52823e-05
0.000269837
0.000247769
-2.0527e-05
2.2e-05
0.000106386
2.75362e-05
-0.000241714
0.000142362
0.000223686
3.02663e-05
0.000142862
0.000229853
0.000106361
0.000181425
0.000155462
0.000156219
0.000170856
0.000170381
0.000167673
0.000159463
0.000164982
0.000162111
0.000126664
-4.7951e-05
5.51078e-05
0.000114583
4.89387e-05
-0.000124516
0.00014192
0.000119706
5.63124e-05
0.000143741
0.000122167
0.000112432
-5.26741e-05
-9.18918e-05
6.07978e-05
0.000108488
7.94184e-05
8.92415e-05
5.10227e-05
7.25593e-05
0.000106032
7.77994e-05
5.87235e-05
7.39988e-05
-5.18786e-05
5.42292e-05
5.97245e-05
4.17534e-05
-5.12957e-05
5.40666e-05
6.61031e-05
4.3672e-05
4.08696e-05
6.23919e-05
6.89231e-05
4.46298e-05
-1.6636e-05
-5.35122e-05
6.18236e-05
2.88177e-05
1.78973e-05
5.10041e-05
1.36541e-05
1.63024e-05
5.88858e-05
1.67373e-05
2.5842e-05
1.74372e-05
-4.17732e-05
-1.84756e-05
4.87159e-05
2.1065e-05
4.40984e-05
-1.32249e-05
5.13563e-05
-1.06414e-05
-0.000179198
-6.47646e-06
5.407e-06
-0.000203825
0.000305317
-9.05648e-06
8.35518e-06
-5.56854e-05
0.000279494
-1.44337e-05
1.5156e-05
5.97613e-05
0.00027432
-7.06576e-07
-1.09792e-06
-7.30536e-05
-0.000176577
-7.17629e-06
-0.00020023
0.000300534
-9.39925e-06
-5.43254e-05
0.000275047
5.92712e-05
0.00026982
-7.14519e-05
-1.84408e-05
0.000250791
1.98891e-05
0.00011138
0.000247004
0.000110655
-2.28e-05
2.54564e-05
0.000158128
0.000231654
-2.69077e-05
0.000199131
3.10293e-05
0.000170798
0.000157262
0.000227947
0.000195825
0.000170162
3.10204e-05
0.000166983
0.000192605
3.61825e-05
0.000170037
0.000193116
3.58837e-05
-0.000161493
0.000184132
0.000129288
0.000162446
-3.5588e-05
4.18204e-05
0.000126968
4.22383e-05
0.000184714
0.000131625
0.000124856
0.000122006
3.85766e-05
8.18433e-05
-3.9168e-05
-0.000123389
4.66792e-05
0.000143948
8.88355e-05
0.000142756
8.72363e-05
4.5928e-05
8.32831e-05
-7.87191e-05
4.11043e-05
9.6951e-05
4.9082e-05
-3.99831e-05
8.04456e-05
4.77147e-05
4.65807e-05
4.57698e-05
4.91138e-05
9.85105e-05
4.99932e-05
3.5062e-05
3.97605e-05
1.80674e-05
-4.13187e-05
-3.70467e-05
4.94414e-05
5.20124e-05
1.95826e-05
5.01731e-05
1.91966e-05
4.75686e-05
1.84287e-05
8.03936e-06
3.43193e-05
2.17896e-06
-3.26688e-05
-6.18112e-06
3.92937e-05
4.12049e-05
3.91428e-06
7.58355e-06
-0.000195249
0.000293763
9.58159e-06
0.000269292
-5.23887e-05
-0.000197247
0.000296633
0.000271934
-5.29422e-05
-1.61867e-05
0.000254219
1.82327e-05
0.000119873
-0.00025188
1.77209e-05
0.000229108
0.000175518
1.93064e-05
0.000199277
0.000188959
0.000119054
2.072e-05
0.000231278
0.000176412
0.000201225
2.31764e-05
0.00018953
-2.14359e-05
2.62636e-05
0.000218352
0.000169973
-2.37476e-05
2.95335e-05
0.000210456
0.000131584
0.000217957
0.000168168
0.000210132
0.000130064
-2.59337e-05
-0.000165678
3.26176e-05
0.000191288
9.47182e-05
0.000165132
2.57538e-05
9.13111e-05
0.000190934
9.35599e-05
3.23632e-05
9.23235e-05
-1.54169e-05
1.70158e-05
0.000279692
4.93865e-05
0.000276988
4.90214e-05
0.000116362
-2.70135e-05
3.41619e-05
5.28057e-05
2.73628e-05
-0.000115632
0.000138105
5.55255e-05
3.46661e-05
0.000138674
5.61538e-05
5.22574e-05
-2.80696e-05
-6.57634e-05
3.56177e-05
8.44433e-05
2.20622e-05
6.48276e-05
2.73556e-05
2.04509e-05
8.3649e-05
2.18432e-05
3.47377e-05
2.06468e-05
1.23598e-05
-2.2969e-05
2.91664e-05
2.39298e-05
-1.13811e-05
2.40227e-05
3.03108e-05
2.48516e-05
5.5775e-06
-8.44445e-05
0.000239253
1.11821e-05
0.000252753
1.38109e-05
0.000136605
-1.17653e-05
0.000204043
1.55621e-05
0.000208401
-1.14479e-05
-0.00025366
1.46776e-05
0.000232696
0.000192703
0.000192209
0.000231945
0.000203296
0.000208
1.65285e-05
0.000137146
1.21292e-05
0.00024578
0.000170334
1.28661e-05
0.000241546
0.000129137
1.3552e-05
0.000220374
9.26605e-05
1.67124e-05
0.000246113
0.000170966
1.82446e-05
0.000241771
0.000129676
1.96255e-05
0.000220544
9.30135e-05
1.40703e-05
-0.000162637
0.000189635
5.89469e-05
0.000162741
-1.39292e-05
2.06488e-05
5.88867e-05
2.07866e-05
0.000189658
5.91207e-05
5.87641e-05
1.31329e-05
0.000284022
1.61446e-05
0.000284904
0.000104011
1.43037e-05
2.39454e-05
-1.45184e-05
-0.000104151
2.15543e-05
0.000126947
2.52868e-05
0.000126876
2.52699e-05
2.13116e-05
2.39414e-05
1.29421e-05
-3.76162e-05
5.34219e-05
3.78561e-05
-1.25434e-05
1.84764e-05
1.89621e-05
5.35533e-05
8.60532e-06
-3.65468e-06
8.26768e-06
0.000416443
-5.49921e-05
5.99724e-06
-2.79218e-05
5.7136e-06
-4.6533e-05
7.33249e-06
-3.59793e-06
0.000415864
1.22381e-05
3.85979e-06
0.000212211
0.000223925
5.51383e-06
0.000245651
0.000358408
9.76996e-06
0.000245276
0.000358281
0.000211715
7.68341e-06
0.000224116
-9.31321e-07
7.57823e-06
5.59657e-05
0.000219823
-1.48451e-06
7.52013e-06
8.59786e-05
0.000257512
-2.22738e-06
7.48886e-06
0.000125665
0.000280802
-2.83735e-06
7.34921e-06
0.000176357
0.000276439
8.6537e-05
0.000257475
0.000219943
5.64258e-05
0.000126204
0.000280653
0.00017689
0.000276287
-7.72693e-07
-0.000151618
7.78157e-06
0.000176673
2.70424e-05
0.000151928
7.08028e-07
2.76194e-05
0.000176958
2.73016e-05
7.70157e-06
2.73577e-05
7.15345e-05
-1.156e-06
7.1994e-06
1.25173e-06
-7.17991e-05
9.11802e-05
7.3096e-06
9.08875e-05
-1.08877e-05
1.66666e-05
9.56225e-06
1.64376e-05
4.87841e-06
0.000233683
-7.62781e-07
0.000232812
5.17015e-06
-6.69987e-07
0.000247607
0.000106905
0.000107407
0.000248313
0.000235132
0.0002329
-1.41642e-05
2.64934e-05
0.000201556
-1.30826e-05
4.47915e-05
0.000257069
-1.10184e-05
7.38327e-05
0.000305819
-8.84534e-06
0.000119817
0.000334385
-6.68913e-06
0.00020116
0.000305186
-5.89517e-06
0.000256982
4.35624e-05
-4.69271e-06
7.23268e-05
0.000306096
-6.4245e-06
0.000201089
2.58451e-05
-3.2849e-06
0.000118212
0.000334684
-2.00054e-06
0.000199617
0.000305566
-1.17234e-05
-0.000113445
0.000134429
0.00011294
1.17363e-05
-4.98018e-06
-4.96993e-06
0.000133964
-1.7086e-05
0.000231592
-3.3596e-05
5.4657e-06
-1.04812e-05
0.000239649
-2.52221e-05
0.000218879
-3.02126e-05
-6.62557e-06
0.000205283
-3.35642e-06
-4.51088e-05
-0.000190709
-1.78153e-05
0.000214369
-3.84546e-05
0.000197338
-4.1153e-05
-1.84193e-05
-3.60562e-05
0.00019156
-3.76579e-05
-3.13344e-05
-3.43955e-05
0.000217185
-3.91055e-05
-2.37885e-05
0.000184033
-4.1062e-05
0.000185391
-4.32555e-05
-3.04771e-05
-2.33661e-05
-4.74946e-05
0.000206564
-3.02228e-05
-5.05299e-05
0.000209824
-1.9378e-05
0.000239396
-2.80837e-05
-2.7525e-05
-3.14966e-05
0.000246037
2.99207e-05
0.000194115
-3.35483e-05
0.000205836
2.56763e-05
-3.86363e-05
2.16878e-05
0.000167991
-3.79898e-05
1.66602e-05
0.00017675
-4.33596e-05
-3.4915e-05
0.00016725
3.43702e-05
-3.6109e-05
-3.27681e-05
3.18883e-05
0.000145174
-3.82219e-05
0.000156403
-3.08614e-05
0.00013639
-3.29199e-05
3.45615e-05
0.000121147
-2.64522e-05
3.91399e-05
-2.07295e-05
8.3347e-05
0.000130883
3.65203e-05
-3.13217e-05
-2.43152e-05
4.1347e-05
8.95755e-05
3.2784e-05
-1.2824e-05
6.09568e-05
-1.62192e-05
6.67871e-05
3.71137e-05
1.23206e-05
-1.68444e-05
0.000189581
-5.84217e-05
0.000231458
-1.47128e-05
-4.76325e-05
0.000186977
-5.54803e-05
-5.57448e-06
0.000162036
-6.41761e-05
0.00016433
-8.54545e-06
-6.64543e-05
1.57928e-06
0.000113582
-3.74161e-06
-6.18114e-05
0.00011246
-6.04158e-05
3.02082e-06
0.000109374
-6.69244e-05
1.58984e-06
0.000110413
-6.78309e-05
1.55263e-06
-4.88044e-05
7.37265e-05
-4.9475e-05
-2.60441e-07
7.42287e-05
-4.68316e-05
5.52449e-05
4.25869e-06
-1.80296e-05
0.000255656
0.000223097
-1.81974e-05
0.000101329
-1.27016e-05
0.000102108
0.000254546
-1.27127e-05
0.000222702
2.20309e-05
-1.55593e-05
0.000107526
0.000423298
2.51066e-05
-1.7819e-05
0.000374356
4.58943e-05
1.60832e-05
-1.14104e-05
0.000292802
0.000261793
2.90743e-05
-2.06463e-05
0.000307531
1.71329e-05
3.20909e-05
-2.27429e-05
0.000222632
1.66054e-05
2.75991e-05
-1.92194e-05
0.000154044
0.000110249
0.000422353
0.00037357
4.84876e-05
0.000293843
0.000261118
0.000307239
1.9259e-05
0.00022313
1.77058e-05
0.000154628
3.95632e-05
0.000316183
-3.16361e-05
0.000315346
-4.30291e-05
-2.3188e-05
0.000502207
-4.12853e-05
0.000220114
0.000487992
-4.74631e-05
0.000368471
-1.80048e-05
-1.57194e-05
0.000571539
-5.56263e-05
0.000237455
-2.07608e-06
-4.86218e-05
0.000164003
-3.38171e-05
0.000503647
-2.65271e-05
-3.27689e-05
0.000217838
0.000490232
-3.71917e-05
0.000369513
-2.11743e-05
-1.25081e-05
0.000573382
-4.34297e-05
0.000237229
-3.84358e-06
-3.75022e-05
0.000163337
7.79461e-05
-6.29222e-05
0.000149797
8.82741e-05
-7.1798e-05
-4.36509e-05
0.000250514
8.9761e-05
-7.24655e-05
-0.000311292
0.000642028
7.61906e-05
-6.21391e-05
3.42097e-05
0.00067543
8.18039e-05
-6.76413e-05
0.000303969
0.00073746
0.000638829
-0.000307683
0.000250569
-4.17268e-05
0.000150605
3.76164e-05
0.000671761
0.000304153
0.000732094
0.000188344
-0.000308303
0.000635991
0.000161043
4.41076e-05
0.0006621
0.000165475
0.000305722
0.000719589
0.00016927
0.000254164
-4.43608e-05
0.000248146
-1.37091e-05
0.000155171
0.000144771
0.000172471
-0.000110603
0.000129639
9.30246e-05
-0.000113322
0.000135305
-7.44097e-05
-0.000142762
0.000175625
0.000645512
-0.000110961
0.000133298
0.000194788
0.000753143
-5.84541e-05
7.0755e-05
9.99836e-06
0.000699915
-0.000115542
0.000649852
-9.28349e-05
-7.42393e-05
-9.19881e-05
9.29495e-05
-9.20681e-05
0.000193651
0.000760325
-4.87392e-05
8.07216e-06
0.000709061
3.57699e-05
-2.25175e-05
0.00010196
2.31029e-06
0.000169165
-4.06095e-05
-2.03271e-05
0.000151882
1.55391e-05
-3.92465e-05
4.04494e-06
0.000147121
-3.67277e-05
-2.59889e-05
-2.90937e-05
0.000121064
2.20528e-05
-1.86132e-05
0.000187014
-4.23799e-05
0.000173122
-6.48908e-06
-4.38432e-05
0.000187226
-3.13507e-05
-4.39688e-05
1.77593e-05
-0.000139045
0.000154765
-2.7544e-05
-4.44072e-05
0.000161051
0.000158758
-3.93263e-05
0.000150812
0.000152435
-4.05389e-05
-3.69663e-05
-3.79357e-05
-4.4575e-05
-4.34379e-05
-3.54242e-05
-3.59831e-05
-0.000143071
0.000157361
-4.22784e-05
1.88407e-05
-3.80024e-05
-2.53541e-05
-3.75593e-05
0.000149353
-3.25714e-06
-3.97909e-05
0.000145559
-3.4895e-05
-2.57783e-05
0.000116573
-2.57833e-05
0.000107938
3.46767e-05
-2.33566e-05
0.000171622
-5.13919e-05
0.000172495
-2.93158e-05
-5.38444e-05
-2.20564e-05
-0.000123025
0.000134878
-4.78996e-05
-0.000121065
-2.68973e-05
0.000133833
-4.93749e-05
2.09247e-05
-3.84665e-05
-2.50801e-05
-3.80069e-05
1.36386e-05
0.000149947
-1.76525e-05
-5.90149e-05
0.000149061
-5.6855e-05
1.38595e-05
-1.71469e-05
0.00010968
-4.60285e-05
0.000110469
-4.51025e-05
-7.61571e-06
0.00011267
-5.30688e-05
0.00011308
-1.04756e-05
-5.44591e-05
-8.37714e-06
-4.0153e-05
8.68736e-05
-4.0713e-05
-1.08973e-05
8.65245e-05
3.29422e-06
-4.58238e-05
8.30698e-05
-5.58022e-06
-4.5062e-05
8.27602e-05
-5.73938e-06
6.80067e-05
1.08436e-05
-1.64924e-05
-6.7129e-06
8.27007e-05
6.6101e-05
0.000228363
-7.39792e-06
-9.70998e-06
6.87156e-05
8.44339e-05
0.000144716
-1.58684e-05
1.02736e-05
2.41239e-05
-0.000126566
0.000135973
0.000143628
1.63313e-05
9.96635e-05
1.44713e-05
-3.48764e-06
4.39252e-05
-1.5792e-05
-6.91857e-05
6.78576e-05
7.25981e-05
9.86945e-05
-4.67203e-06
4.91027e-05
6.7697e-05
-0.00010953
1.17632e-05
0.000111033
2.88028e-05
-4.48001e-06
-0.000142203
0.000142935
1.44432e-06
-1.00772e-05
7.21886e-05
5.03725e-05
2.42425e-05
-3.44755e-06
-1.16869e-06
7.31939e-05
5.54014e-05
8.22047e-06
0.000115647
4.85108e-06
-2.07395e-06
0.00015224
-9.19321e-06
-7.34714e-05
-9.21817e-06
7.64323e-05
3.57686e-05
3.07315e-05
0.000118328
9.15038e-06
-2.7637e-06
0.0001523
-8.06879e-06
0.000171534
-1.35331e-05
0.000122989
4.55221e-07
-1.03534e-05
0.000171275
-1.31281e-05
6.42763e-06
0.000124095
-1.97878e-07
-7.53851e-06
7.20136e-05
1.46004e-05
3.00261e-05
2.82977e-05
-2.57154e-05
0.000107738
1.07333e-05
0.000122458
-0.00012695
-3.24298e-05
0.000117195
0.000106262
0.000106837
0.000115219
-3.14419e-05
0.000123791
4.01603e-06
-2.65062e-05
2.20356e-05
0.000110063
-4.42357e-05
-2.34178e-05
4.14025e-05
0.000101245
-2.05204e-05
9.63456e-05
5.27432e-05
-1.684e-05
7.83159e-05
-1.93738e-05
5.29217e-05
8.4067e-05
-5.29866e-05
-1.73454e-05
5.62123e-05
6.17717e-05
-1.48912e-05
5.6475e-05
4.16063e-05
-5.64732e-06
3.33585e-05
-7.53559e-06
4.65938e-05
3.71908e-05
0.000120089
0.000113618
-0.000152962
-0.000111968
0.000109867
0.00011538
-1.52936e-05
0.000137496
-3.89156e-05
0.000134104
-3.93672e-05
-2.2053e-05
0.000108454
0.000104823
-0.000119028
-9.93504e-05
9.44964e-05
9.78471e-05
-7.45425e-05
-8.04599e-05
6.95394e-05
8.22202e-05
8.02034e-05
7.13874e-05
-1.96776e-05
0.000105033
-3.64679e-05
0.000102954
-2.33847e-05
-3.64612e-05
-4.58282e-05
-5.8079e-05
5.57506e-05
4.65038e-05
5.45894e-05
4.76153e-05
3.47214e-05
-1.24478e-05
-2.85175e-05
7.01334e-05
1.29322e-05
-3.47551e-05
8.54732e-05
-1.54467e-05
8.66752e-05
-1.4654e-05
-2.83069e-05
6.88453e-05
-3.36473e-05
-3.87729e-05
2.78121e-05
3.44946e-05
3.37296e-05
2.86352e-05
-2.46264e-05
8.41456e-06
-1.01881e-05
5.47918e-05
-8.71397e-06
2.47845e-05
-1.79796e-05
4.42974e-05
-1.03764e-05
-1.76866e-05
4.34145e-05
5.55747e-05
8.69542e-06
-1.1005e-05
-3.34622e-05
6.62428e-05
-3.30693e-05
6.69521e-05
-3.29657e-05
1.77996e-05
1.24933e-05
1.72311e-05
1.31533e-05
-6.83183e-06
1.47596e-05
-9.31974e-06
2.60808e-05
-1.4486e-05
5.95996e-06
-7.55995e-06
3.3186e-05
-8.43662e-06
-8.88827e-06
2.54063e-05
3.37492e-05
-4.89934e-06
-2.57983e-05
5.16614e-05
2.59294e-05
5.57142e-06
-7.59032e-06
-1.8532e-05
3.9587e-05
-6.96257e-06
5.13695e-05
-1.85333e-05
4.0056e-05
-3.9416e-06
-3.48537e-05
5.92833e-05
-6.22156e-06
-3.54424e-05
5.92119e-05
-7.28307e-06
4.77422e-06
-6.30617e-06
1.75599e-05
-6.16679e-06
7.6424e-06
1.18857e-05
1.12915e-05
-7.82978e-06
1.80431e-05
1.28495e-05
3.58538e-06
-5.44662e-06
-7.50274e-06
2.31027e-05
-2.59947e-06
-1.29245e-05
3.05129e-05
-4.44706e-06
3.02802e-05
-7.66466e-06
2.34539e-05
5.67989e-07
-2.49458e-05
-2.53302e-06
4.42646e-05
2.47055e-05
-1.32925e-06
-1.55413e-05
3.3129e-05
4.42095e-05
-3.34758e-06
-1.56993e-05
3.30834e-05
-9.84327e-07
-9.12103e-07
-3.38098e-05
4.53822e-05
-3.32831e-05
4.5156e-05
-1.2303e-06
1.69104e-05
-2.90567e-06
1.65804e-05
8.20513e-06
6.29691e-07
-1.91535e-06
1.93317e-05
-1.52472e-06
-8.23835e-06
-2.64613e-07
2.52442e-05
2.52947e-05
-1.17907e-06
-1.9114e-06
1.91957e-05
3.87896e-06
-2.00501e-05
3.29937e-05
2.02233e-05
-3.26147e-06
1.48575e-06
-8.75862e-06
2.34215e-05
2.14229e-06
3.31204e-05
-8.61984e-06
2.3346e-05
5.485e-06
2.3133e-05
-2.33964e-05
3.94451e-06
-2.36591e-05
2.32832e-05
-2.94475e-06
1.37187e-06
1.41735e-05
1.44283e-05
-1.54476e-07
-5.15912e-06
3.54231e-06
7.37727e-06
1.38896e-05
5.89764e-06
1.07696e-07
1.8331e-05
4.27947e-06
1.82659e-05
7.31824e-06
1.39886e-05
-7.94318e-06
-8.21166e-06
1.91483e-05
6.60993e-06
7.79055e-06
7.99003e-06
5.31406e-06
1.15852e-05
6.19486e-06
5.35597e-06
1.15959e-05
1.91326e-05
7.25885e-06
5.87794e-06
9.6598e-06
-1.4892e-05
7.28253e-06
1.51633e-05
-1.02809e-05
8.81719e-06
9.89165e-06
7.1934e-06
8.25377e-06
9.98751e-06
-1.06636e-05
9.39731e-06
2.95546e-05
2.93331e-05
1.24688e-05
1.14933e-05
3.55124e-06
-1.27115e-05
1.45985e-06
-2.86134e-06
-3.37162e-06
9.20846e-06
-7.05216e-06
1.01773e-05
-7.40795e-06
2.2344e-06
8.62547e-07
-1.69085e-05
-3.06557e-06
1.80913e-06
2.6453e-06
-5.70551e-07
-4.93531e-07
-5.91516e-05
4.31497e-07
-6.34932e-06
-5.16307e-06
-3.62897e-08
-6.09626e-06
3.97341e-06
1.08488e-05
1.08446e-05
-9.63645e-06
-7.7324e-06
1.44954e-06
-9.01247e-06
-4.71983e-06
-5.80551e-06
-1.19409e-05
3.71589e-06
-8.03115e-06
1.02454e-05
-2.81976e-06
9.52692e-06
-1.68096e-05
-1.27828e-05
1.91388e-06
-1.93125e-05
-1.74337e-05
-0.000103564
-2.68853e-05
-2.90024e-05
7.31955e-06
-2.13911e-05
-1.08712e-05
-2.05742e-05
8.28012e-05
-0.000118355
-5.07116e-05
-5.7863e-05
-6.17196e-05
-5.09373e-05
-9.36252e-06
-1.41837e-05
7.68743e-06
-4.22141e-05
9.26853e-06
1.03636e-05
-1.68772e-05
-6.58527e-05
-6.41425e-05
9.3529e-06
-1.98963e-05
-4.44726e-05
3.438e-06
-1.07081e-06
-8.49464e-07
-6.71157e-06
-3.55008e-05
5.84334e-07
5.0965e-07
-6.15665e-05
-1.53356e-06
-3.5282e-05
-1.96375e-06
-6.16628e-05
4.25165e-06
2.13624e-06
-7.40594e-06
-3.02947e-05
-4.20971e-06
-4.27827e-06
2.82183e-06
-5.58926e-05
-5.60102e-05
-7.21937e-06
1.30036e-07
-3.02141e-05
5.46284e-06
-6.14237e-06
-1.0383e-05
-2.37597e-05
4.53835e-06
7.38951e-06
-5.52305e-06
-4.92209e-05
6.08574e-06
-4.92638e-05
-1.05425e-05
-2.37118e-05
-1.00065e-05
-4.0667e-05
8.81282e-06
-4.04433e-05
0.000723114
0.000305792
0.00065894
4.12164e-05
0.000639941
-0.000321081
-0.000119563
0.000672747
9.88081e-06
-0.000189464
0.000736926
0.000187864
-0.000263121
0.000619093
-0.000177587
-9.7696e-05
-0.000119223
-0.000111445
0.000838732
-0.000134555
0.000746277
-0.0002991
-0.000145129
0.000158423
-0.000147718
0.000256955
-5.58593e-05
9.24839e-05
-0.000153883
4.66793e-05
-4.71634e-05
0.000170607
6.14097e-05
0.000193278
-1.42013e-05
-5.56735e-05
6.07069e-05
-0.00010788
0.000193305
-6.1107e-05
0.000177724
6.58362e-05
-3.61157e-05
2.55397e-05
-3.58886e-05
0.000243449
4.34655e-05
0.000249927
-5.57387e-06
-4.16367e-05
3.67502e-05
-5.02791e-05
0.000230684
-5.52904e-05
0.000239498
5.16886e-05
-1.20851e-05
-4.1897e-05
1.10194e-05
0.000263221
-8.89694e-06
-3.04142e-05
0.00027279
0.000272049
-9.48022e-06
3.32609e-05
-2.21429e-05
-3.111e-05
0.000274195
0.000280833
-6.78036e-06
2.19477e-05
-1.54073e-05
-5.86134e-05
0.000270827
0.000286636
-4.99491e-06
7.78542e-06
0.000284795
6.26762e-05
1.06086e-05
-2.34411e-05
0.000266238
2.67984e-05
0.000105027
-1.09382e-05
9.2422e-06
0.00029097
6.19307e-05
0.000255792
0.000105925
0.000279164
6.39683e-05
-3.4085e-05
0.000142973
3.91445e-05
0.000246129
0.000143099
0.000236663
0.000119081
-0.000235404
0.000221396
4.7635e-05
0.00015792
0.000157146
0.000242565
0.00017244
0.000172943
0.000173854
0.000170554
0.000176675
0.000167797
-0.000256042
0.000130838
0.000235637
4.87721e-05
9.5136e-05
3.24228e-05
9.942e-05
3.26154e-05
6.93543e-05
0.000251068
1.70738e-05
6.59275e-05
0.000274552
1.52225e-05
-4.31008e-05
0.00021408
0.000220936
-8.59819e-06
-0.000201378
-0.000187929
0.000558101
7.46228e-05
7.11331e-05
7.90771e-05
8.25924e-05
0.000146726
0.000155893
0.000154687
0.000147999
-0.000221285
-0.000107517
0.000116111
5.79704e-05
0.000129237
6.33722e-05
0.00011751
-6.51423e-05
-0.000132512
0.000148655
7.44195e-05
0.000127458
0.000145777
0.000125516
7.22775e-05
0.000119158
-9.04624e-05
9.38937e-05
3.80081e-05
-0.000203265
5.39274e-05
3.64817e-05
-7.61881e-05
7.56677e-05
0.000238578
1.95737e-05
0.000218625
1.94256e-05
4.75597e-05
-5.45813e-05
0.000184394
0.000209919
6.22917e-05
-1.76484e-05
0.000108076
0.000139676
-0.000156992
6.87918e-05
0.000152761
-0.000171818
0.000118449
7.50179e-05
-0.000112575
0.000124888
0.000127651
8.61514e-05
0.000116811
7.96384e-05
-0.000110394
-7.82973e-05
0.000123869
8.78921e-05
0.00010642
7.42693e-05
0.000105605
0.000101227
8.30803e-05
9.89848e-05
0.000119002
0.000108575
9.86127e-05
-0.000174221
5.6039e-05
6.96896e-05
-9.51238e-05
0.000111519
8.12959e-05
9.90496e-05
-6.69472e-05
7.55152e-05
7.65384e-05
0.000115292
7.89634e-05
8.23208e-05
7.56548e-05
-0.000189778
0.00010674
6.15273e-05
8.68662e-05
3.77345e-05
9.22986e-05
4.06571e-05
8.23962e-05
0.000188839
1.80838e-05
8.58201e-05
0.000206273
1.92978e-05
-9.43386e-05
0.000175431
0.00016283
-3.17446e-05
-9.126e-05
0.000120794
-0.000139288
0.000102703
6.99235e-05
0.000110049
-0.000127194
6.2714e-05
8.73484e-05
7.81783e-05
7.74804e-05
9.31356e-05
8.97009e-05
7.36556e-05
0.000101087
8.50812e-05
8.43645e-05
0.000106098
9.88282e-05
8.16269e-05
7.9017e-05
-7.48689e-05
8.1668e-05
6.25493e-05
7.96245e-05
-7.39141e-05
8.8045e-05
6.96554e-05
9.34506e-05
8.75101e-05
6.72051e-05
6.49773e-05
-8.79064e-05
-0.000157459
9.76477e-05
5.99634e-05
6.78623e-05
5.76949e-05
4.27031e-05
-6.18084e-05
-7.11475e-05
7.65006e-05
8.01214e-05
4.61491e-05
7.60779e-05
4.31393e-05
7.234e-05
4.56688e-05
-0.000143918
5.33388e-05
-8.39983e-05
9.20564e-05
4.24358e-05
3.836e-05
-8.55371e-05
9.27973e-05
0.000174314
1.29241e-05
0.000158778
1.14993e-05
2.72639e-05
-1.54231e-05
6.6126e-05
0.000110645
-2.05071e-05
3.26926e-05
0.00012281
7.41156e-05
7.1375e-05
8.0278e-05
-9.7689e-05
5.39018e-05
9.10205e-05
-0.000109051
8.40309e-05
6.13835e-05
-7.02346e-05
8.4873e-05
6.88837e-05
7.33258e-05
-6.38323e-05
7.81883e-05
7.73684e-05
6.00327e-05
-5.56276e-05
6.97253e-05
8.08644e-05
5.08202e-05
5.89903e-05
6.43484e-05
6.86662e-05
5.31638e-05
7.35036e-05
4.62653e-05
-4.39875e-05
-7.91156e-05
5.75247e-05
8.56867e-05
3.68737e-05
7.42527e-05
3.94896e-05
3.64689e-05
7.96813e-05
3.42619e-05
5.24511e-05
3.91941e-05
-1.99969e-05
7.04418e-05
3.22214e-05
1.83819e-05
-6.69898e-05
2.38332e-05
7.49319e-05
1.75087e-05
1.72038e-05
3.62267e-05
7.89963e-05
1.86878e-05
-0.000112896
7.14923e-05
4.59529e-05
7.93658e-05
3.78381e-05
-0.00012525
8.2277e-05
5.29257e-05
9.06488e-05
4.26116e-05
8.50241e-05
0.00010783
9.7074e-05
0.000121227
-8.36973e-05
0.000115052
9.69248e-05
9.69451e-05
4.09348e-05
3.36727e-05
-5.67106e-05
3.89356e-05
5.09706e-05
-7.16615e-05
5.92634e-05
4.88285e-05
3.18562e-05
1.66538e-05
4.48206e-05
3.20495e-05
4.45073e-06
4.46814e-05
2.77635e-05
5.43636e-05
2.33406e-05
2.07566e-05
6.80712e-05
2.16738e-05
5.0279e-05
2.6979e-05
6.15698e-05
5.47721e-05
2.24505e-05
6.06979e-05
4.35522e-05
6.63846e-05
2.89347e-05
3.43799e-05
7.62447e-05
2.46177e-05
-7.29161e-05
8.53948e-06
7.68471e-05
1.31416e-05
-5.42997e-06
7.74455e-05
1.61286e-05
1.56662e-05
1.41685e-05
2.009e-05
8.21263e-05
1.46102e-05
5.60052e-05
-1.57691e-05
1.26498e-05
-5.89934e-05
-4.60679e-06
6.67718e-05
6.3392e-05
-7.86648e-06
-6.91607e-05
8.68925e-05
6.48587e-05
5.05916e-05
-2.24253e-05
6.25137e-05
6.6254e-05
-1.68844e-05
-1.26447e-05
3.36247e-06
3.5853e-05
-1.32106e-05
6.29286e-05
5.72171e-06
-2.22837e-05
-1.12038e-05
-1.37049e-05
-4.38481e-05
-4.72301e-05
-5.79367e-05
-2.02138e-05
6.68842e-05
-4.05053e-06
-3.28627e-05
-4.00608e-06
3.78112e-06
2.30087e-05
-5.33106e-06
5.01346e-06
5.19796e-05
6.23473e-06
-1.46304e-06
6.98733e-05
7.56548e-06
-1.40053e-05
7.10523e-05
-5.10907e-05
-4.04101e-05
1.99822e-05
-5.03133e-06
-7.61569e-05
-8.66518e-05
-2.70534e-05
-2.56025e-05
-6.42868e-07
-5.14148e-07
1.21775e-05
-2.55151e-05
-6.0517e-05
6.35954e-06
-6.18817e-06
-5.26129e-06
2.66672e-05
-5.50805e-07
-0.000182212
3.87472e-06
-0.000208363
0.000311001
7.07569e-06
-5.73143e-05
0.000285254
1.55833e-05
6.02305e-05
0.000280069
-3.31439e-06
-7.52685e-05
-0.000185486
-0.000213946
1.39271e-06
0.00031768
-0.00020982
-6.73959e-06
-8.8205e-05
0.000248606
-5.94931e-05
4.82526e-06
0.000292331
-9.46132e-07
0.000291416
-1.35109e-05
1.51508e-05
6.04147e-05
0.000287648
-7.8223e-05
-6.03385e-06
-9.92549e-06
-6.31943e-05
2.10952e-05
0.000255925
0.000112084
0.000262743
2.21901e-05
0.000112385
2.81753e-05
0.000159035
0.000236534
3.50776e-05
0.000203516
0.000171583
3.10051e-05
0.000159624
0.000243151
0.00020886
4.00698e-05
0.000172219
-4.19075e-05
4.81501e-05
0.00017894
0.000194534
0.000174187
0.000193985
-4.98944e-05
-0.000165105
5.75601e-05
0.000186667
0.000138445
0.000163645
4.93044e-05
0.000130254
0.000185817
0.000135154
5.69288e-05
0.000133122
0.000127388
-5.39627e-05
6.24811e-05
8.7164e-05
5.50291e-05
-0.000125128
0.000145387
9.10964e-05
6.39624e-05
0.000147367
9.32553e-05
8.5302e-05
-5.77953e-05
-8.53286e-05
6.70915e-05
0.000103015
5.24354e-05
8.26068e-05
5.60604e-05
4.771e-05
0.000100479
5.12456e-05
6.48689e-05
4.87847e-05
-5.59074e-05
4.23605e-05
6.4702e-05
1.94159e-05
-3.94502e-05
5.81742e-05
5.4277e-05
2.01124e-05
1.89226e-05
6.74584e-05
5.70683e-05
2.06378e-05
1.5138e-06
-4.86612e-05
5.66394e-05
8.40532e-06
4.64206e-05
-4.04941e-06
5.40303e-05
5.93155e-06
-0.000113201
-3.57549e-06
2.85318e-06
-8.99023e-05
-1.28449e-05
1.29215e-05
0.000249555
-1.86359e-05
2.00196e-05
4.99475e-05
0.000287924
-2.03929e-05
0.000261585
2.25758e-05
0.000121933
7.56647e-08
-1.93369e-06
-7.08144e-05
-0.000111775
-4.19989e-06
-8.78309e-05
-1.24582e-05
0.000245822
4.95584e-05
0.00028314
0.00025745
0.000120864
-6.91013e-05
-2.39335e-05
2.70581e-05
0.000237963
0.000178625
-2.71327e-05
0.000207519
3.11161e-05
0.00019095
0.000234067
0.000177431
0.000203925
0.000190228
3.57236e-05
0.000133879
0.000211046
3.13613e-05
0.000172539
0.000218894
4.23222e-05
0.000136655
0.000211498
3.6584e-05
0.000175924
0.000219487
3.99086e-05
-0.00016645
0.00019191
9.65376e-05
0.000167374
-3.95159e-05
4.72002e-05
9.5857e-05
4.76784e-05
0.000192624
9.86053e-05
9.40092e-05
0.000117346
4.18941e-05
5.37158e-05
-4.25076e-05
-0.000118754
5.09941e-05
0.00014071
5.83928e-05
0.00013955
5.71912e-05
5.01587e-05
5.47753e-05
-6.70417e-05
4.37384e-05
8.55372e-05
2.24657e-05
-4.2627e-05
6.87107e-05
5.10655e-05
2.1444e-05
2.10119e-05
5.24724e-05
8.7026e-05
2.29438e-05
1.36006e-05
3.58122e-05
-3.71844e-05
-1.51894e-05
4.46159e-05
2.73404e-05
2.59236e-05
4.29657e-05
4.82682e-06
-8.51241e-05
1.1793e-05
0.000240763
-8.62068e-05
0.000243025
-1.94175e-05
0.000257426
2.25483e-05
0.000139008
1.94381e-05
0.000205346
0.000208845
-0.0002552
1.79356e-05
0.000233933
0.000193527
0.000137954
0.000207314
2.34406e-05
0.000209491
2.12735e-05
0.000236012
0.000194488
-2.15016e-05
2.6429e-05
0.000246761
0.000173978
-2.38132e-05
2.9659e-05
0.00024218
0.000132403
-2.60581e-05
3.28127e-05
0.000220955
9.51616e-05
0.00024637
0.000172143
0.000241968
0.000130763
0.000220689
9.38765e-05
-2.78451e-05
-0.000163513
3.52943e-05
0.000190249
6.05333e-05
0.000163066
2.76101e-05
5.93893e-05
0.000189881
5.96866e-05
3.49736e-05
6.01209e-05
-1.94831e-05
2.31567e-05
0.000288738
0.000286446
0.000105203
-2.85723e-05
3.62418e-05
2.43764e-05
2.89004e-05
-0.000104546
0.000127249
2.5476e-05
3.66802e-05
0.000127775
2.5802e-05
2.40999e-05
-2.52434e-05
-3.89682e-05
3.19072e-05
5.43665e-05
3.82992e-05
2.46507e-05
5.38611e-05
3.1181e-05
-2.8155e-05
4.95264e-06
0.000416212
1.66525e-05
-1.15394e-05
0.000212477
1.55355e-05
0.000224624
-1.42435e-05
-0.000417231
1.89664e-05
0.000245866
0.000359345
0.000245321
0.000358627
0.000211792
0.000224297
2.14718e-05
1.19047e-05
0.000276603
0.000176414
1.27796e-05
0.000280927
0.000125663
1.35664e-05
0.00025756
8.5905e-05
1.4207e-05
0.000219809
5.58576e-05
1.66358e-05
0.000276818
0.000177042
1.82481e-05
0.000281067
0.000126202
1.97951e-05
0.000257667
8.63251e-05
2.09515e-05
0.000219839
5.6088e-05
1.47393e-05
-0.000151466
0.000176512
2.69433e-05
0.000151486
-1.46375e-05
2.16968e-05
2.72887e-05
2.18336e-05
0.000176489
2.7023e-05
2.72383e-05
7.14081e-05
1.31585e-05
-1.32834e-05
-7.1441e-05
1.93593e-05
9.0652e-05
9.07042e-05
1.92122e-05
8.22297e-06
1.68172e-05
6.18868e-06
-3.64505e-06
1.68541e-05
6.91923e-06
3.2182e-06
0.00023276
0.000232835
3.81214e-06
0.000247197
0.000106729
0.000232324
7.37318e-06
0.000232913
8.32115e-06
0.000247021
0.000106751
-8.49435e-07
7.89002e-06
2.51004e-05
0.000200497
-9.53525e-07
7.63164e-06
4.2261e-05
0.000256862
-1.49685e-06
7.45855e-06
7.0823e-05
0.000306393
-2.116e-06
7.46181e-06
0.000116703
0.000335111
-2.56685e-06
7.12782e-06
0.000198168
0.000306034
0.000256916
4.27153e-05
7.1304e-05
0.000306185
0.000200748
2.53622e-05
0.00011719
0.000334951
0.000198623
0.000305857
-1.29996e-06
-0.000112211
7.31668e-06
0.000133237
0.000112518
1.30138e-06
0.00013355
7.33569e-06
7.5346e-06
0.000253149
-2.30287e-06
0.000222039
7.76047e-06
-3.42805e-06
0.000102573
0.000102466
0.000253731
0.000222303
-1.17696e-05
0.000153472
-1.42872e-05
1.56833e-05
0.000222208
-1.29565e-05
1.54343e-05
0.000307777
-1.10739e-05
4.3873e-05
0.000375018
-9.47119e-06
0.000105421
0.000424036
-6.91259e-06
0.000292051
0.000262369
-5.8014e-06
0.000307973
1.41809e-05
-6.49737e-06
0.00022185
1.5011e-05
-4.63789e-06
4.24018e-05
0.00037547
-4.99143e-06
0.000153031
-3.60451e-06
0.000103887
0.000424547
-2.49441e-06
0.000291468
0.000262828
-1.86636e-05
0.000231736
7.58426e-06
-4.89691e-05
-1.19582e-05
0.000243728
-3.71568e-05
0.000218254
-4.4116e-05
-1.70534e-05
0.000211298
-4.9042e-05
-9.23771e-06
0.000192471
-6.89123e-07
-5.45311e-05
0.000184771
-4.93371e-05
0.000184263
-3.87522e-05
-4.62719e-05
0.00021187
-5.32076e-05
-3.90172e-05
-3.49466e-05
-4.00839e-05
0.000252732
-3.39528e-05
0.000215182
-5.01626e-05
-2.2417e-05
0.000191844
-6.21446e-05
-2.11092e-05
0.000237188
-5.23119e-05
-2.90375e-05
0.000194604
-6.60184e-05
-2.95214e-05
-5.77783e-05
0.000244518
-3.57953e-05
-3.78798e-05
0.000288672
3.23602e-05
0.000178623
-4.21698e-05
0.000190477
2.87621e-05
-4.87658e-05
2.96759e-05
0.000154231
-4.44493e-05
2.57242e-05
0.000163382
-5.09069e-05
-3.77355e-05
0.000152095
3.7883e-05
-4.3177e-05
-4.27911e-05
-3.34037e-05
4.31595e-05
0.000102751
0.000141257
-3.69443e-05
-2.865e-05
9.62464e-05
4.11076e-05
-2.03282e-05
7.32292e-05
-2.50235e-05
7.98422e-05
4.45427e-05
0.000214357
-1.46585e-05
-6.76748e-05
1.20603e-05
-1.62283e-05
0.000168645
-7.29514e-05
0.000166497
-6.94017e-05
-6.23531e-06
0.000114617
-6.36289e-05
0.000115525
-9.16208e-06
-6.59728e-05
2.23862e-06
-5.1593e-05
7.50745e-05
-4.46177e-06
-5.03816e-05
7.47042e-05
2.79314e-06
-4.73521e-05
5.56197e-05
-4.81488e-05
1.25441e-06
5.60853e-05
-2.43371e-05
0.000317127
0.000317997
-1.75245e-05
2.55668e-05
-1.80695e-05
-3.17365e-05
0.000506121
2.49654e-05
-1.77733e-05
0.000214737
0.000494171
2.80533e-05
-1.98839e-05
0.00037143
-2.61736e-05
9.56881e-06
-6.85435e-06
0.000577076
3.26708e-05
-2.3098e-05
0.000236889
-6.69621e-06
2.78479e-05
-1.93609e-05
0.000162162
0.000504972
-2.94037e-05
0.000216084
0.000492309
0.000370514
-2.39253e-05
0.000575306
0.000237047
-5.4168e-06
0.00016268
-5.74713e-05
-0.000314988
0.000645277
-4.99161e-05
3.10297e-05
0.000679068
-5.49799e-05
0.000304085
0.000742784
-5.72969e-05
0.000250623
-4.56738e-05
-4.98288e-05
0.000148834
-3.91202e-05
2.82654e-05
0.000682423
-4.45168e-05
0.000648395
-0.000318363
-4.35142e-05
0.000304351
0.000747797
-4.45828e-05
0.000250864
-4.75231e-05
-3.84389e-05
0.000148104
7.5036e-05
-6.00614e-05
9.11716e-05
7.48969e-05
-5.94067e-05
-7.62681e-05
9.27966e-05
-7.37696e-05
0.000657211
7.59096e-05
-6.19266e-05
0.000191269
0.000774147
4.0505e-05
-3.33332e-05
3.89394e-06
0.000726395
0.0006537
-7.50518e-05
9.19262e-05
0.000192377
0.000767379
6.00784e-06
0.000717852
0.000157855
-7.6688e-05
0.000215269
0.000640454
0.000159387
0.000195024
0.000746709
8.8613e-05
1.06767e-05
0.000691055
0.000146303
9.41467e-05
0.000155815
-0.000105751
0.000124366
-0.00013788
0.000170853
-6.25177e-05
7.6077e-05
0.000762372
-5.63196e-05
7.17228e-05
-0.000118329
0.000802841
-0.000110484
-8.70406e-05
-5.0993e-05
0.000771388
-4.32685e-05
-0.000116667
0.000812677
8.93374e-06
0.000157257
-4.41405e-05
-3.23689e-05
-3.40173e-05
0.000119601
2.86026e-05
1.65774e-05
-3.35393e-05
0.000124745
-1.79237e-05
0.000174429
-4.80127e-05
0.000161838
3.57852e-07
-4.77526e-05
-4.63621e-05
0.000181118
-4.60999e-05
0.000173975
-3.06759e-05
-5.0427e-05
-3.79697e-05
-0.000129807
0.000147958
-4.70522e-05
1.2204e-05
0.000146757
-2.18934e-05
-4.73716e-05
3.73154e-05
-4.44319e-05
-5.74452e-05
0.000169012
0.0001713
-5.71374e-05
-0.000120346
0.000136607
-4.66795e-05
-4.80904e-05
-3.22884e-05
-3.97495e-05
-3.99792e-05
-3.69725e-05
3.27999e-05
-0.000114018
0.000128323
-3.92894e-05
-5.239e-05
-0.000117529
0.000131298
-5.13048e-05
-2.98207e-05
-3.97587e-05
-4.00451e-05
-3.49542e-05
0.000148744
-4.45797e-05
-3.64012e-05
0.000127473
9.50575e-06
-2.99886e-05
0.000113975
-2.26204e-05
0.00015023
-6.17759e-05
0.000150266
-2.84482e-05
-6.44498e-05
-2.08335e-05
0.000108146
-4.7326e-05
-2.50866e-05
0.000106173
-4.83408e-05
1.37004e-05
0.000112522
-1.73773e-05
-5.81797e-05
0.000113025
-5.6186e-05
1.3572e-05
-4.21327e-05
-1.64133e-05
8.44186e-05
-4.14071e-05
8.56546e-05
-8.07232e-06
-4.67827e-05
8.30796e-05
-4.79609e-05
8.27669e-05
-1.08129e-05
-9.51803e-07
5.84539e-05
1.84583e-06
2.88771e-05
0.000117554
0.000142374
2.34181e-05
-1.83118e-05
6.43757e-05
7.87788e-05
9.52042e-05
-4.49313e-06
5.57727e-05
0.000189775
-7.94016e-05
7.08967e-05
8.9433e-05
7.36126e-05
8.78603e-05
-3.86347e-05
0.000127443
4.61678e-05
0.000110425
2.01937e-05
8.93886e-05
-6.16369e-06
6.05012e-05
6.00534e-05
8.24437e-05
0.000143516
6.20489e-06
0.000144863
1.03131e-05
0.000111901
1.43261e-05
-5.77243e-06
3.45036e-05
-1.64671e-05
-7.3296e-05
7.23678e-05
6.65755e-05
0.000111896
-6.74533e-06
3.93854e-05
6.14006e-05
-0.000121243
1.2495e-05
0.000123665
1.8844e-05
-4.9583e-06
-0.000152349
0.000151947
-2.63401e-06
-1.07846e-05
7.91036e-05
4.16458e-05
1.4357e-05
-3.81401e-06
-4.66464e-06
8.0874e-05
4.67522e-05
7.46615e-06
0.00012644
-3.92637e-06
-1.03324e-06
0.00017141
-1.14017e-05
-7.62917e-05
-8.72779e-06
8.0388e-05
2.30547e-05
1.90283e-05
0.000129422
-5.78517e-07
-1.98127e-06
0.000171218
-1.06411e-05
0.000203291
-1.28101e-05
0.000128667
2.95111e-06
-1.18289e-05
0.0002029
-1.2935e-05
1.15554e-06
0.000127681
2.68391e-06
-1.03925e-05
6.29767e-05
3.69753e-06
3.74241e-05
-2.76725e-05
0.00010585
-0.000143447
-7.14569e-05
0.000100695
9.92178e-05
9.54871e-05
0.000106196
-3.59888e-05
-3.87796e-06
0.000122162
-1.52177e-05
3.65911e-05
-3.32825e-05
8.12302e-06
0.000110049
-3.26095e-05
0.000110276
0.000120157
-1.15919e-05
-3.01924e-05
3.177e-05
0.000109508
-5.20962e-05
-2.62672e-05
4.99195e-05
9.56714e-05
-2.28587e-05
9.00413e-05
5.88756e-05
-2.04457e-05
6.74482e-05
-2.38915e-05
6.06836e-05
7.27467e-05
-5.14649e-05
-1.29574e-05
5.58827e-05
4.52879e-05
-1.00309e-05
4.13066e-05
2.37031e-05
1.23743e-05
1.16073e-05
2.87795e-05
9.88742e-05
-0.000149173
-0.000111231
9.41475e-05
8.90857e-05
8.47266e-05
2.94005e-05
0.000116396
-4.27147e-05
-3.31942e-05
0.000125249
-4.22711e-05
-9.69212e-05
-7.87512e-05
6.69579e-05
7.45615e-05
7.7375e-05
6.4692e-05
2.7189e-05
9.61525e-05
-3.16943e-05
-3.71959e-05
9.96163e-05
-3.77237e-05
-5.65113e-05
-5.37675e-05
5.1674e-05
4.50995e-05
5.30938e-05
4.38501e-05
3.49887e-05
1.67473e-05
-1.92203e-05
-2.82399e-05
6.52636e-05
-1.8259e-05
-3.51047e-05
8.36692e-05
8.16898e-05
-2.1218e-05
-2.86559e-05
6.70319e-05
-3.8412e-05
-3.44301e-05
2.66422e-05
3.16718e-05
3.25967e-05
2.57152e-05
-1.19981e-05
-2.45644e-05
5.36075e-05
2.43817e-05
1.17875e-05
-1.31662e-05
-1.73807e-05
4.08815e-05
-1.36324e-05
5.22985e-05
-1.76954e-05
4.21574e-05
-1.33434e-05
-3.39708e-05
6.50356e-05
-1.57582e-05
-3.4461e-05
6.35885e-05
-3.81101e-05
1.5619e-05
1.15992e-05
1.63937e-05
1.07962e-05
1.39757e-05
9.83488e-06
-1.11081e-05
-8.27016e-06
2.33798e-05
-9.16696e-06
-1.42452e-05
3.23672e-05
-1.05145e-05
3.13662e-05
-8.67464e-06
2.44629e-05
-2.63719e-05
9.07326e-06
-1.11693e-05
4.97976e-05
-9.5914e-06
2.61261e-05
-1.86077e-05
3.87801e-05
-1.15241e-05
-1.87011e-05
3.76764e-05
5.07422e-05
8.66235e-06
-1.12584e-05
-3.70807e-05
5.79586e-05
-3.61782e-05
5.87884e-05
-7.94046e-06
-6.80865e-06
1.69228e-05
6.30458e-06
9.35456e-06
9.61949e-06
-1.09762e-05
-9.41705e-06
1.6124e-05
1.05147e-05
-7.38362e-06
1.2734e-05
-7.24996e-06
2.25338e-05
-1.2633e-05
6.37219e-06
-8.32323e-06
2.92381e-05
-9.33789e-06
-7.0101e-06
2.17377e-05
2.9875e-05
-4.65788e-06
-2.52607e-05
4.41933e-05
2.57049e-05
5.50422e-06
-7.82406e-06
-1.6138e-05
3.23398e-05
-6.93953e-06
4.39137e-05
-1.58886e-05
3.28405e-05
-2.98802e-06
-3.45451e-05
4.55227e-05
-5.29988e-06
-3.55179e-05
4.54486e-05
4.71485e-06
-6.59279e-06
1.5651e-05
1.6161e-05
8.32342e-06
3.15096e-06
-5.28786e-06
-1.77249e-06
1.86887e-05
-2.17082e-06
-8.26553e-06
2.51433e-05
-4.23269e-06
2.49662e-05
-1.83587e-06
1.89961e-05
-3.17788e-07
-2.09497e-05
-1.65788e-06
3.33802e-05
2.05176e-05
-4.26531e-07
-8.97007e-06
2.34938e-05
3.32685e-05
-2.5163e-06
-9.27258e-06
2.3496e-05
-2.37684e-06
7.13717e-07
-2.47925e-05
2.3689e-05
-2.41144e-05
2.3486e-05
-3.5531e-07
1.39024e-05
-2.20009e-06
1.36524e-05
-1.37435e-07
1.80217e-06
7.39641e-06
1.38129e-05
-2.57034e-06
5.23145e-08
7.43902e-07
1.82597e-05
1.82465e-05
-6.93725e-08
7.3516e-06
1.3768e-05
5.01484e-06
-8.02758e-06
1.922e-05
8.26636e-06
-4.57028e-06
2.89344e-06
5.08371e-06
1.17483e-05
3.40942e-06
1.9333e-05
5.29017e-06
1.16528e-05
5.18519e-06
-3.86833e-06
-4.37048e-06
2.75547e-06
-1.53797e-05
-6.74471e-06
7.10269e-06
5.15163e-06
7.27966e-06
1.53387e-05
9.84385e-06
5.68312e-06
9.83874e-06
7.12464e-06
8.09775e-06
2.9702e-05
6.81444e-06
2.97333e-05
-1.03706e-05
9.1498e-06
-5.5634e-06
-3.07692e-06
8.70956e-06
-7.88295e-08
-1.28735e-05
-1.96709e-06
-5.69441e-06
-1.72445e-05
1.26684e-05
1.29907e-05
-9.0847e-06
-1.56588e-05
-1.48622e-06
1.0103e-05
2.87426e-06
8.20887e-06
-1.20602e-05
1.72974e-06
9.06996e-07
-2.49712e-06
-1.04314e-06
-6.89957e-05
-1.26571e-06
-3.47247e-06
-8.29424e-06
-8.7548e-06
1.18725e-05
-8.51256e-06
1.03531e-07
1.50674e-05
-9.28646e-06
-1.8452e-05
-7.59785e-06
3.25251e-06
9.29781e-06
-3.25708e-06
-7.93594e-06
8.14266e-06
-8.84385e-06
-1.76416e-05
-1.28536e-05
-1.84479e-05
-1.94961e-05
-0.000123017
-2.94279e-05
-2.89763e-05
-1.48639e-05
-2.28031e-05
-2.44887e-05
-1.93112e-05
7.83386e-05
-0.00012626
-3.93851e-05
-4.6226e-05
-3.42227e-05
-4.37744e-05
-1.01081e-05
2.44939e-05
1.17113e-05
-2.99403e-05
-4.68684e-05
-2.05347e-05
1.12655e-05
-6.54722e-05
-2.96009e-05
-6.27614e-05
1.16163e-05
-4.66906e-05
-1.84118e-06
-1.12387e-05
5.07912e-07
-3.63537e-05
5.79272e-06
3.17268e-06
-1.17624e-05
-6.30557e-05
-6.21547e-05
2.37587e-06
-1.7199e-05
-3.77155e-05
2.26662e-06
4.10609e-06
-6.42173e-06
-5.15393e-06
-3.02979e-05
-4.20717e-06
1.287e-06
-5.58245e-05
-6.86912e-06
-3.02234e-05
-4.84155e-07
-5.57855e-05
5.41114e-06
2.78725e-06
-1.02219e-05
-2.37329e-05
-4.72259e-06
-5.38773e-06
3.31157e-06
-4.90938e-05
-4.92359e-05
-1.00833e-05
-2.36017e-05
8.70469e-07
7.54539e-06
-4.08289e-05
-4.08654e-05
6.24963e-06
0.000682343
9.82162e-06
0.000741253
0.000193402
0.000633305
-8.38587e-05
-0.000108813
0.000782727
-0.00012039
-0.000111423
0.000735061
-0.000254136
-0.000150342
-0.000130914
0.000768047
-0.000100847
-0.000581148
0.000554056
9.23759e-05
6.509e-05
-0.000122687
0.000212398
6.95789e-05
0.000193897
-4.12341e-05
-3.79713e-05
-3.27744e-05
4.27083e-05
-8.13633e-05
0.000150326
8.82272e-05
2.7898e-05
-5.81999e-05
0.000249417
4.4608e-05
0.00026096
-1.60038e-05
-4.66078e-05
4.32625e-05
-7.19533e-05
0.000215497
-6.11654e-05
0.000249131
5.73278e-05
-2.6694e-05
1.36183e-05
-6.63792e-05
0.000270498
-1.16862e-05
-4.90084e-05
0.000285027
0.000285803
-2.06065e-05
3.31525e-05
0.000296628
1.75153e-05
-1.48724e-05
-2.52469e-05
-6.60363e-05
0.000281954
0.000300961
-1.15501e-05
1.73696e-06
-1.32726e-05
-9.41628e-05
0.000256439
0.000303107
-7.1509e-06
-1.82901e-05
0.000277482
0.000102995
3.05364e-05
0.000306208
5.88077e-05
7.86389e-06
0.000301006
6.05242e-05
1.16341e-05
-2.34088e-05
0.00028331
2.52479e-05
0.000110848
-1.34122e-05
1.05107e-05
0.000309728
5.82112e-05
0.000271815
0.000112055
0.000297186
5.99371e-05
-3.4534e-05
0.000159765
3.92839e-05
0.000261768
0.000143065
4.80598e-05
0.000256341
-4.55145e-05
0.000222917
0.000173267
5.33796e-05
0.000160001
0.000251385
0.000215448
0.000172916
-0.00022405
-0.000241451
0.000159749
0.000160746
0.000175467
0.000175484
7.81011e-05
8.11699e-05
8.97832e-05
8.70646e-05
0.000182749
0.000175527
0.000182577
0.000174783
0.000122328
-0.000242061
5.94286e-05
5.56913e-05
0.000195553
0.000184793
6.47478e-05
0.000196036
0.000190768
6.72402e-05
-0.000167027
0.000188181
0.00014302
0.000169349
-6.62202e-05
7.63055e-05
0.000139775
7.75071e-05
0.000189577
0.000146181
0.000137256
-0.000265649
0.000132752
6.25458e-05
9.64356e-05
3.88887e-05
9.88728e-05
3.90813e-05
7.29302e-05
0.000261694
1.90769e-05
6.81696e-05
0.000288213
1.75723e-05
-6.28634e-05
0.000199337
0.000228463
-2.18556e-05
-0.000129003
0.000184017
-0.000206613
0.000139095
8.71268e-05
0.000167559
-0.000187893
8.09134e-05
0.000137848
0.000140539
9.31364e-05
0.000150672
0.000154225
9.95611e-05
0.00014071
-8.24143e-05
9.40709e-05
0.000118229
8.56982e-05
-0.00013637
0.000151746
0.000129238
0.000155806
9.80482e-05
0.00012724
0.000120494
-0.000227276
-0.000114031
0.000120994
7.16697e-05
0.000130104
7.2026e-05
8.93803e-05
-7.40555e-05
-0.000133628
0.000152885
8.48897e-05
9.73669e-05
0.000149736
9.57912e-05
8.21808e-05
9.06672e-05
-9.65154e-05
9.95265e-05
4.62993e-05
-0.000207395
6.61395e-05
4.3495e-05
-8.75511e-05
8.73142e-05
0.000248071
2.08708e-05
0.000225945
2.02135e-05
6.84591e-05
-0.000138537
0.000232681
0.000211496
7.19629e-05
-4.71346e-05
0.000113924
0.000132542
-0.000152599
7.76279e-05
0.00014573
-0.000167507
0.000124783
8.59359e-05
-0.000115435
0.000129867
9.99306e-05
0.00010118
-0.000119071
0.00013194
0.000119792
9.92208e-05
9.28677e-05
9.26757e-05
0.000108827
9.03802e-05
-0.000109114
-8.90105e-05
0.000125151
9.96384e-05
7.97547e-05
8.45204e-05
0.000103732
7.65348e-05
9.39504e-05
7.38918e-05
0.00011979
8.24705e-05
0.000106822
-0.000172526
6.67914e-05
7.71857e-05
-8.8628e-05
0.000106104
5.3726e-05
9.27384e-05
-7.42888e-05
8.40808e-05
5.05085e-05
0.000110051
8.78151e-05
5.43789e-05
4.9947e-05
-0.000189123
0.000115402
7.45631e-05
9.9176e-05
4.69273e-05
0.000105298
5.16855e-05
9.90857e-05
0.000191357
1.4335e-05
0.000104156
0.000210073
1.56503e-05
-2.63882e-05
0.000136438
-9.6325e-05
0.000113219
-0.000133741
0.00010825
7.8521e-05
0.00010178
-0.000120965
6.96049e-05
9.25348e-05
8.65015e-05
6.70312e-05
8.43349e-05
8.86615e-05
5.58773e-05
9.90564e-05
7.82904e-05
8.29618e-05
0.000106871
7.40094e-05
9.55642e-05
9.92701e-05
9.62416e-05
6.06979e-05
0.000112823
8.78663e-05
9.32127e-05
7.20603e-05
-8.42351e-05
9.20299e-05
4.02189e-05
8.92156e-05
-6.65664e-05
8.14199e-05
4.57079e-05
8.72741e-05
9.81625e-05
4.30443e-05
4.27048e-05
-9.26538e-05
-0.000152739
0.000102625
6.89896e-05
7.39035e-05
4.57754e-05
1.99475e-05
-4.9878e-05
-7.72661e-05
6.45556e-05
8.72e-05
2.15376e-05
8.31169e-05
2.02746e-05
6.04337e-05
2.12028e-05
-0.00013842
6.04166e-05
-0.00010138
0.000111426
5.39654e-05
4.79874e-05
-0.000108971
0.000120585
0.000151636
0.000136041
7.49436e-05
6.53227e-05
-8.50753e-05
5.79742e-05
7.82515e-05
-9.79033e-05
8.91657e-05
6.68132e-05
-6.68877e-05
8.26772e-05
8.65448e-05
4.39179e-05
-7.4102e-05
9.15425e-05
4.91026e-05
8.50342e-05
-5.88209e-05
7.38619e-05
8.69854e-05
3.88707e-05
-4.83737e-05
6.27804e-05
9.21226e-05
2.99775e-05
3.60846e-05
7.49631e-05
3.69659e-05
7.33753e-05
7.71712e-05
3.42275e-05
8.43878e-05
2.7565e-05
-3.25869e-05
-8.69462e-05
4.59036e-05
9.31873e-05
1.73159e-05
8.21991e-05
2.7998e-05
1.73323e-05
8.77203e-05
1.62436e-05
4.07515e-05
1.84907e-05
-1.28517e-06
6.51193e-05
1.11872e-05
-6.20824e-05
4.63614e-06
7.03481e-05
1.45997e-05
7.38435e-05
-0.000132917
0.00010206
7.86274e-05
0.000109675
-0.000150792
0.000116121
9.17537e-05
0.000122722
3.38371e-05
-2.38817e-06
-1.96496e-05
2.6622e-05
1.80351e-05
-3.48234e-05
6.23564e-05
3.70974e-05
2.51202e-05
4.83692e-05
1.30907e-06
2.58694e-05
-1.84341e-05
3.77855e-05
1.76152e-05
-3.44269e-05
3.35897e-05
2.10955e-05
6.5913e-05
9.41671e-06
1.07239e-05
7.6848e-05
9.48594e-06
4.36308e-05
6.69645e-05
7.88857e-06
4.91749e-05
-5.36469e-06
6.60794e-05
5.26e-05
-9.75476e-06
5.3503e-05
3.64725e-05
7.77338e-05
1.20686e-05
2.35201e-05
8.31724e-05
1.07755e-05
-7.03275e-05
-6.31807e-06
7.57819e-05
9.65132e-06
7.40901e-05
-1.30342e-06
2.4947e-06
7.98875e-05
-5.3792e-05
7.68748e-05
6.95242e-06
3.81721e-06
-1.76792e-05
-2.42933e-06
5.35291e-05
-2.23221e-05
-1.59949e-05
1.34318e-05
-1.9099e-05
6.6799e-05
-4.87356e-05
-3.78761e-05
-7.15945e-05
-8.76626e-05
-7.0522e-05
-0.000126413
-9.86292e-06
-3.71317e-05
-1.15951e-05
-3.20633e-05
-5.90304e-05
-6.1092e-05
-3.2582e-07
3.99515e-05
-1.52993e-05
-3.07865e-06
6.23631e-05
-8.55531e-07
-1.19195e-05
7.14383e-05
-7.04025e-05
-6.81911e-05
2.5991e-05
-0.000167313
-9.06827e-05
-7.10619e-05
-4.7439e-05
2.17474e-05
-3.03221e-05
-9.4445e-05
-7.48579e-05
-3.90896e-05
-3.28267e-05
-1.16302e-05
-0.000114705
1.84597e-06
-9.26507e-05
1.25443e-05
0.000254064
2.117e-05
5.03912e-05
0.000293943
2.4555e-05
0.000267066
0.000123108
-4.20233e-06
-7.30884e-05
-0.00011615
-9.62224e-05
2.72107e-07
-0.000188738
-2.69178e-06
-0.000220617
0.000325235
1.11729e-05
0.000259558
8.81569e-07
0.000301309
-6.22703e-05
2.14659e-05
5.07383e-05
0.000301711
0.000274346
2.61685e-05
0.000124073
-7.60563e-05
-6.99374e-06
-9.40696e-06
-8.20625e-05
3.02843e-05
0.000243006
0.000179868
3.52207e-05
0.000212237
0.000191776
3.35074e-05
0.000181136
0.000249611
0.000218223
3.99198e-05
0.000192447
-4.96428e-05
5.77772e-05
0.000144508
0.000212965
-4.23182e-05
4.86662e-05
0.000185713
0.000220696
0.000140368
0.000212315
0.000180351
0.000220137
-5.64001e-05
-0.000170227
6.59429e-05
0.0001948
0.00010433
0.000168667
5.56885e-05
9.84859e-05
0.000193612
0.000101488
6.49657e-05
0.000100985
0.000122787
-5.92016e-05
6.90033e-05
5.75904e-05
6.03858e-05
-0.000120512
0.000142202
6.00147e-05
7.06409e-05
0.000144212
6.15758e-05
5.62262e-05
-6.19955e-05
-7.34363e-05
7.23097e-05
9.13213e-05
2.42362e-05
7.07798e-05
6.02265e-05
2.20463e-05
8.88995e-05
2.36027e-05
7.00114e-05
2.26318e-05
-5.07507e-05
1.94332e-05
5.91387e-05
-1.70692e-05
5.27438e-05
2.90537e-05
6.15586e-05
3.12562e-05
-5.70271e-05
-2.33353e-06
1.24134e-06
-3.1783e-05
-2.69304e-05
3.08456e-05
0.000295587
-2.59109e-05
0.000264745
2.95248e-05
0.000141498
4.83849e-07
-5.07676e-05
-2.48325e-06
-5.6623e-05
-3.19972e-06
-3.03417e-05
0.000291607
0.000260549
0.000140092
-4.92818e-05
-2.7613e-05
0.000213634
3.18046e-05
0.000211088
-2.49557e-05
2.86965e-05
0.000242587
0.000197042
0.000209953
0.00021017
0.000238757
0.000195541
4.00806e-05
9.7093e-05
0.000221427
3.58779e-05
0.000134777
0.000242589
3.15083e-05
0.000176527
0.00024724
4.80075e-05
0.000221863
9.94887e-05
4.24946e-05
0.000137802
0.000243003
3.69651e-05
0.000179916
0.000247748
4.33864e-05
-0.00016424
0.00019082
6.18656e-05
0.000165178
-4.29786e-05
5.16641e-05
6.27032e-05
5.22088e-05
0.000191531
6.34301e-05
6.13146e-05
0.000106121
4.45268e-05
2.48469e-05
-4.51385e-05
-0.000107411
5.43936e-05
0.000129581
2.69674e-05
0.000128513
2.63413e-05
5.35226e-05
2.53948e-05
-3.98644e-05
3.91671e-05
5.50702e-05
-3.82521e-05
4.1093e-05
4.59436e-05
4.7113e-05
5.60909e-05
4.03352e-06
-2.85852e-05
-2.92877e-05
-2.67785e-05
0.000421731
3.27937e-05
1.95659e-05
0.000213668
0.00022508
-0.000419093
2.4114e-05
0.000246951
0.000360522
0.000215537
2.38125e-05
0.00022572
2.95599e-05
0.000248662
0.000362111
-2.15123e-05
2.65235e-05
0.000277348
0.000179938
-2.38645e-05
2.97225e-05
0.000281406
0.000128894
-2.62053e-05
3.29856e-05
0.000257932
8.86457e-05
-2.80636e-05
3.55721e-05
0.000220192
5.771e-05
0.000277033
0.000178129
0.000281228
0.000127266
0.000257811
8.72308e-05
0.000219927
5.6718e-05
-2.92991e-05
-0.000152106
3.72468e-05
0.000176936
2.77551e-05
0.000151715
2.90887e-05
2.75321e-05
0.000176625
2.73105e-05
3.69617e-05
2.79172e-05
7.19898e-05
-2.5556e-05
3.23092e-05
2.57332e-05
-7.16173e-05
9.07194e-05
3.25677e-05
9.09573e-05
-1.15452e-05
0.000232865
1.58556e-05
0.000233315
-1.29759e-05
1.78867e-05
0.000247333
0.000107101
0.000232367
0.000233078
0.00024709
0.000106882
1.17538e-05
0.000198212
0.000306132
1.27744e-05
0.000335284
0.000116743
1.34975e-05
0.000306401
7.07835e-05
1.43286e-05
0.000256822
4.21952e-05
1.48652e-05
0.00020037
2.50245e-05
1.65122e-05
0.000198759
0.000306166
1.83524e-05
0.00033528
0.00011725
1.97358e-05
0.000306409
7.12218e-05
2.11488e-05
0.000256848
4.24957e-05
2.20161e-05
0.000200287
2.51395e-05
1.32592e-05
-0.000111988
0.000132989
0.000111876
-1.32899e-05
1.93546e-05
1.93243e-05
0.000132834
5.69646e-06
1.67977e-05
2.98508e-06
0.000252861
0.000221883
6.78477e-07
0.000102623
0.000252731
8.33239e-06
0.000221855
4.7953e-06
0.000102635
-1.30452e-06
7.34356e-06
0.000152298
-8.51613e-07
7.96437e-06
1.429e-05
0.000221356
-1.04751e-06
7.65023e-06
1.29263e-05
0.000308156
-1.44707e-06
7.5059e-06
4.09853e-05
0.000376051
-2.07101e-06
7.6939e-06
0.000102461
0.000425196
-1.92402e-06
6.36542e-06
0.000290935
0.000263388
0.000308024
1.33467e-05
0.000221576
1.45386e-05
4.14314e-05
0.000375859
0.000152616
0.000102926
0.000424973
0.000291115
0.000263184
1.11065e-05
0.000318395
-4.88981e-06
0.000318351
-1.18508e-05
0.000161646
-1.44656e-05
-7.70965e-06
0.00023672
-1.24496e-05
-2.79466e-05
0.000372163
-1.11763e-05
-3.35331e-05
0.00050708
-1.09719e-05
0.000213675
0.00049561
-4.27597e-06
0.000578142
-5.51297e-06
0.000372671
-2.92324e-05
-6.53634e-06
0.000236546
-8.4435e-06
-5.04069e-06
0.000161232
-4.73884e-06
-3.48243e-05
0.000507744
-4.43443e-06
0.000212851
0.000496627
-1.74679e-06
0.000578694
-9.85614e-06
0.000245462
-5.38808e-05
-2.26554e-05
0.000216344
1.29502e-05
-6.31368e-05
0.000202831
-5.60689e-05
-1.39812e-05
0.000198566
-5.98872e-05
-1.95968e-05
0.000180891
1.08268e-05
-6.48143e-05
0.000172178
-5.81309e-05
-6.36408e-05
-4.25571e-05
0.0002536
-3.75292e-05
0.000196789
-7.02051e-05
-5.384e-05
0.000212588
-5.06003e-05
-3.45807e-05
0.000257803
-5.79798e-05
-4.35865e-05
-5.64884e-05
0.000305325
-3.02673e-05
0.000202917
-6.28178e-05
-2.10313e-05
0.000219434
-7.35291e-05
-2.14392e-05
0.000170555
-7.72579e-05
-2.97129e-05
-8.07142e-05
0.000226222
-2.78608e-05
0.000172591
-8.19221e-05
-4.03936e-05
-7.54452e-05
0.00029723
0.000320336
-2.08845e-05
-4.81373e-06
3.67712e-05
0.000163541
-5.0368e-05
0.000175251
3.4279e-05
-5.81432e-05
4.23531e-05
-3.91074e-05
0.000109439
-4.51115e-05
4.00651e-05
0.000116093
-4.73931e-05
-3.64788e-05
9.41401e-05
4.93062e-05
-3.04639e-05
8.69156e-05
0.000192148
-1.36589e-05
-8.69265e-05
1.26574e-05
-1.67914e-05
0.000115963
-7.22578e-05
0.000115978
-6.88596e-05
-7.00787e-06
-5.31763e-05
7.51731e-05
-5.51606e-05
7.48575e-05
-9.91059e-06
3.32354e-05
-2.3241e-05
-0.000323539
0.000653238
2.95056e-05
-2.08859e-05
2.41846e-05
0.000688053
3.31127e-05
-2.37997e-05
0.000305154
0.00075678
3.34069e-05
-2.35179e-05
0.000251204
-5.03775e-05
2.85433e-05
-1.98668e-05
0.00014679
2.59931e-05
0.000685449
0.000651092
-0.000321263
0.000304734
0.00075248
0.000251066
-4.91195e-05
0.000147367
-4.62488e-05
-7.75232e-05
-5.78307e-05
0.000660368
-4.96936e-05
0.000190541
0.00078038
-2.69443e-05
2.00856e-06
0.000734387
-4.71145e-05
9.02129e-05
-4.43118e-05
0.000663141
-3.88957e-05
0.000190038
0.000785939
-3.50814e-05
-7.86665e-05
-2.11167e-05
4.6793e-07
0.000741502
-3.5982e-05
8.94483e-05
7.01662e-05
-5.52627e-05
8.78369e-05
-6.91325e-05
4.12347e-05
-3.29406e-05
0.000787737
3.25106e-05
-2.40127e-05
-0.000113659
0.000831555
0.000779851
-0.000115133
0.000822227
0.000141824
0.000209724
9.20947e-05
0.000753181
9.0641e-05
-0.00012096
0.000793096
-6.83277e-05
8.37869e-05
0.000797102
-5.30362e-05
6.49016e-05
-0.000597927
0.000566824
-5.47085e-05
0.000809996
-4.26239e-05
-0.000593224
0.000591831
2.31797e-05
-3.87118e-05
0.000124739
-1.04608e-05
0.000163939
-5.23892e-05
-4.23482e-05
0.000129275
1.59737e-05
-4.47535e-05
0.000169248
-5.33124e-05
0.000163711
-2.26168e-05
-5.5224e-05
-3.20372e-05
0.000140106
-5.17658e-05
-8.06429e-07
-4.42497e-05
0.000126437
-8.5959e-06
-5.67277e-05
-5.28834e-05
0.000157033
3.60267e-05
-4.4066e-05
-6.84588e-05
0.000147376
-4.93443e-05
-7.26595e-05
0.000199646
0.000149174
-6.74346e-05
-0.000107309
0.0001212
-5.28492e-05
-4.7011e-05
0.000129893
-4.05727e-05
-5.30517e-05
-3.91651e-05
-4.11963e-05
3.0137e-05
9.92693e-05
-3.58878e-05
-4.9756e-05
0.000102877
-4.95154e-05
-4.13522e-05
0.000127634
-2.17394e-05
0.000111198
-6.04661e-05
0.000109355
-2.68043e-05
-6.25668e-05
-1.9571e-05
-4.29987e-05
8.24997e-05
-4.36062e-05
-2.3078e-05
8.04623e-05
1.38078e-05
-5.09529e-05
8.04498e-05
-1.70659e-05
-4.93747e-05
8.18382e-05
1.04162e-05
2.13751e-05
0.000147454
1.63331e-05
-1.91163e-05
7.00461e-05
7.25444e-05
0.000110385
-7.37014e-06
4.55373e-05
0.000144033
7.42385e-05
8.62429e-05
7.24031e-05
8.47384e-05
-2.28925e-05
-2.84717e-05
-2.32197e-05
-2.46204e-05
0.000114024
0.000129669
5.62007e-06
7.37398e-05
8.73315e-05
2.62878e-05
-1.76378e-05
6.43038e-05
-2.87904e-05
-5.51899e-05
5.12774e-05
8.88535e-05
8.31703e-05
-1.96981e-05
6.86815e-05
8.64021e-05
0.000167088
2.03706e-05
2.17407e-05
0.000108161
-9.38764e-06
5.03731e-05
6.67627e-05
7.72754e-05
0.00015117
1.20949e-06
0.000150496
4.24135e-06
0.000125611
1.48574e-05
-6.34013e-06
2.40405e-05
-1.7304e-05
-8.18547e-05
8.17487e-05
5.77184e-05
0.00012663
-7.73524e-06
2.8798e-05
5.24185e-05
-0.000133196
1.24562e-05
0.000137165
6.94675e-06
-4.52765e-06
-0.000171161
0.000170523
-6.95397e-06
-1.04453e-05
8.43979e-05
2.76355e-05
3.23204e-06
-3.09418e-06
-8.42138e-06
8.78608e-05
3.1854e-05
1.78011e-06
0.000128363
2.0969e-06
-8.4847e-06
0.000202824
-1.23593e-05
-6.78798e-05
-2.65179e-06
7.28074e-05
7.82143e-06
5.87446e-06
0.000130335
1.5552e-06
-6.75811e-06
0.000202462
-1.22607e-05
0.00024745
-8.59361e-06
7.18881e-05
4.47168e-06
0.000246451
-9.25248e-06
-1.151e-05
6.80687e-05
4.93689e-06
2.51698e-05
4.63687e-05
-3.05118e-05
0.000101201
-0.000140211
-8.78625e-05
8.69359e-05
7.65544e-05
8.35997e-05
7.95361e-05
-4.13183e-05
1.99746e-05
0.000105207
-2.58838e-05
5.87772e-07
4.06042e-05
-3.8829e-05
0.000104978
-3.92179e-05
-5.50053e-06
9.9475e-05
0.000112912
-2.48987e-05
-3.86962e-05
1.72603e-05
0.000112134
-3.54409e-05
0.000111236
-3.38582e-05
4.12304e-05
0.000106157
-6.15164e-05
-3.25967e-05
6.12204e-05
8.34526e-05
-2.80854e-05
7.81865e-05
5.98631e-05
-1.65499e-05
4.95538e-05
-2.05937e-05
6.31178e-05
5.36069e-05
-3.35998e-05
8.18385e-06
3.79295e-05
1.00982e-05
-0.000129537
-8.16093e-05
6.02128e-05
7.09776e-05
6.7726e-05
6.22619e-05
-3.71377e-05
0.00010153
-4.26044e-05
-3.56447e-05
9.03475e-05
-3.85077e-05
-3.96388e-05
-3.44932e-05
8.60762e-05
-7.01439e-05
-4.9756e-05
4.98875e-05
4.13838e-05
4.8447e-05
4.23472e-05
3.54765e-05
-2.18005e-05
-2.87089e-05
6.27706e-05
2.48484e-05
-3.46481e-05
7.59606e-05
-2.87953e-05
7.87582e-05
-2.50921e-05
-2.74832e-05
6.08188e-05
-4.12734e-05
-3.07116e-05
2.38192e-05
3.04794e-05
2.95487e-05
2.45577e-05
1.54397e-05
-2.40132e-05
-1.71876e-05
4.91953e-05
2.44014e-05
-1.43037e-05
-1.7543e-05
3.93785e-05
5.06466e-05
-1.56334e-05
-1.70689e-05
3.82356e-05
1.82854e-05
-2.10783e-05
-3.53543e-05
5.98045e-05
-3.50645e-05
6.16248e-05
-3.92598e-05
1.44527e-05
8.90944e-06
1.36712e-05
9.58509e-06
1.38548e-05
-1.20378e-05
-8.32438e-06
2.20414e-05
1.1789e-05
-1.36308e-05
-1.26866e-05
2.88195e-05
3.00306e-05
-1.27778e-05
-8.0669e-06
2.08913e-05
-1.32331e-05
-2.67186e-05
4.8419e-05
2.70583e-05
1.33308e-05
-1.49952e-05
-1.91834e-05
3.46711e-05
-1.52556e-05
4.69183e-05
-1.89395e-05
3.6185e-05
-1.40069e-05
-3.81681e-05
5.65776e-05
-1.68609e-05
-3.93585e-05
5.4848e-05
1.08308e-05
-5.55172e-06
-1.18904e-05
1.39602e-05
5.96084e-06
-1.21156e-05
8.50751e-06
1.50936e-05
7.38305e-06
-1.33471e-05
1.25601e-05
1.11901e-05
-1.28548e-05
-6.72009e-06
1.92044e-05
-1.02505e-05
-1.25704e-05
2.82573e-05
-1.20308e-05
2.70055e-05
-6.83085e-06
2.05755e-05
-2.69363e-05
9.35024e-06
-1.18368e-05
4.21397e-05
-1.02323e-05
2.62495e-05
-1.64903e-05
3.14291e-05
-1.26509e-05
-1.69587e-05
3.01173e-05
4.32241e-05
7.93812e-06
-1.0906e-05
-3.82369e-05
4.40028e-05
-3.6739e-05
4.49893e-05
-8.57697e-06
1.49095e-05
-1.05325e-05
1.39437e-05
-7.6279e-06
8.35517e-06
-1.61104e-06
1.81297e-05
-8.44168e-06
6.46538e-06
-8.8148e-06
2.38912e-05
-1.00775e-05
-1.50285e-06
1.72485e-05
2.45742e-05
-3.86062e-06
-2.15097e-05
3.33606e-05
2.22395e-05
4.8608e-06
-7.49845e-06
-1.01197e-05
2.28578e-05
-6.3054e-06
3.308e-05
-9.64361e-06
2.33189e-05
-1.16739e-06
2.38321e-05
-2.57101e-05
2.37903e-05
-3.37908e-06
-2.68976e-05
4.25605e-06
-6.48025e-06
1.28457e-05
1.33041e-05
2.64092e-07
2.16486e-06
-4.5309e-06
7.31987e-06
1.34708e-05
-1.25642e-06
-7.48321e-08
1.82484e-05
-3.45788e-06
1.81592e-05
7.34243e-06
1.36743e-05
-1.73557e-06
-9.20809e-06
-7.83689e-08
1.96098e-05
8.65093e-06
1.10744e-06
4.77591e-06
1.18529e-05
1.94789e-05
-8.82397e-07
4.34775e-06
1.193e-05
-4.3456e-06
3.62294e-06
-4.87604e-06
-4.25962e-06
9.78807e-07
-9.74023e-07
-1.53261e-05
3.44932e-06
7.1084e-06
-4.02265e-06
1.51615e-05
2.27498e-06
9.92956e-06
9.87107e-06
7.14677e-06
1.63026e-06
-1.65906e-05
-5.58445e-06
4.42764e-06
2.94957e-05
4.57055e-06
2.96805e-05
7.86677e-06
6.57344e-06
-4.36811e-06
-1.30031e-05
1.06182e-05
-3.97724e-06
-1.33859e-05
5.8692e-06
-1.84176e-05
1.3476e-05
-9.58384e-06
-3.6304e-06
1.25457e-05
-1.94452e-05
-1.66995e-05
-1.38387e-05
2.55446e-06
6.68834e-06
1.11953e-06
1.6993e-06
-4.12974e-07
-5.59142e-06
-7.23844e-05
-7.63075e-07
-5.3541e-06
-9.56569e-06
-1.05466e-05
2.37901e-06
-1.53182e-05
5.21786e-06
1.36261e-05
-2.07793e-05
-9.58414e-06
-5.15275e-06
-2.04634e-05
-1.12548e-05
-1.1823e-05
-2.32652e-05
-3.67414e-06
7.14161e-06
-1.84898e-05
-1.31782e-05
-7.1105e-06
-1.24744e-05
-1.35506e-05
-0.000118189
-2.23805e-05
-1.92989e-05
2.22373e-05
-2.58681e-05
-2.59089e-05
-2.56887e-05
6.55549e-05
-1.6542e-05
-2.33665e-05
-2.29432e-05
-1.80606e-05
-3.19451e-05
-9.83208e-06
1.26731e-05
-4.02212e-05
7.62957e-06
2.89228e-05
-3.63949e-05
-4.63835e-05
1.06508e-05
-3.66048e-05
-3.25842e-05
-5.42846e-05
-7.56592e-06
2.32335e-05
6.66648e-06
-2.83932e-05
-4.08093e-05
-1.92598e-05
6.05532e-06
-6.40245e-05
-2.63644e-05
-6.32229e-05
5.05317e-06
-3.96573e-05
3.5629e-06
-8.93498e-06
-5.49125e-06
-3.06443e-05
3.05629e-06
-2.39538e-06
-7.17701e-06
-5.65396e-05
-5.60196e-05
-4.09362e-06
-1.37715e-05
-3.11808e-05
1.31443e-06
5.12962e-06
-9.50525e-06
-2.3375e-05
-3.8617e-06
-5.3113e-06
1.74906e-06
-4.89507e-05
-9.85756e-06
-2.34923e-05
-1.27984e-07
-4.87789e-05
-4.95486e-06
-4.06788e-05
3.68663e-06
-4.08327e-05
0.000785319
-0.000121149
0.000743195
-8.77205e-05
-0.000617085
0.00052166
-0.000116383
0.000768448
-0.000106887
0.000518276
-3.93898e-05
-0.000813222
6.14397e-05
4.71105e-05
-4.01739e-05
9.41332e-05
0.000165258
3.64837e-05
-8.1978e-05
0.000233388
4.99554e-05
0.000272785
-3.19997e-05
-7.03667e-05
7.01343e-05
-0.000173988
0.000277518
-7.25753e-05
0.000251932
7.07307e-05
-6.12844e-05
-8.86493e-06
-7.5602e-05
0.000294539
2.51806e-05
-9.22552e-05
0.000253523
0.000299932
3.79795e-05
-3.80652e-05
0.000314117
1.56393e-05
-2.64487e-05
-2.33802e-05
-0.000102373
0.000265878
0.000318213
-1.59436e-05
-2.57286e-05
-9.91159e-06
-0.000229033
0.000334238
0.000312236
-5.82606e-06
-6.73797e-05
0.00029774
0.000108241
2.84698e-05
0.000291681
0.000101226
3.75082e-05
0.000325983
7.02937e-06
5.45189e-05
0.000326229
5.49069e-05
7.5882e-06
0.000318423
6.10875e-05
1.44098e-05
-2.72005e-05
0.000295837
2.80338e-05
0.000123905
-2.05143e-05
1.74648e-05
0.00032405
4.94466e-05
0.000283707
0.000124502
0.000311527
5.06708e-05
-3.68971e-05
4.10448e-05
0.000268856
0.000182598
0.000158948
0.000274031
4.711e-05
-4.54867e-05
0.000234465
0.000193322
5.27348e-05
0.000267295
0.000143394
6.18035e-05
6.45101e-05
0.000231045
0.000173914
0.000182163
0.000258155
0.000225658
0.000193077
0.000238611
7.96877e-05
0.000174252
-7.71594e-05
9.30074e-05
0.000197539
0.00020069
0.000197235
0.000196883
0.000149683
0.000202311
-0.000227177
9.23784e-05
0.000222583
-0.000250814
0.000161331
9.77524e-05
-0.000164658
0.000180665
0.000185403
0.000110957
0.000169645
0.000105744
-9.07283e-05
-0.000175285
0.000194074
0.000105766
0.000148922
0.000172335
8.86764e-05
0.000142567
0.000192021
0.00014967
0.000103226
0.000140755
0.000127414
-0.00025004
7.5872e-05
5.62475e-05
0.000221382
0.000192248
6.71972e-05
0.000214126
0.000149428
6.55029e-05
0.0002218
0.000199446
7.83439e-05
0.000215138
0.00015406
7.69565e-05
-0.000172328
0.000196498
0.000107837
0.000174897
-7.55896e-05
8.7266e-05
0.000106087
8.91738e-05
0.000198485
0.000110376
0.000104039
-0.00027621
0.000134918
8.04384e-05
0.000101236
4.88336e-05
0.000102052
5.02692e-05
8.45012e-05
0.000273642
2.1033e-05
7.92879e-05
0.000302672
2.00461e-05
-0.000155773
0.000254543
0.000230815
-5.39456e-05
-0.000135185
0.000177061
-0.000203293
0.000145298
0.000103245
0.000160369
-0.000184224
9.43674e-05
0.000145257
0.000107682
0.000111538
0.000144792
0.000132164
0.00010849
0.000160994
0.000114402
0.000122134
0.000157766
0.000146007
0.000117641
0.00014295
-9.35036e-05
0.000105718
8.8216e-05
9.72337e-05
-0.000137861
0.000156644
9.81115e-05
0.000161332
0.000110722
9.53691e-05
9.10995e-05
-0.000229135
-0.000123001
0.00012988
9.06323e-05
0.000125644
7.97385e-05
5.91045e-05
-8.19784e-05
-0.000129387
0.000150128
9.42782e-05
6.43255e-05
0.000146756
6.3342e-05
9.1189e-05
5.98809e-05
-0.000110044
0.000113326
6.19531e-05
-0.000207861
8.21772e-05
5.68323e-05
-0.000107703
0.000109428
0.000253556
1.75215e-05
0.000230731
1.67507e-05
-4.82003e-05
5.0914e-05
0.000180967
9.87126e-05
0.000119694
0.000125496
-0.000147845
8.85327e-05
0.000139114
-0.000163389
0.000130892
9.90132e-05
-0.000121495
0.000136148
0.000115052
9.0017e-05
-0.000114961
0.000131176
0.00011196
7.26433e-05
-0.0001263
0.000139606
0.000108843
0.000116186
8.17217e-05
0.000105349
0.000104296
6.66398e-05
9.79318e-05
0.000104467
-0.000103614
-9.90332e-05
0.000120879
0.000110602
5.09217e-05
9.42554e-05
9.76922e-05
5.00879e-05
0.000104627
4.71799e-05
0.000114938
5.40066e-05
0.000112149
-0.000168637
7.80593e-05
8.34105e-05
-7.66564e-05
9.43455e-05
2.4936e-05
8.07197e-05
-8.04715e-05
9.1186e-05
2.36299e-05
9.82497e-05
9.49304e-05
2.5329e-05
2.32643e-05
-0.000186078
0.000120985
8.84157e-05
0.000120637
6.04364e-05
0.000128899
6.74188e-05
0.000131975
0.000168202
0.000142468
0.000186125
-0.000102529
0.000103159
-0.000124968
0.000115182
8.76768e-05
9.07108e-05
-0.000111167
7.66976e-05
9.8031e-05
9.82348e-05
5.12032e-05
8.91027e-05
9.69325e-05
4.35193e-05
7.78714e-05
0.000100111
3.27053e-05
0.000107772
5.97827e-05
9.76605e-05
0.000104557
0.000106784
4.8013e-05
0.000113168
5.82234e-05
0.000110071
9.35122e-05
0.000108007
3.52126e-05
0.00012322
6.99415e-05
0.000110981
6.02247e-05
-9.18934e-05
9.89912e-05
1.88001e-05
9.67499e-05
-5.46109e-05
6.94616e-05
2.13073e-05
7.54393e-05
0.000104666
1.99134e-05
2.00689e-05
-0.000129845
-0.000191589
0.000143288
0.000122168
6.81264e-05
2.2147e-05
-2.55749e-05
-7.1057e-05
3.72418e-05
8.09276e-05
7.74258e-05
3.38515e-05
-0.000170368
0.000105893
-0.000136382
0.000150395
8.60891e-05
3.50989e-05
-4.90811e-05
4.82237e-05
4.95014e-05
-6.14302e-05
0.000107173
5.76579e-05
-6.89841e-05
8.70935e-05
1.41642e-05
0.000103374
-6.05021e-05
7.66784e-05
9.56476e-05
1.90794e-05
-8.14999e-05
0.000106841
2.81208e-05
8.10734e-05
-5.17243e-05
6.70551e-05
9.94047e-05
1.62579e-05
-3.7018e-05
5.11914e-05
9.60522e-05
1.29393e-05
1.3943e-05
8.24415e-05
5.45993e-06
8.66599e-05
1.14718e-05
6.81024e-05
8.89203e-05
1.44432e-05
8.97407e-05
1.20467e-05
-1.23549e-05
-8.21867e-05
2.29087e-05
8.89489e-05
7.82114e-05
8.16552e-06
8.45948e-05
1.8313e-05
9.68035e-05
9.61766e-06
0.000115719
1.14077e-05
5.58498e-06
-2.72857e-05
1.80006e-05
-7.75769e-06
1.31677e-05
3.72724e-05
1.79424e-05
-3.40801e-05
3.62097e-05
1.8674e-05
6.12925e-05
-1.30704e-05
1.44385e-05
-4.71417e-05
3.99829e-06
-2.10288e-05
-5.71678e-05
-9.94462e-06
1.11322e-05
7.13241e-05
7.29642e-07
-3.44804e-06
7.67964e-05
3.98716e-05
-3.00012e-05
6.96718e-05
3.60032e-05
7.94592e-05
-1.1166e-05
4.93045e-05
-3.17589e-05
5.32176e-05
4.29876e-05
-3.58269e-05
1.75557e-05
2.55766e-05
7.90902e-05
1.70639e-06
6.06237e-06
8.11526e-05
-1.01876e-05
3.03077e-05
-1.94987e-05
5.70103e-05
-2.7249e-05
-2.00766e-05
3.89705e-05
-5.32129e-05
-4.01721e-05
-3.62439e-05
-9.56012e-05
-3.01576e-05
-0.000157905
-0.000122467
-7.39332e-05
-0.000169327
-1.31625e-05
-5.7892e-05
2.06613e-05
-3.98171e-05
-3.43356e-05
-9.20742e-05
-7.46657e-05
-7.03029e-05
-0.000113449
-9.39606e-06
4.99172e-05
-2.07064e-05
-1.11083e-05
6.21923e-05
-0.000154517
-0.000100637
-0.000111547
-8.20597e-05
-5.72267e-05
-3.81624e-07
-3.38011e-05
3.48161e-05
0.000300485
3.31224e-05
0.000270256
0.000143197
-4.89941e-06
-5.27258e-05
-5.70485e-05
-3.65719e-05
-2.98355e-06
-0.000117169
-2.3799e-06
-0.000100796
8.04e-06
0.000266097
3.85018e-05
0.000306611
0.000277432
3.63434e-05
0.000145132
-5.52321e-05
-7.91471e-06
-1.04333e-05
-7.98133e-05
3.6212e-05
0.000218402
0.000211972
3.25357e-05
0.000247498
0.000198788
3.64546e-05
0.000200746
0.000253903
0.000224498
4.09351e-05
0.000212837
-5.68089e-05
6.66717e-05
0.000105981
0.000223463
-4.99164e-05
5.81268e-05
0.000146392
0.000244076
-4.28073e-05
4.92719e-05
0.000189852
0.000248877
0.000222618
0.000102561
0.000141723
0.000243521
0.000184325
0.000248372
-6.21207e-05
-0.00016815
7.31566e-05
0.000193822
6.76214e-05
0.000166486
6.12833e-05
6.45825e-05
0.000192559
6.55028e-05
7.19152e-05
6.64153e-05
0.000111213
-6.34346e-05
7.42603e-05
2.68726e-05
6.4617e-05
-0.00010906
0.000131018
2.78333e-05
7.58768e-05
0.000132882
2.86475e-05
2.61535e-05
-5.59434e-05
-4.46233e-05
6.56566e-05
5.91463e-05
4.26046e-05
5.44389e-05
5.7377e-05
6.37036e-05
-2.87524e-06
1.84722e-06
-6.96471e-06
-3.91945e-05
0.000430092
4.6188e-05
-5.76188e-06
0.000425298
-2.81647e-05
0.000221686
3.28246e-05
0.000227329
-3.54443e-05
4.20953e-05
0.000254175
0.000366307
0.000218139
0.000226436
0.000250973
0.000363982
4.38173e-05
5.91335e-05
0.000220534
4.04005e-05
9.06611e-05
0.000258128
3.60119e-05
0.000131219
0.000281608
3.17981e-05
0.000182418
0.000277687
4.8409e-05
9.32521e-05
0.000258405
5.28156e-05
0.00022108
6.09416e-05
4.28392e-05
0.000134256
0.000281835
3.75168e-05
0.00018566
0.000278056
4.59242e-05
-0.000152722
0.000177451
2.84592e-05
0.000153589
-4.5532e-05
5.49794e-05
2.92482e-05
5.55659e-05
0.000178106
2.92712e-05
2.85352e-05
7.25195e-05
3.97068e-05
-4.01004e-05
-7.33254e-05
4.84624e-05
9.19309e-05
9.13282e-05
4.7867e-05
2.03017e-05
0.000233879
0.000233705
2.29629e-05
0.000247811
0.000107634
0.000235386
2.51654e-05
0.000234133
2.82333e-05
0.000248711
0.00010813
-2.13948e-05
2.67491e-05
0.000201366
0.000306014
-2.41029e-05
3.01358e-05
0.000335411
0.0001199
-2.62383e-05
3.30763e-05
0.000306376
7.36122e-05
-2.82573e-05
3.59256e-05
0.000256919
4.42508e-05
-2.95228e-05
3.75938e-05
0.000200585
2.59907e-05
0.000199828
0.000306201
0.000335299
0.000118308
0.000306414
7.21605e-05
0.000256876
4.31735e-05
0.000200363
2.54731e-05
-2.57247e-05
-0.000112004
3.26638e-05
0.00013282
0.00011187
2.57356e-05
0.000132781
3.26064e-05
-1.38052e-05
0.00025274
1.94594e-05
0.000222253
-9.05109e-06
1.36003e-05
0.000102552
0.000252666
0.00022203
0.000102626
1.34015e-05
0.000425272
0.000102517
1.08854e-05
0.000290923
0.000263354
1.3505e-05
0.000376154
4.09906e-05
1.42881e-05
0.000308075
1.28924e-05
1.50829e-05
0.000221205
1.42413e-05
1.33151e-05
0.000152042
1.92259e-05
0.000103009
0.000425206
1.55392e-05
0.00029107
0.000263182
1.96964e-05
0.000376007
4.14603e-05
2.11302e-05
0.000307987
1.32406e-05
2.23042e-05
0.000221166
1.43955e-05
1.94195e-05
0.000151869
1.27883e-06
0.000318337
0.00031824
7.52847e-06
-1.27361e-06
7.3282e-06
0.000160533
-9.26984e-07
8.14911e-06
-9.17376e-06
0.000236234
-9.90219e-07
7.4339e-06
-3.04726e-05
0.000373171
-1.47466e-06
7.5744e-06
-3.60054e-05
0.000508417
-2.02364e-06
8.46855e-06
0.000212086
0.0004976
-7.82546e-07
3.33237e-06
0.000579079
0.000373025
-3.00732e-05
0.000236391
-8.93184e-06
0.00016084
-3.56397e-05
0.000508211
0.000212344
0.000497286
0.000578992
-1.21842e-05
0.000146253
-1.46451e-05
-5.13297e-05
0.00025123
-1.42839e-05
-0.000325248
0.00065492
-1.29406e-05
2.27848e-05
0.000690025
-1.49384e-05
0.00030538
0.00075951
-6.08469e-06
0.000656075
-0.000326427
-6.5338e-06
0.000251204
-5.20021e-05
-5.22568e-06
0.00014583
-5.4827e-06
2.17864e-05
0.000691351
-6.22046e-06
0.000305483
0.00076112
-2.51348e-06
0.00023108
-7.09316e-05
-3.0065e-05
0.000199579
2.37756e-05
-7.55351e-05
0.000187153
-6.68302e-05
-1.49373e-06
0.00018857
-7.2198e-05
-3.59989e-05
-5.81547e-05
0.000128963
2.96505e-05
-5.18758e-05
0.000122551
-4.25813e-05
-8.93575e-05
0.000235374
-6.65679e-05
0.000264384
-6.23664e-05
-8.45706e-05
-6.32182e-05
0.000317409
-3.61687e-05
0.000174364
-8.7087e-05
-5.01147e-05
0.000203679
-6.51832e-05
-4.13414e-05
-8.58277e-05
0.000319618
-2.53466e-05
0.000246595
-7.88243e-05
0.000343258
-9.12666e-06
-3.40512e-05
-1.71058e-05
0.000194952
-7.84473e-05
-1.92823e-05
0.000195614
-9.29654e-05
-2.19069e-05
0.000115054
-7.59981e-05
-2.7022e-05
-9.99318e-05
0.000199549
-3.90667e-05
-0.000112693
0.000279156
-2.82121e-05
0.000113415
-7.96778e-05
0.000339274
-2.76463e-05
-3.51555e-05
5.02298e-05
-4.34592e-05
0.000101607
-5.10433e-05
0.000109213
5.00099e-05
0.000117649
-1.46562e-05
-8.439e-05
1.32764e-05
-6.02427e-05
-1.71726e-05
7.23309e-05
-5.75367e-05
7.38812e-05
2.56517e-05
-1.75323e-05
-8.04549e-05
3.27111e-05
-2.27163e-05
0.000667428
2.9307e-05
-2.08107e-05
0.000189382
0.000795329
1.59345e-05
-1.16146e-05
-1.4645e-06
0.000753925
2.6412e-05
-1.81321e-05
8.81321e-05
0.000665484
0.000189689
0.000790905
-7.9627e-05
-6.84177e-07
0.000747982
8.86776e-05
-4.2573e-05
-5.35912e-05
-2.58604e-05
0.000794868
-1.81369e-05
-0.000111839
0.00084035
-4.0634e-05
-1.98159e-05
0.000801226
-3.17912e-05
-1.45576e-05
-0.000110155
0.000848078
4.31872e-05
-3.36561e-05
0.000834627
3.35728e-05
-2.59806e-05
-0.00058593
0.000645634
0.000822775
-0.000589248
0.000618138
0.000100164
0.000784639
7.83701e-05
-0.000604313
0.000544853
-5.62359e-05
7.00599e-05
0.000572435
9.31201e-06
2.78486e-06
-0.000824319
9.92873e-05
-4.41817e-05
0.000594931
1.83824e-05
-0.000827253
0.000129336
6.59204e-06
-4.72582e-05
0.000131885
-3.60842e-05
0.000159
-5.87394e-05
-5.08523e-05
0.000132949
-4.29179e-06
-1.86905e-05
-4.88757e-05
0.000120117
-6.6853e-05
-5.25749e-05
0.000139835
-4.7815e-05
-6.01405e-05
0.000148881
-7.06337e-05
-6.6321e-05
0.000194528
3.31725e-05
-4.00811e-05
-6.48429e-05
0.000102562
-4.74353e-05
-9.16809e-05
0.000177664
-6.29924e-05
-9.68459e-05
0.000250335
0.000106251
-6.44396e-05
-4.21401e-05
9.32329e-05
-4.94825e-05
-4.72293e-05
0.000114528
-5.33526e-05
-5.05264e-05
0.000111191
-2.71997e-05
2.72697e-05
-4.38836e-05
7.5082e-05
-3.22635e-05
-4.41918e-05
7.76263e-05
-2.07898e-05
-5.26338e-05
7.83914e-05
-5.40558e-05
7.61363e-05
-2.49748e-05
0.000150718
8.7416e-06
-2.02742e-05
8.05808e-05
6.34747e-05
0.000126911
-9.22624e-06
3.42077e-05
8.71613e-05
-1.84434e-05
-2.16731e-05
-2.13167e-05
-2.44812e-05
7.13228e-05
7.41445e-05
7.7707e-05
6.7354e-05
-7.88e-05
3.26116e-05
6.92887e-05
7.19293e-05
-2.0791e-05
-3.35203e-05
4.474e-05
8.74716e-05
6.99953e-05
-2.67423e-05
3.69607e-05
8.59114e-05
-0.000108081
-5.8835e-05
9.27333e-05
5.12899e-05
4.42025e-05
9.69686e-05
4.25713e-05
9.21946e-05
0.000128669
2.64014e-05
0.000145816
3.68943e-05
0.000105627
2.64076e-05
-1.39113e-05
5.43411e-05
-3.02869e-05
-6.30453e-05
5.92046e-05
8.42849e-05
0.000102957
-1.77886e-05
5.88528e-05
8.10861e-05
0.000149381
1.232e-05
2.28871e-05
0.000125968
-1.09457e-05
3.93753e-05
7.8204e-05
6.86812e-05
0.000169575
-4.18285e-06
0.000167902
-1.82134e-06
0.000141168
1.50759e-05
-6.13148e-06
1.10929e-05
-1.80161e-05
-9.07716e-05
9.28922e-05
4.10172e-05
0.000144682
-7.96927e-06
1.52377e-05
3.64982e-05
-0.000133677
5.75991e-06
0.000138132
-4.50598e-07
-2.81686e-06
-0.000202446
0.000201906
-1.09415e-05
-3.99408e-06
7.7748e-05
1.01391e-05
5.30057e-07
-4.63433e-06
-1.14999e-05
8.25498e-05
1.22184e-05
0.000245779
-9.58983e-06
-1.20476e-05
6.64579e-05
5.17377e-06
-2.90948e-05
1.23625e-05
3.27375e-05
0.000245232
-1.01588e-05
6.6388e-05
5.67433e-06
0.000288687
0.000284372
5.96063e-05
-3.7819e-05
8.87579e-05
-0.000132307
-7.46246e-05
6.058e-05
6.48508e-05
6.59398e-05
5.95235e-05
-4.22509e-05
-3.06803e-05
9.1379e-05
1.24181e-05
3.92288e-05
-3.70056e-05
-1.51005e-05
7.70135e-05
-3.95488e-05
8.78152e-05
-3.05633e-05
7.90092e-05
8.49858e-06
-4.38512e-05
0.000108715
-4.60616e-05
-8.30256e-08
0.000103592
-3.43651e-05
-4.28974e-05
2.6439e-05
0.000112105
-3.87234e-05
0.000109566
-4.26297e-05
5.64538e-05
9.37842e-05
-6.5744e-05
-3.07523e-05
6.74827e-05
6.14229e-05
-2.5407e-05
5.7508e-05
4.2026e-05
5.28328e-06
1.97991e-06
4.54527e-05
-9.54367e-05
-4.54794e-05
4.70827e-05
4.15542e-05
4.14111e-05
4.79098e-05
3.20131e-05
2.83762e-05
-3.26491e-05
-2.49302e-05
5.74028e-05
-3.31255e-05
-3.50301e-05
7.18302e-05
-3.67451e-05
6.88656e-05
-2.78755e-05
5.83914e-05
-4.75697e-05
-4.45083e-05
8.87848e-05
-4.43087e-05
-2.71668e-05
2.30404e-05
2.80109e-05
2.27732e-05
2.85227e-05
-1.93575e-05
-2.39809e-05
4.73293e-05
2.29082e-05
1.68626e-05
-1.86115e-05
-1.61826e-05
3.64071e-05
-2.17275e-05
4.62421e-05
-1.72777e-05
3.68732e-05
-2.43645e-05
-3.56272e-05
5.74923e-05
-2.825e-05
-3.49593e-05
5.57799e-05
-3.6516e-05
1.19657e-05
7.68314e-06
1.25125e-05
7.30353e-06
1.34444e-05
1.31146e-05
-1.34697e-05
-8.2419e-06
1.89718e-05
-1.35779e-05
-1.36734e-05
2.75012e-05
-1.42494e-05
2.65956e-05
-8.46735e-06
1.96884e-05
1.73348e-05
-2.76818e-05
-1.95142e-05
4.37023e-05
2.74872e-05
-1.65768e-05
-1.96023e-05
3.30752e-05
4.51484e-05
-1.81634e-05
-1.9795e-05
3.19353e-05
2.00027e-05
-2.34614e-05
-4.16626e-05
5.08699e-05
-4.06158e-05
5.27487e-05
-1.27924e-05
-5.59565e-06
1.2626e-05
5.46754e-06
1.37681e-05
5.26235e-06
-1.4469e-05
-1.3307e-05
1.15864e-05
6.10971e-06
1.27393e-05
-1.42119e-05
-6.93065e-06
1.75898e-05
1.36472e-05
-1.29671e-05
-1.50091e-05
2.3965e-05
2.54469e-05
-1.52726e-05
-7.20504e-06
1.61899e-05
-1.43935e-05
-2.77937e-05
4.06013e-05
2.87566e-05
1.50143e-05
-1.72467e-05
-1.85258e-05
2.66727e-05
-1.69446e-05
3.88675e-05
-1.7657e-05
2.84116e-05
-1.41695e-05
-4.00762e-05
4.23806e-05
-1.78004e-05
-4.21659e-05
4.04021e-05
1.23692e-05
-1.39372e-05
1.11871e-05
1.2654e-05
8.93171e-06
1.25521e-05
-1.48934e-05
-1.64681e-06
1.42609e-05
-1.12498e-05
-8.60988e-06
2.28119e-05
-1.36153e-05
2.1344e-05
-1.46359e-06
1.59038e-05
-2.43276e-05
9.07643e-06
-1.21059e-05
3.12599e-05
-1.04048e-05
2.31564e-05
-1.07467e-05
2.19258e-05
-1.35307e-05
-1.15946e-05
2.05102e-05
3.24126e-05
6.08279e-06
2.24743e-05
-9.41249e-06
-3.03739e-05
2.33904e-05
-2.84232e-05
-8.94208e-06
1.20861e-05
-1.15065e-05
1.1028e-05
-7.24874e-06
4.44061e-07
7.40909e-06
1.29944e-05
-6.72102e-07
5.94991e-06
-8.75724e-06
1.72509e-05
-1.03029e-05
7.49382e-06
1.21367e-05
1.78667e-05
-2.15835e-06
-9.93313e-06
1.96636e-05
1.08606e-05
3.22312e-06
-6.06882e-06
3.2185e-06
1.16243e-05
1.95442e-05
-4.65956e-06
3.84018e-06
1.18864e-05
3.18807e-06
-5.70604e-06
-1.46486e-05
4.16342e-07
7.13352e-06
-2.80553e-06
3.70561e-07
1.49361e-05
9.99262e-06
-1.77426e-06
1.00032e-05
7.16472e-06
-3.54593e-06
1.57166e-05
2.56303e-06
-1.62439e-05
3.30252e-06
2.92219e-05
2.12384e-06
2.88253e-05
-5.29229e-06
4.03867e-06
-1.60476e-05
-4.22337e-06
3.98953e-06
1.03862e-05
-1.40029e-05
-1.40529e-05
-2.06082e-05
-2.03573e-05
1.62258e-05
3.07168e-06
2.50989e-06
-1.6958e-05
2.23827e-05
8.66102e-06
-6.21122e-06
-2.36156e-05
-6.80832e-06
3.10473e-06
2.33481e-06
1.58889e-06
-6.62648e-06
-5.85503e-06
-1.05527e-05
-8.73956e-06
1.98551e-06
-6.79272e-05
2.65331e-06
3.60089e-06
1.11444e-05
-8.24953e-06
-6.64552e-06
2.33577e-05
-1.13745e-05
-2.53624e-05
-1.28602e-05
-4.11091e-06
-1.84529e-05
2.14995e-06
-2.42168e-05
-2.07457e-05
-1.35638e-05
-2.60978e-06
-1.46766e-06
-4.68118e-06
-7.51911e-06
-2.65024e-05
-2.19741e-05
-1.76132e-05
-2.89117e-05
-5.50514e-06
3.67017e-05
7.86218e-06
-3.90153e-05
-1.65854e-05
-3.10352e-05
6.84317e-06
-3.55694e-05
-3.47296e-05
-2.4754e-05
1.05064e-05
-2.1627e-05
-3.23143e-05
-6.62233e-06
7.59214e-06
-3.72699e-05
5.2341e-06
3.09919e-05
-3.52345e-05
-4.7375e-05
7.49064e-06
-3.60987e-05
-3.10564e-05
-5.62801e-05
-3.59345e-06
1.94813e-05
5.54699e-07
-2.53561e-05
-3.18958e-05
-1.4283e-05
5.23362e-07
-5.74426e-05
-2.31321e-05
-5.79675e-05
-1.78268e-06
-3.16414e-05
4.74104e-06
-6.98996e-06
-8.84419e-06
-2.34129e-05
2.60825e-06
-4.07379e-06
-6.08255e-06
-4.89915e-05
-4.87983e-05
-7.7999e-06
-2.35524e-05
-1.08922e-05
2.37075e-06
-4.04701e-05
-4.01754e-05
9.00779e-07
-0.000608836
0.000529602
0.000774073
-9.86629e-05
0.000523826
-2.92763e-05
-0.000821003
5.08749e-05
-3.05224e-05
0.000142446
1.71772e-05
-0.000606737
-0.000205323
6.70421e-05
-0.000193574
0.000301842
6.54506e-05
0.000275923
-6.92551e-05
-5.40088e-05
-6.68876e-05
5.61213e-05
-0.000101541
0.000215592
0.000102183
6.68437e-06
-0.000103581
0.000277555
0.000331001
2.03032e-05
-4.52342e-05
6.00286e-05
-0.00021339
0.000327728
0.000302965
5.58769e-05
-7.7933e-05
-2.20177e-05
-0.000239043
0.000344391
0.000325921
-1.64558e-05
-7.51414e-05
-6.96643e-06
-0.000106797
0.000274164
7.34684e-07
0.000311625
2.94504e-05
0.000121182
0.000315654
0.00010511
3.51602e-05
0.000305698
0.000102357
4.99279e-05
0.000348042
3.79328e-06
4.93753e-05
0.000340042
1.20762e-05
4.57858e-05
0.000349291
5.31867e-05
9.45608e-06
0.000335878
7.12919e-05
1.75288e-05
-3.90327e-05
0.000298672
4.0727e-05
0.00014759
-4.12307e-05
4.14771e-05
0.000323364
0.000286662
0.000146678
0.000314039
0.0002823
0.000181866
4.74507e-05
-4.64181e-05
0.000241599
5.30594e-05
0.000213938
-4.04441e-05
4.45776e-05
0.000272549
0.000204588
6.31178e-05
0.000244366
0.000193196
0.000288041
0.00015757
6.05462e-05
0.000276377
0.000144003
8.20398e-05
0.000202707
0.000262128
0.000232162
0.000213586
0.000242319
0.000174732
0.000100345
0.000254602
7.84497e-05
0.000192359
0.000201437
0.000199428
0.000115127
-7.7852e-05
9.4593e-05
0.000222051
0.00021335
-9.21708e-05
0.000109307
0.000218156
0.000159473
0.000222192
0.000207059
0.000216769
0.000158308
0.000155223
0.00019563
-0.000224929
0.000111752
0.000216541
-0.000249481
0.000165827
0.000120089
-0.000178338
0.000197497
0.000126678
0.000145331
-0.000171276
0.000186048
0.000177786
0.000134941
0.000121255
0.000134272
0.000161268
0.000126597
-0.000103491
-0.00018227
0.000204646
0.000119835
0.000110202
0.000178312
0.000100768
0.000107396
0.0002014
0.000112265
0.000115924
0.000104662
0.000135933
-0.000253739
9.86286e-05
5.67217e-05
0.000249409
0.000196685
6.77788e-05
0.000244807
0.000151915
7.79547e-05
0.000224754
0.000109889
6.588e-05
0.000249659
0.000204581
7.9301e-05
0.000245492
0.000157569
9.09478e-05
0.000226246
0.000113305
8.55978e-05
-0.000170373
0.000195717
7.00518e-05
0.000173271
-8.38161e-05
9.69418e-05
6.98182e-05
9.93804e-05
0.000198148
7.17167e-05
6.85217e-05
-0.000281756
0.00014201
0.000106637
0.000114847
6.72166e-05
0.000114778
7.12525e-05
0.00010892
0.000279406
1.80585e-05
0.000105837
0.000308579
1.75144e-05
-5.72614e-05
0.000197769
-0.000141456
0.000170954
-0.000200059
0.000151812
0.000121994
0.000154058
-0.000180696
0.000110442
0.000151287
0.000125198
9.95076e-05
0.000148431
0.000119864
8.01371e-05
0.000152708
0.000120868
0.000128577
0.000166895
0.000109902
0.000134898
0.000166609
0.00012706
8.76182e-05
0.000165781
0.000134448
0.000141074
0.000139775
-0.000103667
0.000116662
5.6324e-05
0.000107688
-0.000133933
0.000154398
6.42372e-05
0.000159888
0.00012206
6.08842e-05
5.96264e-05
-0.000227213
-0.00012919
0.000136561
0.000110415
0.000114005
8.60098e-05
2.76956e-05
-8.82376e-05
-0.000117659
0.000138666
0.000101419
3.01375e-05
0.000135398
2.95877e-05
9.83357e-05
2.81455e-05
-0.00013611
0.000141942
8.24636e-05
-0.000205479
9.87544e-05
7.48744e-05
-0.000151983
0.000159645
0.000225452
0.000205004
0.000127236
0.000116586
-0.000140128
0.00010002
0.000130914
-0.000156426
0.000139006
0.000112756
-0.000128245
0.000143326
7.28714e-05
0.000135943
-0.000120442
0.000136713
0.000127282
5.84237e-05
-0.000110123
0.00012752
0.0001239
4.19481e-05
-0.000137967
0.000152272
9.08922e-05
0.000141903
0.00011707
5.30626e-05
6.53582e-05
0.000122845
0.000116095
3.85612e-05
8.01864e-05
0.00012612
-9.1812e-05
-0.000106352
0.000109387
0.000116277
2.34221e-05
0.000101686
8.56507e-05
2.33984e-05
0.000110638
2.18554e-05
0.000103137
2.50991e-05
0.000156832
-0.000214235
0.000138623
7.62846e-05
-4.70391e-05
6.13471e-05
5.03123e-05
-7.37802e-05
8.43397e-05
6.44197e-05
8.75061e-05
-0.000239272
0.000169561
0.000158533
0.000164798
0.000179069
-0.000125668
7.77724e-05
-8.97703e-05
0.000143408
8.19346e-05
6.37099e-05
-7.61244e-05
7.06173e-05
0.000104219
2.14523e-05
0.00011944
9.26764e-05
0.000108521
2.36164e-05
8.28164e-05
0.000109829
1.80398e-05
6.62016e-05
0.000102673
1.40133e-05
0.00012944
4.22769e-05
9.64945e-05
0.000108591
2.76964e-05
0.000121397
9.90078e-05
0.000120202
1.96263e-05
0.000120872
2.78739e-05
0.000135485
8.1944e-05
0.000109286
1.48508e-05
0.000150248
5.51365e-05
0.00011281
3.43366e-05
-8.6416e-05
9.37882e-05
9.05183e-05
-2.93917e-05
4.11082e-05
4.63697e-05
9.83986e-05
-0.000133319
0.000149594
1.61222e-05
1.21687e-05
6.52334e-05
1.04018e-05
9.86084e-06
2.58991e-05
7.20106e-06
8.97912e-05
-5.87538e-05
7.60165e-05
-2.33954e-05
0.000115945
-7.5967e-05
9.92806e-05
-2.16916e-06
0.00011035
-5.21881e-05
6.80303e-05
0.000110798
-8.15627e-06
-9.57565e-05
0.000141142
3.21844e-06
5.83687e-05
-4.04386e-05
5.58053e-05
9.41807e-05
2.76256e-06
-1.6492e-05
2.75951e-05
9.0785e-05
9.61644e-05
-9.48601e-06
-2.63355e-05
9.53547e-05
-1.57777e-05
8.72468e-05
-1.59926e-05
4.17277e-05
8.68542e-05
2.46767e-06
8.62119e-05
4.97862e-05
6.83949e-05
1.43246e-05
-7.67027e-05
7.6428e-05
1.17185e-05
-4.08776e-05
-2.15902e-05
7.38183e-06
6.26295e-05
-2.11536e-05
-1.7539e-05
-6.09517e-05
-4.93447e-05
-6.08137e-05
-6.06783e-05
-1.7962e-06
6.82139e-05
3.70426e-05
0.000117033
-9.02935e-05
4.66354e-05
-4.17933e-05
4.47893e-05
2.40906e-05
7.26779e-05
-2.14625e-05
3.54443e-05
-4.53166e-05
9.7238e-06
-5.58075e-06
-3.76773e-05
8.73807e-06
7.23247e-05
-2.10142e-05
2.77996e-05
-4.06111e-05
-2.0113e-05
-8.81823e-05
-0.000115523
-0.000115106
-5.21225e-05
-0.000191135
-0.000139703
-6.94799e-05
-0.000199596
-2.47069e-05
-2.38791e-05
-3.17159e-05
-7.01409e-05
-8.13165e-05
-4.6271e-05
-0.000149896
-0.000116615
-6.31827e-05
-0.000155414
-1.12876e-05
3.17593e-05
4.20049e-08
-8.60546e-06
5.37156e-05
0.000436154
-1.08513e-05
-3.20431e-06
-5.62257e-05
-7.08971e-06
-4.04641e-05
0.00044398
6.14786e-05
-1.16978e-05
-5.83747e-05
3.76203e-05
0.000226377
0.000228297
4.92529e-05
0.000258438
0.000369346
5.67221e-05
0.000373254
0.000264002
0.000232394
4.26755e-05
0.000229291
-6.29734e-05
7.43257e-05
0.000222726
6.57248e-05
-5.74138e-05
6.74923e-05
0.000100402
0.000259375
-5.03039e-05
5.8735e-05
0.000143027
0.00028247
-4.36594e-05
5.02816e-05
0.000195571
0.000279078
9.65308e-05
0.000258805
0.000221747
6.32159e-05
0.000138178
0.000282204
0.000190048
0.000278558
-6.63711e-05
-0.000156416
7.8461e-05
0.000180413
3.15352e-05
0.00015481
6.5519e-05
3.02513e-05
0.00017911
3.03976e-05
7.71724e-05
3.12274e-05
7.58835e-05
-5.70136e-05
6.7149e-05
5.7883e-05
-7.43839e-05
9.27965e-05
6.84066e-05
9.40074e-05
-1.46073e-06
1.41137e-05
-7.34987e-08
1.5004e-05
-3.03082e-05
0.000240597
3.58307e-05
0.000235385
-3.42382e-05
4.09278e-05
0.000252268
0.00010735
0.000237555
0.000234711
0.000250223
0.000107754
4.64604e-05
2.67785e-05
0.000200939
4.42604e-05
4.57913e-05
0.000257069
4.05058e-05
7.56169e-05
0.000306301
3.67304e-05
0.000122113
0.000335318
3.246e-05
0.000203547
0.000305984
5.35305e-05
0.000257288
4.77733e-05
4.87008e-05
7.82458e-05
0.00030622
5.63149e-05
0.00020146
2.77332e-05
4.37785e-05
0.000125121
0.000335326
3.84673e-05
0.00020651
0.000306136
4.03426e-05
-0.000112257
0.000133037
0.000112693
-4.02129e-05
4.86992e-05
4.89869e-05
0.00013332
2.53125e-05
0.000253087
0.000222576
1.88354e-05
0.000102399
0.000253516
3.14743e-05
0.000223165
2.49552e-05
0.00010201
-2.51935e-05
3.17808e-05
0.000424688
0.000105502
-2.04899e-05
2.56376e-05
0.000291814
0.000262568
-2.61722e-05
3.31429e-05
0.000375474
4.38311e-05
-2.82787e-05
3.59528e-05
0.000307721
1.51364e-05
-2.99308e-05
3.81917e-05
0.000221242
1.53329e-05
-2.58714e-05
3.28678e-05
0.000151814
0.00010401
0.000425149
0.000291416
0.000262921
0.000375845
4.24018e-05
0.000307902
1.3986e-05
0.000221144
1.47659e-05
0.000151802
-1.39322e-05
0.00031818
2.05567e-05
0.000318252
1.49914e-05
0.00021207
0.000497603
1.37771e-05
0.000508421
-3.5952e-05
5.92605e-06
0.000579012
1.38258e-05
0.00037314
-3.04663e-05
1.53453e-05
0.000236091
-9.18957e-06
1.33278e-05
0.000160284
2.0069e-05
0.000508213
-3.54886e-05
2.16916e-05
0.000212278
0.000497297
8.58431e-06
0.000578704
2.0392e-05
0.000372934
-3.00535e-05
2.2765e-05
0.000235966
-8.97968e-06
1.94827e-05
0.00016011
-1.23197e-06
7.42735e-06
0.000145164
-1.08768e-06
8.45354e-06
-5.25862e-05
0.000250981
-1.65349e-06
9.16878e-06
-0.000327324
0.000656974
-1.75727e-06
8.89891e-06
2.08731e-05
0.000692489
-2.51894e-06
1.13207e-05
0.000305561
0.000762316
0.000656752
-0.000327105
0.000251112
-5.24162e-05
0.000145451
2.1161e-05
0.000692154
0.000305546
0.000761992
-1.08977e-05
8.76893e-05
-1.04164e-05
-8.11336e-05
-1.37994e-05
0.000668788
-1.29749e-05
0.000189135
0.000798434
-7.42669e-06
-2.05193e-06
0.000757374
-5.64544e-06
0.000669707
-4.03202e-06
-8.16078e-05
-4.41996e-06
8.73504e-05
-5.46536e-06
0.000189001
0.000800323
-3.2083e-06
-2.33685e-06
0.000759239
1.4011e-05
0.000212862
-8.54589e-05
-4.83606e-05
-6.80852e-05
0.000124855
4.50195e-05
-5.96206e-05
0.00011699
2.06194e-05
-6.53375e-05
0.000134055
-3.83983e-05
-0.000108112
0.000204494
-6.28035e-05
-0.000123763
0.000298303
-8.55809e-05
-9.62643e-05
0.00034167
-5.69079e-05
0.000261045
-8.81719e-05
0.000366635
-4.29531e-05
-4.30459e-05
-3.61119e-05
0.000110028
-8.29648e-05
-3.54015e-05
0.000198167
-8.60539e-05
-2.09107e-05
-0.000115815
0.000304176
0.000365799
-4.73117e-06
-5.51971e-05
-1.33211e-06
0.000226945
-9.54742e-05
-7.19985e-05
9.29726e-06
0.000137823
-2.00674e-05
0.000117086
-8.95864e-05
-2.17165e-05
-6.31211e-05
7.00582e-05
-2.72349e-05
0.000115669
-9.50176e-05
-4.20026e-05
-0.000250537
0.000357377
0.000345635
-3.26918e-05
-8.5398e-05
-6.57291e-05
-2.71198e-05
6.75908e-05
-6.21395e-05
5.47622e-05
-1.63796e-05
2.27406e-05
-1.50633e-05
2.97932e-05
-2.05028e-05
1.46624e-05
-1.03447e-05
0.000813445
1.22651e-05
-9.54444e-06
-0.000110397
0.000861601
0.00080724
-0.000109403
0.000855093
-2.60129e-05
0.000845943
-1.95231e-05
-0.000583048
0.000671925
-1.99138e-05
0.000855776
-1.34863e-05
-0.000580766
0.000696127
3.37824e-05
-2.50233e-05
0.000639707
-2.47926e-05
2.68955e-05
-0.00083141
0.000197916
0.000617695
-0.000829453
0.000161105
8.4417e-05
0.000551667
1.69135e-05
-0.000821401
7.43567e-05
2.75804e-05
-1.43033e-05
0.000208475
6.84244e-05
-5.13554e-05
-0.00065784
-0.000201436
3.72702e-05
0.000234846
8.36561e-05
-0.000681228
-0.000184614
-1.6737e-05
-5.58035e-05
0.000129626
-4.72346e-05
-6.27096e-05
9.6243e-05
-5.84344e-05
0.000133831
-6.12578e-05
-9.30301e-05
-6.42915e-05
0.000179087
-5.91556e-05
-2.81937e-05
0.000121663
-5.5909e-05
-9.13481e-05
0.000194415
-9.37377e-05
-9.2685e-05
0.000261051
3.01211e-05
-5.48265e-05
-3.61503e-05
7.10948e-05
-4.57065e-05
-8.50391e-05
0.000105515
-5.71941e-05
-0.000116118
0.000215731
-9.85048e-05
-0.000129489
0.000329945
-5.50678e-05
7.34008e-05
-3.82607e-05
-4.29871e-05
7.1332e-05
-5.16842e-05
-3.41369e-05
9.66477e-05
0.000165799
1.61905e-06
-2.14878e-05
9.41036e-05
4.5932e-05
0.000147694
-9.94494e-06
1.96525e-05
4.67362e-05
-1.90781e-05
-2.38827e-05
-1.90269e-05
-2.13351e-05
5.85259e-05
6.83785e-05
6.16093e-05
6.53819e-05
7.97301e-05
-5.84822e-05
5.30421e-05
6.16405e-05
-7.15063e-05
6.85881e-05
6.73359e-05
5.2718e-05
3.15501e-05
5.78124e-05
-2.01701e-05
7.14191e-05
-2.6764e-05
-2.85791e-05
1.90786e-05
7.34033e-05
7.99051e-05
4.7942e-05
-1.91068e-05
6.77521e-05
-9.83636e-05
3.63948e-05
9.06353e-05
6.41362e-05
-2.08733e-05
-0.000119549
0.000105596
4.44524e-05
-3.50069e-05
5.36419e-05
8.419e-05
6.12024e-05
-2.16203e-05
4.20961e-05
4.62796e-05
8.3607e-05
0.000143773
1.80975e-05
0.000139077
2.3802e-05
0.000123962
2.71166e-05
-1.41501e-05
4.33804e-05
-3.10409e-05
-7.48942e-05
7.08727e-05
7.64499e-05
0.000120961
-1.68807e-05
4.76935e-05
7.2789e-05
0.000162281
4.89246e-06
2.49668e-05
0.000149819
-1.21318e-05
2.44154e-05
9.42366e-05
5.08853e-05
0.000201041
-9.44871e-06
0.000199463
-8.21339e-06
0.00014372
8.19633e-06
-2.03375e-06
-6.58193e-07
-1.10597e-05
-8.72059e-05
9.14818e-05
1.70487e-05
0.000149786
-3.56148e-06
1.67397e-06
1.46315e-05
-0.000244507
0.000243647
-1.05328e-05
-6.79655e-05
-1.10117e-05
7.01696e-05
5.99073e-06
1.18597e-05
3.63002e-05
-1.02444e-05
5.64784e-06
3.94868e-05
0.000279955
0.000275471
6.82766e-05
-3.7065e-05
6.54085e-05
-0.000111963
-4.28467e-05
4.99889e-05
4.68252e-05
5.10599e-05
4.52842e-05
2.92363e-05
-3.44104e-05
-2.38451e-05
5.695e-05
3.74935e-05
-1.70611e-05
-3.57327e-05
6.50506e-05
6.53612e-05
-3.48708e-05
-1.44213e-05
5.73441e-05
8.55481e-06
4.76419e-05
-4.4023e-05
-1.22763e-05
7.71161e-05
-4.75272e-05
9.213e-05
-3.46973e-05
7.96416e-05
1.71699e-05
-4.87664e-05
0.000110947
-5.2827e-05
7.77428e-06
0.000106659
-5.14526e-05
-5.34716e-05
4.47195e-05
0.000100311
-4.8269e-05
9.74989e-05
-4.34621e-05
6.78827e-05
6.95551e-05
-4.8238e-05
-7.54487e-06
5.03181e-05
-2.5386e-06
-5.39626e-05
-2.1572e-05
2.43945e-05
2.89018e-05
2.92599e-05
2.40855e-05
-2.01539e-05
2.44835e-05
-2.77782e-05
4.56011e-05
-2.01188e-05
2.24982e-05
-1.59605e-05
3.65238e-05
-2.29509e-05
-1.37925e-05
3.78817e-05
4.52885e-05
3.91672e-05
3.26867e-05
-3.71185e-05
-3.05803e-05
5.32477e-05
-4.36279e-05
6.88916e-05
-3.38871e-05
5.37282e-05
-5.44178e-05
-5.52286e-05
9.27623e-05
-2.89926e-05
3.28586e-05
-1.34442e-05
1.36109e-05
-8.86767e-06
1.82717e-05
-1.27962e-05
1.49934e-05
-1.58269e-05
2.5458e-05
-1.38063e-05
-7.98699e-06
1.83261e-05
2.55997e-05
-2.21001e-05
-2.78313e-05
4.21194e-05
2.71296e-05
1.99103e-05
-2.18726e-05
-1.94768e-05
3.07166e-05
-2.50772e-05
4.13894e-05
-2.0077e-05
3.08658e-05
-2.76175e-05
-4.23258e-05
4.89063e-05
-3.24025e-05
-4.19133e-05
4.76518e-05
1.36818e-05
-5.76236e-06
-1.42467e-05
1.00511e-05
6.06528e-06
-1.40315e-05
4.28503e-06
1.04852e-05
4.15183e-06
-1.43073e-05
1.37409e-05
1.60062e-05
-1.6656e-05
-8.20513e-06
1.40857e-05
-1.61901e-05
-1.34649e-05
2.25449e-05
-1.72858e-05
2.16373e-05
-7.95364e-06
1.49107e-05
1.96149e-05
-3.0828e-05
-2.25049e-05
3.57577e-05
2.98721e-05
-1.94881e-05
-1.96543e-05
2.50989e-05
3.70751e-05
-2.1764e-05
-2.07403e-05
2.41236e-05
2.20146e-05
-2.69681e-05
-4.65869e-05
3.66812e-05
-4.44499e-05
3.82916e-05
-1.51322e-05
9.54368e-06
-1.59421e-05
8.26303e-06
9.5717e-06
-1.69576e-05
-2.33679e-06
1.24191e-05
1.58249e-05
-1.05147e-05
-1.78277e-05
1.79566e-05
1.95712e-05
-1.87293e-05
-3.45789e-06
1.09048e-05
-1.53585e-05
-2.58117e-05
2.95895e-05
2.76002e-05
1.67554e-05
-2.00434e-05
-1.44683e-05
1.68288e-05
-1.88313e-05
2.77745e-05
-1.28247e-05
1.86494e-05
-1.3458e-05
2.09483e-05
-3.28969e-05
-1.83619e-05
-3.60682e-05
1.92348e-05
1.40933e-05
-1.64666e-05
7.80264e-06
9.55384e-06
1.60961e-06
1.35799e-05
-1.69271e-05
7.18931e-06
8.80913e-06
-1.18466e-05
-1.01828e-06
1.61728e-05
-1.50793e-05
1.45917e-05
7.49501e-06
1.06674e-05
-1.3598e-05
7.74276e-06
1.82372e-05
-1.1496e-05
-9.52847e-06
1.2042e-05
2.40844e-06
1.0935e-05
-1.36687e-05
1.25138e-06
9.80109e-06
1.91147e-05
-8.61876e-06
-1.18998e-05
-5.74805e-06
-1.43716e-05
6.8956e-06
1.40903e-05
4.31921e-06
-7.44575e-06
9.50559e-06
6.30678e-06
-9.38021e-06
9.88026e-06
-6.35445e-07
-1.43609e-06
2.78096e-05
2.83788e-05
2.78311e-06
1.43626e-06
-1.78509e-05
-1.43524e-05
2.02425e-05
-1.73585e-06
-2.17538e-05
-4.54096e-07
-1.68525e-05
4.26195e-06
1.50649e-06
-2.3946e-05
3.79504e-06
-2.69639e-06
-7.39474e-06
2.66604e-05
-1.51449e-05
-2.84464e-05
6.34792e-07
-2.48446e-05
3.31627e-07
-5.92286e-06
-2.3343e-05
-1.13868e-05
-8.74753e-06
-2.41679e-05
-1.63412e-05
4.65518e-06
9.7086e-07
1.96777e-05
-3.19424e-05
-5.05485e-05
-3.2632e-06
4.04104e-07
-1.85839e-05
-1.43482e-05
-2.15438e-05
2.70259e-05
-2.70278e-05
-5.56467e-06
-1.02853e-05
4.16633e-05
3.31614e-05
1.94383e-05
-0.000154701
-2.70151e-05
-1.00927e-05
-1.75772e-05
-9.69546e-06
-4.90278e-06
3.89313e-05
6.59931e-06
-1.555e-05
-3.7007e-05
4.62155e-06
-3.84185e-05
-3.35024e-05
7.73486e-06
-2.19076e-05
-2.99918e-05
-4.34355e-06
2.18524e-06
-3.04725e-05
3.2537e-06
2.94952e-05
-3.42721e-05
-4.58526e-05
2.44086e-06
-3.41295e-05
-2.61058e-05
-5.42643e-05
1.43112e-06
1.59237e-05
-4.20262e-06
-2.33323e-05
-2.17156e-05
-1.10841e-05
-3.31963e-06
-4.91214e-05
-1.87823e-05
-4.88382e-05
-6.27144e-06
-2.36582e-05
1.15046e-06
-3.9605e-05
-4.23027e-06
-3.98515e-05
0.000534594
-0.000819916
5.87466e-05
-1.70445e-05
0.000151572
2.17758e-05
-0.000615504
-0.000210924
1.81121e-05
-0.000110973
2.27998e-05
-0.000208114
-0.00019659
5.7256e-05
-7.77187e-05
9.92128e-05
0.000235557
4.60373e-05
-0.000233756
0.000357029
0.000335258
4.05407e-05
-8.76005e-05
-8.85089e-05
5.72295e-05
0.000257155
9.18528e-05
-1.49152e-05
-0.000114008
0.000282793
-1.28089e-05
-4.5917e-05
-1.32079e-05
0.000331913
3.33061e-05
0.000117384
0.000314676
4.14555e-05
0.00014582
0.000335076
0.000104155
4.75769e-05
0.000313846
0.000113458
7.328e-05
0.000376262
4.50178e-05
2.33513e-06
0.000361971
4.93222e-06
4.01829e-05
0.000333456
3.66001e-05
0.000372432
6.20454e-05
1.20689e-05
0.000342669
9.98882e-05
1.60662e-05
-6.87117e-05
0.000465217
7.44478e-05
0.000453484
6.24671e-05
0.000252654
0.000213435
0.00028625
0.000204839
5.00307e-05
0.000298196
0.000180033
5.87048e-05
-4.82571e-05
0.000249427
5.44651e-05
0.000230852
-6.40052e-05
7.03944e-05
0.000280402
0.000383013
0.000301402
0.000156445
8.17776e-05
0.00027674
0.000149093
0.000112063
0.00037763
0.000271278
0.000239964
0.000230169
0.000262622
0.000100675
0.000191287
0.000238734
0.000177676
0.000126501
0.000264653
7.64747e-05
0.000211894
0.000220277
0.000131825
0.000156139
0.000216587
0.000222384
0.000117673
0.000194655
0.0002031
0.000142153
-7.78499e-05
9.43441e-05
0.000248817
0.000221393
-9.36879e-05
0.000112086
0.000247354
0.000165753
-0.000106229
0.000124186
0.00023135
0.000114813
0.000249525
0.000213351
0.000246513
0.000162928
0.000228591
0.000115836
0.000161642
0.000189694
-0.000221989
0.000134217
0.000210851
-0.000246686
0.000171768
0.000145798
-0.000183639
0.000202112
0.000153127
0.000132865
-0.000186557
0.000208625
0.000140348
0.000102749
-0.000179066
0.000193255
0.000165876
0.000165726
0.000121327
0.000144453
0.000134148
9.61004e-05
0.000149367
0.000153639
-0.000114891
-0.00018215
0.00020609
0.000132044
6.91086e-05
0.000177179
0.000111525
7.00322e-05
0.000201665
7.22681e-05
0.000127342
6.65831e-05
0.000143414
-0.000251772
0.000121559
5.77788e-05
0.000202388
0.000279488
6.84961e-05
0.000282964
0.000148767
7.91723e-05
0.00026022
0.000104769
8.72785e-05
0.000224175
6.84778e-05
6.66221e-05
0.000210489
0.000279754
8.02048e-05
0.000283331
0.000155033
9.27213e-05
0.000261302
0.000108965
0.000101823
0.000226194
7.07147e-05
9.20049e-05
-0.000158586
0.000182284
3.28101e-05
0.000161514
-9.01593e-05
0.000104069
3.30603e-05
0.000106668
0.000184839
3.37285e-05
3.23472e-05
-0.000279558
0.000149662
0.000133261
0.000146298
9.04939e-05
0.00014899
9.75816e-05
0.000165401
0.000247859
0.00016747
0.0002726
-0.000150324
0.000163917
-0.000193932
0.000161405
0.000140928
0.000146587
-0.000174346
0.000126883
0.000158494
8.12502e-05
0.000149648
0.000153696
0.000137651
6.47378e-05
0.000146135
0.000131728
4.64561e-05
0.000166358
0.0001026
0.000158477
0.00017154
0.000147644
7.14737e-05
0.000174032
9.06142e-05
0.000163195
0.000166051
0.000138982
5.07805e-05
0.00018022
0.00011558
0.000175549
0.000128501
-0.00011085
0.000121903
2.61573e-05
0.000114826
-0.00012228
0.000143068
3.00425e-05
0.000149042
0.000127006
2.81637e-05
2.79679e-05
-0.000295234
-0.000182657
0.0001941
0.000200274
7.78101e-05
7.83817e-05
-8.01719e-05
-8.05966e-05
9.8079e-05
9.2827e-05
9.56324e-05
9.03503e-05
-0.000193188
0.00020587
-0.00026576
0.000177072
0.000158597
9.32622e-05
-0.000107647
9.92166e-05
0.000108709
-0.000122713
0.000174251
0.000111107
-0.000124607
0.000140986
3.57038e-05
0.00014807
-0.000137122
0.00015311
3.93231e-05
0.000171524
-0.000115812
0.000133241
0.000141053
2.38422e-05
-9.8725e-05
0.000116569
0.00012284
1.75402e-05
-0.000169371
0.000187416
8.01424e-05
0.000152424
3.16884e-05
0.000134723
0.000130692
2.16609e-05
3.36159e-05
0.000153166
0.000116146
1.62724e-05
6.7611e-05
0.000132648
-5.95359e-05
-9.86361e-05
7.36228e-05
0.000107971
9.47231e-05
5.41233e-05
0.000103412
6.80924e-05
0.000165763
1.48068e-05
0.000179992
2.15906e-05
-0.00011228
5.757e-05
2.29958e-06
0.000134345
4.22345e-05
5.89405e-06
9.26923e-05
-2.11202e-05
0.000134418
0.000120626
8.7831e-06
0.000131588
8.39641e-05
0.000124714
-7.20188e-06
7.18217e-05
0.000101629
3.06704e-06
3.94637e-05
9.59328e-05
0.000180759
1.87544e-05
8.03572e-05
9.99506e-05
0.000138584
-6.67233e-06
0.000109104
-1.94561e-05
0.000152315
8.8561e-05
0.000109047
3.12538e-06
0.000140994
1.79177e-05
0.000152336
5.19008e-05
0.000100812
0.000217029
3.24647e-05
0.000101646
-8.64577e-05
0.000104879
-5.67299e-05
7.53777e-05
0.000183526
-0.000114771
-6.97984e-05
8.8921e-05
-3.65401e-05
0.000131193
-7.59759e-05
0.000107505
-1.31646e-05
9.52045e-05
-4.06397e-05
5.73194e-05
9.20177e-05
-2.2673e-05
-4.44478e-05
8.55909e-05
1.72255e-05
-2.01694e-05
3.21745e-05
8.15424e-05
0.000153641
-0.000103499
8.28721e-05
-2.20529e-05
-3.94975e-05
9.59114e-05
-3.04839e-05
6.12065e-05
-8.30089e-06
7.72482e-05
-1.00824e-05
-2.86978e-05
1.72783e-05
-1.34441e-05
-2.67634e-05
-4.18737e-05
-9.52214e-05
-1.23956e-06
3.70122e-05
-6.75895e-05
-5.58772e-05
-0.000103171
4.73496e-05
4.51688e-05
4.08081e-06
-3.17787e-05
3.26992e-05
-3.16222e-05
-2.8368e-05
8.95249e-06
4.06701e-05
-1.61923e-06
-4.63094e-05
-4.76146e-05
-3.44958e-05
-0.000106818
-0.000176277
-7.64024e-05
-9.34953e-05
-0.000165757
-0.000115317
-8.18048e-05
-0.000112515
-2.66156e-05
-7.97467e-05
-0.000143483
-7.10498e-05
-8.14023e-05
-0.000137029
-0.00011307
-6.5159e-05
-9.25018e-05
-2.58999e-06
1.30257e-05
1.13728e-05
-6.57684e-06
-8.60291e-06
-1.41172e-05
4.18141e-05
0.000244602
0.00023615
4.82517e-05
0.000255108
0.000106915
5.60085e-05
0.000106654
0.000258843
0.000249792
4.81237e-05
0.000237192
-6.39015e-05
7.56635e-05
0.000258285
5.30804e-05
-6.74233e-05
7.99309e-05
0.000203305
3.03249e-05
-5.78337e-05
6.82372e-05
8.56543e-05
0.000306344
-5.15973e-05
6.02583e-05
0.000133785
0.000335595
-4.50387e-05
5.22019e-05
0.000215226
0.00030648
0.000257672
5.02345e-05
8.1612e-05
0.000306238
0.000202244
2.89738e-05
0.000128994
0.000335439
0.00021035
0.000306239
-5.88813e-05
-0.000114352
7.01308e-05
0.000134638
0.000113368
5.83787e-05
0.000133872
6.92612e-05
-3.83546e-05
0.000255499
4.58554e-05
0.000224653
-3.15332e-05
3.87322e-05
0.00010015
0.000254275
0.000223779
0.000101176
4.0677e-05
0.000152007
4.72535e-05
1.61541e-05
0.000221514
4.43832e-05
1.67463e-05
0.000307509
4.07588e-05
4.58384e-05
0.00037496
3.88417e-05
0.000107564
0.00042424
3.12702e-05
0.000292484
0.000262142
5.37555e-05
0.000307315
1.88464e-05
5.73851e-05
0.000221882
1.72192e-05
4.9074e-05
4.85015e-05
0.000374525
4.9487e-05
0.000152243
4.64324e-05
0.000110393
0.000423853
3.74608e-05
0.000293674
0.000261771
2.75852e-05
0.000317947
0.000317407
3.53537e-05
-2.88704e-05
3.63831e-05
0.000213357
0.000495633
-2.6687e-05
3.38584e-05
0.000507139
-3.33345e-05
-1.13575e-05
1.43526e-05
0.000576979
-2.73037e-05
3.48113e-05
0.000372037
-2.79934e-05
-3.05298e-05
3.89583e-05
0.000235817
-7.86743e-06
-2.60151e-05
3.31362e-05
0.000160026
0.00050787
-3.46329e-05
0.000212752
0.000496634
0.000578095
0.000372633
-2.92409e-05
0.000235908
-8.54273e-06
0.000160035
1.60859e-05
2.0888e-05
0.000692415
2.02295e-05
0.00030552
0.000762186
1.66797e-05
0.000656809
-0.000327132
1.57953e-05
0.000250817
-5.25342e-05
1.35728e-05
0.000144949
2.34641e-05
2.11918e-05
0.000691921
2.44218e-05
0.00065624
-0.000326536
2.92885e-05
0.000305394
0.000761549
2.33432e-05
0.000250628
-5.22627e-05
1.98849e-05
0.000144818
-1.54744e-06
7.25056e-06
8.6875e-05
-1.86279e-06
7.5103e-06
-8.19906e-05
-2.04927e-06
9.5103e-06
0.000670386
-1.91424e-06
9.29415e-06
0.000188974
0.000801696
-1.06879e-06
5.40943e-06
-2.5492e-06
0.000760525
0.000670219
-8.18872e-05
8.70671e-05
0.00018897
0.000801351
-2.47356e-06
0.000760189
-8.50751e-06
-1.22989e-05
-6.4121e-06
0.000817185
-6.26464e-06
-0.000110759
0.000864854
-4.72617e-06
-2.76493e-06
-2.58621e-06
0.000819294
-2.34106e-06
-0.000110819
0.000866134
3.92595e-05
-7.74868e-05
0.000131843
-3.72423e-05
0.000112164
-0.00010024
-7.41277e-05
-0.000261391
0.000374247
-5.4458e-05
0.000372601
-9.54852e-05
-6.18815e-05
-0.000130173
0.000335925
-4.01083e-05
0.000401408
-6.74063e-05
-2.63905e-05
0.000242937
-0.000107883
-3.38934e-05
-6.76739e-05
6.48836e-05
-5.01565e-06
-8.01278e-05
0.000138013
2.23707e-05
-0.000252437
0.000387234
0.000372518
1.6425e-05
-9.94226e-05
-8.64399e-05
3.09231e-05
0.000137125
-2.22198e-05
-6.6348e-05
5.26601e-05
-2.78559e-05
-0.000121928
-7.04987e-05
-2.98032e-05
5.06553e-05
0.000296553
-3.7382e-05
1.43341e-05
-1.00953e-05
0.000871347
7.28226e-06
-5.77525e-06
-0.000571916
0.000750695
0.000863713
-0.000578004
0.000719901
-1.77595e-05
0.00066065
2.63535e-05
-0.000831941
0.00023303
-1.04978e-05
0.000677829
2.48169e-05
-0.000832913
0.000266311
-4.39712e-05
4.54663e-05
0.000290999
-9.74864e-05
0.000102724
-0.000735422
-0.000132213
0.000261397
-0.00070622
-0.000164004
9.95058e-07
0.000184461
-3.40321e-05
-0.000637103
-0.000211858
8.9528e-05
-6.84583e-05
-6.94699e-05
5.38471e-05
-3.92863e-05
-0.000292575
-0.000229498
0.00010883
-4.67779e-05
7.49454e-05
-0.000330085
-0.000230979
-4.27703e-05
-5.26157e-05
6.78581e-05
-5.7046e-05
-8.35144e-05
9.80669e-05
-8.34525e-05
0.000189948
-9.28652e-05
-6.13812e-05
-3.86474e-05
0.000107225
-0.000117369
-9.15798e-05
0.000237104
-8.52322e-05
-2.10771e-05
0.000131609
-6.36854e-05
-0.000116942
0.000255967
-0.000109668
-0.00013774
0.000348072
-6.80383e-05
-4.2604e-05
6.28046e-05
-5.2084e-05
-0.000104017
0.000108256
-0.000124155
-0.000267917
0.000404187
-8.55377e-05
-9.76009e-05
0.000418517
0.000197233
-6.09563e-06
-1.46766e-05
9.54153e-05
1.96101e-05
0.00015607
-5.74197e-06
4.4331e-06
2.44461e-05
5.62066e-05
6.06703e-05
6.32078e-05
5.37158e-05
-1.52e-05
-1.80488e-05
-1.63129e-05
-2.18057e-05
-5.55844e-05
-5.91381e-05
4.52705e-05
5.03739e-05
5.87001e-05
5.03044e-05
5.14247e-05
4.4544e-05
-3.73998e-05
2.64693e-05
2.86592e-05
-1.48864e-05
5.56836e-05
-2.68119e-05
1.14148e-05
6.71215e-05
-1.63528e-05
6.16923e-05
6.57726e-06
6.18179e-05
9.07099e-05
4.77577e-05
7.57554e-05
4.85657e-05
3.71359e-05
7.97709e-05
-2.00962e-05
6.52438e-05
-3.62651e-05
-3.46587e-05
2.71332e-05
7.3171e-05
7.95282e-05
6.94165e-05
-2.02195e-05
6.36672e-05
-0.000115818
3.90437e-05
0.000109252
5.32483e-05
-2.15898e-05
-0.000129958
0.000119245
3.42924e-05
-3.59662e-05
6.50622e-05
7.72003e-05
5.06114e-05
-2.02324e-05
2.95943e-05
5.78254e-05
7.70604e-05
0.000157101
9.12692e-06
0.000150743
1.32793e-05
0.000150452
2.93475e-05
-1.51762e-05
2.85761e-05
-3.37187e-05
-9.29515e-05
9.05685e-05
5.908e-05
0.00014949
-1.79835e-05
3.29199e-05
5.51527e-05
0.000194267
-4.27336e-06
1.8409e-05
0.000161997
-7.92911e-06
8.009e-06
9.88777e-05
2.23697e-05
0.00024249
-1.03254e-05
0.000240984
-1.02687e-05
7.28394e-05
-9.16739e-06
5.83942e-06
7.06314e-06
-4.24124e-05
4.4853e-05
7.56799e-05
5.89658e-06
-0.000270874
0.000266332
5.17682e-05
-1.37603e-05
-6.89088e-05
-1.65971e-05
2.98049e-05
3.6397e-05
3.37265e-05
3.16408e-05
-3.0216e-05
-1.86711e-05
4.72527e-05
1.21601e-05
2.48649e-05
-2.79616e-05
-7.33107e-06
4.50929e-05
-3.20735e-05
5.06561e-05
-1.2349e-05
4.08761e-05
3.24324e-05
-3.98828e-05
-2.60951e-05
5.3377e-05
4.47175e-05
-1.48188e-05
-4.1467e-05
6.43426e-05
6.41859e-05
-3.82676e-05
-1.36094e-05
5.45195e-05
3.0161e-06
5.49587e-05
-5.12739e-05
-8.54458e-06
7.89598e-05
-5.55076e-05
9.70467e-05
-3.86578e-05
8.0193e-05
3.51605e-05
-5.97696e-05
0.000100148
-6.41973e-05
2.3744e-05
9.70403e-05
-6.61012e-05
-5.75581e-05
6.27035e-05
7.48266e-05
-5.06603e-05
7.24539e-05
-1.96388e-05
5.24532e-05
-2.27384e-05
3.67039e-05
1.08558e-05
1.33888e-05
-1.41449e-05
-6.88166e-06
2.11765e-05
-1.65469e-05
-1.24449e-05
2.61063e-05
-1.79564e-05
2.77328e-05
-8.1838e-06
1.94069e-05
-2.30745e-05
2.86221e-05
-3.25384e-05
4.20116e-05
-2.40197e-05
2.59443e-05
-1.85295e-05
3.12561e-05
-2.64806e-05
-1.61523e-05
3.34205e-05
4.08905e-05
4.68287e-05
3.76125e-05
-4.22602e-05
-3.52298e-05
4.62964e-05
-4.88223e-05
6.65437e-05
-3.99802e-05
4.63027e-05
-7.32807e-05
-7.46766e-05
0.000100221
9.17579e-06
9.00456e-06
1.60721e-05
-5.56789e-05
1.4836e-06
5.00169e-06
1.10559e-06
4.62204e-06
-1.7025e-05
1.42782e-05
1.35383e-05
-1.39084e-05
1.83727e-05
-1.9518e-05
2.10348e-05
-1.74243e-05
1.38216e-05
2.08878e-05
-2.58662e-05
-3.14915e-05
3.46464e-05
3.11441e-05
2.42532e-05
-2.68576e-05
-2.15066e-05
2.36835e-05
-2.96275e-05
3.43815e-05
-2.16384e-05
2.35018e-05
-3.306e-05
-4.80888e-05
3.54132e-05
-4.02401e-05
-4.81494e-05
3.49431e-05
1.62644e-05
6.3088e-06
7.1158e-06
1.32957e-05
2.02164e-05
-2.14586e-05
-7.16106e-06
9.19332e-06
-1.96994e-05
-1.18871e-05
1.66494e-05
-2.14864e-05
1.59797e-05
-5.30982e-06
9.82051e-06
2.26629e-05
-3.17664e-05
-2.7055e-05
2.53293e-05
2.96939e-05
-2.3513e-05
-1.6624e-05
1.54986e-05
2.61507e-05
-2.72792e-05
-1.89104e-05
1.50339e-05
2.43581e-05
-3.1878e-05
-4.35983e-05
1.73008e-05
-3.98e-05
1.77397e-05
-1.84187e-05
5.89579e-06
-1.99896e-05
4.64023e-06
2.73188e-06
-2.01036e-05
6.05904e-06
6.80473e-06
1.82733e-05
-4.44648e-06
-2.1413e-05
1.10746e-05
1.26723e-05
-2.30913e-05
4.09359e-06
5.35237e-06
-1.59569e-05
-1.57532e-05
1.69067e-05
1.86401e-05
1.83807e-05
-2.35183e-05
-3.18947e-06
6.51572e-06
-2.11197e-05
1.55091e-05
-5.78321e-07
8.18651e-06
-1.64158e-05
-1.88693e-05
1.54748e-05
-1.90337e-05
-1.30065e-05
1.36425e-05
3.38208e-06
-1.85412e-05
-1.13484e-05
1.37066e-05
8.77729e-06
-1.59341e-05
7.42225e-06
4.97815e-06
-4.46147e-06
2.69861e-05
-9.16095e-06
2.58733e-05
1.56195e-07
-2.44595e-06
-2.25305e-05
8.19445e-07
-1.23272e-06
2.44968e-05
-1.04102e-05
-2.72447e-05
-2.89077e-05
-9.48389e-06
2.85594e-05
4.02471e-06
3.86482e-06
-0.000101982
2.3615e-06
1.76844e-06
-2.29966e-05
3.2124e-06
-1.44377e-06
-5.23646e-06
2.34554e-05
-2.20516e-05
-3.16686e-05
-1.30415e-05
5.75854e-06
-1.93369e-05
-0.000147041
-3.47532e-05
-1.31207e-05
-2.00017e-05
3.33091e-06
4.15724e-05
-4.76568e-05
-2.42615e-05
4.15377e-05
2.02363e-06
-4.3698e-05
-6.6252e-06
3.46646e-06
4.54174e-05
-2.48888e-05
4.01624e-05
2.54576e-06
-7.39947e-06
-3.1827e-06
3.7343e-05
2.96521e-06
-1.25131e-05
-3.8646e-05
2.63012e-06
-3.66747e-05
-2.99137e-05
2.76837e-06
-1.88324e-05
-2.69872e-05
-1.42302e-06
-2.0539e-06
-2.17239e-05
1.49378e-06
2.73124e-05
-3.30339e-05
-4.16292e-05
-1.16347e-06
-1.87458e-05
-3.16859e-05
-4.71568e-05
-8.85941e-06
-3.95141e-05
-3.90158e-05
-1.52997e-05
0.000164615
-0.000623575
-0.000213971
3.03523e-05
-0.000109627
2.4286e-05
-0.000212403
-0.000200008
1.99728e-05
-0.000172852
1.42774e-05
5.67738e-05
-9.07458e-05
5.6044e-05
-0.000100727
0.000283522
7.77586e-05
-2.18287e-05
-5.2727e-05
0.000356705
0.000113835
4.31838e-05
0.000336094
4.21177e-05
0.000142599
0.000478621
7.51029e-05
0.000348682
0.000112943
7.18424e-05
0.000311668
0.000149884
0.000103388
-2.23312e-06
0.000390986
3.37985e-05
5.10711e-05
0.000411062
3.65487e-06
0.000348703
2.46324e-05
0.000381515
8.99527e-05
1.30069e-05
0.000301702
0.000165357
6.27156e-05
0.000260913
0.000230521
0.000292095
0.000387778
7.39815e-05
0.000303307
0.000203936
5.89152e-05
0.000316232
0.000177262
7.83606e-05
-5.488e-05
0.000265175
6.1567e-05
0.000239392
-6.37622e-05
7.12412e-05
0.000269475
0.000106059
0.000305544
0.000158988
0.000115021
0.00027461
0.000156703
0.000142079
0.00010636
0.000263517
0.000256553
0.000238137
0.000262129
0.000191883
0.000129882
0.000276349
9.83226e-05
0.000209322
0.000233706
0.000182229
0.000156943
0.000274057
7.43414e-05
0.000229519
0.000248774
0.000163814
0.000136361
0.000223672
0.000161186
0.000143734
0.00023468
0.000146673
0.000107597
0.000227354
0.000117966
0.000247757
0.000211699
0.000223951
0.000147251
0.000182861
0.000208963
0.00017729
-7.78647e-05
9.30754e-05
0.00022908
0.000278583
-9.49847e-05
0.000114035
0.000284188
0.000165508
-0.000109028
0.000128586
0.000265268
0.000112277
-0.000118458
0.000137127
0.000233327
6.89067e-05
0.000219793
0.000279403
0.000283849
0.000161235
0.000263021
0.000112192
0.000229223
7.16428e-05
0.000172165
0.000182807
-0.0002155
0.000156149
0.000203934
-0.000239924
0.000182829
0.000171124
-0.000190394
0.000208303
0.000111791
0.000189303
-0.00019088
0.000212455
0.000166379
8.52593e-05
-0.000187722
0.000211343
0.000152765
5.84068e-05
-0.000194262
0.00020872
0.000145351
0.000209852
7.88442e-05
0.00015729
0.000100919
0.000176539
0.000146071
5.56997e-05
0.000129807
0.000192598
-0.000122067
-0.000171078
0.000193705
0.000136485
3.20634e-05
0.00016554
0.000118532
3.30975e-05
0.000188486
3.39236e-05
0.00013192
3.11592e-05
0.000206139
-0.000326163
0.000220183
7.03239e-05
0.000335709
0.000139577
6.00588e-05
0.000221391
0.000306793
8.03211e-05
0.000306681
9.02215e-05
8.91645e-05
0.000259302
5.61409e-05
9.40084e-05
0.000204884
3.18e-05
8.21823e-05
0.000335902
0.00014606
6.87795e-05
0.000228806
0.000307403
9.44966e-05
0.000307286
9.48729e-05
0.000104551
0.000260895
5.88775e-05
0.000109443
0.000207102
3.30166e-05
8.28737e-05
-0.000115702
0.00013577
0.000117793
-8.15386e-05
9.48845e-05
9.68661e-05
0.000137529
-0.000361736
0.000215032
0.00024618
0.00021806
0.000226506
-0.000187574
0.000142542
-0.000160503
0.000202613
0.000143849
0.000125394
-0.000143556
0.000131723
0.000157684
4.03366e-05
0.000161867
0.000168903
4.56508e-05
0.000190804
0.000151617
0.000151276
2.6813e-05
0.000135628
0.000129598
1.97027e-05
0.000204403
9.30603e-05
0.000173823
0.000175122
4.55697e-05
0.000175251
0.000171081
0.000161114
2.9878e-05
0.000184936
5.29162e-05
0.000209825
0.000156081
0.000135836
2.1497e-05
0.000220954
0.000106893
0.000194648
8.94584e-05
-0.000102409
0.000112731
0.000105671
-8.40015e-05
0.0001012
0.000106469
0.000116823
-0.000195205
0.000207897
2.70788e-05
1.83043e-05
0.000153962
7.63502e-05
3.2489e-06
9.39697e-05
-2.9702e-06
0.000174069
-0.000116266
0.000133273
-5.26503e-06
0.000165015
-0.00012548
0.000141815
-1.84861e-05
0.000189544
-0.000160359
0.000178762
3.1917e-05
0.000201346
-0.000106019
0.000124269
0.000124603
3.83011e-06
-6.53083e-05
7.95515e-05
0.000111268
-0.000250137
0.00028015
5.83183e-05
0.000158063
0.000152074
-6.00865e-06
-1.87339e-05
0.000170698
0.000116822
3.52678e-06
2.50996e-05
0.000176313
0.000106277
4.50046e-05
0.000130885
0.000122935
0.000141556
9.46775e-05
0.000209545
-0.000125252
0.0001068
-3.29434e-05
0.000158266
0.000135072
8.77514e-07
0.000121897
7.44836e-05
0.000100868
-2.36052e-05
4.49111e-05
8.62632e-05
0.000119991
4.59573e-05
0.000114308
0.000235434
-0.000135937
9.21098e-05
0.000109605
-2.48561e-05
0.00012521
-3.14364e-05
0.000183259
5.82152e-05
9.06337e-05
0.000160553
1.26694e-05
0.000146651
0.000149985
7.16511e-05
-6.30598e-05
7.54562e-05
0.00013459
-1.82786e-05
3.25706e-05
-3.70457e-05
-7.54044e-05
0.000103243
-1.63285e-05
0.000106518
-6.49483e-05
0.000122127
-1.02425e-05
6.54939e-05
-1.96697e-05
3.12417e-05
4.72973e-05
9.84329e-05
-3.48248e-05
4.44781e-05
-2.50762e-05
4.77985e-05
-3.0429e-05
1.67669e-05
-1.83011e-05
-3.09549e-05
-0.00010411
-5.1339e-05
-6.77544e-05
-0.000103055
-8.79773e-05
-5.77486e-05
-7.05154e-05
2.7672e-05
-4.50807e-05
-9.40973e-06
-6.8594e-06
-5.25696e-05
-6.65876e-05
-3.37852e-05
-5.20781e-05
-4.97286e-05
-5.73698e-05
-0.000269356
-5.45882e-05
-9.55617e-05
-0.000155313
-1.88547e-05
0.000100014
-7.20251e-05
-5.77832e-05
-0.000224472
-4.83965e-05
-8.01505e-05
-0.000128229
-1.86867e-05
8.67823e-05
-5.97646e-05
-1.25238e-05
8.73651e-06
5.39939e-05
0.00025737
0.000225748
4.66356e-05
9.90114e-05
5.54593e-05
9.78303e-05
0.000259838
6.2906e-05
0.000227285
-6.43891e-05
7.65144e-05
2.45277e-05
0.000307287
-6.89036e-05
8.19258e-05
0.000223233
2.01303e-05
-5.95931e-05
7.1187e-05
0.000153369
-5.8445e-05
6.9069e-05
5.59837e-05
0.000373522
-5.49129e-05
6.4435e-05
0.000118411
0.000422887
-4.4365e-05
5.1875e-05
0.000297753
0.000261055
0.00030719
2.146e-05
0.0002224
1.85598e-05
5.187e-05
0.000373991
0.000152739
0.000114
0.000423309
0.000295362
0.000261343
-4.39782e-05
0.000315109
5.36726e-05
0.000316331
4.11334e-05
0.000160164
4.83243e-05
-6.91535e-06
0.00023581
4.30849e-05
-2.6259e-05
0.000371333
4.16165e-05
-3.15416e-05
0.000506308
4.46142e-05
0.000214245
0.000494248
1.76939e-05
0.000575131
5.22735e-05
0.000370643
-2.40147e-05
5.88482e-05
0.000235888
-5.68326e-06
5.01855e-05
0.00016041
5.02331e-05
-2.9205e-05
0.000505506
5.36959e-05
0.000215614
0.000492831
2.13841e-05
0.000573189
-3.13497e-05
3.97155e-05
2.2708e-05
0.000689423
-3.86562e-05
4.87052e-05
0.000304724
0.00075784
-3.26823e-05
4.16262e-05
0.000653864
-0.000324105
-3.13733e-05
4.00659e-05
0.000250187
-5.10557e-05
-2.65901e-05
3.3909e-05
0.000144839
2.17937e-05
0.000690943
0.000655272
-0.000325533
0.000305142
0.000760219
0.000250419
-5.1782e-05
0.000144787
1.69957e-05
0.000670212
1.67186e-05
0.000188956
0.000801555
9.77557e-06
-2.55904e-06
0.000760379
1.31274e-05
-8.19318e-05
1.29091e-05
8.67559e-05
2.46989e-05
0.000669728
2.42901e-05
0.000188939
0.000800805
1.89345e-05
-8.17153e-05
1.415e-05
-2.54836e-06
0.000759722
1.8746e-05
8.67182e-05
-2.41503e-06
7.29946e-06
-2.52751e-06
9.69786e-06
-1.26301e-06
5.22981e-06
0.000820732
-2.0082e-06
6.56845e-06
-0.000110835
0.000866799
0.00082042
-0.000110821
0.00086666
-6.04348e-06
0.00087571
-4.77735e-06
-0.000569579
0.000763429
-2.137e-06
0.000877761
-2.12111e-06
-0.000568654
0.000766239
-4.92678e-05
-0.000127815
-4.03062e-05
-7.36186e-05
4.87655e-05
-7.31533e-05
0.000314533
-1.87817e-05
-0.00027239
0.000426306
-1.94329e-05
0.00041877
-0.000114393
1.89909e-05
-9.74427e-05
0.000139504
-0.000111167
5.18988e-05
0.000313378
5.21915e-05
-6.0084e-05
-3.30171e-05
3.24268e-06
-3.96244e-06
0.000724513
-2.08078e-05
9.63855e-06
-0.000839424
0.000343508
0.000693982
-0.000834963
0.000300424
4.26367e-05
0.000319776
0.000100726
-0.000761127
-0.000101194
3.81403e-05
0.000342475
9.02984e-05
-0.000784491
-6.80684e-05
-0.000124656
0.000130368
1.32329e-05
-0.000100558
0.000112135
-0.000448011
-0.000228606
-2.10366e-05
-0.000380149
-0.000237752
-4.77369e-05
-8.72152e-05
-3.06579e-05
-0.00025911
-0.00022247
7.8165e-05
-5.35289e-05
-0.000176116
1.5126e-05
-1.38796e-05
1.93091e-05
-0.000122502
0.000104765
-0.000165834
3.05163e-05
-0.000133103
-2.39206e-06
-5.39707e-05
-6.45265e-05
6.02369e-05
-7.20843e-05
-0.000100459
0.000101158
-0.000105248
0.0002774
-0.00013747
-8.87855e-05
-3.80157e-05
0.000120084
-0.000245757
-0.000179085
0.000428122
-0.000105963
5.34295e-06
0.000134278
-7.51503e-05
-0.000277467
0.000452064
-8.50583e-05
-0.000136849
0.000465009
-7.43081e-05
-5.52013e-05
4.79912e-05
-7.95823e-05
-0.000129347
-0.000118427
0.00035186
-5.05371e-06
3.54996e-05
0.000436909
0.000238731
-9.58485e-06
3.73448e-06
4.69683e-05
7.86415e-05
5.20598e-06
-6.27491e-05
2.454e-05
4.54619e-05
5.38754e-05
4.93587e-05
5.05011e-05
2.48775e-05
2.16914e-05
5.15384e-05
-1.32415e-05
-2.90687e-06
-2.33974e-05
2.76638e-06
5.62466e-05
5.96822e-05
1.70634e-05
4.87439e-05
-1.37974e-05
3.51097e-05
-5.24322e-05
4.73929e-05
5.39178e-05
-3.12581e-05
2.14266e-05
1.61463e-05
5.65683e-05
-6.32154e-05
5.30604e-05
4.56425e-05
4.76119e-05
-5.91824e-05
2.83353e-05
4.89267e-05
-1.58975e-05
5.35015e-05
-3.11402e-05
1.83396e-05
6.55883e-05
-1.92512e-05
6.00375e-05
1.18472e-05
5.83781e-05
0.000108368
3.85388e-05
9.53021e-05
4.14119e-05
4.09166e-05
0.000100546
-2.24211e-05
5.54542e-05
-4.80092e-05
-3.97099e-05
3.98879e-05
6.97283e-05
7.47534e-05
9.21458e-05
-2.16345e-05
5.39925e-05
-0.000145834
4.36786e-05
0.000140137
3.90482e-05
-2.37822e-05
-0.000142021
0.000132482
2.22417e-05
-3.92344e-05
8.62601e-05
6.09735e-05
3.65586e-05
-2.1525e-05
1.80838e-05
8.1272e-05
6.15298e-05
0.000189328
-1.11061e-06
0.00018284
1.78376e-06
0.000166911
2.30955e-05
-1.08797e-05
1.14464e-05
-2.76011e-05
-0.000101281
0.00010252
2.78839e-05
0.000170299
-1.34098e-05
1.53403e-05
2.51845e-05
0.000235534
-9.00537e-06
-2.41664e-07
8.2238e-05
4.65413e-06
4.94575e-05
0.000261846
0.000257474
-2.42078e-05
5.93582e-05
8.71534e-06
-1.43582e-05
-4.05301e-06
2.53559e-05
1.92009e-05
-5.3961e-06
-2.14988e-05
3.676e-05
3.13373e-05
-1.65623e-05
-1.89511e-06
3.0344e-05
-3.62435e-05
-1.92429e-05
4.41055e-05
1.08215e-05
2.97224e-05
-3.15611e-05
-6.29634e-06
4.24064e-05
-3.63369e-05
4.79616e-05
-1.24934e-05
3.73684e-05
3.47889e-05
-4.42738e-05
-2.69453e-05
4.7547e-05
5.07388e-05
-1.08076e-05
-4.8465e-05
6.43318e-05
6.22335e-05
-4.27891e-05
-8.68129e-06
5.09085e-05
-1.00634e-05
7.60954e-05
-6.57731e-05
7.93068e-06
7.07703e-05
-6.92502e-05
9.1192e-05
-3.74332e-05
8.24252e-05
5.67206e-05
-6.59505e-05
7.46386e-05
-7.13528e-05
4.71432e-05
7.20071e-05
-5.19019e-05
-3.43597e-05
4.99218e-05
-2.77221e-05
7.40693e-06
8.73556e-06
-5.01301e-05
3.39329e-06
4.34394e-06
6.92336e-06
8.74191e-06
1.13788e-05
1.77977e-05
-1.84482e-05
1.78551e-05
-2.07666e-05
-1.33064e-05
2.21317e-05
-2.24032e-05
2.45958e-05
1.52094e-05
-2.54874e-05
3.36861e-05
-3.75991e-05
3.61823e-05
-2.94614e-05
2.94285e-05
-2.01764e-05
2.46078e-05
-3.18803e-05
-1.68177e-05
2.71697e-05
3.43975e-05
5.5739e-05
4.80371e-05
-5.64078e-05
-3.75022e-05
3.64303e-05
-6.83458e-05
6.19812e-05
-4.5095e-05
3.46682e-05
-0.000104249
-8.27363e-05
0.000109874
6.77468e-06
2.23973e-05
-9.51786e-07
-2.27118e-05
2.23479e-05
9.39934e-06
-2.28916e-05
2.92079e-06
5.89146e-06
-1.5204e-06
8.86912e-06
2.16953e-05
2.29694e-06
-2.24288e-05
1.45448e-05
8.83287e-06
-1.47158e-05
2.32224e-05
-2.49043e-05
1.5926e-05
-2.33143e-05
9.39069e-06
1.55302e-05
-3.22098e-05
-3.33912e-05
2.51037e-05
3.35183e-05
3.13958e-05
-3.56273e-05
-2.12455e-05
1.56422e-05
-3.81572e-05
2.56978e-05
-2.08732e-05
1.51003e-05
-4.13862e-05
-4.63193e-05
1.76221e-05
-5.29408e-05
-4.62759e-05
1.84655e-05
2.10428e-05
3.01269e-06
3.67853e-06
9.76742e-06
2.58913e-05
-2.85107e-05
-2.80587e-06
4.85115e-06
-2.45712e-05
-6.98254e-06
1.01661e-05
-2.78412e-05
1.01067e-05
7.45808e-07
4.89231e-06
2.71348e-05
-2.59092e-05
-3.43885e-05
1.48938e-05
2.22318e-05
-2.91291e-05
-6.77969e-06
5.65733e-06
1.45976e-05
-3.54888e-05
-1.05783e-05
6.06269e-06
2.6388e-05
-3.78009e-05
-3.13704e-05
-2.5015e-05
-2.21742e-05
-2.50141e-05
-1.13682e-05
-2.37931e-05
1.70089e-06
2.08878e-05
8.62915e-06
-2.60827e-05
4.45087e-06
5.67947e-06
3.26767e-07
-2.8884e-05
-4.724e-06
1.59376e-05
-2.43902e-05
1.96923e-05
-2.0608e-05
2.36997e-05
-6.19667e-06
-1.19169e-05
-2.92474e-05
-5.94556e-06
6.28e-06
3.79009e-06
-9.54687e-05
3.8922e-06
4.38706e-07
3.14252e-05
4.76683e-06
-3.27587e-05
3.12104e-05
3.00858e-06
-1.752e-06
5.22216e-06
1.14138e-05
-2.46528e-05
-4.22085e-05
2.00964e-06
-2.67949e-05
-2.22399e-05
-0.000102515
-5.98194e-05
-5.21476e-05
-3.96119e-05
-3.66573e-05
7.71371e-07
-4.47565e-05
-3.29766e-05
-4.45662e-05
-4.44533e-07
-9.79835e-06
-2.31142e-06
-4.40193e-05
-1.74658e-05
-1.07912e-06
4.55725e-05
-4.80935e-05
-2.06614e-05
4.26442e-05
-1.24823e-06
-4.56991e-05
-3.40127e-06
9.4688e-08
4.21856e-05
-2.15966e-05
3.94823e-05
-2.92382e-07
-3.85051e-06
-4.00907e-07
3.57888e-05
-5.03903e-07
-7.91471e-06
-3.75969e-05
4.75632e-07
-3.25877e-05
-2.5726e-05
-8.87879e-07
-1.3366e-05
2.37582e-05
-3.32982e-05
-3.17624e-05
-3.69974e-05
-0.000102491
-0.000229401
-0.000212212
2.3359e-05
-0.000177044
-9.33379e-05
1.66726e-05
6.07823e-05
-0.000120388
1.91648e-05
0.000122407
5.17838e-05
0.000364277
4.54884e-05
0.000137173
0.000379963
0.000120965
6.62617e-05
0.000496654
6.9751e-05
0.000348669
0.000149179
0.000105393
0.000399432
0.000232163
5.40027e-06
0.000367564
7.68207e-05
0.000431781
3.77571e-06
0.000335053
0.000156689
6.83669e-05
0.000276136
0.000239681
0.000276869
0.000106012
7.61373e-05
0.00030683
0.000392263
7.54777e-05
0.000325695
0.000200181
7.4578e-05
0.000327053
0.000178474
0.000111783
-7.23971e-05
0.00026797
8.22405e-05
0.000231053
-6.50266e-05
7.52255e-05
9.58604e-05
0.000305614
0.000164452
0.000150328
0.000265578
0.000225108
0.000265858
9.67923e-05
0.000263322
0.000228841
0.00028054
0.000128758
0.000207961
0.000258841
0.000194225
0.00016466
0.000289389
9.32272e-05
0.000226743
0.000225843
0.000193366
0.000186141
0.000289172
7.59978e-05
0.000239546
0.00016552
0.000139872
0.000284772
0.000268088
0.000153291
0.000105701
0.000251111
0.000152399
0.000168222
0.000228734
0.000122166
0.000201449
0.000237833
0.000175291
8.97382e-05
0.000238266
0.000159842
5.79593e-05
0.000225291
0.000149565
0.000247601
0.000237811
0.000115344
0.000277067
0.000200723
0.000227933
0.000186399
0.000161181
0.000224192
0.00022648
-9.71056e-05
0.000116336
0.000335986
0.000158052
-7.90429e-05
9.18394e-05
0.000246877
0.000308082
-0.000111696
0.000132841
0.000310018
9.96122e-05
-0.0001224
0.000143012
0.000267132
5.78604e-05
-0.000125822
0.000141584
0.000215198
3.16511e-05
0.000336011
0.000152707
0.000237562
0.000307714
0.000308409
9.86482e-05
0.000263392
6.01743e-05
0.000210368
3.33809e-05
0.000214796
0.000160936
-0.000182824
0.000165854
0.000180182
-0.000201638
0.000228942
0.000178434
-0.000193739
0.000214711
5.6347e-05
0.000200851
-0.00020137
0.000219085
6.99508e-05
0.000246988
-0.000192202
0.000215553
0.000179595
3.50779e-05
-0.000177849
0.000200171
0.000147848
2.47216e-05
-0.000237225
0.000254128
0.000136212
0.000236919
0.000170493
3.33015e-05
5.12417e-05
0.00018835
6.11198e-05
0.000228792
0.000141938
2.39143e-05
0.000120824
0.000216439
-0.000111425
-0.000125453
0.000144514
0.000124428
0.000120584
0.000108598
0.000139949
0.000120773
0.000223346
2.191e-05
7.51907e-05
0.000123656
0.000422688
8.15323e-05
0.000373101
6.06943e-05
5.99283e-05
0.000301184
0.000260878
9.0604e-05
0.00030761
2.78241e-05
9.67318e-05
0.000224458
2.17607e-05
8.43655e-05
0.000154391
8.76948e-05
0.000129497
0.000422707
9.61749e-05
0.000373035
6.56687e-05
6.87512e-05
0.000305515
0.000261035
0.000106862
0.000308626
3.08837e-05
0.00011312
0.000226322
2.32692e-05
9.90031e-05
0.000155908
0.000235176
3.27117e-05
-0.00019183
0.000132362
-7.79283e-06
0.00021111
0.000114588
-6.26493e-07
0.00015085
-3.98728e-06
0.000178022
0.000158333
-1.77023e-05
0.000208702
0.00019668
3.88521e-05
0.000227095
0.000143565
0.000132324
4.79027e-06
9.52807e-05
0.000116704
0.000308015
7.07289e-05
0.000189818
0.000169242
-2.39253e-06
0.000190684
0.000175426
-1.61166e-05
0.00022719
0.000164069
0.000139622
5.58762e-06
0.000213829
4.65832e-05
0.000252986
0.000112156
0.000121445
0.000334598
8.3845e-05
0.000216582
-0.000159233
0.000178519
-0.000110305
0.000129206
-2.7304e-05
0.000127741
-0.00013389
0.000153402
-0.00015955
0.000286566
-0.000143789
0.00016192
-3.191e-05
0.00023524
-0.000183285
0.000204585
3.08713e-05
0.000207493
-7.23102e-05
8.70436e-05
0.000100365
-0.000177622
0.000199909
0.000135776
0.000261233
-0.000147475
0.000118658
-2.60396e-05
-3.14021e-05
0.00020862
9.57089e-05
2.23957e-05
0.00017619
0.000103249
8.988e-05
0.000162178
4.75311e-05
-3.93437e-05
0.00012758
-9.91332e-06
0.000144719
0.000168644
2.82771e-06
0.000118508
4.35855e-05
5.03143e-05
0.000105372
0.000188506
6.28886e-05
-4.16892e-05
5.64203e-05
5.29427e-05
0.000148957
-2.56599e-06
0.000177118
0.000214322
1.52527e-05
0.000157372
-7.52015e-05
9.84569e-05
9.50058e-05
-2.43532e-07
1.04951e-05
-5.09715e-05
0.000101457
3.23931e-07
4.5466e-05
-5.58767e-05
0.000163293
-3.65296e-05
-5.39324e-06
2.58271e-05
-2.90809e-05
-1.1381e-05
-4.89656e-05
-2.39298e-05
-5.09219e-05
-0.000178725
-3.8611e-05
-6.76193e-05
-0.00010297
-1.77543e-05
7.64254e-05
-4.72813e-05
-2.19022e-05
-0.00012667
-1.87662e-05
-6.01919e-05
-7.83186e-05
-1.26129e-05
6.35613e-05
-3.6548e-05
-5.37746e-05
-0.000161685
-3.45271e-05
2.46798e-05
-8.23366e-05
-1.26986e-05
5.43017e-05
-4.25825e-05
-4.81997e-05
-0.000135836
-3.01456e-05
2.24691e-05
-6.82975e-05
-1.11728e-05
4.70262e-05
-3.66814e-05
6.43983e-05
0.000314034
0.0003129
7.66135e-05
-7.07954e-05
8.44751e-05
-2.34723e-06
0.000236428
-6.28215e-05
7.4985e-05
-1.78697e-05
0.000368977
-6.0692e-05
7.27807e-05
0.000161411
-6.01109e-05
7.13827e-05
-2.27335e-05
0.000503395
-6.3962e-05
7.53437e-05
0.00022006
0.000489198
-2.56267e-05
3.0297e-05
0.000569285
0.000369727
-2.12149e-05
0.00023608
-4.16746e-06
0.000160793
-2.62619e-05
0.000504375
0.000217496
0.000490908
0.000571135
4.21094e-05
0.000145048
4.97365e-05
-5.00827e-05
0.000249963
5.15616e-05
-0.000322247
0.000652103
4.89841e-05
2.39344e-05
0.00068735
6.01011e-05
0.000304096
0.000753887
6.29165e-05
0.000649963
-0.000319879
6.0634e-05
0.000249763
-4.87875e-05
5.14796e-05
0.000145357
5.94656e-05
2.56573e-05
0.000684981
7.30737e-05
0.000303503
0.000749545
-3.29019e-05
4.18474e-05
0.000667626
-3.2162e-05
4.07225e-05
0.000188924
0.000796662
-1.85214e-05
2.31257e-05
-1.95953e-06
0.000755195
-2.51638e-05
3.2045e-05
-8.07993e-05
-2.49911e-05
3.18814e-05
8.68934e-05
0.000668863
0.000188896
0.000799317
-8.1343e-05
-2.35212e-06
0.0007582
8.67603e-05
1.6889e-05
9.16848e-06
0.000820541
1.10963e-05
-0.00011087
0.000866722
1.21235e-05
2.42839e-05
1.3104e-05
0.000819725
1.71264e-05
1.52194e-05
-0.000110937
0.000866536
-1.95043e-06
5.90067e-06
0.000878934
-1.52974e-06
5.56213e-06
-0.000568126
0.000766586
0.000878577
-0.000568309
0.000766849
-3.64087e-06
0.000733098
2.90493e-06
-0.000842684
0.000360987
-1.37077e-06
0.000735568
1.52345e-06
-0.000843494
0.000361372
-4.66556e-05
-6.54113e-05
4.39149e-05
-0.000124902
1.16969e-05
0.000352407
-3.07726e-05
1.72486e-05
0.000414502
-7.11121e-05
4.62547e-05
-0.000821785
-4.78418e-05
0.000366009
-0.000803474
-4.13339e-05
0.000124958
5.17995e-05
0.00011811
-0.000507585
-0.000226319
0.000111709
8.204e-05
0.000108727
-0.000557885
-0.000201625
-0.000131581
0.000143305
-0.000127025
-5.9734e-05
7.48187e-05
-0.000150265
-0.000180727
-0.000153266
-0.000151416
-7.31623e-05
-3.63052e-05
-0.000179794
-1.50617e-05
-0.000111476
4.37184e-05
-0.000137928
3.27201e-05
-1.7307e-05
0.000136145
-7.15536e-05
9.58117e-05
5.91106e-05
-7.34152e-05
-6.75412e-05
4.55331e-05
-0.00010771
-0.000116471
-0.000240389
-0.000349582
0.000613136
-0.000117078
-2.49935e-05
0.000130029
-0.000164121
0.000388758
-0.000130536
3.12619e-05
-6.35427e-05
0.000390454
5.5438e-05
-6.42591e-06
0.000487764
-6.56122e-05
-6.23994e-05
-1.18231e-05
0.000404583
0.000398238
6.22201e-05
0.000142904
0.000253095
8.33415e-05
4.57082e-05
3.78636e-05
-3.2665e-05
0.000120254
-1.5003e-05
1.48887e-05
-1.14058e-05
1.53397e-05
4.16423e-05
-1.84615e-05
2.60154e-06
5.10029e-05
-1.38872e-05
4.68448e-05
7.21353e-06
4.42154e-05
2.66651e-05
3.9727e-05
4.76208e-05
-1.35479e-05
4.43412e-05
4.28706e-05
-7.75348e-06
-2.46965e-05
7.21883e-06
4.99167e-05
5.41042e-05
3.27787e-05
4.31687e-05
-1.2173e-05
4.61887e-05
4.09234e-05
-8.10398e-05
6.9231e-05
4.15539e-05
4.2623e-05
-8.35146e-05
3.32166e-05
7.56129e-05
-2.01139e-05
4.83014e-05
-3.78522e-05
3.21863e-05
6.26771e-05
-2.15054e-05
5.23219e-05
2.60907e-05
5.49012e-05
0.000121856
2.67432e-05
0.000112018
2.96159e-05
4.79226e-05
0.000131866
-2.60564e-05
4.18597e-05
-7.44229e-05
-4.62456e-05
6.86664e-05
5.59574e-05
6.02749e-05
0.000124787
-2.58113e-05
4.06366e-05
-0.000170939
3.72006e-05
0.000169768
-1.99899e-05
2.30083e-05
-0.000173953
0.000163757
8.65492e-06
-3.32906e-05
0.000101169
2.96643e-05
-1.76459e-05
2.02743e-05
5.44626e-06
9.85808e-05
2.99663e-05
0.000231268
-7.72441e-06
0.000226125
-6.48308e-06
8.5968e-05
4.51243e-06
3.20398e-06
-8.92278e-06
-5.14323e-05
5.38793e-05
9.04125e-05
1.97303e-06
0.000248744
3.28016e-06
1.91646e-07
-4.96623e-05
1.2307e-05
1.78797e-05
1.04437e-05
1.40621e-05
7.72551e-06
-2.01368e-05
2.25991e-05
2.49407e-05
-2.99436e-06
-2.67386e-05
3.52559e-05
2.91069e-05
-2.15839e-05
2.89884e-05
-4.01694e-05
-1.88708e-05
3.86013e-05
5.24727e-06
3.39768e-05
-3.36963e-05
-2.48989e-07
3.71276e-05
-3.92816e-05
4.36397e-05
-1.10008e-05
3.15949e-05
3.00669e-05
-6.03113e-05
-1.93747e-05
4.07583e-05
7.03336e-05
7.4994e-06
-6.29196e-05
5.73491e-05
5.68549e-05
-5.56306e-05
1.01084e-05
4.36188e-05
-3.16202e-05
9.69095e-05
-6.78871e-05
3.16398e-05
4.17283e-05
-7.82025e-05
6.78391e-05
-1.71622e-05
6.72547e-05
4.47911e-05
-4.51327e-05
-4.9507e-05
3.57687e-05
-2.15779e-05
7.1908e-06
1.34851e-06
4.7623e-06
2.8097e-06
-2.10158e-05
-2.28004e-05
9.0887e-06
4.93421e-06
6.29485e-06
-2.31051e-05
7.51413e-06
1.07857e-05
2.39925e-05
-2.46588e-05
1.40307e-05
-2.65448e-05
-1.37866e-05
1.73824e-05
-2.82423e-05
2.02613e-05
1.11897e-05
-2.38221e-05
4.48122e-05
-5.17037e-05
2.93936e-05
-3.9814e-05
3.06518e-05
-1.91246e-05
1.72674e-05
-4.41138e-05
-1.35848e-05
2.12321e-05
2.66092e-05
5.1292e-05
6.56114e-05
-7.49228e-05
-2.62701e-05
2.07198e-05
-8.92532e-05
4.63749e-05
-3.97065e-05
1.95041e-05
-0.000138251
-9.99737e-05
3.08435e-05
7.77225e-06
-3.21764e-05
6.38432e-06
2.94723e-05
-3.06087e-05
1.23073e-05
5.00782e-06
-1.30703e-05
3.09425e-05
-3.39353e-05
1.07436e-05
6.03434e-06
-3.25504e-05
1.00655e-05
-4.31007e-05
-2.86831e-05
1.61797e-05
2.86907e-05
4.31185e-05
-5.10559e-05
-1.36215e-05
8.51207e-06
-5.28108e-05
1.78227e-05
-1.36117e-05
7.65871e-06
-4.97746e-05
-3.58155e-05
-6.08906e-05
-3.60307e-05
2.74232e-05
-1.5349e-07
3.38081e-05
-3.85938e-05
1.87612e-06
-3.15046e-05
4.64208e-06
4.16631e-06
-3.76318e-05
5.50069e-06
1.09682e-06
3.03878e-05
-5.84544e-06
-4.10189e-05
6.37684e-07
-3.35827e-05
1.42122e-05
-4.18462e-05
8.48027e-06
1.95351e-05
-2.86902e-05
-8.73843e-06
-2.75218e-06
-8.83878e-05
-1.80581e-05
-8.34804e-06
-3.26461e-05
4.68352e-06
8.84833e-07
-3.25939e-05
-5.33069e-05
5.85385e-05
-1.80357e-05
-4.84342e-05
-2.64728e-06
-2.38069e-05
-3.626e-05
2.62754e-05
-8.12964e-05
-9.92555e-05
-8.74331e-05
-0.000127455
-2.74586e-06
3.68517e-05
-3.24545e-05
-6.14741e-05
4.26308e-05
-9.78966e-06
-3.64498e-05
-5.12848e-05
-1.80768e-06
-4.57091e-05
-7.60205e-06
-3.22515e-05
-4.28856e-06
-4.66553e-05
-3.0467e-05
-4.75167e-05
-3.38908e-06
-7.23888e-06
-6.10279e-06
-4.78335e-05
-1.53348e-05
-3.2633e-06
4.52775e-05
-4.84867e-05
-1.41889e-05
4.29477e-05
3.39168e-06
-4.69696e-05
-2.13358e-06
4.10479e-05
-1.52339e-05
3.37758e-06
-3.67263e-05
-2.65319e-05
-1.95273e-05
-0.000181182
-9.99954e-05
5.64606e-05
1.16092e-05
0.000130735
0.000128718
0.000517725
5.67631e-05
0.000390146
0.000153524
0.000103551
0.000444272
0.000228337
0.000134603
0.000378269
9.10256e-05
0.000274496
0.000233269
9.50689e-05
8.61692e-05
0.000285878
0.000104677
7.78449e-05
0.000326051
0.000392865
7.44675e-05
0.000346134
0.000198285
0.000106873
0.000334471
0.000182519
0.000149391
-8.98758e-05
0.000312027
0.000104763
0.000296807
0.000227727
0.000295174
0.000225032
0.000250368
2.56334e-05
0.000312371
0.00028083
0.000168421
0.000208204
0.00030047
0.000122702
0.000224149
0.000250681
0.000202922
0.00020123
0.000306021
8.5111e-05
0.000237659
0.000198411
0.00024088
0.000200824
0.000282424
9.87365e-05
0.00023529
0.000159947
9.42107e-05
0.000312292
0.000156205
0.000174066
0.000286003
0.000160141
0.000142865
0.000335913
0.000270843
0.000184451
8.82286e-05
0.000271923
0.000168124
4.69321e-05
0.000254763
0.00013078
0.000212137
0.000239217
5.96299e-05
0.000213322
0.000238787
7.84107e-05
0.000264517
0.000242424
0.000189031
3.36782e-05
0.000221514
0.000154216
2.39847e-05
0.000215787
0.000249309
0.00019323
0.000240457
0.000146685
0.000276273
0.000257178
0.000109955
0.000307795
0.000177434
0.000241072
0.000242767
0.000149821
0.000271647
0.000257551
-0.000103021
0.000122138
0.000140416
0.000423331
-0.000114163
0.00013653
0.000374041
7.16623e-05
-7.80486e-05
8.77786e-05
0.000318683
0.000262092
-0.000126062
0.000148879
0.000313434
3.04928e-05
-0.00013078
0.000148054
0.000233684
2.21007e-05
-0.000114213
0.000128097
0.000162281
0.000135478
0.000422768
0.000373222
6.99064e-05
0.00031161
0.000261303
0.000310393
3.24464e-05
0.000229137
2.37458e-05
0.00015812
0.000227628
0.00015278
-3.44419e-06
0.000168851
-1.12058e-05
0.000248417
-0.000189116
0.000211406
-1.07206e-06
0.000214725
-0.000193575
0.000213771
-1.21487e-05
0.000262754
-0.000231491
0.000249848
6.35959e-05
0.000301247
-0.000185667
0.000208043
0.000153745
6.80537e-06
-0.000130737
0.000149413
0.000130474
-0.000362153
0.000390794
0.000108721
0.000268408
-1.07298e-06
0.000202934
0.000146783
6.85809e-06
-1.39493e-05
0.000245271
5.46344e-05
0.00027732
0.000126106
9.58301e-05
0.000245834
0.000196985
8.44717e-05
-1.88002e-05
0.000502469
8.80869e-05
0.00022347
0.000487659
8.91298e-05
0.000368396
-1.42369e-05
3.53881e-05
0.000568158
0.00010004
0.000237119
-4.01713e-07
8.66557e-05
0.000162277
9.99706e-05
0.000501842
-1.48088e-05
0.000102454
0.000227509
0.000486346
0.000105767
0.00036835
-1.0692e-05
4.11569e-05
0.000567293
0.000117528
0.000238403
1.31578e-06
0.000102101
0.000163733
0.000218491
0.00014888
-2.82054e-05
0.000136868
0.000173601
-0.00017089
0.000311012
0.000179549
-3.2052e-05
0.000261977
0.000224069
3.80714e-05
0.000240269
0.000102983
0.000105555
0.000223059
0.000166667
0.000169527
-2.90944e-05
0.000145677
0.000195147
-0.000181213
0.000334234
0.000197231
-3.09663e-05
0.000287058
0.000119891
0.000110125
0.000242801
4.45412e-05
0.000273557
0.000240573
0.000199068
-6.9927e-05
8.39038e-05
5.90841e-05
-7.84521e-05
9.38588e-05
-4.72155e-05
-0.000122468
0.000139148
0.000237977
-0.000169555
0.000188925
9.89495e-06
0.000236846
-0.000252013
0.000285135
4.33121e-05
0.000266836
0.000212735
-4.43803e-05
5.61625e-05
4.44232e-06
0.000205975
2.90645e-05
0.000212683
0.000112899
0.000137822
2.14657e-05
0.00013871
1.48826e-05
9.54115e-05
0.000258638
-2.12843e-05
4.44472e-05
0.00012553
0.000173309
3.27192e-05
0.000168359
2.70431e-05
0.000135678
0.000348219
-1.45797e-05
8.23709e-05
-3.66982e-05
9.95231e-05
3.25046e-05
-2.50146e-05
9.40212e-05
-3.96303e-05
-2.04401e-05
-5.49761e-06
3.62726e-05
5.01893e-05
-2.48126e-05
-6.18546e-05
-5.21941e-05
-5.19334e-05
5.68033e-05
-2.72713e-05
-3.81577e-05
-0.000110749
-2.41688e-05
2.36426e-05
-5.61639e-05
-9.08616e-06
4.62052e-05
-2.99179e-05
-2.07003e-05
-8.46225e-05
-1.6641e-05
2.33155e-05
-4.56007e-05
-5.34263e-06
4.5138e-05
-2.29127e-05
-2.72808e-05
-9.71101e-05
-1.01511e-05
2.32427e-05
-5.2279e-05
-5.43082e-06
4.74488e-05
-2.56683e-05
-2.34253e-05
-8.35558e-05
-8.71471e-06
2.12692e-05
-4.39768e-05
-5.40559e-06
4.0523e-05
-2.22475e-05
-6.22507e-05
7.47528e-05
0.000146561
-7.32336e-05
8.76394e-05
-4.53006e-05
0.000249453
-7.60704e-05
9.13921e-05
-0.000313533
0.000644454
-7.13657e-05
8.49388e-05
3.08224e-05
0.00067906
-8.74133e-05
0.000103415
0.00030269
0.000739792
0.000647232
-0.00031692
0.000249493
-4.72272e-05
0.000145854
2.7944e-05
0.000682027
0.000302981
0.000744722
3.9702e-05
8.71444e-05
3.98574e-05
-8.0096e-05
5.19975e-05
0.000665887
5.04203e-05
0.000189008
0.00079274
2.87286e-05
-1.45897e-06
0.000749743
6.3767e-05
0.00066385
4.89178e-05
-7.91766e-05
4.87347e-05
8.75366e-05
6.152e-05
0.000189059
0.000788325
3.51353e-05
-6.3232e-07
0.000743771
-3.2054e-05
4.06797e-05
-1.70376e-05
2.13575e-05
0.000814672
-1.8799e-05
2.19613e-05
-0.000110783
0.000862816
-2.25437e-05
2.86378e-05
0.000817998
-0.000110875
0.000865495
1.00049e-05
0.000878522
9.53779e-06
-0.000568428
0.000766071
1.39451e-05
0.000877891
1.2353e-05
-0.000568883
0.000765965
-1.63397e-06
5.2497e-06
0.000736294
-2.30688e-06
3.70704e-06
-0.000843587
0.000359142
0.000736393
-0.000843681
0.000360707
1.06062e-05
0.000421764
2.51019e-05
-0.00082852
-5.44363e-05
6.94704e-06
0.000422076
1.26401e-05
-0.000827711
-6.40674e-05
-9.02782e-05
6.37887e-05
0.000126128
-7.93623e-05
4.6051e-05
-0.000561506
-0.000203056
0.000108869
-0.000588565
-0.000176172
0.000143838
-9.02571e-05
8.07933e-05
-0.000241537
-0.000199485
0.000128972
-5.71734e-05
9.57213e-05
-0.00021045
-0.000317483
-0.000135624
-8.85753e-05
0.000103321
0.000143686
0.000138775
-1.38374e-05
-7.92022e-05
-5.41353e-05
-0.000152428
-3.58626e-05
0.000385472
-1.37785e-05
0.000446152
9.17093e-05
0.000426921
0.000433767
0.000169064
0.000100676
0.000547278
5.69716e-05
0.000140911
-3.15378e-05
2.75117e-05
3.83285e-05
3.86272e-05
-2.41963e-05
-1.04999e-05
-3.7656e-05
2.81695e-05
3.10229e-05
2.38298e-05
2.91681e-05
-2.86026e-05
1.95284e-05
-9.56361e-06
3.60838e-05
-2.17386e-05
7.43741e-06
4.57843e-05
-1.10479e-05
4.03303e-05
3.90974e-05
2.99507e-05
6.64771e-05
4.37367e-05
-1.69308e-05
5.9959e-05
3.85948e-05
-2.19689e-05
-2.61716e-05
2.09059e-05
4.34549e-05
4.88951e-05
5.8304e-05
3.84255e-05
-1.32554e-05
5.29973e-05
3.57121e-05
-0.000100997
8.96778e-05
3.27586e-05
3.21385e-05
-0.000118354
4.11257e-05
0.000112434
-2.38228e-05
3.69191e-05
-4.50177e-05
6.30343e-05
5.04073e-05
-2.54715e-05
3.92085e-05
5.80127e-05
4.54179e-05
0.000151859
1.25852e-05
0.000140492
1.51721e-05
4.29689e-05
0.000166103
-2.37867e-05
2.6342e-05
-9.29703e-05
-4.2091e-05
9.24482e-05
3.06833e-05
3.06519e-05
0.00016479
-2.38239e-05
2.36828e-05
-0.000218579
0.000210324
-3.07993e-06
-9.53795e-05
2.09661e-05
0.000100511
-3.08961e-06
-1.63499e-05
5.47609e-05
-4.6531e-06
-1.04259e-06
5.61863e-05
0.000244224
0.000239714
-8.75492e-06
2.07892e-05
1.08428e-05
-1.93084e-05
2.32424e-05
-7.97742e-06
-2.34666e-05
1.73265e-05
-9.5774e-07
8.42259e-06
8.3544e-07
1.24061e-05
5.25581e-06
-2.56044e-05
1.91243e-05
3.00023e-05
3.98216e-06
-3.02928e-05
3.13153e-05
2.51218e-05
-2.57132e-05
2.5102e-05
-5.44177e-05
-1.01296e-05
3.20703e-05
-1.29973e-05
4.68467e-05
-4.44546e-05
1.62052e-05
3.15276e-05
-5.08538e-05
3.71869e-05
-2.3808e-06
2.65789e-05
5.10673e-06
-7.07063e-05
4.22739e-06
2.72076e-05
8.30837e-05
3.50957e-05
-6.45414e-05
3.53509e-05
3.86299e-05
-5.7085e-05
4.16575e-05
2.34357e-05
-1.17604e-05
8.96146e-05
-5.33089e-05
1.71831e-05
-6.05808e-05
-1.72447e-05
-3.29289e-05
6.9812e-06
2.88598e-06
-3.35187e-05
6.6416e-06
3.42066e-05
1.15419e-05
-3.54734e-05
-3.68622e-05
-1.1474e-05
1.26586e-05
-3.9775e-05
1.62309e-05
8.35302e-06
-1.09489e-05
6.17114e-05
-6.77438e-05
2.01048e-05
-5.68873e-05
2.28469e-05
-8.62318e-06
8.87541e-06
-5.96334e-05
1.24353e-06
1.17843e-05
1.86502e-05
3.75184e-05
6.68336e-05
-6.84869e-05
-1.51452e-05
-9.52826e-05
-2.86883e-05
4.38467e-05
6.08784e-06
-4.94208e-05
6.04806e-06
-5.16503e-05
-9.00422e-06
9.093e-06
4.79221e-05
4.08412e-06
-5.25906e-05
-6.07626e-05
4.73026e-06
-3.68421e-05
-4.23874e-05
-2.65803e-05
-3.8213e-05
-2.54183e-05
-4.09554e-05
-6.43634e-05
3.24142e-05
-1.99778e-05
-2.94414e-05
-7.70722e-06
-0.000128284
9.56004e-05
-4.97146e-05
-5.04398e-06
-1.7535e-05
-2.20525e-05
-0.000193209
-0.000173485
-1.82381e-05
-5.56443e-06
-8.99508e-05
1.2442e-07
4.79511e-06
-0.00012243
-2.56606e-05
-1.8161e-05
-8.56258e-05
-9.52248e-06
1.67006e-06
-0.000145142
-8.55717e-06
4.18438e-05
-3.31733e-05
-6.1581e-05
4.51982e-05
-1.52231e-05
-3.83057e-05
-5.15144e-05
-6.89142e-06
-4.36294e-05
-1.09465e-05
-3.08317e-05
-6.99679e-06
-4.83546e-05
-2.48303e-05
-4.99658e-05
-9.33659e-07
-9.82209e-06
-5.09334e-05
4.68453e-05
-5.08629e-05
0.000487465
0.000222693
0.000120292
0.000312808
9.48015e-05
9.60446e-05
0.00029807
0.000100913
7.17263e-05
0.000346069
0.000387307
8.66552e-05
0.000369651
0.000201859
0.000151649
0.000322583
0.000236757
0.000305242
0.000249539
0.000255883
4.01205e-05
4.48002e-06
0.000239644
0.000267759
0.000211439
0.000214728
0.000311525
0.000166446
0.000222586
0.000320187
0.000102075
0.000233067
0.000220341
0.000255772
0.000215536
0.00029438
0.000102677
0.000237409
0.000186393
0.000267327
0.000313057
0.000137327
7.83156e-05
0.000193814
0.000314866
0.000177197
2.00077e-05
0.000317808
0.000165765
6.77848e-05
0.000375412
0.00013507
0.000288048
0.000221498
0.00015437
0.000178614
0.00033634
0.000142997
0.00014841
0.00042382
0.000271474
5.73379e-05
0.000225636
0.000276526
0.000199798
2.24531e-05
0.000239875
0.000162532
1.40931e-05
0.000262526
8.51044e-05
0.000280728
0.000237307
-4.30167e-06
0.000227061
0.000237247
-1.18039e-05
0.00028006
0.0002699
7.19346e-05
0.000322351
0.000229358
0.000161399
5.18036e-06
0.000166836
0.000134659
0.000237567
0.000276494
0.000193459
0.000188914
0.000257766
0.000255383
0.000262619
0.000135418
0.000308378
0.000328203
9.90583e-05
0.000262692
0.000165026
0.000290538
0.000279192
0.000118893
0.000421883
0.000293962
-0.000118859
0.000142217
-1.02898e-05
0.000501389
-0.000119244
0.000138852
0.000237546
0.00048486
-0.000125637
0.000150047
0.000371141
-1.0454e-05
-4.73371e-05
5.42368e-05
0.000568249
-0.00013664
0.000155827
0.000244699
2.91478e-07
-0.000118409
0.000133327
0.000169464
0.00050139
-1.15782e-05
0.000232422
0.000485166
0.000369086
-8.65644e-06
0.000567931
0.000240622
1.84872e-06
0.000165557
-0.00019125
0.000213795
-3.18731e-05
0.000162001
-0.000218456
0.000244072
-0.000201783
0.000378743
-0.000216027
0.000236891
-2.73659e-05
0.000332852
-0.000261372
0.000281068
6.00521e-05
0.00033022
-0.000138156
0.000156551
0.000118884
-0.000261643
0.000283389
0.000246662
-2.99561e-05
0.000153942
-0.000190952
0.000356627
0.000114699
-2.9138e-05
0.000310247
5.17286e-05
0.00030285
0.000224764
0.000109537
-0.000310025
0.000641477
0.00010082
3.41803e-05
0.000675877
0.000121868
0.000302852
0.000734512
0.000104358
0.000249523
-4.3359e-05
8.90746e-05
0.000147553
0.000119355
3.78767e-05
0.000672939
0.000130947
0.000638903
-0.000306772
0.000142726
0.000303381
0.0007294
0.000123321
0.000250212
-4.14639e-05
0.000105201
0.000148922
9.88189e-05
6.24348e-05
0.000109785
-4.99483e-05
0.000155125
0.000262983
0.000206585
1.21192e-05
0.000270269
0.000311313
5.51682e-05
0.00032559
0.000114344
6.55055e-05
0.000126626
-5.23766e-05
0.000171419
0.000286974
0.000224052
1.34579e-05
0.000300675
0.000330994
6.45999e-05
0.000388344
-4.45014e-05
5.637e-05
-0.000139993
0.000155931
0.000231934
-0.000194545
0.000216036
4.78104e-05
0.000210857
-0.000430879
0.000525343
3.82411e-05
0.000134131
0.000202714
3.79022e-05
0.000170951
2.274e-05
0.000107283
0.000138879
0.000113349
0.000163507
-2.37903e-05
2.84311e-05
0.000137711
4.86689e-06
-2.44752e-05
0.000162386
0.000176845
0.000216033
-1.89942e-05
8.75667e-05
0.000292551
6.03086e-06
-2.88499e-05
-1.4294e-05
8.7663e-05
-2.53568e-05
-5.95672e-06
3.79331e-05
2.88523e-05
-3.10796e-05
7.18025e-07
6.17241e-06
4.32986e-05
-1.55621e-05
-5.81814e-05
2.13179e-05
-3.90457e-05
4.90241e-05
-1.63728e-05
-1.69511e-05
-6.89122e-05
-6.66893e-06
2.51357e-05
-3.71402e-05
-4.32242e-06
3.67997e-05
-1.87725e-05
-7.77654e-06
-5.52542e-05
-2.75443e-06
2.50823e-05
-2.94594e-05
-1.35168e-06
3.00515e-05
-1.56766e-05
-3.74709e-06
-6.45259e-05
4.55203e-06
2.87967e-05
-3.47214e-05
-9.72941e-07
3.36455e-05
-1.70973e-05
-2.26482e-06
-5.74711e-05
6.03604e-06
2.46645e-05
-2.96023e-05
-8.13108e-07
2.91244e-05
-1.51091e-05
-5.93505e-05
7.17728e-05
8.88384e-05
-5.95869e-05
7.2398e-05
-7.68904e-05
-7.75189e-05
9.40347e-05
0.000658761
-7.39608e-05
8.80158e-05
0.000189809
0.000777886
-4.22771e-05
5.0412e-05
2.31126e-06
0.000729346
0.000661424
-7.80964e-05
8.80109e-05
0.000189283
0.000783284
6.48875e-07
0.000736931
3.56862e-05
5.05456e-05
2.64851e-05
0.00080902
2.48673e-05
-0.000109991
0.000856828
6.22436e-05
4.40462e-05
3.26528e-05
0.000803438
2.90827e-05
-0.000111035
0.000850591
-1.80525e-05
2.23351e-05
0.000872115
-1.3751e-05
1.52872e-05
-0.00057241
0.000751755
0.00087601
-0.000570005
0.000763053
8.54636e-06
0.000735824
4.92815e-06
-0.000843605
0.000357773
1.07872e-05
0.000735149
3.48798e-06
-0.000843603
0.000359564
-3.848e-06
1.07572e-06
0.000422007
-3.5456e-06
-3.6884e-06
-0.000826237
-7.13292e-05
0.000422479
-0.00082758
-6.7617e-05
3.7545e-05
0.000129418
2.28576e-05
-0.000514296
-0.000200443
1.97692e-05
0.000126451
9.96777e-06
-0.000497113
-0.000201067
-9.66788e-05
6.0444e-05
-2.12481e-05
-6.76789e-05
5.39859e-05
-0.000356345
-0.000185414
-2.01556e-05
-0.000166206
-0.000376316
-0.000123265
0.000118286
0.000102128
0.000248068
0.000115739
0.000463402
0.000591633
8.0554e-05
0.000541875
0.000208416
-3.29331e-05
2.18969e-05
1.35215e-05
-4.53089e-05
4.11407e-05
3.52677e-05
-2.2827e-05
-1.68178e-05
2.19256e-05
-1.96238e-05
-2.25746e-05
2.69277e-05
-4.25438e-05
1.69825e-05
-5.63973e-06
-4.69953e-05
-1.09495e-05
2.49453e-05
-5.20579e-05
2.18254e-05
-1.06549e-05
2.99758e-05
-2.37992e-05
2.08646e-05
3.9332e-05
-1.14556e-05
3.42328e-05
3.34995e-05
3.74897e-05
0.000104734
3.46505e-05
-2.07034e-05
7.96322e-05
3.17093e-05
-5.28727e-05
-3.3597e-05
4.89719e-05
3.64983e-05
4.06709e-05
9.65828e-05
3.13131e-05
-1.83336e-05
7.2429e-05
2.966e-05
-0.000129835
0.000119946
1.88242e-05
1.73236e-05
-0.000163954
3.86078e-05
0.00016426
-2.32753e-05
2.12804e-05
-4.12345e-05
9.29255e-05
2.66231e-05
-2.43666e-05
2.31763e-05
9.43066e-05
2.55596e-05
0.000200392
-1.26935e-06
0.000191504
2.35521e-07
2.95201e-05
0.000103283
-5.94988e-06
-5.57774e-05
-2.55885e-05
5.87402e-05
0.000107346
-5.96842e-06
-0.000234018
0.000227848
3.34706e-05
-2.00403e-05
-3.13047e-05
-6.29572e-06
-3.19328e-06
-3.62764e-05
1.68248e-05
4.14674e-05
1.90835e-05
-3.94777e-05
2.64472e-05
2.12402e-05
2.20264e-05
-3.41576e-05
-6.44941e-05
1.34244e-05
1.96236e-05
-4.59766e-05
5.73753e-05
-4.89035e-05
4.91983e-05
1.98341e-05
-5.35807e-05
2.19545e-05
2.02355e-05
1.75098e-05
1.71043e-06
-5.74965e-05
1.45067e-05
7.2187e-05
2.66235e-05
-4.62766e-05
-4.04046e-05
3.29674e-05
-5.36376e-05
7.31851e-06
9.48244e-06
-5.54677e-05
4.18246e-06
6.64232e-05
-6.56499e-05
-5.5912e-05
4.37709e-06
7.82056e-06
1.58212e-05
-5.57632e-05
-5.98557e-05
-9.51608e-05
-2.46165e-05
-4.20157e-05
-7.73083e-05
-4.21156e-06
-5.3259e-05
3.79441e-06
-0.000192193
-7.90987e-06
-0.000160111
-1.73267e-05
-1.43224e-05
-9.14737e-05
-8.70595e-06
-6.18321e-07
-0.000130428
-2.58347e-05
-2.15385e-05
-9.08807e-05
-1.72281e-05
-8.56457e-06
-0.00015389
-1.45156e-05
4.35429e-05
-3.37052e-05
-5.69041e-05
4.88405e-05
-5.05516e-05
-4.22925e-05
-9.7161e-06
-3.87241e-05
-2.58158e-05
-5.27836e-05
9.5871e-05
0.000101087
0.000306733
9.25e-05
5.98002e-05
0.000383315
0.000376669
0.000120163
0.000372404
0.000228457
0.00032942
0.000263353
0.000262365
3.54073e-05
1.34676e-05
0.000266297
0.000207472
0.000241702
0.000281389
0.000312423
0.000225235
0.00021592
0.000342244
0.000139813
0.000225919
0.000305717
0.000103487
0.000233273
0.00020388
0.000292451
0.000316099
0.000154508
0.000212021
0.000322554
-2.53496e-06
4.6719e-05
0.000315249
0.000238391
5.40908e-05
0.000203174
0.000377736
0.000173026
-8.42161e-06
0.000251104
0.000181605
-2.0689e-05
0.000374724
0.000172336
-1.32002e-05
0.000501491
0.000137352
0.000337268
0.000229609
8.69977e-05
0.000291542
0.000294398
0.000138791
0.000184105
0.000424474
0.000242612
0.000163558
0.000484705
0.00027137
-1.73813e-05
0.000240454
0.000267099
-1.631e-05
0.000297199
0.000248489
0.000171523
-5.6687e-06
0.000173685
0.00014057
0.000291029
8.06631e-05
0.00034396
0.000235908
-3.56121e-05
0.000170597
0.000273402
-0.000215645
0.000401572
0.000260639
-2.60697e-05
0.000354316
0.000300762
6.84825e-05
0.000353067
0.000173426
0.000122964
0.000265546
0.00017884
0.00030977
0.000215609
0.00027961
0.000268428
0.000168322
0.000294306
0.000290764
0.000336065
0.000113126
0.000263962
0.000571259
6.17685e-05
0.000130836
0.000453504
0.000320615
0.000264056
0.000313295
-0.000156525
0.000187109
-0.000306799
0.000637066
-0.000141463
0.000168079
4.49325e-05
0.000667386
-0.00016623
0.000193287
0.000305927
0.000720125
-0.000144697
0.000167673
0.000254107
-4.28376e-05
-0.000122018
0.000137652
0.000154121
4.16973e-05
0.000670007
0.000637101
-0.000305172
0.000304757
0.000724836
0.000251486
-4.08962e-05
0.000150588
-0.000130847
0.00014706
7.0797e-05
-0.000144759
0.000163345
-5.83677e-05
-0.000189361
0.000210265
0.000330473
-0.000242732
0.000263294
2.0015e-05
0.000352327
-0.00035076
0.000374595
7.88848e-05
0.000474162
6.82408e-05
-5.51421e-05
0.000309547
1.62772e-05
0.000327019
7.16752e-05
0.000436173
8.76428e-05
-7.57475e-05
0.000114094
0.000655598
0.000104617
0.000190761
0.000771366
5.96449e-05
4.32832e-06
0.000720951
8.63062e-05
8.96609e-05
0.000138433
0.000652441
0.000123885
0.000192271
0.00076478
0.000105824
-7.47415e-05
7.02324e-05
6.44742e-06
0.000712365
0.000102816
9.0949e-05
6.88566e-05
0.000172378
0.000258654
0.000233292
5.57546e-05
0.000252427
0.000603023
4.5283e-05
0.000202627
8.19854e-05
0.000188599
0.000284211
0.000249562
6.35455e-05
0.000285459
0.000625627
5.10175e-05
0.000314723
-0.000177538
0.000188892
0.00026839
-0.000280457
0.000330333
7.2146e-07
0.000198501
-0.000287843
0.000299492
-0.000390016
-0.000122637
0.000225464
-1.6924e-08
0.000129284
-0.000251738
-8.29484e-05
0.000173005
1.73776e-05
0.000119159
-2.00811e-05
-2.78469e-05
2.07594e-05
3.99916e-05
-2.49827e-05
0.000241057
7.62856e-05
0.000233332
-1.69472e-05
-3.62868e-06
4.83861e-05
2.92714e-05
-3.50041e-05
-1.09639e-05
4.02779e-05
-2.93723e-05
-3.14754e-06
1.07059e-05
2.60634e-05
-2.14028e-05
-5.73596e-06
1.39466e-05
3.10402e-05
-1.35709e-05
-4.53941e-05
3.00377e-05
-2.59613e-05
3.2954e-05
-1.39296e-05
8.75332e-07
-4.74806e-05
8.10936e-06
2.31057e-05
-2.55195e-05
-6.84855e-07
2.91233e-05
-1.27887e-05
5.21633e-06
-4.0426e-05
1.02607e-05
1.90457e-05
-2.06049e-05
3.42959e-07
2.5749e-05
-1.11353e-05
8.77779e-06
-4.98739e-05
6.80508e-06
2.12331e-05
-2.26227e-05
1.44968e-06
1.40098e-05
-1.0677e-05
1.13586e-05
-4.63658e-05
7.39482e-06
1.87908e-05
-1.98585e-05
1.67947e-06
1.29051e-05
-9.62807e-06
-5.39607e-05
6.59087e-05
-7.62528e-05
9.3213e-05
-3.98907e-05
4.83897e-05
0.000791051
-3.55522e-05
4.54989e-05
-0.000115202
0.000834601
0.000797453
-0.000112809
0.000843271
2.81557e-05
0.000864584
2.21153e-05
-0.000578726
0.000721247
3.43392e-05
0.000857343
2.81517e-05
-0.000581691
0.000699949
-1.11519e-05
1.02676e-05
0.000724615
2.53746e-06
-1.36821e-05
-0.000840166
0.000343642
0.000732916
-0.000842715
0.00035755
-1.4694e-06
0.000421038
-1.02621e-05
-0.000825309
-7.36256e-05
-5.36623e-06
0.000421155
-2.15831e-05
-0.000826826
-6.82279e-05
-5.75259e-06
-6.15943e-06
0.000124229
2.0909e-06
-1.09647e-05
-0.000489762
-0.000202958
0.000125573
-0.000492873
-0.000200875
3.63539e-05
-8.44882e-06
2.66252e-05
-0.000334853
-0.000145986
2.22861e-05
-1.0843e-05
9.77886e-06
-0.000145242
-0.000318358
-4.81454e-05
-8.32033e-05
5.31755e-05
5.23652e-05
0.000242059
0.000752372
-5.83983e-05
1.47996e-05
-7.39259e-05
1.80956e-05
-6.72699e-05
2.38297e-05
2.89712e-05
-2.40093e-05
-4.39218e-05
-8.36047e-05
-9.99206e-06
-9.07915e-05
2.6648e-05
2.40736e-05
-1.35589e-05
-2.95105e-05
4.60446e-05
3.22921e-05
-1.73387e-05
2.78523e-05
2.81128e-05
3.72209e-05
0.000164228
-2.28844e-05
2.03459e-05
0.000111433
1.95197e-05
-9.46125e-05
-3.45217e-05
9.47221e-05
2.20069e-05
2.40052e-05
0.000162864
-2.07926e-05
1.89481e-05
0.000103773
1.89862e-05
-0.000183097
0.000176191
2.45506e-06
1.36456e-06
-0.00011209
2.19174e-05
0.000117343
-5.8898e-06
-2.46467e-05
6.37334e-05
-6.2143e-06
7.08058e-05
0.000220629
0.000214896
5.32272e-05
1.83132e-05
-4.64464e-05
1.34182e-05
-5.30937e-05
2.15741e-05
-4.13669e-05
4.82899e-05
4.95559e-05
-3.66448e-05
-3.95387e-05
3.16088e-05
-9.24915e-05
2.54008e-06
-0.000195351
-8.85252e-06
-0.000157282
-1.90083e-05
-1.88834e-05
-8.72872e-05
-1.50403e-05
-4.4458e-06
-0.00012995
-3.04772e-05
-9.34667e-05
-0.000160401
-1.49329e-05
4.64795e-05
-3.55143e-05
9.92579e-05
9.43293e-05
0.000326422
6.06454e-05
4.94021e-05
0.000419894
0.000337029
0.000344069
0.000302442
0.000212135
7.72079e-05
-2.36573e-06
0.00030407
0.000121306
0.000410482
0.000262934
0.000292686
0.000253445
0.000349821
0.0002225
0.000203306
0.000330671
0.000128025
0.000197132
0.000316435
0.000170604
0.000319311
-4.47948e-05
0.000255593
0.000222703
0.000379806
-4.42604e-05
0.000185862
0.000261747
-2.86281e-05
2.379e-05
0.000379803
0.000252182
-2.9374e-05
0.000308042
0.000313819
-2.39407e-05
0.000211144
0.00050166
0.000145359
0.000157556
0.000190759
-5.13523e-05
0.000258681
0.000225032
-0.00031582
0.000639421
0.000200844
4.62641e-05
0.000665074
0.000124533
0.000238197
0.00042419
9.14044e-05
0.000337379
0.000307976
8.50195e-05
0.000313089
0.000355641
0.00024434
0.000194451
0.000485307
0.000307314
0.000226031
0.000715906
0.00025809
-4.7702e-05
0.000179661
0.000308496
-0.00023797
0.000427021
0.000289299
-2.75297e-05
0.000376732
0.00018014
0.000128188
0.00031862
7.95652e-05
0.000377373
0.00016188
7.25324e-05
0.000181957
-6.36606e-05
0.000235446
0.000350321
0.000286677
2.42408e-05
0.000375174
0.000401246
8.59312e-05
0.000504541
0.000245994
0.000260478
0.000301799
0.000347039
0.000144228
0.000262301
0.000198429
0.000305008
0.000322232
0.000139742
0.000435561
0.00029027
0.00057214
7.00246e-05
0.00027646
0.000357449
-0.000126648
0.000150219
-7.62626e-05
-0.000168129
0.000204938
0.000645189
-0.000146624
0.000172996
0.000196097
0.000750843
-8.22538e-05
9.65195e-05
1.12159e-05
0.000694643
-0.000120771
0.000138664
9.33912e-05
0.000649101
0.000194246
0.000757779
-7.451e-05
8.98432e-06
0.000703831
9.17366e-05
-9.5084e-05
0.000107513
-0.000205739
0.000224259
0.000331968
-0.000267408
0.000287252
7.95976e-05
0.000331771
-0.000632547
0.000642022
5.5356e-05
0.00040933
0.000308683
7.10723e-05
0.000309775
5.34476e-05
0.000375806
7.98221e-05
0.000113917
0.000825655
5.85274e-05
-1.77713e-05
0.000783328
5.7807e-05
-0.000116851
0.000825494
0.000139337
0.000819292
7.04346e-05
-1.60895e-05
0.00077541
9.60296e-05
7.28148e-05
-0.000118853
0.000816211
0.000201199
0.000302101
0.00035315
-7.89604e-06
0.000282789
0.00032725
-0.000466599
-0.000107846
0.000214344
0.000334612
0.000368693
-1.40613e-05
0.000334995
0.0003335
-0.000525679
-1.70454e-05
-0.000293394
0.000326679
0.000174108
-0.000273783
0.000305129
-0.000171992
-5.08697e-05
-9.69001e-05
0.000119448
-0.000100987
-0.000171323
0.000123757
-9.87442e-05
-6.41612e-05
4.69946e-05
-9.32891e-05
8.67343e-05
-3.15864e-05
2.62932e-05
2.56341e-05
-2.90768e-05
2.48923e-05
3.87067e-05
-1.88841e-05
0.000156304
-3.69509e-06
6.38428e-05
1.73622e-05
-2.92692e-05
3.90474e-05
3.67391e-05
-2.57448e-05
-1.20069e-05
2.24645e-05
-2.77038e-05
-1.33579e-05
1.80623e-05
2.08474e-05
-1.59144e-05
-2.14544e-06
5.4922e-06
2.18888e-05
-1.11547e-05
-3.52967e-05
2.16664e-05
-1.7771e-05
2.45331e-05
-1.06813e-05
1.40592e-05
-3.80795e-05
8.52463e-06
1.99568e-05
-1.74828e-05
2.15188e-06
1.38891e-05
-9.00655e-06
1.70789e-05
-3.46773e-05
1.00118e-05
1.83509e-05
-1.4694e-05
2.85264e-06
1.2171e-05
-8.12416e-06
7.45897e-06
-3.99462e-05
1.40424e-05
3.90122e-06
-1.30388e-05
3.04511e-07
2.18033e-05
9.70055e-06
-3.94779e-05
1.49026e-05
3.52437e-06
-1.13379e-05
3.29244e-07
2.02882e-05
-4.19764e-05
5.19955e-05
0.000836786
-3.52815e-05
4.34877e-05
-0.000587197
0.00064881
0.000847776
-0.000584512
0.000675498
1.76424e-05
0.000694244
-1.70179e-05
-0.000835643
0.000299876
2.42318e-05
0.00067942
-1.9306e-05
-0.000834317
0.000271144
1.15688e-05
-2.47144e-05
0.000413431
3.96068e-05
-6.49562e-05
-0.000822109
-4.81491e-05
0.000420297
-0.000826555
-6.23925e-05
-1.71375e-05
0.000122359
-1.7119e-05
-0.000486841
-0.000204272
-3.4142e-05
0.000126047
-2.20377e-05
-0.000493953
-0.000205347
-6.76838e-06
-8.99443e-06
-1.26517e-05
5.55396e-06
-1.54608e-05
-0.00029297
-0.000131208
-1.12281e-05
-0.000133276
-0.000303096
-2.97408e-05
2.86725e-05
3.45492e-05
9.65206e-05
1.10235e-05
-9.32355e-05
-9.74567e-05
1.44958e-05
1.79485e-05
-3.32535e-05
2.03546e-05
1.7228e-05
-2.01661e-05
0.00016968
3.14585e-06
2.1505e-05
0.000122346
-6.16207e-06
-7.67773e-05
-2.06371e-05
8.27766e-05
0.00016441
3.46345e-06
0.000126769
-6.11256e-06
-0.000210047
0.000206612
8.91127e-05
0.000608903
-9.12633e-05
8.14472e-06
8.23263e-06
7.70608e-06
7.68483e-06
0.000661429
6.99192e-06
6.79367e-06
6.31092e-06
6.3938e-06
-1.41796e-06
-0.000198379
-0.000159137
-1.96704e-05
-5.62305e-06
0.000116159
3.88153e-05
0.000331306
1.72407e-05
3.7884e-05
0.000315888
0.000144726
9.55899e-05
2.41407e-05
0.000357137
0.000279899
0.000447409
0.000294132
0.000263639
0.000234063
0.00035788
0.000203702
0.000101056
0.000328087
0.000155808
0.000381694
-8.89469e-05
0.000273057
0.000276123
-7.2106e-05
0.00019514
0.000356337
-0.000276482
0.000454861
0.000274142
0.000643437
-0.000336682
0.000212933
0.000268244
-7.29311e-05
0.000132772
0.000164099
-5.05185e-05
0.000500879
0.000265119
-5.11525e-05
0.000372915
0.000329866
-3.37262e-05
0.000326159
0.000395704
4.43777e-05
0.00024057
0.000661896
0.00015077
9.40981e-05
0.000173834
-8.07546e-05
0.000250054
0.00064057
0.000204937
0.000197036
0.000743411
7.59756e-05
0.000418623
0.000326971
0.000240048
0.000241639
0.000483992
9.8576e-05
0.00034656
0.000374358
9.52562e-05
0.000338284
0.000380464
0.000306229
0.000266055
0.000711194
1.31013e-05
0.000114469
0.000684855
0.000168948
7.3418e-05
0.000197258
-7.36111e-05
0.000265643
0.000369294
0.000312645
3.0573e-05
0.000399757
0.000429047
9.3323e-05
0.00053271
0.000116385
0.000247425
0.000351397
0.00030851
8.76261e-05
0.000352221
0.000666284
5.59244e-05
0.000424354
0.000230265
0.000313481
0.000315872
0.000349549
0.000216522
0.000237836
0.000579199
8.1214e-05
0.000179735
0.000485048
0.000372909
0.000391303
0.000256417
-0.000113256
0.000130385
-0.000170788
0.000208816
0.000803259
-8.39838e-05
9.96021e-05
-1.16465e-05
0.000758087
-8.86901e-05
0.000105482
-0.000120726
0.000798577
0.000811895
-1.39079e-05
0.000767122
-0.000119627
0.000807582
-0.000229839
0.000248609
0.000392796
-0.000388606
0.000412205
-1.84896e-05
0.000382018
-0.000330473
0.0003322
-0.000562021
8.4131e-05
0.000364261
-1.68036e-05
0.000360114
-0.000549768
4.99919e-05
7.88563e-05
0.000718882
6.40354e-05
-0.000170377
0.000824815
5.34016e-05
-0.000591035
0.000621448
9.68644e-05
7.31066e-05
0.000712088
7.84251e-05
-0.000170082
0.000812249
6.55854e-05
-0.000595329
0.000594493
0.000351763
6.34499e-05
0.000205671
0.000322168
-0.000223269
2.24202e-05
0.000147769
-0.000199385
-0.000213974
0.000371919
6.33042e-05
0.00023709
0.000321853
-0.000259097
6.87279e-05
0.000184135
-0.000333034
-0.000221196
-0.000210383
0.000241001
4.90765e-05
-0.000104955
0.000132443
-6.96054e-05
-0.00010974
-4.04219e-05
3.25671e-05
2.41797e-05
-8.05748e-05
1.24229e-05
2.08867e-05
-7.91652e-05
4.0131e-05
-4.44195e-05
3.5212e-05
-3.16942e-05
2.57685e-05
2.2829e-05
-2.09053e-05
9.07708e-06
2.27591e-05
-1.5217e-05
6.23028e-05
-2.68506e-05
3.76732e-05
1.96416e-05
-2.40764e-05
1.58429e-05
2.34712e-05
-2.0519e-05
-2.1523e-05
2.82811e-05
-2.57357e-05
-1.1307e-05
1.35841e-05
1.71599e-05
-1.34627e-05
-3.75687e-06
4.48876e-06
1.20724e-05
-8.10794e-06
-2.96363e-05
1.90212e-05
-1.35543e-05
1.232e-05
-8.08449e-06
1.24079e-05
-3.16772e-05
1.52249e-05
6.15895e-06
-1.0075e-05
3.63388e-07
1.97125e-05
1.58868e-05
-3.15904e-05
1.56536e-05
5.44821e-06
-8.40002e-06
4.04316e-07
1.73652e-05
-1.21543e-05
-9.06463e-06
5.29028e-05
1.00189e-05
1.10814e-05
-3.14502e-05
3.96709e-05
0.000642011
2.07533e-05
-1.81918e-05
-0.000832806
0.000199946
0.000661968
-0.000833156
0.000236812
-3.21318e-05
0.000365186
-8.20258e-05
-0.00080397
-4.50323e-05
-3.771e-05
0.000344571
-9.4998e-05
-0.000787385
-6.23952e-05
5.87819e-05
-8.53853e-05
0.000124146
3.66143e-05
-7.285e-05
-0.000558299
-0.000197163
0.000128142
-0.000509028
-0.000211137
-2.32787e-05
-1.58305e-05
-2.12385e-05
-0.000286574
-0.000133919
-3.92267e-05
-1.23181e-05
-2.97399e-05
-0.000133928
-0.000293535
-3.40266e-05
3.54421e-06
-1.36308e-05
3.24686e-05
-5.55179e-05
3.05587e-06
0.000203596
0.000200946
9.927e-05
0.000608171
-9.87442e-05
9.57783e-06
1.04726e-05
9.73094e-06
1.06705e-05
-8.47742e-05
0.000490415
8.92057e-06
8.35557e-06
8.50839e-06
7.95139e-06
2.46487e-05
-0.000146655
0.000146725
-2.46845e-05
8.11115e-06
-0.000157073
2.48955e-05
0.000157048
8.01133e-06
2.35887e-05
-2.26606e-05
7.51355e-06
2.28075e-05
7.43904e-06
-0.000673334
-0.000115353
0.000681845
1.43332e-05
1.38309e-05
1.19264e-05
1.19765e-05
9.04293e-06
9.1588e-06
1.0716e-05
1.04447e-05
0.00060414
-0.000113841
1.36644e-05
1.21898e-05
1.38935e-05
1.25053e-05
-2.34995e-05
-0.000166585
0.000167986
6.72497e-06
-0.000164282
0.000165929
6.54305e-06
-2.20086e-05
6.11619e-06
6.24159e-06
0.000326451
-7.74889e-05
7.66266e-06
9.39577e-06
7.57085e-06
9.29261e-06
0.000128878
-7.28216e-05
0.000168137
0.000114151
-9.96781e-05
4.40872e-05
0.00040864
0.000345517
0.000409618
0.000282788
0.000184619
0.000138495
0.000350126
3.56161e-05
0.000640573
-0.000375104
0.000339848
0.000292207
-0.000115421
0.000223322
0.000420267
-0.000321758
0.000479733
0.000154897
7.47164e-05
0.000206009
-9.00929e-05
0.000302669
0.000384109
0.000305986
0.000631883
0.000200487
-9.50903e-05
0.0001451
9.68382e-05
3.3065e-05
0.000660162
0.00028827
-0.000149923
0.000502429
0.000361504
-3.55675e-05
0.000373611
0.000416558
3.3089e-05
0.000349689
0.000420827
0.000195622
0.000241533
0.000735907
0.000143728
0.000254
0.000792421
0.000117466
-9.96716e-06
0.000748615
0.000210847
0.000469305
0.000329659
9.05894e-05
0.000414883
0.000398323
0.000304788
0.000315332
0.000709125
0.000119246
0.000375096
0.000398035
0.000141307
0.000475814
0.000583693
1.29526e-05
0.000138829
0.000673882
-0.000122254
0.000122457
0.000790135
0.000116192
0.00027546
0.000371832
0.000332055
9.46875e-05
0.000374847
0.000692516
5.4306e-05
0.000452171
0.000272215
0.000415417
0.000437924
-1.88483e-05
0.000401274
0.000339594
-0.000577014
0.000104012
0.00023022
0.000444058
0.000469768
0.000317968
0.000255319
0.000241894
0.00058147
8.77056e-05
0.000397237
0.000232089
-0.000118682
0.000144787
6.86862e-05
0.000696821
-9.48737e-05
0.000112751
-0.000169125
0.000788609
-7.89279e-05
9.25303e-05
-0.000603254
0.000552583
7.12921e-05
0.000704878
-0.000169417
0.000800463
-0.000599168
0.000572154
-0.000391731
0.00041234
6.09745e-05
0.000292724
-0.000328862
0.00034324
-0.00029068
9.62999e-05
-0.000201781
0.000211665
-0.000514266
-0.000189226
6.41311e-05
0.000263514
-0.000279461
8.27975e-05
-0.00044825
-0.000201291
4.96013e-05
0.000671879
5.03263e-05
-0.000395944
0.000619069
-1.12689e-05
-0.000831664
0.000163335
-7.82715e-05
-0.000111595
0.000181104
6.2159e-05
-0.000133119
0.000662567
6.36626e-05
-0.000391566
0.000595149
6.6336e-07
-0.00082973
0.00012982
0.000255931
-1.52128e-05
4.48098e-05
0.00026181
-0.000103264
6.48558e-05
0.00018652
-0.00012911
-0.000101932
2.14546e-05
1.12233e-05
-9.67712e-05
0.000280532
-2.08474e-05
5.95503e-05
0.000279543
-0.000123868
8.41285e-05
0.000210597
-0.000204016
-8.43677e-05
2.40442e-05
-1.24981e-05
-0.00010598
-0.000109186
0.000140748
-2.92965e-05
-2.98513e-05
1.53546e-05
-1.50098e-05
-5.60535e-05
-2.09004e-05
1.67074e-05
1.74091e-05
-4.29524e-05
-3.47762e-05
5.73118e-06
-3.69435e-05
2.71222e-05
-2.97691e-05
3.59618e-05
-2.86546e-05
1.56478e-05
1.68347e-05
-1.70447e-05
5.35506e-06
1.4023e-05
-9.56419e-06
4.79656e-05
-2.95437e-05
2.22913e-05
1.44249e-05
-2.16736e-05
7.02242e-06
9.46844e-06
-1.06458e-05
-1.9377e-05
2.45351e-05
-2.64424e-05
-1.65986e-05
1.75021e-05
5.00757e-06
-7.30131e-06
-4.25252e-07
5.37981e-07
1.67832e-05
-2.72259e-05
5.71046e-06
-7.88966e-06
1.83365e-05
-1.20262e-05
-8.13613e-06
6.43104e-05
9.62039e-06
1.09404e-05
4.09656e-05
-3.97645e-05
0.000293428
9.85121e-05
-9.24587e-05
-0.000737348
-0.000132845
0.000320059
-0.000764567
-9.68261e-05
-0.000104751
0.000105246
-9.83453e-05
-0.000586727
-0.000184102
-0.000120761
8.56634e-05
-0.00010993
-0.000563197
-0.000194252
5.67079e-05
-9.06592e-05
-2.48941e-05
3.45685e-05
-6.88472e-05
-0.00035037
-0.0001565
-1.73289e-05
-0.000160359
-0.000313627
-3.72281e-05
-2.13366e-05
3.49813e-05
-0.000190154
-2.96913e-05
0.000478831
-9.16304e-05
9.52538e-06
9.05015e-06
1.01974e-05
9.65797e-06
0.000146117
2.61508e-05
-2.50381e-05
9.07288e-06
2.76016e-05
0.000146315
-2.74131e-05
1.00857e-05
0.000158197
2.54828e-05
9.24968e-06
2.80135e-05
0.000158316
1.01392e-05
-2.36511e-05
-0.000127002
0.000125423
9.46614e-06
-0.000109755
-2.2777e-05
0.000109046
8.1906e-06
-2.27023e-05
8.90829e-06
-2.12593e-05
7.63649e-06
2.55037e-05
-0.000145441
0.000144915
-2.48793e-05
8.01258e-06
-0.000157863
2.55694e-05
0.000158267
7.54257e-06
2.3846e-05
-2.34003e-05
7.62338e-06
2.3321e-05
7.21583e-06
-0.000132035
0.000680273
1.9138e-05
1.9156e-05
2.35886e-05
2.29045e-05
-3.22291e-05
-0.0001756
0.000177168
1.41207e-05
-0.000170488
-3.32327e-05
0.000171912
1.34102e-05
-2.92768e-05
-0.000173147
1.14999e-05
-0.000169555
-2.97581e-05
1.15246e-05
-2.5018e-05
0.000170848
8.19974e-06
0.000167245
8.3076e-06
-2.69202e-05
9.57024e-06
9.22847e-06
0.00058702
-0.000126307
1.78192e-05
2.02909e-05
1.84495e-05
2.06956e-05
-0.000102341
0.000461889
1.33697e-05
1.19361e-05
1.27957e-05
1.14885e-05
-0.000144996
3.24126e-05
0.000144559
-3.18266e-05
1.35154e-05
3.01008e-05
-2.8455e-05
1.18632e-05
-0.000158932
0.000158178
1.38274e-05
1.2232e-05
0.000316655
-8.49327e-05
8.0363e-06
9.98911e-06
8.65306e-06
1.05147e-05
-9.55135e-05
0.000307757
1.03846e-05
9.31146e-06
1.20876e-05
1.13189e-05
-0.000153723
0.000661518
3.26366e-05
3.20215e-05
2.8005e-05
2.80625e-05
-0.000147393
0.000556141
2.75775e-05
2.53744e-05
2.78694e-05
2.60049e-05
-2.46725e-05
-0.000167141
0.000169515
5.6991e-06
-0.000164576
0.00016616
5.8563e-06
-2.21326e-05
5.39068e-06
5.81401e-06
8.70449e-05
0.000190207
6.52812e-06
5.57617e-06
6.34221e-06
5.6094e-06
0.000237286
5.37498e-06
5.73985e-06
5.08662e-06
5.2599e-06
2.14468e-05
-7.57243e-05
7.63379e-05
-2.05591e-05
6.16143e-06
-8.51279e-05
8.40681e-05
9.1254e-06
2.07542e-05
-1.9128e-05
5.76788e-06
8.81772e-06
0.000154961
-0.000113631
5.61681e-05
0.000252794
0.000347364
0.000303042
0.000352888
-2.38162e-05
0.000623463
0.000356162
0.000230672
-0.000113082
0.000691665
-0.000656032
0.000574559
9.62162e-05
8.83604e-05
0.000218985
-0.000111412
0.000348255
0.000398578
0.000100815
0.000311299
0.000381359
0.000303283
0.000778222
0.000145476
0.000191548
0.000732944
0.00028199
-3.6748e-05
0.000653623
0.000384671
-9.73588e-05
0.0004748
0.000448264
5.21873e-05
0.000392671
0.000440635
0.000103707
0.000378262
0.00041222
-8.70404e-06
0.00013745
0.000737579
0.000174694
6.51463e-05
0.0006874
0.000131547
-0.000169497
0.000777062
0.000297287
0.00069358
0.00037524
0.000192799
0.000469968
0.000399744
0.000125623
0.00042721
0.000450806
1.05956e-05
0.000178068
0.000659291
0.000160925
0.000479853
0.000630309
5.30368e-05
0.000737128
0.000486045
-0.000124601
0.000139733
0.000781207
-0.000607904
0.000106058
0.000536417
0.000298583
0.000440151
0.000460578
-2.01003e-05
0.000426599
0.00034832
-0.000586914
0.000129599
0.000439427
5.65945e-05
0.000312887
0.000360546
-0.0003052
0.000112154
0.000214263
-0.000578533
-0.000184312
0.000462658
0.000213488
0.000312375
0.000354686
0.000405391
0.000585683
9.68052e-05
7.04373e-05
-5.96062e-05
-0.000108755
0.00016661
-7.71921e-05
9.57063e-05
-0.00013371
0.000642891
-7.95766e-05
9.74717e-05
-0.000388439
0.000555899
-1.40455e-05
2.76494e-05
-0.000823523
8.36444e-05
-0.000110167
0.000173625
-0.000132943
0.000653371
-0.00038932
0.000574701
-0.000826722
0.000104464
-0.000299198
0.000310346
-3.46589e-05
8.44847e-05
-0.000305852
0.00033126
-0.000129977
0.000106613
-0.000209897
0.000211178
-0.000322759
-9.6488e-05
-5.7595e-05
0.000109651
-6.9001e-05
-0.000136101
-2.70711e-05
7.25364e-05
-0.000128849
8.65916e-05
-0.000274292
-9.04617e-05
-4.44417e-05
-0.000124409
3.47263e-06
-0.000199893
0.000467881
-3.23671e-05
-0.000481404
0.000261412
-7.99178e-05
-0.000709456
-0.000161532
-0.000151073
0.000118461
-9.06231e-05
-0.000119509
0.000166359
1.51808e-05
-0.000194213
0.000453506
-1.91469e-05
-0.000479834
0.000232033
-6.33273e-05
-0.000682969
-0.000184769
0.000107986
-2.93721e-05
4.85637e-07
0.000151288
-4.52197e-05
-3.29918e-05
0.000155737
-5.29093e-05
-2.6334e-05
3.12346e-05
-3.50803e-05
-7.15089e-05
1.39744e-05
2.11479e-05
-4.93687e-05
0.000118153
-3.39728e-05
2.95883e-06
0.0001672
-5.17609e-05
-2.84688e-05
0.000150064
-9.0613e-05
-2.3602e-05
6.3895e-05
-5.37513e-05
-7.5775e-05
1.47499e-05
3.70472e-05
-5.24041e-05
-5.67967e-05
5.80253e-05
-4.0843e-05
-2.98902e-05
2.62978e-05
2.33268e-07
-3.52852e-05
-5.66873e-06
1.90135e-06
2.09308e-05
-1.82716e-05
-3.62052e-05
1.27019e-05
-3.01222e-05
9.80804e-06
-1.24378e-05
2.95166e-05
-2.91916e-05
1.67623e-05
4.74449e-06
-7.02635e-06
5.15362e-07
1.85929e-05
3.59392e-05
-3.10554e-05
1.51088e-05
-2.79946e-06
-7.75224e-06
4.51777e-07
1.75031e-05
-7.80541e-06
-1.16532e-05
8.07519e-05
-9.73432e-06
1.09089e-05
0.000125861
-0.000120257
1.49354e-05
0.000105944
-9.28408e-05
-0.00045405
-0.000235373
5.08126e-05
-0.000511582
-0.00021674
-0.000120649
-2.65354e-05
-7.58983e-05
-0.000377718
-0.000199692
-0.000138017
-4.9653e-05
-8.06231e-05
-0.000186365
-0.0003292
-4.25774e-05
4.05343e-05
-7.73087e-05
4.62405e-05
-0.000258561
-2.48142e-05
0.000124738
9.98643e-06
0.000107574
-2.30227e-05
8.73002e-06
-2.60935e-05
0.000122783
1.08331e-05
0.000106705
-2.50193e-05
9.45295e-06
0.000144236
2.67092e-05
-2.59264e-05
8.96952e-06
2.90636e-05
0.000143723
-2.80419e-05
9.57726e-06
0.000159018
2.63846e-05
8.82277e-06
2.94604e-05
0.000159335
9.42584e-06
-2.37771e-05
-0.000125897
0.000124845
9.41643e-06
-0.000105466
-2.24105e-05
0.000104924
7.36651e-06
-2.26658e-05
9.06848e-06
-2.14355e-05
7.13743e-06
2.49599e-05
-0.000147871
0.000147323
-2.36939e-05
7.29516e-06
-0.000159337
2.52189e-05
0.000159961
6.6589e-06
2.36707e-05
-2.26101e-05
7.07368e-06
2.36151e-05
6.38417e-06
-3.51612e-05
0.000180222
1.81211e-05
0.000172857
-3.49759e-05
1.80262e-05
-3.88607e-05
0.000181387
2.39668e-05
-3.93077e-05
0.000173846
2.23625e-05
-3.46008e-05
-0.000177876
0.000180978
1.24231e-05
-0.000171571
-3.52213e-05
0.00017361
1.19919e-05
-2.99776e-05
-0.000174877
1.01324e-05
-0.000169775
-3.07789e-05
1.05303e-05
-2.53469e-05
0.000172064
7.21408e-06
0.000167897
7.60812e-06
-2.87171e-05
8.14811e-06
8.09329e-06
-0.000113549
0.000436691
1.5711e-05
1.79557e-05
1.51958e-05
1.73427e-05
0.000143576
3.51327e-05
-3.32394e-05
1.69092e-05
3.83492e-05
0.000142492
-3.7341e-05
2.03664e-05
0.000158844
1.79407e-05
0.000157164
2.1417e-05
-0.000122049
-3.00173e-05
0.000119926
1.36837e-05
-2.77818e-05
1.19966e-05
-0.000105575
-2.84801e-05
0.000104821
1.20124e-05
-2.57076e-05
1.05443e-05
-0.00014305
3.44008e-05
0.000142542
-3.29026e-05
1.25254e-05
3.07636e-05
-2.95771e-05
1.13496e-05
-0.000160067
0.000160104
1.29704e-05
1.14839e-05
9.53804e-05
0.000186274
8.70447e-06
7.75399e-06
9.83827e-06
9.0619e-06
0.000244451
5.67979e-06
6.81632e-06
6.40656e-06
7.53805e-06
0.000105243
0.000172622
1.32742e-05
1.25575e-05
1.30041e-05
1.15401e-05
0.000248626
9.0682e-06
7.55227e-06
1.16185e-05
9.94287e-06
2.24263e-05
7.66622e-05
-2.0862e-05
6.14774e-06
8.4205e-05
9.25574e-06
2.35344e-05
7.73617e-05
-2.25686e-05
6.98778e-06
8.34016e-05
9.83329e-06
0.000294922
-0.000108492
1.25706e-05
1.42418e-05
1.48174e-05
1.58376e-05
-7.74493e-05
2.67991e-05
-2.56185e-05
7.77942e-05
8.85903e-06
2.5082e-05
-2.34383e-05
7.58009e-06
-8.35035e-05
8.25227e-05
1.13873e-05
1.05915e-05
0.000130561
-0.000125648
0.000276027
1.94281e-05
2.01693e-05
1.72456e-05
1.82896e-05
0.00039821
2.48851e-05
2.24591e-05
2.46458e-05
2.13651e-05
-0.000170484
0.00062316
4.06738e-05
4.0811e-05
4.41503e-05
4.40652e-05
-4.70655e-05
-0.000182165
0.000178113
3.86006e-05
-0.00017272
-4.71558e-05
0.000168867
3.59656e-05
-4.2737e-05
2.92751e-05
-4.23777e-05
2.88285e-05
0.000501582
-0.000157785
3.6161e-05
3.79906e-05
3.62145e-05
3.76852e-05
-0.000139021
4.60379e-05
-4.43516e-05
0.000133485
3.14267e-05
4.21542e-05
-3.9293e-05
2.59848e-05
-0.000155478
0.000148844
3.33854e-05
2.74672e-05
-0.000185896
4.74123e-05
4.85339e-05
4.72467e-05
4.81949e-05
-0.000175365
4.20538e-05
4.3109e-05
4.09026e-05
4.20153e-05
-2.43351e-05
-0.000166537
0.000168967
4.13659e-06
-0.000164662
0.000166494
4.90758e-06
-2.27985e-05
4.13192e-06
4.77385e-06
-4.28138e-05
2.46765e-05
4.36514e-05
-2.74534e-05
8.46744e-06
2.34343e-05
-2.39806e-05
6.54435e-06
-4.87003e-05
2.39827e-05
4.86772e-05
7.05917e-06
2.23707e-05
5.54697e-06
-2.15232e-05
-6.158e-05
6.20532e-05
5.86585e-06
-5.93948e-05
6.0571e-05
7.02313e-06
-2.08565e-05
5.17378e-06
6.04895e-06
2.06198e-05
-7.32434e-05
7.42348e-05
-1.93054e-05
3.85562e-06
-8.55775e-05
8.56403e-05
7.27191e-06
2.0008e-05
-1.87564e-05
3.51172e-06
7.2073e-06
-0.000173071
-5.76457e-05
0.000161586
6.73517e-05
-5.47166e-05
6.48674e-05
0.000139163
0.000418388
0.000765866
0.000352427
0.000577648
0.000433431
-0.000206375
0.000128611
0.000441142
0.000384313
7.77643e-05
0.000363948
0.000398117
0.000335848
0.0004478
0.000210456
6.04663e-05
0.00067329
-8.9986e-06
0.000728874
0.000161115
0.000161519
0.000725646
0.000345735
-2.73232e-05
0.000620296
0.000459296
3.1561e-05
0.000473266
0.000461731
0.000118858
0.000414944
0.00044602
-2.84685e-05
0.000503514
0.00045079
-0.000169317
0.000150058
0.000763784
-4.82296e-05
-0.000106155
0.000159925
0.0001162
-0.000134269
0.000631678
0.00011473
-0.000388506
0.000540406
6.85338e-06
0.000226548
0.000638246
0.000292611
0.00074083
0.00039745
0.00018517
0.000504312
0.000449847
0.000168661
0.000519244
0.000705412
-0.000124513
0.000152992
0.000770546
4.49638e-05
0.000732916
0.000589557
-0.000611647
0.000358828
0.000153658
-0.000611199
0.000116822
0.000520882
-0.000820469
3.84505e-05
6.91335e-05
0.000465692
5.35469e-05
0.000340239
0.000375766
-0.000312371
0.000136836
0.000212805
-0.000616021
-0.000168449
0.00031955
-4.15185e-05
8.89089e-05
0.000356647
-0.000138506
0.000120806
0.000209213
-0.000366522
-9.78942e-05
9.42264e-05
-0.000223247
-0.000192252
0.000380223
0.000187952
0.000758421
0.000162163
0.000151952
-0.000150099
-0.000203603
9.29951e-05
8.54882e-05
-7.72022e-05
-0.000114411
0.000139025
-2.98701e-05
4.77819e-05
-0.000189191
0.000425731
3.56186e-06
1.29294e-05
-0.000473866
0.000189751
4.71832e-05
-3.33851e-05
-0.000648706
-0.000205458
-0.000214392
0.000105104
-0.000116061
0.000151609
-0.000190831
0.000440193
-0.000476835
0.000209229
-0.000664093
-0.00019682
-0.000125756
0.000129646
-4.14826e-05
2.93371e-06
-0.000187639
0.00020702
-4.84276e-05
-1.6447e-05
-0.000146311
0.000148932
-0.000169176
-4.95921e-05
-9.18504e-05
0.000119356
-8.7555e-05
-0.00010544
-2.12762e-05
3.10102e-05
5.08767e-05
-7.08322e-05
-3.73925e-05
2.71797e-06
-5.13643e-05
-2.53875e-05
-0.000136732
-4.72159e-05
-7.1059e-05
-9.18e-05
4.4959e-05
-6.30173e-05
-0.000118851
-0.000172599
0.000154894
-8.25347e-05
-0.000247003
0.000230358
-0.00010497
-0.0004416
-2.17312e-05
-7.84068e-05
-0.000395751
-0.000238215
-0.000119491
-0.000117553
0.000117584
-0.000116268
-0.000164626
0.000134188
-7.13212e-05
-0.000241481
0.000203939
-8.39234e-05
-0.000419925
-5.20573e-05
-5.78356e-05
-0.000337133
-0.000235005
9.822e-05
-5.84303e-06
-1.49185e-05
-1.23175e-05
6.55654e-05
-2.48935e-05
-2.18768e-05
8.77695e-05
-2.91922e-05
-5.86276e-05
6.12988e-05
-1.30073e-05
-5.16806e-05
1.93544e-05
-4.81375e-06
-3.86038e-05
1.81148e-06
2.09776e-05
-2.3668e-05
0.000100361
-8.14388e-06
-1.40575e-05
-1.39126e-05
6.622e-05
-2.9509e-05
-1.99478e-05
8.62697e-05
-5.0579e-05
-6.70029e-05
6.32598e-05
-1.81532e-05
-6.11611e-05
2.01131e-05
3.04605e-06
-4.25325e-05
4.26399e-06
1.55388e-05
-2.69999e-05
-4.22523e-05
3.80745e-05
-4.30688e-05
-9.22291e-06
9.45234e-06
-1.81341e-06
-1.27705e-05
-5.56353e-07
6.6371e-07
1.83174e-05
-4.06394e-05
-4.56751e-06
-9.86068e-06
1.88684e-05
-1.38951e-05
-9.26768e-06
7.81166e-05
8.34606e-06
7.77622e-06
0.00013542
-0.000121706
-0.000128951
5.40782e-05
-4.58191e-05
-0.000164346
-0.000183109
-9.6702e-05
-0.000197405
-0.000229877
-6.92475e-05
-0.000106622
8.93579e-05
-0.000175943
-0.000112214
-2.48686e-05
0.000124008
9.76551e-06
0.000104405
-2.33005e-05
7.68034e-06
-2.66041e-05
0.000123017
1.03858e-05
0.000104057
-2.49098e-05
8.10742e-06
0.000146722
2.66485e-05
-2.5107e-05
8.02922e-06
2.84068e-05
0.000146286
-2.67082e-05
8.3148e-06
0.000160772
2.69784e-05
7.68185e-06
2.90521e-05
0.000161405
8.14762e-06
-2.18007e-05
-0.00012975
0.000128891
8.38249e-06
-0.000111878
-1.97679e-05
0.000111579
5.63299e-06
-2.09617e-05
8.21788e-06
-1.89384e-05
5.51593e-06
2.22817e-05
-0.000155168
0.000155591
-1.97568e-05
4.34648e-06
-0.000159382
2.39286e-05
0.000160871
3.52352e-06
2.06035e-05
-1.8406e-05
4.30161e-06
2.17847e-05
3.58223e-06
-3.66594e-05
0.000184578
1.64294e-05
0.000175204
-3.70104e-05
1.67829e-05
-4.269e-05
0.000187049
2.28997e-05
-4.31774e-05
0.000176653
2.14013e-05
-3.45159e-05
-0.000179088
0.000183132
9.07473e-06
-0.000173137
-3.49504e-05
0.000175956
9.60697e-06
-3.14484e-05
-0.000175155
8.10098e-06
-0.000170847
-3.19045e-05
8.69653e-06
-2.631e-05
0.000172097
5.60268e-06
0.000168565
6.20611e-06
-2.83183e-05
5.8373e-06
6.54462e-06
0.000118605
-3.22176e-05
1.60102e-05
-3.52145e-05
0.000115197
1.92372e-05
0.00010343
-2.9653e-05
1.40221e-05
-3.34014e-05
0.000101907
1.70524e-05
0.000141832
3.65266e-05
-3.49022e-05
1.59943e-05
4.20031e-05
0.000140758
-4.00226e-05
1.94596e-05
0.000160688
1.6873e-05
0.000159726
2.12048e-05
-0.000122298
-3.09432e-05
0.000121394
1.26281e-05
-2.81501e-05
1.12888e-05
-0.000103845
-2.87428e-05
0.000103768
9.88837e-06
-2.61688e-05
8.77497e-06
-0.00014584
3.37938e-05
0.000145811
-3.15798e-05
1.03406e-05
3.10891e-05
-2.90531e-05
9.75929e-06
-0.000162246
0.000163151
1.09087e-05
9.82791e-06
2.51668e-05
4.24e-05
-2.62852e-05
1.10743e-05
4.89087e-05
2.41297e-05
8.55963e-06
2.67591e-05
4.25657e-05
-2.97677e-05
1.26811e-05
2.6205e-05
4.78759e-05
1.06488e-05
-2.25328e-05
6.33586e-05
6.04513e-06
6.06984e-05
8.28579e-06
-2.34864e-05
6.32931e-05
7.38997e-06
6.11739e-05
9.78109e-06
0.00011629
0.000149003
1.65447e-05
1.82165e-05
1.60018e-05
1.83413e-05
-4.10201e-05
2.9465e-05
4.05001e-05
-3.27609e-05
1.70901e-05
2.7247e-05
-2.86895e-05
1.55457e-05
-4.73048e-05
2.92431e-05
4.53456e-05
1.51852e-05
2.66795e-05
1.26787e-05
0.000242057
1.05527e-05
1.40601e-05
1.28952e-05
1.56934e-05
-6.43412e-05
-2.66138e-05
6.39837e-05
1.04211e-05
-2.50478e-05
8.11366e-06
-6.0868e-05
6.08507e-05
1.42652e-05
1.18804e-05
0.000130265
0.000117376
1.98642e-05
2.02379e-05
2.19296e-05
2.11263e-05
0.000226633
1.88762e-05
2.22364e-05
1.51301e-05
2.02247e-05
2.15826e-05
7.52532e-05
-2.03995e-05
3.94624e-06
8.58597e-05
7.31846e-06
2.27712e-05
7.62786e-05
-2.12572e-05
4.44828e-06
8.61417e-05
7.41271e-06
2.87721e-05
7.79989e-05
-2.70855e-05
1.06792e-05
8.27813e-05
1.31024e-05
3.18364e-05
7.78253e-05
-3.01236e-05
1.32782e-05
8.19014e-05
1.51524e-05
-7.72733e-05
2.62314e-05
-2.43441e-05
7.82953e-05
5.94969e-06
2.40561e-05
-2.26765e-05
5.20588e-06
-8.65445e-05
8.69812e-05
8.43913e-06
8.07596e-06
0.000141499
0.000247895
-0.000140254
2.5651e-05
2.50431e-05
2.86182e-05
2.8832e-05
3.81021e-05
-7.57295e-05
-3.63583e-05
7.24022e-05
2.10116e-05
-8.07611e-05
4.00279e-05
7.63023e-05
2.27024e-05
3.41445e-05
-3.20107e-05
1.72076e-05
3.5262e-05
1.83124e-05
0.000343619
3.09573e-05
3.24675e-05
2.91204e-05
3.30012e-05
-0.000112516
-4.21697e-05
0.000106424
2.87953e-05
-3.76638e-05
2.35104e-05
-0.000100538
9.67043e-05
2.63379e-05
2.03326e-05
0.000157115
-0.000150985
3.19447e-05
2.87362e-05
2.88659e-05
2.87679e-05
3.65789e-05
3.95721e-05
3.43713e-05
3.7678e-05
-5.04372e-05
0.00017772
4.31091e-05
0.000166183
-4.92738e-05
4.23316e-05
-5.32151e-05
0.000166525
5.61341e-05
-5.25859e-05
0.000156978
5.26404e-05
-5.20787e-05
-0.000188403
0.00018398
4.41224e-05
-0.000175469
-5.25181e-05
0.000171371
4.05022e-05
-4.57556e-05
3.01094e-05
-4.56858e-05
2.99428e-05
0.000130012
4.87731e-05
-4.59612e-05
3.68221e-05
5.14799e-05
0.000119339
-4.92899e-05
4.64736e-05
0.000145544
3.9014e-05
0.00013351
4.86137e-05
-0.000138149
5.15048e-05
-4.89917e-05
0.000132836
3.42259e-05
4.47106e-05
-4.26719e-05
2.65559e-05
-0.000157888
0.000151809
3.84515e-05
2.83296e-05
-5.77029e-05
-0.000160654
0.000145901
6.22222e-05
-0.000147949
-5.57477e-05
0.000135103
5.9425e-05
-5.7976e-05
5.63777e-05
-5.65858e-05
5.58338e-05
-0.000107804
5.23126e-05
-5.03998e-05
9.55146e-05
5.24302e-05
5.48854e-05
-4.97488e-05
4.95077e-05
-0.000122897
0.000106317
5.40479e-05
5.09272e-05
-2.41162e-05
-0.000161068
0.000163924
1.7089e-06
-0.000161081
0.000163453
2.34858e-06
-2.18043e-05
1.87915e-06
2.3943e-06
2.75079e-05
2.64284e-05
8.92735e-05
7.87842e-06
6.21561e-06
2.70839e-06
5.29487e-06
-4.30865e-05
2.42952e-05
4.37097e-05
1.10569e-05
2.36819e-05
8.02654e-06
-4.85161e-05
2.24192e-05
4.9573e-05
7.87833e-06
2.16152e-05
6.04054e-06
-2.0654e-05
-6.10009e-05
6.23107e-05
5.90459e-06
-5.76905e-05
5.90508e-05
7.42807e-06
-1.99785e-05
4.87435e-06
6.02451e-06
1.73725e-05
-7.96411e-05
7.99851e-05
-1.51771e-05
1.3162e-06
-9.35467e-05
9.40801e-05
4.34321e-06
1.66897e-05
-1.46867e-05
1.00597e-06
4.38479e-06
-0.000166652
-0.000232611
8.09274e-05
8.6079e-05
8.22908e-05
8.1491e-05
-0.000176735
-6.37988e-05
8.03549e-05
-5.58583e-05
7.28144e-05
6.16068e-05
0.000242723
0.000662994
0.00071592
0.000375674
0.000493983
0.000353268
0.000409716
0.000370106
0.000383341
0.000469482
0.000501361
3.81701e-05
0.000345493
-3.94519e-05
-0.000102299
0.000153987
0.000138339
-0.000133867
0.000615701
-0.00016895
0.000754473
0.000168897
-2.79177e-05
0.000715887
0.000205645
0.000140032
0.000705691
0.000412919
5.80747e-05
0.000599623
0.000460034
0.000111043
0.000466811
0.000467481
-1.75202e-05
0.000536302
0.000475716
-0.000329332
0.000389461
0.00015478
-0.000386993
0.000130249
0.000524059
-0.000147276
-0.000188776
7.97971e-05
-6.98857e-05
-0.000111405
0.000129745
6.4802e-05
-0.00018825
0.000414402
2.66739e-05
-0.000470321
0.000176515
3.35817e-05
0.00023783
0.000695966
-0.000134664
0.000174103
0.000751799
0.000320972
0.000902201
0.00043701
0.000148836
0.000525888
0.00067459
4.76178e-05
0.000722497
0.000668214
-0.000614906
0.000121949
0.000504451
-0.000603912
0.000381882
0.000210781
-0.000644502
0.000210932
-0.000153257
-0.000816093
4.39347e-05
5.66078e-05
-0.000637138
-2.38191e-05
-0.000207962
0.000324516
-4.81955e-05
9.67756e-05
0.000379202
-0.000144703
0.000150015
0.000208568
-0.000391268
-8.72721e-05
7.88477e-05
-0.000286488
-0.000200567
0.000130744
-4.57126e-05
3.0963e-06
0.000221031
-5.12658e-05
-1.23428e-05
0.000152028
-0.000196975
-5.18372e-05
0.000107102
-0.00016163
-0.000147257
2.27213e-05
3.73388e-05
-8.90178e-05
0.000350115
9.62889e-05
-9.43459e-05
-0.000284509
0.000173661
-9.4698e-05
0.000116378
-0.000110529
-0.000109832
8.25668e-05
0.000109863
-0.000102722
-0.000153233
9.59261e-05
5.8042e-05
-4.28387e-05
-0.000230955
0.000167617
6.30487e-05
-4.45853e-05
-0.000395872
-8.15464e-05
4.28279e-05
-3.42948e-05
-0.00028173
-0.000226145
-0.000303845
0.000191608
-0.000100627
-0.000112676
9.86068e-05
-0.000158092
0.000112465
-0.000234806
0.000184885
-0.000406738
-6.90006e-05
-0.000301251
-0.00022797
-0.000101702
0.000101419
-1.00332e-05
-1.30839e-05
-1.80831e-05
-6.83937e-05
7.04165e-05
-3.27295e-05
-1.47873e-05
-8.27229e-05
7.8882e-05
-9.8078e-05
-8.37039e-05
-6.60942e-05
7.16045e-05
-4.85774e-05
-9.40801e-05
-3.00203e-05
3.5676e-05
1.45889e-06
-6.16781e-05
-6.67998e-06
9.25842e-06
1.30023e-05
-3.37635e-05
-8.65169e-06
-1.45548e-05
-1.55265e-05
-3.17405e-05
-1.90796e-05
-7.62403e-05
-8.2332e-05
-3.45871e-05
-8.65223e-05
-2.16926e-06
-5.45789e-05
1.40321e-05
-3.11761e-05
-0.000114962
0.000126763
-0.000126118
-0.000179436
8.66565e-05
-0.000130848
-0.000250215
2.05364e-05
-0.000105532
-0.000280684
-0.000152972
-4.2141e-05
-9.82659e-05
-0.000172653
-8.4322e-05
0.000195068
-0.000101733
-0.00011445
-0.000154795
0.00010724
-0.000117873
-0.000171665
5.6127e-05
-0.000107974
-0.000229578
-9.28162e-06
-8.04901e-05
-0.00024035
-0.000173883
-2.39107e-05
-0.00013924
-2.88094e-05
3.33042e-05
2.80568e-06
-9.18308e-06
6.02132e-05
-2.84541e-05
-1.22657e-05
6.04219e-05
-9.8918e-06
1.24102e-05
-1.76488e-05
6.25023e-05
-1.89493e-05
-3.55898e-05
4.28798e-05
-2.29925e-05
-4.78807e-05
3.73815e-05
2.01286e-06
-5.78142e-05
1.62995e-05
-3.461e-06
-2.10124e-05
4.90334e-07
2.36561e-05
3.33778e-05
2.21287e-06
-1.04303e-05
5.83357e-05
-2.68432e-05
-1.48459e-05
-1.18636e-05
6.24056e-05
1.34167e-05
-1.74495e-05
6.52865e-05
-3.45531e-05
-3.87579e-05
4.20737e-05
-2.68596e-05
-5.74904e-05
3.7738e-05
-6.38683e-05
5.3967e-06
1.74698e-05
-3.86379e-06
-2.43002e-05
2.77798e-07
2.33666e-05
-1.26869e-05
-1.70576e-05
5.55751e-05
-2.51523e-06
-7.85918e-07
-0.000142624
9.13708e-05
-6.91604e-05
0.000127776
-8.06718e-05
-2.31556e-05
0.00012821
8.4947e-06
0.00011141
-2.07638e-05
5.45702e-06
-2.45031e-05
0.000127605
8.78604e-06
0.000111363
-2.21493e-05
5.80123e-06
0.000156078
2.34123e-05
-2.08179e-05
4.94859e-06
2.58383e-05
0.000156528
-2.28578e-05
4.88366e-06
0.000162565
2.49368e-05
4.4632e-06
2.788e-05
0.000164293
4.37807e-06
-1.62912e-05
-0.000145472
0.000145172
5.21712e-06
-0.000134575
-1.32193e-05
0.000134253
2.88253e-06
-1.52279e-05
5.27647e-06
-1.21511e-05
2.75739e-06
1.79396e-05
-0.000122725
0.000123941
-1.481e-05
-0.000120269
1.95319e-05
0.0001222
1.61764e-05
-1.34319e-05
1.75216e-05
-3.93348e-05
0.00018834
1.36019e-05
0.000178852
-3.94907e-05
1.40427e-05
-4.41633e-05
0.000193549
1.81611e-05
-4.39995e-05
0.000182143
1.79473e-05
-3.46917e-05
-0.00017563
0.000181166
3.88232e-06
-0.000172452
-3.39992e-05
0.000176518
4.84866e-06
-3.00253e-05
-0.000171124
4.33888e-06
-0.000169068
-2.94939e-05
4.78139e-06
-2.51575e-05
0.000167431
2.76153e-06
0.000166177
3.26134e-06
-2.82466e-05
2.4688e-06
3.28671e-06
0.00012068
-3.30881e-05
1.49097e-05
-3.73952e-05
0.000119182
1.81083e-05
0.000103916
-3.05635e-05
1.13503e-05
-3.44454e-05
0.000103478
1.454e-05
0.000145578
3.79881e-05
-3.53701e-05
1.36089e-05
4.2281e-05
0.000146105
-3.95283e-05
1.61803e-05
0.000164116
1.44053e-05
0.000165508
1.80939e-05
-0.000127132
-2.89706e-05
0.000127115
1.00355e-05
-2.67288e-05
9.43736e-06
-0.000111519
-2.62116e-05
0.000111973
6.67616e-06
-2.3885e-05
5.77454e-06
-0.000157267
3.1337e-05
0.000158351
-2.78065e-05
5.72684e-06
2.75403e-05
-2.44473e-05
5.92716e-06
-0.000166377
0.000168877
5.74655e-06
5.78958e-06
2.85447e-05
2.9527e-05
8.0956e-05
9.86555e-06
1.19228e-05
1.08322e-05
8.07017e-06
2.47578e-05
4.36595e-05
1.49113e-05
5.02885e-05
2.31831e-05
9.41876e-06
2.54425e-05
4.27752e-05
1.76499e-05
2.42279e-05
5.01523e-05
1.19995e-05
-2.18044e-05
6.36385e-05
6.12214e-06
6.03059e-05
8.4094e-06
-2.26466e-05
6.47424e-05
7.6755e-06
6.10656e-05
1.06027e-05
3.82258e-05
3.01524e-05
-3.12716e-05
1.99383e-05
3.23688e-05
3.58679e-05
-3.49685e-05
2.31741e-05
4.39066e-05
3.03073e-05
1.7286e-05
3.2724e-05
4.07143e-05
2.11783e-05
3.25386e-05
3.06776e-05
7.15791e-05
1.51433e-05
1.51673e-05
1.38576e-05
1.48373e-05
-4.14676e-05
2.75987e-05
4.01691e-05
2.33285e-05
2.5854e-05
2.16769e-05
-4.9326e-05
2.68132e-05
4.77705e-05
1.75261e-05
2.51122e-05
1.42468e-05
-2.89018e-05
6.43831e-05
1.19696e-05
5.93376e-05
1.69786e-05
-3.06661e-05
6.23812e-05
1.54396e-05
5.74799e-05
1.96091e-05
-6.56028e-05
-2.5418e-05
6.62533e-05
1.08446e-05
-2.40645e-05
8.64129e-06
-6.13215e-05
6.12707e-05
1.57112e-05
1.26722e-05
0.000135518
2.28728e-05
2.29887e-05
2.39979e-05
2.40706e-05
-3.24967e-05
3.71496e-05
-3.82289e-05
2.80131e-05
2.54271e-05
3.36763e-05
-3.47262e-05
2.4659e-05
-3.70743e-05
3.78309e-05
3.18856e-05
2.64371e-05
3.41856e-05
2.4257e-05
0.000190522
2.10328e-05
2.50142e-05
2.38905e-05
2.68954e-05
-3.67042e-05
-6.13137e-05
5.73561e-05
2.31797e-05
-5.4457e-05
4.94464e-05
2.83737e-05
-3.37113e-05
1.78981e-05
2.37219e-05
2.69536e-05
2.72511e-05
2.72206e-05
2.90964e-05
1.82826e-05
8.02776e-05
-1.62992e-05
1.67031e-06
9.46566e-05
4.26074e-06
1.96485e-05
8.04934e-05
-1.74242e-05
2.00824e-06
9.52218e-05
4.34675e-06
2.7989e-05
7.93122e-05
-2.63408e-05
8.0142e-06
8.74579e-05
1.00512e-05
3.15377e-05
7.99682e-05
-2.92894e-05
1.0374e-05
8.76311e-05
1.20715e-05
-8.07101e-05
2.34895e-05
-2.10578e-05
8.10642e-05
3.16385e-06
2.10267e-05
-1.88333e-05
2.79576e-06
-9.59127e-05
9.66123e-05
5.01747e-06
4.52671e-06
3.91144e-05
7.00808e-05
-3.76711e-05
2.65292e-05
7.39131e-05
4.10229e-05
2.55238e-05
4.43463e-05
6.28616e-05
-4.38317e-05
3.53227e-05
4.49119e-05
6.63819e-05
3.57976e-05
3.89561e-05
-7.98938e-05
-3.73303e-05
7.72524e-05
2.20272e-05
-8.73125e-05
4.18364e-05
8.47235e-05
2.2411e-05
3.39331e-05
-3.22747e-05
1.56235e-05
3.68415e-05
1.57227e-05
0.00010156
-4.40003e-05
3.38603e-05
-4.71047e-05
8.99113e-05
4.19314e-05
9.32237e-05
2.96236e-05
8.45733e-05
3.94589e-05
-0.000116352
-4.52745e-05
0.000110973
3.04579e-05
-4.00913e-05
2.37594e-05
-0.000101944
9.91806e-05
2.56634e-05
1.86165e-05
4.62639e-05
-5.46507e-05
-4.37379e-05
4.60968e-05
3.79726e-05
-5.87733e-05
4.53527e-05
4.86683e-05
3.97525e-05
4.46453e-05
-4.2826e-05
3.52575e-05
4.48494e-05
3.61724e-05
-8.10097e-05
-4.8476e-05
6.60998e-05
4.95651e-05
-4.74984e-05
4.62232e-05
-7.65955e-05
6.35965e-05
4.4247e-05
4.30069e-05
-5.50325e-05
0.000180646
4.95433e-05
0.000165315
-5.47741e-05
4.81295e-05
-5.841e-05
0.000170527
6.60988e-05
-5.78387e-05
0.00015656
6.08246e-05
-5.7207e-05
-0.000197487
0.000195552
4.65002e-05
-0.000183166
-5.63916e-05
0.000178922
4.39303e-05
-5.1276e-05
2.90148e-05
-5.10935e-05
2.87371e-05
0.000126037
5.30882e-05
-5.02506e-05
4.07835e-05
5.67656e-05
0.000115898
-5.49679e-05
5.48158e-05
0.000145658
4.34788e-05
0.000135284
5.79152e-05
-0.000143752
5.39217e-05
-5.08073e-05
0.000138498
3.6365e-05
4.89681e-05
-4.5521e-05
2.54618e-05
-0.000164306
0.000158841
4.14471e-05
2.74064e-05
-0.000151451
-0.000133457
-0.000234423
7.13751e-05
6.78951e-05
6.81209e-05
7.01728e-05
-6.431e-05
-0.000164444
7.57261e-05
-0.000146814
-6.33535e-05
7.18257e-05
-5.9262e-05
6.58643e-05
-5.877e-05
6.50874e-05
-9.12484e-05
-0.000108227
-0.000205005
5.8046e-05
6.03303e-05
6.08176e-05
6.00525e-05
-0.000102972
6.07204e-05
-5.98581e-05
6.32916e-05
5.72213e-05
-5.39851e-05
5.91969e-05
-0.000123614
6.68021e-05
6.10479e-05
-1.97915e-05
-0.000118822
0.000121
-0.000118865
0.000120954
-1.76202e-05
-2.97246e-05
-3.18303e-05
3.07751e-05
2.89338e-05
9.72445e-06
-3.00975e-05
2.98424e-05
7.60767e-06
2.15455e-05
-3.03713e-05
3.86305e-06
-3.24826e-05
2.11749e-05
6.31778e-06
-4.5618e-05
2.62281e-05
4.43907e-05
1.68313e-05
2.6625e-05
1.06865e-05
-4.99509e-05
2.32319e-05
1.09392e-05
4.98861e-05
2.30159e-05
8.51151e-06
-1.77124e-05
-5.87591e-05
7.5196e-06
5.96794e-05
-5.76436e-05
5.87277e-05
-1.72882e-05
6.19812e-06
1.84318e-05
3.48327e-05
3.65422e-05
1.20859e-05
1.05147e-05
-9.46306e-05
2.16641e-06
-1.05522e-05
9.3818e-05
-0.000115838
0.000115803
1.6731e-06
9.34355e-06
1.61434e-06
-9.19357e-06
1.41156e-06
7.69274e-05
0.000148503
-0.000160521
-7.68027e-05
9.28209e-05
0.00016628
9.95056e-05
-7.53413e-05
0.000147439
0.000105242
0.000130153
-7.33864e-05
9.78863e-05
-0.000172256
-7.3025e-05
9.53093e-05
8.84735e-05
-7.01446e-05
-0.000300887
-0.000133734
-0.000111989
0.000384729
-3.8287e-05
-9.28921e-05
0.000153334
2.9688e-05
0.000285108
0.000615929
-0.000130806
0.000156969
0.000606219
0.000609565
0.000400123
0.000504774
0.000316284
0.000417694
0.000446796
0.000546366
4.45075e-05
0.000362449
0.000327745
-5.72037e-05
9.21443e-05
0.000399783
-0.000157145
0.000152724
-0.000147172
-0.000171794
6.93915e-05
-6.49029e-05
-0.0001082
0.000123338
8.1924e-05
-0.000187009
0.000398595
-0.000382169
0.000513371
0.000138614
-0.000181589
0.000728534
0.000203175
-3.14857e-05
0.000719597
0.000256806
0.000167328
0.000775229
0.000390957
0.000102198
0.000512179
0.000461304
-1.80601e-05
0.000576703
0.000492758
-0.00032399
0.000413808
0.000171447
-0.000409789
0.000209529
-8.08946e-05
-0.000464892
3.56379e-05
0.000163894
-8.99657e-05
-0.000260129
0.00015393
-8.69572e-05
-0.000105796
-0.000105749
6.94085e-05
-9.85368e-05
-0.000148695
8.60043e-05
-3.17069e-05
-0.000227319
0.000160268
-3.05113e-05
-0.000389122
-8.55757e-05
7.36508e-06
0.000447188
0.000685478
-0.000142904
0.000256929
0.000756045
-0.000632695
0.000140614
0.000462333
0.000162588
0.00050249
0.000647935
-2.39178e-05
0.000609989
0.000811016
-0.000601112
0.000437349
0.000251209
-0.000810215
4.12298e-05
4.53048e-05
-0.000662401
0.000215357
-0.000126293
-0.000312743
6.85065e-05
-0.000199108
-0.000623323
-1.94157e-05
-0.000209201
-0.000274212
-3.15206e-05
-0.000220783
0.000128179
-5.0607e-05
4.97637e-06
0.000230047
-5.27084e-05
-4.23566e-06
0.000156783
-0.000209403
-3.66045e-05
9.19927e-05
-0.000200363
-0.000158289
1.56205e-05
3.21316e-05
-9.46604e-05
9.96788e-05
-1.0109e-05
-1.21422e-05
-2.17209e-05
7.04646e-05
-3.6656e-05
-1.15617e-05
7.45696e-05
-0.000115137
-8.98681e-05
5.49816e-05
-8.1811e-05
-0.000115033
2.81881e-05
-1.48465e-05
-8.75836e-05
6.27296e-06
5.13201e-05
-4.36274e-05
9.26685e-05
-8.95306e-05
-0.000209029
-7.86182e-05
8.4551e-05
-8.10081e-05
0.000150689
-9.04035e-05
6.64144e-05
-8.02433e-05
-6.47314e-05
-0.000169786
0.000153648
0.000109614
-0.000103305
-0.000142622
6.56467e-05
0.000108698
-9.84704e-05
-0.000158627
1.33713e-05
8.77211e-05
-7.01208e-05
-0.000205414
-4.04412e-05
5.8899e-05
-4.27102e-05
-0.000197203
-0.000182263
1.60646e-05
-1.7937e-05
3.45398e-05
-0.000116518
-0.000220783
-8.25831e-05
0.000174314
-9.51529e-05
-8.55555e-05
-0.000186302
0.000171194
-0.000147683
8.33619e-05
-0.000163674
3.21575e-05
-0.000216985
-2.51214e-05
-0.000213316
-0.000178527
-0.000124123
2.38264e-05
-3.33891e-05
3.31812e-05
2.8811e-06
-1.27064e-05
-5.68204e-05
5.49186e-05
-2.46611e-05
-1.92505e-05
-6.40232e-05
-1.58375e-05
6.48686e-05
1.66217e-05
-1.97127e-05
-6.39968e-05
5.80583e-05
-6.46427e-05
-4.22842e-05
-4.35468e-05
4.49664e-05
-4.78728e-05
-8.58281e-05
-3.67638e-05
3.55455e-05
-1.29181e-06
-9.01111e-05
-1.51358e-05
1.33179e-05
-1.73981e-05
-2.94599e-05
9.06688e-08
-1.67474e-07
2.56032e-05
2.70419e-06
-1.13673e-05
-2.78215e-05
-1.69585e-05
-1.33132e-05
1.5778e-05
-1.9609e-05
-5.02259e-05
-4.38043e-05
-3.68329e-05
-8.15592e-05
-8.78112e-05
9.38832e-08
-1.18848e-05
-2.6328e-05
3.25066e-05
-0.000117283
-0.000168527
0.000119361
-0.000127964
-0.000181059
2.48636e-06
-0.000107212
-0.000167977
-0.000115178
-0.000146865
-6.44181e-05
-0.000109114
0.000149822
-8.57011e-05
2.68264e-05
-0.00012449
-9.38272e-05
0.000166908
0.000177178
-7.28815e-05
-0.000113116
-0.000159029
9.0437e-05
-0.00010966
-0.0001621
-2.96548e-05
-7.994e-05
-0.00014581
-0.000131093
-4.52406e-05
-7.20474e-05
9.20435e-05
4.73889e-06
5.63041e-05
5.91084e-05
-1.34401e-05
-3.61149e-05
5.32787e-05
-2.32556e-05
3.81128e-05
-1.47022e-05
-4.30481e-05
-4.05986e-05
2.83094e-05
-1.91586e-06
-1.23357e-05
4.53379e-05
-8.83114e-06
1.28926e-07
4.87172e-05
-2.91575e-06
4.92203e-06
9.15008e-05
5.62579e-05
-2.3378e-05
5.90828e-05
-3.79926e-05
-2.21482e-05
5.40707e-05
3.77334e-05
-1.69507e-05
-4.82874e-05
2.38327e-05
-2.27913e-06
-2.51204e-06
-1.75614e-05
0.000145003
5.40724e-06
0.000134074
-1.45588e-05
2.63408e-06
-1.92176e-05
0.000144949
5.19902e-06
0.000133957
-1.61348e-05
2.8353e-06
0.000125631
1.85497e-05
-1.5291e-05
2.082e-05
0.000126879
-1.71842e-05
0.000124834
2.03794e-05
2.29647e-05
0.000127067
-9.99246e-06
-0.000122652
0.000123052
-0.000120984
-6.92642e-06
0.000120801
-8.89561e-06
-6.18989e-06
-3.76464e-05
0.000187887
7.6038e-06
0.000181793
-3.66633e-05
7.78397e-06
-4.57543e-05
0.000198121
8.42114e-06
-4.461e-05
0.000189365
9.23097e-06
-2.92908e-05
-0.000131738
0.000136143
-0.000130858
-2.82787e-05
0.000134694
-2.51444e-05
-0.000127104
-0.000126684
-2.45364e-05
-2.06685e-05
0.00012414
0.000123926
-2.34932e-05
0.000126903
-3.26048e-05
1.23566e-05
-3.63221e-05
0.000127535
1.42703e-05
0.000112426
-2.91537e-05
7.44583e-06
-3.29641e-05
0.00011363
9.97753e-06
0.000160327
3.4123e-05
-3.03835e-05
7.89303e-06
4.10054e-05
0.000163628
-3.63768e-05
8.25049e-06
0.000172429
8.31298e-06
0.000177547
9.37178e-06
-0.000145193
-2.37559e-05
0.00014584
5.33779e-06
-2.10582e-05
5.80452e-06
-0.000134149
-2.04694e-05
0.000134679
2.8592e-06
-1.80563e-05
2.58084e-06
-0.000128992
2.53658e-05
0.000130451
-2.1098e-05
2.20517e-05
-1.82369e-05
-0.000130372
0.000133206
2.78034e-05
-3.5777e-05
3.46094e-05
1.21636e-05
-3.89107e-05
3.61088e-05
2.67374e-05
1.57906e-05
-2.00925e-05
1.8732e-05
-3.92027e-05
1.24847e-05
-3.55975e-05
8.97306e-06
2.84486e-05
4.29965e-05
2.24662e-05
4.95078e-05
2.50273e-05
1.32185e-05
2.85084e-05
4.0373e-05
2.78739e-05
2.57289e-05
4.80719e-05
1.62149e-05
-1.92597e-05
6.06093e-05
8.15273e-06
5.95914e-05
-2.02736e-05
6.13108e-05
9.82335e-06
5.9812e-05
3.33381e-05
3.48449e-05
6.04131e-05
1.93917e-05
2.09766e-05
2.06187e-05
1.98552e-05
3.82065e-05
2.8383e-05
2.6856e-05
3.03785e-05
3.57831e-05
3.00638e-05
4.55042e-05
2.85182e-05
1.94171e-05
3.08745e-05
4.28905e-05
2.3296e-05
-2.64664e-05
-4.70401e-05
4.19085e-05
2.48998e-05
2.18415e-05
-4.41851e-05
4.00574e-05
1.95661e-05
1.74561e-05
-4.34392e-05
1.43875e-05
-4.64418e-05
1.57518e-05
1.59433e-05
-3.84816e-05
3.17641e-05
3.6215e-05
3.57396e-05
3.07521e-05
3.28735e-05
-4.67261e-05
2.90279e-05
4.53717e-05
2.16167e-05
2.75266e-05
1.88181e-05
-2.7631e-05
6.64177e-05
1.30954e-05
5.99431e-05
1.91934e-05
-2.97686e-05
6.57568e-05
1.65797e-05
5.79753e-05
2.26829e-05
-6.19527e-05
-2.39418e-05
6.24233e-05
1.32579e-05
-2.20139e-05
1.11801e-05
-5.95493e-05
5.90874e-05
2.12592e-05
1.84475e-05
3.89061e-05
3.66164e-05
4.69868e-05
2.38932e-05
2.20187e-05
2.11925e-05
2.09625e-05
3.87165e-05
2.46278e-05
-3.88222e-05
2.63638e-05
2.78213e-05
3.96011e-05
2.61684e-05
4.10609e-05
2.01804e-05
-4.02018e-05
2.75862e-05
4.10623e-05
2.19148e-05
2.99757e-05
-3.30126e-05
3.54678e-05
2.8468e-05
3.34099e-05
3.17741e-05
3.22718e-05
-3.92589e-05
3.62123e-05
3.40367e-05
3.09148e-05
3.28491e-05
2.68136e-05
-4.01542e-05
5.33853e-05
2.74867e-05
4.45154e-05
2.93922e-05
-4.20289e-05
4.50838e-05
3.03893e-05
3.8461e-05
3.19831e-05
-3.6541e-05
-6.39502e-05
5.97123e-05
2.66283e-05
-5.45614e-05
4.96723e-05
3.29341e-05
-3.30972e-05
2.05273e-05
2.68877e-05
3.96167e-05
3.95368e-05
-1.9763e-05
-2.09087e-05
-0.000165025
4.32028e-05
4.48975e-05
3.2761e-05
3.0908e-05
3.30667e-05
3.07664e-05
-3.87058e-05
-4.23771e-05
2.98961e-05
3.44025e-05
-4.15895e-05
3.23926e-05
-3.24761e-05
3.26603e-05
2.4276e-05
3.30286e-05
1.79379e-05
4.15862e-05
4.01228e-05
1.8373e-05
4.52844e-05
4.79577e-05
1.99102e-05
3.50611e-06
1.19612e-05
9.30591e-05
3.06588e-06
-1.2598e-05
0.00011582
1.64612e-06
1.36632e-05
9.22658e-05
3.12553e-06
-1.39872e-05
0.000115723
1.97261e-06
2.56518e-05
8.13714e-05
-2.28676e-05
4.92287e-06
9.75211e-05
5.64044e-06
2.97397e-05
8.21783e-05
-2.7108e-05
6.93537e-06
9.82363e-05
8.13193e-06
-9.14806e-05
1.8099e-05
-1.81108e-05
9.10619e-05
3.59436e-06
1.53462e-05
-1.56951e-05
3.92995e-06
-0.000115734
0.000116033
2.34799e-06
1.80505e-06
4.12633e-05
7.27421e-05
-3.94241e-05
2.92003e-05
8.0219e-05
4.42329e-05
2.70587e-05
4.52603e-05
6.42362e-05
-4.43988e-05
4.29672e-05
4.86792e-05
7.08998e-05
4.1698e-05
3.90142e-05
-8.25791e-05
-3.83348e-05
8.24489e-05
2.1478e-05
-9.81058e-05
4.26247e-05
9.63876e-05
2.05187e-05
3.33321e-05
-3.04317e-05
1.23224e-05
3.76096e-05
1.15757e-05
0.000104782
-4.7389e-05
3.71897e-05
-5.17998e-05
9.32276e-05
5.03173e-05
9.38192e-05
3.18289e-05
8.49038e-05
4.52537e-05
-0.000125264
-4.69532e-05
0.000120828
3.10402e-05
-4.17674e-05
2.22765e-05
-0.000112475
0.000109812
2.39983e-05
1.56138e-05
-4.5938e-05
-4.99775e-05
0.000184139
-0.000174882
4.45738e-05
4.36341e-05
4.31541e-05
4.28686e-05
4.87836e-05
-5.46269e-05
-4.86511e-05
4.65289e-05
-6.05071e-05
5.11566e-05
4.7909e-05
4.59912e-05
-4.53928e-05
4.42686e-05
4.89319e-05
4.36244e-05
-6.89947e-05
-6.1303e-05
5.10451e-05
4.98504e-05
5.26014e-05
5.28223e-05
-8.33203e-05
-5.6189e-05
6.02216e-05
-5.19315e-05
5.40767e-05
-7.51735e-05
5.30852e-05
4.97376e-05
-6.31229e-05
0.000187347
6.08331e-05
0.000168475
-6.35207e-05
5.89748e-05
-6.82496e-05
0.000170128
-6.91276e-05
0.000149934
-6.29946e-05
-0.000206811
4.69639e-05
0.000207426
-0.000195554
-6.14455e-05
4.47681e-05
0.000193167
-5.05917e-05
2.10083e-05
-4.90454e-05
2.10024e-05
0.000127775
6.19695e-05
-5.84111e-05
4.79483e-05
6.65104e-05
0.000110147
-6.21708e-05
6.81046e-05
0.000147425
5.3343e-05
0.000127861
7.48619e-05
-0.000165522
5.64873e-05
-5.04554e-05
0.000159134
3.67211e-05
4.57197e-05
-4.11307e-05
1.89789e-05
-0.000181003
0.00017597
4.15228e-05
2.06242e-05
-7.66468e-05
0.000127748
-0.000141682
8.51532e-05
0.000102336
-0.000119581
-7.20866e-05
8.05799e-05
6.98246e-05
-6.57465e-05
8.3029e-05
8.33493e-05
0.000104156
9.02033e-05
-7.21937e-05
-0.000156417
8.96296e-05
-0.000136392
-6.96123e-05
8.60554e-05
-7.22638e-05
8.16947e-05
-7.06128e-05
7.69787e-05
6.76091e-05
5.82412e-05
-7.43793e-05
-6.46097e-05
7.11848e-05
7.17835e-05
-9.12216e-05
7.52908e-05
-6.08357e-05
5.01091e-05
7.75813e-05
3.87865e-05
-5.38667e-05
7.25382e-05
-9.35896e-05
6.5189e-05
-6.22069e-05
7.95197e-05
6.6463e-05
-6.11968e-05
7.04877e-05
-0.000111715
8.28728e-05
7.30441e-05
0.000242991
-0.000181629
-3.66338e-05
-2.70839e-05
0.00023099
-6.04675e-05
-8.52046e-05
0.000300618
-3.40089e-05
-3.39024e-05
2.88507e-05
1.59464e-05
3.28386e-05
-3.29222e-05
2.82852e-05
1.36169e-05
2.27374e-05
6.63961e-06
2.319e-05
8.50488e-06
-4.99981e-05
5.01538e-05
4.17532e-05
4.58469e-05
2.87041e-05
3.45026e-05
3.6262e-05
-0.000109437
0.000109106
8.36138e-05
0.000124701
-0.000152222
0.000122492
-8.57635e-05
0.000145619
0.000130999
-8.76478e-05
0.000119771
-8.69505e-05
0.000109901
-7.74673e-05
-0.000103989
0.000131528
-7.59783e-05
0.000129665
-0.000378874
-0.000115707
-8.9698e-05
0.000116286
0.000130198
-2.71113e-05
-9.58181e-05
0.00011433
-0.00014935
-0.000152156
6.14411e-05
-5.8667e-05
-0.000103827
0.000120118
6.28653e-06
0.000277228
0.000579672
-0.00013429
0.000177759
0.000547841
-0.000181686
9.09676e-05
0.000396692
0.000812919
0.000259307
0.000446981
0.000389194
0.000581752
2.855e-05
0.0003648
0.000335289
-5.7891e-05
9.48538e-05
0.000429461
-0.000155386
0.000164166
0.000124032
-5.64307e-05
3.37335e-06
0.000226389
-5.72962e-05
-4.04677e-06
0.00015747
-0.000218261
-3.94921e-05
-7.79836e-05
-8.63152e-05
-0.000234599
0.000137139
-0.000104443
-0.000100679
6.05167e-05
-9.71325e-05
-0.000143888
7.88123e-05
-2.22127e-05
-0.000224115
0.000148324
-0.00045638
3.76641e-05
0.000157509
-0.000387284
0.000466753
0.000154984
-0.000197004
0.000705912
0.000270961
-2.88397e-05
0.000705923
0.000362317
0.000107428
0.000532944
0.000425352
-4.39058e-05
0.000565238
0.000492758
-0.000319677
0.000440641
0.000184489
-0.000421022
0.000215577
-7.59826e-05
-0.000218172
8.1765e-05
-0.000165238
-0.000381154
-2.04169e-05
-8.83694e-05
-7.08084e-05
-0.000195228
-8.36226e-05
-8.66524e-05
-7.64125e-05
0.000130238
-6.10525e-05
-0.000153755
0.000137981
-9.8536e-05
-0.000136959
5.29037e-05
-9.24637e-05
-0.000153985
6.66298e-06
-5.56394e-05
-0.000202196
-4.11384e-05
-3.54454e-05
-0.000188028
-0.000179025
-3.75142e-05
0.000414901
0.000572291
-0.000139931
0.000326722
0.000755615
-0.000635148
0.000196706
0.000430975
-0.000801337
4.71554e-05
4.54459e-06
-1.43277e-05
0.000668152
0.0006041
-0.000586601
0.000510148
0.000292406
-0.000677963
0.000221857
-0.000104927
-0.000605716
-2.19792e-05
-0.000205473
-0.000332465
6.25329e-05
-0.00019419
4.67471e-05
9.36796e-06
-9.71511e-05
-0.000261641
-3.03441e-05
-0.000217583
3.73075e-05
-1.86773e-05
-0.000112334
-2.57289e-05
9.67383e-05
-1.07202e-05
-1.12174e-05
6.85829e-05
-3.78402e-05
-8.01023e-06
7.15005e-05
-0.000123425
-8.71447e-05
3.92989e-05
-0.000103914
-0.000117371
2.39118e-05
-2.16485e-05
-0.000100232
5.31474e-06
6.5479e-05
-4.96964e-05
-1.40602e-05
4.24756e-06
3.28849e-05
-2.19703e-05
5.21605e-05
-2.40697e-05
-2.12116e-05
1.8123e-05
6.46837e-05
5.07071e-05
-7.53081e-05
-4.40399e-05
4.0592e-05
-6.16493e-05
-0.000105655
2.96981e-05
-9.31058e-06
-0.000114722
1.37169e-05
-1.7832e-06
-3.48793e-05
-1.02919e-07
2.12647e-05
5.53843e-05
-0.000167018
-5.2627e-05
6.96102e-05
-6.58728e-05
9.14857e-05
-0.000114704
-8.75268e-05
0.000118812
7.38156e-05
0.000138728
-7.23203e-05
0.000106608
-9.77858e-05
-0.000143486
4.16841e-05
9.30653e-05
-7.89004e-05
-0.000140035
-6.61728e-05
5.71784e-05
-3.88766e-05
-0.000109284
-0.000146662
-0.000138925
3.14568e-05
-2.61415e-05
-1.41136e-05
0.000139399
-7.73659e-05
0.000129417
-0.000173692
-0.000118139
0.000142428
0.00015867
-0.000149956
6.31349e-05
-0.000153182
-4.82407e-05
-0.000119665
-0.000141534
-2.90851e-05
-9.10411e-05
6.92161e-06
9.01261e-05
-5.62234e-05
5.59748e-05
-5.68631e-05
-4.05262e-05
5.17719e-05
-4.36864e-05
-5.41458e-05
-2.15716e-05
5.29691e-05
-3.68372e-05
3.75617e-05
-3.41258e-05
-5.67557e-05
-7.14338e-05
-2.00334e-05
1.96403e-05
-1.52929e-05
-9.7372e-06
6.86381e-05
-1.49237e-05
-1.72166e-05
4.5247e-05
-6.82053e-08
5.88855e-06
6.22978e-06
-3.2e-05
-4.38277e-05
-2.34241e-05
-2.51016e-05
-5.46394e-05
-9.02803e-06
-9.61536e-05
0.000156153
-0.000112061
-0.000162181
-0.00010874
-5.04474e-05
-0.000121743
-7.40132e-05
-0.00012176
0.000126126
7.12678e-05
6.14019e-05
-5.85701e-05
0.000129685
-9.54672e-05
-0.000148878
-0.000110824
-7.0527e-05
-8.40125e-05
-9.43501e-05
-5.66778e-05
3.7314e-05
-3.74181e-05
2.75541e-05
-4.19055e-06
-3.97795e-05
3.80966e-05
-5.22811e-06
2.80625e-05
-1.06226e-05
0.000123791
0.00012087
-8.05797e-06
-1.23687e-05
0.000124174
0.000120642
-9.30523e-06
-3.20469e-05
0.00014381
0.000141247
-3.08151e-05
-4.07766e-05
0.000153063
-3.8909e-05
0.00014861
0.00014746
-2.66703e-05
7.02307e-06
-3.13806e-05
0.000150056
6.67863e-06
0.000136127
-2.36642e-05
2.99194e-06
-2.72241e-05
0.000138312
3.63568e-06
0.000133752
2.75413e-05
-2.295e-05
3.44996e-05
0.000136519
-2.90157e-05
0.000138245
0.000143207
-0.000125181
-1.62664e-05
0.000125687
-1.34389e-05
-0.000120954
-1.32932e-05
0.00012084
-1.11702e-05
3.08474e-05
-3.82764e-05
3.19367e-05
2.04945e-05
-3.89469e-05
3.14897e-05
2.79914e-05
2.61038e-05
-2.18609e-05
1.99779e-05
1.7007e-05
1.21485e-05
4.91325e-05
4.63982e-05
2.29627e-05
-5.00003e-05
4.44305e-05
2.68985e-05
-5.19808e-05
4.55058e-05
2.05042e-05
2.99101e-05
-1.45186e-05
1.27774e-05
-5.11556e-05
2.15348e-05
-4.92978e-05
2.03859e-05
3.35831e-05
3.36785e-05
4.02399e-05
3.48442e-05
3.04153e-05
4.38933e-05
4.34091e-05
3.08895e-05
2.41687e-05
3.31007e-05
4.08522e-05
2.75964e-05
-2.57003e-05
-4.67655e-05
3.82261e-05
2.36113e-05
3.247e-05
-4.41546e-05
3.55914e-05
3.04204e-05
1.89776e-05
1.65176e-05
1.80443e-05
1.80689e-05
-4.45469e-05
2.546e-05
4.27526e-05
5.03e-05
2.34822e-05
4.6834e-05
-5.20875e-05
2.352e-05
2.46558e-05
5.09884e-05
-2.59868e-05
6.26174e-05
1.60205e-05
5.79719e-05
2.52116e-05
-2.92696e-05
6.24629e-05
1.88958e-05
5.59932e-05
2.84926e-05
-5.55226e-05
-2.00763e-05
1.56527e-05
5.50933e-05
6.36576e-05
4.09928e-05
4.25174e-05
3.92374e-05
2.25566e-05
2.27277e-05
1.73328e-05
1.9645e-05
-1.77152e-05
-5.48265e-05
4.92563e-05
1.40763e-05
3.31023e-05
-5.39581e-05
4.76849e-05
3.10808e-05
1.11473e-05
-5.29319e-05
2.17964e-05
-5.31835e-05
8.78513e-06
2.16817e-05
3.75872e-05
2.40836e-05
3.41538e-05
2.78252e-05
3.95109e-05
3.04562e-05
4.16449e-05
3.27793e-05
4.40924e-05
3.44447e-05
-2.72243e-05
3.96386e-05
2.23135e-05
4.79384e-05
3.67391e-05
4.64086e-05
-3.78736e-05
3.92144e-05
3.26358e-05
3.65768e-05
3.56996e-05
3.08317e-05
-3.9769e-05
5.47845e-05
3.27594e-05
4.30071e-05
3.57992e-05
-4.48511e-05
4.4923e-05
4.0703e-05
3.55404e-05
3.86911e-05
-3.90089e-05
-6.18098e-05
5.84552e-05
3.06571e-05
-5.25114e-05
4.6194e-05
3.9457e-05
-3.27681e-05
2.35168e-05
3.3301e-05
-1.79808e-05
5.53654e-05
5.63939e-05
1.48338e-05
8.79665e-06
5.34684e-05
5.11557e-05
7.39052e-06
1.88926e-05
2.13424e-05
1.5261e-05
1.58553e-05
2.99669e-05
4.49122e-05
3.68926e-05
2.30856e-05
4.82461e-05
3.6193e-05
1.24835e-05
-4.83811e-05
-1.89449e-05
4.49351e-05
4.26684e-05
5.11577e-05
-5.52557e-06
-5.27944e-05
2.23146e-06
3.58388e-05
7.72544e-06
4.68608e-05
4.21217e-05
-1.14913e-05
-5.27757e-05
4.11267e-05
-2.67823e-05
4.1284e-05
3.52043e-05
3.51023e-05
3.66551e-05
-3.52115e-05
4.24267e-05
4.16235e-05
2.61449e-05
5.53337e-05
5.18239e-05
4.78689e-05
4.4204e-05
-8.07352e-06
5.56881e-05
5.99056e-05
1.77752e-05
6.28484e-05
6.84308e-05
0.000108924
0.000108513
2.06995e-05
9.08608e-05
-2.02305e-05
4.65496e-06
0.00011662
2.08913e-06
2.43139e-05
9.20375e-05
-2.37797e-05
5.22452e-06
0.000118136
3.70546e-06
-8.91421e-05
1.05574e-05
-5.52718e-06
8.77062e-05
9.16147e-06
-0.000108309
0.000107921
4.37777e-05
7.81497e-05
-4.38607e-05
3.35826e-05
9.13744e-05
4.75804e-05
2.82693e-05
4.91498e-05
6.00354e-05
-5.08333e-05
6.2765e-05
5.10813e-05
7.53437e-05
5.57972e-05
3.48109e-05
-9.24328e-05
-3.73357e-05
9.31953e-05
2.32402e-05
-0.000118959
3.81395e-05
0.000116192
1.99576e-05
2.91325e-05
-2.84704e-05
1.12649e-05
3.30681e-05
6.81725e-06
0.000112128
-5.31213e-05
4.06002e-05
-5.59917e-05
9.31995e-05
6.30663e-05
0.000103303
3.27973e-05
8.75839e-05
5.6062e-05
-0.000151522
-4.39709e-05
0.000145128
3.09491e-05
-3.66104e-05
1.62904e-05
-0.000139634
0.000133443
2.43579e-05
1.07499e-05
5.23685e-05
1.5644e-05
-3.17609e-05
-4.82039e-05
5.6526e-05
2.94812e-05
-4.57455e-05
5.51232e-05
5.71438e-05
-4.22539e-05
4.42892e-05
1.47608e-05
5.58392e-05
4.68414e-06
-4.14529e-05
5.30276e-05
5.31035e-05
-4.58785e-05
-5.13253e-05
5.88684e-05
-6.01873e-05
5.49747e-05
6.04796e-05
5.12763e-05
-5.06763e-05
5.78254e-05
5.31886e-05
5.68685e-05
-5.93253e-05
4.17994e-05
-6.13683e-05
6.53297e-05
4.02528e-05
-5.71322e-05
6.25276e-05
5.06114e-05
2.22292e-05
6.43028e-05
2.41641e-05
6.72024e-05
-7.76533e-05
-5.86552e-05
7.29549e-05
-5.66909e-05
6.5117e-05
-7.29988e-05
6.52714e-05
6.08204e-05
-0.000163925
-1.82701e-05
-1.94758e-05
0.000192737
-0.000168343
-7.10559e-06
-2.73105e-07
0.000174976
-4.6485e-05
-4.38905e-05
0.000140266
6.11241e-05
6.16519e-05
-5.59594e-05
0.000127068
-5.77338e-05
-0.000149828
4.72753e-05
0.000180419
-4.11446e-05
3.91162e-05
-3.34465e-05
-0.000159057
-8.46939e-05
0.000101351
-0.000130934
0.000113668
7.54526e-05
-0.000109314
-7.86382e-05
0.000108386
8.19344e-05
-7.82124e-05
9.46125e-05
0.000101333
-7.82412e-05
-7.74751e-05
7.37845e-05
4.54643e-05
-7.78484e-05
-6.89769e-05
9.87613e-05
5.45001e-05
-8.80975e-05
0.000104035
-7.11206e-05
8.83557e-05
-6.37112e-05
8.35093e-05
-0.00010924
7.30863e-05
-6.96534e-05
0.000107479
6.90824e-05
8.38287e-05
-6.45955e-05
-0.000121135
0.000111522
0.000277356
-0.000206427
-1.7472e-05
-8.33469e-06
7.9721e-05
6.09079e-05
7.94234e-05
6.70145e-05
-5.17065e-06
-7.47569e-07
-2.11741e-05
9.88214e-05
-3.99443e-05
0.000101323
-3.50252e-05
-5.72117e-05
8.93922e-05
8.19962e-05
2.57831e-05
2.55424e-05
-9.33953e-05
-9.23854e-05
7.21426e-05
-4.9466e-05
-1.62227e-05
-0.000104854
0.000100252
-0.000155794
-0.000140879
5.15052e-05
-5.87945e-05
-0.000109973
9.01406e-05
-7.0641e-05
-8.29589e-05
-0.000207227
0.000122356
-0.0001044
-9.65827e-05
5.41543e-05
-9.51546e-05
-0.000137937
7.43923e-05
3.17865e-05
0.000421541
0.00060798
-0.00014147
0.000201834
0.000500063
-0.000177679
9.90606e-05
0.000330142
-0.000217761
-1.97838e-05
0.000155644
0.000475866
0.000337851
0.000594627
1.3558e-06
0.000331057
0.000343515
-6.87574e-05
8.90797e-05
0.000453017
-0.00015641
0.000177978
0.000121931
-5.78085e-05
2.01847e-06
0.000221897
-5.60638e-05
2.31439e-08
0.00016465
-0.000223749
-4.02891e-05
-3.14688e-05
9.4152e-05
-9.61262e-06
-1.2763e-05
6.57052e-05
-4.13829e-05
-9.66233e-06
6.47699e-05
-0.0001317
-8.38771e-05
2.96725e-05
-0.00011761
-0.000130429
-7.61513e-05
0.000116449
-7.25728e-05
-0.000130961
-9.71542e-05
4.62076e-05
-8.79237e-05
-0.000149139
-7.03325e-07
-4.15038e-05
-0.000199653
-4.73132e-05
-0.000450559
0.000108664
4.49744e-05
-0.000370576
-1.45784e-05
-8.34693e-05
-0.000393636
0.000417335
0.00020205
-0.000172987
0.000687238
0.000322702
-5.48982e-05
0.00059137
0.000321275
-6.7294e-05
0.000604507
0.000439049
-0.000319365
0.0004734
0.000192762
-0.000428913
0.00022124
-7.02255e-05
-0.000230772
7.37898e-05
-0.000169703
-4.08479e-06
2.13767e-05
-0.000111872
-0.000180664
-2.93681e-05
-0.000175423
9.93968e-05
-8.21228e-05
-0.000138226
2.99256e-05
-9.05663e-05
-6.93418e-05
-0.000137079
-6.80129e-05
-9.39622e-05
-3.24327e-05
-0.000141648
-0.000129978
-2.89375e-05
-8.94305e-06
-9.06733e-05
0.000544633
0.000629093
-9.43486e-05
0.000282763
0.0007106
-0.000617788
0.000241628
0.000419112
-0.000787137
7.1854e-05
-3.23111e-05
-0.000562486
-2.11743e-05
-0.000212883
-0.000616676
0.000480749
0.000201458
-0.000690999
0.000227956
-9.59744e-05
-0.000351985
5.53051e-05
-0.000189052
-0.000233744
-2.92967e-05
-0.000205885
4.36649e-05
6.75306e-06
-0.000100526
9.48113e-05
2.28132e-06
-5.61491e-05
-0.000106544
3.89119e-05
-2.42559e-05
0.000127659
-6.96039e-05
0.000136759
3.22902e-05
-2.2591e-05
5.03497e-05
-8.15803e-05
4.49667e-05
-4.41146e-05
3.80494e-05
-7.54159e-05
-0.0001131
-0.000117184
2.31408e-05
-1.52789e-05
5.19774e-06
1.56884e-05
-4.19228e-05
4.71649e-09
1.73834e-06
-4.8125e-05
4.7353e-05
-4.18248e-05
-6.37184e-05
3.74157e-05
-9.47266e-05
-1.83983e-05
1.77992e-05
-1.10299e-05
0.000104558
2.73182e-06
2.52499e-07
1.47908e-05
-2.19598e-06
1.45039e-05
8.88077e-06
9.19383e-05
7.74328e-05
-8.56601e-05
0.000100167
-0.000129667
-9.00243e-05
6.4941e-05
-5.13018e-05
-9.02745e-05
-0.000121872
3.75136e-05
-5.31268e-05
-2.32902e-05
0.00012275
7.88545e-05
7.52675e-05
-2.45682e-05
0.000102611
-0.000140649
-8.56547e-05
-6.7033e-05
-3.71996e-05
-5.01553e-05
3.56467e-05
-2.6651e-05
-1.694e-05
2.68761e-05
-4.75378e-05
-1.04321e-05
0.000127613
-1.78533e-05
-2.35271e-05
0.000128803
0.000122356
-1.63772e-05
-1.99845e-05
0.000122449
-2.3925e-05
2.17056e-05
2.13257e-05
-5.02195e-05
4.13477e-05
3.80558e-05
-5.27049e-05
4.35909e-05
1.89533e-05
4.13964e-05
-1.60764e-05
1.46493e-05
2.37253e-05
2.329e-05
4.05227e-05
2.87545e-05
5.5063e-05
3.09506e-05
3.78784e-05
5.91779e-05
4.94066e-05
2.71294e-05
2.73757e-05
3.00258e-05
4.77273e-05
3.02005e-05
-3.33655e-05
-6.15162e-05
4.94455e-05
4.94137e-05
2.84925e-05
-5.72481e-05
1.90517e-05
1.76115e-05
2.00511e-05
1.54589e-05
4.29271e-05
-2.23633e-05
5.47593e-05
1.84872e-05
6.21665e-05
-2.51596e-05
5.44978e-05
2.05371e-05
6.04551e-05
3.50702e-05
1.02126e-05
-5.57078e-05
5.10358e-05
3.10923e-05
-5.58385e-05
5.25249e-05
6.44617e-06
2.98077e-05
-6.81168e-06
-5.35826e-05
3.93322e-06
1.79554e-05
-5.44954e-05
2.0406e-05
-1.59937e-05
-5.69171e-05
5.01676e-05
1.30073e-05
4.28382e-05
-5.52258e-05
4.71065e-05
4.21597e-05
1.32501e-05
2.33354e-05
1.16364e-05
2.27721e-05
4.26106e-05
1.64575e-05
4.84351e-05
2.59664e-05
4.16007e-05
3.81355e-05
4.58608e-05
4.44096e-05
4.56088e-05
4.17181e-05
-3.47308e-05
4.0394e-05
2.84276e-05
6.40152e-05
3.50025e-05
6.16603e-05
-4.48516e-05
4.10173e-05
3.70399e-05
4.37652e-05
3.39444e-05
3.47655e-05
-4.24359e-05
4.85787e-05
4.12109e-05
3.54888e-05
4.56691e-05
-4.79357e-05
3.86688e-05
4.77153e-05
2.72668e-05
4.45863e-05
-3.73862e-05
-5.39194e-05
5.20397e-05
3.25873e-05
-5.741e-05
4.88671e-05
5.1631e-05
-2.93216e-05
2.49464e-05
4.09689e-05
1.20723e-05
5.78559e-05
5.77514e-05
1.33468e-05
-1.83041e-05
7.16568e-05
7.2566e-05
1.19695e-05
7.93373e-05
8.07096e-05
6.24088e-06
-1.59303e-05
-1.39787e-05
8.26337e-06
-5.72467e-06
5.91213e-06
6.69011e-05
6.43426e-05
7.66458e-05
7.52325e-05
5.85727e-06
-1.08452e-05
-1.74499e-06
-5.46295e-05
-1.82881e-06
2.43014e-05
-5.36389e-05
2.69067e-05
1.15999e-06
-5.19949e-05
1.63903e-05
-5.25556e-05
-1.25222e-06
1.61936e-05
5.67018e-05
5.67262e-05
6.19249e-06
1.30817e-05
-1.96907e-06
-5.07307e-06
4.90117e-05
4.55501e-05
-0.000199931
3.51071e-05
5.26618e-05
5.43386e-05
3.62094e-05
2.84582e-05
3.14649e-05
2.05594e-05
4.67099e-05
4.18251e-05
1.35323e-05
4.74176e-05
4.26634e-05
8.81785e-06
-5.27853e-05
-1.68313e-05
5.32441e-05
5.0223e-05
5.44777e-05
-4.60385e-06
-5.70933e-05
4.10893e-05
5.36621e-05
4.66821e-05
-1.30619e-05
-5.45652e-05
5.13647e-05
-4.81178e-05
6.46915e-06
-1.67344e-05
5.14631e-05
9.16804e-06
4.04625e-05
4.7056e-05
1.911e-06
4.08534e-05
4.48427e-07
4.82789e-05
-2.9243e-05
5.10276e-05
4.70829e-05
-1.18456e-06
2.52553e-07
0.000128502
2.52192e-05
6.79081e-05
2.0094e-05
2.56989e-05
1.4657e-05
8.69944e-05
-9.29022e-06
0.00010829
1.71632e-05
8.8129e-05
-1.30733e-05
0.000109174
4.41395e-05
8.18721e-05
-4.98553e-05
5.06216e-05
0.000103659
4.81819e-05
3.67592e-05
5.31321e-05
6.16335e-05
-6.11824e-05
9.10538e-05
5.2352e-05
8.97608e-05
7.04757e-05
2.59869e-05
-9.32592e-05
-2.7457e-05
0.000117969
-0.000114768
2.95239e-05
0.000131188
2.58557e-05
-1.97211e-05
2.70797e-05
0.000130909
-5.15097e-05
5.03693e-05
-5.48286e-05
0.00012043
0.000122498
4.04149e-05
0.000111686
6.43965e-05
-0.000139851
-3.45763e-05
0.000164231
-2.82037e-05
-0.000132075
0.00015138
5.91781e-05
6.82691e-06
-1.88188e-05
-5.71836e-05
6.65233e-05
1.47347e-05
-3.46279e-05
6.07088e-05
7.55064e-05
-5.64586e-05
5.6551e-05
6.33759e-05
-5.67635e-05
5.98864e-05
6.0587e-05
-3.89382e-05
-5.95759e-05
7.79768e-05
-6.43505e-05
6.24493e-05
8.834e-05
5.85614e-05
-5.9863e-05
8.18223e-05
5.89087e-05
8.19316e-05
-6.31401e-05
3.55538e-05
-6.82299e-05
9.2169e-05
3.08379e-05
-5.64587e-05
8.57172e-05
5.8622e-05
7.47997e-05
7.81911e-05
-0.000100684
-6.53958e-05
0.000101152
-6.13152e-05
8.15818e-05
-8.89058e-05
9.4772e-05
8.11945e-05
-0.000171703
1.00772e-05
1.23198e-06
0.000247576
1.30141e-05
6.5233e-06
-0.000175103
2.40303e-05
2.84678e-05
0.000203277
2.62047e-05
3.08792e-05
8.63009e-05
-7.8948e-05
8.03104e-05
5.07312e-05
-8.92285e-05
0.000132408
-7.54596e-05
5.98557e-05
-7.18362e-05
0.000123628
0.000117186
-6.31168e-05
-7.83848e-05
-4.05024e-05
-9.43825e-05
9.90755e-05
1.1658e-05
-7.71715e-05
-8.8827e-06
3.62286e-05
7.86952e-05
9.20224e-05
-3.2721e-05
2.00447e-05
4.21935e-05
-7.79481e-05
-7.87207e-05
-2.437e-05
0.000131621
-6.95333e-05
-3.3907e-05
5.0844e-05
-0.000140054
0.000104773
-0.000141324
-0.000169589
5.02646e-05
-6.01233e-05
-0.000116207
7.63175e-05
-8.23066e-05
-0.000187792
0.000110657
-9.7798e-05
-0.000107355
4.22851e-05
-9.68637e-05
-0.000132873
4.70431e-05
-6.87777e-05
0.00010571
-7.09272e-05
-0.000124872
-9.63223e-05
4.02571e-05
-8.53175e-05
-0.000143694
-2.28066e-06
3.63413e-05
0.000292875
0.000513291
-0.000138323
0.000288696
0.000486454
-0.000179038
0.000115316
0.000269209
-0.000210564
-1.86745e-05
8.90387e-05
-1.71958e-05
-0.000204094
-3.51466e-05
0.000587357
-1.1738e-05
0.000289564
0.000351499
-7.556e-05
6.89304e-05
0.00045918
-0.000160887
0.000166417
-6.44915e-05
0.000120971
-3.30632e-06
0.000211383
-5.59278e-05
-8.89823e-07
0.000172935
-0.000225997
-3.32251e-05
-1.44009e-05
-7.04364e-06
9.28582e-05
-4.18188e-05
6.48445e-05
-1.13659e-05
5.84548e-05
-0.000136433
-8.09781e-05
2.22466e-05
-0.00012614
-0.000137496
3.18745e-05
-2.44991e-05
4.80786e-05
-8.87269e-05
3.99479e-05
-4.76167e-05
3.28456e-05
-8.61442e-05
-0.000110139
-0.000112752
1.78031e-05
-1.64232e-05
-8.54597e-05
-5.80526e-05
-2.99454e-05
-0.000138443
-0.000340489
-0.000115305
-1.26064e-05
-0.000448504
6.08591e-05
6.28169e-05
-0.000163836
-2.24371e-05
-0.000160308
-0.000373819
0.000401321
0.000243998
-0.000162554
0.00067181
0.000310467
-0.000159117
0.000633979
0.000360247
-0.000344469
0.000478164
0.000162078
-0.00043151
0.000220224
-6.57119e-05
-0.000242027
6.42351e-05
-0.000170632
-2.98827e-06
1.87547e-05
-0.000120428
3.77393e-05
1.51122e-05
-5.42236e-05
-6.87864e-06
-3.09105e-05
-0.000113813
-1.78751e-05
-0.000628278
0.000134788
0.000453448
-0.000173309
0.000367657
0.000717509
-0.000603679
0.000213371
0.000429488
-0.000782563
8.02128e-05
-3.15904e-05
-0.000522781
-1.8772e-05
-0.000224451
-0.000191449
-2.92026e-05
-0.000190521
-0.000694836
0.000187323
-0.00013376
-0.000360043
4.0757e-05
-0.000186634
2.86341e-05
5.02428e-06
-0.000103406
-9.84163e-05
3.38881e-05
-2.03072e-05
9.64413e-05
3.10241e-07
-6.06484e-05
2.21858e-05
1.29868e-07
0.000110245
8.45242e-05
0.000107653
-7.81182e-05
0.000109283
3.5207e-05
1.40725e-05
3.38329e-06
7.90088e-05
4.9427e-06
-8.9717e-06
1.15621e-06
7.77848e-06
1.10079e-05
7.72997e-05
5.25475e-07
1.17774e-05
9.37168e-05
2.36545e-05
-6.58413e-05
5.26934e-05
5.60417e-05
-6.84824e-05
5.39332e-05
1.98965e-05
5.97037e-05
-1.35834e-05
1.18903e-05
2.3837e-05
2.36667e-05
3.74575e-05
2.48288e-05
3.22352e-05
9.35046e-05
4.68882e-05
3.22946e-05
9.55118e-06
-5.82593e-05
5.21982e-05
4.06095e-05
-5.91726e-05
5.53714e-05
5.31991e-06
3.78401e-05
-9.2266e-06
5.67871e-06
2.01865e-05
2.23079e-05
-1.66823e-05
-7.51258e-05
6.09832e-05
1.18599e-05
6.18031e-05
-7.34145e-05
5.7508e-05
6.12804e-05
9.60937e-06
2.38586e-05
2.42587e-05
5.56298e-06
4.45225e-05
2.07115e-05
6.38269e-05
2.49733e-05
4.72748e-05
4.74498e-05
5.07345e-05
5.66961e-05
5.14251e-05
4.91695e-05
-2.7055e-05
3.49029e-05
2.02129e-05
9.69376e-05
2.82305e-05
9.6118e-05
-4.95386e-05
2.8954e-05
4.84907e-05
5.0762e-05
1.92209e-05
4.11246e-05
-4.45682e-05
3.59528e-05
5.20108e-05
2.91442e-05
6.80986e-05
-5.36056e-05
2.77798e-05
4.83116e-05
2.24832e-05
4.90668e-05
-5.93915e-06
-3.43607e-05
4.54301e-05
-9.17156e-05
7.23856e-05
9.39758e-05
3.15922e-06
-9.61403e-07
7.28163e-05
7.3515e-05
8.20753e-05
8.12013e-05
1.06282e-05
-1.37251e-05
8.49562e-06
-1.22631e-05
9.60608e-06
-1.69685e-05
7.80382e-05
3.25201e-05
8.08588e-05
3.89638e-06
2.98192e-05
-8.18515e-05
7.48254e-06
-9.34111e-06
9.7446e-05
-7.49507e-06
-5.31876e-07
8.25147e-05
1.5473e-06
-1.24125e-05
-9.77292e-07
-6.55029e-06
4.39938e-06
9.89173e-05
-5.05606e-06
-2.27367e-05
7.45246e-05
3.17265e-05
7.22563e-05
2.96051e-05
-7.91619e-05
-7.9997e-06
9.54551e-05
-5.02264e-06
4.60438e-06
-9.93581e-07
-0.000202778
4.78498e-05
7.67155e-07
-5.92117e-05
3.0257e-05
-5.75549e-05
3.59835e-05
3.25606e-06
1.79598e-05
1.59706e-05
3.32662e-06
6.99766e-05
6.71322e-05
-2.58066e-06
7.92843e-05
7.6501e-05
1.00501e-05
-8.67124e-06
-1.17869e-05
1.0227e-05
7.17655e-05
-2.5046e-05
1.92229e-05
-6.88254e-05
3.79901e-05
6.856e-06
-1.0329e-05
5.52142e-05
4.13831e-05
5.76144e-05
4.32491e-05
-2.46888e-05
9.2749e-06
6.68112e-05
5.65776e-05
6.79231e-05
-2.66009e-05
-6.22286e-05
2.43186e-05
-2.88513e-05
6.09179e-05
4.26326e-05
1.50627e-05
5.51053e-05
4.73845e-05
5.6366e-05
4.46932e-05
7.16267e-06
-5.56969e-05
-2.15749e-05
4.86831e-05
7.1649e-05
6.5011e-05
8.9794e-06
-7.09101e-05
5.72319e-05
6.12669e-05
6.68637e-05
1.05636e-06
-7.03194e-05
7.39102e-05
6.16279e-06
-1.22035e-05
5.55345e-05
5.55451e-05
-1.8333e-05
5.39471e-05
5.17721e-05
0.000199749
3.43163e-05
3.52401e-05
-3.8205e-05
2.91298e-05
2.75297e-05
0.000134377
3.76567e-05
2.68984e-05
5.65283e-05
0.00018496
-7.28971e-05
0.000159701
6.47745e-05
8.40388e-05
7.22122e-05
0.000231437
-0.000111674
9.05853e-05
6.1975e-05
-2.64041e-06
-2.7807e-05
-5.91283e-05
9.41241e-05
7.43922e-06
-4.48871e-05
6.64208e-05
0.000108509
-4.98167e-05
5.21764e-05
9.24858e-05
8.50384e-05
-4.91413e-05
6.92692e-05
-5.24582e-05
-6.64616e-05
9.98203e-05
-7.28713e-05
7.24427e-05
0.000113151
6.99524e-05
-7.43933e-05
0.000106017
7.02727e-05
9.93252e-05
-7.08473e-05
3.97572e-05
-7.89262e-05
0.000126726
2.67775e-05
-6.49681e-05
0.000119481
5.73359e-05
0.000106495
0.0001134
-7.53212e-05
-9.3399e-05
0.000120324
-8.09338e-05
1.7685e-05
7.36332e-05
6.01971e-05
0.000144987
2.43988e-05
1.22828e-05
9.45604e-05
6.49271e-05
-6.39703e-05
-1.02467e-05
0.000128799
-1.91818e-05
0.000134499
-0.000174152
9.70125e-06
3.06253e-06
0.000123
0.000121009
0.000105457
0.000100654
0.000112657
0.000115208
-6.34962e-05
4.29191e-06
0.000113924
-6.68665e-05
1.4094e-05
0.000105194
-9.01114e-05
-2.44785e-05
0.000201774
5.22847e-05
-0.000130491
-0.000122606
-5.24648e-05
8.13964e-05
3.52703e-05
-0.000109242
-0.000128498
-0.000104816
3.37292e-05
-9.58929e-05
2.93075e-05
-0.000134193
-3.1609e-05
-8.30371e-05
-8.13527e-05
-5.62957e-05
-7.39853e-05
0.000257321
0.000537779
-0.000124034
0.00024554
0.000517928
-0.000181466
0.000155665
0.000253752
3.04622e-05
-0.000212124
-1.63078e-05
-0.00019078
-3.56196e-05
0.000384548
-9.01495e-05
4.53602e-05
0.000444883
-0.00017786
0.000137252
-1.3217e-05
0.000131013
-6.47284e-05
0.000193439
-9.28421e-06
0.000164872
-0.00022461
-3.24189e-05
-1.69415e-05
6.3676e-05
-0.000138106
5.13412e-05
-8.16682e-05
1.64902e-05
-0.000130672
-0.000138826
-5.03914e-05
3.60451e-05
-8.93134e-05
-0.000111386
2.6427e-05
-0.000116627
-1.79559e-05
1.19023e-05
2.97441e-05
1.08322e-05
-0.000164086
-2.01185e-05
-0.000142877
-0.000315125
-1.65269e-05
-0.000447959
5.68829e-05
7.26498e-05
-2.2687e-05
-0.000352817
0.000441991
0.000222954
-0.00021249
0.000665239
0.000318387
-0.000374807
0.00047608
0.00010886
-0.000428196
0.000197302
-8.16386e-05
-0.000241818
4.7411e-05
-0.000167119
-7.25345e-06
9.5275e-06
-0.000125519
4.11102e-05
1.41762e-05
-6.41599e-05
3.46333e-06
-0.000650408
0.000138414
-0.000165865
-0.000679427
2.47329e-05
0.00031356
-0.000647932
8.68144e-05
0.000397226
-0.000785754
3.41061e-05
1.92856e-05
-0.00052376
-3.09045e-05
-0.000220764
-0.000161079
-4.0882e-05
-0.000183233
5.02219e-05
-1.97777e-05
-0.000333092
8.65491e-06
-0.000191073
1.48975e-05
-1.25787e-06
-0.000104076
7.86273e-05
-7.38522e-07
-6.63533e-05
2.4046e-05
1.05409e-06
-1.66155e-05
0.000104091
0.000104912
8.20123e-05
-0.00012346
8.092e-05
8.15296e-05
-3.33765e-06
-3.15682e-06
9.0217e-06
2.42675e-05
5.88617e-06
-7.64686e-05
6.45869e-05
5.8465e-05
-7.72735e-05
7.10117e-05
-1.05892e-06
5.1047e-05
-2.1288e-06
2.0721e-05
-2.86281e-06
2.27884e-05
-1.87971e-05
6.01583e-05
1.28778e-05
8.84228e-05
5.55311e-05
8.92579e-05
4.54957e-05
8.6713e-06
9.44597e-05
3.20313e-05
4.9457e-05
5.99479e-05
5.35668e-05
8.38687e-05
4.7429e-05
6.57637e-05
-3.26468e-05
2.55008e-05
0.000136077
2.81652e-05
6.19929e-05
-2.54945e-05
5.00382e-05
7.18721e-05
0.000114165
-7.92863e-05
3.9762e-05
2.61999e-05
2.73071e-05
6.17745e-05
9.12839e-07
-4.34281e-06
8.39646e-05
2.22616e-05
8.23198e-05
2.64791e-05
-3.3349e-06
-7.99291e-05
1.57326e-06
9.37716e-05
-1.45269e-06
8.14073e-05
-5.33773e-08
-4.65682e-06
9.62828e-05
-5.31548e-06
-1.07986e-06
-4.81032e-06
5.09666e-06
-8.67161e-06
0.00011392
1.96213e-05
0.000117831
-1.45025e-06
1.74525e-05
-8.39348e-05
6.49035e-06
0.0001202
-4.12281e-05
6.62727e-07
8.28158e-05
5.15765e-06
-3.4501e-05
-1.80872e-05
3.09687e-07
0.000120931
-3.69885e-05
6.20048e-06
6.9902e-06
-0.000243823
1.04057e-05
6.55183e-05
6.5992e-05
9.89971e-06
2.03466e-05
-1.69046e-06
1.62301e-05
2.9245e-06
4.69733e-06
-7.12965e-05
3.21465e-05
-7.43601e-05
4.36626e-05
-5.405e-06
1.61184e-05
1.33916e-05
-2.35509e-05
-7.71953e-06
8.18015e-05
1.69779e-05
7.82476e-05
1.43312e-05
-7.65096e-05
-1.13642e-06
8.8761e-05
5.08295e-07
-5.57879e-07
6.96283e-05
5.67137e-06
-9.88421e-06
-7.24742e-06
-3.00435e-06
7.76363e-05
4.08692e-06
6.58522e-05
-3.5361e-05
2.31835e-05
4.98337e-05
-1.54483e-05
-7.26489e-07
6.19364e-05
6.24328e-05
5.59141e-05
6.19343e-05
-3.10823e-05
9.83252e-06
7.30181e-05
7.06614e-05
7.21838e-05
1.70822e-05
7.53849e-05
4.35894e-05
1.61965e-05
5.77918e-05
4.93863e-05
6.19509e-05
5.94793e-05
6.20415e-06
-6.60165e-05
-2.04534e-05
7.43652e-05
7.75495e-05
6.67949e-05
1.0646e-05
-7.33151e-05
7.62896e-05
7.29603e-05
7.67349e-05
-3.45614e-06
-7.33916e-05
9.53875e-05
-1.25119e-05
-1.01899e-05
8.10443e-05
7.73358e-05
-2.85032e-05
6.77497e-05
4.64295e-05
0.000249016
-0.00025963
7.33305e-05
8.97255e-05
-6.05713e-05
-4.41953e-05
-3.73794e-05
2.71092e-05
8.39347e-05
6.41517e-05
2.51519e-05
2.28319e-05
0.000127056
0.000117896
4.22651e-05
1.31422e-05
8.59272e-05
8.32104e-05
7.53038e-05
2.30625e-05
7.66097e-05
1.49045e-05
9.77671e-05
7.24099e-05
-6.49659e-06
-7.67879e-05
0.000119093
-1.91669e-05
7.70034e-05
0.000127374
9.51366e-05
-3.1407e-05
0.000125499
-9.5905e-05
-0.000104953
-5.53258e-05
2.84601e-05
0.000164246
-3.95841e-05
-3.93298e-05
0.000169816
-4.99968e-05
3.32496e-05
0.00013563
0.000174862
-5.64965e-05
4.49666e-05
-0.000173596
-1.46746e-05
0.000315306
-6.65453e-05
-0.000174662
-5.46417e-05
5.12352e-05
-6.22539e-05
5.44172e-05
-7.09211e-05
5.79699e-06
0.000285573
-0.00019059
6.18199e-05
-6.52466e-05
-6.51278e-05
0.000155649
3.69827e-05
-0.000116371
-8.28225e-05
-0.000194344
0.000100603
0.000421138
-0.000148602
0.000200311
0.000519119
-0.000169341
0.000149015
0.000341102
-0.000217098
-8.09202e-06
-4.17313e-05
0.000196759
-6.91249e-05
0.00015234
-2.22756e-05
0.000134941
-0.000217651
-4.33611e-05
-8.70617e-05
4.05843e-05
-0.000129325
-0.000135517
7.09005e-06
1.72645e-05
5.64626e-06
-3.24682e-05
-0.000446091
0.000125384
4.95936e-05
-0.000355186
0.000438327
0.00015712
-0.000378324
0.00041169
8.16742e-05
-0.000399676
0.000161709
-0.000106278
-0.000218863
2.09746e-05
-0.000169435
-1.20233e-05
-0.000124115
-6.55956e-06
-7.89522e-05
5.01048e-06
5.93263e-06
-0.000589127
6.2013e-05
-0.000186409
-0.000278192
-3.4237e-05
-0.000189401
-0.000723368
-0.000109566
0.000146075
-0.000755674
-7.01228e-05
4.96639e-05
-0.000557658
-7.11583e-05
-0.000187132
-0.000187744
-6.37602e-05
-2.2735e-05
4.23403e-05
-7.89283e-06
-9.86839e-05
5.67853e-05
-2.8648e-06
-6.65171e-05
2.84487e-05
4.5354e-07
9.2066e-05
7.46598e-05
-0.000162853
9.26449e-05
7.2118e-05
-3.6225e-05
7.22044e-06
6.38356e-05
8.26065e-05
7.28996e-05
-1.89592e-06
7.12283e-05
7.1303e-06
3.90372e-05
2.09437e-05
0.00012648
5.01214e-05
6.35858e-05
0.00011067
8.4381e-05
7.46362e-05
8.1403e-05
6.56888e-06
-1.1873e-05
0.000115213
6.12372e-06
0.000117218
1.06624e-05
-6.91248e-07
-8.18368e-05
3.19789e-06
0.000110074
-3.2197e-05
8.43123e-05
3.67251e-06
-8.99581e-06
0.000115143
-3.65271e-05
-2.08638e-06
-2.50457e-07
-3.50809e-06
-3.19814e-06
8.96876e-05
-3.72957e-05
3.85524e-06
-9.61635e-06
9.01786e-06
3.79609e-05
-2.58211e-05
-8.87323e-05
0.000106424
2.33017e-05
5.17464e-06
6.6714e-05
1.77153e-05
-6.51846e-05
-1.40034e-05
-6.93175e-06
-1.97444e-05
7.98961e-05
-3.02873e-06
-7.77945e-05
1.67671e-05
-7.065e-06
5.91945e-05
-3.31443e-06
3.93697e-06
1.13871e-06
7.41516e-05
8.01307e-05
-1.16563e-05
8.3682e-06
-1.48702e-05
-3.12853e-06
-1.501e-05
0.000109261
-3.84651e-07
9.86053e-05
-4.88079e-06
-7.7579e-05
9.96777e-07
0.00010475
-2.44619e-05
3.20526e-06
7.10367e-05
-1.86443e-05
-7.15308e-06
8.97986e-05
-9.74131e-06
-0.000199539
1.81787e-05
2.73804e-05
-3.83356e-05
-3.63136e-05
-3.16598e-05
-2.66272e-05
-7.12273e-05
0.000111346
-7.22696e-05
5.29957e-05
6.4185e-05
-1.34752e-06
8.28086e-05
7.70522e-05
-7.95017e-05
2.40076e-05
9.69404e-05
0.000140561
9.8281e-05
-2.41975e-07
5.45707e-05
9.75235e-05
3.22721e-05
9.83684e-05
7.45136e-05
9.02001e-05
7.31639e-05
4.04498e-05
-6.42741e-05
-9.05709e-05
2.64938e-05
0.00016545
9.38844e-05
2.95508e-05
-0.000115441
0.000121291
7.04173e-05
0.000164659
6.63548e-06
-0.00011244
0.000166468
-2.16007e-06
0.00010413
-3.64177e-05
9.63022e-05
4.23774e-05
2.74177e-05
-2.76113e-05
-2.79973e-05
-7.47578e-05
6.24117e-05
-4.47581e-05
-7.99252e-05
6.04535e-05
6.49884e-05
3.17696e-05
-4.032e-05
-6.63998e-05
8.82545e-05
5.82209e-06
6.04325e-05
0.000111542
-0.000112904
6.5278e-05
1.9776e-05
8.46357e-05
-2.45687e-05
0.000170197
-4.39849e-05
0.000134005
-1.21325e-05
9.93322e-05
-1.4056e-05
-8.03596e-05
7.43245e-05
0.0002106
0.000195364
2.97578e-05
-7.92578e-05
-0.000177148
-0.000100451
0.000332575
-0.000139379
0.000300801
-0.000142904
8.66854e-05
3.39961e-05
2.82612e-05
-8.94283e-05
-5.2141e-05
0.000172849
-0.000104295
7.0533e-05
-0.000195492
9.56875e-05
-6.43277e-05
0.000338719
6.98561e-05
-0.000148065
9.45852e-05
0.000366427
-0.0002087
-4.83248e-06
-9.42304e-05
2.13674e-05
-0.00011357
-0.000133195
-8.37183e-06
-5.78447e-05
0.000164164
-0.000422139
-9.78025e-06
-0.000414385
0.000254731
5.09577e-06
-0.000355602
0.000111824
-0.000101965
-0.000178709
-1.4568e-05
-0.000170219
-9.1921e-07
-0.000117497
-1.52397e-05
-0.000463348
-2.88906e-05
-0.000191255
-0.00020858
-7.07625e-05
-0.000176712
5.98058e-05
-2.0607e-05
-9.17415e-05
-0.000606394
-0.00016799
-4.10701e-05
-0.000143127
-0.000527684
-0.000128074
-0.000186427
-9.30157e-05
8.46329e-05
-3.02748e-06
-6.16395e-05
-3.68414e-07
-0.000119596
1.11976e-05
2.45478e-05
-4.53481e-05
-5.23721e-05
0.00015836
-8.46509e-07
0.00010896
-1.34264e-05
9.00615e-05
1.18192e-05
-1.92061e-05
0.000133364
-9.77962e-06
1.08132e-05
-5.52877e-05
-6.97204e-06
0.000108708
-8.94589e-05
6.81921e-05
2.99547e-06
-1.83321e-05
2.97903e-06
-8.90165e-06
2.47769e-05
1.96499e-05
-4.22862e-05
-0.000102051
0.000113397
4.02645e-05
-4.14916e-06
8.82291e-05
1.72868e-05
-2.01174e-05
-4.26092e-05
1.7618e-05
-2.93169e-05
6.73658e-05
3.34222e-05
1.58696e-05
-1.35588e-05
-2.56704e-05
-5.12773e-06
5.4645e-06
5.59621e-05
-1.45085e-05
2.14727e-05
1.57786e-05
-2.60954e-05
2.97204e-06
3.92463e-05
-2.90019e-05
-2.51546e-05
0.000127174
-1.68605e-05
0.00010974
-3.23583e-05
-4.70564e-05
-6.28052e-06
9.40179e-05
-7.2115e-05
-5.81759e-06
3.72062e-05
-3.4121e-05
-1.53615e-05
6.42309e-05
-3.7582e-05
2.07162e-05
-2.27992e-05
-5.59766e-06
-5.86523e-05
-3.74698e-05
3.86531e-05
-6.15388e-05
-1.63334e-06
8.37695e-06
-1.96154e-05
-4.15872e-05
-2.7683e-05
8.36403e-06
-4.64114e-05
-4.79966e-07
-4.88994e-06
-6.26308e-06
-3.87982e-06
1.61776e-05
2.03075e-05
7.10605e-05
1.42169e-05
0.000157582
-6.40689e-05
9.5206e-05
0.00017685
-0.000184964
2.65998e-05
0.000345416
1.38678e-06
-4.97377e-05
0.000273098
-8.92397e-05
-7.3328e-05
3.91745e-05
3.31643e-05
-2.68675e-05
6.93341e-05
-4.54774e-05
7.58395e-05
0.000118739
-8.87313e-05
4.57114e-05
4.51029e-06
7.43579e-05
0.000106953
0.000126043
9.08075e-05
-6.75644e-05
0.000326124
-2.79842e-05
-8.35915e-05
3.75661e-05
-0.000110896
-0.000131887
-0.000149107
-4.41179e-05
-2.67255e-05
-0.000283978
-9.80004e-05
-0.000171985
-3.33709e-05
-5.13942e-05
-0.000115987
6.27669e-05
-8.5078e-05
-3.30304e-05
-5.40717e-05
-4.87152e-06
-0.000148251
-3.17477e-07
3.21083e-07
3.86596e-05
4.17546e-05
-4.57762e-05
-9.19858e-05
0.00012671
4.20267e-05
-3.51242e-05
5.66488e-05
1.88664e-05
-4.80222e-05
-8.1815e-05
2.98711e-05
-7.63454e-05
2.41169e-05
6.43662e-07
-6.23961e-07
-3.85255e-06
1.00222e-05
4.96161e-05
1.58735e-05
2.97696e-05
-3.59088e-05
0.000104603
-7.87685e-05
-4.64069e-05
-1.03021e-05
-7.67502e-07
3.31114e-05
6.15197e-05
1.8253e-05
-1.85504e-05
-3.32161e-05
3.57415e-05
3.7982e-06
5.88859e-06
-8.99376e-05
-4.90317e-05
-9.31908e-05
-2.59032e-05
5.04921e-05
1.88147e-05
)
;

boundaryField
{
    innerInlet
    {
        type            calculated;
        value           nonuniform List<scalar> 0();
    }
    atmosphere_outlet
    {
        type            calculated;
        value           nonuniform List<scalar> 
434
(
-2.95839e-05
-6.25169e-05
-6.45472e-05
-0.000168095
-0.000301929
-9.37172e-05
-0.000140546
-0.000112036
-2.6442e-05
1.05305e-06
-1.01685e-05
-2.78886e-06
-1.13254e-05
-3.13181e-05
-4.24849e-05
-2.76518e-05
-4.1242e-05
-6.58175e-05
-0.000105307
-9.13991e-05
-0.000117313
0.000885493
0.000681887
0.000777739
0.000878609
-0.000125879
-6.59914e-05
-0.000112877
-3.61802e-05
-6.56552e-05
-0.000100592
-8.18833e-05
-6.15449e-05
-5.94397e-05
-7.15722e-05
0.000749314
0.000500818
0.000277193
0.000851197
-9.86752e-05
-0.000187048
-0.00013925
-3.0011e-05
-6.01535e-05
-3.54629e-05
-5.5751e-05
-5.08384e-05
-9.03751e-05
-4.68301e-05
-0.000107073
-3.73834e-05
-5.07439e-05
-5.40711e-05
-4.96495e-05
0.000635134
-8.51679e-05
0.000127124
0.000446676
-4.02584e-05
-4.90283e-05
-3.52353e-05
-2.55303e-05
-1.58211e-05
-1.58511e-05
-2.50038e-05
-4.65883e-05
-5.01539e-05
-4.33955e-05
-5.26494e-05
-6.33142e-05
-4.82893e-05
-5.929e-05
-1.58828e-05
-1.81437e-05
-3.83888e-06
-3.14108e-05
-7.56224e-06
-4.71507e-05
2.34306e-07
-2.63973e-10
5.01861e-07
-1.94143e-05
-0.000195515
-4.90898e-07
-9.27684e-07
-2.87532e-05
-0.000117263
-2.05422e-05
-2.80853e-05
-2.81345e-05
-2.1009e-05
-4.18441e-05
-2.57856e-05
-3.66964e-05
-0.000324231
-0.000220084
-0.00013156
-0.000370268
0.000962649
0.00107328
0.0010276
0.00103241
-8.75494e-05
-4.10896e-05
0.00106542
0.00107069
0.00104872
0.000999973
-5.79955e-05
-2.94708e-05
0.00116224
0.000635942
0.00108723
0.000876672
0.000913047
0.00109477
0.000875874
0.000903497
0.000909369
0.000904124
-3.19552e-05
0.000860759
0.000848094
0.000959633
0.000953289
0.000933526
0.000995049
-0.000144372
0.000268845
0.000284259
-0.000145017
0.000465246
0.000443336
-0.000112546
-9.11665e-05
0.000168993
-0.000145306
0.000233109
-0.000156748
-8.34826e-05
-0.000109031
-0.000140447
-0.000135418
0.000422505
0.00034462
-0.000144751
-0.00012809
-0.000112902
-0.000289076
-0.000220355
-6.65468e-05
-7.58835e-05
-7.8488e-05
-6.87962e-05
0.000368936
0.000406336
-0.000134712
-0.000142452
0.00127207
0.0012532
0.000779108
0.000859057
0.000131539
-0.000132919
0.00016472
-0.00014826
0.000357082
0.000891406
0.000431273
-7.59641e-05
0.000224534
-9.67918e-05
0.000239151
-9.32745e-05
-0.000125285
-0.000121514
-6.12659e-05
0.000235408
-0.000141978
-0.000140363
0.00127488
0.00127695
0.000884728
0.000904667
0.000915527
0.00090076
0.000889964
0.000864259
0.000333985
-0.000130938
-0.000132284
0.000246611
-8.57024e-05
-9.12886e-05
-6.14104e-05
-5.26481e-05
-0.000114633
-9.22173e-05
-0.00011628
-0.000134551
-0.000127009
-8.16708e-05
0.000745156
0.000764782
0.000665893
0.000670005
0.000543475
0.000183997
0.00062751
0.000103822
0.000683496
0.000279379
0.000647003
0.000307756
0.000766268
0.000738638
0.000703069
0.000291998
0.000627407
-0.000370675
-0.000158745
-0.00026943
0.00025083
0.00063819
0.000630265
0.000231126
0.000326038
0.000706638
0.000751292
0.000400359
0.000293884
-0.00013552
0.000317394
-0.000142294
0.00106409
0.00127329
0.00110172
0.00127911
0.000458
-8.51855e-05
0.000366798
2.90257e-05
0.0012651
0.00124974
0.00126561
0.00125186
0.00124904
0.001265
0.00126394
0.00124963
0.000623641
0.000230618
0.000221998
0.000635991
0.00126541
0.0011339
0.00116595
0.00126035
0.000743549
0.000267678
0.000343985
0.000672349
0.000865026
0.000834026
0.000803658
0.000822079
0.000306076
-0.000110873
0.000355351
-0.000127551
0.000532827
-4.23905e-05
0.000428284
8.73014e-05
-0.000334733
-0.000327203
-0.000367563
0.000563769
-0.000206846
2.06466e-05
0.000199736
-0.000169847
0.000200001
-0.000160029
0.00128068
0.00127976
0.000941494
0.000979946
-0.000167066
0.00022127
0.000261094
-0.00015353
0.000750031
0.000394392
0.000752767
0.000352396
0.00128008
0.00106031
0.0010175
0.00127703
0.000626736
0.000311381
0.000700824
0.000208729
-0.000217074
-0.000193443
-0.000278012
-0.000209695
-0.000218371
-0.000409655
-0.000276466
-0.000273734
-0.000210383
-0.000226923
-0.00027146
-0.00020134
-0.000184269
-4.32782e-05
-2.76367e-05
-6.49567e-05
-6.58551e-05
-0.000102991
-9.42018e-05
-4.57398e-05
-2.17189e-05
-1.01564e-05
-4.75883e-05
-8.00226e-05
-4.66201e-05
-6.36119e-05
-6.70889e-05
-4.16865e-05
-7.50724e-05
-8.70478e-05
-8.88345e-05
-7.89016e-05
-8.08031e-05
-8.54363e-05
-0.00029862
-8.06378e-05
-8.88749e-05
-8.63554e-05
-7.65544e-05
-7.35288e-05
-8.26867e-05
0.00122491
0.00122572
0.000712519
0.000725066
0.00124206
0.00120746
0.00077739
0.000804328
-0.000105356
-6.22148e-05
-6.62702e-05
-0.000134349
-7.846e-05
-0.00013278
-8.56186e-05
-5.15424e-05
-0.000109485
-9.3725e-05
-4.9807e-05
-4.61774e-05
-5.06304e-05
0.000821254
0.000835645
0.000804863
0.000785167
0.000726296
0.000707479
0.000671049
0.000681934
0.000664469
0.000664307
0.000666639
0.000665103
0.00128103
0.00127886
0.00092401
0.000949232
0.00128247
0.00102178
0.00128285
0.000980967
0.00126328
0.00125144
0.00125068
0.00126594
0.00123925
0.00125424
0.00125942
0.00126452
0.000855204
0.000839088
0.000784286
0.000764259
0.000726681
0.000745015
0.000706992
0.000681316
0.00128167
0.0012919
0.000871597
0.000872704
0.00127841
0.00127777
0.000884036
0.000905994
0.00123799
0.00125845
0.00125778
0.00116442
0.00109735
0.00126427
0.00127138
0.0011293
-0.000137935
-1.86159e-05
-0.000149091
-3.64226e-05
-6.43931e-05
-4.23828e-05
-5.49821e-05
-0.000119688
-8.37945e-05
-7.16352e-05
-0.000140586
-2.06279e-05
-2.34923e-06
-3.24917e-05
-1.1768e-06
-2.9941e-05
)
;
    }
    walls
    {
        type            calculated;
        value           nonuniform List<scalar> 
673
(
0
-1.0842e-19
0
0
0
0
0
0
0
0
0
-1.0842e-19
0
-1.0842e-19
0
0
0
0
0
0
0
0
0
0
0
0
0
0
0
-1.0842e-19
-1.0842e-19
-1.0842e-19
-1.0842e-19
0
0
0
0
0
0
0
0
0
0
0
0
0
0
0
0
0
0
0
0
0
0
0
-1.0842e-19
0
0
0
0
0
-1.0842e-19
0
0
0
0
0
0
0
0
0
0
0
0
0
0
0
0
0
1.0842e-19
0
0
0
0
0
0
1.0842e-19
0
0
0
0
0
0
0
-1.0842e-19
1.0842e-19
-1.0842e-19
1.0842e-19
0
-1.0842e-19
-1.0842e-19
0
0
0
-1.0842e-19
0
0
0
0
0
0
0
0
0
0
0
0
0
0
0
0
0
0
0
0
0
0
0
0
0
0
0
0
0
0
0
0
0
0
0
0
0
0
0
0
0
0
0
0
0
0
0
0
0
0
0
0
0
0
0
0
0
0
0
0
0
0
0
0
0
0
0
0
0
0
0
0
0
0
0
1.0842e-19
-1.0842e-19
1.0842e-19
0
0
0
0
1.0842e-19
0
1.0842e-19
0
1.0842e-19
-1.0842e-19
0
0
0
0
0
0
0
0
0
0
0
0
0
0
1.0842e-19
0
0
0
0
0
-1.0842e-19
-1.0842e-19
0
0
0
0
0
0
0
0
1.0842e-19
-1.0842e-19
0
0
0
0
1.0842e-19
0
-1.0842e-19
0
0
0
0
0
0
0
0
0
0
0
0
2.1684e-19
0
0
0
0
-1.0842e-19
0
0
0
0
0
-1.0842e-19
1.0842e-19
0
0
0
0
0
0
0
0
0
-1.0842e-19
0
1.0842e-19
0
0
0
0
0
0
0
2.1684e-19
-2.1684e-19
0
0
0
0
0
0
1.0842e-19
0
0
0
0
0
0
0
0
0
0
0
0
0
0
0
0
0
0
0
0
0
0
1.0842e-19
0
0
0
0
0
0
0
5.42101e-20
0
0
5.42101e-20
0
0
0
0
0
-1.0842e-19
0
1.0842e-19
0
0
1.0842e-19
0
0
0
0
0
1.0842e-19
0
0
0
0
0
1.0842e-19
0
0
0
-1.0842e-19
0
0
0
0
0
0
1.0842e-19
-1.0842e-19
1.0842e-19
0
0
0
0
0
0
0
1.0842e-19
0
0
1.0842e-19
0
-2.1684e-19
0
0
0
-2.1684e-19
0
0
0
0
0
0
-1.0842e-19
0
0
0
0
1.0842e-19
0
1.0842e-19
1.0842e-19
0
0
0
0
0
0
0
0
0
0
0
0
0
-1.0842e-19
0
0
0
0
0
0
0
1.0842e-19
0
0
0
0
1.0842e-19
0
0
0
0
0
-1.0842e-19
0
1.0842e-19
0
0
0
0
0
0
0
0
0
0
0
0
0
0
0
0
0
0
0
0
0
0
0
0
0
0
0
0
0
0
0
0
0
-1.0842e-19
0
0
0
0
0
0
0
0
0
0
-1.0842e-19
0
0
0
0
0
0
0
0
0
0
0
0
0
0
0
0
0
0
0
1.0842e-19
0
0
0
0
0
0
0
0
0
0
-1.0842e-19
0
0
0
0
0
-1.0842e-19
0
0
0
0
0
0
0
1.0842e-19
0
0
0
0
0
0
0
0
0
0
-5.42101e-20
0
0
-1.0842e-19
0
0
0
0
1.0842e-19
0
0
-1.0842e-19
0
0
0
0
0
0
0
0
0
0
0
0
0
0
0
0
0
0
0
0
0
0
0
0
0
0
0
0
0
0
0
0
0
0
0
0
0
0
0
0
0
0
0
0
0
0
0
0
0
0
0
0
0
0
0
0
0
0
0
0
0
0
0
0
0
0
0
-1.0842e-19
0
0
0
0
0
0
0
0
0
1.0842e-19
0
0
0
0
0
0
0
0
0
0
0
0
0
0
0
0
0
0
0
0
0
0
0
0
0
0
0
0
0
0
0
0
0
0
0
0
0
0
0
0
0
0
0
0
0
0
0
0
0
0
0
0
0
0
0
0
0
0
-1.0842e-19
0
)
;
    }
    window
    {
        type            calculated;
        value           nonuniform List<scalar> 
2008
(
0
0
0
0
0
0
0
0
-2.06795e-25
0
0
0
0
0
0
-2.58494e-26
0
0
0
0
0
-1.29247e-26
0
0
0
0
0
0
0
0
0
0
2.58494e-26
0
0
0
0
0
1.29247e-26
1.29247e-26
0
0
0
0
0
0
2.06795e-25
0
0
0
0
0
0
0
-2.58494e-26
0
0
0
0
0
0
-2.58494e-26
0
0
0
0
0
0
0
0
2.58494e-26
-2.58494e-26
0
0
0
0
0
-2.58494e-26
-2.58494e-26
0
1.29247e-26
0
-8.07794e-28
0
0
0
1.61559e-27
0
0
0
0
0
0
0
0
0
0
0
0
0
0
0
-3.23117e-27
0
0
0
0
0
0
0
0
-1.61559e-27
0
0
0
0
0
0
0
0
0
0
0
8.07794e-28
1.61559e-27
0
0
0
0
0
0
0
8.07794e-28
0
0
0
0
0
0
0
0
0
0
0
0
0
0
6.46235e-27
0
0
0
0
0
1.29247e-26
0
0
0
0
0
0
0
0
0
-1.61559e-27
0
0
0
0
-8.07794e-28
0
0
0
0
6.46235e-27
0
0
0
0
0
0
0
0
2.06795e-25
0
0
0
0
-1.29247e-26
0
0
0
0
0
0
0
0
0
0
-1.29247e-26
0
0
0
0
2.58494e-26
0
0
0
0
0
0
0
0
0
0
0
0
0
0
6.46235e-27
0
0
0
0
0
0
0
0
0
0
0
0
0
0
0
0
0
0
0
0
0
0
0
0
0
0
0
0
-2.58494e-26
0
0
0
0
0
0
0
0
0
0
0
0
0
2.58494e-26
0
0
2.58494e-26
0
0
0
0
0
2.58494e-26
0
0
0
0
0
0
0
0
0
0
0
0
0
0
0
0
0
0
0
0
0
0
0
0
0
0
0
0
0
0
1.29247e-26
0
0
0
0
0
0
0
-5.16988e-26
0
1.29247e-26
-2.58494e-26
0
0
0
0
0
6.46235e-27
0
0
1.29247e-26
-2.58494e-26
0
6.46235e-27
1.29247e-26
0
0
0
0
0
0
0
0
0
0
0
0
0
0
0
0
0
0
0
0
0
0
0
0
0
0
0
0
0
0
0
0
0
0
0
0
0
0
0
0
-1.03398e-25
0
0
0
0
0
0
0
0
0
0
0
0
0
0
0
1.03398e-25
0
0
-4.1359e-25
0
0
0
4.1359e-25
0
8.27181e-25
0
0
0
0
0
0
0
0
0
0
0
0
0
0
0
0
0
0
0
-2.58494e-26
0
0
0
1.03398e-25
0
0
0
0
0
0
0
0
0
0
0
0
0
1.03398e-25
0
0
-6.61744e-24
0
0
0
0
0
0
0
0
0
0
0
0
0
0
0
0
0
0
0
0
0
0
0
0
0
0
0
-2.06795e-25
0
0
0
0
0
0
0
0
0
0
0
0
0
0
0
0
0
0
0
0
0
0
0
0
0
0
0
-6.61744e-24
0
0
-5.16988e-26
0
0
0
0
0
0
0
0
0
0
0
0
0
0
0
0
0
0
0
0
0
0
0
0
0
0
0
0
0
0
0
0
0
0
0
0
0
0
0
0
0
0
0
0
0
0
0
0
0
0
0
0
0
0
0
0
0
0
-6.61744e-24
0
0
0
4.1359e-25
0
-5.16988e-26
0
0
0
0
0
0
0
0
0
0
0
0
0
0
0
0
4.1359e-25
0
0
-2.06795e-25
0
0
0
0
0
0
0
0
0
0
0
0
0
0
0
0
0
0
0
0
5.16988e-26
0
0
0
0
0
0
0
0
0
0
0
0
0
0
0
0
-4.1359e-25
0
0
0
0
0
0
0
0
0
0
0
0
0
0
0
0
0
0
0
0
0
0
0
0
0
0
0
0
0
0
0
0
0
0
0
0
0
0
-1.61559e-27
0
0
0
0
0
0
0
0
0
0
-3.30872e-24
0
0
0
0
0
0
0
0
0
5.16988e-26
0
0
0
0
0
0
0
0
0
0
0
0
-4.1359e-25
0
0
0
0
0
0
0
0
0
0
0
-3.30872e-24
4.1359e-25
0
0
0
0
0
0
0
0
0
0
0
0
0
1.61559e-27
0
0
0
0
4.1359e-25
0
0
0
0
0
0
0
0
0
0
0
0
0
0
0
0
0
0
0
0
0
0
0
0
0
0
0
0
0
0
0
0
0
0
0
0
0
0
0
0
0
0
0
0
0
0
0
0
0
0
0
0
0
0
0
0
0
0
0
0
0
0
-4.1359e-25
0
0
0
0
0
0
6.61744e-24
0
0
0
0
0
0
0
0
0
0
0
0
0
0
0
0
0
0
0
-6.61744e-24
6.61744e-24
0
0
0
0
0
0
0
0
0
0
0
0
0
0
0
0
0
0
0
0
0
0
0
0
0
0
0
0
0
4.1359e-25
0
0
0
0
0
0
0
0
0
0
0
0
0
0
0
0
-2.58494e-26
0
0
0
0
0
0
0
0
0
0
0
0
0
-4.1359e-25
0
0
0
0
0
0
0
-1.61559e-27
0
-2.06795e-25
0
0
0
0
0
0
0
0
0
0
0
0
0
0
0
0
0
0
0
0
0
0
0
0
0
0
0
0
0
0
0
0
0
0
0
0
0
0
0
0
0
0
0
0
0
0
0
0
0
0
0
0
0
0
0
0
0
0
0
0
0
0
0
0
0
0
0
0
0
0
0
0
0
0
0
0
0
0
0
0
0
0
0
0
0
0
0
0
0
0
0
0
0
0
0
0
0
0
0
0
0
8.27181e-25
-2.06795e-25
0
0
0
0
-5.16988e-26
0
5.16988e-26
0
0
0
0
0
0
0
0
-4.1359e-25
0
0
0
0
0
0
0
-2.06795e-25
4.1359e-25
0
0
-4.1359e-25
0
0
0
0
0
3.30872e-24
0
0
0
0
0
0
0
5.16988e-26
0
-5.16988e-26
0
0
0
0
0
0
0
0
0
0
0
0
0
0
0
0
0
0
0
0
0
0
0
0
-3.30872e-24
0
0
0
0
0
-1.03398e-25
-1.03398e-25
0
0
0
0
0
0
0
0
0
0
1.03398e-25
1.03398e-25
0
0
0
0
0
0
0
0
0
0
0
0
0
0
0
0
0
0
0
0
0
0
0
0
0
0
0
0
0
0
0
0
6.61744e-24
0
0
0
0
0
0
-3.30872e-24
0
0
0
0
0
0
0
0
0
0
0
0
0
0
0
0
0
0
0
0
0
0
0
0
0
0
0
0
0
0
0
0
0
0
0
0
0
0
0
0
0
0
0
-5.16988e-26
0
0
0
-3.30872e-24
0
0
0
0
0
0
0
0
0
0
0
0
0
0
0
0
0
0
0
3.30872e-24
-1.03398e-25
0
0
0
0
0
0
0
0
0
0
0
0
0
0
0
0
0
0
0
0
0
0
0
0
0
0
0
0
0
0
0
0
0
0
0
0
0
0
0
0
0
0
0
3.30872e-24
0
0
0
0
0
0
0
0
0
0
0
0
0
0
0
0
0
0
0
0
0
7.70372e-34
0
0
0
0
0
0
0
0
0
0
0
0
0
0
0
8.07794e-28
0
0
0
0
0
0
0
0
0
0
0
0
0
-1.61559e-27
0
0
0
0
0
6.46235e-27
0
0
-4.03897e-28
0
0
0
0
0
0
0
-2.52435e-29
0
0
0
0
0
0
0
0
0
0
0
8.07794e-28
0
0
0
0
-7.88861e-31
0
0
0
0
0
0
0
0
0
0
0
0
0
0
0
0
0
0
0
0
-1.61559e-27
0
0
0
0
1.61559e-27
0
0
0
0
0
0
0
0
0
0
0
0
0
0
0
2.52435e-29
0
0
0
0
0
0
0
0
0
0
0
0
0
0
0
0
0
0
0
0
0
0
0
0
-5.04871e-29
0
0
0
0
0
0
0
0
0
0
0
0
0
0
0
0
0
0
0
0
0
0
0
0
0
0
0
0
0
0
0
0
-4.03897e-28
0
0
0
0
0
0
0
0
0
0
0
0
0
0
0
0
0
0
0
0
0
0
-6.46235e-27
3.23117e-27
0
0
0
0
0
0
0
0
7.70372e-34
0
-7.70372e-34
0
0
0
0
0
0
0
0
0
0
0
-5.16988e-26
0
-5.16988e-26
0
0
0
5.16988e-26
0
0
-1.29247e-26
1.29247e-26
0
6.46235e-27
0
0
0
1.29247e-26
0
0
0
0
0
0
0
0
0
-5.16988e-26
-5.16988e-26
0
0
0
0
0
-1.61559e-27
0
0
1.29247e-26
0
0
6.46235e-27
0
0
0
0
-1.54074e-33
2.52435e-29
0
0
0
0
0
0
0
0
0
-6.46235e-27
5.04871e-29
0
0
0
-8.07794e-28
0
0
-1.61559e-27
0
0
0
0
0
0
0
0
2.52435e-29
0
0
0
0
0
0
0
0
0
0
0
2.52435e-29
0
0
-7.70372e-34
0
0
0
0
0
0
2.52435e-29
-7.70372e-34
0
0
0
0
0
0
0
0
0
0
0
0
0
0
0
0
0
0
0
0
0
0
0
0
0
0
0
0
0
0
0
0
0
0
0
0
2.52435e-29
0
0
0
0
0
0
0
0
0
0
0
0
0
0
0
0
0
0
0
5.04871e-29
4.03897e-28
0
0
0
0
0
0
-6.46235e-27
0
0
0
0
0
0
0
0
0
0
0
0
0
0
0
0
-1.61559e-27
0
0
0
0
0
0
0
0
0
0
0
0
0
0
0
0
0
0
-1.61559e-27
0
0
0
0
0
0
0
0
0
0
0
6.46235e-27
5.04871e-29
0
0
0
0
6.46235e-27
0
0
0
0
0
0
0
0
-1.00974e-28
0
0
0
0
0
-2.58494e-26
0
1.29247e-26
0
0
0
0
0
0
0
0
0
0
0
0
0
0
0
0
0
0
0
0
0
0
0
2.52435e-29
0
-7.70372e-34
0
-1.29247e-26
0
0
0
0
0
0
0
0
0
0
6.46235e-27
0
0
0
0
0
0
0
0
0
0
0
0
0
0
0
0
0
0
0
0
0
0
0
0
0
0
0
0
0
0
0
0
0
0
0
0
-3.23117e-27
0
-3.23117e-27
0
0
0
0
0
0
0
0
0
0
-1.29247e-26
0
0
0
0
0
0
0
0
0
0
0
0
0
0
0
0
0
0
0
0
0
0
0
0
0
0
0
0
0
0
0
0
0
0
0
0
0
0
0
0
0
0
0
0
0
0
0
0
0
3.23117e-27
0
0
0
-6.46235e-27
0
0
0
6.46235e-27
0
0
2.58494e-26
0
0
0
0
0
0
-5.16988e-26
0
0
0
0
0
0
0
0
0
0
0
0
1.29247e-26
0
0
0
0
0
0
0
0
0
-1.29247e-26
0
0
0
0
0
-6.46235e-27
0
0
0
-1.29247e-26
0
0
0
0
0
0
0
0
0
0
0
0
0
0
0
0
0
0
0
0
0
0
0
0
0
0
0
0
2.58494e-26
1.29247e-26
0
0
0
0
0
0
0
0
0
0
0
0
0
0
0
0
0
0
0
0
0
0
0
0
-6.46235e-27
0
0
0
0
0
0
0
3.23117e-27
0
0
0
0
0
0
0
0
1.29247e-26
0
0
0
0
0
3.23117e-27
0
0
0
0
0
0
0
0
0
0
0
0
0
0
0
0
0
0
0
0
0
0
0
0
0
0
0
1.29247e-26
0
0
0
0
0
0
0
0
0
0
0
0
0
3.23117e-27
0
1.61559e-27
0
0
0
0
0
0
)
;
    }
    procBoundary1to0
    {
        type            processor;
        value           nonuniform List<scalar> 
536
(
-0.000451719
-0.000319165
-0.000105217
-6.36586e-05
-3.39426e-05
-4.7515e-05
-6.1703e-05
-4.29368e-05
-4.42421e-05
-1.95522e-05
-2.95711e-05
-5.15558e-05
-3.0515e-05
-2.94031e-06
4.7122e-06
-1.03686e-05
-1.87136e-05
-3.52776e-05
-2.05979e-05
7.33715e-05
2.47034e-06
9.16233e-06
-4.08733e-06
-1.11704e-05
-2.66078e-05
-1.33573e-05
8.6389e-05
6.06836e-06
1.21176e-05
2.90915e-07
-5.70641e-06
-1.56913e-05
-7.42233e-06
7.77938e-05
1.32827e-05
8.09441e-06
3.12948e-06
-1.79671e-06
-6.7087e-06
-2.74687e-06
5.96429e-05
1.34743e-05
1.29382e-05
9.10597e-06
4.93636e-06
1.01355e-06
7.44451e-07
1.51041e-07
3.96034e-05
1.00229e-05
1.16519e-05
9.21269e-06
5.70511e-06
2.53177e-06
-6.10196e-08
1.11758e-06
2.16614e-05
8.12346e-06
6.06977e-06
7.35902e-06
8.57291e-06
5.65759e-06
3.0191e-06
-1.48531e-06
3.80878e-07
1.09985e-05
6.43218e-06
5.81463e-06
3.96399e-06
4.78496e-06
2.28684e-06
-4.04649e-06
-1.07394e-06
5.21283e-08
-1.15614e-06
2.31012e-07
-6.91285e-06
3.4341e-06
1.6111e-06
9.79201e-07
-1.39744e-05
-4.21813e-06
-1.35789e-05
-8.89086e-06
-3.88084e-06
-2.49483e-06
-1.91379e-05
-1.11012e-06
-1.09278e-05
-3.13025e-05
-5.81779e-06
-1.67221e-05
-7.01453e-06
-7.08802e-06
-1.6768e-05
-6.91502e-06
-3.02706e-05
-1.1238e-05
-2.09275e-05
-5.31863e-05
-1.88949e-05
-2.98332e-05
-1.07376e-05
-1.01961e-05
-2.37862e-05
-3.93055e-05
-1.79265e-05
-3.55222e-05
-3.9186e-05
-2.07259e-05
-2.4806e-05
-4.30678e-05
-1.49765e-05
-1.28701e-05
-2.97293e-05
-4.59869e-05
-2.46378e-05
-2.979e-05
2.50234e-05
-2.25245e-05
-2.03503e-05
-3.07131e-05
-4.4547e-05
-1.53327e-05
-1.86419e-05
-3.49286e-05
-4.83927e-05
-2.28011e-05
-5.22103e-06
6.9075e-05
4.51149e-05
-2.56677e-05
-1.7285e-05
-2.03717e-05
-3.02452e-05
-1.31846e-05
-2.75763e-05
-1.5198e-05
-1.83492e-05
-3.69488e-05
-4.59243e-05
-1.30169e-05
1.6586e-05
7.38154e-05
8.49931e-05
7.15081e-05
-1.77309e-05
-2.69214e-05
-1.28109e-05
-1.61939e-05
-1.76793e-05
-8.6247e-06
-1.42482e-05
-6.52565e-07
-3.42787e-06
-7.20052e-07
-3.51164e-05
-4.01041e-05
6.47783e-07
3.48703e-05
8.92541e-05
0.000101366
-1.78721e-05
-1.06007e-05
-2.53831e-05
-5.06113e-06
-1.49249e-06
7.89031e-07
2.95172e-06
-6.62191e-06
1.57772e-06
3.70245e-06
1.43586e-06
3.82749e-06
-3.11958e-05
-3.0839e-05
1.32133e-05
4.92381e-05
0.00010776
-1.65754e-05
-9.62931e-06
-3.91598e-07
-2.34496e-05
1.24727e-05
5.51852e-06
7.88865e-06
5.45634e-06
7.88053e-06
8.33463e-06
6.21487e-06
9.2158e-06
9.95729e-06
-2.4756e-05
-1.94815e-05
2.27323e-05
5.49552e-05
0.000111946
-1.66105e-05
-8.55932e-06
1.70968e-06
1.96333e-05
-2.00728e-05
1.00582e-05
1.17135e-05
1.06213e-05
1.32348e-05
1.21363e-05
1.50447e-05
1.33015e-05
1.08087e-05
1.64606e-05
1.8487e-05
-1.65614e-05
1.69454e-05
2.80882e-05
4.64378e-05
5.23197e-05
-1.64042e-05
-1.05061e-05
2.29692e-06
2.26544e-05
1.29216e-05
1.37777e-05
-1.5393e-05
1.54907e-05
1.72933e-05
1.81356e-05
2.09891e-05
2.15722e-05
2.51364e-05
1.63758e-05
1.63924e-05
2.50423e-05
2.85453e-05
2.26164e-05
1.25403e-05
2.77971e-05
3.73457e-05
3.4487e-05
-1.54663e-05
-1.33604e-05
-1.68331e-06
2.25296e-05
1.41761e-05
1.43341e-05
1.86126e-05
1.95181e-05
3.23182e-05
2.33291e-05
2.52061e-05
2.86149e-05
3.1672e-05
3.21938e-05
3.58585e-05
1.92441e-05
2.25032e-05
1.62183e-05
-2.90401e-05
2.63947e-05
2.33989e-05
4.84134e-05
-1.57802e-05
-7.42255e-06
1.6046e-05
1.40381e-05
1.34172e-05
1.99757e-05
2.00757e-05
2.65614e-05
2.74694e-05
2.40899e-05
3.39924e-05
3.58872e-05
3.90864e-05
4.17736e-05
2.07026e-05
-4.39212e-05
-2.13977e-05
2.13763e-05
-0.000464025
-1.81945e-05
4.00839e-05
-1.25167e-05
6.7243e-06
1.22661e-05
1.095e-05
1.97203e-05
1.89455e-05
2.7908e-05
2.79452e-05
3.71815e-05
3.80264e-05
-6.52775e-05
4.35652e-05
4.51021e-05
-3.83934e-05
-1.83431e-05
-0.00010915
-5.04342e-06
-0.00011799
-9.43338e-05
-0.000533978
-1.62158e-05
-5.66464e-06
-1.01642e-06
9.34446e-06
7.842e-06
1.76885e-05
1.6141e-05
2.74982e-05
2.65976e-05
3.84008e-05
3.83348e-05
4.59646e-05
4.65264e-05
-6.34308e-05
-3.75052e-05
-3.13759e-05
-0.000107705
-5.5968e-06
-0.000127023
-0.000116609
-2.18163e-05
-2.66565e-05
-0.000135364
-4.55246e-06
-4.19052e-06
-5.19531e-06
-6.43516e-06
6.34169e-06
5.22115e-06
1.43373e-05
1.25241e-05
2.51986e-05
2.34506e-05
3.7802e-05
3.67878e-05
4.66774e-05
4.64652e-05
-1.41402e-05
-1.81489e-05
-2.209e-05
-1.08002e-05
-1.35985e-05
-1.47169e-05
-8.32685e-05
-1.42774e-05
-0.000104054
-6.5307e-06
-0.000125918
-0.000113148
-2.74284e-05
-0.000134517
2.26124e-06
-4.5955e-06
4.39026e-06
4.41254e-06
-5.90619e-06
-7.86178e-06
1.07832e-05
9.34026e-06
2.14214e-05
1.93209e-05
3.52525e-05
3.33342e-05
4.58872e-05
4.49236e-05
-2.26952e-05
-1.86863e-05
-1.66791e-05
-1.74705e-05
-0.000222066
-2.20641e-05
-3.23512e-05
-9.83333e-05
-8.20796e-06
-0.000122506
-0.000107512
-2.82607e-05
-0.000131663
2.57207e-06
5.28451e-06
9.19747e-06
8.17829e-06
-3.90166e-06
8.0578e-06
8.33425e-06
-6.92731e-06
-1.06675e-05
1.72481e-05
1.54194e-05
3.10925e-05
2.87133e-05
4.35025e-05
4.17904e-05
-2.33462e-05
-2.00261e-05
-2.04082e-05
-2.45079e-05
-0.000140556
-5.45882e-05
-0.000134937
-8.81168e-05
-3.67115e-05
-8.69464e-05
-9.71646e-06
-0.000117126
-9.55969e-05
-2.9202e-05
-0.000126909
8.61625e-06
8.9899e-06
1.47309e-05
2.00393e-05
1.19899e-05
-2.21281e-06
1.32579e-05
1.39964e-05
-8.49893e-06
-1.59936e-05
2.62836e-05
2.39799e-05
3.97486e-05
3.75281e-05
-2.38029e-05
-2.31854e-05
-2.68786e-05
-5.85298e-05
-0.000139118
-9.76743e-05
-3.94616e-05
-9.06386e-05
-1.64635e-05
-0.000104795
-0.000102372
-2.8805e-05
-0.000114182
2.22713e-05
1.37037e-05
1.89829e-05
2.85151e-05
4.10533e-05
1.60684e-05
2.95446e-06
2.04476e-05
2.19585e-05
-1.11808e-05
-2.63467e-05
3.51987e-05
3.27688e-05
-2.48256e-05
-2.85967e-05
-6.27989e-05
-0.000151702
-0.000109185
-4.02888e-05
-0.000115498
-3.7188e-05
-0.000128856
4.81e-05
1.98915e-05
2.18371e-05
3.28348e-05
5.26332e-05
7.7984e-05
2.09123e-05
2.0419e-05
2.81225e-05
3.04466e-05
-1.81964e-05
-2.80047e-05
-6.41023e-05
-0.000171674
-0.000122821
-3.63107e-05
-2.15205e-05
8.53826e-05
2.62527e-05
3.28865e-05
2.47796e-05
5.6522e-05
9.27111e-05
0.000130414
2.48858e-05
4.52793e-05
-5.41517e-05
-0.000203558
-0.000131094
-1.8142e-05
0.000107571
4.95344e-05
3.28704e-05
2.49059e-05
9.72711e-05
0.000140009
0.000231601
5.35564e-05
-1.75711e-05
-0.000248715
-7.77726e-05
0.000105184
4.58892e-05
2.68581e-05
0.000141547
0.000148632
0.000184092
-0.000292809
0.000137304
5.95224e-05
3.01482e-05
0.000126526
0.000138815
0.000115449
4.21825e-05
7.50391e-05
0.000110041
5.69542e-05
5.79014e-05
1.89368e-05
5.61517e-05
3.68846e-05
1.27488e-05
2.94298e-05
1.11524e-05
5.46096e-06
4.87875e-06
-3.45743e-06
1.13923e-06
-7.11421e-06
-6.49144e-06
-1.2519e-06
-6.17096e-06
-1.35177e-05
-2.93125e-07
-4.02016e-05
-1.10595e-05
)
;
    }
    procBoundary1to2
    {
        type            processor;
        value           nonuniform List<scalar> 
638
(
-6.35955e-05
-1.0455e-05
-3.85077e-05
1.63405e-05
7.42694e-06
5.24754e-05
-1.48244e-05
3.71379e-05
-8.82403e-05
-3.63196e-05
-7.40274e-05
1.08099e-05
2.58055e-05
6.39687e-05
4.17928e-05
7.44058e-05
-2.80393e-05
7.51661e-05
-5.1361e-05
4.87198e-05
-9.18109e-05
-2.56604e-05
7.01733e-05
9.54943e-05
5.62704e-05
8.42161e-05
-1.03258e-05
9.25111e-05
5.28042e-06
0.000106023
7.49676e-05
3.1127e-05
-6.82175e-05
-1.06964e-06
8.47304e-05
0.000106913
0.000100261
0.000119855
3.16342e-05
0.000132644
1.76592e-05
0.000118543
0.00010355
0.000126593
0.000125521
7.04925e-05
0.000132928
0.000148565
0.000116221
0.000134267
4.42452e-05
0.000147832
5.96794e-05
0.000166021
0.000165634
0.000146336
0.00015676
0.000185963
0.000150211
0.000162384
8.91507e-05
0.000202838
7.51995e-05
0.000184631
0.000168503
0.000175336
0.000184694
0.00020573
0.000239601
0.000212441
0.000101362
0.000220328
0.000247711
0.000226838
0.000207683
0.000196428
0.000185162
0.000186586
0.000115279
0.000236503
0.000264587
0.000291249
0.000267774
0.000342092
0.00031723
0.00022232
0.000202627
0.000249946
0.000210228
0.000137462
0.000264821
0.000123021
0.000251433
0.000286164
0.000365947
0.000269631
0.000308353
0.00021529
0.000304629
0.000141924
0.000275768
0.000154776
0.000283976
0.000318406
0.000303009
0.000388184
0.000251532
0.000163444
0.000308401
0.000158018
0.000294489
0.000450008
0.000331568
0.000342013
0.00043074
0.000409287
0.000168547
0.000260607
8.79934e-05
0.000228407
0.000360095
0.00050338
0.00045129
0.000468242
0.000166816
0.000242698
0.000285521
0.000528068
0.00059479
9.20038e-05
0.000250068
0.000356097
0.000142285
0.000162377
0.000342052
1.33757e-06
0.000739941
0.000159752
0.000132645
0.000807326
-1.27895e-05
0.000816106
-1.45152e-05
-1.13867e-05
0.000761993
-0.000162053
0.000138714
5.33291e-05
0.000829776
-1.79898e-05
0.00082343
-1.62223e-05
0.000796607
-1.18131e-05
-0.000168519
-0.000168895
-1.1449e-05
0.000782296
-0.000168308
-0.000363203
4.63396e-05
-1.52742e-05
0.000835368
-1.95597e-05
0.000840221
-2.08637e-05
-0.00017008
-0.000169578
-0.000168793
-0.000387083
-0.000390213
-0.000168247
-0.000380688
-0.00045321
-8.63817e-06
-2.31546e-05
0.000847519
-2.38977e-05
0.000844332
-2.21734e-05
-0.000170557
-0.000170804
-0.000399768
-0.000394568
-0.000385699
-0.000473636
-0.000476858
-0.000383604
-0.000462227
-0.000362792
-1.90679e-05
-1.68669e-05
0.000849719
-2.47353e-05
0.000851135
-2.51338e-05
-0.000172538
-0.000171456
-0.00040502
-0.000410081
-0.000484198
-0.000479855
-0.000469493
-0.000400964
-0.000418906
-0.000465986
-0.000366545
-0.000147139
-2.67038e-05
-6.02027e-05
0.000852189
-2.5552e-05
0.000851935
-2.53926e-05
-0.000173336
-0.000173192
-0.000424362
-0.000415528
-0.000488238
-0.000493063
-0.000463367
-0.000439612
-0.000386148
-0.000210564
-0.000237629
-0.000373854
-0.000148371
1.18484e-05
-0.000237366
0.000153639
0.000851976
-2.54831e-05
0.000851272
-2.54047e-05
-0.000172987
-0.000173064
-0.000427288
-0.000428732
-0.00051589
-0.000499622
-0.00048774
-0.000510806
-0.000319476
-0.000274736
-0.000183755
-3.42921e-05
-0.00030025
7.35167e-05
-5.84715e-05
-0.000163656
1.37012e-05
-0.000252548
0.000129416
0.000847925
-2.42897e-05
0.000849989
-2.49666e-05
-0.000172956
-0.000173042
-0.000429101
-0.00042913
-0.000524707
-0.000526343
-0.000506922
-0.000524905
-0.000366061
-0.000403805
-0.000156411
-0.000352892
-9.46792e-05
-0.000112207
-8.80929e-06
1.76858e-06
0.000845029
-2.28665e-05
0.000841211
-2.19135e-05
-0.000172508
-0.000172995
-0.000429027
-0.000428382
-0.000526528
-0.000526667
-0.00050993
-0.00051431
-0.000377895
-0.000427246
-0.000223495
-0.000381252
-0.000384017
-0.000269981
0.00083161
-1.93532e-05
0.000836697
-2.07576e-05
-0.000171376
-0.000171123
-0.000424026
-0.000427276
-0.000526274
-0.000525712
-0.000516547
-0.000516658
-0.00035234
-0.000345752
-0.000299419
-0.000211169
-0.000798722
-0.000311571
-3.26101e-05
-3.03857e-05
8.12699e-05
-6.42198e-05
-0.000170956
-0.00017077
-0.000415761
-0.000410358
-0.000515836
-0.000523893
-0.000515652
-0.000514714
-0.000337118
-0.000340554
-0.000289058
-6.21059e-05
-0.000914142
-0.000277002
-4.02454e-05
-3.05008e-05
-5.33004e-05
-4.19291e-05
-4.97343e-05
-3.19397e-05
8.99317e-05
2.23651e-05
1.99956e-05
0.000108076
7.4366e-05
-3.97823e-05
-0.000400643
-0.000405923
-0.000499168
-0.00049389
-0.000506221
-0.00050976
-0.000334367
-0.00033964
-0.000261508
-2.27422e-05
-0.000894837
-0.000267287
-3.3961e-05
-7.5246e-05
-6.58628e-05
-4.41479e-05
-3.40945e-05
-4.10331e-05
-9.56751e-05
-8.22763e-05
-1.88133e-05
-2.03873e-05
2.2999e-05
2.57672e-05
2.33249e-05
2.06325e-05
0.000124066
3.08743e-05
2.72497e-05
0.000147427
8.18697e-05
-0.000133193
4.47388e-06
-0.000485424
-0.000487991
-0.000524664
-0.000512467
-0.000375308
-0.000346076
-0.00025747
-3.60528e-05
-0.000872437
-0.000262518
-5.37645e-05
-2.41628e-05
-2.31576e-05
-3.17304e-05
-3.26277e-05
-4.96888e-05
-6.11497e-05
-7.17072e-05
-0.000126648
-0.000106192
-0.000138787
-0.000116932
-9.48602e-05
2.3783e-05
2.73259e-05
2.34672e-05
2.15403e-05
3.31242e-05
3.73167e-05
3.31968e-05
2.83462e-05
0.00016579
4.5153e-05
4.06896e-05
0.000179933
-5.4946e-05
-5.60773e-05
0.000145426
9.17584e-05
-0.000179683
-0.000224409
0.000116345
8.56571e-05
-0.00046446
-0.000490221
-0.000424955
-0.000410513
-0.000295912
-0.000136291
-0.000828386
-0.000273872
-0.000102643
-4.24314e-05
-0.000110236
-3.88349e-05
-5.29429e-05
-5.64261e-05
-8.12575e-05
-8.72414e-05
-9.05148e-05
-0.000107256
0.000576522
0.000439903
-1.58672e-05
2.47914e-05
2.75707e-05
2.36876e-05
2.12193e-05
3.47514e-05
4.12863e-05
3.38205e-05
2.95471e-05
4.83952e-05
-0.000180101
5.2426e-05
5.09799e-05
4.35675e-05
-0.000224796
5.67247e-05
5.29569e-05
-0.000166464
0.000118412
-0.00013366
9.47614e-05
-0.000208113
0.000110761
0.000126788
0.000149284
-0.000323879
-0.000366664
-0.000305693
-0.000328391
-0.000590887
-0.000283904
-2.34276e-05
-0.000119344
-3.74178e-05
-6.32601e-05
-0.000128853
-6.54582e-05
-7.57344e-05
0.000213965
0.000284425
-0.000186262
-0.000166514
-0.00010897
-5.37145e-07
2.44914e-05
2.79221e-05
1.9323e-05
1.71914e-05
3.6954e-05
4.36933e-05
3.43479e-05
2.92814e-05
5.19319e-05
-0.000182032
5.85648e-05
5.6765e-05
4.84321e-05
0.000211099
-0.000173555
0.000583778
6.0878e-05
5.32085e-05
-0.000269876
8.15473e-05
-0.000161501
9.21891e-05
6.64502e-05
-0.000188246
0.000113776
0.000142978
0.000130219
-0.000172883
-0.000383149
-0.000204291
-0.000219646
-0.00012307
-5.14326e-05
-0.000136877
-5.79349e-05
8.78207e-05
-0.000136632
-0.00014553
-9.18607e-05
0.00015028
-6.2934e-06
-4.33226e-06
-0.000120464
-0.000137112
0.000476422
0.000299157
-0.00018382
-0.00023
2.02898e-05
2.2998e-05
3.69237e-05
4.52603e-05
2.87676e-05
2.48494e-05
6.00376e-05
-0.000184703
6.60119e-05
6.1916e-05
4.99078e-05
7.13449e-05
7.12311e-05
-0.000174124
6.98056e-05
6.69325e-05
0.00030063
0.000408719
9.16814e-05
-0.000187603
7.06897e-05
-0.000360947
5.52575e-05
6.89852e-05
9.00764e-05
0.000108556
0.000125224
9.32235e-05
0.000186295
-0.000152667
-5.90055e-05
-0.000165183
-1.31411e-05
-9.19882e-06
-5.37767e-05
4.48965e-05
-0.000107046
0.000127657
0.00016992
-0.000140328
-0.000115699
4.40818e-05
0.000204343
3.19841e-05
3.99444e-05
4.68646e-05
7.58654e-05
8.50039e-05
-0.000169364
7.32426e-05
0.000435908
0.00020539
-0.000286042
-0.000227676
-0.000253761
9.14316e-05
9.15355e-05
-0.000178041
-1.58999e-05
-0.000176438
3.30759e-05
-1.54858e-05
-0.000160956
-0.000111383
4.89139e-05
-9.30691e-05
1.40255e-05
-2.80353e-05
-9.52806e-05
-1.90768e-05
-0.000250767
-8.71984e-05
-0.00021613
-4.48199e-05
-8.27401e-06
-4.48868e-06
-0.000175498
-6.00144e-05
-2.49858e-05
-0.00012041
-0.000134482
-5.41144e-05
-0.000214049
0.000145956
-0.000206292
-5.61711e-06
-6.87441e-06
1.80476e-06
-0.000179398
-4.71397e-05
-0.000102444
-0.000351815
-0.000394254
0.000166468
-0.000203986
-4.21988e-05
-2.45133e-06
2.66501e-05
1.23926e-05
-0.000223697
-0.00030824
0.00010316
-0.0001749
-3.31115e-05
8.95173e-05
-1.63067e-06
0.000128017
-5.48666e-05
8.85741e-06
-7.8262e-05
3.0063e-05
)
;
    }
    procBoundary1to3
    {
        type            processor;
        value           nonuniform List<scalar> 
150
(
-0.00020561
-0.000174362
-0.000145638
-0.000119697
-4.20442e-05
-3.36664e-05
-5.51383e-05
-9.08617e-05
-2.46681e-05
-1.52274e-05
-1.04732e-05
-6.29781e-06
-1.31613e-05
1.35133e-05
3.5538e-06
-1.02099e-05
5.63946e-07
5.91299e-06
1.24811e-05
1.09783e-05
6.17185e-05
4.9353e-05
-1.75738e-05
-6.53644e-06
1.39373e-05
1.31498e-05
1.1004e-05
1.02773e-05
1.00174e-05
9.66128e-06
-0.000649691
-0.000605911
-0.000222078
-7.75776e-05
-4.14891e-05
1.29945e-05
1.34269e-05
1.21212e-05
1.15619e-05
1.08471e-05
1.17851e-05
3.63147e-05
3.69036e-05
1.23918e-05
-0.000164377
-0.000163331
-0.000500139
-0.000147391
-0.000156046
-0.000335719
-9.43127e-05
-0.00013153
-2.27949e-05
2.12025e-05
1.21086e-05
1.03309e-05
1.27085e-05
1.31206e-05
2.88424e-05
3.02789e-05
1.52356e-05
-0.000164915
-0.00016296
-0.00012736
-0.000110883
-0.000145997
-0.000157115
-0.000187634
-0.000228804
-7.55475e-05
-8.51581e-05
-9.45132e-05
-6.35292e-05
-8.58509e-05
-4.69191e-06
-1.67099e-06
1.23903e-05
9.51403e-06
2.55704e-05
2.53779e-05
7.79372e-06
-0.00016402
-0.000162805
-0.000126792
-0.000106198
-0.000148382
-0.00015845
-4.32357e-05
-4.75743e-05
-5.99387e-05
-5.86697e-05
-7.22388e-05
-8.53946e-05
-3.27699e-05
-5.93054e-05
-5.7609e-05
-5.90322e-05
-4.36415e-05
6.63688e-06
1.08231e-05
2.49149e-05
2.86957e-05
7.60288e-06
-0.00015823
-0.000158721
-0.000130548
-0.00011228
-0.000154593
-0.000157761
-9.19042e-05
-4.18222e-05
-4.6943e-05
-5.94793e-05
-5.60295e-05
-7.91383e-05
-9.29729e-05
-9.23624e-05
-5.60724e-05
-5.69569e-05
-5.14261e-05
-5.57833e-05
-3.89448e-05
3.24943e-05
-3.16629e-05
3.10304e-05
1.07083e-05
-0.000116514
-0.000116569
-0.000145709
-0.000134893
-0.000121167
-0.000118032
-3.08616e-05
-2.24264e-05
-4.50604e-05
-4.88127e-05
-5.74814e-05
-2.36629e-05
-9.5389e-05
-0.000115672
-0.000109477
-4.77221e-05
-3.70961e-05
-2.65743e-05
-3.56042e-05
-0.000121912
-0.000120933
-3.53811e-05
-2.36034e-05
-2.62496e-05
)
;
    }
    procBoundary1to6
    {
        type            processor;
        value           nonuniform List<scalar> 
553
(
0.000132858
9.79795e-05
0.000132997
7.42803e-05
9.58069e-05
0.000130139
5.03855e-05
6.99766e-05
9.01941e-05
0.000123982
-1.37339e-05
4.15117e-05
6.2899e-05
8.12195e-05
0.000115253
-1.94304e-05
-1.95196e-05
2.94087e-05
5.41869e-05
6.9281e-05
0.000103291
-0.00011384
-2.51219e-05
-2.79472e-05
1.49249e-05
4.44429e-05
5.46713e-05
8.91246e-05
-0.000199202
-0.000117893
-3.00216e-05
-3.89626e-05
-1.52992e-06
3.53836e-05
3.87645e-05
7.47683e-05
-0.000276219
-0.000206481
-0.000120683
-3.33088e-05
-5.20887e-05
-1.8525e-05
2.71121e-05
2.18236e-05
5.69879e-05
-0.000343056
-0.000286534
-0.000211586
-0.000121702
-3.44461e-05
-6.64475e-05
-3.54098e-05
2.16305e-05
3.5547e-06
3.98354e-05
-0.000400964
-0.000356395
-0.000294211
-0.000213265
-0.000120114
-3.32739e-05
-8.08632e-05
-5.12031e-05
1.92205e-05
-1.31535e-05
0.000342395
-0.000450404
-0.000417892
-0.000367425
-0.000297861
-0.000210626
-0.000115565
-2.88159e-05
-9.43354e-05
-6.84357e-05
2.3514e-05
0.000109058
-3.88077e-06
-0.000490803
-0.000470775
-0.000432762
-0.000374392
-0.000296203
-0.000203425
-0.000107245
-2.17403e-05
-0.00010609
-8.56817e-05
-6.77866e-05
-2.31113e-05
-0.00052234
-0.000513941
-0.000489089
-0.000443761
-0.00037556
-0.000288519
-0.000191321
-9.35665e-05
-1.07428e-05
-0.000125847
-0.000115996
3.8425e-07
-8.42506e-05
-4.42998e-05
-0.000547017
-0.000547547
-0.000534504
-0.000503679
-0.000448699
-0.00036941
-0.000274331
-0.000173512
-7.23327e-05
-0.000124583
-0.000111686
2.83436e-05
-9.34073e-05
0.000163632
-0.00056557
-0.000573859
-0.000569095
-0.000551147
-0.000511914
-0.00044531
-0.000354607
-0.000253173
-0.000149092
-4.08098e-05
-0.000105175
-7.24665e-06
-0.000106658
5.37037e-05
-4.19169e-05
-5.87518e-05
-0.00057851
-0.000593586
-0.000595769
-0.000586421
-0.000561152
-0.000510961
-0.000431154
-0.000330038
-0.000224603
-0.00011789
-0.000124621
1.87523e-05
-8.77001e-05
-7.31962e-05
0.000169559
-0.000585993
-0.000607393
-0.000615555
-0.000612898
-0.00059665
-0.000561203
-0.000497466
-0.000404071
-0.000294752
-0.000189437
-8.52936e-05
-0.000101338
3.78549e-05
-9.19121e-05
6.17419e-05
1.60296e-05
-4.74282e-05
-0.000588931
-0.000615866
-0.000629249
-0.000632005
-0.000622506
-0.000596081
-0.000547142
-0.000468405
-0.000361663
-0.000249786
-0.000151424
-5.8908e-05
-7.11462e-05
-4.29205e-05
-4.73463e-05
0.000180094
-0.000588019
-0.00061904
-0.00063725
-0.000644869
-0.000640572
-0.000620524
-0.00058004
-0.000515074
-0.000419505
-0.000304642
-0.00020029
-0.00011496
-3.51771e-05
-1.07918e-05
-2.83886e-07
-1.62712e-05
2.64626e-05
6.08145e-05
0.000173528
-0.000582654
-0.000617174
-0.000639941
-0.000652094
-0.000652343
-0.000636983
-0.000601813
-0.00054419
-0.000458828
-0.000349711
-0.000240746
-0.000152735
-7.97209e-05
-7.93782e-06
-3.98607e-05
-9.69934e-06
-4.02845e-06
5.21496e-05
0.000157385
-0.000572764
-0.000610436
-0.000637792
-0.000654296
-0.000658724
-0.000647365
-0.000615699
-0.000562523
-0.000483113
-0.000381158
-0.000273318
-0.000181281
-0.000108183
-1.57335e-05
-6.27584e-05
-1.01487e-05
-2.2769e-05
4.22609e-05
0.000158982
-0.000557946
-0.000599687
-0.000631058
-0.000652076
-0.000660594
-0.000652932
-0.0006242
-0.00057339
-0.000497562
-0.000400491
-0.000296037
-0.000203093
-0.000128506
-2.49699e-05
-7.75725e-05
-1.19654e-05
-3.28014e-05
4.23966e-05
0.000167555
-0.000584173
-0.000620256
-0.000645859
-0.000658844
-0.000654715
-0.000628926
-0.000579808
-0.000505658
-0.000411356
-0.000309927
-0.00021798
-0.000142956
-3.35001e-05
-8.68443e-05
-1.39818e-05
-3.77781e-05
4.48632e-05
0.000167546
-0.000605161
-0.000635926
-0.000653476
-0.000653567
-0.000630848
-0.000583508
-0.000510144
-0.000416952
-0.000317408
-0.000226695
-0.000151943
-3.97514e-05
-9.15787e-05
-1.4781e-05
-3.97164e-05
4.657e-05
-3.86627e-05
-0.000585233
-0.000622135
-0.000644988
-0.000649658
-0.000630578
-0.000585304
-0.000512723
-0.000419723
-0.000320825
-0.000230789
-0.000156068
-4.81625e-05
-3.29896e-05
-3.25593e-05
0.00015877
-0.000558159
-0.000603706
-0.000633117
-0.000643214
-0.000628423
-0.000585937
-0.000514328
-0.000421283
-0.000322029
-0.000231837
-0.000156992
-9.51859e-05
-3.3506e-05
-4.0365e-05
-8.8249e-06
2.2898e-05
6.22522e-05
0.000164396
-0.000518805
-0.00057834
-0.00061661
-0.000633752
-0.000624457
-0.00058555
-0.000515668
-0.000422486
-0.000322432
-0.000231302
-0.000155648
-9.35025e-05
-3.5257e-05
-3.71103e-05
-6.96918e-06
2.69725e-05
6.89895e-05
0.000165981
-0.000458204
-0.000541314
-0.000593137
-0.000619716
-0.000617659
-0.000583935
-0.000516436
-0.000423832
-0.000322877
-0.00023029
-0.000153088
-8.9801e-05
-3.63337e-05
-3.17941e-05
-4.9961e-06
3.29711e-05
7.25903e-05
0.000168586
-0.00035737
-0.000484901
-0.000557519
-0.000598134
-0.000606366
-0.000579828
-0.000516295
-0.000424998
-0.000323636
-0.000229486
-0.000150234
-8.50159e-05
-3.71152e-05
-2.54026e-05
-3.03027e-06
4.051e-05
7.60102e-05
0.000169899
-0.000191296
-0.000391186
-0.000504207
-0.000563433
-0.000587013
-0.000570923
-0.000513587
-0.000425255
-0.000324415
-0.000229197
-0.000147806
-8.00288e-05
-3.77976e-05
-1.84385e-05
-1.60388e-06
4.87783e-05
7.83927e-05
0.000170208
2.69161e-05
-0.000236329
-4.08343e-06
-0.000417234
-0.000511193
-0.000553131
-0.000553575
-0.000506074
-0.000422959
-0.000324336
-0.000229173
-0.000146112
-7.55615e-05
-3.79812e-05
-1.14777e-05
-3.34549e-07
5.71712e-05
8.04394e-05
0.000170845
-0.000277553
-1.76937e-05
1.50598e-05
-0.000431814
-0.000500848
-0.000520815
-0.000489702
-0.000415981
-0.000321811
-0.000228439
-0.000144965
-7.20812e-05
-3.69037e-05
-4.85221e-06
1.79904e-06
6.59742e-05
8.42029e-05
0.000177591
-0.000307545
3.60845e-07
-3.26811e-05
-0.000430204
-0.000467908
-0.000458809
-0.000400672
-0.000315068
-0.000225665
-0.000143521
-3.36619e-05
-6.97736e-05
1.05308e-06
7.44262e-06
7.60654e-05
9.5235e-05
0.000189489
-0.000331982
-4.43115e-05
-1.40371e-05
-0.000412555
-0.000410498
-0.000373761
-0.000301835
-0.000219581
-0.000140646
-2.82871e-05
-6.79588e-05
6.86077e-06
1.57348e-05
8.74484e-05
0.000111486
0.000171619
-2.69501e-05
-0.000330762
-4.12164e-05
-0.000372084
-0.000337426
-0.000281807
-0.000209727
-0.00013551
-2.25445e-05
-6.54922e-05
1.3421e-05
1.91138e-05
9.55046e-05
0.000103098
9.31743e-05
-0.000316123
-0.000164586
-0.000319182
-0.000258184
-0.000197428
-0.000128599
-1.84651e-05
-6.14337e-05
1.99313e-05
1.28724e-05
9.71941e-05
4.40213e-05
-0.000122218
1.13125e-05
-0.000287954
-5.56192e-05
-7.86815e-05
-0.000261363
-0.000188795
-0.000121901
-5.62148e-05
-1.67054e-05
2.63532e-05
-8.05054e-06
8.94309e-05
-0.000103475
-2.23119e-05
5.10732e-05
-0.000262454
-8.03954e-05
-6.2275e-05
-0.00020841
-0.000120895
-1.64114e-05
-5.11373e-05
3.09135e-05
-3.60276e-05
-2.71413e-05
7.37941e-05
-0.000252106
-6.42991e-05
-7.47127e-05
-0.000142873
-1.33698e-05
-5.11604e-05
2.43125e-05
-4.45961e-05
-3.72074e-05
0.00016595
-0.000205451
-6.21351e-05
-6.0952e-05
-8.58616e-06
-6.58996e-05
1.29481e-06
-2.49464e-05
1.99898e-05
0.000302911
-0.000192092
2.47682e-05
-0.000112026
-4.43352e-05
3.24866e-05
0.000129421
0.000415023
-0.000150539
6.02997e-05
-9.0986e-05
0.000105637
0.000203146
)
;
    }
}


// ************************************************************************* //
