/*--------------------------------*- C++ -*----------------------------------*\
  =========                 |
  \\      /  F ield         | OpenFOAM: The Open Source CFD Toolbox
   \\    /   O peration     | Website:  https://openfoam.org
    \\  /    A nd           | Version:  12
     \\/     M anipulation  |
\*---------------------------------------------------------------------------*/
FoamFile
{
    format      ascii;
    class       surfaceScalarField;
    location    "400";
    object      phi;
}
// * * * * * * * * * * * * * * * * * * * * * * * * * * * * * * * * * * * * * //

dimensions      [1 0 -1 0 0 0 0];

internalField   nonuniform List<scalar> 
42054
(
0.000224479
-0.000232181
0.00138549
0.000444692
-0.000229664
0.00144393
0.000221255
-0.000451099
0.00136444
0.000212209
-0.000217493
0.00139077
0.000623777
-0.000190317
0.00134338
0.000386003
-0.000399599
0.00169209
0.000425035
-0.000219538
0.00145064
0.000124043
-0.00056677
0.00133165
0.000212475
-0.000425248
0.00135972
0.000200812
-0.00020315
0.00139311
0.000798309
-7.05294e-05
0.00106436
0.000719435
-0.000108577
0.00120328
0.000476621
-0.000290947
0.00141203
0.000600389
-0.000183779
0.00135181
0.000211726
-0.000487861
0.00144608
0.000371342
-0.00038012
0.0016938
0.000406593
-0.000209208
0.00145407
5.58129e-05
-0.000609272
0.00131188
0.00012037
-0.000535041
0.00132108
0.000203809
-0.000399746
0.00135251
0.000189757
-0.000190189
0.00139354
0.000820996
-3.93029e-05
0.000965397
0.000561659
-0.000106162
0.00102052
0.000774716
-6.8872e-05
0.00107795
0.000525946
-0.000170741
0.00119402
0.000695634
-0.000105468
0.0012135
0.000262717
-0.000349061
0.00122892
0.000459998
-0.000279374
0.00141897
0.000578569
-0.000177349
0.00135718
9.6114e-05
-0.000523645
0.00130431
0.000205928
-0.000463411
0.00144382
0.000357414
-0.000361194
0.00169218
0.000389151
-0.000200625
0.0014553
2.52624e-05
-0.000614833
0.00131373
5.45014e-05
-0.000574061
0.0012964
0.000116999
-0.000504174
0.00130851
0.000196086
-0.000377299
0.00134353
0.000179838
-0.000177579
0.00139128
-2.03564e-05
0.00082466
0.000885141
0.000561441
-5.59352e-05
0.000900535
0.00079946
-3.88315e-05
0.000979485
0.000315597
-0.000132727
0.000850348
0.000546514
-0.000103642
0.00103472
0.000751923
-6.74426e-05
0.0010891
0.000296991
-0.000216024
0.00102271
0.000509589
-0.000165137
0.0012041
0.000673413
-0.000102299
0.00122096
0.000119538
-0.000375321
0.00108856
0.000255942
-0.000334024
0.00123355
0.000444256
-0.000268288
0.00142306
0.000557716
-0.00017157
0.00136019
3.6986e-05
-0.000526342
0.00124391
9.48519e-05
-0.0004972
0.00129775
0.000200483
-0.000440077
0.00143922
0.00034419
-0.000344297
0.00168775
0.000373037
-0.000191454
0.00145356
5.61026e-06
-0.000598141
0.00134036
2.59635e-05
-0.000578998
0.0012927
5.32731e-05
-0.000540158
0.00127911
0.000113486
-0.000476541
0.00129426
0.000188296
-0.000354631
0.00133229
0.000169965
-0.000166075
0.00138739
0.000548789
-2.42128e-05
0.000807058
-7.50044e-06
0.000815827
0.000816155
-2.05562e-05
0.000805519
0.000899639
0.000313
-6.81011e-05
0.000730391
0.000548456
-5.55679e-05
0.00091533
0.000778599
-3.84766e-05
0.000991286
0.000148349
-0.000152069
0.000714528
0.000309951
-0.000129356
0.000863102
0.000531696
-0.000101349
0.00104652
0.000730615
-6.59589e-05
0.00109786
0.000140563
-0.000245034
0.000890196
0.000290154
-0.000208184
0.00103154
0.000494035
-0.0001597
0.00121172
0.000652197
-9.95708e-05
0.00122604
4.23246e-05
-0.000379262
0.00100239
0.000118454
-0.00035867
0.0010896
0.000249502
-0.000319777
0.00123602
0.000429159
-0.000258005
0.00142453
0.00053863
-0.000165847
0.00136044
4.42439e-06
-0.000511643
0.00122597
3.82875e-05
-0.000499017
0.00123341
9.36093e-05
-0.000472071
0.00128941
0.000194875
-0.000418628
0.00143216
0.000331749
-0.000327402
0.00168024
0.000357922
-0.000184258
0.00144986
-2.85715e-06
-0.000568094
0.00137491
7.11964e-06
-0.000562727
0.00131697
2.66229e-05
-0.000544946
0.00127087
5.18108e-05
-0.000509569
0.00126033
0.000110366
-0.000449016
0.00127828
0.000181724
-0.000335151
0.00131964
0.000161577
-0.000154947
0.00138076
0.000528299
-2.91166e-06
0.000731173
0.000300221
-2.57069e-05
0.00063819
0.000538029
-2.50624e-05
0.000821991
6.59906e-07
0.000799254
0.000755601
-8.1416e-06
0.000799265
0.00083055
-2.0853e-05
0.000786988
0.000912102
0.000145031
-7.74325e-05
0.00058813
0.000308809
-6.77407e-05
0.000743707
0.0005356
-5.52394e-05
0.000928189
0.000758942
-3.80046e-05
0.00100096
4.45047e-05
-0.00016165
0.000611958
0.000148737
-0.000148176
0.000725174
0.000304104
-0.000126166
0.000873969
0.000517473
-9.90552e-05
0.00105618
0.000710366
-6.46766e-05
0.00110437
4.70915e-05
-0.000254345
0.000793426
0.000139736
-0.00023588
0.00089661
0.00028359
-0.000200717
0.00103847
0.000479109
-0.000154655
0.00121685
0.000632749
-9.66791e-05
0.0012286
7.63617e-07
-0.000370121
0.000960132
4.42367e-05
-0.000361963
0.000999731
0.00011736
-0.000342917
0.00108899
0.000243011
-0.000306355
0.00123624
0.000415149
-0.000248024
0.00142331
0.000520513
-0.000160699
0.00135855
-1.0509e-05
-0.000485663
0.00123302
6.916e-06
-0.00048426
0.00121142
3.94278e-05
-0.0004732
0.00122173
9.21052e-05
-0.00044887
0.00127935
0.000189879
-0.000397831
0.00142307
0.000320156
-0.000312741
0.00167029
0.000344114
-0.000175935
0.00144326
-7.41299e-06
-0.000529305
0.00141174
-1.2134e-06
-0.00053351
0.0013469
8.54133e-06
-0.000529356
0.00129284
2.68895e-05
-0.000514109
0.00124852
5.06519e-05
-0.000479585
0.00124025
0.000107254
-0.000425048
0.00126092
0.000174896
-0.00031478
0.00130458
0.00015283
-0.000144559
0.00137249
0.000503795
1.03535e-05
0.000667578
0.000281187
2.75683e-06
0.000565189
0.000519818
-4.42444e-06
0.000745667
0.000134158
-2.719e-05
0.000493094
0.000297606
-2.71126e-05
0.000651443
0.000527532
-2.59271e-05
0.000835134
6.21038e-06
0.000777606
0.000700523
-2.63144e-07
0.000785176
0.000769954
-8.79077e-06
0.000783017
0.000843313
-2.10565e-05
0.000769526
0.000922574
4.00051e-05
-8.34364e-05
0.00047421
0.000146553
-7.72323e-05
0.000599806
0.000304327
-6.74036e-05
0.000755648
0.000523385
-5.48358e-05
0.000939109
0.00074024
-3.76407e-05
0.00100873
-1.28447e-05
-0.000162088
0.000536866
4.83171e-05
-0.000157631
0.000620188
0.000148691
-0.000144456
0.000734508
0.000298316
-0.000123039
0.000883227
0.000503949
-9.69327e-05
0.00106359
0.000691606
-6.32763e-05
0.00110879
-2.56696e-06
-0.000252001
0.000730355
4.96357e-05
-0.000244668
0.000796814
0.000138837
-0.00022712
0.000901537
0.000277152
-0.000193599
0.00104328
0.00046531
-0.000149644
0.00121966
0.000614405
-9.42139e-05
0.00122893
-1.89257e-05
-0.00035234
0.000944721
4.06416e-06
-0.000352722
0.000953743
4.59566e-05
-0.000345613
0.000995897
0.000116053
-0.000328115
0.0010868
0.000237204
-0.000293513
0.0012344
0.000401986
-0.000238751
0.00141953
0.000504315
-0.000155556
0.0013539
-1.79337e-05
-0.000452407
0.00125199
-7.58391e-06
-0.000458984
0.00121411
9.20613e-06
-0.000458697
0.00119625
4.02525e-05
-0.000449355
0.00120885
9.09016e-05
-0.000426563
0.00126784
0.000184839
-0.000378962
0.00141171
0.000309502
-0.00029743
0.00165718
0.000331417
-0.000169928
0.0014346
-1.35312e-05
-0.000464958
0.00152913
-8.92161e-06
-0.000484455
0.00145283
-5.31323e-06
-0.000496205
0.00137975
2.34757e-07
-0.000500992
0.0013183
9.61397e-06
-0.000498865
0.00126798
2.73587e-05
-0.00048412
0.0012257
4.93577e-05
-0.000453151
0.00121899
0.000104539
-0.000400144
0.00124175
0.000169525
-0.000297635
0.00128813
0.000146025
-0.000134546
0.00136101
0.000477727
1.86712e-05
0.000613285
0.000258632
2.07653e-05
0.000505129
0.000497254
8.58546e-06
0.000681294
0.00011884
6.5986e-06
0.000419291
0.000280212
3.67631e-07
0.000577792
0.000511481
-5.91999e-06
0.000758847
3.13507e-05
-2.91338e-05
0.00037123
0.000136896
-2.91864e-05
0.000504825
0.000294837
-2.84686e-05
0.000663475
0.000517385
-2.66792e-05
0.000846756
9.12626e-06
0.000753687
0.00065015
5.25471e-06
0.000765929
0.000714515
-1.09422e-06
0.000771444
0.000782621
-9.33036e-06
0.000767861
0.000854308
-2.12969e-05
0.00075292
0.000931192
-1.87479e-05
-8.58757e-05
0.000385989
4.46883e-05
-8.35296e-05
0.000484137
0.000147591
-7.69884e-05
0.000610491
0.000300003
-6.69402e-05
0.000766065
0.00051163
-5.44461e-05
0.000948233
0.000723068
-3.71112e-05
0.00101438
-4.0557e-05
-0.000156969
0.0004856
-7.51023e-06
-0.000158239
0.000542417
5.15912e-05
-0.000153703
0.00062748
0.000148482
-0.000140764
0.000742588
0.000292804
-0.000120004
0.000890646
0.000491297
-9.46843e-05
0.00106902
0.000674115
-6.19925e-05
0.00111107
-2.68908e-05
-0.00024182
0.000695296
1.43762e-06
-0.000242336
0.00073065
5.19153e-05
-0.000235434
0.00079917
0.000137848
-0.000218759
0.000904902
0.000271298
-0.000186677
0.00104621
0.000452363
-0.000144989
0.00122006
0.000597838
-9.14659e-05
0.00122687
-2.82368e-05
-0.000328865
0.000944745
-1.51127e-05
-0.00033528
0.000934808
7.04631e-06
-0.000336405
0.000946695
4.7404e-05
-0.000330287
0.000990918
0.000115096
-0.000313887
0.00108298
0.000231609
-0.000281389
0.00123027
0.00039013
-0.000229648
0.00141299
0.000489095
-0.000150836
0.00134706
-2.68214e-05
-0.000394843
0.00133453
-2.06719e-05
-0.00041364
0.00127735
-1.46019e-05
-0.00042681
0.0012291
-4.97371e-06
-0.000434176
0.0011948
1.11825e-05
-0.000434914
0.00118024
4.12231e-05
-0.000426617
0.00119504
8.96242e-05
-0.000405966
0.00125457
0.000180767
-0.000360115
0.00139817
0.000299904
-0.000284588
0.00164146
0.000319835
-0.00016205
0.00142284
-1.39024e-05
-0.000406865
0.00156928
-1.04749e-05
-0.000433838
0.00148899
-6.7064e-06
-0.000453389
0.00141672
-3.49558e-06
-0.000465389
0.00134764
1.53327e-06
-0.000471403
0.00128931
1.07901e-05
-0.000469668
0.00124274
2.74975e-05
-0.000457567
0.00120261
4.86413e-05
-0.000426273
0.00119648
0.000102078
-0.000379104
0.00122114
0.000163841
-0.000278897
0.00126864
0.000138383
-0.000124924
0.00134755
0.000450941
2.34846e-05
0.000565386
0.000234833
3.18055e-05
0.000454254
0.000472851
1.68702e-05
0.000626073
0.000101344
2.80093e-05
0.000359767
0.000259091
1.8063e-05
0.000516772
0.000490903
6.81697e-06
0.000693961
2.06283e-05
7.31916e-06
0.000292872
0.000122672
3.44871e-06
0.000430434
0.000278999
-1.83159e-06
0.000589541
0.000503586
-7.28557e-06
0.000770601
-2.5566e-05
-3.13193e-05
0.000271518
3.68359e-05
-3.16844e-05
0.00038158
0.000139134
-3.10287e-05
0.000515843
0.000292044
-2.96391e-05
0.000674395
0.000507818
-2.73581e-05
0.000856629
1.04534e-05
0.000729302
0.000604056
8.21156e-06
0.000744193
0.000663674
4.2476e-06
0.000754615
0.000727097
-1.87022e-06
0.000758597
0.000793755
-9.88061e-06
0.000753457
0.000863651
-2.14184e-05
0.000737698
0.00093798
-4.78332e-05
-8.48195e-05
0.000318961
-1.27792e-05
-8.63031e-05
0.000394031
4.87852e-05
-8.3455e-05
0.000493409
0.000148429
-7.65439e-05
0.000620147
0.000295787
-6.64069e-05
0.000775042
0.000500915
-5.38363e-05
0.00095534
0.000707006
-3.66593e-05
0.00101815
-5.26486e-05
-0.000148369
0.000453332
-3.47006e-05
-0.000153378
0.000488549
-2.78233e-06
-0.000154423
0.000547356
5.45459e-05
-0.000149758
0.000633844
0.000148252
-0.000137058
0.000749238
0.000287724
-0.000116826
0.000896362
0.000479677
-9.24762e-05
0.00107219
0.000658358
-6.05603e-05
0.00111111
-3.79015e-05
-0.000226785
0.00067792
-2.23179e-05
-0.000232402
0.000692566
5.09166e-06
-0.000233065
0.000730236
5.39843e-05
-0.000226568
0.000800398
0.000137168
-0.000210586
0.000906739
0.000265928
-0.000180011
0.00104692
0.000440826
-0.000140147
0.00121804
0.000582708
-8.91054e-05
0.00122236
-3.8593e-05
-0.0002855
0.000985801
-3.17956e-05
-0.000301087
0.000953491
-2.40952e-05
-0.00031251
0.000931468
-1.16723e-05
-0.00031939
0.000924493
9.73519e-06
-0.000320966
0.000938821
4.89764e-05
-0.000315593
0.00098487
0.000114226
-0.000300394
0.00107738
0.000227003
-0.000269488
0.00122387
0.000379371
-0.000220953
0.00140364
0.000475796
-0.000146036
0.00133714
-2.74498e-05
-0.000345011
0.00136403
-2.2355e-05
-0.000370471
0.00130324
-1.71984e-05
-0.000389474
0.00125051
-1.16938e-05
-0.000403105
0.00120623
-2.70912e-06
-0.000411186
0.00117531
1.32047e-05
-0.000412503
0.00116372
4.20049e-05
-0.000405531
0.0011801
8.90505e-05
-0.000385752
0.0012398
0.000176725
-0.000343216
0.00138215
0.000291127
-0.000270155
0.00162228
0.000309763
-0.000157027
0.00140848
-1.51074e-05
-0.000343507
0.00160249
-1.06951e-05
-0.000379058
0.00152519
-8.02996e-06
-0.00040543
0.00144906
-4.84066e-06
-0.000424626
0.0013808
-2.03987e-06
-0.000437341
0.00131562
2.74476e-06
-0.000443245
0.00126014
1.16518e-05
-0.00044349
0.00121701
2.81057e-05
-0.000430876
0.00117911
4.79296e-05
-0.000403612
0.00117306
9.99933e-05
-0.000355927
0.00119818
0.000159837
-0.000263508
0.00124739
0.000133373
-0.000115513
0.00132969
2.60129e-05
0.000424269
0.0005219
0.00021101
3.80199e-05
0.000409706
0.000447619
2.17417e-05
0.000577087
8.34725e-05
4.08223e-05
0.000309908
0.000236416
2.90379e-05
0.000464761
0.000468232
1.50365e-05
0.000637955
9.3362e-06
3.02648e-05
0.000230896
0.000106081
2.44016e-05
0.000370019
0.000259358
1.54092e-05
0.000527821
0.000484961
5.16565e-06
0.000705549
-3.23969e-05
5.33958e-06
0.000185272
2.67217e-05
3.51174e-06
0.000302923
0.000126031
5.13417e-07
0.000441192
0.000277808
-3.87598e-06
0.000600367
0.000496137
-8.57013e-06
0.000780972
-5.34814e-05
-3.31495e-05
0.000191548
-1.91855e-05
-3.42971e-05
0.000280537
4.1709e-05
-3.39239e-05
0.000391552
0.000141121
-3.25623e-05
0.000526075
0.000289443
-3.06215e-05
0.000684002
0.000499065
-2.78328e-05
0.000864893
1.07888e-05
0.000705456
0.000561785
9.62293e-06
0.000721671
0.000616955
7.25784e-06
0.000735056
0.000675976
3.31227e-06
0.000744055
0.000738326
-2.6407e-06
0.000746439
0.000803414
-1.02894e-05
0.000740322
0.000871316
-2.15149e-05
0.000723651
0.00094285
-6.00434e-05
-8.1609e-05
0.000269485
-4.16143e-05
-8.55058e-05
0.000325077
-7.47155e-06
-8.64295e-05
0.000401695
5.25263e-05
-8.30682e-05
0.000501953
0.000149221
-7.58576e-05
0.000628629
0.000292103
-6.55668e-05
0.000782394
0.000491049
-5.31782e-05
0.000960487
0.000692671
-3.60041e-05
0.00101984
-5.69509e-05
-0.000137149
0.000433512
-4.67458e-05
-0.00014496
0.000453758
-2.95371e-05
-0.000149742
0.000491087
1.52435e-06
-0.000150498
0.000551663
5.73224e-05
-0.000145729
0.000639178
0.000148239
-0.000133202
0.000754543
0.000283294
-0.000113585
0.000900104
0.00046936
-9.00513e-05
0.00107314
0.000644108
-5.91567e-05
0.00110887
-4.91296e-05
-0.000195543
0.000681398
-4.20548e-05
-0.000208238
0.000671298
-3.31535e-05
-0.000217744
0.000672321
-1.81818e-05
-0.000223388
0.000689399
8.48684e-06
-0.000224101
0.000729017
5.61739e-05
-0.000217828
0.000800443
0.000136746
-0.000202571
0.000906779
0.000261487
-0.000173224
0.00104551
0.000430445
-0.000135461
0.00121332
0.000569253
-8.63293e-05
0.00121523
-3.91707e-05
-0.000249567
0.00100215
-3.3409e-05
-0.000269855
0.000965624
-2.75557e-05
-0.000285553
0.000936892
-2.04489e-05
-0.000297245
0.000918077
-8.58209e-06
-0.000304426
0.000913826
1.2457e-05
-0.00030633
0.000930305
5.05815e-05
-0.000301603
0.000977503
0.000114084
-0.000287193
0.00107006
0.0002229
-0.00025811
0.00121486
0.000370096
-0.000212417
0.00139105
0.000463754
-0.000141462
0.00132461
-2.85227e-05
-0.00029124
0.00138956
-2.28449e-05
-0.000323113
0.00132882
-1.87295e-05
-0.000348266
0.00127273
-1.42242e-05
-0.000367323
0.00122411
-9.17657e-06
-0.000381221
0.0011834
-4.05388e-07
-0.000389563
0.00115552
1.50373e-05
-0.000391594
0.00114639
4.33573e-05
-0.000385043
0.00116414
8.85414e-05
-0.000367129
0.0012231
0.000174135
-0.00032547
0.00136332
0.00028415
-0.00025869
0.00159963
0.000300263
-0.000148933
0.00139053
-1.55252e-05
-0.000276184
0.00163163
-1.1704e-05
-0.000319518
0.00155466
-8.17353e-06
-0.000353632
0.00148157
-6.01818e-06
-0.000379206
0.00140966
-3.38841e-06
-0.000398415
0.00134526
-6.61167e-07
-0.000410857
0.00128389
3.63142e-06
-0.000417881
0.0012309
1.28033e-05
-0.00041751
0.00119084
2.84339e-05
-0.000408019
0.00115508
4.79233e-05
-0.00037892
0.00114813
9.85745e-05
-0.00033729
0.00117338
0.000155701
-0.000245487
0.00122166
0.000126902
-0.000106319
0.00130911
4.1045e-05
0.000188124
0.00036925
2.7035e-05
0.000398163
0.000481636
2.43854e-05
0.000422232
0.000532525
6.64791e-05
4.7548e-05
0.000266382
0.000213591
3.53559e-05
0.000418917
0.000444495
1.99671e-05
0.000588115
-1.27273e-06
4.35498e-05
0.000179694
8.88528e-05
3.71799e-05
0.000318994
0.000237912
2.63216e-05
0.000474922
0.000463969
1.32944e-05
0.000648965
-3.8414e-05
2.80996e-05
0.000118328
1.57534e-05
2.60132e-05
0.000240253
0.000110392
2.09801e-05
0.000380088
0.000259599
1.29516e-05
0.000538245
0.000479434
3.62711e-06
0.000715984
-5.76206e-05
1.73179e-06
9.52839e-05
-2.59252e-05
1.10871e-06
0.000194414
3.21888e-05
3.41895e-08
0.000312923
0.000129133
-2.11362e-06
0.000451418
0.000276724
-5.69027e-06
0.000610206
0.000489512
-9.59564e-06
0.000789832
-6.52383e-05
-3.40096e-05
0.00012793
-4.72666e-05
-3.63718e-05
0.000199275
-1.34973e-05
-3.68068e-05
0.000289446
4.61722e-05
-3.57106e-05
0.000401054
0.000143013
-3.373e-05
0.000535391
0.000287187
-3.126e-05
0.000692346
0.000491225
-2.81418e-05
0.000871343
1.06386e-05
0.000682675
0.000522921
1.00582e-05
0.000699422
0.000573975
8.76333e-06
0.000714403
0.000628845
6.35554e-06
0.000726589
0.000687086
2.39145e-06
0.000734165
0.000748209
-3.26757e-06
0.000735403
0.000811601
-1.06665e-05
0.000728181
0.000877452
-2.14135e-05
0.000710921
0.000946014
-6.43003e-05
-7.65825e-05
0.000233668
-5.40947e-05
-8.24092e-05
0.000273737
-3.61443e-05
-8.57873e-05
0.000331042
-2.63809e-06
-8.61169e-05
0.000408906
5.60383e-05
-8.22908e-05
0.000509671
0.000150219
-7.47921e-05
0.000635875
0.000288943
-6.44882e-05
0.000788055
0.000482475
-5.21858e-05
0.000963553
0.000679718
-3.53485e-05
0.00101958
-5.82851e-05
-0.000123821
0.000421234
-5.12228e-05
-0.000133915
0.000431634
-4.16387e-05
-0.000141512
0.000454014
-2.48961e-05
-0.00014595
0.000493254
5.55453e-06
-0.0001464
0.000555266
6.01641e-05
-0.00014143
0.000643416
0.000148615
-0.0001291
0.000758189
0.000279778
-0.000110047
0.000901809
0.000460386
-8.74637e-05
0.00107151
0.000631596
-5.75904e-05
0.00110412
-4.96135e-05
-0.000171015
0.000685494
-4.36074e-05
-0.000186967
0.000670325
-3.73699e-05
-0.000199686
0.000663054
-2.89564e-05
-0.000209158
0.000666599
-1.43917e-05
-0.00021469
0.000685798
1.18886e-05
-0.000215286
0.000727044
5.85047e-05
-0.000209207
0.000799156
0.000137042
-0.000194455
0.000905052
0.000257869
-0.000166462
0.00104154
0.000421779
-0.000130451
0.00120576
0.000557684
-8.38089e-05
0.00120511
-3.99873e-05
-0.000210601
0.00101669
-3.39362e-05
-0.0002354
0.000978781
-2.9144e-05
-0.000255543
0.000946028
-2.39225e-05
-0.00027125
0.000920596
-1.71948e-05
-0.000282969
0.000904638
-5.50784e-06
-0.000290162
0.00090276
1.51496e-05
-0.000292294
0.000920884
5.27158e-05
-0.000287869
0.000968819
0.000114312
-0.000274373
0.00106055
0.000220259
-0.000246675
0.00120299
0.00036227
-0.000203635
0.00137511
0.000453672
-0.000136834
0.00130803
-2.92336e-05
-0.000233593
0.0014108
-2.37614e-05
-0.000272203
0.00135071
-1.91373e-05
-0.000303187
0.0012947
-1.56721e-05
-0.000327902
0.00124296
-1.17001e-05
-0.000346891
0.00119809
-6.77979e-06
-0.000360705
0.00116066
1.55206e-06
-0.00036942
0.00113543
1.72012e-05
-0.000371448
0.0011284
4.46683e-05
-0.000365976
0.00114675
8.916e-05
-0.000348125
0.00120452
0.000171591
-0.000309897
0.00134151
0.000276967
-0.000244392
0.00157383
0.000292923
-0.000144633
0.00136914
-1.66059e-05
-0.000204768
0.00165291
-1.1999e-05
-0.000256449
0.00158056
-9.041e-06
-0.000297592
0.00150766
-6.12977e-06
-0.00033032
0.00143881
-4.40138e-06
-0.000355296
0.00137094
-2.04296e-06
-0.000373807
0.00131025
5.52563e-07
-0.000386963
0.00125242
4.79127e-06
-0.000392944
0.00120154
1.36471e-05
-0.000394741
0.00116392
2.95027e-05
-0.000383355
0.00113002
4.80901e-05
-0.00035919
0.00112194
9.7526e-05
-0.000314932
0.0011453
0.000153716
-0.000231113
0.00119274
0.000124751
-9.8312e-05
0.00128267
5.01611e-05
5.12853e-05
0.000226838
4.19004e-05
0.000166759
0.000331492
3.85605e-05
0.000191443
0.000377224
2.71386e-05
0.000373147
0.000443781
2.55424e-05
0.000397258
0.000491126
2.27247e-05
0.000420408
0.00054265
-1.03198e-05
4.99422e-05
0.000135494
7.22437e-05
4.40962e-05
0.000274251
0.000216059
3.2723e-05
0.000428015
0.000441728
1.82559e-05
0.000598456
-4.29771e-05
4.07931e-05
6.41194e-05
5.15953e-06
3.93397e-05
0.000188129
9.38033e-05
3.3703e-05
0.000328201
0.000239369
2.37649e-05
0.000484682
0.000460155
1.16628e-05
0.000658973
-6.01129e-05
2.30938e-05
2.17142e-05
-3.21937e-05
2.3498e-05
0.000127112
2.15329e-05
2.21133e-05
0.000249775
0.000114356
1.79047e-05
0.000389911
0.000259878
1.07504e-05
0.000547968
0.000474664
2.35169e-06
0.000725213
-6.8082e-05
-2.24444e-06
2.06234e-05
-5.18167e-05
-2.65717e-06
0.0001036
-2.01951e-05
-2.56437e-06
0.000203711
3.71665e-05
-2.84494e-06
0.00032266
0.000132044
-4.29561e-06
0.000460992
0.000275989
-7.12947e-06
0.000618938
0.000483507
-1.04014e-05
0.000797285
-6.9413e-05
-3.36829e-05
7.77075e-05
-5.97114e-05
-3.72431e-05
0.000134418
-4.18436e-05
-3.89596e-05
0.000207127
-8.36929e-06
-3.86715e-05
0.000298138
5.0332e-05
-3.69167e-05
0.000409948
0.000145011
-3.43866e-05
0.000543725
0.000285534
-3.15297e-05
0.000699143
0.000484481
-2.8057e-05
0.000875981
1.03031e-05
0.000661178
0.00048705
1.00093e-05
0.000678008
0.000534326
9.31313e-06
0.00069375
0.000585315
7.95503e-06
0.000707831
0.000639648
5.47624e-06
0.000718704
0.000697071
1.61162e-06
0.000725145
0.000756855
-3.82161e-06
0.000725236
0.000818368
-1.08283e-05
0.000717504
0.000881697
-2.12162e-05
0.000699881
0.000947067
-6.56894e-05
-6.98316e-05
0.000207152
-5.88518e-05
-7.73407e-05
0.000236229
-4.9004e-05
-8.27188e-05
0.000278034
-3.12548e-05
-8.54955e-05
0.00033678
1.86957e-06
-8.52535e-05
0.000415554
5.95812e-05
-8.09505e-05
0.000516412
0.000151539
-7.32559e-05
0.000641719
0.000286714
-6.29793e-05
0.000791912
0.000475184
-5.09926e-05
0.000964399
0.000668604
-3.44091e-05
0.00101698
-5.88152e-05
-0.000108354
0.000413123
-5.28296e-05
-0.000120679
0.000417221
-4.64211e-05
-0.000130614
0.000429787
-3.71658e-05
-0.00013788
0.000454153
-2.06206e-05
-0.000141896
0.000494979
9.56124e-06
-0.000141914
0.000558077
6.32292e-05
-0.000136764
0.000646355
0.000149704
-0.000124588
0.000760068
0.000277222
-0.000106177
0.00090117
0.000452981
-8.45347e-05
0.00106725
0.00062097
-5.58548e-05
0.00109668
-5.02979e-05
-0.000144096
0.000689632
-4.41978e-05
-0.000163158
0.000671947
-3.90903e-05
-0.000179016
0.000659601
-3.33528e-05
-0.000191545
0.000654872
-2.51739e-05
-0.000200776
0.000660663
-1.06731e-05
-0.000206043
0.00068172
1.53754e-05
-0.000206466
0.000724077
6.13939e-05
-0.000200403
0.000796426
0.000137999
-0.000186183
0.000901085
0.000255739
-0.000159301
0.00103491
0.000414813
-0.000125303
0.00119471
0.000547669
-8.08314e-05
0.00119195
-4.0772e-05
-0.000168728
0.00102831
-3.47034e-05
-0.000198161
0.000990392
-2.97284e-05
-0.00022246
0.000956289
-2.55543e-05
-0.000242294
0.000926955
-2.07402e-05
-0.000257844
0.000904511
-1.40642e-05
-0.00026933
0.000891091
-2.54517e-06
-0.000276541
0.000891104
1.8249e-05
-0.000278513
0.00091048
5.51175e-05
-0.000274443
0.00095844
0.00011576
-0.000261407
0.00104868
0.000218399
-0.000235209
0.00118776
0.000356322
-0.000195038
0.00135395
0.000445169
-0.000131867
0.00128765
-3.04586e-05
-0.000172899
0.00142574
-2.43515e-05
-0.000217832
0.00136878
-1.9975e-05
-0.000254951
0.00131341
-1.61099e-05
-0.000285011
0.00126179
-1.31015e-05
-0.000309177
0.00121395
-9.37885e-06
-0.000327823
0.00117255
-4.56965e-06
-0.000341575
0.00113794
3.83408e-06
-0.000349917
0.00111485
1.93057e-05
-0.000352418
0.00110918
4.69481e-05
-0.000346629
0.00112781
8.99607e-05
-0.000330652
0.0011834
0.000171219
-0.000292219
0.00131565
0.000273879
-0.000233666
0.0015427
0.000285634
-0.000134157
0.00134242
-1.72803e-05
-0.000130411
0.00166764
-1.29284e-05
-0.00018976
0.00159915
-9.26192e-06
-0.000238426
0.00153065
-6.90074e-06
-0.000277601
0.00146184
-4.524e-06
-0.000309041
0.00139708
-2.97971e-06
-0.000333008
0.00133312
-1.01419e-06
-0.000351459
0.00127576
1.99053e-06
-0.00036369
0.00122118
5.7263e-06
-0.000370984
0.00117206
1.5063e-05
-0.000370701
0.0011362
3.03692e-05
-0.00036319
0.00110365
4.90762e-05
-0.000335166
0.0010931
9.74547e-05
-0.000297777
0.00111451
0.000149406
-0.000213252
0.00115827
0.000119061
-8.87215e-05
0.00125233
-1.72485e-05
5.17016e-05
9.58173e-05
5.00343e-05
3.84071e-05
0.000189873
4.69956e-05
5.71654e-05
0.000233482
4.13334e-05
0.000147418
0.000295604
3.96114e-05
0.000170637
0.000338229
3.6074e-05
0.000194679
0.000385254
2.66706e-05
0.00034951
0.00040792
2.57796e-05
0.000373174
0.000452094
2.40116e-05
0.000396573
0.000500262
2.11234e-05
0.000418991
0.000552219
-4.57277e-05
4.63668e-05
1.83152e-05
-4.16552e-06
4.603e-05
0.000142885
7.75891e-05
4.07735e-05
0.000282415
0.000218465
3.02128e-05
0.000436962
0.0004394
1.66511e-05
0.000608036
-6.08564e-05
3.45949e-05
-3.65674e-05
-3.73614e-05
3.63581e-05
7.22687e-05
1.09394e-05
3.54616e-05
0.000196964
9.84028e-05
3.05426e-05
0.000337377
0.00024087
2.14497e-05
0.000493902
0.000456892
1.02543e-05
0.000668102
-6.90296e-05
1.70643e-05
-6.06546e-05
-5.51288e-05
1.8472e-05
3.00523e-05
-2.67542e-05
1.9481e-05
0.000136304
2.67632e-05
1.87649e-05
0.000259319
0.000118085
1.52858e-05
0.000399335
0.000260535
8.95651e-06
0.000556817
0.000470519
1.31135e-06
0.000733068
-7.23341e-05
-5.38939e-06
-4.10246e-05
-6.34737e-05
-6.5196e-06
2.82482e-05
-4.68523e-05
-6.27997e-06
0.000112324
-1.50566e-05
-5.48365e-06
0.000213037
4.17941e-05
-5.08802e-06
0.00033199
0.000135012
-5.88021e-06
0.000469742
0.000275705
-8.12063e-06
0.000626486
0.000478845
-1.08097e-05
0.000802902
-7.12865e-05
-3.17864e-05
3.7848e-05
-6.47821e-05
-3.66916e-05
8.30865e-05
-5.50828e-05
-3.96854e-05
0.000141223
-3.70749e-05
-4.07108e-05
0.000214986
-3.64388e-06
-3.97531e-05
0.000306488
5.44567e-05
-3.74007e-05
0.000418086
0.000147371
-3.44315e-05
0.000550794
0.000284673
-3.12292e-05
0.000704357
0.000479114
-2.76693e-05
0.000878504
9.99705e-06
0.000640957
0.000453815
9.77281e-06
0.000657672
0.000497614
9.37437e-06
0.000673687
0.000545015
8.60301e-06
0.000688747
0.000595796
7.16011e-06
0.000701628
0.000649564
4.69482e-06
0.000711641
0.00070588
9.29916e-07
0.000717053
0.000764109
-4.18953e-06
0.000716591
0.000823471
-1.0896e-05
0.000708092
0.000884383
-2.07492e-05
0.000690287
0.000946133
-6.66688e-05
-6.11743e-05
0.000186738
-6.08404e-05
-7.03702e-05
0.000208193
-5.43799e-05
-7.75145e-05
0.000238983
-4.45946e-05
-8.23415e-05
0.000282309
-2.67874e-05
-8.44926e-05
0.000342186
6.27925e-06
-8.36394e-05
0.000421525
6.33058e-05
-7.89502e-05
0.00052203
0.000153555
-7.10797e-05
0.000645969
0.000285493
-6.09602e-05
0.000793609
0.000469595
-4.92797e-05
0.000962656
0.000659417
-3.33532e-05
0.00101189
-5.96947e-05
-9.08671e-05
0.000406975
-5.36805e-05
-0.00010533
0.000407257
-4.84366e-05
-0.000117505
0.000413459
-4.23619e-05
-0.00012707
0.000427987
-3.31334e-05
-0.000133851
0.000454068
-1.64657e-05
-0.000137366
0.000496224
1.36856e-05
-0.000136928
0.000559931
6.68455e-05
-0.00013153
0.000647845
0.000151545
-0.000119535
0.00075988
0.00027611
-0.000101753
0.000898018
0.000447526
-8.11797e-05
0.00105986
0.000612175
-5.39428e-05
0.00108612
-5.12107e-05
-0.000114941
0.00069253
-4.50076e-05
-0.000137059
0.000673837
-3.98982e-05
-0.000155839
0.00065894
-3.53213e-05
-0.000171378
0.000649201
-2.9822e-05
-0.00018361
0.000646788
-2.15558e-05
-0.000192414
0.000654526
-6.94267e-06
-0.000197308
0.000676959
1.92775e-05
-0.000197379
0.000720025
6.48349e-05
-0.000191319
0.000791845
0.000140199
-0.000177354
0.000894698
0.000254844
-0.000151748
0.00102491
0.000409939
-0.000119602
0.00117987
0.000540165
-7.77666e-05
0.00117472
-4.20013e-05
-0.000124618
0.00103581
-3.5458e-05
-0.000158302
0.000999562
-3.0537e-05
-0.000186868
0.000965361
-2.62629e-05
-0.000210539
0.000934687
-2.25007e-05
-0.000229955
0.000908465
-1.77689e-05
-0.000245106
0.000888678
-1.10478e-05
-0.000256291
0.00087732
7.28335e-07
-0.000263087
0.000878785
2.15567e-05
-0.000264987
0.000898774
5.85552e-05
-0.000260733
0.000946159
0.000117921
-0.000248365
0.00103388
0.000218673
-0.000223298
0.00116856
0.000352319
-0.000185159
0.00132881
0.000438497
-0.000127708
0.0012625
-3.15668e-05
-0.000109738
0.00143436
-2.54437e-05
-0.000160854
0.00138128
-2.05204e-05
-0.000203655
0.00132874
-1.69294e-05
-0.000239251
0.00127767
-1.35959e-05
-0.000268352
0.00123004
-1.08044e-05
-0.000291784
0.00118573
-7.27434e-06
-0.000309989
0.00114722
-2.16261e-06
-0.00032313
0.00111531
6.12339e-06
-0.000331665
0.0010937
2.2156e-05
-0.000333462
0.00108892
4.93484e-05
-0.00032854
0.00110672
9.25397e-05
-0.000311696
0.00115942
0.000171143
-0.000277147
0.00128544
0.00027318
-0.000219186
0.00150395
0.000282695
-0.000130619
0.0013094
-1.82492e-05
-5.3657e-05
0.00167371
-1.34954e-05
-0.000120473
0.00161185
-1.00803e-05
-0.000175988
0.00154679
-7.08912e-06
-0.000222066
0.00148221
-5.22956e-06
-0.000259299
0.00141733
-3.15355e-06
-0.000289256
0.00135648
-1.80512e-06
-0.000312707
0.00129617
1.10578e-07
-0.000329994
0.00124196
3.16865e-06
-0.000343023
0.00119005
7.24309e-06
-0.000348166
0.00114228
1.62824e-05
-0.000350596
0.00110732
3.2306e-05
-0.000339062
0.00107524
5.06634e-05
-0.000317206
0.00106186
9.78634e-05
-0.000274653
0.00107805
0.000149628
-0.000198321
0.00111824
0.000119582
-7.94254e-05
0.00121217
-2.1856e-05
5.05416e-05
5.92503e-05
-4.64843e-05
4.72817e-05
-2.18723e-05
-1.16185e-05
4.81843e-05
0.000102082
4.82552e-05
2.8033e-05
0.000154828
4.71832e-05
4.41744e-05
0.000195292
4.39178e-05
6.26378e-05
0.000240589
3.98703e-05
0.000130321
0.000261236
3.92507e-05
0.000151668
0.000301101
3.72999e-05
0.000174458
0.000345162
3.37063e-05
0.000197885
0.000393251
2.58795e-05
0.000327584
0.000373746
2.5439e-05
0.000350375
0.000415054
2.43729e-05
0.000373476
0.000460193
2.25314e-05
0.000396321
0.000509004
1.96052e-05
0.000417914
0.00056126
-5.98948e-05
3.92473e-05
-8.46006e-05
-4.09932e-05
4.23577e-05
2.56194e-05
1.32665e-06
4.24148e-05
0.000150857
8.25355e-05
3.77317e-05
0.000290764
0.000220971
2.79458e-05
0.000445566
0.000437567
1.52252e-05
0.000616832
-6.83759e-05
2.71637e-05
-0.000123636
-5.70509e-05
3.02703e-05
-2.85574e-05
-3.25509e-05
3.24963e-05
8.10308e-05
1.61293e-05
3.21205e-05
0.00020602
0.000102736
2.78323e-05
0.000346343
0.000242643
1.95429e-05
0.000502507
0.000454402
9.09201e-06
0.000676056
-7.35594e-05
1.15829e-05
-0.000130594
-6.57888e-05
1.27067e-05
-5.25741e-05
-5.1035e-05
1.46675e-05
3.90486e-05
-2.19867e-05
1.62521e-05
0.000145747
3.1587e-05
1.61264e-05
0.000268685
0.000121829
1.32972e-05
0.000408178
0.000261589
7.6288e-06
0.000564615
0.000467551
6.56549e-07
0.000739516
-7.53109e-05
-6.91637e-06
-9.18233e-05
-6.91272e-05
-9.27482e-06
-3.39242e-05
-5.97991e-05
-9.82015e-06
3.65047e-05
-4.26141e-05
-8.9234e-06
0.000121303
-1.04153e-05
-7.49448e-06
0.000222215
4.62748e-05
-6.50021e-06
0.000340792
0.000138213
-6.76629e-06
0.000477545
0.000276297
-8.48758e-06
0.000632541
0.000475177
-1.08768e-05
0.00080682
-7.33701e-05
-2.79318e-05
5.71619e-06
-6.76532e-05
-3.43541e-05
4.23233e-05
-6.1179e-05
-3.8781e-05
8.89813e-05
-5.12156e-05
-4.11332e-05
0.000148267
-3.2804e-05
-4.14653e-05
0.000222715
9.11081e-07
-3.98661e-05
0.000314321
5.87174e-05
-3.70097e-05
0.000425253
0.000150281
-3.36647e-05
0.000556504
0.000284825
-3.03229e-05
0.000707678
0.000475258
-2.6711e-05
0.000878804
9.80687e-06
0.000621916
0.000422919
9.56511e-06
0.000638424
0.000463498
9.23978e-06
0.000654494
0.000507567
8.77092e-06
0.000669984
0.000555006
7.9238e-06
0.000684125
0.000605376
6.44182e-06
0.00069638
0.000658383
4.05765e-06
0.000705407
0.000713468
3.91062e-07
0.000710223
0.000770085
-4.3646e-06
0.000708954
0.000826973
-1.07454e-05
0.000700586
0.000884829
-2.00631e-05
0.000682822
0.000942791
-6.83086e-05
-5.0563e-05
0.000170339
-6.24449e-05
-6.13838e-05
0.000186516
-5.70798e-05
-7.03083e-05
0.00020963
-5.07086e-05
-7.69555e-05
0.000241944
-4.07018e-05
-8.11345e-05
0.000286519
-2.25122e-05
-8.26219e-05
0.000347215
1.07799e-05
-8.11758e-05
0.000426656
6.75484e-05
-7.60869e-05
0.000526334
0.00015639
-6.81414e-05
0.000648305
0.000285716
-5.82069e-05
0.00079293
0.000465888
-4.71381e-05
0.000958078
0.000652154
-3.19449e-05
0.00100385
-6.10258e-05
-7.1503e-05
0.000401553
-5.48967e-05
-8.79639e-05
0.000399498
-4.97349e-05
-0.000102219
0.000401807
-4.48789e-05
-0.000114023
0.00040997
-3.88304e-05
-0.000123098
0.000426242
-2.93278e-05
-0.000129298
0.000453772
-1.22723e-05
-0.000132211
0.000496837
1.82474e-05
-0.00013124
0.000560671
7.11288e-05
-0.000125568
0.000647584
0.000154691
-0.000113691
0.000757326
0.000276564
-9.662e-05
0.000891738
0.000444237
-7.7249e-05
0.00104887
0.000605861
-5.1555e-05
0.00107198
-5.25443e-05
-8.40816e-05
0.000693363
-4.60265e-05
-0.000108889
0.000674928
-4.09069e-05
-0.000130533
0.0006589
-3.64345e-05
-0.000148842
0.000646575
-3.21172e-05
-0.000163963
0.000639171
-2.65256e-05
-0.000175665
0.000638796
-1.79783e-05
-0.000183952
0.000648101
-2.87634e-06
-0.000188283
0.000671468
2.36627e-05
-0.00018794
0.00071454
6.93612e-05
-0.000181551
0.000785237
0.000143576
-0.000167956
0.000885252
0.000256193
-0.000143353
0.00101114
0.000407365
-0.000113373
0.00116043
0.00053427
-7.42902e-05
0.00115323
-4.32933e-05
-7.88715e-05
0.00103886
-3.66316e-05
-0.000116507
0.0010052
-3.13339e-05
-0.000148903
0.000972412
-2.71987e-05
-0.000176481
0.000941572
-2.33936e-05
-0.000199449
0.000913979
-1.97035e-05
-0.000218201
0.00089046
-1.49418e-05
-0.000232842
0.000872895
-7.79492e-06
-0.000243426
0.000863292
4.26477e-06
-0.000249915
0.000865572
2.57466e-05
-0.000251161
0.000885612
6.2629e-05
-0.000246894
0.000931408
0.000122022
-0.000234563
0.00101566
0.000220341
-0.000210579
0.00114478
0.00035119
-0.000174997
0.00129809
0.000434257
-0.000121102
0.00123204
-3.29034e-05
-4.52624e-05
0.00143576
-2.64288e-05
-0.000101762
0.0013882
-2.15347e-05
-0.000149994
0.00133907
-1.74814e-05
-0.00019075
0.00129063
-1.44444e-05
-0.000224888
0.00124343
-1.14196e-05
-0.000252816
0.00119934
-8.72303e-06
-0.000275492
0.00115815
-5.07434e-06
-0.000292952
0.00112223
3.02304e-07
-0.00030579
0.0010923
9.0775e-06
-0.000313364
0.00107177
2.51589e-05
-0.000315371
0.00106688
5.33554e-05
-0.000309244
0.00108322
9.55976e-05
-0.000294197
0.00113153
0.000173877
-0.000258776
0.00124902
0.000273527
-0.000207954
0.00145739
0.000277256
-0.000118721
0.00127045
-1.91951e-05
2.45084e-05
0.00167163
-1.4343e-05
-4.91033e-05
0.00161669
-1.05739e-05
-0.000111303
0.00155774
-7.83409e-06
-0.000163637
0.00149619
-5.41165e-06
-0.000207019
0.00143534
-3.81991e-06
-0.000242431
0.00137432
-2.04285e-06
-0.000271217
0.00131703
-6.57479e-07
-0.000293333
0.00126017
1.24413e-06
-0.00031074
0.00120843
4.71586e-06
-0.000321788
0.00115896
8.59321e-06
-0.000328832
0.00111193
1.8481e-05
-0.00032708
0.00107686
3.43128e-05
-0.000320614
0.00104433
5.3333e-05
-0.000292058
0.00102594
0.000100292
-0.000257251
0.00103669
0.000147573
-0.00017841
0.00106966
0.000114284
-6.93674e-05
0.00116725
4.78804e-05
-2.42528e-05
2.52542e-05
-4.53294e-05
4.54856e-05
-5.80032e-05
-1.69222e-05
4.74272e-05
6.43101e-05
-5.73464e-05
3.95701e-05
-0.000125639
-4.28415e-05
4.37573e-05
-1.5597e-05
-6.65551e-06
4.49268e-05
0.000109055
4.56717e-05
2.00324e-05
0.000121666
4.57161e-05
3.35278e-05
0.00015901
4.43774e-05
4.95735e-05
0.000201279
4.1103e-05
6.77264e-05
0.000248002
3.79761e-05
0.000115499
0.00022849
3.80185e-05
0.000134802
0.000265524
3.71313e-05
0.000155923
0.000306878
3.50982e-05
0.000178306
0.000352174
3.15559e-05
0.000201144
0.000401128
2.49364e-05
0.000307573
0.000341215
2.4803e-05
0.00032918
0.000379703
2.41654e-05
0.000351528
0.000422077
2.30126e-05
0.000374167
0.000468105
2.11264e-05
0.000396369
0.000517347
1.82578e-05
0.000417441
0.00056957
-6.63787e-05
3.10079e-05
-0.000174251
-5.75517e-05
3.54514e-05
-7.71934e-05
-3.7107e-05
3.88793e-05
3.37111e-05
6.18592e-06
3.93078e-05
0.000159224
8.72036e-05
3.51273e-05
0.000299115
0.000223628
2.60475e-05
0.000453758
0.000436509
1.40779e-05
0.000624704
-7.36445e-05
2.03563e-05
-0.000198615
-6.68597e-05
2.32529e-05
-0.000115548
-5.4205e-05
2.67831e-05
-1.96742e-05
-2.84952e-05
2.94161e-05
9.02437e-05
2.08394e-05
2.94852e-05
0.000215114
0.000106997
2.5755e-05
0.000354963
0.000244758
1.80953e-05
0.000510335
0.000452884
8.27975e-06
0.000682835
-7.83403e-05
7.88738e-06
-0.000189452
-7.22536e-05
7.75871e-06
-0.00012252
-6.3521e-05
9.4085e-06
-4.35931e-05
-4.77442e-05
1.19107e-05
4.85203e-05
-1.77841e-05
1.39956e-05
0.000155246
3.61701e-05
1.43702e-05
0.000277717
0.000125731
1.20401e-05
0.000416248
0.000263364
6.9163e-06
0.000571287
0.000465751
3.94871e-07
0.000744183
-7.93819e-05
-6.20821e-06
-0.000133805
-7.35552e-05
-1.01739e-05
-8.50221e-05
-6.69513e-05
-1.20152e-05
-2.59567e-05
-5.69493e-05
-1.19356e-05
4.52507e-05
-3.89551e-05
-1.04094e-05
0.00013037
-6.05325e-06
-8.40528e-06
0.000231084
5.08211e-05
-6.92933e-06
0.000348852
0.000141977
-6.76181e-06
0.000484123
0.000277761
-8.2118e-06
0.00063694
0.000473319
-1.0388e-05
0.000808401
-7.65683e-05
-2.19225e-05
-2.04465e-05
-7.07386e-05
-2.98773e-05
9.53327e-06
-6.5142e-05
-3.59241e-05
4.75287e-05
-5.84245e-05
-3.97623e-05
9.53265e-05
-4.79145e-05
-4.1415e-05
0.000155429
-2.88073e-05
-4.10621e-05
0.000230206
5.48841e-06
-3.88694e-05
0.000321473
6.34171e-05
-3.55629e-05
0.000431282
0.000154059
-3.19998e-05
0.000560513
0.000286442
-2.85865e-05
0.000708827
0.000473591
-2.52935e-05
0.000876332
9.79077e-06
0.00060387
0.0003941
9.47321e-06
0.000620188
0.000431682
9.12824e-06
0.000636259
0.000472604
8.73814e-06
0.000651855
0.000516958
8.20618e-06
0.00066671
0.000564215
7.3042e-06
0.000680298
0.000614154
5.87275e-06
0.000691781
0.000666136
3.4951e-06
0.000700287
0.000719909
1.46587e-07
0.000704553
0.00077434
-4.41111e-06
0.000703246
0.000828723
-1.01939e-05
0.000694569
0.000883276
-1.90491e-05
0.000677311
0.000936683
-7.06155e-05
-3.80938e-05
0.000156827
-6.46771e-05
-5.03737e-05
0.000169109
-5.94071e-05
-6.09814e-05
0.000186861
-5.42111e-05
-6.94503e-05
0.000211457
-4.76212e-05
-7.54558e-05
0.000245056
-3.70877e-05
-7.89306e-05
0.000290588
-1.82137e-05
-7.97146e-05
0.000351695
1.5699e-05
-7.76382e-05
0.000430756
7.25199e-05
-7.21992e-05
0.000529001
0.000160549
-6.42104e-05
0.000648451
0.000287597
-5.46356e-05
0.000789395
0.000464465
-4.42226e-05
0.000950128
0.000647469
-3.02113e-05
0.000992456
-6.2765e-05
-5.06924e-05
0.000396235
-5.65231e-05
-6.87477e-05
0.000392833
-5.13655e-05
-8.49679e-05
0.000392706
-4.66998e-05
-9.88253e-05
0.000396875
-4.19153e-05
-0.000110098
0.000406768
-3.55943e-05
-0.000118539
0.000424552
-2.5534e-05
-0.00012402
0.000453136
-7.71802e-06
-0.000126227
0.000496666
2.34245e-05
-0.000124674
0.000560016
7.65785e-05
-0.000118585
0.000645261
0.000159257
-0.000106879
0.000751905
0.000279237
-9.05321e-05
0.000881977
0.000443493
-7.2464e-05
0.00103365
0.000601639
-4.8992e-05
0.0010536
-5.39915e-05
-5.21229e-05
0.000691895
-4.74172e-05
-7.91779e-05
0.000674437
-4.21115e-05
-0.000103273
0.000658446
-3.77281e-05
-0.00012429
0.000644878
-3.35854e-05
-0.00014203
0.000634834
-2.92021e-05
-0.000156486
0.00062949
-2.33198e-05
-0.000167543
0.000630765
-1.413e-05
-0.000175093
0.000641246
1.62212e-06
-0.00017873
0.0006649
2.9015e-05
-0.000177689
0.000707409
7.49811e-05
-0.000171026
0.000775955
0.00014901
-0.000157417
0.000872328
0.000259424
-0.000134041
0.000992728
0.000407952
-0.000106191
0.00113557
0.000531863
-7.01943e-05
0.00112582
-4.47622e-05
-3.24822e-05
0.00103717
-3.78378e-05
-7.33077e-05
0.00100707
-3.25199e-05
-0.000109181
0.000976464
-2.81043e-05
-0.00014023
0.000946784
-2.44772e-05
-0.000166776
0.000918932
-2.08255e-05
-0.000188887
0.00089407
-1.70798e-05
-0.000206927
0.000872902
-1.1957e-05
-0.000220775
0.000857127
-4.36763e-06
-0.000230693
0.000848739
8.5535e-06
-0.000236369
0.000851304
3.05559e-05
-0.00023709
0.000870411
6.84915e-05
-0.00023215
0.000913859
0.000127505
-0.000220049
0.000993221
0.000225161
-0.00019667
0.00111517
0.000352794
-0.000163159
0.00126088
0.000432172
-0.000116721
0.00119385
-3.42565e-05
1.94745e-05
0.00143017
-2.76253e-05
-4.15153e-05
0.0013888
-2.24461e-05
-9.45193e-05
0.0013446
-1.84529e-05
-0.000140171
0.00129911
-1.50414e-05
-0.000178921
0.00125429
-1.23106e-05
-0.000211513
0.00121061
-9.45858e-06
-0.00023838
0.00116964
-6.61417e-06
-0.000259992
0.00113115
-2.86919e-06
-0.000276747
0.0010973
3.07103e-06
-0.000288484
0.00106906
1.2236e-05
-0.000295958
0.00104872
2.95509e-05
-0.000296379
0.00104294
5.78716e-05
-0.000290916
0.00105638
0.000101323
-0.000273695
0.00109846
0.000177775
-0.00024236
0.00120594
0.000276778
-0.000191347
0.00140081
0.000280214
-0.000115183
0.0012197
-1.95393e-05
0.000102461
0.00166221
-1.51698e-05
2.34507e-05
0.00161425
-1.13283e-05
-4.47982e-05
0.00156151
-8.27629e-06
-0.00010318
0.00150556
-6.09996e-06
-0.000152156
0.00144743
-4.0244e-06
-0.000193312
0.00139024
-2.69225e-06
-0.000226926
0.00133273
-9.80086e-07
-0.000254146
0.00127883
4.05714e-07
-0.000275866
0.00122489
2.68784e-06
-0.000291258
0.00117521
6.11722e-06
-0.000303488
0.0011275
1.09145e-05
-0.000306734
0.00108067
2.07369e-05
-0.000308835
0.00104434
3.77553e-05
-0.000295032
0.00100955
5.73984e-05
-0.000274595
0.000985881
0.00010341
-0.000231632
0.0009865
0.000150863
-0.000161894
0.00101132
0.000117634
-5.80646e-05
0.00110768
4.26004e-05
-4.25406e-05
-9.07667e-05
4.48488e-05
-2.48402e-05
-6.09263e-06
4.51478e-05
-2.01203e-05
2.90207e-05
-5.34233e-05
3.76148e-05
-0.000161584
-4.28876e-05
4.24062e-05
-5.2936e-05
-1.26726e-05
4.45377e-05
7.0167e-05
-6.32949e-05
3.10543e-05
-0.000216396
-5.66377e-05
3.63283e-05
-0.000119124
-4.01032e-05
4.07174e-05
-8.39129e-06
-2.37403e-06
4.21414e-05
0.000116577
4.30227e-05
1.39936e-05
9.07909e-05
4.34604e-05
2.51411e-05
0.000124611
4.31953e-05
3.86858e-05
0.000163834
4.18127e-05
5.4579e-05
0.000207712
3.86935e-05
7.24691e-05
0.000255599
3.60471e-05
0.000102739
0.000197696
3.63922e-05
0.000120097
0.000231606
3.6108e-05
0.000139325
0.000270179
3.51065e-05
0.000160158
0.000312932
3.30931e-05
0.000182112
0.00035924
2.97547e-05
0.000204523
0.000408736
2.40309e-05
0.000289504
0.000310436
2.40476e-05
0.00030978
0.000346041
2.36729e-05
0.000331093
0.000385593
2.29318e-05
0.000353079
0.000428971
2.17331e-05
0.000375248
0.0004757
1.98819e-05
0.000396955
0.000525255
1.71651e-05
0.000417546
0.000577241
-7.29442e-05
2.36219e-05
-0.000251876
-6.68863e-05
2.77233e-05
-0.000166496
-5.62137e-05
3.24746e-05
-6.87799e-05
-3.40545e-05
3.61641e-05
4.24142e-05
1.04903e-05
3.68845e-05
0.000167816
9.17112e-05
3.31339e-05
0.000307315
0.000226623
2.46239e-05
0.000461346
0.000436358
1.32293e-05
0.000631495
-8.09236e-05
1.55525e-05
-0.000262691
-7.4613e-05
1.71073e-05
-0.00019011
-6.63988e-05
2.0427e-05
-0.000106314
-5.22128e-05
2.43472e-05
-1.01366e-05
-2.50828e-05
2.73168e-05
9.9711e-05
2.52294e-05
2.77403e-05
0.00022407
0.00011133
2.44193e-05
0.00036304
0.00024756
1.72546e-05
0.000517165
0.000452651
7.92143e-06
0.000688161
-8.53497e-05
6.79246e-06
-0.000238451
-7.89903e-05
4.83696e-06
-0.000181095
-7.19745e-05
5.20422e-06
-0.000113292
-6.21406e-05
7.39532e-06
-3.38863e-05
-4.51018e-05
1.03833e-05
5.82795e-05
-1.39603e-05
1.28964e-05
0.000164627
4.07308e-05
1.36414e-05
0.000286206
0.000130085
1.1699e-05
0.000423358
0.000266092
6.89471e-06
0.000576456
0.000465488
5.55419e-07
0.000747048
-8.5145e-05
-2.9498e-06
-0.000168255
-7.90349e-05
-8.6558e-06
-0.000127027
-7.28775e-05
-1.21781e-05
-7.71237e-05
-6.56304e-05
-1.34075e-05
-1.72789e-05
-5.47231e-05
-1.26834e-05
5.43334e-05
-3.56498e-05
-1.05604e-05
0.000139367
-1.73511e-06
-8.06669e-06
0.000239445
5.57503e-05
-6.19348e-06
0.00035595
0.00014649
-5.78444e-06
0.000489264
0.000280679
-7.06915e-06
0.000639384
0.000473367
-9.25213e-06
0.000807683
-8.06638e-05
-1.38072e-05
-4.15534e-05
-7.48539e-05
-2.31274e-05
-1.70195e-05
-6.92711e-05
-3.08087e-05
1.42819e-05
-6.35162e-05
-3.63093e-05
5.33809e-05
-5.62866e-05
-3.94497e-05
0.000102027
-4.49494e-05
-4.03619e-05
0.000162591
-2.48339e-05
-3.93286e-05
0.000237286
1.0435e-05
-3.65658e-05
0.00032774
6.88445e-05
-3.29059e-05
0.000435864
0.000159106
-2.91892e-05
0.000562559
0.00028969
-2.5976e-05
0.000707417
0.000473908
-2.29979e-05
0.000870838
9.93509e-06
0.00058665
0.000367085
9.55881e-06
0.000602802
0.000401927
9.1258e-06
0.000618814
0.000440001
8.71792e-06
0.00063439
0.000481352
8.26675e-06
0.000649705
0.000525696
7.69341e-06
0.000664079
0.00057274
6.82137e-06
0.000677274
0.00062184
5.36702e-06
0.000688132
0.000672925
3.3147e-06
0.00069641
0.000724738
-5.66672e-08
0.00070038
0.000777263
-3.95601e-06
0.000698991
0.000828257
-9.52986e-06
0.000690901
0.000879216
-1.77364e-05
0.000674404
0.000927484
-7.32795e-05
-2.41678e-05
0.000145752
-6.75099e-05
-3.74696e-05
0.00015491
-6.23054e-05
-4.96003e-05
0.000168668
-5.73154e-05
-5.97939e-05
0.000187821
-5.19735e-05
-6.76317e-05
0.000213691
-4.48653e-05
-7.28947e-05
0.000248291
-3.34939e-05
-7.55523e-05
0.000294386
-1.35572e-05
-7.5558e-05
0.000355454
2.13024e-05
-7.2871e-05
0.00043355
7.86955e-05
-6.70512e-05
0.000529725
0.000166245
-5.90858e-05
0.000645913
0.000291704
-4.99406e-05
0.000782646
0.000465739
-4.05655e-05
0.000938236
0.000644948
-2.79999e-05
0.000977147
-6.45407e-05
-2.90319e-05
0.000390962
-5.84791e-05
-4.81528e-05
0.000386703
-5.33571e-05
-6.59056e-05
0.000385017
-4.8801e-05
-8.16838e-05
0.000386637
-4.4308e-05
-9.49947e-05
0.000392494
-3.92893e-05
-0.000105572
0.000403888
-3.24037e-05
-0.000113227
0.000422843
-2.14356e-05
-0.000117856
0.000452071
-2.60315e-06
-0.000119234
0.000495451
2.96921e-05
-0.000116906
0.00055766
8.34002e-05
-0.000110404
0.000640366
0.000165984
-9.87276e-05
0.000743126
0.000284278
-8.32044e-05
0.000867864
0.000445988
-6.6763e-05
0.00101339
0.000600843
-4.54718e-05
0.00103009
-5.55049e-05
-1.98925e-05
0.000688124
-4.88768e-05
-4.84679e-05
0.000672224
-4.3636e-05
-7.45921e-05
0.000656873
-3.91772e-05
-9.78833e-05
0.000643112
-3.52014e-05
-0.000118161
0.000631734
-3.10737e-05
-0.00013515
0.000623747
-2.63926e-05
-0.000148841
0.000620102
-1.98983e-05
-0.000159035
0.000622649
-9.89221e-06
-0.000165711
0.000633752
7.00162e-06
-0.000168408
0.000657171
3.54064e-05
-0.000166581
0.000698113
8.2573e-05
-0.000159219
0.000763676
0.000156455
-0.00014568
0.000855018
0.000266106
-0.000123241
0.000968833
0.000411876
-9.78208e-05
0.00110411
0.000531336
-6.57505e-05
0.00109241
-4.62462e-05
1.36235e-05
0.00103096
-3.91799e-05
-2.95499e-05
0.00100496
-3.37052e-05
-6.82287e-05
0.000977374
-2.9331e-05
-0.000102416
0.000949528
-2.55166e-05
-0.000132154
0.000922637
-2.21007e-05
-0.000157596
0.000897431
-1.84547e-05
-0.000178729
0.000874868
-1.4334e-05
-0.000195783
0.00085563
-8.801e-06
-0.000208786
0.000841152
-3.24125e-07
-0.000217714
0.00083348
1.34516e-05
-0.000222508
0.000835506
3.69865e-05
-0.000222096
0.000852921
7.57092e-05
-0.000216616
0.00089259
0.000136084
-0.000203879
0.000965669
0.000232364
-0.000181324
0.00107875
0.000358011
-0.000151348
0.00121427
0.000433278
-0.000107248
0.00114803
-3.52541e-05
8.35381e-05
0.0014181
-2.88341e-05
1.89193e-05
0.0013834
-2.35363e-05
-3.80762e-05
0.00134456
-1.9309e-05
-8.79548e-05
0.00130342
-1.60148e-05
-0.000131122
0.00126123
-1.29718e-05
-0.00016796
0.00121969
-1.04237e-05
-0.000199048
0.00117901
-7.52137e-06
-0.000224596
0.00114079
-4.5286e-06
-0.000245216
0.00110456
-7.95211e-08
-0.000260793
0.00107237
6.16157e-06
-0.000271913
0.00104497
1.66699e-05
-0.000277647
0.00102423
3.45433e-05
-0.000278073
0.00101629
6.50304e-05
-0.000269963
0.00102537
0.000108508
-0.00025466
0.00105965
0.000185896
-0.000220646
0.00115275
0.000282912
-0.000177408
0.00133098
0.000279683
-0.000103113
0.00116076
-2.04938e-05
0.000179704
0.00164322
-1.54707e-05
9.57212e-05
0.00160541
-1.20654e-05
2.26906e-05
0.00155882
-8.95296e-06
-4.11579e-05
0.00150844
-6.51739e-06
-9.55222e-05
0.00145544
-4.68171e-06
-0.000141873
0.00140067
-2.92777e-06
-0.000180571
0.00134682
-1.60399e-06
-0.000212476
0.00129266
-7.86548e-08
-0.000238568
0.00124161
1.8318e-06
-0.000258434
0.00119023
3.98599e-06
-0.000274266
0.001142
8.34948e-06
-0.000283026
0.00109544
1.32605e-05
-0.000289182
0.00104775
2.44909e-05
-0.000283954
0.00100878
4.20262e-05
-0.000277186
0.000970116
6.25389e-05
-0.000245589
0.000937299
0.000109361
-0.000211912
0.000927157
0.000151695
-0.00013795
0.00093951
0.000114667
-4.41291e-05
0.00103715
3.50731e-05
-4.83995e-05
-0.000193426
3.98989e-05
-3.85719e-05
-0.000120201
3.98955e-05
-4.13366e-05
-8.70655e-05
4.23362e-05
-2.41896e-05
-3.43789e-05
4.24779e-05
-2.15295e-05
-3.70079e-06
4.25887e-05
-1.66877e-05
3.36426e-05
-5.93172e-05
2.93094e-05
-0.000252483
-5.44145e-05
3.48301e-05
-0.00015623
-4.14341e-05
3.97725e-05
-4.68398e-05
-9.15396e-06
4.20698e-05
7.66899e-05
-7.16828e-05
2.36645e-05
-0.000295188
-6.59809e-05
2.83582e-05
-0.000209331
-5.70141e-05
3.38545e-05
-0.00011146
-3.82807e-05
3.84196e-05
-4.43256e-07
1.27686e-06
4.0007e-05
0.000124477
4.08531e-05
9.34464e-06
6.278e-05
4.11566e-05
1.867e-05
9.24976e-05
4.1227e-05
2.99464e-05
0.000128232
4.08818e-05
4.34328e-05
0.000169205
3.96328e-05
5.9189e-05
0.000214452
3.68781e-05
7.69749e-05
0.000263212
3.44375e-05
9.16548e-05
0.000169412
3.47791e-05
0.000107355
0.000199707
3.47167e-05
0.000124755
0.000235132
3.427e-05
0.000143846
0.000275153
3.32672e-05
0.000164407
0.000319104
3.14318e-05
0.000186008
0.000366206
2.84156e-05
0.000208165
0.000415944
2.32979e-05
0.000273251
0.000281706
2.33698e-05
0.000292204
0.000314201
2.30871e-05
0.000312313
0.00035086
2.25787e-05
0.000333294
0.000391517
2.17711e-05
0.000354969
0.000435745
2.06076e-05
0.00037679
0.000482951
1.88768e-05
0.000398275
0.000532471
1.63744e-05
0.000418555
0.000584038
-8.33963e-05
1.85198e-05
-0.000318487
-7.64741e-05
2.10862e-05
-0.000243378
-6.84893e-05
2.55232e-05
-0.000157454
-5.58399e-05
3.05315e-05
-5.95201e-05
-3.17304e-05
3.44111e-05
5.15353e-05
1.43905e-05
3.53364e-05
0.000176453
9.62231e-05
3.18826e-05
0.000315164
0.000230209
2.37761e-05
0.000468151
0.000437432
1.28716e-05
0.000637157
-9.1744e-05
1.36927e-05
-0.00031626
-8.43522e-05
1.3171e-05
-0.000253393
-7.66307e-05
1.51773e-05
-0.000180204
-6.68381e-05
1.89232e-05
-9.61925e-05
-5.09628e-05
2.31634e-05
-1.22205e-07
-2.21228e-05
2.63902e-05
0.000109224
2.95079e-05
2.70408e-05
0.000232671
0.00011603
2.39917e-05
0.000370358
0.000251244
1.71286e-05
0.000522805
0.000453776
7.95572e-06
0.00069186
-9.47472e-05
8.68809e-06
-0.000278736
-8.78181e-05
4.66655e-06
-0.000229498
-8.06432e-05
3.19001e-06
-0.000171315
-7.25722e-05
4.12388e-06
-0.000103079
-6.1419e-05
6.84593e-06
-2.3653e-05
-4.28969e-05
1.02726e-05
6.81504e-05
-1.02555e-05
1.31114e-05
0.000173678
4.55811e-05
1.41251e-05
0.000293949
0.000135165
1.23651e-05
0.000429212
0.000270073
7.70917e-06
0.000579908
0.000467218
1.46476e-06
0.000747777
-9.2031e-05
2.8247e-06
-0.000195752
-8.60614e-05
-4.48157e-06
-0.000161221
-7.97341e-05
-9.81927e-06
-0.000118922
-7.30318e-05
-1.27439e-05
-6.82716e-05
-6.4945e-05
-1.32888e-05
-8.0149e-06
-5.2871e-05
-1.18959e-05
6.35905e-05
-3.24238e-05
-9.21573e-06
0.000148106
2.8795e-06
-6.28827e-06
0.000247096
6.13533e-05
-4.14919e-06
0.000361806
0.00015225
-3.60527e-06
0.000492656
0.000285272
-4.99219e-06
0.000639542
0.000475356
-7.60562e-06
0.00080431
-8.49693e-05
-3.99691e-06
-5.78914e-05
-7.97205e-05
-1.42212e-05
-3.82489e-05
-7.43096e-05
-2.33774e-05
-1.24465e-05
-6.86876e-05
-3.05661e-05
1.9911e-05
-6.25189e-05
-3.53662e-05
5.98429e-05
-5.44849e-05
-3.77099e-05
0.000108994
-4.20218e-05
-3.78377e-05
0.000169628
-2.05228e-05
-3.60792e-05
0.000243765
1.60747e-05
-3.2799e-05
0.000332861
7.54797e-05
-2.88245e-05
0.000438715
0.000165761
-2.51009e-05
0.000562167
0.000295277
-2.21343e-05
0.00070298
0.000477152
-2.0003e-05
0.000861692
1.02502e-05
0.000570045
0.000341822
9.80661e-06
0.000586111
0.00037397
9.2961e-06
0.000602069
0.000409376
8.80251e-06
0.000617656
0.000447933
8.32724e-06
0.00063317
0.00048956
7.86502e-06
0.000648076
0.000533834
7.28383e-06
0.000662323
0.000580407
6.42069e-06
0.000674814
0.000628736
5.17656e-06
0.000685851
0.000678307
3.07795e-06
0.000693651
0.000728389
4.61583e-07
0.000698041
0.000777751
-3.38771e-06
0.000696855
0.000825691
-8.44412e-06
0.000690113
0.000871951
-1.57739e-05
0.000673572
0.000914634
-7.57311e-05
-9.41062e-06
0.000137197
-7.0572e-05
-2.31109e-05
0.000143486
-6.56977e-05
-3.63266e-05
0.000153976
-6.09017e-05
-4.80833e-05
0.000169058
-5.58712e-05
-5.76676e-05
0.00018942
-5.00732e-05
-6.47176e-05
0.000216298
-4.21382e-05
-6.91064e-05
0.00025158
-2.95661e-05
-7.08573e-05
0.000297816
-8.2377e-06
-7.00213e-05
0.000358239
2.80714e-05
-6.65923e-05
0.000434712
8.63994e-05
-6.04035e-05
0.000528043
0.000174147
-5.24528e-05
0.000640263
0.000298513
-4.39575e-05
0.000771803
0.000470371
-3.57745e-05
0.000921628
0.000646349
-2.52159e-05
0.000956857
-6.61295e-05
-7.32091e-06
0.000385987
-6.03812e-05
-2.67584e-05
0.000381072
-5.55828e-05
-4.55301e-05
0.000378274
-5.11882e-05
-6.28201e-05
0.000378164
-4.69094e-05
-7.8009e-05
0.000381359
-4.22551e-05
-9.05637e-05
0.000388668
-3.67196e-05
-0.000100271
0.00040126
-2.89381e-05
-0.00010697
0.000420997
-1.67937e-05
-0.000110627
0.000450366
3.55434e-06
-0.000110972
0.000492964
3.73263e-05
-0.000107787
0.000553122
9.23911e-05
-0.000100602
0.000632422
0.000175201
-8.89932e-05
0.000730168
0.000292887
-7.43179e-05
0.000848638
0.000452312
-5.966e-05
0.000987142
0.000602607
-4.17411e-05
0.00100056
-5.6948e-05
1.17291e-05
0.000682518
-5.03286e-05
-1.75711e-05
0.000668376
-4.51507e-05
-4.50238e-05
0.000654101
-4.08624e-05
-7.01599e-05
0.000640681
-3.69108e-05
-9.2585e-05
0.00062893
-3.30194e-05
-0.000111988
0.000619491
-2.86622e-05
-0.00012807
0.000613183
-2.33987e-05
-0.000140784
0.000610915
-1.61056e-05
-0.000149984
0.000614227
-4.83226e-06
-0.000155499
0.000625351
1.34149e-05
-0.000157087
0.000647713
4.37088e-05
-0.00015412
0.000686291
9.22556e-05
-0.000145985
0.000747434
0.000167407
-0.000132016
0.00083247
0.000276092
-0.000110712
0.000937996
0.00041999
-8.81232e-05
0.0010645
0.000535744
-5.98214e-05
0.00104976
-4.75659e-05
5.87516e-05
0.00102101
-4.05411e-05
1.38624e-05
0.000999258
-3.49679e-05
-2.68343e-05
0.000975
-3.05152e-05
-6.35026e-05
0.000949667
-2.68238e-05
-9.60881e-05
0.000924271
-2.3306e-05
-0.000124452
0.000899828
-1.99053e-05
-0.000148696
0.00087688
-1.59858e-05
-0.000168732
0.000856282
-1.14267e-05
-0.000184722
0.000838464
-5.02593e-06
-0.00019654
0.000824924
4.44232e-06
-0.000204391
0.000817082
1.98806e-05
-0.000207721
0.00081792
4.48137e-05
-0.000206314
0.000832348
8.60196e-05
-0.000199279
0.000867
0.000147287
-0.00018631
0.000931876
0.000244357
-0.000164105
0.00103304
0.000367916
-0.000135495
0.00115751
0.000437608
-0.000101036
0.00109114
-3.65986e-05
0.000145493
0.00140004
-2.97305e-05
7.86828e-05
0.0013726
-2.46114e-05
1.84959e-05
0.00133937
-2.03091e-05
-3.49546e-05
0.00130292
-1.68453e-05
-8.18955e-05
0.00126452
-1.39531e-05
-0.000122762
0.0012253
-1.11665e-05
-0.000157735
0.00118661
-8.57119e-06
-0.00018722
0.0011486
-5.60197e-06
-0.000211509
0.0011126
-2.00249e-06
-0.000230706
0.0010783
2.67777e-06
-0.000245369
0.00104714
1.03718e-05
-0.000254679
0.00101998
2.17594e-05
-0.000259923
0.00099758
4.19911e-05
-0.000257361
0.000986191
7.36078e-05
-0.000250018
0.000989148
0.000119887
-0.00023009
0.00101175
0.000196582
-0.000200681
0.00108881
0.000291753
-0.000157982
0.00124579
0.000286925
-9.46153e-05
0.00108312
-2.03536e-05
0.000254201
0.00161973
-1.63679e-05
0.000167328
0.00158798
-1.23306e-05
8.98554e-05
0.00155057
-9.61127e-06
2.16857e-05
0.00150559
-7.13291e-06
-3.75333e-05
0.00145758
-5.07921e-06
-8.88477e-05
0.0014075
-3.55165e-06
-0.000132118
0.00135577
-1.87256e-06
-0.000168903
0.00130512
-6.75471e-07
-0.000199061
0.00125383
1.24405e-06
-0.000223386
0.00120532
3.15776e-06
-0.000242958
0.00115577
6.05016e-06
-0.000255607
0.00110853
1.05742e-05
-0.000266348
0.00106203
1.71299e-05
-0.000265974
0.00101264
2.89439e-05
-0.000266622
0.000969267
4.8222e-05
-0.000247467
0.000923772
7.10646e-05
-0.000226887
0.000881209
0.000117151
-0.000181213
0.000853269
0.000159836
-0.000116718
0.000852262
0.000119926
-2.79249e-05
0.000945145
2.74275e-05
-5.46039e-05
-0.000283883
3.32236e-05
-4.2618e-05
-0.000221468
3.26179e-05
-5.10841e-05
-0.000189479
3.82914e-05
-3.3924e-05
-0.000146051
3.75058e-05
-3.85564e-05
-0.000118009
3.75919e-05
-4.12106e-05
-8.22921e-05
4.09262e-05
-2.29282e-05
-5.90675e-05
4.03075e-05
-2.16487e-05
-3.34105e-05
4.02058e-05
-1.8945e-05
-4.2224e-07
4.04097e-05
-1.40529e-05
3.90138e-05
-6.99284e-05
2.236e-05
-0.000331621
-6.42401e-05
2.70577e-05
-0.000246452
-5.66145e-05
3.27658e-05
-0.000149623
-4.09844e-05
3.78378e-05
-3.99039e-05
-6.35113e-06
4.02326e-05
8.37182e-05
-8.58468e-05
1.87937e-05
-0.000362822
-7.79174e-05
2.17499e-05
-0.000287136
-6.98387e-05
2.67258e-05
-0.000200853
-5.84592e-05
3.2405e-05
-0.000102826
-3.72788e-05
3.70488e-05
8.06354e-06
4.41732e-06
3.87359e-05
0.000132592
3.95838e-05
5.43936e-06
3.82516e-05
3.93736e-05
1.35812e-05
6.32744e-05
3.92154e-05
2.30626e-05
9.48828e-05
3.91499e-05
3.43204e-05
0.000132464
3.89244e-05
4.77404e-05
0.000174996
3.80234e-05
6.34744e-05
0.000221361
3.57819e-05
8.14041e-05
0.000270664
3.34076e-05
8.17396e-05
0.000144177
3.35401e-05
9.61902e-05
0.000170407
3.33722e-05
0.00011206
0.000202117
3.30849e-05
0.000129431
0.000239041
3.25917e-05
0.000148338
0.000280401
3.17469e-05
0.000168652
0.000325321
3.02025e-05
0.000190141
0.000372904
2.76435e-05
0.000212279
0.000422605
2.28964e-05
0.000258541
0.000255357
2.29005e-05
0.000276309
0.000284507
2.26054e-05
0.0002952
0.000318004
2.21428e-05
0.000315041
0.000355774
2.15256e-05
0.000335844
0.000397445
2.0766e-05
0.000357315
0.000442319
1.96962e-05
0.000378952
0.000489862
1.819e-05
0.00040015
0.000539107
1.60189e-05
0.000420799
0.000589829
-9.87505e-05
1.66294e-05
-0.000374575
-8.98601e-05
1.69108e-05
-0.000308803
-8.10408e-05
1.98793e-05
-0.000233324
-7.10606e-05
2.4634e-05
-0.000147334
-5.62673e-05
2.9833e-05
-4.96373e-05
-2.99592e-05
3.38149e-05
6.08931e-05
1.80817e-05
3.48336e-05
0.000184928
0.000100996
3.15185e-05
0.000322455
0.000234616
2.36503e-05
0.000474001
0.000439754
1.28724e-05
0.000641386
-0.000105701
1.51962e-05
-0.000359806
-9.7395e-05
1.22928e-05
-0.000305805
-8.8682e-05
1.22592e-05
-0.000242436
-7.94739e-05
1.47655e-05
-0.000169144
-6.79975e-05
1.8907e-05
-8.53575e-05
-5.02027e-05
2.34205e-05
1.01534e-05
-1.93849e-05
2.67995e-05
0.000118594
3.39661e-05
2.75573e-05
0.000240721
0.000121397
2.45981e-05
0.000376657
0.000256097
1.78113e-05
0.000526926
0.000457042
8.80123e-06
0.000693697
-0.000105443
1.35333e-05
-0.000310635
-9.87789e-05
7.54603e-06
-0.000268898
-9.11508e-05
3.98242e-06
-0.000218873
-8.30302e-05
3.11813e-06
-0.000160311
-7.37468e-05
4.67115e-06
-9.2102e-05
-6.10965e-05
7.92115e-06
-1.30759e-05
-4.08098e-05
1.17308e-05
7.7917e-05
-6.33008e-06
1.48267e-05
0.000182186
5.10625e-05
1.5966e-05
0.000300639
0.000141392
1.42436e-05
0.000433536
0.000275768
9.5319e-06
0.000581345
0.000470985
2.86264e-06
0.000745897
-9.88764e-05
1.0664e-05
-0.00021639
-9.39705e-05
2.24481e-06
-0.000188228
-8.79222e-05
-4.79177e-06
-0.000152636
-8.11819e-05
-9.55082e-06
-0.000109621
-7.37474e-05
-1.17364e-05
-5.85955e-05
-6.45573e-05
-1.15187e-05
1.68043e-06
-5.10552e-05
-9.44046e-06
7.28487e-05
-2.88904e-05
-6.20526e-06
0.000156391
8.18234e-06
-2.91434e-06
0.000253753
6.81486e-05
-5.87817e-07
0.00036612
0.000159633
-3.92938e-08
0.000493831
0.00029208
-1.77253e-06
0.000636906
0.000480569
-4.97605e-06
0.000797425
-8.86186e-05
6.79001e-06
-6.92365e-05
-8.46269e-05
-3.61838e-06
-5.44392e-05
-7.99332e-05
-1.37944e-05
-3.35963e-05
-7.46032e-05
-2.25285e-05
-6.78255e-06
-6.86836e-05
-2.90225e-05
2.63799e-05
-6.17968e-05
-3.29634e-05
6.68199e-05
-5.26825e-05
-3.44168e-05
0.000116118
-3.87107e-05
-3.36755e-05
0.000176369
-1.54833e-05
-3.11729e-05
0.000249385
2.29358e-05
-2.73218e-05
0.000336494
8.3752e-05
-2.30937e-05
0.000439355
0.000174721
-1.94021e-05
0.000558861
0.000303691
-1.70048e-05
0.000694803
0.000483844
-1.57501e-05
0.000848194
1.06758e-05
0.000553908
0.000318136
1.02237e-05
0.000569925
0.000347784
9.6258e-06
0.000585882
0.000380531
9.05697e-06
0.00060149
0.000416484
8.47918e-06
0.000617234
0.00045539
8.02936e-06
0.000632413
0.000497194
7.51739e-06
0.000647314
0.000541326
7.01994e-06
0.000661077
0.000587124
6.22642e-06
0.000673877
0.000634483
5.10193e-06
0.000684583
0.000682274
3.48636e-06
0.000692809
0.000730134
9.56484e-07
0.000697619
0.00077603
-2.64521e-06
0.000697526
0.000820924
-6.65746e-06
0.000690962
0.000861219
-1.33059e-05
0.000676972
0.000897317
-7.75461e-05
5.3121e-06
0.000131626
-7.32783e-05
-7.96278e-06
0.000134946
-6.91825e-05
-2.16411e-05
0.000142401
-6.48464e-05
-3.45405e-05
0.000154092
-6.01072e-05
-4.57105e-05
0.000170299
-5.47211e-05
-5.44854e-05
0.000191654
-4.81651e-05
-6.05884e-05
0.000219225
-3.90538e-05
-6.39483e-05
0.000254787
-2.49444e-05
-6.46825e-05
0.000300628
-1.72769e-06
-6.28457e-05
0.000359774
3.64525e-05
-5.86192e-05
0.000433802
9.64312e-05
-5.19284e-05
0.000523479
0.000184917
-4.4116e-05
0.000630706
0.000308933
-3.62828e-05
0.000756265
0.000479186
-2.97841e-05
0.000899322
0.00065025
-2.17225e-05
0.000930937
-6.73794e-05
1.35689e-05
0.000381972
-6.19912e-05
-5.37527e-06
0.000376266
-5.76367e-05
-2.44179e-05
0.000372446
-5.36972e-05
-4.26885e-05
0.000370977
-4.96889e-05
-5.93623e-05
0.000372296
-4.53326e-05
-7.37606e-05
0.000376869
-4.0244e-05
-8.54172e-05
0.000385395
-3.38559e-05
-9.40947e-05
0.000398841
-2.49047e-05
-9.96767e-05
0.000418846
-1.11168e-05
-0.000102083
0.000447762
1.10992e-05
-0.000101262
0.000488755
4.71522e-05
-9.69245e-05
0.000546002
0.000104009
-8.89396e-05
0.000620615
0.000188138
-7.71614e-05
0.00071228
0.000305442
-6.34992e-05
0.000823127
0.000463315
-5.11864e-05
0.000953263
0.000609473
-3.63251e-05
0.000963161
-5.82279e-05
4.20604e-05
0.000676022
-5.1649e-05
1.26631e-05
0.000663392
-4.6571e-05
-1.53261e-05
0.000650282
-4.245e-05
-4.16542e-05
0.000637531
-3.8766e-05
-6.58001e-05
0.000625838
-3.49891e-05
-8.72269e-05
0.000615851
-3.09328e-05
-0.000105617
0.000608066
-2.60615e-05
-0.000120641
0.000603116
-2.00138e-05
-0.000132226
0.000601743
-1.1479e-05
-0.000140145
0.000605327
1.27063e-06
-0.000144326
0.000615762
2.16985e-05
-0.000144463
0.000636239
5.41359e-05
-0.000140127
0.000671111
0.000105495
-0.000130622
0.000726565
0.000181971
-0.000116245
0.00080332
0.000291249
-9.58842e-05
0.000898864
0.000433706
-7.59933e-05
0.00101489
0.000542798
-5.33237e-05
0.000997897
-4.90544e-05
0.000101546
0.0010084
-4.17291e-05
5.62831e-05
0.000990583
-3.6193e-05
1.43178e-05
0.000969688
-3.17226e-05
-2.42604e-05
0.000947172
-2.80295e-05
-5.90628e-05
0.000923825
-2.46839e-05
-9.00423e-05
0.000900593
-2.12644e-05
-0.000117027
0.000878257
-1.7635e-05
-0.000139969
0.00085718
-1.33344e-05
-0.000158781
0.000838074
-7.94565e-06
-0.000173434
0.000821302
-6.70621e-07
-0.000184051
0.000807933
1.05825e-05
-0.000190214
0.000799365
2.77406e-05
-0.000192154
0.000797779
5.56381e-05
-0.00018866
0.000808082
9.90197e-05
-0.00018046
0.00083574
0.000163662
-0.000165823
0.000889819
0.000260751
-0.000143945
0.000977325
0.000382063
-0.000120079
0.00108625
0.000446089
-8.81243e-05
0.0010201
-3.71926e-05
0.000204825
0.00137861
-3.09668e-05
0.000136449
0.00135687
-2.54093e-05
7.43021e-05
0.00132987
-2.12743e-05
1.80138e-05
0.00129807
-1.77732e-05
-3.20257e-05
0.00126369
-1.477e-05
-7.63066e-05
0.00122775
-1.21692e-05
-0.000114907
0.00119109
-9.39864e-06
-0.000148044
0.00115496
-6.72509e-06
-0.00017599
0.00111914
-3.29338e-06
-0.000198632
0.00108507
7.65936e-07
-0.000216693
0.00105202
6.61554e-06
-0.00022944
0.00102133
1.52527e-05
-0.00023793
0.000993311
2.92131e-05
-0.000240164
0.0009683
5.10077e-05
-0.00023751
0.000951619
8.66112e-05
-0.000224809
0.000945479
0.000134638
-0.00020754
0.000955033
0.000213252
-0.000173152
0.00100788
0.000308357
-0.000136685
0.00113934
0.00029262
-8.05624e-05
0.000990991
-2.06735e-05
0.000325216
0.00158764
-1.63374e-05
0.000236516
0.00156688
-1.31809e-05
0.00015638
0.00153464
-9.84255e-06
8.41846e-05
0.00149792
-7.72907e-06
2.11606e-05
0.00145463
-5.63996e-06
-3.4617e-05
0.00140899
-3.93956e-06
-8.22893e-05
0.00136161
-2.48836e-06
-0.000123452
0.00131281
-9.86841e-07
-0.00015784
0.00126488
5.00228e-07
-0.000186336
0.00121628
2.49473e-06
-0.000209605
0.00116947
5.10996e-06
-0.000226457
0.00112151
8.19995e-06
-0.000240174
0.00107416
1.43308e-05
-0.000245112
0.00102684
2.16071e-05
-0.000249448
0.000973863
3.56794e-05
-0.000237883
0.000924003
5.69457e-05
-0.000229005
0.000868945
8.05115e-05
-0.000190531
0.000810016
0.000128768
-0.000155606
0.000763388
0.000162961
-8.45331e-05
0.00074591
0.00011915
-2.40503e-06
0.0008284
-6.77007e-05
2.13033e-05
-0.000362999
2.66631e-05
-4.93351e-05
-0.000311207
2.54635e-05
-6.17603e-05
-0.000279208
3.29216e-05
-3.64013e-05
-0.000245663
3.09889e-05
-4.692e-05
-0.000219115
3.08356e-05
-5.51346e-05
-0.000184202
3.8288e-05
-2.91019e-05
-0.000167905
3.61579e-05
-3.49887e-05
-0.000145469
3.54407e-05
-3.97168e-05
-0.000114738
3.59295e-05
-4.2212e-05
-7.65843e-05
4.095e-05
-2.16348e-05
-7.96841e-05
3.92447e-05
-2.10488e-05
-5.95384e-05
3.8294e-05
-1.98619e-05
-3.15721e-05
3.82659e-05
-1.72286e-05
3.63746e-06
3.88273e-05
-1.22273e-05
4.49872e-05
-8.81593e-05
1.8089e-05
-0.000399666
-7.8956e-05
2.0891e-05
-0.000324415
-7.04502e-05
2.58356e-05
-0.00023891
-5.99973e-05
3.1695e-05
-0.000141942
-4.14893e-05
3.6801e-05
-3.22617e-05
-4.17917e-06
3.92318e-05
9.11063e-05
-0.000106249
1.7333e-05
-0.000419746
-9.54626e-05
1.78327e-05
-0.000353303
-8.52216e-05
2.1156e-05
-0.000277385
-7.47272e-05
2.63814e-05
-0.000191163
-6.07918e-05
3.21669e-05
-9.34201e-05
-3.69554e-05
3.6827e-05
1.69688e-05
7.24598e-06
3.84891e-05
0.000140721
3.9421e-05
1.67782e-06
1.76987e-05
3.85365e-05
9.26009e-06
3.75765e-05
3.77371e-05
1.75641e-05
6.44081e-05
3.73708e-05
2.70255e-05
9.78918e-05
3.73952e-05
3.82112e-05
0.00013719
3.75088e-05
5.16331e-05
0.000181076
3.71109e-05
6.75864e-05
0.000228271
3.55739e-05
8.59642e-05
0.000277766
3.31469e-05
7.24673e-05
0.000122475
3.29269e-05
8.61155e-05
0.000144226
3.24414e-05
0.000100877
0.000171754
3.19641e-05
0.000116788
0.000204939
3.15692e-05
0.000134044
0.000243291
3.12179e-05
0.000152785
0.000285816
3.06377e-05
0.000173031
0.000331489
2.95532e-05
0.000194588
0.000379232
2.7569e-05
0.000217205
0.000428465
2.28757e-05
0.000245013
0.000231626
2.27875e-05
0.000261804
0.000257298
2.23586e-05
0.000279638
0.000287337
2.18304e-05
0.000298387
0.000321885
2.1213e-05
0.000318237
0.000360647
2.06396e-05
0.000338921
0.000403228
1.99309e-05
0.000360196
0.000448661
1.91218e-05
0.000381789
0.000496121
1.7858e-05
0.000403309
0.000544965
1.61196e-05
0.000424256
0.000594309
-0.00011799
1.83694e-05
-0.000419947
-0.000107769
1.60219e-05
-0.000363312
-9.70953e-05
1.67894e-05
-0.0002973
-8.63969e-05
2.01833e-05
-0.00022195
-7.43524e-05
2.52301e-05
-0.000136376
-5.72667e-05
3.05684e-05
-3.93267e-05
-2.84894e-05
3.45624e-05
7.0269e-05
2.18461e-05
3.55316e-05
0.000193035
0.000106349
3.219e-05
0.000328964
0.000240091
2.4302e-05
0.000478577
0.000444212
1.36146e-05
0.000644087
-0.000121086
1.99902e-05
-0.000393942
-0.000113144
1.47789e-05
-0.000347927
-0.000103638
1.24075e-05
-0.000293465
-9.35991e-05
1.29757e-05
-0.000230077
-8.28463e-05
1.60128e-05
-0.000157151
-6.9544e-05
2.05394e-05
-7.40287e-05
-4.96248e-05
2.52651e-05
2.05029e-05
-1.64909e-05
2.87173e-05
0.000127595
3.89986e-05
2.94407e-05
0.000247942
0.000127814
2.63911e-05
0.000381656
0.000262681
1.94866e-05
0.000529327
0.000462364
1.01287e-05
0.000693145
-0.000115697
2.08106e-05
-0.0003341
-0.000110685
1.3349e-05
-0.000299723
-0.00010343
7.77553e-06
-0.000257183
-9.4984e-05
4.86777e-06
-0.000206821
-8.5803e-05
4.73929e-06
-0.000148323
-7.5154e-05
6.97149e-06
-8.05555e-05
-6.0791e-05
1.07542e-05
-2.36344e-06
-3.84444e-05
1.49239e-05
8.73739e-05
-1.7424e-06
1.81931e-05
0.000189883
5.76705e-05
1.93529e-05
0.000306008
0.00014926
1.74801e-05
0.000435961
0.000283638
1.24278e-05
0.000580222
0.000477782
5.01807e-06
0.000741021
-0.000104339
1.97226e-05
-0.0002299
-0.000101552
1.09971e-05
-0.000208217
-9.6718e-05
2.72089e-06
-0.000178956
-9.03648e-05
-3.77311e-06
-0.000142652
-8.3001e-05
-7.75036e-06
-9.92896e-05
-7.4598e-05
-9.05791e-06
-4.8255e-05
-6.40764e-05
-7.99877e-06
1.16328e-05
-4.8812e-05
-5.17557e-06
8.19203e-05
-2.45679e-05
-1.38867e-06
0.00016395
1.47302e-05
2.26027e-06
0.000259111
7.66553e-05
4.6834e-06
0.000368494
0.000169374
5.01974e-06
0.000492386
0.000301868
2.83609e-06
0.000630917
0.000489054
-1.03632e-06
0.000786594
-9.08897e-05
1.75548e-05
-7.5057e-05
-8.86465e-05
7.92062e-06
-6.54072e-05
-8.53736e-05
-2.57313e-06
-4.94693e-05
-8.08985e-05
-1.24282e-05
-2.76444e-05
-7.53621e-05
-2.04899e-05
-6.011e-08
-6.88251e-05
-2.60882e-05
3.36089e-05
-6.09568e-05
-2.90304e-05
7.42254e-05
-5.03942e-05
-2.94587e-05
0.000123242
-3.4564e-05
-2.77591e-05
0.000182575
-9.1236e-06
-2.44004e-05
0.000253859
3.15857e-05
-1.99597e-05
0.000338226
9.4503e-05
-1.54267e-05
0.000437308
0.0001867
-1.19379e-05
0.000552011
0.000315785
-1.01112e-05
0.000682312
0.000495007
-1.03771e-05
0.000829444
1.12456e-05
0.000295957
1.07495e-05
0.000554103
0.000323208
1.0122e-05
0.000570077
0.000353468
9.4678e-06
0.000585771
0.000386783
8.79217e-06
0.000601606
0.000423319
8.26574e-06
0.000617049
0.000462488
7.73435e-06
0.00063241
0.000504363
7.38516e-06
0.000647084
0.000547933
6.82749e-06
0.000660998
0.000593177
6.33039e-06
0.000673867
0.000638869
5.23853e-06
0.000684771
0.000685074
4.1526e-06
0.000694133
0.000729468
1.54509e-06
0.000699111
0.0007729
-6.89366e-07
0.000700278
0.000812297
-4.51779e-06
0.000696329
0.00084638
-9.93156e-06
0.000683016
0.000874482
-7.84682e-05
1.90352e-05
0.000129795
-7.51813e-05
7.10564e-06
0.000129748
-7.21428e-05
-6.21167e-06
0.000134023
-6.87155e-05
-1.96547e-05
0.000142533
-6.45497e-05
-3.20203e-05
0.000155263
-5.9547e-05
-4.23868e-05
0.000172415
-5.34844e-05
-5.01737e-05
0.00019448
-4.58216e-05
-5.51579e-05
0.000222401
-3.51899e-05
-5.73347e-05
0.000257724
-1.90699e-05
-5.68432e-05
0.000302578
6.49927e-06
-5.38688e-05
0.000359624
4.72862e-05
-4.85964e-05
0.000430336
0.000109517
-4.13645e-05
0.00051522
0.000199607
-3.35459e-05
0.000616501
0.000323871
-2.67323e-05
0.000734784
0.000492961
-2.20769e-05
0.00087003
0.00066013
-1.70523e-05
0.000897333
-6.82258e-05
3.28564e-05
0.000379956
-6.31537e-05
1.51667e-05
0.000372935
-5.92666e-05
-3.35525e-06
0.000367899
-5.59115e-05
-2.19133e-05
0.000365133
-5.24705e-05
-3.95747e-05
0.000364894
-4.84703e-05
-5.54534e-05
0.00036747
-4.37541e-05
-6.89062e-05
0.00037318
-3.78855e-05
-7.94431e-05
0.000382568
-3.0368e-05
-8.69038e-05
0.000396423
-1.97961e-05
-9.11126e-05
0.000416193
-3.9983e-06
-9.21146e-05
0.000443883
2.08853e-05
-8.97776e-05
0.000482421
5.9751e-05
-8.40409e-05
0.000535488
0.000119581
-7.48555e-05
0.000604224
0.000205511
-6.29144e-05
0.000688155
0.00032361
-5.03048e-05
0.000789885
0.000480512
-4.03095e-05
0.000910441
0.000619589
-3.02465e-05
0.000916617
-5.94989e-05
7.0057e-05
0.000670001
-5.27771e-05
4.16081e-05
0.000658125
-4.77919e-05
1.37561e-05
0.000645909
-4.38491e-05
-1.30894e-05
0.000633844
-4.0433e-05
-3.83116e-05
0.000622446
-3.70047e-05
-6.13642e-05
0.000612296
-3.31461e-05
-8.17132e-05
0.000603829
-2.86214e-05
-9.89649e-05
0.000597376
-2.30406e-05
-0.000112771
0.000593368
-1.58119e-05
-0.000122968
0.000592432
-5.81907e-06
-0.000129442
0.00059559
9.17844e-06
-0.000131905
0.000604608
3.21673e-05
-0.000130287
0.000621973
6.81684e-05
-0.000123936
0.000651895
0.000122645
-0.000112941
0.000699635
0.000202378
-9.74711e-05
0.000766191
0.000312294
-7.81002e-05
0.000849429
0.00045315
-6.2157e-05
0.000952633
0.000557064
-4.37509e-05
0.000930673
-5.00002e-05
0.000141701
0.000995562
-4.31001e-05
9.66176e-05
0.000980203
-3.72505e-05
5.42342e-05
0.000962508
-3.28284e-05
1.45182e-05
0.000942463
-2.91717e-05
-2.17849e-05
0.000921292
-2.5907e-05
-5.47961e-05
0.000899716
-2.27262e-05
-8.4194e-05
0.000878316
-1.91325e-05
-0.000109729
0.000857751
-1.51542e-05
-0.000131335
0.000838163
-1.01311e-05
-0.000148672
0.00082015
-3.82978e-06
-0.000161962
0.000803809
5.12128e-06
-0.000170803
0.000790016
1.81539e-05
-0.000175326
0.000779635
3.85323e-05
-0.000174883
0.000774683
6.93053e-05
-0.00016963
0.000778954
0.00011744
-0.000158453
0.00079754
0.000184941
-0.000143057
0.000838628
0.000284434
-0.0001207
0.000906764
0.000405673
-9.73932e-05
0.0009982
0.000459232
-7.59421e-05
0.00092943
-3.74798e-05
0.000259452
0.00135525
-3.15893e-05
0.000191886
0.00133842
-2.65767e-05
0.000128611
0.00131596
-2.19884e-05
7.05436e-05
0.00128949
-1.86517e-05
1.78076e-05
0.00125916
-1.56289e-05
-2.9303e-05
0.00122667
-1.29847e-05
-7.1019e-05
0.00119291
-1.04079e-05
-0.000107536
0.00115851
-7.61819e-06
-0.000138791
0.0011244
-4.54402e-06
-0.000165
0.00109055
-6.7366e-07
-0.000186274
0.00105782
4.42219e-06
-0.000202352
0.00102562
1.12591e-05
-0.000213996
0.00099434
2.24036e-05
-0.000219484
0.000964558
3.829e-05
-0.000221059
0.000935166
6.44406e-05
-0.000212897
0.000910946
0.00010307
-0.000201846
0.000893661
0.000155976
-0.00017593
0.000882347
0.000236461
-0.000146529
0.000910027
0.000324335
-0.000112735
0.00101014
0.000303108
-5.71762e-05
0.000864209
-1.88377e-05
0.000389957
0.00155465
-1.68322e-05
0.000302689
0.0015383
-1.32254e-05
0.000220657
0.00151583
-1.06302e-05
0.000146073
0.00148338
-7.92728e-06
7.94662e-05
0.00144754
-6.1672e-06
2.01702e-05
0.00140601
-4.45299e-06
-3.1424e-05
0.00136258
-2.86908e-06
-7.6752e-05
0.00131778
-1.56093e-06
-0.000114954
0.00127148
5.87559e-08
-0.000147657
0.00122615
1.77722e-06
-0.000174436
0.00117933
4.29021e-06
-0.000195351
0.00113407
7.20707e-06
-0.000212413
0.00108654
1.1779e-05
-0.000221113
0.00103838
1.8511e-05
-0.000229409
0.000988288
2.85359e-05
-0.000222683
0.000930128
4.45392e-05
-0.000220436
0.000870896
6.84573e-05
-0.000191375
0.000801331
9.73221e-05
-0.000168419
0.000725508
0.000145187
-0.000115126
0.000648794
0.00017916
-5.29515e-05
0.000617296
0.000124857
4.1395e-05
0.000662149
2.16879e-05
-6.50018e-05
-0.000390253
-9.02241e-05
1.79385e-05
-0.000431285
-7.95427e-05
2.00802e-05
-0.000357029
2.77667e-05
-4.36155e-05
-0.000334644
2.48227e-05
-5.86551e-05
-0.000308146
2.44639e-05
-7.03638e-05
-0.000272923
3.45646e-05
-3.00499e-05
-0.000265734
3.08137e-05
-4.21795e-05
-0.000245059
2.93487e-05
-5.27496e-05
-0.000215408
2.99946e-05
-6.0515e-05
-0.00017775
4.00892e-05
-2.44838e-05
-0.000185479
3.63923e-05
-3.10156e-05
-0.000169026
3.42444e-05
-3.7291e-05
-0.000143845
3.39421e-05
-4.21448e-05
-0.000110481
3.51353e-05
-4.43093e-05
-7.00722e-05
4.24509e-05
-2.07808e-05
-9.58392e-05
3.96477e-05
-2.02705e-05
-8.15735e-05
3.74792e-05
-1.99417e-05
-5.92006e-05
3.65455e-05
-1.90333e-05
-2.89419e-05
3.68708e-05
-1.64398e-05
8.37447e-06
3.80465e-05
-1.11697e-05
5.14401e-05
-0.000113978
1.73464e-05
-0.000456908
-0.00010106
1.75712e-05
-0.000390749
-8.90921e-05
2.0701e-05
-0.00031541
-7.77879e-05
2.58701e-05
-0.000230024
-6.44113e-05
3.18152e-05
-0.000133337
-4.28018e-05
3.68973e-05
-2.40807e-05
-2.44917e-06
3.9236e-05
9.86763e-05
-0.000131238
1.96598e-05
-0.000466064
-0.000118738
1.73769e-05
-0.000408321
-0.000105771
1.83503e-05
-0.000341821
-9.32699e-05
2.20477e-05
-0.000266178
-8.03894e-05
2.75012e-05
-0.00018046
-6.37986e-05
3.33522e-05
-8.34133e-05
-3.70384e-05
3.79253e-05
2.60814e-05
1.00265e-05
3.94419e-05
0.000148672
4.03995e-05
-2.41189e-06
1.4621e-06
3.88434e-05
5.1231e-06
1.59192e-05
3.7236e-05
1.28818e-05
3.74642e-05
3.6139e-05
2.11177e-05
6.61411e-05
3.57942e-05
3.04419e-05
0.000101436
3.61514e-05
4.15827e-05
0.000142307
3.67724e-05
5.52323e-05
0.000187295
3.70797e-05
7.17044e-05
0.000235004
3.63715e-05
9.10278e-05
0.000284284
3.36503e-05
6.33799e-05
0.00010451
3.31208e-05
7.65994e-05
0.000121658
3.2185e-05
9.06852e-05
0.000144591
3.12977e-05
0.000105568
0.000173507
3.06297e-05
0.000121449
0.000208118
3.03488e-05
0.000138608
0.000247759
3.02297e-05
0.000157288
0.00029126
3.01255e-05
0.000177692
0.000337381
2.95563e-05
0.000199726
0.000385013
2.82986e-05
0.000223085
0.000433292
2.33108e-05
0.00021072
2.30668e-05
0.000248317
0.000232796
2.25015e-05
0.000265319
0.000259237
2.179e-05
0.000283156
0.000290245
2.10426e-05
0.000302019
0.000325853
2.04539e-05
0.000321718
0.000365662
1.9894e-05
0.000342361
0.000408903
1.94798e-05
0.000363749
0.000454607
1.88299e-05
0.00038556
0.000501868
1.80803e-05
0.000407732
0.000549739
1.6704e-05
0.000429449
0.000597607
-0.000138682
2.36108e-05
-0.000454799
-0.000128946
1.87038e-05
-0.000406827
-0.000117101
1.69382e-05
-0.000349998
-0.000104725
1.82874e-05
-0.000284278
-9.22085e-05
2.21467e-05
-0.000209505
-7.80681e-05
2.74707e-05
-0.000124754
-5.84928e-05
3.28846e-05
-2.8781e-05
-2.6963e-05
3.68067e-05
7.94661e-05
2.60956e-05
3.75967e-05
0.000200532
0.00011266
3.40286e-05
0.000334391
0.000247288
2.59204e-05
0.000481664
0.00045093
1.50412e-05
0.000644633
-0.000135485
2.75024e-05
-0.000418651
-0.00012981
2.04503e-05
-0.000380488
-0.000120774
1.57883e-05
-0.000333964
-0.000110087
1.41312e-05
-0.000279517
-9.8688e-05
1.54137e-05
-0.000216593
-8.6346e-05
1.90363e-05
-0.000144455
-7.10702e-05
2.39516e-05
-6.24359e-05
-4.87705e-05
2.88603e-05
3.06861e-05
-1.29815e-05
3.23022e-05
0.000135973
4.5094e-05
3.28681e-05
0.000254042
0.000135872
2.95315e-05
0.000384999
0.000271395
2.22393e-05
0.00052946
0.000470462
1.2064e-05
0.000689946
-0.000123625
2.95764e-05
-0.000348876
-0.000121763
2.14834e-05
-0.000322023
-0.000116262
1.43392e-05
-0.000286743
-0.000108287
9.44366e-06
-0.000243837
-9.8905e-05
7.39079e-06
-0.000193568
-8.85162e-05
8.12175e-06
-0.000135555
-7.63426e-05
1.11096e-05
-6.86447e-05
-5.99886e-05
1.54605e-05
8.27658e-06
-3.52494e-05
1.99805e-05
9.62681e-05
4.09886e-06
2.33894e-05
0.000196478
6.60464e-05
2.44486e-05
0.000309648
0.000159444
2.22744e-05
0.000436045
0.000294515
1.65695e-05
0.000576024
0.00048814
8.73584e-06
0.00073251
-0.000107343
2.88465e-05
-0.000235773
-0.000107465
2.08949e-05
-0.000220979
-0.000104895
1.21476e-05
-0.000198123
-9.98413e-05
4.3257e-06
-0.000168112
-9.29524e-05
-1.37545e-06
-0.000131437
-8.47378e-05
-4.37041e-06
-8.80644e-05
-7.51318e-05
-4.66231e-06
-3.74164e-05
-6.29388e-05
-2.64318e-06
2.16451e-05
-4.55828e-05
1.00255e-06
9.05479e-05
-1.88184e-05
5.41418e-06
0.000170491
2.32045e-05
9.41837e-06
0.000262757
8.77207e-05
1.19124e-05
0.000368384
0.000182285
1.19364e-05
0.0004877
0.000315423
9.21562e-06
0.000621027
0.000502323
3.80095e-06
0.00077096
-9.1365e-05
2.71668e-05
-7.45758e-05
-9.10391e-05
1.9378e-05
-7.06564e-05
-8.97103e-05
9.50839e-06
-5.9921e-05
-8.67907e-05
-8.00606e-07
-4.30216e-05
-8.21782e-05
-1.00646e-05
-2.04411e-05
-7.61114e-05
-1.72275e-05
7.64368e-06
-6.8677e-05
-2.17335e-05
4.15046e-05
-5.94592e-05
-2.35017e-05
8.19061e-05
-4.70914e-05
-2.27626e-05
0.000130147
-2.89211e-05
-1.99382e-05
0.000187964
-7.6874e-07
-1.55882e-05
0.000256756
4.293e-05
-1.04031e-05
0.000337559
0.000108589
-5.58449e-06
0.000431882
0.000202831
-2.19556e-06
0.000540871
0.000332733
-1.37968e-06
0.000664453
0.000511336
-3.10012e-06
0.000804238
1.1408e-05
0.000300188
1.07272e-05
0.000554525
0.000328033
1.00414e-05
0.000570337
0.00035886
9.2586e-06
0.000586282
0.000392849
8.65319e-06
0.000602001
0.000429714
8.02015e-06
0.00061766
0.000469218
7.70183e-06
0.000633026
0.00051072
7.21375e-06
0.000647767
0.00055395
7.07856e-06
0.000662219
0.000597746
6.36045e-06
0.00067513
0.00064215
6.23341e-06
0.000687484
0.000685489
4.44982e-06
0.000696719
0.000727411
3.68992e-06
0.000703469
0.000766019
1.37298e-06
0.000707294
0.000799959
-1.21321e-06
0.000704353
0.000826256
-5.56154e-06
0.000695414
0.00084476
-7.84489e-05
3.08314e-05
0.000132807
-7.60082e-05
2.11152e-05
0.00012864
-7.41128e-05
9.07954e-06
0.000129303
-7.18977e-05
-4.10744e-06
0.000134462
-6.87501e-05
-1.71088e-05
0.000143901
-6.43979e-05
-2.87228e-05
0.000157526
-5.87836e-05
-3.80889e-05
0.00017536
-5.16896e-05
-4.46772e-05
0.000197803
-4.25708e-05
-4.83511e-05
0.00022562
-2.99574e-05
-4.91269e-05
0.000260169
-1.13364e-05
-4.72066e-05
0.000303254
1.73577e-05
-4.2795e-05
0.00035735
6.14449e-05
-3.62918e-05
0.000423569
0.00012695
-2.82207e-05
0.000502525
0.000219327
-2.05188e-05
0.000596471
0.000344789
-1.46301e-05
0.000706159
0.000513496
-1.23438e-05
0.000832338
0.000673366
-1.11394e-05
0.000854695
-6.87666e-05
4.96257e-05
0.000381564
-6.37986e-05
3.40381e-05
0.000372106
-6.03173e-05
1.68164e-05
0.000365289
-5.75736e-05
-1.23733e-06
0.000360948
-5.48182e-05
-1.91952e-05
0.000359139
-5.1474e-05
-3.60898e-05
0.00036
-4.71867e-05
-5.10284e-05
0.000363633
-4.17449e-05
-6.33554e-05
0.000370216
-3.48234e-05
-7.26169e-05
0.000380064
-2.57468e-05
-7.86121e-05
0.000393857
-1.31751e-05
-8.12533e-05
0.000412687
5.40798e-06
-8.04654e-05
0.000438341
3.35967e-05
-7.628e-05
0.000473231
7.65771e-05
-6.86519e-05
0.000520876
0.00014006
-5.8056e-05
0.000581951
0.000229241
-4.55719e-05
0.000656558
0.000348602
-3.40403e-05
0.000747308
0.000504684
-2.72297e-05
0.00085589
0.000638317
-2.10822e-05
0.000856446
-6.02258e-05
9.50629e-05
0.000667007
-5.38624e-05
6.83436e-05
0.000654028
-4.87465e-05
4.14373e-05
0.00064194
-4.49492e-05
1.47982e-05
0.000630142
-4.1799e-05
-1.08187e-05
0.000618978
-3.87365e-05
-3.4914e-05
0.000608825
-3.52902e-05
-5.68286e-05
0.000599976
-3.10334e-05
-7.59815e-05
0.000592747
-2.58529e-05
-9.19521e-05
0.000587256
-1.91776e-05
-0.00010433
0.000583776
-1.05201e-05
-0.000112971
0.000582652
1.66351e-06
-0.000117586
0.000584729
1.93462e-05
-0.000118095
0.000591223
4.63009e-05
-0.000114058
0.000604326
8.63434e-05
-0.000105475
0.000627391
0.000146091
-9.19957e-05
0.000665508
0.000229277
-7.54574e-05
0.000719212
0.000341519
-5.68894e-05
0.000787077
0.000483007
-4.32209e-05
0.000874769
0.000575306
-3.13455e-05
0.000845945
-5.00545e-05
0.000177507
0.000985271
-4.39869e-05
0.000134507
0.000970071
-3.84807e-05
9.24938e-05
0.000953848
-3.37403e-05
5.25988e-05
0.00093618
-3.0175e-05
1.51139e-05
0.000917088
-2.70052e-05
-1.93697e-05
0.000897242
-2.39583e-05
-5.06558e-05
0.000877152
-2.06453e-05
-7.84844e-05
0.000857309
-1.67755e-05
-0.000102512
0.000838085
-1.21279e-05
-0.000122571
0.000819645
-6.25617e-06
-0.000138429
0.000802199
1.57275e-06
-0.000149909
0.000785765
1.23555e-05
-0.000156968
0.000770561
2.86195e-05
-0.000158976
0.000757513
5.23016e-05
-0.000156354
0.000747396
8.84757e-05
-0.000147519
0.000743985
0.000141042
-0.000134553
0.000751065
0.000214893
-0.000115385
0.000774396
0.000317059
-9.24025e-05
0.000821175
0.000433023
-7.39212e-05
0.00088749
0.000478303
-5.30647e-05
0.0008073
-3.46327e-05
0.000308058
0.00133507
-3.2027e-05
0.00024331
0.00131902
-2.72051e-05
0.000180526
0.00130049
-2.30584e-05
0.000121305
0.00127762
-1.92598e-05
6.70683e-05
0.00125156
-1.64091e-05
1.75911e-05
0.00122251
-1.37701e-05
-2.66626e-05
0.00119163
-1.12053e-05
-6.60767e-05
0.00115979
-8.62545e-06
-0.000100445
0.00112722
-5.54286e-06
-0.000129898
0.0010949
-2.03557e-06
-0.000154375
0.00106246
2.74807e-06
-0.000173686
0.00103069
8.87257e-06
-0.00018844
0.000998397
1.80654e-05
-0.000197189
0.000965759
3.11862e-05
-0.000201683
0.000932507
5.17934e-05
-0.000197844
0.000896856
8.14767e-05
-0.000190574
0.000862736
0.000127081
-0.000169129
0.000828236
0.000184665
-0.000147826
0.0007963
0.000265838
-0.000110236
0.000786877
0.000357765
-7.44009e-05
0.000848761
0.000314664
-1.52955e-05
0.000689697
-1.40025e-05
0.000443976
0.00151645
-1.52701e-05
0.000363294
0.00150931
-1.38838e-05
0.000282689
0.00149015
-1.07226e-05
0.000206083
0.00146654
-8.67718e-06
0.000137208
0.00143432
-6.32553e-06
7.44879e-05
0.00139955
-4.93286e-06
1.99152e-05
0.0013596
-3.33868e-06
-2.91542e-05
0.00131832
-1.92668e-06
-7.09499e-05
0.0012757
-4.95326e-07
-0.000107529
0.00123185
1.32493e-06
-0.000137843
0.00118823
3.53372e-06
-0.000162703
0.00114315
6.32199e-06
-0.000182871
0.00109821
1.06141e-05
-0.000195785
0.0010506
1.58867e-05
-0.000206651
0.000999737
2.54694e-05
-0.000205371
0.000945506
3.74896e-05
-0.000206619
0.000878821
5.72691e-05
-0.000184366
0.000806617
8.52165e-05
-0.000171582
0.000719277
0.000114618
-0.000120519
0.000616283
0.000166442
-8.1171e-05
0.000510571
0.000179956
4.60447e-06
0.00047413
0.000135364
0.000129884
0.0003969
-9.18937e-05
1.94964e-05
-0.000458944
2.41593e-05
-6.17505e-05
-0.000413741
2.04998e-05
-7.9627e-05
-0.000385846
-0.000121689
1.81862e-05
-0.000488905
-0.000106485
1.76557e-05
-0.000423435
-9.25878e-05
2.0065e-05
-0.000349135
3.10217e-05
-3.7549e-05
-0.00035403
2.58939e-05
-5.49533e-05
-0.000333426
2.3849e-05
-6.95936e-05
-0.000303417
2.46764e-05
-8.02297e-05
-0.000265163
3.8219e-05
-2.37571e-05
-0.000281507
3.25163e-05
-3.70094e-05
-0.000267028
2.91717e-05
-4.96359e-05
-0.0002431
2.85641e-05
-6.00813e-05
-0.000210463
3.03039e-05
-6.70666e-05
-0.000170263
4.35958e-05
-2.03797e-05
-0.000198445
3.84343e-05
-2.69991e-05
-0.000188282
3.45728e-05
-3.4278e-05
-0.000169132
3.28068e-05
-4.10471e-05
-0.000141204
3.32608e-05
-4.58474e-05
-0.000105333
3.54358e-05
-4.73774e-05
-6.28858e-05
4.53134e-05
-2.07091e-05
-0.000107342
4.15879e-05
-1.97644e-05
-9.90898e-05
3.81363e-05
-1.96859e-05
-8.27295e-05
3.58783e-05
-1.98721e-05
-5.81011e-05
3.52571e-05
-1.92382e-05
-2.56064e-05
3.62318e-05
-1.65652e-05
1.36897e-05
3.82467e-05
-1.07155e-05
5.82321e-05
-0.000145071
2.04776e-05
-0.000503422
-0.00013006
1.78368e-05
-0.000445852
-0.000114555
1.84999e-05
-0.000379765
-9.99849e-05
2.19732e-05
-0.000304798
-8.59885e-05
2.73508e-05
-0.000219961
-6.95974e-05
3.33335e-05
-0.000123974
-4.46643e-05
3.82936e-05
-1.55124e-05
-9.17787e-07
4.04349e-05
0.000106265
-0.000157664
2.56051e-05
-0.000501413
-0.000145791
2.06038e-05
-0.000452445
-0.000131256
1.89215e-05
-0.000394738
-0.000116286
2.04598e-05
-0.000328672
-0.00010171
2.4586e-05
-0.000253762
-8.64785e-05
3.02608e-05
-0.000168958
-6.70941e-05
3.61109e-05
-7.29975e-05
-3.7175e-05
4.05251e-05
3.52103e-05
1.31683e-05
4.17428e-05
0.000156228
4.23761e-05
-7.18722e-06
-1.03486e-05
4.03458e-05
6.94499e-07
-1.33428e-06
3.79285e-05
8.44482e-06
1.46127e-05
3.5887e-05
1.60792e-05
3.79136e-05
3.47234e-05
2.40745e-05
6.8415e-05
3.46838e-05
3.32418e-05
0.000105442
3.5553e-05
4.45383e-05
0.000147678
3.69124e-05
5.86934e-05
0.00019352
3.80401e-05
7.61787e-05
0.00024137
3.83525e-05
9.69144e-05
0.000289976
3.49178e-05
9.03986e-05
3.41e-05
6.71673e-05
0.000102909
3.2763e-05
8.10128e-05
0.000121069
3.13361e-05
9.53466e-05
0.000145266
3.01625e-05
0.000110241
0.000175595
2.95619e-05
0.000125994
0.000211624
2.94639e-05
0.00014306
0.000252416
2.9838e-05
0.000161945
0.000296648
3.02075e-05
0.000182831
0.000342899
3.04023e-05
0.000205807
0.00038997
2.98815e-05
0.000230545
0.000436859
2.3786e-05
0.000211184
2.30457e-05
0.00025187
0.000233927
2.21517e-05
0.000269048
0.000261236
2.11691e-05
0.000287047
0.000293307
2.04164e-05
0.000305895
0.000329913
1.97933e-05
0.000325666
0.000370584
1.95402e-05
0.00034643
0.000414384
1.92363e-05
0.000368017
0.000460127
1.91637e-05
0.000390732
0.000506782
1.86172e-05
0.000413618
0.000553313
1.8287e-05
0.000437336
0.000599147
-0.000157726
3.17391e-05
-0.000479673
-0.000150892
2.47229e-05
-0.000439736
-0.000139613
2.04712e-05
-0.00039152
-0.000126237
1.94575e-05
-0.000335018
-0.000112321
2.14977e-05
-0.000269996
-9.80197e-05
2.58698e-05
-0.00019623
-8.16977e-05
3.14763e-05
-0.000112718
-5.949e-05
3.69512e-05
-1.8206e-05
-2.48811e-05
4.07097e-05
8.82527e-05
3.132e-05
4.1189e-05
0.000207145
0.000120543
3.71842e-05
0.000338456
0.000256628
2.86773e-05
0.000482795
0.000460052
1.67499e-05
0.000642743
-0.000146401
3.6709e-05
-0.00043382
-0.000144981
2.86605e-05
-0.000403644
-0.000138264
2.21185e-05
-0.000364816
-0.000128101
1.82626e-05
-0.000318281
-0.000116198
1.7509e-05
-0.00026432
-0.000103462
1.96303e-05
-0.000202242
-8.94413e-05
2.3906e-05
-0.000131311
-7.20209e-05
2.92473e-05
-5.07905e-05
-4.70664e-05
3.43318e-05
4.04735e-05
-8.22509e-06
3.77105e-05
0.000143455
5.29429e-05
3.79876e-05
0.000258689
0.000146195
3.42057e-05
0.000386282
0.000283066
2.61377e-05
0.000526835
0.000482509
1.56677e-05
0.000683599
-0.000127675
3.85146e-05
-0.000354626
-0.000130122
3.09707e-05
-0.000335707
-0.000127864
2.30418e-05
-0.000307757
-0.000121671
1.65335e-05
-0.000272002
-0.000112812
1.25698e-05
-0.000229156
-0.000102351
1.15621e-05
-0.000179395
-9.06251e-05
1.32962e-05
-0.000122248
-7.66717e-05
1.71461e-05
-5.65973e-05
-5.80437e-05
2.2143e-05
1.85751e-05
-3.05081e-05
2.70643e-05
0.000104283
1.19715e-05
3.05944e-05
0.000201565
7.70122e-05
3.1501e-05
0.00031113
0.000172934
2.88034e-05
0.000433162
0.0003093
2.25862e-05
0.000568297
0.000503198
1.32537e-05
0.000719754
-0.000107271
3.67134e-05
-0.000233331
-0.000110613
3.07747e-05
-0.000226078
-0.000111126
2.26027e-05
-0.000210019
-0.000108428
1.41486e-05
-0.000186308
-0.000102869
7.06819e-06
-0.000155864
-9.51702e-05
2.4104e-06
-0.000119159
-8.58406e-05
5.90097e-07
-7.61532e-05
-7.47114e-05
1.47918e-06
-2.62864e-05
-6.05255e-05
4.59681e-06
3.1485e-05
-4.06123e-05
9.21501e-06
9.84384e-05
-1.08144e-05
1.43546e-05
0.0001756
3.45959e-05
1.87992e-05
0.000264205
0.000102368
2.1345e-05
0.000365197
0.000199536
2.112e-05
0.000479092
0.000334076
1.73663e-05
0.00060612
0.000521062
1.06612e-05
0.000749359
-9.00027e-05
3.45189e-05
-6.67549e-05
-9.14042e-05
2.9621e-05
-6.94227e-05
-9.22037e-05
2.14407e-05
-6.44977e-05
-9.13615e-05
1.15727e-05
-5.28304e-05
-8.83727e-05
1.71114e-06
-3.51747e-05
-8.32814e-05
-6.70629e-06
-1.20786e-05
-7.6348e-05
-1.27393e-05
1.62139e-05
-6.76488e-05
-1.59555e-05
4.99176e-05
-5.67197e-05
-1.63686e-05
8.96611e-05
-4.20564e-05
-1.42518e-05
0.000136559
-2.10098e-05
-1.00976e-05
0.000192147
1.06129e-05
-4.50164e-06
0.000257599
5.80618e-05
1.57011e-06
0.000333788
0.000127409
6.8917e-06
0.000422336
0.00022445
9.99675e-06
0.000524372
0.000356038
1.00233e-05
0.00064008
0.000535064
5.95505e-06
0.000771154
1.14595e-05
0.000304194
1.07225e-05
0.000555066
0.000332582
9.88506e-06
0.00057113
0.000364127
9.183e-06
0.000587132
0.000398535
8.45031e-06
0.000603036
0.000435888
8.06101e-06
0.000618935
0.000475248
7.57253e-06
0.000634361
0.000516553
7.56312e-06
0.000649842
0.000558764
7.1184e-06
0.000664274
0.000601483
7.37031e-06
0.000678749
0.000643515
6.50201e-06
0.000691524
0.000684182
6.47332e-06
0.00070238
0.000722026
5.67517e-06
0.000711969
0.000755669
4.8533e-06
0.000717173
0.000782286
3.15748e-06
0.00071889
0.000799622
3.71099e-07
0.00071153
0.000806225
-7.76186e-05
3.97663e-05
0.000142318
-7.57274e-05
3.31292e-05
0.000132722
-7.48395e-05
2.3278e-05
0.000128964
-7.39153e-05
1.12428e-05
0.000130295
-7.20914e-05
-1.63418e-06
0.00013626
-6.88263e-05
-1.39852e-05
0.000146516
-6.39061e-05
-2.46384e-05
0.000160795
-5.73078e-05
-3.27924e-05
0.000179038
-4.88353e-05
-3.79996e-05
0.000201464
-3.77993e-05
-4.01356e-05
0.000228681
-2.26849e-05
-3.92667e-05
0.000261739
-7.86759e-07
-3.55802e-05
0.000302234
3.1861e-05
-2.94157e-05
0.00035221
8.04373e-05
-2.12358e-05
0.000412724
0.000150066
-1.22127e-05
0.000484212
0.000246014
-4.31234e-06
0.000569381
0.000373289
2.24333e-07
0.000668904
0.000541942
3.40859e-07
0.000783599
0.000696178
-2.53206e-06
0.000799366
-6.86129e-05
6.32147e-05
0.000389325
-6.40663e-05
5.04209e-05
0.000375386
-6.07582e-05
3.52844e-05
0.00036565
-5.85115e-05
1.85246e-05
0.000359089
-5.64697e-05
1.0171e-06
0.000355407
-5.39158e-05
-1.62543e-05
0.000354483
-5.03353e-05
-3.22502e-05
0.000356267
-4.53854e-05
-4.60836e-05
0.000360713
-3.89422e-05
-5.71069e-05
0.000367795
-3.05416e-05
-6.48716e-05
0.000377688
-1.95126e-05
-6.91869e-05
0.000390783
-4.18385e-06
-6.98888e-05
0.000407958
1.78917e-05
-6.69776e-05
0.000430494
5.07365e-05
-6.03785e-05
0.000460522
9.87261e-05
-5.05021e-05
0.000500939
0.000167639
-3.779e-05
0.000552622
0.000260749
-2.47002e-05
0.000615747
0.000382836
-1.42649e-05
0.000693026
0.000539915
-9.50241e-06
0.000787403
0.000661942
-8.70759e-06
0.000778518
-5.96262e-05
0.000116125
0.000670329
-5.44276e-05
9.23389e-05
0.000653452
-4.96105e-05
6.70097e-05
0.000639585
-4.57204e-05
4.14508e-05
0.000627268
-4.27851e-05
1.60025e-05
0.000615931
-4.00709e-05
-8.51477e-06
0.000605645
-3.70453e-05
-3.14564e-05
0.00059654
-3.3262e-05
-5.21652e-05
0.000588776
-2.84083e-05
-7.00011e-05
0.000582428
-2.21912e-05
-8.45166e-05
0.000577506
-1.41759e-05
-9.5305e-05
0.00057403
-3.4096e-06
-0.000102061
0.00057211
1.14466e-05
-0.000104597
0.00057214
3.31977e-05
-0.000102485
0.000575073
6.47718e-05
-9.5723e-05
0.000582104
0.000111106
-8.37952e-05
0.00059656
0.000176632
-6.7852e-05
0.000622313
0.000266136
-4.89767e-05
0.000660057
0.000381657
-3.07184e-05
0.000709976
0.000520633
-2.08839e-05
0.000776697
0.000605224
-1.08256e-05
0.000729849
-4.639e-05
0.000208066
0.000982986
-4.40741e-05
0.000168463
0.000963362
-3.92688e-05
0.000128257
0.000946372
-3.48126e-05
8.86715e-05
0.000929529
-3.09379e-05
5.09978e-05
0.000911974
-2.78804e-05
1.55905e-05
0.000893599
-2.49769e-05
-1.69901e-05
0.000874784
-2.18663e-05
-4.66169e-05
0.000855945
-1.83164e-05
-7.28321e-05
0.00083732
-1.3859e-05
-9.53106e-05
0.000819141
-8.40475e-06
-0.000113738
0.000801324
-1.13376e-06
-0.000127824
0.000783995
8.53442e-06
-0.000137425
0.000766561
2.24248e-05
-0.00014193
0.000749155
4.2103e-05
-0.000141576
0.000731818
7.16189e-05
-0.000135037
0.000715088
0.000113149
-0.000123781
0.000701541
0.000174248
-0.000105208
0.00069372
0.000254428
-8.53178e-05
0.00069755
0.000360513
-5.85747e-05
0.000711154
0.000480191
-3.62377e-05
0.000748237
0.000498218
-8.55764e-06
0.000632304
-2.59871e-05
0.00034701
0.00132301
-2.94464e-05
0.000289242
0.00130331
-2.77222e-05
0.000229015
0.00128437
-2.36413e-05
0.000170197
0.00126451
-2.02193e-05
0.000114901
0.00124133
-1.69109e-05
6.38511e-05
0.00121589
-1.4447e-05
1.76386e-05
0.00118772
-1.19333e-05
-2.42579e-05
0.00115841
-9.39492e-06
-6.12802e-05
0.00112809
-6.54861e-06
-9.37674e-05
0.00109715
-3.1138e-06
-0.000121224
0.00106618
1.31722e-06
-0.000143811
0.0010348
7.02727e-06
-0.000161542
0.00100309
1.53566e-05
-0.000173533
0.000969998
2.66175e-05
-0.000181064
0.000934409
4.44034e-05
-0.000180434
0.000896163
6.90278e-05
-0.000176897
0.000851641
0.000106717
-0.000158826
0.000802985
0.000158672
-0.000143019
0.000749974
0.000223539
-0.000105971
0.000683114
0.000312028
-7.38777e-05
0.000640768
0.000379017
-2.42763e-05
0.000658682
0.000316875
9.08883e-05
0.000417297
-1.00945e-06
0.000478733
0.00148555
-1.1123e-05
0.000414528
0.00147634
-1.25147e-05
0.00033954
0.00146498
-1.14772e-05
0.000263979
0.00144373
-8.7959e-06
0.000193281
0.00141926
-7.00592e-06
0.00012839
0.00138742
-5.05116e-06
7.08486e-05
0.00135366
-3.74932e-06
1.87128e-05
0.00131548
-2.34004e-06
-2.62129e-05
0.00127593
-8.36617e-07
-6.64351e-05
0.00123544
7.03773e-07
-9.99464e-05
0.00119325
3.04366e-06
-0.000128729
0.00115121
5.56663e-06
-0.000151925
0.00110664
9.54449e-06
-0.000168847
0.00106172
1.46246e-05
-0.000182696
0.00101202
2.26973e-05
-0.000185555
0.000957224
3.38844e-05
-0.000190221
0.000895223
5.07441e-05
-0.000173049
0.00081676
7.45497e-05
-0.000166549
0.000727035
0.000107632
-0.00012162
0.000612746
0.000145592
-9.40819e-05
0.000483602
0.000193495
-1.72209e-05
0.000338902
0.000221239
0.000109769
0.000273008
9.4082e-05
0.000302818
2.32664e-05
-9.29208e-05
-0.000483081
-0.000129115
2.09143e-05
-0.000517176
-0.000111565
1.92036e-05
-0.000452568
2.88636e-05
-5.7777e-05
-0.000433435
2.27944e-05
-7.90564e-05
-0.000411212
2.0427e-05
-9.55951e-05
-0.000379416
-0.000159119
2.23084e-05
-0.000535683
-0.000141525
1.89149e-05
-0.0004787
-0.000123286
1.87473e-05
-0.000413386
-0.000106442
2.1479e-05
-0.00033948
3.63672e-05
-3.11025e-05
-0.000369261
2.89819e-05
-5.05981e-05
-0.00035485
2.47517e-05
-6.81138e-05
-0.000330486
2.40093e-05
-8.19724e-05
-0.000297119
2.62951e-05
-9.10309e-05
-0.000256112
4.3684e-05
-1.75862e-05
-0.000292744
3.61897e-05
-3.15405e-05
-0.000284731
3.07501e-05
-4.5833e-05
-0.000267008
2.82721e-05
-5.87569e-05
-0.00023989
2.88744e-05
-6.87952e-05
-0.000204348
3.19916e-05
-7.45682e-05
-0.000161848
4.85439e-05
-1.70118e-05
-0.000206671
4.22342e-05
-2.32154e-05
-0.000202875
3.66771e-05
-3.09719e-05
-0.000190129
3.30971e-05
-3.91638e-05
-0.000168234
3.20979e-05
-4.62654e-05
-0.000137627
3.36263e-05
-5.07153e-05
-9.93898e-05
3.70235e-05
-5.11848e-05
-5.5142e-05
4.92308e-05
-2.16364e-05
-0.000114202
4.49673e-05
-1.98897e-05
-0.000111839
4.03704e-05
-1.95021e-05
-0.000101716
3.66485e-05
-2.01702e-05
-8.31929e-05
3.46264e-05
-2.09536e-05
-5.62885e-05
3.46651e-05
-2.05209e-05
-2.16318e-05
3.6538e-05
-1.74829e-05
1.94721e-05
3.96366e-05
-1.0638e-05
6.52282e-05
-0.000177508
2.72709e-05
-0.000539153
-0.000163318
2.18817e-05
-0.00048994
-0.000145911
1.98028e-05
-0.000432499
-0.000128097
2.09883e-05
-0.000366969
-0.000111235
2.48678e-05
-0.00029279
-9.4624e-05
3.04511e-05
-0.000208933
-7.51934e-05
3.64202e-05
-0.000114001
-4.67249e-05
4.11906e-05
-6.71821e-06
8.23699e-07
4.29686e-05
0.000113682
-0.00018167
3.44984e-05
-0.000526018
-0.000173351
2.7238e-05
-0.000485589
-0.000159528
2.29586e-05
-0.000436567
-0.000143211
2.20484e-05
-0.000379353
-0.000126504
2.42538e-05
-0.000314157
-0.000110029
2.88627e-05
-0.000240355
-9.24626e-05
3.47699e-05
-0.000156852
-7.02181e-05
4.0619e-05
-6.23633e-05
-3.68518e-05
4.47728e-05
4.4151e-05
1.71737e-05
4.5565e-05
0.000163162
4.51246e-05
-1.78146e-05
4.29144e-05
-4.41947e-06
-1.40491e-05
3.98618e-05
3.77384e-06
-3.76209e-06
3.68509e-05
1.13917e-05
1.37854e-05
3.46167e-05
1.86743e-05
3.88597e-05
3.37024e-05
2.63423e-05
7.11741e-05
3.41651e-05
3.5482e-05
0.000109797
3.58133e-05
4.71872e-05
0.000153209
3.8014e-05
6.23285e-05
0.000199563
4.01864e-05
8.13404e-05
0.000247159
4.15742e-05
0.000104277
0.000294548
3.58352e-05
8.80827e-05
3.41663e-05
7.13215e-05
0.00010148
3.22402e-05
8.55721e-05
0.000120755
3.0419e-05
9.99745e-05
0.000146282
2.92392e-05
0.000114757
0.000178009
2.87611e-05
0.000130401
0.000215316
2.91685e-05
0.000147608
0.000257125
2.99926e-05
0.000166927
0.000301797
3.11778e-05
0.000188814
0.000347877
3.20089e-05
0.000213233
0.000393889
3.27056e-05
0.000240158
0.00043891
2.40216e-05
0.00021162
2.29318e-05
0.000255678
0.000235087
2.17033e-05
0.000273115
0.00026335
2.06803e-05
0.000291283
0.000296421
1.98425e-05
0.000310127
0.00033406
1.95171e-05
0.000330156
0.000375401
1.9348e-05
0.000351164
0.000419462
1.9658e-05
0.000373745
0.00046502
1.97231e-05
0.000397114
0.000510682
2.02185e-05
0.000422196
0.000555605
1.99417e-05
0.000447373
0.000598386
-0.000171967
4.16936e-05
-0.000494635
-0.00017055
3.33794e-05
-0.00046276
-0.000162119
2.70246e-05
-0.000422435
-0.000149373
2.36755e-05
-0.000374466
-0.000134629
2.36008e-05
-0.00031869
-0.000119254
2.64582e-05
-0.000254792
-0.000103231
3.14234e-05
-0.000182387
-8.46908e-05
3.73663e-05
-0.000100463
-5.96024e-05
4.28839e-05
-7.84407e-06
-2.15843e-05
4.64306e-05
9.63703e-05
3.82612e-05
4.6444e-05
0.000212567
0.000130696
4.18781e-05
0.000340755
0.000268716
3.2396e-05
0.000481498
0.00047327
2.02525e-05
0.000638203
-0.000151768
4.62131e-05
-0.000439299
-0.000156209
3.83757e-05
-0.000417449
-0.000153756
3.0714e-05
-0.000386347
-0.000145846
2.49903e-05
-0.000347369
-0.000134497
2.21929e-05
-0.00030128
-0.000121398
2.25276e-05
-0.000248169
-0.000107266
2.56344e-05
-0.000187329
-9.14574e-05
3.0682e-05
-0.00011796
-7.16786e-05
3.65251e-05
-3.93489e-05
-4.37206e-05
4.18285e-05
4.95681e-05
-1.37449e-06
4.51212e-05
0.000149667
6.3431e-05
4.50324e-05
0.000261444
0.000159837
4.05313e-05
0.000384985
0.000298792
3.19187e-05
0.000521092
0.000499119
1.99696e-05
0.000673384
-0.000126972
4.61815e-05
-0.000350928
-0.00013426
4.05394e-05
-0.000340548
-0.000136438
3.29189e-05
-0.000320271
-0.000133461
2.54837e-05
-0.000291673
-0.000126344
1.99055e-05
-0.000255863
-0.00011642
1.71257e-05
-0.00021347
-0.000104729
1.73563e-05
-0.000164567
-9.14222e-05
2.02621e-05
-0.000108653
-7.54043e-05
2.51227e-05
-4.46982e-05
-5.41093e-05
3.08985e-05
2.8238e-05
-2.32964e-05
3.63108e-05
0.000111049
2.29324e-05
4.00163e-05
0.000204714
9.17874e-05
4.06911e-05
0.000309823
0.000190879
3.76007e-05
0.000426804
0.000329313
3.02462e-05
0.000556067
0.000524157
1.99167e-05
0.000701594
-0.000104069
4.20139e-05
-0.000221765
-0.000110365
3.9331e-05
-0.000222927
-0.000114325
3.29403e-05
-0.000214294
-0.000114828
2.4831e-05
-0.000197234
-0.000111597
1.69694e-05
-0.000172985
-0.000105196
1.0909e-05
-0.000142448
-9.63983e-05
7.52896e-06
-0.000106047
-8.56369e-05
7.08735e-06
-6.37732e-05
-7.26307e-05
9.34793e-06
-1.51265e-05
-5.59744e-05
1.37713e-05
4.08468e-05
-3.2966e-05
1.9563e-05
0.000105186
5.83571e-07
2.56399e-05
0.000178789
5.0169e-05
3.0644e-05
0.000262799
0.000122126
3.3398e-05
0.000358202
0.000222663
3.26889e-05
0.000465556
0.000359359
2.8143e-05
0.000585317
0.000547552
1.92919e-05
0.000720737
-8.70526e-05
3.86481e-05
-5.01856e-05
-8.96673e-05
3.74972e-05
-6.06909e-05
-9.2424e-05
3.20853e-05
-6.24828e-05
-9.38852e-05
2.37104e-05
-5.66653e-05
-9.30631e-05
1.40866e-05
-4.42341e-05
-8.96038e-05
4.93101e-06
-2.60343e-05
-8.3634e-05
-2.39713e-06
-2.69283e-06
-7.54676e-05
-7.08192e-06
2.55002e-05
-6.51142e-05
-8.80187e-06
5.86298e-05
-5.19573e-05
-7.62579e-06
9.71931e-05
-3.44436e-05
-3.88069e-06
0.000142101
-9.70418e-06
1.93004e-06
0.000194632
2.62762e-05
9.06283e-06
0.000255691
7.86043e-05
1.63723e-05
0.00032614
0.000152604
2.22618e-05
0.000407534
0.000253603
2.53872e-05
0.000501419
0.000387551
2.41291e-05
0.000607644
0.000567241
1.81176e-05
0.000728108
1.15274e-05
0.000307936
1.0624e-05
0.000556049
0.000337038
9.86252e-06
0.000572325
0.000369072
9.02198e-06
0.000588485
0.000404063
8.53907e-06
0.000604799
0.000441485
7.98025e-06
0.000620756
0.000480873
7.96958e-06
0.000636939
0.000521487
7.6721e-06
0.000652724
0.000562642
8.0962e-06
0.000668667
0.000603469
7.84644e-06
0.000684037
0.000643155
8.29469e-06
0.00069819
0.000680077
8.33754e-06
0.000711957
0.000713701
9.10969e-06
0.000723453
0.000740279
9.0891e-06
0.000733429
0.000758659
9.58584e-06
0.000737532
0.000764034
9.53827e-06
0.000737504
0.000755361
-7.57819e-05
4.52289e-05
0.000160616
-7.44766e-05
4.22386e-05
0.000143619
-7.42814e-05
3.5402e-05
0.000134122
-7.45079e-05
2.54442e-05
0.000130759
-7.41165e-05
1.3576e-05
0.000132731
-7.22429e-05
1.18494e-06
0.000139418
-6.84346e-05
-1.0323e-05
0.0001503
-6.25542e-05
-1.98189e-05
0.000164991
-5.46071e-05
-2.65659e-05
0.000183269
-4.42717e-05
-3.01598e-05
0.000205218
-3.07897e-05
-3.05059e-05
0.000231198
-1.23921e-05
-2.76413e-05
0.000262009
1.3685e-05
-2.18131e-05
0.000298839
5.16226e-05
-1.33692e-05
0.000343457
0.000105803
-3.17421e-06
0.000396608
0.000181145
7.33346e-06
0.00045906
0.000281447
1.53286e-05
0.000533579
0.000411892
1.91157e-05
0.000621073
0.0005821
1.67365e-05
0.000722145
0.000724485
1.05704e-05
0.000726254
-6.68541e-05
7.29953e-05
0.000406718
-6.35894e-05
6.3678e-05
0.00038523
-6.07187e-05
5.12803e-05
0.000370498
-5.87154e-05
3.66127e-05
0.000360557
-5.72779e-05
2.02895e-05
0.00035431
-5.55278e-05
3.36436e-06
0.000351245
-5.27979e-05
-1.31106e-05
0.000351096
-4.86005e-05
-2.80735e-05
0.000353595
-4.26905e-05
-4.06423e-05
0.000358531
-3.48152e-05
-5.01732e-05
0.000365721
-2.45401e-05
-5.6241e-05
0.000375106
-1.08278e-05
-5.85555e-05
0.000386868
8.01285e-06
-5.69821e-05
0.000401397
3.49638e-05
-5.13444e-05
0.000419693
7.35569e-05
-4.189e-05
0.000443125
0.000128588
-2.89087e-05
0.000474576
0.000203947
-1.3847e-05
0.000514454
0.00030334
5.99747e-07
0.000563678
0.000429354
1.04732e-05
0.000625353
0.000586343
1.28304e-05
0.000700155
0.000699279
1.22639e-05
0.000672199
-5.48529e-05
0.00013224
0.000685687
-5.37146e-05
0.000112308
0.000660001
-4.99502e-05
8.9813e-05
0.000641331
-4.63539e-05
6.58899e-05
0.000626688
-4.33578e-05
4.14564e-05
0.000614234
-4.09159e-05
1.71664e-05
0.000603286
-3.83023e-05
-6.18792e-06
0.000593702
-3.50076e-05
-2.79468e-05
0.000585463
-3.06615e-05
-4.73658e-05
0.000578486
-2.48452e-05
-6.37917e-05
0.00057269
-1.73467e-05
-7.66908e-05
0.000567834
-7.33081e-06
-8.56234e-05
0.000563789
6.05026e-06
-9.02538e-05
0.000560251
2.49286e-05
-9.01263e-05
0.000557277
5.15447e-05
-8.50763e-05
0.000554984
9.00488e-05
-7.4472e-05
0.000554351
0.000143486
-5.91783e-05
0.000557548
0.00021827
-3.89541e-05
0.000568269
0.000314612
-1.82788e-05
0.000587433
0.000435344
6.68214e-07
0.000613592
0.000578906
1.34882e-05
0.000653668
0.000633936
3.29591e-05
0.000561172
-3.50098e-05
0.000230802
0.000996012
-4.05663e-05
0.000197445
0.000965124
-3.93425e-05
0.000160377
0.000942862
-3.54627e-05
0.000122476
0.000924389
-3.18262e-05
8.52667e-05
0.000906868
-2.84818e-05
4.97022e-05
0.000889433
-2.57244e-05
1.62546e-05
0.000871632
-2.27962e-05
-1.46951e-05
0.000853725
-1.95016e-05
-4.26551e-05
0.000835875
-1.54061e-05
-6.72964e-05
0.000818164
-1.02043e-05
-8.81029e-05
0.000800597
-3.40449e-06
-0.00010478
0.000783002
5.59684e-06
-0.00011693
0.00076493
1.82253e-05
-0.000124045
0.000745807
3.55903e-05
-0.000126172
0.000724779
6.11605e-05
-0.000121876
0.0007019
9.66995e-05
-0.00011252
0.000676155
0.000147928
-9.49709e-05
0.000650093
0.000217448
-7.54133e-05
0.000625039
0.000308391
-4.58025e-05
0.000599925
0.000421483
-1.73818e-05
0.000582843
0.000526808
1.78102e-05
0.000574078
0.000505238
6.68122e-05
0.000377128
-2.53123e-06
0.000368773
0.00133153
-2.14064e-05
0.00032572
0.00129682
-2.53467e-05
0.000272177
0.00127298
-2.4204e-05
0.000215774
0.00125152
-2.07512e-05
0.000160949
0.00123042
-1.77555e-05
0.000108983
0.00120695
-1.48475e-05
6.12091e-05
0.00118211
-1.25013e-05
1.72675e-05
0.00115495
-1.00339e-05
-2.1865e-05
0.00112669
-7.27893e-06
-5.69265e-05
0.00109769
-4.13094e-06
-8.71787e-05
0.00106794
2.46023e-07
-0.000112843
0.00103801
5.5003e-06
-0.000133581
0.00100691
1.32386e-05
-0.000148802
0.000974665
2.36612e-05
-0.000159324
0.000939222
3.94861e-05
-0.000162128
0.000899314
6.12909e-05
-0.000161438
0.000853298
9.47628e-05
-0.000147452
0.000796248
0.000139623
-0.000135523
0.000730415
0.000203226
-9.9094e-05
0.000647503
0.000273457
-7.32744e-05
0.000554646
0.000362947
-1.86399e-05
0.000465678
0.000450703
9.48462e-05
0.000425259
0.000301413
0.000209966
3.04968e-05
0.000475439
0.00145826
1.45068e-06
0.000447366
0.00145126
-8.99482e-06
0.000388282
0.00143659
-1.02612e-05
0.000317387
0.00142183
-9.65769e-06
0.000247638
0.00139903
-7.13752e-06
0.000180903
0.00137389
-5.69218e-06
0.000121312
0.00134265
-3.81699e-06
6.64197e-05
0.00130977
-2.70455e-06
1.88445e-05
0.00127313
-1.18993e-06
-2.46563e-05
0.00123534
3.08578e-07
-6.11682e-05
0.00119635
2.45657e-06
-9.35867e-05
0.00115565
5.02695e-06
-0.000119771
0.00111403
8.68289e-06
-0.000140675
0.00106978
1.35123e-05
-0.000157228
0.00102274
2.12062e-05
-0.000164753
0.00097001
3.10313e-05
-0.000171746
0.000907718
4.76482e-05
-0.000160819
0.000835344
6.85163e-05
-0.000157831
0.000739527
9.95262e-05
-0.00011869
0.000624579
0.00013733
-0.000101577
0.000482911
0.00017824
-2.24554e-05
0.000310596
0.000225664
5.48777e-05
0.000168129
0.000107502
0.000468324
-0.000135775
2.58647e-05
-0.000542243
2.9244e-05
-9.28803e-05
-0.000503774
2.26723e-05
-0.000115956
-0.000478568
-0.000172906
2.60861e-05
-0.000564454
-0.000152827
2.16039e-05
-0.000508275
-0.00013178
2.01518e-05
-0.000443799
3.5632e-05
-5.28683e-05
-0.000449179
2.71161e-05
-7.75828e-05
-0.000433043
2.23835e-05
-9.78968e-05
-0.000406542
2.16798e-05
-0.000112473
-0.000371056
-0.000197632
2.99396e-05
-0.00057141
-0.000181205
2.39593e-05
-0.00052284
-0.000160855
2.10422e-05
-0.000466051
-0.000140027
2.13416e-05
-0.00040132
-0.000120609
2.44584e-05
-0.00032827
4.35142e-05
-2.41442e-05
-0.000380086
3.40702e-05
-4.54844e-05
-0.000372255
2.74749e-05
-6.5739e-05
-0.00035395
2.45973e-05
-8.28911e-05
-0.000325893
2.54962e-05
-9.54435e-05
-0.000289328
2.95045e-05
-0.000102389
-0.00024586
5.05956e-05
-1.17291e-05
-0.000299226
4.16935e-05
-2.58779e-05
-0.000297866
3.42136e-05
-4.14008e-05
-0.0002867
2.95612e-05
-5.6609e-05
-0.00026562
2.83609e-05
-6.95621e-05
-0.000235386
3.05091e-05
-7.86383e-05
-0.000197161
3.52279e-05
-8.2621e-05
-0.000152625
5.44996e-05
-1.45226e-05
-0.000210217
4.75729e-05
-1.98622e-05
-0.00021263
4.05549e-05
-2.75721e-05
-0.000206459
3.50903e-05
-3.66854e-05
-0.000191049
3.22082e-05
-4.57055e-05
-0.000166376
3.23496e-05
-5.28621e-05
-0.000133164
3.52356e-05
-5.65277e-05
-9.27444e-05
4.00975e-05
-5.53706e-05
-4.69572e-05
5.37577e-05
-0.000116552
4.95005e-05
-2.09041e-05
-0.000119774
4.41048e-05
-1.97638e-05
-0.00011582
3.90131e-05
-2.0337e-05
-0.000103711
3.53825e-05
-2.19276e-05
-8.29848e-05
3.39775e-05
-2.32703e-05
-5.38142e-05
3.49501e-05
-2.28079e-05
-1.70918e-05
3.80109e-05
-1.89899e-05
2.56264e-05
4.23382e-05
-1.05473e-05
7.22751e-05
-0.000206579
3.68927e-05
-0.000563799
-0.00019674
2.92977e-05
-0.00052318
-0.000180221
2.46312e-05
-0.000474075
-0.000160802
2.33057e-05
-0.000417225
-0.000141118
2.51303e-05
-0.000352618
-0.000122207
2.94775e-05
-0.000279638
-0.000103186
3.52959e-05
-0.000197085
-8.06913e-05
4.12514e-05
-0.000103589
-4.8458e-05
4.57317e-05
2.12492e-06
3.27857e-06
4.70295e-05
0.000120734
-0.00019945
4.52564e-05
-0.000540561
-0.000197673
3.65252e-05
-0.000508182
-0.000187322
3.00293e-05
-0.000467456
-0.000171749
2.67184e-05
-0.000418862
-0.00015393
2.67568e-05
-0.000362555
-0.000135758
2.97768e-05
-0.000298567
-0.000117554
3.49523e-05
-0.000226214
-9.77442e-05
4.11592e-05
-0.000144339
-7.24734e-05
4.69785e-05
-5.16979e-05
-3.53791e-05
5.08317e-05
5.26791e-05
2.28071e-05
5.10143e-05
0.000169176
4.62963e-05
-2.22876e-05
4.29206e-05
-1.54264e-06
-1.7487e-05
3.91087e-05
6.55883e-06
-5.79761e-06
3.57393e-05
1.37432e-05
1.33963e-05
3.36557e-05
2.05048e-05
4.02807e-05
3.31924e-05
2.78936e-05
7.43312e-05
3.44712e-05
3.72554e-05
0.000114427
3.69942e-05
4.97955e-05
0.00015874
4.03071e-05
6.64908e-05
0.000205284
4.35266e-05
8.78207e-05
0.000252098
4.63665e-05
0.000113822
0.000297761
3.63233e-05
8.58681e-05
3.40084e-05
7.57402e-05
0.000100235
3.15735e-05
9.01522e-05
0.000120707
2.96488e-05
0.000104473
0.000147598
2.85169e-05
0.000119048
0.000180688
2.85252e-05
0.000134731
0.000219185
2.9366e-05
0.000152313
0.000261721
3.10526e-05
0.000172613
0.000306604
3.28414e-05
0.000195982
0.00035201
3.48865e-05
0.000222767
0.000396613
3.63465e-05
0.00025244
0.000438781
2.41595e-05
0.000211997
2.26813e-05
0.000259833
0.000236312
2.13672e-05
0.00027756
0.000265568
2.0194e-05
0.00029575
0.000299627
1.96472e-05
0.000314935
0.000338172
1.93809e-05
0.000335102
0.000380062
1.98368e-05
0.000357059
0.000424281
2.02741e-05
0.000380452
0.00046908
2.1332e-05
0.000406169
0.000513473
2.19437e-05
0.000432973
0.000555908
2.32532e-05
0.000461448
0.000595249
-0.000178846
5.20511e-05
-0.000499747
-0.000184894
4.36135e-05
-0.000476184
-0.000181741
3.58794e-05
-0.00044363
-0.000171721
3.04967e-05
-0.000403381
-0.000157581
2.82985e-05
-0.00035608
-0.000141577
2.93599e-05
-0.000301412
-0.000124889
3.31827e-05
-0.000238928
-0.000107132
3.88693e-05
-0.000168216
-8.62173e-05
4.52233e-05
-8.82639e-05
-5.8011e-05
5.08372e-05
2.0399e-06
-1.61632e-05
5.41243e-05
0.000103479
4.78399e-05
5.36035e-05
0.000216433
0.000144058
4.80981e-05
0.000340832
0.00028495
3.80178e-05
0.000477575
0.00049107
2.43919e-05
0.000630198
-0.000150441
5.4502e-05
-0.000434945
-0.000161562
4.8284e-05
-0.000421905
-0.000164976
4.05821e-05
-0.000398779
-0.000161181
3.36272e-05
-0.000367264
-0.000151937
2.90228e-05
-0.000328605
-0.000139356
2.75231e-05
-0.000283339
-0.000124993
2.91589e-05
-0.00023143
-0.000109372
3.34255e-05
-0.000172123
-9.15561e-05
3.9389e-05
-0.000104672
-6.90937e-05
4.58729e-05
-2.84089e-05
-3.7704e-05
5.14764e-05
5.76205e-05
8.71024e-06
5.47136e-05
0.000154208
7.78354e-05
5.41409e-05
0.000261786
0.00017809
4.90751e-05
0.000380619
0.000319741
3.92195e-05
0.000511414
0.000521969
2.64858e-05
0.000658196
-0.000121531
5.10996e-05
-0.000337173
-0.000133346
4.87795e-05
-0.000336186
-0.000140552
4.27523e-05
-0.000324155
-0.000142011
3.53759e-05
-0.00030298
-0.00013799
2.87454e-05
-0.00027412
-0.000129677
2.43864e-05
-0.000238642
-0.00011846
2.30287e-05
-0.00019708
-0.000105279
2.47091e-05
-0.000149371
-9.00706e-05
2.89823e-05
-9.50731e-05
-7.15925e-05
3.50736e-05
-3.32552e-05
-4.70998e-05
4.18147e-05
3.68679e-05
-1.23383e-05
4.79076e-05
0.000116079
3.84328e-05
5.18632e-05
0.000205278
0.000111943
5.2476e-05
0.000305131
0.000215013
4.86792e-05
0.000416021
0.000356235
4.05788e-05
0.000538529
0.000553003
2.82928e-05
0.000676939
-9.82372e-05
4.37311e-05
-0.000200032
-0.000106677
4.52523e-05
-0.000210676
-0.000113907
4.18807e-05
-0.000210385
-0.000118006
3.52866e-05
-0.000200628
-0.000117956
2.75159e-05
-0.000182888
-0.000113813
2.05414e-05
-0.000158408
-0.000106217
1.57586e-05
-0.000128095
-9.59496e-05
1.38881e-05
-9.23658e-05
-8.336e-05
1.504e-05
-5.12194e-05
-6.79935e-05
1.89083e-05
-4.22728e-06
-4.82549e-05
2.48992e-05
4.9322e-05
-2.13622e-05
3.2182e-05
0.000110302
1.68623e-05
3.94522e-05
0.000179395
7.17388e-05
4.52943e-05
0.000257768
0.000148829
4.82821e-05
0.000346384
0.000253718
4.74183e-05
0.000446166
0.000393415
4.15715e-05
0.000557174
0.000583428
3.14282e-05
0.000682709
-8.26379e-05
3.88987e-05
-2.29316e-05
-8.61294e-05
4.20501e-05
-4.30856e-05
-9.03284e-05
4.03363e-05
-5.28948e-05
-9.39484e-05
3.45349e-05
-5.38667e-05
-9.55521e-05
2.61371e-05
-4.72799e-05
-9.42762e-05
1.69881e-05
-3.42577e-05
-8.98907e-05
8.78074e-06
-1.5756e-05
-8.2631e-05
2.76597e-06
7.53613e-06
-7.27892e-05
-3.58114e-07
3.52387e-05
-6.02571e-05
-3.49048e-07
6.73385e-05
-4.43041e-05
2.68301e-06
0.000104144
-2.30741e-05
8.41525e-06
0.000146298
6.35802e-06
1.62629e-05
0.000194759
4.80469e-05
2.5416e-05
0.000250223
0.000106493
3.42466e-05
0.000313466
0.000186576
4.11591e-05
0.000386331
0.000292408
4.41326e-05
0.000470454
0.000429982
4.2158e-05
0.000565513
0.000612124
3.43361e-05
0.000673286
1.14857e-05
0.000311604
1.06519e-05
0.000557484
0.000341227
9.74073e-06
0.000573918
0.000373898
9.14438e-06
0.000590588
0.00040913
8.49983e-06
0.000606965
0.000446776
8.40287e-06
0.000623693
0.000485716
8.15369e-06
0.000640482
0.000525575
8.61755e-06
0.000657509
0.000565183
8.70553e-06
0.000674811
0.000603989
9.52823e-06
0.000691709
0.000640108
1.0029e-05
0.000708555
0.00067345
1.17335e-05
0.00072487
0.00070055
1.32042e-05
0.000740915
0.000719589
1.55048e-05
0.000754394
0.000726292
1.85939e-05
0.000765851
0.000717094
2.29318e-05
0.000770318
0.000686596
-7.21636e-05
4.67611e-05
0.000190905
-7.20988e-05
4.77655e-05
0.000163599
-7.25715e-05
4.45748e-05
0.000146299
-7.36627e-05
3.75898e-05
0.000136923
-7.45619e-05
2.76155e-05
0.000134004
-7.42042e-05
1.60146e-05
0.000136578
-7.18192e-05
4.2782e-06
0.000143838
-6.70371e-05
-6.19973e-06
0.000155118
-5.9796e-05
-1.43519e-05
0.000169882
-5.00082e-05
-1.94852e-05
0.000187788
-3.72934e-05
-2.12366e-05
0.000208702
-2.05735e-05
-1.94587e-05
0.000232761
2.06297e-06
-1.42041e-05
0.00026035
3.37673e-05
-5.66051e-06
0.000292326
7.8396e-05
5.54352e-06
0.000329901
0.000140068
1.84739e-05
0.000373988
0.00022234
3.0591e-05
0.000425405
0.000329084
3.93917e-05
0.000487559
0.000463912
4.24369e-05
0.000560815
0.00063613
3.92604e-05
0.000643669
0.000767368
3.18933e-05
0.000626271
-6.07849e-05
7.83342e-05
0.000438969
-6.14958e-05
7.29293e-05
0.000405248
-5.98537e-05
6.40926e-05
0.000382321
-5.83213e-05
5.21515e-05
0.000366927
-5.72292e-05
3.78554e-05
0.000356863
-5.61781e-05
2.2013e-05
0.000350923
-5.43281e-05
5.75566e-06
0.000348405
-5.10164e-05
-9.82212e-06
0.000348853
-4.58737e-05
-2.3635e-05
0.0003518
-3.85663e-05
-3.47886e-05
0.000356867
-2.88723e-05
-4.26595e-05
0.000363665
-1.6004e-05
-4.67403e-05
0.000371964
1.16283e-06
-4.67329e-05
0.000381507
2.49163e-05
-4.23119e-05
0.000392377
5.79944e-05
-3.34939e-05
0.000404848
0.000104542
-2.02685e-05
0.000419992
0.000168001
-3.84535e-06
0.00044006
0.000252732
1.47374e-05
0.000465854
0.000359555
3.04387e-05
0.000498769
0.000491794
4.07174e-05
0.000541017
0.000653621
4.63734e-05
0.00059133
0.000737843
5.46872e-05
0.000513605
-4.11361e-05
0.000141815
0.000720194
-4.89066e-05
0.00012753
0.000678805
-4.90558e-05
0.000108877
0.00065065
-4.64217e-05
8.76274e-05
0.000630552
-4.37268e-05
6.49109e-05
0.000615134
-4.12597e-05
4.15819e-05
0.000602596
-3.89927e-05
1.83435e-05
0.000592022
-3.61575e-05
-3.89806e-06
0.000583015
-3.23368e-05
-2.44392e-05
0.000575372
-2.70783e-05
-4.25025e-05
0.000568869
-2.00227e-05
-5.73725e-05
0.00056319
-1.0614e-05
-6.84912e-05
0.000557911
1.91846e-06
-7.53242e-05
0.000552538
1.91927e-05
-7.73706e-05
0.000546528
4.3012e-05
-7.42948e-05
0.000539074
7.68089e-05
-6.52428e-05
0.000530107
0.000123366
-5.07557e-05
0.000519262
0.000187616
-3.01104e-05
0.000509017
0.000272512
-6.95262e-06
0.000501879
0.000380134
1.89974e-05
0.000497361
0.000509752
3.93587e-05
0.000499453
0.000648341
6.62568e-05
0.000498837
0.000643927
9.59255e-05
0.000326558
-6.68941e-06
0.000243088
0.00103545
-2.96356e-05
0.000218798
0.000982889
-3.59281e-05
0.00018771
0.000948372
-3.54531e-05
0.00015292
0.000923667
-3.23219e-05
0.000117398
0.000903829
-2.91734e-05
8.2279e-05
0.000885709
-2.61565e-05
4.85329e-05
0.000868464
-2.34065e-05
1.67671e-05
0.000851076
-2.03272e-05
-1.24899e-05
0.000833853
-1.65092e-05
-3.88917e-05
0.000816701
-1.17151e-05
-6.1841e-05
0.000799486
-5.26131e-06
-8.0908e-05
0.000782232
3.17375e-06
-9.57003e-05
0.000764099
1.49962e-05
-0.000105499
0.000744627
3.10805e-05
-0.000110253
0.000722469
5.42675e-05
-0.000108557
0.000696678
8.61076e-05
-0.000101392
0.000665956
0.000132198
-8.55903e-05
0.000629339
0.000193297
-6.6857e-05
0.000587862
0.000277708
-3.50493e-05
0.000539804
0.000378905
-9.3352e-06
0.000486431
0.000496325
4.52346e-05
0.000422041
0.000618961
9.7926e-05
0.000374707
0.000486374
0.000192168
4.67173e-05
0.000365586
0.00137876
1.19448e-06
0.000346472
0.00131103
-1.78618e-05
0.000306888
0.00127097
-2.19809e-05
0.000256783
0.00124369
-2.13571e-05
0.000203966
0.0012202
-1.82184e-05
0.000152371
0.00119811
-1.55787e-05
0.000103649
0.0011744
-1.27683e-05
5.85767e-05
0.00114975
-1.05007e-05
1.74171e-05
0.00112346
-7.81297e-06
-1.98751e-05
0.00109626
-4.80783e-06
-5.2582e-05
0.00106821
-7.84781e-07
-8.11171e-05
0.00103945
4.30159e-06
-0.000104648
0.0010098
1.15333e-05
-0.000123174
0.000978431
2.13794e-05
-0.000136658
0.000944131
3.61403e-05
-0.00014302
0.00090518
5.61448e-05
-0.000145436
0.000858199
8.70449e-05
-0.000135257
0.000801706
0.000128475
-0.000126999
0.000727766
0.000187577
-9.21432e-05
0.000635414
0.000261604
-7.55064e-05
0.000525461
0.000338883
-1.68871e-05
0.00039225
0.000453275
4.72958e-05
0.000285618
0.000349332
0.000393395
9.15432e-05
0.000403457
0.0014517
3.14334e-05
0.000444124
0.00143007
3.15493e-06
0.000419618
0.00141677
-7.18724e-06
0.000363567
0.0013976
-8.5623e-06
0.000297945
0.00138009
-8.03356e-06
0.000231792
0.00135618
-5.81565e-06
0.000170477
0.00133054
-4.37425e-06
0.000113604
0.00129984
-2.71655e-06
6.34905e-05
0.00126785
-1.46364e-06
1.73695e-05
0.00123257
-3.47728e-08
-2.18466e-05
0.00119605
2.1274e-06
-5.76608e-05
0.0011583
4.47253e-06
-8.66068e-05
0.00111802
8.08924e-06
-0.000111417
0.00107668
1.26573e-05
-0.00013071
0.00103061
1.98616e-05
-0.000142617
0.000980746
2.94406e-05
-0.000152307
0.00092113
4.48243e-05
-0.000146705
0.00084878
6.47015e-05
-0.000146736
0.000759548
9.53607e-05
-0.000113327
0.000638803
0.000131141
-0.000103286
0.000495147
0.00018273
-3.05003e-05
0.000308226
0.000216733
2.01551e-05
0.000128585
0.000142576
0.000493877
-0.000141106
3.28797e-05
-0.000564117
-0.000185665
3.19395e-05
-0.000590345
-0.000163493
2.61684e-05
-0.000535072
3.71566e-05
-9.13533e-05
-0.000520731
2.80772e-05
-0.000119268
-0.000501423
2.31484e-05
-0.00013968
-0.000471433
-0.00021723
3.43604e-05
-0.000600341
-0.000198987
2.76517e-05
-0.000552721
-0.000175802
2.35378e-05
-0.000496714
-0.00015185
2.25095e-05
-0.000432806
4.41168e-05
-4.67834e-05
-0.000460635
3.33415e-05
-7.48186e-05
-0.000451214
2.60983e-05
-9.9108e-05
-0.000430455
2.31428e-05
-0.000117782
-0.000399778
2.44118e-05
-0.000129645
-0.000360935
-0.000231567
4.00312e-05
-0.000595961
-0.000220472
3.21607e-05
-0.000555879
-0.000201435
2.6837e-05
-0.000507421
-0.000178851
2.46183e-05
-0.000451279
-0.000155997
2.55393e-05
-0.000387522
-0.000134435
2.91243e-05
-0.000315661
5.2076e-05
-1.67564e-05
-0.000386193
4.09393e-05
-3.95231e-05
-0.000385293
3.20297e-05
-6.22795e-05
-0.000373531
2.67589e-05
-8.27889e-05
-0.00035125
2.56698e-05
-9.89764e-05
-0.000319669
2.85298e-05
-0.000109555
-0.000280183
3.44343e-05
-0.00011366
-0.000234592
5.84595e-05
-6.27906e-06
-0.000301028
4.87444e-05
-2.0027e-05
-0.000306249
3.94849e-05
-3.63708e-05
-0.000301826
3.26047e-05
-5.34712e-05
-0.000287352
2.92049e-05
-6.9219e-05
-0.00026296
2.96818e-05
-8.16712e-05
-0.000229685
3.36492e-05
-8.92051e-05
-0.000188991
4.01886e-05
-9.06779e-05
-0.000142729
6.08931e-05
-0.000209233
5.4056e-05
-1.71386e-05
-0.000217496
4.60499e-05
-2.4278e-05
-0.00021787
3.88197e-05
-3.37612e-05
-0.00020919
3.39e-05
-4.42573e-05
-0.000191015
3.21634e-05
-5.38307e-05
-0.000163594
3.37717e-05
-6.06477e-05
-0.000127866
3.83024e-05
-6.29537e-05
-8.54529e-05
4.47945e-05
-5.94005e-05
-3.84711e-05
5.477e-05
-0.000123007
4.90959e-05
-2.07323e-05
-0.000124981
4.29344e-05
-2.06657e-05
-0.000119317
3.76994e-05
-2.24687e-05
-0.00010513
3.45769e-05
-2.50448e-05
-8.21315e-05
3.41043e-05
-2.68132e-05
-5.07208e-05
3.63534e-05
-2.59311e-05
-1.20328e-05
4.07567e-05
-2.07233e-05
3.20399e-05
4.6569e-05
-9.93763e-06
7.92294e-05
-0.000227896
4.82139e-05
-0.000577845
-0.000225757
3.91942e-05
-0.000545611
-0.000213466
3.24339e-05
-0.000504838
-0.000194996
2.8734e-05
-0.000456257
-0.000173983
2.83446e-05
-0.000400387
-0.000152819
3.09746e-05
-0.000337054
-0.000132241
3.58892e-05
-0.000265544
-0.000110959
4.20036e-05
-0.000184623
-8.53669e-05
4.79299e-05
-9.28937e-05
-4.91489e-05
5.20767e-05
1.08475e-05
7.21308e-06
5.26789e-05
0.000127175
-0.000207985
5.64718e-05
-0.000545197
-0.000215277
4.73755e-05
-0.000521028
-0.000211187
3.93588e-05
-0.000488065
-0.000198842
3.39531e-05
-0.00044757
-0.000181731
3.18466e-05
-0.000399802
-0.000162691
3.30469e-05
-0.000344711
-0.000143305
3.70411e-05
-0.000282239
-0.000123507
4.29191e-05
-0.000211599
-0.000101406
4.95013e-05
-0.000131673
-7.29769e-05
5.53551e-05
-4.12554e-05
-3.17972e-05
5.88244e-05
6.05031e-05
3.10263e-05
5.83542e-05
0.000174002
4.6853e-05
-2.65966e-05
4.25452e-05
1.16248e-06
-2.06275e-05
3.81961e-05
8.80276e-06
-7.4798e-06
3.48208e-05
1.52957e-05
1.34333e-05
3.30971e-05
2.14922e-05
4.21019e-05
3.34582e-05
2.87829e-05
7.78708e-05
3.56426e-05
3.8725e-05
0.000119221
3.93761e-05
5.27305e-05
0.000164177
4.37653e-05
7.1751e-05
0.00021043
4.84285e-05
9.63608e-05
0.000256018
5.25803e-05
0.000126539
0.000299047
3.65427e-05
8.37815e-05
3.36191e-05
8.02636e-05
9.9186e-05
3.09707e-05
9.46517e-05
0.000120925
2.90036e-05
0.000108692
0.000149145
2.83042e-05
0.000123175
0.000183588
2.8728e-05
0.000139039
0.000223111
3.04616e-05
0.000157497
0.000266213
3.2769e-05
0.000179252
0.000310839
3.57675e-05
0.000205097
0.000355244
3.85465e-05
0.000234884
0.000397566
4.18339e-05
0.000268786
0.000436364
2.41158e-05
0.000212464
2.25065e-05
0.000264378
0.000237639
2.09903e-05
0.000282169
0.000267899
2.00603e-05
0.000300714
0.000302932
1.954e-05
0.000320007
0.000342228
1.98957e-05
0.00034108
0.000384548
2.04957e-05
0.000363971
0.00042842
2.18956e-05
0.000389595
0.000472376
2.31245e-05
0.000417301
0.000514727
2.51584e-05
0.000447669
0.000554057
2.71916e-05
0.000479978
0.000589178
-0.000176981
6.1257e-05
-0.000495009
-0.000191621
5.41415e-05
-0.000480215
-0.000195793
4.60324e-05
-0.00045552
-0.000190714
3.91872e-05
-0.000422788
-0.000179025
3.50671e-05
-0.000383062
-0.000163538
3.42676e-05
-0.000336806
-0.000146391
3.66867e-05
-0.000283518
-0.000128335
4.166e-05
-0.000222755
-0.000108766
4.8221e-05
-0.000154003
-8.52758e-05
5.51338e-05
-7.63782e-05
-5.35753e-05
6.09103e-05
1.11252e-05
-7.41221e-06
6.39671e-05
0.000109238
6.13889e-05
6.27318e-05
0.000218246
0.000162154
5.65008e-05
0.000338285
0.000306508
4.50842e-05
0.000470116
0.000515276
3.07607e-05
0.000617864
-0.000142478
5.99797e-05
-0.00042037
-0.000159992
5.68932e-05
-0.000416908
-0.000170177
5.04906e-05
-0.000402188
-0.000172089
4.32434e-05
-0.000378318
-0.00016665
3.73252e-05
-0.000346907
-0.000155913
3.41172e-05
-0.000308963
-0.000141974
3.4162e-05
-0.000264828
-0.000126197
3.73174e-05
-0.000214404
-0.000108801
4.2952e-05
-0.000156955
-8.86664e-05
5.00602e-05
-9.17854e-05
-6.30505e-05
5.73662e-05
-1.83479e-05
-2.76165e-05
6.34465e-05
6.41658e-05
2.36141e-05
6.66635e-05
0.000156504
9.78722e-05
6.57637e-05
0.000259169
0.000202723
5.97932e-05
0.000372335
0.000347944
4.92382e-05
0.000496953
0.000552547
3.46069e-05
0.000637249
-0.00011212
5.21562e-05
-0.000312702
-0.000127324
5.42308e-05
-0.000321977
-0.000139436
5.1192e-05
-0.000319097
-0.000146
4.50938e-05
-0.00030588
-0.000146263
3.82512e-05
-0.000284178
-0.00014079
3.27374e-05
-0.000255494
-0.000130953
2.98594e-05
-0.000220736
-0.000118174
3.01598e-05
-0.000180306
-0.000103129
3.35185e-05
-0.000134138
-8.55762e-05
3.9412e-05
-8.18286e-05
-6.40198e-05
4.69996e-05
-2.26752e-05
-3.55837e-05
5.5018e-05
4.3979e-05
4.06163e-06
6.1999e-05
0.000118744
6.04534e-05
6.64688e-05
0.000202571
0.000139587
6.69809e-05
0.000296071
0.000247554
6.28973e-05
0.000399867
0.00039235
5.35243e-05
0.000514362
0.000591806
4.04322e-05
0.000643634
-9.03075e-05
4.11694e-05
-0.00016661
-0.00010007
4.74896e-05
-0.000188328
-0.000109812
4.8218e-05
-0.00019753
-0.000117391
4.43374e-05
-0.000195993
-0.000121022
3.77278e-05
-0.00018537
-0.000119969
3.05764e-05
-0.00016723
-0.000114419
2.4749e-05
-0.00014287
-0.000105215
2.14896e-05
-0.000113112
-9.30399e-05
2.13455e-05
-7.84205e-05
-7.81057e-05
2.43352e-05
-3.87976e-05
-5.97159e-05
3.01016e-05
5.98212e-06
-3.60231e-05
3.80246e-05
5.64285e-05
-4.16834e-06
4.7177e-05
0.000113104
4.00897e-05
5.60686e-05
0.000176578
0.000101554
6.29923e-05
0.000247996
0.000185088
6.66298e-05
0.000328661
0.000295305
6.54384e-05
0.000419401
0.000439111
5.91533e-05
0.000520319
0.000632291
4.75504e-05
0.000633586
-7.63906e-05
3.50286e-05
1.75608e-05
-8.09276e-05
4.2608e-05
-1.46605e-05
-8.61971e-05
4.52086e-05
-3.43321e-05
-9.15129e-05
4.29436e-05
-4.34531e-05
-9.54479e-05
3.68485e-05
-4.36919e-05
-9.665e-05
2.86266e-05
-3.64725e-05
-9.43854e-05
2.01695e-05
-2.30801e-05
-8.85938e-05
1.31283e-05
-4.56158e-06
-7.95798e-05
8.63561e-06
1.83262e-05
-6.75332e-05
7.28838e-06
4.51264e-05
-5.22254e-05
9.28262e-06
7.5671e-05
-3.25739e-05
1.4523e-05
0.000110037
-6.53842e-06
2.26675e-05
0.000148495
2.91259e-05
3.31107e-05
0.000191706
7.80907e-05
4.47643e-05
0.000240011
0.00014448
5.5706e-05
0.000294507
0.000231926
6.36972e-05
0.00035718
0.000344402
6.72711e-05
0.000430023
0.000486763
6.473e-05
0.000512269
0.000672637
5.74333e-05
0.000602277
1.1563e-05
0.000315042
1.05742e-05
0.00055925
0.000345321
9.88975e-06
0.000576249
0.000378348
9.13612e-06
0.000593036
0.000413923
8.93157e-06
0.000610225
0.000451312
8.63506e-06
0.000627659
0.000489905
9.09011e-06
0.000645603
0.00052839
9.2962e-06
0.000664295
0.000566403
1.03819e-05
0.000683382
0.000601935
1.11272e-05
0.00070268
0.000634856
1.3354e-05
0.000722728
0.000662239
1.56981e-05
0.000743494
0.000682273
1.96251e-05
0.000764017
0.000690341
2.44621e-05
0.000784627
0.000683054
3.22561e-05
0.000802845
0.00065231
4.45919e-05
0.000817449
0.000591923
-6.44438e-05
4.42943e-05
0.000237417
-6.78769e-05
4.92074e-05
0.000195845
-6.9621e-05
5.0117e-05
0.000167824
-7.1498e-05
4.67438e-05
0.000150322
-7.341e-05
3.95843e-05
0.000141136
-7.4473e-05
2.96568e-05
0.000138657
-7.36505e-05
1.8469e-05
0.00014171
-7.02705e-05
7.53696e-06
0.000149355
-6.40855e-05
-1.74967e-06
0.000160727
-5.49844e-05
-8.37417e-06
0.000175189
-4.28434e-05
-1.16975e-05
0.00019222
-2.69418e-05
-1.13083e-05
0.000211489
-6.0019e-06
-7.04039e-06
0.000232762
2.23924e-05
1.17325e-06
0.00025604
6.13318e-05
1.2974e-05
0.000281559
0.000114827
2.77618e-05
0.000310327
0.000185686
4.37459e-05
0.000343148
0.000277418
5.83155e-05
0.000381795
0.000392012
6.78614e-05
0.000429677
0.000533721
7.18254e-05
0.000486323
0.000711423
7.27303e-05
0.00054503
0.000814856
7.29331e-05
0.000476325
-4.55286e-05
7.89504e-05
0.000491912
-5.51349e-05
7.79604e-05
0.000440166
-5.73623e-05
7.3077e-05
0.00040457
-5.70332e-05
6.45691e-05
0.000380515
-5.64635e-05
5.29617e-05
0.000364557
-5.58629e-05
3.90492e-05
0.00035443
-5.4799e-05
2.36673e-05
0.000348818
-5.23963e-05
8.08622e-06
0.000346735
-4.81463e-05
-6.50795e-06
0.000347536
-4.1615e-05
-1.9044e-05
0.000350592
-3.25229e-05
-2.86364e-05
0.000355344
-2.03109e-05
-3.46132e-05
0.000361235
-4.08098e-06
-3.64437e-05
0.000367674
1.79137e-05
-3.36391e-05
0.000374113
4.7959e-05
-2.5943e-05
0.000379879
8.94905e-05
-1.30365e-05
0.000384934
0.000145694
4.35993e-06
0.000389457
0.000220835
2.55424e-05
0.000396036
0.000316529
4.71467e-05
0.000405129
0.000435017
6.59138e-05
0.00041869
0.000576781
7.86737e-05
0.000441688
0.000741973
9.88098e-05
0.000453576
0.000750866
0.00011231
0.000294356
-9.24408e-06
0.000143393
0.000782889
-3.53981e-05
0.000136394
0.000717093
-4.4147e-05
0.000123267
0.000672634
-4.52704e-05
0.00010574
0.000642355
-4.34939e-05
8.57222e-05
0.000620913
-4.13418e-05
6.40027e-05
0.000604882
-3.91062e-05
4.1647e-05
0.000592242
-3.66604e-05
1.94763e-05
0.000581902
-3.33291e-05
-1.73759e-06
0.000573315
-2.86246e-05
-2.10495e-05
0.000566034
-2.21542e-05
-3.76623e-05
0.000559598
-1.32857e-05
-5.08504e-05
0.000553574
-1.44834e-06
-5.99808e-05
0.00054719
1.48056e-05
-6.43902e-05
0.000539748
3.69894e-05
-6.3588e-05
0.000529912
6.8043e-05
-5.65821e-05
0.000516638
0.000110376
-4.3553e-05
0.000498636
0.000168877
-2.32423e-05
0.000475715
0.000245226
1.07141e-06
0.000449065
0.00034531
3.19633e-05
0.000421311
0.000466989
5.77647e-05
0.000390872
0.000605504
9.55664e-05
0.000360965
0.000760256
0.000138413
0.000315054
0.000623714
0.000189217
5.12162e-05
0.00024111
0.00111554
-2.29609e-06
0.000230555
0.00102719
-2.53948e-05
0.000208062
0.000970071
-3.20765e-05
0.000178975
0.000932413
-3.22109e-05
0.000146262
0.000905657
-2.94822e-05
0.000112671
0.000884701
-2.66562e-05
7.93441e-05
0.000865975
-2.36562e-05
4.74484e-05
0.000848671
-2.07649e-05
1.72518e-05
0.000831598
-1.71679e-05
-1.05451e-05
0.000814862
-1.27274e-05
-3.52983e-05
0.000798078
-6.72447e-06
-5.65914e-05
0.000781109
1.26388e-06
-7.38262e-05
0.000763396
1.24086e-05
-8.6406e-05
0.000744131
2.76134e-05
-9.39189e-05
0.000722058
4.9329e-05
-9.51456e-05
0.00069587
7.90035e-05
-9.06673e-05
0.000663094
0.000121676
-7.7389e-05
0.000623123
0.000178838
-6.00812e-05
0.000572201
0.000257349
-2.89012e-05
0.000511942
0.000356322
-5.24159e-06
0.000440992
0.000474143
5.59935e-05
0.000340412
0.000611799
9.12596e-05
0.000270183
0.000553488
0.000362719
0.000141065
0.000323314
0.00150294
4.80912e-05
0.000343807
0.00136477
3.76893e-06
0.000326637
0.00129067
-1.49158e-05
0.000289412
0.00124607
-1.92337e-05
0.000242722
0.00121561
-1.87963e-05
0.000192903
0.00119044
-1.59615e-05
0.000144731
0.00116718
-1.33547e-05
9.84727e-05
0.00114348
-1.0649e-05
5.60322e-05
0.00111907
-8.1297e-06
1.69089e-05
0.00109334
-5.21997e-06
-1.78607e-05
0.00106673
-1.41722e-06
-4.88853e-05
0.00103953
3.35165e-06
-7.51054e-05
0.00101103
1.02674e-05
-9.67645e-05
0.000981217
1.95877e-05
-0.000113233
0.000948075
3.35041e-05
-0.000123239
0.000910708
5.25484e-05
-0.000128719
0.000865355
8.16741e-05
-0.000122834
0.000808927
0.000120554
-0.000117606
0.000736461
0.000178684
-8.66763e-05
0.000638975
0.000250583
-7.76463e-05
0.000518111
0.000331245
-1.4365e-05
0.000374425
0.000443835
1.10121e-05
0.000201431
0.000380416
0.000441174
0.000174181
0.000240815
0.00141001
8.81735e-05
0.000377415
0.00143023
3.14197e-05
0.000417011
0.00140126
4.42036e-06
0.000393476
0.00138244
-5.8984e-06
0.000341845
0.00135959
-7.04301e-06
0.000279263
0.00133966
-6.78147e-06
0.000218556
0.00131488
-4.48076e-06
0.000159522
0.0012891
-3.23025e-06
0.000107789
0.00125877
-1.4152e-06
5.90323e-05
0.0012276
-2.4045e-07
1.76561e-05
0.00119331
1.90492e-06
-2.12614e-05
0.00115775
4.17823e-06
-5.27536e-05
0.00112027
7.56793e-06
-8.12571e-05
0.00108029
1.20226e-05
-0.000103169
0.00103712
1.88197e-05
-0.000119454
0.000988623
2.81098e-05
-0.000131631
0.000931961
4.29425e-05
-0.000131762
0.000863245
6.18931e-05
-0.000133883
0.000774033
9.29903e-05
-0.000108467
0.000661698
0.000128004
-0.000103067
0.00051058
0.000181261
-3.47283e-05
0.000318114
0.000223817
-1.28081e-05
0.000117372
0.000162835
0.000459627
-0.000144313
4.1622e-05
-0.000582527
-0.000196623
3.96034e-05
-0.000613285
-0.000172815
3.24982e-05
-0.000559215
-0.000235324
4.05503e-05
-0.000626644
-0.000216023
3.30498e-05
-0.000580189
-0.000190267
2.75271e-05
-0.000524986
4.66265e-05
-8.78676e-05
-0.000533556
3.5211e-05
-0.000120859
-0.00052101
2.77673e-05
-0.000146416
-0.000496355
2.48825e-05
-0.00016315
-0.000461873
-0.000255514
4.44767e-05
-0.000624704
-0.000243864
3.64626e-05
-0.00058576
-0.000222723
3.02741e-05
-0.000538169
-0.000197083
2.67823e-05
-0.000482755
-0.000170879
2.63544e-05
-0.000419866
5.39541e-05
-3.92657e-05
-0.000467541
4.12135e-05
-7.04538e-05
-0.000465275
3.14899e-05
-9.88661e-05
-0.000450916
2.60566e-05
-0.000121943
-0.000425591
2.52781e-05
-0.000137993
-0.000391039
2.87726e-05
-0.000146419
-0.000349194
-0.000256065
5.13581e-05
-0.00060968
-0.000253956
4.24358e-05
-0.000578037
-0.000240037
3.53611e-05
-0.000537833
-0.000218851
3.09552e-05
-0.000489903
-0.00019462
2.96428e-05
-0.000434745
-0.000170299
3.13606e-05
-0.000372278
-0.000147097
3.55469e-05
-0.000301917
6.15647e-05
-8.99951e-06
-0.000387608
4.93041e-05
-3.24956e-05
-0.00039378
3.82843e-05
-5.74746e-05
-0.000388898
3.05477e-05
-8.12261e-05
-0.000373037
2.71077e-05
-0.00010128
-0.000346849
2.81799e-05
-0.000115873
-0.000311849
3.32242e-05
-0.000123651
-0.000269767
4.12126e-05
-0.00012412
-0.000222456
6.66698e-05
-0.000298277
5.69216e-05
-1.41806e-05
-0.00030974
4.63524e-05
-3.07431e-05
-0.000312179
3.73547e-05
-4.92782e-05
-0.000304554
3.161e-05
-6.76502e-05
-0.000286631
2.99522e-05
-8.34459e-05
-0.000258974
3.24319e-05
-9.47287e-05
-0.000222822
3.8477e-05
-9.99644e-05
-0.000179879
4.69855e-05
-9.8013e-05
-0.000132274
6.11891e-05
-0.000217617
5.28137e-05
-2.12483e-05
-0.000224244
4.42035e-05
-3.05248e-05
-0.000222375
3.72703e-05
-4.19522e-05
-0.000211066
3.3401e-05
-5.36204e-05
-0.00019005
3.31794e-05
-6.34485e-05
-0.000159868
3.65988e-05
-6.93132e-05
-0.000121752
4.29583e-05
-6.94473e-05
-7.76076e-05
5.12957e-05
-6.25541e-05
-2.97926e-05
5.49499e-05
-0.000129221
4.81909e-05
-2.15082e-05
-0.000129784
4.15981e-05
-2.28922e-05
-0.000122296
3.66879e-05
-2.61128e-05
-0.000105929
3.4418e-05
-2.96368e-05
-8.06287e-05
3.52681e-05
-3.14571e-05
-4.70047e-05
3.8976e-05
-2.95621e-05
-6.52744e-06
4.50222e-05
-2.21885e-05
3.86446e-05
5.23558e-05
-8.04916e-06
8.59011e-05
-0.000238112
5.99306e-05
-0.000581797
-0.000246528
5.04504e-05
-0.000557849
-0.000241508
4.22323e-05
-0.000525088
-0.000226866
3.66023e-05
-0.000484682
-0.000206797
3.41276e-05
-0.000436974
-0.000184601
3.49031e-05
-0.000382406
-0.000162388
3.85197e-05
-0.000320601
-0.000140424
4.41511e-05
-0.000250775
-0.000117012
5.06575e-05
-0.000171744
-8.82736e-05
5.66124e-05
-8.21327e-05
-4.7802e-05
6.03287e-05
1.92024e-05
1.36338e-05
6.02003e-05
0.000132796
-0.000205647
6.66348e-05
-0.000539833
-0.000223528
5.85593e-05
-0.000524474
-0.0002281
4.99286e-05
-0.000499291
-0.000221495
4.29395e-05
-0.000466271
-0.000207176
3.89077e-05
-0.000426481
-0.000188719
3.82826e-05
-0.000379857
-0.000168674
4.08633e-05
-0.00032625
-0.000148175
4.60112e-05
-0.000265492
-0.000126849
5.277e-05
-0.000196785
-0.00010238
5.98811e-05
-0.000119094
-7.04991e-05
6.58168e-05
-3.13241e-05
-2.48272e-05
6.89418e-05
6.73305e-05
4.32211e-05
6.75743e-05
0.000177176
4.69322e-05
-3.0704e-05
4.1874e-05
3.4255e-06
-2.35052e-05
3.73304e-05
1.02712e-05
-8.8151e-06
3.41733e-05
1.59126e-05
1.38432e-05
3.32181e-05
2.16258e-05
4.43451e-05
3.451e-05
2.91437e-05
8.16702e-05
3.7998e-05
4.02812e-05
0.000124133
4.2877e-05
5.64933e-05
0.000169326
4.8769e-05
7.89105e-05
0.000214878
5.47014e-05
0.000107951
0.000258451
6.08975e-05
0.000143938
0.000298199
3.64726e-05
8.18451e-05
3.32233e-05
8.47835e-05
9.83374e-05
3.04091e-05
9.88591e-05
0.000121339
2.8783e-05
0.000112664
0.000150933
2.84629e-05
0.000127096
0.000186609
2.97979e-05
0.000143636
0.000227069
3.21885e-05
0.0001634
0.000270372
3.57252e-05
0.000187625
0.000314482
3.9469e-05
0.00021665
0.000357134
4.39565e-05
0.000250976
0.000396578
4.86684e-05
0.000290389
0.000431007
2.41215e-05
0.000212962
2.22479e-05
0.000269099
0.000239036
2.09194e-05
0.000287349
0.000270234
1.99836e-05
0.000305898
0.000306194
2.0055e-05
0.000326063
0.000346122
2.05614e-05
0.000347975
0.000388618
2.21132e-05
0.000373012
0.00043198
2.37159e-05
0.000400868
0.000474389
2.63071e-05
0.000432347
0.000514123
2.89145e-05
0.000466561
0.000549687
3.34007e-05
0.000505132
0.000579276
-0.000166366
6.76985e-05
-0.000479953
-0.000189489
6.34627e-05
-0.000474834
-0.000202233
5.63155e-05
-0.000458443
-0.000204058
4.88514e-05
-0.000433214
-0.000196798
4.32236e-05
-0.000400795
-0.000183334
4.06437e-05
-0.000362018
-0.000166523
4.15013e-05
-0.000317071
-0.000148105
4.54895e-05
-0.00026544
-0.000128615
5.18417e-05
-0.000206563
-0.000106967
5.9511e-05
-0.000140079
-8.04964e-05
6.71656e-05
-6.51876e-05
-4.47843e-05
7.32673e-05
1.89928e-05
6.38148e-06
7.60867e-05
0.000113115
8.07607e-05
7.42913e-05
0.000217567
0.000186746
6.69633e-05
0.000332383
0.000335388
5.48486e-05
0.000458585
0.000547318
3.86266e-05
0.000600166
-0.000128943
6.13904e-05
-0.00039477
-0.000151486
6.27784e-05
-0.000402093
-0.000168396
5.90933e-05
-0.00039655
-0.000177006
5.27709e-05
-0.000380709
-0.000176931
4.6287e-05
-0.000356612
-0.000169522
4.16962e-05
-0.000325754
-0.000157065
4.01544e-05
-0.000288843
-0.000141521
4.19819e-05
-0.000246146
-0.000124002
4.68925e-05
-0.000197472
-0.000104483
5.41775e-05
-0.000142165
-8.14362e-05
6.26959e-05
-7.96987e-05
-5.19452e-05
7.1123e-05
-9.66287e-06
-1.1575e-05
7.78629e-05
6.86031e-05
4.55014e-05
8.13081e-05
0.000155912
0.000125863
8.00073e-05
0.000252679
0.000236142
7.36167e-05
0.000359369
0.000385565
6.17921e-05
0.000476553
0.000593852
4.66675e-05
0.000608161
-9.97652e-05
4.85882e-05
-0.000275933
-0.00011702
5.57808e-05
-0.000297303
-0.000133008
5.69595e-05
-0.000304549
-0.000144688
5.34223e-05
-0.000300128
-0.000150002
4.74653e-05
-0.000286114
-0.000148522
4.14581e-05
-0.000264346
-0.00014117
3.73221e-05
-0.000236204
-0.000129473
3.6178e-05
-0.000202497
-0.000114676
3.83599e-05
-0.000163512
-9.72808e-05
4.36594e-05
-0.00011921
-7.66755e-05
5.14824e-05
-6.93518e-05
-5.11671e-05
6.09363e-05
-1.34495e-05
-1.7662e-05
7.05882e-05
4.88836e-05
2.82148e-05
7.88654e-05
0.000118223
9.15537e-05
8.40386e-05
0.000195513
0.000177539
8.489e-05
0.000281627
0.000291252
8.03678e-05
0.000377077
0.000440696
7.08665e-05
0.000482343
0.000644004
5.65403e-05
0.000599842
-8.04883e-05
3.42218e-05
-0.000119339
-9.10872e-05
4.53452e-05
-0.000154306
-0.000102506
5.08304e-05
-0.000174631
-0.000112945
5.078e-05
-0.00018254
-0.000120262
4.65351e-05
-0.000179986
-0.000122815
4.01616e-05
-0.000168791
-0.000120147
3.38733e-05
-0.000150593
-0.000112754
2.94374e-05
-0.000126658
-0.000101414
2.7914e-05
-9.78461e-05
-8.67934e-05
2.97226e-05
-6.45476e-05
-6.88117e-05
3.48249e-05
-2.69345e-05
-4.64448e-05
4.28617e-05
1.5016e-05
-1.75772e-05
5.31678e-05
6.14765e-05
2.08381e-05
6.47382e-05
0.000112722
7.28517e-05
7.56764e-05
0.000169133
0.000142643
8.41943e-05
0.000232269
0.000233956
8.854e-05
0.00030353
0.000350944
8.7918e-05
0.000384095
0.000500134
8.1333e-05
0.000473165
0.000698437
7.12662e-05
0.000568776
-6.65286e-05
2.74353e-05
7.46717e-05
-7.37408e-05
3.89295e-05
2.71033e-05
-8.02082e-05
4.6027e-05
-4.8914e-06
-8.68318e-05
4.79959e-05
-2.40505e-05
-9.27072e-05
4.52118e-05
-3.25191e-05
-9.63633e-05
3.89404e-05
-3.21153e-05
-9.65482e-05
3.10569e-05
-2.44621e-05
-9.27521e-05
2.3491e-05
-1.0961e-05
-8.50629e-05
1.78066e-05
7.24499e-06
-7.37265e-05
1.50207e-05
2.9336e-05
-5.88645e-05
1.56742e-05
5.47559e-05
-3.98664e-05
1.99594e-05
8.31592e-05
-1.53619e-05
2.78163e-05
0.000114248
1.71307e-05
3.89541e-05
0.000147913
6.09146e-05
5.25816e-05
0.000184306
0.000119377
6.74704e-05
0.000223697
0.000195533
8.07878e-05
0.000267569
0.000292614
9.05797e-05
0.000318676
0.000412967
9.48755e-05
0.000378923
0.000562978
9.40283e-05
0.000446417
0.000755038
9.15021e-05
0.000511753
1.15245e-05
0.000318402
1.07444e-05
0.000561728
0.000349098
9.90147e-06
0.000578918
0.000382564
9.56877e-06
0.000596502
0.000418078
9.1842e-06
0.000614396
0.000455391
9.57162e-06
0.000633154
0.000492783
9.79525e-06
0.000652661
0.000530229
1.09931e-05
0.000673455
0.000565336
1.1908e-05
0.000694844
0.000597862
1.43347e-05
0.000717795
0.000625455
1.72075e-05
0.000742086
0.000646438
2.212e-05
0.000768302
0.000655868
2.85375e-05
0.000795845
0.000650586
3.84012e-05
0.000825537
0.000621961
5.42304e-05
0.000853211
0.000562317
8.49989e-05
0.000873124
0.000448656
-4.80206e-05
3.82653e-05
0.000304574
-5.9544e-05
4.66743e-05
0.000244359
-6.4744e-05
5.16005e-05
0.000201743
-6.79522e-05
5.22743e-05
0.000173213
-7.08081e-05
4.86372e-05
0.000155614
-7.30189e-05
4.13096e-05
0.000146639
-7.37178e-05
3.14993e-05
0.000144545
-7.18917e-05
2.07915e-05
0.000147951
-6.70445e-05
1.08044e-05
0.000155699
-5.89377e-05
2.85655e-06
0.00016682
-4.74631e-05
-2.07946e-06
0.000180512
-3.21682e-05
-3.35104e-06
0.00019612
-1.21112e-05
-5.14841e-07
0.000212994
1.45772e-05
6.75041e-06
0.000230521
5.04924e-05
1.84563e-05
0.000248024
9.90818e-05
3.43746e-05
0.000265355
0.00016361
5.32087e-05
0.000282949
0.000246562
7.31438e-05
0.000302593
0.000349745
8.96992e-05
0.000326742
0.000475662
0.000101798
0.000359059
0.000627391
0.000109468
0.000398976
0.000815187
0.000125505
0.000419244
0.000831236
0.000127635
0.00026832
-1.16965e-05
7.4392e-05
0.000571485
-3.97922e-05
7.82167e-05
0.00049605
-5.0654e-05
7.77048e-05
0.000442045
-5.4084e-05
7.30818e-05
0.000404871
-5.474e-05
6.49611e-05
0.000379762
-5.47387e-05
5.35999e-05
0.000363404
-5.41991e-05
3.99328e-05
0.000353257
-5.26352e-05
2.50616e-05
0.000347818
-4.93049e-05
1.02194e-05
0.000345984
-4.36635e-05
-3.31925e-06
0.00034685
-3.53449e-05
-1.44688e-05
0.000349616
-2.37918e-05
-2.23399e-05
0.000353577
-8.31636e-06
-2.62207e-05
0.00035788
1.25947e-05
-2.54129e-05
0.000361659
4.08839e-05
-1.9421e-05
0.000363696
7.95942e-05
-7.61649e-06
0.000362908
0.000131558
9.73219e-06
0.000358379
0.000200965
3.26209e-05
0.000350291
0.000289587
5.79931e-05
0.000340829
0.000401475
8.45372e-05
0.000330341
0.000533923
0.000105029
0.000325401
0.000688648
0.000133127
0.000324226
0.000872225
0.000169891
0.000284026
0.000734761
0.00018331
5.63673e-05
0.000133118
0.000880574
-4.30031e-06
0.000137583
0.000783704
-3.08211e-05
0.00013147
0.000714317
-4.02022e-05
0.000119403
0.000667097
-4.20715e-05
0.000102972
0.000634966
-4.07954e-05
8.38182e-05
0.000612411
-3.88996e-05
6.30218e-05
0.00059575
-3.65271e-05
4.15488e-05
0.000583041
-3.36104e-05
2.02658e-05
0.000572744
-2.94008e-05
1.36901e-07
0.000564362
-2.35244e-05
-1.78895e-05
0.000557058
-1.52833e-05
-3.29828e-05
0.00055029
-4.08389e-06
-4.43256e-05
0.000543266
1.13249e-05
-5.12474e-05
0.000535131
3.23893e-05
-5.29932e-05
0.000524378
6.16774e-05
-4.85393e-05
0.000509521
0.000101557
-3.76989e-05
0.000488231
0.000156394
-1.89273e-05
0.000459603
0.000228811
5.39456e-06
0.000421419
0.000322853
3.81065e-05
0.000377418
0.000443562
6.69805e-05
0.000324855
0.000583018
0.000112217
0.000265347
0.000739752
0.000143135
0.000228289
0.000704734
0.000353025
0.00016458
0.000215568
0.00125045
5.3292e-05
0.000228988
0.00111191
1.03344e-06
0.000219235
0.00101875
-2.18642e-05
0.000198191
0.000957804
-2.88175e-05
0.000170927
0.000917331
-2.92265e-05
0.000140064
0.000888695
-2.67587e-05
0.000108406
0.000866436
-2.39271e-05
7.65551e-05
0.000847441
-2.0791e-05
4.6074e-05
0.000829991
-1.74016e-05
1.7297e-05
0.000813028
-1.32148e-05
-8.86523e-06
0.000796423
-7.59075e-06
-3.20946e-05
0.000779755
-1.72454e-07
-5.15912e-05
0.000762399
1.04523e-05
-6.68687e-05
0.000743673
2.4892e-05
-7.72155e-05
0.000722123
4.54964e-05
-8.1591e-05
0.000696511
7.37833e-05
-8.01325e-05
0.0006641
0.00011433
-7.00578e-05
0.000623107
0.000168668
-5.52436e-05
0.000570172
0.000245187
-2.62111e-05
0.000503008
0.000342102
-5.10952e-06
0.000420291
0.000466961
5.45358e-05
0.000306734
0.000609887
7.55662e-05
0.000190054
0.000587992
0.000425327
0.000296806
0.000203673
0.00172065
0.000137475
0.000303866
0.00149358
4.85556e-05
0.0003243
0.00134997
5.87735e-06
0.000308152
0.00127047
-1.25846e-05
0.000273812
0.00122167
-1.67471e-05
0.000229711
0.0011885
-1.65194e-05
0.000183179
0.00116173
-1.36053e-05
0.000137034
0.00113774
-1.10998e-05
9.38127e-05
0.00111357
-8.10616e-06
5.33331e-05
0.00108934
-5.38567e-06
1.66682e-05
0.00106396
-1.68858e-06
-1.65859e-05
0.00103802
2.84318e-06
-4.52153e-05
0.00101097
9.35256e-06
-6.98208e-05
0.000982303
1.82565e-05
-8.91163e-05
0.000950866
3.14469e-05
-0.000102866
0.000915075
4.97755e-05
-0.000111418
0.000871741
7.75868e-05
-0.000110086
0.000817963
0.000115121
-0.000107998
0.000746091
0.000171674
-8.26449e-05
0.000653745
0.000244226
-7.88338e-05
0.000523941
0.000329139
-1.25811e-05
0.00036845
0.000446379
-1.67284e-05
0.000179603
0.000391883
0.000413557
0.000243356
0.00131818
0.000166152
0.000224834
0.00139644
8.53709e-05
0.000354279
0.00140759
3.10396e-05
0.000391589
0.0013721
5.17014e-06
0.00037077
0.00134835
-4.66117e-06
0.000320986
0.00132253
-5.85933e-06
0.000263348
0.00130073
-5.42701e-06
0.000204809
0.00127502
-3.28766e-06
0.000151071
0.00124911
-1.81519e-06
0.000100385
0.00121924
-1.23678e-07
5.6762e-05
0.00118862
1.78639e-06
1.53116e-05
0.00115495
4.03316e-06
-1.85453e-05
0.00111951
7.33937e-06
-5.04946e-05
0.00108217
1.15278e-05
-7.48364e-05
0.00104043
1.81231e-05
-9.53623e-05
0.000994905
2.71126e-05
-0.000110141
0.000940021
4.12708e-05
-0.000115606
0.000874535
6.01773e-05
-0.000120035
0.00078922
9.06608e-05
-0.000102671
0.000677575
0.000125469
-9.98308e-05
0.000532993
0.000183354
-3.70385e-05
0.000329537
0.000224109
-3.78757e-05
0.000119073
0.000179337
0.000397662
-0.000144611
5.16375e-05
-0.000596813
-0.000204688
4.86599e-05
-0.000632697
-0.00018008
4.03063e-05
-0.000580358
-0.000250774
4.81635e-05
-0.000650172
-0.00023144
3.99696e-05
-0.00060534
-0.000203648
3.29509e-05
-0.000551018
-0.00027718
5.02098e-05
-0.000651078
-0.000266115
4.22053e-05
-0.000613548
-0.000243498
3.50523e-05
-0.000566939
-0.000215029
3.00549e-05
-0.000512212
5.73171e-05
-8.19035e-05
-0.000541834
4.3807e-05
-0.00012021
-0.000536798
3.38447e-05
-0.000151472
-0.000518309
2.85172e-05
-0.000173439
-0.000488527
2.79798e-05
-0.00018542
-0.000450034
-0.000282559
5.51352e-05
-0.000638275
-0.000281323
4.67365e-05
-0.000607611
-0.000266474
3.93406e-05
-0.000568389
-0.000243
3.39771e-05
-0.000521214
-0.000215569
3.13552e-05
-0.000466807
-0.00018794
3.17494e-05
-0.000405202
6.46712e-05
-3.03664e-05
-0.000469563
5.0473e-05
-6.41298e-05
-0.000475034
3.83852e-05
-9.66675e-05
-0.000467574
3.03758e-05
-0.000124431
-0.000448258
2.72437e-05
-0.000145206
-0.000418515
2.89463e-05
-0.000157803
-0.000380421
3.48331e-05
-0.00016185
-0.00033605
-0.000267607
6.27352e-05
-0.000613317
-0.000277511
5.36141e-05
-0.000589876
-0.000271939
4.54527e-05
-0.000557697
-0.000255428
3.94424e-05
-0.000517758
-0.000232544
3.6238e-05
-0.000470751
-0.000207222
3.60956e-05
-0.000416859
-0.000182035
3.88297e-05
-0.000355914
-0.000157667
4.3791e-05
-0.000287253
7.138e-05
-0.000384256
5.87796e-05
-2.45809e-05
-0.000397381
4.60657e-05
-5.12345e-05
-0.000399733
3.58847e-05
-7.80088e-05
-0.000390645
2.99092e-05
-0.000102049
-0.000370567
2.87639e-05
-0.000120838
-0.000340695
3.22832e-05
-0.000132772
-0.000302579
3.97366e-05
-0.000136929
-0.000258217
4.99069e-05
-0.000132765
-0.000209624
6.57126e-05
-0.000308494
5.44909e-05
-2.45613e-05
-0.000317599
4.37063e-05
-4.39593e-05
-0.000317001
3.55861e-05
-6.45726e-05
-0.000305948
3.15242e-05
-8.36789e-05
-0.000284521
3.20102e-05
-9.89014e-05
-0.000253632
3.68185e-05
-0.00010821
-0.000214796
4.51173e-05
-0.000110112
-0.000169938
5.57642e-05
-0.000103607
-0.000121409
6.04276e-05
-0.000225619
5.0981e-05
-2.72097e-05
-0.00023035
4.22814e-05
-3.89269e-05
-0.000226084
3.61906e-05
-5.22126e-05
-0.000211977
3.37996e-05
-6.4789e-05
-0.000188091
3.55094e-05
-7.4254e-05
-0.000155168
4.09625e-05
-7.83505e-05
-0.000114835
4.9403e-05
-7.52829e-05
-6.92597e-05
5.96676e-05
-6.37835e-05
-2.11228e-05
5.44465e-05
-0.00013518
4.69202e-05
-2.3508e-05
-0.000134215
4.03793e-05
-2.67096e-05
-0.000124748
3.61444e-05
-3.13886e-05
-0.000106148
3.51718e-05
-3.55769e-05
-7.84625e-05
3.75721e-05
-3.69471e-05
-4.26818e-05
4.30884e-05
-3.32282e-05
-5.78197e-07
5.08065e-05
-2.26303e-05
4.52963e-05
5.99869e-05
-3.83805e-06
9.2155e-05
-0.00023526
7.05808e-05
-0.000575984
-0.000256219
6.19538e-05
-0.000560609
-0.0002611
5.30347e-05
-0.000535651
-0.00025298
4.59322e-05
-0.000502933
-0.000236218
4.17203e-05
-0.000463232
-0.000214761
4.07436e-05
-0.000416772
-0.000191796
4.29224e-05
-0.000363687
-0.000168812
4.77276e-05
-0.000303541
-0.000145638
5.42711e-05
-0.0002356
-0.000120142
6.13217e-05
-0.000158692
-8.81164e-05
6.73479e-05
-7.15345e-05
-4.30575e-05
7.06712e-05
2.69618e-05
2.39565e-05
6.95317e-05
0.00013723
-0.000192273
7.3976e-05
-0.000524496
-0.000220911
6.8616e-05
-0.000518468
-0.000235803
6.06456e-05
-0.00050162
-0.000237215
5.28215e-05
-0.000476017
-0.000227904
4.72016e-05
-0.000443458
-0.000211666
4.48233e-05
-0.000404689
-0.000191943
4.59219e-05
-0.000359495
-0.000170893
5.01073e-05
-0.000307558
-0.000149339
5.66652e-05
-0.000248663
-0.000126309
6.45334e-05
-0.000182096
-9.91687e-05
7.2348e-05
-0.000106953
-6.34099e-05
7.85176e-05
-2.22743e-05
-1.2661e-05
8.12481e-05
7.26992e-05
6.13332e-05
7.91389e-05
0.000178362
4.65931e-05
-3.46382e-05
4.11249e-05
4.99342e-06
-2.61292e-05
3.65863e-05
1.07656e-05
-9.84529e-06
3.40871e-05
1.55165e-05
1.46484e-05
3.40399e-05
2.09724e-05
4.69395e-05
3.6686e-05
2.92697e-05
8.57937e-05
4.1435e-05
4.23501e-05
0.00012903
4.79211e-05
6.19065e-05
0.000174135
5.50952e-05
8.89218e-05
0.000218281
6.2984e-05
0.000124173
0.000259188
7.11479e-05
0.000167919
0.000294547
3.63284e-05
8.00446e-05
3.27665e-05
8.90499e-05
9.7628e-05
3.01769e-05
0.000102814
0.000121931
2.88522e-05
0.000116278
0.000152882
2.94294e-05
0.000131096
0.000189775
3.14522e-05
0.000148713
0.000230865
3.51253e-05
0.000170813
0.000274171
3.94611e-05
0.000198277
0.000317109
4.48478e-05
0.000232052
0.000357517
5.05926e-05
0.00027217
0.000393119
5.81792e-05
0.000319488
0.000422128
2.39993e-05
0.000213469
2.22563e-05
0.000274373
0.0002405
2.08551e-05
0.000292581
0.000272597
2.0477e-05
0.000311909
0.000309439
2.06954e-05
0.000332704
0.000349882
2.21624e-05
0.000356811
0.000392228
2.39372e-05
0.000384093
0.000434612
2.68879e-05
0.000415936
0.000474906
2.99434e-05
0.000451394
0.000511255
3.49289e-05
0.000492274
0.00054195
4.10699e-05
0.000538163
0.000564568
-0.000148362
6.9906e-05
-0.000454292
-0.000178418
7.01202e-05
-0.000459678
-0.000199892
6.54347e-05
-0.000452457
-0.000210035
5.85008e-05
-0.000435063
-0.000209054
5.19935e-05
-0.000409861
-0.000199327
4.78729e-05
-0.000378219
-0.000183998
4.71148e-05
-0.000340699
-0.000165644
4.98601e-05
-0.000297318
-0.000145805
5.5686e-05
-0.000247481
-0.000124461
6.36847e-05
-0.000190759
-0.000100239
7.27452e-05
-0.000126856
-7.01419e-05
8.14185e-05
-5.51421e-05
-2.95719e-05
8.80051e-05
2.50712e-05
2.75472e-05
9.08206e-05
0.00011454
0.000108427
8.83636e-05
0.000213602
0.000220444
8.04747e-05
0.000322454
0.000373955
6.70444e-05
0.000441777
0.000590579
5.06024e-05
0.000574956
-0.000111408
5.79685e-05
-0.000357217
-0.000137027
6.46689e-05
-0.000376652
-0.000159575
6.51259e-05
-0.000381558
-0.000175053
6.10212e-05
-0.000374434
-0.000181457
5.50145e-05
-0.000357982
-0.000178857
4.95916e-05
-0.000334172
-0.000169156
4.66102e-05
-0.000304224
-0.000154636
4.69777e-05
-0.000268676
-0.000137089
5.08291e-05
-0.000227669
-0.000117355
5.77737e-05
-0.000180994
-9.49875e-05
6.70202e-05
-0.000128178
-6.8142e-05
7.73146e-05
-6.89154e-05
-3.36649e-05
8.72133e-05
-3.01027e-06
1.2976e-05
9.49792e-05
7.01708e-05
7.72437e-05
9.87873e-05
0.000151442
0.000164826
9.75664e-05
0.000241443
0.000281364
9.06273e-05
0.000340421
0.000436026
7.88736e-05
0.000449017
0.000648801
6.27579e-05
0.000569143
-8.5321e-05
4.0223e-05
-0.000225243
-0.00010339
5.26597e-05
-0.000260509
-0.000122002
5.88554e-05
-0.000279702
-0.000138016
5.91677e-05
-0.000285223
-0.00014855
5.5348e-05
-0.000279722
-0.00015192
4.97551e-05
-0.000265305
-0.000148159
4.48482e-05
-0.000243861
-0.00013848
4.23516e-05
-0.000216652
-0.000124411
4.31483e-05
-0.000184288
-0.000107032
4.74442e-05
-0.000147058
-8.64947e-05
5.49695e-05
-0.000105014
-6.18316e-05
6.5111e-05
-5.81396e-05
-3.10677e-05
7.69062e-05
-6.27694e-06
9.16537e-06
8.87094e-05
5.07124e-05
6.30977e-05
9.86661e-05
0.000113349
0.000135095
0.000105051
0.0001829
0.000229186
0.000106343
0.000260421
0.000349891
0.000102437
0.00034656
0.000505181
9.28904e-05
0.000440946
0.000715167
8.08732e-05
0.00054064
-6.76559e-05
2.34006e-05
-5.50613e-05
-7.99421e-05
3.86334e-05
-0.000106426
-9.25686e-05
4.90596e-05
-0.000140174
-0.000105087
5.36229e-05
-0.000159219
-0.000115555
5.2855e-05
-0.000166012
-0.000121875
4.83984e-05
-0.000162711
-0.000122693
4.24525e-05
-0.000151225
-0.000117864
3.72559e-05
-0.000133299
-0.000108023
3.44063e-05
-0.00011019
-9.40033e-05
3.48117e-05
-8.26582e-05
-7.62007e-05
3.88071e-05
-5.11936e-05
-5.41771e-05
4.63493e-05
-1.61114e-05
-2.65156e-05
5.70993e-05
2.22382e-05
9.33138e-06
7.03991e-05
6.36151e-05
5.643e-05
8.497e-05
0.000107913
0.000118486
9.85973e-05
0.000155621
0.000198509
0.00010898
0.000208853
0.00029947
0.000114794
0.000269798
0.000424455
0.000114972
0.000338967
0.000581737
0.00011087
0.000414802
0.000786915
0.000106126
0.000485003
-4.91408e-05
1.72834e-05
0.000152995
-6.28074e-05
3.13509e-05
8.5514e-05
-7.20914e-05
4.25424e-05
3.79355e-05
-8.01125e-05
4.90206e-05
6.24439e-06
-8.75492e-05
5.0296e-05
-1.23934e-05
-9.33531e-05
4.70047e-05
-2.0249e-05
-9.60661e-05
4.06532e-05
-1.93633e-05
-9.46257e-05
3.32665e-05
-1.15035e-05
-8.87317e-05
2.67529e-05
1.77996e-06
-7.85426e-05
2.25822e-05
1.92885e-05
-6.42832e-05
2.16858e-05
4.01446e-05
-4.56908e-05
2.45721e-05
6.36658e-05
-2.18351e-05
3.14998e-05
8.91997e-05
9.22357e-06
4.2513e-05
0.000116043
5.02909e-05
5.72594e-05
0.000143437
0.000104776
7.49052e-05
0.000171178
0.000175249
9.34949e-05
0.000199351
0.000263873
0.000109743
0.000231095
0.000372221
0.000121243
0.000269832
0.000503582
0.000128236
0.000316796
0.000664019
0.000132283
0.000369008
0.000871726
0.00014535
0.000394863
1.17218e-05
0.000321472
1.07761e-05
0.000564513
0.000352727
1.03308e-05
0.000582403
0.000386331
9.82242e-06
0.000600606
0.000422045
1.01171e-05
0.000619923
0.000458504
1.02745e-05
0.000640086
0.000495084
1.15071e-05
0.000662314
0.000529863
1.24869e-05
0.00068536
0.000562333
1.50082e-05
0.000710682
0.000589967
1.80233e-05
0.000737629
0.000611889
2.35963e-05
0.00076844
0.000622703
3.10131e-05
0.000801177
0.000619522
4.2654e-05
0.000840084
0.000593385
6.05656e-05
0.000878572
0.000536034
9.42451e-05
0.000916471
0.000424726
0.00013798
0.000893355
0.000248557
-1.43983e-05
3.03525e-05
0.000398865
-4.25806e-05
4.05203e-05
0.000313516
-5.57381e-05
4.90125e-05
0.000252032
-6.23937e-05
5.37058e-05
0.000208622
-6.66874e-05
5.40958e-05
0.000179702
-6.9997e-05
5.00953e-05
0.000162086
-7.19645e-05
4.25855e-05
0.000153318
-7.17108e-05
3.2925e-05
0.000151488
-6.83676e-05
2.2815e-05
0.000155003
-6.15121e-05
1.38725e-05
0.000162532
-5.09568e-05
7.39105e-06
0.000172961
-3.63382e-05
4.31117e-06
0.000185396
-1.69556e-05
5.32862e-06
0.000198916
8.75756e-06
1.10263e-05
0.000212555
4.30512e-05
2.17671e-05
0.000225043
8.90787e-05
3.77823e-05
0.000235132
0.000149884
5.83195e-05
0.000241918
0.000228539
8.21815e-05
0.000246337
0.000326072
0.000105142
0.000250665
0.00044434
0.000125261
0.000260413
0.000583889
0.000140987
0.000277574
0.00075221
0.000163527
0.000297392
0.000961821
0.000197938
0.000259345
0.000823543
0.000179538
5.53987e-05
6.58044e-05
0.000685562
-6.37405e-06
7.35125e-05
0.000578263
-3.51958e-05
7.76706e-05
0.000500459
-4.69644e-05
7.74584e-05
0.000444431
-5.13225e-05
7.3153e-05
0.00040593
-5.25626e-05
6.51108e-05
0.000380019
-5.27147e-05
5.38983e-05
0.000363254
-5.17511e-05
4.04593e-05
0.000353084
-4.9279e-05
2.60445e-05
0.000347661
-4.4541e-05
1.19635e-05
0.000345841
-3.7081e-05
-4.52814e-07
0.000346391
-2.63197e-05
-1.0116e-05
0.000348428
-1.15964e-05
-1.61068e-05
0.000350976
8.41207e-06
-1.7599e-05
0.000352979
3.54971e-05
-1.38396e-05
0.00035297
7.24256e-05
-3.97876e-06
0.00034931
0.000122061
1.22161e-05
0.000339919
0.000188257
3.51695e-05
0.000323968
0.000273343
6.28371e-05
0.000300914
0.000381371
9.38732e-05
0.000272974
0.000512489
0.000120555
0.000245887
0.000664444
0.00015631
0.000220794
0.00083694
0.000189643
0.000207287
0.000829367
0.000342702
0.000178005
0.00011157
0.00102633
5.90222e-05
0.000127775
0.000884653
-4.55781e-07
0.000132509
0.000784154
-2.70048e-05
0.00012709
0.000711771
-3.68016e-05
0.00011584
0.000662213
-3.90573e-05
0.000100293
0.000628322
-3.80347e-05
8.20272e-05
0.000604682
-3.60189e-05
6.1853e-05
0.000587538
-3.32094e-05
4.11163e-05
0.000574609
-2.94111e-05
2.06282e-05
0.000564263
-2.40406e-05
1.5813e-06
0.000555717
-1.64032e-05
-1.51481e-05
0.000548036
-5.90485e-06
-2.86271e-05
0.000540324
8.72185e-06
-3.80047e-05
0.000531754
2.87897e-05
-4.24831e-05
0.000520723
5.67485e-05
-4.09678e-05
0.000505554
9.49509e-05
-3.29559e-05
0.00048361
0.000147542
-1.67575e-05
0.000452849
0.000217458
5.90743e-06
0.0004103
0.000309745
3.84383e-05
0.00035653
0.000429286
6.77198e-05
0.000289494
0.000575084
0.0001146
0.000214348
0.000738183
0.00013577
0.000144417
0.000741838
0.000427468
0.000358363
0.000149397
0.0014576
0.000161209
0.0002051
0.0012506
5.44023e-05
0.000217647
0.00110765
3.78417e-06
0.000208795
0.00101024
-1.88802e-05
0.000189225
0.000945802
-2.57731e-05
0.000163486
0.000902935
-2.63547e-05
0.000134408
0.000872528
-2.3796e-05
0.000103893
0.000849289
-2.08363e-05
7.37105e-05
0.000829541
-1.71949e-05
4.44924e-05
0.000811884
-1.32107e-05
1.70809e-05
0.000794907
-7.84237e-06
-7.7434e-06
0.000778226
-8.15846e-07
-2.9298e-05
0.000761121
9.16773e-06
-4.70772e-05
0.000742792
2.2906e-05
-6.01824e-05
0.000721991
4.25124e-05
-6.78508e-05
0.000697318
6.97151e-05
-6.96227e-05
0.000666062
0.000108594
-6.32657e-05
0.000626301
0.000161382
-5.16621e-05
0.000573264
0.000235839
-2.67043e-05
0.0005065
0.000333512
-7.97902e-06
0.000416592
0.000463207
4.7479e-05
0.00029328
0.000617869
4.86262e-05
0.000162184
0.000601722
0.000405542
0.00044754
0.00155189
0.00028428
0.000191565
0.00171483
0.000133364
0.00028773
0.00148216
4.87332e-05
0.000306185
0.00133425
7.35188e-06
0.000291974
0.00125013
-1.04152e-05
0.000259236
0.0011979
-1.45185e-05
0.000217938
0.0011624
-1.40993e-05
0.00017348
0.00113395
-1.12236e-05
0.000130318
0.00110917
-8.36928e-06
8.86518e-05
0.00108481
-5.19053e-06
5.05872e-05
0.00106049
-1.65798e-06
1.54358e-05
0.00103538
2.74107e-06
-1.53079e-05
0.0010094
8.9617e-06
-4.2589e-05
0.000982117
1.73998e-05
-6.46146e-05
0.000951929
3.00007e-05
-8.19044e-05
0.000918027
4.76464e-05
-9.35285e-05
0.000876652
7.43047e-05
-9.68866e-05
0.000825508
0.000110971
-9.77382e-05
0.000756909
0.000166586
-7.92036e-05
0.000666724
0.000237901
-7.83464e-05
0.000540826
0.000329942
-1.27718e-05
0.000377543
0.000451177
-3.99827e-05
0.000164637
0.000406326
0.000366171
0.000230113
0.0013129
0.000157671
0.000211747
0.0013813
8.25808e-05
0.000332547
0.00138405
2.98956e-05
0.000369983
0.001343
5.98838e-06
0.000348538
0.00131481
-3.80921e-06
0.000303213
0.00128648
-4.57627e-06
0.000247027
0.00126308
-4.28516e-06
0.000193807
0.00123657
-1.82495e-06
0.000140901
0.00121042
-4.30227e-07
9.56387e-05
0.00118079
2.04606e-06
5.1546e-05
0.00115034
3.9931e-06
1.57763e-05
0.00111663
7.32896e-06
-1.94297e-05
0.00108111
1.13233e-05
-4.59613e-05
0.00104197
1.76557e-05
-7.05896e-05
0.000998
2.63579e-05
-8.77766e-05
0.000946182
3.99186e-05
-9.84216e-05
0.000882917
5.8769e-05
-0.0001051
0.00080083
8.85085e-05
-9.56308e-05
0.000693672
0.000124096
-9.39898e-05
0.000547638
0.000183575
-4.27233e-05
0.000355103
0.000225931
-5.76945e-05
0.000123424
0.000200701
0.000316034
-0.000141304
6.25997e-05
-0.000606066
-0.000208543
5.85179e-05
-0.000647718
-0.000184529
4.93383e-05
-0.000597896
-0.000262187
5.68167e-05
-0.000669935
-0.000244184
4.80673e-05
-0.000627714
-0.000215193
3.95937e-05
-0.000574563
-0.000295175
5.69259e-05
-0.000674637
-0.000286157
4.91389e-05
-0.000639299
-0.000263088
4.10379e-05
-0.000593837
-0.000232152
3.44171e-05
-0.000539796
-0.000305896
5.96255e-05
-0.000664528
-0.000306868
5.21112e-05
-0.000635439
-0.000292066
4.44492e-05
-0.000597353
-0.000266957
3.79818e-05
-0.000550909
-0.000236451
3.37779e-05
-0.000497128
6.87793e-05
-7.33304e-05
-0.000544906
5.35966e-05
-0.000116716
-0.000548452
4.11949e-05
-0.000154203
-0.000536877
3.33294e-05
-0.000182091
-0.000512611
3.05118e-05
-0.000199055
-0.00047816
3.25437e-05
-0.000205328
-0.000436244
-0.000294928
6.52852e-05
-0.000641803
-0.000307037
5.72677e-05
-0.00061928
-0.000301762
4.94362e-05
-0.000587884
-0.000284021
4.2971e-05
-0.000548789
-0.000258654
3.87168e-05
-0.000502466
-0.000230276
3.72637e-05
-0.000449267
-0.000201928
3.87272e-05
-0.000389204
7.57827e-05
-0.000466599
6.08002e-05
-5.5838e-05
-0.000479876
4.66768e-05
-9.21708e-05
-0.000480142
3.6014e-05
-0.000124761
-0.000467374
3.02962e-05
-0.000150734
-0.000443116
2.98329e-05
-0.000168032
-0.000409355
3.42403e-05
-0.0001761
-0.000368129
4.26778e-05
-0.000174934
-0.000321724
-0.000264248
7.30009e-05
-0.000607317
-0.00028836
6.46943e-05
-0.000592257
-0.000293856
5.60986e-05
-0.000567765
-0.000284698
4.89918e-05
-0.000535528
-0.000265753
4.43423e-05
-0.000496327
-0.000241543
4.26148e-05
-0.000450489
-0.000215647
4.39081e-05
-0.000398087
-0.000190051
4.79106e-05
-0.000338794
-0.000164901
5.38573e-05
-0.000271941
6.89107e-05
-0.000396193
5.50612e-05
-4.33858e-05
-0.0004058
4.26808e-05
-7.28076e-05
-0.000403909
3.40635e-05
-0.000100732
-0.00039044
3.04035e-05
-0.000124026
-0.000366259
3.19205e-05
-0.000140605
-0.000332773
3.815e-05
-0.000148958
-0.000291882
4.8134e-05
-0.000148339
-0.00024566
6.05922e-05
-0.000138295
-0.000196299
6.34982e-05
-0.000318069
5.14542e-05
-3.76428e-05
-0.000324389
4.11136e-05
-5.98949e-05
-0.000320511
3.4493e-05
-8.20573e-05
-0.000305872
3.26128e-05
-0.000101261
-0.000280975
3.56164e-05
-0.000115007
-0.000246943
4.29685e-05
-0.000121278
-0.000205637
5.37026e-05
-0.000118592
-0.000159252
6.65617e-05
-0.000106066
-0.000110354
5.87879e-05
-0.000233169
4.87683e-05
-3.53076e-05
-0.000235817
4.05666e-05
-4.95738e-05
-0.00022891
3.58009e-05
-6.45272e-05
-0.000211895
3.53764e-05
-7.7513e-05
-0.000185037
3.92937e-05
-8.57566e-05
-0.000149484
4.70746e-05
-8.69844e-05
-0.00010712
5.76744e-05
-7.93764e-05
-6.05348e-05
7.00913e-05
-6.16691e-05
-1.26157e-05
5.33859e-05
-0.000140871
4.55536e-05
-2.71149e-05
-0.000138238
3.93994e-05
-3.22699e-05
-0.00012668
3.63519e-05
-3.83097e-05
-0.000105681
3.6946e-05
-4.27311e-05
-7.55848e-05
4.12923e-05
-4.28288e-05
-3.76876e-05
4.86735e-05
-3.62129e-05
5.7658e-06
5.84154e-05
-2.09912e-05
5.19551e-05
6.93826e-05
4.13483e-06
9.76893e-05
-0.000219053
7.84182e-05
-0.00056051
-0.00025311
7.23478e-05
-0.000554178
-0.000270039
6.39152e-05
-0.000537254
-0.000270911
5.58908e-05
-0.000511914
-0.000259608
5.02153e-05
-0.000479724
-0.000240709
4.76952e-05
-0.000441141
-0.000218141
4.84731e-05
-0.000396125
-0.000194523
5.23158e-05
-0.000344646
-0.000170881
5.85763e-05
-0.000286305
-0.0001465
6.62723e-05
-0.000220359
-0.000118758
7.40365e-05
-0.000145791
-8.31198e-05
8.02662e-05
-6.14197e-05
-3.30159e-05
8.31146e-05
3.37337e-05
4.02244e-05
8.11171e-05
0.000140206
-0.000169573
7.69982e-05
-0.000499211
-0.000207194
7.6056e-05
-0.00050316
-0.000233029
7.03708e-05
-0.000495056
-0.000244254
6.26847e-05
-0.000477264
-0.000242065
5.5974e-05
-0.000451778
-0.000229817
5.20067e-05
-0.000420151
-0.000211585
5.15647e-05
-0.000382745
-0.000190479
5.46353e-05
-0.000339189
-0.000168363
6.07094e-05
-0.000289044
-0.000145407
6.89476e-05
-0.00023213
-0.000120237
7.81988e-05
-0.000167949
-8.98461e-05
8.69875e-05
-9.57188e-05
-4.9483e-05
9.35181e-05
-1.46331e-05
7.19665e-06
9.60691e-05
7.61196e-05
8.80196e-05
9.30665e-05
0.000176851
4.60429e-05
-3.84054e-05
4.03321e-05
5.61707e-06
-2.85464e-05
3.62538e-05
1.01315e-05
-1.05373e-05
3.45637e-05
1.40752e-05
1.58341e-05
3.59e-05
1.97607e-05
4.99778e-05
3.9903e-05
2.95599e-05
9.0133e-05
4.63787e-05
4.57413e-05
0.000133942
5.42471e-05
6.99377e-05
0.000178333
6.33614e-05
0.000103416
0.000220525
7.30711e-05
0.000146949
0.00025768
8.43725e-05
0.00020129
0.000287508
3.60273e-05
7.8274e-05
3.25447e-05
9.30934e-05
9.70598e-05
3.01305e-05
0.000106263
0.000122671
2.96483e-05
0.000119757
0.00015505
3.09242e-05
0.000135256
0.000193004
3.428e-05
0.000154902
0.000234659
3.88213e-05
0.000180183
0.000277381
4.48092e-05
0.000212557
0.000318683
5.1347e-05
0.000252434
0.000355849
5.98546e-05
0.000300925
0.000386757
7.0061e-05
0.00035844
0.000408651
2.40881e-05
0.000214011
2.22158e-05
0.000279696
0.000241945
2.13076e-05
0.000298458
0.000275071
2.10567e-05
0.000318271
0.000312638
2.22434e-05
0.00034111
0.000353456
2.39632e-05
0.000367303
0.000395329
2.71069e-05
0.00039886
0.000436088
3.04459e-05
0.000434836
0.000473505
3.57819e-05
0.000477221
0.000505534
4.23409e-05
0.000525693
0.000530103
5.2952e-05
0.000582805
0.000542987
-0.000125173
6.71504e-05
-0.000417554
-0.000159586
7.2814e-05
-0.000434426
-0.000188685
7.20825e-05
-0.000437216
-0.000207601
6.70328e-05
-0.000428441
-0.000214437
6.05863e-05
-0.000410676
-0.000210194
5.53499e-05
-0.000386
-0.00019774
5.30174e-05
-0.000355538
-0.000180227
5.43179e-05
-0.000319566
-0.000160012
5.92059e-05
-0.000277915
-0.000138198
6.71464e-05
-0.000230099
-0.000114382
7.71311e-05
-0.000175751
-8.66827e-05
8.79244e-05
-0.000114821
-5.18424e-05
9.79519e-05
-4.69113e-05
-5.15098e-06
0.000105364
2.86547e-05
5.92499e-05
0.000108254
0.000112643
0.000147706
0.000105651
0.000205545
0.000266492
9.70914e-05
0.000307279
0.000425933
8.38791e-05
0.000418593
0.000647704
6.66627e-05
0.000540403
-9.14724e-05
4.93798e-05
-0.000306268
-0.000118137
6.16504e-05
-0.000339451
-0.000144533
6.72279e-05
-0.000356224
-0.000166173
6.68275e-05
-0.000359207
-0.000179439
6.25487e-05
-0.00035108
-0.000182888
5.71237e-05
-0.000334546
-0.000177305
5.30415e-05
-0.000311457
-0.000164855
5.19047e-05
-0.000282776
-0.000147755
5.43906e-05
-0.000248893
-0.000127688
6.05168e-05
-0.000209755
-0.00010489
6.9797e-05
-0.000165376
-7.86025e-05
8.14158e-05
-0.000115508
-4.65902e-05
9.39604e-05
-6.01399e-05
-5.40095e-06
0.000105801
7.33864e-07
4.93896e-05
0.00011496
6.77059e-05
0.000122542
0.000119671
0.000141891
0.000218527
0.000118644
0.000224085
0.000342333
0.00011232
0.000314534
0.000503244
0.000100784
0.000412927
0.00072418
8.76066e-05
0.000515179
-6.85186e-05
2.76581e-05
-0.000157937
-8.73348e-05
4.46383e-05
-0.000209829
-0.000107355
5.61387e-05
-0.000243006
-0.000126552
6.12366e-05
-0.000260305
-0.000141789
6.07845e-05
-0.000264425
-0.000150396
5.67684e-05
-0.000258214
-0.000151138
5.18411e-05
-0.000243853
-0.000144482
4.82605e-05
-0.000223151
-0.000131911
4.75814e-05
-0.000197196
-0.000114855
5.05253e-05
-0.000166517
-9.41037e-05
5.71877e-05
-0.000131373
-6.9357e-05
6.73017e-05
-9.2025e-05
-3.91536e-05
8.02444e-05
-4.88398e-05
-1.16385e-06
9.4989e-05
-2.06125e-06
4.81259e-05
0.000109489
4.81937e-05
0.000112496
0.000121763
0.000102627
0.000195006
0.000129648
0.000163099
0.000298795
0.000132233
0.000231301
0.000427466
0.00012926
0.00030718
0.000591441
0.000122913
0.000389202
0.000809126
0.000116531
0.000462463
-4.87629e-05
1.01943e-05
3.01781e-05
-6.5632e-05
2.79641e-05
-4.1567e-05
-8.02187e-05
4.26707e-05
-9.19092e-05
-9.43563e-05
5.21721e-05
-0.00012448
-0.000107295
5.57578e-05
-0.000142376
-0.000117025
5.43125e-05
-0.000148254
-0.000121626
4.97457e-05
-0.000144444
-0.00011999
4.44428e-05
-0.000133047
-0.000112353
4.05002e-05
-0.000115772
-9.9478e-05
3.93927e-05
-9.3836e-05
-8.20446e-05
4.19058e-05
-6.79954e-05
-6.00789e-05
4.83429e-05
-3.87989e-05
-3.26491e-05
5.87161e-05
-6.91406e-06
2.24101e-06
7.27657e-05
2.68542e-05
4.7498e-05
8.97412e-05
6.16367e-05
0.000106165
0.000108077
9.70438e-05
0.000180953
0.00012479
0.000134107
0.000273573
0.000137601
0.000176346
0.00038549
0.000144977
0.000226524
0.000521051
0.000148161
0.000284207
0.00068926
0.000150046
0.000345642
0.000915074
0.000161176
0.000374725
-1.64573e-05
6.80008e-06
0.00025851
-4.44082e-05
2.11583e-05
0.000165016
-6.01178e-05
3.50844e-05
9.73519e-05
-7.10813e-05
4.57519e-05
4.9892e-05
-8.01721e-05
5.1455e-05
1.85703e-05
-8.7808e-05
5.19548e-05
4.67664e-07
-9.28341e-05
4.81637e-05
-6.88966e-06
-9.39298e-05
4.18352e-05
-5.71283e-06
-9.02053e-05
3.50571e-05
2.03003e-06
-8.1598e-05
2.97187e-05
1.47295e-05
-6.82905e-05
2.71892e-05
3.1119e-05
-5.02252e-05
2.83398e-05
5.0264e-05
-2.67947e-05
3.37315e-05
7.12733e-05
3.62209e-06
4.37382e-05
9.311e-05
4.349e-05
5.84756e-05
0.000114388
9.6022e-05
7.76778e-05
0.000133721
0.000164182
9.99326e-05
0.000150442
0.000249678
0.000122449
0.000165507
0.000352663
0.000141241
0.000184507
0.000474992
0.000156005
0.00021141
0.000619382
0.000168065
0.000245521
0.000799416
0.000187401
0.000279751
0.00103384
0.000219303
0.000241519
1.1765e-05
0.000324441
1.1196e-05
0.000568061
0.000355874
1.05634e-05
0.000586535
0.000389839
1.0729e-05
0.000606184
0.000425055
1.07953e-05
0.000626776
0.000461018
1.19813e-05
0.000649922
0.000495495
1.2985e-05
0.000674303
0.000527935
1.55045e-05
0.000701715
0.000555796
1.85239e-05
0.000730747
0.000578325
2.43383e-05
0.000765302
0.000590689
3.24048e-05
0.000802071
0.000589404
4.53057e-05
0.000848288
0.000566012
6.49124e-05
0.000895599
0.000511446
0.000100148
0.00094868
0.000403677
0.000145579
0.000940794
0.000231708
0.000175704
0.000896396
5.08465e-05
2.27787e-05
0.000527916
-8.8557e-06
3.24198e-05
0.000409447
-3.82466e-05
4.26998e-05
0.00032288
-5.27085e-05
5.10944e-05
0.000260387
-6.04483e-05
5.54925e-05
0.000216351
-6.53412e-05
5.54367e-05
0.000187139
-6.8579e-05
5.0983e-05
0.000169553
-6.97072e-05
4.32474e-05
0.000160952
-6.7905e-05
3.37589e-05
0.00015917
-6.24568e-05
2.43037e-05
0.000162488
-5.30313e-05
1.64898e-05
0.000169384
-3.92942e-05
1.15783e-05
0.000178669
-2.06436e-05
1.05291e-05
0.000189243
4.258e-06
1.41291e-05
0.000199967
3.75029e-05
2.30757e-05
0.000209241
8.20536e-05
3.79736e-05
0.000215224
0.000141079
5.87473e-05
0.000215687
0.000217626
8.48295e-05
0.000209901
0.000313492
0.000112419
0.000198912
0.000428693
0.000138912
0.000189693
0.000564926
0.00016136
0.000187603
0.000725115
0.000190919
0.00018951
0.000912187
0.000229518
0.000190565
0.000930664
0.000337587
0.000178276
5.43914e-05
0.000845836
5.88877e-05
6.4824e-05
0.000694385
-2.16273e-06
7.27663e-05
0.000584874
-3.13512e-05
7.72268e-05
0.000505037
-4.37697e-05
7.71726e-05
0.00044738
-4.86571e-05
7.30216e-05
0.00040762
-5.00965e-05
6.49524e-05
0.000381026
-4.99171e-05
5.37301e-05
0.000363881
-4.80972e-05
4.04266e-05
0.00035359
-4.42006e-05
2.63521e-05
0.000348062
-3.75924e-05
1.30994e-05
0.000345841
-2.76738e-05
1.85371e-06
0.000345692
-1.379e-05
-6.21767e-06
0.000346424
5.31735e-06
-1.01474e-05
0.000346929
3.13105e-05
-9.01183e-06
0.00034563
6.68671e-05
-1.7748e-06
0.000340647
0.000114897
1.21695e-05
0.000329411
0.000179328
3.36937e-05
0.000309609
0.000262897
6.13204e-05
0.000280045
0.00037002
9.4551e-05
0.000239961
0.000501131
0.000124417
0.000197268
0.000657623
0.00016271
0.000156948
0.000832395
0.000192089
0.000124135
0.000864388
0.000427439
0.000387318
7.31101e-05
0.00123881
0.000175429
0.000107021
0.00103286
6.06915e-05
0.000122797
0.000888077
2.65701e-06
0.000127841
0.00078453
-2.36756e-05
0.000122962
0.000709445
-3.35657e-05
0.000112497
0.000657802
-3.59796e-05
9.76418e-05
0.000622333
-3.48116e-05
7.98493e-05
0.000597701
-3.23858e-05
6.02733e-05
0.000579931
-2.87031e-05
4.00727e-05
0.000566673
-2.37316e-05
2.03486e-05
0.000556017
-1.65911e-05
2.34455e-06
0.000546973
-6.73787e-06
-1.30214e-05
0.000538353
7.09064e-06
-2.48065e-05
0.000529203
2.61986e-05
-3.20371e-05
0.000518016
5.29192e-05
-3.36975e-05
0.000503046
8.97388e-05
-2.89383e-05
0.000481513
0.000140531
-1.61689e-05
0.000451085
0.000208957
3.58253e-06
0.000407598
0.00029983
3.36186e-05
0.000351129
0.00042079
6.21561e-05
0.000274815
0.000571056
0.000106314
0.000189932
0.000748202
0.000113673
0.000106113
0.000753387
0.00042022
0.000593083
0.00150852
0.000344667
0.000142885
0.00145943
0.000157289
0.000195372
0.00124895
5.5082e-05
0.000207636
0.00110246
5.96649e-06
0.000199415
0.00100143
-1.60657e-05
0.000180755
0.000934184
-2.28532e-05
0.00015662
0.000889057
-2.31971e-05
0.000128559
0.00085696
-2.0476e-05
9.96468e-05
0.000832605
-1.69668e-05
7.0333e-05
0.000812298
-1.27249e-05
4.23638e-05
0.000794136
-7.54214e-06
1.61649e-05
0.000776883
-7.97927e-07
-7.18379e-06
0.000759651
8.68962e-06
-2.72689e-05
0.000741584
2.17209e-05
-4.30327e-05
0.000721321
4.04195e-05
-5.39113e-05
0.000697633
6.65546e-05
-5.90084e-05
0.000667795
0.000103988
-5.66624e-05
0.000629776
0.000155509
-4.86764e-05
0.000578777
0.000228746
-2.86001e-05
0.000513
0.000325477
-1.2886e-05
0.000423832
0.00046169
3.82143e-05
0.000294108
0.000624448
1.99429e-05
0.000148692
0.000618765
0.000355287
0.000424833
0.00154874
0.000271404
0.000182598
0.00170622
0.000129573
0.000271441
0.00146991
4.82307e-05
0.000290007
0.00131788
8.79424e-06
0.000276614
0.00122994
-8.53614e-06
0.000246104
0.00117446
-1.2135e-05
0.000206626
0.00113681
-1.16609e-05
0.000164774
0.00110687
-8.32934e-06
0.000123044
0.00108128
-5.27912e-06
8.38852e-05
0.00105636
-1.20827e-06
4.71618e-05
0.00103202
2.96303e-06
1.43182e-05
0.00100679
9.08639e-06
-1.53916e-05
0.000980449
1.71114e-05
-3.99206e-05
0.000951635
2.91678e-05
-6.06056e-05
0.000919119
4.61258e-05
-7.51574e-05
0.000879888
7.168e-05
-8.32114e-05
0.000831215
0.000107727
-8.68512e-05
0.000765662
0.000161953
-7.54568e-05
0.000679718
0.000233207
-7.61034e-05
0.000555371
0.000326735
-1.96308e-05
0.000404525
0.000454506
-6.13581e-05
0.000170344
0.000426909
0.000304599
0.000217878
0.00130677
0.000151368
0.00019701
0.00136547
7.99938e-05
0.000314116
0.00135993
2.90155e-05
0.000348797
0.00131372
6.46707e-06
0.000329615
0.00128194
-2.70509e-06
0.000285022
0.00125119
-3.43997e-06
0.000233944
0.00122639
-2.73653e-06
0.000181051
0.00119916
-3.48529e-07
0.000133753
0.00117265
1.82255e-06
8.7626e-05
0.00114289
4.37441e-06
4.95977e-05
0.00111214
7.46336e-06
1.16848e-05
0.00107805
1.13874e-05
-1.68741e-05
0.00104064
1.75543e-05
-4.53731e-05
0.000999199
2.5886e-05
-6.47703e-05
0.000949107
3.90775e-05
-8.03857e-05
0.000889069
5.76328e-05
-8.97213e-05
0.000809906
8.64248e-05
-8.71165e-05
0.000705891
0.000123836
-8.58423e-05
0.000561688
0.000182668
-5.05527e-05
0.0003728
0.000231888
-6.68675e-05
0.000132388
0.000206099
0.000233359
-0.000133818
7.40945e-05
-0.000609572
-0.000207183
6.88541e-05
-0.000656799
-0.00018503
5.92067e-05
-0.000611175
-0.000267682
6.54901e-05
-0.000684533
-0.000253205
5.71087e-05
-0.000646468
-0.000224022
4.72748e-05
-0.000595147
-0.000307533
6.42468e-05
-0.00069422
-0.000302706
5.69396e-05
-0.000662259
-0.000280592
4.79844e-05
-0.000618602
-0.000247815
3.97262e-05
-0.000565297
-0.000324617
6.45618e-05
-0.000687894
-0.000329365
5.8299e-05
-0.0006613
-0.000316163
5.05397e-05
-0.000624704
-0.000289998
4.28972e-05
-0.000579277
-0.00025685
3.69605e-05
-0.000525847
-0.000318334
6.78552e-05
-0.000667852
-0.000333988
6.15823e-05
-0.000647048
-0.000330262
5.42765e-05
-0.000616767
-0.000312189
4.73274e-05
-0.000578531
-0.000284809
4.18205e-05
-0.000532797
-0.000253456
3.87472e-05
-0.000480152
8.06438e-05
-0.000542562
6.4335e-05
-0.000109991
-0.000555167
4.97645e-05
-0.000153936
-0.000551807
3.92084e-05
-0.000188378
-0.000533785
3.39087e-05
-0.000211263
-0.000504016
3.38699e-05
-0.000222062
-0.000465463
3.86188e-05
-0.000221771
-0.000420779
-0.00029101
7.43412e-05
-0.000635752
-0.000318547
6.72393e-05
-0.000621587
-0.000325445
5.95232e-05
-0.000597777
-0.000315986
5.25258e-05
-0.000566151
-0.000295455
4.72619e-05
-0.000527633
-0.000268797
4.44407e-05
-0.000482389
-0.000240023
4.44469e-05
-0.000430612
-0.000211671
4.72668e-05
-0.000372173
7.18504e-05
-0.000479853
5.6093e-05
-8.50031e-05
-0.000488076
4.2923e-05
-0.000122568
-0.000482577
3.4429e-05
-0.00015402
-0.000464454
3.14877e-05
-0.000176647
-0.000435586
3.39802e-05
-0.000189348
-0.000398168
4.12733e-05
-0.000191814
-0.000354373
5.23118e-05
-0.000184342
-0.000306461
-0.000245407
8.07493e-05
-0.000591599
-0.000284797
7.4711e-05
-0.000585646
-0.000303734
6.65194e-05
-0.000568983
-0.00030436
5.87392e-05
-0.000544063
-0.000291445
5.29693e-05
-0.000512318
-0.00027022
4.99709e-05
-0.000474172
-0.000244975
5.001e-05
-0.000429757
-0.000218841
5.30466e-05
-0.000378905
-0.000193124
5.85971e-05
-0.000321291
-0.00016732
6.57722e-05
-0.000256302
6.50053e-05
-0.000406917
5.08045e-05
-6.55264e-05
-0.000412432
3.95553e-05
-9.69857e-05
-0.000406097
3.31492e-05
-0.000124957
-0.000388165
3.22718e-05
-0.000146583
-0.00035994
3.67691e-05
-0.000159737
-0.000323146
4.58811e-05
-0.000163265
-0.000279869
5.84919e-05
-0.000156426
-0.000232318
7.32754e-05
-0.000138986
-0.000182784
6.02523e-05
-0.00032673
4.80704e-05
-5.35958e-05
-0.000329991
3.89058e-05
-7.83293e-05
-0.000322579
3.4363e-05
-0.000101428
-0.000304268
3.51066e-05
-0.000119881
-0.000275831
4.09254e-05
-0.000130998
-0.000238854
5.10252e-05
-0.000132793
-0.000195387
6.42777e-05
-0.000123957
-0.000147965
7.94891e-05
-0.00010353
-9.93422e-05
5.64597e-05
-0.000240189
4.64698e-05
-4.58296e-05
-0.000240478
3.9295e-05
-6.2588e-05
-0.000230745
3.64005e-05
-7.87767e-05
-0.00021068
3.82827e-05
-9.13176e-05
-0.000180813
4.4754e-05
-9.72515e-05
-0.000142679
5.49746e-05
-9.41712e-05
-9.86264e-05
6.7966e-05
-8.02601e-05
-5.14945e-05
8.25555e-05
-5.42314e-05
-4.57311e-06
5.19864e-05
-0.00014625
4.41798e-05
-3.25403e-05
-0.000141816
3.89743e-05
-3.97285e-05
-0.000127982
3.74196e-05
-4.6816e-05
-0.000104452
4.00384e-05
-5.06863e-05
-7.18656e-05
4.64305e-05
-4.84227e-05
-3.20054e-05
5.60497e-05
-3.742e-05
1.25236e-05
6.77402e-05
-1.57934e-05
5.83903e-05
8.0948e-05
1.79911e-05
0.000102336
-0.000191558
8.20731e-05
-0.000535276
-0.000236838
8.03045e-05
-0.000538823
-0.000266862
7.38351e-05
-0.000530265
-0.000278964
6.57578e-05
-0.000512411
-0.000275342
5.89136e-05
-0.000487336
-0.000260675
5.49425e-05
-0.000456114
-0.000239689
5.43896e-05
-0.000418953
-0.000215952
5.71926e-05
-0.000375529
-0.000191645
6.29921e-05
-0.000325779
-0.000167184
7.10239e-05
-0.000269279
-0.000141242
8.01323e-05
-0.00020545
-0.000110791
8.88747e-05
-0.000133455
-7.09267e-05
9.54116e-05
-5.2273e-05
-1.5038e-05
9.79711e-05
3.91143e-05
6.52353e-05
9.49169e-05
0.000141145
-0.00014037
7.49062e-05
-0.000463354
-0.000183832
7.94794e-05
-0.000478388
-0.000219455
7.76417e-05
-0.00047966
-0.000241491
7.16141e-05
-0.000470095
-0.000248303
6.45797e-05
-0.000452003
-0.000242026
5.92937e-05
-0.000427234
-0.000226651
5.72573e-05
-0.000396933
-0.000206141
5.89747e-05
-0.00036117
-0.000183438
6.42836e-05
-0.000319337
-0.000159727
7.25215e-05
-0.000271089
-0.000134718
8.2789e-05
-0.000216384
-0.000106586
9.37877e-05
-0.000154846
-7.18817e-05
0.000103831
-8.59924e-05
-2.57112e-05
0.000111051
-9.05498e-06
3.81611e-05
0.000113472
7.68028e-05
0.00012685
0.000110093
0.000171986
4.52863e-05
-4.20604e-05
3.97758e-05
5.07236e-06
-3.07186e-05
3.63195e-05
8.23929e-06
-1.08904e-05
3.59583e-05
1.17442e-05
1.75406e-05
3.87019e-05
1.83083e-05
5.34517e-05
4.45686e-05
3.07585e-05
9.48273e-05
5.25854e-05
5.14339e-05
0.000138682
6.2468e-05
8.22226e-05
0.000181867
7.33192e-05
0.000124408
0.000221094
8.60186e-05
0.00017926
0.000253546
0.000100619
0.000247395
0.000276047
3.58559e-05
7.65937e-05
3.23921e-05
9.65878e-05
9.65583e-05
3.07031e-05
0.000109368
0.000123664
3.08882e-05
0.000123084
0.000157391
3.35313e-05
0.000140234
0.000196384
3.78493e-05
0.000162796
0.00023816
4.41127e-05
0.000192977
0.000279955
5.11991e-05
0.00023164
0.000318724
6.03671e-05
0.000280311
0.000351878
7.13691e-05
0.000339638
0.000376531
8.66742e-05
0.000411235
0.000389627
2.40797e-05
0.000214504
2.26225e-05
0.000285582
0.000243394
2.17967e-05
0.0003046
0.000277509
2.24916e-05
0.000326097
0.000315888
2.39459e-05
0.000350853
0.000356756
2.70664e-05
0.000381394
0.000397711
3.06005e-05
0.000417205
0.000436104
3.61407e-05
0.00046048
0.00046961
4.2916e-05
0.000510653
0.000496182
5.40281e-05
0.000571333
0.000511885
6.89046e-05
0.000641518
0.000512673
-9.91038e-05
5.89808e-05
-0.000368015
-0.000135019
7.03895e-05
-0.000398246
-0.000169499
7.48107e-05
-0.000412188
-0.000196586
7.32533e-05
-0.000413023
-0.000212051
6.81602e-05
-0.000403402
-0.00021491
6.25003e-05
-0.000385804
-0.000206923
5.8802e-05
-0.000362166
-0.000191323
5.84933e-05
-0.000333245
-0.00017118
6.20721e-05
-0.000299007
-0.000148529
6.93726e-05
-0.000259301
-0.000123932
7.97515e-05
-0.000213678
-9.64681e-05
9.21154e-05
-0.000162076
-6.38619e-05
0.000105111
-0.000104709
-2.25442e-05
0.000116937
-4.13405e-05
3.21716e-05
0.000125507
2.86195e-05
0.000105534
0.000129014
0.000106289
0.00020263
0.000126371
0.000192163
0.000329047
0.000118459
0.000285986
0.000495264
0.000105672
0.000387565
0.000726608
9.19335e-05
0.000491346
-6.969e-05
3.61431e-05
-0.000239228
-9.6369e-05
5.34845e-05
-0.000289068
-0.000124681
6.46593e-05
-0.000319556
-0.000150954
6.90462e-05
-0.000334041
-0.000170733
6.78585e-05
-0.000335573
-0.000180914
6.35645e-05
-0.000327003
-0.000180758
5.89862e-05
-0.00031087
-0.000171606
5.64635e-05
-0.000288892
-0.000155819
5.73425e-05
-0.00026182
-0.000135611
6.21766e-05
-0.000229797
-0.000112059
7.08345e-05
-0.000192837
-8.5022e-05
8.28379e-05
-0.000151133
-5.32104e-05
9.73222e-05
-0.000104813
-1.39074e-05
0.000112689
-5.42837e-05
3.64622e-05
0.000127049
3.0853e-07
0.000101877
0.000138221
5.97746e-05
0.000185701
0.0001441
0.000125741
0.000291362
0.000144199
0.000199639
0.000423285
0.000138987
0.000280512
0.000593452
0.000131302
0.000367221
0.000823159
0.000123882
0.000442176
-4.71104e-05
1.2313e-05
-7.003e-05
-6.86399e-05
3.23063e-05
-0.000142596
-8.98947e-05
4.85377e-05
-0.000192551
-0.000111166
5.88601e-05
-0.000223819
-0.000130166
6.28539e-05
-0.000239503
-0.000143739
6.1663e-05
-0.000242605
-0.000149567
5.76955e-05
-0.000236127
-0.000146923
5.3558e-05
-0.000222218
-0.000136779
5.14804e-05
-0.000202624
-0.000120683
5.2777e-05
-0.000178243
-9.98487e-05
5.80245e-05
-0.000149549
-7.46203e-05
6.7345e-05
-0.000116875
-4.40643e-05
8.04601e-05
-8.08254e-05
-6.17204e-06
9.68409e-05
-4.22786e-05
4.179e-05
0.000115158
-2.02215e-06
0.000103225
0.000133094
3.98034e-05
0.000180805
0.000148227
8.41958e-05
0.00027594
0.000158236
0.000134728
0.000390243
0.000162285
0.000193524
0.000529309
0.000162769
0.000259066
0.000704585
0.000163138
0.00032727
0.000947314
0.000172854
0.000357517
-1.67593e-05
-2.97723e-06
0.000142181
-4.52175e-05
1.47529e-05
4.41988e-05
-6.44993e-05
3.22291e-05
-2.67437e-05
-8.0917e-05
4.61137e-05
-7.6015e-05
-9.59601e-05
5.45225e-05
-0.000107456
-0.000108583
5.70534e-05
-0.000124341
-0.000116767
5.49861e-05
-0.000129561
-0.00011878
5.04674e-05
-0.000125618
-0.000113993
4.59058e-05
-0.000114665
-0.000102905
4.3356e-05
-9.84277e-05
-8.62751e-05
4.41072e-05
-7.80528e-05
-6.44809e-05
4.88821e-05
-5.42788e-05
-3.70116e-05
5.80487e-05
-2.79146e-05
-2.20885e-06
7.17329e-05
-5.01963e-08
4.25513e-05
8.97539e-05
2.77803e-05
0.000100447
0.00011115
5.41392e-05
0.00017381
0.000133407
7.87985e-05
0.000264198
0.000153598
0.000103589
0.000370893
0.000168836
0.000134258
0.000495537
0.000179267
0.000174872
0.000643402
0.000188805
0.000221428
0.000833787
0.000206757
0.00026569
0.00109131
0.000236205
0.000226629
4.52864e-05
-7.88034e-07
0.00039786
-1.10615e-05
1.04519e-05
0.000271422
-4.07162e-05
2.48342e-05
0.000177735
-5.81018e-05
3.84418e-05
0.000110056
-7.03287e-05
4.83992e-05
6.28283e-05
-7.989e-05
5.31577e-05
3.19163e-05
-8.70395e-05
5.28032e-05
1.42888e-05
-9.05537e-05
4.85235e-05
7.26862e-06
-8.9257e-05
4.22539e-05
8.44252e-06
-8.25986e-05
3.61722e-05
1.57185e-05
-7.06139e-05
3.20789e-05
2.74225e-05
-5.3366e-05
3.12884e-05
4.22422e-05
-3.04545e-05
3.46561e-05
5.91505e-05
-5.40853e-07
4.2856e-05
7.69544e-05
3.87013e-05
5.6419e-05
9.39683e-05
9.04206e-05
7.55999e-05
0.000108099
0.00015787
9.97887e-05
0.000117074
0.000242915
0.000126605
0.000120996
0.000345837
0.000152281
0.000122123
0.000465115
0.000174216
0.000129875
0.000603438
0.000192926
0.000148037
0.000768694
0.000218803
0.00017054
0.000970474
0.000261151
0.000179617
0.00101501
0.000332879
1.21788e-05
0.000326952
1.14017e-05
0.000572021
0.000358986
1.14319e-05
0.000591932
0.000392659
1.13704e-05
0.000612778
0.000427683
1.24672e-05
0.000636523
0.00046195
1.34249e-05
0.000661811
0.000494562
1.59527e-05
0.000691027
0.00052267
1.88507e-05
0.000721801
0.000545891
2.47105e-05
0.000759341
0.000559575
3.30089e-05
0.000799334
0.000560418
4.68221e-05
0.000851525
0.000539345
6.75198e-05
0.000905855
0.000488237
0.000104125
0.000971722
0.000384278
0.000150268
0.000977176
0.000217028
0.000171687
0.000956417
0.000171112
1.73478e-05
0.000700221
5.51986e-05
2.44297e-05
0.000539595
-4.4022e-06
3.42923e-05
0.000420094
-3.46553e-05
4.47564e-05
0.000332522
-5.0085e-05
5.29091e-05
0.000269286
-5.84746e-05
5.68514e-05
0.000224754
-6.34498e-05
5.61301e-05
0.000195345
-6.60073e-05
5.11486e-05
0.000177743
-6.5648e-05
4.30977e-05
0.000169164
-6.16734e-05
3.37427e-05
0.000167204
-5.35098e-05
2.49848e-05
0.00016991
-4.08063e-05
1.835e-05
0.000175745
-2.30343e-05
1.51094e-05
0.000183333
9.93085e-07
1.62637e-05
0.000191433
3.32308e-05
2.27406e-05
0.000198382
7.66012e-05
3.54548e-05
0.000202026
0.000134513
5.48881e-05
0.000199468
0.000210456
8.11515e-05
0.000188236
0.000306432
0.000111146
0.000167639
0.000422255
0.000141992
0.000143597
0.000558635
0.000168549
0.000125
0.000719284
0.000201221
0.000115641
0.00090209
0.000240468
0.000108865
0.000962369
0.00043017
0.000393055
3.69528e-05
0.00106347
0.000177048
5.32942e-05
0.000855747
6.13835e-05
6.38355e-05
0.000702624
1.32726e-06
7.20984e-05
0.000591332
-2.79609e-05
7.67351e-05
0.00050976
-4.06729e-05
7.67915e-05
0.000450717
-4.57302e-05
7.24379e-05
0.000409885
-4.69058e-05
6.42398e-05
0.000382611
-4.59285e-05
5.27778e-05
0.000365073
-4.26901e-05
3.95096e-05
0.000354419
-3.68864e-05
2.58595e-05
0.000348457
-2.7755e-05
1.33324e-05
0.000345527
-1.47011e-05
3.31316e-06
0.000344124
3.46026e-06
-3.07911e-06
0.000342986
2.83472e-05
-4.76018e-06
0.000340529
6.25342e-05
-6.31123e-07
0.000334872
0.00010912
1.02577e-05
0.000323178
0.00017203
2.89988e-05
0.000302607
0.000254952
5.48143e-05
0.000270121
0.00036193
8.70927e-05
0.000225403
0.00049514
0.000118311
0.000171718
0.00065519
0.000155149
0.000120694
0.000843545
0.000175439
7.82559e-05
0.000869896
0.000435065
0.000659154
0.00135024
0.000374443
7.01228e-05
0.00124593
0.000172227
0.000102968
0.00103775
6.18433e-05
0.000118445
0.000890712
5.31805e-06
0.000123666
0.000784474
-2.04947e-05
0.000119202
0.000707169
-3.02675e-05
0.000109254
0.000653604
-3.2436e-05
9.47009e-05
0.00061672
-3.08431e-05
7.73037e-05
0.000591038
-2.75544e-05
5.80257e-05
0.000572566
-2.26787e-05
3.82726e-05
0.000558703
-1.59131e-05
1.92335e-05
0.000547499
-6.53944e-06
2.23314e-06
0.00053746
6.59001e-06
-1.18075e-05
0.000527453
2.47556e-05
-2.17461e-05
0.000515877
5.0271e-05
-2.66267e-05
0.000501093
8.56748e-05
-2.53737e-05
0.000480362
0.000134805
-1.65316e-05
0.000451058
0.000201781
-5.52346e-07
0.000408948
0.000291753
2.546e-05
0.00035275
0.000412538
5.163e-05
0.000274594
0.000568428
9.29153e-05
0.000181476
0.000755627
8.44947e-05
8.79301e-05
0.000771617
0.00037348
0.000567052
0.00150919
0.000331291
0.000135859
0.00145905
0.000153454
0.000186693
0.00124602
5.52319e-05
0.000198327
0.00109655
8.05593e-06
0.000190435
0.000992492
-1.33701e-05
0.000173066
0.000922573
-1.96059e-05
0.000149928
0.00087516
-1.96953e-05
0.000123079
0.000841563
-1.63385e-05
9.48062e-05
0.000816141
-1.22076e-05
6.66427e-05
0.000794948
-6.72213e-06
3.94813e-05
0.000776334
-2.19487e-07
1.45133e-05
0.000758369
9.04396e-06
-7.68257e-06
0.000740107
2.14594e-05
-2.59409e-05
0.000720145
3.93125e-05
-3.9913e-05
0.000697178
6.43851e-05
-4.82661e-05
0.000668631
0.000100376
-5.00811e-05
0.000632518
0.000150768
-4.57765e-05
0.000583835
0.000222361
-3.10137e-05
0.000520782
0.000318712
-1.83414e-05
0.000432951
0.000456761
2.4229e-05
0.000307791
0.000628687
-2.94266e-06
0.000142812
0.000640673
0.000290216
0.000406195
0.00154302
0.000260295
0.000173386
0.00169535
0.000125386
0.00025842
0.00145611
4.78354e-05
0.000274875
0.0013008
9.94633e-06
0.00026301
0.00120956
-6.3918e-06
0.000233536
0.00115124
-9.67392e-06
0.000196207
0.00111162
-8.6334e-06
0.00015562
0.00108019
-5.03192e-06
0.000116251
0.0010536
-1.03283e-06
7.80317e-05
0.00102834
3.64288e-06
4.34982e-05
0.00100357
9.60524e-06
1.1525e-05
0.000977727
1.74325e-05
-1.53321e-05
0.000949816
2.90514e-05
-3.91635e-05
0.000918696
4.53031e-05
-5.65233e-05
0.000881067
6.99541e-05
-6.90319e-05
0.000834832
0.000105165
-7.55907e-05
0.000772423
0.000157913
-7.10116e-05
0.000689729
0.000229585
-7.16309e-05
0.000569497
0.000324338
-3.12583e-05
0.000425328
0.000453855
-7.37855e-05
0.000194986
0.00045532
0.000225722
0.000206468
0.00129732
0.000143957
0.000187065
0.00134857
7.78011e-05
0.000295542
0.00133538
2.77987e-05
0.000331104
0.00128443
7.2736e-06
0.000310305
0.00124938
-1.85836e-06
0.000270359
0.00121663
-1.95053e-06
0.000219032
0.00119036
-1.24815e-06
0.000171818
0.00116234
1.99946e-06
0.000123134
0.00113514
4.27107e-06
8.34212e-05
0.00110479
7.99263e-06
4.26537e-05
0.00107318
1.16223e-05
1.22547e-05
0.0010373
1.78107e-05
-2.00145e-05
0.000997468
2.57835e-05
-4.13033e-05
0.000949949
3.86428e-05
-6.17917e-05
0.000891871
5.6745e-05
-7.35577e-05
0.000816161
8.44944e-05
-7.72331e-05
0.000715529
0.000123321
-7.69075e-05
0.000573636
0.000181124
-5.47096e-05
0.000384722
0.000239353
-6.46895e-05
0.000131269
0.000200164
0.000165584
8.57498e-05
-0.000606285
-0.000199499
7.90701e-05
-0.000658578
-0.000180894
6.97316e-05
-0.000619104
-0.000265755
7.38407e-05
-0.000691541
-0.000256849
6.62247e-05
-0.000660174
-0.000229253
5.59205e-05
-0.0006121
-0.000311857
7.05899e-05
-0.000707243
-0.000314094
6.53064e-05
-0.000681343
-0.000294854
5.5743e-05
-0.000640674
-0.000261164
4.58689e-05
-0.000588458
-0.000335716
6.94065e-05
-0.000707064
-0.000347438
6.51702e-05
-0.000684377
-0.000337548
5.73016e-05
-0.000650191
-0.000311674
4.85802e-05
-0.00060578
-0.000276178
4.08377e-05
-0.000552898
-0.00033631
7.03346e-05
-0.000691138
-0.000357126
6.63079e-05
-0.000672765
-0.000356555
5.98589e-05
-0.000644327
-0.000339206
5.24394e-05
-0.000607229
-0.000310716
4.55842e-05
-0.000561995
-0.00027643
4.06676e-05
-0.00050967
-0.000313682
7.4815e-05
-0.000661838
-0.000345569
6.99057e-05
-0.000649153
-0.000355177
6.35282e-05
-0.000626568
-0.000346383
5.67378e-05
-0.00059578
-0.000325041
5.07449e-05
-0.00055787
-0.000296306
4.65552e-05
-0.000513096
-0.000264669
4.49294e-05
-0.000461816
7.57915e-05
-0.000556637
5.92121e-05
-0.000149959
-0.000562263
4.61475e-05
-0.000191889
-0.00055152
3.81474e-05
-0.00022153
-0.000527237
3.57692e-05
-0.000237662
-0.000492698
3.86726e-05
-0.000241152
-0.000450775
4.62261e-05
-0.00023339
-0.000404013
-0.00026971
8.1226e-05
-0.000619763
-0.000314553
7.61323e-05
-0.000614888
-0.00033588
6.89762e-05
-0.000598894
-0.000336975
6.18081e-05
-0.000574445
-0.000323141
5.59353e-05
-0.000543129
-0.000300034
5.21973e-05
-0.000505575
-0.000272368
5.11098e-05
-0.000461659
-0.000243718
5.29237e-05
-0.000411391
-0.000215805
5.73937e-05
-0.000354574
6.65093e-05
-0.000491173
5.10568e-05
-0.000117328
-0.000493568
3.96724e-05
-0.000154461
-0.000482254
3.39699e-05
-0.000183024
-0.000458898
3.41547e-05
-0.000201107
-0.00042571
3.98392e-05
-0.000207926
-0.000385126
5.01022e-05
-0.00020355
-0.000339386
6.37761e-05
-0.000188449
-0.000290616
-0.000213244
8.46352e-05
-0.000566065
-0.000266151
8.25764e-05
-0.000570151
-0.000300186
7.60037e-05
-0.000561806
-0.000313159
6.81614e-05
-0.00054421
-0.000308459
6.14695e-05
-0.000519446
-0.000291697
5.73201e-05
-0.000488645
-0.000268169
5.62357e-05
-0.000451918
-0.000241987
5.83398e-05
-0.000409014
-0.000215615
6.34114e-05
-0.000359749
-0.000189668
7.08298e-05
-0.000303864
-0.00016304
7.95281e-05
-0.000240757
6.00441e-05
-0.000416082
4.63833e-05
-9.0639e-05
-0.000417092
3.70744e-05
-0.000123168
-0.000406055
3.34433e-05
-0.000150047
-0.000383783
3.57351e-05
-0.000168625
-0.000351681
4.34419e-05
-0.000177003
-0.000311925
5.55546e-05
-0.000174142
-0.000266683
7.0835e-05
-0.000159467
-0.000218394
8.80473e-05
-0.000132649
-0.000169484
5.6275e-05
-0.000334347
4.47355e-05
-7.24176e-05
-0.000334168
3.73715e-05
-9.9115e-05
-0.000322968
3.54682e-05
-0.000122293
-0.000300924
3.92182e-05
-0.000138652
-0.000269112
4.81006e-05
-0.000145659
-0.000229335
6.10486e-05
-0.000141282
-0.000184136
7.69481e-05
-0.00012423
-0.000136247
9.45785e-05
-9.35018e-05
-8.87901e-05
5.37185e-05
-0.000246506
4.4314e-05
-5.89356e-05
-0.000244265
3.8767e-05
-7.78277e-05
-0.000231487
3.81715e-05
-9.45973e-05
-0.000208152
4.27801e-05
-0.000105527
-0.000175279
5.19518e-05
-0.000107614
-0.000134758
6.4849e-05
-9.83359e-05
-8.93501e-05
8.02381e-05
-7.58534e-05
-4.23705e-05
9.73268e-05
-3.86789e-05
2.68893e-06
5.03535e-05
-0.000151325
4.31244e-05
-4.00406e-05
-0.000144852
3.92059e-05
-4.91337e-05
-0.00012855
3.96525e-05
-5.65843e-05
-0.000102248
4.44671e-05
-5.88773e-05
-6.71763e-05
5.33072e-05
-5.26822e-05
-2.54819e-05
6.50931e-05
-3.53753e-05
1.95978e-05
7.91576e-05
-4.85378e-06
6.45455e-05
9.45895e-05
4.06617e-05
0.000105639
-0.000156215
8.05468e-05
-0.000499693
-0.000208957
8.42312e-05
-0.000514078
-0.000251053
8.14916e-05
-0.000514881
-0.000275924
7.47615e-05
-0.000504836
-0.000282381
6.74116e-05
-0.000486831
-0.000273941
6.20516e-05
-0.00046253
-0.000255704
6.00316e-05
-0.000432703
-0.000232388
6.16904e-05
-0.000397204
-0.000207279
6.68013e-05
-0.000355497
-0.000181869
7.48625e-05
-0.000307476
-0.000155949
8.49826e-05
-0.000252899
-0.000127671
9.58922e-05
-0.000191382
-9.35111e-05
0.000105852
-0.000122267
-4.8318e-05
0.000112982
-4.46767e-05
1.44923e-05
0.000115286
4.2414e-05
0.000102837
0.000111684
0.000139492
-0.000107832
6.73227e-05
-0.000415483
-0.000153401
7.78295e-05
-0.000443322
-0.000196109
8.10916e-05
-0.000455227
-0.000228439
7.83389e-05
-0.000454532
-0.000245729
7.23595e-05
-0.000444197
-0.000247438
6.62553e-05
-0.000426436
-0.000236642
6.26657e-05
-0.000402924
-0.00021778
6.27811e-05
-0.000374282
-0.00019461
6.68898e-05
-0.000340346
-0.00016965
7.47083e-05
-0.000300403
-0.000143497
8.54553e-05
-0.00025419
-0.000115293
9.81425e-05
-0.000201914
-8.26806e-05
0.000111323
-0.00014352
-4.19615e-05
0.000123095
-7.86189e-05
1.18821e-05
0.000131277
-6.57048e-06
8.46241e-05
0.000134057
7.37488e-05
0.000182182
0.000130457
0.000162596
4.45893e-05
-4.55964e-05
3.94344e-05
3.12894e-06
-3.26506e-05
3.71493e-05
5.12563e-06
-1.07181e-05
3.81831e-05
8.71843e-06
1.98354e-05
4.28981e-05
1.72871e-05
5.75561e-05
5.04809e-05
3.38327e-05
9.97968e-05
6.06613e-05
6.10543e-05
0.000143301
7.22788e-05
0.00010083
0.000184366
8.60079e-05
0.000155022
0.000219691
0.000101867
0.00022474
0.000245702
0.000121687
0.000310843
0.000259238
3.56392e-05
7.4885e-05
3.2723e-05
9.96025e-05
9.62236e-05
3.16016e-05
0.000112025
0.000124918
3.31676e-05
0.000126776
0.000160172
3.68369e-05
0.000146372
0.000199917
4.29829e-05
0.000173658
0.000241562
5.03846e-05
0.000210246
0.000281565
6.00152e-05
0.000258144
0.000317016
7.15251e-05
0.000318219
0.000344688
8.76742e-05
0.000392692
0.000361428
0.00010829
0.000482088
0.000363417
2.44486e-05
0.000214969
2.29804e-05
0.000291442
0.000244973
2.30617e-05
0.000311833
0.000280143
2.40419e-05
0.000334984
0.000319085
2.69454e-05
0.000364003
0.000359669
3.04847e-05
0.000398883
0.000398973
3.61938e-05
0.000442314
0.000434029
4.30181e-05
0.000493469
0.000462627
5.43655e-05
0.000556758
0.000481102
6.9776e-05
0.000631106
0.00048553
9.44729e-05
0.000723534
0.000468097
-7.15051e-05
4.58092e-05
-0.000303055
-0.000107027
6.26912e-05
-0.000349659
-0.000144165
7.28656e-05
-0.000376817
-0.000177606
7.60852e-05
-0.000388368
-0.000201602
7.3779e-05
-0.000387772
-0.000212714
6.88039e-05
-0.000377906
-0.000210906
6.41355e-05
-0.00036099
-0.00019866
6.21967e-05
-0.000338815
-0.00017939
6.40878e-05
-0.00031169
-0.000155996
7.01746e-05
-0.000279424
-0.000129922
8.01418e-05
-0.000241829
-0.000101257
9.33561e-05
-0.000198683
-6.83965e-05
0.000108589
-0.000150368
-2.86358e-05
0.000124348
-9.73913e-05
2.17251e-05
0.000138566
-3.96622e-05
8.70007e-05
0.000148878
2.36322e-05
0.000171067
0.000153279
9.40138e-05
0.000277867
0.000151645
0.000172472
0.000412623
0.000144991
0.000257329
0.000588761
0.000136599
0.000347591
0.000829928
0.000128608
0.000423489
-4.46145e-05
1.95289e-05
-0.000151852
-7.23388e-05
4.05581e-05
-0.000222602
-0.000101454
5.69369e-05
-0.000269785
-0.000130587
6.67577e-05
-0.000297847
-0.000155725
6.99354e-05
-0.000310559
-0.000172673
6.80892e-05
-0.000311163
-0.000178948
6.40192e-05
-0.000302655
-0.000174432
6.04502e-05
-0.000287347
-0.000161073
5.96411e-05
-0.000266896
-0.000141338
6.27156e-05
-0.000241704
-0.000117075
7.00534e-05
-0.00021179
-8.88501e-05
8.1546e-05
-0.000177316
-5.58152e-05
9.67226e-05
-0.000138783
-1.60727e-05
0.000114649
-9.68723e-05
3.35263e-05
0.000133496
-5.24662e-05
9.63804e-05
0.000151129
-5.75538e-06
0.000175249
0.000164959
4.44719e-05
0.000271566
0.000172671
0.000101643
0.000387433
0.000174206
0.00016723
0.000529489
0.000172954
0.000238681
0.000711668
0.000172532
0.000311489
0.000970275
0.000181288
0.00034205
-1.48625e-05
-3.32495e-06
4.44814e-05
-4.52027e-05
1.70225e-05
-5.47607e-05
-6.94973e-05
3.65606e-05
-0.000125621
-9.25991e-05
5.17178e-05
-0.000173727
-0.00011438
6.07107e-05
-0.000203256
-0.000132251
6.34681e-05
-0.000217641
-0.000143196
6.16719e-05
-0.000220153
-0.000145389
5.78546e-05
-0.000213815
-0.000138648
5.47001e-05
-0.000200783
-0.000124327
5.42325e-05
-0.000182658
-0.000103876
5.7591e-05
-0.000160209
-7.82261e-05
6.53437e-05
-0.000133803
-4.69565e-05
7.75934e-05
-0.000104063
-8.36433e-06
9.42606e-05
-7.20896e-05
4.01281e-05
0.000114619
-3.93161e-05
0.000101532
0.000136942
-6.95453e-06
0.000178577
0.000158714
2.45498e-05
0.000272064
0.000177322
5.72444e-05
0.000380754
0.000189598
9.75549e-05
0.000506572
0.000196786
0.000148472
0.000657137
0.000204331
0.000204139
0.000857147
0.000221829
0.000254935
0.00113697
0.000247732
0.000214392
4.1331e-05
-1.24587e-05
0.000287795
-1.19417e-05
1.38685e-06
0.000156427
-4.26073e-05
1.91152e-05
5.92039e-05
-6.39298e-05
3.60159e-05
-1.08177e-05
-8.16594e-05
4.88518e-05
-5.90134e-05
-9.68732e-05
5.59737e-05
-8.93929e-05
-0.0001083
5.7383e-05
-0.000105478
-0.000114018
5.47111e-05
-0.00011034
-0.000112661
5.03062e-05
-0.000106615
-0.000103977
4.65952e-05
-9.65254e-05
-8.8705e-05
4.54729e-05
-8.17022e-05
-6.7428e-05
4.81544e-05
-6.3263e-05
-4.00297e-05
5.53674e-05
-4.20223e-05
-5.18641e-06
6.76004e-05
-1.91364e-05
3.96636e-05
8.51517e-05
3.58983e-06
9.76895e-05
0.000107743
2.39178e-05
0.000171609
0.000133664
4.01442e-05
0.000263257
0.000160076
5.19793e-05
0.000371429
0.000183591
6.32411e-05
0.000492776
0.000201446
8.4418e-05
0.000630328
0.000216887
0.0001199
0.000798965
0.000240848
0.000157066
0.00101538
0.000286691
0.000170303
0.00108495
0.000328371
0.000160907
-3.40494e-06
0.000579141
5.02838e-05
2.21163e-06
0.000411015
-6.70004e-06
1.39263e-05
0.000284628
-3.77378e-05
2.83032e-05
0.000190957
-5.64252e-05
4.13439e-05
0.000123451
-6.93707e-05
5.03252e-05
7.65572e-05
-7.87585e-05
5.39859e-05
4.60425e-05
-8.46177e-05
5.26585e-05
2.87644e-05
-8.57975e-05
4.78461e-05
2.18262e-05
-8.13887e-05
4.16679e-05
2.26623e-05
-7.10533e-05
3.62962e-05
2.90448e-05
-5.49107e-05
3.34892e-05
3.93262e-05
-3.27342e-05
3.44949e-05
5.21033e-05
-3.45956e-06
4.02574e-05
6.62019e-05
3.51011e-05
5.16054e-05
7.98978e-05
8.6202e-05
6.92547e-05
9.07128e-05
0.000153517
9.33403e-05
9.55439e-05
0.000239377
0.000122235
9.2523e-05
0.000344751
0.00015238
8.25776e-05
0.000467131
0.000181062
7.04005e-05
0.000603987
0.000204823
7.26254e-05
0.000764081
0.000233095
8.89489e-05
0.000952441
0.000280696
0.000100644
0.00104276
0.00043211
1.23477e-05
0.000329417
1.22036e-05
0.000577385
0.000361329
1.20035e-05
0.000598132
0.000395302
1.29739e-05
0.000622175
0.000429057
1.3874e-05
0.000648009
0.000461878
1.63532e-05
0.000678689
0.000490548
1.9163e-05
0.000710965
0.000514343
2.48754e-05
0.00075101
0.000529347
3.32247e-05
0.000793791
0.000531893
4.74105e-05
0.000850743
0.000513789
6.90252e-05
0.000910822
0.000465352
0.000106156
0.000987577
0.000366226
0.000152725
0.00100489
0.000203836
0.000167638
0.00100581
0.000385082
1.28272e-05
0.000922557
0.000171517
1.83225e-05
0.00071186
5.85426e-05
2.59242e-05
0.000550805
-6.99461e-07
3.62311e-05
0.000430646
-3.14972e-05
4.65552e-05
0.000342413
-4.74785e-05
5.43185e-05
0.000278625
-5.60475e-05
5.75193e-05
0.000233682
-6.04976e-05
5.5978e-05
0.000204108
-6.17087e-05
5.02352e-05
0.000186385
-5.91721e-05
4.18539e-05
0.000177535
-5.23615e-05
3.26394e-05
0.000175024
-4.07515e-05
2.45289e-05
0.000176728
-2.39319e-05
1.91001e-05
0.000180985
-8.70496e-07
1.76053e-05
0.000186322
3.02457e-05
2.11627e-05
0.000191112
7.22988e-05
3.08682e-05
0.000193204
0.000129026
4.7638e-05
0.00018937
0.00020432
7.20802e-05
0.000176249
0.000300981
0.000102085
0.000151269
0.000419186
0.000134836
0.000117539
0.00055885
0.000163792
8.46449e-05
0.000720365
0.000195216
6.58302e-05
0.000912603
0.000228911
5.81392e-05
0.00095873
0.000450202
0.000687205
0.00119709
0.000382047
3.57794e-05
0.00107338
0.000175185
5.23003e-05
0.000864324
6.32734e-05
6.32429e-05
0.00071005
4.37996e-06
7.15903e-05
0.000597415
-2.46629e-05
7.62302e-05
0.00051449
-3.73506e-05
7.60598e-05
0.000454178
-4.21142e-05
7.1426e-05
0.000412377
-4.25652e-05
6.27513e-05
0.00038436
-4.02136e-05
5.0952e-05
0.00036629
-3.50329e-05
3.75195e-05
0.000355114
-2.66092e-05
2.41092e-05
0.000348377
-1.42762e-05
1.23659e-05
0.000344211
3.01983e-06
3.57367e-06
0.000341042
2.6795e-05
-1.00472e-06
0.000337192
5.95579e-05
-2.23085e-07
0.000330834
0.00010452
7.07755e-06
0.000319207
0.000165781
2.21131e-05
0.000299088
0.000247721
4.46714e-05
0.00026681
0.00035463
7.42399e-05
0.000220097
0.000489484
0.000103534
0.000163235
0.000653874
0.000138182
0.000103239
0.000852525
0.000148325
5.09099e-05
0.000886346
0.000398592
0.000632871
0.00135455
0.000361907
6.73594e-05
0.00125092
0.000168959
9.91205e-05
0.00104157
6.25861e-05
0.000114573
0.000892451
7.89309e-06
0.000119713
0.000784126
-1.72408e-05
0.000115535
0.000704759
-2.64948e-05
0.000105844
0.00064935
-2.81788e-05
9.14374e-05
0.00061107
-2.56902e-05
7.40073e-05
0.000584408
-2.11843e-05
5.48195e-05
0.000564995
-1.44585e-05
3.53369e-05
0.000550336
-5.42138e-06
1.68939e-05
0.00053804
7.24693e-06
8.29278e-07
0.00052662
2.46019e-05
-1.1717e-05
0.000514282
4.89762e-05
-1.9778e-05
0.000499365
8.29279e-05
-2.2076e-05
0.000479253
0.000130288
-1.74351e-05
0.000451353
0.000195713
-5.59287e-06
0.000411153
0.0002842
1.55333e-05
0.000357036
0.000404822
3.81743e-05
0.000280095
0.000561551
7.45747e-05
0.000188144
0.000760157
5.8727e-05
7.57739e-05
0.000792148
0.000309935
0.000543387
0.00150786
0.000318912
0.000130891
0.00145624
0.000149409
0.000178479
0.00124184
5.54895e-05
0.000189333
0.00109
1.0059e-05
0.000182378
0.000983067
-1.0307e-05
0.000165609
0.000910807
-1.59977e-05
0.000143221
0.000861342
-1.53422e-05
0.000117054
0.000826024
-1.12886e-05
8.96452e-05
0.000799395
-5.86732e-06
6.18396e-05
0.000777424
1.02982e-06
3.57213e-05
0.000757739
1.00832e-05
1.15292e-05
0.000738679
2.21535e-05
-9.09788e-06
0.000718543
3.93103e-05
-2.6007e-05
0.00069598
6.33443e-05
-3.75268e-05
0.000668398
9.7968e-05
-4.33998e-05
0.000633936
0.000146977
-4.284e-05
0.00058777
0.000216824
-3.33973e-05
0.000527309
0.000312601
-2.331e-05
0.000442734
0.000451197
8.67088e-06
0.00032165
0.000627613
-1.71471e-05
0.000148237
0.000670436
0.000217913
0.000385802
0.00153707
0.000249104
0.000165772
0.00168285
0.000121709
0.000246092
0.00144098
4.7141e-05
0.000261744
0.00128272
1.14735e-05
0.000249851
0.00118905
-4.21278e-06
0.000222056
0.00112774
-6.60197e-06
0.000185696
0.00108619
-5.21907e-06
0.000147099
0.00105332
-5.43535e-07
0.000108317
0.00102586
4.0721e-06
7.22019e-05
0.000999839
1.06231e-05
3.82814e-05
0.00097418
1.82162e-05
8.9685e-06
0.000946833
2.96781e-05
-1.78202e-05
0.000916605
4.52745e-05
-3.78328e-05
0.000880515
6.91551e-05
-5.45931e-05
0.000836116
0.000103378
-6.39339e-05
0.000776542
0.00015442
-6.56415e-05
0.000697127
0.000226562
-6.6459e-05
0.000581316
0.000321127
-4.15833e-05
0.000439818
0.000453046
-7.55388e-05
0.000213389
0.00046631
0.000154561
0.000196673
0.00128771
0.000138129
0.000176015
0.00132997
7.54498e-05
0.000280436
0.0013106
2.71825e-05
0.000312616
0.00125494
7.85021e-06
0.000294758
0.00121714
-4.69097e-07
0.000253717
0.00118242
-4.21468e-07
0.000207924
0.00115467
1.11292e-06
0.00015882
0.00112554
4.60378e-06
0.000116856
0.00109711
8.07542e-06
7.35603e-05
0.00106581
1.232e-05
4.08746e-05
0.00103224
1.82684e-05
5.31986e-06
0.000993701
2.60753e-05
-1.77273e-05
0.000947816
3.86951e-05
-4.29346e-05
0.000892397
5.62437e-05
-5.67852e-05
0.000818854
8.34438e-05
-6.6435e-05
0.000721919
0.000122242
-6.90842e-05
0.000585463
0.000178462
-5.59059e-05
0.00039637
0.000250732
-5.12287e-05
0.000120529
0.000194272
0.000102581
8.89313e-05
-0.000650984
8.06555e-05
-0.000620751
-0.000255219
8.13363e-05
-0.000688429
-0.000253729
7.53699e-05
-0.000667337
-0.000229496
6.48527e-05
-0.000624502
-0.000307129
7.58701e-05
-0.00071005
-0.000317789
7.24394e-05
-0.000694061
-0.000304384
6.40513e-05
-0.000658774
-0.000271405
5.2817e-05
-0.000608529
-0.000337366
7.29478e-05
-0.000717435
-0.000358139
7.16906e-05
-0.000702927
-0.000354985
6.47049e-05
-0.000672868
-0.000330986
5.48249e-05
-0.000630318
-0.000293972
4.53605e-05
-0.000577877
-0.000345303
7.21834e-05
-0.000709574
-0.00037468
7.14419e-05
-0.000695781
-0.000379456
6.58743e-05
-0.000670049
-0.000364593
5.81431e-05
-0.000634367
-0.000335699
4.99293e-05
-0.000589888
-0.000298824
4.30643e-05
-0.000537799
-0.000330495
7.46434e-05
-0.000685199
-0.000368158
7.26597e-05
-0.000674901
-0.000381981
6.80402e-05
-0.000654142
-0.000375326
6.15774e-05
-0.000624522
-0.000354232
5.4822e-05
-0.000587276
-0.000323866
4.90888e-05
-0.000542857
-0.000289435
4.55501e-05
-0.000491782
-0.000290343
8.00583e-05
-0.00064549
-0.000340927
7.69673e-05
-0.000642525
-0.000365564
7.16437e-05
-0.000627584
-0.000368215
6.53909e-05
-0.000603981
-0.00035436
5.94057e-05
-0.000573222
-0.000330009
5.47273e-05
-0.000536067
-0.000300173
5.21792e-05
-0.000492542
-0.000269053
5.23913e-05
-0.000442647
6.96523e-05
-0.0005678
5.41256e-05
-0.000191681
-0.00056554
4.32484e-05
-0.000228976
-0.00054765
3.82679e-05
-0.00025158
-0.000517618
3.90179e-05
-0.000259729
-0.000478984
4.50188e-05
-0.000254846
-0.000434498
5.54226e-05
-0.000238704
-0.000386435
-0.000233283
8.46104e-05
-0.000593491
-0.000293727
8.31191e-05
-0.000599174
-0.000331976
7.74833e-05
-0.000591605
-0.000346257
7.04624e-05
-0.000574449
-0.000341081
6.41188e-05
-0.000550007
-0.00032273
5.96631e-05
-0.000519561
-0.000297061
5.77135e-05
-0.000483287
-0.000268604
5.86934e-05
-0.000440812
-0.000240145
6.26135e-05
-0.000392081
-0.000212714
6.90562e-05
-0.000336808
6.02239e-05
-0.00049994
4.60894e-05
-0.000151689
-0.000496047
3.736e-05
-0.00018667
-0.000478894
3.48629e-05
-0.000210738
-0.000450687
3.84819e-05
-0.000222652
-0.000413732
4.74801e-05
-0.000222182
-0.000370532
6.07664e-05
-0.000209634
-0.000323414
7.70836e-05
-0.000185374
-0.00027453
-0.00017173
8.33942e-05
-0.000530135
-0.000233952
8.67298e-05
-0.000545223
-0.000282408
8.3533e-05
-0.000546326
-0.00030993
7.68212e-05
-0.00053646
-0.000316144
6.95649e-05
-0.000518542
-0.000305752
6.42562e-05
-0.000494571
-0.000284872
6.19716e-05
-0.000465213
-0.000258945
6.30813e-05
-0.000430103
-0.000231604
6.75445e-05
-0.000388822
-0.000204589
7.49738e-05
-0.000341173
-0.000177944
8.45892e-05
-0.00028693
-0.000149738
9.51388e-05
-0.000225782
5.44702e-05
-0.000423299
4.22721e-05
-0.000118317
-0.00041948
3.55741e-05
-0.000150615
-0.00040369
3.5214e-05
-0.000175031
-0.000377123
4.09949e-05
-0.00018894
-0.000341521
5.2067e-05
-0.000190865
-0.000299169
6.72193e-05
-0.000179737
-0.000252584
8.52362e-05
-0.00015507
-0.000204262
0.000104918
-0.000116414
-0.000156921
5.19381e-05
-0.000340612
4.1763e-05
-9.3941e-05
-0.000336792
3.68729e-05
-0.000121726
-0.00032164
3.80557e-05
-0.000143746
-0.000295715
4.51537e-05
-0.000156549
-0.000260597
5.72114e-05
-0.000157477
-0.000218399
7.31566e-05
-0.000144696
-0.000171978
9.17204e-05
-0.000116766
-0.000124465
0.000112009
-7.25682e-05
-7.92219e-05
5.07978e-05
-0.000252107
4.26159e-05
-7.46564e-05
-0.000246928
3.92137e-05
-9.52034e-05
-0.000230889
4.14112e-05
-0.000111314
-0.000204124
4.89527e-05
-0.000119135
-0.000168243
6.11025e-05
-0.000115321
-0.000125568
7.66608e-05
-9.73571e-05
-7.94142e-05
9.47412e-05
-6.32413e-05
-3.33917e-05
0.000114435
-1.12298e-05
8.56526e-06
4.87713e-05
-0.000155992
4.24754e-05
-4.97699e-05
-0.000147257
4.04216e-05
-6.03264e-05
-0.000128081
4.31022e-05
-6.71713e-05
-9.88735e-05
5.05617e-05
-6.62628e-05
-6.12594e-05
6.18258e-05
-5.40875e-05
-1.81147e-05
7.61989e-05
-2.78139e-05
2.70202e-05
9.25762e-05
1.48533e-05
7.00564e-05
0.000111074
7.62569e-05
0.000107154
-0.000117013
7.35049e-05
-0.000452867
-0.000172509
8.32112e-05
-0.000479564
-0.000223564
8.55569e-05
-0.000490688
-0.000261106
8.18597e-05
-0.000489311
-0.000279723
7.51351e-05
-0.000478565
-0.000279983
6.8821e-05
-0.000461055
-0.000266282
6.5193e-05
-0.000438051
-0.000244115
6.53568e-05
-0.000410034
-0.000218159
6.94675e-05
-0.000376321
-0.000191017
7.71559e-05
-0.000336424
-0.000163608
8.78275e-05
-0.00029021
-0.000135044
0.000100448
-0.000237704
-0.00010293
0.000113539
-0.000178819
-6.33862e-05
0.000125199
-0.00011306
-1.1094e-05
0.000133168
-3.9583e-05
6.03112e-05
0.000135639
4.2772e-05
0.000157737
0.000131657
0.000134147
-7.40083e-05
5.46175e-05
-0.00035307
-0.000118857
7.07063e-05
-0.000396529
-0.00016521
7.98239e-05
-0.000421008
-0.000205818
8.18395e-05
-0.000430515
-0.000233684
7.83603e-05
-0.000428451
-0.000245252
7.25531e-05
-0.000417956
-0.000241186
6.76432e-05
-0.000401134
-0.000225464
6.59574e-05
-0.000379296
-0.000202547
6.83941e-05
-0.000352629
-0.000176089
7.51097e-05
-0.000320655
-0.000147872
8.5721e-05
-0.000282718
-0.00011788
9.93823e-05
-0.000238807
-8.45886e-05
0.000114994
-0.000189393
-4.52077e-05
0.000130918
-0.000134771
4.18377e-06
0.000144947
-7.47479e-05
6.82631e-05
0.000154648
-8.42332e-06
0.000151622
0.000158111
6.55397e-05
0.000258985
0.00015545
0.000147714
4.39146e-05
-4.90161e-05
3.96631e-05
-3.37906e-07
-3.41274e-05
3.86512e-05
8.42843e-07
-9.89222e-06
4.17041e-05
5.57145e-06
2.30145e-05
4.82776e-05
1.75749e-05
6.23731e-05
5.82267e-05
4.04041e-05
0.000105203
7.02609e-05
7.67304e-05
0.000147524
8.47206e-05
0.00012905
0.000185633
0.000101432
0.000199108
0.000215416
0.000122576
0.000288337
0.000233306
0.00014808
0.00039635
0.000235722
3.57586e-05
7.32684e-05
3.32329e-05
0.000101825
9.6171e-05
3.34381e-05
0.000114638
0.00012668
3.60689e-05
0.000131183
0.000163334
4.1681e-05
0.000155091
0.000203748
4.90722e-05
0.000188777
0.000244443
5.90309e-05
0.000234882
0.00028199
7.08425e-05
0.000294669
0.000312741
8.74757e-05
0.000370907
0.000333363
0.000109041
0.000464408
0.000339843
0.000139518
0.000578308
0.000328825
2.46823e-05
0.000215455
2.40352e-05
0.000298325
0.00024665
2.43792e-05
0.000319774
0.000282978
2.68482e-05
0.000346877
0.000322337
3.02275e-05
0.000380222
0.000361977
3.59715e-05
0.000423002
0.000398666
4.28542e-05
0.000474478
0.000429328
5.41807e-05
0.000539494
0.000450586
6.98615e-05
0.000617208
0.000458362
9.5453e-05
0.000715675
0.000445346
0.000131404
0.000830719
0.000404927
-4.17963e-05
2.87541e-05
-0.000218284
-7.69502e-05
4.98969e-05
-0.000285649
-0.000114802
6.56712e-05
-0.000329116
-0.000152137
7.4377e-05
-0.000353559
-0.00018333
7.62444e-05
-0.000363229
-0.00020316
7.33979e-05
-0.000361879
-0.00020907
6.87346e-05
-0.000352383
-0.000201906
6.53708e-05
-0.00033669
-0.000184775
6.53154e-05
-0.000316341
-0.000161186
6.95919e-05
-0.000291259
-0.000133557
7.83593e-05
-0.000261159
-0.000102768
9.13211e-05
-0.000225876
-6.80529e-05
0.000107788
-0.000185644
-2.71831e-05
0.000126461
-0.000141371
2.29313e-05
0.00014568
-9.39103e-05
8.58017e-05
0.000163054
-4.32596e-05
0.000164522
0.000175822
1.18158e-05
0.000260836
0.000181835
7.4553e-05
0.00037764
0.000181662
0.000145593
0.000522527
0.000179364
0.000221525
0.000711492
0.000178629
0.000297746
0.00098558
0.00018664
0.000327701
-1.09268e-05
1.94198e-06
-3.80253e-05
-4.47691e-05
2.40898e-05
-0.000135817
-7.55192e-05
4.44741e-05
-0.000204117
-0.00010636
5.96063e-05
-0.000248873
-0.000135333
6.79071e-05
-0.000274864
-0.000158309
6.97799e-05
-0.000286191
-0.000171403
6.74154e-05
-0.000286352
-0.000172829
6.36253e-05
-0.00027839
-0.000163221
6.13217e-05
-0.000264455
-0.000145011
6.23215e-05
-0.000245818
-0.000120447
6.76563e-05
-0.000222735
-9.0968e-05
7.76855e-05
-0.000195187
-5.62968e-05
9.2314e-05
-0.000163567
-1.48352e-05
0.00011111
-0.000128773
3.60908e-05
0.000132825
-9.21647e-05
9.97968e-05
0.0001557
-5.53023e-05
0.000178778
0.000177207
-1.82046e-05
0.000273582
0.000194253
2.13708e-05
0.00038268
0.000204161
6.97612e-05
0.000508872
0.000209026
0.000128858
0.000662332
0.000215522
0.000190496
0.000871668
0.000233189
0.000245067
0.001173
0.000255761
0.000202984
4.02794e-05
-1.54924e-05
0.000192798
-1.10966e-05
1.2505e-06
5.94085e-05
-4.41562e-05
2.15121e-05
-3.81632e-05
-7.0744e-05
4.02096e-05
-0.000107299
-9.50503e-05
5.40479e-05
-0.000153673
-0.000116432
6.14797e-05
-0.000181709
-0.000132157
6.30279e-05
-0.000195139
-0.000139509
6.06274e-05
-0.000197435
-0.000137161
5.71077e-05
-0.000191723
-0.000125516
5.50032e-05
-0.000180015
-0.000106232
5.61679e-05
-0.000163708
-8.05114e-05
6.16656e-05
-0.000143447
-4.86151e-05
7.20591e-05
-0.000119683
-9.15593e-06
8.76329e-05
-9.34658e-05
4.03671e-05
0.000108248
-6.6422e-05
0.00010298
0.000132913
-4.05773e-05
0.000181852
0.000159765
-1.82496e-05
0.000278157
0.000186147
8.2487e-07
0.000389421
0.000208149
2.07005e-05
0.000510677
0.00022273
5.37106e-05
0.000646443
0.000235296
0.000101391
0.000818346
0.000258762
0.000147824
0.00104925
0.000305049
0.000163746
0.00114438
0.000322605
0.000151076
-1.50232e-05
0.000475345
4.65251e-05
-8.68732e-06
0.000301628
-8.10514e-06
5.64568e-06
0.000171302
-4.06694e-05
2.31449e-05
7.50067e-05
-6.35531e-05
3.91648e-05
5.99746e-06
-8.1935e-05
5.06711e-05
-4.11463e-05
-9.64838e-05
5.63377e-05
-7.06221e-05
-0.000105799
5.65593e-05
-8.61441e-05
-0.000108134
5.32774e-05
-9.09748e-05
-0.000102517
4.90203e-05
-8.79115e-05
-8.91588e-05
4.61592e-05
-7.91061e-05
-6.88448e-05
4.64753e-05
-6.60888e-05
-4.17865e-05
5.1126e-05
-4.99693e-05
-7.08807e-06
6.09406e-05
-3.1734e-05
3.76909e-05
7.66058e-05
-1.31802e-05
9.59271e-05
9.84734e-05
3.13492e-06
0.000170822
0.000125656
1.46201e-05
0.000265261
0.000156081
1.82561e-05
0.000379018
0.000186574
1.47306e-05
0.000506179
0.000212713
1.29261e-05
0.000639769
0.000232608
3.29154e-05
0.000795087
0.000258175
7.15676e-05
0.00098862
0.000313482
9.40952e-05
0.00110868
0.000432748
0.000370478
-8.46694e-07
0.000807084
0.000162748
-1.37093e-06
0.000591493
5.42593e-05
5.19234e-06
0.000424033
-3.09453e-06
1.73268e-05
0.000298
-3.51478e-05
3.13399e-05
0.000204612
-5.46511e-05
4.35713e-05
0.000137378
-6.77175e-05
5.13891e-05
9.08242e-05
-7.61488e-05
5.37225e-05
6.06298e-05
-7.98942e-05
5.13031e-05
4.3493e-05
-7.79041e-05
4.58884e-05
3.63379e-05
-6.95553e-05
3.97439e-05
3.64085e-05
-5.47456e-05
3.50525e-05
4.14758e-05
-3.34779e-05
3.35165e-05
4.98507e-05
-4.99224e-06
3.63769e-05
6.01056e-05
3.26552e-05
4.47281e-05
7.06696e-05
8.2768e-05
5.95826e-05
7.91008e-05
0.000149546
8.16435e-05
8.18898e-05
0.000235911
0.000110083
7.6105e-05
0.000344593
0.000142213
5.90774e-05
0.000473381
0.000174573
3.48712e-05
0.000615923
0.000203209
1.49412e-05
0.000770748
0.000230878
2.44591e-05
0.000960052
0.000276524
4.56719e-05
0.00102856
0.000462924
1.30858e-05
0.000331377
1.26814e-05
0.000582987
0.000363792
1.3523e-05
0.000607061
0.000396893
1.43044e-05
0.000633085
0.000429677
1.67371e-05
0.000664769
0.000459061
1.94517e-05
0.000698337
0.000483724
2.50077e-05
0.000740518
0.000499828
3.31703e-05
0.000785511
0.000504456
4.74979e-05
0.000846582
0.000488556
6.94651e-05
0.000911477
0.000443669
0.000106998
0.000997293
0.000348638
0.000153111
0.00102559
0.000192417
0.000162795
0.00104685
0.000690276
0.00107055
0.000376395
1.29267e-05
0.000933604
0.000171162
1.92614e-05
0.000722546
6.12108e-05
2.76201e-05
0.000561478
2.54069e-06
3.80177e-05
0.000441023
-2.8385e-05
4.8099e-05
0.000352354
-4.45004e-05
5.51951e-05
0.000288099
-5.2676e-05
5.7381e-05
0.000242841
-5.596e-05
5.47552e-05
0.000212983
-5.5064e-05
4.8119e-05
0.000194971
-4.96124e-05
3.91979e-05
0.000185557
-3.91626e-05
3.00256e-05
0.000182081
-2.32732e-05
2.2543e-05
0.000182282
-1.13926e-06
1.83081e-05
0.000184441
2.88116e-05
1.86657e-05
0.000186802
6.93662e-05
2.48378e-05
0.000187334
0.000124448
3.79974e-05
0.000182916
0.000198467
5.91132e-05
0.000169651
0.00029512
8.68904e-05
0.000144045
0.000415188
0.000118867
0.00010668
0.000559995
0.000148745
6.20754e-05
0.000723504
0.000178411
3.18197e-05
0.000923548
0.000200599
2.31191e-05
0.000971852
0.000422835
0.000662443
0.0012033
0.000371309
3.49286e-05
0.00108135
0.000173084
5.14495e-05
0.000871992
6.47907e-05
6.26083e-05
0.000716828
7.34318e-06
7.10044e-05
0.000603191
-2.11743e-05
7.54043e-05
0.000519079
-3.33716e-05
7.4853e-05
0.000457628
-3.74285e-05
6.95388e-05
0.000414839
-3.65421e-05
6.01029e-05
0.000386061
-3.22527e-05
4.77209e-05
0.000367157
-2.4359e-05
3.40645e-05
0.000355059
-1.26294e-05
2.08283e-05
0.000347122
4.02074e-06
9.77974e-06
0.000341231
2.68343e-05
2.29802e-06
0.000335507
5.82266e-05
-3.72329e-07
0.000328091
0.000101414
3.08251e-06
0.000316343
0.000160643
1.38668e-05
0.000297099
0.00024102
3.23088e-05
0.000266144
0.000346851
5.79416e-05
0.000220457
0.000482202
8.43204e-05
0.000161931
0.000649631
0.000113415
9.99211e-05
0.000857125
0.000118456
3.61401e-05
0.000906125
0.000335524
0.000608745
0.00135655
0.000350127
6.49424e-05
0.00125388
0.000165597
9.60363e-05
0.00104392
6.33933e-05
0.000110722
0.000893539
1.05541e-05
0.000115999
0.000783167
-1.35102e-05
0.000111891
0.000701914
-2.20286e-05
0.000102022
0.000644797
-2.27288e-05
8.74809e-05
0.000604983
-1.89857e-05
6.98125e-05
0.000577112
-1.25731e-05
5.03173e-05
0.000556721
-3.49863e-06
3.09971e-05
0.000540761
8.89705e-06
1.30121e-05
0.000527043
2.57488e-05
-2.03441e-06
0.000513342
4.91749e-05
-1.32147e-05
0.000497854
8.17328e-05
-1.90411e-05
0.000477941
0.000127284
-1.86078e-05
0.00045111
0.000190789
-1.10587e-05
0.000413006
0.000277336
4.93848e-06
0.000361236
0.000397169
2.38262e-05
0.000286817
0.000553954
5.30661e-05
0.000198847
0.00075466
3.77188e-05
8.21053e-05
0.000821437
0.000234707
0.000521468
0.00150308
0.000307266
0.000124468
0.00145209
0.000145902
0.00017053
0.00123645
5.56764e-05
0.00018136
0.00108248
1.24987e-05
0.000174413
0.000973238
-6.89168e-06
0.000158358
0.000898349
-1.15091e-05
0.000136353
0.00084695
-1.00654e-05
0.00011064
0.000809876
-4.6083e-06
8.3371e-05
0.000781929
2.28684e-06
5.62211e-05
0.00075871
1.17391e-05
3.03908e-05
0.000737761
2.36164e-05
7.35101e-06
0.00071683
4.04281e-05
-1.23582e-05
0.000694145
6.35297e-05
-2.69652e-05
0.000667163
9.69234e-05
-3.67287e-05
0.000633959
0.000144437
-3.97892e-05
0.000589827
0.00021217
-3.55903e-05
0.000532213
0.000307272
-2.79802e-05
0.000451269
0.000445073
-5.62039e-06
0.000333079
0.000624451
-2.4752e-05
0.00015785
0.000684819
0.000147641
0.000371088
0.00152843
0.00023928
0.000159222
0.00166857
0.000117995
0.00023551
0.00142467
4.7019e-05
0.000248852
0.00126388
1.30391e-05
0.000238142
0.00116777
-1.26754e-06
0.000210193
0.00110405
-3.11357e-06
0.000175688
0.00106029
-5.32436e-07
0.000137414
0.00102587
4.82743e-06
0.000100555
0.000997283
1.13899e-05
6.45613e-05
0.000970244
1.95547e-05
3.29396e-05
0.000942974
3.08365e-05
3.26425e-06
0.00091318
4.60863e-05
-1.93439e-05
0.000878105
6.93317e-05
-4.01388e-05
0.000835424
0.00010251
-5.20231e-05
0.00077794
0.000152233
-5.95564e-05
0.000701668
0.000223632
-6.21886e-05
0.000591467
0.000316813
-4.91229e-05
0.000450504
0.000456434
-6.38027e-05
0.000222381
0.00046341
9.88119e-05
0.000187022
0.0012767
0.000132143
0.000167434
0.00131083
7.35997e-05
0.000264571
0.00128504
2.63865e-05
0.000297877
0.00122544
9.04512e-06
0.000277152
0.00118466
9.59183e-07
0.000241363
0.00114802
2.00425e-06
0.000192965
0.00111852
3.8178e-06
0.00015065
0.00108793
8.5e-06
0.000104143
0.00105802
1.25744e-05
6.97206e-05
0.00102439
1.91473e-05
3.05234e-05
0.000987887
2.66151e-05
5.82802e-06
0.00094353
3.92705e-05
-2.41787e-05
0.00088979
5.62258e-05
-3.95227e-05
0.000818908
8.304e-05
-5.51621e-05
0.000724541
0.000121324
-6.07969e-05
0.000592307
0.000175092
-5.51133e-05
0.000409578
0.000255898
-4.04557e-05
0.000129699
0.000185025
3.80846e-05
8.77879e-05
-0.000673268
8.43698e-05
-0.000665817
7.44759e-05
-0.000631157
-0.00029169
7.98361e-05
-0.000701174
-0.000312723
7.90398e-05
-0.000697165
-0.000306872
7.13404e-05
-0.000671337
-0.000277243
6.04571e-05
-0.000624997
-0.000329068
7.48546e-05
-0.000716672
-0.000359388
7.6323e-05
-0.000712684
-0.000365555
7.16536e-05
-0.000691094
-0.000346587
6.1626e-05
-0.000651982
-0.000309132
5.04872e-05
-0.000600609
-0.000344751
7.28019e-05
-0.000717955
-0.000382889
7.54792e-05
-0.000713014
-0.000397224
7.22942e-05
-0.000692748
-0.000387147
6.41516e-05
-0.000659641
-0.000359279
5.47227e-05
-0.000616101
-0.000320257
4.59459e-05
-0.000564123
-0.000338085
7.33591e-05
-0.00070327
-0.00038394
7.53116e-05
-0.000697661
-0.000404876
7.28195e-05
-0.000679831
-0.000402155
6.69078e-05
-0.000651985
-0.000382444
5.94213e-05
-0.000615648
-0.00035118
5.20666e-05
-0.000571576
-0.000314072
4.64022e-05
-0.000520548
-0.000305325
7.74904e-05
-0.000668466
-0.000362654
7.76224e-05
-0.000668435
-0.000391969
7.45901e-05
-0.000655046
-0.000397597
6.9528e-05
-0.000632711
-0.000384876
6.34319e-05
-0.000602616
-0.000359998
5.76957e-05
-0.000565894
-0.000328429
5.34081e-05
-0.000522459
-0.000294683
5.16809e-05
-0.000472814
-0.000250149
8.24201e-05
-0.000618493
-0.000318253
8.25263e-05
-0.000626522
-0.000361181
7.86954e-05
-0.000620372
-0.000377596
7.30497e-05
-0.000603904
-0.000372879
6.71849e-05
-0.000579962
-0.000353706
6.23212e-05
-0.000549841
-0.000326335
5.92494e-05
-0.000513863
-0.000295795
5.87149e-05
-0.000471674
-0.000265279
6.10821e-05
-0.000423173
6.28378e-05
-0.000575111
4.93025e-05
-0.000233076
-0.000564654
4.14693e-05
-0.000263241
-0.000540098
3.97192e-05
-0.000276993
-0.00050521
4.37858e-05
-0.000275882
-0.000463253
5.29777e-05
-0.000261723
-0.000416977
6.62083e-05
-0.000236181
-0.000368411
-0.000186033
8.341e-05
-0.00055671
-0.000257541
8.70122e-05
-0.000573795
-0.00031252
8.44094e-05
-0.000575987
-0.000342835
7.8324e-05
-0.000566561
-0.000349141
7.16386e-05
-0.000548972
-0.0003373
6.6419e-05
-0.000525214
-0.000314228
6.36315e-05
-0.000496124
-0.000285956
6.38088e-05
-0.000461391
-0.000256461
6.71604e-05
-0.000420502
-0.000227976
7.35336e-05
-0.000373171
-0.000200586
8.22864e-05
-0.000319369
5.37102e-05
-0.000505541
4.18111e-05
-0.000186977
-0.000495279
3.62662e-05
-0.000217684
-0.000472641
3.73589e-05
-0.000235513
-0.000439971
4.46123e-05
-0.000239715
-0.000399817
5.70051e-05
-0.000230368
-0.000354736
7.32817e-05
-0.00020788
-0.000306971
9.22447e-05
-0.000172553
-0.000258724
-0.000125962
7.68219e-05
-0.000483431
-0.000191489
8.60411e-05
-0.000510465
-0.000251155
8.79125e-05
-0.000522011
-0.000293614
8.37922e-05
-0.000520789
-0.000313477
7.69686e-05
-0.00051011
-0.000312282
7.07067e-05
-0.000492694
-0.000295786
6.70166e-05
-0.000470112
-0.000270578
6.68509e-05
-0.00044252
-0.000241922
7.04216e-05
-0.000409217
-0.000212764
7.75166e-05
-0.000369617
-0.0001843
8.76621e-05
-0.000323554
-0.000155647
9.98687e-05
-0.000271057
-0.000124439
0.000112646
-0.000212001
4.87646e-05
-0.000428209
3.88659e-05
-0.000147798
-0.0004194
3.53933e-05
-0.000178371
-0.000398871
3.87208e-05
-0.000198533
-0.000368196
4.82097e-05
-0.000205993
-0.000329449
6.26962e-05
-0.000199291
-0.0002851
8.09369e-05
-0.000177628
-0.000237807
0.000101722
-0.00014025
-0.000190427
0.000124096
-8.65614e-05
-0.000145833
4.75974e-05
-0.000345297
3.95594e-05
-0.00011792
-0.000337542
3.76874e-05
-0.000145563
-0.000318298
4.24051e-05
-0.000164712
-0.000288545
5.30053e-05
-0.000171845
-0.000250282
6.84198e-05
-0.000164325
-0.000206087
8.73223e-05
-0.000140226
-0.00015918
0.000108799
-9.80465e-05
-0.000113045
0.000131966
-3.63536e-05
-7.14933e-05
4.80066e-05
-0.000256679
4.16172e-05
-9.29548e-05
-0.000248319
4.0942e-05
-0.00011414
-0.000228584
4.62349e-05
-0.000128088
-0.000198304
5.70442e-05
-0.000130544
-0.000159502
7.21725e-05
-0.000118113
-0.000115159
9.06851e-05
-8.81877e-05
-6.89541e-05
0.000111504
-3.85003e-05
-2.50492e-05
0.000134483
3.31187e-05
1.2348e-05
4.73065e-05
-0.000160122
4.25796e-05
-6.18131e-05
-0.000148687
4.26821e-05
-7.29294e-05
-0.000126354
4.81304e-05
-7.75886e-05
-9.39741e-05
5.82536e-05
-7.13169e-05
-5.40062e-05
7.23877e-05
-5.03314e-05
-9.75834e-06
8.92462e-05
-1.16159e-05
3.4504e-05
0.000108711
4.76635e-05
7.46588e-05
0.000130603
0.000129834
0.000105886
-7.6844e-05
6.13327e-05
-0.00039256
-0.000131271
7.66595e-05
-0.000433901
-0.000186998
8.48971e-05
-0.000457116
-0.000234896
8.58613e-05
-0.000465612
-0.000266457
8.14531e-05
-0.000462856
-0.000277946
7.50377e-05
-0.000452087
-0.000271343
6.99412e-05
-0.000435646
-0.000251915
6.82464e-05
-0.00041449
-0.000225458
7.07937e-05
-0.00038845
-0.0001961
7.75775e-05
-0.000356732
-0.000165924
8.81463e-05
-0.000318691
-0.000134989
0.000101812
-0.000274465
-0.000101811
0.000117437
-0.000224379
-6.35243e-05
0.000133295
-0.000168598
-1.59639e-05
0.000147112
-0.000106855
4.60038e-05
0.000156432
-3.81168e-05
0.000127845
0.000159407
3.87986e-05
0.000235238
0.00015628
0.000124191
-3.9029e-05
3.77653e-05
-0.000271856
-8.23599e-05
5.84167e-05
-0.00033537
-0.000129403
7.32638e-05
-0.000375368
-0.000175167
8.08198e-05
-0.000396958
-0.000212368
8.13978e-05
-0.000404514
-0.000234687
7.74391e-05
-0.00040181
-0.000239594
7.2091e-05
-0.00039188
-0.000229133
6.86225e-05
-0.000376571
-0.000207874
6.89676e-05
-0.00035677
-0.000180314
7.39038e-05
-0.000332295
-0.000149502
8.34265e-05
-0.000302415
-0.000116602
9.71175e-05
-0.000266619
-8.06333e-05
0.000114115
-0.000225347
-3.94496e-05
0.000133245
-0.000179452
1.00757e-05
0.000152632
-0.000129601
7.16859e-05
0.000169703
-7.5687e-05
0.000148939
0.00018167
-1.63986e-05
0.000244266
0.000186553
5.1007e-05
0.00036153
0.000185442
0.000126462
4.35757e-05
-5.21264e-05
4.03582e-05
-5.43786e-06
-3.49722e-05
4.13084e-05
-4.18784e-06
-8.00343e-06
4.63166e-05
3.08322e-06
2.72584e-05
5.54761e-05
2.08182e-05
6.81638e-05
6.74806e-05
5.26836e-05
0.000110841
8.24285e-05
0.000101942
0.000151235
9.97197e-05
0.000171017
0.000184847
0.000121714
0.00026203
0.000207485
0.000148726
0.000374982
0.000214989
0.000182766
0.000509284
0.000205717
3.58885e-05
7.17951e-05
3.45355e-05
0.000103638
9.66709e-05
3.57788e-05
0.000117367
0.000129096
4.04616e-05
0.000137606
0.000167206
4.74761e-05
0.000167602
0.000207675
5.75042e-05
0.000210955
0.000246838
6.95448e-05
0.000269406
0.000280562
8.63812e-05
0.000346307
0.00030514
0.000108489
0.000442886
0.000316258
0.00014041
0.000562853
0.000310342
0.000182189
0.000705103
0.00028443
2.55223e-05
0.00021617
2.50568e-05
0.000305248
0.0002488
2.69054e-05
0.000330288
0.000286184
2.99157e-05
0.000361429
0.000325518
3.5548e-05
0.000402918
0.00036325
4.24373e-05
0.000454061
0.000396098
5.37324e-05
0.000520091
0.000420007
6.93289e-05
0.00060012
0.000431515
9.54067e-05
0.000703538
0.000422591
0.000132432
0.000826244
0.000386855
0.000189668
0.000994031
0.000313805
-5.526e-06
1.00062e-05
-0.000107531
-4.43389e-05
3.3068e-05
-0.000201885
-8.26922e-05
5.33946e-05
-0.000266199
-0.000121992
6.77163e-05
-0.000306823
-0.00015835
7.47924e-05
-0.00032909
-0.000186155
7.54307e-05
-0.000337416
-0.000200787
7.21203e-05
-0.00033588
-0.000200532
6.79378e-05
-0.000327246
-0.000187295
6.59967e-05
-0.000313297
-0.000164669
6.79554e-05
-0.000295046
-0.000135781
7.46681e-05
-0.000272234
-0.000102667
8.62684e-05
-0.000244407
-6.52256e-05
0.000102453
-0.000211612
-2.17362e-05
0.000122435
-0.000174717
3.06796e-05
0.000145054
-0.000135334
9.5208e-05
0.000168386
-9.46534e-05
0.000174386
0.000189542
-5.25873e-05
0.000268749
0.000205306
-6.82123e-06
0.000377106
0.000213454
4.83355e-05
0.000503283
0.000216864
0.000113682
0.000660022
0.000222901
0.000179563
0.000878856
0.000240943
0.000236255
0.00120061
0.00026009
0.00019311
4.24232e-05
-1.29659e-05
0.000109762
-8.65376e-06
6.44667e-06
-2.28247e-05
-4.56958e-05
2.83915e-05
-0.000118194
-7.88884e-05
4.77177e-05
-0.000184084
-0.000110619
6.12559e-05
-0.000226653
-0.000138413
6.78784e-05
-0.000250981
-0.000158087
6.8542e-05
-0.000261388
-0.000166259
6.56903e-05
-0.000261667
-0.000161921
6.24151e-05
-0.000254722
-0.000146455
6.13253e-05
-0.000242519
-0.000122543
6.41433e-05
-0.000225994
-9.20967e-05
7.17915e-05
-0.000205256
-5.58128e-05
8.46666e-05
-0.000180342
-1.24306e-05
0.000102705
-0.000151887
4.05896e-05
0.000125342
-0.000121512
0.000106697
0.00015151
-9.16908e-05
0.000188835
0.000179298
-6.43756e-05
0.000287555
0.000205344
-3.86938e-05
0.000399474
0.000225788
-1.03103e-05
0.000519001
0.00023784
3.26219e-05
0.000653137
0.000248655
8.90317e-05
0.000828901
0.000272329
0.000140801
0.00107469
0.000318352
0.000157038
0.00119404
0.000316115
0.000143822
-1.99074e-05
0.000383616
4.51736e-05
-1.13646e-05
0.000206765
-8.27293e-06
5.77405e-06
7.53145e-05
-4.36973e-05
2.55784e-05
-2.05038e-05
-7.202e-05
4.31233e-05
-8.79068e-05
-9.6717e-05
5.52911e-05
-0.000132702
-0.000116711
6.10678e-05
-0.000159522
-0.000129244
6.13321e-05
-0.000172399
-0.000131971
5.84514e-05
-0.00017494
-0.000124151
5.51807e-05
-0.000170266
-0.000106821
5.41017e-05
-0.000160286
-8.16154e-05
5.68451e-05
-0.000146117
-4.93647e-05
6.44871e-05
-0.000128297
-9.26971e-06
7.76928e-05
-0.000107561
4.104e-05
9.68151e-05
-8.5382e-05
0.00010486
0.000121579
-6.40208e-05
0.000186148
0.000150989
-4.71262e-05
0.000287317
0.000183085
-3.7245e-05
0.000406984
0.000214061
-3.30542e-05
0.000535638
0.000239194
-2.52211e-05
0.000663643
0.000255314
9.81881e-06
0.000814053
0.00027942
6.17684e-05
0.00101439
0.000337424
8.96797e-05
0.00116402
0.000431019
0.00035425
-9.90574e-06
0.000709599
0.000154077
-1.23222e-05
0.000487651
5.07161e-05
-4.84179e-06
0.000315658
-5.00387e-06
9.73287e-06
0.000186623
-3.907e-05
2.66569e-05
9.14369e-05
-6.29611e-05
4.15195e-05
2.34592e-05
-8.12427e-05
5.14299e-05
-2.27131e-05
-9.41807e-05
5.54317e-05
-5.14623e-05
-0.000100377
5.43704e-05
-6.67542e-05
-9.83254e-05
5.04506e-05
-7.19837e-05
-8.75848e-05
4.62711e-05
-6.99937e-05
-6.86677e-05
4.41743e-05
-6.2883e-05
-4.22195e-05
4.58387e-05
-5.20598e-05
-7.86405e-06
5.24786e-05
-3.86354e-05
3.64751e-05
6.51135e-05
-2.40614e-05
9.42898e-05
8.44806e-05
-1.07091e-05
0.000169435
0.000110504
-1.60262e-06
0.000266089
0.000142019
-1.49667e-06
0.000386454
0.000176773
-1.38035e-05
0.000527142
0.00021025
-3.65673e-05
0.000669968
0.000235748
-4.42585e-05
0.000811494
0.000259286
-8.94212e-06
0.000990191
0.000316402
3.85082e-05
0.00108343
0.000471973
0.00067941
0.000967766
0.00036399
2.35444e-07
0.000817884
0.000163796
7.89605e-07
0.000603261
5.75134e-05
8.21221e-06
0.000436845
6.40376e-08
2.0462e-05
0.000311355
-3.25857e-05
3.39609e-05
0.000218423
-5.23613e-05
4.50571e-05
0.000151571
-6.48101e-05
5.13511e-05
0.00010533
-7.14574e-05
5.21297e-05
7.53007e-05
-7.21449e-05
4.84323e-05
5.80302e-05
-6.60649e-05
4.22975e-05
5.02368e-05
-5.28978e-05
3.60894e-05
4.91069e-05
-3.26446e-05
3.19836e-05
5.23803e-05
-4.95502e-06
3.16465e-05
5.8397e-05
3.16791e-05
3.64325e-05
6.55339e-05
8.04039e-05
4.75816e-05
7.1633e-05
0.000145768
6.61571e-05
7.3267e-05
0.000231494
9.20242e-05
6.69217e-05
0.00034193
0.000123337
4.81703e-05
0.000477596
0.000156939
1.43033e-05
0.000632149
0.000186634
-2.07073e-05
0.000788912
0.000213076
-3.26658e-05
0.00097285
0.000253764
-2.08282e-06
0.00103379
0.000446658
1.34588e-05
0.000333323
1.40706e-05
0.000591369
0.000365413
1.47323e-05
0.000617237
0.000398008
1.70973e-05
0.000649334
0.000428014
1.97678e-05
0.000684084
0.000453546
2.51246e-05
0.000728057
0.00047106
3.30821e-05
0.000775046
0.000477212
4.72108e-05
0.000839625
0.000464203
6.93509e-05
0.000908481
0.000422201
0.000106551
0.00100248
0.000331934
0.000152068
0.00104062
0.000181539
0.000157961
0.0010813
0.000667874
0.00107805
0.000367731
1.33857e-05
0.000943057
0.000170459
2.03073e-05
0.000732484
6.34719e-05
2.90951e-05
0.00057172
5.71637e-06
3.95798e-05
0.000451169
-2.49817e-05
4.91595e-05
0.000362197
-4.06897e-05
5.51975e-05
0.000297601
-4.78492e-05
5.61253e-05
0.000251892
-4.91814e-05
5.21253e-05
0.000221616
-4.53987e-05
4.43586e-05
0.000202956
-3.61489e-05
3.47727e-05
0.000192599
-2.11771e-05
2.55121e-05
0.00018766
1.99259e-07
1.8548e-05
0.000185864
2.91583e-05
1.55281e-05
0.000185255
6.82148e-05
1.78352e-05
0.000183817
0.000121307
2.6824e-05
0.000178615
0.000193213
4.36228e-05
0.000165837
0.000288555
6.76846e-05
0.000141322
0.00040889
9.67731e-05
0.0001041
0.00055651
0.000125466
5.56504e-05
0.000723516
0.000153687
1.29147e-05
0.000930499
0.000165844
-6.79928e-06
0.000987832
0.000364248
0.000639378
0.00120759
0.000361045
3.42313e-05
0.00108765
0.00017093
5.08751e-05
0.000878393
6.63111e-05
6.19428e-05
0.000722971
1.05017e-05
7.02929e-05
0.000608355
-1.70706e-05
7.44005e-05
0.000523092
-2.84035e-05
7.29796e-05
0.000460562
-3.11448e-05
6.66576e-05
0.000416701
-2.83276e-05
5.62186e-05
0.000386905
-2.12695e-05
4.28654e-05
0.000367052
-9.92715e-06
2.87367e-05
0.000353579
6.27858e-06
1.5578e-05
0.000343943
2.8472e-05
5.21026e-06
0.000335595
5.87455e-05
-9.83184e-07
0.000326547
0.000100209
-1.49146e-06
0.000314189
0.000157205
4.82992e-06
0.000295459
0.000235247
1.87158e-05
0.000266233
0.000339062
3.98525e-05
0.000222507
0.000473544
6.297e-05
0.000165432
0.000640248
8.73556e-05
0.000101697
0.000855465
8.8368e-05
2.92045e-05
0.000933109
0.000259993
0.000586355
0.0013566
0.000339135
6.25651e-05
0.00125549
0.000162627
9.28124e-05
0.0010451
6.43241e-05
0.000107386
0.000893505
1.37271e-05
0.000112308
0.000781522
-9.11671e-06
0.000107892
0.00069827
-1.63794e-05
9.76178e-05
0.000639531
-1.57606e-05
8.2466e-05
0.000598025
-1.00211e-05
6.41344e-05
0.000568708
-1.19147e-06
4.43143e-05
0.000546882
1.13556e-05
2.47777e-05
0.000529379
2.79713e-05
7.25795e-06
0.000513396
5.08836e-05
-6.9877e-06
0.00049666
8.226e-05
-1.63468e-05
0.000476429
0.000126104
-2.00348e-05
0.000450188
0.000187516
-1.67089e-05
0.00041368
0.000271552
-5.81862e-06
0.000364382
0.00038997
9.49865e-06
0.000292866
0.000545762
3.18003e-05
0.000207393
0.000747227
2.05623e-05
9.32272e-05
0.000839306
0.000162326
0.000501576
0.00149706
0.000296979
0.000118789
0.00144613
0.000142539
0.000163464
0.0012298
5.64554e-05
0.000173641
0.00107382
1.52827e-05
0.000167165
0.000962187
-2.52843e-06
0.000150879
0.000885084
-6.10211e-06
0.000129196
0.000831382
-3.11027e-06
0.000103233
0.000792591
3.91839e-06
7.6053e-05
0.000763006
1.34374e-05
4.8778e-05
0.000738275
2.57681e-05
2.3558e-05
0.000715341
4.24214e-05
1.01039e-06
0.000691877
6.49807e-05
-1.67155e-05
0.000665001
9.73804e-05
-3.02558e-05
0.000632642
0.00014336
-3.6754e-05
0.000590073
0.000209157
-3.75025e-05
0.000534814
0.000302678
-3.29332e-05
0.00045812
0.000438597
-1.81579e-05
0.000342022
0.000623315
-2.46903e-05
0.000166136
0.000684958
8.3943e-05
0.000357674
0.001517
0.000229758
0.000154061
0.00165241
0.000115131
0.000225163
0.00140683
4.69592e-05
0.000237446
0.00124401
1.54355e-05
0.000226071
0.0011455
2.00432e-06
0.000199461
0.00107923
1.65755e-06
0.000164485
0.00103357
5.04432e-06
0.000127892
0.000997302
1.24486e-05
9.05433e-05
0.000967353
2.06726e-05
5.68006e-05
0.000938285
3.25963e-05
2.42368e-05
0.000908553
4.75085e-05
-1.18306e-06
0.000874126
7.05358e-05
-2.58967e-05
0.000832598
0.000102664
-4.00638e-05
0.000777027
0.000151378
-5.32402e-05
0.000703286
0.000221571
-5.78522e-05
0.000597085
0.000312059
-5.31581e-05
0.000458535
0.000457073
-5.33239e-05
0.00023885
0.000461557
4.46605e-05
0.000178859
0.00126528
0.00012795
0.000157349
0.0012901
7.1623e-05
0.000252323
0.00125897
2.64531e-05
0.000281156
0.00119498
1.02038e-05
0.000264063
0.00115175
3.37214e-06
0.000224857
0.00111275
4.83251e-06
0.000183095
0.00108125
7.8651e-06
0.000135533
0.00104867
1.32583e-05
9.82936e-05
0.00101619
1.95989e-05
5.57798e-05
0.000979536
2.76769e-05
2.88238e-05
0.000937215
4.01111e-05
-5.55994e-06
0.000884801
5.6689e-05
-2.2103e-05
0.000815681
8.32972e-05
-4.38811e-05
0.00072433
0.000120824
-5.16038e-05
0.000594525
0.000173755
-5.31818e-05
0.000416621
0.000253577
-4.33139e-05
0.000158859
0.00017488
-7.0967e-06
8.16469e-05
-0.000676613
8.49693e-05
-0.000689573
7.89618e-05
-0.000675998
6.79103e-05
-0.00063661
-0.000308402
7.473e-05
-0.000702429
-0.000350243
8.00016e-05
-0.000711281
-0.000366883
7.67182e-05
-0.000701215
-0.000356162
6.8265e-05
-0.00066957
-0.000320769
5.62118e-05
-0.00062027
-0.000333481
7.12515e-05
-0.000715027
-0.000381288
7.76211e-05
-0.000719572
-0.000405894
7.7272e-05
-0.000709632
-0.000405126
7.03646e-05
-0.000681854
-0.000380185
5.97857e-05
-0.000640374
-0.000339982
4.9317e-05
-0.000588732
-0.000336076
7.08592e-05
-0.000711171
-0.000389691
7.67504e-05
-0.000713475
-0.000420697
7.74852e-05
-0.000702384
-0.000425524
7.23981e-05
-0.000677626
-0.000409058
6.43622e-05
-0.000642667
-0.000377912
5.54629e-05
-0.000598887
-0.000338216
4.75858e-05
-0.000547846
-0.000311907
7.33749e-05
-0.000686346
-0.000376936
7.74404e-05
-0.000691116
-0.000413818
7.76418e-05
-0.000680635
-0.000424318
7.40647e-05
-0.000660267
-0.000414125
6.79757e-05
-0.00063129
-0.00038974
6.11449e-05
-0.000594984
-0.000356959
5.4929e-05
-0.000551572
-0.000320613
5.097e-05
-0.000501803
-0.000262067
7.81099e-05
-0.00064048
-0.000338248
8.11296e-05
-0.000651978
-0.000386866
7.98412e-05
-0.000648001
-0.000406535
7.60289e-05
-0.000632607
-0.000403555
7.08195e-05
-0.000609422
-0.000384379
6.5455e-05
-0.000579703
-0.000356047
6.10285e-05
-0.000543803
-0.000323586
5.86558e-05
-0.000501643
-0.000290915
5.91053e-05
-0.000453306
-0.000197711
8.07379e-05
-0.000580418
-0.000278493
8.55067e-05
-0.000600521
-0.000340235
8.43887e-05
-0.000604501
-0.000373889
7.97584e-05
-0.000596026
-0.000381087
7.40356e-05
-0.000578808
-0.000368521
6.892e-05
-0.00055534
-0.000343876
6.54331e-05
-0.000526376
-0.000313547
6.43417e-05
-0.0004919
-0.000282036
6.61574e-05
-0.000451174
-0.000251974
7.10705e-05
-0.000404038
5.63124e-05
-0.000577926
4.54861e-05
-0.000271959
-0.000559612
4.09774e-05
-0.00029253
-0.000529273
4.26797e-05
-0.000296065
-0.000490348
5.01962e-05
-0.000284476
-0.000446085
6.25733e-05
-0.000259886
-0.000398841
7.861e-05
-0.000223821
-0.000350505
-0.000133889
7.71199e-05
-0.000509293
-0.000209421
8.63728e-05
-0.000538138
-0.000277716
8.84473e-05
-0.000551272
-0.000325238
8.47321e-05
-0.00055077
-0.000346475
7.84542e-05
-0.000540378
-0.000344182
7.25058e-05
-0.000523159
-0.000325301
6.86647e-05
-0.000500732
-0.000297325
6.78431e-05
-0.000473411
-0.000266082
7.04329e-05
-0.000440503
-0.000235072
7.64624e-05
-0.000401124
-0.000205622
8.56525e-05
-0.000355215
-0.0001771
9.71119e-05
-0.000302784
4.74248e-05
-0.000507622
3.86164e-05
-0.000221612
-0.000491102
3.67047e-05
-0.000246048
-0.000463418
4.16777e-05
-0.000255664
-0.000426979
5.26846e-05
-0.00025035
-0.000384311
6.84538e-05
-0.000230327
-0.000338046
8.77388e-05
-0.000195895
-0.000290431
0.000109369
-0.000147049
-0.000243762
-7.95951e-05
6.5299e-05
-0.000424278
-0.000143552
7.99673e-05
-0.000465076
-0.000208903
8.77145e-05
-0.000488362
-0.000264198
8.80529e-05
-0.000496969
-0.00029918
8.31412e-05
-0.000494239
-0.000310469
7.66218e-05
-0.000483502
-0.000301274
7.15315e-05
-0.000467278
-0.000278324
6.96916e-05
-0.000446543
-0.0002484
7.18752e-05
-0.000421032
-0.000216249
7.81208e-05
-0.000389672
-0.000184267
8.8182e-05
-0.000351795
-0.000152694
0.000101427
-0.000307408
-0.000120097
0.000116723
-0.000256849
-8.35132e-05
0.000132312
-0.000200229
4.34816e-05
-0.000430568
3.65792e-05
-0.000178066
-0.000416725
3.68695e-05
-0.000205008
-0.000391578
4.42017e-05
-0.000218909
-0.000357077
5.75026e-05
-0.000217585
-0.000315653
7.54515e-05
-0.000199841
-0.000269919
9.67654e-05
-0.000164664
-0.000222836
0.000120516
-0.000111203
-0.000177502
0.000145873
-3.84912e-05
-0.000137212
4.36883e-05
-0.000348227
3.8421e-05
-0.000143698
-0.000336211
4.01601e-05
-0.000169556
-0.000312673
4.86652e-05
-0.000183647
-0.000279173
6.29949e-05
-0.000182452
-0.000238107
8.17315e-05
-0.000163303
-0.000192569
0.000103812
-0.000124231
-0.000146122
0.000128343
-6.3492e-05
-0.000102745
0.000154998
2.06093e-05
-6.66135e-05
4.5595e-05
-0.000260076
4.16797e-05
-0.000113538
-0.000248021
4.41234e-05
-0.000133763
-0.000224351
5.2932e-05
-0.000143237
-0.000190414
6.70593e-05
-0.000137444
-0.000148977
8.54424e-05
-0.000112889
-0.000103513
0.000106933
-6.67733e-05
-5.83677e-05
0.00013114
3.58073e-06
-1.79395e-05
0.000157866
0.000100163
1.27678e-05
4.63176e-05
-0.000163487
4.34926e-05
-7.59299e-05
-0.000148821
4.63811e-05
-8.61939e-05
-0.000122822
5.46953e-05
-8.64157e-05
-8.72543e-05
6.79785e-05
-7.17204e-05
-4.51198e-05
8.48519e-05
-3.81654e-05
-5.80288e-07
0.000104954
1.77124e-05
4.19295e-05
0.000127772
9.90421e-05
7.73985e-05
0.000154796
0.000207121
0.000100921
-3.64312e-05
4.51113e-05
-0.0003149
-8.81924e-05
6.49573e-05
-0.000375025
-0.000144657
7.89383e-05
-0.000412687
-0.000199153
8.55022e-05
-0.000432771
-0.000242286
8.50422e-05
-0.000439283
-0.000266687
8.00824e-05
-0.0004359
-0.000270132
7.42606e-05
-0.000425868
-0.000256084
7.06427e-05
-0.000411091
-0.000230532
7.10527e-05
-0.000392091
-0.000199033
7.61465e-05
-0.0003683
-0.000165269
8.57954e-05
-0.000338614
-0.000130412
9.95303e-05
-0.0003026
-9.37023e-05
0.000116645
-0.000260604
-5.29944e-05
0.000135883
-0.000213422
-5.05602e-06
0.000155216
-0.000161571
5.41386e-05
0.000171994
-0.000104871
0.000128798
0.000183392
-4.19601e-05
0.000222294
0.000187616
2.9434e-05
0.000339698
0.000186157
0.000108592
6.73568e-07
1.86625e-05
-0.000165657
-4.41266e-05
4.17915e-05
-0.000255443
-9.08286e-05
6.15305e-05
-0.0003155
-0.000138948
7.48242e-05
-0.000352416
-0.000182853
8.06544e-05
-0.000371712
-0.000215309
8.00283e-05
-0.000377948
-0.000230845
7.5565e-05
-0.000375226
-0.000228311
7.09474e-05
-0.000366426
-0.00021078
6.90235e-05
-0.000353142
-0.00018339
7.15148e-05
-0.000335661
-0.000150146
7.90053e-05
-0.000313508
-0.000113674
9.14244e-05
-0.000285715
-7.39025e-05
0.000108323
-0.00025215
-2.90015e-05
0.000129009
-0.000213847
2.38036e-05
0.000152251
-0.000172195
8.7723e-05
0.00017575
-0.000128164
0.000165424
0.000196486
-8.15409e-05
0.000257838
0.000211245
-3.01801e-05
0.000364516
0.000218288
3.07517e-05
0.000490766
0.000221028
0.000100716
4.34705e-05
-5.47147e-05
4.20122e-05
-1.19719e-05
-3.46649e-05
4.4938e-05
-9.34025e-06
-4.73928e-06
5.27139e-05
2.8341e-06
3.29901e-05
6.41969e-05
2.92475e-05
7.48791e-05
7.92817e-05
7.42372e-05
0.000116768
9.70182e-05
0.000141044
0.000153735
0.000119535
0.000232553
0.00018117
0.000147548
0.000349241
0.000194166
0.00018365
0.000490593
0.00019044
0.0002272
0.000651209
0.000169518
3.66289e-05
7.08781e-05
3.61865e-05
0.000104888
9.80202e-05
3.95492e-05
0.000121411
0.000132647
4.57736e-05
0.000147141
0.000171809
5.56065e-05
0.00018684
0.000211731
6.77235e-05
0.000242937
0.000248021
8.46762e-05
0.000319523
0.000276402
0.000106935
0.00041801
0.000292411
0.000139798
0.000542906
0.000291814
0.000183472
0.000693319
0.000271086
0.000245721
0.000879675
0.000227558
2.62155e-05
0.000217262
2.72015e-05
0.000314399
0.000251558
2.96719e-05
0.00034297
0.000289704
3.50283e-05
0.000382396
0.000328109
4.18754e-05
0.000432459
0.000362745
5.30393e-05
0.000498712
0.000389562
6.8521e-05
0.000580414
0.000404274
9.45828e-05
0.000688009
0.000399672
0.000132288
0.000817343
0.000368554
0.000190526
0.000996786
0.000300125
0.000261848
0.00122136
0.000183279
4.7317e-05
-7.07551e-06
3.69724e-05
-5.08488e-06
1.43012e-05
-9.23331e-05
-4.75397e-05
3.70179e-05
-0.000183664
-8.84056e-05
5.61251e-05
-0.000245091
-0.00012812
6.87196e-05
-0.000283249
-0.000162361
7.4014e-05
-0.000303725
-0.000185522
7.34601e-05
-0.00031132
-0.000193788
6.97472e-05
-0.00031016
-0.000186565
6.63106e-05
-0.000302917
-0.000166425
6.57398e-05
-0.000291112
-0.000137405
6.96936e-05
-0.00027521
-0.000102157
7.88592e-05
-0.000254764
-6.18552e-05
9.33768e-05
-0.000229288
-1.53017e-05
0.000112892
-0.000199199
4.04417e-05
0.000136958
-0.000166473
0.00010868
0.000164374
-0.000133305
0.000192203
0.000192735
-0.000101215
0.000291086
0.000218363
-6.91748e-05
0.000401595
0.000237589
-3.30766e-05
0.000518383
0.00024778
1.80369e-05
0.00065159
0.000257684
8.04461e-05
0.000832228
0.000281909
0.000135271
0.00109319
0.00032688
0.000150959
0.00123624
0.000308869
0.000140069
-2.00971e-05
0.0003005
4.65739e-05
-8.79253e-06
0.000123601
-7.28905e-06
1.09004e-05
-6.3172e-06
-4.7105e-05
3.21801e-05
-9.92489e-05
-8.20746e-05
5.01075e-05
-0.000162881
-0.000113747
6.17819e-05
-0.000203526
-0.000139209
6.66076e-05
-0.000226548
-0.000154417
6.604e-05
-0.000236564
-0.000156607
6.27898e-05
-0.000237405
-0.000145594
5.99525e-05
-0.000231907
-0.000123401
6.00448e-05
-0.000221841
-9.27054e-05
6.45971e-05
-0.000207709
-5.50531e-05
7.45539e-05
-0.000189455
-9.99949e-06
9.03018e-05
-0.000167209
4.48436e-05
0.000111839
-0.000142188
0.000113423
0.000138843
-0.000117408
0.000199633
0.000170388
-9.62656e-05
0.000305279
0.000203646
-8.06386e-05
0.00042754
0.000234736
-6.81967e-05
0.000554514
0.000258267
-4.9613e-05
0.000676313
0.000272197
-3.59067e-06
0.000823144
0.000295577
5.66928e-05
0.0010324
0.000354592
8.65532e-05
0.00120998
0.000427191
0.000338481
-1.3922e-05
0.000622254
0.000147534
-1.67198e-05
0.000395514
4.90874e-05
-7.17216e-06
0.00022134
-6.15075e-06
1.00397e-05
9.20002e-05
-4.35056e-05
2.90616e-05
-2.00621e-06
-7.28968e-05
4.51006e-05
-6.77803e-05
-9.70708e-05
5.53803e-05
-0.000111186
-0.00011458
5.93186e-05
-0.000137108
-0.000122776
5.82523e-05
-0.000149801
-0.000119778
5.47721e-05
-0.000153079
-0.000105586
5.17247e-05
-0.000149888
-8.15886e-05
5.14745e-05
-0.000141995
-4.9315e-05
5.56863e-05
-0.00013022
-8.82445e-06
6.54652e-05
-0.000115109
4.17673e-05
8.15568e-05
-9.7595e-05
0.000105919
0.00010424
-7.96716e-05
0.000188659
0.000133363
-6.56186e-05
0.000294054
0.00016796
-5.99656e-05
0.000423998
0.000205128
-6.58552e-05
0.000571336
0.000240249
-7.83029e-05
0.000710167
0.000265844
-7.5949e-05
0.000837063
0.000286873
-2.32031e-05
0.00100937
0.000345798
3.42165e-05
0.00112778
0.000476348
0.000659411
0.000877906
0.00034996
-8.40153e-06
0.000719708
0.000156229
-9.38503e-06
0.000499761
5.41711e-05
-1.08195e-06
0.000329816
-2.35122e-06
1.34543e-05
0.000202241
-3.74501e-05
2.95701e-05
0.000108251
-6.1683e-05
4.29178e-05
4.12932e-05
-7.89696e-05
5.09221e-05
-4.0439e-06
-8.92744e-05
5.30762e-05
-3.23509e-05
-9.12432e-05
5.0564e-05
-4.77692e-05
-8.37906e-05
4.58638e-05
-5.38504e-05
-6.69153e-05
4.15976e-05
-5.33993e-05
-4.13526e-05
4.00702e-05
-4.84064e-05
-7.38433e-06
4.29746e-05
-4.01264e-05
3.63523e-05
5.16484e-05
-2.98434e-05
9.30942e-05
6.71765e-05
-1.94475e-05
0.0001672
9.00531e-05
-1.16898e-05
0.000264221
0.000119876
-1.21865e-05
0.00038882
0.000155333
-2.69463e-05
0.000542641
0.000192471
-6.10702e-05
0.00071613
0.000224613
-0.000109413
0.000858884
0.000248916
-0.00010386
0.00100603
0.000301191
-2.69082e-05
0.00108078
0.00046349
0.000659994
0.000975882
0.000357561
1.08209e-06
0.000827762
0.000164304
3.07623e-06
0.000614553
6.03347e-05
1.10096e-05
0.000449435
3.12463e-06
2.31846e-05
0.000324723
-2.96503e-05
3.58751e-05
0.000232274
-4.90568e-05
4.54857e-05
0.000165804
-6.00911e-05
4.99844e-05
0.000119717
-6.396e-05
4.89185e-05
8.95934e-05
-6.05931e-05
4.37428e-05
7.17795e-05
-4.94121e-05
3.66873e-05
6.29022e-05
-3.03713e-05
3.02233e-05
6.00615e-05
-3.37711e-06
2.65155e-05
6.10877e-05
3.24453e-05
2.73222e-05
6.42204e-05
7.97296e-05
3.41186e-05
6.74822e-05
0.000143044
4.82252e-05
6.78276e-05
0.000226649
7.00066e-05
6.1849e-05
0.000336553
9.83446e-05
4.39169e-05
0.00047527
0.000130573
8.15612e-06
0.000641009
0.000160827
-4.43888e-05
0.000817217
0.000181213
-8.25457e-05
0.000992378
0.000216995
-5.77756e-05
0.00104114
0.000391265
1.4708e-05
0.000334761
1.51439e-05
0.000600566
0.00036694
1.74612e-05
0.000632658
0.000397224
2.00319e-05
0.000667953
0.000424113
2.53023e-05
0.000713483
0.000442818
3.29233e-05
0.000762279
0.000450903
4.68296e-05
0.000829946
0.000440061
6.8697e-05
0.000902437
0.00040155
0.0001056
0.00100343
0.000315647
0.000149994
0.00105084
0.000171726
0.000152717
0.00111013
0.000646952
0.00108386
0.00035944
1.36865e-05
0.000951284
0.000169587
2.13808e-05
0.000741541
6.57056e-05
3.05644e-05
0.000581341
9.1298e-06
4.084e-05
0.000460861
-2.08581e-05
4.9576e-05
0.000371607
-3.55971e-05
5.43099e-05
0.00030661
-4.09749e-05
5.34845e-05
0.000260363
-3.95346e-05
4.78102e-05
0.000229372
-3.18747e-05
3.86022e-05
0.000209732
-1.78433e-05
2.81335e-05
0.000197894
2.91112e-06
1.85615e-05
0.000191014
3.12461e-05
1.20552e-05
0.000186563
6.91441e-05
1.02355e-05
0.000182456
0.000120272
1.46984e-05
0.000175879
0.000189518
2.66845e-05
0.000163241
0.00028225
4.62093e-05
0.000140309
0.000400804
7.14113e-05
0.000104941
0.000549221
9.74177e-05
5.64715e-05
0.000716765
0.000121802
1.10191e-05
0.000928368
0.000128256
-2.24011e-05
0.00100513
0.000285422
0.000618265
0.00120991
0.000351524
3.35202e-05
0.00109262
0.000169011
5.01518e-05
0.000883799
6.80713e-05
6.14003e-05
0.000728117
1.42528e-05
6.94448e-05
0.000612785
-1.20501e-05
7.26215e-05
0.000526383
-2.19174e-05
7.011e-05
0.000462648
-2.27472e-05
6.23579e-05
0.000417548
-1.71355e-05
5.03872e-05
0.000386498
-6.50559e-06
3.59724e-05
0.000365131
9.51838e-06
2.10797e-05
0.000349915
3.1412e-05
7.87528e-06
0.000337837
6.10834e-05
-1.9073e-06
0.00032632
0.000101166
-6.52139e-06
0.000312671
0.000156021
-4.74505e-06
0.000293846
0.000231374
4.50759e-06
0.00026581
0.000332119
2.09794e-05
0.000224539
0.000464656
4.08957e-05
0.000169895
0.000629006
6.17861e-05
0.000107759
0.000840988
6.25442e-05
3.37602e-05
0.000947725
0.000180778
0.000566086
0.00135466
0.000329279
6.08983e-05
0.0012551
0.000160053
9.01308e-05
0.00104484
6.58749e-05
0.000103984
0.00089241
1.75534e-05
0.000108564
0.000778579
-3.53133e-06
0.000103418
0.000693473
-9.2598e-06
9.23624e-05
0.000632792
-6.53231e-06
7.60208e-05
0.000589561
1.71264e-06
5.6783e-05
0.000558446
1.41542e-05
3.61368e-05
0.000534806
3.10397e-05
1.63495e-05
0.000515016
5.37852e-05
-1.0097e-06
0.000496055
8.44864e-05
-1.39822e-05
0.00047479
0.000126966
-2.18084e-05
0.000448617
0.000186329
-2.25989e-05
0.00041311
0.000267744
-1.65176e-05
0.000365792
0.000383758
-4.79811e-06
0.000297599
0.000537364
1.21861e-05
0.000213713
0.000741519
9.2108e-06
0.000100541
0.000836904
0.000103607
0.000483681
0.00148985
0.000287368
0.0001134
0.00143858
0.00014004
0.000156946
0.00122159
5.76009e-05
0.000166488
0.00106385
1.90926e-05
0.000159521
0.000949888
2.7291e-06
0.000143316
0.000870239
1.01124e-06
0.000120838
0.000814424
5.71001e-06
9.462e-05
0.000773359
1.54963e-05
6.67823e-05
0.000741954
2.79625e-05
3.96007e-05
0.000714943
4.51544e-05
1.41919e-05
0.000689602
6.74234e-05
-6.7976e-06
0.000662044
9.93406e-05
-2.40778e-05
0.000630018
0.000143905
-3.40046e-05
0.000588651
0.00020805
-3.94031e-05
0.000535302
0.000299601
-3.77394e-05
0.000461591
0.000432439
-2.89734e-05
0.000348556
0.000620504
-2.58578e-05
0.000179759
0.000680167
3.14691e-05
0.000345947
0.00150397
0.000221934
0.000149355
0.00163423
0.000112432
0.000216281
0.00138718
4.79501e-05
0.000225933
0.00122265
1.82311e-05
0.000215143
0.00112179
6.71489e-06
0.000187466
0.00105291
7.45125e-06
0.000153922
0.00100492
1.29629e-05
0.000115935
0.000966813
2.21427e-05
8.057e-05
0.000934699
3.41462e-05
4.49899e-05
0.000902985
4.96264e-05
1.66948e-05
0.000868726
7.24221e-05
-1.1923e-05
0.000827842
0.000103883
-2.83228e-05
0.000773664
0.000151881
-4.71714e-05
0.000702374
0.000220635
-5.29082e-05
0.00059853
0.000309454
-5.55973e-05
0.000463826
0.000454123
-5.5211e-05
0.000259877
0.000457933
4.5757e-07
0.00017059
0.00125204
0.000123337
0.000150194
0.00126889
7.03934e-05
0.0002383
0.00123144
2.652e-05
0.00026862
0.0011639
1.22857e-05
0.000246917
0.00111741
5.99955e-06
0.000213908
0.00107594
8.84228e-06
0.000166206
0.00104173
1.27961e-05
0.000127805
0.00100637
2.0347e-05
8.12694e-05
0.000970356
2.83383e-05
5.20284e-05
0.000927994
4.13901e-05
1.27789e-05
0.000877486
5.7431e-05
-4.86382e-06
0.000810131
8.43116e-05
-3.30464e-05
0.000720535
0.000120947
-4.14614e-05
0.000593241
0.000173627
-5.0799e-05
0.000418515
0.000252826
-4.85278e-05
0.000169009
0.000173763
-2.20002e-05
7.14742e-05
-0.000669609
8.19741e-05
-0.000695831
8.16e-05
-0.000701207
7.35987e-05
-0.0006808
6.23347e-05
-0.000636371
-7.80589e-05
3.78602e-06
-0.000613874
-0.000309066
6.6917e-05
-0.000697621
-0.000367492
7.82015e-05
-0.000714425
-0.000404363
8.00912e-05
-0.000716185
-0.000414616
7.5401e-05
-0.000698861
-0.000397005
6.49703e-05
-0.000661509
-0.000357095
5.31037e-05
-0.000610774
-0.000322922
6.56126e-05
-0.000708066
-0.00038552
7.65769e-05
-0.000718154
-0.000426407
8.04559e-05
-0.000717046
-0.000442666
7.75287e-05
-0.000699654
-0.000432577
6.9186e-05
-0.000667735
-0.000403229
5.91757e-05
-0.000624917
-0.000361587
4.92137e-05
-0.000573598
-0.000308964
6.75266e-05
-0.000694949
-0.000381164
7.63297e-05
-0.000706523
-0.000427321
8.02349e-05
-0.000702722
-0.000447169
7.86766e-05
-0.000685811
-0.000441487
7.2779e-05
-0.000658681
-0.000418917
6.50089e-05
-0.000623036
-0.000385451
5.68222e-05
-0.000579632
-0.000346604
5.04448e-05
-0.00052962
-0.00026716
7.18388e-05
-0.000657845
-0.000351131
7.83269e-05
-0.00067435
-0.000407563
8.07784e-05
-0.000673555
-0.000432338
7.93422e-05
-0.000660109
-0.000432578
7.49808e-05
-0.000638249
-0.000414697
6.91347e-05
-0.000608962
-0.000386141
6.32029e-05
-0.000573165
-0.000352092
5.87187e-05
-0.000530816
-0.000317118
5.69065e-05
-0.00048231
-0.00020547
7.56088e-05
-0.000601057
-0.000295313
8.25109e-05
-0.000625042
-0.000364278
8.384e-05
-0.000631933
-0.000402375
8.13892e-05
-0.000624876
-0.000411563
7.69612e-05
-0.000608272
-0.000399249
7.19719e-05
-0.000585211
-0.000373829
6.76388e-05
-0.00055636
-0.000341781
6.49573e-05
-0.000521871
-0.000308439
6.486e-05
-0.000480996
-0.000276775
6.78933e-05
-0.000433826
-0.000139895
7.45394e-05
-0.000531537
-0.000225113
8.44633e-05
-0.000563682
-0.000302312
8.76766e-05
-0.000579212
-0.000355136
8.51777e-05
-0.000580022
-0.000378338
8.00529e-05
-0.00057018
-0.000375536
7.46519e-05
-0.000553186
-0.000354936
7.05645e-05
-0.000530837
-0.000324524
6.88066e-05
-0.000503642
-0.000290946
7.00007e-05
-0.000470879
-0.000258153
7.45262e-05
-0.000431549
-0.000227771
8.23404e-05
-0.00038562
5.03197e-05
-0.000575952
4.29573e-05
-0.000305858
-0.000550626
4.19396e-05
-0.000315055
-0.000515518
4.73384e-05
-0.000306808
-0.000473678
5.83563e-05
-0.000283742
-0.0004279
7.38932e-05
-0.000247562
-0.000380539
9.27197e-05
-0.000199348
-0.000333238
-8.17316e-05
6.62984e-05
-0.000450345
-0.000154957
8.06112e-05
-0.000492127
-0.000230018
8.8387e-05
-0.000516962
-0.000292864
8.88158e-05
-0.000526689
-0.000331467
8.42266e-05
-0.000524256
-0.000342634
7.80085e-05
-0.000513715
-0.000331139
7.3026e-05
-0.000497655
-0.000304911
7.08319e-05
-0.000477133
-0.000271658
7.22464e-05
-0.000451967
-0.000236823
7.74886e-05
-0.000420956
-0.00020316
8.65489e-05
-0.000383127
-0.000171191
9.89533e-05
-0.00033856
-0.000139526
0.000113599
-0.000287585
4.2117e-05
-0.000506126
3.68273e-05
-0.000253562
-0.000483836
3.89483e-05
-0.000269617
-0.000451544
4.80117e-05
-0.000269219
-0.00041192
6.27933e-05
-0.000252388
-0.000367541
8.19411e-05
-0.00021957
-0.000320861
0.000104239
-0.00017059
-0.000274364
0.0001287
-0.000105096
-0.000230364
-3.39526e-05
4.9993e-05
-0.00034953
-9.39856e-05
6.89129e-05
-0.00040743
-0.000159959
8.22786e-05
-0.000444338
-0.000223332
8.82146e-05
-0.000464344
-0.000272564
8.71802e-05
-0.000470731
-0.000298825
8.16698e-05
-0.000467148
-0.000300618
7.5663e-05
-0.000457148
-0.000282902
7.19737e-05
-0.000442741
-0.000253072
7.21613e-05
-0.000424288
-0.000217742
7.68848e-05
-0.000401087
-0.000181037
8.60186e-05
-0.000371741
-0.000144512
9.93528e-05
-0.000335621
-0.000107517
0.000116166
-0.000293036
-6.79578e-05
0.000135175
-0.000244749
-2.24693e-05
0.000154252
-0.000191194
3.90611e-05
-0.00043012
3.58184e-05
-0.000207874
-0.000411258
4.03296e-05
-0.000228934
-0.000381723
5.18309e-05
-0.000234032
-0.000343797
6.90035e-05
-0.000221243
-0.00030026
9.03985e-05
-0.000189237
-0.000254013
0.000114966
-0.00013698
-0.000208214
0.000141945
-6.3172e-05
-0.000166424
0.000170685
3.33093e-05
-0.00013207
4.05528e-05
-0.000349064
3.87864e-05
-0.000170352
-0.000332522
4.45154e-05
-0.000192075
-0.000304637
5.71096e-05
-0.000198278
-0.000267525
7.5152e-05
-0.000185318
-0.000224185
9.74005e-05
-0.000150629
-0.00017813
0.000122782
-9.20495e-05
-0.000133414
0.000150986
-7.53233e-06
-9.44504e-05
0.000181742
0.000104386
-6.60775e-05
4.39379e-05
-0.00026187
4.30081e-05
-0.000135658
-0.000245641
4.91292e-05
-0.000152659
-0.000217677
6.15663e-05
-0.000154525
-0.000180204
7.93155e-05
-0.000136632
-0.000136571
0.000100974
-9.54022e-05
-9.10069e-05
0.000126026
-2.77115e-05
-4.81477e-05
0.000154067
6.91412e-05
-1.32129e-05
0.000185788
0.000195448
8.62191e-06
4.58452e-05
-0.000165601
4.56635e-05
-9.16407e-05
-0.000147026
5.1521e-05
-9.87457e-05
-0.000117075
6.32836e-05
-9.12593e-05
-7.82854e-05
7.96597e-05
-6.41021e-05
-3.46461e-05
0.000100009
-1.29402e-05
9.34499e-06
0.000123533
6.60324e-05
4.84239e-05
0.000151495
0.000175237
7.73227e-05
0.000184463
0.000312797
9.09059e-05
7.11081e-06
2.63972e-05
-0.000213836
-4.41989e-05
4.89181e-05
-0.000298788
-9.9469e-05
6.77966e-05
-0.000355242
-0.000156676
8.0197e-05
-0.000389653
-0.000208301
8.49495e-05
-0.00040723
-0.00024532
8.32195e-05
-0.000412409
-0.000261332
7.78883e-05
-0.00040904
-0.000256012
7.27993e-05
-0.000400323
-0.000233844
7.07994e-05
-0.000387773
-0.000201548
7.34283e-05
-0.000371215
-0.000164008
8.11184e-05
-0.000349761
-0.000124331
9.36432e-05
-0.000322069
-8.25514e-05
0.000110725
-0.000288031
-3.69596e-05
0.000131734
-0.000248498
1.52101e-05
0.000155195
-0.000204808
7.71905e-05
0.000178647
-0.000157691
0.000151949
0.000198949
-0.000106953
0.00024112
0.000212973
-5.05993e-05
0.000345561
0.000219441
1.51046e-05
0.000472075
0.000222116
8.88167e-05
5.41636e-05
2.6483e-07
-2.65606e-05
-9.43375e-07
2.26882e-05
-0.000150695
-4.98225e-05
4.53856e-05
-0.000237015
-9.90027e-05
6.37651e-05
-0.000293844
-0.000147022
7.52545e-05
-0.000328114
-0.000187701
7.9216e-05
-0.00034556
-0.000214094
7.73868e-05
-0.000351198
-0.000221765
7.27174e-05
-0.000349018
-0.000210918
6.88933e-05
-0.000341942
-0.000185552
6.85472e-05
-0.000331047
-0.000151087
7.31686e-05
-0.000316141
-0.000111081
8.31419e-05
-0.000296302
-6.71273e-05
9.84552e-05
-0.000270575
-1.78291e-05
0.000118878
-0.000239492
3.96829e-05
0.000143974
-0.000204811
0.000108658
0.000172189
-0.000168611
0.000191673
0.000200799
-0.000131947
0.00028868
0.000225878
-9.37671e-05
0.000396034
0.000244153
-5.04838e-05
0.000509877
0.000253323
6.96372e-06
0.00064295
0.00026304
7.35162e-05
4.40662e-05
-5.62427e-05
4.44525e-05
-1.94823e-05
-3.27891e-05
5.02688e-05
-1.30958e-05
4.70842e-07
6.06248e-05
7.07665e-06
4.03096e-05
7.54681e-05
4.66253e-05
8.26293e-05
9.34929e-05
0.000109743
0.000122299
0.000116341
0.000200367
0.000154256
0.000144916
0.00031953
0.0001729
0.000182539
0.000466913
0.000175105
0.000228711
0.000636613
0.000159797
0.000288049
0.000829195
0.000130223
3.75451e-05
7.07955e-05
3.9154e-05
0.000106741
0.000100738
4.42136e-05
0.000127858
0.000137389
5.34608e-05
0.000163029
0.000177187
6.55361e-05
0.000215702
0.000215305
8.24595e-05
0.000290786
0.000247338
0.000104764
0.00039029
0.000267879
0.000137981
0.000519157
0.000272762
0.00018303
0.000676905
0.000257486
0.000247757
0.000874749
0.000218781
0.000331808
0.00110589
0.000144902
2.79227e-05
0.000219245
2.95406e-05
0.00032499
0.000255142
3.45158e-05
0.000361708
0.000293337
4.11317e-05
0.000409813
0.000329655
5.22314e-05
0.000475609
0.000358919
6.7427e-05
0.000558408
0.000377065
9.33713e-05
0.000669225
0.000376516
0.000131079
0.000804434
0.0003502
0.000189935
0.000994488
0.000286518
0.000260904
0.00123576
0.00017482
0.000300992
0.00127125
0.000139918
-1.71658e-05
0.00022443
5.03549e-05
-3.04559e-06
5.05385e-05
-5.53899e-06
1.84957e-05
-7.55607e-05
-5.11279e-05
4.04139e-05
-0.00016393
-9.36807e-05
5.79182e-05
-0.000222683
-0.000132725
6.84967e-05
-0.000258753
-0.000163498
7.19632e-05
-0.000277938
-0.000180803
7.02055e-05
-0.000285391
-0.00018162
6.6248e-05
-0.000285085
-0.000166468
6.34049e-05
-0.000279707
-0.000138679
6.41604e-05
-0.0002703
-0.000102089
6.99949e-05
-0.000256962
-5.9129e-05
8.15097e-05
-0.000238821
-9.67914e-06
9.88419e-05
-0.000215558
4.91641e-05
0.000122128
-0.000188689
0.000121348
0.000150986
-0.00016101
0.000210657
0.000184107
-0.000135701
0.000318306
0.000218166
-0.000114046
0.000440064
0.000249312
-9.34222e-05
0.00056292
0.00027163
-6.53314e-05
0.000679058
0.000284112
-1.11348e-05
0.000824728
0.000307459
5.33116e-05
0.00104427
0.000366083
8.41912e-05
0.00124865
0.000421151
0.000324887
-1.51756e-05
0.000540714
0.000144063
-1.67747e-05
0.000311953
4.97201e-05
-4.53624e-06
0.000138405
-6.59679e-06
1.50469e-05
1.12623e-05
-4.8696e-05
3.53106e-05
-7.92614e-05
-8.46439e-05
5.14609e-05
-0.000140812
-0.000115179
6.10544e-05
-0.000179865
-0.000137081
6.39588e-05
-0.000201966
-0.000146581
6.20951e-05
-0.000212064
-0.00014161
5.8379e-05
-0.000214
-0.000122931
5.59091e-05
-0.000210425
-9.30133e-05
5.69445e-05
-0.000202763
-5.43694e-05
6.30725e-05
-0.000191173
-7.88016e-06
7.51852e-05
-0.000175282
4.81795e-05
9.37438e-05
-0.000155526
0.000118123
0.000119077
-0.000134626
0.000207248
0.00015114
-0.00011675
0.000319377
0.000188303
-0.000106246
0.000455439
0.000227528
-0.000104872
0.000604057
0.000263076
-0.000105727
0.000735269
0.00028851
-9.10279e-05
0.00084987
0.000307628
-2.84487e-05
0.00102147
0.000367759
3.14231e-05
0.00116397
0.000477559
0.000635661
0.000796512
0.000336194
-1.23289e-05
0.000631629
0.000150331
-1.343e-05
0.000407671
5.22471e-05
-3.0931e-06
0.000236397
-4.46747e-06
1.39118e-05
0.000109266
-4.32253e-05
3.17919e-05
1.70779e-05
-7.28873e-05
4.59883e-05
-4.71838e-05
-9.5482e-05
5.40875e-05
-8.94425e-05
-0.000109323
5.60116e-05
-0.000114819
-0.000111932
5.34906e-05
-0.00012783
-0.00010209
4.92617e-05
-0.000132316
-8.04282e-05
4.6187e-05
-0.000131087
-4.86207e-05
4.6545e-05
-0.000125585
-7.77599e-06
5.20231e-05
-0.000116386
4.28972e-05
6.38048e-05
-0.000103902
0.00010649
8.26527e-05
-8.94041e-05
0.000188824
0.00010902
-7.69523e-05
0.00029592
0.000142699
-7.20568e-05
0.000433299
0.000181955
-8.12715e-05
0.000600375
0.000222805
-0.000106145
0.000779707
0.000259966
-0.000136002
0.000903742
0.000288827
-0.00012276
0.00102507
0.000334953
-3.14058e-05
0.00111939
0.000471956
0.000643269
0.00088623
0.000345388
-6.82612e-06
0.000729323
0.000157775
-6.50856e-06
0.000511716
5.71521e-05
2.38337e-06
0.000344069
1.86e-07
1.67164e-05
0.000218034
-3.53878e-05
3.16724e-05
0.000125234
-5.91702e-05
4.31219e-05
5.9207e-05
-7.44861e-05
4.89366e-05
1.44908e-05
-8.0997e-05
4.89663e-05
-1.37159e-05
-7.75509e-05
4.48034e-05
-2.97509e-05
-6.3519e-05
3.90741e-05
-3.722e-05
-3.93407e-05
3.44554e-05
-3.8815e-05
-5.74557e-06
3.32357e-05
-3.62989e-05
3.76402e-05
3.72317e-05
-3.09045e-05
9.31983e-05
4.78979e-05
-2.40335e-05
0.000165279
6.61886e-05
-1.78174e-05
0.000260331
9.22203e-05
-1.7716e-05
0.000385655
0.000125353
-3.13085e-05
0.000546701
0.000162243
-6.81487e-05
0.000746365
0.000197805
-0.000139617
0.000970719
0.000230806
-0.000244805
0.00105859
0.000278127
-0.000147009
0.0010674
0.000410324
0.000641625
0.000982291
0.000351294
2.12699e-06
0.000836857
0.000164701
5.2489e-06
0.0006252
6.30441e-05
1.36425e-05
0.000461638
6.44089e-06
2.54829e-05
0.000337804
-2.59017e-05
3.69081e-05
0.000245895
-4.41973e-05
4.47258e-05
0.000179663
-5.28592e-05
4.69858e-05
0.000133535
-5.28951e-05
4.37733e-05
0.000102924
-4.43135e-05
3.68052e-05
8.41006e-05
-2.68389e-05
2.85571e-05
7.35642e-05
-5.48406e-07
2.15303e-05
6.85064e-05
3.4867e-05
1.80402e-05
6.67489e-05
8.11725e-05
1.9949e-05
6.63617e-05
0.000142399
2.8898e-05
6.46828e-05
0.000222949
4.57174e-05
5.86857e-05
0.000330023
6.98282e-05
4.25928e-05
0.000468027
9.89341e-05
8.3334e-06
0.000638544
0.000128246
-4.85859e-05
0.000831707
0.000149136
-0.000127254
0.00104002
0.000169263
-0.00014647
0.00103082
0.000307808
1.56003e-05
0.000336413
1.76953e-05
0.000614979
0.000366923
2.0257e-05
0.00065024
0.000394679
2.54205e-05
0.000697029
0.000415146
3.28833e-05
0.000747412
0.000424801
4.63122e-05
0.000817849
0.000416688
6.79129e-05
0.000893624
0.000380962
0.000104011
0.00100072
0.000300254
0.000147148
0.00105706
0.00016228
0.00014796
0.00113389
0.000627601
0.00108821
0.000351761
1.39105e-05
0.000958517
0.000168956
2.23745e-05
0.000749786
6.81887e-05
3.17978e-05
0.000590266
1.32001e-05
4.16016e-05
0.000469888
-1.56073e-05
4.91182e-05
0.000380356
-2.86478e-05
5.20619e-05
0.000314763
-3.1416e-05
4.91079e-05
0.000267734
-2.613e-05
4.13381e-05
0.00023563
-1.3511e-05
3.03967e-05
0.000214474
6.66045e-06
1.86741e-05
0.00020064
3.46992e-05
8.66239e-06
0.00019112
7.2084e-05
2.4592e-06
0.000183339
0.000121752
2.04407e-06
0.000174525
0.000188419
8.9006e-06
0.000161265
0.000277797
2.36209e-05
0.000139406
0.000392795
4.46437e-05
0.0001064
0.000539314
6.77906e-05
5.99101e-05
0.000705141
8.82248e-05
1.39129e-05
0.000912542
9.30904e-05
-2.53697e-05
0.00100868
0.000202066
0.000599031
0.00121049
0.000342907
3.30604e-05
0.00109608
0.000167616
4.95833e-05
0.000888053
7.04806e-05
6.06241e-05
0.000732332
1.88947e-05
6.79574e-05
0.000616108
-5.58255e-06
7.00286e-05
0.000528516
-1.34438e-05
6.58697e-05
0.000463321
-1.1454e-05
5.61445e-05
0.000416713
-2.19219e-06
4.24326e-05
0.000383943
1.33247e-05
2.64223e-05
0.000360618
3.52741e-05
1.06155e-05
0.00034294
6.4832e-05
-2.86234e-06
0.000327745
0.000104226
-1.1804e-05
0.000311863
0.000157411
-1.475e-05
0.000292232
0.000230107
-1.01532e-05
0.000264729
0.000327434
1.85526e-06
0.000225245
0.000456673
1.85958e-05
0.000173924
0.000617567
3.68668e-05
0.000114612
0.000827706
4.17141e-05
4.24023e-05
0.000941021
0.000110422
0.000548003
0.00135124
0.000320314
5.90495e-05
0.00125324
0.000158337
8.74777e-05
0.00104305
6.81345e-05
0.000100795
0.000889645
2.25956e-05
0.000104296
0.000774198
3.46552e-06
9.81691e-05
0.00068693
1.23998e-07
8.56517e-05
0.000624049
5.44091e-06
6.78725e-05
0.000578741
1.74648e-05
4.70908e-05
0.000545523
3.43817e-05
2.54124e-05
0.000519324
5.75418e-05
5.02579e-06
0.000496594
8.80429e-05
-1.1809e-05
0.000473262
0.000129806
-2.39119e-05
0.000446428
0.000187392
-2.88886e-05
0.00041142
0.000266385
-2.73506e-05
0.000365607
0.000379631
-1.88583e-05
0.000299823
0.000529679
-5.93828e-06
0.000218483
0.000734489
-1.6149e-06
0.000110553
0.000831272
5.30426e-05
0.000467874
0.00148132
0.000279338
0.000108761
0.00142937
0.000138106
0.000150846
0.00121156
5.9917e-05
0.000159464
0.00105194
2.38019e-05
0.000152066
0.000935568
9.81933e-06
0.000134713
0.000853259
1.0043e-05
0.000111663
0.00079479
1.76308e-05
8.39649e-05
0.000751508
3.04966e-05
5.5658e-05
0.000717543
4.79036e-05
2.74352e-05
0.000687942
7.07071e-05
3.11623e-06
0.000658607
0.000102391
-1.82214e-05
0.000626219
0.000146073
-3.16817e-05
0.000585505
0.000208893
-4.1631e-05
0.000533867
0.000298318
-4.23551e-05
0.000462234
0.00042874
-3.87852e-05
0.000352116
0.000615669
-3.4594e-05
0.000195746
0.000673565
-4.40292e-06
0.000335
0.00148891
0.000214552
0.000145187
0.00161411
0.000110995
0.000206874
0.00136564
4.93109e-05
0.000215715
0.00119928
2.25221e-05
0.000203009
0.00109601
1.2395e-05
0.000176036
0.0010244
1.55612e-05
0.000140518
0.000973619
2.29578e-05
0.000104249
0.000932973
3.59618e-05
6.63046e-05
0.00089777
5.15518e-05
3.45704e-05
0.000861896
7.4993e-05
1.88161e-06
0.000821318
0.000105846
-1.71477e-05
0.000768251
0.000153741
-4.16092e-05
0.000698672
0.000220926
-4.7263e-05
0.00059675
0.000308898
-5.79614e-05
0.000465623
0.000452469
-6.03346e-05
0.000269306
0.000454891
-2.07941e-05
0.000164135
0.0012381
0.000120789
0.00014095
0.00124545
6.91494e-05
0.000228198
0.00120271
2.7695e-05
0.000252591
0.00113053
1.47133e-05
0.000235245
0.00108136
1.00828e-05
0.000195581
0.00103648
1.40129e-05
0.000156561
0.000998961
1.99788e-05
0.000108123
0.000959535
2.94374e-05
7.52768e-05
0.00091767
4.22135e-05
3.14695e-05
0.00086709
5.87245e-05
1.17762e-05
0.000802122
8.56033e-05
-2.27279e-05
0.000714209
0.000121416
-3.04857e-05
0.000588144
0.000174333
-4.8834e-05
0.000416943
0.000253073
-5.01045e-05
0.000167019
0.000173984
-2.69751e-05
-1.68573e-05
-0.000574374
5.87005e-05
-0.000660478
7.59666e-05
-0.000691978
8.20733e-05
-0.000710579
7.84066e-05
-0.00070685
6.94761e-05
-0.000678627
5.70796e-05
-0.000630065
-4.26357e-05
-4.09003e-06
-0.000583892
-0.000123754
1.28671e-05
-0.00062903
-0.000296569
5.70591e-05
-0.000690097
-0.000368218
7.3978e-05
-0.000710699
-0.00042164
8.14262e-05
-0.000720527
-0.000449684
8.08393e-05
-0.000714606
-0.000450825
7.35007e-05
-0.000689144
-0.00042584
6.28008e-05
-0.000648595
-0.000383482
5.1326e-05
-0.000597249
-0.000295367
5.87323e-05
-0.000693419
-0.00037518
7.33519e-05
-0.000710824
-0.000430478
8.14397e-05
-0.00071598
-0.000461857
8.25865e-05
-0.000707415
-0.000465542
7.73976e-05
-0.00068381
-0.000446718
6.90129e-05
-0.000649771
-0.000413695
5.90757e-05
-0.000606535
-0.000372531
5.02426e-05
-0.000555974
-0.000263738
6.33559e-05
-0.000668214
-0.000354318
7.46704e-05
-0.000690102
-0.000419508
8.10406e-05
-0.000695383
-0.000453655
8.27012e-05
-0.000685429
-0.00045922
7.93827e-05
-0.000665773
-0.000444155
7.32541e-05
-0.000637469
-0.000416376
6.58265e-05
-0.000601806
-0.000381287
5.90785e-05
-0.000559071
-0.000343892
5.47353e-05
-0.000510244
-0.000207769
6.80618e-05
-0.000617431
-0.000306072
7.79696e-05
-0.000646728
-0.000383307
8.27248e-05
-0.000657266
-0.000427287
8.31386e-05
-0.000652439
-0.000440014
8.04108e-05
-0.000637088
-0.000429309
7.56467e-05
-0.000614702
-0.000404094
7.03798e-05
-0.000585874
-0.000370986
6.58799e-05
-0.000551121
-0.000335882
6.35362e-05
-0.000510002
-0.000302381
6.42919e-05
-0.00046264
-0.000142896
6.92783e-05
-0.000550467
-0.00023741
8.06897e-05
-0.000586939
-0.00032338
8.59413e-05
-0.000606075
-0.000382579
8.5625e-05
-0.000608725
-0.000408637
8.20271e-05
-0.000599643
-0.00040627
7.73912e-05
-0.000582958
-0.000384812
7.29917e-05
-0.000560687
-0.000352501
7.00654e-05
-0.000533492
-0.000316851
6.951e-05
-0.000500615
-0.000282246
7.2101e-05
-0.000461111
-0.00025082
7.81134e-05
-0.000414997
-8.26164e-05
6.43489e-05
-0.000471971
-0.000164543
7.87871e-05
-0.000516274
-0.000249482
8.73181e-05
-0.00054386
-0.000320182
8.87052e-05
-0.000555421
-0.00036271
8.51574e-05
-0.000553882
-0.000374213
7.96811e-05
-0.00054363
-0.000360985
7.48746e-05
-0.000527649
-0.000331891
7.21438e-05
-0.000507194
-0.000295628
7.24285e-05
-0.0004821
-0.000258214
7.62203e-05
-0.000451182
-0.000222913
8.38176e-05
-0.000413273
-0.00019068
9.49699e-05
-0.000368382
4.57549e-05
-0.000569419
4.18109e-05
-0.000332368
-0.000538297
4.46453e-05
-0.000328706
-0.000499318
5.38393e-05
-0.00030769
-0.000455558
6.83834e-05
-0.000271757
-0.000409296
8.70735e-05
-0.000222473
-0.000362547
0.00010864
-0.0001601
-0.000317065
-3.1353e-05
5.2062e-05
-0.000377503
-9.91744e-05
7.01352e-05
-0.000434679
-0.000174551
8.32739e-05
-0.000472421
-0.00024712
8.92049e-05
-0.000493562
-0.000302612
8.82037e-05
-0.000500617
-0.000330787
8.29384e-05
-0.000497224
-0.000331082
7.70581e-05
-0.000487283
-0.000309836
7.31796e-05
-0.00047307
-0.000275935
7.28442e-05
-0.000454868
-0.00023682
7.6723e-05
-0.000432123
-0.000197264
8.4863e-05
-0.000403043
-0.000159253
9.73076e-05
-0.00036674
-0.000122354
0.000113414
-0.000323537
-8.44783e-05
0.000131853
-0.000274217
3.80548e-05
-0.000500865
3.68149e-05
-0.000281062
-0.000473388
4.32933e-05
-0.000286441
-0.000437286
5.65141e-05
-0.000273795
-0.000395197
7.50825e-05
-0.000243292
-0.000349898
9.75833e-05
-0.000194932
-0.000303704
0.000123039
-0.000128195
-0.000259337
0.000150463
-4.21756e-05
-0.000219175
1.34004e-05
3.2242e-05
-0.000253447
-4.43725e-05
5.37262e-05
-0.00033417
-0.000108161
7.17601e-05
-0.000388219
-0.000174558
8.33999e-05
-0.000421641
-0.000234238
8.75762e-05
-0.000438803
-0.000275791
8.51077e-05
-0.000443697
-0.00029208
7.94182e-05
-0.000440155
-0.000283682
7.40423e-05
-0.000431545
-0.00025683
7.18876e-05
-0.000419482
-0.000219639
7.42594e-05
-0.000403571
-0.000177818
8.15303e-05
-0.000382789
-0.000135008
9.36217e-05
-0.000355334
-9.15967e-05
0.000110464
-0.000320874
-4.59457e-05
0.000131323
-0.000280198
4.65731e-06
0.000154653
-0.000234597
6.34823e-05
0.000177827
-0.000184627
3.59381e-05
-0.000426742
3.69722e-05
-0.000235491
-0.000402887
4.59834e-05
-0.000247943
-0.00036928
6.18038e-05
-0.000241221
-0.000328514
8.28425e-05
-0.000213564
-0.000283624
0.000107805
-0.000163544
-0.000237853
0.000135888
-8.97587e-05
-0.000194734
0.000166518
9.37344e-06
-0.00015802
0.00019769
0.000134003
-0.000130072
3.86874e-05
-0.000347447
4.09419e-05
-0.000196493
-0.000326039
5.10925e-05
-0.000211016
-0.000293863
6.78303e-05
-0.000205528
-0.000253579
8.97467e-05
-0.000176567
-0.000208678
0.000115624
-0.000121568
-0.000163262
0.000144907
-3.79671e-05
-0.00012186
0.000177428
7.611e-05
-8.95361e-05
0.000211276
0.000219009
-6.94553e-05
4.32834e-05
-0.000261593
4.60328e-05
-0.000158051
-0.00024062
5.60683e-05
-0.000168554
-0.000208196
7.25212e-05
-0.00015863
-0.000167445
9.3924e-05
-0.000123741
-0.000122496
0.000119411
-6.01243e-05
-7.79964e-05
0.000148469
3.53622e-05
-3.93044e-05
0.000181643
0.000164153
-1.20653e-05
0.000217641
0.000320763
2.41786e-07
4.63595e-05
-0.000165872
4.91326e-05
-0.000107717
-0.000142735
5.86752e-05
-0.000108198
-0.000108543
7.38943e-05
-8.86569e-05
-6.70005e-05
9.40843e-05
-4.35871e-05
-2.26157e-05
0.000118082
3.14719e-05
1.93158e-05
0.000146738
0.000140121
5.31424e-05
0.000180832
0.000281283
7.29212e-05
0.000220682
0.000447749
7.70892e-05
6.20406e-05
7.63637e-06
-8.14261e-05
3.30877e-06
3.01773e-05
-0.000199347
-5.24801e-05
5.22774e-05
-0.000280611
-0.00011022
6.97374e-05
-0.000333565
-0.000166761
8.01617e-05
-0.000365126
-0.000214064
8.30848e-05
-0.000380733
-0.00024347
8.01149e-05
-0.000385259
-0.000250094
7.47272e-05
-0.000382639
-0.000235076
7.04859e-05
-0.000375852
-0.000204155
7.01449e-05
-0.000365886
-0.000164161
7.49794e-05
-0.000352002
-0.000119442
8.50591e-05
-0.000332815
-7.19741e-05
0.000100592
-0.000307089
-2.04861e-05
0.000121478
-0.000275117
3.78713e-05
0.000147083
-0.000238573
0.000106253
0.000175671
-0.000199427
0.000187008
0.00020425
-0.000158327
0.000280342
0.000228831
-0.000114472
0.000383454
0.000246427
-6.50051e-05
0.000494251
0.000255159
-2.31197e-06
0.000628086
0.000265187
6.72045e-05
0.000142834
-1.23386e-05
0.00015487
5.58162e-05
4.02845e-06
-1.3362e-05
-3.47109e-06
2.65839e-05
-0.000133961
-5.5789e-05
4.83944e-05
-0.000216982
-0.000106474
6.507e-05
-0.000270866
-0.000153102
7.43776e-05
-0.000302898
-0.000189172
7.65732e-05
-0.000319072
-0.000208199
7.35346e-05
-0.000324619
-0.000206899
6.87922e-05
-0.000323637
-0.000186826
6.5677e-05
-0.000318714
-0.000152868
6.67804e-05
-0.00031047
-0.000110193
7.33157e-05
-0.00029821
-6.20939e-05
8.5573e-05
-0.000280455
-8.47831e-06
0.00010388
-0.000256777
5.36131e-05
0.00012844
-0.000228406
0.000128216
0.000158628
-0.000198117
0.000218808
0.000192824
-0.000168787
0.000325926
0.000227229
-0.000140918
0.000444558
0.000258164
-0.000112272
0.000562048
0.000279626
-7.59155e-05
0.000673466
0.000291636
-1.60401e-05
0.000819597
0.000315419
5.12778e-05
4.52124e-05
-5.61464e-05
4.84681e-05
-2.6623e-05
-2.85762e-05
5.71002e-05
-1.32444e-05
7.90505e-06
7.11758e-05
1.97491e-05
4.94706e-05
8.92421e-05
7.78222e-05
9.08441e-05
0.000112289
0.000166092
0.000126745
0.000141223
0.000286501
0.000150825
0.00017976
0.000438817
0.000159216
0.000228077
0.000616966
0.000149705
0.000290946
0.000820646
0.000125157
0.000373388
0.00105064
8.22785e-05
3.95891e-05
7.23104e-05
4.2942e-05
0.000110005
0.000105189
5.12862e-05
0.000139956
0.000143691
6.29699e-05
0.000188144
0.000182907
7.9863e-05
0.000260624
0.000217835
0.000102023
0.000360096
0.000242937
0.000135391
0.000491949
0.000253067
0.000181068
0.000656299
0.000243378
0.000247699
0.000865169
0.000209302
0.000333238
0.00111279
0.000139544
0.000413687
0.00128086
2.97556e-05
0.000222315
3.39645e-05
0.000341147
0.000259433
4.02848e-05
0.00038659
0.000296532
5.12208e-05
0.000451184
0.00032828
6.62798e-05
0.00053423
0.000349701
9.17517e-05
0.000647634
0.000353216
0.000129313
0.000788028
0.000331521
0.000188003
0.000987562
0.000273134
0.000258448
0.00124463
0.000166345
0.00029258
0.00130145
0.000314326
-1.44611e-05
0.000462738
0.00014386
-1.39121e-05
0.0002355
5.23513e-05
1.05973e-06
6.53435e-05
-6.64931e-06
2.23817e-05
-5.74757e-05
-5.4776e-05
4.30648e-05
-0.000142996
-9.80716e-05
5.8619e-05
-0.000199377
-0.000135226
6.69726e-05
-0.000233715
-0.000161218
6.8519e-05
-0.000252114
-0.000171377
6.55569e-05
-0.000259904
-0.000163556
6.128e-05
-0.000261015
-0.000139479
5.89089e-05
-0.000257908
-0.000102897
6.0772e-05
-0.000251193
-5.76758e-05
6.81512e-05
-0.000240297
-5.50736e-06
8.17208e-05
-0.000224073
5.57174e-05
0.000102081
-0.00020305
0.000130543
0.000129603
-0.000179725
0.00022449
0.000163986
-0.00015813
0.000340972
0.000203188
-0.000142318
0.000479238
0.000244081
-0.000132613
0.000625006
0.000280136
-0.000122878
0.000747086
0.00030568
-9.87167e-05
0.000853061
0.000323211
-3.0077e-05
0.00102768
0.000383044
3.01453e-05
0.00119371
0.000475599
0.000611121
0.000721153
0.000324284
-1.3442e-05
0.000549292
0.000147124
-1.34119e-05
0.000324035
5.21115e-05
-3.93872e-07
0.000153982
-6.32817e-06
1.87658e-05
2.9668e-05
-5.00955e-05
3.76146e-05
-5.85446e-05
-8.60871e-05
5.16661e-05
-0.000118224
-0.000114301
5.89022e-05
-0.000155989
-0.000131296
5.97682e-05
-0.000177666
-0.000133742
5.64986e-05
-0.000188373
-0.00012048
5.21712e-05
-0.000191872
-9.29889e-05
4.97283e-05
-0.000190648
-5.40601e-05
5.14008e-05
-0.000185652
-6.14632e-06
5.87259e-05
-0.000176343
5.09222e-05
7.27117e-05
-0.000162275
0.00012104
9.42092e-05
-0.000145208
0.000210653
0.000123825
-0.00012914
0.000326229
0.000160926
-0.000119682
0.000473075
0.00020377
-0.000122263
0.000647264
0.000247553
-0.000136238
0.000822823
0.000289033
-0.000149365
0.000928057
0.000316465
-0.000124181
0.0010357
0.000359892
-3.12123e-05
0.00114941
0.000478963
0.000622641
0.00080481
0.000333463
-1.0471e-05
0.000640595
0.000152512
-1.02017e-05
0.000420043
5.49032e-05
7.66582e-07
0.000251792
-2.91372e-06
1.72566e-05
0.000126902
-4.24216e-05
3.36257e-05
3.64746e-05
-7.14218e-05
4.55965e-05
-2.64409e-05
-9.13031e-05
5.12511e-05
-6.78647e-05
-0.000100124
5.09347e-05
-9.31359e-05
-9.58385e-05
4.67239e-05
-0.000107004
-7.78767e-05
4.14709e-05
-0.000113242
-4.74499e-05
3.79768e-05
-0.00011441
-6.31365e-06
3.85573e-05
-0.000111551
4.47911e-05
4.49947e-05
-0.000104727
0.000107673
5.85931e-05
-9.43169e-05
0.000188155
8.03022e-05
-8.35632e-05
0.000293683
0.000110399
-7.80047e-05
0.000433476
0.000147893
-8.58163e-05
0.000613282
0.000189515
-0.000114562
0.000834047
0.000231174
-0.000165036
0.00104864
0.000279939
-0.000205039
0.00108911
0.000317212
-0.000135535
0.00109052
0.000417432
0.000627798
0.000893231
0.000340948
-5.24757e-06
0.000738408
0.000159044
-3.7709e-06
0.000523528
5.99657e-05
5.62688e-06
0.000358237
2.97356e-06
1.93836e-05
0.00023379
-3.24158e-05
3.2735e-05
0.000142135
-5.48609e-05
4.19566e-05
7.68508e-05
-6.70335e-05
4.51817e-05
3.24499e-05
-6.84608e-05
4.27824e-05
3.871e-06
-5.82679e-05
3.66365e-05
-1.33587e-05
-3.63172e-05
2.95115e-05
-2.27976e-05
-3.31871e-06
2.41235e-05
-2.69323e-05
4.0186e-05
2.28953e-05
-2.72814e-05
9.52123e-05
2.78307e-05
-2.4877e-05
0.000165198
4.04631e-05
-2.11072e-05
0.000256789
6.14327e-05
-2.08703e-05
0.000379124
9.03469e-05
-3.18108e-05
0.000540991
0.000124349
-6.63789e-05
0.000752624
0.000159591
-0.000144015
0.0010318
0.000190357
-0.000299257
0.00161157
0.000163684
-0.000701905
0.000985758
0.000308373
0.000624602
0.000987417
0.00034552
3.15501e-06
0.000845192
0.000165177
7.15321e-06
0.000635467
6.59969e-05
1.58857e-05
0.000473428
1.04354e-05
2.70095e-05
0.000350467
-2.08549e-05
3.69373e-05
0.000258931
-3.71405e-05
4.24037e-05
0.000192738
-4.23474e-05
4.20301e-05
0.000146209
-3.7294e-05
3.62536e-05
0.000114639
-2.21511e-05
2.71068e-05
9.41911e-05
3.1416e-06
1.72356e-05
8.13778e-05
3.84309e-05
9.34504e-06
7.34699e-05
8.45802e-05
5.87448e-06
6.83273e-05
0.000144468
9.01156e-06
6.35318e-05
0.000222002
2.02563e-05
5.65605e-05
0.000324954
3.95797e-05
4.1777e-05
0.000458844
6.48803e-05
1.05984e-05
0.00062866
9.20453e-05
-4.48119e-05
0.000824192
0.000114319
-0.00013282
0.00103122
0.000132477
-0.000209145
0.0009648
0.00020522
1.79345e-05
0.000336902
2.03603e-05
0.000631036
0.000365768
2.55642e-05
0.000678612
0.000387532
3.27762e-05
0.000730355
0.000399427
4.59074e-05
0.000803365
0.000393378
6.68279e-05
0.000882097
0.000361386
0.000102187
0.000994742
0.000284751
0.000143577
0.00105992
0.000153816
0.000142497
0.00115367
0.000609955
0.0010912
0.000345032
1.42831e-05
0.000964484
0.000168793
2.33156e-05
0.000757092
7.13349e-05
3.26716e-05
0.000598342
1.82723e-05
4.16045e-05
0.000478024
-8.68033e-06
4.74893e-05
0.000388026
-1.92213e-05
4.81549e-05
0.000321494
-1.82804e-05
4.25839e-05
0.000273315
-7.98446e-06
3.22612e-05
0.000239558
1.10823e-05
1.91054e-05
0.000216286
3.89886e-05
5.85597e-06
0.000199732
7.64591e-05
-4.90979e-06
0.000186862
0.000125601
-1.06372e-05
0.000174645
0.000190428
-9.34161e-06
0.00015975
0.000276428
3.97713e-07
0.000138168
0.000387051
1.74781e-05
0.000106954
0.000529401
3.79383e-05
6.35251e-05
0.000690555
5.6349e-05
1.8798e-05
0.000894341
6.31045e-05
-2.27364e-05
0.000983817
0.0001339
0.000581767
0.00120978
0.000335459
3.23452e-05
0.00109818
0.000167038
4.90651e-05
0.000890911
7.38142e-05
5.9629e-05
0.000734981
2.48967e-05
6.59953e-05
0.000617841
2.735e-06
6.63064e-05
0.00052881
-2.19532e-06
5.99426e-05
0.000461842
3.48874e-06
4.78182e-05
0.000413279
1.78088e-05
3.16989e-05
0.000378322
3.95163e-05
1.37564e-05
0.000352343
6.94402e-05
-3.32969e-06
0.000331509
0.000108842
-1.69469e-05
0.000312089
0.000161245
-2.49777e-05
0.000290651
0.000231825
-2.52696e-05
0.000262915
0.00032588
-1.75474e-05
0.000224637
0.000451245
-3.55008e-06
0.000175776
0.000607455
1.26276e-05
0.000120388
0.000814812
2.20802e-05
5.39226e-05
0.000928369
5.57261e-05
0.000531834
0.00134633
0.000312912
5.73325e-05
0.00124981
0.000157504
8.48348e-05
0.00103962
7.1675e-05
9.71307e-05
0.000885053
2.90031e-05
9.95308e-05
0.000767636
1.26848e-05
9.16628e-05
0.000678053
1.21626e-05
7.72198e-05
0.000612582
2.14314e-05
5.73026e-05
0.000564728
3.81003e-05
3.46833e-05
0.000528649
6.14935e-05
1.13698e-05
0.000499391
9.25175e-05
-9.40692e-06
0.000472381
0.00013412
-2.61716e-05
0.000443792
0.000190671
-3.56335e-05
0.000408575
0.000267739
-3.86341e-05
0.000363858
0.000378154
-3.29286e-05
0.000299842
0.000524719
-2.30917e-05
0.000220998
0.000726842
-1.6517e-05
0.000122212
0.0008224
1.47602e-05
0.000454071
0.00147101
0.000272237
0.000104329
0.0014182
0.000137573
0.00014498
0.00119946
6.31387e-05
0.00015251
0.00103767
3.0357e-05
0.000143744
0.000918703
1.86938e-05
0.000125223
0.0008334
2.21472e-05
0.000100192
0.000771977
3.29547e-05
7.14733e-05
0.000725696
5.09251e-05
4.12278e-05
0.000688788
7.39887e-05
1.31874e-05
0.000655435
0.0001063
-1.23891e-05
0.000621468
0.000149413
-2.98579e-05
0.000580829
0.000211631
-4.44177e-05
0.000530401
0.000299037
-4.70735e-05
0.000460474
0.000427679
-4.85754e-05
0.000353244
0.000612555
-4.52134e-05
0.000202649
0.000668113
-2.18798e-05
0.000325898
0.00147234
0.000209161
0.000141398
0.00159121
0.000109972
0.000198829
0.00134171
5.24189e-05
0.000204313
0.00117326
2.77619e-05
0.000191685
0.00106732
2.05778e-05
0.000161991
0.000992428
2.58022e-05
0.00012747
0.000938608
3.71092e-05
8.77362e-05
0.000894411
5.38155e-05
5.30548e-05
0.000854907
7.7328e-05
1.60575e-05
0.000812606
0.000108629
-6.33515e-06
0.000760601
0.000156313
-3.65675e-05
0.0006925
0.000222345
-4.11689e-05
0.000591649
0.000310005
-6.15186e-05
0.000464635
0.000452132
-6.21724e-05
0.000268402
0.000453923
-3.14269e-05
0.000157131
0.00122192
0.000117545
0.000135036
0.00122107
6.90149e-05
0.000215004
0.00117128
2.92069e-05
0.000241304
0.00109527
1.84148e-05
0.000216921
0.0010416
1.50753e-05
0.000185004
0.000992966
2.10635e-05
0.000135119
0.000950901
2.93876e-05
9.98663e-05
0.000905557
4.32124e-05
5.06653e-05
0.000855262
5.96322e-05
2.83275e-05
0.000790906
8.72518e-05
-1.29683e-05
0.00070511
0.000121798
-1.96055e-05
0.000581531
0.000176238
-4.79576e-05
0.00041103
0.000254405
-4.72755e-05
0.000159708
0.000174456
-3.44117e-05
-2.48403e-05
-0.000551281
-8.0374e-06
-0.000592112
4.43582e-05
-0.000652775
6.75958e-05
-0.000684532
8.04326e-05
-0.000710068
8.21526e-05
-0.000718376
7.62598e-05
-0.000704881
6.54949e-05
-0.000669211
5.37255e-05
-0.000618936
-7.1794e-06
-8.65112e-06
-0.000539431
-8.10676e-05
4.63386e-06
-0.00059748
-0.000174033
2.40271e-05
-0.000644069
-0.000269962
4.64674e-05
-0.000677874
-0.000355597
6.72652e-05
-0.000702967
-0.000422685
8.05862e-05
-0.000717652
-0.000466031
8.46194e-05
-0.000720133
-0.000482517
8.09325e-05
-0.000705063
-0.000471543
7.26964e-05
-0.000674215
-0.000440708
6.15394e-05
-0.000631796
-0.000397792
5.05023e-05
-0.00058068
-0.000250736
5.18211e-05
-0.000668844
-0.000347383
6.84023e-05
-0.000695404
-0.000420752
8.03014e-05
-0.000708441
-0.000465989
8.53299e-05
-0.000706389
-0.000482203
8.3678e-05
-0.000690713
-0.000471764
7.74273e-05
-0.000664615
-0.000446384
6.87268e-05
-0.000629415
-0.00041104
5.97664e-05
-0.000586306
-0.000371307
5.279e-05
-0.000536705
-0.000203324
5.79337e-05
-0.000627789
-0.000308497
7.16946e-05
-0.000662812
-0.000393985
8.04711e-05
-0.000678854
-0.000447094
8.48248e-05
-0.000677699
-0.00046556
8.41372e-05
-0.000664638
-0.000458303
7.97902e-05
-0.000643315
-0.000434553
7.36254e-05
-0.000614809
-0.000401272
6.72316e-05
-0.000579673
-0.000364452
6.24183e-05
-0.000538184
-0.000329026
6.05602e-05
-0.000490321
-0.00014187
6.13183e-05
-0.000565094
-0.000244564
7.48371e-05
-0.000607143
-0.000339804
8.313e-05
-0.000630709
-0.000406288
8.57843e-05
-0.000636203
-0.000436543
8.44286e-05
-0.00062855
-0.000435997
8.07794e-05
-0.000612493
-0.000414864
7.61228e-05
-0.000590393
-0.000381501
7.1833e-05
-0.000562826
-0.000343995
6.92267e-05
-0.000529668
-0.000307623
6.94767e-05
-0.00048981
-0.000275068
7.32957e-05
-0.000443305
-8.14994e-05
5.95503e-05
-0.000489525
-0.00017133
7.46868e-05
-0.000537677
-0.000265924
8.47921e-05
-0.000569347
-0.000345162
8.81086e-05
-0.000583577
-0.000392372
8.62435e-05
-0.000583279
-0.000404996
8.19085e-05
-0.000573377
-0.000390948
7.73619e-05
-0.000557365
-0.000359617
7.39416e-05
-0.000536838
-0.000320634
7.27825e-05
-0.000511758
-0.000280786
7.47248e-05
-0.000480667
-0.000243913
8.0415e-05
-0.000442413
-0.000211359
8.99039e-05
-0.000397149
-2.82754e-05
5.12316e-05
-0.000400026
-0.000103049
6.87233e-05
-0.000458032
-0.000187602
8.2185e-05
-0.000498089
-0.000269691
8.89093e-05
-0.000521493
-0.000331814
8.87035e-05
-0.000529765
-0.000362251
8.4153e-05
-0.00052689
-0.000361501
7.86947e-05
-0.000517031
-0.000337212
7.47169e-05
-0.000502846
-0.000299495
7.35904e-05
-0.000484796
-0.000256696
7.62216e-05
-0.000462225
-0.000214383
8.2883e-05
-0.000433129
-0.000175046
9.39697e-05
-0.000396479
-0.000138485
0.000108962
-0.000352573
4.25378e-05
-0.000558781
4.24378e-05
-0.000349544
-0.000523083
4.92741e-05
-0.000331478
-0.000481511
6.23453e-05
-0.000296579
-0.000436568
8.04523e-05
-0.000246519
-0.00039062
0.000102266
-0.000182047
-0.000345282
0.000126521
-0.000102741
-0.000302285
1.93829e-05
3.56803e-05
-0.000285738
-4.43324e-05
5.58766e-05
-0.000363284
-0.000116286
7.32608e-05
-0.000416541
-0.000192025
8.46988e-05
-0.000450448
-0.000260015
8.88269e-05
-0.000468407
-0.000306292
8.63375e-05
-0.000473514
-0.000322919
8.0657e-05
-0.000469984
-0.000311579
7.52851e-05
-0.000461492
-0.00028014
7.28357e-05
-0.000449751
-0.000238087
7.4557e-05
-0.000434255
-0.000191991
8.09136e-05
-0.000414
-0.000146224
9.20911e-05
-0.00038661
-0.000101487
0.000108185
-0.000351622
-5.63277e-05
0.000128489
-0.000309791
-8.10022e-06
0.000151355
-0.000262351
3.56784e-05
-0.000492091
3.89334e-05
-0.000301749
-0.000460042
4.99351e-05
-0.000294177
-0.000420856
6.73783e-05
-0.000266847
-0.000377218
8.97224e-05
-0.000219896
-0.000331814
0.000115716
-0.000152649
-0.000287162
0.000144451
-6.41596e-05
-0.000245916
0.000174049
4.6532e-05
-0.000209756
7.01907e-05
1.39921e-05
-0.000128238
7.41859e-06
3.58446e-05
-0.000239675
-5.52694e-05
5.69475e-05
-0.000316567
-0.000121595
7.36164e-05
-0.00036706
-0.000186861
8.33747e-05
-0.000397339
-0.000241017
8.56043e-05
-0.000412345
-0.000273378
8.19558e-05
-0.000416327
-0.000278696
7.61094e-05
-0.000413619
-0.000259322
7.16229e-05
-0.000407034
-0.000222711
7.10639e-05
-0.00039773
-0.000177138
7.56225e-05
-0.000384686
-0.000127681
8.52407e-05
-0.000366168
-7.69347e-05
0.00010049
-0.000340399
-2.37729e-05
0.000121319
-0.000307583
3.45741e-05
0.000146986
-0.000269233
0.00010109
0.000175569
-0.000227176
0.000178037
0.000203892
-0.000181859
3.46484e-05
-0.000420245
4.0374e-05
-0.00025866
-0.000391602
5.41487e-05
-0.000259202
-0.000354357
7.42905e-05
-0.000237078
-0.00031146
9.92783e-05
-0.000190559
-0.000266142
0.000128077
-0.00011797
-0.000222094
0.000160067
-1.74303e-05
-0.000183091
0.000193496
0.000111764
-0.000151848
0.000228003
0.000266272
-0.000132729
3.84539e-05
-0.000342994
4.53373e-05
-0.000219809
-0.000316551
6.00634e-05
-0.000223194
-0.000280193
8.11568e-05
-0.000201458
-0.000237325
0.000107088
-0.000151388
-0.000192023
0.000137086
-7.02241e-05
-0.00014868
0.000170965
4.4391e-05
-0.000112637
0.000206862
0.000191736
-8.74828e-05
0.000245181
0.000364253
-7.77945e-05
4.41366e-05
-0.000258611
5.09693e-05
-0.000178585
-0.000232426
6.54111e-05
-0.000177942
-0.000195619
8.5941e-05
-0.000150956
-0.000152277
0.000111547
-9.30169e-05
-0.000107066
0.000141306
-4.58967e-07
-6.53989e-05
0.000175652
0.000129004
-3.30699e-05
0.000213457
0.00029071
-1.46369e-05
0.000254
0.000472334
-1.11603e-05
4.79694e-05
-0.000163564
5.45364e-05
-0.000121821
-0.000135181
6.79042e-05
-0.000111018
-9.6986e-05
8.73879e-05
-7.34876e-05
-5.33123e-05
0.000111552
-3.8259e-06
-9.62791e-06
0.000140771
0.000102491
2.84644e-05
0.000175715
0.000245726
5.4208e-05
0.000217185
0.000418362
6.48834e-05
0.000264719
0.000607826
6.07073e-05
0.000147953
-6.63012e-06
9.18407e-05
6.21488e-05
1.1161e-05
-6.87422e-05
-1.42192e-06
3.38096e-05
-0.000182928
-6.094e-05
5.49491e-05
-0.000260671
-0.00012003
7.06782e-05
-0.000310525
-0.000174461
7.89615e-05
-0.000339643
-0.000215834
8.00075e-05
-0.000353963
-0.000236292
7.59526e-05
-0.000358391
-0.000232361
7.04909e-05
-0.000357182
-0.000206934
6.71312e-05
-0.00035273
-0.000166504
6.82363e-05
-0.000345508
-0.000117659
7.49177e-05
-0.000334395
-6.43926e-05
8.73308e-05
-0.000317256
-6.99085e-06
0.000106117
-0.000293215
5.76241e-05
0.000131384
-0.000263429
0.000133448
0.000162395
-0.00023053
0.00022352
0.00019719
-0.000197079
0.000327969
0.000231676
-0.000163215
0.000441507
0.000262378
-0.000127372
0.00055293
0.000283325
-8.40528e-05
0.000660813
0.000295294
-1.97665e-05
0.000809193
0.000319619
4.89356e-05
0.000307187
-1.24929e-05
0.000387657
0.000146372
-9.21904e-06
0.000165605
5.63669e-05
7.92011e-06
1.28639e-06
-6.64545e-06
3.01489e-05
-0.000115719
-6.16957e-05
5.05763e-05
-0.000195569
-0.000112831
6.51602e-05
-0.000246889
-0.000156703
7.22344e-05
-0.000277082
-0.00018668
7.24495e-05
-0.000292525
-0.000196947
6.83832e-05
-0.000298639
-0.00018555
6.3388e-05
-0.000299354
-0.000155326
6.09218e-05
-0.000297008
-0.000111665
6.321e-05
-0.000291597
-5.97749e-05
7.11422e-05
-0.00028168
-1.94336e-06
8.55638e-05
-0.000265703
6.38958e-05
0.000107199
-0.000243715
0.000142684
0.00013634
-0.00021826
0.00023984
0.000172496
-0.000193138
0.000358139
0.000213184
-0.000171909
0.000495233
0.000255022
-0.000153772
0.000635431
0.000291205
-0.000134275
0.000748321
0.0003171
-0.000102615
0.000848657
0.000334217
-3.0434e-05
0.00102906
0.000393604
2.96838e-05
4.77402e-05
-5.34954e-05
5.39433e-05
-3.12241e-05
-2.15982e-05
6.66808e-05
-5.68087e-06
1.79402e-05
8.43131e-05
4.59994e-05
5.995e-05
0.000107539
0.00013032
9.89397e-05
0.000136635
0.000250512
0.000128122
0.000175798
0.000406735
0.000142501
0.000225499
0.000592721
0.00013903
0.000291282
0.000807371
0.000119398
0.000376645
0.00105209
8.02963e-05
0.000471459
0.00121822
4.23371e-05
7.58444e-05
4.9163e-05
0.000118086
0.00011186
6.01965e-05
0.000160911
0.000151013
7.68832e-05
0.000229571
0.000188297
9.89538e-05
0.000327804
0.000217453
0.000132109
0.000461753
0.000232775
0.000178144
0.000631975
0.000228561
0.000245714
0.000851029
0.000199806
0.000332356
0.001115
0.000133183
0.000404939
0.00130805
3.35764e-05
0.000226727
3.93336e-05
0.000362995
0.000264056
5.01395e-05
0.000425435
0.000297705
6.49165e-05
0.000508162
0.000322208
9.008e-05
0.000623593
0.000329569
0.00012692
0.000768359
0.000312793
0.000185257
0.000976623
0.000259389
0.000254412
0.00124881
0.000158114
0.000284102
0.00132619
0.000587885
0.000650289
0.000315121
-1.25847e-05
0.000470574
0.000146746
-1.0496e-05
0.000247435
5.35534e-05
5.04564e-06
8.1238e-05
-8.16365e-06
2.57834e-05
-3.83586e-05
-5.81101e-05
4.48258e-05
-0.000121188
-0.000101095
5.80914e-05
-0.000175488
-0.000135017
6.40324e-05
-0.000208512
-0.000154815
6.35969e-05
-0.000226636
-0.000156389
5.93031e-05
-0.000235281
-0.000138732
5.45122e-05
-0.000238366
-0.000104533
5.22745e-05
-0.000237866
-5.79662e-05
5.47464e-05
-0.000233882
-2.99806e-06
6.31762e-05
-0.000224901
6.03915e-05
7.87346e-05
-0.000210196
0.000136339
0.000102377
-0.000191123
0.000231951
0.000134608
-0.000171646
0.000353839
0.000174596
-0.000157148
0.000506072
0.000220513
-0.000151747
0.000681494
0.000266872
-0.000153579
0.00084897
0.000312196
-0.000155541
0.000937655
0.000338735
-0.000123839
0.00103994
0.000378612
-2.98851e-05
0.00117285
0.000482306
0.000601206
0.000729146
0.000323061
-1.13865e-05
0.000557668
0.000149474
-9.93078e-06
0.000336611
5.3963e-05
3.46651e-06
0.000170222
-6.18037e-06
2.18734e-05
4.86761e-05
-5.08716e-05
3.89296e-05
-3.73578e-05
-8.58352e-05
5.05229e-05
-9.5431e-05
-0.000110403
5.51809e-05
-0.000132301
-0.000121061
5.38204e-05
-0.00015405
-0.000115053
4.89172e-05
-0.000165905
-9.21031e-05
4.36268e-05
-0.000171544
-5.43467e-05
4.07244e-05
-0.000173075
-5.11594e-06
4.24523e-05
-0.000170576
5.34795e-05
5.05342e-05
-0.000162854
0.000123571
6.64274e-05
-0.000150391
0.000211673
9.12109e-05
-0.000136111
0.000326349
0.000124952
-0.000125832
0.000477587
0.000166671
-0.000126693
0.000669652
0.000212847
-0.000143927
0.000896432
0.000262105
-0.000171695
0.00109294
0.000314367
-0.000191568
0.00110265
0.000348101
-0.00012593
0.0011098
0.00042847
0.000610182
0.000811956
0.000330568
-8.65587e-06
0.000649429
0.000154325
-6.99767e-06
0.000432526
5.73382e-05
4.25683e-06
0.000267419
-1.10507e-06
1.98779e-05
0.000144728
-4.06031e-05
3.43361e-05
5.59225e-05
-6.78985e-05
4.37361e-05
-5.88806e-06
-8.36956e-05
4.6588e-05
-4.68556e-05
-8.60526e-05
4.37396e-05
-7.25597e-05
-7.3396e-05
3.74787e-05
-8.7884e-05
-4.57921e-05
3.07274e-05
-9.65174e-05
-4.92077e-06
2.6277e-05
-0.000100527
4.72094e-05
2.65692e-05
-0.000100149
0.000110291
3.37136e-05
-9.49264e-05
0.000188796
4.93078e-05
-8.69205e-05
0.000290591
7.40794e-05
-8.10451e-05
0.00042744
0.000107336
-8.57636e-05
0.000610298
0.000146055
-0.000111663
0.0008558
0.000186741
-0.000173305
0.00115281
0.000232472
-0.000238585
0.0016197
0.000407481
-0.000303445
0.000959166
0.000308489
0.000613531
0.000899055
0.000336759
-3.61842e-06
0.000747017
0.000160373
-1.18809e-06
0.000535148
6.29555e-05
8.44962e-06
0.000372213
6.44784e-06
2.12215e-05
0.000249292
-2.80041e-05
3.26279e-05
0.000158613
-4.80293e-05
3.90971e-05
9.38243e-05
-5.57429e-05
3.93478e-05
4.92801e-05
-5.06312e-05
3.40952e-05
1.97496e-05
-3.21377e-05
2.55103e-05
6.29173e-07
-5.13727e-07
1.64507e-05
-1.14694e-05
4.33018e-05
9.78812e-06
-1.86959e-05
9.89079e-05
8.24161e-06
-2.20199e-05
0.000167903
1.41928e-05
-2.2041e-05
0.000256071
2.9151e-05
-2.28937e-05
0.000373318
5.29484e-05
-3.18361e-05
0.000530344
8.30253e-05
-6.19878e-05
0.000742866
0.000115717
-0.00013671
0.00103685
0.000142136
-0.000308448
0.00146186
0.000193849
-0.000760065
0.000599515
-2.82473e-05
0.000609145
0.000991381
0.000340513
4.11989e-06
0.000852744
0.000166105
9.01625e-06
0.000645025
6.95646e-05
1.76706e-05
0.000484537
1.55314e-05
2.77946e-05
0.000362351
-1.39127e-05
3.55447e-05
0.000271023
-2.71695e-05
3.82391e-05
0.000204477
-2.76017e-05
3.46923e-05
0.000157092
-1.59832e-05
2.58725e-05
0.000123873
7.4228e-06
1.40143e-05
0.000101072
4.24639e-05
2.03313e-06
8.52146e-05
8.91574e-05
-7.13629e-06
7.37824e-05
0.000149047
-1.05203e-05
6.44134e-05
0.000224707
-5.62006e-06
5.51294e-05
0.000323505
8.50739e-06
4.05557e-05
0.000451731
3.00753e-05
1.1902e-05
0.000616249
5.48805e-05
-3.90855e-05
0.000807506
7.75759e-05
-0.000125019
0.00101343
9.53459e-05
-0.000214775
0.00084595
0.000133942
2.04333e-05
0.0003366
2.5527e-05
0.000658374
0.000360479
3.27627e-05
0.000711174
0.00037395
4.54382e-05
0.000786379
0.000370975
6.58544e-05
0.000868216
0.000341405
9.99008e-05
0.000986273
0.000269954
0.000139677
0.0010596
0.000145387
0.00013751
0.00116998
0.000594279
0.00109297
0.00033927
1.4606e-05
0.000969382
0.000169429
2.40504e-05
0.000763322
7.54639e-05
3.31035e-05
0.000605193
2.48906e-05
4.08024e-05
0.000484718
4.84374e-07
4.44497e-05
0.000393982
-6.47072e-06
4.21562e-05
0.000326197
-6.08809e-07
3.34915e-05
0.000276182
1.63138e-05
1.99931e-05
0.000240166
4.3555e-05
4.19097e-06
0.000213912
8.14696e-05
-1.10563e-05
0.000193849
0.000131046
-2.25863e-05
0.000176607
0.000195344
-2.75262e-05
0.000158731
0.000278863
-2.32673e-05
0.000136377
0.000385222
-9.98776e-06
0.000106291
0.000522363
8.52337e-06
6.52516e-05
0.000676819
2.63394e-05
2.4171e-05
0.000874953
3.65004e-05
-1.47384e-05
0.000962825
7.67082e-05
0.000566405
0.00120756
0.000329452
3.18267e-05
0.00109888
0.000167552
4.82802e-05
0.000892212
7.84958e-05
5.81086e-05
0.000736047
3.26503e-05
6.28952e-05
0.000617605
1.37014e-05
6.09675e-05
0.000526769
1.25524e-05
5.17984e-05
0.000457472
2.3395e-05
3.66089e-05
0.000406406
4.41482e-05
1.75673e-05
0.000368464
7.41946e-05
-2.83848e-06
0.000339151
0.000114272
-2.12449e-05
0.000314053
0.000166845
-3.49443e-05
0.000289331
0.000236399
-4.07168e-05
0.00026037
0.000327891
-3.74778e-05
0.000222693
0.000449398
-2.57717e-05
0.000175614
0.000600927
-1.0946e-05
0.000123142
0.000802929
6.06371e-07
6.57743e-05
0.000914537
1.7512e-05
0.000517861
0.00133987
0.00030682
5.55606e-05
0.0012445
0.000158163
8.20449e-05
0.00103411
7.66011e-05
9.30994e-05
0.000878022
3.7605e-05
9.37164e-05
0.000758334
2.45167e-05
8.35852e-05
0.000665865
2.81725e-05
6.64096e-05
0.00059745
4.22516e-05
4.38552e-05
0.00054626
6.56434e-05
1.85251e-05
0.000506775
9.7069e-05
-6.2409e-06
0.000473144
0.000139395
-2.80109e-05
0.000441126
0.000195601
-4.27018e-05
0.000404673
0.000271669
-5.05498e-05
0.000360453
0.000379491
-4.74641e-05
0.00029794
0.000523076
-4.01324e-05
0.000221486
0.000722098
-3.24175e-05
0.000127355
0.000813427
-8.34044e-06
0.000442256
0.00145898
0.000267061
0.00010067
0.00140461
0.000138035
0.000139262
0.00118465
6.83307e-05
0.000145036
0.00102047
3.86442e-05
0.000134832
0.000898211
3.07249e-05
0.000113908
0.000809538
3.76429e-05
8.70526e-05
0.000744557
5.37235e-05
5.5427e-05
0.000694883
7.74912e-05
2.4357e-05
0.000653942
0.000110151
-5.84928e-06
0.000616072
0.000153754
-2.80995e-05
0.000574584
0.000215656
-4.7863e-05
0.00052493
0.000301653
-5.22153e-05
0.000456236
0.000428945
-5.93628e-05
0.000352322
0.000611719
-5.3719e-05
0.000202163
0.00066638
-3.16884e-05
0.000317369
0.0014535
0.000204342
0.000137459
0.00156579
0.000110828
0.000189742
0.00131446
5.63132e-05
0.000194145
0.00114369
3.54723e-05
0.000177928
0.00103432
3.06645e-05
0.000148522
0.000955787
4.0085e-05
0.000109479
0.000897844
5.53006e-05
7.22477e-05
0.000849305
7.98152e-05
3.09699e-05
0.000803392
0.000111196
4.23679e-06
0.00075047
0.000159477
-3.18001e-05
0.000683608
0.00022432
-3.57068e-05
0.000584516
0.000312714
-6.67268e-05
0.000460381
0.00045295
-5.88355e-05
0.000262754
0.000454654
-4.32232e-05
0.000152478
0.00120447
0.000116684
0.000126241
0.00119315
6.89712e-05
0.00020622
0.0011374
3.21326e-05
0.000224526
0.00105553
2.32521e-05
0.000205266
0.000998086
2.21905e-05
0.000162177
0.000943718
3.08053e-05
0.000124673
0.000895289
4.29291e-05
7.20765e-05
0.000841217
6.09381e-05
4.49775e-05
0.000777674
8.82936e-05
-3.02209e-06
0.000692667
0.00012236
-9.93051e-06
0.000573075
0.00017824
-4.85891e-05
0.000403923
0.000255086
-3.88098e-05
0.000147478
0.000174912
-4.96147e-05
-2.80591e-05
-0.000512433
-1.65987e-05
-0.000567614
3.49686e-06
-0.000611527
3.0077e-05
-0.000645252
5.6983e-05
-0.000676306
7.6554e-05
-0.000704271
8.45351e-05
-0.00072062
8.26592e-05
-0.000718288
7.44379e-05
-0.000694982
6.3796e-05
-0.000655093
5.11784e-05
-0.00060365
2.32027e-05
-1.04332e-05
-0.000484018
-3.65114e-05
-9.5235e-07
-0.000550744
-0.000124117
1.5497e-05
-0.000610626
-0.000227884
3.66562e-05
-0.000657109
-0.000327932
5.89654e-05
-0.000689025
-0.000410497
7.69085e-05
-0.000709544
-0.00046761
8.63722e-05
-0.000717784
-0.000497145
8.6955e-05
-0.000711212
-0.000495805
8.11276e-05
-0.000689454
-0.000474936
7.15972e-05
-0.000655722
-0.000440692
6.06955e-05
-0.000612338
-0.000398993
5.12701e-05
-0.000561827
-0.000191169
4.46251e-05
-0.000629929
-0.000301317
6.2574e-05
-0.000670195
-0.000394075
7.72169e-05
-0.00069223
-0.0004576
8.57589e-05
-0.000698363
-0.000486791
8.78956e-05
-0.000689375
-0.000484901
8.40251e-05
-0.000670712
-0.000464659
7.72115e-05
-0.000642994
-0.000432263
6.8983e-05
-0.00060764
-0.000394341
6.16601e-05
-0.000565288
-0.000356688
5.69385e-05
-0.000516708
-0.000135885
5.05924e-05
-0.000574313
-0.000245072
6.68357e-05
-0.000622421
-0.000349006
7.86836e-05
-0.000651822
-0.00042443
8.54268e-05
-0.000661314
-0.00046118
8.71787e-05
-0.000656104
-0.000464276
8.47169e-05
-0.000641286
-0.000444967
7.98794e-05
-0.000619467
-0.000411621
7.4193e-05
-0.000591651
-0.000372595
6.93432e-05
-0.000557998
-0.000334641
6.69428e-05
-0.00051755
-0.000300736
6.81727e-05
-0.000470481
-7.77337e-05
5.19874e-05
-0.000502601
-0.000174134
6.8259e-05
-0.000555711
-0.000278151
8.0764e-05
-0.000592549
-0.00036641
8.68947e-05
-0.000610571
-0.000419533
8.75201e-05
-0.000612133
-0.000434675
8.47236e-05
-0.000602815
-0.000420897
8.06414e-05
-0.000587062
-0.000388369
7.64358e-05
-0.000566244
-0.000347071
7.35806e-05
-0.000540743
-0.000304973
7.33169e-05
-0.000509321
-0.000266588
7.66723e-05
-0.000470511
-0.000233561
8.40564e-05
-0.000424707
-2.4265e-05
4.7622e-05
-0.000417822
-0.000104805
6.48426e-05
-0.000477924
-0.00019816
7.92696e-05
-0.000521595
-0.000290089
8.75877e-05
-0.000548427
-0.000359484
8.90981e-05
-0.000558762
-0.000393051
8.58141e-05
-0.000556385
-0.000391902
8.10722e-05
-0.000546686
-0.000365152
7.69202e-05
-0.000532403
-0.000324109
7.47537e-05
-0.000514195
-0.000277978
7.57734e-05
-0.000491525
-0.000232964
8.05241e-05
-0.000462196
-0.000192335
8.98027e-05
-0.000425023
-0.000156228
0.000103275
-0.000380415
2.51031e-05
3.64995e-05
-0.000311793
-4.36365e-05
5.53904e-05
-0.000387389
-0.000123103
7.24679e-05
-0.000441498
-0.000208304
8.44418e-05
-0.000477343
-0.000285086
8.92465e-05
-0.000496964
-0.000336461
8.74612e-05
-0.000502904
-0.000353825
8.21769e-05
-0.000499465
-0.000339913
7.69914e-05
-0.000490971
-0.000304118
7.40895e-05
-0.000479367
-0.000257479
7.48297e-05
-0.000464011
-0.000207131
7.98252e-05
-0.000444027
-0.000158521
8.95967e-05
-0.000416459
-0.000112734
0.000104491
-0.000380761
-6.84436e-05
0.000123832
-0.000337769
4.10298e-05
-0.000544603
4.5058e-05
-0.000355119
-0.000505567
5.6088e-05
-0.000321807
-0.000462437
7.31061e-05
-0.000271504
-0.000417311
9.47433e-05
-0.000205321
-0.000372368
0.000119633
-0.000122802
-0.000329138
0.000145914
-2.32781e-05
-0.000288571
7.79958e-05
1.87209e-05
-0.000167676
1.13381e-05
3.92565e-05
-0.000273037
-5.78015e-05
5.92425e-05
-0.000346733
-0.000132476
7.53357e-05
-0.000396296
-0.000206716
8.49808e-05
-0.000426746
-0.000268118
8.71031e-05
-0.000442072
-0.000303624
8.34657e-05
-0.000446076
-0.000307618
7.74616e-05
-0.000443238
-0.000283996
7.2882e-05
-0.000436863
-0.000241688
7.18118e-05
-0.000428029
-0.000190599
7.56477e-05
-0.000415528
-0.000136437
8.43333e-05
-0.000397486
-8.26174e-05
9.87825e-05
-0.000371524
-2.82305e-05
0.000119074
-0.000337749
2.93463e-05
0.000144377
-0.000297586
9.28431e-05
0.00017262
-0.000252676
3.54371e-05
-0.000480035
4.34551e-05
-0.000313078
-0.000444224
5.91474e-05
-0.000289952
-0.00040275
8.082e-05
-0.000245243
-0.000358401
0.000107042
-0.000178475
-0.000313752
0.000136685
-8.83665e-05
-0.000271564
0.000167955
2.63134e-05
-0.000233585
0.000200531
0.000164644
-0.000203399
0.000154346
-9.175e-07
3.55262e-05
6.86962e-05
1.72989e-05
-0.000116239
4.5878e-07
3.93066e-05
-0.000223914
-6.62629e-05
5.95008e-05
-0.000297129
-0.000133814
7.44148e-05
-0.000344317
-0.00019628
8.20637e-05
-0.000371979
-0.000243256
8.23817e-05
-0.000385348
-0.000264969
7.77056e-05
-0.000389246
-0.000258267
7.18223e-05
-0.000387912
-0.000227176
6.81884e-05
-0.000383917
-0.000180075
6.90338e-05
-0.000377569
-0.00012501
7.53553e-05
-0.000367449
-6.66731e-05
8.7418e-05
-0.000350816
-5.8367e-06
0.000106131
-0.000326366
6.06078e-05
0.000131574
-0.000295155
0.000136513
0.000162929
-0.000259658
0.000224506
0.000197943
-0.000222213
0.000324331
0.000232335
-0.000182553
3.55669e-05
-0.000410502
4.64303e-05
-0.000274496
-0.000377401
6.50172e-05
-0.000259287
-0.000337102
8.95983e-05
-0.000217549
-0.000292911
0.00011875
-0.000147392
-0.000248382
0.000151799
-4.68348e-05
-0.000207403
0.00018695
8.54518e-05
-0.000172763
0.000224183
0.000246476
-0.000149372
0.00026269
0.000431208
-0.000139938
4.04241e-05
-0.000335191
5.22635e-05
-0.000237286
-0.000303754
7.1844e-05
-0.000224368
-0.000263716
9.73958e-05
-0.000180945
-0.000219223
0.000127806
-0.000103798
-0.000174708
0.000162677
9.75464e-06
-0.000135415
0.000200233
0.000159785
-0.000105266
0.000241147
0.000338913
-8.98322e-05
0.00028346
0.000536363
-9.0688e-05
4.67943e-05
-0.000252216
5.83772e-05
-0.00019369
-0.000220519
7.73851e-05
-0.000176191
-0.000179866
0.000102616
-0.000125612
-0.000134909
0.000132818
-3.76094e-05
-9.11828e-05
0.000168091
9.06356e-05
-5.43508e-05
0.000207348
0.000255809
-2.98022e-05
0.00025037
0.000444657
-2.01436e-05
0.000295892
0.000642043
-2.35642e-05
5.13863e-05
-0.000157596
6.20681e-05
-0.000130411
-0.000123913
8.01972e-05
-0.00010183
-8.21607e-05
0.000104107
-3.91202e-05
-3.78118e-05
0.000133763
6.31005e-05
3.53818e-06
0.000169325
0.00020668
3.48211e-05
0.000212032
0.000384432
5.19036e-05
0.000261931
0.000582412
5.38649e-05
0.000320771
0.000793739
4.66725e-05
0.000303267
-9.66937e-06
0.000315918
0.000150855
-3.66804e-06
0.000102187
6.10955e-05
1.47828e-05
-5.44437e-05
-6.81127e-06
3.70734e-05
-0.000164887
-6.92283e-05
5.67901e-05
-0.00023925
-0.000128399
7.03682e-05
-0.000286363
-0.000179173
7.63596e-05
-0.000313525
-0.000213164
7.54915e-05
-0.000327017
-0.000223197
7.04494e-05
-0.000332099
-0.000207707
6.48817e-05
-0.000332776
-0.000170872
6.21937e-05
-0.000331142
-0.000119839
6.45433e-05
-0.000326958
-6.11511e-05
7.25241e-05
-0.000318212
2.12839e-06
8.72936e-05
-0.000302504
7.20671e-05
0.000109627
-0.000279629
0.000153839
0.000139822
-0.00025201
0.000252641
0.000177211
-0.000223353
0.000370553
0.000218921
-0.000196737
0.000503794
0.000261381
-0.000170779
0.000636613
0.000297725
-0.000142955
0.000740974
0.000323876
-0.000105286
0.000838394
0.000341023
-3.09077e-05
0.001026
0.000399376
2.92594e-05
0.000567254
0.000582858
0.000309077
-1.06405e-05
0.000395122
0.000148777
-5.86214e-06
0.000177356
5.60651e-05
1.1719e-05
1.72048e-05
-1.02103e-05
3.31938e-05
-9.62898e-05
-6.71509e-05
5.18242e-05
-0.000173192
-0.000117507
6.40086e-05
-0.000222251
-0.000157172
6.86586e-05
-0.000251137
-0.000179541
6.69296e-05
-0.000266345
-0.000179668
6.15825e-05
-0.000273554
-0.000156914
5.62852e-05
-0.000276535
-0.000115356
5.40014e-05
-0.000276976
-6.08224e-05
5.67886e-05
-0.000274387
1.40803e-06
6.57752e-05
-0.000266297
7.0766e-05
8.23918e-05
-0.00025127
0.000151828
0.000107598
-0.000230461
0.000252106
0.000141887
-0.000207807
0.000378054
0.000184188
-0.000188357
0.000532224
0.00023251
-0.000175548
0.000704824
0.000280485
-0.000166382
0.000862414
0.000328205
-0.000158824
0.000937249
0.000354859
-0.000122851
0.0010393
0.000392923
-2.91055e-05
0.0011905
0.000483489
5.16227e-05
-4.76163e-05
6.22288e-05
-2.90801e-05
-1.12651e-05
7.89658e-05
1.50492e-05
3.01209e-05
0.000102117
9.38548e-05
7.11807e-05
0.000131371
0.000212295
0.000104739
0.000170819
0.000371251
0.000124896
0.00022153
0.000564349
0.000127487
0.000289192
0.000789701
0.000113222
0.000376969
0.00104931
7.75698e-05
0.000465192
0.00123826
4.74508e-05
8.22366e-05
5.73188e-05
0.000134381
0.000120404
7.36745e-05
0.000197997
0.000159051
9.55068e-05
0.000293861
0.00019165
0.000128468
0.000428995
0.000211823
0.000174247
0.000604231
0.000213191
0.000242276
0.000833078
0.000189494
0.000329097
0.00111312
0.000127002
0.000395225
0.00133011
3.84711e-05
0.000232116
4.88453e-05
0.000398899
0.000267274
6.35653e-05
0.000480474
0.00029459
8.81683e-05
0.000596948
0.000306122
0.00012447
0.00074589
0.000293422
0.000181594
0.00096213
0.000245593
0.000249578
0.00124836
0.000149948
0.000275435
0.00134638
0.000580977
0.000657934
0.000315186
-1.06803e-05
0.000478634
0.000148823
-6.99224e-06
0.000260124
5.41759e-05
8.83397e-06
9.79747e-05
-9.781e-06
2.85214e-05
-1.84533e-05
-6.07031e-05
4.55594e-05
-9.88244e-05
-0.00010217
5.62164e-05
-0.000151337
-0.0001314
5.95233e-05
-0.000183441
-0.000143435
5.68695e-05
-0.000201828
-0.000134939
5.10595e-05
-0.000211942
-0.000106066
4.53644e-05
-0.000217492
-6.02777e-05
4.27307e-05
-0.000219919
-2.61214e-06
4.50214e-05
-0.000218231
6.36749e-05
5.41895e-05
-0.000210551
0.00014046
7.18456e-05
-0.000196553
0.000235074
9.90803e-05
-0.000178996
0.000356974
0.000135939
-0.000163613
0.000515825
0.000181414
-0.000156286
0.000713469
0.000231723
-0.000160415
0.00093655
0.00028736
-0.000168861
0.00111672
0.000342032
-0.000182613
0.00110669
0.000370616
-0.000119882
0.00112689
0.000435327
0.000591726
0.000736215
0.000321543
-9.49827e-06
0.000566261
0.000151344
-6.54149e-06
0.000349601
5.55378e-05
6.97292e-06
0.000186923
-5.77533e-06
2.42203e-05
6.80559e-05
-5.05077e-05
3.90678e-05
-1.59977e-05
-8.32436e-05
4.78631e-05
-7.27678e-05
-0.000102656
4.9639e-05
-0.000109159
-0.000105381
4.5736e-05
-0.00013154
-8.93066e-05
3.88094e-05
-0.000145176
-5.50108e-05
3.19768e-05
-0.000153577
-5.39329e-06
2.79183e-05
-0.000158068
5.55135e-05
2.90738e-05
-0.00015742
0.000126832
3.78132e-05
-0.000150781
0.000213207
5.59071e-05
-0.000139498
0.000323896
8.4025e-05
-0.000128488
0.000472322
0.000121458
-0.000125501
0.00066993
0.000165007
-0.000138485
0.000928875
0.000213681
-0.000168578
0.00121823
0.000267402
-0.000190145
0.00163159
0.000453837
-0.000309192
0.000952796
0.00030891
0.000598655
0.000818176
0.000327831
-6.81869e-06
0.000658179
0.000156043
-4.01662e-06
0.000445129
5.98881e-05
7.26764e-06
0.000283097
1.38794e-06
2.16184e-05
0.000162506
-3.71941e-05
3.3742e-05
7.51068e-05
-6.15235e-05
4.01161e-05
1.40782e-05
-7.1751e-05
3.98033e-05
-2.69109e-05
-6.59794e-05
3.39821e-05
-5.37147e-05
-4.31829e-05
2.51495e-05
-7.12607e-05
-3.98663e-06
1.62079e-05
-8.29752e-05
4.92357e-05
1.00789e-05
-8.99707e-05
0.000114022
9.7285e-06
-9.12779e-05
0.000192141
1.78134e-05
-8.76705e-05
0.000290144
3.59616e-05
-8.28755e-05
0.000420944
6.37378e-05
-8.5073e-05
0.000598306
9.81949e-05
-0.000105866
0.000849176
0.000134961
-0.000166193
0.00119034
0.000172109
-0.000266435
0.00139507
0.000235685
0.00060456
0.000600507
0.000904075
0.000333308
-2.25526e-06
0.000755289
0.000161988
1.24922e-06
0.000546465
6.65237e-05
1.06981e-05
0.000385777
1.10742e-05
2.21344e-05
0.000264243
-2.14987e-05
3.09853e-05
0.000174311
-3.78514e-05
3.42526e-05
0.000109602
-3.95829e-05
3.09961e-05
6.43606e-05
-2.61907e-05
2.23844e-05
3.30832e-05
2.58314e-06
1.07068e-05
1.12128e-05
4.61424e-05
-9.76e-07
-4.38358e-06
0.000103157
-9.45137e-06
-1.50027e-05
0.000173058
-1.12296e-05
-2.06086e-05
0.000259536
-3.44631e-06
-2.42727e-05
0.000371699
1.45851e-05
-3.2724e-05
0.000521343
4.07212e-05
-5.91434e-05
0.000725986
7.04565e-05
-0.000126464
0.00101851
9.41897e-05
-0.000299769
0.00156848
0.00014197
-0.000811619
5.76379e-05
0.000595435
0.000994344
0.000336454
5.11919e-06
0.000859457
0.000167769
1.05148e-05
0.000653842
7.41432e-05
1.89305e-05
0.000494722
2.22739e-05
2.74242e-05
0.000373088
-4.41814e-06
3.25253e-05
0.000281639
-1.33388e-05
3.17286e-05
0.000214309
-7.46771e-06
2.45181e-05
0.000165305
1.25988e-05
1.1965e-05
0.000129637
4.64021e-05
-3.21878e-06
0.000103477
9.37892e-05
-1.79202e-05
8.3679e-05
0.000154982
-2.85e-05
6.78264e-05
0.00023073
-3.10092e-05
5.44166e-05
0.000326807
-2.29233e-05
3.86162e-05
0.000449508
-5.08432e-06
1.14294e-05
0.000606784
1.80097e-05
-3.56485e-05
0.000788246
4.0909e-05
-0.000113845
0.000990076
5.99645e-05
-0.00020476
0.00080434
7.76516e-05
2.5462e-05
0.000333055
3.25812e-05
0.000689786
0.000349286
4.51003e-05
0.000767062
0.000348167
6.4747e-05
0.000851697
0.000322747
9.77319e-05
0.000974669
0.000255277
0.000135553
0.00105647
0.000137535
0.000132153
0.00118321
0.00058052
0.00109346
0.000334872
1.4964e-05
0.000973049
0.000171199
2.45569e-05
0.000768221
8.1064e-05
3.28769e-05
0.000610551
3.35266e-05
3.8722e-05
0.000489569
1.27082e-05
3.95044e-05
0.000397627
1.05329e-05
3.37771e-05
0.000327931
2.30278e-05
2.10995e-05
0.000275443
4.84247e-05
3.91733e-06
0.000236163
8.62755e-05
-1.52996e-05
0.000206075
0.000136942
-3.27337e-05
0.000181326
0.000202135
-4.47928e-05
0.000158584
0.00028484
-4.70039e-05
0.000134027
0.000388013
-3.8005e-05
0.000104272
0.000519992
-2.0825e-05
6.50455e-05
0.000667643
-2.12209e-06
2.69971e-05
0.000857515
1.06074e-05
-4.52157e-06
0.000942189
3.43183e-05
0.000553189
0.00120406
0.000324936
3.12051e-05
0.00109784
0.000169603
4.7085e-05
0.000891797
8.48949e-05
5.58892e-05
0.000734759
4.29191e-05
5.85908e-05
0.000614668
2.79894e-05
5.36715e-05
0.000521423
3.20949e-05
4.0862e-05
0.000449297
4.951e-05
2.19167e-05
0.000394798
7.89492e-05
-7.60342e-07
0.00035308
0.000119564
-2.38483e-05
0.000319259
0.000173281
-4.37454e-05
0.000288968
0.000242963
-5.60569e-05
0.000257309
0.000333277
-5.79969e-05
0.00021928
0.000451381
-4.86143e-05
0.000173646
0.000598737
-3.43967e-05
0.000123405
0.000795963
-2.09946e-05
7.08785e-05
0.000902012
-5.29952e-06
0.000505987
0.0013317
0.000302749
5.38953e-05
0.00123696
0.000160326
7.89919e-05
0.00102593
8.371e-05
8.84079e-05
0.000867951
4.86759e-05
8.67649e-05
0.000745123
4.01894e-05
7.33833e-05
0.000649427
4.88877e-05
5.29103e-05
0.00057715
6.99204e-05
2.6549e-05
0.000522039
0.000101588
-1.49475e-06
0.000477932
0.000144587
-2.86588e-05
0.000439356
0.000201527
-4.93105e-05
0.000399962
0.000277402
-6.30707e-05
0.000355448
0.000383482
-6.28491e-05
0.000294009
0.000524661
-5.8057e-05
0.000220149
0.000720709
-4.69156e-05
0.000126994
0.000809712
-2.43174e-05
0.000432309
0.00144471
0.000263143
9.68423e-05
0.00138823
0.000140601
0.000133415
0.0011665
7.5151e-05
0.000137266
0.000999195
5.0031e-05
0.00012428
0.000873281
4.59558e-05
0.000100816
0.000780483
5.84828e-05
7.01446e-05
0.000711442
8.05401e-05
3.65797e-05
0.000657421
0.000114009
1.93244e-06
0.000611967
0.000157996
-2.59634e-05
0.000567137
0.00022056
-5.15762e-05
0.000517215
0.000305464
-5.8421e-05
0.000449993
0.000432351
-7.16435e-05
0.000348879
0.000612729
-5.93058e-05
0.00019813
0.000666967
-4.18387e-05
0.000310931
0.0014325
0.000201737
0.000134196
0.00153628
0.000112435
0.000181686
0.00128346
6.28968e-05
0.000181474
0.00110938
4.50964e-05
0.000164625
0.000996376
4.49699e-05
0.000129707
0.00091278
5.84823e-05
9.24549e-05
0.00084996
8.13875e-05
4.73814e-05
0.000794435
0.000114029
1.57252e-05
0.000738813
0.000162168
-2.67451e-05
0.00067154
0.000226979
-3.17714e-05
0.000575054
0.000315593
-7.34247e-05
0.000453861
0.000454193
-4.95156e-05
0.000251953
0.000456281
-6.18389e-05
0.000146694
0.00118402
0.000114907
0.000121205
0.00116325
7.06054e-05
0.000192557
0.00109876
3.60012e-05
0.000213149
0.00101164
2.9746e-05
0.000183243
0.000947275
3.16817e-05
0.000150368
0.000886341
4.38333e-05
9.47209e-05
0.000828812
6.10823e-05
6.32168e-05
0.000761896
8.91403e-05
7.91801e-06
0.000677594
0.000122375
-1.14504e-06
0.000561506
0.000180123
-5.09613e-05
0.000395324
0.000252621
-2.81943e-05
0.000140686
0.000177322
-7.94584e-05
-2.74202e-05
-0.000461525
-2.11067e-05
-0.000526177
-5.73615e-06
-0.00058497
1.75809e-05
-0.000631311
4.51802e-05
-0.000666221
6.98582e-05
-0.000695505
8.47693e-05
-0.000716209
8.82593e-05
-0.000722524
8.29977e-05
-0.000709503
7.38412e-05
-0.000679829
6.15084e-05
-0.000636987
5.02088e-05
-0.000585373
4.80294e-05
-9.45895e-06
-0.000421056
3.23144e-06
-4.29246e-06
-0.000492472
-7.00458e-05
8.68001e-06
-0.000561357
-0.000171294
2.79641e-05
-0.000621809
-0.000283203
5.01567e-05
-0.000666414
-0.000382915
7.09718e-05
-0.000694247
-0.000456807
8.53376e-05
-0.000709303
-0.000499464
9.07979e-05
-0.000708954
-0.000507392
8.78183e-05
-0.000695412
-0.00049327
8.06032e-05
-0.000669849
-0.000463671
7.08419e-05
-0.000634461
-0.000425325
6.12192e-05
-0.000591303
-0.000385497
5.3687e-05
-0.000541648
-0.000124496
3.69261e-05
-0.000576572
-0.000237515
5.59169e-05
-0.000630829
-0.000348482
7.28501e-05
-0.000666352
-0.000433158
8.42623e-05
-0.000682005
-0.000480712
8.98269e-05
-0.000680762
-0.000489819
8.8828e-05
-0.000668634
-0.000474627
8.40861e-05
-0.000647926
-0.000442714
7.7068e-05
-0.000619985
-0.000402956
6.99705e-05
-0.00058559
-0.000363415
6.47209e-05
-0.000544297
-0.000327908
6.29889e-05
-0.000496437
-7.08354e-05
4.17618e-05
-0.00051057
-0.000171763
5.94672e-05
-0.000569314
-0.000284424
7.48905e-05
-0.000612355
-0.000382327
8.48e-05
-0.000635278
-0.000442947
8.88398e-05
-0.000639561
-0.00046253
8.8159e-05
-0.00063169
-0.000450726
8.46826e-05
-0.00061626
-0.000418084
7.96722e-05
-0.00059523
-0.000375103
7.50056e-05
-0.000569281
-0.000331072
7.22447e-05
-0.000537201
-0.00029109
7.29008e-05
-0.000497777
-0.000257623
7.77494e-05
-0.000451063
-1.90533e-05
4.13459e-05
-0.00043072
-0.000103757
5.85893e-05
-0.000493979
-0.000205047
7.45628e-05
-0.000542622
-0.000307001
8.53259e-05
-0.000574068
-0.000384773
8.93371e-05
-0.000587098
-0.000422563
8.79458e-05
-0.000585842
-0.000422099
8.42079e-05
-0.000576184
-0.000394021
7.99391e-05
-0.000561696
-0.000350221
7.65822e-05
-0.000543133
-0.000300918
7.56882e-05
-0.000520174
-0.00025341
7.8158e-05
-0.00049036
-0.000211452
8.51603e-05
-0.000452499
-0.000175922
9.66815e-05
-0.000406951
3.07347e-05
3.47185e-05
-0.000332289
-4.17963e-05
5.23978e-05
-0.000407217
-0.000127971
6.9604e-05
-0.00046339
-0.000222461
8.27944e-05
-0.000502644
-0.000308574
8.91041e-05
-0.000524945
-0.000366047
8.86618e-05
-0.000532023
-0.00038463
8.44118e-05
-0.000528919
-0.000368777
7.9454e-05
-0.000520355
-0.000329231
7.59932e-05
-0.000508529
-0.000278272
7.54368e-05
-0.000493066
-0.000223878
7.86868e-05
-0.000472941
-0.000172443
8.65883e-05
-0.00044506
-0.000125681
9.98387e-05
-0.000408639
-8.27242e-05
0.000117829
-0.000364331
8.50966e-05
2.1405e-05
-0.000200354
1.52297e-05
4.01871e-05
-0.000300481
-5.95419e-05
5.9207e-05
-0.000372387
-0.000142285
7.5212e-05
-0.000422459
-0.000225744
8.53795e-05
-0.000454448
-0.000294909
8.82056e-05
-0.000470917
-0.000334025
8.50154e-05
-0.000475342
-0.000337051
7.93038e-05
-0.000472344
-0.000309399
7.45337e-05
-0.000466012
-0.000261672
7.2834e-05
-0.000457387
-0.000205135
7.55447e-05
-0.000445194
-0.000146381
8.28308e-05
-0.000427318
-8.96373e-05
9.60342e-05
-0.000400983
-3.43308e-05
0.00011532
-0.000366148
2.17634e-05
0.000139854
-0.000324126
4.15682e-05
-0.000527703
4.99509e-05
-0.000347426
-0.000486445
6.5341e-05
-0.000297531
-0.000442604
8.63574e-05
-0.000230044
-0.000398126
0.000111499
-0.000144926
-0.000354702
0.000138798
-4.11246e-05
-0.000313404
0.000167452
8.12506e-05
-0.000276476
0.000161091
4.1406e-06
-1.3955e-05
7.49632e-05
2.18901e-05
-0.000156577
2.24328e-06
4.26623e-05
-0.000258241
-7.13304e-05
6.18997e-05
-0.000328229
-0.000147237
7.63601e-05
-0.000374251
-0.000218113
8.3918e-05
-0.000401727
-0.000271008
8.41493e-05
-0.000415003
-0.000294246
7.93546e-05
-0.000418691
-0.000284667
7.32973e-05
-0.000417253
-0.000248036
6.93759e-05
-0.000413567
-0.00019424
6.96634e-05
-0.00040788
-0.000132919
7.51717e-05
-0.000398458
-6.96377e-05
8.6371e-05
-0.00038211
-5.66892e-06
0.000104494
-0.000357112
6.20001e-05
0.000129633
-0.000324398
0.000136928
0.000160903
-0.000286283
0.000221342
0.000195828
-0.000244808
3.76271e-05
-0.00046498
5.07388e-05
-0.000312368
-0.000426117
7.117e-05
-0.00027092
-0.000383227
9.72111e-05
-0.00020549
-0.000338999
0.000127424
-0.000114712
-0.000296081
0.000160013
2.87022e-06
-0.000256335
0.000194745
0.000146796
-0.000223533
0.000229978
0.000314898
-0.00019976
0.000302167
-6.49587e-06
0.000248471
0.000156461
1.78681e-06
4.54324e-05
6.59442e-05
2.07154e-05
-0.000102496
-7.18679e-06
4.23557e-05
-0.000206393
-7.69715e-05
6.11896e-05
-0.00027616
-0.000144303
7.39681e-05
-0.000320316
-0.000202289
7.9291e-05
-0.000345772
-0.000240371
7.77884e-05
-0.000358224
-0.000250116
7.21381e-05
-0.000362643
-0.000230305
6.62188e-05
-0.000363344
-0.000186639
6.32036e-05
-0.000362319
-0.000128037
6.52319e-05
-0.000359249
-6.25301e-05
7.28228e-05
-0.000351475
6.0126e-06
8.73954e-05
-0.000335964
7.95425e-05
0.00010989
-0.000312157
0.000163409
0.000140632
-0.000282429
0.000262433
0.00017878
-0.000250286
0.000377958
0.000221154
-0.000218436
0.000505211
0.000263905
-0.000185184
3.92254e-05
-0.000397327
5.5411e-05
-0.000279476
-0.000360361
7.89959e-05
-0.000243926
-0.000317878
0.000108173
-0.000177671
-0.00027341
0.000141934
-7.8499e-05
-0.000230847
0.000178485
5.52391e-05
-0.000192997
0.000217935
0.000221262
-0.000165251
0.000259958
0.000414102
-0.000151077
0.000300359
0.000629456
-0.000149679
4.4976e-05
-0.000323669
6.21873e-05
-0.000244551
-0.000287382
8.67744e-05
-0.000209498
-0.000244553
0.000117264
-0.000138043
-0.000199627
0.000152908
-2.71893e-05
-0.000157853
0.000191796
0.000123701
-0.000123037
0.000234895
0.000307874
-0.000101775
0.000280646
0.000512968
-9.67126e-05
0.000326787
0.000726159
-0.000106769
5.19652e-05
-0.000241607
6.86114e-05
-0.000198567
-0.000204688
9.28996e-05
-0.000157109
-0.000161072
0.000123168
-7.54054e-05
-0.000116175
0.000159175
4.98104e-05
-7.57699e-05
0.000199652
0.000216691
-4.55602e-05
0.000244733
0.000411706
-2.9553e-05
0.000293796
0.000617609
-2.75748e-05
0.000344311
0.000822749
-3.14599e-05
5.69435e-05
-0.000147383
7.28533e-05
-0.00012777
-0.000108598
9.59667e-05
-7.35829e-05
-6.46992e-05
0.000125776
2.28127e-05
-2.11827e-05
0.000161929
0.00016482
1.48405e-05
0.000205486
0.00034646
3.81269e-05
0.000257269
0.000552508
4.60697e-05
0.000319172
0.000774025
4.35984e-05
0.000401699
0.00101909
2.88531e-05
0.000549943
0.000518301
0.00030601
-7.88581e-06
0.000323204
0.000152537
-5.34452e-07
0.000113745
5.90796e-05
1.83145e-05
-3.86989e-05
-1.25813e-05
3.97716e-05
-0.000145497
-7.69049e-05
5.76431e-05
-0.00021677
-0.000134855
6.87972e-05
-0.000261452
-0.000180403
7.23546e-05
-0.000287156
-0.000205306
6.96218e-05
-0.000300423
-0.000203587
6.34531e-05
-0.00030675
-0.000175262
5.76494e-05
-0.000309884
-0.000125896
5.51708e-05
-0.00031123
-6.31067e-05
5.78921e-05
-0.000310042
6.34002e-06
6.69809e-05
-0.000302831
8.13314e-05
8.40908e-05
-0.000287534
0.000166756
0.000110315
-0.00026505
0.000270454
0.000146139
-0.000239287
0.000398482
0.000190253
-0.000215112
0.000551825
0.000240456
-0.000195413
0.000718765
0.000289896
-0.000176891
0.000865844
0.000339317
-0.000161826
0.000929664
0.000365655
-0.000122334
0.0010341
0.000402479
-2.88169e-05
0.00120313
0.000481822
0.000563072
0.000590123
0.000310111
-8.73373e-06
0.000403069
0.000150274
-2.48279e-06
0.000190106
5.51138e-05
1.52568e-05
3.42043e-05
-1.38503e-05
3.55081e-05
-7.5904e-05
-7.17258e-05
5.19974e-05
-0.000150157
-0.000119972
6.15223e-05
-0.000197312
-0.000153899
6.35194e-05
-0.000225227
-0.000166997
5.96709e-05
-0.000240871
-0.000155412
5.29659e-05
-0.000249762
-0.000119924
4.68336e-05
-0.000255509
-6.55381e-05
4.41399e-05
-0.000259067
9.47815e-07
4.65581e-05
-0.000258729
7.47994e-05
5.63495e-05
-0.00025138
0.000157753
7.52019e-05
-0.000236168
0.000257764
0.000104359
-0.000215623
0.000384982
0.000143812
-0.000195438
0.000548253
0.000192499
-0.000180774
0.000747043
0.000246146
-0.000174783
0.000962468
0.000305842
-0.000169936
0.00112897
0.000363114
-0.00017933
0.00110456
0.00038942
-0.000117217
0.00113996
0.000441312
5.83227e-05
-3.76622e-05
7.34237e-05
-1.43823e-05
2.06122e-06
9.62154e-05
5.74461e-05
4.39885e-05
0.000125501
0.000172371
8.11116e-05
0.000165102
0.000332723
0.000106633
0.000216252
0.000532167
0.000115073
0.000285334
0.000767986
0.000106144
0.000374368
0.00104256
7.46968e-05
0.000456809
0.00125424
5.46448e-05
9.13433e-05
7.0184e-05
0.000166631
0.000130432
9.18873e-05
0.000258793
0.000165798
0.000124391
0.000393858
0.000190564
0.00016993
0.000573526
0.000197069
0.000237498
0.000811434
0.000178931
0.000324342
0.00110739
0.000120457
0.00038493
0.00134761
4.75384e-05
0.000237187
6.19508e-05
0.000451145
0.000267233
8.62748e-05
0.000568273
0.000282091
0.00012164
0.000720546
0.000274574
0.000177674
0.000943861
0.000231749
0.000243306
0.00124369
0.000142504
0.000266442
0.00136204
0.000574205
0.000664774
0.000314724
-8.63469e-06
0.000487096
0.000150375
-3.60377e-06
0.000273531
5.44581e-05
1.21531e-05
0.000115423
-1.11296e-05
3.04701e-05
1.9906e-06
-6.20329e-05
4.50561e-05
-7.61387e-05
-0.000100625
5.27974e-05
-0.00012723
-0.000123552
5.323e-05
-0.000158906
-0.000126127
4.81088e-05
-0.000178131
-0.000105881
4.03567e-05
-0.00019036
-6.40354e-05
3.31319e-05
-0.000198869
-5.09423e-06
2.90991e-05
-0.000204296
6.50954e-05
3.06619e-05
-0.000204285
0.000144366
4.04848e-05
-0.000196724
0.000237663
6.04922e-05
-0.000182421
0.000355446
9.14236e-05
-0.00016603
0.00051185
0.000132587
-0.000154315
0.00071751
0.000180597
-0.000152741
0.000976772
0.000236192
-0.000157143
0.00125381
0.000296722
-0.000159136
0.00165064
0.00047304
-0.000304087
0.000961805
0.000306435
0.000582813
0.000742559
0.000320043
-7.52184e-06
0.000575029
0.000153041
-3.43669e-06
0.000363012
5.7152e-05
9.97607e-06
0.000203903
-4.67992e-06
2.56272e-05
8.75645e-05
-4.84176e-05
3.78456e-05
5.24345e-06
-7.75173e-05
4.34297e-05
-5.05645e-05
-9.01353e-05
4.19922e-05
-8.70311e-05
-8.30832e-05
3.51079e-05
-0.000110734
-5.50317e-05
2.55846e-05
-0.000126935
-7.31466e-06
1.63527e-05
-0.000138684
5.58525e-05
1.02122e-05
-0.000145823
0.00013038
1.05187e-05
-0.000146483
0.000217212
2.01653e-05
-0.00014011
0.000323724
4.09495e-05
-0.000130003
0.000465022
7.24278e-05
-0.000123536
0.000656512
0.000111326
-0.000130024
0.000923925
0.000154663
-0.000154217
0.00126233
0.000200066
-0.000173236
0.00138225
0.00027652
0.000604278
0.000588169
0.000823695
0.000325636
-5.07179e-06
0.000666907
0.000157984
-1.34407e-06
0.000457745
6.29549e-05
9.64657e-06
0.000298638
5.06863e-06
2.2326e-05
0.000179928
-3.15252e-05
3.15501e-05
9.36995e-05
-5.14399e-05
3.44558e-05
3.30145e-05
-5.4323e-05
3.04584e-05
-8.64694e-06
-3.84888e-05
2.1122e-05
-3.73889e-05
-3.29999e-06
8.94179e-06
-5.81114e-05
4.98769e-05
-3.10195e-06
-7.35287e-05
0.000117343
-1.14966e-05
-8.29308e-05
0.000197741
-1.23155e-05
-8.58311e-05
0.000294366
-2.3662e-06
-8.41723e-05
0.000419009
1.90453e-05
-8.54928e-05
0.000587047
4.91869e-05
-0.000101769
0.000828728
8.24305e-05
-0.000156078
0.00117551
0.000112118
-0.000263204
0.00137643
0.000161302
0.000589118
0.000908137
0.000330535
-6.19817e-07
0.000763078
0.000164332
3.35109e-06
0.000557249
7.10673e-05
1.23178e-05
0.00039867
1.743e-05
2.17642e-05
0.000278308
-1.21559e-05
2.7578e-05
0.000188724
-2.33271e-05
2.69998e-05
0.000123586
-1.72394e-05
1.96759e-05
7.68411e-05
6.60724e-06
6.94998e-06
4.28317e-05
4.82359e-05
-8.63136e-06
1.70346e-05
0.000106476
-2.3764e-05
-2.75805e-06
0.000179015
-3.40886e-05
-1.61774e-05
0.000266655
-3.50288e-05
-2.49503e-05
0.000375997
-2.39993e-05
-3.48774e-05
0.000518372
-1.84699e-06
-5.90194e-05
0.000712728
2.57663e-05
-0.000120396
0.000991011
4.99888e-05
-0.000285029
0.00155214
8.07094e-05
-0.000800569
5.03592e-05
0.000583533
0.000996451
0.00033361
5.90457e-06
0.000865329
0.000170558
1.17307e-05
0.000661683
8.02367e-05
1.9269e-05
0.000503705
3.12562e-05
2.56491e-05
0.000382235
8.51812e-06
2.74385e-05
0.00029012
5.44842e-06
2.26065e-05
0.000221305
1.96258e-05
1.08324e-05
0.00016984
5.04377e-05
-6.13372e-06
0.000130539
9.7519e-05
-2.55535e-05
9.98669e-05
0.000160545
-4.33943e-05
7.49708e-05
0.000238453
-5.45259e-05
5.50255e-05
0.000334413
-5.40135e-05
3.5934e-05
0.000453412
-4.07358e-05
8.8687e-06
0.000603594
-1.87388e-05
-3.54245e-05
0.000775169
5.21866e-06
-0.000107485
0.000967476
2.64982e-05
-0.000190341
0.000777309
3.77709e-05
3.24184e-05
0.000323895
4.46274e-05
0.000745241
0.00032648
6.37956e-05
0.00083258
0.000303488
9.54665e-05
0.000960398
0.000241552
0.000131393
0.00105065
0.000129707
0.000127629
0.00119312
0.000568927
0.00109269
0.000332022
1.50424e-05
0.000975477
0.000174582
2.43676e-05
0.000771751
8.85718e-05
3.17221e-05
0.000613874
4.49745e-05
3.50932e-05
0.000491925
2.88546e-05
3.23756e-05
0.000398164
3.31917e-05
2.21411e-05
0.000325793
5.42242e-05
4.92369e-06
0.000269723
9.06894e-05
-1.69711e-05
0.000226094
0.000142069
-3.99411e-05
0.000190776
0.0002092
-5.97157e-05
0.000160331
0.000293024
-6.9918e-05
0.000131436
0.000395101
-6.65725e-05
0.000100771
0.000522845
-5.08897e-05
6.28728e-05
0.000664556
-3.01532e-05
2.72569e-05
0.000847153
-1.42369e-05
6.51618e-07
0.000925316
6.49296e-06
0.000542184
0.00119907
0.000322426
3.04603e-05
0.00109478
0.000173434
4.565e-05
0.000888929
9.37446e-05
5.27461e-05
0.00073057
5.62838e-05
5.27325e-05
0.000607999
4.68148e-05
4.39237e-05
0.000511736
5.75944e-05
2.66306e-05
0.000435877
8.39257e-05
2.88721e-06
0.000377146
0.000124338
-2.39582e-05
0.00033044
0.000179193
-5.02382e-05
0.000291147
0.000250303
-7.00229e-05
0.000254158
0.000340998
-7.87449e-05
0.000214461
0.000456982
-7.2436e-05
0.000169602
0.000600936
-5.86266e-05
0.000121601
0.00079401
-4.15152e-05
7.06244e-05
0.00089654
-2.12491e-05
0.00049631
0.00132159
0.000300414
5.20503e-05
0.00122663
0.000164699
7.5604e-05
0.00101464
9.31962e-05
8.2758e-05
0.000853913
6.34584e-05
7.77064e-05
0.000727372
6.03208e-05
6.06421e-05
0.00062733
7.6256e-05
3.54275e-05
0.000550498
0.000105798
5.00527e-06
0.000490281
0.000149415
-2.69951e-05
0.000440863
0.000207259
-5.45881e-05
0.00039537
0.000284127
-7.54358e-05
0.00034876
0.000389292
-7.94486e-05
0.00028822
0.000529202
-7.75388e-05
0.000216641
0.000722312
-5.98512e-05
0.000123502
0.000810064
-4.04214e-05
0.000424508
0.00142798
0.00026158
9.37149e-05
0.00136809
0.000144784
0.000127403
0.00114401
8.51273e-05
0.000128269
0.000972975
6.4491e-05
0.000112173
0.000842529
6.65097e-05
8.41691e-05
0.000744919
8.52567e-05
5.0441e-05
0.000670806
0.000117152
1.16949e-05
0.000611894
0.000162135
-2.18817e-05
0.000559779
0.000225141
-5.47181e-05
0.000507306
0.000310299
-6.57974e-05
0.000441271
0.000436656
-8.57691e-05
0.000343055
0.00061498
-6.18677e-05
0.000190654
0.000668933
-5.63604e-05
0.000304891
0.0014085
0.000200155
0.000129831
0.00150289
0.000116714
0.000171927
0.0012469
7.10477e-05
0.000169734
0.00106923
5.86999e-05
0.00014676
0.000950369
6.29913e-05
0.000112262
0.000861664
8.43653e-05
6.54444e-05
0.000791365
0.000115705
2.87518e-05
0.000726786
0.000164624
-2.02752e-05
0.00065686
0.000229116
-2.90903e-05
0.000562118
0.000318279
-8.10728e-05
0.000444547
0.000453918
-3.87311e-05
0.00024178
0.000459106
-9.16695e-05
0.000144013
0.00116121
0.000115962
0.000112303
0.00112755
7.24577e-05
0.000184279
0.00105517
4.17625e-05
0.000193519
0.000959607
3.89451e-05
0.000169906
0.000888792
4.44667e-05
0.000119154
0.000817441
6.22337e-05
8.26246e-05
0.00074717
8.82207e-05
2.19884e-05
0.000659605
0.000122681
6.58989e-06
0.000547178
0.000180827
-5.40968e-05
0.000383815
0.000247574
-2.02577e-05
0.000139814
0.000183598
-0.00012237
-2.33087e-05
-0.000403181
-2.20726e-05
-0.000472043
-1.15929e-05
-0.000540521
7.74902e-06
-0.000602121
3.34286e-05
-0.000649033
6.06365e-05
-0.000682731
8.1751e-05
-0.000707024
9.17259e-05
-0.000719098
9.02053e-05
-0.000714616
8.31429e-05
-0.000694097
7.21676e-05
-0.000660117
6.09083e-05
-0.000616201
5.09535e-05
-0.000565255
7.20109e-05
-6.15409e-06
-0.000351199
3.65619e-05
-5.16768e-06
-0.000426893
-2.02752e-05
3.64925e-06
-0.000500299
-0.000107725
2.01619e-05
-0.000570325
-0.000221067
4.16023e-05
-0.000629702
-0.000337228
6.35144e-05
-0.00067021
-0.000430706
8.1695e-05
-0.000693056
-0.000490793
9.15661e-05
-0.00069999
-0.000510564
9.26887e-05
-0.00069308
-0.000502603
8.82127e-05
-0.000675046
-0.000474477
8.01128e-05
-0.000647358
-0.000434946
7.09342e-05
-0.000612187
-0.000394102
6.29147e-05
-0.000569845
-0.000356794
5.80744e-05
-0.000520886
-6.06388e-05
2.88039e-05
-0.000512138
-0.000163416
4.77128e-05
-0.000576715
-0.000282646
6.67996e-05
-0.000626556
-0.000389706
8.12579e-05
-0.000655968
-0.00046051
8.97927e-05
-0.000664408
-0.000487119
9.17494e-05
-0.000659094
-0.000479697
8.92821e-05
-0.000644859
-0.000448828
8.36002e-05
-0.000623714
-0.000405042
7.70632e-05
-0.00059714
-0.000359357
7.16708e-05
-0.000564255
-0.000317876
6.9325e-05
-0.000523848
-0.000283701
7.12464e-05
-0.000476264
-1.23504e-05
3.25274e-05
-0.000438465
-9.90916e-05
4.98354e-05
-0.000505603
-0.00020705
6.77307e-05
-0.000560151
-0.00031903
8.17956e-05
-0.00059732
-0.000406187
8.91577e-05
-0.000614181
-0.00044981
9.04587e-05
-0.000614613
-0.000451786
8.81207e-05
-0.000605441
-0.000423685
8.38546e-05
-0.000590779
-0.000377945
7.92033e-05
-0.000571704
-0.000326011
7.61889e-05
-0.000548134
-0.000276128
7.60242e-05
-0.000517607
-0.000232983
8.03756e-05
-0.000478872
-0.000197804
8.95039e-05
-0.000432328
3.63033e-05
3.04745e-05
-0.000347372
-3.82336e-05
4.6996e-05
-0.000422689
-0.000129855
6.4712e-05
-0.000482244
-0.000233397
7.97829e-05
-0.000526143
-0.000329795
8.85663e-05
-0.000552076
-0.000394196
9.01038e-05
-0.000561106
-0.000415214
8.72615e-05
-0.000558311
-0.000398289
8.27479e-05
-0.000549481
-0.000355679
7.87101e-05
-0.000537376
-0.000300857
7.66496e-05
-0.00052151
-0.00024264
7.78618e-05
-0.000501116
-0.000188502
8.34774e-05
-0.000472619
-0.000140933
9.46133e-05
-0.00043518
-9.93927e-05
0.000110816
-0.0003896
9.13212e-05
2.18585e-05
-0.000226785
1.93197e-05
3.87007e-05
-0.000322682
-5.99419e-05
5.69089e-05
-0.000394122
-0.000150081
7.34347e-05
-0.000446233
-0.000243164
8.49212e-05
-0.00048104
-0.000320971
8.91643e-05
-0.000499385
-0.000364249
8.69803e-05
-0.000504367
-0.00036699
8.18683e-05
-0.000501395
-0.000335879
7.69629e-05
-0.000494845
-0.00028306
7.44516e-05
-0.000486156
-0.000221388
7.57009e-05
-0.000473827
-0.000157986
8.11695e-05
-0.000455917
-9.84704e-05
9.2668e-05
-0.000429056
-4.26651e-05
0.000110509
-0.000392985
1.14354e-05
0.000133886
-0.000349092
0.000167509
8.0083e-06
-5.66993e-05
8.07276e-05
2.44654e-05
-0.000190397
4.18247e-06
4.37329e-05
-0.000286945
-7.55546e-05
6.22053e-05
-0.000355156
-0.000159663
7.68593e-05
-0.000401513
-0.000239416
8.50698e-05
-0.000430009
-0.000298843
8.58468e-05
-0.000443913
-0.000324049
8.13672e-05
-0.000447602
-0.000311914
7.53972e-05
-0.00044596
-0.00026985
7.10092e-05
-0.000442373
-0.000209596
7.05165e-05
-0.000437002
-0.000142167
7.48165e-05
-0.000427932
-7.39465e-05
8.46868e-05
-0.000411661
-7.06167e-06
0.000101713
-0.000385983
6.12338e-05
0.000126142
-0.00035167
0.000134292
0.000156911
-0.000310949
4.44081e-05
-0.000508636
5.74954e-05
-0.000324557
-0.000466176
7.73819e-05
-0.000256481
-0.00042238
0.000102372
-0.000169237
-0.000378977
0.000130382
-6.17054e-05
-0.000337079
0.000160501
6.61577e-05
-0.000298799
0.000191399
0.000213826
-0.000265613
0.000302933
-3.07311e-06
0.000186335
0.000162389
6.66962e-06
-4.66299e-06
7.0565e-05
2.50956e-05
-0.00014363
-7.5852e-06
4.56223e-05
-0.000241564
-8.44728e-05
6.36547e-05
-0.000308022
-0.000160039
7.61562e-05
-0.000350753
-0.000225606
8.14231e-05
-0.000375684
-0.00026818
7.98531e-05
-0.000387692
-0.000277833
7.40527e-05
-0.000391729
-0.000253649
6.78192e-05
-0.000392353
-0.000203144
6.44137e-05
-0.000391813
-0.000136928
6.57451e-05
-0.000389562
-6.46691e-05
7.25022e-05
-0.00038245
8.99527e-06
8.63648e-05
-0.000366964
8.56995e-05
0.00010853
-0.000342166
0.000170828
0.000139367
-0.000310281
0.000268796
0.000177841
-0.00027466
0.000380137
0.000220531
-0.00023754
4.27202e-05
-0.000447233
6.11165e-05
-0.000296484
-0.00040626
8.64518e-05
-0.000233402
-0.000362771
0.000116898
-0.000143078
-0.00031936
0.000150506
-2.3786e-05
-0.000277996
0.000187014
0.00012446
-0.000242528
0.000225086
0.000299726
-0.000215513
0.000263385
0.000499762
-0.000197738
0.000536176
0.000456321
0.000305406
-4.83839e-06
0.000255699
0.000157252
4.77244e-06
5.66604e-05
6.21271e-05
2.40076e-05
-8.71955e-05
-1.51962e-05
4.48071e-05
-0.000187396
-8.69601e-05
6.18024e-05
-0.000253938
-0.00015259
7.22637e-05
-0.000295553
-0.000204361
7.52343e-05
-0.00031926
-0.000231918
7.18793e-05
-0.000331353
-0.000228256
6.52409e-05
-0.000336996
-0.000194136
5.89882e-05
-0.000340254
-0.00013675
5.61854e-05
-0.000342417
-6.55473e-05
5.84758e-05
-0.000342461
1.1065e-05
6.71981e-05
-0.000336003
9.13811e-05
8.42717e-05
-0.000320396
0.000180499
0.000111002
-0.00029627
0.000286498
0.000147872
-0.000267564
0.000414915
0.000193387
-0.000238953
0.000565291
0.000244982
-0.00021298
0.000724567
0.000295615
-0.000186242
4.60006e-05
-0.000380809
6.77829e-05
-0.00026933
-0.000340553
9.65179e-05
-0.000208435
-0.000296858
0.000130713
-0.000112078
-0.000253281
0.000168389
2.16498e-05
-0.000212739
0.000209718
0.000190976
-0.000180633
0.000254701
0.000390381
-0.000161336
0.00029984
0.000614497
-0.000155313
0.00034623
0.000860721
-0.000163999
5.27302e-05
-0.000308046
7.55505e-05
-0.000236169
-0.00026765
0.000105642
-0.000172209
-0.00022313
0.000141788
-6.58776e-05
-0.000179558
0.000181852
8.40633e-05
-0.000140892
0.000226807
0.000271515
-0.000113833
0.000275415
0.000483351
-0.000102839
0.000326507
0.000704531
-0.000107795
0.000372579
0.000915575
-0.000120947
6.0153e-05
-0.000226431
8.26467e-05
-0.000186571
-0.000185019
0.00011257
-0.000113089
-0.000139992
0.000149043
7.34177e-06
-9.69738e-05
0.000190673
0.000173986
-6.18101e-05
0.000237397
0.000373939
-3.97037e-05
0.00028945
0.000588016
-3.21405e-05
0.000344195
0.000802656
-3.25043e-05
0.00040801
0.00102512
-2.87848e-05
6.58873e-05
-0.000132245
8.74063e-05
-0.000106416
-8.97477e-05
0.000117018
-1.74886e-05
-4.52004e-05
0.000153586
0.000120974
-5.4226e-06
0.000197874
0.000304934
2.3594e-05
0.000250986
0.000518288
3.76127e-05
0.000315407
0.000750174
3.98479e-05
0.00040085
0.00100837
2.78444e-05
0.000477544
0.00121125
0.000548334
0.000525154
0.000307669
-6.0052e-06
0.000331118
0.000153185
2.69277e-06
0.000126456
5.63386e-05
2.15786e-05
-2.17305e-05
-1.83911e-05
4.17025e-05
-0.000125015
-8.35753e-05
5.73635e-05
-0.000193487
-0.000138812
6.5893e-05
-0.00023615
-0.000177485
6.69188e-05
-0.000260868
-0.000191578
6.21067e-05
-0.000274496
-0.000176576
5.46957e-05
-0.000282632
-0.000134022
4.80858e-05
-0.0002887
-7.0625e-05
4.51637e-05
-0.000293414
4.85364e-06
4.74113e-05
-0.000294378
8.61323e-05
5.73217e-05
-0.000287395
0.000174681
7.68513e-05
-0.000270998
0.000279055
0.000107416
-0.000247617
0.000409968
0.000149019
-0.000223039
0.000575263
0.000200481
-0.000202146
0.000772609
0.000257009
-0.000188091
0.000978811
0.000320404
-0.00017432
0.00113305
0.000380808
-0.000181053
0.00109845
0.000401762
-0.000115511
0.0011487
0.000444271
0.000558872
0.000596722
0.000310437
-6.58789e-06
0.000411461
0.000151075
8.85489e-07
0.000203778
5.37745e-05
1.83135e-05
5.20827e-05
-1.71977e-05
3.70095e-05
-5.48477e-05
-7.49046e-05
5.09196e-05
-0.000126683
-0.000119595
5.75034e-05
-0.000172326
-0.000145979
5.67187e-05
-0.000199848
-0.000148097
5.05003e-05
-0.000216436
-0.000123046
4.1954e-05
-0.000227717
-7.30327e-05
3.42597e-05
-0.000236632
-4.22348e-06
2.9988e-05
-0.000243368
7.53864e-05
3.15975e-05
-0.000244268
0.000162325
4.20001e-05
-0.000236137
0.000261537
6.33821e-05
-0.000219064
0.000384659
9.66386e-05
-0.000197663
0.000546265
0.000141112
-0.000178466
0.000755658
0.000193141
-0.000165916
0.00101129
0.000254177
-0.000157637
0.00127849
0.000319458
-0.000150957
0.00166549
0.000506889
-0.000311641
0.000969837
0.000316063
6.81261e-05
-2.3863e-05
8.98777e-05
2.18887e-05
1.79246e-05
0.000119165
0.000131586
5.74953e-05
0.000158718
0.000291782
8.77251e-05
0.000210143
0.000496782
0.000101805
0.000279732
0.000742587
9.82372e-05
0.000369697
0.0010319
7.14513e-05
0.000447282
0.00126659
6.67441e-05
0.000102874
8.79488e-05
0.000222951
0.000140275
0.000120186
0.000356972
0.000168772
0.000165004
0.00054003
0.000180696
0.000232008
0.00078652
0.000167649
0.000317953
0.00109705
0.000114625
0.000373664
0.00136085
6.0379e-05
0.000239604
8.41775e-05
0.000537442
0.000258514
0.000118874
0.000692493
0.000255065
0.00017335
0.000922476
0.000218075
0.000236942
0.0012352
0.000134688
0.00025737
0.0013748
0.00056782
0.000671132
0.000314092
-6.56445e-06
0.000496008
0.00015159
-4.21543e-07
0.000287556
5.47241e-05
1.49783e-05
0.000133343
-1.17671e-05
3.14081e-05
2.27261e-05
-6.1496e-05
4.32e-05
-5.34625e-05
-9.56882e-05
4.76642e-05
-0.000103492
-0.000110509
4.49036e-05
-0.000135327
-0.000101679
3.68872e-05
-0.000156065
-6.76115e-05
2.65043e-05
-0.000171152
-1.06386e-05
1.67798e-05
-0.000183225
6.31563e-05
1.03483e-05
-0.000191286
0.000147506
1.08577e-05
-0.000191785
0.000242346
2.15268e-05
-0.000182893
0.000355616
4.4421e-05
-0.000167309
0.000503718
7.91574e-05
-0.000151297
0.000702863
0.000122199
-0.000142268
0.000972352
0.000171328
-0.000136304
0.0012994
0.000223974
-0.000121468
0.00139486
0.000301294
0.000606626
0.000574804
0.000748403
0.000318735
-5.63321e-06
0.000584126
0.000154826
-5.49655e-07
0.000376696
5.92226e-05
1.22621e-05
0.000221001
-2.36901e-06
2.59492e-05
0.000106899
-4.39132e-05
3.50074e-05
2.60541e-05
-6.77347e-05
3.69878e-05
-2.92649e-05
-7.16074e-05
3.18071e-05
-6.64456e-05
-5.26428e-05
2.13654e-05
-9.23609e-05
-1.01658e-05
8.33173e-06
-0.000112048
5.33473e-05
-4.40507e-06
-0.000127537
0.0001322
-1.31848e-05
-0.000136977
0.000223044
-1.36533e-05
-0.000137968
0.000328753
-2.18403e-06
-0.000131363
0.000462734
2.21303e-05
-0.000123431
0.000642588
5.61868e-05
-0.000123938
0.000899001
9.45469e-05
-0.000140181
0.0012469
0.000130564
-0.000156102
0.00130395
0.000175755
0.00057901
0.000828731
0.000324054
-3.39387e-06
0.000675438
0.000160493
1.07087e-06
0.00047016
6.69434e-05
1.13604e-05
0.000313728
1.05379e-05
2.16683e-05
0.000196702
-2.27784e-05
2.75388e-05
0.000111239
-3.65434e-05
2.6348e-05
5.03415e-05
-3.00308e-05
1.81109e-05
7.15573e-06
-1.63461e-06
4.41473e-06
-2.46198e-05
4.88202e-05
-1.21234e-05
-4.96741e-05
0.000118414
-2.81565e-05
-6.88063e-05
0.000203239
-3.88555e-05
-8.06146e-05
0.000302545
-3.91083e-05
-8.49794e-05
0.000424387
-2.57491e-05
-8.77677e-05
0.000583244
-1.26099e-08
-0.000101166
0.000811423
3.12904e-05
-0.000149324
0.00114066
5.8656e-05
-0.000252269
0.00135478
9.5453e-05
0.000579321
0.000911729
0.000329045
6.0237e-07
0.000770392
0.000167685
4.97135e-06
0.000567469
7.71302e-05
1.28805e-05
0.00041066
2.61958e-05
1.98891e-05
0.000291057
9.71201e-07
2.19633e-05
0.000201307
-3.20121e-06
1.69535e-05
0.000134959
1.3004e-05
4.72999e-06
8.5683e-05
5.00909e-05
-1.29812e-05
4.75285e-05
0.000107801
-3.35662e-05
1.65546e-05
0.000183472
-5.24612e-05
-7.31281e-06
0.000275094
-6.36433e-05
-2.42036e-05
0.000385556
-6.17966e-05
-3.82966e-05
0.00052356
-4.48405e-05
-6.20324e-05
0.000708318
-1.84858e-05
-0.000119491
0.000971989
8.92686e-06
-0.000276154
0.00151179
3.09464e-05
-0.000779575
2.70993e-05
0.000573561
0.000997721
0.00033236
6.52642e-06
0.000870195
0.000174918
1.23322e-05
0.000668284
8.83668e-05
1.85876e-05
0.000510971
4.33014e-05
2.21532e-05
0.000389194
2.59335e-05
1.98796e-05
0.000295768
3.07207e-05
1.00848e-05
0.000224524
5.55934e-05
-6.93459e-06
0.000169272
0.000100252
-2.94746e-05
0.000124898
0.00016419
-5.37809e-05
8.81328e-05
0.000245539
-7.42052e-05
5.83112e-05
0.000344316
-8.33127e-05
3.30329e-05
0.000462878
-7.66486e-05
4.07046e-06
0.000607824
-5.62112e-05
-3.86378e-05
0.000771021
-2.99786e-05
-0.000106692
0.000954398
-5.03177e-06
-0.0001832
0.000761582
1.11645e-05
4.42473e-05
0.000303943
6.26676e-05
0.000810946
0.000285446
9.32348e-05
0.000943205
0.000227447
0.000126977
0.00104246
0.000122762
0.000122391
0.00120044
0.000559285
0.00109063
0.000331293
1.50501e-05
0.000975927
0.000179845
2.40752e-05
0.000772986
9.87234e-05
2.93848e-05
0.000614604
5.99899e-05
2.96234e-05
0.000490971
5.02487e-05
2.23503e-05
0.000394521
6.30063e-05
6.89323e-06
0.000318411
9.52615e-05
-1.60888e-05
0.000257505
0.000145872
-4.33048e-05
0.000207924
0.000214731
-7.0627e-05
0.00016615
0.000301469
-9.0224e-05
0.000129471
0.000405006
-9.49434e-05
9.57993e-05
0.00053056
-8.2217e-05
5.85195e-05
0.000667686
-5.92091e-05
2.51788e-05
0.000844533
-3.79733e-05
4.70916e-07
0.000917739
-1.40544e-05
0.000533366
0.00119247
0.000321987
2.95609e-05
0.0010893
0.000179703
4.36601e-05
0.000883011
0.000105492
4.82531e-05
0.000722754
7.38874e-05
4.45075e-05
0.000596986
7.121e-05
3.1032e-05
0.000496446
9.10601e-05
8.12867e-06
0.000415831
0.00012863
-2.11264e-05
0.000351482
0.000183859
-5.29795e-05
0.000298738
0.000256788
-8.11277e-05
0.000252723
0.000349634
-9.85824e-05
0.000208489
0.000465156
-9.73389e-05
0.000163499
0.000606967
-8.43243e-05
0.000117535
0.000796259
-6.12958e-05
6.74341e-05
0.000896493
-3.70535e-05
0.000488966
0.00130919
0.000300495
5.0235e-05
0.00121308
0.000171472
7.17239e-05
0.000998981
0.000106279
7.57208e-05
0.000834747
8.24525e-05
6.6535e-05
0.000703518
8.68988e-05
4.40244e-05
0.000598344
0.000111565
1.36243e-05
0.000515572
0.000153356
-2.24342e-05
0.000449516
0.000212186
-5.68072e-05
0.00039303
0.000290478
-8.64063e-05
0.000341004
0.0003963
-9.68448e-05
0.000280155
0.000535404
-9.92095e-05
0.000211143
0.000726307
-7.16562e-05
0.000117118
0.000812898
-6.08844e-05
0.000418444
0.00140814
0.000261875
8.99466e-05
0.00134382
0.000152021
0.000120804
0.00111617
9.78951e-05
0.000117956
0.000940345
8.40622e-05
9.70277e-05
0.000804309
9.25972e-05
6.48231e-05
0.000700931
0.000121462
2.41091e-05
0.000621296
0.000165073
-1.51637e-05
0.000555808
0.00022915
-5.58935e-05
0.000496428
0.000314763
-7.35635e-05
0.000429425
0.000441467
-0.000101351
0.000333665
0.000616932
-6.47588e-05
0.000182931
0.000672381
-7.89806e-05
0.000301316
0.00138103
0.000200882
0.000126874
0.00146302
0.000122469
0.000162747
0.00120387
8.33539e-05
0.000154019
0.00102038
7.59682e-05
0.000129422
0.000896186
8.84693e-05
8.47239e-05
0.000798382
0.000118435
4.41861e-05
0.00071973
0.000165583
-1.10825e-05
0.000640231
0.000231438
-2.7147e-05
0.00054616
0.000319438
-8.92152e-05
0.00043165
0.000452828
-3.31789e-05
0.00023374
0.000461853
-0.000128144
0.000139434
0.00113408
0.000116149
0.000107515
0.00108816
7.68297e-05
0.000168399
0.00100346
4.95705e-05
0.0001804
0.000899542
5.05309e-05
0.000140465
0.000816951
6.23137e-05
0.000104414
0.000733338
8.78844e-05
3.83902e-05
0.000642884
0.000121789
1.52216e-05
0.000529184
0.000180684
-5.55465e-05
0.000367944
0.000241017
-1.6933e-05
0.000139474
0.000190229
-0.000172786
-1.6502e-05
-0.000338795
-1.98536e-05
-0.000410311
-1.45925e-05
-0.000482633
2.78556e-07
-0.000554318
2.31713e-05
-0.000617208
5.02369e-05
-0.000662579
7.53943e-05
-0.000691997
9.16501e-05
-0.000709245
9.57252e-05
-0.000711431
9.14864e-05
-0.000699091
8.26634e-05
-0.000673508
7.18585e-05
-0.000637937
6.14688e-05
-0.000594421
5.3675e-05
-0.000544093
0.000105658
-1.60698e-06
-0.000271695
6.76457e-05
-3.71861e-06
-0.000354702
2.21559e-05
5.95892e-07
-0.000431822
-4.74803e-05
1.31275e-05
-0.000506422
-0.000148582
3.26734e-05
-0.000576229
-0.000271437
5.52328e-05
-0.000632628
-0.000386208
7.59284e-05
-0.000667942
-0.000467901
8.95902e-05
-0.000683688
-0.000506577
9.53459e-05
-0.00068319
-0.000506526
9.39742e-05
-0.000672012
-0.000480275
8.79686e-05
-0.000651455
-0.000436964
7.96038e-05
-0.000624106
-0.00038997
7.16061e-05
-0.000590266
-0.000347099
6.61291e-05
-0.000548676
-0.000311907
6.48347e-05
-0.00050002
-4.29592e-06
2.12921e-05
-0.000440204
-9.04574e-05
3.82852e-05
-0.000511344
-0.000202801
5.83707e-05
-0.000572533
-0.000323934
7.62949e-05
-0.000616689
-0.0004216
8.80815e-05
-0.000638844
-0.000473617
9.31356e-05
-0.000641987
-0.000480131
9.25898e-05
-0.000634056
-0.000454134
8.86169e-05
-0.000619427
-0.000407527
8.26457e-05
-0.000599715
-0.00035358
7.73792e-05
-0.000575279
-0.000301466
7.43311e-05
-0.000543924
-0.000257212
7.56369e-05
-0.000504009
-0.000222276
8.19581e-05
-0.000456369
4.18581e-05
2.39284e-05
-0.00035705
-3.27311e-05
3.91672e-05
-0.000433299
-0.000128088
5.75622e-05
-0.000497201
-0.000240014
7.51255e-05
-0.000546863
-0.000347177
8.71009e-05
-0.000577881
-0.000419985
9.16283e-05
-0.000589562
-0.000444886
9.07736e-05
-0.000587594
-0.000428401
8.70357e-05
-0.000578509
-0.000383728
8.23624e-05
-0.000565889
-0.00032566
7.86435e-05
-0.000549355
-0.000263942
7.75363e-05
-0.000528344
-0.000207128
8.047e-05
-0.000499076
-0.00015885
8.91053e-05
-0.000460557
-0.000118852
0.000103116
-0.000413613
9.65683e-05
2.00947e-05
-0.000247284
2.38989e-05
3.49001e-05
-0.000339854
-5.84157e-05
5.24328e-05
-0.000411935
-0.000155159
7.00064e-05
-0.000467388
-0.000258063
8.35894e-05
-0.000506266
-0.00034545
9.00481e-05
-0.000527541
-0.000394184
8.95679e-05
-0.000533477
-0.000397466
8.5274e-05
-0.00053036
-0.00036361
8.04186e-05
-0.000523459
-0.000306325
7.68747e-05
-0.000514336
-0.000239801
7.64117e-05
-0.000501647
-0.000171887
7.97162e-05
-0.000483454
-0.000109718
8.90483e-05
-0.000455806
-5.3614e-05
0.000105007
-0.000418422
-1.90231e-06
0.00012684
-0.00037272
0.000173103
1.0222e-05
-9.27582e-05
8.59008e-05
2.48977e-05
-0.000218155
6.6488e-06
4.25731e-05
-0.000310812
-7.83237e-05
6.06775e-05
-0.000378595
-0.000170437
7.61214e-05
-0.000426659
-0.000259628
8.57132e-05
-0.000457376
-0.000326507
8.77426e-05
-0.000472482
-0.000354208
8.4079e-05
-0.000476417
-0.000340191
7.82682e-05
-0.000474422
-0.000293183
7.35326e-05
-0.000470593
-0.000226728
7.19347e-05
-0.000465259
-0.000153286
7.46672e-05
-0.000456205
-8.01892e-05
8.27634e-05
-0.00043977
-1.05988e-05
9.82793e-05
-0.000413289
5.79001e-05
0.000121548
-0.000377313
0.000128205
0.000151433
-0.000333936
0.000304952
-2.02e-07
0.000130358
0.00016805
1.02239e-05
-4.81181e-05
7.48293e-05
2.75536e-05
-0.000178481
-7.65036e-06
4.68447e-05
-0.000271519
-9.10946e-05
6.4412e-05
-0.000336086
-0.000174936
7.72932e-05
-0.000378839
-0.00024869
8.31808e-05
-0.000404257
-0.0002965
8.21216e-05
-0.000416347
-0.000306328
7.64906e-05
-0.000420201
-0.000278109
7.01079e-05
-0.000420598
-0.000220958
6.61263e-05
-0.000420168
-0.000147206
6.65052e-05
-0.000418412
-6.82197e-05
7.19857e-05
-0.00041168
1.04203e-05
8.46584e-05
-0.000396032
8.99523e-05
0.000106045
-0.000370139
0.000175625
0.000136514
-0.000336071
0.000271293
0.000174925
-0.000296971
5.00258e-05
-0.000488061
6.80977e-05
-0.000284498
-0.00044514
9.24809e-05
-0.000195749
-0.000401898
0.000120871
-8.5275e-05
-0.000359381
0.000152147
4.72891e-05
-0.000319852
0.000185152
0.00020175
-0.000284861
0.000217564
0.000376928
-0.000254883
0.000526261
0.000397075
0.000306539
-1.60432e-06
0.000193477
0.00016221
9.37496e-06
6.09945e-06
6.50045e-05
2.81206e-05
-0.000129006
-1.77893e-05
4.79764e-05
-0.000223293
-9.67768e-05
6.43638e-05
-0.000286413
-0.000170296
7.46702e-05
-0.000326293
-0.0002287
7.76244e-05
-0.000349116
-0.000259263
7.41677e-05
-0.000360462
-0.000253879
6.73475e-05
-0.000365635
-0.00021395
6.07633e-05
-0.000368889
-0.000148574
5.74052e-05
-0.000371649
-6.89083e-05
5.89238e-05
-0.000372623
1.48381e-05
6.68319e-05
-0.00036669
0.000100233
8.33934e-05
-0.000350679
0.000192468
0.000110159
-0.000324926
0.000299817
0.000147634
-0.000293394
0.000427132
0.000194116
-0.000260461
0.000572639
0.000246738
-0.000228241
5.11477e-05
-0.000427096
7.50587e-05
-0.00026226
-0.000384679
0.000105354
-0.000173392
-0.000341294
0.000139646
-5.34697e-05
-0.00029861
0.000177637
9.78177e-05
-0.000260603
0.000218099
0.00027889
-0.000230073
0.000260235
0.000487479
-0.000208764
0.0002983
0.000722699
-0.00019433
0.000536864
0.000462952
0.000307437
-2.96386e-06
0.000263668
0.00015685
7.80572e-06
6.91983e-05
5.75133e-05
2.69671e-05
-7.05298e-05
-2.32343e-05
4.64367e-05
-0.000167186
-9.57674e-05
6.13219e-05
-0.000230804
-0.00015817
6.92262e-05
-0.000270187
-0.000201894
6.97538e-05
-0.000292725
-0.000217131
6.43957e-05
-0.000304954
-0.000198594
5.6531e-05
-0.00031252
-0.000148783
4.95227e-05
-0.00031883
-7.62041e-05
4.62008e-05
-0.000324563
8.35399e-06
4.78888e-05
-0.000326652
9.69145e-05
5.74565e-05
-0.000319969
0.000190601
7.71706e-05
-0.000302485
0.000298496
0.000108666
-0.000276506
0.00043185
0.000151967
-0.000248026
0.000597539
0.00020575
-0.000221996
0.000791194
0.000264915
-0.000200865
0.00098726
0.000331479
-0.00017994
5.64549e-05
-0.000361076
8.40328e-05
-0.000238987
-0.000318484
0.000118296
-0.000147118
-0.000274473
0.000156878
-1.50065e-05
-0.000231715
0.000199766
0.000155929
-0.000195606
0.000247268
0.000360434
-0.000171147
0.000296485
0.000592164
-0.000160073
0.00034981
0.000847572
-0.000165468
0.000394524
0.00112946
-0.000182358
6.4241e-05
-0.000288285
9.32309e-05
-0.000205604
-0.00024484
0.000129526
-0.000105594
-0.00020037
0.000170492
4.1561e-05
-0.000158505
0.000217048
0.000230552
-0.000126304
0.000268119
0.000447913
-0.000109118
0.000323432
0.000676718
-0.000109007
0.000375922
0.000895872
-0.000119819
0.000412622
0.00108814
-0.000115251
7.24255e-05
-0.000206512
0.000101222
-0.000149739
-0.000162185
0.000137949
-3.59699e-05
-0.000117613
0.000180491
0.000128513
-7.84049e-05
0.000228614
0.000331919
-5.05303e-05
0.000283074
0.000553806
-3.75813e-05
0.000341405
0.000778213
-3.36951e-05
0.000409303
0.00101207
-2.79109e-05
0.000444027
0.00115343
7.891e-05
-0.000112672
0.000107633
-5.69961e-05
-6.79958e-05
0.000144497
7.60594e-05
-2.56176e-05
0.000189294
0.000260517
8.41849e-06
0.000243419
0.000480272
2.83345e-05
0.000309646
0.000722306
3.55666e-05
0.000397029
0.000993966
2.69153e-05
0.000471159
0.00121522
0.000546416
0.000531604
0.00030848
-3.9394e-06
0.000339707
0.000152964
5.91661e-06
0.00014023
5.31555e-05
2.43425e-05
-3.75116e-06
-2.38774e-05
4.27875e-05
-0.000103759
-8.86968e-05
5.58732e-05
-0.000169674
-0.000139648
6.14964e-05
-0.000210674
-0.000169624
5.98029e-05
-0.000234919
-0.000171118
5.2787e-05
-0.000249565
-0.000141005
4.35898e-05
-0.000260177
-8.24296e-05
3.54573e-05
-0.000269597
-3.43063e-06
3.07879e-05
-0.000277584
8.56807e-05
3.20766e-05
-0.000279427
0.000179918
4.25939e-05
-0.00027073
0.000284188
6.48787e-05
-0.000251111
0.000411261
0.00010002
-0.000225221
0.000576139
0.000147466
-0.000199898
0.000787066
0.000203187
-0.000179733
0.00103842
0.000269216
-0.000164028
0.00129622
0.000341558
-0.000152802
0.00167323
0.000533485
-0.000320518
0.000974884
0.000323713
0.000554859
0.000603096
0.000310347
-4.60107e-06
0.000420692
0.000151463
3.95975e-06
0.000218259
5.23609e-05
2.08524e-05
7.06033e-05
-1.98044e-05
3.74492e-05
-3.33396e-05
-7.6084e-05
4.85077e-05
-0.000103099
-0.000115544
5.18499e-05
-0.000147602
-0.000132549
4.7968e-05
-0.000175275
-0.00012155
3.89433e-05
-0.000193554
-8.09526e-05
2.77688e-05
-0.000207885
-1.41458e-05
1.75104e-05
-0.000220647
7.06641e-05
1.05681e-05
-0.000229846
0.000164816
1.09153e-05
-0.000230493
0.000266855
2.21106e-05
-0.000219374
0.000385261
4.66242e-05
-0.000198695
0.00053749
8.42023e-05
-0.000174525
0.000740472
0.000131107
-0.000154041
0.00100788
0.000185474
-0.000132747
0.00132729
0.000243415
-0.000109484
0.00142174
0.000329052
0.000611048
8.34897e-05
-6.61322e-06
0.000112344
9.06889e-05
3.44266e-05
0.000151907
0.000249082
6.84746e-05
0.000203202
0.00045842
8.78884e-05
0.000272967
0.000713902
8.95305e-05
0.000363092
0.00101788
6.71136e-05
0.000436043
0.00127566
8.39905e-05
0.000115169
0.000115675
0.000318528
0.000147221
0.000159925
0.000504148
0.000163604
0.000225738
0.000758484
0.000156344
0.000310582
0.00108325
0.00010781
0.000362337
0.00137051
8.21758e-05
0.000234364
0.000115812
0.000661984
0.000235879
0.000168982
0.000897881
0.000203913
0.000229913
0.0012231
0.000127242
0.000248389
0.00138349
0.000562155
0.000677217
0.000313478
-4.61694e-06
0.000505461
0.000152776
2.51458e-06
0.00030207
5.5361e-05
1.70169e-05
0.000151596
-1.11571e-05
3.12358e-05
4.34786e-05
-5.8394e-05
3.97229e-05
-3.10402e-05
-8.63919e-05
4.05662e-05
-8.04976e-05
-9.10476e-05
3.41191e-05
-0.000113118
-6.84563e-05
2.25666e-05
-0.000136313
-1.80026e-05
8.61479e-06
-0.00015515
5.66054e-05
-4.94375e-06
-0.000171191
0.000147252
-1.43746e-05
-0.000181105
0.000248225
-1.49738e-05
-0.000180465
0.000361435
-2.49395e-06
-0.000168659
0.000500964
2.42746e-05
-0.000150656
0.00068602
6.19064e-05
-0.000134436
0.00094288
0.000105025
-0.000119843
0.00128032
0.000147077
-9.28302e-05
0.00129465
0.00018913
0.000567707
0.000754072
0.000318076
-3.81878e-06
0.000593373
0.000157072
1.92225e-06
0.000390457
6.21703e-05
1.38134e-05
0.00023791
1.78008e-06
2.48233e-05
0.000125841
-3.61043e-05
3.03283e-05
4.60397e-05
-5.2758e-05
2.81158e-05
-9.35886e-06
-4.55778e-05
1.86407e-05
-4.81737e-05
-1.19987e-05
3.74946e-06
-7.74144e-05
4.80186e-05
-1.39573e-05
-0.000101694
0.000129965
-3.12039e-05
-0.000121068
0.00022757
-4.28609e-05
-0.0001321
0.000337979
-4.30877e-05
-0.000132498
0.000469277
-2.80889e-05
-0.000126034
0.000637775
9.32477e-07
-0.000122707
0.000876784
3.65375e-05
-0.000131291
0.00120467
6.85659e-05
-0.000142192
0.00127099
0.000103442
0.000571394
0.000833265
0.000323551
-1.88424e-06
0.000683887
0.000163956
2.96585e-06
0.000482284
7.24156e-05
1.1864e-05
0.000328247
1.85385e-05
1.94561e-05
0.000212442
-9.93401e-06
2.1265e-05
0.000127228
-1.54835e-05
1.54233e-05
6.53117e-05
3.03744e-06
2.06095e-06
1.94763e-05
4.71567e-05
-1.69668e-05
-1.6842e-05
0.000116115
-3.90985e-05
-4.70458e-05
0.000205578
-5.94971e-05
-7.02702e-05
0.000311376
-7.17429e-05
-8.42624e-05
0.000436028
-6.92666e-05
-9.19334e-05
0.000590003
-4.95935e-05
-0.00010463
0.000805597
-1.91355e-05
-0.000148018
0.00111526
1.06716e-05
-0.000244606
0.00131305
4.19171e-05
0.000571352
0.000914541
0.000329015
1.608e-06
0.000777101
0.000172564
6.07103e-06
0.000576632
8.5295e-05
1.23843e-05
0.000421237
3.82177e-05
1.6182e-05
0.000301922
1.90557e-05
1.3799e-05
0.00021134
2.41907e-05
3.44782e-06
0.000142771
5.33814e-05
-1.45243e-05
8.94384e-05
0.000107378
-3.85223e-05
4.53586e-05
0.000184471
-6.47115e-05
8.52464e-06
0.000281497
-8.6783e-05
-2.01317e-05
0.000397309
-9.67589e-05
-4.22341e-05
0.000536026
-8.79675e-05
-6.83181e-05
0.000714542
-6.35312e-05
-0.000123705
0.000966097
-3.11011e-05
-0.000274538
0.0014872
-1.02729e-05
-0.000767738
9.10615e-06
0.000565798
0.000997734
0.000333047
7.0475e-06
0.000873726
0.000181268
1.246e-05
0.00067299
9.92462e-05
1.66707e-05
0.000515931
5.93328e-05
1.65908e-05
0.00039314
4.92383e-05
9.3065e-06
0.000297557
6.42761e-05
-6.29091e-06
0.000222611
0.000103003
-2.98677e-05
0.000161924
0.000165398
-5.886e-05
0.000110451
0.000249598
-8.80451e-05
6.71059e-05
0.000353433
-0.000108467
3.15009e-05
0.000475523
-0.000111619
-2.51354e-06
0.000618805
-9.49312e-05
-4.5454e-05
0.000776022
-6.60523e-05
-0.0001109
0.000951196
-3.55459e-05
-0.000182842
0.000754449
-8.74552e-06
6.17368e-05
0.000266455
9.07863e-05
0.000923729
0.000214136
0.000122718
0.00103175
0.000115438
0.000117851
0.00120535
0.000552005
0.00108704
0.000332596
1.4822e-05
0.000974572
0.000187689
2.28508e-05
0.000771534
0.000112112
2.56107e-05
0.000611996
7.98124e-05
2.16077e-05
0.000485789
7.82467e-05
8.94142e-06
0.000385436
0.000102142
-1.2997e-05
0.000304238
0.000148739
-4.2647e-05
0.000236739
0.000217723
-7.61612e-05
0.000179594
0.000307699
-0.000105671
0.000130685
0.000415402
-0.000121301
9.00598e-05
0.000541633
-0.000114708
5.18134e-05
0.000676572
-9.05593e-05
2.02645e-05
0.000848317
-6.1799e-05
-3.05337e-06
0.000917104
-3.41943e-05
0.000527186
0.00118381
0.00032395
2.84703e-05
0.00108104
0.000188757
4.08035e-05
0.000873176
0.000121205
4.21865e-05
0.000710149
9.66754e-05
3.37147e-05
0.000580081
0.000103151
1.39758e-05
0.000474347
0.000134333
-1.54411e-05
0.000387378
0.000187084
-5.15156e-05
0.00031629
0.000261213
-8.75664e-05
0.00025615
0.000357078
-0.000115485
0.000203026
0.00047467
-0.000122403
0.000155182
0.000615636
-0.000112034
0.000110977
0.000802187
-8.11497e-05
6.15094e-05
0.0008999
-5.6622e-05
0.000483784
0.00129408
0.000303224
4.80298e-05
0.00119543
0.000181621
6.6882e-05
0.00097822
0.000123228
6.67534e-05
0.000809196
0.000107511
5.19693e-05
0.000672124
0.000120898
2.33958e-05
0.000560272
0.000158136
-1.44878e-05
0.00047095
0.000215436
-5.49445e-05
0.00039729
0.000295346
-9.39164e-05
0.000334344
0.000402898
-0.000113856
0.00026988
0.000542569
-0.000122813
0.000202658
0.000730968
-8.5024e-05
0.000110475
0.000817925
-8.93103e-05
0.000414944
0.00138446
0.000265063
8.67848e-05
0.00131366
0.000161992
0.000113014
0.00108159
0.000115666
0.000105566
0.000899494
0.00010888
7.88864e-05
0.000757334
0.000127882
3.86822e-05
0.000646945
0.000168563
-4.58451e-06
0.000560589
0.000231456
-5.36391e-05
0.000487681
0.000318956
-8.02639e-05
0.000415611
0.000445291
-0.000117636
0.000319856
0.000618736
-7.1439e-05
0.000174437
0.000675777
-0.000109973
0.000298098
0.00134924
0.000203847
0.000121198
0.00141687
0.000131849
0.000151806
0.00115107
9.85509e-05
0.000138707
0.00096211
9.99716e-05
0.000103582
0.000827887
0.000121315
6.14399e-05
0.000722127
0.000167037
1.63938e-06
0.000627856
0.000231669
-2.42826e-05
0.000527487
0.000319626
-9.49675e-05
0.000412971
0.000450785
-3.45727e-05
0.000223276
0.000461998
-0.000166172
0.000139017
0.00110258
0.00011968
9.77795e-05
0.0010391
8.16193e-05
0.000159063
0.000943179
6.03304e-05
0.000154296
0.000825381
6.73999e-05
0.000122756
0.000731209
8.64901e-05
5.79613e-05
0.000627277
0.000121211
2.56649e-05
0.000511229
0.000177752
-5.16494e-05
0.000347534
0.000234322
-2.10957e-05
0.000137785
0.000192274
-0.000225586
-8.28283e-06
-0.000266581
-1.47263e-05
-0.000343188
-1.4568e-05
-0.000417347
-4.93985e-06
-0.000492648
1.4116e-05
-0.000566202
3.96157e-05
-0.000628148
6.6287e-05
-0.000669109
8.77862e-05
-0.000692461
9.82261e-05
-0.000700916
9.80079e-05
-0.000695647
9.2112e-05
-0.000677797
8.22387e-05
-0.000650366
7.18739e-05
-0.000615416
6.34301e-05
-0.000572454
5.88116e-05
-0.000522391
0.000166256
2.51864e-06
-0.000176685
0.000107053
-6.61983e-07
-0.00027335
6.09176e-05
-1.74479e-08
-0.00035742
4.62219e-06
7.80676e-06
-0.000435419
-7.78562e-05
2.38164e-05
-0.000510166
-0.000191404
4.57272e-05
-0.00057812
-0.000319465
6.82441e-05
-0.000629413
-0.000427115
8.56315e-05
-0.000658467
-0.000491071
9.54643e-05
-0.000666352
-0.000505555
9.73405e-05
-0.000661132
-0.000484937
9.40426e-05
-0.000647282
-0.000439154
8.67843e-05
-0.000627008
-0.000383569
7.92177e-05
-0.000601728
-0.00032973
7.3195e-05
-0.000569069
-0.000284255
7.11841e-05
-0.000527984
-0.000249503
7.43168e-05
-0.000479013
4.71284e-05
1.52463e-05
-0.000360941
-2.5151e-05
2.88379e-05
-0.000438337
-0.000121779
4.78502e-05
-0.000507132
-0.000240741
6.82153e-05
-0.000563726
-0.000358867
8.42421e-05
-0.000601158
-0.000441924
9.28888e-05
-0.000616657
-0.000472817
9.46544e-05
-0.00061612
-0.000458812
9.22066e-05
-0.000607234
-0.000413525
8.69576e-05
-0.000593942
-0.000352901
8.14973e-05
-0.000576592
-0.000288043
7.78582e-05
-0.000554705
-0.000228938
7.78338e-05
-0.000524311
-0.000179803
8.34912e-05
-0.000484588
-0.000141425
9.48843e-05
-0.0004362
0.000100663
1.63523e-05
-0.000262007
2.89011e-05
2.88764e-05
-0.000351761
-5.45107e-05
4.57371e-05
-0.000425378
-0.000156493
6.46762e-05
-0.000485417
-0.000269294
8.11157e-05
-0.000529647
-0.000367475
9.05011e-05
-0.000554728
-0.000422992
9.23809e-05
-0.000562361
-0.000428137
8.94844e-05
-0.000559371
-0.000392677
8.47817e-05
-0.000551861
-0.000331794
8.02494e-05
-0.000542026
-0.000260757
7.78569e-05
-0.000528719
-0.000188629
7.87036e-05
-0.000509835
-0.000123853
8.54488e-05
-0.000481284
-6.75969e-05
9.91167e-05
-0.000442575
-1.87389e-05
0.000118983
-0.000394889
0.00017746
1.07751e-05
-0.000122357
9.05207e-05
2.32368e-05
-0.00024024
9.88055e-06
3.93044e-05
-0.000329957
-7.90216e-05
5.73764e-05
-0.000398607
-0.000178662
7.42046e-05
-0.000449778
-0.000277948
8.59258e-05
-0.000483824
-0.000353536
8.99432e-05
-0.000500888
-0.000384848
8.74858e-05
-0.000505048
-0.000369489
8.213e-05
-0.000502774
-0.000318364
7.70034e-05
-0.000498407
-0.000246054
7.41416e-05
-0.000492739
-0.000166788
7.49671e-05
-0.000483396
-8.89246e-05
8.08963e-05
-0.000466567
-1.68432e-05
9.44963e-05
-0.000439051
5.15473e-05
0.000116167
-0.000401396
0.00011831
0.000144781
-0.000355458
0.000307439
1.97557e-06
8.12033e-05
0.000173095
1.21992e-05
-8.51047e-05
7.88584e-05
2.79786e-05
-0.000207589
-7.01374e-06
4.60999e-05
-0.00029687
-9.62944e-05
6.36631e-05
-0.000360936
-0.000188341
7.75417e-05
-0.000405082
-0.00027113
8.48926e-05
-0.000432087
-0.000324957
8.4871e-05
-0.000444816
-0.000335816
7.97479e-05
-0.000448408
-0.000303977
7.33951e-05
-0.000448416
-0.000240607
6.87338e-05
-0.000447743
-0.00015952
6.78243e-05
-0.000446101
-7.38815e-05
7.16515e-05
-0.000439432
9.75321e-06
8.26619e-05
-0.000423485
9.17451e-05
0.000102831
-0.000396366
0.000177325
0.000132523
-0.000360103
0.000269719
0.000170452
-0.000317662
0.000519595
0.000341141
0.000308767
9.4204e-07
0.000137412
0.000167023
1.26182e-05
-3.79948e-05
6.77079e-05
3.04545e-05
-0.000164794
-1.99439e-05
4.93239e-05
-0.000254276
-0.000105758
6.55546e-05
-0.000315365
-0.000187417
7.63443e-05
-0.000354881
-0.000253092
7.99797e-05
-0.000377723
-0.000287308
7.6955e-05
-0.000388765
-0.000280595
7.01438e-05
-0.00039352
-0.000235223
6.33344e-05
-0.000396533
-0.000161938
5.92473e-05
-0.000399546
-7.3873e-05
5.96074e-05
-0.000401069
1.69737e-05
6.62645e-05
-0.000395422
0.000107308
8.18558e-05
-0.000378918
0.000202165
0.000108201
-0.000351524
0.000310019
0.000145858
-0.000317206
0.000434954
0.000192927
-0.000280156
5.89188e-05
-0.000466225
8.20898e-05
-0.000224643
-0.000423277
0.000110477
-0.00011185
-0.000380446
0.000142603
2.46556e-05
-0.000339703
0.00017736
0.000184956
-0.000302781
0.000212647
0.000368096
-0.000270578
0.000246122
0.000573847
-0.000241978
0.00052878
0.000403555
0.000308801
-7.69638e-08
0.000201565
0.000160761
1.20285e-05
1.82803e-05
5.85582e-05
3.08314e-05
-0.000112905
-2.80057e-05
4.95201e-05
-0.000203677
-0.000107765
6.39494e-05
-0.000263693
-0.000177566
7.18012e-05
-0.000301072
-0.000226872
7.23677e-05
-0.000322337
-0.000243575
6.69712e-05
-0.000333641
-0.000221708
5.88815e-05
-0.000340638
-0.000164745
5.15381e-05
-0.00034706
-8.2977e-05
4.75474e-05
-0.0003535
1.06987e-05
4.82954e-05
-0.000356431
0.000106469
5.70908e-05
-0.000349942
0.0002049
7.65432e-05
-0.000331362
0.000315655
0.000108546
-0.000302997
0.000450482
0.000153134
-0.000271044
0.000615111
0.000208818
-0.000240114
0.000803185
0.000270282
-0.000212214
6.34322e-05
-0.000404914
9.29514e-05
-0.000205324
-0.000361666
0.000127671
-8.60369e-05
-0.000318101
0.000166839
6.69856e-05
-0.000277739
0.000209326
0.000252464
-0.000243737
0.000254812
0.000468325
-0.000218463
0.000298087
0.000713129
-0.000200795
0.000339628
0.000988092
-0.000184981
0.000537102
0.000469303
0.000308514
-1.14333e-06
0.000272583
0.000155477
1.07344e-05
8.29185e-05
5.23984e-05
2.93711e-05
-5.27068e-05
-3.09025e-05
4.72016e-05
-0.00014604
-0.000102907
5.9606e-05
-0.000206973
-0.000160318
6.47217e-05
-0.000244485
-0.000194162
6.26074e-05
-0.000266398
-0.000195197
5.51913e-05
-0.000279536
-0.000160014
4.559e-05
-0.000289579
-9.27202e-05
3.70296e-05
-0.000299368
-3.4304e-06
3.17461e-05
-0.00030842
9.51961e-05
3.23685e-05
-0.000311079
0.000196495
4.25709e-05
-0.000301947
0.000305146
6.53057e-05
-0.000280082
0.000435214
0.000101916
-0.000250408
0.00060231
0.000151888
-0.000220334
0.000813338
0.000211073
-0.000194427
0.00105958
0.000281824
-0.000172375
0.00130785
0.000361231
-0.000158277
7.11614e-05
-0.000338182
0.000104903
-0.000183037
-0.000294237
0.000144116
-5.41446e-05
-0.000249925
0.000188331
0.000116736
-0.000210362
0.00023794
0.000324677
-0.000180741
0.000290732
0.000562915
-0.000164511
0.000350094
0.000826478
-0.00016564
0.000404854
0.00111802
-0.000182957
0.00055459
0.00167484
-0.000325939
8.04425e-05
-0.000264634
0.000116278
-0.000145642
-0.000219847
0.000157942
-3.13566e-06
-0.000175666
0.000205867
0.000185581
-0.00013891
0.000259002
0.000407275
-0.000116053
0.00031779
0.000643407
-0.000110523
0.000375524
0.00087119
-0.000118443
0.000419196
0.00107296
-0.000114525
0.000327229
0.000976432
8.96391e-05
-0.000182551
0.000125981
-7.92539e-05
-0.000137249
0.000169274
8.10969e-05
-9.4974e-05
0.000218621
0.000286225
-6.20388e-05
0.000275057
0.000515148
-4.35103e-05
0.000335989
0.000749703
-3.54153e-05
0.000407651
0.000995873
-2.81205e-05
0.000441181
0.0011555
9.80596e-05
-8.93237e-05
0.000134698
3.09313e-05
-4.52221e-05
0.00018001
0.000213978
-7.18044e-06
0.0002347
0.000438908
1.82837e-05
0.000302213
0.000690764
3.06303e-05
0.000390508
0.000975492
2.66233e-05
0.00046348
0.00121469
0.000544479
0.000538045
0.000308677
-1.97345e-06
0.000349267
0.000152212
8.81893e-06
0.000155005
4.98361e-05
2.65092e-05
1.50524e-05
-2.85891e-05
4.27846e-05
-8.18854e-05
-9.16924e-05
5.30497e-05
-0.000145619
-0.000136596
5.55479e-05
-0.000185366
-0.000155837
5.08648e-05
-0.000209709
-0.000142646
4.11778e-05
-0.000226057
-9.5289e-05
2.94095e-05
-0.000239793
-1.83472e-05
1.86237e-05
-0.000253231
7.76811e-05
1.10245e-05
-0.000263548
0.000181539
1.08314e-05
-0.000264387
0.000290149
2.21182e-05
-0.000251264
0.0004124
4.7828e-05
-0.000226057
0.000567067
8.79059e-05
-0.000195239
0.000772054
0.000138445
-0.000166737
0.00103741
0.000197914
-0.000137953
0.00135315
0.000262827
-0.000111155
0.00144257
0.000359847
0.000614243
0.000551273
0.000609377
0.000310164
-2.55445e-06
0.00043052
0.000151701
6.79083e-06
0.000233395
5.12459e-05
2.25562e-05
8.96116e-05
-2.11293e-05
3.67767e-05
-1.1636e-05
-7.45355e-05
4.4495e-05
-7.96022e-05
-0.00010688
4.42983e-05
-0.000123443
-0.000112263
3.68423e-05
-0.000151958
-8.57708e-05
2.43666e-05
-0.000172837
-2.68955e-05
9.63291e-06
-0.000191114
5.92646e-05
-4.78502e-06
-0.000207953
0.000161908
-1.50534e-05
-0.000218533
0.000272622
-1.61689e-05
-0.00021661
0.000391951
-3.17037e-06
-0.000200095
0.000534251
2.56085e-05
-0.000173389
0.000720771
6.65146e-05
-0.000144684
0.00097445
0.000114184
-0.00011432
0.00130438
0.000160978
-7.43661e-05
0.00131163
0.000202588
0.000105355
1.21981e-05
0.000144602
0.000205254
4.93273e-05
0.000195771
0.000417639
7.34104e-05
0.000265035
0.000682124
8.03693e-05
0.000355223
0.00100043
6.23431e-05
0.000423264
0.00128185
0.000111129
0.00012557
0.000154447
0.000466126
0.000146607
0.000219224
0.000727577
0.000144269
0.0003021
0.00106589
0.000101524
0.000350703
0.001376
0.000112914
0.000216214
0.000164227
0.000870182
0.000190137
0.000222925
0.00120743
0.000119371
0.000239593
0.00138899
0.000557063
0.000683244
0.000313357
-2.7477e-06
0.000515442
0.000154299
4.92212e-06
0.000316939
5.682e-05
1.83079e-05
0.000169874
-8.66286e-06
2.95897e-05
6.4055e-05
-5.18011e-05
3.4453e-05
-9.2299e-06
-7.15575e-05
3.11099e-05
-5.86886e-05
-6.35336e-05
2.04345e-05
-9.30297e-05
-2.43323e-05
4.4001e-06
-0.000119765
4.5863e-05
-1.4451e-05
-0.000143487
0.000140774
-3.29931e-05
-0.000163383
0.000251186
-4.58613e-05
-0.000173833
0.00037161
-4.65395e-05
-0.00017005
0.000508766
-3.03872e-05
-0.000153487
0.000679884
1.52865e-06
-0.000132387
0.000915536
4.13143e-05
-0.000109476
0.00123097
7.83085e-05
-7.73695e-05
0.00125561
0.000111684
0.000562229
0.000759419
0.000318214
-2.25318e-06
0.000602886
0.000160137
3.9243e-06
0.000404165
6.65484e-05
1.41617e-05
0.000254439
8.5478e-06
2.21558e-05
0.000144005
-2.3939e-05
2.33988e-05
6.4762e-05
-3.11125e-05
1.64532e-05
8.45789e-06
-1.00329e-05
1.78905e-06
-3.31427e-05
4.16641e-05
-1.8656e-05
-6.72229e-05
0.000122703
-4.24138e-05
-9.70718e-05
0.000226753
-6.47581e-05
-0.000120346
0.000346762
-7.86391e-05
-0.000131934
0.00048317
-7.64622e-05
-0.000131268
0.000646283
-5.46637e-05
-0.000126718
0.000869182
-2.02828e-05
-0.000129473
0.0011726
1.36305e-05
-0.000133701
0.00122731
4.69883e-05
0.000565272
0.00083746
0.000324424
-5.73039e-07
0.000692017
0.000168829
4.16891e-06
0.000493714
8.0034e-05
1.13249e-05
0.000341639
2.99766e-05
1.53005e-05
0.000226648
8.2836e-06
1.24454e-05
0.000140978
1.35501e-05
1.00422e-06
7.70092e-05
4.73588e-05
-1.83781e-05
2.69103e-05
0.000111169
-4.4173e-05
-1.55587e-05
0.000202502
-7.257e-05
-5.20038e-05
0.000316159
-9.71938e-05
-7.94813e-05
0.000449493
-0.000108836
-9.68767e-05
0.00060591
-9.91656e-05
-0.000112245
0.000814028
-7.07188e-05
-0.000152532
0.00110748
-3.57086e-05
-0.000243025
0.00128646
-1.95073e-06
0.000565475
0.000916472
0.000330861
2.34274e-06
0.000783016
0.00017948
6.37566e-06
0.000584428
9.62937e-05
1.04333e-05
0.000429939
5.45679e-05
1.03277e-05
0.000310159
4.36449e-05
2.53708e-06
0.000217844
6.09359e-05
-1.40391e-05
0.000145626
0.000106821
-3.90997e-05
8.61976e-05
0.000181706
-7.02888e-05
3.46284e-05
0.000282676
-0.0001021
-9.23707e-06
0.000406579
-0.000125564
-4.44728e-05
0.000552105
-0.000129515
-7.72677e-05
0.000730284
-0.00011012
-0.000133208
0.000973262
-7.27537e-05
-0.000279294
0.00148172
-4.91605e-05
-0.000766172
-4.18261e-06
0.000559998
0.000996789
0.00033606
7.0646e-06
0.000875658
0.00019022
1.15946e-05
0.000675535
0.000113689
1.30642e-05
0.000517881
8.05939e-05
8.42754e-06
0.000393237
8.0077e-05
-4.7775e-06
0.000294213
0.000108508
-2.75562e-05
0.000213934
0.000165051
-5.88131e-05
0.000145565
0.000249316
-9.47343e-05
8.55466e-05
0.00035814
-0.000126592
3.47897e-05
0.000487662
-0.000143034
-9.34354e-06
0.000633983
-0.000134353
-5.54429e-05
0.000789252
-0.000104188
-0.000119998
0.000955991
-6.68243e-05
-0.000187296
0.000753496
-2.79789e-05
8.86164e-05
0.000200386
0.000118367
0.00101857
0.000108949
0.000112874
0.00120791
0.000547363
0.00108168
0.000336523
1.42745e-05
0.000970575
0.000198598
2.06109e-05
0.000766693
0.000129901
1.99025e-05
0.000605005
0.0001056
1.07528e-05
0.000475053
0.000114883
-8.84174e-06
0.000369549
0.000152912
-3.82783e-05
0.00028129
0.000218232
-7.59676e-05
0.000205398
0.000309977
-0.000114273
0.000139432
0.00042298
-0.000142628
8.61098e-05
0.000553688
-0.000146603
4.29361e-05
0.00068943
-0.000125194
1.26536e-05
0.000857451
-8.75857e-05
-9.21263e-06
0.000921206
-5.8553e-05
0.000523286
0.00117278
0.000329099
2.70424e-05
0.00106892
0.000201518
3.679e-05
0.000858675
0.000141643
3.40589e-05
0.00069139
0.000126405
1.93629e-05
0.0005558
0.000144219
-7.71099e-06
0.000443295
0.000190681
-4.56293e-05
0.000348947
0.000262781
-8.82004e-05
0.000269579
0.00036155
-0.00012704
0.000201501
0.000483158
-0.000145438
0.000145801
0.000626272
-0.00014141
0.000100855
0.000810113
-0.000103505
5.41875e-05
0.000906261
-8.34483e-05
0.000481659
0.0012754
0.000309152
4.55554e-05
0.00117267
0.000195461
6.06917e-05
0.000950814
0.000145861
5.54694e-05
0.000775501
0.000139458
3.36246e-05
0.000631318
0.000165581
-3.73801e-06
0.000511824
0.000218427
-4.81073e-05
0.000414249
0.000297511
-9.62908e-05
0.000333611
0.000407833
-0.000127472
0.000259083
0.000549099
-0.000147379
0.000190639
0.000736032
-0.000102551
0.00010289
0.000822882
-0.00012594
0.000413036
0.0013563
0.000271188
8.22466e-05
0.00127709
0.000176428
0.000104346
0.00103823
0.000138065
9.00733e-05
0.000848794
0.000142244
5.50778e-05
0.000698665
0.0001731
9.24156e-06
0.000581334
0.00023342
-4.62345e-05
0.000486801
0.000320409
-8.3948e-05
0.000402625
0.000447963
-0.000132626
0.000302264
0.000619396
-8.25462e-05
0.000162352
0.000677908
-0.000151447
0.000297889
0.00131157
0.000208543
0.000118351
0.00136146
0.000144185
0.000139049
0.00108816
0.000120318
0.000117344
0.000888361
0.000130974
7.90024e-05
0.000746751
0.000167859
1.80349e-05
0.000624362
0.000231411
-1.86044e-05
0.000511978
0.000317448
-9.47018e-05
0.000387526
0.00044944
-4.47465e-05
0.000208026
0.000458406
-0.000209029
0.000135756
0.0010646
0.000123159
9.27402e-05
0.000982265
9.00179e-05
0.000139188
0.000868269
7.47239e-05
0.000136447
0.000736967
8.92351e-05
7.86233e-05
0.000621312
0.000118364
3.98791e-05
0.000494698
0.000173544
-4.60649e-05
0.000332101
0.000226578
-3.22165e-05
0.000132077
0.000190565
-0.000278366
-7.71577e-07
-0.000181004
-7.84238e-06
-0.000268736
-1.1539e-05
-0.000347307
-7.53292e-06
-0.000423655
6.41798e-06
-0.000500936
2.92661e-05
-0.000574836
5.60153e-05
-0.000633243
8.0684e-05
-0.000668045
9.66214e-05
-0.000683965
0.000101688
-0.000684678
9.96317e-05
-0.000673691
9.13224e-05
-0.000653528
8.14779e-05
-0.00062712
7.25748e-05
-0.000593224
6.71846e-05
-0.000550774
6.68675e-05
-0.00050025
0.000285318
3.96575e-06
-5.58572e-05
0.000172087
2.43611e-06
-0.000176668
0.000106571
1.21813e-06
-0.000274239
5.15837e-05
4.78565e-06
-0.000358854
-1.58459e-05
1.60782e-05
-0.000436985
-0.00011072
3.51509e-05
-0.000510647
-0.000234088
5.83599e-05
-0.000574889
-0.000362152
7.93635e-05
-0.00061986
-0.000456735
9.29081e-05
-0.0006411
-0.000497306
9.86202e-05
-0.000643142
-0.000488801
9.80071e-05
-0.000635107
-0.000445041
9.24593e-05
-0.00062144
-0.000382626
8.5186e-05
-0.000603252
-0.000315394
7.89379e-05
-0.00058012
-0.000253988
7.56825e-05
-0.000548518
-0.000204186
7.80423e-05
-0.000507327
-0.00016732
8.6385e-05
-0.000457414
0.000103262
1.08505e-05
-0.000270946
3.43084e-05
2.07145e-05
-0.000358224
-4.79159e-05
3.66997e-05
-0.000433781
-0.000153345
5.70395e-05
-0.000499105
-0.000275413
7.67806e-05
-0.000550145
-0.000385385
9.01974e-05
-0.000580555
-0.000449635
9.52521e-05
-0.000590611
-0.000458505
9.44645e-05
-0.000588008
-0.000423216
9.01171e-05
-0.000579855
-0.00035957
8.46027e-05
-0.000569271
-0.000284683
8.01691e-05
-0.000554977
-0.000208635
7.83016e-05
-0.000535166
-0.000141294
8.21116e-05
-0.000505491
-8.50713e-05
9.30298e-05
-0.00046526
-3.92156e-05
0.000110482
-0.000415728
0.000180197
9.80673e-06
-0.000145688
9.44286e-05
1.96259e-05
-0.000256664
1.41841e-05
3.39549e-05
-0.000344282
-7.69838e-05
5.20363e-05
-0.000414775
-0.000183469
7.07982e-05
-0.000470291
-0.000293499
8.53952e-05
-0.000508988
-0.000379046
9.20938e-05
-0.00052893
-0.000415277
9.14822e-05
-0.00053393
-0.000399982
8.69226e-05
-0.000531019
-0.000345521
8.14867e-05
-0.00052594
-0.000267987
7.72821e-05
-0.000519519
-0.0001833
7.59631e-05
-0.000509466
-0.000100656
7.94025e-05
-0.000492057
-2.61913e-05
9.06193e-05
-0.000463439
4.16167e-05
0.000110296
-0.000423957
0.000104379
0.000137181
-0.000375536
0.000309636
3.45043e-06
3.88912e-05
0.000177119
1.26619e-05
-0.000115806
8.2619e-05
2.65045e-05
-0.0002312
-5.21689e-06
4.34839e-05
-0.000317861
-9.92513e-05
6.14354e-05
-0.00038288
-0.000199622
7.70566e-05
-0.000429627
-0.000292387
8.65244e-05
-0.000459147
-0.000353524
8.81249e-05
-0.00047296
-0.000366108
8.39293e-05
-0.000476554
-0.000331587
7.77101e-05
-0.000475871
-0.000262453
7.23144e-05
-0.000474733
-0.000174344
6.98987e-05
-0.000472847
-8.22676e-05
7.17469e-05
-0.000465861
6.34331e-06
8.06876e-05
-0.000449348
9.06823e-05
9.91872e-05
-0.000421008
0.000175548
0.000127698
-0.000382537
0.000263585
0.000164741
-0.000336705
0.000515572
0.000288824
0.000311356
2.90497e-06
8.79082e-05
0.000171359
1.44069e-05
-7.58686e-05
7.03857e-05
3.09445e-05
-0.000195111
-2.11633e-05
4.90063e-05
-0.000280994
-0.000113229
6.55693e-05
-0.000341493
-0.00020324
7.76041e-05
-0.00038197
-0.000277284
8.26111e-05
-0.000405634
-0.000316099
8.04746e-05
-0.000416752
-0.000308605
7.39742e-05
-0.000420977
-0.000258326
6.69431e-05
-0.000423522
-0.000177451
6.19876e-05
-0.000426393
-8.10307e-05
6.08112e-05
-0.000428103
1.68664e-05
6.58305e-05
-0.000422493
0.000112
8.00044e-05
-0.00040535
0.00020918
0.000105522
-0.00037638
0.000316745
0.000142943
-0.00033932
0.000437949
0.000190151
-0.000298161
0.00052353
0.000347333
0.000311136
2.24416e-06
0.000145452
0.000164589
1.49879e-05
-2.63555e-05
5.95929e-05
3.30472e-05
-0.000149552
-3.22611e-05
5.10425e-05
-0.000235508
-0.000118976
6.55171e-05
-0.000293326
-0.000196491
7.40065e-05
-0.000329983
-0.000252142
7.52741e-05
-0.000350771
-0.000271011
7.0265e-05
-0.00036145
-0.000246257
6.21927e-05
-0.00036783
-0.000182404
5.43605e-05
-0.000373986
-9.1634e-05
4.94498e-05
-0.000380731
1.12038e-05
4.89518e-05
-0.000384262
0.000114157
5.65562e-05
-0.00037781
0.000217101
7.53115e-05
-0.000358229
0.000330293
0.000107403
-0.000327707
0.000465722
0.000152879
-0.000292398
0.000627971
0.000210069
-0.000256962
7.15276e-05
-0.000443149
9.93768e-05
-0.000141514
-0.000400039
0.000132053
-1.90465e-06
-0.000358269
0.000168256
0.000163278
-0.000319443
0.000205988
0.000353542
-0.000284888
0.000243355
0.000568527
-0.000253802
0.000273333
0.000808344
-0.000222383
0.000530696
0.000409884
0.000309966
1.43107e-06
0.00021071
0.000158219
1.45758e-05
3.17942e-05
5.15434e-05
3.29862e-05
-9.5516e-05
-3.78473e-05
5.01857e-05
-0.000182968
-0.000116975
6.23109e-05
-0.000240134
-0.000181193
6.75108e-05
-0.00027534
-0.000219385
6.55191e-05
-0.000295662
-0.00022043
5.80934e-05
-0.000307619
-0.000180311
4.82727e-05
-0.000317075
-0.000104509
3.92457e-05
-0.000326969
-4.95741e-06
3.31272e-05
-0.000336804
0.000103226
3.27224e-05
-0.000340092
0.000211384
4.21962e-05
-0.000330484
0.000324053
6.49766e-05
-0.000306698
0.000456471
0.00010267
-0.00027379
0.000624908
0.000154789
-0.000239614
0.000834986
0.000217348
-0.000208827
0.00107468
0.000292152
-0.000179836
8.00682e-05
-0.000380524
0.000114678
-0.000121151
-0.000336328
0.000154786
3.22382e-05
-0.000294024
0.000198998
0.000220747
-0.000256689
0.000247343
0.000442489
-0.000227303
0.00029534
0.000695961
-0.000205902
0.000344694
0.000980913
-0.000188215
0.000378198
0.00131211
-0.000162585
0.000536877
0.000475761
0.000308802
6.59365e-07
0.000282534
0.000153468
1.32457e-05
9.77881e-05
4.70996e-05
3.11738e-05
-3.39422e-05
-3.77767e-05
4.69185e-05
-0.000124165
-0.000107786
5.66198e-05
-0.000182778
-0.000158373
5.87536e-05
-0.000218854
-0.000180216
5.37641e-05
-0.000240591
-0.000164978
4.37616e-05
-0.000255375
-0.000110919
3.1639e-05
-0.000268558
-2.3832e-05
2.03345e-05
-0.000282471
8.34705e-05
1.18751e-05
-0.000293716
0.000196988
1.08096e-05
-0.000294767
0.000311726
2.17901e-05
-0.000280008
0.000437018
4.82807e-05
-0.000251066
0.000593246
9.04462e-05
-0.000215145
0.000799643
0.000144348
-0.000181198
0.00106358
0.000208936
-0.000147706
0.0013761
0.000281941
-0.000116037
0.00145719
0.000381695
9.0848e-05
-0.000312321
0.000130236
-9.53267e-05
-0.000267013
0.000175504
7.386e-05
-0.000224612
0.000227036
0.00028366
-0.000190514
0.000282688
0.000527046
-0.000168558
0.000347537
0.000798113
-0.000165893
0.000411121
0.00109852
-0.000181737
0.000571081
0.00166848
-0.000328476
0.000615533
0.000102404
-0.000237887
0.000144312
-4.91705e-05
-0.000192144
0.000193456
0.000137367
-0.000151634
0.000248304
0.000362064
-0.000123382
0.000310042
0.000605239
-0.000112871
0.000372092
0.000841987
-0.000117422
0.000421211
0.00105463
-0.000113679
0.000327951
0.000975138
0.00011352
-0.000155607
0.000157157
3.26259e-05
-0.000111238
0.000207562
0.000237737
-7.4038e-05
0.000265558
0.000472589
-5.03385e-05
0.000328726
0.000717316
-3.76358e-05
0.000402892
0.000976603
-2.85291e-05
0.00043648
0.00115438
0.000124558
-6.4134e-05
0.000170039
0.000166148
-2.28299e-05
0.00022531
0.000394675
7.51338e-06
0.0002933
0.000655708
2.5075e-05
0.000382144
0.000953419
2.57818e-05
0.000453684
0.0012109
0.000542795
0.00054455
0.000308613
-8.87446e-08
0.000359726
0.000151239
1.13596e-05
0.000170617
4.67788e-05
2.78222e-05
3.44822e-05
-3.19932e-05
4.16978e-05
-5.96693e-05
-9.18312e-05
4.86881e-05
-0.000121463
-0.000128689
4.77642e-05
-0.000160456
-0.000134931
3.96861e-05
-0.000185549
-0.000104571
2.66515e-05
-0.000204499
-3.71445e-05
1.13323e-05
-0.000222252
6.07174e-05
-3.88865e-06
-0.000239771
0.000175453
-1.51932e-05
-0.000251068
0.000295519
-1.71196e-05
-0.000248046
0.000419875
-4.00822e-06
-0.000227352
0.000563335
2.63563e-05
-0.000193591
0.000749602
7.03216e-05
-0.000155947
0.00100069
0.000122419
-0.000117484
0.00132765
0.000175206
-7.3604e-05
0.00133597
0.000224351
0.000548171
0.000615714
0.000310212
-8.0508e-07
0.000441261
0.00015211
9.00566e-06
0.000249135
5.09078e-05
2.34411e-05
0.00010886
-2.05334e-05
3.46646e-05
1.00653e-05
-6.93648e-05
3.87835e-05
-5.65234e-05
-9.23745e-05
3.45009e-05
-0.000100284
-8.35226e-05
2.2928e-05
-0.00013053
-3.85139e-05
6.01741e-06
-0.00015504
4.21522e-05
-1.37823e-05
-0.000178406
0.000150293
-3.35943e-05
-0.00019893
0.000273437
-4.78638e-05
-0.00020909
0.000402816
-4.94068e-05
-0.00020158
0.00054324
-3.25851e-05
-0.000176375
0.000713249
1.81526e-06
-0.000142054
0.000941837
4.55267e-05
-0.000102328
0.00124855
8.67011e-05
-5.76291e-05
0.00126556
0.000118266
0.000137119
3.03969e-05
0.000187856
0.000374898
5.86595e-05
0.000256533
0.000647713
7.05119e-05
0.000345886
0.000979983
5.70301e-05
0.00040976
0.00128513
0.000148949
0.000129354
0.000212149
0.000693715
0.000132547
0.000293175
0.00104511
9.47954e-05
0.000339435
0.00137768
0.00015969
0.000175891
0.000215219
0.00118832
0.000112404
0.000230462
0.00139077
0.000553392
0.000689333
0.000313927
-1.16666e-06
0.000525818
0.000156517
6.90512e-06
0.000331961
5.96759e-05
1.83424e-05
0.000187995
-3.49541e-06
2.64606e-05
8.40909e-05
-4.06316e-05
2.69765e-05
1.15964e-05
-4.96377e-05
1.89556e-05
-3.86843e-05
-2.58954e-05
3.12511e-06
-7.5892e-05
3.36853e-05
-1.85845e-05
-0.000107652
0.000127318
-4.39104e-05
-0.000137185
0.000246206
-6.82235e-05
-0.000160474
0.000379856
-8.40491e-05
-0.000169417
0.000524879
-8.25768e-05
-0.000159569
0.000690315
-5.91353e-05
-0.000136854
0.000905942
-2.08849e-05
-0.000106947
0.00119246
1.75402e-05
-6.85638e-05
0.00120913
5.25022e-05
0.000557839
0.0007646
0.000319671
-7.91072e-07
0.000612355
0.000164517
5.14787e-06
0.000417491
7.30402e-05
1.33837e-05
0.000270205
1.88894e-05
1.7494e-05
0.000160997
-6.05295e-06
1.39715e-05
8.15804e-05
-8.77849e-07
1.35281e-06
2.33223e-05
3.77108e-05
-1.94522e-05
-2.26984e-05
0.000111852
-4.70002e-05
-6.33193e-05
0.000218162
-7.77655e-05
-9.97246e-05
0.000348922
-0.00010533
-0.000126417
0.000498064
-0.000119528
-0.00013744
0.000665979
-0.00011001
-0.000135991
0.000880069
-7.85973e-05
-0.000134444
0.00116249
-3.91022e-05
-0.000131744
0.00119844
1.30693e-06
0.00056132
0.000841042
0.000326999
3.59196e-07
0.000699688
0.000175713
4.67321e-06
0.000504134
9.05363e-05
9.13326e-06
0.000353564
4.60052e-05
8.99105e-06
0.000238665
3.35455e-05
4.53938e-07
0.000151628
5.28816e-05
-1.73923e-05
8.40778e-05
0.000106135
-4.42378e-05
2.76612e-05
0.000194116
-7.78074e-05
-2.27317e-05
0.000312989
-0.000112994
-6.65161e-05
0.000458043
-0.000140389
-9.93916e-05
0.000625561
-0.0001464
-0.000123098
0.000834881
-0.000124683
-0.000162877
0.00111737
-8.49676e-05
-0.000247384
0.00127986
-4.31126e-05
0.000561348
0.000917465
0.000335176
2.55874e-06
0.000787717
0.000188949
5.70056e-06
0.000590431
0.000111095
6.86068e-06
0.000436
7.66007e-05
1.686e-06
0.000315003
7.66218e-05
-1.234e-05
0.0002196
0.000109657
-3.65001e-05
0.000141877
0.000176716
-6.98652e-05
7.41089e-05
0.000277364
-0.000108625
1.31063e-05
0.000408464
-0.000144935
-4.01902e-05
0.000565852
-0.000165516
-8.66631e-05
0.000751637
-0.000157303
-0.000147739
0.000991957
-0.000118478
-0.000290188
0.00149167
-9.22901e-05
-0.000771842
-1.68593e-05
0.000557012
0.000994204
0.00034168
6.90422e-06
0.000875191
0.000202526
9.68246e-06
0.000674989
0.000132819
7.36722e-06
0.000516023
0.000108601
-2.78227e-06
0.000388241
0.000120634
-2.34259e-05
0.000284332
0.000166177
-5.44246e-05
0.000196281
0.000245289
-9.44426e-05
0.000118216
0.000356225
-0.000135652
4.83587e-05
0.000493868
-0.000166852
-1.22791e-05
0.000649253
-0.00017167
-6.75898e-05
0.000808328
-0.000144929
-0.000133599
0.000967608
-0.000100969
-0.000196011
0.000756713
-5.0782e-05
0.000114197
0.000101797
0.000108985
0.00120788
0.000545061
0.00107418
0.000343795
1.34334e-05
0.000963057
0.00021357
1.70516e-05
0.000757492
0.00015302
1.20671e-05
0.000592313
0.000139245
-3.92478e-06
0.000457296
0.000162169
-3.15647e-05
0.000344886
0.000218652
-7.05552e-05
0.000247907
0.000307695
-0.000115227
0.000161438
0.000424968
-0.000155796
8.91809e-05
0.000563009
-0.000174643
3.42992e-05
0.000704636
-0.000162591
1.96925e-06
0.000870227
-0.000117968
-1.70779e-05
0.000929485
-9.09899e-05
0.000522826
0.00115866
0.000337742
2.4938e-05
0.00105218
0.000218699
3.15118e-05
0.000837984
0.000168397
2.30982e-05
0.000665119
0.000164484
6.24723e-07
0.000522438
0.000197435
-3.60837e-05
0.000401895
0.000263115
-8.25707e-05
0.000298629
0.000361512
-0.000131422
0.000209959
0.000488387
-0.000163504
0.000139014
0.000636406
-0.000170705
8.77886e-05
0.000819815
-0.000130592
4.41586e-05
0.00091341
-0.000119789
0.000481472
0.00125252
0.000318878
4.23499e-05
0.00114332
0.000214393
5.30722e-05
0.000915246
0.000174723
4.05152e-05
0.000731952
0.000181311
9.35389e-06
0.000579159
0.000222756
-3.69085e-05
0.00045097
0.000297967
-9.18414e-05
0.000345253
0.000409052
-0.000135632
0.000253128
0.000553557
-0.000169269
0.000175378
0.000740421
-0.000125
9.20618e-05
0.000826435
-0.000171577
0.000414526
0.00132191
0.000281045
7.81664e-05
0.00123076
0.000195408
9.2633e-05
0.000984446
0.000168525
7.00923e-05
0.000785572
0.000184695
2.63765e-05
0.000627809
0.000235146
-3.34152e-05
0.000501228
0.000319845
-8.24231e-05
0.000396843
0.000446781
-0.000143636
0.000284302
0.000619512
-9.92221e-05
0.000148868
0.000677742
-0.00020843
0.00029808
0.0012676
0.000218424
0.000110284
0.00129496
0.000161201
0.000125388
0.00100893
0.000147721
9.40587e-05
0.000800308
0.000173674
3.81356e-05
0.000642211
0.000228593
-8.99429e-06
0.000504523
0.000313107
-9.03722e-05
0.000368085
0.000445043
-6.34442e-05
0.000187759
0.00045426
-0.000264697
0.000138118
0.00101922
0.000128236
8.21791e-05
0.000911039
0.00010024
0.000125433
0.000779042
9.42464e-05
9.60112e-05
0.000625332
0.000118594
5.37109e-05
0.000488887
0.000166158
-3.82654e-05
0.000320741
0.000218452
-4.64412e-05
0.000127874
0.000189294
-0.000335583
3.20202e-06
-7.20202e-05
-1.16137e-06
-0.000181218
-6.43716e-06
-0.000270491
-7.05158e-06
-0.000350643
1.03046e-06
-0.000428649
1.91706e-05
-0.00050661
4.46036e-05
-0.00057846
7.10785e-05
-0.000631106
9.16941e-05
-0.000659166
0.000102357
-0.000666851
0.000104217
-0.000661771
9.87011e-05
-0.000648137
8.95758e-05
-0.000629006
8.06612e-05
-0.000604567
7.40788e-05
-0.000571557
7.29122e-05
-0.000528764
7.7815e-05
-0.000477142
0.00048821
0.000114739
0.000294152
3.462e-06
-5.3997e-05
0.000176534
2.9428e-06
-0.000175981
0.000103905
3.90419e-06
-0.000274001
3.96466e-05
1.05311e-05
-0.000358645
-3.8806e-05
2.50552e-05
-0.000435999
-0.000144789
4.64889e-05
-0.00050733
-0.000274491
6.98787e-05
-0.000566325
-0.000396669
8.80988e-05
-0.000603766
-0.000472358
9.78503e-05
-0.000617606
-0.000487502
9.98858e-05
-0.000616023
-0.000454718
9.63916e-05
-0.000607537
-0.000389841
8.99671e-05
-0.00059595
-0.000311884
8.33591e-05
-0.000580472
-0.000232208
7.86284e-05
-0.000559493
-0.000162537
7.91555e-05
-0.000528388
-0.000106388
8.69138e-05
-0.00048654
-6.36897e-05
0.000101515
-0.000435079
0.0001809
7.50044e-06
-0.00016298
9.73894e-05
1.42696e-05
-0.000267461
1.93837e-05
2.6521e-05
-0.000353244
-7.19456e-05
4.4437e-05
-0.000426216
-0.00018388
6.52992e-05
-0.000487212
-0.000304842
8.34522e-05
-0.000532056
-0.000402056
9.3788e-05
-0.00055608
-0.000445001
9.58858e-05
-0.000562308
-0.000431346
9.26249e-05
-0.000559152
-0.000374681
8.70119e-05
-0.000553103
-0.000292833
8.14116e-05
-0.000545667
-0.000203197
7.78119e-05
-0.00053459
-0.000115898
7.84494e-05
-0.000516263
-3.91354e-05
8.68768e-05
-0.000486394
2.78498e-05
0.000104117
-0.000445128
8.60271e-05
0.000128852
-0.000394176
0.000310936
4.15467e-06
3.25508e-06
0.00017984
1.16022e-05
-0.000140385
8.62321e-05
2.31726e-05
-0.000249495
-1.99065e-06
3.89602e-05
-0.000334431
-9.94456e-05
5.75579e-05
-0.00040134
-0.000207861
7.54847e-05
-0.00045214
-0.000311649
8.78266e-05
-0.000485459
-0.000381521
9.17433e-05
-0.000501193
-0.000397357
8.89112e-05
-0.00050467
-0.00036094
8.30532e-05
-0.000503232
-0.000286842
7.69234e-05
-0.000501193
-0.000192228
7.28816e-05
-0.000498553
-9.3779e-05
7.24428e-05
-0.000490995
-2.45784e-07
7.89674e-05
-0.000473816
8.61952e-05
9.54035e-05
-0.00044406
0.000169916
0.000122259
-0.000403404
0.00025269
0.000157968
-0.000354352
0.000513539
0.000240797
0.000313695
4.21415e-06
4.50002e-05
0.000174935
1.47822e-05
-0.00010766
7.32311e-05
2.97051e-05
-0.000220266
-2.09671e-05
4.71176e-05
-0.000303739
-0.000118589
6.45141e-05
-0.000364976
-0.000217311
7.84461e-05
-0.000407477
-0.000300768
8.54694e-05
-0.000433007
-0.000345334
8.47599e-05
-0.000444556
-0.000338103
7.8882e-05
-0.000448228
-0.000283473
7.16265e-05
-0.000450036
-0.000195583
6.56536e-05
-0.000452355
-9.1047e-05
6.28137e-05
-0.000453897
1.38682e-05
6.58028e-05
-0.000447978
0.000113879
7.81023e-05
-0.000430142
0.000213041
0.000102375
-0.000399547
0.000319641
0.000139148
-0.000359839
0.000435929
0.000185965
-0.000314662
0.000520554
0.000294704
0.000313727
4.02878e-06
9.5695e-05
0.000168071
1.6624e-05
-6.50298e-05
6.08283e-05
3.36323e-05
-0.000180972
-3.54082e-05
5.11834e-05
-0.00026346
-0.00012874
6.63099e-05
-0.000320435
-0.000214576
7.61584e-05
-0.000357431
-0.00027752
7.8714e-05
-0.000378495
-0.00029947
7.44474e-05
-0.000388765
-0.000272454
6.65917e-05
-0.000394427
-0.000202282
5.83075e-05
-0.000399964
-0.000102742
5.22033e-05
-0.000406677
9.22397e-06
5.01207e-05
-0.000410413
0.000119381
5.61286e-05
-0.000403841
0.000226791
7.37847e-05
-0.000383303
0.000341969
0.000105554
-0.000350666
0.000477255
0.000151522
-0.000312224
0.000635717
0.000209681
-0.000272232
0.000526754
0.000353521
0.000312164
3.5555e-06
0.000154687
0.000160922
1.73071e-05
-1.33186e-05
5.07943e-05
3.51146e-05
-0.000132874
-4.41763e-05
5.1893e-05
-0.000215554
-0.000130295
6.43131e-05
-0.000270313
-0.000201849
7.02752e-05
-0.000304327
-0.000245155
6.90038e-05
-0.000323739
-0.000246868
6.19173e-05
-0.000334736
-0.000202363
5.19852e-05
-0.000343402
-0.000118374
4.23833e-05
-0.000353054
-8.67004e-06
3.51992e-05
-0.000363266
0.000109092
3.33881e-05
-0.00036696
0.000224156
4.17405e-05
-0.00035701
0.000340625
6.41537e-05
-0.000331552
0.000474894
0.000102499
-0.000295751
0.000644224
0.000156426
-0.000258072
0.000851903
0.000222021
-0.000222567
8.78388e-05
-0.000418229
0.000120659
-3.23943e-05
-0.000375531
0.000158005
0.000136752
-0.000334962
0.000197855
0.000333224
-0.00029798
0.000238699
0.000556695
-0.000264413
0.000274014
0.000806471
-0.000230603
0.000300686
0.00108357
-0.000187265
0.000531898
0.000416294
0.000310093
2.99522e-06
0.000221
0.000154897
1.68103e-05
4.65408e-05
4.42901e-05
3.45407e-05
-7.70611e-05
-4.68812e-05
4.9835e-05
-0.000161387
-0.000123805
5.94294e-05
-0.000216033
-0.000180486
6.17609e-05
-0.000249468
-0.000205449
5.70141e-05
-0.000269349
-0.000188657
4.70609e-05
-0.000282729
-0.00012823
3.47382e-05
-0.000295256
-3.12381e-05
2.28223e-05
-0.000309258
8.72924e-05
1.32501e-05
-0.000321154
0.000210469
1.10148e-05
-0.000322391
0.000331236
2.13114e-05
-0.000306329
0.000459035
4.81885e-05
-0.000274233
0.00061646
9.21019e-05
-0.000234316
0.000823963
0.000149322
-0.000195908
0.00108677
0.000218766
-0.000158634
0.00139472
0.000299719
-0.000119979
0.000100966
-0.000353154
0.000141573
-6.14755e-06
-0.00030928
0.000187226
0.000183898
-0.000268898
0.000238014
0.000410179
-0.000235358
0.000290259
0.000671135
-0.000210048
0.00034691
0.000965787
-0.000190148
0.000392131
0.00130845
-0.00016556
0.00040057
0.00146511
0.000536698
0.000482518
0.000308652
2.18942e-06
0.000293552
0.000151081
1.54629e-05
0.000113658
4.20226e-05
3.21214e-05
-1.43885e-05
-4.33232e-05
4.55815e-05
-0.000101796
-0.000109712
5.21587e-05
-0.000158302
-0.000151403
5.10174e-05
-0.000193393
-0.00015884
4.28016e-05
-0.000215722
-0.000124873
2.95545e-05
-0.000232987
-4.9121e-05
1.3841e-05
-0.000250088
6.03346e-05
-2.1538e-06
-0.000268059
0.000187132
-1.46505e-05
-0.000279936
0.000316408
-1.7689e-05
-0.000276176
0.000445216
-4.865e-06
-0.000252204
0.000589028
2.66729e-05
-0.000212985
0.00077466
7.33395e-05
-0.000169194
0.00102459
0.000129805
-0.000125963
0.00135108
0.000189595
-7.87922e-05
0.00135788
0.000243755
0.000115483
-0.000282918
0.000161458
2.80531e-05
-0.000238353
0.000214606
0.000238088
-0.000200191
0.000272816
0.000485387
-0.000173368
0.000341952
0.000762978
-0.000165333
0.000413107
0.00107177
-0.00018016
0.000582961
0.00165447
-0.00032948
0.000615008
0.000129915
-0.000207681
0.000179878
8.68104e-05
-0.000164309
0.000236328
0.000312938
-0.000131274
0.000300351
0.000562471
-0.000115406
0.000365743
0.000808961
-0.000116862
0.000420296
0.00103324
-0.00011343
0.000326864
0.000971075
0.000144427
-0.000126887
0.00019557
0.000187178
-8.62111e-05
0.000254851
0.000426759
-5.77483e-05
0.000319574
0.000681167
-4.04639e-05
0.000396265
0.000953682
-2.88358e-05
0.000430158
0.00114938
0.000159699
-3.84386e-05
0.000215134
0.000348287
-3.72027e-06
0.000283475
0.000617699
1.85802e-05
0.000372204
0.000928025
2.4151e-05
0.000441861
0.00120458
0.000541359
0.000551274
0.000308668
1.47393e-06
0.000371156
0.000150332
1.32544e-05
0.000186964
4.44398e-05
2.82974e-05
5.43509e-05
-3.34534e-05
3.92283e-05
-3.72892e-05
-8.82255e-05
4.27434e-05
-9.75811e-05
-0.000114755
3.79198e-05
-0.000136308
-0.000105266
2.58703e-05
-0.000163024
-5.45817e-05
8.43645e-06
-0.000185535
3.64855e-05
-1.20719e-05
-0.000208402
0.000157875
-3.30728e-05
-0.000229473
0.00029357
-4.88812e-05
-0.000239439
0.000431206
-5.15924e-05
-0.000228852
0.000573471
-3.45939e-05
-0.000196633
0.000740627
1.95445e-06
-0.000152602
0.000962612
4.94767e-05
-0.00010378
0.00126531
9.53001e-05
-5.43313e-05
0.00128459
0.000131719
0.000545924
0.000622378
0.000310814
7.28624e-07
0.000452651
0.000153135
1.07564e-05
0.000265202
5.1917e-05
2.30915e-05
0.000128192
-1.72208e-05
3.11167e-05
3.14578e-05
-5.94529e-05
3.09654e-05
-3.41662e-05
-7.0499e-05
2.21428e-05
-7.86377e-05
-4.41831e-05
5.50715e-06
-0.000111732
2.32939e-05
-1.71156e-05
-0.000141315
0.000129576
-4.37514e-05
-0.000170507
0.000263291
-6.9969e-05
-0.00019391
0.000409796
-8.7787e-05
-0.000200649
0.000561477
-8.76112e-05
-0.000183151
0.000725516
-6.30379e-05
-0.000146723
0.000930168
-2.12935e-05
-9.94602e-05
0.00120339
2.10957e-05
-4.76548e-05
0.00121415
5.5609e-05
0.000179737
4.37703e-05
0.000247478
0.000610697
6.03456e-05
0.000335668
0.000956493
5.151e-05
0.000396224
0.00128537
0.000205099
0.000120303
0.000283527
0.00102037
8.89818e-05
0.000327567
0.00137537
0.000207951
0.000104536
0.000221718
0.00139044
0.000550715
0.00069529
0.000315506
2.67548e-07
0.000536621
0.000159989
7.91971e-06
0.000346913
6.46104e-05
1.72125e-05
0.000205673
5.35113e-06
2.13211e-05
0.000103285
-2.34655e-05
1.71006e-05
3.08642e-05
-1.86349e-05
3.45809e-06
-2.126e-05
2.47098e-05
-1.8547e-05
-6.29283e-05
0.000109343
-4.76011e-05
-0.000101452
0.00023077
-8.05749e-05
-0.000137441
0.000378141
-0.000110966
-0.000162776
0.000540776
-0.000128178
-0.000166528
0.000714065
-0.000119197
-0.000147593
0.000919384
-8.47925e-05
-0.000112261
0.00118011
-4.05686e-05
-6.64594e-05
0.0011782
4.18693e-06
0.000555501
0.000769627
0.000322711
1.44192e-07
0.000621647
0.000170791
5.64088e-06
0.000430155
8.24924e-05
1.08868e-05
0.000284856
3.40418e-05
1.07322e-05
0.0001762
1.93414e-05
1.38898e-06
9.57486e-05
4.04582e-05
-1.77037e-05
3.39974e-05
0.000101115
-4.61613e-05
-1.85173e-05
0.000202615
-8.20725e-05
-6.75107e-05
0.000339684
-0.000120631
-0.000111119
0.000504994
-0.000152607
-0.000140288
0.000689256
-0.000161958
-0.000149186
0.000906667
-0.000140025
-0.00014635
0.0011752
-9.55156e-05
-0.000135855
0.00119084
-4.1423e-05
0.000558953
0.000843797
0.000331909
9.41782e-07
0.000706687
0.000185193
3.90001e-06
0.000513124
0.000104951
5.40652e-06
0.000363292
6.81324e-05
-1.71868e-07
0.000247759
6.79656e-05
-1.51189e-05
0.000158011
0.000105403
-4.08476e-05
8.49425e-05
0.000183105
-7.64725e-05
1.99378e-05
0.000300706
-0.000118555
-4.0513e-05
0.000455139
-0.000159965
-9.36149e-05
0.00064014
-0.000186298
-0.000133781
0.00086224
-0.000180076
-0.000178308
0.00114262
-0.000141007
-0.000257503
0.00129013
-8.89621e-05
0.000560073
0.000916963
0.000342019
2.75654e-06
0.000790322
0.000201924
4.15469e-06
0.00059374
0.00013081
1.00532e-06
0.00043869
0.000106019
-9.97378e-06
0.000315219
0.000120361
-3.18079e-05
0.000215181
0.000173504
-6.46668e-05
0.000129351
0.000266938
-0.000107253
5.10881e-05
0.000399896
-0.000152935
-2.25638e-05
0.000569506
-0.000191087
-9.02575e-05
0.000771719
-0.000201337
-0.000165095
0.00101881
-0.00016991
-0.000306791
0.0015149
-0.000145983
-0.00078379
-3.1988e-05
0.000556529
0.00098964
0.000350718
6.26168e-06
0.000871689
0.000218951
6.38711e-06
0.000670589
0.000157827
-4.66902e-07
0.000508901
0.000145257
-1.80041e-05
0.000376807
0.000173303
-4.71394e-05
0.000265913
0.000240707
-8.82279e-05
0.000168011
0.000347463
-0.000135802
7.85988e-05
0.000490308
-0.000180018
-3.81531e-06
0.000658147
-0.000202137
-7.69513e-05
0.000829369
-0.000186065
-0.000151187
0.000984141
-0.000140874
-0.000207608
0.000763509
-8.08168e-05
0.000104161
0.000546606
0.00106384
0.000354797
1.17193e-05
0.000951334
0.000233358
1.2356e-05
0.000742545
0.000183154
1.05906e-06
0.000572574
0.000182436
-2.31341e-05
0.000430914
0.000223144
-6.10887e-05
0.00030971
0.000303184
-0.000109334
0.000201945
0.000419931
-0.000159548
0.000106772
0.000565558
-0.00019442
3.17872e-05
0.000718101
-0.000199597
-1.03899e-05
0.000886134
-0.000155138
-2.71797e-05
0.000939077
-0.000133734
0.00052446
0.0011406
0.000350693
2.25058e-05
0.00102937
0.000241552
2.43584e-05
0.000809565
0.000202636
8.35566e-06
0.000629475
0.00021365
-2.43713e-05
0.000478387
0.000265238
-7.16912e-05
0.000348533
0.000358185
-0.000127551
0.00023454
0.000487517
-0.000174038
0.000142028
0.000643427
-0.000197664
7.61039e-05
0.000830146
-0.000162776
3.02485e-05
0.00092014
-0.000169335
0.000485588
0.0012238
0.000332928
3.89281e-05
0.00110558
0.000239148
4.28668e-05
0.000869155
0.000212673
2.0893e-05
0.000676265
0.000234474
-2.1545e-05
0.000514017
0.000297912
-8.09055e-05
0.000377268
0.000406555
-0.000136507
0.000259418
0.000553382
-0.000185805
0.000163063
0.000743593
-0.000152342
7.86399e-05
0.000826412
-0.000228185
0.000417453
0.00128071
0.000295346
7.20638e-05
0.00117441
0.000220864
7.81432e-05
0.000916732
0.00020678
4.44575e-05
0.000708432
0.000242085
-1.46453e-05
0.000540629
0.000316346
-7.47696e-05
0.000405821
0.000441808
-0.000149679
0.000274185
0.00061451
-0.000123154
0.000138767
0.000672933
-0.000278236
0.000301986
0.00121401
0.000231911
0.000105208
0.00121147
0.000184574
0.000105157
0.000913501
0.000185316
6.05407e-05
0.000686834
0.000229179
3.83124e-06
0.000518801
0.000303968
-8.38762e-05
0.000360217
0.000436519
-8.56853e-05
0.000172258
0.000444584
-0.000332228
0.000136969
0.000964435
0.000136011
7.48016e-05
0.00082566
0.000115561
9.5099e-05
0.000664393
0.000118584
6.75038e-05
0.000492955
0.000162308
-2.64257e-05
0.000314739
0.00021109
-5.96267e-05
0.000122837
0.000185697
-0.000393405
8.76742e-05
2.58554e-06
-7.03558e-05
-9.75665e-07
-0.000181063
-4.08005e-06
-0.000271513
-1.3163e-06
-0.000352744
1.07771e-05
-0.000431434
3.2427e-05
-0.000508531
5.93876e-05
-0.000576264
8.38003e-05
-0.000621868
9.94082e-05
-0.000641776
0.000105565
-0.000642588
0.000103604
-0.000634425
9.62186e-05
-0.00062194
8.7351e-05
-0.000605116
7.96751e-05
-0.000582628
7.66975e-05
-0.000550099
8.09427e-05
-0.000506448
9.2275e-05
-0.000453067
0.000496716
0.000118528
0.000302065
3.27743e-06
-5.17836e-05
0.000179165
4.05274e-06
-0.000174394
9.89136e-05
7.35592e-06
-0.000272349
2.51929e-05
1.69372e-05
-0.000356335
-6.36365e-05
3.42342e-05
-0.000432053
-0.000178812
5.7091e-05
-0.00049961
-0.00031023
7.93915e-05
-0.00055223
-0.000420582
9.44456e-05
-0.000581835
-0.000472759
0.000100217
-0.000590179
-0.000462925
9.89895e-05
-0.000587042
-0.000405938
9.35679e-05
-0.000579881
-0.000320849
8.65545e-05
-0.00057113
-0.000226783
8.05656e-05
-0.000558823
-0.000135127
7.81751e-05
-0.000539284
-5.61102e-05
8.34266e-05
-0.000507926
9.79791e-06
9.7738e-05
-0.000464711
6.31405e-05
0.000119859
-0.000411392
0.000310831
4.04734e-06
-2.59175e-05
0.000180873
9.22987e-06
-0.000158973
8.93169e-05
1.80991e-05
-0.000262123
2.72224e-06
3.24219e-05
-0.000345941
-9.63689e-05
5.16095e-05
-0.000415602
-0.000211982
7.21713e-05
-0.00047181
-0.000327776
8.82187e-05
-0.000510359
-0.000408241
9.53469e-05
-0.00052882
-0.000428809
9.45006e-05
-0.00053273
-0.000391978
8.92814e-05
-0.000530383
-0.000314025
8.26051e-05
-0.000527113
-0.000213473
7.68511e-05
-0.000523461
-0.000108991
7.39301e-05
-0.000514859
-1.04929e-05
7.76668e-05
-0.000496806
7.79556e-05
9.16359e-05
-0.000465674
0.000159994
0.000116428
-0.000422781
0.000236736
0.000150263
-0.000370481
0.000512792
0.00019748
0.000315175
4.77615e-06
8.60126e-06
0.000177528
1.37072e-05
-0.000133512
7.62356e-05
2.675e-05
-0.000240288
-1.9053e-05
4.3522e-05
-0.000322309
-0.000121169
6.21098e-05
-0.000385385
-0.00022878
7.85878e-05
-0.000431432
-0.000323074
8.84013e-05
-0.00045981
-0.000375057
8.97342e-05
-0.000472293
-0.000368997
8.47058e-05
-0.000475427
-0.000311082
7.74652e-05
-0.000476165
-0.000216751
7.03852e-05
-0.000477529
-0.000104369
6.57109e-05
-0.000478499
7.49409e-06
6.6393e-05
-0.000472047
0.000112416
7.64414e-05
-0.000453391
0.000213431
9.9012e-05
-0.000421202
0.00031846
0.000134656
-0.000378912
0.000428539
0.000180549
-0.000329657
0.000519255
0.000246311
0.000316105
5.18623e-06
5.22185e-05
0.00017102
1.69522e-05
-9.78557e-05
6.25405e-05
3.26861e-05
-0.000207547
-3.6975e-05
5.00459e-05
-0.000287703
-0.000136494
6.63465e-05
-0.000345122
-0.000231132
7.82512e-05
-0.000383702
-0.000302756
8.27752e-05
-0.000405787
-0.000328934
7.97266e-05
-0.000415936
-0.000300555
7.2147e-05
-0.000420647
-0.000224738
6.33686e-05
-0.000425294
-0.000116897
5.60389e-05
-0.000431425
4.13007e-06
5.20439e-05
-0.000435045
0.000121601
5.60723e-05
-0.000428168
0.000233555
7.21673e-05
-0.000406699
0.000350518
0.000103203
-0.00037215
0.000484982
0.000149216
-0.000330817
0.000637997
0.000207781
-0.000286024
0.000524673
0.000300814
0.000314622
5.15189e-06
0.000104709
0.000163377
1.88407e-05
-5.26921e-05
5.04818e-05
3.58286e-05
-0.000165304
-4.93472e-05
5.24968e-05
-0.000244475
-0.000142276
6.58273e-05
-0.000298123
-0.000221774
7.32331e-05
-0.000332025
-0.000271421
7.32589e-05
-0.00035104
-0.000274614
6.68071e-05
-0.000361234
-0.000226488
5.68785e-05
-0.000368873
-0.000134815
4.66495e-05
-0.000377969
-1.52794e-05
3.81276e-05
-0.000388075
0.000112176
3.45832e-05
-0.000391952
0.000234231
4.14135e-05
-0.000381545
0.000354504
6.30436e-05
-0.000354672
0.000490458
0.000101711
-0.000316419
0.000659941
0.000157082
-0.000275341
0.000863824
0.000225169
-0.000235309
0.000529001
0.000359973
0.000312006
4.98127e-06
0.000165099
0.000156275
1.93439e-05
1.07477e-06
4.16896e-05
3.66042e-05
-0.000114985
-5.5317e-05
5.17158e-05
-0.000194521
-0.0001392
6.18147e-05
-0.000246456
-0.000202525
6.49976e-05
-0.00027828
-0.000231509
6.1066e-05
-0.000296827
-0.00021385
5.13769e-05
-0.000308934
-0.00014763
3.89191e-05
-0.000320537
-4.11704e-05
2.62854e-05
-0.000334208
8.84718e-05
1.53755e-05
-0.000346432
0.000221479
1.16374e-05
-0.000347867
0.000348266
2.08719e-05
-0.000330758
0.000478473
4.77094e-05
-0.0002962
0.000637077
9.30278e-05
-0.000252969
0.00084541
0.000153382
-0.000210879
0.00110661
0.000227465
-0.000169183
0.000108586
-0.000391486
0.000146714
0.000105341
-0.00034926
0.000188339
0.000306912
-0.000309763
0.000232315
0.000537924
-0.000273511
0.000272685
0.000797524
-0.000237892
0.000306697
0.0010852
-0.000192023
0.000316572
0.00140824
-0.00012522
0.00053276
0.000423227
0.000309609
4.38916e-06
0.000232464
0.00015101
1.87498e-05
6.24027e-05
3.71871e-05
3.52793e-05
-5.76695e-05
-5.45749e-05
4.84434e-05
-0.000139149
-0.000127623
5.51402e-05
-0.000191501
-0.000174595
5.43678e-05
-0.00022363
-0.000183873
4.64939e-05
-0.000243748
-0.000146839
3.33385e-05
-0.000259363
-6.32674e-05
1.73379e-05
-0.000275625
5.74527e-05
5.49438e-07
-0.000293675
0.000196254
-1.33013e-05
-0.00030596
0.000334872
-1.7815e-05
-0.000301729
0.00046795
-5.67888e-06
-0.000275195
0.000611956
2.67053e-05
-0.000231764
0.000796906
7.58536e-05
-0.000183094
0.00104729
0.000136688
-0.00013653
0.00137422
0.000203625
-8.56728e-05
0.00137586
0.000262605
0.000127419
-0.000323545
0.000174159
0.000142477
-0.000280561
0.000227089
0.000371777
-0.000242978
0.000282834
0.000638863
-0.000213104
0.000346169
0.000942416
-0.000190894
0.000401828
0.00129597
-0.000166392
0.000416877
0.00146564
0.000536563
0.000489503
0.000308276
3.71998e-06
0.000305686
0.000148656
1.706e-05
0.000130395
3.75886e-05
3.23049e-05
5.73973e-06
-4.69182e-05
4.29191e-05
-7.90915e-05
-0.000107803
4.62088e-05
-0.000133916
-0.000138196
4.13595e-05
-0.000168509
-0.00012852
2.93073e-05
-0.00019222
-7.26376e-05
1.17358e-05
-0.000212826
2.84304e-05
-9.2521e-06
-0.000234934
0.000162788
-3.14011e-05
-0.000256222
0.000310981
-4.88576e-05
-0.000266178
0.00045675
-5.30792e-05
-0.000253506
0.000600401
-3.62962e-05
-0.000216165
0.000764147
1.92173e-06
-0.000165086
0.000981109
5.28646e-05
-0.00011075
0.00128301
0.000103885
-5.79597e-05
0.00130497
0.000144586
0.000146421
-0.000251276
0.000200872
0.000188503
-0.000209763
0.000261226
0.000438573
-0.000178274
0.000334238
0.000721883
-0.00016616
0.000411225
0.00103814
-0.000177188
0.000587248
0.00163498
-0.000327623
0.000612392
0.00016546
-0.000176671
0.00022308
0.00026065
-0.000139531
0.0002892
0.000515601
-0.000118753
0.000357294
0.000772244
-0.000116408
0.000415779
0.0010093
-0.000112436
0.000323393
0.000964409
0.000182933
-9.83572e-05
0.000243133
0.000378211
-6.5663e-05
0.000309085
0.000641849
-4.40401e-05
0.000386937
0.00092744
-2.8954e-05
0.000422223
0.00114018
0.000204641
-1.5481e-05
0.000272739
0.00057712
1.15983e-05
0.000361181
0.000899549
2.15426e-05
0.000428794
0.00119616
0.000540384
0.000558288
0.000308992
2.76099e-06
0.000383472
0.000149831
1.47355e-05
0.00020383
4.33996e-05
2.76238e-05
7.44731e-05
-3.21737e-05
3.53891e-05
-1.49815e-05
-7.97714e-05
3.48029e-05
-7.41453e-05
-9.31627e-05
2.56314e-05
-0.000113406
-6.46376e-05
8.65803e-06
-0.000142791
1.03749e-05
-1.44639e-05
-0.000170224
0.000128988
-4.21042e-05
-0.000198782
0.000277228
-7.00734e-05
-0.000222218
0.00043626
-9.01773e-05
-0.000227319
0.000593656
-9.16034e-05
-0.000204021
0.000754823
-6.63883e-05
-0.000157597
0.00094855
-2.14509e-05
-0.000100056
0.00121296
2.49281e-05
-4.29734e-05
0.00122932
6.2226e-05
0.000544642
0.000629179
0.000312287
1.94866e-06
0.000464679
0.000155242
1.15214e-05
0.000281519
5.49523e-05
2.16605e-05
0.000147307
-1.01706e-05
2.56421e-05
5.23031e-05
-4.33213e-05
2.08609e-05
-1.30282e-05
-3.91461e-05
6.56465e-06
-5.91836e-05
8.67135e-06
-1.61851e-05
-9.66235e-05
0.000103518
-4.63229e-05
-0.000132919
0.000239735
-8.11457e-05
-0.000168295
0.000403243
-0.000114314
-0.000192485
0.000577735
-0.000134602
-0.000190617
0.000753269
-0.000126769
-0.000158624
0.000946333
-8.99768e-05
-0.000104989
0.00118868
-4.14766e-05
-4.54636e-05
0.00118036
5.7909e-06
0.000238201
5.00887e-05
0.000324714
0.000929863
4.57886e-05
0.000382142
0.00128231
0.00027378
8.24512e-05
0.000316452
0.00136962
0.000212938
0.000549654
0.000701405
0.000318609
1.0844e-06
0.000547558
0.000165185
8.22786e-06
0.000361504
7.24992e-05
1.44244e-05
0.000222563
1.91448e-05
1.41984e-05
0.000121084
1.57741e-06
4.15879e-06
4.79277e-05
2.40985e-05
-1.59189e-05
-7.52819e-06
9.19574e-05
-4.56757e-05
-5.56958e-05
0.000206696
-8.35802e-05
-0.000102527
0.000361525
-0.00012522
-0.000145028
0.00054478
-0.000161607
-0.000169133
0.000740428
-0.000174541
-0.000162357
0.000951849
-0.000152278
-0.000125289
0.00119579
-0.000102949
-7.04711e-05
0.00116979
-4.12239e-05
0.000554749
0.000773975
0.000327812
8.84425e-07
0.0006305
0.00017968
4.797e-06
0.000441758
9.59256e-05
6.87647e-06
0.000297738
5.55951e-05
1.15978e-06
0.000188967
5.45583e-05
-1.4706e-05
0.000106158
9.60376e-05
-4.1778e-05
3.89793e-05
0.000184225
-7.93881e-05
-2.23218e-05
0.00031874
-0.000124608
-8.15667e-05
0.000495461
-0.00017127
-0.000132779
0.000703598
-0.000204123
-0.000161581
0.000940409
-0.000202911
-0.000164469
0.00120735
-0.000160583
-0.000146014
0.00120182
-8.89638e-05
0.000559115
0.000845698
0.00033954
8.22851e-07
0.000712243
0.000198105
2.44446e-06
0.000519905
0.000124566
-7.32089e-07
0.000370096
9.81765e-05
-1.22667e-05
0.00025275
0.000114136
-3.53161e-05
0.000158705
0.000174549
-7.00599e-05
7.74856e-05
0.000282214
-0.00011557
1.67789e-06
0.00043758
-0.000166281
-7.18813e-05
0.000638528
-0.000212456
-0.000136479
0.000885039
-0.00023153
-0.000195647
0.00117825
-0.000206426
-0.000272323
0.00131476
-0.000146318
0.000561281
0.000914968
0.000352176
2.50862e-06
0.000790511
0.000219222
7.07253e-07
0.000593766
0.00015691
-7.11666e-06
0.00043675
0.000144878
-2.57726e-05
0.000309563
0.000177546
-5.64476e-05
0.000202719
0.000255922
-9.97657e-05
0.000106648
0.000381896
-0.000150732
1.44523e-05
0.000556799
-0.000202441
-7.76997e-05
0.00077848
-0.000235096
-0.000176831
0.00104764
-0.000226186
-0.000327085
0.00154732
-0.000215979
-0.000799969
-5.2269e-05
0.000559486
0.000983022
0.000363546
4.6331e-06
0.000864694
0.000240724
1.73084e-06
0.000661025
0.000190443
-1.17786e-05
0.000495387
0.000192666
-3.77381e-05
0.000357177
0.000241066
-7.76716e-05
0.000237435
0.00033559
-0.00012837
0.000128172
0.000475148
-0.000182161
2.55254e-05
0.000653557
-0.000221749
-7.2202e-05
0.000844428
-0.000223338
-0.000166004
0.0010037
-0.000187117
-0.000222508
0.000772256
-0.000121604
0.000550113
0.0010499
0.000370579
9.6935e-06
0.000934111
0.000259398
5.1627e-06
0.000720596
0.000221777
-1.37638e-05
0.000544062
0.000237993
-4.87724e-05
0.000394255
0.000300774
-9.79095e-05
0.00026275
0.000409813
-0.000154619
0.000145388
0.000558504
-0.000204016
4.53806e-05
0.000724283
-0.000230198
-1.84681e-05
0.000901847
-0.000198144
-3.90851e-05
0.000950224
-0.000190998
0.000531124
0.00111757
0.000368613
1.90754e-05
0.000998972
0.000271158
1.45216e-05
0.000771389
0.000246894
-1.16632e-05
0.000582546
0.000275995
-5.65895e-05
0.000421764
0.000354079
-0.000116694
0.00028151
0.000480245
-0.000175155
0.000161966
0.000642474
-0.000219273
7.45456e-05
0.000839362
-0.000200057
1.76163e-05
0.000925108
-0.000237782
0.000491482
0.0011887
0.00035263
3.37284e-05
0.00105743
0.000271572
2.92297e-05
0.000810111
0.000260472
-5.40517e-06
0.000606434
0.000303717
-6.38252e-05
0.000435304
0.000400135
-0.000129483
0.000286456
0.000547587
-0.00019541
0.000163244
0.000741536
-0.000184057
6.7751e-05
0.000820039
-0.000296651
0.000425425
0.00122933
0.000315102
6.57254e-05
0.00110364
0.000254092
5.82628e-05
0.000833409
0.000258209
7.86189e-06
0.000613031
0.000315882
-6.05986e-05
0.000439755
0.000430841
-0.000150614
0.000279882
0.000603475
-0.000152025
0.0001361
0.000653453
-0.000348337
0.000306494
0.0011497
0.00025042
9.30193e-05
0.0011092
0.000212435
8.37547e-05
0.000793414
0.000232797
2.09693e-05
0.000555483
0.000295085
-7.13678e-05
0.000373515
0.000422982
-0.000105491
0.00016813
0.000418487
-0.00039276
0.000142259
0.000896977
0.000144164
5.96454e-05
0.000716949
0.000136156
6.68381e-05
0.000528904
0.000155596
-8.38031e-06
0.000319314
0.000207003
-7.40473e-05
0.000122157
0.000171236
-0.000441804
9.10073e-05
2.22988e-06
-6.85463e-05
-1.66366e-07
-0.000180317
-7.93768e-07
-0.000271453
5.36647e-06
-0.000353083
2.11453e-05
-0.000431359
4.54473e-05
-0.000505947
7.23368e-05
-0.000567608
9.31163e-05
-0.000604921
0.000104184
-0.000616679
0.000106064
-0.000614212
0.000101083
-0.000606061
9.26519e-05
-0.000595911
8.41997e-05
-0.000582038
7.86034e-05
-0.000561091
8.03704e-05
-0.000528129
9.13274e-05
-0.000482879
0.000110376
-0.000427188
0.000504763
0.000122162
0.000308649
3.43119e-06
-4.89805e-05
0.000179791
5.67214e-06
-0.000171628
9.15956e-05
1.13677e-05
-0.000269058
8.66641e-06
2.3722e-05
-0.000351766
-8.95376e-05
4.31285e-05
-0.000424921
-0.000210957
6.64776e-05
-0.00048772
-0.000339257
8.69115e-05
-0.000533214
-0.000432427
9.8198e-05
-0.000555629
-0.000459801
0.000100189
-0.000560385
-0.000424378
9.62726e-05
-0.000557346
-0.000344029
8.92717e-05
-0.000552594
-0.000238432
8.18487e-05
-0.000547454
-0.000128285
7.6316e-05
-0.00053767
-2.49235e-05
7.70108e-05
-0.000518438
6.54516e-05
8.80093e-05
-0.000485694
0.000145431
0.000110265
-0.000440555
0.00021554
0.000141752
-0.000385234
0.000512543
0.000159177
0.000315357
4.55092e-06
-2.14202e-05
0.000178786
1.13417e-05
-0.000153473
7.93166e-05
2.21059e-05
-0.000254888
-1.52123e-05
3.80196e-05
-0.000336192
-0.000120307
5.79091e-05
-0.000402201
-0.000236639
7.74121e-05
-0.000453144
-0.000343313
9.08273e-05
-0.000485599
-0.000404359
9.48235e-05
-0.00049984
-0.000401259
9.13311e-05
-0.000502517
-0.000341026
8.42042e-05
-0.000502038
-0.000241264
7.62526e-05
-0.000502001
-0.000121481
6.96069e-05
-0.000502025
-2.75807e-06
6.77296e-05
-0.000494669
0.000107247
7.51461e-05
-0.000475148
0.000209892
9.55902e-05
-0.000441297
0.000312626
0.000129582
-0.000396266
0.000415416
0.000173988
-0.000343006
0.000518984
0.000202527
0.00031771
5.59208e-06
1.51123e-05
0.000173308
1.59322e-05
-0.000124981
6.4813e-05
3.02033e-05
-0.000229242
-3.65475e-05
4.74767e-05
-0.000308103
-0.000141446
6.53464e-05
-0.000367192
-0.000245574
8.00447e-05
-0.000408633
-0.000327432
8.72037e-05
-0.000432603
-0.000359427
8.57829e-05
-0.000442876
-0.000330688
7.88005e-05
-0.00044663
-0.000250095
6.96352e-05
-0.000450057
-0.000134501
6.10515e-05
-0.000455265
-4.50969e-06
5.49109e-05
-0.000458377
0.000120407
5.66227e-05
-0.000451034
0.000237043
7.07458e-05
-0.000428612
0.000355541
0.000100606
-0.000392174
0.000488224
0.00014611
-0.000347714
0.000634495
0.000204541
-0.000298381
0.000523997
0.000252173
0.000316835
6.19686e-06
6.07615e-05
0.000165584
1.9135e-05
-8.65117e-05
5.08919e-05
3.51973e-05
-0.000193108
-5.27448e-05
5.20819e-05
-0.00027004
-0.000152311
6.69022e-05
-0.000323737
-0.000240578
7.64736e-05
-0.000358596
-0.000297907
7.83722e-05
-0.000377946
-0.000303983
7.29442e-05
-0.000387363
-0.000252952
6.31043e-05
-0.000393918
-0.000154408
5.21388e-05
-0.0004018
-2.53184e-05
4.20922e-05
-0.000411434
0.000111947
3.65158e-05
-0.000415259
0.000241375
4.14386e-05
-0.000404582
0.000365502
6.18753e-05
-0.000376369
0.000502979
0.00010045
-0.000335906
0.000671773
0.000156738
-0.000291606
0.000870262
0.000226749
-0.000246526
0.000527758
0.000307209
0.000314174
6.47407e-06
0.000114909
0.000157588
2.07506e-05
-3.89262e-05
3.96855e-05
3.74733e-05
-0.000148276
-6.24919e-05
5.27685e-05
-0.000224241
-0.000153352
6.40124e-05
-0.000274749
-0.000224189
6.87498e-05
-0.000305852
-0.000258224
6.60301e-05
-0.000323547
-0.000240794
5.69582e-05
-0.000334369
-0.000169517
4.44091e-05
-0.000344746
-5.42129e-05
3.09342e-05
-0.000357733
8.6347e-05
1.84848e-05
-0.000369851
0.000229367
1.28563e-05
-0.000371283
0.000362617
2.06094e-05
-0.000353461
0.000495372
4.70269e-05
-0.000316886
0.00065496
9.34506e-05
-0.00027067
0.000863705
0.000156624
-0.000225091
0.0011224
0.000234931
-0.000179339
0.000530688
0.000367027
0.000311063
6.23289e-06
0.000176757
0.000150957
2.10759e-05
1.6656e-05
3.2648e-05
3.73099e-05
-9.60392e-05
-6.516e-05
5.05228e-05
-0.000172643
-0.000144963
5.79151e-05
-0.000222033
-0.000197924
5.81965e-05
-0.000252081
-0.000209954
5.10572e-05
-0.000270426
-0.000170695
3.82607e-05
-0.000284419
-8.004e-05
2.20562e-05
-0.000299535
5.14604e-05
4.34416e-06
-0.000317184
0.000202226
-1.11024e-05
-0.000329664
0.000350434
-1.73836e-05
-0.000325174
0.000488052
-6.3267e-06
-0.000296823
0.000632351
2.64643e-05
-0.000250031
0.000816847
7.78656e-05
-0.000197394
0.00106848
0.000142895
-0.0001475
0.00139573
0.000217512
-9.16306e-05
0.000134465
-0.000362394
0.000177575
0.000274815
-0.000320579
0.0002242
0.000512412
-0.000281362
0.000269137
0.000780848
-0.000243137
0.000310911
0.0010793
-0.000196729
0.00033067
0.00141429
-0.000126916
0.000279129
0.00138839
0.000533625
0.000430555
0.000308658
5.77933e-06
0.000245054
0.000146982
2.01018e-05
7.92547e-05
3.06496e-05
3.52929e-05
-3.75797e-05
-6.03461e-05
4.58054e-05
-0.000116386
-0.000127536
4.93888e-05
-0.000166788
-0.000162324
4.50966e-05
-0.000198105
-0.000153205
3.35152e-05
-0.000219239
-9.28251e-05
1.60997e-05
-0.000237937
1.75387e-05
-5.22986e-06
-0.000258953
0.000164424
-2.8555e-05
-0.000280057
0.000325177
-4.78722e-05
-0.000290099
0.000479337
-5.39126e-05
-0.000276081
0.000624462
-3.77592e-05
-0.000234791
0.00078479
1.72056e-06
-0.000178274
0.000998579
5.6042e-05
-0.000119918
0.00130134
0.000112541
-6.37766e-05
0.00132471
0.000157189
0.000159934
-0.000291464
0.000214628
0.000327736
-0.000250277
0.000273426
0.000599574
-0.000215889
0.000342231
0.000910612
-0.000189293
0.000407929
0.0012749
-0.000166529
0.000428302
0.00145819
0.000536544
0.000497063
0.000308062
4.9032e-06
0.000318772
0.000146491
1.82725e-05
0.000147767
3.43751e-05
3.13745e-05
2.63093e-05
-4.77744e-05
3.89738e-05
-5.62554e-05
-0.000100965
3.83667e-05
-0.000109729
-0.000117193
2.93825e-05
-0.000144554
-8.70549e-05
1.25698e-05
-0.000170637
-5.20375e-06
-1.0671e-05
-0.000195828
0.000125096
-3.90431e-05
-0.0002234
0.000287484
-6.86467e-05
-0.000246688
0.000459017
-9.10948e-05
-0.000250919
0.0006222
-9.45306e-05
-0.000223816
0.000780211
-6.93261e-05
-0.000170306
0.000964638
-2.18782e-05
-0.000106432
0.00122307
2.8457e-05
-4.5442e-05
0.00124645
6.94949e-05
0.000185959
-0.000219007
0.00024808
0.000387091
-0.000183281
0.000324156
0.000675701
-0.000167047
0.000405879
0.000999506
-0.000176109
0.000590464
0.00160862
-0.000325512
0.000608163
0.000209006
-0.000148104
0.000276567
0.000465257
-0.000122621
0.00034718
0.000731906
-0.00011651
0.000409369
0.000982431
-0.000111975
0.000319238
0.000954958
0.000230767
-7.40089e-05
0.000297407
0.000599555
-4.80369e-05
0.000376015
0.000897981
-2.9415e-05
0.000412311
0.00112771
0.000261659
3.85336e-06
0.000349091
0.000868231
1.85403e-05
0.000414395
0.00118545
0.000540022
0.00056567
0.000309908
4.01954e-06
0.000396566
0.00015033
1.52595e-05
0.000221107
4.43078e-05
2.59154e-05
9.45916e-05
-2.71271e-05
2.97455e-05
7.03269e-06
-6.49501e-05
2.47231e-05
-5.16079e-05
-6.18744e-05
1.02847e-05
-9.23036e-05
-1.01573e-05
-1.26994e-05
-0.000125726
9.41959e-05
-4.34625e-05
-0.000159543
0.000244554
-7.97974e-05
-0.000193877
0.000423539
-0.000115453
-0.000217237
0.00060941
-0.000139064
-0.000211533
0.00078626
-0.000132933
-0.000170467
0.0009674
-9.43143e-05
-0.0001058
0.00119569
-4.19819e-05
-4.01564e-05
0.00119094
8.67439e-06
0.000544613
0.000636168
0.000315017
2.78332e-06
0.000477009
0.000159
1.16903e-05
0.000297675
6.09151e-05
1.85843e-05
0.000165949
1.91003e-06
1.82808e-05
7.21182e-05
-1.90574e-05
7.82801e-06
6.34357e-06
4.38729e-06
-1.27609e-05
-4.28964e-05
7.88614e-05
-4.32951e-05
-8.65551e-05
0.000206194
-8.2705e-05
-0.000130858
0.000377739
-0.000126924
-0.000171899
0.000577453
-0.000167507
-0.000192253
0.000782078
-0.000184348
-0.000174688
0.000984546
-0.000162319
-0.000118979
0.0012075
-0.000108774
-4.93992e-05
0.0011711
-4.0981e-05
0.000313375
4.01032e-05
0.00036865
0.0012759
0.000304505
0.000550031
0.000707208
0.000323507
1.85843e-06
0.000558232
0.000172933
7.29112e-06
0.000375384
8.44139e-05
1.01388e-05
0.000238134
3.95838e-05
4.31395e-06
0.000136941
3.69422e-05
-1.21799e-05
6.1805e-05
8.1923e-05
-4.02204e-05
1.13124e-06
0.000179985
-7.94245e-05
-5.56111e-05
0.000330569
-0.000127384
-0.000112192
0.000527284
-0.000178857
-0.000159602
0.000753254
-0.000217845
-0.000175485
0.000991394
-0.000220881
-0.000144739
0.0012346
-0.00017505
-8.04332e-05
0.00118172
-9.15985e-05
0.000556149
0.000777825
0.000335596
6.49602e-07
0.000638592
0.000191944
3.13827e-06
0.000451657
0.000114712
4.9457e-07
0.000308258
8.55696e-05
-1.13697e-05
0.000198237
0.000102409
-3.53805e-05
0.000111488
0.000169542
-7.16407e-05
3.62392e-05
0.000290856
-0.000119764
-3.58089e-05
0.000467231
-0.000175166
-0.000107321
0.0006947
-0.000229131
-0.000163942
0.000965147
-0.000259792
-0.000184807
0.00125129
-0.000236291
-0.000161805
0.00122802
-0.00014824
0.000561667
0.000846136
0.000350318
8.69109e-07
0.000715677
0.000215544
-1.08619e-06
0.000523938
0.000150932
-9.15105e-06
0.000372959
0.000138436
-2.86346e-05
0.000252511
0.000174994
-6.07422e-05
0.000151939
0.000263811
-0.000106387
6.04139e-05
0.000408463
-0.000161541
-2.96284e-05
0.000613191
-0.000221395
-0.000119334
0.00088452
-0.000268671
-0.000205378
0.00121196
-0.000277663
-0.000288733
0.00134896
-0.00022029
0.000565467
0.000911496
0.000366373
8.1202e-07
0.00078758
0.000242148
-3.93759e-06
0.000589163
0.000191186
-1.88053e-05
0.000429039
0.000195553
-4.61321e-05
0.00029636
0.000251299
-8.78828e-05
0.000180604
0.000360489
-0.000141414
7.24314e-05
0.000527353
-0.000200178
-4.00152e-05
0.000759942
-0.000252395
-0.000166786
0.00106076
-0.000278877
-0.000340468
0.00158049
-0.000302842
-0.000817013
-7.99827e-05
0.000564791
0.000972977
0.000381562
2.71378e-06
0.000852729
0.000269081
-5.40435e-06
0.000644968
0.000232454
-2.67317e-05
0.000473703
0.000253526
-6.40845e-05
0.000328057
0.000327053
-0.000115531
0.000198317
0.000453628
-0.000174719
7.69154e-05
0.000631253
-0.000229915
-3.90576e-05
0.000842203
-0.000253159
-0.000160301
0.00101992
-0.000236638
-0.000234553
0.000783188
-0.000177076
0.00055931
0.00103141
0.000391757
6.25957e-06
0.000909871
0.000292968
-4.36728e-06
0.00068939
0.00027138
-3.41057e-05
0.00050491
0.000308203
-8.17436e-05
0.000345882
0.000399516
-0.00014294
0.000205633
0.000542211
-0.0002038
8.32059e-05
0.000717203
-0.000250078
-9.46776e-06
0.000912258
-0.000243624
-4.58851e-05
0.000959808
-0.000264783
0.00053951
0.00108862
0.0003931
1.4213e-05
0.000958811
0.000309461
5.82947e-07
0.000721253
0.000302752
-3.84994e-05
0.000522176
0.000356477
-9.98616e-05
0.000352172
0.000468878
-0.00016747
0.000205082
0.000631769
-0.000231255
8.97663e-05
0.000839348
-0.000240046
1.67227e-05
0.000923906
-0.000324033
0.000503867
0.00114399
0.000378801
2.71986e-05
0.000995766
0.000313263
1.00554e-05
0.00073548
0.000322566
-4.24229e-05
0.000520675
0.000396272
-0.000115019
0.00034045
0.000534084
-0.000197121
0.000184924
0.000730043
-0.000216143
6.87617e-05
0.000800959
-0.000376406
0.000434208
0.00116734
0.000341859
5.50078e-05
0.00101545
0.000296576
2.94338e-05
0.000727696
0.000322453
-3.99677e-05
0.000502744
0.000419311
-0.000142595
0.000307511
0.000583315
-0.000177951
0.000145476
0.000623673
-0.000417423
0.000316527
0.00106845
0.000273099
8.38153e-05
0.0009802
0.000255016
4.20201e-05
0.000653503
0.000287349
-5.18033e-05
0.000404166
0.000405717
-0.00011885
0.00018816
0.000383333
-0.000436727
0.000141461
0.000815161
0.000157644
4.13077e-05
0.000584836
0.000158864
8.98018e-06
0.000352679
0.000194657
-8.27008e-05
0.000133311
0.000147362
-0.000467009
9.41356e-05
2.15899e-06
-6.63255e-05
1.23661e-06
-0.000178653
3.23442e-06
-0.000269978
1.27768e-05
-0.000351352
3.16542e-05
-0.000428125
5.75693e-05
-0.000498561
8.287e-05
-0.000552871
9.97409e-05
-0.000581226
0.000106032
-0.000587563
0.000103999
-0.00058385
9.68715e-05
-0.000577651
8.78776e-05
-0.000570837
7.96344e-05
-0.000559393
7.70375e-05
-0.000538772
8.46869e-05
-0.000504264
0.000103871
-0.000456844
0.000132465
-0.000398488
0.000512271
0.000125866
0.00031359
3.79921e-06
-4.534e-05
0.000178324
7.76142e-06
-0.000167559
8.20479e-05
1.57952e-05
-0.000263862
-9.50468e-06
3.03901e-05
-0.000344735
-0.000115516
5.1303e-05
-0.000414536
-0.000239912
7.41953e-05
-0.000471731
-0.000360211
9.19332e-05
-0.000510051
-0.000432489
9.95398e-05
-0.00052685
-0.000433972
9.81461e-05
-0.000529546
-0.000373271
9.17847e-05
-0.000527613
-0.000269179
8.3099e-05
-0.000525929
-0.000142666
7.45458e-05
-0.000524498
-1.73542e-05
6.99157e-05
-0.000515979
9.78338e-05
7.43297e-05
-0.000495345
0.000201984
9.22191e-05
-0.00045974
0.000301969
0.000124064
-0.00041221
0.000396318
0.00016644
-0.000355002
0.00051902
0.000163692
0.000318091
5.34408e-06
-1.58036e-05
0.000174674
1.36084e-05
-0.000146341
6.76388e-05
2.60856e-05
-0.000245779
-3.38316e-05
4.31416e-05
-0.000324139
-0.000142987
6.28822e-05
-0.000386129
-0.000257067
8.08535e-05
-0.000431676
-0.000350882
9.14154e-05
-0.00045874
-0.000390449
9.22588e-05
-0.000469746
-0.000362815
8.63031e-05
-0.000472488
-0.000278576
7.69597e-05
-0.000474264
-0.000155877
6.71438e-05
-0.000478161
-1.72207e-05
5.8839e-05
-0.000480424
0.000115273
5.79562e-05
-0.000472346
0.000236728
6.96468e-05
-0.000448889
0.000356588
9.7837e-05
-0.0004106
0.000486838
0.000142282
-0.000363175
0.0006247
0.000200033
-0.000309044
0.000524096
0.00020802
0.000318432
6.53908e-06
2.29085e-05
0.000167436
1.82061e-05
-0.000114835
5.22532e-05
3.3226e-05
-0.000216352
-5.39749e-05
5.05088e-05
-0.000292034
-0.000159677
6.73322e-05
-0.000347112
-0.000257739
7.97689e-05
-0.000384037
-0.000324415
8.41365e-05
-0.000404449
-0.000334614
8.00362e-05
-0.00041348
-0.000282021
7.06035e-05
-0.000418529
-0.000177451
5.8993e-05
-0.000424955
-3.92199e-05
4.72208e-05
-0.000433673
0.000107929
3.93851e-05
-0.000437121
0.000244991
4.2052e-05
-0.000425957
0.000373161
6.08502e-05
-0.000396515
0.000512018
9.88786e-05
-0.000353981
0.000679391
0.000155637
-0.000306429
0.000870668
0.000226843
-0.000256493
0.00052768
0.000258449
0.00031613
7.39178e-06
7.05484e-05
0.000158865
2.10668e-05
-7.36581e-05
3.86948e-05
3.72203e-05
-0.000177255
-6.78828e-05
5.3101e-05
-0.000250848
-0.000165619
6.61181e-05
-0.000301115
-0.00024507
7.31152e-05
-0.000332457
-0.000285656
7.21062e-05
-0.000349675
-0.000269558
6.39252e-05
-0.00035942
-0.000194348
5.1292e-05
-0.00036824
-7.08228e-05
3.69049e-05
-0.000380003
8.04014e-05
2.26487e-05
-0.000391621
0.00023379
1.48533e-05
-0.000393097
0.000373847
2.07183e-05
-0.000374655
0.000509398
4.63726e-05
-0.000336318
0.000670018
9.33936e-05
-0.00028762
0.000878776
0.00015892
-0.000238848
0.00113296
0.000241094
-0.000187267
0.000530092
0.000314279
0.000312664
7.56872e-06
0.00012649
0.000150959
2.24262e-05
-2.38806e-05
2.88751e-05
3.83402e-05
-0.000130075
-7.44551e-05
5.20582e-05
-0.000202991
-0.00016121
6.07804e-05
-0.000250532
-0.000221123
6.27075e-05
-0.00027933
-0.000237153
5.68191e-05
-0.000296209
-0.000196637
4.45639e-05
-0.000308582
-9.98165e-05
2.81287e-05
-0.000322164
4.17573e-05
9.37489e-06
-0.000338919
0.000204419
-7.92141e-06
-0.000351267
0.000362765
-1.62614e-05
-0.000346743
0.00050544
-6.72563e-06
-0.000317097
0.000650201
2.6123e-05
-0.000267409
0.000834682
7.95676e-05
-0.000211449
0.00108816
0.000148612
-0.000158457
0.00141497
0.000230348
-9.82592e-05
0.000532239
0.000374646
0.000309482
7.44313e-06
0.000189566
0.000145325
2.22839e-05
3.334e-05
2.4085e-05
3.73019e-05
-7.62532e-05
-7.31066e-05
4.8119e-05
-0.000150086
-0.000146832
5.26003e-05
-0.000197141
-0.000186833
4.94304e-05
-0.000225945
-0.000179269
3.87402e-05
-0.000244841
-0.000115379
2.16999e-05
-0.000261508
3.34468e-06
4.42419e-08
-0.00028104
0.0001622
-2.44728e-05
-0.00030159
0.00033558
-4.57573e-05
-0.000311693
0.000498715
-5.40078e-05
-0.000296871
0.000645823
-3.89396e-05
-0.000252781
0.000803146
1.3629e-06
-0.000191886
0.00101522
5.88246e-05
-0.000129967
0.00132002
0.000121012
-6.96716e-05
0.00134245
0.000169757
0.000165605
-0.00033027
0.000214574
0.000480022
-0.000288135
0.000263471
0.000756239
-0.000246798
0.000312125
0.00106499
-0.000198727
0.000342752
0.00141306
-0.000130322
0.000294865
0.00139491
0.000534323
0.000438555
0.000307695
6.78701e-06
0.000258735
0.000143076
2.10906e-05
9.68721e-05
2.52538e-05
3.4227e-05
-1.68796e-05
-6.3414e-05
4.19394e-05
-9.32963e-05
-0.000122453
4.18406e-05
-0.000142044
-0.000142183
3.36002e-05
-0.000173199
-0.000111343
1.741e-05
-0.000196262
-2.36253e-05
-5.68933e-06
-0.000219055
0.000117395
-3.46396e-05
-0.000245168
0.000293409
-6.57933e-05
-0.00026806
0.000477827
-9.08145e-05
-0.000272006
0.000647365
-9.6603e-05
-0.000242402
0.00080279
-7.20628e-05
-0.000183587
0.000979347
-2.23561e-05
-0.000114584
0.0012337
3.20158e-05
-5.00209e-05
0.00126325
7.66072e-05
0.000200836
-0.000257322
0.00026214
0.000553929
-0.000218692
0.000335796
0.000871564
-0.00018848
0.000408755
0.00124557
-0.000162836
0.000436357
0.00144577
0.000537005
0.000504983
0.000308113
6.13459e-06
0.000332706
0.000145181
1.85733e-05
0.000165718
3.30498e-05
2.94721e-05
4.70694e-05
-4.48929e-05
3.33316e-05
-3.3454e-05
-8.7689e-05
2.85258e-05
-8.61332e-05
-8.63431e-05
1.45038e-05
-0.000122019
-3.15929e-05
-8.19898e-06
-0.000151673
8.12428e-05
-3.91501e-05
-0.000182768
0.000244758
-7.6666e-05
-0.000215586
0.000438793
-0.000114694
-0.000238344
0.000636357
-0.000141712
-0.000230684
0.000815249
-0.000138003
-0.000184128
0.000986329
-9.86123e-05
-0.0001125
0.00120306
-4.29969e-05
-4.23419e-05
0.00120329
1.17001e-05
0.000233604
-0.000188358
0.000312035
0.000624963
-0.00016801
0.000397342
0.000956542
-0.000174246
0.00058348
0.00157862
-0.000320218
0.000601889
0.000262976
-0.000127149
0.000335382
0.000688288
-0.000116979
0.000400666
0.000952255
-0.000110984
0.000312519
0.000942774
0.000285009
-5.26257e-05
0.000363832
0.000865616
-3.04147e-05
0.000400797
0.00111189
0.000336483
1.44742e-05
0.000400031
0.00117261
0.000540732
0.00057357
0.000311872
4.77428e-06
0.000410197
0.000152306
1.52264e-05
0.00023849
4.80944e-05
2.26111e-05
0.000114547
-1.70185e-05
2.23199e-05
2.83648e-05
-4.18325e-05
1.18599e-05
-3.04077e-05
-1.81223e-05
-8.68476e-06
-7.38083e-05
6.20392e-05
-3.94255e-05
-0.000112941
0.0002008
-7.9765e-05
-0.000154182
0.000387905
-0.00012609
-0.000193407
0.000603233
-0.000170634
-0.000211447
0.000816514
-0.000191708
-0.000187194
0.00101143
-0.000170833
-0.000120835
0.0012178
-0.000113947
-4.41419e-05
0.00118038
-4.07584e-05
0.000545912
0.000643071
0.000319282
3.51811e-06
0.000489407
0.000165177
1.05748e-05
0.000313441
7.09014e-05
1.40758e-05
0.000183667
2.07739e-05
8.27536e-06
9.0481e-05
1.58788e-05
-8.45513e-06
2.31016e-05
6.36222e-05
-3.69332e-05
-3.09571e-05
0.000170569
-7.71048e-05
-8.27398e-05
0.0003358
-0.000127165
-0.000135847
0.000550377
-0.000182585
-0.000179913
0.000791594
-0.000227252
-0.000187689
0.00102881
-0.000234864
-0.000139557
0.00125304
-0.000186462
-5.97283e-05
0.00118428
-9.29359e-05
0.000354512
0.00055253
0.000712686
0.000330914
1.71544e-06
0.00056849
0.000183975
5.52362e-06
0.000387968
0.000101833
3.48534e-06
0.000251841
6.8824e-05
-8.42581e-06
0.000149932
8.56848e-05
-3.29976e-05
7.13063e-05
0.000158735
-7.03949e-05
2.90886e-06
0.000292514
-0.000120611
-6.40413e-05
0.000487239
-0.000180205
-0.000130852
0.000735791
-0.000241171
-0.000177366
0.00101679
-0.000281434
-0.000166571
0.00128564
-0.000258266
-9.58703e-05
0.00120969
-0.000153699
0.000559751
0.00078039
0.00034644
6.96562e-07
0.000644912
0.000208846
-4.4074e-07
0.000459291
0.000140605
-8.17857e-06
0.000315395
0.000126466
-2.81031e-05
0.00020293
0.000166071
-6.12714e-05
0.000110042
0.000264381
-0.000108841
2.47473e-05
0.000425876
-0.00016776
-6.06279e-05
0.000655733
-0.00023445
-0.000144544
0.000956621
-0.000297356
-0.00019848
0.00128887
-0.00031686
-0.000181147
0.00126319
-0.00022427
0.000567405
0.000845067
0.000365218
-7.15294e-07
0.000716461
0.000238768
-5.77472e-06
0.000523941
0.000186022
-2.11667e-05
0.000370655
0.000191531
-4.95657e-05
0.000245356
0.000253757
-9.30333e-05
0.000136127
0.000376662
-0.000149615
3.23149e-05
0.000567334
-0.000215085
-7.59204e-05
0.00084374
-0.000282674
-0.000189129
0.00121368
-0.000339889
-0.000296074
0.00138112
-0.000309652
0.000572451
0.000904648
0.000385946
-1.18722e-06
0.000780445
0.000272056
-1.12984e-05
0.000578681
0.000235685
-3.40637e-05
0.00041374
0.000260821
-7.31023e-05
0.000274284
0.000344491
-0.000126724
0.000148475
0.000489786
-0.000189546
2.56421e-05
0.000710736
-0.000252917
-0.000118976
0.00103824
-0.000312905
-0.000328792
0.00158097
-0.000382849
-0.000821514
-0.000113808
0.000576116
0.000958886
0.00040536
-6.25757e-07
0.000834347
0.000305665
-1.49903e-05
0.00062053
0.000286364
-4.75911e-05
0.000442227
0.000330343
-9.78373e-05
0.000288223
0.000434339
-0.000161323
0.000150098
0.000596803
-0.000226775
1.91839e-05
0.000808808
-0.000275946
-0.000107875
0.00102369
-0.000282572
-0.000225801
0.000800989
-0.000252811
0.000570319
0.00100686
0.000420094
1.74817e-06
0.000876761
0.000336133
-1.85017e-05
0.000647114
0.000333922
-6.13588e-05
0.000453355
0.000397141
-0.000125175
0.000287452
0.000523334
-0.000194773
0.000142149
0.000698334
-0.000260835
2.73972e-05
0.000909459
-0.000287357
-3.58449e-05
0.000961787
-0.000348549
0.000555846
0.00105086
0.000424729
7.59158e-06
0.000905875
0.000358317
-1.86799e-05
0.00065638
0.000373994
-7.65108e-05
0.000447397
0.000460705
-0.000152511
0.00027278
0.000613951
-0.000233047
0.000127006
0.000820914
-0.000275311
3.41601e-05
0.000904442
-0.000410792
0.000517326
0.00108807
0.000413692
1.73187e-05
0.000916669
0.000366246
-1.87843e-05
0.000642172
0.000401785
-9.30578e-05
0.000419381
0.000519375
-0.000188205
0.000231471
0.000704231
-0.000242756
9.06222e-05
0.000767701
-0.000451673
0.000451487
0.00108739
0.000375448
4.01778e-05
0.000902361
0.000352115
-1.31447e-05
0.000603774
0.000410126
-0.000125051
0.000362422
0.000558792
-0.000193515
0.00017
0.00058847
-0.000477083
0.000324951
0.000968772
0.000302285
5.75191e-05
0.00082006
0.000300022
-2.26311e-05
0.000483173
0.000385486
-0.000124324
0.00021881
0.00036344
-0.000464645
0.000148908
0.000707561
0.000167824
9.44419e-07
0.000425048
0.000195453
-0.000101889
0.000176414
0.000129199
-0.000462897
9.73065e-05
2.40139e-06
-6.34327e-05
3.22049e-06
-0.000175841
7.86951e-06
-0.000266848
2.03909e-05
-0.000347214
4.1682e-05
-0.000421278
6.79583e-05
-0.000486372
9.08767e-05
-0.000532467
0.000103345
-0.000553212
0.000105329
-0.000556257
0.000100128
-0.000553084
9.10103e-05
-0.00054942
8.05545e-05
-0.000546169
7.30513e-05
-0.000536071
7.41467e-05
-0.000514104
8.90061e-05
-0.000476726
0.000118132
-0.000426466
0.000157858
-0.00036551
0.000518881
0.000129804
0.000316671
4.47093e-06
-4.06294e-05
0.000174683
1.01396e-05
-0.000161912
7.06376e-05
2.02939e-05
-0.000256764
-2.87666e-05
3.67111e-05
-0.000335207
-0.00014055
5.8245e-05
-0.000401023
-0.000264514
7.99637e-05
-0.000452314
-0.000372213
9.46922e-05
-0.000483872
-0.000421352
9.85706e-05
-0.00049637
-0.000396574
9.42631e-05
-0.000498264
-0.000310041
8.5189e-05
-0.000498237
-0.000181296
7.43091e-05
-0.000500273
-3.4384e-05
6.38157e-05
-0.000501235
0.000105594
6.01565e-05
-0.000492127
0.000232247
6.90169e-05
-0.000467661
0.000353411
9.50695e-05
-0.000427569
0.000480207
0.000137931
-0.00037707
0.000608213
0.000194289
-0.00031823
0.000524436
0.000168696
0.00031889
6.25558e-06
-8.90797e-06
0.000168759
1.60355e-05
-0.000137614
5.45984e-05
2.97428e-05
-0.000234725
-5.26017e-05
4.74143e-05
-0.000310044
-0.000163834
6.65647e-05
-0.000367682
-0.000272467
8.24604e-05
-0.000407992
-0.000350452
8.9928e-05
-0.000430371
-0.000366629
8.77977e-05
-0.000439225
-0.000313724
7.89924e-05
-0.000442818
-0.000204072
6.69512e-05
-0.000447449
-5.73878e-05
5.35932e-05
-0.000454747
9.96414e-05
4.33272e-05
-0.000457507
0.00024459
4.33955e-05
-0.000445693
0.000377286
6.01235e-05
-0.000415301
0.000517358
9.70827e-05
-0.000370741
0.00068234
0.000153797
-0.000319887
0.000864385
0.000225355
-0.000264645
0.00052816
0.00021408
0.000317566
7.62668e-06
3.20524e-05
0.000160111
2.02661e-05
-0.00010312
3.89739e-05
3.57976e-05
-0.000201919
-7.0853e-05
5.25502e-05
-0.000274282
-0.000175461
6.78925e-05
-0.000325393
-0.000264642
7.77888e-05
-0.000358117
-0.00031363
7.91036e-05
-0.000375541
-0.000300358
7.20197e-05
-0.000384097
-0.00022223
5.94639e-05
-0.000391117
-9.14388e-05
4.41809e-05
-0.000401299
7.01003e-05
2.80266e-05
-0.000412014
0.000234146
1.78103e-05
-0.000413236
0.000381527
2.14314e-05
-0.000394218
0.000520346
4.58764e-05
-0.000354461
0.000682055
9.30911e-05
-0.000303472
0.000890016
0.000160608
-0.000251435
0.00113786
0.000245916
-0.000195178
0.000530391
0.000265542
0.000314132
8.40866e-06
8.1739e-05
0.000151134
2.27785e-05
-5.93908e-05
2.63039e-05
3.84413e-05
-0.000160023
-8.18511e-05
5.30989e-05
-0.000230432
-0.00017583
6.38517e-05
-0.000277231
-0.000243865
6.80262e-05
-0.000305635
-0.000265252
6.38322e-05
-0.000321483
-0.000224886
5.22518e-05
-0.000332131
-0.000123001
3.56138e-05
-0.000343763
2.78601e-05
1.57499e-05
-0.000359206
0.000202298
-3.52606e-06
-0.000371121
0.00037137
-1.43027e-05
-0.000366681
0.000519747
-6.61175e-06
-0.000335978
0.000665598
2.58276e-05
-0.000284149
0.000850369
8.09007e-05
-0.000225287
0.00110546
0.000153636
-0.000168687
0.00143027
0.000242537
-0.000102358
0.000531962
0.000322125
0.000310353
8.72746e-06
0.000139318
0.000143867
2.35528e-05
-7.63479e-06
1.83931e-05
3.85151e-05
-0.000110839
-8.46055e-05
5.01023e-05
-0.000180814
-0.00016526
5.61615e-05
-0.000225557
-0.0002115
5.4688e-05
-0.00025253
-0.000206701
4.52372e-05
-0.000269449
-0.000140533
2.86908e-05
-0.00028399
-1.4553e-05
6.72478e-06
-0.000301616
0.00015556
-1.90875e-05
-0.000321113
0.000341723
-4.25229e-05
-0.000331148
0.000514714
-5.32921e-05
-0.000316175
0.000664557
-3.97799e-05
-0.000269928
0.000819546
1.05899e-06
-0.0002053
0.00103097
6.14944e-05
-0.000140077
0.0013386
0.000129348
-7.60377e-05
0.00135761
0.000181447
0.000533368
0.000383044
0.000307517
8.4544e-06
0.000203574
0.000139696
2.31065e-05
5.09155e-05
1.65357e-05
3.62732e-05
-5.56889e-05
-7.84563e-05
4.4515e-05
-0.000126958
-0.000143745
4.5556e-05
-0.000171974
-0.000167862
3.85888e-05
-0.000200115
-0.000137423
2.33353e-05
-0.000220395
-4.50981e-05
6.25492e-07
-0.000240616
0.00010552
-2.8798e-05
-0.00026484
0.000294607
-6.15445e-05
-0.000287
0.000492219
-8.91708e-05
-0.000290922
0.000669392
-9.77273e-05
-0.000260111
0.00082303
-7.44173e-05
-0.00019724
0.000993332
-2.29512e-05
-0.000124095
0.00124462
3.5381e-05
-5.52536e-05
0.00127951
8.38309e-05
0.000203486
-0.000293961
0.000255912
0.000724102
-0.000249769
0.00031104
0.0010421
-0.000199148
0.000350819
0.00140261
-0.000130337
0.000306101
0.00139485
0.000535265
0.000447082
0.00030674
7.89996e-06
0.000273299
0.000139873
2.12176e-05
0.000115189
2.16255e-05
3.22787e-05
4.20572e-06
-6.28099e-05
3.64721e-05
-7.00105e-05
-0.00011097
3.24445e-05
-0.000117607
-0.000112162
1.93495e-05
-0.000149319
-5.55014e-05
-2.64282e-06
-0.000175399
6.44523e-05
-3.34358e-05
-0.000203468
0.000240035
-7.19361e-05
-0.000234301
0.000448647
-0.000112224
-0.000256505
0.000658684
-0.000142725
-0.000248211
0.000840949
-0.000142251
-0.000197915
0.00100393
-0.000102609
-0.000120938
0.00121059
-4.39848e-05
-4.61112e-05
0.00121535
1.45289e-05
0.000249228
-0.000221737
0.000326732
0.000825965
-0.00018779
0.000405952
0.00120938
-0.000160894
0.000438062
0.00142835
0.000538168
0.000513682
0.000309156
6.65681e-06
0.000347339
0.000145188
1.83634e-05
0.000183945
3.44886e-05
2.60917e-05
6.79154e-05
-3.69636e-05
2.60218e-05
-1.10045e-05
-6.60614e-05
1.60639e-05
-6.34641e-05
-4.29317e-05
-3.8585e-06
-0.00010155
4.16848e-05
-3.42508e-05
-0.000136218
0.000190459
-7.50881e-05
-0.000174004
0.000391921
-0.00012314
-0.000211155
0.000622454
-0.000171144
-0.000228134
0.000845869
-0.000197021
-0.000201021
0.00103588
-0.000178515
-0.000128669
0.00122881
-0.000119898
-4.66029e-05
0.00119122
-4.1484e-05
0.000298407
-0.000169126
0.000386046
0.000910022
-0.000172153
0.000573881
0.00154526
-0.000314105
0.00059419
0.000322458
-0.000117946
0.00039007
0.00091911
-0.000110071
0.000304841
0.000927745
0.000350532
-3.17458e-05
0.000388264
0.00109324
0.000384506
0.000542637
0.00058162
0.000315222
5.43532e-06
0.000424048
0.000156612
1.38997e-05
0.000255766
5.5851e-05
1.79998e-05
0.000133918
-7.47109e-08
1.23859e-05
4.86877e-05
-7.84711e-06
-4.09159e-06
-1.12746e-05
4.16725e-05
-3.23882e-05
-5.88957e-05
0.00015615
-7.28661e-05
-0.00010542
0.000334318
-0.000124395
-0.000154395
0.000565018
-0.000183111
-0.000195571
0.000820992
-0.000233309
-0.000199244
0.00105949
-0.000246058
-0.00014265
0.00127033
-0.000197059
-5.5013e-05
0.00119535
-9.59718e-05
0.000549003
0.000650116
0.000325926
3.35747e-06
0.000501612
0.000174613
8.62874e-06
0.00032825
8.64342e-05
7.27883e-06
0.000200063
4.87024e-05
-4.44763e-06
0.000106595
6.47354e-05
-2.90996e-05
3.62176e-05
0.000142574
-6.6962e-05
-2.49386e-05
0.00028726
-0.000118626
-8.60254e-05
0.000497664
-0.000181359
-0.000147499
0.000763992
-0.00024789
-0.000187477
0.00105277
-0.0002964
-0.000162133
0.00131042
-0.000274932
-7.58694e-05
0.00121461
-0.00015759
0.000556932
0.00071722
0.000341309
1.59437e-06
0.000577551
0.000199671
1.86446e-06
0.000398764
0.000126559
-5.31257e-06
0.000262774
0.000109608
-2.52952e-05
0.000159088
0.000151223
-5.90307e-05
7.47905e-05
0.000257878
-0.000108073
-3.12591e-06
0.000433532
-0.000170174
-8.17292e-05
0.000682911
-0.000242854
-0.000156347
0.00100004
-0.000318159
-0.000184056
0.00132545
-0.000344418
-0.000117001
0.00124631
-0.000232687
0.000566695
0.000781796
0.000361326
-8.19716e-07
0.000649183
0.00023159
-5.23119e-06
0.000463523
0.000175702
-2.04664e-05
0.000318079
0.000181136
-4.94122e-05
0.000201466
0.000248778
-9.41141e-05
0.000100294
0.000383754
-0.000153531
3.4268e-06
0.000593378
-0.000224322
-9.67988e-05
0.000898154
-0.000305251
-0.000191063
0.00128232
-0.00038209
-0.000201893
0.00129486
-0.000319161
0.000575625
0.000841178
0.000385569
-2.72309e-06
0.000713787
0.000269458
-1.34155e-05
0.000518788
0.000232085
-3.68479e-05
0.000361537
0.000260269
-7.72364e-05
0.000230111
0.000353087
-0.000132987
0.000110904
0.000514658
-0.000200215
-7.4273e-06
0.000765859
-0.000274629
-0.000139089
0.00114865
-0.000369775
-0.000269655
0.00137979
-0.000404548
0.000585309
0.000894268
0.000411776
-4.86983e-06
0.000767601
0.000310831
-2.11483e-05
0.0005606
0.000292993
-5.55281e-05
0.000389537
0.000343217
-0.000107668
0.000242354
0.000459512
-0.000173776
0.000107532
0.000644368
-0.00024485
-2.99898e-05
0.000948431
-0.000310408
-0.000261096
0.00144366
-0.000371662
-0.000759942
-0.000134332
0.000589491
0.000939088
0.000436976
-5.46166e-06
0.000807936
0.00035277
-2.96547e-05
0.000585956
0.000354363
-7.55956e-05
0.000399545
0.000426446
-0.0001421
0.000239696
0.000565157
-0.000215352
9.68519e-05
0.000758209
-0.000285968
-3.06683e-05
0.00100969
-0.000331364
-0.000159316
0.000826213
-0.000343038
0.000589732
0.000974726
0.000456706
-5.3749e-06
0.000831657
0.000391013
-3.82205e-05
0.00059128
0.000412599
-0.000100001
0.000389576
0.000509866
-0.000178553
0.000222072
0.00067416
-0.000261198
8.23034e-05
0.000886754
-0.000323017
-2.78304e-06
0.000955804
-0.000435756
0.000573264
0.00100251
0.000466581
-2.65149e-06
0.000836958
0.000420142
-4.88214e-05
0.000574796
0.000463917
-0.000128551
0.000361306
0.000596001
-0.000223225
0.000186332
0.000791742
-0.000299957
6.41407e-05
0.000870849
-0.000479781
0.000541731
0.00101514
0.000457181
1.59889e-06
0.000814553
0.000433972
-6.29946e-05
0.000530252
0.00050799
-0.000169004
0.000302315
0.000675338
-0.000256058
0.000128227
0.000728558
-0.00050114
0.000466968
0.000985552
0.000419839
1.37627e-05
0.000757899
0.000418989
-9.34508e-05
0.000453206
0.000532765
-0.000194616
0.000216244
0.000558589
-0.000502233
0.000341107
0.000834092
0.000332588
9.42444e-06
0.00062324
0.000383058
-0.00013397
0.000305215
0.000338887
-0.000455523
0.000138642
0.000569864
0.000193832
-9.75133e-05
0.00022684
0.000110374
-0.000396858
0.000100707
2.94975e-06
-5.96465e-05
5.5783e-06
-0.000171634
1.2781e-05
-0.000261871
2.78283e-05
-0.000340424
5.06498e-05
-0.000410904
7.63809e-05
-0.000469697
9.60954e-05
-0.000507663
0.000104156
-0.000522526
0.0001024
-0.000523997
9.41555e-05
-0.000522003
8.24969e-05
-0.000521792
6.98947e-05
-0.000521044
6.32686e-05
-0.000510559
6.89473e-05
-0.000484897
9.23838e-05
-0.000443017
0.000133028
-0.000389386
0.000187298
-0.000326031
0.000524437
0.000134274
0.000317893
5.24139e-06
-3.47337e-05
0.000169082
1.272e-05
-0.00015466
5.76445e-05
2.46214e-05
-0.000247719
-4.85398e-05
4.23372e-05
-0.000323361
-0.000163984
6.37859e-05
-0.000384695
-0.000283873
8.37485e-05
-0.000429963
-0.000375245
9.50943e-05
-0.000455602
-0.000399481
9.55624e-05
-0.000464818
-0.000347846
8.79907e-05
-0.000466943
-0.000234434
7.58313e-05
-0.000469397
-8.01265e-05
6.11562e-05
-0.000474875
8.66249e-05
4.84462e-05
-0.000476508
0.000239845
4.56236e-05
-0.000463988
0.000377359
5.98743e-05
-0.000432539
0.000518475
9.52553e-05
-0.000386011
0.000680024
0.00015142
-0.000331885
0.000851191
0.000222386
-0.000271511
0.000528761
0.000174351
0.000318053
7.28364e-06
-6.42058e-07
0.000161178
1.83233e-05
-0.000127261
4.05894e-05
3.30003e-05
-0.000221926
-7.10441e-05
5.06701e-05
-0.000293958
-0.000182187
6.86995e-05
-0.000347194
-0.000282329
8.21215e-05
-0.000382498
-0.000341637
8.64109e-05
-0.000400977
-0.000333023
8.09951e-05
-0.000408562
-0.000253313
6.87719e-05
-0.000413554
-0.000116338
5.27131e-05
-0.000421669
5.50256e-05
3.46848e-05
-0.00043103
0.000229982
2.18649e-05
-0.000431811
0.000385471
2.28981e-05
-0.000412411
0.00052796
4.56642e-05
-0.000371496
0.000690729
9.26428e-05
-0.000318261
0.000897063
0.000161373
-0.000262951
0.00113624
0.000249177
-0.000201164
0.00053113
0.000220968
0.000315223
8.62372e-06
4.26046e-05
0.000151621
2.21337e-05
-8.99428e-05
2.52945e-05
3.75943e-05
-0.000185953
-8.67803e-05
5.35149e-05
-0.000254974
-0.000188127
6.6827e-05
-0.000302133
-0.000265758
7.39328e-05
-0.000331052
-0.000294385
7.1884e-05
-0.000346271
-0.00025563
6.12736e-05
-0.000355162
-0.000149876
4.45607e-05
-0.000364623
9.42392e-06
2.35206e-05
-0.000378357
0.000195384
2.14055e-06
-0.000389429
0.00037574
-1.13213e-05
-0.000384853
0.000530809
-5.82909e-06
-0.000353575
0.000678309
2.5742e-05
-0.000299823
0.000863748
8.21249e-05
-0.000238367
0.00112005
0.000158239
-0.000178349
0.00144104
0.00025302
-0.000108143
0.0005325
0.000273413
0.00031113
9.47626e-06
9.42652e-05
0.0001428
2.39646e-05
-4.38475e-05
1.40808e-05
3.90025e-05
-0.000141614
-9.41584e-05
5.185e-05
-0.000208877
-0.000182158
6.00977e-05
-0.000252405
-0.000236055
6.10019e-05
-0.000278249
-0.000235552
5.30846e-05
-0.000293465
-0.000168499
3.71417e-05
-0.000305693
-3.65286e-05
1.49459e-05
-0.000320983
0.000144113
-1.22502e-05
-0.000339035
0.000343136
-3.80099e-05
-0.000348828
0.000526852
-5.15678e-05
-0.000333863
0.000680637
-3.99719e-05
-0.000286258
0.000833998
8.87657e-07
-0.000218587
0.00104558
6.38519e-05
-0.000150112
0.00135691
0.000137369
-8.1836e-05
0.00136832
0.00019304
0.000533376
0.000330845
0.000307508
9.60149e-06
0.000153279
0.000136604
2.43429e-05
9.62988e-06
8.76354e-06
3.76857e-05
-9.065e-05
-9.2258e-05
4.6984e-05
-0.000157834
-0.000164304
4.98136e-05
-0.000200123
-0.000193996
4.46553e-05
-0.000225814
-0.000165327
3.06221e-05
-0.000243476
-6.97667e-05
8.37495e-06
-0.000260971
8.90511e-05
-2.1493e-05
-0.000282741
0.000290601
-5.58806e-05
-0.000303749
0.000501946
-8.62477e-05
-0.000307919
0.000687954
-9.78938e-05
-0.000276623
0.000841013
-7.62693e-05
-0.000210582
0.00100613
-2.3428e-05
-0.000133181
0.00125579
3.86948e-05
-6.05965e-05
0.00129426
9.06598e-05
0.000534641
0.000392123
0.000305546
9.39371e-06
0.000218481
0.000134581
2.31446e-05
6.93366e-05
1.06194e-05
3.43899e-05
-3.45573e-05
-8.02312e-05
3.93996e-05
-0.00010338
-0.000134279
3.67392e-05
-0.000146814
-0.000139068
2.50846e-05
-0.000174957
-8.17994e-05
4.11113e-06
-0.000197582
4.37426e-05
-2.63248e-05
-0.00022238
0.000229984
-6.56444e-05
-0.00025069
0.000452767
-0.000108051
-0.00027224
0.000676336
-0.000142127
-0.000264174
0.000863599
-0.000145284
-0.000211894
0.00102077
-0.000106328
-0.000130704
0.00121806
-4.52054e-05
-5.09829e-05
0.00122649
1.74336e-05
0.000246485
-0.000251477
0.000307423
0.00101056
-0.000198924
0.000356192
0.00138228
-0.000129063
0.000317635
0.00138494
0.000536654
0.000456497
0.000306525
8.40389e-06
0.000288744
0.000137811
2.08731e-05
0.000133972
2.06422e-05
2.89204e-05
2.56043e-05
-5.72293e-05
2.94495e-05
-4.67494e-05
-9.11422e-05
2.0527e-05
-9.37032e-05
-6.96198e-05
1.75178e-06
-0.000127025
1.79812e-05
-2.78576e-05
-0.000157274
0.000175074
-6.88032e-05
-0.000191216
0.000389578
-0.000118295
-0.000225887
0.000635369
-0.000169689
-0.000242455
0.000870111
-0.000200497
-0.000214207
0.00105871
-0.000185255
-0.0001381
0.00124022
-0.000125668
-5.067e-05
0.0012016
-4.19577e-05
0.000315728
-0.000187913
0.00039912
0.00116712
-0.000158608
0.00043718
0.00140416
0.000540397
0.000522579
0.000311263
7.24262e-06
0.000362419
0.000147388
1.69149e-05
0.000202346
3.9793e-05
2.14873e-05
8.85083e-05
-2.2209e-05
1.63584e-05
1.08356e-05
-3.34993e-05
6.72077e-07
-4.23422e-05
1.66121e-05
-2.68205e-05
-8.39194e-05
0.000136956
-6.70351e-05
-0.000125077
0.000326241
-0.000119512
-0.000169554
0.000571871
-0.000181045
-0.000208107
0.000842781
-0.000236232
-0.000210711
0.00108637
-0.000255239
-0.000151177
0.00128853
-0.000208247
-5.85201e-05
0.00120829
-0.000101023
0.000373045
-0.00016987
0.0005615
0.00150837
-0.000306695
0.000584927
0.000377614
-0.000108847
0.000295878
0.00091006
0.000374704
0.00054616
0.000589899
0.000320754
5.15221e-06
0.000437967
0.00016405
1.18416e-05
0.000272488
6.91132e-05
1.12036e-05
0.000152421
2.60473e-05
-9.81851e-08
6.73497e-05
4.03679e-05
-2.42734e-05
4.97831e-06
0.000121634
-6.19068e-05
-4.89151e-05
0.000275388
-0.000114272
-0.00010367
0.000499276
-0.00017943
-0.000159687
0.000781274
-0.000250663
-0.000195499
0.00107969
-0.000307051
-0.000165171
0.00133337
-0.000290132
-7.25325e-05
0.00122942
-0.000165787
0.000553974
0.000656432
0.000335441
3.08393e-06
0.000513025
0.000188599
4.81947e-06
0.000341782
0.000109425
-1.50404e-06
0.000214253
8.86357e-05
-2.11707e-05
0.000119639
0.000131147
-5.48991e-05
4.42305e-05
0.0002446
-0.000104645
-2.5642e-05
0.000432057
-0.000169089
-9.68199e-05
0.000696766
-0.000246257
-0.000162988
0.00102632
-0.000330456
-0.000179704
0.00135037
-0.000363518
-9.8462e-05
0.00125439
-0.000241538
0.000564513
0.000720997
0.000355697
1.30851e-07
0.000584914
0.000221362
-3.09364e-06
0.000406773
0.000160926
-1.77252e-05
0.00026998
0.000165
-4.67056e-05
0.0001629
0.000236821
-9.21716e-05
7.08462e-05
0.000381764
-0.00015376
-1.75495e-05
0.00060583
-0.000229225
-0.000107811
0.000927031
-0.000320732
-0.000182651
0.00131296
-0.000410323
-0.000148794
0.00127791
-0.000332737
0.000575965
0.000780636
0.000381693
-2.76849e-06
0.000650596
0.000262227
-1.30526e-05
0.00046334
0.000222539
-3.64908e-05
0.000314704
0.00025253
-7.75615e-05
0.000192653
0.000352961
-0.000135032
8.19214e-05
0.000527742
-0.000206248
-2.77317e-05
0.000797708
-0.000289527
-0.000144371
0.00120136
-0.000402399
-0.000223468
0.00130132
-0.000442586
0.000589498
0.000834266
0.00041259
-6.50191e-06
0.000706059
0.000309481
-2.35316e-05
0.000506822
0.00029191
-5.88804e-05
0.000344265
0.000347292
-0.000112627
0.000205677
0.00047432
-0.000181781
7.76615e-05
0.000676403
-0.000259299
-5.4792e-05
0.00101157
-0.000345904
-0.000226097
0.00135578
-0.000586331
0.000600495
0.000878394
0.000445891
-9.82704e-06
0.000747366
0.000360799
-3.62627e-05
0.000533305
0.000365472
-8.41115e-05
0.000354871
0.000445555
-0.000153029
0.000202499
0.000596442
-0.000230561
6.1957e-05
0.000815573
-0.000307964
-8.9799e-05
0.00151538
-0.00040132
-0.000737123
-6.80613e-05
0.000611374
0.000911985
0.000477575
-1.29673e-05
0.00077038
0.000412459
-4.99694e-05
0.000538884
0.000439527
-0.000115137
0.000345653
0.000545753
-0.000197324
0.000185781
0.000718606
-0.000284036
5.04746e-05
0.000938613
-0.000365756
-4.81354e-05
0.000908042
-0.000454592
0.000610912
0.000931703
0.000504559
-1.6338e-05
0.000771796
0.000460096
-6.9162e-05
0.000520487
0.000511059
-0.000152764
0.000316644
0.000652743
-0.000249681
0.000153812
0.000854304
-0.000344591
4.13153e-05
0.000936396
-0.000504086
0.000603194
0.000938395
0.000518976
-2.00298e-05
0.000746372
0.000497545
-9.44541e-05
0.000477126
0.000583448
-0.000202414
0.000265037
0.000761783
-0.000307279
0.00010721
0.000834591
-0.000521673
0.00056511
0.000918601
0.000514464
-2.65054e-05
0.000683439
0.000518135
-0.000139912
0.000402014
0.000648338
-0.000249957
0.000180641
0.000699837
-0.000514161
0.000496442
0.00084398
0.000466195
-4.40675e-05
0.00057491
0.000525509
-0.00018468
0.000300819
0.000532522
-0.000479623
0.000337232
0.000644927
0.000382644
-9.46744e-05
0.000395132
0.0003308
-0.000370734
0.000137535
0.000334816
9.85696e-05
-0.000268587
0.000104611
3.71827e-06
-5.4721e-05
8.24992e-06
-0.000165938
1.7656e-05
-0.000254911
3.47467e-05
-0.000331191
5.82834e-05
-0.000397297
8.25828e-05
-0.000449306
9.86903e-05
-0.000479829
0.00010271
-0.000490275
9.71664e-05
-0.000491095
8.55416e-05
-0.000491076
6.97709e-05
-0.000494231
5.4733e-05
-0.000494319
4.88696e-05
-0.0004808
6.01752e-05
-0.000448429
9.3464e-05
-0.000399939
0.000148357
-0.000342439
0.000217944
-0.000276703
0.000528861
0.000139415
0.000317229
6.26085e-06
-2.74503e-05
0.000161748
1.5197e-05
-0.000145806
4.3423e-05
2.86083e-05
-0.000236824
-6.82458e-05
4.69278e-05
-0.0003093
-0.000184998
6.77927e-05
-0.000365928
-0.00029733
8.53374e-05
-0.000405204
-0.000369261
9.33199e-05
-0.000425735
-0.000367166
9.01075e-05
-0.00043279
-0.000287586
7.89026e-05
-0.000435741
-0.000145554
6.23836e-05
-0.000441409
3.49405e-05
4.26129e-05
-0.000448956
0.000220846
2.71144e-05
-0.000448863
0.00038514
2.52887e-05
-0.000429071
0.000531878
4.58989e-05
-0.000387101
0.000695744
9.22024e-05
-0.000331808
0.000899285
0.000161474
-0.000273195
0.0011272
0.000250961
-0.000206009
0.000531884
0.00018088
0.000315596
8.26879e-06
9.03974e-06
0.000152292
2.04565e-05
-0.000115388
2.59892e-05
3.55387e-05
-0.000207488
-8.87686e-05
5.28458e-05
-0.000276115
-0.000197459
6.92082e-05
-0.000324948
-0.000286181
7.98345e-05
-0.000355498
-0.000324186
8.05596e-05
-0.00037074
-0.000288817
7.13381e-05
-0.00037794
-0.000180592
5.48079e-05
-0.000384932
-1.39169e-05
3.26895e-05
-0.000396333
0.000183302
9.16961e-06
-0.000406252
0.00037549
-7.14739e-06
-0.000401516
0.000538206
-4.22448e-06
-0.00036992
0.000688097
2.59805e-05
-0.000314622
0.000874564
8.31644e-05
-0.000250868
0.00113166
0.00016211
-0.000187493
0.0014453
0.000262228
-0.000111459
0.000533339
0.000228752
0.000311681
9.67213e-06
5.45148e-05
0.000142333
2.35171e-05
-7.53975e-05
1.156e-05
3.87261e-05
-0.000168643
-0.000101263
5.32151e-05
-0.000234257
-0.000197012
6.42851e-05
-0.000277631
-0.000260126
6.80957e-05
-0.000303193
-0.000265809
6.21806e-05
-0.00031692
-0.000199357
4.70516e-05
-0.000326794
-6.2761e-05
2.46607e-05
-0.00033953
0.00012732
-3.95755e-06
-0.000355466
0.00033931
-3.21785e-05
-0.000364745
0.000534899
-4.86597e-05
-0.000350069
0.000693664
-3.94965e-05
-0.000301363
0.000846341
1.03623e-06
-0.000231077
0.00105879
6.62235e-05
-0.00015957
0.00137416
0.000144926
-8.74966e-05
0.00137502
0.000202788
0.000533976
0.00028229
0.000307446
1.02699e-05
0.000108021
0.000134111
2.48376e-05
-2.71888e-05
2.54555e-06
3.85747e-05
-0.00012212
-0.000104212
4.94637e-05
-0.000186289
-0.000183675
5.46468e-05
-0.000226678
-0.000220373
5.18089e-05
-0.000250595
-0.000195112
3.93202e-05
-0.000265859
-9.7833e-05
1.76622e-05
-0.000280342
6.78479e-05
-1.26817e-05
-0.000299348
0.000280929
-4.86358e-05
-0.000318737
0.000506448
-8.17984e-05
-0.000323099
0.000702888
-9.68277e-05
-0.000291942
0.000856826
-7.74007e-05
-0.000223783
0.00101804
-2.38305e-05
-0.000142815
0.00126712
4.1954e-05
-6.60219e-05
0.0013077
9.77568e-05
0.00053471
0.000340378
0.000304375
1.0395e-05
0.000168397
0.000129686
2.43497e-05
2.78612e-05
6.14459e-07
3.60452e-05
-6.97058e-05
-9.64997e-05
4.23939e-05
-0.000134145
-0.000157129
4.16799e-05
-0.000174297
-0.000166809
3.1914e-05
-0.000199364
-0.000110491
1.22266e-05
-0.000218635
1.89928e-05
-1.77331e-05
-0.000239981
0.000214369
-5.77749e-05
-0.000265231
0.000450832
-0.000102193
-0.000285868
0.000688864
-0.000139912
-0.000278428
0.000883115
-0.00014719
-0.000225218
0.0010364
-0.000109624
-0.000140018
0.00122558
-4.63616e-05
-5.56397e-05
0.00123655
2.00016e-05
0.000536093
0.000402077
0.00030395
9.77636e-06
0.000234426
0.000130476
2.27033e-05
8.83592e-05
7.17552e-06
3.11797e-05
-1.28702e-05
-7.71602e-05
3.2809e-05
-7.95186e-05
-0.000116536
2.54833e-05
-0.000121819
-9.78807e-05
8.29246e-06
-0.000150878
-8.91907e-06
-2.02057e-05
-0.000176801
0.000154614
-6.09914e-05
-0.000206573
0.000380634
-0.000111688
-0.00023811
0.000641584
-0.000166024
-0.000254558
0.000889469
-0.000201918
-0.000226898
0.00108009
-0.000191076
-0.000148532
0.00125179
-0.000131705
-5.57679e-05
0.00121086
-4.28148e-05
0.000301361
-0.000197133
0.000357474
0.00135213
-0.000127125
0.000326157
0.0013669
0.000538989
0.000466309
0.000307236
8.89989e-06
0.000304745
0.000137787
1.93534e-05
0.000153141
2.33732e-05
2.44307e-05
4.70433e-05
-4.49174e-05
2.0206e-05
-2.37196e-05
-6.04183e-05
5.83498e-06
-7.08671e-05
-1.10695e-05
-2.0347e-05
-0.000106854
0.000113274
-5.98273e-05
-0.000142567
0.00031169
-0.000112797
-0.000182162
0.000570774
-0.000176547
-0.000217931
0.000857212
-0.000236749
-0.000220635
0.0011097
-0.000262327
-0.000160465
0.00130693
-0.000218754
-6.34146e-05
0.00122098
-0.000105324
0.000389788
-0.000157503
0.000433043
0.00137401
0.00054389
0.000532091
0.000315376
6.98738e-06
0.000377725
0.00015254
1.48422e-05
0.000220501
5.05407e-05
1.48316e-05
0.000108608
1.70904e-06
4.3191e-06
3.15272e-05
1.33897e-05
-1.88092e-05
-2.33749e-05
9.65307e-05
-5.56006e-05
-7.02505e-05
0.000257279
-0.000107986
-0.000118495
0.000492438
-0.000174932
-0.00016883
0.000789178
-0.000250209
-0.000202033
0.00109981
-0.000314176
-0.000171894
0.00135594
-0.000305039
-7.69554e-05
0.00124612
-0.000176251
0.000547847
-0.000298957
0.00057411
0.000286398
0.000551279
0.000597745
0.000328908
4.92277e-06
0.00045142
0.000175959
8.05594e-06
0.000288276
8.98786e-05
2.57002e-06
0.0001693
6.44542e-05
-1.64076e-05
8.36655e-05
0.000106673
-4.95091e-05
1.70556e-05
0.000225158
-9.91876e-05
-4.45575e-05
0.000422186
-0.000165155
-0.000108074
0.000699506
-0.000245873
-0.000167217
0.00104149
-0.000337659
-0.000180061
0.00137133
-0.000379857
-9.64084e-05
0.00127193
-0.000255863
0.000561857
0.000662172
0.000348754
1.66819e-06
0.000523119
0.000208615
-1.48387e-07
0.000353174
0.000142411
-1.38505e-05
0.000225449
0.000143926
-4.23601e-05
0.000128174
0.000218515
-8.78774e-05
4.57691e-05
0.000371493
-0.000150922
-3.35373e-05
0.000606532
-0.000229759
-0.00011402
0.000938818
-0.000328718
-0.000176513
0.00133102
-0.000427828
-0.000133448
0.00128588
-0.000347966
0.000574538
0.000722555
0.000375394
-1.75623e-06
0.000589876
0.000251137
-1.09827e-05
0.000411121
0.000207686
-3.38503e-05
0.000271977
0.000238158
-7.50239e-05
0.000160124
0.000344625
-0.000133737
5.91597e-05
0.00052938
-0.000208101
-4.03105e-05
0.000810713
-0.000298917
-0.000142631
0.00122186
-0.000423174
-0.000190292
0.00128563
-0.000465836
0.000590432
0.000776934
0.00040919
-6.70287e-06
0.000647646
0.00030269
-2.33795e-05
0.00045702
0.000283991
-5.89298e-05
0.000303991
0.00034324
-0.000113697
0.00017537
0.000478898
-0.000185371
5.64669e-05
0.000692491
-0.000268637
-6.47099e-05
0.00103943
-0.000367083
-0.000207549
0.00133405
-0.000644326
0.000606081
0.000822179
0.000448127
-1.14281e-05
0.00069172
0.000361522
-3.903e-05
0.000486248
0.000367951
-8.81071e-05
0.000317266
0.000454709
-0.000159202
0.000173945
0.000615522
-0.000241059
4.03416e-05
0.000847668
-0.000328451
-0.00010434
0.00152848
-0.000435454
-0.000390075
0.000624094
0.000855847
0.000489603
-1.76153e-05
0.00071669
0.000424428
-5.70213e-05
0.000494246
0.000455856
-0.000124569
0.000310081
0.000570137
-0.000210291
0.000157845
0.000751964
-0.000302421
2.30558e-05
0.000984395
-0.00040467
-0.00013223
0.000536958
-0.000434101
0.000635676
0.000874254
0.00053022
-2.41356e-05
0.000718886
0.000487689
-8.18363e-05
0.00047799
0.000544773
-0.000169222
0.000283838
0.000693539
-0.000270624
0.000131573
0.000893714
-0.000380319
2.56279e-05
0.000958623
-0.000524955
0.000644712
0.000873847
0.000564541
-3.38023e-05
0.000690871
0.000545624
-0.000115721
0.000435366
0.000640312
-0.000226778
0.000236878
0.000824896
-0.000345406
9.15127e-05
0.000909082
-0.000537262
0.000633405
0.00085007
0.000586401
-4.86759e-05
0.000628657
0.000595519
-0.000170545
0.000367873
0.000736614
-0.000292693
0.000162175
0.000808615
-0.00052324
0.000605287
0.00078325
0.000577339
-8.3553e-05
0.000515936
0.000642046
-0.000228535
0.000264054
0.00067804
-0.000479039
0.000503158
0.000633987
0.000540706
-0.000130874
0.000363041
0.000524173
-0.000372177
0.000328677
0.00035911
0.000310219
-0.000187251
6.62292e-05
0.000109181
4.68895e-06
-4.84914e-05
1.09564e-05
-0.000158681
2.23646e-05
-0.00024607
4.07702e-05
-0.000319528
6.43676e-05
-0.000380725
8.64912e-05
-0.000425843
9.8911e-05
-0.000449764
9.8784e-05
-0.000456953
8.92105e-05
-0.000457913
7.29388e-05
-0.000460682
5.1746e-05
-0.000465901
3.3606e-05
-0.000464674
2.8693e-05
-0.000444299
4.66628e-05
-0.000401371
9.17233e-05
-0.000344115
0.000160767
-0.000282202
0.000250976
-0.000209116
0.000532085
0.000145476
0.000314893
7.23822e-06
-1.87884e-05
0.000152908
1.76499e-05
-0.000135463
2.83353e-05
3.19543e-05
-0.000224196
-8.75155e-05
5.05074e-05
-0.000293268
-0.000203171
7.01502e-05
-0.000345029
-0.000304487
8.49653e-05
-0.000378544
-0.000354256
8.90555e-05
-0.000394613
-0.000324134
8.18833e-05
-0.000400453
-0.000215036
6.59098e-05
-0.000404823
-4.22358e-05
4.30845e-05
-0.000413561
0.000165559
1.75373e-05
-0.000421637
0.000370211
-1.67474e-06
-0.00041662
0.000541588
-1.70253e-06
-0.000384852
0.000694678
2.66833e-05
-0.000328163
0.000882415
8.41645e-05
-0.00026235
0.00113892
0.000165495
-0.000194987
0.00144221
0.000269113
-0.000114557
0.000534117
0.000188372
0.000311779
9.28309e-06
2.01155e-05
0.000142407
2.21228e-05
-0.000102045
1.11121e-05
3.74116e-05
-0.000191606
-0.000105287
5.37406e-05
-0.000256622
-0.000209193
6.8126e-05
-0.000301057
-0.000283205
7.54399e-05
-0.000327298
-0.000297328
7.21184e-05
-0.00034
-0.0002332
5.81626e-05
-0.000347451
-9.34342e-05
3.57158e-05
-0.000357285
0.000105121
5.81264e-06
-0.000370776
0.000329735
-2.48073e-05
-0.000379017
0.000538141
-4.44057e-05
-0.000364578
0.00070349
-3.81432e-05
-0.000315622
0.000856602
1.53231e-06
-0.000243251
0.00107071
6.84473e-05
-0.000169123
0.00138936
0.000152146
-9.26141e-05
0.00137655
0.000213167
0.000534793
0.000237607
0.000307312
1.04209e-05
6.77456e-05
0.000132437
2.45854e-05
-5.95823e-05
-1.71937e-06
3.88782e-05
-0.000150041
-0.000113652
5.1768e-05
-0.000212299
-0.000201253
5.99285e-05
-0.000251885
-0.000246673
5.99205e-05
-0.000274632
-0.000226648
4.93323e-05
-0.000287664
-0.000129373
2.84563e-05
-0.000299049
4.15862e-05
-2.32336e-06
-0.000314902
0.000265411
-3.98638e-05
-0.000332263
0.000505219
-7.57551e-05
-0.000336421
0.000713612
-9.44993e-05
-0.00030579
0.000870286
-7.77804e-05
-0.000236006
0.00102858
-2.39344e-05
-0.000151453
0.00127851
4.50805e-05
-7.11115e-05
0.00131909
0.000103903
0.000535226
0.000292043
0.000303252
1.10031e-05
0.00012298
0.000125542
2.49309e-05
-9.39974e-06
-7.82053e-06
3.73382e-05
-0.000101559
-0.000111067
4.55353e-05
-0.00016261
-0.000179031
4.73564e-05
-0.000200323
-0.000195172
3.99108e-05
-0.000222822
-0.000141485
2.17354e-05
-0.000238939
-9.81175e-06
-7.61906e-06
-0.0002566
0.000193119
-4.83385e-05
-0.000278395
0.000442428
-9.46386e-05
-0.000297493
0.000695863
-0.000135977
-0.000290949
0.00089947
-0.000147663
-0.000238034
0.00105081
-0.000112392
-0.000149628
0.00123294
-4.75002e-05
-6.07218e-05
0.00124535
2.29342e-05
0.000536003
0.000350864
0.000301431
1.07421e-05
0.000184524
0.000123549
2.3954e-05
4.68796e-05
-5.3073e-06
3.31243e-05
-4.79529e-05
-9.61246e-05
3.63626e-05
-0.000109863
-0.000141851
3.11695e-05
-0.000148237
-0.000127466
1.59332e-05
-0.000173485
-3.88404e-05
-1.12067e-05
-0.00019524
0.000129197
-5.16778e-05
-0.00022066
0.00036514
-0.000103402
-0.000248528
0.000640916
-0.000160477
-0.000264635
0.00090368
-0.000201501
-0.000238328
0.0010995
-0.000195885
-0.000158363
0.00126357
-0.000137381
-6.0779e-05
0.00121876
-4.35382e-05
0.000538144
0.000412699
0.000303124
1.01979e-05
0.000251044
0.00012817
2.11643e-05
0.000107992
7.23115e-06
2.69416e-05
9.1396e-06
-6.7505e-05
2.40913e-05
-5.55386e-05
-8.80919e-05
1.15531e-05
-9.74055e-05
-4.09663e-05
-1.29034e-05
-0.000128283
8.53968e-05
-5.12629e-05
-0.000158652
0.000290899
-0.000104452
-0.000193017
0.000562029
-0.000170051
-0.000225338
0.000864349
-0.000234427
-0.000229186
0.00112923
-0.000267336
-0.000170172
0.00132535
-0.000229361
-6.92945e-05
0.00123285
-0.000110446
0.000355568
-0.000123884
0.000329282
0.00134353
0.000542276
0.000476823
0.00030974
8.57489e-06
0.000321159
0.000140534
1.72849e-05
0.000172294
3.13765e-05
1.80256e-05
6.83882e-05
-2.3527e-05
8.71489e-06
-1.36306e-06
-1.54645e-05
-1.28205e-05
-4.9539e-05
6.77629e-05
-4.82053e-05
-8.97076e-05
0.000233415
-0.000100104
-0.000131395
0.000477742
-0.000168203
-0.00017581
0.000788123
-0.000246885
-0.000206739
0.00111316
-0.000318218
-0.000178097
0.00137713
-0.000318133
-8.22754e-05
0.00126248
-0.000185093
0.00042541
0.000549012
0.000541346
0.000321858
6.70769e-06
0.00039291
0.00016208
1.10835e-05
0.000238128
6.86936e-05
6.45959e-06
0.000127653
3.79949e-05
-1.13975e-05
5.05751e-05
7.86575e-05
-4.3238e-05
-7.72208e-06
0.000200295
-9.22139e-05
-6.11585e-05
0.000404651
-0.000158892
-0.000116999
0.000692633
-0.000242342
-0.000169825
0.00104672
-0.000340412
-0.000181025
0.00138877
-0.000394451
-9.99219e-05
0.00129025
-0.000271525
0.000559083
0.000605443
0.000340881
3.41826e-06
0.00046393
0.000193829
3.18787e-06
0.000302444
0.000120871
-9.51698e-06
0.00018395
0.000118768
-3.70669e-05
9.63818e-05
0.000194735
-8.19638e-05
2.3612e-05
0.000353655
-0.000145507
-4.63675e-05
0.000597269
-0.00022685
-0.000117835
0.000939131
-0.000331555
-0.000173633
0.00134213
-0.000440875
-0.000130158
0.00130019
-0.000366581
0.000572114
0.000666264
0.000367138
-8.13126e-08
0.000531308
0.000236912
-7.97611e-06
0.000361524
0.000188352
-2.98215e-05
0.000232245
0.000217915
-7.05012e-05
0.000131041
0.00032874
-0.000129671
4.04028e-05
0.000521331
-0.000206449
-4.87991e-05
0.000810325
-0.000302679
-0.000139671
0.00122811
-0.000434381
-0.000176212
0.00129283
-0.000488622
0.000589418
0.000721813
0.000402324
-5.58609e-06
0.000591345
0.000291254
-2.14568e-05
0.000410164
0.000270021
-5.64112e-05
0.000267335
0.000331578
-0.000111589
0.000149638
0.000474004
-0.000185211
4.11636e-05
0.000695127
-0.000273419
-6.84445e-05
0.00104653
-0.000380193
-0.000192711
0.00133408
-0.000656149
0.000608034
0.000768277
0.000445375
-1.16826e-05
0.000638701
0.000355838
-3.92086e-05
0.000442983
0.0003628
-8.87096e-05
0.000284154
0.000454778
-0.000161472
0.000151402
0.000623305
-0.000247026
2.70734e-05
0.000860632
-0.000341347
-0.000103409
0.00153186
-0.000459339
-0.000395912
0.000630737
0.000804107
0.000494231
-1.94765e-05
0.000667539
0.000428012
-6.04727e-05
0.00045503
0.00046296
-0.000129728
0.000280688
0.000583891
-0.000218487
0.000137619
0.000771607
-0.000316402
8.64955e-06
0.00100099
-0.000427557
-0.000128835
0.000560883
-0.000414
0.000651138
0.00082277
0.000546017
-2.8774e-05
0.000672647
0.000504653
-8.98334e-05
0.000442548
0.000567047
-0.000180273
0.00025779
0.000721777
-0.000286233
0.000113419
0.000919189
-0.000408939
1.84956e-06
0.000914893
-0.000522602
0.000672468
0.000822362
0.000596661
-4.19654e-05
0.000646894
0.000580028
-0.000129406
0.000403769
0.000681859
-0.000245077
0.000216744
0.000869897
-0.000375242
8.14955e-05
0.000960112
-0.000550356
0.000681107
0.000792344
0.000640237
-6.27736e-05
0.000584087
0.000654766
-0.000191489
0.00034083
0.000804905
-0.000323834
0.000147015
0.000891839
-0.000528974
0.000681028
0.000725653
0.000664001
-0.000104575
0.000476026
0.000733805
-0.000258936
0.000242357
0.000794809
-0.000477834
0.000624987
0.000577869
0.000669877
-0.000160669
0.0003189
0.000673959
-0.00036477
0.00049047
0.00034132
0.000485606
-0.000184522
0.000238088
0.000114717
5.66755e-06
-4.09619e-05
1.36505e-05
-0.000149841
2.65098e-05
-0.000235401
4.57873e-05
-0.000305632
6.86863e-05
-0.000361635
8.82176e-05
-0.000399861
9.65517e-05
-0.000418071
9.20875e-05
-0.000422881
7.74674e-05
-0.000424524
5.44732e-05
-0.000430182
2.72291e-05
-0.00043607
5.17635e-06
-0.000430322
1.85306e-06
-0.000398357
2.79478e-05
-0.000340714
8.5032e-05
-0.000273107
0.000168213
-0.000202112
0.000274229
-0.000116278
0.000534309
0.000152522
0.000311101
8.29854e-06
-8.7584e-06
0.000142774
1.96845e-05
-0.00012356
1.26604e-05
3.46876e-05
-0.000209924
-0.000105864
5.27689e-05
-0.000275308
-0.000217929
7.07424e-05
-0.00032207
-0.000304797
8.2282e-05
-0.000350178
-0.0003295
8.21452e-05
-0.000362702
-0.000269862
6.99946e-05
-0.000367875
-0.000128477
4.78466e-05
-0.000374542
7.7227e-05
1.69887e-05
-0.000385118
0.000314209
-1.58793e-05
-0.000391906
0.000536281
-3.87555e-05
-0.000377707
0.000709612
-3.58588e-05
-0.000328432
0.00086438
2.5195e-06
-0.000254295
0.00108064
7.06714e-05
-0.000177453
0.0014018
0.000158633
-9.69484e-05
0.00137196
0.000219312
0.000535483
0.000196965
0.000306982
1.00066e-05
3.25625e-05
0.000131711
2.35087e-05
-8.74149e-05
-3.68842e-06
3.83251e-05
-0.000174221
-0.000120044
5.3444e-05
-0.000235548
-0.000216406
6.50889e-05
-0.000275552
-0.000272565
6.86205e-05
-0.000297907
-0.000259868
6.03993e-05
-0.000309016
-0.000164325
4.05609e-05
-0.000317343
1.02958e-05
9.52505e-06
-0.000329707
0.000243606
-2.94597e-05
-0.000344319
0.000497925
-6.80512e-05
-0.000348078
0.0007198
-9.06818e-05
-0.000318227
0.000881176
-7.72018e-05
-0.000247777
0.00103788
-2.37326e-05
-0.000160377
0.00128941
4.83391e-05
-7.62233e-05
0.00132849
0.000111156
0.00053585
0.000247404
0.000302224
1.11421e-05
8.22174e-05
0.00012249
2.48983e-05
-4.25503e-05
-1.41327e-05
3.82355e-05
-0.000130196
-0.0001232
4.87365e-05
-0.000188973
-0.00019953
5.36733e-05
-0.000225138
-0.000223916
4.90259e-05
-0.000245582
-0.000174766
3.26657e-05
-0.000258592
-4.26478e-05
4.00675e-06
-0.000272543
0.000166139
-3.7273e-05
-0.000290513
0.000427294
-8.54097e-05
-0.000307474
0.000696709
-0.000130189
-0.000301577
0.000912114
-0.000146771
-0.000249444
0.00106376
-0.000114397
-0.000158494
0.00124029
-4.84283e-05
-6.5299e-05
0.0012528
2.53427e-05
0.000536185
0.000302864
0.0002991
1.12849e-05
0.000138957
0.000117537
2.46492e-05
9.30137e-06
-1.61957e-05
3.48373e-05
-7.99725e-05
-0.000113496
4.01885e-05
-0.00013807
-0.000166571
3.76871e-05
-0.000173378
-0.000158079
2.48069e-05
-0.00019528
-7.16819e-05
-8.30843e-07
-0.000212885
9.89194e-05
-4.08477e-05
-0.000233813
0.000343058
-9.34626e-05
-0.000257489
0.00063302
-0.000152838
-0.000272736
0.000912114
-0.00019889
-0.000248156
0.00111654
-0.000199477
-0.000167991
0.0012753
-0.000142867
-6.59873e-05
0.00122528
-4.43098e-05
0.000537693
0.000362057
0.000299037
1.10893e-05
0.000201475
0.000118981
2.25103e-05
6.66827e-05
-7.98997e-06
2.92235e-05
-2.55923e-05
-8.93895e-05
2.8252e-05
-8.50608e-05
-0.000116037
1.80364e-05
-0.000122394
-7.26851e-05
-4.37178e-06
-0.000148601
5.36557e-05
-4.13825e-05
-0.000173794
0.000264121
-9.45297e-05
-0.000202754
0.000545691
-0.000161535
-0.000231131
0.000863973
-0.000229992
-0.000235768
0.00114422
-0.000270788
-0.000178415
0.00134359
-0.000238828
-7.51568e-05
0.00124348
-0.000114949
0.000541074
0.000424099
0.000303876
9.80061e-06
0.000268273
0.000128413
1.91592e-05
0.000127895
1.23424e-05
2.08546e-05
3.14109e-05
-4.89701e-05
1.32386e-05
-3.17807e-05
-4.55643e-05
-6.23538e-06
-7.39734e-05
3.59617e-05
-3.98207e-05
-0.000107923
0.000204286
-9.08441e-05
-0.000143131
0.000455818
-0.000159608
-0.000181536
0.000778667
-0.0002413
-0.000209008
0.00111994
-0.000319354
-0.000183953
0.0013958
-0.000330193
-8.80092e-05
0.00127807
-0.000195337
0.000329383
0.000547058
0.000487352
0.000314435
8.20801e-06
0.000337659
0.000147439
1.3596e-05
0.000191364
4.66558e-05
1.00133e-05
8.91279e-05
1.01542e-05
-6.27808e-06
1.99355e-05
4.79177e-05
-3.63255e-05
-3.06787e-05
0.00017066
-8.39306e-05
-7.62462e-05
0.000380247
-0.000150758
-0.000124436
0.000677171
-0.00023626
-0.000170973
0.0010438
-0.000340228
-0.000181812
0.00140118
-0.000405259
-0.000103379
0.00130691
-0.000284032
0.000556362
0.000550775
0.000332155
5.19753e-06
0.000407522
0.000177439
6.35505e-06
0.000254623
9.71723e-05
-5.1791e-06
0.000145133
9.05756e-05
-3.13173e-05
6.68467e-05
0.000166278
-7.49117e-05
3.43267e-06
0.000329271
-0.000138204
-5.74631e-05
0.000579596
-0.000221202
-0.000120466
0.000930327
-0.000330332
-0.000171101
0.00134595
-0.000450107
-0.000129189
0.00131341
-0.000384668
0.000569278
0.000611697
0.000357613
1.64217e-06
0.000475001
0.00022003
-4.52358e-06
0.000314333
0.00016534
-2.50798e-05
0.000194975
0.000192747
-6.46912e-05
0.000104278
0.000306353
-0.000123582
2.40747e-05
0.00050483
-0.00020181
-5.49062e-05
0.000799943
-0.000301806
-0.000137202
0.00122694
-0.00044097
-0.000172366
0.0013023
-0.0005062
0.000587056
0.000668545
0.000393039
-4.01089e-06
0.000536629
0.00027584
-1.83188e-05
0.000365435
0.000250776
-5.22926e-05
0.000233282
0.000313251
-0.000107164
0.000126861
0.000460938
-0.000182091
2.91103e-05
0.000687496
-0.000273873
-6.99741e-05
0.00104245
-0.000386333
-0.000183637
0.00134471
-0.000675469
0.000607627
0.000716634
0.000438353
-1.05994e-05
0.000587509
0.000344743
-3.74021e-05
0.00040225
0.000350766
-8.65522e-05
0.000254333
0.000446638
-0.000160273
0.00013284
0.00062102
-0.000248963
1.89927e-05
0.000860727
-0.000348918
-9.9815e-05
0.00153961
-0.000470779
-0.000385834
0.000633002
0.00075433
0.000492869
-1.99406e-05
0.000620796
0.000424457
-6.12518e-05
0.000419079
0.000461508
-0.000131228
0.000255362
0.000588021
-0.0002227
0.000122945
0.000780252
-0.000325165
2.24652e-06
0.00100484
-0.000441688
-0.000124912
0.000563427
-0.000398455
0.000660074
0.000775695
0.000553578
-3.10588e-05
0.000630563
0.0005125
-9.4096e-05
0.000411551
0.000579253
-0.000186956
0.000236951
0.000739173
-0.000297272
0.000101093
0.000935902
-0.000427063
-8.55744e-06
0.000890823
-0.000518764
0.000690079
0.000776385
0.000617941
-4.72456e-05
0.000608779
0.000603034
-0.000138606
0.000377876
0.000710967
-0.000258141
0.00020059
0.000902046
-0.000397437
6.97681e-05
0.000993257
-0.000553897
0.000714389
0.000747114
0.000679517
-7.12992e-05
0.000549508
0.000698643
-0.000205806
0.000320621
0.000857044
-0.000347037
0.000136399
0.000956641
-0.000533663
0.000733999
0.000676599
0.000730523
-0.000117311
0.000443387
0.000806698
-0.000280102
0.000224205
0.000888595
-0.000475744
0.00071297
0.000533094
0.000772182
-0.000176199
0.000290984
0.000795571
-0.00035709
0.000609677
0.000297992
0.000624416
-0.00018468
0.000394887
0.000121126
6.77123e-06
-3.2044e-05
1.60158e-05
-0.000139498
3.00971e-05
-0.000223035
4.95136e-05
-0.000289586
7.11775e-05
-0.000340126
8.74561e-05
-0.000371716
9.13788e-05
-0.000384893
8.16641e-05
-0.000388211
6.06507e-05
-0.0003916
2.93068e-05
-0.000398831
-5.44632e-06
-0.000403559
-3.16201e-05
-0.000389314
-3.2449e-05
-0.00034014
4.07883e-06
-0.000264905
7.29777e-05
-0.000185776
0.000164626
-0.000101351
0.000227096
0.000535559
0.000160745
0.0003061
9.13028e-06
2.67813e-06
0.000131641
2.14706e-05
-0.000110273
-3.23063e-06
3.64804e-05
-0.000194092
-0.000122855
5.3844e-05
-0.000255599
-0.000228325
6.93231e-05
-0.000297192
-0.000297283
7.70315e-05
-0.000320346
-0.000294377
7.18087e-05
-0.000330007
-0.000202626
5.35269e-05
-0.000335253
-2.58627e-05
2.26559e-05
-0.00034405
0.000215596
-1.7513e-05
-0.000355474
0.00048408
-5.86235e-05
-0.000358193
0.000720882
-8.53439e-05
-0.000329304
0.000888957
-7.55244e-05
-0.000258169
0.00104566
-2.30966e-05
-0.0001683
0.00129974
5.14117e-05
-8.05581e-05
0.00133451
0.000116339
0.000536278
0.000206544
0.000301231
1.07921e-05
4.62725e-05
0.000120616
2.4184e-05
-7.13996e-05
-1.79581e-05
3.84512e-05
-0.000155402
-0.000132301
5.15281e-05
-0.000212886
-0.000217996
6.01164e-05
-0.000248582
-0.000252591
5.88888e-05
-0.000267721
-0.00021009
4.47441e-05
-0.000277874
-7.95006e-05
1.70063e-05
-0.000287971
0.000133456
-2.46907e-05
-0.000301792
0.000405324
-7.43784e-05
-0.000316022
0.000691063
-0.000122532
-0.000310582
0.00092057
-0.000144096
-0.000259788
0.00107503
-0.000115615
-0.000167166
0.00124698
-4.9017e-05
-6.97048e-05
0.00125924
2.84909e-05
0.000536425
0.000258307
0.00029693
1.1416e-05
9.78707e-05
0.00011272
2.49027e-05
-2.43999e-05
-2.49297e-05
3.63439e-05
-0.000109069
-0.000128699
4.42683e-05
-0.000164364
-0.000190277
4.49409e-05
-0.000197347
-0.000189482
3.4819e-05
-0.000216332
-0.000107216
1.09051e-05
-0.000229956
6.39757e-05
-2.85124e-05
-0.00024636
0.000314347
-8.17565e-05
-0.000265455
0.000617569
-0.000143359
-0.000278852
0.000914394
-0.000194073
-0.000256555
0.00113094
-0.000201514
-0.000176722
0.00128666
-0.00014738
-7.09075e-05
0.00123023
-4.49017e-05
0.000537495
0.000314347
0.000295117
1.15886e-05
0.000155938
0.000110758
2.33321e-05
2.903e-05
-2.16787e-05
3.1396e-05
-5.74908e-05
-0.000109904
3.28114e-05
-0.000112679
-0.000143822
2.53848e-05
-0.000146171
-0.000105979
5.32849e-06
-0.000168145
1.83565e-05
-3.0171e-05
-0.000188262
0.000231668
-8.30409e-05
-0.000211781
0.000521882
-0.000151209
-0.000235309
0.000855437
-0.00022295
-0.000240139
0.00115415
-0.000271549
-0.000186013
0.00136081
-0.000247295
-8.07889e-05
0.00125289
-0.000119708
0.000540017
0.000374203
0.000298031
1.05863e-05
0.000219244
0.000116672
2.0601e-05
8.70467e-05
-5.89974e-06
2.35348e-05
-2.63255e-06
-7.39777e-05
1.80897e-05
-6.0106e-05
-7.63956e-05
1.0914e-06
-9.7026e-05
1.64533e-06
-3.0378e-05
-0.000125288
0.00017037
-8.02145e-05
-0.000154192
0.000427109
-0.000149311
-0.000186269
0.0007605
-0.000233111
-0.000209845
0.001119
-0.000317742
-0.000187868
0.00141143
-0.000339524
-9.33503e-05
0.00129197
-0.000204004
0.000545389
0.00043557
0.000306547
9.43403e-06
0.000285886
0.000132595
1.55898e-05
0.000148005
2.44924e-05
1.32979e-05
5.35154e-05
-1.82742e-05
-1.00917e-06
-8.57808e-06
1.52349e-05
-2.88102e-05
-5.23008e-05
0.000136997
-7.46129e-05
-9.0491e-05
0.000349739
-0.000141002
-0.000131228
0.000653439
-0.00022796
-0.000171144
0.00103301
-0.00033698
-0.000180591
0.0014074
-0.000413418
-0.000106953
0.00132109
-0.000297526
0.000553762
0.00049816
0.000322684
6.75076e-06
0.000353975
0.000160034
9.04444e-06
0.000209738
7.21947e-05
-1.0818e-06
0.00010891
6.02501e-05
-2.53291e-05
3.92649e-05
0.000134121
-6.7027e-05
-1.54248e-05
0.000299113
-0.000129364
-6.74825e-05
0.000554502
-0.0002133
-0.000122302
0.000913431
-0.00032612
-0.000168185
0.00134252
-0.000455049
-0.000128593
0.00132219
-0.000396196
0.000566359
0.000558892
0.000346916
3.5878e-06
0.000420987
0.000201201
-1.14638e-06
0.000269421
0.00013947
-2.01139e-05
0.0001598
0.000163534
-5.81289e-05
7.92765e-05
0.000278397
-0.000115927
9.11185e-06
0.000481206
-0.000194742
-6.02995e-05
0.000781595
-0.000297739
-0.00013471
0.00121814
-0.000442715
-0.000169699
0.00130867
-0.000520231
0.000583631
0.000616765
0.000381674
-1.96574e-06
0.000483808
0.000257253
-1.46318e-05
0.000322472
0.000227097
-4.7089e-05
0.000201051
0.000289101
-0.000101047
0.000105893
0.000440584
-0.00017635
1.89693e-05
0.000671878
-0.000270738
-7.03558e-05
0.00103148
-0.000387874
-0.000179334
0.00135294
-0.000686791
0.000605651
0.00066651
0.000428051
-8.99041e-06
0.000537603
0.000328973
-3.42732e-05
0.000363187
0.000332849
-8.24805e-05
0.000226516
0.000431203
-0.000156438
0.000116645
0.000610354
-0.000247302
1.32054e-05
0.00085283
-0.000351453
-9.69567e-05
0.00154381
-0.000478103
-0.000385205
0.000632621
0.000706416
0.000486424
-1.89532e-05
0.000575506
0.000414659
-5.97217e-05
0.000385218
0.000452812
-0.000129732
0.000232488
0.000583548
-0.000223152
0.000111501
0.000779926
-0.000329305
-2.94651e-07
0.00100304
-0.000449639
-0.000119152
0.000565224
-0.000387631
0.000663937
0.000730526
0.000554246
-3.18529e-05
0.000590729
0.000512401
-9.5549e-05
0.0003835
0.000582808
-0.000189921
0.000219029
0.000747063
-0.000303705
9.35955e-05
0.000946808
-0.00043819
-1.21578e-05
0.000885972
-0.000518516
0.000700466
0.000734249
0.000630101
-5.00151e-05
0.000574322
0.000616028
-0.00014407
0.000355671
0.000729494
-0.000266509
0.00018766
0.000924882
-0.000411804
6.29974e-05
0.00102037
-0.000554438
0.000736618
0.000706911
0.000706929
-7.71164e-05
0.000519878
0.000730057
-0.000215229
0.00030355
0.000896378
-0.000363759
0.000127579
0.00100735
-0.000534839
0.000771623
0.000638191
0.000780802
-0.000124816
0.000418239
0.000863748
-0.000294504
0.000211038
0.00096533
-0.000473999
0.000776474
0.000495785
0.000852838
-0.000185475
0.000268106
0.000894335
-0.000350302
0.000697562
0.00026901
0.000738116
-0.000179806
0.000508199
0.000128736
7.66051e-06
-2.17463e-05
1.81883e-05
-0.000127787
3.281e-05
-0.000209006
5.203e-05
-0.000271591
7.15995e-05
-0.000316251
8.4083e-05
-0.000341592
8.26963e-05
-0.000350649
6.66415e-05
-0.000353088
3.66399e-05
-0.000358096
-4.19818e-06
-0.000365795
-4.7494e-05
-0.000367021
-7.83413e-05
-0.00033888
-7.26069e-05
-0.000268187
-2.17673e-05
-0.000176078
5.47107e-05
-8.53171e-05
0.000122873
0.000536207
0.000169946
0.000299947
1.00096e-05
1.54235e-05
0.000119836
2.25779e-05
-9.55898e-05
-1.90339e-05
3.75227e-05
-0.000176695
-0.000137833
5.32619e-05
-0.000234005
-0.000233546
6.58932e-05
-0.000270503
-0.000280675
6.86817e-05
-0.000289134
-0.00024721
5.73528e-05
-0.000296712
-0.000119952
3.10492e-05
-0.000303195
9.53038e-05
-1.06715e-05
-0.00031274
0.000376331
-6.17056e-05
-0.000323399
0.000678319
-0.000112804
-0.00031799
0.000924022
-0.000139633
-0.000268647
0.00108421
-0.000115669
-0.000174778
0.00125304
-4.92588e-05
-7.36969e-05
0.00126419
3.08386e-05
0.00053646
0.000217302
0.000295016
1.10855e-05
6.12853e-05
0.000109385
2.45346e-05
-5.41477e-05
-3.10362e-05
3.73122e-05
-0.000135079
-0.000141015
4.81478e-05
-0.000188601
-0.000212237
5.25355e-05
-0.000220268
-0.00022132
4.56573e-05
-0.000236795
-0.000145288
2.38022e-05
-0.000246598
2.46478e-05
-1.47702e-05
-0.000258563
0.000279504
-6.84536e-05
-0.000272874
0.000594371
-0.000131792
-0.000283563
0.000909832
-0.000187077
-0.000263039
0.00114189
-0.000201877
-0.000184474
0.00129757
-0.000151564
-7.55318e-05
0.00123416
-4.51485e-05
0.000537197
0.00027002
0.000291599
1.16848e-05
0.000114607
0.000103875
2.38899e-05
-5.06247e-06
-3.32565e-05
3.35104e-05
-8.67324e-05
-0.000128546
3.77522e-05
-0.000138533
-0.000170947
3.35309e-05
-0.000168934
-0.000140492
1.61394e-05
-0.000187052
-2.01541e-05
-1.7631e-05
-0.000202326
0.000194003
-7.0047e-05
-0.000220404
0.000490815
-0.000139074
-0.000238675
0.000838978
-0.00021367
-0.000242796
0.00115784
-0.0002696
-0.000192158
0.00137623
-0.00025372
-8.57988e-05
0.00126081
-0.000123733
0.000538975
0.000326978
0.000292295
1.10754e-05
0.000173931
0.000105883
2.16526e-05
4.95628e-05
-2.27354e-05
2.6214e-05
-3.40573e-05
-9.79807e-05
2.3389e-05
-8.66797e-05
-0.000107478
9.24243e-06
-0.000119002
-3.47488e-05
-1.98654e-05
-0.000142056
0.00013227
-6.82983e-05
-0.000164905
0.000392106
-0.000137265
-0.000190722
0.000734211
-0.000222891
-0.00020908
0.00111002
-0.000312919
-0.000189792
0.00142263
-0.000346153
-9.83525e-05
0.00130429
-0.000212814
0.00054365
0.000386528
0.000298619
1.02884e-05
0.000237486
0.000118029
1.72136e-05
0.000107934
2.92063e-06
1.64693e-05
2.056e-05
-4.66361e-05
4.59443e-06
-3.52467e-05
-1.87277e-05
-2.05969e-05
-7.28441e-05
9.99874e-05
-6.42716e-05
-0.000104222
0.000313763
-0.00012981
-0.000137718
0.00062271
-0.000217591
-0.000171059
0.00101276
-0.000330166
-0.000177172
0.00140671
-0.000417051
-0.000109649
0.00133134
-0.0003076
0.000550992
0.000447773
0.000312686
7.95957e-06
0.000303514
0.000142156
1.1338e-05
0.000167843
4.67402e-05
2.7947e-06
7.51664e-05
2.8743e-05
-1.91729e-05
1.32921e-05
9.9105e-05
-5.85212e-05
-3.33765e-05
0.000264087
-0.000119365
-7.71013e-05
0.000522881
-0.00020345
-0.000124118
0.000888332
-0.000319025
-0.000164
0.00133097
-0.000455762
-0.00012669
0.00132635
-0.000408636
0.000563186
0.000508084
0.000335214
5.19293e-06
0.00036953
0.000180943
1.9121e-06
0.000227002
0.000111721
-1.52969e-05
0.000126627
0.000131377
-5.11499e-05
5.55452e-05
0.000245742
-0.000107224
-4.90989e-06
0.000451347
-0.000185831
-6.50924e-05
0.000756034
-0.000290612
-0.000132249
0.00120234
-0.000441323
-0.000166112
0.00130939
-0.000525506
0.000579691
0.00056642
0.000368804
8.0683e-08
0.00043263
0.000236121
-1.08788e-05
0.000281317
0.000199865
-4.14655e-05
0.000170369
0.000260161
-9.37714e-05
8.60612e-05
0.000414107
-0.000168632
9.47986e-06
0.000649428
-0.000264645
-7.09433e-05
0.0010143
-0.000385462
-0.000174783
0.00135481
-0.000691806
0.00060249
0.00061796
0.000415168
-6.86272e-06
0.000488922
0.000309322
-3.04334e-05
0.000325468
0.000309716
-7.69741e-05
0.000200111
0.000409392
-0.000150404
0.000101759
0.000592785
-0.000242534
8.33366e-06
0.000839223
-0.000349928
-9.46945e-05
0.00154279
-0.000480709
-0.000384396
0.000630107
0.000660033
0.000476085
-1.73897e-05
0.000531058
0.000399545
-5.67094e-05
0.00035253
0.000437582
-0.000125996
0.000211304
0.000571739
-0.000220475
0.000101627
0.000772635
-0.000329426
-1.53047e-06
0.000998477
-0.000453199
-0.000117297
0.000568705
-0.000388686
0.000664399
0.000687001
0.000549174
-3.1125e-05
0.000551982
0.000505429
-9.45445e-05
0.000357003
0.000578468
-0.000189529
0.000203205
0.000746978
-0.000306086
8.83676e-05
0.000952345
-0.000443392
-1.20779e-05
0.000896945
-0.000517756
0.000705202
0.000693938
0.000634471
-5.08723e-05
0.000541682
0.000620753
-0.000146443
0.000335296
0.00073934
-0.000271128
0.000176607
0.00093956
-0.000420002
6.07297e-05
0.00104373
-0.000554035
0.000750685
0.000670167
0.000724399
-8.02251e-05
0.000493008
0.000751156
-0.000221028
0.000289091
0.000925228
-0.000373894
0.000120901
0.00104878
-0.000532872
0.000797151
0.000604267
0.000818203
-0.000129163
0.00039641
0.000907836
-0.000303676
0.000199379
0.00102796
-0.00046989
0.000823121
0.000466728
0.000916438
-0.000190389
0.000250523
0.000975216
-0.000343841
0.000762516
0.000245355
0.000830813
-0.000174893
0.000597403
0.000137364
8.60676e-06
-1.01972e-05
1.97512e-05
-0.000114641
3.47874e-05
-0.000193328
5.29672e-05
-0.000251575
6.99387e-05
-0.000290259
7.7487e-05
-0.000309581
6.97095e-05
-0.000315409
4.55418e-05
-0.000318218
4.40997e-06
-0.000323451
-4.74145e-05
-0.000330234
-0.000101311
-0.000324016
-0.000133324
-0.000276653
-0.000114667
-0.000182189
-4.86694e-05
-7.77585e-05
3.40918e-05
0.000536032
0.000180384
0.00029316
1.03979e-05
2.94599e-05
0.000107511
2.33716e-05
-7.95641e-05
-3.42124e-05
3.73068e-05
-0.000157563
-0.000149826
5.11733e-05
-0.000210474
-0.000231861
5.97241e-05
-0.00024192
-0.000253122
5.67358e-05
-0.000256715
-0.000185417
3.74771e-05
-0.000263009
-1.87395e-05
1.58303e-07
-0.000270637
0.000238607
-5.36417e-05
-0.000279906
0.000563847
-0.000118482
-0.000287197
0.000897804
-0.000177704
-0.000267891
0.00114871
-0.000200211
-0.00019093
0.00130733
-0.000153974
-7.98207e-05
0.00123639
-4.50851e-05
0.000536629
0.000228955
0.000288505
1.14717e-05
7.74428e-05
9.86534e-05
2.38972e-05
-3.55106e-05
-4.21647e-05
3.52361e-05
-0.000113259
-0.000144505
4.26422e-05
-0.000162748
-0.000196923
4.21381e-05
-0.000190772
-0.000175859
2.78611e-05
-0.000205486
-6.14736e-05
-3.93044e-06
-0.000216118
0.000151556
-5.56119e-05
-0.000228957
0.00045305
-0.000125199
-0.000241702
0.000813882
-0.000202033
-0.000243511
0.00115497
-0.000265206
-0.00019684
0.00138935
-0.000258515
-9.06406e-05
0.00126759
-0.000127458
0.00053781
0.00028287
0.000287063
1.12556e-05
0.000132474
9.64937e-05
2.24838e-05
1.53542e-05
-3.75769e-05
2.89316e-05
-6.30699e-05
-0.000120352
2.9111e-05
-0.000111742
-0.000138424
1.81908e-05
-0.000140039
-7.28013e-05
-8.31076e-06
-0.00015832
9.0454e-05
-5.51377e-05
-0.00017542
0.000351516
-0.000123734
-0.000195154
0.00070031
-0.000210486
-0.000207957
0.00109189
-0.000305066
-0.000189202
0.00142804
-0.000348937
-0.000102356
0.00131432
-0.000219565
0.000541732
0.000339972
0.000290774
1.07963e-05
0.000192632
0.000104307
1.85459e-05
7.09533e-05
-1.74187e-05
1.96754e-05
-1.0004e-05
-7.43394e-05
1.06287e-05
-6.03623e-05
-5.34213e-05
-1.16596e-05
-9.25137e-05
6.02994e-05
-5.29738e-05
-0.000117693
0.000273039
-0.000117362
-0.000144082
0.000585485
-0.000205296
-0.000171093
0.00098407
-0.000321088
-0.000172222
0.00139747
-0.000416613
-0.000110089
0.00133745
-0.00031728
0.000548208
0.000399601
0.000302379
8.84215e-06
0.000256166
0.000124399
1.32399e-05
0.000128922
2.15888e-05
6.55392e-06
4.37523e-05
-3.15025e-06
-1.2742e-05
-1.1208e-05
6.2077e-05
-4.93948e-05
-5.06925e-05
0.000225045
-0.000108331
-8.66594e-05
0.000485591
-0.000191919
-0.0001261
0.000856583
-0.000309191
-0.000160285
0.00131075
-0.00045204
-0.000121967
0.00132457
-0.000415468
0.000559702
0.000459217
0.000322783
6.51779e-06
0.000320765
0.000159911
4.5749e-06
0.000187096
8.29868e-05
-1.06412e-05
9.53692e-05
9.72252e-05
-4.39598e-05
3.2883e-05
0.000209416
-9.7735e-05
-1.86803e-05
0.000416242
-0.000175491
-6.9955e-05
0.000724896
-0.000281328
-0.000130676
0.00118053
-0.000436072
-0.000161881
0.00130293
-0.000528874
0.000575282
0.000517685
0.000354736
1.73742e-06
0.000383772
0.000213096
-7.31507e-06
0.000242046
0.000170014
-3.57339e-05
0.000141062
0.000227382
-8.58523e-05
6.69519e-05
0.000382545
-0.000159456
2.78183e-07
0.000621469
-0.000256117
-7.16282e-05
0.000991873
-0.000379628
-0.000171516
0.00135353
-0.000690331
0.000598281
0.00057071
0.000400109
-4.77648e-06
0.000441587
0.000286555
-2.6244e-05
0.000288863
0.000282395
-7.0715e-05
0.000174634
0.000382286
-0.000142801
8.73366e-05
0.000569436
-0.000235457
3.6412e-06
0.00082055
-0.000345086
-9.26469e-05
0.00153744
-0.000479308
-0.000381931
0.000626316
0.000614889
0.00046229
-1.51966e-05
0.00048748
0.000379977
-5.27311e-05
0.000320793
0.0004167
-0.000120432
0.00019102
0.000553789
-0.000215056
9.22311e-05
0.000759532
-0.000326075
-2.41533e-06
0.000990745
-0.000451791
-0.00011588
0.000572177
-0.000387867
0.000662379
0.000644663
0.00053939
-2.96896e-05
0.000513822
0.000492495
-9.18967e-05
0.000331365
0.000567615
-0.000186438
0.000188121
0.000740503
-0.000304891
8.35671e-05
0.000952709
-0.000443711
-1.13827e-05
0.00090684
-0.000515878
0.000705917
0.000655161
0.000632459
-5.05071e-05
0.000509957
0.000618117
-0.000146025
0.000316136
0.000741636
-0.000271922
0.000166745
0.000947909
-0.000422875
5.95013e-05
0.00106414
-0.000550242
0.000758475
0.000635276
0.000733577
-8.15515e-05
0.000467613
0.000763441
-0.000223579
0.000275463
0.000945916
-0.000379005
0.000114922
0.00108272
-0.000527243
0.000813896
0.000573197
0.000844717
-0.000131922
0.000377388
0.000941477
-0.000308196
0.000189751
0.00107971
-0.000463722
0.000857149
0.000441076
0.000966391
-0.000192548
0.00023533
0.00104151
-0.00033681
0.00081184
0.000227016
0.000907423
-0.000169928
0.000667865
0.000147257
9.13851e-06
2.62555e-06
2.10541e-05
-0.000100153
3.56064e-05
-0.00017587
5.23522e-05
-0.000229361
6.54148e-05
-0.000261912
6.70183e-05
-0.000276049
5.11857e-05
-0.000279243
1.57502e-05
-0.000282691
-3.75489e-05
-0.000287053
-0.000103434
-0.000290156
-0.000166212
-0.0002714
-0.000196914
-0.000196744
-0.000155951
-8.35609e-05
-4.44642e-05
0.000535753
0.000191659
0.000285696
1.09351e-05
4.47061e-05
9.52094e-05
2.32109e-05
-6.20237e-05
-4.79924e-05
3.61479e-05
-0.000136709
-0.000157221
4.68965e-05
-0.00018493
-0.000220969
5.05528e-05
-0.00021169
-0.000211544
3.99479e-05
-0.0002235
-0.000105211
1.06283e-05
-0.000229741
0.000104794
-3.99717e-05
-0.000237545
0.000409102
-0.000109696
-0.000244743
0.000780699
-0.000188355
-0.000243363
0.00114422
-0.000258109
-0.000199241
0.00139916
-0.000260424
-9.42962e-05
0.00127242
-0.00012973
0.00053649
0.000241748
0.000282394
1.1178e-05
9.48315e-05
8.8921e-05
2.28974e-05
-1.55987e-05
-4.98482e-05
3.14215e-05
-8.97661e-05
-0.000140551
3.49357e-05
-0.000135346
-0.000168637
2.76819e-05
-0.00016038
-0.000112064
4.1282e-06
-0.000174282
4.5488e-05
-4.08647e-05
-0.000185899
0.000305927
-0.000108723
-0.000199844
0.000659431
-0.000196173
-0.000206683
0.00106482
-0.000294591
-0.000187052
0.00142662
-0.000348854
-0.000105073
0.00132162
-0.000225393
0.000539642
0.000296216
0.000283404
1.1056e-05
0.000151272
9.19888e-05
1.96667e-05
3.69375e-05
-3.5964e-05
2.29945e-05
-3.84077e-05
-0.000100893
1.71149e-05
-8.41119e-05
-8.83533e-05
-1.96886e-06
-0.000111448
1.85326e-05
-4.07048e-05
-0.000130985
0.000228203
-0.000103675
-0.000150642
0.000542728
-0.000191203
-0.000171679
0.000947477
-0.000309253
-0.000167177
0.00137885
-0.000411426
-0.0001081
0.00133882
-0.000323294
0.000545082
0.000353894
0.000292136
9.39628e-06
0.000212025
0.000107414
1.48155e-05
9.27979e-05
-2.58562e-06
1.03318e-05
1.44678e-05
-3.48002e-05
-5.95824e-06
-3.44133e-05
2.37617e-05
-3.96546e-05
-6.75173e-05
0.000182681
-9.63477e-05
-9.63433e-05
0.000443421
-0.000179028
-0.00012818
0.000819033
-0.000296977
-0.000157654
0.00128241
-0.000444574
-0.000115921
0.00131417
-0.000416966
0.000555784
0.000412362
0.000309805
7.50056e-06
0.000274884
0.00013878
6.84343e-06
0.000149764
5.41068e-05
-6.1529e-06
6.60434e-05
6.19897e-05
-3.65886e-05
1.12217e-05
0.000170263
-8.76523e-05
-3.22174e-05
0.000376745
-0.000163954
-7.51265e-05
0.00068859
-0.000269819
-0.000129166
0.00115319
-0.000427165
-0.000157816
0.0012926
-0.000527098
0.000570504
0.000470514
0.000339704
3.23362e-06
0.000337139
0.000188921
-4.11973e-06
0.000204749
0.000138498
-3.01335e-05
0.000113059
0.000191792
-7.75526e-05
4.82916e-05
0.000346655
-0.000149285
-8.99714e-06
0.000588597
-0.000245901
-7.25106e-05
0.000964874
-0.000371248
-0.000168501
0.00134788
-0.000685108
0.000593008
0.000524696
0.000383362
-2.6398e-06
0.000395845
0.000261358
-2.20736e-05
0.000253583
0.000251697
-6.40068e-05
0.000149915
0.000350712
-0.000134058
7.31268e-05
0.000540962
-0.000226321
-1.04388e-06
0.000797823
-0.000337377
-9.1151e-05
0.00152848
-0.000474391
-0.000378495
0.000621258
0.000570991
0.00044579
-1.28631e-05
0.000444707
0.000356536
-4.80726e-05
0.000289662
0.000391122
-0.000113657
0.000171067
0.000530416
-0.00020754
8.27925e-05
0.000741572
-0.000319767
-3.71743e-06
0.000980441
-0.000447792
-0.000113859
0.000574418
-0.000384172
0.000658457
0.000603615
0.000525422
-2.74056e-05
0.000476123
0.000474554
-8.78278e-05
0.00030613
0.000551128
-0.000181026
0.000173478
0.000728357
-0.000300521
7.88223e-05
0.000949112
-0.000440305
-1.03046e-05
0.000913999
-0.000510906
0.000703509
0.000617382
0.000624968
-4.91406e-05
0.000478557
0.000609394
-0.000143724
0.000297374
0.000737595
-0.000269701
0.000156971
0.000950832
-0.000421541
5.84737e-05
0.00108016
-0.000543284
0.000761452
0.000601677
0.000735887
-8.14308e-05
0.000443053
0.000768202
-0.0002231
0.000262553
0.000959875
-0.000379539
0.00010945
0.00111077
-0.000518788
0.000823827
0.000543794
0.000862329
-0.000132394
0.000358816
0.00096632
-0.000308878
0.000180493
0.00112267
-0.000455278
0.000880659
0.000417765
0.00100491
-0.000191947
0.000222625
0.00109668
-0.000329132
0.000849208
0.000211159
0.00097068
-0.000164737
0.000724953
0.000157972
9.77388e-06
1.67166e-05
2.14588e-05
-8.41016e-05
3.55075e-05
-0.000156531
4.95291e-05
-0.000204759
5.77867e-05
-0.000231404
5.15259e-05
-0.000241052
2.53966e-05
-0.000243375
-2.34732e-05
-0.000246381
-9.2822e-05
-0.000248183
-0.000172719
-0.000242845
-0.000248484
-0.000200671
-0.000260641
-9.77437e-05
-0.000131368
0.000534835
0.000204249
0.000278327
1.06986e-05
6.12852e-05
8.33237e-05
2.27346e-05
-4.30125e-05
-5.90565e-05
3.32501e-05
-0.000113854
-0.000157815
4.0353e-05
-0.000157465
-0.000197499
3.71815e-05
-0.000180061
-0.000152049
1.70613e-05
-0.000189948
-2.01681e-06
-2.57003e-05
-0.000196508
0.000256062
-9.2467e-05
-0.000204908
0.00061244
-0.000180157
-0.000205951
0.00102883
-0.000281396
-0.000184085
0.00141792
-0.000344565
-0.0001064
0.00132553
-0.00022794
0.000537349
0.000255219
0.000276765
1.10137e-05
0.000113354
8.14849e-05
2.05012e-05
5.82584e-06
-5.21838e-05
2.62162e-05
-6.48263e-05
-0.000125653
2.38146e-05
-0.000106717
-0.000122987
8.25556e-06
-0.000129873
-2.47553e-05
-2.76513e-05
-0.000144207
0.00018007
-8.896e-05
-0.000157528
0.000495201
-0.000175709
-0.000172782
0.000904509
-0.000295098
-0.000163207
0.00135037
-0.000402842
-0.000104576
0.00133474
-0.000326379
0.000541713
0.000310641
0.000282288
9.74358e-06
0.000171042
9.16468e-05
1.63077e-05
5.93921e-05
-2.52552e-05
1.42613e-05
-1.28841e-05
-6.56739e-05
1.24959e-06
-5.64563e-05
-1.5188e-05
-2.92793e-05
-8.39238e-05
0.000137864
-8.35809e-05
-0.000106262
0.000397177
-0.00016484
-0.000130761
0.000776751
-0.000282594
-0.000156057
0.00124755
-0.000433126
-0.000110618
0.00129627
-0.000413496
0.000551364
0.000367711
0.000296762
8.14091e-06
0.000231743
0.000118111
8.83395e-06
0.000114964
2.58491e-05
-1.72438e-06
3.8492e-05
2.64755e-05
-2.89974e-05
-9.55602e-06
0.000129234
-7.70533e-05
-4.57825e-05
0.000333586
-0.00015145
-8.07616e-05
0.000647781
-0.000256642
-0.000127706
0.00112165
-0.00041544
-0.000155251
0.00127955
-0.000519836
0.000565105
0.000425261
0.000323965
4.43447e-06
0.000293032
0.000164208
-1.2704e-06
0.000169595
0.000106252
-2.47582e-05
8.64595e-05
0.000154275
-6.90602e-05
3.01461e-05
0.000307406
-0.000138326
-1.8596e-05
0.00055132
-0.000233962
-7.37061e-05
0.000934201
-0.000360375
-0.000165283
0.00133565
-0.000672681
0.000586832
0.000479924
0.000365214
-6.97991e-07
0.000351865
0.000234419
-1.81031e-05
0.000219658
0.000218652
-5.73479e-05
0.0001259
0.000315758
-0.000124762
5.87228e-05
0.000508189
-0.000215833
-6.2924e-06
0.000770889
-0.00032737
-8.94554e-05
0.00151392
-0.00046622
-0.000372829
0.000615095
0.000528219
0.000426978
-1.04913e-05
0.000403074
0.000330189
-4.32745e-05
0.000259197
0.000361625
-0.000106139
0.000151493
0.000502645
-0.000198484
7.30605e-05
0.000719164
-0.000310776
-5.23699e-06
0.000967758
-0.000439477
-0.000113382
0.000574822
-0.000378899
0.000652945
0.000563641
0.000508318
-2.50592e-05
0.000438797
0.00045243
-8.28497e-05
0.000280979
0.000529695
-0.000173967
0.000158927
0.000711292
-0.000293475
7.35654e-05
0.000941995
-0.000433995
-1.03969e-05
0.000918863
-0.000502895
0.000698928
0.00058079
0.000612799
-4.70195e-05
0.000447484
0.0005954
-0.000139582
0.00027868
0.000727884
-0.000264558
0.000147227
0.000949406
-0.000416701
5.66445e-05
0.00109208
-0.00053313
0.000760645
0.000569048
0.000732173
-8.00008e-05
0.000418548
0.000766601
-0.000220497
0.000249771
0.000968115
-0.000376495
0.000103686
0.00113383
-0.000507871
0.000828417
0.000515656
0.000872431
-0.000131274
0.000341126
0.00098343
-0.00030615
0.000172054
0.00115864
-0.000445305
0.000896552
0.000395506
0.00103399
-0.000189514
0.000210366
0.00114219
-0.000320302
0.000877423
0.000197603
0.00102327
-0.0001591
0.000771375
0.000169972
9.76145e-06
3.22019e-05
2.15409e-05
-6.64693e-05
3.36858e-05
-0.000134921
4.43793e-05
-0.000177758
4.57857e-05
-0.000198934
2.97616e-05
-0.000205437
-1.01327e-05
-0.000207318
-7.52616e-05
-0.000210419
-0.000162599
-0.000206188
-0.000266184
-0.000180947
-0.000336773
-0.000106507
-0.000229471
0.000534818
0.000217479
0.000270897
1.0668e-05
7.92199e-05
7.30697e-05
2.08952e-05
-2.22421e-05
-6.55066e-05
2.89704e-05
-8.91482e-05
-0.000148031
3.02635e-05
-0.000128169
-0.00015687
1.86282e-05
-0.000147745
-6.89756e-05
-1.4075e-05
-0.000157352
0.000129243
-7.33332e-05
-0.000164814
0.000443517
-0.000158859
-0.000174522
0.000856191
-0.000278706
-0.000160323
0.00131267
-0.000390002
-0.000100955
0.00132469
-0.000324292
0.00053809
0.000269856
0.000273175
9.77301e-06
0.000133196
7.76624e-05
1.75557e-05
2.84711e-05
-4.59025e-05
1.81839e-05
-3.85479e-05
-9.52545e-05
8.693e-06
-7.75735e-05
-5.42769e-05
-1.84221e-05
-0.000100012
9.11948e-05
-7.00616e-05
-0.000116436
0.000347524
-0.000149696
-0.000133888
0.000730497
-0.000266585
-0.00015504
0.00120765
-0.000418889
-0.000107263
0.00127259
-0.000407277
0.0005465
0.000325249
0.000283994
8.59547e-06
0.000191524
9.84914e-05
1.07143e-05
8.25594e-05
-1.22466e-06
2.8139e-06
1.26257e-05
-8.69154e-06
-2.10923e-05
-2.94758e-05
8.69672e-05
-6.59716e-05
-5.92661e-05
0.000287681
-0.000138192
-8.70046e-05
0.000603084
-0.000241999
-0.000126659
0.00108638
-0.000400878
-0.000153036
0.00126256
-0.000507126
0.000559122
0.000381835
0.000307804
5.2707e-06
0.000251467
0.000139682
1.20948e-06
0.000136557
7.40533e-05
-1.95435e-05
6.1237e-05
0.000115787
-6.04696e-05
1.23489e-05
0.000265724
-0.000126925
-2.86255e-05
0.000510345
-0.000220868
-7.55594e-05
0.000899857
-0.000347259
-0.000161543
0.00131864
-0.000658085
0.000579822
0.000436706
0.000346318
7.68664e-07
0.00030989
0.000206534
-1.45995e-05
0.000187321
0.000184112
-5.08191e-05
0.000102758
0.00027814
-0.000115032
4.4471e-05
0.000471811
-0.000204157
-1.20228e-05
0.00074006
-0.000315232
-8.80193e-05
0.00149662
-0.000455272
-0.000365397
0.000607731
0.00048659
0.000406417
-8.34637e-06
0.000362669
0.000301512
-3.84728e-05
0.00022946
0.000329101
-9.83078e-05
0.00013197
0.000470919
-0.000188284
6.29007e-05
0.000692738
-0.000300076
-7.16012e-06
0.000951931
-0.000428028
-0.00011182
0.000573513
-0.00037152
0.000646045
0.000524628
0.000488408
-2.24352e-05
0.000402146
0.0004267
-7.73162e-05
0.000256105
0.00050424
-0.000165698
0.000144163
0.00068999
-0.000284261
6.78474e-05
0.000929962
-0.00042429
-8.3918e-06
0.000920054
-0.000493472
0.000692455
0.000545055
0.000596908
-4.45925e-05
0.000416432
0.000576848
-0.000134381
0.000259944
0.000713641
-0.000257478
0.000137173
0.00094305
-0.000408754
5.4681e-05
0.00109977
-0.000520976
0.000756878
0.000537539
0.000723777
-7.80431e-05
0.00039434
0.000759486
-0.000215744
0.000236981
0.00097109
-0.000370222
9.77724e-05
0.00115238
-0.000495036
0.000828918
0.000488547
0.000875937
-0.000128777
0.000323323
0.000994011
-0.000301246
0.000163941
0.00118847
-0.000434023
0.000906282
0.000374652
0.00105519
-0.000185666
0.000199444
0.00117983
-0.000310891
0.000898329
0.000185086
0.0010668
-0.000153459
0.000809879
0.000182806
9.99454e-06
4.89899e-05
2.03403e-05
-4.69024e-05
3.05093e-05
-0.000111073
3.56152e-05
-0.000148337
2.83625e-05
-0.000165177
-5.42505e-07
-0.000170472
-5.72653e-05
-0.000172611
-0.000141064
-0.000177042
-0.000260563
-0.000158786
-0.000374792
-9.79208e-05
-0.000319471
0.000534187
0.00023205
0.000264976
9.69603e-06
9.86182e-05
6.57065e-05
1.85212e-05
1.63357e-07
-6.40254e-05
2.17994e-05
-6.25607e-05
-0.000123019
1.60409e-05
-9.7816e-05
-9.2991e-05
-7.32466e-06
-0.000115781
4.33588e-05
-5.60382e-05
-0.000126811
0.000295215
-0.000133577
-0.000137787
0.000680622
-0.000249008
-0.000154345
0.00116359
-0.00040145
-0.000104811
0.00124418
-0.000396836
0.000541251
0.000284878
0.00027195
8.77576e-06
0.00015402
8.04112e-05
1.24056e-05
5.23299e-05
-2.66349e-05
7.35777e-06
-1.1802e-05
-4.30136e-05
-1.29831e-05
-4.869e-05
4.41253e-05
-5.45035e-05
-7.27283e-05
0.000239605
-0.000124246
-9.38104e-05
0.000555316
-0.000226311
-0.000126393
0.00104778
-0.000384263
-0.000151061
0.00124063
-0.000492617
0.000552543
0.000340424
0.000291763
5.89092e-06
0.000212389
0.000115904
3.51387e-06
0.000105638
4.25605e-05
-1.43112e-05
3.73379e-05
7.70178e-05
-5.17378e-05
-4.94015e-06
0.000222189
-0.000115092
-3.88309e-05
0.000466597
-0.000206976
-7.828e-05
0.000862047
-0.000332077
-0.000157651
0.00129795
-0.00063947
0.000571992
0.000394936
0.000326955
1.77928e-06
0.00027026
0.000178304
-1.14417e-05
0.000156685
0.000148927
-4.45162e-05
8.04694e-05
0.000238832
-0.000105262
2.99935e-05
0.000432478
-0.000191857
-1.83028e-05
0.00070592
-0.00030166
-8.7018e-05
0.00147525
-0.000441616
-0.000356638
0.000599185
0.000446022
0.000384444
-6.54398e-06
0.000323808
0.000271328
-3.40548e-05
0.000200741
0.000294424
-9.05099e-05
0.000112913
0.000436239
-0.000177292
5.22864e-05
0.000662795
-0.000287888
-9.42469e-06
0.000932472
-0.000414355
-0.000109476
0.000570477
-0.000362361
0.000637806
0.000486482
0.000466345
-1.99212e-05
0.00036618
0.000398173
-7.16906e-05
0.00023137
0.000475055
-0.000156551
0.000129422
0.000665176
-0.000273439
6.10781e-05
0.000913616
-0.000412433
-6.40877e-06
0.000918052
-0.000481337
0.000684391
0.000510257
0.00057763
-4.16924e-05
0.000385801
0.000554551
-0.000128172
0.000240877
0.000694899
-0.00024858
0.000127223
0.000932961
-0.000398224
5.18703e-05
0.00110406
-0.00050616
0.000750664
0.000506677
0.00071094
-7.5349e-05
0.000370237
0.000747817
-0.000209786
0.000223921
0.000969074
-0.000361612
9.20462e-05
0.00116684
-0.000480755
0.000825954
0.000462459
0.000874644
-0.00012623
0.000306119
0.000998868
-0.000294163
0.000156065
0.00121258
-0.000421367
0.000911459
0.000354593
0.0010696
-0.000180948
0.000188614
0.00121031
-0.000300558
0.000913305
0.00017401
0.00110312
-0.000147771
0.000841506
0.000196884
9.23699e-06
6.74497e-05
1.86436e-05
-2.53666e-05
2.44313e-05
-8.47975e-05
2.2609e-05
-0.000117231
3.34484e-06
-0.0001313
-4.19752e-05
-0.000137441
-0.000117123
-0.000142448
-0.000230507
-0.000154329
-0.000382265
-0.000103657
-0.000384257
0.00053583
0.000247167
0.000260774
8.97281e-06
0.000119342
6.42499e-05
1.38972e-05
2.42272e-05
-5.00052e-05
1.17667e-05
-3.4916e-05
-7.60434e-05
-4.85441e-06
-6.7256e-05
1.31022e-06
-4.28488e-05
-8.61546e-05
0.000190228
-0.000109885
-0.000101126
0.000504927
-0.000209605
-0.000126801
0.00100584
-0.000365315
-0.000148539
0.00121396
-0.00047497
0.000545334
0.000300863
0.000276177
6.28853e-06
0.000175724
9.33439e-05
5.68329e-06
7.65648e-05
1.232e-05
-9.14557e-06
1.46012e-05
3.86148e-05
-4.29252e-05
-2.1865e-05
0.000177694
-0.000103008
-4.94698e-05
0.000420582
-0.000192375
-8.17309e-05
0.000821419
-0.000315655
-0.000154372
0.00127278
-0.000618509
0.000563439
0.000354868
0.000307277
2.70592e-06
0.000232875
0.000150392
-8.5176e-06
0.000127757
0.000113746
-3.83738e-05
5.91548e-05
0.000198562
-9.54544e-05
1.56917e-05
0.000390957
-0.000179072
-2.52145e-05
0.000668818
-0.000286958
-8.62965e-05
0.00144989
-0.000425458
-0.000346309
0.000589308
0.000406592
0.000361664
-5.03065e-06
0.000286629
0.000240254
-2.99764e-05
0.000173219
0.000258277
-8.28742e-05
9.42293e-05
0.000399245
-0.000166121
4.12511e-05
0.000629951
-0.000274477
-1.26412e-05
0.000909809
-0.000399277
-0.000106694
0.000565846
-0.000352008
0.000628007
0.000449277
0.000442296
-1.75516e-05
0.000331353
0.000367476
-6.619e-05
0.000207119
0.000443356
-0.00014728
0.000114599
0.000636822
-0.000261344
5.40968e-05
0.000893988
-0.000398925
-5.22665e-06
0.000913285
-0.00046707
0.000674841
0.000476111
0.000555488
-3.87879e-05
0.00035542
0.000529117
-0.000121581
0.000221835
0.000672726
-0.000238452
0.000116609
0.000919479
-0.000385793
4.79192e-05
0.00110575
-0.000489426
0.000742394
0.000476834
0.000694714
-7.22194e-05
0.000346074
0.00073189
-0.000202522
0.000210747
0.000963053
-0.000350891
8.59115e-05
0.00117772
-0.000465175
0.000820185
0.000437097
0.000868813
-0.000122723
0.000289005
0.000998238
-0.000285646
0.000148586
0.00123186
-0.000407993
0.000912069
0.000335619
0.00107854
-0.000175446
0.000178466
0.00123501
-0.000290005
0.000923482
0.000163467
0.00113319
-0.000142014
0.000867745
0.000211762
8.68112e-06
8.76563e-05
1.47335e-05
-1.66858e-06
1.54696e-05
-5.67909e-05
2.73757e-06
-8.53169e-05
-3.14363e-05
-9.95481e-05
-9.54276e-05
-0.000108959
-0.000192572
-0.000128274
-0.000345367
-0.000146329
-0.000456339
0.000537947
0.000263527
0.000261405
6.60062e-06
0.000141411
7.23565e-05
7.74021e-06
4.92414e-05
-1.63489e-05
-4.01619e-06
-7.08495e-06
1.0184e-06
-3.41078e-05
-3.84002e-05
0.000132665
-9.07848e-05
-6.02262e-05
0.000373096
-0.000177466
-8.57783e-05
0.000778324
-0.000297949
-0.000151072
0.00124333
-0.000594057
0.000554161
0.000316429
0.000287809
3.38036e-06
0.000197495
0.000123257
-5.83407e-06
0.000100389
7.92478e-05
-3.24446e-05
3.86194e-05
0.000158009
-8.56715e-05
1.35196e-06
0.000348002
-0.000166109
-3.27796e-05
0.000629507
-0.000271522
-8.65529e-05
0.00142016
-0.00040802
-0.000335124
0.000578354
0.000368529
0.000338286
-3.66702e-06
0.000251403
0.000208901
-2.61867e-05
0.000146923
0.000221453
-7.55231e-05
7.60474e-05
0.000360563
-0.000154819
3.01211e-05
0.000594485
-0.000260377
-1.63298e-05
0.000884492
-0.000382836
-0.000103602
0.000559699
-0.000340162
0.000616707
0.000412862
0.00041677
-1.55122e-05
0.000297692
0.000335433
-6.10601e-05
0.000183448
0.000409466
-0.000137837
9.98359e-05
0.000605835
-0.000248606
4.63673e-05
0.000871437
-0.000383908
-5.46026e-06
0.000905808
-0.000451225
0.000663611
0.000442955
0.000530999
-3.59118e-05
0.000325564
0.000500762
-0.000114611
0.000202806
0.000647213
-0.000227741
0.00010651
0.00090276
-0.000371652
4.35435e-05
0.00110506
-0.000471609
0.000732128
0.00044759
0.000675273
-6.88173e-05
0.000322097
0.000712514
-0.000194569
0.000197327
0.000952834
-0.000338602
7.96378e-05
0.00118491
-0.000448698
0.000812156
0.000412644
0.000858684
-0.000118378
0.000272058
0.000993437
-0.00027597
0.000140627
0.00124637
-0.000393775
0.000909366
0.000317076
0.00108279
-0.000169442
0.000168542
0.00125448
-0.00027888
0.000929744
0.000153912
0.00115765
-0.000135994
0.000889198
0.000228198
6.62331e-06
0.000109555
9.34604e-06
2.35573e-05
6.4232e-07
-2.79015e-05
-2.56255e-05
-5.4684e-05
-7.86894e-05
-7.12894e-05
-0.000162369
-9.06228e-05
-0.000280013
-0.00014871
-0.000568654
0.000544408
0.00027988
0.000268795
4.00642e-06
0.000164158
9.72545e-05
-3.21861e-06
7.44467e-05
4.57469e-05
-2.66039e-05
1.89123e-05
0.000117587
-7.59781e-05
-1.27848e-05
0.000304027
-0.000153003
-4.07141e-05
0.000588611
-0.000255549
-8.7283e-05
0.00138679
-0.000389073
-0.000322688
0.000566429
0.000331734
0.000314675
-2.6753e-06
0.000217948
0.000177818
-2.28206e-05
0.000121849
0.0001845
-6.84828e-05
5.8384e-05
0.000320847
-0.000143674
1.86325e-05
0.000557053
-0.000245904
-2.09656e-05
0.000856913
-0.000365897
-0.000101097
0.000551976
-0.000327401
0.000603998
0.00037757
0.000390341
-1.3699e-05
0.000265345
0.000302288
-5.60609e-05
0.000160606
0.000373956
-0.000128643
8.53812e-05
0.000572567
-0.000235473
3.84853e-05
0.000846609
-0.000367773
-6.56443e-06
0.000895938
-0.000433895
0.000650659
0.000410302
0.000504542
-3.3284e-05
0.000296373
0.000470484
-0.000107814
0.000183702
0.000619028
-0.000216626
9.60396e-05
0.000883009
-0.000356374
3.85846e-05
0.0011015
-0.00045313
0.000720121
0.00041905
0.000652823
-6.52334e-05
0.000298636
0.000690118
-0.000186409
0.00018387
0.000938736
-0.000325187
7.41421e-05
0.00118882
-0.000431975
0.000802036
0.000388893
0.000845035
-0.00011405
0.000255228
0.000984625
-0.000265425
0.000132961
0.00125659
-0.000379273
0.00090387
0.000299762
0.00108285
-0.00016284
0.000158868
0.00126917
-0.000267835
0.00093254
0.000144838
0.00117768
-0.00013037
0.000907116
0.000244883
4.39232e-06
0.000132649
-9.58525e-07
4.97268e-05
-2.11364e-05
-1.81643e-07
-6.65603e-05
-2.6873e-05
-0.000140133
-4.92e-05
-0.00023951
-8.89066e-05
-0.000369814
-0.000309953
0.000553703
0.000296613
0.000291255
-1.8019e-06
0.000186162
0.000147259
-1.95358e-05
9.79375e-05
0.000147877
-6.16642e-05
4.12215e-05
0.000280649
-0.000132709
7.11912e-06
0.00051827
-0.000231202
-2.62773e-05
0.000827326
-0.000347946
-9.88229e-05
0.000542794
-0.000313506
0.000589898
0.00034316
0.000363218
-1.22439e-05
0.000234493
0.000268851
-5.16006e-05
0.000138403
0.000337607
-0.000119919
7.09787e-05
0.000537545
-0.000222376
3.01259e-05
0.000819615
-0.000351024
-8.84397e-06
0.000883453
-0.000416012
0.000636035
0.000378495
0.000476403
-3.08199e-05
0.000268243
0.000438502
-0.000101107
0.000165052
0.000588519
-0.000205511
8.59294e-05
0.000860302
-0.000340304
3.37233e-05
0.00109539
-0.00043435
0.000706169
0.00039097
0.000627962
-6.17526e-05
0.000275173
0.000665166
-0.000177973
0.000170003
0.000920965
-0.000311041
6.84787e-05
0.00118892
-0.000414641
0.00078979
0.000366063
0.000828808
-0.00010993
0.000238384
0.000972257
-0.000254559
0.000125611
0.00126297
-0.000364218
0.000895907
0.000282807
0.00107964
-0.000156262
0.000149282
0.00127931
-0.000256457
0.000932914
0.000136548
0.00119372
-0.000125004
0.000921585
0.000262566
-1.04624e-06
0.000155763
-1.6585e-05
7.49016e-05
-5.51562e-05
2.44792e-05
-0.000121994
-4.52526e-06
-0.0002167
-3.22752e-05
-0.000330072
-9.73864e-05
-0.000299182
0.000574635
0.000310074
0.00033578
-1.09687e-05
0.000205033
0.000235296
-4.7376e-05
0.000117205
0.000300602
-0.000111427
5.69439e-05
0.000501071
-0.000209296
2.16872e-05
0.000790759
-0.000333811
-1.15553e-05
0.000868461
-0.000397337
0.000619711
0.00034724
0.000447103
-2.87035e-05
0.000240896
0.000405437
-9.49733e-05
0.000146523
0.000556206
-0.00019461
7.55251e-05
0.000834847
-0.000323868
2.84257e-05
0.00108591
-0.000415374
0.000690155
0.00036369
0.000600852
-5.83939e-05
0.00025264
0.000638027
-0.00016943
0.000156109
0.000899986
-0.000296737
6.33421e-05
0.00118575
-0.000397453
0.000775631
0.000343377
0.000809413
-0.000105363
0.000221958
0.000956988
-0.000243282
0.000117512
0.00126503
-0.000348221
0.0008854
0.00026664
0.00107339
-0.000149412
0.000139484
0.00128625
-0.000245547
0.000931251
0.000128207
0.00120613
-0.00011959
0.000933129
0.000277702
-9.75704e-06
0.000176609
-4.34828e-05
9.66385e-05
-0.0001034
4.30555e-05
-0.000196562
1.27493e-05
-0.000316543
-1.54502e-05
-0.00037861
0.000601769
0.000317048
0.00041672
-2.67575e-05
0.000214798
0.000371543
-8.90793e-05
0.000128752
0.000522319
-0.000183817
6.53527e-05
0.000806584
-0.000307335
2.34737e-05
0.00107365
-0.000396631
0.000672131
0.00033656
0.000571746
-5.53179e-05
0.000230347
0.000609129
-0.000161104
0.000141916
0.000875933
-0.000282238
5.79472e-05
0.00117865
-0.000379854
0.000759263
0.000321664
0.00078727
-0.000100599
0.000205952
0.000939232
-0.000232168
0.000109296
0.00126334
-0.000332422
0.000872544
0.00025087
0.0010647
-0.000142726
0.000130093
0.00129006
-0.000234515
0.000927911
0.000120568
0.00121415
-0.000114085
0.000941746
0.000287225
-2.506e-05
0.000189228
-8.37643e-05
0.000111308
-0.00017345
5.48385e-05
-0.000291151
1.77982e-05
-0.000377971
0.000651965
0.000310457
0.000541119
-5.25172e-05
0.000208863
0.000578636
-0.000152738
0.000128166
0.000849341
-0.000268216
5.28245e-05
0.00116828
-0.000362786
0.000740581
0.000299924
0.000762295
-9.56929e-05
0.000189912
0.000919353
-0.000221135
0.000100692
0.00125759
-0.000316157
0.000857565
0.000236044
0.0010534
-0.000136082
0.000121169
0.00129097
-0.000224037
0.000922443
0.000113612
0.00121917
-0.000109442
0.00094823
0.000284177
-4.9989e-05
0.000187666
-0.000144954
0.000114456
-0.000254592
4.71048e-05
-0.000345405
0.000719627
0.000278894
0.00073525
-9.15822e-05
0.000174753
0.000897454
-0.000210431
9.22805e-05
0.0012484
-0.000300771
0.000840535
0.000221262
0.00103925
-0.000129606
0.000112535
0.00128897
-0.000213464
0.000915164
0.000107241
0.00122122
-0.000104913
0.0009524
0.000257604
-8.69525e-05
0.000159713
-0.00019993
8.38347e-05
-0.000285178
0.000820505
0.000207342
0.00102292
-0.000123571
0.00010422
0.00128428
-0.000203796
0.000905765
0.000101056
0.00122086
-0.000100568
0.000954727
0.000193015
-0.000117205
9.63401e-05
-0.000193836
0.000894308
9.52272e-05
0.00121727
-9.59894e-05
0.000955216
8.95183e-05
-9.18162e-05
0.000954453
)
;

boundaryField
{
    innerInlet
    {
        type            calculated;
        value           nonuniform List<scalar> 0();
    }
    atmosphere_outlet
    {
        type            calculated;
        value           nonuniform List<scalar> 0();
    }
    walls
    {
        type            calculated;
        value           nonuniform List<scalar> 
2337
(
0
0
0
0
0
0
0
0
0
0
0
-4.33681e-19
0
0
0
0
0
0
0
0
0
-4.33681e-19
0
0
0
0
-4.33681e-19
-4.33681e-19
0
0
0
0
0
0
0
0
0
0
0
0
0
0
0
0
0
0
0
0
0
0
0
0
0
-4.33681e-19
0
4.33681e-19
0
0
4.33681e-19
0
0
0
0
0
0
0
0
0
0
0
0
0
0
0
0
0
0
0
0
0
0
4.33681e-19
0
0
0
0
0
0
0
4.33681e-19
0
0
0
0
0
0
0
0
4.33681e-19
-4.33681e-19
0
0
0
0
0
0
0
0
0
0
0
4.33681e-19
4.33681e-19
0
0
0
0
0
0
4.33681e-19
0
0
0
0
0
0
0
0
0
0
0
0
0
0
0
0
0
0
0
0
0
0
0
0
-4.33681e-19
0
0
0
0
0
0
0
0
0
4.33681e-19
0
0
0
0
0
0
0
4.33681e-19
0
0
0
0
0
0
0
0
0
0
0
0
0
0
0
0
0
0
0
0
0
0
0
0
0
0
0
0
0
0
0
0
0
0
0
0
0
-4.33681e-19
0
0
0
0
0
0
0
0
0
0
0
0
0
0
0
0
0
0
0
4.33681e-19
0
0
0
0
0
0
0
0
0
0
0
0
0
0
0
0
0
0
0
0
0
0
0
0
0
0
0
0
0
0
0
0
0
0
0
0
0
0
0
0
0
0
0
0
0
0
0
-4.33681e-19
0
0
0
0
0
0
0
-4.33681e-19
0
0
0
0
0
0
0
0
0
0
0
0
0
0
0
4.33681e-19
0
0
0
0
0
0
0
0
0
0
0
0
4.33681e-19
4.33681e-19
0
0
0
0
0
0
0
0
4.33681e-19
0
-4.33681e-19
4.33681e-19
0
-4.33681e-19
0
0
4.33681e-19
0
0
0
0
0
0
0
0
0
0
-4.33681e-19
0
0
-4.33681e-19
0
0
0
0
0
4.33681e-19
0
0
0
-4.33681e-19
0
0
0
0
0
0
0
0
0
0
0
4.33681e-19
4.33681e-19
0
0
0
0
0
-4.33681e-19
4.33681e-19
0
4.33681e-19
0
0
0
0
-4.33681e-19
0
0
0
0
0
0
4.33681e-19
0
0
0
0
4.33681e-19
0
0
-4.33681e-19
0
0
0
4.33681e-19
0
0
0
0
0
0
0
0
0
0
0
0
0
0
0
0
4.33681e-19
0
0
0
0
0
0
0
4.33681e-19
0
0
0
0
0
0
4.33681e-19
0
4.33681e-19
0
4.33681e-19
0
0
0
0
0
0
0
0
0
0
0
4.33681e-19
-4.33681e-19
-4.33681e-19
0
0
0
0
0
0
-4.33681e-19
0
0
0
0
0
0
0
0
0
4.33681e-19
0
0
0
0
0
0
0
0
-4.33681e-19
0
0
0
0
0
0
0
0
0
0
0
0
0
0
0
0
0
0
0
4.33681e-19
0
0
0
0
0
0
-4.33681e-19
-4.33681e-19
0
0
0
0
0
0
0
0
0
0
-4.33681e-19
0
-4.33681e-19
0
0
0
4.33681e-19
0
0
-4.33681e-19
0
4.33681e-19
0
0
0
0
0
0
0
0
0
0
0
0
0
0
0
0
0
0
0
0
0
0
0
0
0
0
0
0
0
0
0
0
0
0
0
0
0
0
0
4.33681e-19
0
0
0
0
0
0
0
0
0
4.33681e-19
0
0
0
0
0
0
0
0
0
0
0
0
0
0
0
0
0
0
0
0
0
0
0
0
0
0
0
0
0
0
0
0
0
0
0
0
4.33681e-19
0
0
0
0
0
0
0
0
0
0
0
0
-4.33681e-19
0
0
0
0
0
0
0
0
0
-4.33681e-19
0
0
0
0
0
0
0
0
0
0
0
4.33681e-19
8.67362e-19
0
0
0
0
0
0
0
0
-4.33681e-19
0
0
0
0
0
0
0
0
0
0
0
0
0
0
0
0
0
0
0
0
0
0
0
0
-4.33681e-19
0
-4.33681e-19
4.33681e-19
0
0
0
0
0
0
0
-4.33681e-19
0
4.33681e-19
0
0
4.33681e-19
0
-4.33681e-19
0
0
0
0
0
0
-4.33681e-19
0
0
0
0
8.67362e-19
0
-2.1684e-19
0
0
0
0
0
0
0
0
0
-2.1684e-19
0
0
0
0
0
0
0
0
0
0
0
0
0
0
0
0
0
4.33681e-19
0
0
0
0
0
0
0
0
0
0
0
0
0
0
0
0
0
0
0
0
0
0
0
0
0
0
0
0
0
0
0
0
0
0
0
0
0
0
0
0
0
0
0
0
4.33681e-19
-4.33681e-19
0
-4.33681e-19
0
4.33681e-19
0
0
0
0
0
0
0
0
0
0
0
0
-4.33681e-19
0
0
0
0
0
0
0
0
0
0
0
0
0
0
0
0
0
0
0
0
0
-2.1684e-19
0
0
0
0
0
0
0
0
0
0
-4.33681e-19
0
0
0
-4.33681e-19
0
0
0
0
0
0
0
0
0
0
0
0
0
0
0
0
0
0
0
0
0
0
0
0
0
0
0
0
0
0
0
0
0
0
0
0
0
0
0
0
0
0
0
0
0
0
0
0
0
0
0
0
0
0
0
0
0
0
0
0
0
0
0
0
0
-4.33681e-19
0
0
0
0
0
0
0
-4.33681e-19
0
0
0
0
0
4.33681e-19
0
0
0
0
0
0
0
0
0
4.33681e-19
-4.33681e-19
0
-4.33681e-19
4.33681e-19
0
0
-4.33681e-19
4.33681e-19
0
0
0
0
0
0
0
0
0
0
0
0
0
0
0
0
-4.33681e-19
0
0
0
-4.33681e-19
0
0
0
0
0
4.33681e-19
0
0
0
0
0
4.33681e-19
0
-4.33681e-19
0
0
0
-4.33681e-19
0
0
0
0
0
4.33681e-19
-4.33681e-19
0
0
0
0
0
0
0
0
0
0
-4.33681e-19
0
0
-4.33681e-19
0
0
0
0
0
0
0
0
4.33681e-19
0
0
0
0
4.33681e-19
0
0
0
0
0
4.33681e-19
0
0
4.33681e-19
0
0
0
0
0
0
-4.33681e-19
0
0
0
0
0
0
-4.33681e-19
0
0
-4.33681e-19
0
0
0
0
0
-4.33681e-19
0
-4.33681e-19
0
0
0
0
0
0
0
0
0
0
0
0
0
4.33681e-19
0
0
0
0
0
0
0
0
0
0
0
0
4.33681e-19
0
0
0
0
4.33681e-19
0
0
4.33681e-19
-4.33681e-19
0
0
4.33681e-19
0
0
4.33681e-19
0
0
0
-4.33681e-19
0
0
4.33681e-19
0
0
0
0
0
0
0
0
0
0
-4.33681e-19
0
0
-4.33681e-19
0
0
0
0
0
-4.33681e-19
0
4.33681e-19
4.33681e-19
0
0
4.33681e-19
0
0
0
0
0
4.33681e-19
0
0
-4.33681e-19
0
0
0
4.33681e-19
0
0
8.67362e-19
0
0
8.67362e-19
0
0
0
0
0
0
0
0
0
0
0
0
0
0
0
0
0
0
0
0
-4.33681e-19
0
0
0
0
0
0
0
0
0
0
0
0
4.33681e-19
0
0
4.33681e-19
0
0
0
-4.33681e-19
0
0
4.33681e-19
0
0
-4.33681e-19
0
0
0
0
0
4.33681e-19
0
0
0
0
0
0
-4.33681e-19
0
0
0
0
0
0
0
0
0
0
0
0
4.33681e-19
4.33681e-19
0
0
4.33681e-19
4.33681e-19
0
0
0
0
0
0
0
0
0
-4.33681e-19
0
0
0
0
0
0
0
0
-4.33681e-19
0
4.33681e-19
0
4.33681e-19
0
0
0
0
0
4.33681e-19
0
4.33681e-19
0
0
0
4.33681e-19
0
4.33681e-19
0
0
0
0
0
0
0
4.33681e-19
0
4.33681e-19
0
4.33681e-19
0
0
0
0
0
0
0
0
4.33681e-19
0
0
0
0
0
0
0
0
0
0
4.33681e-19
0
-4.33681e-19
0
0
0
0
0
0
0
0
0
0
0
0
0
0
0
0
-4.33681e-19
0
0
0
0
0
0
0
0
0
0
-4.33681e-19
-4.33681e-19
4.33681e-19
0
0
0
0
0
0
0
0
0
0
0
0
0
0
0
0
0
0
0
0
0
0
0
0
0
0
0
0
-4.33681e-19
0
0
0
0
0
0
0
0
0
0
0
0
0
-4.33681e-19
0
0
0
0
0
0
0
0
0
0
0
0
0
0
0
0
0
4.33681e-19
0
0
0
4.33681e-19
0
0
0
0
0
0
0
0
0
0
0
0
4.33681e-19
0
0
0
0
0
0
0
0
0
0
0
4.33681e-19
0
0
0
0
0
0
-4.33681e-19
-4.33681e-19
0
0
0
0
0
0
0
0
0
0
0
0
0
0
0
0
0
0
-4.33681e-19
0
0
0
0
0
0
0
0
0
0
0
0
0
0
0
-4.33681e-19
0
0
0
0
0
0
0
0
0
0
0
4.33681e-19
0
0
-4.33681e-19
0
0
0
0
0
0
0
0
0
0
0
0
0
0
0
0
0
0
0
0
4.33681e-19
0
4.33681e-19
0
0
0
0
0
0
0
0
0
-4.33681e-19
0
0
0
0
-4.33681e-19
0
4.33681e-19
0
0
-4.33681e-19
0
0
0
0
-4.33681e-19
0
0
0
0
0
0
0
0
0
0
0
4.33681e-19
-4.33681e-19
0
0
0
0
0
8.67362e-19
0
0
0
0
0
0
0
-2.1684e-19
0
0
0
0
0
4.33681e-19
0
0
0
0
0
0
0
0
4.33681e-19
0
0
0
0
0
0
-4.33681e-19
0
0
0
0
0
0
0
0
0
0
0
0
-4.33681e-19
0
0
0
0
0
0
0
0
0
0
0
0
0
0
0
0
0
0
0
0
-4.33681e-19
0
0
0
0
0
0
0
0
0
0
0
0
0
0
0
0
0
0
0
4.33681e-19
0
0
0
0
0
0
0
0
0
0
-4.33681e-19
0
0
0
-4.33681e-19
0
0
0
0
0
0
0
0
0
0
0
0
0
0
0
0
0
0
0
0
0
0
0
-4.33681e-19
0
0
0
0
0
0
0
0
0
0
0
0
0
0
0
0
0
0
0
0
0
0
0
-4.33681e-19
0
0
4.33681e-19
0
0
0
0
0
0
0
0
0
0
0
0
0
0
0
0
0
0
4.33681e-19
-4.33681e-19
0
0
0
0
0
0
0
0
0
0
0
0
0
0
0
0
-4.33681e-19
0
0
0
0
0
0
0
0
0
0
0
0
-4.33681e-19
0
0
0
0
-4.33681e-19
0
4.33681e-19
0
0
0
0
0
0
0
-4.33681e-19
0
0
0
0
0
0
0
0
0
0
0
0
0
4.33681e-19
0
0
0
-4.33681e-19
0
0
0
0
-4.33681e-19
0
0
0
0
-4.33681e-19
0
0
0
0
0
0
0
0
0
0
0
4.33681e-19
0
0
0
0
0
0
0
4.33681e-19
0
0
0
0
0
0
0
-8.67362e-19
0
8.67362e-19
0
0
0
0
0
0
0
0
0
0
0
0
0
0
0
0
0
4.33681e-19
0
0
0
0
0
0
4.33681e-19
0
0
0
0
0
-4.33681e-19
0
0
0
0
0
0
4.33681e-19
0
0
8.67362e-19
0
0
0
0
0
0
0
4.33681e-19
0
0
0
0
4.33681e-19
0
0
0
0
0
0
0
0
0
0
0
0
4.33681e-19
0
0
0
0
0
0
0
0
0
0
0
0
-4.33681e-19
0
0
0
0
0
0
0
4.33681e-19
0
4.33681e-19
0
0
0
0
0
0
4.33681e-19
0
0
0
0
0
0
0
-4.33681e-19
0
0
0
0
-4.33681e-19
0
0
0
0
0
0
0
0
0
0
0
0
0
0
8.67362e-19
0
0
0
0
0
0
0
4.33681e-19
0
0
0
0
0
0
0
0
0
0
0
0
0
0
0
0
-4.33681e-19
-4.33681e-19
0
0
0
-2.1684e-19
4.33681e-19
0
-2.1684e-19
0
4.33681e-19
0
0
0
0
0
0
0
0
0
0
0
0
0
0
0
0
0
0
0
0
-4.33681e-19
0
0
0
0
0
0
0
0
0
0
0
0
-4.33681e-19
8.67362e-19
0
0
0
0
4.33681e-19
0
0
0
0
0
0
-4.33681e-19
0
0
0
0
0
0
0
0
0
0
4.33681e-19
0
0
0
0
0
-4.33681e-19
0
0
4.33681e-19
0
0
0
0
0
0
0
0
4.33681e-19
0
0
0
0
0
0
0
0
0
0
0
0
0
0
0
0
0
0
0
4.33681e-19
0
-4.33681e-19
0
0
0
4.33681e-19
0
4.33681e-19
0
0
0
0
0
4.33681e-19
0
0
0
0
0
0
0
0
0
0
0
0
0
4.33681e-19
4.33681e-19
0
0
4.33681e-19
0
-4.33681e-19
4.33681e-19
0
0
0
0
0
0
0
0
0
0
0
0
0
0
4.33681e-19
0
0
0
0
0
-4.33681e-19
0
0
0
0
0
-4.33681e-19
0
-4.33681e-19
0
-4.33681e-19
0
0
-1.0842e-19
0
0
0
0
0
0
0
0
0
0
0
0
0
0
0
0
0
0
0
0
0
0
0
0
0
0
0
0
0
-4.33681e-19
0
0
0
0
0
0
0
0
0
0
0
0
0
4.33681e-19
4.33681e-19
0
0
-4.33681e-19
0
0
4.33681e-19
0
0
0
0
4.33681e-19
0
0
0
0
-8.67362e-19
0
0
0
-8.67362e-19
0
0
0
8.67362e-19
0
0
0
0
0
0
-4.33681e-19
0
0
-4.33681e-19
0
4.33681e-19
0
0
0
4.33681e-19
0
0
0
0
0
0
0
0
0
0
0
0
0
0
0
0
0
0
0
0
4.33681e-19
4.33681e-19
0
0
0
0
0
0
4.33681e-19
0
0
0
0
0
0
0
0
0
4.33681e-19
0
0
0
0
0
0
0
0
0
0
0
0
0
0
0
0
0
0
-8.67362e-19
0
0
0
0
0
0
0
0
0
0
0
8.67362e-19
0
0
0
0
0
0
0
-4.33681e-19
-4.33681e-19
0
0
0
0
0
0
0
0
4.33681e-19
0
4.33681e-19
0
0
0
4.33681e-19
0
4.33681e-19
0
0
0
0
0
0
0
0
0
0
-4.33681e-19
0
0
0
0
0
-4.33681e-19
0
0
0
0
0
0
0
0
0
0
)
;
    }
    window
    {
        type            calculated;
        value           nonuniform List<scalar> 0();
    }
    procBoundary4to5
    {
        type            processor;
        value           nonuniform List<scalar> 
645
(
-0.00137778
-0.00143448
-0.00136678
-0.00133215
-0.0016869
-0.00134003
-0.001048
-0.000744139
-0.00119036
-0.00140201
-0.0014455
-0.0013252
-0.000948781
-0.00100394
-0.000542609
-0.00118118
-0.0012218
-0.00130883
-0.00133343
-0.000868449
-0.000883685
-0.000835824
-0.000303555
-0.0010117
-0.00108572
-0.00125294
-0.00136267
-0.000790549
-0.000799822
-0.000715629
-0.000702569
-0.000140966
-0.000882211
-0.00100378
-0.00123949
-0.0014021
-0.000715272
-0.000623917
-0.000739688
-0.00057548
-0.000602851
-4.40311e-05
-0.000788881
-0.000965612
-0.00125134
-0.00144312
-0.000652768
-0.000551824
-0.000480738
-0.000685086
-0.000463707
-0.00053073
7.14725e-06
-0.000729368
-0.000954085
-0.00127472
-0.00156895
0.00051831
-0.00148876
-0.000599678
-0.000492986
-0.000407815
-0.000360632
-0.000635357
-0.000377646
-0.000482307
3.21458e-05
-0.000697511
-0.000957917
-0.00136631
0.000439915
-0.00130437
-0.00161347
-0.000552958
-0.000443588
-0.000349515
-0.00028287
-0.000262514
-0.000590124
-0.000312741
-0.000452692
4.34083e-05
-0.000683291
-0.00100641
0.00031788
-0.000970145
-0.00140031
-0.00165074
-0.000510787
-0.000400419
-0.000301053
-0.000221859
-0.000176461
-0.000184069
-0.000548728
-0.0002653
-0.000435394
-0.00069269
4.76144e-05
0.000217371
-0.000679586
-0.00102636
-0.00142992
-0.00168343
-0.000361397
-0.000471777
-0.000258917
-0.000171813
-0.000110146
-8.75367e-05
-0.000121875
-0.000510778
-0.000231345
-0.000425408
-0.000699578
-0.00104419
-0.00145473
-0.00170772
-0.000220761
-0.000324992
-0.000435265
-0.000128841
-5.67995e-05
-1.4216e-05
-1.38033e-05
-7.29215e-05
-0.000475856
-0.000206499
-0.000419388
-0.00070624
-0.00105865
-0.00147258
-0.00172472
-9.04289e-05
-0.000185128
-0.000290457
-0.000400651
-1.1989e-05
4.35093e-05
6.76319e-05
4.70907e-05
-3.41472e-05
-0.000443592
-0.000187541
-0.000415065
-0.000711245
-0.00106837
-0.00148324
-0.00173222
-5.515e-05
2.7049e-05
-0.000151376
-0.000257339
-0.000367703
9.07585e-05
0.000130414
0.000137301
9.73748e-05
-2.86939e-06
-0.000413684
-0.000172336
-0.000411102
-0.000713679
-0.00107288
-0.00148558
-0.0017306
-2.24826e-05
6.19043e-05
0.000130802
-0.000119467
-0.000225765
-0.000336334
0.000180493
0.000205508
0.000196177
0.000139109
2.26971e-05
-0.000385845
-0.000159706
-0.000406825
-0.000713155
-0.0010717
-0.00147985
-0.00172062
9.32581e-05
7.50296e-06
0.000165531
0.000221828
-8.97986e-05
-0.000196047
-0.000306607
0.000258562
0.000270079
0.000245514
0.000173573
4.34865e-05
-0.0003598
-0.000149163
-0.000402074
-0.000709612
-0.00106508
-0.00146645
-0.00169997
0.000195929
0.000121183
3.44149e-05
0.000256811
0.000301316
-6.2937e-05
-0.000168734
-0.000278815
0.000326062
0.000324514
0.000286443
0.000201345
5.97711e-05
-0.000335467
-0.000140763
-0.000397073
-0.000703438
-0.00105382
-0.00144589
-0.00167387
0.000286815
0.000222361
0.000145448
5.77332e-05
0.000336816
0.000370144
-3.94926e-05
-0.000144372
-0.000253293
0.000383472
0.000369257
0.000319201
0.000222458
7.13372e-05
-0.000312675
-0.000134932
-0.00039243
-0.000695691
-0.00103874
-0.0014211
-0.00163798
0.000366896
0.000312499
0.000244816
0.000165721
7.70245e-05
0.00040625
0.000428705
-1.99505e-05
-0.000123453
-0.000230298
0.000430495
0.000404792
0.000343644
0.000236563
7.7636e-05
-0.00029134
-0.000132429
-0.000389245
-0.000687553
-0.00102291
-0.00139307
-0.00160055
0.000392529
0.000436715
0.00033408
0.000263106
0.000181722
9.19552e-05
0.000465379
0.000476985
-4.62496e-06
-0.000106197
-0.000210071
0.000467154
0.000430927
0.000359396
0.000243102
7.78606e-05
-0.00013438
-0.000389066
-0.000681787
-0.0010085
-0.00136788
-0.00155646
0.000462805
0.000414097
0.000496369
0.000351506
0.000277084
0.000193196
0.000102357
0.000514123
0.00051445
6.39811e-06
-9.27372e-05
0.000493786
0.00044739
0.00036602
0.00024137
7.09567e-05
-0.0001424
-0.000394527
-0.000681819
-0.00100179
-0.00134998
-0.0015193
0.000485001
0.000523185
0.000431619
0.000545609
0.000364666
0.000286485
0.000200073
0.000108275
0.000552204
0.000541069
1.31991e-05
0.000510247
0.000453888
0.000362962
0.000230531
5.54906e-05
-0.00015891
-0.00040927
-0.000693339
-0.00100973
-0.00135177
-0.00148546
0.000546304
0.000503353
0.000573069
0.000445005
0.000583902
0.000373298
0.000291318
0.000202459
0.000109893
0.000579086
0.000557287
0.000516467
0.000450125
0.000349716
0.000209499
2.95372e-05
-0.000187128
-0.000438375
-0.000723643
-0.00104358
-0.0013918
-0.00147126
0.000565812
0.000597029
0.000517679
0.000611665
0.000453948
0.000610858
0.000377324
0.000291618
0.000200565
0.000594969
0.000563122
0.000512344
0.000435839
0.000325528
0.000176841
-9.46353e-06
-0.000231291
-0.000488135
-0.000781912
-0.00111806
-0.00151019
-0.00142155
0.000581269
0.000617519
0.000636127
0.00052756
0.000638534
0.000458145
0.000626522
0.000376746
0.000287602
0.000600208
0.000558337
0.0004974
0.000410182
0.000288959
0.000130384
-6.49934e-05
-0.000296053
-0.000564474
-0.00087545
-0.00124842
-0.00172364
-0.00132072
0.0005921
0.000633725
0.000657062
0.000663085
0.000532507
0.000654111
0.000457557
0.000631435
0.000371612
0.000594947
0.000543061
0.000471504
0.000372282
0.000238441
6.70099e-05
-0.000141723
-0.00038825
-0.000676006
-0.0010182
-0.00145298
-0.0015524
0.000597476
0.000644692
0.000673191
0.00068387
0.000678449
0.000532225
0.000658974
0.000452085
0.000626038
0.000579453
0.0005174
0.000434074
0.000321008
0.000171364
-1.73496e-05
-0.000245968
-0.00051579
-0.000834694
-0.0012293
-0.00150467
0.00059677
0.000649184
0.000683056
0.000699148
0.000698979
0.000683028
0.000526526
0.000653458
0.000610206
0.000553606
0.000480643
0.000383816
0.000253636
8.37228e-05
-0.000128707
-0.000384712
-0.000687626
-0.00105177
-0.0013432
0.00058926
0.000645918
0.000684627
0.000706468
0.000713003
0.000703341
0.00067755
0.000637181
0.000583866
0.000517064
0.000431795
0.000318042
0.00016597
-3.074e-05
-0.000274358
-0.000566319
-0.000910063
-0.00118819
0.000633281
0.000675627
0.000703293
0.000716727
0.00071579
0.000697704
0.00066088
0.000610147
0.000546891
0.00046909
0.000368279
0.000232521
5.16767e-05
-0.000179579
-0.00046295
-0.000795039
-0.0010608
0.000654382
0.000687235
0.000709389
0.000717548
0.000709684
0.000680601
0.000632998
0.000572214
0.000498953
0.000407568
0.000285941
0.000120879
-9.6998e-05
-0.000371947
-0.000698488
-0.000957747
0.000655449
0.00068687
0.000707361
0.000711105
0.000692913
0.000651779
0.000593778
0.000523511
0.000438552
0.000328524
0.000178561
-2.47843e-05
-0.000289615
-0.00061247
-0.000867812
0.000646035
-1.54491e-05
0.000681019
0.000103856
0.000700551
0.000695339
0.000664474
0.000611318
0.000543742
0.000463303
0.000362358
0.000226113
3.81119e-05
-0.000214188
-0.000532042
-0.000786684
3.3997e-06
0.000635655
-2.41965e-05
0.000673602
6.35779e-05
0.000150239
0.000686703
0.000668964
0.000623506
0.000559799
0.000483047
0.00038914
0.000264909
9.23101e-05
-0.000145182
-0.000454882
-0.000711788
-5.3346e-06
0.000628509
-3.46867e-05
0.000663061
2.28645e-05
0.000102888
0.000199732
0.000662752
0.000628767
0.000570812
0.000498136
0.000410067
0.000296137
0.000138338
-8.26937e-05
-0.000380363
-0.000641515
-1.66072e-05
0.000623067
-1.28356e-05
5.34109e-05
0.000145794
0.000624971
0.000575669
0.000508167
0.000425741
0.000320805
0.000176831
-2.7009e-05
-0.000308959
-0.000574719
-4.28399e-05
8.56352e-06
8.74762e-05
0.000572882
0.000512503
0.00043615
0.000339562
0.000208348
2.17906e-05
-0.000241792
-0.000510659
-7.12889e-05
-2.98495e-05
3.31328e-05
0.000510064
0.000440997
0.000352675
0.000233421
6.3678e-05
-0.000179887
-0.00044905
-0.000108067
-6.55914e-05
-1.41723e-05
0.000439662
0.000360095
0.000252417
9.88014e-05
-0.000124166
-0.000390233
-0.000170009
-0.000108454
-5.75851e-05
0.000361717
0.000265489
0.00012732
-7.5444e-05
-0.000334677
-0.000288454
-0.000175201
-0.000106916
0.000272743
0.000149496
-3.3763e-05
-0.000282824
-0.000488342
-0.000297038
-0.000178945
0.000165628
1.09782e-06
-0.000235314
-0.000497042
-0.000304613
2.9476e-05
-0.000192577
-0.00050512
-0.000154881
)
;
    }
    procBoundary4to6
    {
        type            processor;
        value           nonuniform List<scalar> 
30
(
0.00059974
0.000559265
0.000570827
0.000536888
-4.94924e-05
0.000528308
0.000500005
-2.02595e-05
0.000475433
0.000451993
8.46725e-06
0.000414892
0.000396423
3.20962e-05
0.000347172
0.000334554
5.06764e-05
0.000269557
0.000264368
6.94461e-05
0.000176312
0.000180691
9.96533e-05
5.75468e-05
7.37313e-05
0.000159058
-0.000110641
-8.40271e-05
0.000279633
0.000487765
)
;
    }
    procBoundary4to7
    {
        type            processor;
        value           nonuniform List<scalar> 
680
(
0.000538046
0.000232299
0.000538465
5.41114e-05
0.000235475
0.000539059
-1.27786e-05
5.74341e-05
0.000238872
0.000539797
-2.36113e-05
-1.04077e-05
6.12343e-05
0.00024267
0.000540896
-1.29905e-05
-2.29221e-05
-7.76352e-06
6.54435e-05
0.000246735
0.000542483
-1.38005e-06
-1.51737e-05
-2.26155e-05
-5.11989e-06
6.9843e-05
0.000251322
0.000544366
-1.06522e-06
-8.48741e-06
-1.87238e-05
-2.30636e-05
-2.76098e-06
7.4377e-05
0.000256117
0.000546936
-2.0255e-05
-1.58425e-05
-1.80571e-05
-2.40009e-05
-2.46105e-05
-9.54058e-07
7.87923e-05
0.000261464
0.000549778
-6.21563e-05
-4.55235e-05
-3.41695e-05
-3.04469e-05
-3.13621e-05
-2.7679e-05
1.29305e-08
8.30058e-05
0.000266888
0.000553371
-0.0001219
-9.98577e-05
-7.51873e-05
-5.61533e-05
-4.57939e-05
-4.12449e-05
-3.25331e-05
-1.25287e-07
8.67369e-05
0.000272848
0.000557208
-0.000184977
-0.000171292
-0.000141939
-0.000108741
-8.16175e-05
-6.43728e-05
-5.37791e-05
-3.9556e-05
-1.72695e-06
8.99089e-05
0.000278621
0.00056234
-0.000235191
-0.000242611
-0.000223914
-0.000186984
-0.000145328
-0.000110233
-8.60558e-05
-6.93203e-05
-4.90318e-05
-5.0449e-06
9.20917e-05
0.000285174
0.000567582
-0.000264385
-0.000297017
-0.000301177
-0.000276863
-0.000232864
-0.000183557
-0.000141324
-0.000110673
-8.78466e-05
-6.11902e-05
-1.04318e-05
9.34482e-05
0.000291399
0.000575223
-0.000274655
-0.00032803
-0.000357886
-0.000357049
-0.000327031
-0.000276828
-0.000221744
-0.000173887
-0.000137819
-0.000109364
-7.61917e-05
-1.78815e-05
9.3641e-05
0.000299202
0.000583313
-0.000271468
-0.000339116
-0.000390089
-0.000413782
-0.00040632
-0.000370162
-0.00031603
-0.000257818
-0.000206638
-0.00016672
-0.000133374
-9.36631e-05
-2.72461e-05
9.35601e-05
0.000307764
0.000596556
-9.26439e-05
-0.000257961
-0.000335794
-0.000401909
-0.000445632
-0.000459578
-0.000443672
-0.000402581
-0.00034749
-0.000289578
-0.000237949
-0.000196117
-0.00015881
-0.000112782
-3.74254e-05
9.38893e-05
0.000321092
0.000610904
-5.61735e-05
-0.000141507
-0.000233496
-0.000321452
-0.000399066
-0.000457862
-0.000489005
-0.000490385
-0.000464897
-0.00042172
-0.000369074
-0.000314594
-0.000265517
-0.0002239
-0.000183805
-0.000131437
-4.63891e-05
9.78193e-05
0.000339568
0.000636457
-1.82591e-05
-9.75274e-05
-0.000195603
-0.00029516
-0.000384602
-0.000455906
-0.000500842
-0.000513149
-0.000500135
-0.000469128
-0.00042645
-0.00037815
-0.000330194
-0.000286473
-0.00024699
-0.000204879
-0.000145945
-4.99064e-05
0.000109101
0.000371751
0.000666528
1.47151e-05
-4.98445e-05
-0.000144311
-0.000253729
-0.000357183
-0.000442269
-0.000500042
-0.000522508
-0.000517978
-0.000494041
-0.000456812
-0.000415001
-0.000373276
-0.000333611
-0.00029702
-0.00026094
-0.000216953
-0.000150473
-4.16633e-05
0.000135894
0.000420768
0.000720945
4.14738e-05
-6.68463e-06
-8.64566e-05
-0.000195722
-0.000313282
-0.000415083
-0.000488496
-0.00052375
-0.000526471
-0.000505562
-0.000468076
-0.000426397
-0.000387224
-0.000352438
-0.000321769
-0.000292788
-0.000260019
-0.000213029
-0.000136773
-1.2107e-05
0.000187044
0.000504754
0.000786697
6.6911e-05
2.91675e-05
-3.22463e-05
-0.000127642
-0.000249875
-0.00037057
-0.000463573
-0.000517406
-0.000528831
-0.000511018
-0.000470486
-0.000422896
-0.000378822
-0.000342396
-0.000314106
-0.00029142
-0.000268802
-0.000237272
-0.00018443
-9.49148e-05
5.05129e-05
0.000279174
0.000628957
0.000901182
0.000102324
6.20088e-05
1.35237e-05
-6.18696e-05
-0.00017242
-0.000304098
-0.000421076
-0.000497961
-0.000525473
-0.000514412
-0.000472507
-0.000416419
-0.000361067
-0.000314309
-0.000279593
-0.000255816
-0.000238621
-0.000219306
-0.000185156
-0.000121659
-1.34624e-05
0.000161066
0.000426307
0.000839431
0.00100296
0.00016562
0.000103224
5.44386e-05
-5.46391e-06
-9.49509e-05
-0.000219051
-0.000354683
-0.000460686
-0.000515089
-0.000516294
-0.000477974
-0.000415246
-0.000346034
-0.00028255
-0.000232241
-0.000196716
-0.000174205
-0.000158639
-0.000137809
-9.57727e-05
-1.59626e-05
0.000117872
0.000330736
0.000657358
0.00116592
0.00120551
0.000288741
0.000170917
0.000101956
4.40954e-05
-2.76267e-05
-0.000130691
-0.000264996
-0.000398013
-0.000486799
-0.000513113
-0.000486967
-0.00042268
-0.000342464
-0.000259743
-0.000187781
-0.000131832
-9.22018e-05
-6.67581e-05
-4.76935e-05
-2.00951e-05
3.47672e-05
0.000135414
0.000300426
0.000571277
0.000992388
0.0013862
0.000495968
0.00029705
0.000174505
9.83323e-05
3.09429e-05
-5.2429e-05
-0.000167455
-0.000307421
-0.000431237
-0.000496474
-0.00049376
-0.000439166
-0.000352179
-0.000254386
-0.000158571
-7.75082e-05
-1.28245e-05
3.5471e-05
6.92034e-05
9.68832e-05
0.000135735
0.000206008
0.000327736
0.000534328
0.000900254
0.00136051
0.000503865
0.000304104
0.000176098
9.22528e-05
1.5304e-05
-7.8978e-05
-0.000203575
-0.000343747
-0.000451678
-0.000488885
-0.000457655
-0.000376658
-0.000267183
-0.000151961
-4.39095e-05
4.82264e-05
0.000125902
0.00018884
0.00023702
0.000278716
0.000331844
0.000412092
0.000554821
0.000834502
0.001266
0.000511259
0.000309533
0.000175526
8.38255e-05
-2.37803e-06
-0.000106474
-0.000237189
-0.00037175
-0.000457814
-0.000466607
-0.000407293
-0.000300542
-0.000168255
-3.66903e-05
8.37058e-05
0.000189311
0.000285923
0.000371087
0.000441063
0.00050272
0.0005703
0.000641636
0.000830687
0.00115709
0.000517882
0.000313156
0.000172769
7.32721e-05
-2.17025e-05
-0.000133615
-0.000266692
-0.000389767
-0.000450865
-0.000431105
-0.000344267
-0.000210865
-5.63521e-05
9.09609e-05
0.000223098
0.00034545
0.000467957
0.000584922
0.000684362
0.000774821
0.000860179
0.00088293
0.0010713
0.000523484
0.000314828
0.000167918
6.0857e-05
-4.18688e-05
-0.000159492
-0.000290751
-0.000397612
-0.000432042
-0.000383759
-0.000268406
-0.000107564
6.84363e-05
0.000230164
0.0003731
0.000514962
0.000672018
0.000830404
0.000970586
0.00111997
0.00146723
0.000889519
0.00052801
0.000314561
0.000161191
4.69648e-05
-6.23956e-05
-0.000183354
-0.000308592
-0.000395527
-0.000402106
-0.000324436
-0.000179116
9.59743e-06
0.000206464
0.000380121
0.00053162
0.000696554
0.000896224
0.00111
0.0013131
0.00133894
0.000561551
0.000531238
0.000312653
0.000152783
3.19273e-05
-8.28304e-05
-0.000204455
-0.000319775
-0.000383715
-0.000361081
-0.000252952
-7.54619e-05
0.000142105
0.000359375
0.000540456
0.000697797
0.000887142
0.00114159
0.00143071
0.00131567
0.000533569
0.000309063
0.000142926
1.59857e-05
-0.000102737
-0.000222398
-0.000323846
-0.000361969
-0.000308729
-0.000167578
4.37981e-05
0.000292322
0.000528747
0.000711792
0.000869524
0.00108854
0.00141064
0.00135797
0.00053472
0.000304158
0.000131839
-5.5537e-07
-0.000121701
-0.000236342
-0.00032011
-0.000329652
-0.000243739
-6.66989e-05
0.000181313
0.000463416
0.000716339
0.00089369
0.00105157
0.0013092
0.00133739
0.00053524
0.00029798
0.00011975
-1.7469e-05
-0.000139216
-0.000245393
-0.000307476
-0.000285517
-0.000163723
5.20502e-05
0.00034069
0.000658283
0.000922513
0.00109111
0.00125811
0.00126765
0.000534745
0.00029095
0.000106757
-3.43084e-05
-0.000154453
-0.000248136
-0.000283962
-0.000227227
-6.5606e-05
0.000192344
0.000525893
0.000878076
0.00115105
0.00131599
0.00123719
0.000534177
0.000282886
9.33058e-05
-5.04864e-05
-0.000165938
-0.000242245
-0.00024688
-0.000150725
5.44084e-05
0.00035962
0.000739896
0.00112506
0.00140485
0.00127576
0.000532609
0.00027454
7.96584e-05
-6.48227e-05
-0.000171408
-0.000224228
-0.000192029
-5.14138e-05
0.00020254
0.000560324
0.000984628
0.00139988
0.00132589
0.000531746
0.000265656
6.68488e-05
-7.54842e-05
-0.000167281
-0.000189227
-0.00011353
7.6541e-05
0.000388605
0.000803169
0.00126767
0.00130818
0.000530104
0.00025762
5.60367e-05
-7.9117e-05
-0.000148371
-0.000130755
-4.96174e-06
0.00024111
0.000627853
0.00111593
0.00121105
0.00053019
0.00025053
5.02501e-05
-7.0872e-05
-0.00010735
-4.09805e-05
0.000140051
0.000452818
0.00096094
0.00118238
0.000530192
0.000247617
5.32545e-05
-4.31426e-05
-3.54249e-05
8.76686e-05
0.000324557
0.000733406
0.00120931
0.000534347
0.000250656
7.26862e-05
1.35383e-05
7.76474e-05
0.000259702
0.000546392
0.00134919
0.000540413
0.000268229
0.000117533
0.000111813
0.000240162
0.000478535
0.000796064
0.000532023
0.000558453
0.000308107
0.000201885
0.000263433
0.000463659
0.000760405
0.000850503
0.000582489
0.000385679
0.000337237
0.000487423
0.000776144
0.00105756
0.000629953
0.000508906
0.000546992
0.000820516
0.00115351
0.000696211
0.000705201
0.000873414
0.00123528
0.000798141
0.00100357
0.00127677
0.000880601
0.00121159
0.000952156
)
;
    }
}


// ************************************************************************* //
