/*--------------------------------*- C++ -*----------------------------------*\
  =========                 |
  \\      /  F ield         | OpenFOAM: The Open Source CFD Toolbox
   \\    /   O peration     | Website:  https://openfoam.org
    \\  /    A nd           | Version:  12
     \\/     M anipulation  |
\*---------------------------------------------------------------------------*/
FoamFile
{
    format      ascii;
    class       volScalarField;
    location    "100";
    object      epsilon;
}
// * * * * * * * * * * * * * * * * * * * * * * * * * * * * * * * * * * * * * //

dimensions      [0 2 -3 0 0 0 0];

internalField   nonuniform List<scalar> 
14688
(
0.000679216
0.000503488
0.000782615
0.000560027
0.000612834
0.000474891
0.00079472
0.000630433
0.000461935
0.000585988
0.000502988
0.000451955
0.000612328
0.000741982
0.000506022
0.000376643
0.000465604
0.000464327
0.000513751
0.000434995
0.000431897
0.000489276
0.000545688
0.000628403
0.00041025
0.000310189
0.000410992
0.000415349
0.000383196
0.000394306
0.00044186
0.000386275
0.000415473
0.000404785
0.000422568
0.000467123
0.000530611
0.000341495
0.00026084
0.00041364
0.000366029
0.000360612
0.000396062
0.000331569
0.000321874
0.00034624
0.000392886
0.000353171
0.000398261
0.000349907
0.000374984
0.000402443
0.000434177
0.000477571
0.000286803
0.000218938
0.000364475
0.000405574
0.00032875
0.000317001
0.000344723
0.000393728
0.000297321
0.000280123
0.000293946
0.000327414
0.000374797
0.00032428
0.000373456
0.000308828
0.000344062
0.000378601
0.000410348
0.000440682
0.000476655
0.000242277
0.00018317
0.000414375
0.000321033
0.000357924
0.000408832
0.00029733
0.000281687
0.000303467
0.000345758
0.000399676
0.000270971
0.000251406
0.000261042
0.000290608
0.000329943
0.00037723
0.000298502
0.000346316
0.000278811
0.000312203
0.00035457
0.00040151
0.00044982
0.000480609
0.000490518
0.000208299
0.000159088
0.000414126
0.000363536
0.00040756
0.000283357
0.000315089
0.00036093
0.000414395
0.000270281
0.000251722
0.000267979
0.000304386
0.000352839
0.000408659
0.000251253
0.000227151
0.000233379
0.00026054
0.000299088
0.000344785
0.000391489
0.0002752
0.000316015
0.000248157
0.000283043
0.000325322
0.000373424
0.000436848
0.000492144
0.000531386
0.000530766
0.00018865
0.000127563
0.000405266
0.000359267
0.000389512
0.000320096
0.000359333
0.000403528
0.000251222
0.000277118
0.000316859
0.000364519
0.000417843
0.000248065
0.00022528
0.00023631
0.000266846
0.000309561
0.000359911
0.000416833
0.000230079
0.000206115
0.000207399
0.000231309
0.000268658
0.000314153
0.000362159
0.000408862
0.000254328
0.000268004
0.000204517
0.000244015
0.000285208
0.000332642
0.000397688
0.000469725
0.00053014
0.00057656
0.000569804
0.00015746
0.000113159
0.000400719
0.000344791
0.000360376
0.000317158
0.000342287
0.000373168
0.000283382
0.000316938
0.000355314
0.000398911
0.000223668
0.000243869
0.000277377
0.000318253
0.000364681
0.000418195
0.000224753
0.000201483
0.0002075
0.000232564
0.000269565
0.000313715
0.000364232
0.000422392
0.000205352
0.000182389
0.00018232
0.00020213
0.000236948
0.000280088
0.000326886
0.00037571
0.000424024
0.000221391
0.000225851
0.000153989
0.000194642
0.000233931
0.000285164
0.000346859
0.000419414
0.000498271
0.00056467
0.000605881
0.000597193
0.000125074
6.99699e-05
0.000422599
0.000326439
0.000333642
0.000304637
0.000314461
0.00033277
0.000284336
0.000304597
0.000329358
0.00036126
0.000252365
0.000280305
0.000312394
0.000348661
0.000393033
0.000199021
0.000214523
0.000242331
0.000276838
0.000315865
0.000361022
0.000415988
0.000195849
0.000175669
0.000180568
0.000201207
0.000233139
0.000271373
0.000314689
0.000365267
0.000426121
0.000167469
0.000154978
0.000154456
0.00017368
0.000205584
0.000245771
0.000290075
0.000336457
0.000385363
0.000435631
0.000199554
0.000117078
0.000118687
0.000133201
0.000176878
0.000225573
0.000289722
0.000362956
0.000441039
0.000516614
0.000585892
0.000619462
0.000604467
7.01364e-05
2.9067e-05
0.000502201
0.000316583
0.000326417
0.000285022
0.000284905
0.000295831
0.000277077
0.000282653
0.00029469
0.00031684
0.000258058
0.000274125
0.000293355
0.000317439
0.000351816
0.000225457
0.000248676
0.000275219
0.000304377
0.000339577
0.000386424
0.000173397
0.000187371
0.000210936
0.000240317
0.000272885
0.000309729
0.000354671
0.000413008
0.000150587
0.000143845
0.000151949
0.000171907
0.000199987
0.000233344
0.000270544
0.000313018
0.000364559
0.000429247
0.000136959
0.000115951
0.000123264
0.00014319
0.000175368
0.000213383
0.000254682
0.000297374
0.000343345
0.000392328
0.000444437
0.000109514
3.37962e-05
5.84059e-05
9.30845e-05
0.000111876
0.000163839
0.000228578
0.000303433
0.000381573
0.000456974
0.00052952
0.000596625
0.000620654
0.000599221
7.01156e-06
5.93024e-06
0.000680064
0.000328576
0.000353945
0.000264608
0.000263295
0.000274902
0.000261395
0.000256778
0.000261455
0.00027855
0.000257053
0.000259616
0.000266765
0.000280989
0.00030767
0.000235759
0.00024867
0.000263797
0.000281369
0.000305951
0.000343998
0.000200379
0.000220508
0.000243008
0.000266674
0.00029371
0.00032932
0.000380345
0.000141811
0.00015917
0.000181655
0.000207613
0.000235535
0.000265863
0.000301387
0.000347663
0.000411159
0.00011611
0.00010183
0.000118537
0.000141964
0.000169332
0.000199339
0.000232077
0.000267788
0.000310143
0.000363673
0.000433823
6.61711e-05
8.49559e-05
8.37257e-05
0.000109131
0.00014456
0.000182866
0.000222163
0.00026185
0.000303194
0.000348909
0.000399098
0.000453022
3.12349e-05
6.79573e-06
6.66638e-06
4.10642e-05
7.1173e-05
0.000102401
0.000165891
0.000241614
0.00032072
0.000396392
0.000468045
0.000538538
0.000600296
0.000616759
0.000579809
6.68309e-06
5.51096e-06
0.000379069
0.000993127
0.000437882
0.000251993
0.000257836
0.000274679
0.000240484
0.00023319
0.000236825
0.000254092
0.000247278
0.000239758
0.000239737
0.000249187
0.000272467
0.000240779
0.000241651
0.000245705
0.000253956
0.000270816
0.000302098
0.000214596
0.000225988
0.000238799
0.000252147
0.000269075
0.00029525
0.000337961
0.000174085
0.000193727
0.000214119
0.000234463
0.00025589
0.000282037
0.000319341
0.000375763
0.000101895
0.000126621
0.000151875
0.000177155
0.000202511
0.000228665
0.000257313
0.000292665
0.000341413
0.000411898
5.47049e-05
7.24853e-05
7.84536e-05
0.000108656
0.000138789
0.000168328
0.000198249
0.00022948
0.000264543
0.000307489
0.000364392
0.000442353
3.24899e-05
4.17178e-05
5.48087e-05
6.80558e-05
0.000109945
0.000152169
0.000192135
0.000229801
0.000267763
0.000308349
0.000354849
0.000406575
0.000465593
1.55575e-05
6.49581e-06
6.67116e-06
2.75165e-05
3.10973e-05
5.77901e-05
0.000105196
0.000177431
0.000259284
0.000335048
0.000407385
0.000474492
0.000540037
0.000597371
0.000601465
0.000538612
6.46761e-06
5.17731e-06
0.000253821
0.000485353
0.000274029
0.00144703
0.000601547
0.000303346
0.000219886
0.000216612
0.000224039
0.000243339
0.000229481
0.000218628
0.000217331
0.000226934
0.000250102
0.000237232
0.000228309
0.000225453
0.000229115
0.000242758
0.000271205
0.000225066
0.000225467
0.00022864
0.000233574
0.000243346
0.000263208
0.000299856
0.000191536
0.000203555
0.000215908
0.000227713
0.000240221
0.000257467
0.000285888
0.000333737
0.000144078
0.00016581
0.00018643
0.000205717
0.000224427
0.000244606
0.000270759
0.000310395
0.000373937
7.08531e-05
8.90178e-05
0.000119222
0.000146589
0.000171977
0.000196286
0.000220972
0.000248813
0.000284566
0.000336761
0.000416548
3.55439e-05
4.78611e-05
5.11375e-05
6.98615e-05
0.000105801
0.000137794
0.000167694
0.00019651
0.000226834
0.00026169
0.000306033
0.000367662
0.000456983
1.71408e-05
2.50259e-05
3.21024e-05
3.89553e-05
6.85598e-05
0.000116962
0.000162389
0.000200435
0.000236263
0.000272866
0.000313849
0.00036158
0.00041791
0.000476013
1.1148e-05
2.6932e-05
6.09793e-06
6.65484e-06
2.75224e-05
2.74205e-05
2.7631e-05
5.84147e-05
0.000118259
0.0001956
0.000274799
0.000344967
0.000412435
0.000474041
0.000536578
0.000585861
0.000570574
0.000515051
6.21133e-06
4.58307e-06
0.000277125
0.000205136
0.000209861
0.000656708
0.000319073
0.000222952
0.00199579
0.000861463
0.000368881
0.000243875
0.000207933
0.000199944
0.000201387
0.000213882
0.000236756
0.000223966
0.000211176
0.000206633
0.000210115
0.000224752
0.000250951
0.000227011
0.000218554
0.000214961
0.00021543
0.000222391
0.000240417
0.000273535
0.000206748
0.000208533
0.000212743
0.000217148
0.00022328
0.00023492
0.000257801
0.000299704
0.000164452
0.000178912
0.000192933
0.000205373
0.000216808
0.000229282
0.000247291
0.000278169
0.000332335
0.00011137
0.00013522
0.000157743
0.000178182
0.0001967
0.000214522
0.000234113
0.000260434
0.000302795
0.000374516
5.56854e-05
6.14363e-05
8.4027e-05
0.000113892
0.000141601
0.000166669
0.000189867
0.000213773
0.000241037
0.000277316
0.000333781
0.0004263
2.23541e-05
3.09695e-05
4.01796e-05
4.03011e-05
6.88408e-05
0.000105066
0.000137786
0.000166888
0.000194815
0.000224621
0.000259698
0.000305753
0.000374502
0.000478993
1.75193e-05
1.40287e-05
1.69585e-05
2.22524e-05
2.69542e-05
3.67232e-05
7.49302e-05
0.000127538
0.000171728
0.000207153
0.000241533
0.000278098
0.000320397
0.000371188
0.000429969
0.00050575
9.18771e-06
6.22168e-06
5.42484e-06
2.75213e-05
6.56139e-06
6.49729e-06
6.50728e-06
2.83826e-05
6.54616e-05
0.000135391
0.000211601
0.00028498
0.000348175
0.000411096
0.000469157
0.000524377
0.000557801
0.000526512
0.00049615
5.72622e-06
2.64778e-06
0.000323986
0.000200207
0.000214595
0.000188212
0.00018594
0.000191915
0.000883994
0.000397926
0.000235591
0.000206008
0.00254448
0.00120351
0.000480649
0.000261128
0.000228034
0.000204091
0.000193456
0.000191047
0.000197409
0.000212306
0.000237358
0.000219228
0.000205864
0.000200165
0.000200025
0.000207873
0.000225411
0.000257607
0.000214184
0.000207062
0.000205089
0.000205216
0.000208543
0.000218529
0.000240254
0.00027924
0.000183689
0.000188412
0.000195219
0.00020173
0.000207644
0.000215225
0.000228802
0.000255348
0.000302646
0.000134192
0.000150936
0.00016769
0.000182763
0.000195707
0.00020736
0.000220112
0.000238831
0.000272185
0.000333503
8.46566e-05
0.000103328
0.000126997
0.000149797
0.000170159
0.000188476
0.000205891
0.000224857
0.000251088
0.000296529
0.0003791
3.74378e-05
4.9702e-05
5.68417e-05
7.97172e-05
0.000109491
0.000137402
0.000161541
0.000184265
0.000207523
0.000233944
0.000270344
0.000332739
0.00044348
2.22095e-05
1.92356e-05
2.86192e-05
3.36604e-05
3.7949e-05
6.91151e-05
0.000105544
0.000137918
0.000166057
0.000193439
0.000223064
0.000258066
0.000306143
0.000384277
0.000517511
1.37924e-05
1.64737e-05
1.19885e-05
1.83424e-05
2.16157e-05
2.60765e-05
3.99795e-05
8.59369e-05
0.00013705
0.000178706
0.000212079
0.000246236
0.000283866
0.000328146
0.000379999
0.000448435
0.000535385
7.79597e-06
5.85918e-06
3.22013e-06
2.74064e-05
6.51649e-06
6.24695e-06
6.50869e-06
6.52691e-06
3.11155e-05
7.98624e-05
0.000150613
0.000221887
0.000288373
0.00034633
0.000404222
0.000456611
0.000500712
0.000516156
0.000479586
0.000517935
3.65782e-06
1.18306e-06
0.000204986
0.000391839
0.000230777
0.000173908
0.00017762
0.000187354
0.000183555
0.000177934
0.000179571
0.000188025
0.00112536
0.000508634
0.000262965
0.000202739
0.000203007
0.00293345
0.00156343
0.000637261
0.000297008
0.000223479
0.000225953
0.00020197
0.00019035
0.000186081
0.000188051
0.000196875
0.000214916
0.000244862
0.000211054
0.000199157
0.000194482
0.000193422
0.00019693
0.000207676
0.000229894
0.000267341
0.000196223
0.00019166
0.000193049
0.000195425
0.000198501
0.000204283
0.000217568
0.000243178
0.000288299
0.000156159
0.000164004
0.000174448
0.000184546
0.000193104
0.000200625
0.00020964
0.00022511
0.000255094
0.000309619
0.000106038
0.000121236
0.000139692
0.000157962
0.000174167
0.000187916
0.000200078
0.000212934
0.000232227
0.000269616
0.000339173
6.41671e-05
7.75747e-05
9.61966e-05
0.000119821
0.000142786
0.000163525
0.000181918
0.000198896
0.00021679
0.00024256
0.000292294
0.000389678
2.83783e-05
2.39118e-05
3.58632e-05
4.61496e-05
5.40986e-05
7.66579e-05
0.000106464
0.000133544
0.00015737
0.000179759
0.000202117
0.000226791
0.000262892
0.000333415
0.000472614
2.23888e-05
2.031e-05
1.63052e-05
2.79888e-05
3.26723e-05
3.93826e-05
7.03747e-05
0.000106228
0.000137756
0.00016522
0.000192422
0.000221523
0.000255356
0.000304825
0.000399221
0.000573653
1.02011e-05
1.8334e-05
1.48121e-05
9.6632e-06
1.97907e-05
2.31436e-05
2.76428e-05
4.90419e-05
9.54438e-05
0.000143642
0.000183019
0.000215481
0.000250207
0.000288901
0.000332923
0.000387604
0.000472175
0.000615251
4.77673e-06
3.74553e-06
1.53985e-06
2.86111e-05
6.48368e-06
6.39342e-06
4.6468e-06
2.9335e-05
6.54358e-06
3.58068e-05
9.24979e-05
0.0001604
0.000225705
0.000286881
0.000339035
0.00038925
0.000432456
0.000463331
0.000462464
0.000450753
0.000642078
1.47385e-06
9.34101e-07
0.000217888
0.00016563
0.000174676
0.000467752
0.000257353
0.000188205
0.000166709
0.000166446
0.000171163
0.000180573
0.000182251
0.000175239
0.000174243
0.000178372
0.000187842
0.00129924
0.000631699
0.000304276
0.000205545
0.000195085
0.000204869
0.00298329
0.00181459
0.000811268
0.000350537
0.000225804
0.000215364
0.000230547
0.000197602
0.000186513
0.000182587
0.000182635
0.000187522
0.000199353
0.000221255
0.000255432
0.000197276
0.000188351
0.000186654
0.000187352
0.00018974
0.000196253
0.000210315
0.00023681
0.00028017
0.000172762
0.000171558
0.000176708
0.000183281
0.000189053
0.000194507
0.000203009
0.000218634
0.000249213
0.000301689
0.000127676
0.000136795
0.000149941
0.000164068
0.00017683
0.000187308
0.000196214
0.000206434
0.00022421
0.000258784
0.000322149
8.10871e-05
9.49461e-05
0.000111229
0.00013087
0.00015044
0.000167919
0.000182608
0.000195128
0.000207729
0.000228142
0.000269721
0.000351962
4.69224e-05
5.95939e-05
7.22563e-05
9.06299e-05
0.000114107
0.00013759
0.000158739
0.000177297
0.000193459
0.000209706
0.00023499
0.000291568
0.000409733
2.83313e-05
2.48207e-05
1.97163e-05
3.55434e-05
4.50355e-05
5.25569e-05
7.47592e-05
0.000103964
0.00013056
0.000154268
0.00017624
0.000196939
0.000218663
0.000254477
0.000337944
0.000518868
2.05576e-05
2.3007e-05
1.80635e-05
1.28079e-05
2.89804e-05
3.38925e-05
4.20971e-05
7.14257e-05
0.000106279
0.000137143
0.000164329
0.000191181
0.000218471
0.000248691
0.000300062
0.000421449
0.000667832
6.26792e-06
1.93858e-05
1.70299e-05
1.11661e-05
6.47894e-06
2.11437e-05
2.54827e-05
3.12491e-05
5.68455e-05
0.000101404
0.000147124
0.000184817
0.000217108
0.000252118
0.000289176
0.00032902
0.000388027
0.000493351
0.000735655
2.01833e-06
4.11367e-06
2.37064e-06
1.34119e-06
3.13173e-05
2.73956e-05
6.471e-06
5.20401e-06
1.89872e-06
3.1618e-05
2.8831e-05
3.98472e-05
0.000100183
0.000164314
0.000224741
0.000279916
0.000325467
0.000362249
0.000386727
0.000391951
0.000389188
0.000470469
0.000719114
1.10954e-06
1.00585e-06
0.000234757
0.000162058
0.000175964
0.000155106
0.000158491
0.000165098
0.000525393
0.000289014
0.000194138
0.000174908
0.00016513
0.000162988
0.000164953
0.000170195
0.000179802
0.000179757
0.000172829
0.000171336
0.000173485
0.000179322
0.000191335
0.0013246
0.000723879
0.000352377
0.000215399
0.000188063
0.000194461
0.000210712
0.0025807
0.00184447
0.000939602
0.000412711
0.000237564
0.000205125
0.00021505
0.000239136
0.000188968
0.000179168
0.000177565
0.000178418
0.000181825
0.000189099
0.000204077
0.000229501
0.000268281
0.000179049
0.000172007
0.000174558
0.000179036
0.000183428
0.000188772
0.000197474
0.000215031
0.000246422
0.000296505
0.000146425
0.000147725
0.000156098
0.000166987
0.000177186
0.000185688
0.000193328
0.00020321
0.000222681
0.000259086
0.000320542
0.000100956
0.00011074
0.000123927
0.000140288
0.000157137
0.000172184
0.000184535
0.000194503
0.000205664
0.000226167
0.00026738
0.000342601
6.14143e-05
7.36805e-05
8.72996e-05
0.000104111
0.000124654
0.000145469
0.00016435
0.000179921
0.000192225
0.000204838
0.000227229
0.000276338
0.000375044
3.71195e-05
3.23367e-05
4.54246e-05
5.71192e-05
6.87799e-05
8.67729e-05
0.000110183
0.000134186
0.000155878
0.000174455
0.000189382
0.00020361
0.000230999
0.000296885
0.00044514
2.48356e-05
2.86156e-05
2.13387e-05
1.52721e-05
3.6164e-05
4.49323e-05
5.24019e-05
7.35686e-05
0.000101912
0.000128461
0.000152157
0.000173352
0.000191303
0.000209151
0.00024619
0.000351787
0.00059579
2.06984e-05
1.8747e-05
2.40003e-05
1.43775e-05
8.55871e-06
3.04333e-05
3.63154e-05
4.42033e-05
7.14537e-05
0.000105569
0.000136045
0.000163019
0.000188627
0.000211611
0.000235434
0.000293257
0.000460876
0.000851266
7.70638e-06
3.37861e-06
2.00607e-05
1.84348e-05
1.25667e-05
7.67217e-06
2.57407e-06
2.24406e-05
2.81735e-05
3.42714e-05
6.12584e-05
0.000103937
0.000147443
0.000184171
0.000216261
0.000249198
0.000279805
0.000311259
0.000380282
0.000596596
0.000681575
1.67491e-06
3.1166e-06
2.09345e-06
1.63617e-06
3.33775e-05
2.95624e-05
2.7324e-05
5.56381e-06
2.26401e-06
1.21628e-06
3.44498e-05
3.11025e-05
4.20455e-05
0.000103119
0.000163837
0.000219281
0.000267681
0.00030245
0.000321592
0.000319171
0.000306532
0.000351212
0.000570434
0.000681988
1.24511e-06
6.47224e-07
0.000248726
0.000161369
0.000180054
0.000147288
0.000152868
0.00016094
0.000152636
0.000153777
0.000157305
0.000163494
0.00053644
0.000314561
0.000203669
0.000171324
0.000172547
0.000163553
0.000160932
0.000162262
0.000165529
0.000172198
0.000182854
0.000173957
0.000167825
0.000167905
0.00017037
0.000174377
0.000182617
0.000196618
0.00116317
0.000740556
0.000391115
0.000229211
0.000183997
0.000184832
0.000198344
0.000218185
0.00199581
0.00159794
0.000960706
0.000463028
0.000253853
0.000199322
0.000201254
0.000220057
0.000249366
0.000175241
0.000167243
0.000168742
0.000172666
0.000177215
0.000182462
0.000192416
0.000210331
0.000239572
0.000283271
0.000157798
0.000152292
0.000157549
0.000166393
0.000175012
0.000182336
0.000189161
0.00020057
0.000222003
0.000258947
0.000316836
0.000120968
0.000123487
0.000133019
0.000146666
0.000161324
0.000174685
0.000184859
0.000193495
0.000205901
0.000229754
0.000273619
0.000346076
7.97505e-05
8.82571e-05
0.000100428
0.000115775
0.000134308
0.000153659
0.000170781
0.00018399
0.000194331
0.000207074
0.000232259
0.000282605
0.000373517
4.9223e-05
5.71871e-05
6.91997e-05
8.24803e-05
9.9565e-05
0.000120972
0.000143492
0.000163411
0.000179372
0.00019143
0.000204235
0.000231072
0.000291591
0.00041364
3.17212e-05
3.63623e-05
2.6711e-05
4.5043e-05
5.58676e-05
6.68652e-05
8.42472e-05
0.000107954
0.000132711
0.000154971
0.000173475
0.000186421
0.000199981
0.000230756
0.000314993
0.000504978
2.17117e-05
2.46408e-05
2.91927e-05
1.7047e-05
1.02371e-05
3.70837e-05
4.56745e-05
5.25853e-05
7.26709e-05
0.000100455
0.000127248
0.000150977
0.000170804
0.000185023
0.000199191
0.000244272
0.000386749
0.000724386
2.10548e-05
1.89486e-05
1.53431e-05
2.50755e-05
1.00347e-05
4.16457e-06
3.21567e-05
3.84456e-05
4.52718e-05
7.07574e-05
0.000104152
0.000134425
0.000160798
0.000183502
0.000199281
0.000216393
0.000293766
0.000561781
0.000888687
4.52445e-06
2.81626e-06
2.0714e-05
1.8856e-05
1.44441e-05
8.81717e-06
3.12181e-06
1.65965e-06
2.37877e-05
3.00502e-05
3.61285e-05
6.27589e-05
0.00010363
0.00014558
0.000180913
0.000211092
0.000238048
0.000254316
0.000270334
0.000387991
0.000664415
0.000567149
2.50383e-06
3.714e-06
2.68219e-06
2.01409e-06
1.02371e-06
3.12002e-05
3.54788e-05
2.73731e-05
5.73511e-06
2.58112e-06
1.31892e-06
1.34553e-06
3.69435e-05
3.27372e-05
4.27093e-05
0.000102611
0.000160495
0.000209605
0.000248709
0.000268141
0.000261995
0.000236815
0.000235385
0.000384889
0.000577099
0.000514758
7.26523e-07
0.000251957
0.000161554
0.000184466
0.000141609
0.000148807
0.000158273
0.000143681
0.000146393
0.000151259
0.000157975
0.000151287
0.000152021
0.000154609
0.000159098
0.000165575
0.000491012
0.000321339
0.000212257
0.000169695
0.000166492
0.00017434
0.000159846
0.000157475
0.000159907
0.000163097
0.000168354
0.000176361
0.000187952
0.000165002
0.000158949
0.000161475
0.000166124
0.000170646
0.000176981
0.00018708
0.000202961
0.000925333
0.000666478
0.000401647
0.000242063
0.000183382
0.000176628
0.000186113
0.00020425
0.00022669
0.0014589
0.00124356
0.000855109
0.000476849
0.000269552
0.000199069
0.000189762
0.000202067
0.000226961
0.0002606
0.000159308
0.000151237
0.000155381
0.000163123
0.000170894
0.000177174
0.000184727
0.00019705
0.000218069
0.000251391
0.000300292
0.000137064
0.000131419
0.000137817
0.000149401
0.00016239
0.000173932
0.000182442
0.000191246
0.000205409
0.000231279
0.000274687
0.000341505
0.000100423
0.000101747
0.000110929
0.000124585
0.000141496
0.000159489
0.000174264
0.000185524
0.000195524
0.000210767
0.00024055
0.000293774
0.000379422
6.55797e-05
7.05359e-05
8.11609e-05
9.44328e-05
0.000111082
0.000131826
0.000152936
0.000171315
0.000185269
0.000196147
0.000211407
0.00024363
0.000306583
0.0004175
4.15668e-05
4.62138e-05
5.48974e-05
6.67523e-05
7.97575e-05
9.72613e-05
0.000119833
0.000143446
0.000164683
0.000180825
0.000192128
0.000206897
0.000241412
0.0003196
0.000473069
2.69085e-05
3.07936e-05
3.61443e-05
2.07927e-05
4.51335e-05
5.55793e-05
6.60683e-05
8.30684e-05
0.000107245
0.000132795
0.000155888
0.000173616
0.000185238
0.000199325
0.000240854
0.000354067
0.00059709
1.23941e-05
1.79276e-05
2.15678e-05
2.46336e-05
2.99619e-05
1.20156e-05
5.76034e-06
3.82161e-05
4.6588e-05
5.28583e-05
7.18549e-05
9.97311e-05
0.000126956
0.000150705
0.000168705
0.000178802
0.000195276
0.000257321
0.000466486
0.000824408
2.15303e-05
1.8971e-05
1.59099e-05
1.121e-05
2.6208e-05
4.71267e-06
2.87274e-06
3.37541e-05
4.01529e-05
4.56503e-05
6.95405e-05
0.000102405
0.000132346
0.000157308
0.000175396
0.000182511
0.000204497
0.000329837
0.000725213
0.000779127
5.83487e-06
3.47044e-06
3.12253e-06
1.90898e-05
2.14002e-05
1.54921e-05
9.86107e-06
3.924e-06
1.65868e-06
2.45964e-06
2.49938e-05
3.16246e-05
3.69697e-05
6.23192e-05
0.00010155
0.0001412
0.000174135
0.000199528
0.000213207
0.000207273
0.000241201
0.000511278
0.000570936
0.000456651
1.4822e-06
3.03348e-06
2.36074e-06
1.38273e-06
6.49611e-06
3.27875e-05
3.71965e-05
6.03933e-06
2.91137e-06
1.38953e-06
1.47536e-06
8.8852e-07
3.90667e-05
3.37881e-05
4.24156e-05
0.000100512
0.000153989
0.000195296
0.000221673
0.000218908
0.000188224
0.000159532
0.000218117
0.000480208
0.000503533
0.000388028
0.000242025
0.000160779
0.000185673
0.000137153
0.000145715
0.000156716
0.000136626
0.000140539
0.000146307
0.000153394
0.000142992
0.000144725
0.000148474
0.000153318
0.000159232
0.000149162
0.000149825
0.000153015
0.000157484
0.000163103
0.000170175
0.0004202
0.00030569
0.000215877
0.000170285
0.000161254
0.000166441
0.000179068
0.000154381
0.000151024
0.000155019
0.000160041
0.000165571
0.00017241
0.000181562
0.000193947
0.000155525
0.000146958
0.00015107
0.000158667
0.000165879
0.000172536
0.000180674
0.000192472
0.000210116
0.00070553
0.000554295
0.0003789
0.000248024
0.000185517
0.00017084
0.000175853
0.000190537
0.000210915
0.000235919
0.00103844
0.000924287
0.000698094
0.000448218
0.000277172
0.000202183
0.000182683
0.000188202
0.00020609
0.000234451
0.00027242
0.000145588
0.000134403
0.000138795
0.000149076
0.000160928
0.000170632
0.000178748
0.000188157
0.000202886
0.000227179
0.0002648
0.000318917
0.000120337
0.000112364
0.000118074
0.000129975
0.000145494
0.000161439
0.00017404
0.00018412
0.000194621
0.000211926
0.00024303
0.000293815
0.000370351
8.57679e-05
8.42568e-05
9.19184e-05
0.000104141
0.000120186
0.000140082
0.000159366
0.000175666
0.000187718
0.000198992
0.000218139
0.000255539
0.000319935
0.000421138
5.53858e-05
5.81576e-05
6.56539e-05
7.73989e-05
9.12791e-05
0.000109494
0.000131488
0.000154364
0.000174
0.000188087
0.000199517
0.000219278
0.00026184
0.000341677
0.000476566
3.4484e-05
3.89931e-05
4.44217e-05
5.40506e-05
6.58536e-05
7.8859e-05
9.67574e-05
0.000120462
0.000145827
0.000168136
0.000183914
0.000194839
0.000214253
0.000262443
0.000365725
0.000556133
2.16674e-05
2.6363e-05
3.01213e-05
3.63016e-05
1.43879e-05
4.56797e-05
5.58338e-05
6.59713e-05
8.29839e-05
0.000107988
0.000134885
0.000158784
0.000175445
0.000185296
0.000205204
0.000265922
0.00042458
0.00070158
7.41717e-06
1.3322e-05
1.81851e-05
2.13342e-05
2.4886e-05
3.08627e-05
6.32099e-06
4.15702e-06
3.94443e-05
4.76179e-05
5.32194e-05
7.13803e-05
9.99104e-05
0.000127911
0.000151709
0.000167259
0.000176063
0.000200517
0.000302704
0.00060393
0.000829129
1.89912e-05
2.20843e-05
1.6141e-05
1.19377e-05
5.63943e-06
2.73317e-05
2.7618e-06
3.13209e-06
3.52656e-05
4.14027e-05
4.58317e-05
6.83085e-05
0.000100762
0.00013008
0.000152848
0.000164901
0.000171368
0.000212921
0.00045445
0.000740888
0.000585589
4.06073e-06
3.46634e-06
2.0338e-06
1.59098e-05
1.93772e-05
2.20119e-05
1.06033e-05
4.82535e-06
1.78625e-06
2.24456e-06
1.70024e-06
2.61308e-05
3.27969e-05
3.72543e-05
6.09009e-05
9.7728e-05
0.000134708
0.000162986
0.000177023
0.000172947
0.000174282
0.000272361
0.000536654
0.000452566
0.000355058
3.47952e-06
2.55934e-06
1.66441e-06
6.26974e-06
2.74409e-05
3.38803e-05
3.88885e-05
3.32086e-06
1.4765e-06
1.50398e-06
1.1215e-06
4.06911e-05
3.45368e-05
4.1987e-05
9.69731e-05
0.000144949
0.000176371
0.000183119
0.00015828
0.000128778
0.000134134
0.000287995
0.000459141
0.000340374
0.000328002
0.000225374
0.000158014
0.000182958
0.000133431
0.000143207
0.000156226
0.000130942
0.000135659
0.000142228
0.000149508
0.000136146
0.000138785
0.000142911
0.000147746
0.000153278
0.00014175
0.000143494
0.000147619
0.000152479
0.000157869
0.000163907
0.00014623
0.000144904
0.000149731
0.000155465
0.000161557
0.000168284
0.000175965
0.000352346
0.000279003
0.00021303
0.00017154
0.000158047
0.000160164
0.000170814
0.00018491
0.000149619
0.000142175
0.000146739
0.00015454
0.000161841
0.000169133
0.000177366
0.000187494
0.000200483
0.000148425
0.000134162
0.000137732
0.000147262
0.000158064
0.000167111
0.000175554
0.000185281
0.000198612
0.000217864
0.000536649
0.000450101
0.000340248
0.000245031
0.000188431
0.000168129
0.000168612
0.000179039
0.000196029
0.000217918
0.000245559
0.000748006
0.000684546
0.000555737
0.000399626
0.000274524
0.000205868
0.000180066
0.000179127
0.00018985
0.000211039
0.000241991
0.000284253
0.000135284
0.000119262
0.000121975
0.000132384
0.000146637
0.000160526
0.000171812
0.000181429
0.000192581
0.000209789
0.000237481
0.000279383
0.000338186
0.000107615
9.68226e-05
0.000100585
0.000111128
0.00012625
0.00014459
0.000161774
0.000175822
0.000186801
0.000199092
0.000220182
0.000257269
0.000316298
0.000401975
7.34956e-05
7.14622e-05
7.62573e-05
8.69108e-05
0.00010076
0.000119073
0.000140178
0.000161381
0.00017846
0.000190784
0.000203783
0.00022833
0.000275065
0.000352265
0.000470413
4.53421e-05
4.93371e-05
5.39599e-05
6.32811e-05
7.58155e-05
9.045e-05
0.000109406
0.00013332
0.000157932
0.000178105
0.000191717
0.00020458
0.00023152
0.0002879
0.000388138
0.000549599
2.69944e-05
1.81033e-05
3.28828e-05
3.71069e-05
4.37321e-05
5.39488e-05
6.57678e-05
7.89138e-05
9.77903e-05
0.00012325
0.00015043
0.000173272
0.000187795
0.000199827
0.000228903
0.000297532
0.00043313
0.00065532
1.58604e-05
2.17819e-05
2.56803e-05
2.99371e-05
3.68019e-05
8.06188e-06
4.65838e-05
5.66227e-05
6.66869e-05
8.43594e-05
0.000110569
0.000139242
0.000163689
0.000178263
0.000189269
0.000222344
0.000316448
0.000527056
0.000787084
1.04744e-05
5.25448e-06
7.31174e-06
1.40031e-05
1.81575e-05
2.12537e-05
2.53079e-05
3.18866e-05
3.99287e-06
3.97087e-06
4.07931e-05
4.87299e-05
5.39562e-05
7.16505e-05
0.000101265
0.000130435
0.000153929
0.000166653
0.000177282
0.000225313
0.00039725
0.000687832
0.000797378
1.62395e-05
1.90975e-05
2.2682e-05
1.23751e-05
6.48555e-06
2.94752e-06
2.84597e-05
3.05426e-06
2.28685e-06
3.66901e-05
4.25162e-05
4.62293e-05
6.75927e-05
0.000100039
0.000128354
0.000147654
0.000154565
0.000171138
0.000269361
0.000571785
0.000623638
0.000485712
5.39482e-06
3.75972e-06
2.31889e-06
1.10307e-05
1.63169e-05
1.96024e-05
2.26265e-05
5.52069e-06
2.0808e-06
2.15714e-06
1.80339e-06
2.71414e-05
3.38337e-05
3.74257e-05
5.89288e-05
9.30707e-05
0.000126536
0.000144036
0.000145445
0.000144362
0.000174036
0.000380103
0.000446247
0.000337816
0.000296487
4.00316e-06
2.61761e-06
1.88264e-06
3.7499e-06
6.41106e-06
2.74675e-05
3.47867e-05
4.01729e-05
1.54367e-06
1.46282e-06
1.1642e-06
4.20151e-05
3.52118e-05
4.16883e-05
9.22328e-05
0.000134294
0.000149106
0.00013613
0.000115896
0.000120341
0.000172959
0.000347871
0.000334545
0.000256594
0.000331117
0.000208595
0.000154397
0.000178155
0.000130408
0.000141471
0.000155916
0.000126112
0.000131566
0.000138877
0.000147228
0.000130476
0.000133326
0.000137599
0.000142534
0.000148594
0.000136617
0.00013835
0.000142542
0.000147248
0.000152245
0.000157676
0.000140665
0.000140759
0.000145532
0.000151534
0.000157568
0.000163731
0.000170086
0.000144883
0.000138478
0.000143784
0.000151221
0.000158958
0.000166525
0.00017431
0.000182521
0.000298957
0.000252478
0.000206576
0.000172648
0.000157035
0.000155876
0.000163555
0.000176662
0.000191419
0.000148318
0.00013299
0.000136037
0.000145559
0.000155449
0.000164746
0.000173631
0.000183095
0.000193999
0.000207357
0.000144722
0.000123156
0.000123755
0.00013306
0.000146319
0.000158724
0.000169583
0.000179517
0.000190658
0.000205328
0.000225956
0.000423174
0.000370601
0.00030268
0.00023707
0.000190802
0.000168249
0.000164527
0.000170316
0.000183969
0.000202033
0.000224974
0.000255183
0.000571875
0.000526498
0.000449586
0.000353184
0.000266331
0.000209323
0.000181605
0.000174401
0.000178939
0.000193441
0.000216239
0.000249111
0.000295317
0.000127077
0.000106973
0.000106814
0.000115598
0.000129629
0.000146161
0.000161512
0.000174149
0.00018497
0.000197854
0.000217593
0.000248652
0.000294257
0.000356889
9.46262e-05
8.49236e-05
8.58411e-05
9.46486e-05
0.000107773
0.000125378
0.000144999
0.000163801
0.000178473
0.00019018
0.000204645
0.000230146
0.000273876
0.000340951
0.000433335
6.0021e-05
6.14816e-05
6.40186e-05
7.23081e-05
8.45825e-05
9.99413e-05
0.000119227
0.000142403
0.000164777
0.000181934
0.000194348
0.000210045
0.000241626
0.000298993
0.000389936
0.000522468
3.47183e-05
2.47016e-05
4.13096e-05
4.53719e-05
5.18322e-05
6.25694e-05
7.55138e-05
9.06464e-05
0.000111241
0.000137106
0.000163
0.000182834
0.000195648
0.000211774
0.000249209
0.000322421
0.000445039
0.000627709
1.91707e-05
2.65673e-05
1.0552e-05
3.13128e-05
3.60611e-05
4.36272e-05
5.44755e-05
6.65057e-05
8.02039e-05
0.00010056
0.000128107
0.000156948
0.000179229
0.000191939
0.000208062
0.000252364
0.000347405
0.000518549
0.000751004
8.93214e-06
1.65614e-05
2.14588e-05
2.52005e-05
2.99784e-05
3.75904e-05
5.24026e-06
4.78067e-05
5.78894e-05
6.83305e-05
8.73532e-05
0.000115473
0.000146141
0.000169959
0.000181811
0.000199045
0.000256394
0.000395818
0.000630382
0.000850944
1.6543e-05
6.48852e-06
4.55015e-06
4.12924e-06
8.27929e-06
1.42454e-05
1.80073e-05
2.12592e-05
2.5869e-05
3.30037e-05
3.8361e-06
2.64657e-06
4.22598e-05
5.00835e-05
5.52981e-05
7.34715e-05
0.000103948
0.000134282
0.000156716
0.000166825
0.000190358
0.000283484
0.000515169
0.000716403
0.000809406
1.26137e-05
1.62753e-05
1.92567e-05
2.32978e-05
7.04033e-06
3.24524e-06
3.11133e-06
2.9595e-05
2.40584e-06
3.8151e-05
4.36495e-05
4.70948e-05
6.8262e-05
0.00010082
0.000126646
0.000141956
0.000150886
0.000198103
0.00039051
0.000576899
0.000533561
0.000520159
7.76296e-06
4.07982e-06
2.49562e-06
6.09847e-06
1.12793e-05
1.65836e-05
1.98344e-05
2.31967e-05
2.27272e-06
2.13287e-06
1.80933e-06
2.81078e-05
3.48646e-05
3.77998e-05
5.664e-05
8.88298e-05
0.000113712
0.000119636
0.000120772
0.000141665
0.000249912
0.00038468
0.000338008
0.000285398
0.000325112
4.95054e-06
2.56305e-06
1.93941e-06
1.5921e-06
4.06905e-06
6.48929e-06
2.79111e-05
3.53662e-05
4.12119e-05
1.40306e-06
1.09e-06
4.31162e-05
3.5977e-05
4.14076e-05
8.76588e-05
0.000118832
0.000114686
0.000101508
0.000110968
0.000150708
0.000251788
0.000307712
0.000230596
0.000269117
0.000195001
0.000151145
0.000173304
0.000128281
0.000140413
0.000155861
0.000122122
0.000128435
0.000136743
0.000146697
0.000125189
0.000128127
0.000132743
0.000138498
0.000145675
0.000131543
0.000133263
0.000137175
0.00014164
0.000146542
0.000151876
0.000136647
0.000136711
0.000141542
0.000147126
0.00015268
0.000158165
0.000163657
0.000141542
0.000135827
0.000140942
0.000148541
0.000156236
0.000163447
0.000170441
0.000177155
0.00014768
0.000131937
0.000134792
0.000143836
0.000153816
0.000163321
0.000172302
0.000181087
0.000189745
0.000262765
0.000231306
0.000199783
0.00017371
0.000158168
0.000154076
0.000157808
0.000169097
0.000183505
0.000198438
0.000150371
0.000125482
0.000124639
0.000133378
0.000145545
0.000157661
0.000168649
0.000178976
0.000189504
0.000200954
0.000214402
0.000141629
0.000114499
0.000111107
0.000118391
0.000131513
0.000146478
0.000160789
0.000173036
0.000184296
0.000196674
0.000212427
0.000234075
0.000357668
0.000317858
0.000273427
0.000228776
0.000193006
0.000171081
0.000163455
0.000164631
0.000174806
0.000189931
0.00020831
0.000231815
0.000264243
0.000489267
0.000435603
0.000380488
0.000317833
0.00025805
0.0002131
0.000186251
0.000174539
0.000173453
0.000181764
0.000197845
0.00022136
0.000255334
0.000304639
0.000115009
9.70886e-05
9.38036e-05
0.000100497
0.000112555
0.000129031
0.00014702
0.000163769
0.000177273
0.000189225
0.000203824
0.000226063
0.000260066
0.000308612
0.000372802
7.77602e-05
7.45604e-05
7.38505e-05
8.03574e-05
9.17782e-05
0.000106924
0.000125646
0.000147115
0.000166702
0.000181636
0.000194101
0.000211237
0.000241705
0.000292229
0.000365452
0.000460736
4.54008e-05
3.48491e-05
5.15168e-05
5.44748e-05
6.01423e-05
7.05082e-05
8.40319e-05
0.000100079
0.000121227
0.000145993
0.000168901
0.000185531
0.00019825
0.000218022
0.000258029
0.000326711
0.00043149
0.000568497
2.40981e-05
3.27745e-05
1.48673e-05
3.81313e-05
4.30168e-05
5.09253e-05
6.25445e-05
7.60531e-05
9.22338e-05
0.000114647
0.000142387
0.00016886
0.000187329
0.00019972
0.000221874
0.000272776
0.000364175
0.000508482
0.000694399
1.09547e-05
1.96815e-05
2.57043e-05
6.42372e-06
3.0149e-05
3.55271e-05
4.40131e-05
5.55152e-05
6.79424e-05
8.263e-05
0.000105012
0.000134918
0.000164693
0.000184758
0.000196157
0.000221187
0.000286358
0.000410695
0.000605649
0.000821415
5.20017e-06
9.99872e-06
1.67009e-05
2.10291e-05
2.48919e-05
3.02835e-05
3.85854e-05
4.53381e-06
4.93006e-05
5.96638e-05
7.10069e-05
9.2116e-05
0.000123249
0.000155355
0.000175883
0.000185829
0.000217468
0.000308339
0.000488352
0.000711366
0.000888801
2.50324e-05
8.64086e-06
4.92102e-06
2.93015e-06
3.88199e-06
4.63055e-06
8.79642e-06
1.42821e-05
1.7863e-05
2.13708e-05
2.64902e-05
3.42095e-05
2.84633e-06
4.38838e-05
5.17595e-05
5.75864e-05
7.73952e-05
0.000109547
0.000140822
0.000159382
0.000171153
0.000222422
0.000374
0.000581899
0.0007468
0.000821824
7.48673e-06
1.27409e-05
1.62582e-05
1.94385e-05
2.39317e-05
3.36018e-06
3.10185e-06
2.45145e-06
3.07636e-05
3.96665e-05
4.50278e-05
4.87677e-05
7.13477e-05
0.00010217
0.000124026
0.000136687
0.000159076
0.000267726
0.000476586
0.000545147
0.000563566
0.000576256
1.11256e-05
4.367e-06
2.64355e-06
2.42666e-06
6.5253e-06
1.14646e-05
1.6716e-05
2.00177e-05
2.37573e-05
2.08478e-06
1.74207e-06
2.90765e-05
3.60633e-05
3.83166e-05
5.49848e-05
8.2919e-05
9.64077e-05
0.000101338
0.000115309
0.000178207
0.000335864
0.000345198
0.000296946
0.000324489
2.60941e-05
2.43248e-06
1.86389e-06
1.34101e-06
1.6036e-06
4.20977e-06
6.49374e-06
2.84284e-05
3.58227e-05
4.2073e-05
9.94288e-07
4.41278e-05
3.68465e-05
4.15413e-05
8.11932e-05
9.52909e-05
8.89458e-05
9.11369e-05
0.000129343
0.0002109
0.000272395
0.000244999
0.000267358
0.000186
0.000148931
0.0001695
0.000127266
0.000139975
0.000156128
0.000119191
0.000126311
0.00013593
0.000147687
0.000120241
0.000123452
0.000128858
0.000136068
0.000144888
0.00012646
0.000127854
0.000131543
0.000136143
0.00014151
0.000147597
0.00013284
0.000132637
0.000136813
0.000141777
0.000146794
0.000151837
0.000157054
0.000139018
0.000133575
0.000138269
0.000145444
0.000152396
0.000158839
0.000164976
0.000170729
0.000147038
0.000131236
0.000134065
0.00014254
0.00015233
0.000161619
0.00017006
0.000177965
0.000185131
0.000153951
0.000127161
0.000125358
0.000133832
0.000145346
0.000157369
0.000168496
0.000178855
0.000188574
0.000197575
0.000243354
0.000217159
0.000194449
0.000174927
0.000161146
0.000154902
0.000154555
0.000162471
0.000175836
0.000191093
0.000205922
0.000151555
0.000120052
0.000114233
0.000120399
0.000132787
0.000147017
0.00016094
0.000173441
0.000185116
0.000196515
0.00020826
0.000221471
0.000131384
0.000107059
0.000100108
0.000104848
0.000115921
0.000131304
0.000148152
0.000163851
0.000177324
0.000189781
0.0002032
0.000219688
0.000241861
0.000334411
0.000289022
0.000254264
0.000222556
0.000195602
0.000176235
0.000166052
0.0001629
0.000168305
0.00018063
0.000196545
0.000214776
0.0002382
0.000272143
0.000487498
0.000398638
0.000342845
0.000295445
0.000252527
0.000217762
0.000193488
0.000179124
0.000173112
0.000175103
0.000185798
0.000202814
0.000226201
0.000260203
0.000311041
9.56312e-05
8.70632e-05
8.27336e-05
8.71059e-05
9.73222e-05
0.000111765
0.000129549
0.000149197
0.000166804
0.000181037
0.000194081
0.000210341
0.000234797
0.000270916
0.000321207
0.000382757
5.85526e-05
4.79257e-05
6.28841e-05
6.38034e-05
6.80739e-05
7.7616e-05
9.07642e-05
0.000106919
0.0001275
0.000150164
0.000170078
0.00018504
0.000198505
0.000218818
0.000254605
0.000310338
0.00038629
0.000477202
3.11193e-05
4.04516e-05
2.10844e-05
4.58396e-05
5.03857e-05
5.81474e-05
7.00403e-05
8.41893e-05
0.000101591
0.000124428
0.000150412
0.000173159
0.000188838
0.000202569
0.000227912
0.000277102
0.000357164
0.00046755
0.000591552
1.40442e-05
2.36827e-05
3.08559e-05
8.22944e-06
3.58853e-05
4.16366e-05
5.07444e-05
6.32082e-05
7.74025e-05
9.48803e-05
0.00011932
0.000148638
0.000174611
0.000190824
0.000204261
0.000235634
0.000301513
0.000409982
0.000565461
0.000718949
6.24863e-06
1.17967e-05
1.96374e-05
2.48116e-05
4.97369e-06
2.93202e-05
3.54141e-05
4.47435e-05
5.69265e-05
6.99743e-05
8.61267e-05
0.00011106
0.000143226
0.000172336
0.000188419
0.00020117
0.000240883
0.000329594
0.000479853
0.000673889
0.000836137
4.48146e-06
5.57428e-06
1.06651e-05
1.65349e-05
2.06322e-05
2.47514e-05
3.07254e-05
3.97455e-05
3.18714e-06
5.10375e-05
6.19588e-05
7.48972e-05
9.895e-05
0.00013294
0.000164046
0.000178077
0.000192229
0.000247709
0.000374526
0.000567393
0.000748397
0.000857649
3.52536e-05
1.19203e-05
5.35224e-06
3.16886e-06
2.95518e-06
4.0067e-06
4.87123e-06
9.07268e-06
1.42409e-05
1.77611e-05
2.1521e-05
2.71579e-05
3.54953e-05
4.5658e-05
5.39127e-05
6.1238e-05
8.39759e-05
0.000117963
0.000148054
0.000159995
0.00018205
0.000274594
0.000454
0.000622769
0.0007479
0.000757262
3.46594e-06
7.86096e-06
1.27906e-05
1.62084e-05
1.96256e-05
2.45846e-05
2.94155e-06
2.39949e-06
3.19676e-05
4.12927e-05
4.67108e-05
5.18544e-05
7.60068e-05
0.000101891
0.000122529
0.000135106
0.000189944
0.000352855
0.000501687
0.000562225
0.000578156
1.64811e-05
4.77279e-06
2.70608e-06
2.01129e-06
2.5405e-06
6.79899e-06
1.18578e-05
1.67211e-05
2.0168e-05
2.4333e-05
1.64336e-06
3.00972e-05
3.72912e-05
3.92866e-05
5.35394e-05
7.32765e-05
8.39137e-05
9.25899e-05
0.000125977
0.000255388
0.000362427
0.000361704
0.00035419
2.68691e-05
2.67519e-06
1.47478e-06
9.42009e-07
1.25102e-06
1.56829e-06
4.20643e-06
2.74052e-05
2.88408e-05
3.61079e-05
4.28019e-05
4.50008e-05
3.78623e-05
4.1421e-05
6.89799e-05
7.63179e-05
7.53229e-05
9.13678e-05
0.00016683
0.000252645
0.000275716
0.00029101
0.000381286
0.000182577
0.000148086
0.000167271
0.000127293
0.00014004
0.000156663
0.000117299
0.000125052
0.00013602
0.00014956
0.000116065
0.000119675
0.000126229
0.000135168
0.000145989
0.000121313
0.000122278
0.000126117
0.000131481
0.000138057
0.000145772
0.000128664
0.000127703
0.000131155
0.000135684
0.000140511
0.000145709
0.000151527
0.000136608
0.000130863
0.000134675
0.000140929
0.000146903
0.000152498
0.000157926
0.000163333
0.000146383
0.000130417
0.000132875
0.000140685
0.000149857
0.000158201
0.000165575
0.000172615
0.000178957
0.000156136
0.000128382
0.000125913
0.000133801
0.000145101
0.00015682
0.000167622
0.000177381
0.000186247
0.000194008
0.000157996
0.000124207
0.000116686
0.00012208
0.00013391
0.000147951
0.000161767
0.000174458
0.000186193
0.000196754
0.000206
0.00024249
0.000210736
0.00019129
0.000176387
0.000165184
0.000158179
0.00015473
0.000158031
0.0001685
0.00018376
0.000199625
0.000213858
0.000142899
0.000114784
0.000105084
0.000108234
0.000118651
0.000133318
0.000149638
0.000165109
0.000179084
0.000192026
0.000204053
0.000215863
0.000228477
0.000110476
9.7706e-05
9.02578e-05
9.25818e-05
0.000101577
0.000115324
0.000132378
0.000150853
0.000167726
0.000182357
0.000195921
0.000210076
0.000226872
0.000248957
0.000355793
0.000283131
0.000245329
0.000219368
0.000198654
0.000182705
0.000171884
0.000165268
0.000165279
0.000173305
0.000187237
0.000203744
0.000221439
0.00024394
0.000278211
0.000575746
0.000411203
0.000333069
0.000285683
0.000250937
0.000223377
0.00020251
0.000187589
0.000177613
0.000173634
0.000178476
0.000190903
0.000208222
0.000230692
0.000263385
0.000312759
7.20548e-05
6.14755e-05
7.40593e-05
7.25918e-05
7.51785e-05
8.35393e-05
9.58962e-05
0.000111762
0.000131394
0.000152173
0.000170436
0.000185349
0.000199395
0.000217167
0.000243133
0.000280674
0.000330149
0.000384966
3.98416e-05
4.92042e-05
2.8583e-05
5.39377e-05
5.77017e-05
6.49088e-05
7.63357e-05
9.06067e-05
0.000108191
0.000130261
0.000153757
0.000173643
0.000188588
0.000203394
0.000227219
0.000267383
0.000325991
0.000401645
0.000480337
1.8456e-05
2.87458e-05
3.67659e-05
1.09448e-05
4.20929e-05
4.7909e-05
5.72094e-05
7.01235e-05
8.52107e-05
0.000103978
0.000128443
0.000155141
0.000177006
0.000191675
0.000207572
0.000239594
0.000297992
0.000384698
0.000490867
0.000594015
7.59834e-06
1.41144e-05
2.30684e-05
2.92231e-05
5.39582e-06
3.42932e-05
4.08854e-05
5.10186e-05
6.4316e-05
7.93189e-05
9.8384e-05
0.000124913
0.0001551
0.000179243
0.000192947
0.00021012
0.00025318
0.000333091
0.000454218
0.000591333
0.000708663
4.91948e-06
6.4067e-06
1.25285e-05
1.92326e-05
2.40154e-05
3.45645e-06
2.87724e-05
3.55182e-05
4.57171e-05
5.86112e-05
7.25183e-05
9.06447e-05
0.0001184
0.000151836
0.000177631
0.000189367
0.000208947
0.000267391
0.00037695
0.000535792
0.000692848
0.000783577
3.34972e-06
4.54134e-06
6.00704e-06
1.08896e-05
1.62663e-05
2.03068e-05
2.47089e-05
3.12713e-05
4.10308e-05
5.29776e-05
6.48141e-05
8.01365e-05
0.00010771
0.00014306
0.000168474
0.000178171
0.000204307
0.000288483
0.000436476
0.00060519
0.000739746
0.000761747
4.53199e-05
1.63059e-05
5.98917e-06
3.36701e-06
2.95344e-06
3.9171e-06
4.88467e-06
9.2613e-06
1.41696e-05
1.76495e-05
2.16948e-05
2.78562e-05
3.68432e-05
4.75906e-05
5.66466e-05
6.67345e-05
9.2988e-05
0.000128175
0.000150455
0.000158789
0.000206082
0.0003343
0.000492654
0.000627952
0.000688082
2.76619e-06
3.59202e-06
8.14577e-06
1.2803e-05
1.61426e-05
1.98122e-05
2.52588e-05
2.22875e-06
3.32026e-05
4.29695e-05
4.89582e-05
5.56639e-05
7.84629e-05
0.000104375
0.000120274
0.0001398
0.000243412
0.000388393
0.000497724
0.000539981
2.33205e-05
5.63e-06
2.70624e-06
1.56592e-06
1.89425e-06
2.61036e-06
6.97768e-06
1.21458e-05
1.67118e-05
2.02956e-05
2.49213e-05
3.11891e-05
3.8643e-05
4.06008e-05
5.02953e-05
6.57554e-05
7.86816e-05
8.9126e-05
0.0001625
0.000308815
0.000370888
0.000383638
0.000410062
3.0181e-05
3.10675e-06
1.35049e-06
8.88204e-07
1.15052e-06
1.50201e-06
4.16234e-06
6.49464e-06
2.90875e-05
3.62952e-05
4.33567e-05
4.56056e-05
3.88352e-05
4.0455e-05
5.8466e-05
6.78262e-05
6.55403e-05
0.000107334
0.0002057
0.000271164
0.000320748
0.0004001
0.000187793
0.000149035
0.000167386
0.000128055
0.000140476
0.000157388
0.000116476
0.00012449
0.000136429
0.000151507
0.000112967
0.000117053
0.000124728
0.000135274
0.000148162
0.000116312
0.000117089
0.000121449
0.000128019
0.000136382
0.000146358
0.000123836
0.000122015
0.000124923
0.00012945
0.000134824
0.00014113
0.000148564
0.00013348
0.000126906
0.000129661
0.000134882
0.000140185
0.000145295
0.000150652
0.000156499
0.000145311
0.000128913
0.000130472
0.000137348
0.000145398
0.000152403
0.000158696
0.000164788
0.000170594
0.000157355
0.000128968
0.000125833
0.000133111
0.000143853
0.000154761
0.000164482
0.000172915
0.000180972
0.000188012
0.000162029
0.000127216
0.000118515
0.000123324
0.000134783
0.000148493
0.000161936
0.000174224
0.000185408
0.000195333
0.000203691
0.000150337
0.000120574
0.000108997
0.00011096
0.000121008
0.000135338
0.000151464
0.000166952
0.000181203
0.000194332
0.000205668
0.00021511
0.000268127
0.000214492
0.000191127
0.000178069
0.000169253
0.000162935
0.000157936
0.000157129
0.000162626
0.00017546
0.000192895
0.000209113
0.000222219
0.000121052
0.000105996
9.63819e-05
9.69949e-05
0.000105014
0.000118308
0.000135099
0.00015316
0.000170144
0.000185585
0.00019965
0.000212098
0.000223771
0.000235439
8.34171e-05
7.27596e-05
8.36524e-05
8.02315e-05
8.12361e-05
8.83646e-05
9.99747e-05
0.00011556
0.000134544
0.000154365
0.000172388
0.000188191
0.000202636
0.000217123
0.000233784
0.000255086
0.000439389
0.000305379
0.000248326
0.000219964
0.000202271
0.000189499
0.000179568
0.000171226
0.000166732
0.000168927
0.000179255
0.000195095
0.000211756
0.000228339
0.000248983
0.000281902
0.000807421
0.000481738
0.00035299
0.000289383
0.000253841
0.000230114
0.000212564
0.00019845
0.000186414
0.000177645
0.000176047
0.000182979
0.00019667
0.000214015
0.000234942
0.00026504
0.000311893
4.88553e-05
5.79586e-05
3.60408e-05
6.16885e-05
6.44784e-05
7.08828e-05
8.15995e-05
9.55602e-05
0.00011293
0.000134033
0.000155742
0.000174586
0.000190142
0.0002051
0.00022395
0.000250863
0.000288001
0.000332798
0.000380292
2.38316e-05
3.47034e-05
4.30825e-05
1.4483e-05
4.83636e-05
5.39891e-05
6.31367e-05
7.59688e-05
9.12095e-05
0.000110213
0.000133616
0.000157602
0.000177241
0.000192244
0.000208714
0.000235827
0.000278644
0.000338039
0.000405453
0.00046921
1.72419e-05
9.61103e-06
2.703e-05
3.40576e-05
5.97928e-06
3.95177e-05
4.63864e-05
5.69585e-05
7.07424e-05
8.67465e-05
0.000106978
0.000132893
0.000159647
0.000180055
0.00019414
0.000213533
0.000252578
0.000317524
0.00040344
0.000495751
0.000567749
7.3713e-06
5.30578e-06
1.45222e-05
2.23045e-05
2.78695e-05
3.66895e-06
3.31694e-05
4.05236e-05
5.16279e-05
6.56998e-05
8.16464e-05
0.000102527
0.000130904
0.000160777
0.000181525
0.000194162
0.000218223
0.000273239
0.00036448
0.000479379
0.000593279
0.000651757
3.63983e-06
4.92045e-06
6.82917e-06
1.27863e-05
1.87062e-05
2.33607e-05
2.83919e-05
3.5813e-05
4.68526e-05
6.04841e-05
7.5502e-05
9.60065e-05
0.000126271
0.000159077
0.000178833
0.000189512
0.00022123
0.000297872
0.000418908
0.000553764
0.000667748
0.000690823
3.39336e-06
4.51307e-06
6.10207e-06
1.0908e-05
1.59983e-05
2.00109e-05
2.47155e-05
3.18886e-05
4.24095e-05
5.50799e-05
6.81981e-05
8.65986e-05
0.00011735
0.000151163
0.00016862
0.000177585
0.000224765
0.000331124
0.000472802
0.000607944
0.000675258
5.32803e-05
2.12633e-05
6.98182e-06
3.49514e-06
2.84073e-06
3.63403e-06
4.85281e-06
9.40573e-06
1.40642e-05
1.75282e-05
2.18783e-05
2.85869e-05
3.82351e-05
4.96458e-05
6.00678e-05
7.43993e-05
0.000103622
0.000134308
0.000146553
0.000161177
0.000241701
0.000371248
0.000498628
0.000587927
2.08801e-06
2.59647e-06
3.72614e-06
8.33796e-06
1.27851e-05
1.60623e-05
2.00082e-05
2.5944e-05
3.44295e-05
4.46878e-05
5.18489e-05
6.04496e-05
8.32579e-05
0.000107258
0.000113411
0.00016133
0.000284262
0.000392672
0.000465748
0.000509739
2.80349e-05
6.91709e-06
2.5636e-06
1.4876e-06
1.77826e-06
2.63562e-06
7.12173e-06
1.23364e-05
1.66703e-05
2.04293e-05
2.54948e-05
3.21807e-05
4.00482e-05
4.16927e-05
4.84404e-05
6.50465e-05
7.45003e-05
9.38241e-05
0.000206102
0.000319053
0.000374835
0.00040925
3.58152e-06
1.4078e-06
8.4097e-07
1.04751e-06
1.43622e-06
4.12027e-06
2.74165e-05
2.91335e-05
3.64166e-05
4.36255e-05
4.57855e-05
3.94426e-05
4.09973e-05
5.50573e-05
6.1204e-05
6.38879e-05
0.000133571
0.000237077
0.000313439
0.000395119
0.000210379
0.000154363
0.000172516
0.000129358
0.000141502
0.000158706
0.000116722
0.000124484
0.000136781
0.000152959
0.000110947
0.00011532
0.000123835
0.000135637
0.000150379
0.000111826
0.000112827
0.000117812
0.000125654
0.000135926
0.000148378
0.000118532
0.000116145
0.000118826
0.00012382
0.000130392
0.000138562
0.000148408
0.000129352
0.000121675
0.00012349
0.000127938
0.000133028
0.000138498
0.000144798
0.000152162
0.000143362
0.000126137
0.000126537
0.000132149
0.000138883
0.000144902
0.000150401
0.000156064
0.000162073
0.000157693
0.000128649
0.000124759
0.000131018
0.000140622
0.000150189
0.000158259
0.000165289
0.000172183
0.000178641
0.000164527
0.000129169
0.000119496
0.000123674
0.00013455
0.000147643
0.000160147
0.000171206
0.0001809
0.00019008
0.000198052
0.000154988
0.000124788
0.000111936
0.000112988
0.000122698
0.00013679
0.000152619
0.000167693
0.000181462
0.000194184
0.000205227
0.000214348
0.000127833
0.000112143
0.000101212
0.000100506
0.000107825
0.000120918
0.000137757
0.000155755
0.00017288
0.000188731
0.000203316
0.000215397
0.000225061
0.000340488
0.000236108
0.000196551
0.00018053
0.000172668
0.000167693
0.00016283
0.000159743
0.00016038
0.000167974
0.000183556
0.0002029
0.000219506
0.000231379
9.15019e-05
9.10595e-05
8.64646e-05
8.62196e-05
9.22829e-05
0.000103373
0.000118946
0.000137802
0.000157484
0.000175987
0.000192893
0.000207975
0.000220659
0.000232027
0.000242504
5.65579e-05
6.54913e-05
4.22222e-05
6.84138e-05
7.03678e-05
7.59408e-05
8.58909e-05
9.95675e-05
0.000116858
0.000137494
0.000158599
0.000177835
0.00019476
0.000209742
0.000224201
0.000240408
0.000260065
0.000631057
0.000370684
0.000269657
0.000226645
0.000206849
0.000195758
0.000187511
0.000179255
0.000172464
0.00016933
0.000173562
0.000186261
0.000204053
0.000220707
0.000235556
0.000253567
0.00028315
0.00108098
0.000639372
0.000415459
0.000311679
0.000263445
0.000238271
0.000222667
0.000210171
0.000197851
0.000186787
0.000179396
0.000179324
0.000188282
0.000203205
0.000220179
0.000239298
0.000265643
0.000307002
2.93543e-05
4.08287e-05
4.91833e-05
1.81753e-05
5.42052e-05
5.95277e-05
6.8267e-05
8.06141e-05
9.58682e-05
0.000114821
0.000137274
0.00015981
0.000179244
0.000195465
0.000210958
0.000230452
0.000257149
0.000292024
0.00033211
0.000367488
2.10562e-05
1.22559e-05
3.13828e-05
3.89823e-05
6.82746e-06
4.46488e-05
5.16006e-05
6.21803e-05
7.60149e-05
9.23544e-05
0.00011276
0.00013732
0.000161501
0.00018081
0.000196075
0.00021429
0.000243788
0.000287296
0.000341667
0.000401551
0.000443452
1.69293e-05
8.80028e-06
5.79185e-06
2.56716e-05
3.1982e-05
3.82639e-06
3.7685e-05
4.54414e-05
5.70294e-05
7.16622e-05
8.86201e-05
0.000110367
0.000137372
0.000163483
0.000182209
0.00019661
0.000220441
0.000265536
0.000331345
0.000408789
0.000484695
0.000521582
7.57947e-06
5.22444e-06
3.85086e-06
1.47334e-05
2.1481e-05
2.67779e-05
3.23356e-05
4.04483e-05
5.24372e-05
6.72367e-05
8.42436e-05
0.000106997
0.000136563
0.000164713
0.000181863
0.000195665
0.000228685
0.000293753
0.000385334
0.000484363
0.00056279
0.000582092
3.70169e-06
4.91402e-06
7.07315e-06
1.27157e-05
1.82052e-05
2.27911e-05
2.81286e-05
3.62299e-05
4.80948e-05
6.24627e-05
7.87752e-05
0.000101753
0.000133435
0.00016222
0.000177051
0.000190719
0.000238077
0.000326762
0.000439399
0.00054995
0.000609239
3.33921e-06
4.23208e-06
6.01062e-06
1.08633e-05
1.57234e-05
1.9729e-05
2.47642e-05
3.25715e-05
4.3848e-05
5.72742e-05
7.19698e-05
9.36852e-05
0.00012597
0.000153579
0.000163046
0.00018109
0.000250703
0.000361696
0.00048088
0.000573105
2.53784e-05
8.17321e-06
3.53588e-06
2.62912e-06
3.3429e-06
4.8755e-06
9.49658e-06
1.39291e-05
1.73932e-05
2.20814e-05
2.93427e-05
3.96459e-05
5.17669e-05
6.40199e-05
8.22609e-05
0.000111438
0.000134884
0.00013768
0.000173984
0.000272648
0.000385482
0.000481718
0.000545232
1.98341e-06
2.48223e-06
3.82982e-06
8.47543e-06
1.27373e-05
1.59744e-05
2.02175e-05
2.66273e-05
3.56092e-05
4.64448e-05
5.51109e-05
6.59265e-05
8.84725e-05
0.000104066
0.000110677
0.000189373
0.000299339
0.000388462
0.000454806
8.32329e-06
2.42986e-06
1.41057e-06
1.66828e-06
2.66032e-06
7.2353e-06
1.24647e-05
1.6606e-05
2.05719e-05
2.60045e-05
3.29604e-05
4.09894e-05
4.32788e-05
4.97888e-05
6.52873e-05
6.61355e-05
0.000112216
0.00022952
0.00032789
0.000391843
4.43814e-06
1.67966e-06
7.87447e-07
9.65448e-07
1.37461e-06
4.11286e-06
2.74211e-05
2.91302e-05
3.65165e-05
4.36051e-05
4.52033e-05
3.93769e-05
4.44099e-05
5.4744e-05
5.29413e-05
7.20571e-05
0.000161833
0.000270209
0.00036716
0.000270632
0.000172074
0.000190416
0.000132837
0.000145287
0.00016306
0.000117107
0.000124616
0.00013723
0.000154353
0.000110005
0.000114086
0.000122759
0.000135517
0.000151866
0.00010843
0.000109501
0.000115104
0.000123903
0.000135796
0.000150508
0.000113259
0.000110616
0.000113464
0.000119166
0.000127171
0.000137461
0.000149983
0.000124294
0.000115786
0.000116789
0.000120924
0.000126398
0.000133043
0.000141228
0.000151065
0.00014023
0.000121911
0.000121116
0.00012543
0.000131166
0.000136738
0.000142353
0.000148732
0.00015611
0.000157131
0.000127062
0.000122025
0.000126962
0.000135108
0.000143109
0.000149802
0.000155725
0.000161819
0.000168132
0.000166003
0.00013
0.000119339
0.000122745
0.000132657
0.000144363
0.000155255
0.000164386
0.000172306
0.000180152
0.000187436
0.000158041
0.000127747
0.000113861
0.000114052
0.000123192
0.00013678
0.000151947
0.000165953
0.000178351
0.000189591
0.000200043
0.000209088
0.000132099
0.000116648
0.000104898
0.000103142
0.000109901
0.000122839
0.000139641
0.000157367
0.000174017
0.00018935
0.00020377
0.000216122
0.000226116
9.67499e-05
9.64839e-05
9.13755e-05
9.01979e-05
9.54123e-05
0.000106208
0.000121958
0.000140974
0.000160753
0.00017953
0.000197053
0.000213145
0.000226134
0.000235971
0.000502777
0.000292829
0.000214815
0.000186113
0.000175674
0.000171487
0.000167808
0.000164491
0.000162278
0.000164157
0.000173946
0.000192428
0.000214018
0.000230993
0.000241612
6.21232e-05
4.65567e-05
7.12295e-05
7.38258e-05
7.52285e-05
8.00866e-05
8.93962e-05
0.00010298
0.000120523
0.000141271
0.000162562
0.000182645
0.000201015
0.000216998
0.000229834
0.000240741
0.000250059
3.4209e-05
4.62191e-05
5.44361e-05
2.16024e-05
5.92334e-05
6.42881e-05
7.25623e-05
8.44865e-05
9.97469e-05
0.000118901
0.000141117
0.000163543
0.000184052
0.000201963
0.000217186
0.000231295
0.000246853
0.000264217
0.000851925
0.000512083
0.000325185
0.000246154
0.000214758
0.0002016
0.000194432
0.000187616
0.000180767
0.000174655
0.00017264
0.000178853
0.00019427
0.000214085
0.000230806
0.000243458
0.000258248
0.000283308
0.000842388
0.00054901
0.000366823
0.000285665
0.000249783
0.000232666
0.000221208
0.000210167
0.000198987
0.00018847
0.000181792
0.000183461
0.000194289
0.000210827
0.000227364
0.000243984
0.000265811
0.000300215
2.51122e-05
1.51984e-05
3.57234e-05
4.35469e-05
7.77209e-06
4.93142e-05
5.62596e-05
6.66243e-05
8.03112e-05
9.67907e-05
0.000117268
0.000141007
0.000164358
0.000184482
0.000201159
0.00021676
0.000236364
0.000261809
0.000292913
0.000326235
0.000350649
1.97371e-05
1.07866e-05
6.46033e-06
2.91535e-05
3.60282e-05
3.90236e-06
4.20167e-05
4.99847e-05
6.16847e-05
7.64563e-05
9.38586e-05
0.000115675
0.00014119
0.000165391
0.00018447
0.000200095
0.000219839
0.000250089
0.000291935
0.000341665
0.000387398
0.000412834
1.68508e-05
8.6976e-06
5.59852e-06
4.00675e-06
2.44703e-05
3.03523e-05
3.63003e-05
4.48619e-05
5.73822e-05
7.27386e-05
9.07041e-05
0.000113904
0.0001415
0.00016644
0.000183811
0.000199441
0.000227784
0.000275277
0.000337103
0.000406089
0.000457523
0.000475764
7.91582e-06
5.19419e-06
3.91678e-06
1.46158e-05
2.07301e-05
2.58518e-05
3.1699e-05
4.05381e-05
5.33643e-05
6.88273e-05
8.69399e-05
0.000111367
0.000141102
0.000166064
0.000181015
0.000198449
0.000240481
0.000309532
0.000391437
0.000473274
0.000519424
3.67312e-06
4.70176e-06
7.07639e-06
1.25306e-05
1.773e-05
2.22738e-05
2.79446e-05
3.67525e-05
4.939e-05
6.44379e-05
8.20819e-05
0.000107134
0.000138397
0.000162289
0.000172796
0.000195595
0.000256561
0.000346383
0.000443235
0.000521553
3.08823e-06
3.88393e-06
5.92817e-06
1.07879e-05
1.54362e-05
1.94516e-05
2.48564e-05
3.33111e-05
4.53082e-05
5.94399e-05
7.57389e-05
9.98759e-05
0.000130157
0.000150701
0.00015607
0.000191772
0.000274935
0.000376959
0.000471973
0.000536649
2.85575e-05
9.60402e-06
3.35604e-06
2.4508e-06
3.13092e-06
4.92696e-06
9.55039e-06
1.37627e-05
1.72582e-05
2.23082e-05
3.01223e-05
4.10413e-05
5.3833e-05
6.76836e-05
8.79495e-05
0.000114681
0.000127875
0.000133685
0.000193478
0.000292577
0.000389588
0.000471136
1.90838e-06
2.41174e-06
3.92425e-06
8.57265e-06
1.26733e-05
1.58794e-05
2.04475e-05
2.72947e-05
3.67276e-05
4.7931e-05
5.74814e-05
7.02854e-05
9.04259e-05
9.28321e-05
0.000116704
0.000210474
0.000312461
0.000394043
9.88661e-06
2.51241e-06
1.32435e-06
1.58656e-06
2.67587e-06
7.37431e-06
1.24763e-05
1.6529e-05
2.07096e-05
2.64145e-05
3.33448e-05
4.12657e-05
4.51757e-05
5.27442e-05
6.2433e-05
6.13015e-05
0.000136709
0.000251566
0.000346059
5.30646e-06
2.10348e-06
7.41478e-07
9.03176e-07
1.33102e-06
4.1532e-06
6.49601e-06
2.89729e-05
3.66076e-05
4.30782e-05
4.36632e-05
3.93326e-05
4.84043e-05
5.35334e-05
4.6889e-05
9.19668e-05
0.000192838
0.000308344
0.000409007
0.000222468
0.000239354
0.000145161
0.00015896
0.000177494
0.000118105
0.00012624
0.000139564
0.000157767
0.000109089
0.000112886
0.000121747
0.000135119
0.000152664
0.000105942
0.000106976
0.00011266
0.000122208
0.000135285
0.000151799
0.000108535
0.000105858
0.000109087
0.000115383
0.000124619
0.00013677
0.000151796
0.000118592
0.000109631
0.000110367
0.000114535
0.000120774
0.000128962
0.000139413
0.000152141
0.000135887
0.000116446
0.000114452
0.000117992
0.000123226
0.000129076
0.000135805
0.000144044
0.000153966
0.000155382
0.000123931
0.000117639
0.000121124
0.000127777
0.000134549
0.000140511
0.000146275
0.000152806
0.000160318
0.00016664
0.000129632
0.00011783
0.000119852
0.000128341
0.000138421
0.000147497
0.000154805
0.00016125
0.000167915
0.00017468
0.000160249
0.000129614
0.000114628
0.000113871
0.000122281
0.000134902
0.000148518
0.000160572
0.000170729
0.000179839
0.000188732
0.000196986
0.000135048
0.000120026
0.000107555
0.000104812
0.000110921
0.00012344
0.000139756
0.000156736
0.000172149
0.000185918
0.000198969
0.000210885
0.000221209
0.000100127
0.000100523
9.52212e-05
9.32585e-05
9.7735e-05
0.000108262
0.000124123
0.000143159
0.00016267
0.000180888
0.000197919
0.000214243
0.000228149
0.000239202
6.581e-05
4.93493e-05
7.54213e-05
7.80766e-05
7.914e-05
8.3387e-05
9.22018e-05
0.000105839
0.000123803
0.000144886
0.000166414
0.000186891
0.000206181
0.000223887
0.00023798
0.000248276
0.000692447
0.000420169
0.000262889
0.000201683
0.00018077
0.000174477
0.000171676
0.000169434
0.000166816
0.000165204
0.000168303
0.00018046
0.000202157
0.000226273
0.000243835
0.000252998
3.78774e-05
5.03437e-05
2.43281e-05
5.85805e-05
6.33236e-05
6.81982e-05
7.60572e-05
8.76671e-05
0.000103165
0.000122853
0.00014543
0.000168377
0.000190116
0.000209941
0.000226795
0.000239851
0.00025016
0.000258579
2.88646e-05
1.8098e-05
3.95374e-05
4.73836e-05
8.94055e-06
5.32568e-05
6.02029e-05
7.03072e-05
8.37675e-05
0.000100652
0.000121557
0.000145368
0.000169204
0.000191057
0.000209768
0.000224952
0.000238506
0.000253546
0.000268504
0.000704866
0.000449482
0.000294219
0.000232437
0.000209085
0.00020052
0.000194949
0.000189476
0.000183116
0.000177412
0.000176361
0.000184639
0.000203204
0.000224933
0.000241759
0.00025274
0.000263794
0.00028315
0.00077818
0.00048917
0.000335364
0.000270649
0.000244271
0.000231668
0.00022198
0.000212072
0.00020111
0.000190724
0.000184877
0.000188209
0.000201334
0.000219333
0.000235373
0.00024943
0.000266965
0.000294098
2.27265e-05
1.31196e-05
7.16549e-06
3.2435e-05
3.96259e-05
3.72877e-06
4.58627e-05
5.39622e-05
6.55872e-05
8.03389e-05
9.81576e-05
0.000120185
0.00014519
0.000169445
0.000190293
0.000207083
0.000222326
0.000241711
0.00026523
0.000292661
0.000318086
0.000335158
1.91423e-05
1.02457e-05
6.1488e-06
4.08302e-06
2.74338e-05
3.37652e-05
4.0019e-05
4.88528e-05
6.15532e-05
7.71196e-05
9.56357e-05
0.000118839
0.000145141
0.000169367
0.000188362
0.00020417
0.000224786
0.000254644
0.000293006
0.000335433
0.000369317
0.000386701
8.92168e-06
1.66362e-05
5.52015e-06
4.07356e-06
2.34282e-05
2.89924e-05
3.52094e-05
4.45343e-05
5.78793e-05
7.38869e-05
9.28846e-05
0.000117363
0.000145053
0.000168682
0.000185303
0.000202704
0.000234505
0.00028132
0.000337813
0.000392624
0.000428738
5.05053e-06
8.07471e-06
3.90222e-06
1.43608e-05
2.00386e-05
2.50281e-05
3.11976e-05
4.07842e-05
5.43384e-05
7.03702e-05
8.95397e-05
0.000115185
0.000143997
0.000166124
0.000179851
0.000203021
0.000252052
0.000318553
0.000390993
0.000450736
3.44994e-06
4.37512e-06
7.01112e-06
1.23176e-05
1.72642e-05
2.1785e-05
2.78448e-05
3.73617e-05
5.06787e-05
6.62702e-05
8.50589e-05
0.000111224
0.000139937
0.000158919
0.000169675
0.000204197
0.000273044
0.000356274
0.000436339
0.000495421
2.85369e-06
3.61695e-06
5.89869e-06
1.0696e-05
1.51285e-05
1.91902e-05
2.49989e-05
3.41041e-05
4.67289e-05
6.13695e-05
7.88336e-05
0.000103643
0.000130528
0.000143298
0.000153851
0.000206503
0.000292843
0.000383965
0.000463118
3.05267e-05
1.11792e-05
3.40215e-06
2.32654e-06
3.00085e-06
5.0018e-06
9.56931e-06
1.35785e-05
1.71284e-05
2.25651e-05
3.0927e-05
4.23807e-05
5.55028e-05
7.01045e-05
9.08342e-05
0.00011293
0.000116611
0.000134677
0.000212699
0.000309291
0.000396792
1.83146e-06
2.38172e-06
4.00433e-06
8.67278e-06
1.25825e-05
1.57814e-05
2.06971e-05
2.79475e-05
3.76998e-05
4.86249e-05
5.85204e-05
7.26316e-05
8.61153e-05
8.10351e-05
0.000131426
0.000231442
0.000328171
1.10076e-05
2.99417e-06
1.24795e-06
1.52755e-06
2.71601e-06
7.51902e-06
1.23907e-05
1.64208e-05
2.08551e-05
2.66705e-05
3.3415e-05
4.11427e-05
4.63088e-05
5.41501e-05
5.60869e-05
6.6301e-05
0.00016238
0.00027559
6.18698e-06
2.61204e-06
6.9926e-07
8.60607e-07
1.29915e-06
4.2364e-06
2.74123e-05
2.88179e-05
3.67054e-05
4.19878e-05
4.12638e-05
4.09691e-05
5.07201e-05
4.96391e-05
4.76838e-05
0.000117056
0.000227474
0.000577309
0.000343659
0.000356539
0.000187082
0.000201511
0.000219617
0.000123995
0.00013516
0.000150226
0.000169775
0.000107445
0.000112154
0.000121863
0.000136246
0.000155064
0.000103469
0.000104429
0.000110171
0.000120161
0.000134157
0.000152311
0.000104101
0.0001018
0.000105218
0.000112045
0.000122115
0.000135615
0.00015268
0.000112459
0.000103651
0.000104476
0.000109053
0.000116074
0.000125645
0.000138148
0.00015361
0.000130333
0.000110143
0.000107539
0.000110633
0.00011588
0.000122504
0.000130861
0.000141509
0.000154535
0.000152304
0.00011932
0.000111832
0.00011415
0.000119554
0.000125663
0.000131778
0.000138563
0.000146913
0.000157018
0.000166375
0.000127813
0.000114562
0.000115214
0.000122018
0.000130421
0.000138026
0.00014429
0.000150231
0.000157001
0.000164739
0.000161918
0.00013038
0.000114163
0.000112225
0.000119195
0.000130241
0.000142029
0.00015202
0.000159901
0.000166994
0.000174361
0.000181666
0.000137438
0.000122574
0.000109197
0.00010534
0.000110644
0.000122461
0.000137727
0.000152994
0.00016614
0.000177301
0.000187861
0.000197973
0.000207367
0.000102599
0.000103762
9.82535e-05
9.54475e-05
9.9121e-05
0.000109168
0.000124743
0.000143283
0.000161943
0.000178703
0.000193983
0.000209076
0.000222721
0.000234457
6.82789e-05
5.11452e-05
7.861e-05
8.15367e-05
8.22879e-05
8.59043e-05
9.42452e-05
0.000107883
0.000126098
0.000147263
0.000168472
0.000188289
0.000207207
0.000225712
0.000241431
0.000253771
4.04541e-05
5.33506e-05
2.62566e-05
6.18257e-05
6.66451e-05
7.13502e-05
7.8817e-05
9.02156e-05
0.000106052
0.000126368
0.000149423
0.000172697
0.000194951
0.00021616
0.000235713
0.000251217
0.000262385
0.000611561
0.000378889
0.0002439
0.00019445
0.000178548
0.000174438
0.000173166
0.000171715
0.000169498
0.00016839
0.000172732
0.000187604
0.000212708
0.000239566
0.00025819
0.000266169
3.18942e-05
2.05934e-05
4.25336e-05
1.03999e-05
5.04086e-05
5.6442e-05
6.34048e-05
7.32836e-05
8.66779e-05
0.000104142
0.000125814
0.000150238
0.000174917
0.000198397
0.000219709
0.000237521
0.000251109
0.000261337
0.000268599
2.55274e-05
1.55596e-05
8.01345e-06
3.51804e-05
4.25256e-05
3.70791e-06
4.90387e-05
5.72717e-05
6.87645e-05
8.36268e-05
0.000102066
0.000124776
0.000150241
0.000175623
0.000198833
0.000218141
0.000233173
0.000246322
0.000261186
0.000274401
0.000685299
0.00041013
0.000276023
0.000225018
0.000207701
0.00020104
0.000197003
0.000192121
0.00018594
0.000180508
0.000180486
0.000191106
0.000212692
0.000236723
0.000253846
0.000263629
0.000270946
0.000284669
0.000773178
0.000452963
0.000315935
0.000263319
0.000243172
0.000232792
0.000224433
0.000214828
0.000203794
0.000193479
0.000188442
0.00019352
0.000209051
0.000228479
0.000244285
0.00025644
0.00027005
0.000292137
2.14528e-05
1.20973e-05
6.71629e-06
3.91223e-06
3.00423e-05
3.66754e-05
4.32436e-05
5.22732e-05
6.49444e-05
8.07263e-05
9.99103e-05
0.000123532
0.00014985
0.00017516
0.000196649
0.000213144
0.000227862
0.000247001
0.000268776
0.000292091
0.000311841
0.000324398
1.02669e-05
1.86897e-05
6.03552e-06
4.14392e-06
2.60046e-05
3.19027e-05
3.84303e-05
4.80585e-05
6.15835e-05
7.79462e-05
9.76354e-05
0.000122195
0.000149219
0.000173643
0.000192507
0.000208107
0.000229193
0.000257709
0.000292488
0.000326958
0.000354274
5.46613e-06
9.19169e-06
1.63164e-05
4.07026e-06
2.24806e-05
2.77992e-05
3.43251e-05
4.44268e-05
5.84499e-05
7.50455e-05
9.50778e-05
0.000120609
0.000148099
0.00017075
0.000186945
0.000206227
0.000239468
0.000283906
0.000333326
0.000377141
3.74056e-06
4.81488e-06
8.1226e-06
1.40697e-05
1.93742e-05
2.4265e-05
3.08216e-05
4.11406e-05
5.52974e-05
7.17745e-05
9.1863e-05
0.000118138
0.000145459
0.000165152
0.000179601
0.000208798
0.000260507
0.000321481
0.00038267
0.000432057
3.21073e-06
4.11308e-06
6.96987e-06
1.20973e-05
1.67877e-05
2.13331e-05
2.78292e-05
3.80425e-05
5.18875e-05
6.77967e-05
8.73582e-05
0.000113491
0.000139431
0.000154255
0.000169139
0.000214623
0.000285872
0.000360409
0.000428218
2.69439e-06
3.44487e-06
5.90842e-06
1.05826e-05
1.48137e-05
1.89548e-05
2.52043e-05
3.49436e-05
4.80252e-05
6.27914e-05
8.07063e-05
0.000104909
0.000127271
0.000135068
0.000154943
0.000222032
0.000307721
0.000390205
3.19865e-05
1.24353e-05
3.81357e-06
2.22071e-06
2.94443e-06
5.07666e-06
9.57764e-06
1.33724e-05
1.70157e-05
2.28641e-05
3.17634e-05
4.35528e-05
5.63763e-05
7.11363e-05
9.12571e-05
0.000106876
0.000106214
0.000142701
0.000232489
0.000325779
1.76231e-06
2.38343e-06
4.10152e-06
8.77183e-06
1.24339e-05
1.56853e-05
2.09739e-05
2.85868e-05
3.84553e-05
4.86992e-05
5.88347e-05
7.22248e-05
7.81035e-05
7.7495e-05
0.000148514
0.000252577
1.19898e-05
3.68396e-06
1.17953e-06
1.49604e-06
2.7765e-06
7.6596e-06
1.21587e-05
1.6307e-05
2.10315e-05
2.67954e-05
3.35639e-05
4.0969e-05
4.64531e-05
5.29844e-05
4.99959e-05
8.04607e-05
0.000189736
6.43225e-06
3.20136e-06
6.67231e-07
8.23292e-07
1.287e-06
4.3615e-06
6.49496e-06
2.86404e-05
3.67196e-05
4.04329e-05
3.87494e-05
4.38555e-05
4.97829e-05
4.6802e-05
5.55552e-05
0.000145212
0.000497764
0.000540708
0.000296056
0.000311241
0.000330115
0.000154867
0.000170671
0.000187182
0.000207641
0.000106645
0.00011524
0.000128277
0.000144829
0.00016539
9.95042e-05
0.00010133
0.000108166
0.000119119
0.000134301
0.000153742
9.94269e-05
9.78296e-05
0.000101446
0.00010858
0.00011927
0.000133908
0.000152593
0.000105987
9.79677e-05
9.93145e-05
0.000104261
0.000111889
0.000122376
0.000136401
0.000154095
0.000123476
0.000103344
0.000100771
0.000103935
0.00010947
0.000116945
0.000126828
0.000139707
0.000155696
0.00014761
0.000113339
0.000105092
0.000106529
0.000111371
0.000117381
0.000124277
0.000132769
0.000143666
0.00015708
0.000164918
0.000124389
0.000109751
0.000109104
0.000114377
0.000121398
0.000128167
0.000134444
0.000141285
0.000149805
0.000160183
0.00016301
0.000129943
0.000112148
0.000108764
0.00011409
0.000123427
0.000133286
0.00014155
0.000148055
0.000154214
0.000161311
0.000169349
0.000139573
0.000124347
0.000109735
0.000104676
0.000108783
0.000119144
0.000132638
0.000145862
0.000156635
0.000165095
0.000172965
0.000181192
0.000189159
0.000104763
0.000106526
0.00010057
9.67132e-05
9.93818e-05
0.000108766
0.000123601
0.000141003
0.000157723
0.000171891
0.000184171
0.000196377
0.000207982
0.000218612
7.0196e-05
5.24569e-05
8.13323e-05
8.45341e-05
8.48224e-05
8.76479e-05
9.53627e-05
0.000108687
0.00012665
0.000147286
0.000167504
0.00018561
0.000202639
0.00022004
0.000235674
0.000248952
5.56737e-05
4.23146e-05
2.788e-05
6.4574e-05
6.94962e-05
7.39027e-05
8.08842e-05
9.20274e-05
0.000108051
0.000128727
0.000151873
0.000174719
0.00019621
0.00021727
0.000238303
0.000256139
0.000269989
3.41298e-05
2.25139e-05
4.48386e-05
1.1792e-05
5.28676e-05
5.9064e-05
6.59689e-05
7.56107e-05
8.90254e-05
0.000107072
0.000129533
0.000154524
0.000179563
0.000203713
0.00022707
0.000248799
0.00026613
0.000278416
0.000608905
0.000354929
0.000233498
0.000190512
0.00017811
0.00017555
0.000175312
0.000174372
0.000172434
0.000171768
0.00017745
0.00019518
0.000224065
0.000254025
0.00027406
0.000281658
2.78232e-05
1.78036e-05
9.21883e-06
3.7266e-05
3.97824e-06
4.47517e-05
5.15685e-05
5.99234e-05
7.13198e-05
8.64173e-05
0.000105662
0.000129357
0.000155667
0.000182178
0.000207487
0.000230397
0.000249455
0.000264338
0.000274976
0.000280848
2.34968e-05
1.40662e-05
7.32232e-06
3.68204e-06
3.20303e-05
3.89005e-05
4.58447e-05
5.50668e-05
6.77229e-05
8.38362e-05
0.000103959
0.000128536
0.000155758
0.000182825
0.000207354
0.00022715
0.000242278
0.000255715
0.000270514
0.000282845
0.000690324
0.000389457
0.000265283
0.00022183
0.000207724
0.000203015
0.000199828
0.000195234
0.000189113
0.000183928
0.00018499
0.000198138
0.000222871
0.000249393
0.000267213
0.000275796
0.000280682
0.000289792
0.000776517
0.000429169
0.000305535
0.000261332
0.000244069
0.000235535
0.000227742
0.000218129
0.000206932
0.000196688
0.000192482
0.000199389
0.00021731
0.000237977
0.000253778
0.00026467
0.000275423
0.000292145
1.18048e-05
2.05694e-05
6.5194e-06
3.96577e-06
2.81063e-05
3.42819e-05
4.1159e-05
5.10004e-05
6.45841e-05
8.13958e-05
0.000102029
0.000127317
0.00015507
0.000181593
0.000203488
0.000219379
0.000233608
0.000253135
0.000274131
0.000294047
0.000310417
6.00419e-06
1.04765e-05
1.82049e-05
4.13776e-06
2.47174e-05
3.02926e-05
3.713e-05
4.75106e-05
6.17756e-05
7.89062e-05
9.98507e-05
0.000125767
0.00015361
0.000178417
0.000196807
0.000211877
0.000233341
0.000260638
0.00029198
0.000322548
3.96581e-06
5.32796e-06
9.34263e-06
1.59478e-05
2.15762e-05
2.67118e-05
3.362e-05
4.4434e-05
5.90476e-05
7.61883e-05
9.72595e-05
0.000123675
0.000151006
0.000172995
0.000188836
0.000209864
0.000243437
0.000284464
0.000327269
0.000366039
3.54667e-06
4.6121e-06
8.15295e-06
1.3762e-05
1.87024e-05
2.35633e-05
3.05637e-05
4.1588e-05
5.61846e-05
7.29797e-05
9.38441e-05
0.000120328
0.000146229
0.000164261
0.000180342
0.000214796
0.000266153
0.000321786
0.000375374
3.04632e-06
3.94696e-06
6.95675e-06
1.18532e-05
1.63103e-05
2.09304e-05
2.79084e-05
3.87741e-05
5.29355e-05
6.89055e-05
8.88895e-05
0.000114496
0.000137422
0.00015006
0.000170947
0.000225244
0.000295198
0.000363032
2.56881e-06
3.35611e-06
5.92422e-06
1.04635e-05
1.44986e-05
1.8762e-05
2.54848e-05
3.58154e-05
4.9084e-05
6.35409e-05
8.15378e-05
0.000104628
0.000122289
0.000128239
0.000161325
0.00023776
0.000321427
3.3165e-05
1.44069e-05
4.91272e-06
2.13122e-06
2.94059e-06
5.15999e-06
9.57756e-06
1.31557e-05
1.69303e-05
2.3226e-05
3.26217e-05
4.44326e-05
5.65703e-05
7.1305e-05
8.96424e-05
9.92807e-05
9.98141e-05
0.000155671
0.000252016
1.70088e-06
2.41653e-06
4.20142e-06
8.87375e-06
1.22039e-05
1.561e-05
2.1291e-05
2.92464e-05
3.9064e-05
4.84238e-05
5.83418e-05
6.99987e-05
6.94149e-05
8.0131e-05
0.000167956
1.36294e-05
4.42965e-06
1.128e-06
1.47674e-06
2.8746e-06
7.72947e-06
1.17652e-05
1.61887e-05
2.11813e-05
2.69403e-05
3.38415e-05
4.07991e-05
4.59321e-05
5.04e-05
4.77359e-05
0.000101362
2.71385e-05
3.65222e-06
6.416e-07
7.86511e-07
1.29756e-06
4.49285e-06
6.49658e-06
2.84223e-05
3.66325e-05
3.88635e-05
3.72932e-05
4.68603e-05
4.92379e-05
4.48748e-05
6.90262e-05
0.000437258
0.000478837
0.00053394
0.000248365
0.000272547
0.000292645
0.000315261
0.00012152
0.000139434
0.000158739
0.00017834
0.000200815
9.43634e-05
9.88806e-05
0.000109508
0.000123696
0.000141382
0.000162635
9.32459e-05
9.29333e-05
9.74274e-05
0.00010551
0.000117278
0.000133065
0.000153429
9.86557e-05
9.22214e-05
9.43141e-05
9.96277e-05
0.000107609
0.000118789
0.000133974
0.00015346
0.000115069
9.61319e-05
9.43136e-05
9.7863e-05
0.000103846
0.00011194
0.000122886
0.000137418
0.000155829
0.000140794
0.000106146
9.7857e-05
9.91101e-05
0.00010383
0.000110107
0.000117922
0.00012807
0.000141379
0.000157977
0.000161813
0.000119299
0.000103614
0.00010201
0.000106276
0.000112382
0.000118968
0.000126033
0.000134656
0.000145859
0.000159757
0.000163213
0.000128
0.000108536
0.000103773
0.000107547
0.000115179
0.000123432
0.000130688
0.000137052
0.000143958
0.00015272
0.000163457
0.000141412
0.0001252
0.000109067
0.000102444
0.000105081
0.000113834
0.000125232
0.000136311
0.000145086
0.000151796
0.000158238
0.000165755
0.000174185
0.00010685
0.000108866
0.0001021
9.69332e-05
9.84903e-05
0.000106646
0.000119899
0.000135408
0.000149857
0.000161313
0.000170419
0.000179216
0.000188482
0.000197178
7.19584e-05
5.35664e-05
8.38692e-05
8.7183e-05
8.67489e-05
8.85375e-05
9.53693e-05
0.000108047
0.000125297
0.000144641
0.00016264
0.000177831
0.000191463
0.000205546
0.00021886
0.000230813
4.38394e-05
5.77473e-05
2.92224e-05
6.71717e-05
7.20945e-05
7.59603e-05
8.22397e-05
9.28987e-05
0.000108705
0.000129136
0.000151702
0.000173358
0.000192874
0.000211947
0.000231993
0.000249873
0.000264807
3.58615e-05
4.68186e-05
2.41908e-05
1.47114e-05
5.51333e-05
6.13932e-05
6.80359e-05
7.73073e-05
9.06446e-05
0.000109008
0.000131893
0.000156916
0.000181356
0.000204665
0.000228198
0.000252162
0.000272441
0.000287983
2.95431e-05
1.95958e-05
1.05985e-05
3.88974e-05
5.30907e-06
4.66036e-05
5.36636e-05
6.20234e-05
7.32965e-05
8.86108e-05
0.000108641
0.000133229
0.000160129
0.000186979
0.000213195
0.000239017
0.000263361
0.00028303
0.000296969
0.000611498
0.000343942
0.000227026
0.000188743
0.000178501
0.000177367
0.00017787
0.000177327
0.000175611
0.000175375
0.000182444
0.000203324
0.000236297
0.00026967
0.000291645
0.000300003
2.50601e-05
1.59149e-05
8.22534e-06
3.8912e-06
3.34e-05
4.05433e-05
4.78857e-05
5.72736e-05
6.99512e-05
8.65074e-05
0.000107701
0.000133444
0.000161698
0.000190142
0.000217398
0.000242178
0.000262928
0.000279913
0.000292278
0.000296934
1.33334e-05
2.20104e-05
6.92666e-06
3.53382e-06
2.95085e-05
3.60009e-05
4.33117e-05
5.33644e-05
6.70411e-05
8.44486e-05
0.00010631
0.000132837
0.000161948
0.00019082
0.000216611
0.000237021
0.000253019
0.000267684
0.000282903
0.000294807
0.000692633
0.000376042
0.000259722
0.000221182
0.000209263
0.000205813
0.000203166
0.00019873
0.000192618
0.000187671
0.000189873
0.000205652
0.000233621
0.000262602
0.000281612
0.000289959
0.000292412
0.000298142
0.0007676
0.000416213
0.000300735
0.000261387
0.000246763
0.000239233
0.000231641
0.000221888
0.000210498
0.000200379
0.000197022
0.00020584
0.000225809
0.00024772
0.000263553
0.000273699
0.000282304
6.41943e-06
1.17447e-05
1.97424e-05
3.92947e-06
2.63959e-05
3.22507e-05
3.94521e-05
5.00387e-05
6.44879e-05
8.23225e-05
0.000104529
0.000131586
0.000160965
0.000188767
0.000210746
0.000226048
0.000240442
0.00026113
0.000282869
0.000301378
4.02625e-06
5.89353e-06
1.0575e-05
1.76582e-05
2.35044e-05
2.88558e-05
3.60643e-05
4.71543e-05
6.20728e-05
8.0012e-05
0.000102324
0.000129671
0.000158552
0.000183742
0.000201168
0.000215671
0.000238223
0.000265426
0.000294805
0.000322008
3.79864e-06
5.16773e-06
9.42487e-06
1.55381e-05
2.06722e-05
2.57213e-05
3.30743e-05
4.45676e-05
5.96445e-05
7.73326e-05
9.95008e-05
0.00012679
0.000154234
0.000175632
0.000190907
0.000213979
0.000246951
0.000285286
0.000325556
3.40032e-06
4.49804e-06
8.17682e-06
1.34087e-05
1.80292e-05
2.29352e-05
3.04559e-05
4.20926e-05
5.69571e-05
7.40063e-05
9.56234e-05
0.000122243
0.000147037
0.000163939
0.000182081
0.000220903
0.000270585
0.000321795
2.92387e-06
3.8644e-06
6.92911e-06
1.15961e-05
1.58447e-05
2.05967e-05
2.80913e-05
3.95243e-05
5.37594e-05
6.96361e-05
9.00158e-05
0.000114908
0.000135317
0.000146997
0.000175548
0.000236152
0.000302929
2.46208e-06
3.31786e-06
5.94715e-06
1.03427e-05
1.41974e-05
1.86234e-05
2.58556e-05
3.66867e-05
4.98245e-05
6.38241e-05
8.19102e-05
0.000103445
0.000117271
0.000124217
0.000170964
0.000253271
3.39908e-05
1.67559e-05
5.73402e-06
2.05212e-06
2.97758e-06
5.23956e-06
9.58031e-06
1.29257e-05
1.69076e-05
2.36644e-05
3.34875e-05
4.50094e-05
5.64163e-05
7.08992e-05
8.71425e-05
9.19029e-05
9.78123e-05
0.000171537
1.65804e-06
2.4752e-06
4.33455e-06
8.91328e-06
1.18997e-05
1.55852e-05
2.16672e-05
2.99836e-05
3.9489e-05
4.78921e-05
5.75105e-05
6.65737e-05
6.16554e-05
8.81986e-05
1.46414e-05
5.01282e-06
1.0872e-06
1.47633e-06
3.00013e-06
7.7076e-06
1.12075e-05
1.60494e-05
2.13175e-05
2.72715e-05
3.42585e-05
4.05294e-05
4.59307e-05
4.889e-05
4.92793e-05
6.43286e-06
3.88883e-06
6.18989e-07
7.53981e-07
1.33348e-06
4.58345e-06
6.49573e-06
2.81618e-05
3.6429e-05
3.76197e-05
3.77121e-05
4.77572e-05
4.87323e-05
4.50905e-05
0.000377503
0.000412587
0.000465846
0.000536073
0.000190597
0.000224802
0.000256183
0.000281488
0.000308436
9.47837e-05
0.000107449
0.000129381
0.0001509
0.000172578
0.000195935
8.45365e-05
8.60377e-05
9.44132e-05
0.000105416
0.000120474
0.000138791
0.000161111
8.92347e-05
8.5591e-05
8.8892e-05
9.48071e-05
0.000103637
0.000115892
0.000132375
0.000153501
0.000104686
8.84024e-05
8.79334e-05
9.21352e-05
9.84731e-05
0.000106955
0.000118617
0.000134359
0.000154705
0.000131331
9.78331e-05
9.03858e-05
9.20481e-05
9.70328e-05
0.000103734
0.000112208
0.000123503
0.000138599
0.000157808
0.00015645
0.000112432
9.64192e-05
9.44581e-05
9.81765e-05
0.000104065
0.000110881
0.00011893
0.000129343
0.000143137
0.000160454
0.000162007
0.0001243
0.000103367
9.75197e-05
0.000100112
0.000106388
0.000113597
0.000120586
0.000127746
0.000136506
0.000148097
0.000162587
0.000142662
0.000124866
0.000106865
9.87035e-05
9.98746e-05
0.000106887
0.000116336
0.000125594
0.000133191
0.000139585
0.000146591
0.000155673
0.000166882
0.000108799
0.000110622
0.000102641
9.60094e-05
9.60328e-05
0.000102715
0.000114103
0.000127361
0.000139439
0.000148608
0.000155531
0.000162338
0.000170388
0.00017929
7.37067e-05
5.45924e-05
8.62476e-05
8.93884e-05
8.79352e-05
8.84551e-05
9.42309e-05
0.000105491
0.000121212
0.000138464
0.000153961
0.000166057
0.000175925
0.000185848
0.000196307
0.000205838
5.97923e-05
4.52513e-05
3.0315e-05
6.97204e-05
7.44489e-05
7.74856e-05
8.27868e-05
9.26895e-05
0.000107942
0.000127486
0.00014855
0.000167704
0.000183981
0.000199204
0.000215478
0.000230757
0.000244071
3.7434e-05
2.56927e-05
4.88113e-05
1.73125e-05
5.74621e-05
6.35893e-05
6.96772e-05
7.83295e-05
9.12873e-05
0.000109465
0.000132092
0.00015645
0.000179439
0.000200516
0.000221983
0.000245063
0.000265452
0.000282121
3.09593e-05
2.10828e-05
4.04657e-05
1.35876e-05
2.4679e-05
4.84497e-05
5.55715e-05
6.36923e-05
7.46833e-05
9.00007e-05
0.000110507
0.000135508
0.000162311
0.000188343
0.000213693
0.000240102
0.000267438
0.000290513
0.000307971
2.61751e-05
1.73893e-05
9.46488e-06
5.12281e-06
3.44724e-05
4.19475e-05
4.95803e-05
5.89967e-05
7.1645e-05
8.86078e-05
0.000110715
0.000137396
0.000166183
0.000194912
0.000223431
0.000252132
0.000279649
0.000302256
0.000318444
0.000611566
0.000335584
0.000223462
0.000188334
0.000179752
0.000179653
0.000180781
0.000180574
0.000179042
0.000179236
0.000187777
0.00021207
0.000249412
0.000286499
0.00031088
0.000320326
1.46949e-05
2.29089e-05
7.51661e-06
3.66892e-06
3.03263e-05
3.72227e-05
4.49766e-05
5.52056e-05
6.9003e-05
8.70804e-05
0.000110216
0.000138042
0.000168302
0.000198789
0.000228176
0.000255262
0.000278566
0.000298729
0.000314031
0.000316812
6.65624e-06
1.28431e-05
2.0658e-05
3.31661e-06
2.73335e-05
3.35937e-05
4.12472e-05
5.20376e-05
6.66813e-05
8.54138e-05
0.000109114
0.000137689
0.000168834
0.000199585
0.000226651
0.000248174
0.00026625
0.000283927
0.000301289
0.000310401
0.000683928
0.00036889
0.000257093
0.000221811
0.000211783
0.000209217
0.000206943
0.000202603
0.00019647
0.000191762
0.000195163
0.000213602
0.000244848
0.000276316
0.000296554
0.000305466
0.000306163
0.000756113
0.000408602
0.000299773
0.000263623
0.000250648
0.00024364
0.00023606
0.000226081
0.000214499
0.000204533
0.000202078
0.000212754
0.000234546
0.00025743
0.000273168
0.000282614
3.70453e-06
6.16045e-06
1.1598e-05
1.88671e-05
2.4831e-05
3.04829e-05
3.80438e-05
4.93313e-05
6.45573e-05
8.35276e-05
0.000107446
0.000136417
0.000167618
0.000196642
0.000218489
0.000233789
0.000249696
0.000271951
0.000296149
0.000312866
3.82926e-06
5.61086e-06
1.05611e-05
1.70536e-05
2.23266e-05
2.7571e-05
3.52058e-05
4.6957e-05
6.24727e-05
8.13074e-05
0.000105139
0.000134077
0.000164229
0.000189551
0.000205692
0.000220096
0.000244969
0.000273935
0.000303469
3.62713e-06
5.05449e-06
9.4568e-06
1.50577e-05
1.97744e-05
2.48368e-05
3.26904e-05
4.47915e-05
6.02342e-05
7.85539e-05
0.000101965
0.000130287
0.000158096
0.000178583
0.000193326
0.000218454
0.000251932
0.000289336
3.29157e-06
4.46084e-06
8.14588e-06
1.30166e-05
1.73727e-05
2.24038e-05
3.04536e-05
4.26225e-05
5.76115e-05
7.4984e-05
9.75007e-05
0.00012438
0.000148399
0.000164087
0.000184921
0.000226863
0.000274819
2.81697e-06
3.82045e-06
6.88102e-06
1.13381e-05
1.54109e-05
2.03466e-05
2.83812e-05
4.02533e-05
5.43596e-05
7.02346e-05
9.11494e-05
0.000115395
0.000133792
0.000145846
0.000182118
0.000246838
2.36107e-06
3.32673e-06
5.97062e-06
1.02353e-05
1.39171e-05
1.85763e-05
2.63179e-05
3.75174e-05
5.0288e-05
6.39943e-05
8.22608e-05
0.000102282
0.00011297
0.00012333
0.000183013
3.45302e-05
1.83081e-05
2.41866e-05
1.99396e-06
3.05371e-06
5.34136e-06
9.56022e-06
1.26941e-05
1.69438e-05
2.41962e-05
3.43429e-05
4.53165e-05
5.62175e-05
7.0667e-05
8.46094e-05
8.55091e-05
9.98168e-05
1.62725e-06
2.56012e-06
4.48391e-06
8.88111e-06
1.15531e-05
1.56072e-05
2.2138e-05
3.07936e-05
3.96913e-05
4.74869e-05
5.72239e-05
6.33129e-05
5.78282e-05
1.52903e-05
5.40087e-06
1.05157e-06
1.495e-06
3.15144e-06
7.56344e-06
1.05611e-05
1.58963e-05
2.15125e-05
2.79017e-05
3.45696e-05
4.03074e-05
4.59929e-05
4.81921e-05
6.43258e-06
3.92099e-06
6.0355e-07
7.27166e-07
1.37091e-06
4.60708e-06
6.49227e-06
2.78638e-05
3.56525e-05
3.64361e-05
4.03637e-05
4.85019e-05
4.89497e-05
0.000299117
0.000336962
0.000396933
0.000460492
0.00053601
0.000135152
0.000164952
0.000209294
0.000245601
0.000274439
0.000301446
7.76444e-05
8.19275e-05
0.00010073
0.000122233
0.000145151
0.000167914
0.000192778
7.74766e-05
7.69993e-05
8.26511e-05
9.0861e-05
0.000102495
0.000117785
0.000136978
0.000160205
9.1556e-05
7.97637e-05
8.11875e-05
8.62008e-05
9.30575e-05
0.000102202
0.000114901
0.000131965
0.000154092
0.000118696
8.83871e-05
8.26681e-05
8.52234e-05
9.07238e-05
9.77034e-05
0.000106564
0.000118568
0.000134952
0.000156228
0.000147782
0.000103671
8.8392e-05
8.67764e-05
9.06141e-05
9.66224e-05
0.000103794
0.000112556
0.000124204
0.000139908
0.000160028
0.000158424
0.000118564
9.67217e-05
9.03403e-05
9.22493e-05
9.7813e-05
0.000104539
0.000111725
0.000119943
0.000130627
0.000144996
0.000163142
0.000142787
0.000122939
0.000103035
9.35446e-05
9.34858e-05
9.89971e-05
0.000106907
0.000114939
0.000122197
0.000129396
0.00013833
0.000150403
0.000165616
0.000110356
0.000111498
0.000101978
9.36198e-05
9.2157e-05
9.72812e-05
0.000106755
0.000117771
0.000127834
0.00013565
0.00014205
0.000149204
0.000158712
0.000170506
7.53704e-05
5.54927e-05
8.83074e-05
9.09152e-05
8.81558e-05
8.72698e-05
9.15437e-05
0.000101267
0.000114925
0.000129725
0.000142626
0.000152113
0.000159289
0.000166578
0.000175276
0.000184746
4.66158e-05
6.18181e-05
3.118e-05
7.21083e-05
7.6385e-05
7.83218e-05
8.24503e-05
9.12333e-05
0.000105165
0.00012293
0.000141733
0.000158138
0.000170882
0.000181687
0.000192969
0.000204791
0.000215253
3.90065e-05
5.09215e-05
2.7011e-05
1.90308e-05
5.98547e-05
6.56055e-05
7.08329e-05
7.85728e-05
9.08888e-05
0.000108429
0.000130071
0.000152655
0.000172901
0.000190369
0.000207506
0.000226301
0.000243797
0.000258521
3.24061e-05
2.26139e-05
1.64943e-05
4.22631e-05
2.55152e-05
5.04918e-05
5.74095e-05
6.49751e-05
7.54135e-05
9.03791e-05
0.000110754
0.000135434
0.00016144
0.000185714
0.000208588
0.000232874
0.000259391
0.000282561
0.000301019
2.71873e-05
1.85622e-05
1.15129e-05
3.56815e-05
2.51021e-05
4.34682e-05
5.11482e-05
6.03321e-05
7.27642e-05
8.98964e-05
0.000112461
0.000139494
0.000167987
0.000195664
0.000223368
0.00025311
0.000284291
0.000310566
0.000330129
1.56992e-05
2.34682e-05
8.52877e-06
4.62023e-06
3.0988e-05
3.83086e-05
4.63575e-05
5.66166e-05
7.04738e-05
8.90902e-05
0.000113235
0.000141973
0.000172627
0.000203342
0.000234478
0.000266567
0.000297934
0.000324195
0.000342996
0.000602659
0.000330732
0.000221344
0.000188684
0.000181579
0.000182361
0.000184036
0.000184139
0.000182773
0.000183412
0.000193516
0.000221516
0.000263439
0.000304479
0.000331567
0.000342929
6.99425e-06
1.3683e-05
2.09967e-05
3.39297e-06
2.77507e-05
3.45184e-05
4.26161e-05
5.35712e-05
6.84306e-05
8.80555e-05
0.000113178
0.000143116
0.000175444
0.000208101
0.0002399
0.000269894
0.000296948
0.00032145
0.000339514
0.000340322
3.00074e-06
6.22859e-06
1.22546e-05
1.93127e-05
2.54279e-05
3.15561e-05
3.95455e-05
5.10201e-05
6.66168e-05
8.67263e-05
0.000112375
0.000143103
0.000176408
0.000209096
0.00023764
0.000261211
0.000283041
0.000306428
0.000325778
0.00033067
0.000674877
0.000363918
0.000256632
0.000223754
0.000215076
0.00021315
0.00021116
0.000206861
0.000200697
0.00019624
0.000200921
0.000222096
0.000256501
0.000290207
0.000311579
0.000320623
0.000742348
0.000405159
0.000300849
0.000267482
0.000255474
0.000248713
0.000240973
0.000230702
0.000218933
0.000209168
0.000207662
0.000220123
0.000243371
0.000266699
0.000282076
3.32948e-06
5.67811e-06
1.13053e-05
1.79634e-05
2.33775e-05
2.89391e-05
3.68904e-05
4.88322e-05
6.48317e-05
8.50426e-05
0.000110828
0.00014188
0.000175062
0.000205177
0.000227017
0.000243618
0.000262965
0.000289185
0.000314064
3.61352e-06
5.34032e-06
1.04872e-05
1.63771e-05
2.11944e-05
2.64368e-05
3.45397e-05
4.69105e-05
6.2984e-05
8.28624e-05
0.000108404
0.000139148
0.000170702
0.000195778
0.000210831
0.000226645
0.000254304
0.000287362
3.49704e-06
5.01763e-06
9.40393e-06
1.45165e-05
1.89056e-05
2.40752e-05
3.24532e-05
4.50789e-05
6.08467e-05
7.99755e-05
0.000104842
0.000134429
0.000162683
0.000181785
0.000196462
0.000224489
0.000259868
3.19742e-06
4.43965e-06
8.05054e-06
1.26074e-05
1.67583e-05
2.19813e-05
3.05793e-05
4.31488e-05
5.81991e-05
7.61171e-05
9.97493e-05
0.00012711
0.00015046
0.000164884
0.000188915
0.000233392
2.70551e-06
3.79937e-06
6.82157e-06
1.11003e-05
1.5022e-05
2.01955e-05
2.87674e-05
4.09274e-05
5.48273e-05
7.09845e-05
9.26296e-05
0.000116441
0.000133194
0.000145789
0.000190323
2.27434e-06
3.36597e-06
6.01878e-06
1.01354e-05
1.36714e-05
1.86014e-05
2.68679e-05
3.82782e-05
5.05801e-05
6.43563e-05
8.30253e-05
0.000101683
0.000109576
0.000124586
3.47703e-05
1.91397e-05
2.41824e-05
1.95099e-06
3.16286e-06
5.46001e-06
9.50981e-06
1.24824e-05
1.70623e-05
2.48255e-05
3.51498e-05
4.5445e-05
5.63266e-05
7.09583e-05
8.24962e-05
8.06866e-05
1.60276e-06
2.67548e-06
4.6476e-06
8.76351e-06
1.12437e-05
1.57063e-05
2.27336e-05
3.16454e-05
3.97611e-05
4.75403e-05
5.77752e-05
6.14035e-05
1.51775e-05
5.46404e-06
1.03131e-06
1.54971e-06
3.2762e-06
7.31028e-06
9.90497e-06
1.57955e-05
2.18549e-05
2.87237e-05
3.4891e-05
4.04126e-05
4.66541e-05
2.71487e-05
3.86839e-06
5.93162e-07
6.98965e-07
1.39126e-06
4.55047e-06
6.42963e-06
2.76306e-05
3.48564e-05
3.58614e-05
4.36664e-05
4.97653e-05
0.000219493
0.000254291
0.000321561
0.00038751
0.00045453
0.000525376
7.63538e-05
0.000103344
0.000151632
0.00019896
0.000237377
0.000267579
0.000296873
6.72805e-05
6.8297e-05
7.92081e-05
9.47916e-05
0.000116638
0.000140174
0.000164348
0.000190294
7.56886e-05
6.98119e-05
7.36147e-05
7.96066e-05
8.84566e-05
9.99705e-05
0.000115679
0.000135508
0.000159969
0.000102286
7.76829e-05
7.45545e-05
7.8282e-05
8.44187e-05
9.17203e-05
0.000101116
0.000114071
0.000131857
0.000155017
0.000134786
9.30368e-05
7.96716e-05
7.90409e-05
8.34265e-05
8.97939e-05
9.72015e-05
0.000106282
0.000118648
0.000135702
0.000158044
0.000151427
0.000110503
8.87135e-05
8.25377e-05
8.43694e-05
8.97379e-05
9.64996e-05
0.00010398
0.000112956
0.000124953
0.000141362
0.000162503
0.000141051
0.000118921
9.74732e-05
8.71331e-05
8.62837e-05
9.08273e-05
9.7738e-05
0.000105155
0.000112594
0.00012093
0.000131932
0.000146978
0.000166083
0.000111084
0.000111114
9.97429e-05
8.97756e-05
8.69937e-05
9.07142e-05
9.84691e-05
0.00010768
0.000116355
0.00012377
0.000130986
0.000140147
0.000152825
0.000168897
5.61424e-05
7.67482e-05
8.97813e-05
9.14709e-05
8.72393e-05
8.4724e-05
8.75272e-05
9.55657e-05
0.00010705
0.00011941
0.000130109
0.000138056
0.000144462
0.000151841
0.000161891
0.000174407
6.3684e-05
4.78631e-05
3.17878e-05
7.40958e-05
7.76269e-05
7.82461e-05
8.09817e-05
8.83206e-05
0.000100515
0.000116126
0.000132261
0.000145842
0.000155613
0.000163127
0.000171033
0.000180514
0.00019066
4.05745e-05
2.81257e-05
5.30417e-05
2.00464e-05
6.2107e-05
6.72291e-05
7.13413e-05
7.79824e-05
8.91384e-05
0.000105249
0.000124993
0.000145152
0.000162369
0.000175835
0.000187812
0.000200709
0.000214067
0.000225584
3.40142e-05
2.40855e-05
4.43099e-05
1.84844e-05
2.63909e-05
5.26643e-05
5.90942e-05
6.57977e-05
7.539e-05
8.9775e-05
0.00010942
0.00013295
0.0001569
0.000178213
0.000197073
0.000216512
0.000238186
0.000258112
0.000274322
2.84254e-05
1.98658e-05
1.47939e-05
2.62773e-05
3.72804e-05
4.52567e-05
5.26704e-05
6.13012e-05
7.32262e-05
9.01011e-05
0.000112459
0.000139116
0.000166592
0.000192182
0.00021717
0.000244758
0.000275135
0.00030138
0.000321659
1.65033e-05
2.41263e-05
9.69815e-06
2.54289e-05
3.19411e-05
3.95838e-05
4.76412e-05
5.76659e-05
7.13752e-05
9.01993e-05
0.000114812
0.000143778
0.000173877
0.000203334
0.000233812
0.000267359
0.00030289
0.000332847
0.000354642
7.74087e-06
1.42035e-05
2.11415e-05
4.19086e-06
2.81435e-05
3.53784e-05
4.37436e-05
5.47189e-05
6.97172e-05
8.99849e-05
0.00011615
0.000146894
0.000179402
0.000212261
0.000246427
0.000282492
0.000318485
0.000349196
0.000370796
0.000594271
0.000326425
0.000220564
0.000189821
0.000183944
0.00018548
0.000187664
0.000188058
0.000186852
0.000187968
0.00019976
0.000231787
0.000278447
0.000323502
0.000353554
0.000366944
3.05834e-06
6.39671e-06
1.25986e-05
1.92271e-05
2.55793e-05
3.22785e-05
4.06735e-05
5.22933e-05
6.82452e-05
8.93952e-05
0.000116556
0.000148626
0.000183078
0.000218075
0.000252697
0.000286366
0.000318563
0.000348502
0.000369645
0.000364334
2.60526e-06
5.58281e-06
1.15156e-05
1.80535e-05
2.37591e-05
2.98212e-05
3.81438e-05
5.02669e-05
6.67876e-05
8.83984e-05
0.000116096
0.00014907
0.000184643
0.000219373
0.000249875
0.000276872
0.000304514
0.000334351
0.000356804
0.000662654
0.000361266
0.000257445
0.000226764
0.000219058
0.000217635
0.000215824
0.000211526
0.000205325
0.000201156
0.000207189
0.000231166
0.000268432
0.000303871
0.000325794
0.000730515
0.000404464
0.000304297
0.000272663
0.00026122
0.000254421
0.000246361
0.000235735
0.000223802
0.000214296
0.000213812
0.000227896
0.000252117
0.000275144
2.89828e-06
5.23501e-06
1.09622e-05
1.7043e-05
2.20415e-05
2.75994e-05
3.59639e-05
4.85204e-05
6.53195e-05
8.69074e-05
0.000114714
0.000148017
0.000183277
0.000214417
0.000236928
0.000256715
0.000282489
0.000314197
3.45493e-06
5.21728e-06
1.0316e-05
1.56587e-05
2.01291e-05
2.5457e-05
3.40536e-05
4.69715e-05
6.36403e-05
8.47546e-05
0.000112209
0.000144983
0.000177953
0.000202532
0.000217469
0.000236285
0.000268107
3.41818e-06
5.0045e-06
9.24765e-06
1.39498e-05
1.80916e-05
2.34478e-05
3.23737e-05
4.54115e-05
6.15412e-05
8.17269e-05
0.000108277
0.00013937
0.000167974
0.000185395
0.00020098
0.000232817
3.09092e-06
4.40449e-06
7.9085e-06
1.22125e-05
1.62045e-05
2.16818e-05
3.08051e-05
4.36543e-05
5.88167e-05
7.75877e-05
0.00010256
0.000130652
0.000153182
0.00016633
0.000194481
2.59516e-06
3.78998e-06
6.78603e-06
1.08883e-05
1.46921e-05
2.01602e-05
2.92262e-05
4.15339e-05
5.52901e-05
7.21081e-05
9.46891e-05
0.000118279
0.000133144
0.000147505
2.19941e-06
3.44796e-06
6.09682e-06
1.00428e-05
1.34704e-05
1.87199e-05
2.74864e-05
3.89442e-05
5.08551e-05
6.5157e-05
8.43653e-05
0.000101667
0.000107143
3.47013e-05
1.93267e-05
2.41804e-05
1.92556e-06
3.31316e-06
5.59865e-06
9.42434e-06
1.23072e-05
1.72639e-05
2.5536e-05
3.58655e-05
4.55905e-05
5.6933e-05
7.18645e-05
8.08187e-05
1.60211e-06
2.81958e-06
4.77966e-06
8.5867e-06
1.10157e-05
1.58936e-05
2.346e-05
3.24276e-05
3.98418e-05
4.80687e-05
5.83221e-05
1.44374e-05
5.46388e-06
1.02216e-06
1.61133e-06
3.34366e-06
7.01929e-06
9.5592e-06
1.57849e-05
2.2417e-05
2.94941e-05
3.52024e-05
4.10821e-05
6.43364e-06
3.69585e-06
5.83086e-07
6.6932e-07
1.38276e-06
4.41749e-06
6.34959e-06
2.75116e-05
3.41732e-05
3.60287e-05
4.62274e-05
0.000121217
0.000176018
0.000240433
0.000310598
0.00037818
0.000443172
0.000516956
6.45747e-05
6.70357e-05
9.73355e-05
0.000141052
0.00018842
0.000229143
0.000261837
0.000291884
6.36155e-05
6.02518e-05
6.5762e-05
7.49292e-05
9.05361e-05
0.00011186
0.000136057
0.000161153
0.000188645
8.23594e-05
6.60062e-05
6.5933e-05
7.07557e-05
7.76922e-05
8.63617e-05
9.79238e-05
0.00011378
0.000134438
0.000160095
0.000116917
8.06192e-05
7.04041e-05
7.11705e-05
7.63191e-05
8.31062e-05
9.07325e-05
0.000100145
0.000113415
0.000131919
0.000156316
0.000139931
9.98661e-05
7.95056e-05
7.43135e-05
7.65919e-05
8.22066e-05
8.91654e-05
9.68302e-05
0.000106086
0.000118798
0.000136626
0.000160156
0.000136335
0.000112374
9.01627e-05
7.96819e-05
7.86142e-05
8.27288e-05
8.9209e-05
9.6496e-05
0.000104228
0.000113364
0.00012576
0.000142971
0.000165274
0.000110402
0.000108976
9.57487e-05
8.44827e-05
8.07526e-05
8.34417e-05
8.99302e-05
9.79186e-05
0.000105863
0.000113452
0.000121893
0.000133272
0.00014913
0.000169332
5.62854e-05
7.75036e-05
9.03221e-05
9.07891e-05
8.48657e-05
8.0881e-05
8.23314e-05
8.87939e-05
9.83438e-05
0.000108635
0.000117804
0.000125296
0.000132523
0.000141994
0.000155419
0.0001725
3.20899e-05
4.88499e-05
6.51728e-05
7.54026e-05
7.78943e-05
7.71014e-05
7.8303e-05
8.41447e-05
9.44939e-05
0.000107711
0.000121196
0.000132395
0.000140415
0.000146857
0.000154556
0.000165288
0.000178668
4.20225e-05
5.49592e-05
2.89951e-05
2.05256e-05
6.39218e-05
6.81719e-05
7.10127e-05
7.62672e-05
8.59873e-05
0.000100327
0.000117615
0.000134917
0.000149073
0.000159148
0.00016712
0.000175801
0.00018622
0.000197163
3.56886e-05
2.53943e-05
1.97303e-05
4.64091e-05
2.70062e-05
5.47084e-05
6.0399e-05
6.60011e-05
7.45467e-05
8.77045e-05
0.000105835
0.000127312
0.000148674
0.000166658
0.000180996
0.000194434
0.000209232
0.000224298
0.000237019
2.99762e-05
2.13553e-05
1.71642e-05
3.9213e-05
2.73619e-05
4.7192e-05
5.40409e-05
6.18222e-05
7.29838e-05
8.91928e-05
0.000110783
0.000136025
0.00016124
0.000183651
0.000204207
0.000226397
0.000251353
0.00027391
0.00029167
1.74587e-05
2.51902e-05
1.26862e-05
2.61913e-05
3.33893e-05
4.11486e-05
4.88775e-05
5.83545e-05
7.16021e-05
9.01626e-05
0.000114562
0.00014302
0.000171816
0.000198862
0.000226357
0.000257793
0.000292455
0.000322141
0.000344236
8.61337e-06
1.46889e-05
2.15699e-05
5.57256e-06
2.89361e-05
3.64584e-05
4.47802e-05
5.55197e-05
7.04127e-05
9.09161e-05
0.000117497
0.000148281
0.00017994
0.000211431
0.000245092
0.000282992
0.00032342
0.000357678
0.000381773
3.8342e-06
6.93067e-06
1.27424e-05
1.91178e-05
2.58091e-05
3.29753e-05
4.15873e-05
5.32124e-05
6.93335e-05
9.12412e-05
0.000119405
0.000152091
0.000186454
0.000221692
0.000259382
0.000300076
0.000341578
0.000377729
0.000402057
0.000582662
0.000323487
0.000220538
0.000191706
0.000186829
0.000189048
0.000191698
0.000192377
0.000191333
0.000192982
0.000206623
0.000243004
0.000294459
0.000343426
0.000376284
0.000391084
2.6791e-06
5.65508e-06
1.14335e-05
1.76656e-05
2.37626e-05
3.04066e-05
3.90678e-05
5.13227e-05
6.82978e-05
9.10927e-05
0.000120314
0.000154516
0.000191156
0.000228748
0.000266752
0.000305012
0.000343808
0.000380384
0.000403754
2.19155e-06
4.85736e-06
1.08467e-05
1.69465e-05
2.23042e-05
2.83412e-05
3.69994e-05
4.97443e-05
6.72378e-05
9.04365e-05
0.000120261
0.000155561
0.000193508
0.000230503
0.000263755
0.00029559
0.000331132
0.000368412
0.0006523
0.000360287
0.000259825
0.000230728
0.000223775
0.000222672
0.000220946
0.000216609
0.00021038
0.000206553
0.000214032
0.000240812
0.000280413
0.000316736
0.000719416
0.000406369
0.000309662
0.000279178
0.00026785
0.000260742
0.000252198
0.000241161
0.000229101
0.000219937
0.000220548
0.000236079
0.000260607
2.65556e-06
5.02204e-06
1.06077e-05
1.61469e-05
2.08328e-05
2.64494e-05
3.5243e-05
4.84123e-05
6.60308e-05
8.91503e-05
0.000119122
0.000154832
0.000192244
0.000224581
0.00024895
0.000274267
0.000309441
3.38261e-06
5.18433e-06
1.00538e-05
1.49428e-05
1.91456e-05
2.4634e-05
3.37306e-05
4.71437e-05
6.44832e-05
8.70464e-05
0.00011661
0.000151624
0.000185985
0.000210175
0.000226531
0.000250539
3.35066e-06
4.96345e-06
9.02477e-06
1.3392e-05
1.73507e-05
2.2965e-05
3.23925e-05
4.5786e-05
6.23911e-05
8.39021e-05
0.000112361
0.000145209
0.000173972
0.000189802
0.000207624
2.96751e-06
4.34675e-06
7.77048e-06
1.18472e-05
1.57286e-05
2.15038e-05
3.11058e-05
4.41429e-05
5.95676e-05
7.95128e-05
0.00010605
0.000135131
0.000156513
0.000168911
2.48155e-06
3.81043e-06
6.78955e-06
1.07079e-05
1.44303e-05
2.02133e-05
2.97286e-05
4.2074e-05
5.58791e-05
7.37187e-05
9.74295e-05
0.000121048
0.000134015
2.13991e-06
3.5761e-06
6.21463e-06
9.95427e-06
1.33233e-05
1.8927e-05
2.81353e-05
3.95067e-05
5.12707e-05
6.64762e-05
8.63889e-05
0.000102561
3.422e-05
1.90903e-05
2.41967e-05
1.90642e-06
3.50842e-06
5.73392e-06
9.31815e-06
1.21939e-05
1.755e-05
2.62851e-05
3.64386e-05
4.58695e-05
5.80327e-05
7.36279e-05
1.61263e-06
2.9598e-06
4.87743e-06
8.39801e-06
1.08914e-05
1.61773e-05
2.42635e-05
3.2982e-05
4.00165e-05
4.90872e-05
1.34267e-05
5.42256e-06
1.01282e-06
1.65171e-06
3.34825e-06
6.76343e-06
9.38982e-06
1.59453e-05
2.31129e-05
3.00239e-05
3.5603e-05
6.37315e-06
3.51938e-06
5.69934e-07
6.35139e-07
1.34397e-06
4.29242e-06
6.28823e-06
2.74754e-05
3.33252e-05
3.72077e-05
9.74359e-05
9.92226e-05
0.000158493
0.000227495
0.000297464
0.000365822
0.000433079
0.000504875
6.62164e-05
5.72182e-05
6.32965e-05
8.86006e-05
0.000130694
0.000179587
0.000221749
0.000255655
0.000287838
6.61759e-05
5.53053e-05
5.78708e-05
6.3045e-05
7.24203e-05
8.68975e-05
0.000107789
0.000132234
0.000158575
0.000187592
9.49687e-05
6.71689e-05
6.095e-05
6.30243e-05
6.88661e-05
7.61087e-05
8.46053e-05
9.59922e-05
0.000112159
0.000133644
0.000160786
0.000123364
8.68514e-05
6.94458e-05
6.58391e-05
6.88701e-05
7.4908e-05
8.21095e-05
8.98415e-05
9.92912e-05
0.000112853
0.000132232
0.000157993
0.000127731
0.000103004
8.1236e-05
7.14308e-05
7.07148e-05
7.48665e-05
8.13471e-05
8.87139e-05
9.65429e-05
0.000105914
0.000119024
0.000137721
0.000162608
0.000107504
0.000104544
8.98415e-05
7.78418e-05
7.36886e-05
7.58302e-05
8.15913e-05
8.89328e-05
9.66238e-05
0.000104491
0.000113776
0.000126625
0.000144777
0.000168388
5.56222e-05
7.72055e-05
8.95481e-05
8.85019e-05
8.09929e-05
7.58036e-05
7.61961e-05
8.14026e-05
8.94114e-05
9.82903e-05
0.000106611
0.000114286
0.000122832
0.000134683
0.000151504
0.000172951
3.19827e-05
4.93383e-05
6.59999e-05
7.57422e-05
7.69981e-05
7.46368e-05
7.44576e-05
7.88834e-05
8.74762e-05
9.8497e-05
0.000109721
0.000119263
0.000126773
0.000134033
0.00014392
0.000158258
0.000176496
2.05377e-05
2.95576e-05
4.31898e-05
5.64345e-05
6.50152e-05
6.81719e-05
6.96303e-05
7.34526e-05
8.16275e-05
9.39099e-05
0.000108639
0.000123083
0.00013468
0.000142754
0.000149282
0.000157418
0.000168989
0.000183389
3.72457e-05
2.64667e-05
4.82795e-05
2.04045e-05
2.7042e-05
5.62977e-05
6.1045e-05
6.54307e-05
7.26105e-05
8.43136e-05
0.000100475
0.000119333
0.000137658
0.00015233
0.000162777
0.000171364
0.000180994
0.000192538
0.000204425
3.16757e-05
2.27982e-05
1.86943e-05
2.80763e-05
4.12176e-05
4.89895e-05
5.50334e-05
6.17501e-05
7.18505e-05
8.68113e-05
0.000106768
0.000129817
0.000152268
0.000171036
0.000186478
0.000201711
0.000218724
0.000235702
0.000249786
1.88321e-05
2.66556e-05
1.53552e-05
2.72912e-05
3.51942e-05
4.28411e-05
4.99493e-05
5.86012e-05
7.11427e-05
8.90493e-05
0.00011242
0.000139259
0.000165672
0.000189269
0.000211916
0.000237349
0.000266008
0.000291454
0.000310766
9.78854e-06
1.5433e-05
2.25479e-05
6.08359e-06
3.02711e-05
3.78109e-05
4.57504e-05
5.59555e-05
7.04158e-05
9.06726e-05
0.00011696
0.000147055
0.000177102
0.000205777
0.000236328
0.000272141
0.000311528
0.000345144
0.000368982
4.94662e-06
7.62834e-06
1.30434e-05
1.94216e-05
2.65019e-05
3.38835e-05
4.24009e-05
5.3789e-05
6.98171e-05
9.19761e-05
0.000120446
0.00015293
0.000186174
0.000219952
0.000257318
0.000300162
0.000346119
0.000385535
0.000411753
3.50044e-06
6.04489e-06
1.13495e-05
1.74094e-05
2.39003e-05
3.09775e-05
3.97925e-05
5.20364e-05
6.92725e-05
9.28201e-05
0.000122942
0.000157492
0.000193743
0.000231687
0.00027348
0.000319511
0.000367571
0.000410432
0.000436622
0.000572523
0.000321218
0.000221664
0.000194309
0.000190286
0.000193096
0.000196176
0.000197131
0.000196263
0.000198529
0.000214257
0.000255275
0.000311373
0.000363884
0.000398823
2.2892e-06
4.83505e-06
1.03349e-05
1.63513e-05
2.22486e-05
2.88292e-05
3.77433e-05
5.06128e-05
6.86618e-05
9.3126e-05
0.000124405
0.000160721
0.000199653
0.0002402
0.000282283
0.000326231
0.000373084
0.000417692
1.86058e-06
4.30675e-06
1.02845e-05
1.59675e-05
2.104e-05
2.70792e-05
3.60826e-05
4.94453e-05
6.79564e-05
9.28299e-05
0.00012484
0.000162535
0.000202995
0.000242656
0.000279682
0.000318152
0.000363486
0.000641675
0.000360831
0.000263596
0.000235732
0.000229231
0.000228276
0.000226524
0.000222113
0.000215874
0.000212474
0.000221511
0.000250985
0.000292085
0.00071206
0.000411026
0.000317066
0.000286984
0.000275355
0.000267642
0.000258438
0.000246939
0.00023482
0.00022611
0.000227897
0.000244604
2.66612e-06
5.00503e-06
1.02341e-05
1.53162e-05
1.97492e-05
2.54764e-05
3.47112e-05
4.8444e-05
6.6986e-05
9.17841e-05
0.000124048
0.000162315
0.000202009
0.00023601
0.000263855
0.000297128
3.34762e-06
5.15332e-06
9.75057e-06
1.42559e-05
1.82518e-05
2.39706e-05
3.35464e-05
4.74252e-05
6.55566e-05
8.97706e-05
0.000121634
0.000159112
0.000194892
0.000219214
0.000239004
3.26123e-06
4.87393e-06
8.78868e-06
1.28598e-05
1.67021e-05
2.26226e-05
3.25087e-05
4.62125e-05
6.34614e-05
8.65512e-05
0.000117163
0.000152036
0.000180795
0.000195624
2.81923e-06
4.29114e-06
7.66649e-06
1.1524e-05
1.53417e-05
2.14518e-05
3.14481e-05
4.46317e-05
6.05371e-05
8.19426e-05
0.000110326
0.000140688
0.000160637
2.37121e-06
3.86959e-06
6.84874e-06
1.05576e-05
1.42378e-05
2.03568e-05
3.02373e-05
4.2566e-05
5.66887e-05
7.58565e-05
0.000101015
0.000124946
2.08677e-06
3.75898e-06
6.3616e-06
9.87329e-06
1.32325e-05
1.92086e-05
2.87658e-05
3.99681e-05
5.19101e-05
6.8323e-05
8.93509e-05
3.30719e-05
1.83387e-05
2.41889e-05
1.89652e-06
3.72354e-06
5.87525e-06
9.20947e-06
1.2147e-05
1.79078e-05
2.70045e-05
3.68281e-05
4.63426e-05
5.96883e-05
1.61955e-06
3.08083e-06
4.96526e-06
8.22763e-06
1.08318e-05
1.6554e-05
2.50401e-05
3.32873e-05
4.04181e-05
1.20645e-05
5.17923e-06
9.93062e-07
1.66149e-06
3.32164e-06
6.55719e-06
9.27457e-06
1.61951e-05
2.38347e-05
3.04347e-05
5.80171e-06
3.34509e-06
5.55946e-07
6.03642e-07
1.2959e-06
4.21564e-06
6.25641e-06
2.74803e-05
3.25599e-05
0.000122288
8.57475e-05
8.73844e-05
0.000146197
0.000213396
0.00028487
0.000354183
0.000420584
0.000494126
6.91998e-05
5.22912e-05
5.46049e-05
6.02997e-05
8.21947e-05
0.000123369
0.000171283
0.0002143
0.000250329
0.000284289
7.50478e-05
5.51358e-05
5.29125e-05
5.53818e-05
6.10464e-05
7.01399e-05
8.37266e-05
0.000103941
0.00012891
0.000156439
0.000187403
0.000102735
7.24123e-05
5.92208e-05
5.7374e-05
6.10768e-05
6.74146e-05
7.48034e-05
8.2986e-05
9.42556e-05
0.000110687
0.000133229
0.00016199
0.000114784
9.09277e-05
7.10433e-05
6.2718e-05
6.27677e-05
6.71933e-05
7.38326e-05
8.1285e-05
8.9032e-05
9.84599e-05
0.000112396
0.00013276
0.000160104
0.000101696
9.74929e-05
8.20215e-05
7.00602e-05
6.60725e-05
6.81303e-05
7.3605e-05
8.0732e-05
8.83822e-05
9.62805e-05
0.000105755
0.00011931
0.000139031
0.00016544
5.35848e-05
7.5351e-05
8.69601e-05
8.44151e-05
7.56123e-05
6.96444e-05
6.94028e-05
7.37872e-05
8.08113e-05
8.88456e-05
9.68008e-05
0.000104749
0.000114181
0.000127575
0.000146821
0.000171896
3.12836e-05
4.90363e-05
6.58338e-05
7.48727e-05
7.46589e-05
7.08816e-05
6.95439e-05
7.28002e-05
7.99269e-05
8.92111e-05
9.87706e-05
0.000107376
0.000115087
0.000123767
0.000136205
0.000154167
0.000176997
2.01684e-05
2.96971e-05
4.38589e-05
5.72191e-05
6.51463e-05
6.70894e-05
6.70991e-05
6.95878e-05
7.6269e-05
8.66081e-05
9.89025e-05
0.000110897
0.000120718
0.000128217
0.00013555
0.000145985
0.000161419
0.000180959
2.66351e-05
2.05842e-05
2.7229e-05
3.84983e-05
4.96636e-05
5.71544e-05
6.08074e-05
6.38504e-05
6.9658e-05
7.97487e-05
9.37456e-05
0.00010976
0.000125045
0.000136972
0.000145109
0.000151798
0.0001605
0.000173098
0.000188671
3.32692e-05
2.4025e-05
1.96061e-05
4.29704e-05
2.81862e-05
5.03219e-05
5.53892e-05
6.09402e-05
6.97126e-05
8.31398e-05
0.00010097
0.000121227
0.000140465
0.000155647
0.000166589
0.000175963
0.000186739
0.000199654
0.000212636
2.83174e-05
2.03445e-05
1.71824e-05
2.79649e-05
3.70534e-05
4.43696e-05
5.06424e-05
5.82937e-05
6.9736e-05
8.63294e-05
0.000107974
0.000132466
0.000155929
0.000175573
0.000192422
0.000209812
0.000229386
0.000248543
0.000264149
1.31307e-05
1.65551e-05
2.39537e-05
2.65902e-05
3.19372e-05
3.92523e-05
4.65373e-05
5.59523e-05
6.9742e-05
8.91901e-05
0.000114291
0.000142608
0.000170166
0.000195153
0.000220379
0.00024956
0.000282357
0.000311091
0.000331812
6.09322e-06
8.46024e-06
1.37237e-05
2.03869e-05
2.77268e-05
3.50213e-05
4.3121e-05
5.39903e-05
6.96348e-05
9.1509e-05
0.00011957
0.000151131
0.000182428
0.000213075
0.00024725
0.000287958
0.000332569
0.000370794
0.000396113
4.44217e-06
6.68714e-06
1.15774e-05
1.76914e-05
2.45099e-05
3.17215e-05
4.04006e-05
5.24067e-05
6.95838e-05
9.3321e-05
0.000123595
0.000157674
0.000192589
0.00022893
0.000270626
0.000319063
0.00037134
0.000417098
0.000444584
3.15526e-06
5.10598e-06
1.01272e-05
1.60436e-05
2.23389e-05
2.92915e-05
3.82958e-05
5.1148e-05
6.94823e-05
9.46885e-05
0.000126699
0.000163022
0.000201259
0.000242338
0.000288865
0.000341064
0.000397004
0.000448053
0.000561872
0.000320676
0.000223828
0.00019772
0.000194355
0.000197661
0.000201124
0.000202352
0.000201679
0.000204685
0.000222835
0.00026864
0.000328931
0.000384117
1.90995e-06
4.06143e-06
9.47152e-06
1.53074e-05
2.09776e-05
2.74901e-05
3.66619e-05
5.01481e-05
6.93042e-05
9.54615e-05
0.000128769
0.000167183
0.000208569
0.000252551
0.000299538
0.000350543
0.000407241
1.68449e-06
4.05646e-06
9.82588e-06
1.51161e-05
1.99347e-05
2.60075e-05
3.53723e-05
4.93706e-05
6.89359e-05
9.55585e-05
0.000129789
0.000169953
0.000213144
0.000256058
0.000298114
0.000345094
0.000634207
0.000363557
0.000268936
0.000241788
0.000235454
0.000234444
0.000232549
0.000228019
0.000221808
0.000218942
0.000229669
0.000261531
0.000706485
0.000418963
0.000326438
0.00029609
0.000283694
0.000275068
0.000265012
0.000253022
0.000240931
0.000232811
0.000235864
2.87117e-06
5.02081e-06
9.87427e-06
1.45632e-05
1.87776e-05
2.46727e-05
3.43449e-05
4.8641e-05
6.8199e-05
9.48018e-05
0.000129469
0.000170472
0.000212687
0.000249114
0.000282313
3.30083e-06
5.08014e-06
9.45005e-06
1.36009e-05
1.74605e-05
2.34624e-05
3.34941e-05
4.78208e-05
6.68888e-05
9.29351e-05
0.000127309
0.000167507
0.000204867
0.000230291
3.11561e-06
4.75439e-06
8.57199e-06
1.23673e-05
1.61602e-05
2.24105e-05
3.26911e-05
4.67082e-05
6.47981e-05
8.96969e-05
0.000122773
0.000159997
0.000188711
2.65839e-06
4.25616e-06
7.62174e-06
1.12477e-05
1.50479e-05
2.14795e-05
3.18061e-05
4.51473e-05
6.17816e-05
8.49194e-05
0.000115569
0.000147504
2.26608e-06
3.98173e-06
6.96053e-06
1.04365e-05
1.41118e-05
2.05655e-05
3.0716e-05
4.30415e-05
5.7778e-05
7.85839e-05
0.000105734
2.05186e-06
3.97759e-06
6.53958e-06
9.79776e-06
1.32015e-05
1.95364e-05
2.93292e-05
4.03456e-05
5.2813e-05
7.08025e-05
3.09502e-05
1.70954e-05
2.41702e-05
1.89701e-06
3.94909e-06
6.03015e-06
9.1117e-06
1.21458e-05
1.83078e-05
2.76233e-05
3.70922e-05
4.71155e-05
1.62094e-06
3.18014e-06
5.07729e-06
8.08359e-06
1.08286e-05
1.69834e-05
2.57006e-05
3.3497e-05
1.08813e-05
4.8763e-06
9.64665e-07
1.64826e-06
3.35466e-06
6.42627e-06
9.23305e-06
1.65106e-05
2.4433e-05
2.41702e-05
4.92055e-06
3.10746e-06
5.41577e-07
5.76671e-07
1.26927e-06
4.19237e-06
6.25189e-06
2.74985e-05
0.000138696
0.000109363
8.13355e-05
8.27547e-05
0.000134676
0.000203271
0.000272903
0.000341728
0.000409372
0.000483013
7.17113e-05
5.20513e-05
5.14215e-05
5.20153e-05
5.70323e-05
7.72781e-05
0.000115369
0.000163248
0.000207625
0.000245465
0.000282021
8.25624e-05
5.91362e-05
5.07582e-05
5.01692e-05
5.37462e-05
5.95162e-05
6.80618e-05
8.08002e-05
0.00010051
0.00012593
0.000154916
0.000187984
9.84256e-05
7.70916e-05
6.04165e-05
5.41093e-05
5.50093e-05
5.95677e-05
6.6225e-05
7.36397e-05
8.15407e-05
9.25581e-05
0.000109419
0.000133144
0.000163804
9.28416e-05
8.78509e-05
7.26107e-05
6.15352e-05
5.82294e-05
6.05098e-05
6.59137e-05
7.298e-05
8.05779e-05
8.82381e-05
9.76497e-05
0.00011201
0.000133556
0.000162685
7.14395e-05
4.98324e-05
8.22707e-05
7.84361e-05
6.88495e-05
6.26466e-05
6.22266e-05
6.61993e-05
7.26629e-05
8.02745e-05
8.81058e-05
9.60204e-05
0.000105584
0.000119681
0.000140589
0.000168704
2.95761e-05
4.75624e-05
6.43701e-05
7.24755e-05
7.0842e-05
6.58928e-05
6.37433e-05
6.61906e-05
7.22553e-05
8.02875e-05
8.88331e-05
9.70027e-05
0.000104983
0.000114589
0.000128638
0.000149159
0.000175853
1.90908e-05
2.92445e-05
4.37658e-05
5.70677e-05
6.41669e-05
6.47097e-05
6.34417e-05
6.47936e-05
7.01937e-05
7.8868e-05
8.91727e-05
9.93361e-05
0.000108141
0.000115861
0.000124722
0.000137895
0.000157193
0.000181535
2.5494e-05
2.03658e-05
2.75636e-05
3.92435e-05
5.03379e-05
5.70757e-05
5.9529e-05
6.12517e-05
6.57598e-05
7.42643e-05
8.6089e-05
9.94886e-05
0.000112136
0.000122174
0.000129651
0.00013712
0.000148258
0.000164992
0.000185957
2.78198e-05
1.99935e-05
2.49329e-05
3.45356e-05
4.42075e-05
5.09271e-05
5.49305e-05
5.91955e-05
6.66256e-05
7.83596e-05
9.38146e-05
0.000111043
0.000127068
0.000139298
0.000147539
0.000154469
0.000163895
0.000177733
0.000194618
2.98773e-05
2.16833e-05
1.83096e-05
2.8055e-05
3.86343e-05
4.54246e-05
5.07221e-05
5.72301e-05
6.73977e-05
8.23693e-05
0.000101726
0.000123254
0.00014334
0.000159085
0.000170685
0.000181033
0.000193194
0.000207806
0.000222013
2.55251e-05
1.80323e-05
1.5345e-05
2.70666e-05
3.36119e-05
4.05e-05
4.69479e-05
5.54112e-05
6.80887e-05
8.62069e-05
0.000109393
0.000135225
0.000159666
0.000180365
0.000198989
0.000218918
0.000241445
0.000263157
0.000280395
2.58557e-05
1.04409e-05
1.47439e-05
2.17429e-05
2.92283e-05
3.62026e-05
4.36392e-05
5.37762e-05
6.86941e-05
8.96367e-05
0.000116355
0.000146057
0.000174732
0.00020144
0.000229785
0.000263212
0.000300583
0.000333177
0.000354961
5.41308e-06
7.43741e-06
1.22932e-05
1.86451e-05
2.56033e-05
3.26396e-05
4.08857e-05
5.2395e-05
6.91826e-05
9.25995e-05
0.000122303
0.000155221
0.000187803
0.000220927
0.000259288
0.000305407
0.000355884
0.000399662
0.00042564
4.00445e-06
5.81684e-06
1.0395e-05
1.6322e-05
2.28534e-05
2.98758e-05
3.87127e-05
5.13257e-05
6.95928e-05
9.49137e-05
0.000126886
0.000162499
0.000199102
0.000238506
0.000285143
0.000339901
0.000399657
0.000453155
2.72807e-06
4.26067e-06
9.18724e-06
1.49798e-05
2.10335e-05
2.78534e-05
3.70543e-05
5.05139e-05
6.99664e-05
9.68019e-05
0.000130602
0.000168625
0.000209037
0.000253763
0.000305714
0.00036512
0.000430795
0.000553671
0.000321492
0.00022722
0.000201983
0.000199089
0.000202771
0.000206562
0.000208055
0.000207603
0.00021151
0.000232463
0.000283025
0.000346586
1.61683e-06
3.51243e-06
8.86739e-06
1.44832e-05
1.9894e-05
2.63482e-05
3.57971e-05
4.99256e-05
7.02046e-05
9.80597e-05
0.000133339
0.000173849
0.000217932
0.000265942
0.000318776
0.000378436
1.74674e-06
4.07779e-06
9.46368e-06
1.43787e-05
1.89568e-05
2.51089e-05
3.48492e-05
4.94649e-05
7.01678e-05
9.85881e-05
0.000135056
0.000177796
0.000224038
0.000270946
0.000319408
0.000628089
0.000368833
0.000275859
0.000248946
0.000242445
0.000241162
0.00023898
0.000234301
0.000228168
0.000225965
0.000238516
0.000705276
0.000429973
0.000337826
0.000306447
0.000292817
0.000282934
0.000271839
0.00025935
0.000247403
0.000240022
3.11555e-06
4.99534e-06
9.55906e-06
1.3867e-05
1.79152e-05
2.403e-05
3.41216e-05
4.89995e-05
6.96729e-05
9.81796e-05
0.000135381
0.00017934
0.000224439
0.000264287
3.19824e-06
4.97233e-06
9.16979e-06
1.29818e-05
1.67852e-05
2.30979e-05
3.353e-05
4.83394e-05
6.84952e-05
9.65415e-05
0.00013368
0.000176915
0.000216179
2.92414e-06
4.63663e-06
8.39826e-06
1.19275e-05
1.57327e-05
2.23039e-05
3.292e-05
4.72953e-05
6.64293e-05
9.33751e-05
0.000129338
0.000169256
2.4946e-06
4.27035e-06
7.63646e-06
1.10222e-05
1.48389e-05
2.15777e-05
3.21585e-05
4.57246e-05
6.33395e-05
8.85237e-05
0.000122012
2.1785e-06
4.14399e-06
7.11866e-06
1.03358e-05
1.40435e-05
2.08074e-05
3.11412e-05
4.35423e-05
5.91969e-05
8.20447e-05
2.03862e-06
4.22143e-06
6.73206e-06
9.73101e-06
1.32069e-05
1.98744e-05
2.97917e-05
4.07092e-05
5.4082e-05
2.75098e-05
1.5047e-05
2.41648e-05
1.90827e-06
4.16785e-06
6.20046e-06
9.02161e-06
1.21776e-05
1.87054e-05
2.80984e-05
3.73398e-05
1.6157e-06
3.25679e-06
5.22015e-06
7.97392e-06
1.08669e-05
1.7408e-05
2.61803e-05
1.99451e-05
9.2536e-06
4.48259e-06
9.33683e-07
1.6321e-06
3.52929e-06
6.35168e-06
9.24726e-06
1.68164e-05
3.71776e-06
4.8693e-06
2.71334e-06
5.2635e-07
5.58842e-07
1.29271e-06
4.24315e-06
6.26289e-06
0.000135714
0.000116897
0.000102603
8.01582e-05
7.63062e-05
0.000125917
0.000191147
0.000260503
0.000330047
0.00039819
0.000474103
7.47459e-05
5.4544e-05
4.96039e-05
4.92326e-05
5.00891e-05
5.47239e-05
7.19854e-05
0.000108838
0.000156084
0.000201583
0.00024173
0.000281339
8.20238e-05
6.40423e-05
5.12974e-05
4.71228e-05
4.84834e-05
5.2373e-05
5.81242e-05
6.61565e-05
7.81229e-05
9.7265e-05
0.000123404
0.000154079
0.000189527
8.16429e-05
7.63802e-05
6.24189e-05
5.29757e-05
5.0651e-05
5.31667e-05
5.83612e-05
6.5208e-05
7.25827e-05
8.00856e-05
9.09331e-05
0.000108307
0.000133454
0.000166279
4.43634e-05
6.55312e-05
7.55223e-05
7.07567e-05
6.10567e-05
5.51864e-05
5.49665e-05
5.87892e-05
6.49035e-05
7.22648e-05
7.99181e-05
8.74434e-05
9.68111e-05
0.000111719
0.000134648
0.000165802
6.12764e-05
4.46149e-05
2.66266e-05
6.84594e-05
6.5575e-05
5.98471e-05
5.73095e-05
5.93274e-05
6.47115e-05
7.1938e-05
7.9911e-05
8.78515e-05
9.57303e-05
0.000105405
0.000120147
0.00014244
0.000172447
1.71377e-05
2.78642e-05
4.26649e-05
5.57836e-05
6.18522e-05
6.10831e-05
5.87542e-05
5.92659e-05
6.37035e-05
7.10926e-05
7.99325e-05
8.89076e-05
9.72034e-05
0.000105192
0.000115009
0.000129857
0.000151854
0.000180309
2.46337e-05
1.95269e-05
2.73092e-05
3.92567e-05
5.01262e-05
5.59626e-05
5.7115e-05
5.76732e-05
6.10538e-05
6.81597e-05
7.81142e-05
8.93013e-05
9.99549e-05
0.000108903
0.000116622
0.000125735
0.000139819
0.000160668
0.000186616
2.67962e-05
1.9913e-05
2.54083e-05
3.52793e-05
4.4726e-05
5.06455e-05
5.34759e-05
5.65392e-05
6.26849e-05
7.27237e-05
8.58535e-05
0.00010021
0.00011343
0.000123645
0.000131113
0.000138793
0.000150819
0.000169066
0.000191543
2.77218e-05
1.88815e-05
2.26931e-05
3.10938e-05
3.96797e-05
4.57711e-05
5.00518e-05
5.535e-05
6.41743e-05
7.73475e-05
9.41434e-05
0.000112453
0.000129157
0.000141703
0.000150107
0.000157369
0.00016771
0.00018304
0.000201347
2.69819e-05
1.94218e-05
1.67313e-05
2.70559e-05
3.49758e-05
4.12715e-05
4.6784e-05
5.41421e-05
6.55478e-05
8.19214e-05
0.000102692
0.000125395
0.000146305
0.000162727
0.000175182
0.000186698
0.00020055
0.000217327
0.00023303
1.59858e-05
2.32039e-05
1.30232e-05
2.60651e-05
3.06856e-05
3.7167e-05
4.37857e-05
5.29873e-05
6.68175e-05
8.63227e-05
0.000110995
0.000138077
0.000163518
0.000185547
0.000206352
0.000229213
0.000255172
0.000279975
0.000298721
2.5941e-05
8.37034e-06
1.32835e-05
1.99248e-05
2.69091e-05
3.35581e-05
4.11543e-05
5.19689e-05
6.79605e-05
9.03406e-05
0.000118584
0.000149545
0.000179426
0.000208292
0.000240317
0.00027848
0.000320914
0.000358082
0.000380238
4.81995e-06
6.56712e-06
1.116e-05
1.72332e-05
2.37877e-05
3.05747e-05
3.89796e-05
5.11311e-05
6.90252e-05
9.3887e-05
0.00012512
0.000159268
0.00019337
0.000229445
0.000272629
0.000324728
0.000381975
0.000432417
3.58209e-06
5.09393e-06
9.50327e-06
1.52307e-05
2.1443e-05
2.82837e-05
3.72919e-05
5.05088e-05
6.98747e-05
9.67183e-05
0.000130291
0.000167323
0.000205778
0.00024881
0.000301052
0.000363031
0.000431973
2.22882e-06
3.63271e-06
8.51913e-06
1.41357e-05
1.99206e-05
2.6619e-05
3.60367e-05
5.01092e-05
7.06942e-05
9.91085e-05
0.000134585
0.000174268
0.00021718
0.000266094
0.00032423
0.000392306
0.000547237
0.000324449
0.000231896
0.000207166
0.00020452
0.000208446
0.000212489
0.000214237
0.000214039
0.00021905
0.000243269
0.00029817
1.43459e-06
3.19205e-06
8.47642e-06
1.3823e-05
1.89479e-05
2.53777e-05
3.51285e-05
4.99032e-05
7.13351e-05
0.000100869
0.000138051
0.000180692
0.000227808
0.000280494
0.000340265
2.02096e-06
4.20292e-06
9.19467e-06
1.37136e-05
1.80904e-05
2.43699e-05
3.44875e-05
4.97488e-05
7.16379e-05
0.000101874
0.000140602
0.000186063
0.000235779
0.000287503
0.000625862
0.000376558
0.000284469
0.00025721
0.0002502
0.00024838
0.000245762
0.00024091
0.000234915
0.000233527
0.00070738
0.000444269
0.000351133
0.000317995
0.000302631
0.000291134
0.000278819
0.000265856
0.000254191
3.11596e-06
4.9314e-06
9.2755e-06
1.32112e-05
1.71674e-05
2.3536e-05
3.40415e-05
4.95146e-05
7.13988e-05
0.000101901
0.000141781
0.000188966
0.000237418
3.03276e-06
4.85508e-06
8.91193e-06
1.24126e-05
1.62365e-05
2.2856e-05
3.36518e-05
4.89921e-05
7.03822e-05
0.000100599
0.000140819
0.000187458
2.7195e-06
4.5595e-06
8.27146e-06
1.15549e-05
1.54131e-05
2.2283e-05
3.31825e-05
4.79999e-05
6.83749e-05
9.76484e-05
0.000137001
2.34354e-06
4.34239e-06
7.70615e-06
1.08412e-05
1.47022e-05
2.17139e-05
3.24993e-05
4.64e-05
6.52504e-05
9.28792e-05
2.11918e-06
4.35462e-06
7.29618e-06
1.02531e-05
1.402e-05
2.10513e-05
3.15066e-05
4.41204e-05
6.10175e-05
2.0426e-06
4.4655e-06
6.92788e-06
9.66759e-06
1.3238e-05
2.01859e-05
3.01487e-05
4.11579e-05
2.23763e-05
1.19744e-05
2.41715e-05
1.91884e-06
4.35321e-06
6.35618e-06
8.93605e-06
1.22322e-05
1.90574e-05
2.84177e-05
1.59681e-06
3.27073e-06
5.40845e-06
7.88984e-06
1.09333e-05
1.77811e-05
6.93202e-06
1.32141e-05
3.88194e-06
9.01016e-07
1.6549e-06
3.83613e-06
6.32145e-06
9.29917e-06
2.08339e-06
2.44745e-06
2.98111e-06
5.08349e-07
5.57092e-07
1.42924e-06
4.34981e-06
0.000130674
0.000114495
0.000104188
0.000100799
7.73077e-05
7.22486e-05
0.000115774
0.000180917
0.000249195
0.000319042
0.000388798
0.000466457
7.38562e-05
5.80311e-05
4.88478e-05
4.70406e-05
4.79415e-05
4.85329e-05
5.25094e-05
6.82021e-05
0.000102734
0.00014959
0.00019651
0.00023915
0.000282043
7.04068e-05
6.51525e-05
5.32728e-05
4.59064e-05
4.46168e-05
4.70161e-05
5.12249e-05
5.68739e-05
6.42832e-05
7.54872e-05
9.42811e-05
0.000121306
0.000153939
0.000192122
3.77751e-05
5.82451e-05
6.72701e-05
6.20224e-05
5.29152e-05
4.78585e-05
4.80555e-05
5.17283e-05
5.73554e-05
6.42921e-05
7.15771e-05
7.86472e-05
8.931e-05
0.000107399
0.000134225
0.00016949
2.23467e-05
4.02746e-05
5.6705e-05
6.29282e-05
5.90942e-05
5.30885e-05
5.05904e-05
5.24844e-05
5.74284e-05
6.40694e-05
7.1628e-05
7.92685e-05
8.65949e-05
9.59472e-05
0.000111549
0.000136099
0.0001695
5.31462e-05
4.02635e-05
2.53781e-05
1.41425e-05
5.82241e-05
5.62981e-05
5.32358e-05
5.32569e-05
5.70655e-05
6.35383e-05
7.13647e-05
7.96089e-05
8.75857e-05
9.54014e-05
0.000105208
0.000120742
0.000144631
0.000176725
2.46183e-05
1.7771e-05
2.62039e-05
3.83608e-05
4.88829e-05
5.36653e-05
5.36324e-05
5.3229e-05
5.57419e-05
6.17385e-05
7.02007e-05
7.97156e-05
8.90238e-05
9.73933e-05
0.000105377
0.000115467
0.000131284
0.000154977
0.000185306
2.51999e-05
1.92629e-05
2.53009e-05
3.53129e-05
4.44055e-05
4.93698e-05
5.10336e-05
5.30325e-05
5.80435e-05
6.65562e-05
7.76049e-05
8.95502e-05
0.000100615
0.000109667
0.000117396
0.000126849
0.000142056
0.000164668
0.000192276
2.68672e-05
1.89605e-05
2.3255e-05
3.17746e-05
4.00102e-05
4.52871e-05
4.84625e-05
5.26508e-05
6.01831e-05
7.15462e-05
8.58104e-05
0.000101045
0.000114778
0.000125163
0.000132644
0.000140628
0.000153757
0.000173725
0.000197766
2.67753e-05
1.74689e-05
2.04904e-05
2.80862e-05
3.57955e-05
4.13647e-05
4.59066e-05
5.21324e-05
6.21842e-05
7.66485e-05
9.46675e-05
0.000113972
0.000131335
0.000144248
0.000152885
0.000160576
0.000172074
0.000189192
0.000208987
1.73156e-05
2.44989e-05
1.47303e-05
2.59785e-05
3.1804e-05
3.76646e-05
4.34077e-05
5.15434e-05
6.40769e-05
8.17741e-05
0.000103823
0.000127643
0.000149408
0.000166683
0.000180199
0.000193099
0.000209062
0.000228522
0.000246012
1.43946e-05
1.03586e-05
2.12438e-05
6.14411e-06
2.81258e-05
3.42475e-05
4.10627e-05
5.09634e-05
6.58588e-05
8.66857e-05
0.000112746
0.000141009
0.000167558
0.000191268
0.000214686
0.000240896
0.000270878
0.000299527
0.000319211
5.67697e-06
7.34983e-06
1.2115e-05
1.83961e-05
2.48751e-05
3.12381e-05
3.9018e-05
5.04724e-05
6.75124e-05
9.12606e-05
0.000120914
0.000153055
0.000184349
0.000215871
0.000252151
0.000295565
0.000343767
0.000386303
4.28016e-06
5.86423e-06
1.02916e-05
1.60577e-05
2.21986e-05
2.87721e-05
3.73581e-05
5.0136e-05
6.90586e-05
9.53396e-05
0.000127956
0.000163291
0.000199191
0.00023878
0.000287423
0.000346262
0.000411617
3.17344e-06
4.53188e-06
8.83575e-06
1.43285e-05
2.02196e-05
2.69037e-05
3.61049e-05
4.99455e-05
7.04035e-05
9.87104e-05
0.000133742
0.000172068
0.000212681
0.000259972
0.000318546
0.000389058
1.78002e-06
3.21875e-06
8.04955e-06
1.34512e-05
1.89538e-05
2.55584e-05
3.52198e-05
4.99458e-05
7.16304e-05
0.000101558
0.000138581
0.000179986
0.000225725
0.000279514
0.000344704
0.000543356
0.000329447
0.000237981
0.00021332
0.000210677
0.00021468
0.000218887
0.000220872
0.000220967
0.00022732
0.000255315
1.32536e-06
3.07978e-06
8.26263e-06
1.3258e-05
1.81112e-05
2.45609e-05
3.46342e-05
5.00645e-05
7.26715e-05
0.000103836
0.000142847
0.000187708
0.000238273
0.000296339
2.35663e-06
4.38038e-06
8.96138e-06
1.3095e-05
1.73315e-05
2.37782e-05
3.42722e-05
5.02077e-05
7.33227e-05
0.000105382
0.000146391
0.000194775
0.000248435
0.000625811
0.000387045
0.000294745
0.000266587
0.000258675
0.000256034
0.000252814
0.000247779
0.000242003
0.000713284
0.000461586
0.000366281
0.000330638
0.000313017
0.000299533
0.000285838
0.00027247
3.01803e-06
4.8483e-06
9.00074e-06
1.25997e-05
1.65443e-05
2.31765e-05
3.40645e-05
5.01857e-05
7.33656e-05
0.000105941
0.000148677
0.000199398
2.851e-06
4.75343e-06
8.67417e-06
1.19166e-05
1.58115e-05
2.27124e-05
3.38474e-05
4.97924e-05
7.25502e-05
0.00010513
0.000148795
2.53019e-06
4.54571e-06
8.19521e-06
1.12545e-05
1.5186e-05
2.23129e-05
3.34801e-05
4.88448e-05
7.06582e-05
0.00010259
2.22586e-06
4.48843e-06
7.80534e-06
1.06985e-05
1.46193e-05
2.18651e-05
3.28343e-05
4.72096e-05
6.75578e-05
2.08819e-06
4.59282e-06
7.47443e-06
1.01817e-05
1.40213e-05
2.12747e-05
3.18254e-05
4.4835e-05
2.05079e-06
4.70106e-06
7.10343e-06
9.60195e-06
1.32809e-05
2.04493e-05
3.0408e-05
1.67774e-05
9.27258e-06
5.52783e-06
1.92115e-06
4.45554e-06
6.48352e-06
8.85668e-06
1.22943e-05
1.93429e-05
1.55831e-06
3.25314e-06
5.62081e-06
7.81698e-06
1.10085e-05
4.63019e-06
2.96686e-06
8.22509e-06
8.60985e-07
1.73238e-06
4.19825e-06
6.29478e-06
1.5047e-06
1.32891e-06
1.68319e-06
4.92295e-07
5.74987e-07
1.64531e-06
0.000121644
0.000111212
9.78496e-05
0.00010112
9.63763e-05
7.54735e-05
6.78106e-05
0.000108584
0.000171148
0.000238805
0.000309475
0.000380717
0.000461208
6.40418e-05
5.93741e-05
4.96601e-05
4.51102e-05
4.495e-05
4.66747e-05
4.73672e-05
5.06547e-05
6.41892e-05
9.74591e-05
0.000143848
0.000192437
0.000238269
0.000284595
3.08253e-05
5.10374e-05
5.91591e-05
5.37801e-05
4.58263e-05
4.19347e-05
4.26379e-05
4.58292e-05
5.02252e-05
5.56769e-05
6.23634e-05
7.29721e-05
9.14728e-05
0.0001197
0.000154537
0.000195838
1.74988e-05
3.49631e-05
5.10688e-05
5.63529e-05
5.19637e-05
4.61998e-05
4.41136e-05
4.60495e-05
5.05488e-05
5.64719e-05
6.34281e-05
7.05568e-05
7.71287e-05
8.77093e-05
0.000106707
0.000135524
0.000173501
1.05885e-05
2.1803e-05
3.66617e-05
4.93093e-05
5.3404e-05
5.06013e-05
4.72148e-05
4.70869e-05
5.0529e-05
5.63196e-05
6.33566e-05
7.10338e-05
7.85817e-05
8.5685e-05
9.50355e-05
0.0001115
0.000137966
0.000173841
4.64872e-05
3.63009e-05
2.4068e-05
1.5117e-05
5.82193e-06
5.02724e-05
4.92051e-05
4.81259e-05
5.00697e-05
5.52605e-05
6.25956e-05
7.08991e-05
7.93317e-05
8.7294e-05
9.50193e-05
0.000105006
0.000121497
0.000147226
0.000181574
2.49976e-05
1.76872e-05
2.44036e-05
3.45029e-05
4.31211e-05
4.70658e-05
4.76723e-05
4.87998e-05
5.29057e-05
6.01637e-05
6.95168e-05
7.95927e-05
8.91654e-05
9.75685e-05
0.000105548
0.000115987
0.000132982
0.000158594
0.000190872
2.5513e-05
1.84619e-05
2.32253e-05
3.17629e-05
3.95466e-05
4.38635e-05
4.60028e-05
4.92155e-05
5.55864e-05
6.52885e-05
7.72766e-05
8.98923e-05
0.000101313
0.000110453
0.000118209
0.000128119
0.000144691
0.000169277
0.000198535
2.61345e-05
1.76243e-05
2.10887e-05
2.86505e-05
3.59168e-05
4.06874e-05
4.42153e-05
4.94005e-05
5.81334e-05
7.06555e-05
8.59424e-05
0.000101977
0.0001162
0.000126772
0.000134297
0.00014269
0.000157171
0.000179064
0.000204652
2.57753e-05
1.56746e-05
1.83761e-05
2.54303e-05
3.23817e-05
3.75304e-05
4.23475e-05
4.94234e-05
6.05715e-05
7.62082e-05
9.5352e-05
0.000115601
0.000133644
0.000147012
0.000155943
0.000164173
0.000177159
0.000196398
0.000217655
1.54673e-05
1.24486e-05
2.23527e-05
2.59318e-05
2.89892e-05
3.44909e-05
4.04809e-05
4.93542e-05
6.29262e-05
8.18052e-05
0.000105105
0.000130004
0.000152721
0.000171075
0.000185861
0.000200403
0.000219083
0.000241837
0.000261165
1.31196e-05
8.25177e-06
2.59983e-05
1.95413e-05
2.58431e-05
3.16702e-05
3.87208e-05
4.92773e-05
6.51749e-05
8.72534e-05
0.000114615
0.000144032
0.000171885
0.000197692
0.000224153
0.000254175
0.000288902
0.00032221
4.98828e-06
6.56815e-06
1.11766e-05
1.70712e-05
2.30593e-05
2.91964e-05
3.71942e-05
4.92648e-05
6.7318e-05
9.23432e-05
0.000123299
0.000156614
0.000189612
0.000224344
0.000265452
0.000314737
0.000369743
3.8106e-06
5.34139e-06
9.613e-06
1.5037e-05
2.07903e-05
2.71963e-05
3.59924e-05
4.93664e-05
6.93001e-05
9.68937e-05
0.000130771
0.000167354
0.000205353
0.000249078
0.000303865
0.000370532
2.80517e-06
4.08745e-06
8.30599e-06
1.35617e-05
1.91469e-05
2.57072e-05
3.51334e-05
4.95933e-05
7.11199e-05
0.000100804
0.000137112
0.000176749
0.000219949
0.000272086
0.000337924
1.45217e-06
2.97122e-06
7.72629e-06
1.28802e-05
1.81029e-05
2.46514e-05
3.45881e-05
4.99594e-05
7.27473e-05
0.000104096
0.000142564
0.000185756
0.000234714
0.00029407
0.00054208
0.000336748
0.000245512
0.000220483
0.000217562
0.000221453
0.000225702
0.000227906
0.00022836
0.000236277
1.3547e-06
3.15484e-06
8.13782e-06
1.27423e-05
1.73699e-05
2.38854e-05
3.4295e-05
5.04071e-05
7.41829e-05
0.000106912
0.000147684
0.00019493
0.000249408
2.63194e-06
4.50071e-06
8.72527e-06
1.25198e-05
1.66846e-05
2.33212e-05
3.42062e-05
5.08298e-05
7.51992e-05
0.000109066
0.000152399
0.000203927
0.000629383
0.000400163
0.000306708
0.000277039
0.000267799
0.000264019
0.000260031
0.000254835
0.000722255
0.000481801
0.000383112
0.000344244
0.000323823
0.000307979
0.000292778
2.8614e-06
4.77116e-06
8.72811e-06
1.20568e-05
1.60461e-05
2.29309e-05
3.41933e-05
5.1014e-05
7.5559e-05
0.000110289
0.000156072
2.68083e-06
4.69204e-06
8.47027e-06
1.15106e-05
1.54956e-05
2.26519e-05
3.4117e-05
5.07488e-05
7.50021e-05
0.00011016
2.38092e-06
4.61182e-06
8.16189e-06
1.10209e-05
1.50297e-05
2.23836e-05
3.38205e-05
4.98511e-05
7.32959e-05
2.15477e-06
4.69219e-06
7.91211e-06
1.05837e-05
1.45734e-05
2.20178e-05
3.31799e-05
4.81877e-05
2.07424e-06
4.84558e-06
7.63156e-06
1.01148e-05
1.40353e-05
2.14667e-05
3.21236e-05
2.05848e-06
4.90258e-06
7.23439e-06
9.53371e-06
1.33245e-05
2.06526e-05
1.13375e-05
6.5626e-06
4.44563e-06
1.91698e-06
4.47007e-06
6.58195e-06
8.78586e-06
1.23529e-05
1.49981e-06
3.22733e-06
5.8543e-06
7.7396e-06
2.8898e-06
2.08428e-06
4.5041e-06
8.09804e-07
1.92532e-06
4.53417e-06
1.00997e-06
8.66386e-07
1.02951e-06
4.86656e-07
6.70101e-07
0.000103898
9.61313e-05
9.21313e-05
9.29981e-05
9.45398e-05
9.45331e-05
7.35323e-05
6.47306e-05
0.000100701
0.00016259
0.000229511
0.000301185
0.000374553
0.000457871
2.41462e-05
4.67302e-05
5.50555e-05
5.00264e-05
4.39404e-05
4.16411e-05
4.32878e-05
4.55251e-05
4.63394e-05
4.87571e-05
6.1101e-05
9.29175e-05
0.000138917
0.000189495
0.00023836
0.000289066
1.23475e-05
2.91447e-05
4.54864e-05
5.00179e-05
4.54114e-05
4.0334e-05
3.90109e-05
4.10566e-05
4.48089e-05
4.92839e-05
5.45109e-05
6.05147e-05
7.04443e-05
8.8896e-05
0.000118584
0.000156068
0.000200785
8.04133e-06
1.74716e-05
3.21896e-05
4.46108e-05
4.78054e-05
4.44873e-05
4.12103e-05
4.1227e-05
4.44413e-05
4.95504e-05
5.56741e-05
6.25878e-05
6.94297e-05
7.55411e-05
8.60881e-05
0.00010629
0.000137398
0.000178373
5.49197e-06
1.1846e-05
2.09111e-05
3.31703e-05
4.30761e-05
4.59162e-05
4.4083e-05
4.26729e-05
4.43312e-05
4.89513e-05
5.53935e-05
6.27221e-05
7.04426e-05
7.78476e-05
8.4681e-05
9.4081e-05
0.000111614
0.000140334
0.000178862
4.08512e-05
3.26516e-05
2.25136e-05
1.53997e-05
5.90661e-06
4.38318e-05
4.35387e-05
4.40479e-05
4.75071e-05
5.3795e-05
6.1823e-05
7.05034e-05
7.90614e-05
8.69634e-05
9.45811e-05
0.000104795
0.000122469
0.000150286
0.000187025
5.99263e-06
1.71606e-05
2.24411e-05
3.09591e-05
3.81831e-05
4.15437e-05
4.27606e-05
4.51759e-05
5.05895e-05
5.8889e-05
6.89904e-05
7.95454e-05
8.93232e-05
9.77369e-05
0.000105717
0.000116608
0.000135021
0.00016279
0.00019701
6.05586e-06
1.72362e-05
2.10804e-05
2.85492e-05
3.5292e-05
3.9144e-05
4.17619e-05
4.60381e-05
5.35642e-05
6.42848e-05
7.71012e-05
9.031e-05
0.00010206
0.000111287
0.000119102
0.000129605
0.000147832
0.000174573
0.000205382
2.57835e-05
1.59924e-05
1.89551e-05
2.58318e-05
3.22937e-05
3.66699e-05
4.05829e-05
4.66678e-05
5.64516e-05
7.0005e-05
8.62223e-05
0.000103007
0.00011773
0.000128526
0.000136121
0.000145053
0.000161175
0.000185167
0.000212218
2.58859e-05
1.36831e-05
1.6398e-05
2.30833e-05
2.93272e-05
3.41606e-05
3.92854e-05
4.71373e-05
5.92736e-05
7.59813e-05
9.61779e-05
0.000117354
0.000136152
0.000150076
0.000159348
0.00016827
0.000183184
0.000204936
0.000227538
1.40285e-05
9.75704e-06
2.5976e-05
2.04473e-05
2.64583e-05
3.16859e-05
3.79472e-05
4.75185e-05
6.20407e-05
8.20466e-05
0.000106518
0.000132505
0.000156341
0.000176029
0.000192276
0.000208831
0.000231085
0.000257837
7.30721e-06
1.20548e-05
5.71994e-06
1.8024e-05
2.37849e-05
2.93964e-05
3.66929e-05
4.78864e-05
6.47296e-05
8.79885e-05
0.000116579
0.000147187
0.000176623
0.000204972
0.000234902
0.000269317
0.000309843
4.39066e-06
5.96661e-06
1.04036e-05
1.58851e-05
2.14297e-05
2.74043e-05
3.56335e-05
4.83059e-05
6.73079e-05
9.35521e-05
0.000125718
0.000160273
0.000195338
0.000233866
0.000280384
0.000336389
3.44918e-06
4.95611e-06
9.03969e-06
1.41262e-05
1.95374e-05
2.58225e-05
3.48468e-05
4.8815e-05
6.9729e-05
9.85418e-05
0.000133595
0.000171451
0.000211978
0.000260487
0.000322195
2.48777e-06
3.70013e-06
7.87192e-06
1.2905e-05
1.82015e-05
2.4674e-05
3.4354e-05
4.94468e-05
7.19912e-05
0.000102931
0.00014038
0.000181447
0.000227712
0.000285362
1.30829e-06
2.84557e-06
7.50744e-06
1.2393e-05
1.73497e-05
2.3884e-05
3.41274e-05
5.01587e-05
7.40224e-05
0.00010669
0.000146521
0.000191567
0.000244227
0.000543198
0.000346321
0.000254548
0.000228666
0.000225152
0.0002287
0.000232857
0.000235274
0.000236158
1.48208e-06
3.3599e-06
8.02045e-06
1.22632e-05
1.67215e-05
2.33403e-05
3.41139e-05
5.09165e-05
7.58435e-05
0.000110051
0.000152546
0.000202461
2.71728e-06
4.53551e-06
8.48096e-06
1.20043e-05
1.61504e-05
2.29857e-05
3.42526e-05
5.16059e-05
7.72435e-05
0.000112894
0.000158596
0.000635693
0.000415914
0.000320291
0.000288499
0.000277467
0.000272199
0.0002673
0.000734837
0.000504577
0.000401462
0.000358645
0.000334874
0.000316293
2.72448e-06
4.71503e-06
8.47755e-06
1.16042e-05
1.56622e-05
2.2779e-05
3.4425e-05
5.1998e-05
7.79649e-05
0.000114929
2.53552e-06
4.70649e-06
8.31475e-06
1.11946e-05
1.52683e-05
2.26539e-05
3.44651e-05
5.18704e-05
7.77355e-05
2.28429e-06
4.76262e-06
8.15945e-06
1.084e-05
1.49267e-05
2.24838e-05
3.42158e-05
5.1035e-05
2.12079e-06
4.93632e-06
8.00642e-06
1.04891e-05
1.45507e-05
2.21671e-05
3.35601e-05
2.06986e-06
5.09116e-06
7.75017e-06
1.00476e-05
1.40531e-05
2.16248e-05
2.07207e-06
5.04938e-06
7.30572e-06
9.46788e-06
1.33583e-05
6.03812e-06
4.22877e-06
3.23941e-06
1.91028e-06
4.38049e-06
6.68286e-06
8.72151e-06
1.4062e-06
3.23668e-06
6.10803e-06
1.70927e-06
1.39694e-06
2.06168e-06
7.61818e-07
2.19141e-06
7.99595e-07
5.91472e-07
4.99814e-07
8.70451e-05
8.82999e-05
6.34689e-05
8.4911e-05
8.47487e-05
9.12314e-05
9.09392e-05
7.232e-05
6.09665e-05
9.46554e-05
0.000155001
0.000221466
0.000294467
0.000370157
0.000456869
9.0856e-06
6.61598e-06
2.37526e-05
4.2467e-05
4.71955e-05
4.30504e-05
3.91109e-05
3.92404e-05
4.17923e-05
4.44763e-05
4.52758e-05
4.71112e-05
5.80979e-05
8.90027e-05
0.000134838
0.000187582
0.000240308
0.000295518
5.60029e-06
1.26397e-05
2.71528e-05
3.9933e-05
4.24464e-05
3.89743e-05
3.62327e-05
3.66871e-05
3.97541e-05
4.3896e-05
4.84047e-05
5.33811e-05
5.86821e-05
6.7955e-05
8.6506e-05
0.000118229
0.000158538
0.00020703
4.40573e-06
9.09049e-06
1.69724e-05
2.92328e-05
3.89409e-05
4.09702e-05
3.87164e-05
3.73371e-05
3.89507e-05
4.31223e-05
4.86836e-05
5.49256e-05
6.17197e-05
6.82396e-05
7.38219e-05
8.44616e-05
0.000106174
0.000139924
0.000184156
5.88164e-06
1.25722e-05
1.96454e-05
2.98483e-05
3.77131e-05
3.98153e-05
3.88811e-05
3.90651e-05
4.21165e-05
4.76533e-05
5.45981e-05
6.21319e-05
6.98391e-05
7.70394e-05
8.35763e-05
9.30669e-05
0.000111957
0.000143266
0.000184583
3.59745e-05
2.92318e-05
2.07209e-05
1.51117e-05
2.52014e-05
3.84388e-05
3.88946e-05
4.07327e-05
4.5417e-05
5.25868e-05
6.11758e-05
7.01532e-05
7.87837e-05
8.65895e-05
9.40777e-05
0.0001046
0.000123715
0.000153893
0.000193079
2.55173e-05
1.61041e-05
2.03344e-05
2.76967e-05
3.38392e-05
3.68194e-05
3.86496e-05
4.21781e-05
4.86804e-05
5.78493e-05
6.85869e-05
7.95409e-05
8.9501e-05
9.79091e-05
0.000105906
0.000117372
0.0001375
0.000167631
0.000203689
2.57097e-05
1.57044e-05
1.89185e-05
2.56104e-05
3.15006e-05
3.50423e-05
3.8161e-05
4.33778e-05
5.18941e-05
6.34974e-05
7.70523e-05
9.08028e-05
0.000102879
0.000112208
0.000120112
0.000131391
0.000151585
0.0001806
0.000212783
2.58622e-05
1.41583e-05
1.68823e-05
2.32981e-05
2.90476e-05
3.31457e-05
3.74728e-05
4.43655e-05
5.50756e-05
6.95503e-05
8.66297e-05
0.000104149
0.000119419
0.000130484
0.000138168
0.000147802
0.000165887
0.000192128
0.000220446
2.59698e-05
1.13814e-05
1.47204e-05
2.09725e-05
2.65757e-05
3.11865e-05
3.66475e-05
4.52134e-05
5.82417e-05
7.5937e-05
9.71391e-05
0.000119263
0.000138935
0.000153527
0.000163152
0.000173006
0.000190463
0.000215199
8.06877e-06
1.28026e-05
2.60292e-05
1.87241e-05
2.41718e-05
2.92248e-05
3.57724e-05
4.59875e-05
6.13915e-05
8.24571e-05
0.000108057
0.000135194
0.000160378
0.000181663
0.000199556
0.0002187
0.000245698
5.02916e-06
6.59845e-06
1.11364e-05
1.66446e-05
2.19311e-05
2.7399e-05
3.49599e-05
4.67552e-05
6.44907e-05
8.88651e-05
0.000118633
0.000150531
0.000181897
0.000213251
0.000247075
0.000286712
3.92657e-06
5.50746e-06
9.73104e-06
1.48064e-05
1.99709e-05
2.58386e-05
3.43126e-05
4.75688e-05
6.74828e-05
9.48618e-05
0.000128175
0.000164081
0.000201652
0.000244573
0.00029712
3.19679e-06
4.6334e-06
8.5253e-06
1.33067e-05
1.84262e-05
2.46314e-05
3.39015e-05
4.84574e-05
7.03198e-05
0.000100262
0.000136379
0.000175641
0.000219195
0.00027315
2.14355e-06
3.37516e-06
7.52746e-06
1.23431e-05
1.73644e-05
2.37917e-05
3.3744e-05
4.94513e-05
7.29861e-05
0.000105055
0.000143528
0.000186237
0.000236049
1.25057e-06
2.78666e-06
7.37062e-06
1.19677e-05
1.6684e-05
2.3251e-05
3.38126e-05
5.05194e-05
7.54354e-05
0.000109312
0.000150359
0.000197425
0.000547219
0.000358258
0.000265088
0.000237857
0.000233391
0.000236323
0.00024025
0.000242881
1.72531e-06
3.54749e-06
7.89561e-06
1.18259e-05
1.61668e-05
2.29219e-05
3.40794e-05
5.15767e-05
7.76253e-05
0.000113215
0.00015747
2.66176e-06
4.52317e-06
8.2498e-06
1.15656e-05
1.57235e-05
2.27569e-05
3.44221e-05
5.25329e-05
7.94334e-05
0.000116828
0.000645114
0.000434128
0.000335426
0.000300863
0.000287532
0.000280419
0.000750331
0.000529641
0.00042109
0.000373647
0.00034595
2.60275e-06
4.71298e-06
8.27943e-06
1.12457e-05
1.53754e-05
2.2722e-05
3.47606e-05
5.31385e-05
8.05673e-05
2.42979e-06
4.7998e-06
8.2136e-06
1.09551e-05
1.51107e-05
2.27116e-05
3.48994e-05
5.3161e-05
2.23139e-06
4.98299e-06
8.16912e-06
1.06993e-05
1.48629e-05
2.26103e-05
3.46832e-05
2.10768e-06
5.19233e-06
8.0794e-06
1.04063e-05
1.45423e-05
2.23154e-05
2.07799e-06
5.31463e-06
7.81537e-06
9.98058e-06
1.40662e-05
2.09671e-06
5.1165e-06
7.33782e-06
9.40545e-06
2.76327e-06
2.09094e-06
2.226e-06
1.87287e-06
4.22174e-06
6.80341e-06
1.28538e-06
3.29794e-06
7.43114e-07
9.71527e-07
7.3953e-07
8.16373e-07
7.77746e-05
7.63375e-05
5.94436e-05
8.01776e-06
7.54206e-05
8.00157e-05
8.65921e-05
8.79876e-05
7.06644e-05
5.82565e-05
8.87489e-05
0.000148472
0.000214716
0.000289246
0.000367929
0.000457746
2.78568e-06
2.84846e-06
7.00169e-06
2.26451e-05
3.74076e-05
4.02234e-05
3.72338e-05
3.56332e-05
3.70552e-05
4.05292e-05
4.3443e-05
4.42825e-05
4.5472e-05
5.54065e-05
8.55933e-05
0.000131565
0.00018714
0.000243841
0.000304071
3.31942e-06
6.54027e-06
1.23957e-05
2.46982e-05
3.47905e-05
3.62978e-05
3.39916e-05
3.30078e-05
3.48524e-05
3.86491e-05
4.30742e-05
4.75527e-05
5.22159e-05
5.68691e-05
6.54288e-05
8.44138e-05
0.000118322
0.000162035
0.000214612
5.25374e-06
9.60373e-06
1.5957e-05
2.63207e-05
3.39693e-05
3.53645e-05
3.41145e-05
3.42741e-05
3.71146e-05
4.20177e-05
4.79073e-05
5.41945e-05
6.08272e-05
6.69506e-05
7.19722e-05
8.28341e-05
0.000106429
0.000143175
0.000190879
5.93802e-06
1.25261e-05
1.80926e-05
2.6678e-05
3.30286e-05
3.47107e-05
3.46468e-05
3.61522e-05
4.03117e-05
4.6565e-05
5.38958e-05
6.15648e-05
6.92017e-05
7.61503e-05
8.23431e-05
9.19958e-05
0.000112581
0.000146792
0.000190998
3.16624e-05
2.60491e-05
1.87287e-05
1.42498e-05
2.53814e-05
3.38448e-05
3.50422e-05
3.80119e-05
4.36933e-05
5.1578e-05
6.06231e-05
6.98308e-05
7.84947e-05
8.61668e-05
9.35142e-05
0.000104449
0.000125314
0.000158128
0.000199701
2.56362e-05
1.46559e-05
1.81591e-05
2.4687e-05
2.99683e-05
3.2742e-05
3.5192e-05
3.96847e-05
4.70978e-05
5.69969e-05
6.8278e-05
7.95883e-05
8.97081e-05
9.81046e-05
0.000106135
0.000118346
0.000140516
0.000173162
0.000210835
2.57945e-05
1.38845e-05
1.67773e-05
2.29403e-05
2.80966e-05
3.14746e-05
3.5102e-05
4.11467e-05
5.0513e-05
6.28854e-05
7.70986e-05
9.13795e-05
0.000103803
0.000113256
0.000121288
0.000133562
0.000156058
0.000187387
0.000220662
2.592e-05
1.19793e-05
1.5034e-05
2.10049e-05
2.61258e-05
3.00689e-05
3.4813e-05
4.24289e-05
5.39556e-05
6.926e-05
8.71619e-05
0.00010543
0.000121328
0.000132711
0.000140481
0.00015103
0.000171447
0.000200024
6.16091e-06
8.79338e-06
1.33149e-05
1.90535e-05
2.41027e-05
2.85735e-05
3.43887e-05
4.36018e-05
5.74386e-05
7.60512e-05
9.82352e-05
0.000121374
0.000142084
0.000157435
0.00016741
0.000178592
0.000199443
5.63567e-06
7.20603e-06
1.17187e-05
1.71495e-05
2.2118e-05
2.70682e-05
3.39117e-05
4.47248e-05
6.09491e-05
8.30165e-05
0.000109729
0.000138137
0.000164947
0.000188077
0.000207826
0.000230425
4.4562e-06
6.01888e-06
1.03181e-05
1.53845e-05
2.02732e-05
2.56655e-05
3.34875e-05
4.5855e-05
6.44415e-05
8.98602e-05
0.00012079
0.000154136
0.000187836
0.000222638
0.000260824
3.58993e-06
5.13097e-06
9.12164e-06
1.38256e-05
1.86755e-05
2.44839e-05
3.32081e-05
4.70326e-05
6.78164e-05
9.62557e-05
0.000130671
0.000168114
0.000208681
0.00025656
2.98594e-06
4.33147e-06
8.05253e-06
1.25835e-05
1.7446e-05
2.36082e-05
3.31408e-05
4.82973e-05
7.10414e-05
0.000102007
0.000139121
0.000180006
0.000227108
1.8577e-06
3.10082e-06
7.27663e-06
1.18539e-05
1.66243e-05
2.3045e-05
3.32971e-05
4.96276e-05
7.40802e-05
0.000107135
0.000146615
0.000191152
1.22009e-06
2.78696e-06
7.29291e-06
1.15881e-05
1.61017e-05
2.27396e-05
3.36619e-05
5.10322e-05
7.69349e-05
0.000111875
0.000154072
0.000553916
0.000372465
0.000277126
0.000248007
0.000242175
0.000244191
0.000247752
1.93395e-06
3.69354e-06
7.77426e-06
1.14404e-05
1.5706e-05
2.26207e-05
3.41671e-05
5.23918e-05
7.95075e-05
0.000116398
2.56837e-06
4.52028e-06
8.05524e-06
1.12115e-05
1.53923e-05
2.26355e-05
3.47168e-05
5.36066e-05
8.1743e-05
0.000657167
0.000454681
0.00035196
0.000313973
0.000297806
0.000768619
0.000556591
0.000441777
0.000389008
2.50496e-06
4.7789e-06
8.13457e-06
1.09715e-05
1.51694e-05
2.27384e-05
3.52041e-05
5.44337e-05
2.37296e-06
4.98529e-06
8.15874e-06
1.0775e-05
1.50074e-05
2.28228e-05
3.54303e-05
2.21611e-06
5.23808e-06
8.18045e-06
1.05873e-05
1.48275e-05
2.27666e-05
2.10573e-06
5.44035e-06
8.12035e-06
1.03302e-05
1.45415e-05
2.09676e-06
5.48593e-06
7.83091e-06
9.91342e-06
2.12386e-06
5.11499e-06
7.35216e-06
8.88435e-07
1.3958e-06
1.78775e-06
4.06098e-06
1.14914e-06
7.40954e-07
6.73506e-05
6.82438e-05
5.28184e-05
3.26085e-05
3.12469e-06
6.96163e-05
7.4391e-05
8.31477e-05
8.46862e-05
6.90092e-05
5.51461e-05
8.37807e-05
0.000142869
0.000209212
0.000285686
0.000367464
0.000461183
1.30046e-06
2.20764e-06
3.5171e-06
7.16008e-06
2.06504e-05
3.25087e-05
3.45208e-05
3.28097e-05
3.27007e-05
3.53786e-05
3.93644e-05
4.24844e-05
4.32824e-05
4.38718e-05
5.28897e-05
8.27558e-05
0.000129266
0.000187708
0.000249108
0.000314664
4.15837e-06
6.97348e-06
1.16682e-05
2.21851e-05
3.02169e-05
3.12245e-05
3.00172e-05
3.04741e-05
3.33444e-05
3.77003e-05
4.23083e-05
4.66986e-05
5.10559e-05
5.49228e-05
6.29271e-05
8.26108e-05
0.000119219
0.000166628
0.000223567
5.70393e-06
9.5873e-06
1.46909e-05
2.35029e-05
2.95912e-05
3.06922e-05
3.03992e-05
3.18141e-05
3.56159e-05
4.10718e-05
4.71912e-05
5.34682e-05
5.98738e-05
6.55586e-05
6.99398e-05
8.1296e-05
0.000107145
0.000147199
0.000198542
5.97437e-06
1.19772e-05
1.63176e-05
2.37027e-05
2.88745e-05
3.03913e-05
3.11709e-05
3.37823e-05
3.88218e-05
4.56364e-05
5.32589e-05
6.1e-05
6.85246e-05
7.51607e-05
8.09786e-05
9.08933e-05
0.000113563
0.000150943
0.000198072
2.78233e-05
2.3099e-05
1.6654e-05
1.29194e-05
2.5498e-05
2.99158e-05
3.18388e-05
3.5767e-05
4.22606e-05
5.0725e-05
6.01392e-05
6.95277e-05
7.81915e-05
8.57007e-05
9.28917e-05
0.000104393
0.00012736
0.000163015
0.000206825
6.08927e-06
1.2803e-05
1.60118e-05
2.19447e-05
2.65121e-05
2.92316e-05
3.22858e-05
3.76072e-05
4.57792e-05
5.6295e-05
6.80489e-05
7.96845e-05
8.99651e-05
9.83472e-05
0.000106435
0.000119605
0.000144184
0.0001794
0.000218302
6.12284e-06
1.16637e-05
1.48576e-05
2.05116e-05
2.50629e-05
2.8388e-05
3.2511e-05
3.92764e-05
4.93716e-05
6.24215e-05
7.72497e-05
9.20601e-05
0.000104879
0.000114478
0.000122674
0.000136224
0.00016134
0.000194921
2.59407e-05
9.18753e-06
1.34716e-05
1.89275e-05
2.35122e-05
2.73969e-05
3.25501e-05
4.08051e-05
5.30548e-05
6.91417e-05
8.78153e-05
0.000106893
0.000123534
0.000135261
0.000143102
0.000154858
0.000178014
6.0332e-06
7.69921e-06
1.20694e-05
1.73052e-05
2.19006e-05
2.63075e-05
3.24647e-05
4.22624e-05
5.6837e-05
7.63134e-05
9.94784e-05
0.000123754
0.000145695
0.000161854
0.000172186
0.000185377
4.93143e-06
6.48896e-06
1.07419e-05
1.57156e-05
2.02926e-05
2.51902e-05
3.23317e-05
4.36989e-05
6.06889e-05
8.37136e-05
0.000111555
0.00014141
0.000170159
0.000195341
0.000217257
3.99243e-06
5.52059e-06
9.57731e-06
1.42416e-05
1.88074e-05
2.41577e-05
3.22501e-05
4.51638e-05
6.45449e-05
9.09665e-05
0.000123069
0.000158087
0.00019455
0.000233187
3.32841e-06
4.79717e-06
8.56331e-06
1.2948e-05
1.75357e-05
2.33138e-05
3.23037e-05
4.66779e-05
6.82939e-05
9.77136e-05
0.000133222
0.000172451
0.000216517
2.7751e-06
4.04949e-06
7.6471e-06
1.19611e-05
1.65862e-05
2.27367e-05
3.25546e-05
4.82889e-05
7.18747e-05
0.000103757
0.00014185
0.000184615
1.60887e-06
2.92438e-06
7.10644e-06
1.14279e-05
1.59735e-05
2.24302e-05
3.30041e-05
4.99624e-05
7.52718e-05
0.000109199
0.000149628
1.21506e-06
2.84402e-06
7.25889e-06
1.12468e-05
1.56018e-05
2.23492e-05
3.36486e-05
5.16839e-05
7.85064e-05
0.000114365
0.000563057
0.000388895
0.000290583
0.000259007
0.000251354
0.000252129
2.04035e-06
3.81848e-06
7.67317e-06
1.11135e-05
1.5337e-05
2.24228e-05
3.43936e-05
5.3352e-05
8.1481e-05
2.48206e-06
4.56044e-06
7.92089e-06
1.09352e-05
1.51462e-05
2.26151e-05
3.51363e-05
5.48227e-05
0.000671746
0.000477275
0.000369727
0.000327631
0.000789395
0.000585065
0.000463233
2.44914e-06
4.91702e-06
8.0414e-06
1.07654e-05
1.50304e-05
2.28309e-05
3.57624e-05
2.37188e-06
5.22484e-06
8.13549e-06
1.0637e-05
1.4948e-05
2.29906e-05
2.22144e-06
5.49776e-06
8.18451e-06
1.04948e-05
1.48184e-05
2.11496e-06
5.65364e-06
8.12501e-06
1.02566e-05
2.12362e-06
5.58841e-06
7.81275e-06
2.13239e-06
5.04573e-06
8.5669e-07
1.66362e-06
5.89235e-05
4.68073e-05
6.12973e-05
3.1186e-05
3.58156e-06
1.83915e-06
6.35458e-05
7.03382e-05
7.93048e-05
8.16562e-05
6.72234e-05
5.25008e-05
7.92694e-05
0.000138191
0.000205119
0.000283855
0.000369032
0.000466575
1.30893e-06
2.90778e-06
3.96186e-06
6.97437e-06
1.82749e-05
2.81757e-05
2.97705e-05
2.92054e-05
3.04428e-05
3.38848e-05
3.83374e-05
4.1554e-05
4.22607e-05
4.23505e-05
5.05335e-05
8.0572e-05
0.000128025
0.000189788
0.000256138
0.000327325
4.62681e-06
7.00741e-06
1.0736e-05
1.97252e-05
2.6181e-05
2.70419e-05
2.68395e-05
2.84346e-05
3.21068e-05
3.68627e-05
4.15745e-05
4.58456e-05
4.98106e-05
5.29206e-05
6.04051e-05
8.1236e-05
0.000120907
0.000172394
0.000233876
5.8456e-06
9.27939e-06
1.32805e-05
2.08395e-05
2.57156e-05
2.67789e-05
2.73822e-05
2.98274e-05
3.43733e-05
4.02458e-05
4.65152e-05
5.27221e-05
5.88637e-05
6.40239e-05
6.77338e-05
7.98524e-05
0.000108385
0.00015205
0.000207108
5.99869e-06
1.0754e-05
1.45152e-05
2.09203e-05
2.51887e-05
2.67414e-05
2.83176e-05
3.18422e-05
3.758e-05
4.48295e-05
5.26647e-05
6.04293e-05
6.77971e-05
7.40654e-05
7.94735e-05
8.98239e-05
0.000114984
0.000155789
0.000205721
2.03914e-05
2.44169e-05
1.46764e-05
1.10739e-05
6.0589e-06
2.6576e-05
2.91801e-05
3.39103e-05
4.10609e-05
4.99949e-05
5.9709e-05
6.9238e-05
7.78829e-05
8.51955e-05
9.22243e-05
0.000104469
0.000129949
0.000168561
0.000214367
6.10283e-06
1.04112e-05
1.41204e-05
1.94527e-05
2.34557e-05
2.62338e-05
2.98528e-05
3.58748e-05
4.46793e-05
5.57182e-05
6.78904e-05
7.98419e-05
9.02981e-05
9.86622e-05
0.000106833
0.000121251
0.000148588
0.000186323
2.58801e-05
9.14199e-06
1.31975e-05
1.83136e-05
2.23833e-05
2.57427e-05
3.03275e-05
3.7712e-05
4.84343e-05
6.20905e-05
7.74994e-05
9.2876e-05
0.000106161
0.000115917
0.000124321
0.000139492
0.000167518
6.11911e-06
7.94858e-06
1.20909e-05
1.70481e-05
2.12025e-05
2.51024e-05
3.06359e-05
3.94523e-05
5.23479e-05
6.91314e-05
8.86077e-05
0.000108595
0.000126113
0.000138175
0.000146071
0.000159457
5.25431e-06
6.84431e-06
1.09483e-05
1.57283e-05
1.99592e-05
2.43577e-05
3.08368e-05
4.11622e-05
5.64137e-05
7.67168e-05
0.000100897
0.000126475
0.000149855
0.00016681
0.000177595
4.32009e-06
5.85304e-06
9.8617e-06
1.44268e-05
1.86969e-05
2.35763e-05
3.10027e-05
4.2887e-05
6.06081e-05
8.45407e-05
0.000113565
0.000145101
0.000176103
0.000203493
3.60204e-06
5.08066e-06
8.90856e-06
1.32233e-05
1.75241e-05
2.28641e-05
3.12268e-05
4.46611e-05
6.47997e-05
9.21794e-05
0.000125502
0.000162466
0.000202107
3.09772e-06
4.49633e-06
8.06558e-06
1.21794e-05
1.65404e-05
2.23168e-05
3.15848e-05
4.6519e-05
6.88966e-05
9.92274e-05
0.00013586
0.00017717
2.56812e-06
3.8036e-06
7.33215e-06
1.14282e-05
1.58339e-05
2.20086e-05
3.21341e-05
4.84429e-05
7.28111e-05
0.000105511
0.000144591
1.41642e-06
2.87171e-06
7.01385e-06
1.10562e-05
1.54083e-05
2.19429e-05
3.28873e-05
5.04461e-05
7.65462e-05
0.000111219
1.2356e-06
2.99482e-06
7.24946e-06
1.09438e-05
1.51822e-05
2.20758e-05
3.37783e-05
5.24802e-05
8.01314e-05
0.000574614
0.000407347
0.000305343
0.000270701
0.00026073
2.06558e-06
3.94802e-06
7.60227e-06
1.08466e-05
1.50506e-05
2.23505e-05
3.47576e-05
5.44503e-05
2.43153e-06
4.66677e-06
7.84183e-06
1.07244e-05
1.49765e-05
2.26812e-05
3.5684e-05
0.000688692
0.000501665
0.000388471
0.000812397
0.000614667
2.44565e-06
5.10675e-06
7.98695e-06
1.0612e-05
1.49478e-05
2.30038e-05
2.39875e-06
5.4758e-06
8.11711e-06
1.05287e-05
1.49328e-05
2.24205e-06
5.7292e-06
8.1751e-06
1.04139e-05
2.13144e-06
5.80874e-06
8.09877e-06
2.17241e-06
5.61581e-06
2.12598e-06
4.14903e-05
5.17753e-05
3.07161e-05
5.50193e-05
3.89396e-06
2.44952e-06
1.92878e-06
5.90516e-05
6.60946e-05
7.60179e-05
7.87091e-05
6.53137e-05
4.97908e-05
7.53751e-05
0.000134505
0.000202304
0.000283591
0.000372645
0.00047414
3.36031e-06
4.21571e-06
6.56701e-06
1.55005e-05
2.43918e-05
2.59235e-05
2.63555e-05
2.85319e-05
3.26555e-05
3.73865e-05
4.06311e-05
4.12482e-05
4.08184e-05
4.83971e-05
7.89997e-05
0.000127865
0.000193204
0.000264973
0.00034194
4.81322e-06
6.84984e-06
9.72615e-06
1.74587e-05
2.26517e-05
2.35838e-05
2.42805e-05
2.67964e-05
3.1064e-05
3.61097e-05
4.08635e-05
4.49545e-05
4.85217e-05
5.08137e-05
5.79594e-05
8.0505e-05
0.000123536
0.000179347
0.000245468
5.80502e-06
8.62906e-06
1.18498e-05
1.83304e-05
2.23097e-05
2.35203e-05
2.49372e-05
2.82109e-05
3.33327e-05
3.95092e-05
4.58575e-05
5.19531e-05
5.77736e-05
6.23436e-05
6.53258e-05
7.85081e-05
0.000110215
0.000157762
0.000216489
6.01128e-06
9.34551e-06
1.2788e-05
1.83523e-05
2.19512e-05
2.36869e-05
2.59803e-05
3.02496e-05
3.65346e-05
4.41169e-05
5.20989e-05
5.98431e-05
6.70192e-05
7.28501e-05
7.78436e-05
8.88297e-05
0.000116958
0.000161335
0.000213816
1.28782e-05
1.79297e-05
2.14382e-05
9.2494e-06
6.06967e-06
2.37675e-05
2.69828e-05
3.23724e-05
4.00526e-05
4.93635e-05
5.93212e-05
6.89675e-05
7.75794e-05
8.46612e-05
9.15184e-05
0.000104774
0.000133159
0.000174736
6.10924e-06
8.67162e-06
1.24378e-05
1.72149e-05
2.07932e-05
2.37032e-05
2.78261e-05
3.44327e-05
4.37619e-05
5.52471e-05
6.78085e-05
8.00786e-05
9.07417e-05
9.90725e-05
0.000107372
0.000123398
0.000153835
5.92173e-06
7.8784e-06
1.17302e-05
1.63522e-05
2.00542e-05
2.3501e-05
2.8498e-05
3.64097e-05
4.76728e-05
6.18661e-05
7.78604e-05
9.38715e-05
0.000107707
0.000117611
0.000126286
0.000143505
5.29151e-06
6.98359e-06
1.08602e-05
1.53736e-05
1.92007e-05
2.3151e-05
2.9027e-05
3.83363e-05
5.18053e-05
6.92602e-05
8.9564e-05
0.000110603
0.000129136
0.000141476
0.000149439
4.52054e-06
6.08576e-06
9.94879e-06
1.43335e-05
1.82709e-05
2.26943e-05
2.9471e-05
4.02762e-05
5.61512e-05
7.72598e-05
0.000102525
0.00012962
0.000154638
0.000172314
3.79603e-06
5.2889e-06
9.08005e-06
1.32918e-05
1.73111e-05
2.21979e-05
2.99001e-05
4.22706e-05
6.06631e-05
8.55022e-05
0.000115803
0.00014929
0.000182838
3.2655e-06
4.69445e-06
8.32003e-06
1.23332e-05
1.64143e-05
2.17629e-05
3.04005e-05
4.43373e-05
6.51982e-05
9.34985e-05
0.000128128
0.000167343
2.88729e-06
4.23817e-06
7.64462e-06
1.15169e-05
1.5676e-05
2.14805e-05
3.10449e-05
4.65099e-05
6.96177e-05
0.000100801
0.000138623
2.38331e-06
3.60725e-06
7.11071e-06
1.09678e-05
1.51801e-05
2.14202e-05
3.18801e-05
4.87615e-05
7.3845e-05
0.00010727
1.31232e-06
2.9344e-06
6.97911e-06
1.07295e-05
1.49266e-05
2.15843e-05
3.2909e-05
5.10832e-05
7.78937e-05
1.28189e-06
3.18627e-06
7.25287e-06
1.0682e-05
1.4845e-05
2.1928e-05
3.40628e-05
5.34233e-05
0.000588349
0.000427654
0.000321212
0.000282893
2.06617e-06
4.08414e-06
7.5635e-06
1.06373e-05
1.48408e-05
2.23753e-05
3.52652e-05
2.42541e-06
4.82037e-06
7.80495e-06
1.05648e-05
1.48704e-05
2.28459e-05
0.00070783
0.00052744
0.00083736
2.4701e-06
5.31642e-06
7.95949e-06
1.04949e-05
1.49252e-05
2.45227e-06
5.69733e-06
8.09578e-06
1.04413e-05
2.27232e-06
5.90649e-06
8.14502e-06
2.1614e-06
5.89592e-06
2.23174e-06
3.05587e-05
3.67838e-05
4.58124e-05
4.05013e-06
5.00814e-05
2.93828e-06
2.66616e-06
5.47615e-05
6.2638e-05
7.27568e-05
7.5782e-05
6.335e-05
4.72793e-05
7.20425e-05
0.000131726
0.00020119
0.000284951
0.000378259
0.00048369
3.62423e-06
4.31968e-06
6.05211e-06
1.32591e-05
2.11882e-05
2.27581e-05
2.40293e-05
2.6999e-05
3.1566e-05
3.65048e-05
3.97291e-05
4.018e-05
3.9318e-05
4.64596e-05
7.80695e-05
0.000128774
0.000198164
0.000275569
0.000358364
4.81978e-06
6.46571e-06
8.7105e-06
1.534e-05
1.9605e-05
2.07491e-05
2.2228e-05
2.54607e-05
3.01823e-05
3.54192e-05
4.0152e-05
4.40373e-05
4.71553e-05
4.86663e-05
5.56821e-05
8.0388e-05
0.000127103
0.00018751
0.000258234
5.57645e-06
7.86819e-06
1.04376e-05
1.60172e-05
1.93631e-05
2.08376e-05
2.29576e-05
2.68922e-05
3.24494e-05
3.88384e-05
4.52095e-05
5.11473e-05
5.66092e-05
6.04712e-05
6.27345e-05
7.74068e-05
0.000112749
0.000164333
0.000226559
5.78219e-06
8.25723e-06
1.11672e-05
1.60224e-05
1.9163e-05
2.11608e-05
2.4073e-05
2.89393e-05
3.56492e-05
4.3477e-05
5.155e-05
5.92421e-05
6.6189e-05
7.15113e-05
7.60801e-05
8.80113e-05
0.000119602
0.000167559
8.01118e-06
1.12545e-05
1.5736e-05
1.88852e-05
5.66752e-06
2.14359e-05
2.51755e-05
3.11001e-05
3.92016e-05
4.88122e-05
5.89707e-05
6.87242e-05
7.73005e-05
8.41008e-05
9.07846e-05
0.000105399
0.000136985
5.42652e-06
7.49776e-06
1.09542e-05
1.52445e-05
1.85204e-05
2.15927e-05
2.6148e-05
3.32367e-05
4.29991e-05
5.48675e-05
6.77902e-05
8.04259e-05
9.13336e-05
9.96041e-05
0.000108094
0.00012621
5.02594e-06
6.8566e-06
1.04438e-05
1.46379e-05
1.80677e-05
2.16207e-05
2.69746e-05
3.5334e-05
4.70619e-05
6.17699e-05
7.83496e-05
9.50989e-05
0.000109578
0.000119593
0.000128639
4.48152e-06
6.13474e-06
9.78195e-06
1.39112e-05
1.74907e-05
2.15044e-05
2.76853e-05
3.74281e-05
5.14152e-05
6.95177e-05
9.07183e-05
0.000112988
0.000132666
0.000145149
3.89254e-06
5.41568e-06
9.07931e-06
1.31239e-05
1.68246e-05
2.12853e-05
2.83392e-05
3.95837e-05
5.60539e-05
7.79452e-05
0.000104408
0.000133272
0.000160092
3.3515e-06
4.80098e-06
8.40689e-06
1.23116e-05
1.61133e-05
2.10308e-05
2.90045e-05
4.18339e-05
6.08705e-05
8.66092e-05
0.000118313
0.000154051
2.97472e-06
4.36962e-06
7.82147e-06
1.15673e-05
1.54523e-05
2.08395e-05
2.97626e-05
4.42076e-05
6.5729e-05
9.49345e-05
0.000130991
2.70511e-06
4.02729e-06
7.31223e-06
1.09496e-05
1.49294e-05
2.07985e-05
3.06765e-05
4.66721e-05
7.04574e-05
0.000102443
2.2007e-06
3.49946e-06
6.97071e-06
1.05679e-05
1.46211e-05
2.09714e-05
3.18091e-05
4.92408e-05
7.49753e-05
1.29668e-06
3.07451e-06
6.98049e-06
1.04435e-05
1.4529e-05
2.13531e-05
3.31002e-05
5.18761e-05
1.35876e-06
3.376e-06
7.26624e-06
1.04663e-05
1.45875e-05
2.19053e-05
3.45033e-05
0.00060408
0.000449532
0.000337982
2.06213e-06
4.20923e-06
7.56098e-06
1.04771e-05
1.4701e-05
2.25125e-05
2.44333e-06
4.98793e-06
7.79582e-06
1.04426e-05
1.48347e-05
0.000729074
2.51791e-06
5.50947e-06
7.93889e-06
1.04043e-05
2.51116e-06
5.86698e-06
8.06084e-06
2.3034e-06
6.01446e-06
2.23271e-06
6.82172e-06
4.02333e-06
3.29895e-05
4.07522e-05
3.19936e-06
4.5748e-05
3.21323e-06
5.12493e-05
5.92581e-05
6.97045e-05
7.29443e-05
6.12708e-05
4.48111e-05
6.92845e-05
0.000129961
0.000201122
0.000288142
0.000385783
0.000495119
3.75687e-06
4.27791e-06
5.51541e-06
1.16985e-05
1.84939e-05
2.01741e-05
2.21596e-05
2.57099e-05
3.06285e-05
3.56759e-05
3.88154e-05
3.9088e-05
3.778e-05
4.47898e-05
7.77179e-05
0.000130883
0.0002047
0.00028788
0.000376407
4.71055e-06
5.98469e-06
7.68198e-06
1.34134e-05
1.70112e-05
1.84478e-05
2.05778e-05
2.43751e-05
2.94227e-05
3.47721e-05
3.94404e-05
4.30722e-05
4.57491e-05
4.65133e-05
5.37026e-05
8.09381e-05
0.000131753
0.000196822
0.000272021
5.17589e-06
7.05913e-06
9.08676e-06
1.39399e-05
1.68706e-05
1.86538e-05
2.13598e-05
2.58122e-05
3.16939e-05
3.82179e-05
4.45582e-05
5.03033e-05
5.53594e-05
5.83771e-05
6.00469e-05
7.67083e-05
0.000116033
0.000171742
5.07282e-06
7.23075e-06
9.68525e-06
1.39669e-05
1.68167e-05
1.9097e-05
2.25232e-05
2.78629e-05
3.48939e-05
4.28933e-05
5.10119e-05
5.86268e-05
6.53139e-05
7.00438e-05
7.41869e-05
8.74831e-05
0.000123091
4.78201e-06
6.92334e-06
9.83029e-06
1.38328e-05
1.67481e-05
1.95236e-05
2.36984e-05
3.00509e-05
3.8481e-05
4.83275e-05
5.86573e-05
6.8526e-05
7.70645e-05
8.35174e-05
9.00178e-05
0.000106455
4.5222e-06
6.48597e-06
9.67781e-06
1.35561e-05
1.66205e-05
1.98506e-05
2.47672e-05
3.22505e-05
4.23685e-05
5.45729e-05
6.78623e-05
8.09191e-05
9.21154e-05
0.000100273
0.000109079
4.21903e-06
5.96944e-06
9.34405e-06
1.31762e-05
1.64016e-05
2.00566e-05
2.57158e-05
3.44551e-05
4.65886e-05
6.17621e-05
7.8998e-05
9.66203e-05
0.000111833
0.000121884
3.80704e-06
5.39832e-06
8.86545e-06
1.26678e-05
1.60475e-05
2.01247e-05
2.65791e-05
3.67068e-05
5.11646e-05
6.99138e-05
9.21117e-05
0.000115829
0.000136744
3.36555e-06
4.84643e-06
8.35093e-06
1.20926e-05
1.55929e-05
2.01014e-05
2.74192e-05
3.90703e-05
5.60831e-05
7.8789e-05
0.000106599
0.000137513
2.97828e-06
4.40267e-06
7.84757e-06
1.14799e-05
1.50887e-05
2.00556e-05
2.8303e-05
4.15721e-05
6.12235e-05
8.78735e-05
0.000121144
2.73048e-06
4.11177e-06
7.41815e-06
1.09133e-05
1.46274e-05
2.00845e-05
2.93105e-05
4.42279e-05
6.63965e-05
9.65033e-05
2.54153e-06
3.87992e-06
7.06208e-06
1.04637e-05
1.42929e-05
2.02694e-05
3.05085e-05
4.70058e-05
7.14174e-05
2.05846e-06
3.49639e-06
6.88592e-06
1.02211e-05
1.41567e-05
2.06638e-05
3.18993e-05
4.98877e-05
1.33788e-06
3.24572e-06
7.00246e-06
1.01982e-05
1.42159e-05
2.12743e-05
3.34593e-05
1.42954e-06
3.53683e-06
7.30835e-06
1.0294e-05
1.44082e-05
2.19996e-05
0.000620779
0.000472716
2.04468e-06
4.32952e-06
7.59719e-06
1.03511e-05
1.46377e-05
2.47406e-06
5.14476e-06
7.79583e-06
1.03478e-05
2.57456e-06
5.66124e-06
7.90972e-06
2.56609e-06
5.97048e-06
2.36102e-06
3.82568e-06
6.11834e-06
3.25046e-06
3.02412e-05
3.65107e-05
3.46323e-06
4.21948e-05
4.80343e-05
5.6317e-05
6.6783e-05
7.01212e-05
5.91122e-05
4.24493e-05
6.7141e-05
0.000129275
0.000202689
0.000293113
0.000395157
0.00050987
3.76879e-06
4.12331e-06
4.88908e-06
1.03036e-05
1.61644e-05
1.80513e-05
2.06264e-05
2.46555e-05
2.97954e-05
3.48784e-05
3.79143e-05
3.79238e-05
3.62697e-05
4.33964e-05
7.79042e-05
0.00013408
0.000212913
0.000301655
0.000395809
4.47116e-06
5.41088e-06
6.67558e-06
1.17161e-05
1.48383e-05
1.65952e-05
1.92567e-05
2.34853e-05
2.87649e-05
3.41601e-05
3.87114e-05
4.20705e-05
4.42899e-05
4.44872e-05
5.22128e-05
8.22246e-05
0.000137445
0.000207232
4.63282e-06
6.22406e-06
7.84053e-06
1.21368e-05
1.48088e-05
1.68943e-05
2.00736e-05
2.49312e-05
3.10434e-05
3.76332e-05
4.38967e-05
4.94201e-05
5.40297e-05
5.6075e-05
5.73874e-05
7.65475e-05
0.000120168
4.32034e-06
6.25255e-06
8.38645e-06
1.22124e-05
1.48896e-05
1.74285e-05
2.12732e-05
2.69811e-05
3.42452e-05
4.23535e-05
5.04812e-05
5.8007e-05
6.4401e-05
6.84562e-05
7.21092e-05
8.7369e-05
4.00526e-06
5.96386e-06
8.62709e-06
1.2237e-05
1.49989e-05
1.79712e-05
2.24998e-05
2.91902e-05
3.78706e-05
4.79019e-05
5.83903e-05
6.84006e-05
7.68956e-05
8.28988e-05
8.92291e-05
3.79339e-06
5.6239e-06
8.61727e-06
1.21531e-05
1.50598e-05
1.84251e-05
2.36403e-05
3.14446e-05
4.18537e-05
5.43571e-05
6.80436e-05
8.16033e-05
9.31281e-05
0.000101102
3.56312e-06
5.22242e-06
8.43726e-06
1.19624e-05
1.50205e-05
1.87641e-05
2.4687e-05
3.37508e-05
4.62364e-05
6.18755e-05
7.98416e-05
9.85054e-05
0.000114526
3.2501e-06
4.78865e-06
8.11832e-06
1.16311e-05
1.48362e-05
1.89777e-05
2.56832e-05
3.61553e-05
5.10607e-05
7.04568e-05
9.37981e-05
0.000119204
2.93076e-06
4.39461e-06
7.75995e-06
1.12214e-05
1.45491e-05
1.91189e-05
2.66945e-05
3.87212e-05
5.62605e-05
7.981e-05
0.000109154
2.68132e-06
4.09721e-06
7.40019e-06
1.07717e-05
1.4216e-05
1.92598e-05
2.77884e-05
4.14919e-05
6.17182e-05
8.93149e-05
2.53304e-06
3.92793e-06
7.10364e-06
1.03563e-05
1.39284e-05
1.94937e-05
2.90406e-05
4.44274e-05
6.72031e-05
2.40154e-06
3.80179e-06
6.88515e-06
1.00467e-05
1.37648e-05
1.98956e-05
3.05051e-05
4.7512e-05
1.97319e-06
3.56495e-06
6.84211e-06
9.92299e-06
1.37878e-05
2.05195e-05
3.21719e-05
1.40416e-06
3.42817e-06
7.04688e-06
9.99216e-06
1.39916e-05
2.13185e-05
1.46733e-06
3.70002e-06
7.38805e-06
1.01539e-05
1.43076e-05
0.000638873
1.99811e-06
4.46631e-06
7.64932e-06
1.02482e-05
2.50718e-06
5.26783e-06
7.7872e-06
2.6331e-06
5.75524e-06
2.61265e-06
3.13932e-06
3.39635e-06
5.46396e-06
3.48124e-06
2.92432e-05
3.2988e-05
3.91017e-05
4.52698e-05
5.35678e-05
6.40214e-05
6.73623e-05
5.68685e-05
4.01987e-05
6.56434e-05
0.000129362
0.00020561
0.000299868
0.000406701
0.000526163
3.67085e-06
3.78851e-06
4.24043e-06
9.08958e-06
1.39888e-05
1.63087e-05
1.9388e-05
2.37734e-05
2.90583e-05
3.41131e-05
3.69861e-05
3.67546e-05
3.47642e-05
4.23758e-05
7.90636e-05
0.00013839
0.00022262
0.000316812
4.09705e-06
4.7805e-06
5.74126e-06
1.02733e-05
1.30405e-05
1.51218e-05
1.81974e-05
2.27633e-05
2.81918e-05
3.35711e-05
3.79634e-05
4.10284e-05
4.28065e-05
4.2656e-05
5.12511e-05
8.44061e-05
0.00014424
4.0432e-06
5.40014e-06
6.75039e-06
1.06223e-05
1.31441e-05
1.54845e-05
1.90493e-05
2.42162e-05
3.04772e-05
3.70744e-05
4.3222e-05
4.85039e-05
5.26271e-05
5.36386e-05
5.49507e-05
7.70543e-05
3.67524e-06
5.37873e-06
7.30378e-06
1.07714e-05
1.33393e-05
1.60933e-05
2.02748e-05
2.62641e-05
3.36847e-05
4.18489e-05
4.99621e-05
5.73954e-05
6.34689e-05
6.67393e-05
6.96519e-05
3.40485e-06
5.16604e-06
7.65553e-06
1.09456e-05
1.35914e-05
1.67222e-05
2.15371e-05
2.84897e-05
3.73552e-05
4.75298e-05
5.8181e-05
6.83662e-05
7.68164e-05
8.22429e-05
3.22694e-06
4.92369e-06
7.77434e-06
1.10201e-05
1.37918e-05
1.72669e-05
2.27316e-05
3.07968e-05
4.14417e-05
5.4232e-05
6.836e-05
8.25326e-05
9.44155e-05
3.03279e-06
4.62877e-06
7.7241e-06
1.09721e-05
1.38812e-05
1.77045e-05
2.38612e-05
3.32024e-05
4.60001e-05
6.2114e-05
8.09263e-05
0.000100829
2.79354e-06
4.32347e-06
7.52848e-06
1.07737e-05
1.38227e-05
1.80357e-05
2.49782e-05
3.57619e-05
5.10695e-05
7.11686e-05
9.58319e-05
2.5869e-06
4.06015e-06
7.29112e-06
1.04912e-05
1.36685e-05
1.83213e-05
2.61538e-05
3.85502e-05
5.65788e-05
8.10292e-05
2.44563e-06
3.88287e-06
7.05228e-06
1.01688e-05
1.34816e-05
1.86354e-05
2.74545e-05
4.15681e-05
6.23621e-05
2.37626e-06
3.81691e-06
6.86746e-06
9.88152e-06
1.33506e-05
1.90664e-05
2.89682e-05
4.47986e-05
2.29166e-06
3.79152e-06
6.76497e-06
9.69209e-06
1.33452e-05
1.96828e-05
3.06903e-05
1.9476e-06
3.70036e-06
6.8298e-06
9.67187e-06
1.35189e-05
2.05158e-05
1.46277e-06
3.64277e-06
7.11233e-06
9.82155e-06
1.38557e-05
1.4798e-06
3.91435e-06
7.48245e-06
1.00364e-05
1.96059e-06
4.61751e-06
7.68741e-06
2.53114e-06
5.34599e-06
2.6639e-06
2.80494e-06
3.29825e-06
2.9122e-06
4.94411e-06
6.92567e-06
3.00195e-05
3.64788e-05
4.28338e-05
5.11013e-05
6.13835e-05
6.46602e-05
5.4589e-05
3.8119e-05
6.48325e-05
0.000130633
0.000209903
0.000308378
0.000419839
3.40139e-06
3.36189e-06
3.63834e-06
8.07864e-06
1.18772e-05
1.49299e-05
1.83742e-05
2.30501e-05
2.84137e-05
3.33656e-05
3.60225e-05
3.55608e-05
3.33496e-05
4.18931e-05
8.09617e-05
0.000143876
0.000233812
3.63999e-06
4.14044e-06
4.93267e-06
9.0691e-06
1.16197e-05
1.39397e-05
1.73643e-05
2.2181e-05
2.76871e-05
3.29987e-05
3.71928e-05
3.99626e-05
4.13265e-05
4.09206e-05
5.08763e-05
8.75764e-05
3.48641e-06
4.65988e-06
5.8532e-06
9.39445e-06
1.18191e-05
1.43666e-05
1.82455e-05
2.36412e-05
2.99802e-05
3.65323e-05
4.25372e-05
4.75625e-05
5.11751e-05
5.11675e-05
5.31957e-05
3.15375e-06
4.66965e-06
6.45392e-06
9.63022e-06
1.21102e-05
1.50365e-05
1.94895e-05
2.56854e-05
3.31985e-05
4.13736e-05
4.94619e-05
5.68128e-05
6.25288e-05
6.48666e-05
2.94233e-06
4.55342e-06
6.91121e-06
9.93137e-06
1.24697e-05
1.57274e-05
2.07758e-05
2.79275e-05
3.69209e-05
4.72136e-05
5.80555e-05
6.8467e-05
7.68434e-05
2.78091e-06
4.39782e-06
7.13652e-06
1.01201e-05
1.27668e-05
1.63348e-05
2.20127e-05
3.02877e-05
4.11248e-05
5.4194e-05
6.88463e-05
8.37647e-05
2.60445e-06
4.1948e-06
7.17617e-06
1.01706e-05
1.2943e-05
1.68466e-05
2.3216e-05
3.27955e-05
4.58838e-05
6.2492e-05
8.23022e-05
2.44047e-06
3.98941e-06
7.0695e-06
1.00651e-05
1.29777e-05
1.7278e-05
2.44497e-05
3.55148e-05
5.12127e-05
7.20691e-05
2.32849e-06
3.82733e-06
6.92504e-06
9.87821e-06
1.29341e-05
1.76978e-05
2.57895e-05
3.8526e-05
5.70427e-05
2.26454e-06
3.74914e-06
6.7851e-06
9.65956e-06
1.28784e-05
1.81784e-05
2.73231e-05
4.18117e-05
2.2594e-06
3.77627e-06
6.69631e-06
9.48126e-06
1.28924e-05
1.88039e-05
2.90683e-05
2.21944e-06
3.83621e-06
6.68923e-06
9.39794e-06
1.30366e-05
1.96386e-05
1.97116e-06
3.88483e-06
6.8406e-06
9.46791e-06
1.33519e-05
1.5251e-06
3.91359e-06
7.18483e-06
9.68454e-06
1.51105e-06
4.18509e-06
7.55545e-06
1.93578e-06
4.75614e-06
2.52074e-06
2.90896e-06
2.40894e-06
2.4571e-06
4.56889e-06
6.92515e-06
2.87732e-05
3.41914e-05
4.07363e-05
4.88342e-05
5.88733e-05
6.20826e-05
5.23112e-05
3.62334e-05
6.47341e-05
0.000132981
0.000215576
0.00031849
3.04123e-06
2.91196e-06
3.13566e-06
7.23351e-06
1.01095e-05
1.37701e-05
1.75801e-05
2.24566e-05
2.78467e-05
3.26511e-05
3.50416e-05
3.43835e-05
3.20118e-05
4.18839e-05
8.37268e-05
0.000150708
3.17148e-06
3.56433e-06
4.27869e-06
8.0921e-06
1.05217e-05
1.30035e-05
1.67204e-05
2.17181e-05
2.72391e-05
3.24335e-05
3.64074e-05
3.88793e-05
3.98348e-05
3.9046e-05
5.10234e-05
3.00338e-06
4.067e-06
5.1637e-06
8.42867e-06
1.07714e-05
1.34924e-05
1.76292e-05
2.31834e-05
2.95392e-05
3.60027e-05
4.18459e-05
4.66177e-05
4.96867e-05
4.86335e-05
2.73478e-06
4.15532e-06
5.82896e-06
8.75035e-06
1.11436e-05
1.42124e-05
1.88852e-05
2.52248e-05
3.27733e-05
4.09276e-05
4.8993e-05
5.62836e-05
6.15885e-05
2.56258e-06
4.12161e-06
6.37185e-06
9.14666e-06
1.15805e-05
1.49455e-05
2.01878e-05
2.74845e-05
3.65591e-05
4.69547e-05
5.80245e-05
6.87448e-05
2.41213e-06
4.03336e-06
6.6652e-06
9.41069e-06
1.19389e-05
1.55956e-05
2.14597e-05
2.99016e-05
4.08966e-05
5.42591e-05
6.95441e-05
2.27962e-06
3.89179e-06
6.75868e-06
9.52163e-06
1.21726e-05
1.61666e-05
2.27347e-05
3.25195e-05
4.58653e-05
6.30294e-05
2.18242e-06
3.75644e-06
6.71746e-06
9.47822e-06
1.22801e-05
1.66904e-05
2.4087e-05
3.54213e-05
5.14857e-05
2.13469e-06
3.67654e-06
6.6468e-06
9.36444e-06
1.23353e-05
1.72402e-05
2.56107e-05
3.86524e-05
2.1333e-06
3.68474e-06
6.58429e-06
9.23472e-06
1.24022e-05
1.78866e-05
2.73494e-05
2.18181e-06
3.79183e-06
6.57699e-06
9.15313e-06
1.25546e-05
1.87224e-05
2.18651e-06
3.93991e-06
6.65309e-06
9.16439e-06
1.28412e-05
2.0324e-06
4.10951e-06
6.87002e-06
9.31332e-06
1.62615e-06
4.23404e-06
7.24588e-06
1.58627e-06
4.46875e-06
1.92738e-06
2.4801e-06
2.03172e-06
2.08121e-06
4.38678e-06
6.8253e-06
2.87572e-05
3.23029e-05
3.88731e-05
4.67971e-05
5.65222e-05
5.9628e-05
5.0158e-05
3.45439e-05
6.53501e-05
0.000136401
0.000222642
2.66453e-06
2.49723e-06
2.74555e-06
6.55209e-06
9.27639e-06
1.28377e-05
1.69616e-05
2.19771e-05
2.73389e-05
3.1954e-05
3.40739e-05
3.32226e-05
3.07724e-05
4.24828e-05
8.75552e-05
2.74903e-06
3.10491e-06
3.78756e-06
7.31136e-06
9.63861e-06
1.22711e-05
1.62405e-05
2.13553e-05
2.6836e-05
3.1873e-05
3.56089e-05
3.77972e-05
3.83308e-05
3.73549e-05
2.60453e-06
3.65229e-06
4.66699e-06
7.68297e-06
9.94603e-06
1.28249e-05
1.7172e-05
2.28251e-05
2.91437e-05
3.5483e-05
4.11579e-05
4.56921e-05
4.81336e-05
2.38904e-06
3.82499e-06
5.40047e-06
8.07818e-06
1.03878e-05
1.35838e-05
1.84352e-05
2.48648e-05
3.24005e-05
4.05115e-05
4.85721e-05
5.58421e-05
2.23902e-06
3.84377e-06
5.99781e-06
8.54249e-06
1.08777e-05
1.43439e-05
1.97486e-05
2.71458e-05
3.62633e-05
4.67612e-05
5.81288e-05
2.11735e-06
3.79221e-06
6.32513e-06
8.85095e-06
1.12721e-05
1.50234e-05
2.10551e-05
2.96261e-05
4.07521e-05
5.44453e-05
2.03268e-06
3.68284e-06
6.44967e-06
8.99348e-06
1.15443e-05
1.56473e-05
2.24038e-05
3.23688e-05
4.59587e-05
1.98142e-06
3.60467e-06
6.45533e-06
8.99073e-06
1.17159e-05
1.62617e-05
2.3886e-05
3.5449e-05
1.9942e-06
3.59685e-06
6.4392e-06
8.93909e-06
1.18651e-05
1.69418e-05
2.55888e-05
2.04872e-06
3.68217e-06
6.44222e-06
8.89011e-06
1.20512e-05
1.77773e-05
2.13939e-06
3.85869e-06
6.50592e-06
8.89685e-06
1.23368e-05
2.18861e-06
4.09835e-06
6.6511e-06
8.99352e-06
2.11769e-06
4.36059e-06
6.91378e-06
1.76993e-06
4.56158e-06
1.69042e-06
2.09853e-06
1.72493e-06
1.79904e-06
4.07993e-06
6.54861e-06
6.81349e-06
3.07341e-05
3.72327e-05
4.49263e-05
5.43581e-05
5.73631e-05
4.814e-05
3.30612e-05
6.67503e-05
0.000140979
2.32981e-06
2.15861e-06
2.46192e-06
6.00956e-06
8.58342e-06
1.20669e-05
1.64973e-05
2.15895e-05
2.68781e-05
3.12804e-05
3.31215e-05
3.20954e-05
2.96712e-05
4.33589e-05
2.3966e-06
2.78493e-06
3.4418e-06
6.69268e-06
8.92662e-06
1.17226e-05
1.58972e-05
2.10758e-05
2.64689e-05
3.13154e-05
3.4807e-05
3.67329e-05
3.6876e-05
2.28118e-06
3.40788e-06
4.33113e-06
7.10594e-06
9.30039e-06
1.23323e-05
1.68499e-05
2.25505e-05
2.87846e-05
3.49733e-05
4.04867e-05
4.48417e-05
2.10076e-06
3.64202e-06
5.12624e-06
7.56438e-06
9.80174e-06
1.31206e-05
1.8117e-05
2.45903e-05
3.20731e-05
4.01304e-05
4.82248e-05
1.97692e-06
3.68686e-06
5.7532e-06
8.07658e-06
1.03255e-05
1.38959e-05
1.944e-05
2.68977e-05
3.60298e-05
4.66525e-05
1.88589e-06
3.64277e-06
6.09436e-06
8.40524e-06
1.07387e-05
1.45989e-05
2.07822e-05
2.94518e-05
4.0697e-05
1.82105e-06
3.55063e-06
6.23291e-06
8.55882e-06
1.10419e-05
1.52753e-05
2.22136e-05
3.23324e-05
1.81785e-06
3.5228e-06
6.26468e-06
8.58871e-06
1.1276e-05
1.5982e-05
2.38395e-05
1.89671e-06
3.57569e-06
6.29275e-06
8.59602e-06
1.15192e-05
1.68206e-05
1.99541e-06
3.72526e-06
6.35534e-06
8.62382e-06
1.18222e-05
2.12443e-06
3.9789e-06
6.48305e-06
8.71239e-06
2.21035e-06
4.30306e-06
6.68322e-06
2.21136e-06
4.62944e-06
1.93718e-06
1.80496e-06
1.49793e-06
1.58047e-06
3.70922e-06
6.33269e-06
2.87564e-05
2.94122e-05
3.57523e-05
4.32384e-05
5.24389e-05
5.53225e-05
4.62562e-05
3.17816e-05
6.89032e-05
2.06099e-06
1.90995e-06
2.26534e-06
5.57339e-06
8.00132e-06
1.15033e-05
1.61299e-05
2.12736e-05
2.64593e-05
3.0627e-05
3.22053e-05
3.10091e-05
2.8688e-05
2.11348e-06
2.59213e-06
3.21025e-06
6.19629e-06
8.35973e-06
1.13257e-05
1.56653e-05
2.08666e-05
2.61302e-05
3.07597e-05
3.40116e-05
3.5718e-05
2.02285e-06
3.29362e-06
4.11698e-06
6.65502e-06
8.80299e-06
1.1989e-05
1.66439e-05
2.23462e-05
2.84555e-05
3.4477e-05
3.98564e-05
1.87888e-06
3.56814e-06
4.96961e-06
7.17064e-06
9.35435e-06
1.27976e-05
1.79129e-05
2.43887e-05
3.17864e-05
3.97941e-05
1.77499e-06
3.62013e-06
5.6134e-06
7.71319e-06
9.89661e-06
1.35814e-05
1.92446e-05
2.67319e-05
3.58572e-05
1.68348e-06
3.5651e-06
5.95566e-06
8.04332e-06
1.03203e-05
1.43072e-05
2.06335e-05
2.93768e-05
1.6337e-06
3.48712e-06
6.08536e-06
8.20068e-06
1.06547e-05
1.50392e-05
2.21637e-05
1.69526e-06
3.49629e-06
6.13312e-06
8.26444e-06
1.09541e-05
1.58678e-05
1.82621e-06
3.60228e-06
6.20316e-06
8.33214e-06
1.12933e-05
1.96907e-06
3.82349e-06
6.32431e-06
8.43355e-06
2.13174e-06
4.14911e-06
6.50594e-06
2.26056e-06
4.54617e-06
2.31132e-06
1.59264e-06
1.33525e-06
1.41218e-06
3.4126e-06
6.1496e-06
2.8758e-05
2.85476e-05
3.44205e-05
4.17606e-05
5.07911e-05
5.35147e-05
4.44133e-05
3.06932e-05
1.85058e-06
1.74431e-06
2.1348e-06
5.22279e-06
7.53293e-06
1.10217e-05
1.58148e-05
2.10275e-05
2.60859e-05
2.99866e-05
3.13076e-05
2.99861e-05
1.89246e-06
2.49021e-06
3.06203e-06
5.79362e-06
7.91881e-06
1.1061e-05
1.55385e-05
2.07164e-05
2.58149e-05
3.0205e-05
3.32407e-05
1.83369e-06
3.2662e-06
3.99678e-06
6.29943e-06
8.43115e-06
1.17722e-05
1.65438e-05
2.21982e-05
2.81506e-05
3.40017e-05
1.71598e-06
3.57578e-06
4.90366e-06
6.86818e-06
9.02191e-06
1.25951e-05
1.78114e-05
2.42485e-05
3.15387e-05
1.60294e-06
3.62033e-06
5.55782e-06
7.42442e-06
9.57273e-06
1.33843e-05
1.91619e-05
2.6636e-05
1.49635e-06
3.55108e-06
5.88155e-06
7.74654e-06
1.00052e-05
1.4138e-05
2.05985e-05
1.49082e-06
3.47517e-06
5.99034e-06
7.91042e-06
1.03751e-05
1.49516e-05
1.60451e-06
3.51667e-06
6.0559e-06
8.01382e-06
1.07454e-05
1.77385e-06
3.67765e-06
6.17282e-06
8.1436e-06
1.95415e-06
3.97288e-06
6.34584e-06
2.15473e-06
4.37349e-06
2.32324e-06
1.43443e-06
1.22198e-06
1.28825e-06
3.19616e-06
6.00741e-06
6.81762e-06
2.85587e-05
3.32459e-05
4.05938e-05
4.94019e-05
5.18215e-05
4.25797e-05
1.67368e-06
1.64029e-06
2.04884e-06
4.94711e-06
7.16748e-06
1.07186e-05
1.56296e-05
2.08461e-05
2.57658e-05
2.93476e-05
3.04357e-05
1.73502e-06
2.44712e-06
2.98218e-06
5.46515e-06
7.5902e-06
1.09195e-05
1.55069e-05
2.06138e-05
2.55157e-05
2.96577e-05
1.70287e-06
3.29666e-06
3.94526e-06
6.02098e-06
8.16769e-06
1.16827e-05
1.65222e-05
2.20971e-05
2.78677e-05
1.58582e-06
3.63119e-06
4.9017e-06
6.63582e-06
8.78838e-06
1.25102e-05
1.77906e-05
2.41602e-05
1.44582e-06
3.66743e-06
5.55421e-06
7.19276e-06
9.34152e-06
1.33058e-05
1.91567e-05
1.35322e-06
3.57753e-06
5.8508e-06
7.50466e-06
9.78552e-06
1.40913e-05
1.38953e-06
3.50483e-06
5.94421e-06
7.68298e-06
1.01993e-05
1.53479e-06
3.57915e-06
6.03494e-06
7.83277e-06
1.73166e-06
3.80528e-06
6.19688e-06
1.95638e-06
4.18147e-06
2.19146e-06
1.32849e-06
1.1411e-06
1.19878e-06
3.05562e-06
5.92116e-06
6.8145e-06
6.76748e-06
3.22379e-05
3.98387e-05
4.81572e-05
5.01896e-05
1.54448e-06
1.57712e-06
2.00256e-06
4.7339e-06
6.89338e-06
1.05364e-05
1.55804e-05
2.07271e-05
2.54825e-05
2.87216e-05
1.63024e-06
2.45244e-06
2.95075e-06
5.20439e-06
7.3633e-06
1.08905e-05
1.554e-05
2.05516e-05
2.52287e-05
1.60626e-06
3.37142e-06
3.94555e-06
5.80882e-06
8.00084e-06
1.16769e-05
1.65686e-05
2.20349e-05
1.47481e-06
3.72933e-06
4.94238e-06
6.4599e-06
8.6414e-06
1.25066e-05
1.78379e-05
1.33009e-06
3.74845e-06
5.57994e-06
7.0078e-06
9.19413e-06
1.33104e-05
1.26264e-06
3.64261e-06
5.84786e-06
7.31271e-06
9.65812e-06
1.31835e-06
3.57794e-06
5.93952e-06
7.51495e-06
1.47521e-06
3.6944e-06
6.06313e-06
1.70008e-06
3.99836e-06
1.96926e-06
1.24708e-06
1.08206e-06
1.13632e-06
2.96005e-06
5.86913e-06
6.81859e-06
2.85638e-05
3.14853e-05
3.94105e-05
4.70119e-05
1.45773e-06
1.54831e-06
1.98546e-06
4.58369e-06
6.70136e-06
1.05191e-05
1.5586e-05
2.0676e-05
2.5219e-05
1.55499e-06
2.48529e-06
2.95793e-06
5.00709e-06
7.23158e-06
1.0942e-05
1.56378e-05
2.05225e-05
1.52124e-06
3.47143e-06
3.98755e-06
5.65665e-06
7.93196e-06
1.17535e-05
1.66748e-05
1.40379e-06
3.84897e-06
5.00569e-06
6.33044e-06
8.58033e-06
1.25831e-05
1.27225e-06
3.85399e-06
5.61723e-06
6.86347e-06
9.13535e-06
1.22094e-06
3.74422e-06
5.86512e-06
7.16813e-06
1.27242e-06
3.70101e-06
5.96784e-06
1.44123e-06
3.87531e-06
1.70137e-06
1.18033e-06
1.03979e-06
1.09013e-06
2.91068e-06
5.84574e-06
2.87676e-05
2.8575e-05
3.12199e-05
3.91442e-05
1.39684e-06
1.54247e-06
1.99356e-06
4.47432e-06
6.58677e-06
1.05631e-05
1.56575e-05
2.06763e-05
1.4941e-06
2.54288e-06
2.9983e-06
4.87052e-06
7.1997e-06
1.10723e-05
1.57899e-05
1.46435e-06
3.58654e-06
4.06075e-06
5.55739e-06
7.92711e-06
1.1902e-05
1.3888e-06
3.98991e-06
5.07678e-06
6.24018e-06
8.57876e-06
1.26568e-06
3.98276e-06
5.65544e-06
6.75707e-06
1.21481e-06
3.8825e-06
5.89171e-06
1.26824e-06
3.87903e-06
1.44404e-06
1.12343e-06
1.00477e-06
1.05966e-06
2.89243e-06
5.84281e-06
6.8145e-06
6.76447e-06
3.13072e-05
1.34833e-06
1.55073e-06
2.02493e-06
4.40036e-06
6.55816e-06
1.06977e-05
1.58044e-05
1.45592e-06
2.61054e-06
3.06534e-06
4.78897e-06
7.22512e-06
1.12719e-05
1.4497e-06
3.71915e-06
4.1526e-06
5.50041e-06
7.98729e-06
1.39775e-06
4.15275e-06
5.14571e-06
6.18153e-06
1.28082e-06
4.13668e-06
5.68615e-06
1.22654e-06
4.06321e-06
1.29132e-06
1.06904e-06
9.81784e-07
1.03879e-06
2.89574e-06
5.8556e-06
6.81426e-06
2.85608e-05
1.3137e-06
1.56658e-06
2.06935e-06
4.35508e-06
6.57111e-06
1.08957e-05
1.44343e-06
2.69115e-06
3.15059e-06
4.7484e-06
7.32024e-06
1.45474e-06
3.87631e-06
4.25513e-06
5.47954e-06
1.43097e-06
4.33601e-06
5.20342e-06
1.3302e-06
4.32143e-06
1.28613e-06
1.02851e-06
9.69407e-07
1.0247e-06
2.91398e-06
5.86821e-06
6.81657e-06
1.29803e-06
1.58808e-06
2.11841e-06
4.32224e-06
6.64601e-06
1.44491e-06
2.79126e-06
3.25776e-06
4.73812e-06
1.47193e-06
4.05668e-06
4.35702e-06
1.4767e-06
4.53332e-06
1.40728e-06
1.00652e-06
9.62386e-07
1.01361e-06
2.93469e-06
5.88552e-06
1.29476e-06
1.61652e-06
2.17222e-06
1.45144e-06
2.91561e-06
3.3805e-06
1.49062e-06
4.25391e-06
1.53343e-06
9.96235e-07
9.55162e-07
1.00605e-06
1.29336e-06
1.65356e-06
1.45902e-06
3.06139e-06
1.51422e-06
9.86873e-07
9.48285e-07
1.29113e-06
1.46935e-06
9.78273e-07
)
;

boundaryField
{
    innerInlet
    {
        type            inletOutlet;
        inletValue      nonuniform List<scalar> 0();
        value           nonuniform List<scalar> 0();
    }
    atmosphere_outlet
    {
        type            inletOutlet;
        inletValue      nonuniform List<scalar> 0();
        value           nonuniform List<scalar> 0();
    }
    walls
    {
        type            epsilonWallFunction;
        value           nonuniform List<scalar> 
1977
(
0.00018317
0.000373456
0.000346316
0.000461935
0.000461935
0.000451955
0.000376643
0.000431897
0.000474891
0.000310189
0.000398261
0.000415473
0.000218938
0.000218938
0.00018317
0.000242277
0.000208299
0.000278811
0.000248157
0.000560027
0.000560027
0.00026084
0.00026084
0.000630433
0.000506022
0.000376643
0.00041025
0.000310189
0.000286803
0.000341495
0.000612328
0.000489276
0.000404785
0.000308828
0.000349907
0.000679216
0.000503488
0.000679216
0.000782615
0.00079472
0.000159088
0.000268004
0.000316015
0.000113159
0.000113159
0.000125074
6.99699e-05
7.01364e-05
0.000118687
5.84059e-05
5.93024e-06
6.67116e-06
2.9067e-05
6.68309e-06
7.01156e-06
6.66638e-06
0.000127563
0.000127563
0.000159088
0.00015746
0.00018865
0.000153989
0.000204517
0.000225851
6.99699e-05
0.000117078
5.93024e-06
2.9067e-05
6.79573e-06
3.37962e-05
0.000545688
0.000741982
0.00108098
0.000706485
0.000705276
0.000773178
0.00077818
0.000842388
0.000538612
0.000579809
0.000515051
0.00049615
0.000514758
0.000642078
0.000517935
0.000719114
0.000681988
0.00071206
0.00070738
0.000722255
0.000713284
0.000768619
0.000734837
0.000750331
0.000776517
0.0007676
0.000742348
0.000756113
0.000531386
0.000490518
0.00057656
0.000530766
0.000619462
0.000605881
0.000597193
0.000569804
0.000480609
0.000476655
0.000440682
0.000477571
0.000467123
0.000628403
0.000434177
0.000530611
0.000604467
0.000599221
0.000730515
0.000719416
0.000135714
0.000130674
0.000122288
0.000138696
0.000121644
0.000692447
0.000577309
0.000377503
0.000121217
9.74359e-05
0.000219493
0.000437258
0.000283043
0.000244015
0.000422568
0.000312203
0.000374984
0.000344062
0.000299117
0.000497764
0.000851925
0.000396392
0.000407385
3.05587e-05
3.48124e-06
3.07161e-05
3.46323e-06
7.54735e-05
9.45398e-05
7.03382e-05
7.35323e-05
6.01128e-06
5.89235e-05
7.54206e-05
2.90896e-06
2.80494e-06
3.29825e-06
3.25046e-06
3.13932e-06
3.19936e-06
8.27547e-05
0.000310598
8.01582e-05
0.00010112
6.73506e-05
8.4911e-05
7.22486e-05
0.000297464
6.78106e-05
0.000260503
6.82172e-06
4.02333e-06
3.82568e-06
6.11834e-06
3.39635e-06
4.05013e-06
5.99869e-06
5.78219e-06
5.07282e-06
4.14903e-05
3.67838e-05
5.17753e-05
3.29895e-05
4.58124e-05
6.35458e-05
5.50193e-05
0.000146197
0.000227495
0.000100799
9.29981e-05
4.68073e-05
7.77746e-05
0.00038751
0.00037818
0.000341728
0.000460492
6.26974e-06
6.11911e-06
6.14411e-06
2.58622e-05
5.02916e-06
3.34972e-06
3.96581e-06
4.00675e-06
3.08823e-06
2.74064e-05
4.02625e-06
4.08302e-06
5.92173e-06
2.57945e-05
9.94288e-07
9.94288e-07
1.56592e-06
1.64336e-06
1.34101e-06
1.40306e-06
1.09e-06
1.50398e-06
1.46282e-06
6.49729e-06
6.03933e-06
6.49611e-06
2.73731e-05
3.39336e-06
3.63983e-06
3.70169e-06
3.85086e-06
4.07356e-06
3.91678e-06
3.33921e-06
3.44994e-06
3.67312e-06
3.91223e-06
4.14392e-06
3.96577e-06
3.68204e-06
3.66892e-06
3.53382e-06
2.51021e-05
4.62023e-06
2.54289e-05
2.62773e-05
2.72912e-05
2.61913e-05
2.81862e-05
2.79649e-05
2.8055e-05
2.57835e-05
2.57753e-05
2.5498e-05
2.57097e-05
2.56362e-05
6.0589e-06
6.06967e-06
5.66752e-06
3.58068e-05
4.06905e-06
6.41106e-06
3.79864e-06
2.85369e-06
2.46208e-06
3.41818e-06
3.82926e-06
2.6791e-06
3.38261e-06
1.61683e-06
1.4876e-06
8.4097e-07
8.4097e-07
1.25102e-06
1.15052e-06
1.41057e-06
7.87447e-07
7.87447e-07
9.65448e-07
1.24795e-06
1.04751e-06
1.32435e-06
2.5941e-05
3.50044e-06
4.39066e-06
2.22882e-06
4.20977e-06
1.6036e-06
1.56829e-06
6.48929e-06
2.74409e-05
2.74675e-05
4.20643e-06
1.43622e-06
1.50201e-06
2.22071e-06
1.76231e-06
1.83146e-06
2.69439e-06
3.21073e-06
3.04632e-06
2.56881e-06
2.81697e-06
2.92387e-06
6.49374e-06
2.84284e-05
2.79111e-05
8.76588e-05
4.3615e-06
2.36107e-06
2.92414e-06
3.35066e-06
2.13991e-06
2.0426e-06
2.7195e-06
2.08677e-06
2.28429e-06
2.05079e-06
2.23139e-06
2.851e-06
6.49464e-06
3.03276e-06
3.34762e-06
5.93162e-07
5.93162e-07
7.53981e-07
1.03131e-06
7.27166e-07
1.02216e-06
5.83086e-07
5.83086e-07
6.6932e-07
9.93062e-07
6.98965e-07
1.01282e-06
6.416e-07
6.416e-07
7.86511e-07
1.05157e-06
8.23292e-07
1.0872e-06
6.67231e-07
6.67231e-07
9.03176e-07
1.17953e-06
8.60607e-07
1.128e-06
5.2635e-07
5.2635e-07
5.76671e-07
9.01016e-07
5.41577e-07
5.41577e-07
6.35139e-07
9.64665e-07
6.03642e-07
9.33683e-07
0.000463331
0.000261995
4.49285e-06
1.29756e-06
1.33348e-06
4.1532e-06
1.287e-06
1.29915e-06
4.29242e-06
1.2959e-06
2.74211e-05
2.91302e-05
2.91335e-05
6.49496e-06
2.89729e-05
2.88179e-05
6.34959e-06
2.76306e-05
4.58345e-06
1.39126e-06
1.37091e-06
1.62094e-06
1.89701e-06
1.61955e-06
1.60211e-06
1.89652e-06
1.61263e-06
4.11286e-06
1.37461e-06
1.33102e-06
1.70088e-06
1.99396e-06
1.65804e-06
1.60276e-06
1.95099e-06
1.62725e-06
2.27434e-06
2.70551e-06
2.59516e-06
2.19941e-06
2.37121e-06
2.48155e-06
2.03862e-06
2.08819e-06
2.11918e-06
2.05186e-06
2.26608e-06
2.1785e-06
4.41749e-06
1.38276e-06
1.34397e-06
1.6157e-06
1.92115e-06
1.59681e-06
1.91698e-06
1.55831e-06
2.05848e-06
2.07424e-06
2.06986e-06
2.07207e-06
2.07799e-06
2.74165e-05
2.88408e-05
2.90875e-05
6.49658e-06
2.84223e-05
2.86404e-05
6.42963e-06
2.81618e-05
2.78638e-05
2.4801e-06
5.46396e-06
4.32034e-06
3.02412e-05
5.90516e-05
2.40894e-06
2.9122e-06
4.78201e-06
4.07522e-05
1.12343e-06
3.70922e-06
3.05562e-06
1.32849e-06
2.09853e-06
4.07993e-06
4.94411e-06
1.43443e-06
1.06904e-06
2.96005e-06
4.67971e-05
5.35678e-05
1.98142e-06
2.97472e-06
2.79354e-06
2.37626e-06
5.29151e-06
3.2655e-06
4.4562e-06
3.2501e-06
2.38904e-06
3.67524e-06
5.02594e-06
3.03279e-06
2.10076e-06
1.58582e-06
1.82105e-06
2.60445e-06
1.81785e-06
2.2594e-06
1.47481e-06
1.6337e-06
6.60946e-05
5.6317e-05
6.8253e-06
2.92432e-05
5.47615e-05
4.52698e-05
4.49263e-05
6.54861e-06
6.00741e-06
3.72327e-05
4.28338e-05
5.92116e-06
3.57523e-05
1.18033e-06
1.03979e-06
1.08206e-06
1.24708e-06
1.22198e-06
1.1411e-06
1.80496e-06
2.03172e-06
1.72493e-06
1.59264e-06
1.33525e-06
1.49793e-06
1.02851e-06
1.00477e-06
9.81784e-07
1.00652e-06
9.69407e-07
2.42979e-06
2.06558e-06
1.72531e-06
1.43459e-06
1.48208e-06
3.09772e-06
3.92657e-06
1.78002e-06
1.25057e-06
2.88729e-06
2.40154e-06
1.28189e-06
1.22009e-06
2.37296e-06
2.06617e-06
2.29166e-06
1.35876e-06
0.000319042
0.000547237
0.000380717
0.000283855
0.000543356
0.000547219
0.000374553
0.000635693
0.000645114
0.000238805
0.000221466
0.000283591
0.000553916
0.000202304
0.000214716
0.00020119
3.4126e-06
1.41218e-06
1.28825e-06
1.13632e-06
3.19616e-06
1.19878e-06
4.38678e-06
1.58047e-06
1.79904e-06
2.4571e-06
4.56889e-06
2.08121e-06
2.89243e-06
1.03879e-06
1.09013e-06
2.91068e-06
1.05966e-06
2.73478e-06
2.56258e-06
2.94233e-06
3.15375e-06
4.00526e-06
3.40485e-06
1.87888e-06
2.23902e-06
1.97692e-06
1.71598e-06
1.60294e-06
1.77499e-06
1.3888e-06
1.27225e-06
1.40379e-06
1.44582e-06
1.33009e-06
6.92515e-06
2.87732e-05
3.00195e-05
6.92567e-06
3.65107e-05
3.2988e-05
6.33269e-06
2.87572e-05
6.81349e-06
6.1496e-06
2.8758e-05
2.87564e-05
5.84574e-06
6.81859e-06
5.86913e-06
6.81762e-06
6.8145e-06
0.000690324
0.000611498
0.000611566
0.000582662
0.000692633
0.000662654
0.000685299
0.000704866
0.000608905
0.000536073
0.00053394
0.000611561
0.000540708
0.00053014
0.000596625
9.30845e-05
4.10642e-05
0.0006523
0.000572523
3.21323e-06
2.93828e-06
1.30893e-06
1.30893e-06
1.5047e-06
1.5047e-06
9.0856e-06
8.16373e-07
8.16373e-07
8.16373e-07
4.40573e-06
1.92878e-06
3.26085e-05
1.02951e-06
1.02951e-06
1.68319e-06
2.06168e-06
7.40954e-07
7.40954e-07
5.91472e-07
5.91472e-07
7.99595e-07
7.99595e-07
8.66386e-07
7.43114e-07
9.71527e-07
5.94436e-05
1.30046e-06
8.5669e-07
8.88435e-07
2.44745e-06
1.00997e-06
1.32891e-06
1.83915e-06
2.66616e-06
2.44952e-06
3.71776e-06
2.96686e-06
3.1186e-05
3.89396e-06
4.8693e-06
2.98111e-06
2.78568e-06
2.76327e-06
3.31942e-06
3.23941e-06
2.226e-06
3.58156e-06
8.01776e-06
3.12469e-06
0.000336962
0.000254291
8.73844e-05
0.000158493
0.000321561
0.000240433
9.92226e-05
0.000176018
0.000114495
0.000116897
8.13355e-05
0.000102603
8.57475e-05
0.000109363
9.78496e-05
0.000104188
0.000111212
0.000103898
5.28184e-05
7.63375e-05
9.21313e-05
8.70451e-05
6.34689e-05
9.61313e-05
8.82999e-05
5.88164e-06
0.000412587
0.000478837
0.000396933
0.000465846
3.92099e-06
3.51938e-06
3.88883e-06
3.86839e-06
3.86839e-06
6.43286e-06
5.46404e-06
6.43258e-06
5.46388e-06
3.69585e-06
3.69585e-06
6.43364e-06
5.17923e-06
2.71487e-05
5.42256e-06
3.65222e-06
3.65222e-06
2.71385e-05
5.40087e-06
6.43225e-06
5.01282e-06
3.34509e-06
2.71334e-06
2.71334e-06
4.92055e-06
3.88194e-06
3.10746e-06
3.10746e-06
6.37315e-06
4.8763e-06
5.80171e-06
4.48259e-06
2.67962e-05
2.78198e-05
2.77218e-05
2.53814e-05
2.52014e-05
5.90661e-06
2.5513e-05
2.51999e-05
2.49976e-05
1.18306e-06
1.18306e-06
4.00316e-06
2.68219e-06
2.26401e-06
6.47224e-07
1.66441e-06
1.1215e-06
5.51096e-06
6.65484e-06
9.34101e-07
1.47385e-06
1.10954e-06
4.58307e-06
3.65782e-06
5.72622e-06
1.00585e-06
7.26523e-07
1.24511e-06
5.17731e-06
6.46761e-06
6.21133e-06
3.47952e-06
1.47478e-06
1.88264e-06
1.35049e-06
2.10348e-06
2.61204e-06
2.36074e-06
1.38273e-06
2.01409e-06
8.8852e-07
1.47536e-06
1.34553e-06
1.86389e-06
2.43248e-06
2.56305e-06
2.55934e-06
1.93941e-06
2.61761e-06
1.4078e-06
1.4078e-06
2.67519e-06
2.5636e-06
3.10675e-06
2.42986e-06
1.67966e-06
1.67966e-06
4.43814e-06
2.99417e-06
3.58152e-06
2.51241e-06
3.20136e-06
3.20136e-06
5.30646e-06
3.68396e-06
6.18698e-06
4.42965e-06
2.60941e-05
3.0181e-05
4.95054e-06
1.89872e-06
1.31892e-06
1.21628e-06
4.6468e-06
6.39342e-06
6.24695e-06
2.75213e-05
6.51649e-06
6.56139e-06
3.03348e-06
3.714e-06
2.68691e-05
2.75224e-05
2.75165e-05
0.000135391
0.000150613
0.0001956
0.000211601
0.000335048
0.00032072
0.000259284
0.000274799
0.0001604
0.000164314
0.000225705
0.000221887
0.000344967
0.000348175
0.000288373
0.00028498
0.000381573
0.000441039
0.000456974
0.000412435
0.000474492
0.000468045
3.46323e-06
5.57645e-06
3.48124e-06
3.75687e-06
2.90896e-06
3.40139e-06
3.29825e-06
3.76879e-06
3.67085e-06
7.73077e-05
9.63763e-05
9.45331e-05
8.47487e-05
8.00157e-05
9.12314e-05
7.4391e-05
8.31477e-05
8.65921e-05
7.232e-05
8.79876e-05
9.09392e-05
6.82438e-05
6.96163e-05
6.12973e-05
7.63062e-05
0.000134676
0.000125917
0.000213396
0.00028487
0.000203271
6.47306e-05
0.000108584
0.000115774
0.000272903
0.000180917
0.000191147
5.80502e-06
4.81978e-06
4.71055e-06
5.17589e-06
4.47116e-06
4.63282e-06
4.09705e-06
0.00045453
0.000365822
0.000443172
0.000354183
0.000420584
0.000433079
0.000118259
0.000177431
0.000105196
0.000165891
0.000303433
0.000241614
0.000289722
0.000228578
0.000111876
0.000285208
0.000176878
0.000102401
0.000163839
0.000233931
0.000285164
0.000225573
0.000362956
0.000419414
0.000346859
0.000397688
0.000325322
0.00035457
0.000332642
0.000373424
3.7499e-06
2.95518e-06
9.42009e-07
1.1642e-06
2.62912e-06
2.58112e-06
9.42009e-07
1.1642e-06
1.80933e-06
1.09e-06
1.74207e-06
4.07026e-06
3.74056e-06
3.90222e-06
5.56381e-06
3.13173e-05
3.33775e-05
3.12002e-05
2.95624e-05
4.13776e-06
3.70453e-06
3.92947e-06
3.8912e-06
3.05834e-06
3.00074e-06
3.39297e-06
3.31661e-06
5.12281e-06
2.58557e-05
2.65902e-05
6.09322e-06
6.08359e-06
2.73619e-05
3.8342e-06
4.19086e-06
4.94662e-06
5.57256e-06
2.60651e-05
2.70666e-05
2.59785e-05
2.70559e-05
2.80763e-05
2.59407e-05
6.0332e-06
6.16091e-06
2.59318e-05
2.59983e-05
2.5976e-05
2.592e-05
2.58859e-05
2.59698e-05
5.63567e-06
5.71994e-06
2.60292e-05
5.42652e-06
2.58801e-05
6.10924e-06
6.08927e-06
6.12284e-06
6.10283e-06
3.11155e-05
6.54616e-05
5.84147e-05
2.83826e-05
7.1173e-05
2.9335e-05
3.1618e-05
6.54358e-06
6.52691e-06
3.32086e-06
1.5921e-06
1.54367e-06
2.45145e-06
2.95344e-06
2.39949e-06
2.84073e-06
2.08801e-06
2.22875e-06
2.91137e-06
1.38953e-06
1.4765e-06
5.73511e-06
6.471e-06
2.7324e-05
2.86111e-05
6.48368e-06
2.73956e-05
3.10973e-05
5.77901e-05
2.7631e-05
6.50869e-06
2.74205e-05
6.50728e-06
7.98624e-05
9.24979e-05
3.98472e-05
4.16234e-06
8.88204e-07
7.41478e-07
8.88204e-07
2.4508e-06
7.41478e-07
2.13122e-06
3.54667e-06
3.62713e-06
3.40032e-06
3.49704e-06
3.19742e-06
3.29157e-06
3.44498e-05
2.8831e-05
3.69435e-05
3.11025e-05
0.000100183
0.000103119
4.27093e-05
4.20455e-05
4.06911e-05
3.90667e-05
3.37881e-05
3.27372e-05
2.74052e-05
3.54788e-05
3.27875e-05
3.71965e-05
3.38803e-05
4.01729e-05
3.53662e-05
3.88885e-05
3.47867e-05
3.32948e-06
3.61352e-06
2.89828e-06
2.60526e-06
2.2892e-06
2.19155e-06
3.45493e-06
2.66612e-06
2.65556e-06
1.90995e-06
1.68449e-06
1.86058e-06
5.41308e-06
5.67697e-06
4.81995e-06
4.44217e-06
3.15526e-06
4.00445e-06
4.98828e-06
3.8106e-06
4.28016e-06
2.72807e-06
3.17344e-06
3.58209e-06
1.98341e-06
2.32654e-06
1.90838e-06
4.2364e-06
9.22328e-05
9.69731e-05
4.14076e-05
4.16883e-05
6.49601e-06
8.11932e-05
4.15413e-05
4.1421e-05
5.35334e-05
5.07201e-05
2.74123e-05
4.12027e-06
6.18989e-07
6.9926e-07
4.60708e-06
6.0355e-07
5.69934e-07
4.55047e-06
5.55946e-07
6.18989e-07
6.9926e-07
2.05212e-06
1.92556e-06
6.0355e-07
5.69934e-07
1.90827e-06
1.90642e-06
5.55946e-07
1.91884e-06
0.000144949
0.000153989
0.000195296
0.000209605
0.000459141
0.000347871
0.000134294
0.000118832
0.000176371
0.000149106
5.29413e-05
6.38879e-05
3.11561e-06
2.65839e-06
2.81923e-06
3.09092e-06
3.26123e-06
2.96751e-06
2.4946e-06
2.53019e-06
2.34354e-06
2.15477e-06
2.38092e-06
2.22586e-06
2.22144e-06
2.10573e-06
2.12079e-06
2.21611e-06
2.10768e-06
0.000102611
0.000100512
4.24156e-05
4.1987e-05
4.50008e-05
3.68465e-05
4.41278e-05
3.5977e-05
4.20151e-05
3.45368e-05
4.31162e-05
3.52118e-05
4.33567e-05
3.64166e-05
4.28019e-05
3.62952e-05
4.12119e-05
3.58227e-05
4.2073e-05
3.61079e-05
5.8466e-05
6.89799e-05
4.09973e-05
4.0455e-05
4.56056e-05
3.78623e-05
4.57855e-05
3.88352e-05
4.36632e-05
3.93769e-05
4.52033e-05
3.94426e-05
5.50573e-05
5.4744e-05
4.44099e-05
4.84043e-05
3.72932e-05
4.38555e-05
4.12638e-05
3.93326e-05
3.87494e-05
4.09691e-05
6.49573e-06
4.36255e-05
3.65165e-05
4.36051e-05
3.66076e-05
4.19878e-05
3.67196e-05
4.30782e-05
3.67054e-05
6.49227e-06
3.76197e-05
3.56525e-05
4.04329e-05
3.66325e-05
3.88635e-05
3.6429e-05
0.000163837
0.000224741
0.000160495
0.000219281
0.00030245
0.000325467
0.000248709
0.000267681
0.00034633
0.000339035
0.000286881
0.000279916
0.000218117
0.000384889
0.000480208
0.000287995
0.0002109
0.000251788
0.000120341
0.000134134
0.000150708
0.000172959
7.63179e-05
9.52909e-05
8.89458e-05
0.000114686
0.000218908
0.000268141
0.000221673
0.000183119
0.00015828
0.000115896
0.000101508
0.00013613
6.78262e-05
6.1204e-05
7.53229e-05
6.55403e-05
0.00016683
0.000107334
0.000110968
9.11369e-05
0.000129343
9.13678e-05
3.19824e-06
3.01803e-06
3.11596e-06
3.30083e-06
2.87117e-06
3.11555e-06
2.68083e-06
2.8614e-06
2.72448e-06
0.000570574
0.000601465
0.000500712
0.000557801
0.000585861
0.000524377
0.000362249
0.00038925
0.000432456
0.000456611
0.000411096
0.000404222
0.000474041
0.000469157
0.000526512
0.000479586
0.000503533
0.000516156
0.000462464
0.000391951
0.000470469
0.000450753
0.000570434
0.000577099
0.000235385
0.000351212
0.000389188
0.000306532
0.000321592
0.000386727
0.000319171
0.000188224
0.000128778
0.000159532
0.000236815
2.4801e-06
4.0432e-06
3.04123e-06
5.00814e-05
3.63999e-06
2.09853e-06
2.28118e-06
3.48641e-06
1.43443e-06
1.12343e-06
2.02285e-06
1.32849e-06
1.60626e-06
1.06904e-06
1.52124e-06
2.66453e-06
1.80496e-06
2.32981e-06
1.59264e-06
1.85058e-06
2.06099e-06
1.18033e-06
1.39684e-06
1.45773e-06
1.24708e-06
1.67368e-06
1.54448e-06
1.34833e-06
1.02851e-06
1.3137e-06
1.00652e-06
1.29803e-06
5.25431e-06
4.48152e-06
4.52054e-06
3.60204e-06
3.3515e-06
3.79603e-06
4.93143e-06
3.99243e-06
4.32009e-06
3.80704e-06
3.36555e-06
3.89254e-06
4.5222e-06
4.21903e-06
3.79339e-06
2.78091e-06
3.56312e-06
3.22694e-06
2.18242e-06
2.13469e-06
2.32849e-06
2.97828e-06
2.73048e-06
2.68132e-06
2.44047e-06
2.93076e-06
2.5869e-06
2.26454e-06
2.53304e-06
2.44563e-06
1.68348e-06
2.03268e-06
1.88589e-06
2.41213e-06
2.27962e-06
2.11735e-06
1.9942e-06
1.69526e-06
1.89671e-06
2.13939e-06
1.99541e-06
2.1333e-06
2.18181e-06
2.04872e-06
1.60451e-06
1.82621e-06
1.49635e-06
1.49082e-06
1.35322e-06
1.38953e-06
1.26264e-06
7.93048e-05
6.2638e-05
7.60179e-05
6.53137e-05
6.72234e-05
7.5782e-05
7.87091e-05
6.90092e-05
7.06644e-05
8.46862e-05
8.16562e-05
5.92581e-05
6.97045e-05
7.27568e-05
4.5748e-05
5.12493e-05
4.21948e-05
3.64788e-05
4.80343e-05
3.91017e-05
5.88733e-05
4.88342e-05
6.13835e-05
6.12708e-05
6.335e-05
7.29443e-05
7.01212e-05
5.68685e-05
5.91122e-05
6.46602e-05
6.73623e-05
5.11013e-05
6.6783e-05
6.40214e-05
5.65222e-05
4.32384e-05
5.43581e-05
5.0158e-05
5.73631e-05
5.23112e-05
5.4589e-05
6.20826e-05
5.9628e-05
4.17606e-05
5.24389e-05
2.94122e-05
3.88731e-05
3.07341e-05
3.41914e-05
4.07363e-05
3.23029e-05
2.85476e-05
3.44205e-05
2.85587e-05
3.32459e-05
6.76748e-06
1.74674e-06
1.32536e-06
2.02096e-06
2.63194e-06
1.3547e-06
2.35663e-06
3.32841e-06
2.7751e-06
2.98594e-06
3.58993e-06
3.44918e-06
3.19679e-06
2.80517e-06
1.45217e-06
2.48777e-06
1.8577e-06
1.30829e-06
2.14355e-06
2.53552e-06
2.50496e-06
2.60275e-06
2.48206e-06
2.04035e-06
2.56837e-06
2.71728e-06
1.93395e-06
2.66176e-06
2.70511e-06
2.56812e-06
2.38331e-06
2.54153e-06
2.05846e-06
2.2007e-06
1.29668e-06
1.2356e-06
1.31232e-06
1.60887e-06
1.21506e-06
1.41642e-06
2.39875e-06
2.4701e-06
2.37188e-06
2.44914e-06
2.44565e-06
2.43153e-06
2.06213e-06
2.42541e-06
2.04468e-06
2.44333e-06
2.18651e-06
1.97116e-06
2.21944e-06
1.97319e-06
1.9476e-06
1.33788e-06
1.42954e-06
1.40416e-06
1.46733e-06
1.46277e-06
0.000628089
0.000634207
0.000330047
0.000409372
0.00039819
0.000466457
0.000553671
0.000474103
0.000301185
0.000309475
0.000388798
0.000625862
0.000625811
0.000629383
0.000671746
0.000657167
5.25008e-05
5.51461e-05
8.37807e-05
8.87489e-05
5.82565e-05
6.09665e-05
0.000100701
9.46554e-05
0.000249195
0.000171148
0.00016259
0.000229511
0.000148472
0.000155001
0.000367464
0.000285686
0.000367929
0.000461208
0.00054208
0.000457871
0.000457746
0.000543198
0.000456869
0.000294467
0.000289246
0.000370157
0.000369032
0.000284951
0.000372645
0.000574614
0.00047414
0.000461183
0.000563057
0.000466575
0.000288142
0.000378259
4.72793e-05
4.97908e-05
7.92694e-05
7.53751e-05
4.24493e-05
4.48111e-05
6.92845e-05
7.20425e-05
0.000131726
0.000205119
0.000134505
0.000142869
0.000209212
0.000138191
3.62334e-05
6.48325e-05
3.8119e-05
4.01987e-05
6.7141e-05
6.56434e-05
0.000129961
0.000201122
0.000129275
0.000202689
0.000129362
2.60453e-06
2.11348e-06
2.3966e-06
3.17148e-06
3.00338e-06
2.74903e-06
1.89246e-06
1.83369e-06
1.73502e-06
1.55499e-06
1.70287e-06
1.63024e-06
1.4497e-06
1.44343e-06
1.4941e-06
1.46435e-06
1.45592e-06
0.000683928
0.000674877
0.00053601
0.000602659
0.000525376
0.000594271
0.000504875
0.000516956
0.000498271
0.00056467
0.000516614
0.000585892
0.000538538
0.00052952
0.000133201
0.000194642
0.000492144
0.00044982
0.000469725
0.000436848
0.000402443
0.000378601
0.000410348
0.00040151
0.000620654
0.000616759
0.000600296
0.000597371
0.000540037
0.000536578
0.000641675
0.000494126
0.000561872
0.000483013
3.21323e-06
3.62423e-06
5.97437e-06
1.92878e-06
2.08339e-06
2.08339e-06
5.49197e-06
8.5669e-07
2.20764e-06
1.3958e-06
1.00997e-06
2.08428e-06
1.39694e-06
2.90778e-06
2.66616e-06
3.36031e-06
5.93802e-06
4.81322e-06
5.8456e-06
2.41702e-05
4.62681e-06
5.70393e-06
5.25374e-06
4.15837e-06
4.44563e-06
3.51938e-06
3.88883e-06
2.63909e-05
3.92099e-06
2.5494e-05
2.70062e-05
2.68672e-05
2.61345e-05
2.67753e-05
2.55173e-05
6.05586e-06
3.34509e-06
2.46337e-05
5.99263e-06
2.41824e-05
2.55152e-05
2.41866e-05
2.41702e-05
2.66351e-05
2.41889e-05
2.41804e-05
2.7042e-05
2.41967e-05
5.82193e-06
5.52783e-06
2.41648e-05
2.46183e-05
2.41715e-05
2.64778e-06
2.64778e-06
5.51096e-06
6.47224e-07
2.84633e-06
6.47224e-07
1.66441e-06
1.1215e-06
4.58307e-06
3.22013e-06
5.42484e-06
1.53985e-06
9.34101e-07
1.34119e-06
3.18714e-06
1.47478e-06
1.88264e-06
3.82639e-06
1.35049e-06
2.10348e-06
3.90236e-06
3.97824e-06
2.61204e-06
5.30907e-06
5.17731e-06
6.49581e-06
6.09793e-06
1.00585e-06
1.02371e-06
1.63617e-06
1.02371e-06
7.26523e-07
1.4822e-06
1.80339e-06
8.8852e-07
1.70024e-06
5.20401e-06
2.31889e-06
1.38273e-06
2.0338e-06
1.86389e-06
2.70624e-06
2.70608e-06
2.49562e-06
1.93941e-06
2.64355e-06
4.11367e-06
5.85918e-06
3.74553e-06
3.1166e-06
2.37064e-06
2.09345e-06
2.64657e-06
2.40584e-06
2.28685e-06
2.93015e-06
3.45645e-06
3.16886e-06
3.66895e-06
3.49514e-06
3.36701e-06
3.53588e-06
3.72877e-06
3.35604e-06
3.81357e-06
3.70791e-06
3.40215e-06
4.91272e-06
2.4679e-05
5.73402e-06
2.6932e-05
6.22168e-06
4.6802e-05
4.19237e-06
2.24205e-06
2.09671e-06
2.27232e-06
2.12386e-06
4.86656e-07
4.86656e-07
5.57092e-07
8.09804e-07
5.74987e-07
7.61818e-07
4.99814e-07
4.99814e-07
6.70101e-07
7.3953e-07
5.58842e-07
8.60985e-07
4.24315e-06
1.29271e-06
1.42924e-06
1.26927e-06
2.75116e-05
6.25189e-06
2.74754e-05
2.74803e-05
4.34981e-06
1.64531e-06
1.66362e-06
1.14914e-06
1.4062e-06
1.78775e-06
1.28538e-06
1.49981e-06
2.09676e-06
2.12598e-06
2.23174e-06
2.13239e-06
2.12362e-06
2.17241e-06
6.26289e-06
2.74985e-05
2.91398e-06
9.86873e-07
2.89574e-06
9.96235e-07
3.98387e-05
2.13174e-06
1.47521e-06
2.12443e-06
1.53479e-06
1.39775e-06
1.31835e-06
1.43097e-06
1.27242e-06
4.05938e-05
5.84281e-06
3.22379e-05
5.8556e-06
3.14853e-05
9.78273e-07
9.55162e-07
9.48285e-07
9.62386e-07
2.51116e-06
1.96059e-06
2.45227e-06
1.99811e-06
2.18861e-06
1.4798e-06
2.21035e-06
1.51105e-06
0.00020561
0.000209903
2.93469e-06
1.01361e-06
1.00605e-06
1.0247e-06
1.26568e-06
1.4767e-06
1.28082e-06
1.3302e-06
1.53343e-06
1.40728e-06
2.87676e-05
5.86821e-06
6.8145e-06
6.81426e-06
5.88552e-06
6.81657e-06
4.21564e-06
4.96391e-05
4.97829e-05
6.28823e-06
4.48748e-05
4.92379e-05
4.87323e-05
6.25641e-06
5.08349e-07
4.92295e-07
5.08349e-07
1.91028e-06
4.92295e-07
1.87287e-06
4.6889e-05
4.76838e-05
5.55552e-05
2.11496e-06
2.13144e-06
2.3034e-06
2.1614e-06
2.36102e-06
2.23271e-06
3.77121e-05
4.68603e-05
3.64361e-05
3.48564e-05
4.50905e-05
4.89497e-05
4.03637e-05
4.77572e-05
4.36664e-05
4.85019e-05
4.62274e-05
4.97653e-05
3.58614e-05
3.41732e-05
3.60287e-05
3.33252e-05
3.72077e-05
3.25599e-05
6.90262e-05
1.45474e-06
9.96235e-07
1.47193e-06
9.86873e-07
1.29476e-06
9.78273e-07
1.29336e-06
1.29113e-06
1.96907e-06
1.77385e-06
1.22094e-06
1.44404e-06
1.70137e-06
1.95415e-06
2.15473e-06
1.95638e-06
1.44123e-06
1.73166e-06
1.70008e-06
2.19146e-06
1.96926e-06
1.29132e-06
1.28613e-06
1.21481e-06
1.26824e-06
1.22654e-06
4.814e-05
5.53225e-05
5.07911e-05
2.85638e-05
3.91442e-05
4.70119e-05
4.44133e-05
4.62562e-05
5.35147e-05
5.18215e-05
4.25797e-05
5.01896e-05
3.94105e-05
4.94019e-05
4.81572e-05
3.13072e-05
2.85608e-05
2.8575e-05
3.12199e-05
6.76447e-06
2.51791e-06
2.47406e-06
2.0324e-06
1.5251e-06
2.56609e-06
2.57456e-06
2.6331e-06
2.61265e-06
2.6639e-06
1.92738e-06
2.52074e-06
2.50718e-06
1.93578e-06
2.53114e-06
2.26056e-06
2.11769e-06
2.21136e-06
2.32324e-06
2.31132e-06
1.69042e-06
1.93718e-06
1.62615e-06
1.58627e-06
1.76993e-06
3.45439e-05
6.47341e-05
0.000130633
3.17816e-05
3.30612e-05
6.53501e-05
6.67503e-05
3.06932e-05
6.89032e-05
0.000222642
0.000140979
0.000132981
0.000215576
0.000136401
1.44491e-06
1.45144e-06
1.49062e-06
1.45902e-06
1.51422e-06
1.46935e-06
0.000271164
0.00060408
0.000299868
0.000688692
0.00070783
0.000588349
0.000293113
0.000334545
0.000307712
7.20571e-05
0.000267358
0.000230596
0.000244999
0.00029101
9.19668e-05
0.000117056
0.000252645
0.000272395
0.0002057
0.000133571
0.000381286
0.0004001
0.000275716
0.000313439
0.000320748
0.00036716
0.000395119
0.000145212
0.000237077
0.000161833
0.000270209
0.000192838
0.000308344
0.000227474
0.000340374
0.000388028
0.000269117
0.000256594
0.000328002
0.000331117
0.000789395
0.000812397
0.000729074
0.00083736
0.00048369
0.000385783
0.00031849
0.000419839
0.000620779
0.000495119
0.00050987
0.000638873
0.000526163
0.000308378
0.000395157
0.000406701
)
;
    }
    window
    {
        type            epsilonWallFunction;
        value           nonuniform List<scalar> 0();
    }
    procBoundary6to0
    {
        type            processor;
        value           nonuniform List<scalar> 
140
(
0.000828443
0.000573852
0.000793646
0.000573852
0.000523274
0.000753299
0.000452329
0.000523274
0.000477686
0.000709482
0.000452329
0.000400328
0.000477686
0.000436318
0.000400328
0.000433829
0.000354174
0.000436318
0.000433829
0.000354174
0.000377563
0.000314191
0.000455601
0.000377563
0.000314191
0.000330684
0.000476299
0.000389237
0.000330684
0.000292193
0.000505392
0.000395208
0.000339574
0.000292193
0.000571594
0.000396827
0.000341684
0.000302159
0.000728081
0.000406597
0.000334273
0.000306194
0.00102337
0.000452142
0.000321338
0.000298911
0.000559611
0.00148576
0.000318521
0.000279808
0.000339172
0.000754853
0.00208738
0.000258454
0.000395892
0.000246029
0.00104445
0.00275546
0.00049458
0.000248642
0.00140098
0.00340441
0.000268891
0.000627979
0.00176165
0.00390482
0.000303425
0.000770501
0.00202264
0.00399488
0.00034353
0.000874818
0.00206209
0.00349407
0.000374284
0.000891348
0.00180761
0.00274676
0.000379836
0.000797924
0.00142779
0.00204781
0.000354403
0.000655732
0.00106901
0.00146989
0.000313889
0.000519725
0.000782241
0.00103859
0.000273669
0.000411709
0.000580761
0.000754853
0.000241033
0.000337137
0.000458272
0.000605289
0.000218669
0.000294641
0.00040502
0.000581569
0.000208067
0.00016229
0.000284119
0.000423999
0.000710221
0.000212328
0.000162294
0.000134944
0.000315934
0.000544693
0.00112742
0.000243336
0.000169715
0.000137729
0.000422293
0.000851217
0.00157214
0.0013496
0.000332964
0.000194975
0.000144054
0.000674859
0.00106828
0.00119448
0.000549002
0.000267824
0.000162133
0.000957856
0.000879295
0.000727408
0.000790675
0.000448527
0.000218886
0.000652437
0.000366903
0.000597999
0.000493372
0.000534608
)
;
    }
    procBoundary6to1
    {
        type            processor;
        value           nonuniform List<scalar> 
553
(
0.000659837
0.000399274
0.000605029
0.000399274
0.000364828
0.000544376
0.000280427
0.000364828
0.000334973
0.000481213
0.000280427
0.000252241
0.000334973
0.000306148
0.000411251
0.000252241
0.00026074
0.000228015
0.000306148
0.000276344
0.000321205
0.00026074
0.000228015
0.000234471
0.000203839
0.000276344
0.000226409
0.000232334
0.000273523
0.000234471
0.000203839
0.00021071
0.000173283
0.000226409
0.000184534
0.000101216
0.000282093
0.000250708
0.00021071
0.000173283
0.000185831
0.000130453
0.000184534
8.11545e-05
3.08364e-05
0.000279101
0.000264683
0.000230393
0.000185831
0.000130453
0.00015546
8.84874e-05
8.11545e-05
3.1781e-05
3.03126e-05
0.000261272
0.0002675
0.000249934
0.000208782
0.00015546
8.84874e-05
0.000119305
6.03135e-05
3.1781e-05
2.18838e-05
3.03126e-05
0.000234562
0.000254449
0.00025951
0.000233869
0.000182073
0.000119305
6.03135e-05
8.92595e-05
4.11778e-05
2.18838e-05
2.18838e-05
3.90159e-05
0.000210323
0.00022756
0.000252185
0.000250929
0.000212761
0.00015024
8.92595e-05
4.11778e-05
7.02664e-05
2.84669e-05
2.35809e-05
2.86471e-05
0.000194133
0.000199608
0.000227617
0.000248824
0.000237648
0.00018545
0.000119897
7.02664e-05
2.84669e-05
2.84669e-05
4.97966e-05
2.35809e-05
1.83579e-05
2.41049e-05
0.000187934
0.000176963
0.000198861
0.000229042
0.000241908
0.00021713
0.000154967
9.24506e-05
4.97966e-05
3.82017e-05
3.21478e-05
1.83579e-05
1.33206e-05
2.41049e-05
0.000189433
0.000161922
0.000173907
0.000200432
0.000227629
0.000229304
0.000190343
0.000123365
6.84913e-05
3.82017e-05
3.82017e-05
3.21478e-05
2.52017e-05
1.33206e-05
1.33206e-05
5.0198e-06
0.000195037
0.000153189
0.00015604
0.000174867
0.000200885
0.000220737
0.000210738
0.000160514
9.64675e-05
5.36172e-05
4.44875e-05
2.52017e-05
1.87176e-05
1.00315e-05
5.0198e-06
0.000200121
0.00014838
0.000144746
0.000156287
0.000176189
0.000199449
0.000209867
0.000190155
0.000134362
7.80199e-05
4.44875e-05
3.55916e-05
1.87176e-05
1.87176e-05
1.00315e-05
1.00315e-05
4.71905e-06
0.000200312
0.000145348
0.000137216
0.000144022
0.000157994
0.000177856
0.000198957
0.000202791
0.000173399
0.000114307
6.40662e-05
3.55916e-05
2.67569e-05
1.71282e-05
8.94359e-06
4.71905e-06
0.000193866
0.000142564
0.000131534
0.000136079
0.000145825
0.000161617
0.000183234
0.000202161
0.000199649
0.000159532
9.44815e-05
5.0132e-05
2.67569e-05
2.67569e-05
1.71282e-05
1.71282e-05
8.94359e-06
8.94359e-06
2.78866e-05
0.000184
0.000139441
0.000126873
0.000129633
0.00013772
0.000150695
0.000170774
0.000196128
0.000211997
0.000194798
0.000135685
7.28108e-05
3.67056e-05
3.67056e-05
2.58509e-05
2.58509e-05
1.8358e-05
1.8358e-05
5.03595e-05
0.000174247
0.000136569
0.000123064
0.000124302
0.000131909
0.000143459
0.000161968
0.000189324
0.000215477
0.000217654
0.000174259
0.000103571
5.23279e-05
5.23279e-05
3.99236e-05
3.99236e-05
3.0146e-05
3.0146e-05
7.67034e-05
0.000166644
0.000134606
0.000120332
0.000119844
0.000126672
0.000138091
0.000155926
0.000183727
0.000215247
0.000229136
0.000201395
0.000135336
7.32608e-05
7.32608e-05
5.89823e-05
5.89823e-05
4.42117e-05
4.42117e-05
0.000102969
0.000134012
0.000119031
0.000116285
0.000121729
0.000133298
0.000151421
0.000179488
0.000213482
0.000233683
0.000217188
0.000160231
9.5399e-05
9.5399e-05
7.93033e-05
7.93033e-05
5.82379e-05
5.82379e-05
0.000121975
0.000119619
0.000114007
0.00011749
0.000128547
0.000147315
0.000176184
0.000211395
0.000234612
0.000224493
0.000175742
0.000113493
0.000113493
9.61637e-05
9.61637e-05
6.85642e-05
6.85642e-05
4.31708e-05
0.000121522
0.000113864
0.000114569
0.00012392
0.000143035
0.000173059
0.000209543
0.00023421
0.000227041
0.000183493
0.000125184
8.04351e-05
5.78619e-05
3.14255e-05
4.31708e-05
0.000124417
0.000115179
0.000113176
0.000119909
0.000138541
0.000169636
0.000207814
0.000233595
0.000227685
0.000186707
0.000131449
8.04351e-05
8.04351e-05
5.78619e-05
5.78619e-05
3.14255e-05
3.14255e-05
4.94158e-05
0.000128263
0.000117243
0.000112998
0.000116901
0.000134014
0.00016583
0.000205949
0.000233213
0.000228024
0.000187989
0.000134399
8.47383e-05
8.47383e-05
6.06206e-05
6.06206e-05
3.3571e-05
3.3571e-05
5.29613e-05
0.000138339
0.000118191
0.000113375
0.000114702
0.00012948
0.000161491
0.000203741
0.000233031
0.000228729
0.000188882
0.000135878
8.7022e-05
8.7022e-05
6.22074e-05
6.22074e-05
3.50905e-05
3.50905e-05
5.58271e-05
0.000177717
0.000119544
0.000111289
0.000112367
0.000124435
0.000156021
0.000200642
0.000232748
0.000229892
0.000190058
0.000136999
8.84252e-05
8.84252e-05
6.3205e-05
6.3205e-05
3.62333e-05
3.62333e-05
5.7637e-05
0.000296884
0.000136032
0.000105784
0.000106542
0.000117893
0.000148428
0.000195443
0.000231665
0.000231218
0.000191623
0.000138255
8.95774e-05
8.95774e-05
6.38968e-05
6.38968e-05
3.69514e-05
3.69514e-05
5.80348e-05
0.000439671
0.000222574
0.000405279
9.89268e-05
9.77715e-05
0.000107072
0.000137434
0.000186426
0.000228505
0.000231909
0.000193307
0.000139698
9.075e-05
9.075e-05
6.44215e-05
6.44215e-05
3.72294e-05
3.72294e-05
5.70114e-05
0.000132876
0.000319524
0.00034674
8.14915e-05
9.31607e-05
0.000119885
0.000171686
0.000220919
0.000230518
0.000194411
0.000141102
9.19354e-05
9.19354e-05
6.47609e-05
6.47609e-05
3.70298e-05
3.70298e-05
5.46311e-05
6.65952e-05
0.000262413
0.000221236
7.56113e-05
9.88779e-05
0.000148433
0.000206001
0.000224675
0.000193744
0.000141924
9.29502e-05
9.29502e-05
6.4819e-05
6.4819e-05
3.64382e-05
3.64382e-05
5.08059e-05
6.02674e-05
3.53188e-05
4.18947e-05
7.66789e-05
0.000118853
0.000180662
0.000211419
0.000189371
0.000141318
9.34076e-05
9.34076e-05
6.43763e-05
6.43763e-05
3.52398e-05
3.52398e-05
4.60082e-05
3.01609e-05
6.08222e-05
9.92964e-05
8.81648e-05
0.000145446
0.000187905
0.000178922
0.000137967
9.27741e-05
9.27741e-05
6.30556e-05
6.30556e-05
3.34324e-05
3.34324e-05
3.98705e-05
7.24538e-05
4.03082e-05
0.000104743
0.000154376
0.00016048
0.00013042
9.02254e-05
9.02254e-05
6.0305e-05
6.0305e-05
3.06641e-05
3.06641e-05
3.11725e-05
3.11725e-05
7.12432e-05
0.000135914
0.000156763
0.000114234
0.000134694
0.000117842
8.49859e-05
8.49859e-05
5.5648e-05
5.5648e-05
2.64839e-05
2.64839e-05
2.64839e-05
8.02705e-05
8.21753e-05
4.30446e-05
4.10832e-05
0.000106032
0.0001011
7.66399e-05
7.66399e-05
4.90325e-05
4.90325e-05
5.33241e-05
5.96903e-05
8.61234e-05
0.000181692
4.0585e-05
8.36392e-05
6.64124e-05
6.64124e-05
4.06788e-05
4.06788e-05
4.27919e-05
4.01194e-05
7.3313e-05
0.000127393
0.000146961
5.62062e-05
5.62062e-05
3.18088e-05
3.18088e-05
3.13657e-05
2.50227e-05
2.8703e-05
4.96918e-05
4.96918e-05
2.27765e-05
2.27765e-05
2.04255e-05
7.26309e-06
6.70916e-05
6.70916e-05
1.25342e-05
1.25342e-05
1.25286e-05
)
;
    }
    procBoundary6to4
    {
        type            processor;
        value           nonuniform List<scalar> 
30
(
0.000247719
0.000241593
0.000261241
0.000249359
0.000241593
0.000279125
0.000261992
0.000249359
0.00029953
0.000274492
0.000261992
0.000324307
0.000288498
0.000274492
0.000356837
0.00030807
0.000288498
0.000404487
0.000341604
0.00030807
0.000485207
0.00040796
0.000341604
0.000645095
0.000554324
0.00040796
0.000863976
0.000752047
0.000554324
0.000752047
)
;
    }
    procBoundary6to5
    {
        type            processor;
        value           nonuniform List<scalar> 
681
(
0.000809264
0.000543006
0.000953295
0.000775647
0.00105078
0.000772423
0.000999893
0.000532085
0.000704882
0.00088171
0.000485781
0.000604664
0.000751969
0.00046907
0.000463393
0.000521206
0.000648574
0.000458285
0.000454251
0.000467774
0.000568969
0.000473891
0.000460132
0.000455176
0.000436853
0.000527575
0.0004868
0.000461718
0.000466147
0.000460295
0.000431628
0.000521311
0.000498419
0.000449618
0.000455903
0.000472044
0.000469301
0.000436945
0.000523978
0.000531986
0.000429045
0.000426205
0.000452728
0.00047677
0.000478142
0.000449764
0.000538876
0.000632614
0.000421294
0.000385979
0.000412565
0.000450704
0.000479901
0.000486567
0.000464152
0.00054819
0.000868428
0.000455414
0.000354509
0.00036353
0.000405439
0.000449452
0.000482699
0.000494934
0.000474862
0.000547707
0.00131281
0.000573561
0.000349905
0.000321323
0.000354543
0.000402085
0.000449463
0.000486897
0.000504299
0.000485651
0.000541886
0.00199351
0.000832158
0.000390749
0.00029965
0.000313192
0.000352292
0.000401503
0.000451951
0.000494593
0.000518676
0.000496047
0.000523252
0.00285091
0.00128047
0.000504327
0.000301736
0.000286818
0.000312339
0.00035378
0.000403795
0.00045821
0.000508337
0.000539318
0.000508063
0.000533676
0.00377258
0.00191986
0.000723842
0.000336818
0.000274144
0.00028597
0.000317851
0.000358961
0.000409508
0.000469397
0.000529867
0.000572622
0.000546389
0.000572897
0.00464819
0.00267693
0.00107192
0.000417032
0.000272988
0.000269777
0.000294034
0.000327751
0.000367539
0.000419284
0.000487249
0.000564421
0.000635642
0.00060418
0.000736456
0.00531982
0.00341943
0.00152764
0.00055341
0.000289128
0.000258724
0.000275678
0.000307232
0.0003413
0.000380469
0.00043482
0.000515283
0.000620661
0.000731144
0.000758704
0.000920651
0.00542275
0.00392173
0.00200214
0.00074533
0.000327981
0.000249773
0.000258109
0.000288553
0.000324085
0.000359533
0.000399479
0.000458891
0.000557105
0.000704986
0.000907855
0.000751257
0.000886333
0.00469051
0.00396462
0.00232129
0.00095885
0.000386673
0.000248704
0.000242118
0.000266556
0.000304743
0.000344946
0.000383902
0.000427287
0.000495106
0.000618508
0.000835752
0.000988797
0.00068513
0.000722518
0.00364024
0.00339707
0.00234873
0.001115
0.000455292
0.000259102
0.000227035
0.000243091
0.00027877
0.000323595
0.000370496
0.000416194
0.000467003
0.000548262
0.000707214
0.000956634
0.000892221
0.000589366
0.000574953
0.00269343
0.00259671
0.00201855
0.00113901
0.000511173
0.000275244
0.00021824
0.000223005
0.00024982
0.000292584
0.000344945
0.000401213
0.000457979
0.000521939
0.000622821
0.000809374
0.000959986
0.000694235
0.000505815
0.000493445
0.00191703
0.00187759
0.00155303
0.00101018
0.00052718
0.000291191
0.000216838
0.000206955
0.000223775
0.000258109
0.000307229
0.000368335
0.000436902
0.000509805
0.000593915
0.000716104
0.000886809
0.000895834
0.000554513
0.000405274
0.000442897
0.00133637
0.0013207
0.00114098
0.000819954
0.000497329
0.000299634
0.000219385
0.000197923
0.000204689
0.000227518
0.000266625
0.000321912
0.000392685
0.000476066
0.000569859
0.000679285
0.000813937
0.000916367
0.000800617
0.000475148
0.000342343
0.000433873
0.000951654
0.000937972
0.000835838
0.000649985
0.000445725
0.000298339
0.000223638
0.000195462
0.000192263
0.000204848
0.000231848
0.000274538
0.000335537
0.000416077
0.000515322
0.000631964
0.000766235
0.000899943
0.000964513
0.000801479
0.000480246
0.000359798
0.000401668
0.000743466
0.000705842
0.000636789
0.000525001
0.0003968
0.000292009
0.000228392
0.000197699
0.000187083
0.000191095
0.000206835
0.000235893
0.000281071
0.000346638
0.000435593
0.000549024
0.000684744
0.000834898
0.000956206
0.000997498
0.000834039
0.000543402
0.000410393
0.000372014
0.000682168
0.000591802
0.000522913
0.000444899
0.000360401
0.000286083
0.000234191
0.000203777
0.000188357
0.0001847
0.000191388
0.000209271
0.000239207
0.000285395
0.00035243
0.000444858
0.000563142
0.000704258
0.000856837
0.000963356
0.000947007
0.000782338
0.000567644
0.000404789
0.000372014
0.000765919
0.00057109
0.000474303
0.00040227
0.000338657
0.000283639
0.000241666
0.000213203
0.000194868
0.000185183
0.000184301
0.000193269
0.000211912
0.000241556
0.000286493
0.000353419
0.000445904
0.000563577
0.000698191
0.000820548
0.000881237
0.000826188
0.000666491
0.000551263
0.000404789
0.00108806
0.000636622
0.00048049
0.000391138
0.000331239
0.000285815
0.000251081
0.000225179
0.000205841
0.000191732
0.000184503
0.000185461
0.000196004
0.000214679
0.000242902
0.000285717
0.000348737
0.000434861
0.000540398
0.000649492
0.000732204
0.000755765
0.00066375
0.000615864
0.000551263
0.00146604
0.00081505
0.000543746
0.000410765
0.000338008
0.000293456
0.000262397
0.000239106
0.000220128
0.00020376
0.000191038
0.000184942
0.000187933
0.0001995
0.000217671
0.00024358
0.000281996
0.000338041
0.000412689
0.000498876
0.000579804
0.000634097
0.000609144
0.000607076
0.000615864
0.00104676
0.000685894
0.000471541
0.000363578
0.000307902
0.000275868
0.000254253
0.000236256
0.000219141
0.000203433
0.000191242
0.000186773
0.000191327
0.00020375
0.000221039
0.000243894
0.000276831
0.000324106
0.000385269
0.0004529
0.000514342
0.000526665
0.000557476
0.000607076
0.000905925
0.000600626
0.000420148
0.000334366
0.000292905
0.000270057
0.000252665
0.000236082
0.00021963
0.000204169
0.000192675
0.000189401
0.000195653
0.000208648
0.00022495
0.000244735
0.000271923
0.000310477
0.000359728
0.000414362
0.00044167
0.000484329
0.000557476
0.000868777
0.000542913
0.000386141
0.000318546
0.000287663
0.000269149
0.000253512
0.000237708
0.000221215
0.000205752
0.000194786
0.00019296
0.00020068
0.00021432
0.00022969
0.000246761
0.000269319
0.000300158
0.000340641
0.000368843
0.000407263
0.000484329
0.000865504
0.000502786
0.000366407
0.0003119
0.000286886
0.000270741
0.000256074
0.000240227
0.000223449
0.000207966
0.000197705
0.000197242
0.000206383
0.000220771
0.000235388
0.00025032
0.000268874
0.000294337
0.000319756
0.000345111
0.000407263
0.000295994
0.000854334
0.00047865
0.000356319
0.000310606
0.000288715
0.000274059
0.000259536
0.000243354
0.000226245
0.000210826
0.000201299
0.000202223
0.000212794
0.000227677
0.000241718
0.000255036
0.000270824
0.000312767
0.000345111
0.000308952
0.000289966
0.000839909
0.00046488
0.00035354
0.000312089
0.000292575
0.000278425
0.000263664
0.000247006
0.00022957
0.000214284
0.000205595
0.000207833
0.000219632
0.00023484
0.000248351
0.000260496
0.000312767
0.000320335
0.000308952
0.000290745
0.000822273
0.000458533
0.000353893
0.000316249
0.000297797
0.000283631
0.00026837
0.000251136
0.000233402
0.00021835
0.000210567
0.000214051
0.000226818
0.000242042
0.000254947
0.000334566
0.000320335
0.000289716
0.000806867
0.0004572
0.000357912
0.000322317
0.000304202
0.000289592
0.000273594
0.000255709
0.000237733
0.000223002
0.000216199
0.000220881
0.000234261
0.000249135
0.000338289
0.000334566
0.000282506
0.000793181
0.000459794
0.00036474
0.000330132
0.000311688
0.000296245
0.000279284
0.000260681
0.000242528
0.00022826
0.000222502
0.000228283
0.000241916
0.000328041
0.000338289
0.000268685
0.000783985
0.000466505
0.000374262
0.000339559
0.000320197
0.000303514
0.000285362
0.00026599
0.000247767
0.000234113
0.000229487
0.000236248
0.000302944
0.000328041
0.000253385
0.000778451
0.000477478
0.000386283
0.000350537
0.000329626
0.000311305
0.000291734
0.000271576
0.000253414
0.000240552
0.000237159
0.00027217
0.000302944
0.000244424
0.000777788
0.000492403
0.000400742
0.000362937
0.000339867
0.000319488
0.00029829
0.000277359
0.000259431
0.000247549
0.000248039
0.00027217
0.000781245
0.000511339
0.000417403
0.000376608
0.00035077
0.000327918
0.000304911
0.000283275
0.000265776
0.000248039
0.000789511
0.000533683
0.000436031
0.000391373
0.000362158
0.000336429
0.000311477
0.00028925
0.000800484
0.000559149
0.000456333
0.000407009
0.00037383
0.000344851
0.000317863
0.00081632
0.000587103
0.000478026
0.000423284
0.000385579
0.000352999
0.000835202
0.000617123
0.000500767
0.000439955
0.000397163
0.000857044
0.000648659
0.000524276
0.000456747
0.000881619
0.00068128
0.000548232
0.000908824
0.000714549
0.000938186
)
;
    }
    procBoundary6to7
    {
        type            processor;
        value           nonuniform List<scalar> 
566
(
0.000508977
0.000459828
0.000495794
0.000503539
0.000446327
0.000464633
0.000528232
0.000460153
0.000417612
0.000416484
0.000519774
0.000470444
0.000408829
0.000371359
0.000349326
0.000480759
0.00046172
0.00040865
0.000348341
0.000303175
0.000262322
0.000420583
0.000425691
0.000398439
0.000343499
0.000274987
0.000217388
0.000174297
0.000361065
0.000371703
0.000366483
0.000334528
0.000271603
0.000188401
0.00012495
8.69584e-05
0.000327391
0.000327149
0.000323323
0.0003101
0.000269088
0.00018948
9.94488e-05
5.72822e-05
4.7761e-05
0.000327904
0.000317292
0.000298131
0.000280405
0.000256136
0.000196831
0.000106679
5.7607e-05
4.77264e-05
5.05053e-05
0.000352838
0.000339878
0.000305067
0.000272011
0.000241693
0.000199855
0.000129671
7.6898e-05
5.99099e-05
4.7866e-05
5.17332e-05
0.000388039
0.000390607
0.000348663
0.00028926
0.000244004
0.000202352
0.000151566
0.000106409
8.02061e-05
5.9204e-05
4.29655e-05
4.84516e-05
0.000413686
0.00044079
0.00040901
0.000343412
0.000271728
0.000217353
0.000173346
0.000136038
0.000104475
7.58207e-05
5.10803e-05
3.63001e-05
3.87442e-05
0.000473897
0.000419308
0.000460866
0.000402217
0.000326262
0.000256183
0.000203874
0.000165877
0.000130139
9.36211e-05
6.20626e-05
4.1206e-05
3.0752e-05
3.1932e-05
0.000479983
0.000491315
0.000402506
0.000447434
0.000377276
0.00030503
0.000244168
0.000198171
0.000155761
0.000111945
7.41278e-05
4.82963e-05
3.36681e-05
2.4822e-05
2.74905e-05
0.000457444
0.00049445
0.000470375
0.000363189
0.000410878
0.000343992
0.000281893
0.000229128
0.000179992
0.00012993
8.64261e-05
5.58027e-05
3.76616e-05
2.64368e-05
1.71072e-05
6.28301e-06
0.000407504
0.000469695
0.000469697
0.000423725
0.000313401
0.000364443
0.000305892
0.000251743
0.000199234
0.000145901
9.81456e-05
6.32994e-05
4.17448e-05
2.85974e-05
1.80827e-05
9.36826e-06
4.46663e-06
0.000341769
0.000418312
0.000446014
0.000419025
0.00036765
0.000268499
0.000313625
0.000262018
0.000210644
0.000157651
0.000108276
7.03137e-05
4.57261e-05
3.06197e-05
1.95505e-05
1.10814e-05
6.23602e-06
1.87242e-06
0.000278534
0.00034837
0.000399775
0.000398393
0.000359687
0.000309898
0.000245806
0.000261321
0.000213501
0.000163937
0.000115696
7.63102e-05
4.93608e-05
3.24367e-05
2.07986e-05
1.23963e-05
7.65741e-06
4.79579e-06
8.13254e-07
0.000238946
0.000277002
0.00033447
0.000361173
0.000342793
0.000300051
0.000254301
0.000244302
0.000210192
0.000164945
0.000119826
8.07447e-05
5.24051e-05
3.39986e-05
2.17593e-05
1.33768e-05
8.66098e-06
6.35444e-06
2.46699e-06
5.66837e-07
0.0002293
0.000227721
0.000263728
0.000306947
0.000315909
0.000287223
0.000245068
0.00020347
0.000250619
0.000162356
0.00012083
8.33427e-05
5.46177e-05
3.52361e-05
2.24723e-05
1.40736e-05
9.34655e-06
6.93987e-06
3.386e-06
7.4605e-07
0.00022892
0.000208965
0.000210749
0.000244604
0.00027639
0.000269899
0.000235814
0.000196277
0.000157734
0.000255234
0.00011956
8.41512e-05
5.58759e-05
3.60642e-05
2.29598e-05
1.45483e-05
9.84634e-06
7.36702e-06
3.94727e-06
1.03462e-06
0.000226017
0.000203163
0.000185793
0.000193901
0.000228109
0.00024493
0.000225215
0.000189545
0.000152609
0.000116779
0.000259922
8.35268e-05
5.6176e-05
3.64388e-05
2.32196e-05
1.48301e-05
1.01843e-05
7.77203e-06
4.94848e-06
1.52012e-06
0.000222089
0.000193889
0.000174642
0.000165048
0.000183871
0.000212554
0.000210522
0.000182331
0.000147385
0.000113194
8.18014e-05
0.000270068
5.56863e-05
3.63642e-05
2.32592e-05
1.49506e-05
1.03415e-05
8.04496e-06
5.58228e-06
2.11564e-06
0.000222159
0.00018145
0.000160009
0.00014839
0.000153287
0.000178377
0.000190362
0.000172763
0.000141549
0.000109043
7.93067e-05
5.45146e-05
0.00029534
3.59222e-05
2.31098e-05
1.49469e-05
1.03709e-05
8.09123e-06
5.91872e-06
2.31391e-06
0.000237124
0.00017436
0.000141546
0.000129884
0.000131455
0.000149146
0.00016622
0.000159425
0.000134124
0.000104166
7.62006e-05
5.28278e-05
3.51088e-05
0.000355378
2.27672e-05
1.48522e-05
1.03364e-05
8.00884e-06
6.04669e-06
2.33875e-06
0.00028662
0.000179885
0.000127461
0.000108146
0.000110459
0.000124483
0.000141373
0.000142397
0.000124333
9.82162e-05
7.24983e-05
5.07037e-05
3.39967e-05
2.22275e-05
0.000496834
1.46395e-05
1.0279e-05
7.86941e-06
6.00202e-06
2.44883e-06
0.00041629
0.000218621
0.000125194
8.78095e-05
8.85589e-05
0.000102117
0.000117702
0.000123177
0.000112122
9.09515e-05
6.81508e-05
4.81933e-05
3.26298e-05
2.15102e-05
1.42907e-05
0.000658238
1.017e-05
7.77043e-06
5.78237e-06
2.65151e-06
0.000543851
0.000333175
0.0001521
7.85101e-05
6.71671e-05
8.15712e-05
9.60187e-05
0.000103667
9.82665e-05
8.24674e-05
6.31557e-05
4.53432e-05
3.10607e-05
2.0666e-05
1.38223e-05
9.94395e-06
7.70943e-06
5.36852e-06
2.66742e-06
0.000434385
0.000246378
9.1728e-05
5.19786e-05
6.28789e-05
7.70114e-05
8.53611e-05
8.40244e-05
7.31802e-05
5.76528e-05
4.22176e-05
2.93497e-05
1.9743e-05
1.33024e-05
9.58553e-06
7.59822e-06
4.86778e-06
2.45461e-06
0.000330034
0.000158794
5.17674e-05
4.61031e-05
6.06694e-05
6.92408e-05
7.04979e-05
6.37496e-05
5.18915e-05
3.89265e-05
2.75494e-05
1.87825e-05
1.2774e-05
9.21188e-06
7.29299e-06
4.72803e-06
1.92486e-06
0.000230992
9.25752e-05
3.59674e-05
4.65708e-05
5.55164e-05
5.84004e-05
5.47687e-05
4.61623e-05
3.56055e-05
2.57205e-05
1.78033e-05
1.22525e-05
8.88729e-06
6.97172e-06
4.86733e-06
1.79728e-06
0.000146692
4.49581e-05
3.54982e-05
4.40559e-05
4.79788e-05
4.66314e-05
4.07206e-05
3.23944e-05
2.39212e-05
1.68272e-05
1.17273e-05
8.59986e-06
6.74879e-06
4.90651e-06
2.10194e-06
7.18654e-05
2.7871e-05
3.47752e-05
3.92845e-05
3.95146e-05
3.57443e-05
2.93742e-05
2.22195e-05
1.58702e-05
1.11985e-05
8.3184e-06
6.57525e-06
4.82017e-06
2.40958e-06
2.98908e-05
2.90501e-05
3.25132e-05
3.35554e-05
3.13297e-05
2.66037e-05
2.0653e-05
1.49671e-05
1.06623e-05
8.0291e-06
6.42058e-06
4.64591e-06
2.39235e-06
4.07462e-05
2.95888e-05
2.91212e-05
2.76055e-05
2.41203e-05
1.92316e-05
1.41381e-05
1.01374e-05
7.72036e-06
6.27344e-06
4.45142e-06
2.23478e-06
4.85626e-05
2.81063e-05
2.49476e-05
2.20061e-05
1.79489e-05
1.34029e-05
9.62588e-06
7.40649e-06
6.13458e-06
4.25967e-06
1.99728e-06
4.59072e-05
2.49521e-05
2.05164e-05
1.68307e-05
1.27321e-05
9.13958e-06
7.07103e-06
6.02155e-06
4.12523e-06
1.71496e-06
3.89044e-05
2.07041e-05
1.59876e-05
1.21109e-05
8.64005e-06
6.68554e-06
5.9231e-06
4.11452e-06
1.477e-06
3.15159e-05
1.60156e-05
1.15284e-05
8.10528e-06
6.1524e-06
5.70803e-06
4.2848e-06
1.37419e-06
6.76087e-06
1.11808e-05
7.47071e-06
5.48349e-06
5.24632e-06
4.53441e-06
1.37939e-06
2.87512e-05
4.29674e-06
4.29674e-06
6.77047e-06
4.29674e-06
4.75526e-06
4.44755e-06
4.73982e-06
1.49226e-06
2.95372e-06
2.95372e-06
5.9097e-06
2.2287e-06
2.2287e-06
3.50451e-06
4.46722e-06
1.59695e-06
1.00283e-06
1.69996e-06
1.69996e-06
3.22674e-06
1.54989e-06
9.43466e-07
1.2899e-06
1.2899e-06
1.48872e-06
9.71301e-07
)
;
    }
}


// ************************************************************************* //
