/*--------------------------------*- C++ -*----------------------------------*\
  =========                 |
  \\      /  F ield         | OpenFOAM: The Open Source CFD Toolbox
   \\    /   O peration     | Website:  https://openfoam.org
    \\  /    A nd           | Version:  12
     \\/     M anipulation  |
\*---------------------------------------------------------------------------*/
FoamFile
{
    format      ascii;
    class       volScalarField;
    location    "250";
    object      nut;
}
// * * * * * * * * * * * * * * * * * * * * * * * * * * * * * * * * * * * * * //

dimensions      [0 2 -1 0 0 0 0];

internalField   nonuniform List<scalar> 
14529
(
0.000556152
0.000638138
0.000614399
0.000583854
0.000447398
0.000739743
0.000522382
0.000297416
0.00085106
0.000645087
0.00042304
0.000769479
0.000526924
0.000316244
0.000873666
0.000413807
0.000467395
0.00096649
0.000773109
0.000282402
0.00096738
0.000202191
0.000785533
0.000651299
0.000421731
0.000837278
0.000474731
0.00101351
0.000541945
0.00033475
0.000831433
0.000823422
0.000234037
0.000709226
0.00138819
0.000429916
0.000294423
0.000430135
0.000483321
0.000996325
0.000726059
0.000159278
0.000716069
0.000653162
0.000423462
0.000641695
0.00041671
0.000872407
0.000531571
0.00107409
0.000591713
0.00148631
0.000264289
0.000553388
0.000322038
0.000835468
0.000783667
0.000265177
0.00066207
0.000696144
0.000544944
0.000431696
0.000597452
0.00126233
0.00225682
0.000426444
0.000330702
0.000407368
0.000114901
0.000452841
0.000834572
0.0007003
0.000423439
0.000895113
0.000262092
0.000630297
0.000408516
0.000888643
0.000541307
0.00110609
0.00153318
0.000260776
0.00057234
0.000618861
0.000639535
0.00062191
0.000323582
0.000854971
0.000634379
0.00224236
0.000414952
0.000821938
0.000219815
0.000654625
0.00074864
0.000651708
0.000461484
0.000453896
0.000958693
0.000324945
0.000539541
0.00241084
0.0011797
0.00219485
0.00260195
0.00026996
0.000543197
0.000390661
0.00356026
0.000432634
0.000858854
0.000206827
0.000498115
0.00224798
0.000226062
0.000400517
0.000892462
0.000540111
0.00111868
0.00155451
0.000257906
0.000582069
0.000656527
0.00220662
0.000413948
0.000590502
0.000605585
0.000393013
0.000890006
0.000669913
0.000349042
0.00086607
0.000670934
0.000341575
0.000863275
0.00083229
0.000202735
0.000696915
0.00249052
0.00260342
0.00351967
0.000797189
0.000665941
0.000491034
0.000493832
0.0010266
0.000354411
0.000538877
0.00253805
0.000257506
0.000497424
0.00220245
0.000314066
0.00287407
0.00110764
0.00194566
0.00243822
0.00464782
0.000237794
0.000362058
0.000200572
0.00347768
0.000492005
0.00050121
0.00299936
0.000101662
0.00274028
0.00119107
0.00219676
0.000536011
0.00112285
0.00156158
0.000254538
0.000586637
0.000666967
0.00217251
0.000411278
0.0025342
0.00258733
0.00347749
0.000574024
0.00055792
0.00037702
0.000874211
0.000883363
0.000385306
0.0005305
0.00112125
0.000351301
0.000865836
0.000844949
0.000203616
0.000703459
0.00065917
0.000647028
0.000349439
0.000832726
0.000837014
0.000203284
0.000709572
0.000817441
0.00065895
0.000503592
0.000326747
0.00298871
0.00480879
0.000465119
0.000515217
0.00107025
0.000368838
0.00057125
0.00280215
0.000269279
0.00277903
0.00151202
0.00225886
0.000516997
0.00185124
0.000303394
0.00263835
0.000120833
0.00188403
0.00395631
0.00404706
0.00146231
0.00202501
0.00442849
0.000929058
0.000258333
0.000134183
0.00338401
6.6562e-05
0.000497829
6.86663e-05
0.00418979
0.00051521
0.000165449
0.00026883
0.00111985
0.00180357
0.000213296
0.00155851
0.000250869
0.000586807
0.000669874
0.00213922
0.000407266
0.00255293
0.00256542
0.00343014
0.000335383
0.00304895
0.00488451
0.000441455
0.000532948
0.000544733
0.000368159
0.000861198
0.000359056
0.000843098
0.000516324
0.00110162
0.0011131
0.000523836
0.00154953
0.000246983
0.000583935
0.000854415
0.000203978
0.000682997
0.000831297
0.000662686
0.000511451
0.000675692
0.000686081
0.000350833
0.00077289
0.000349702
0.000787043
0.000856797
0.000204903
0.000664841
0.000828911
0.00066021
0.000507856
0.000529398
0.00109629
0.000377358
0.000133627
0.00196299
0.00411136
0.000995984
6.49124e-05
0.00059444
0.00300284
0.000269273
0.00300105
0.00174728
0.00224243
0.000337687
0.00195812
0.00251564
0.000202038
0.00572609
0.00166452
0.000279991
0.00223379
0.000102997
0.00173399
0.00377555
4.83519e-05
0.000662982
0.0026877
0.000866737
0.000547286
0.0012889
0.00166103
0.00405228
0.000859733
0.000126009
0.00246737
9.93047e-05
0.000260074
0.000489945
3.42562e-05
7.35281e-05
5.44371e-05
0.000554405
0.000235923
0.00023812
5.28102e-05
0.00121459
0.000112734
0.0019674
0.000243281
4.81591e-05
0.000668673
0.0021057
0.000402522
0.00255438
0.0025386
0.00338125
0.000338925
0.00307309
0.00490417
0.000424149
0.000140342
0.00200636
0.00420693
0.00103935
6.01911e-05
0.000519648
0.000504343
0.000340753
0.000797272
0.000350263
0.000821296
0.000507185
0.00108615
0.000495632
0.00106624
0.00151214
0.000238526
0.000570849
0.000578133
0.00153301
0.000242923
0.000664186
0.00207228
0.00039717
0.000826141
0.000660778
0.000513796
0.000541306
0.00110657
0.000382352
0.000697622
0.00069197
0.000352923
0.000765812
0.000355483
0.000760241
0.000862469
0.000205287
0.000654017
0.000862015
0.000205569
0.000670262
0.000810447
0.000665146
0.000493488
0.000538027
0.00110651
0.000381043
0.000609702
0.00312917
0.000267025
5.91391e-05
0.000734785
0.0027798
0.000898005
0.00012948
5.43834e-05
0.00314214
0.00189369
0.002204
0.000382569
0.00244489
0.00278951
0.000188628
0.00020152
0.00164455
0.00284725
0.000358891
4.79975e-05
0.000625963
0.000968519
0.000260712
0.000228413
0.0018046
8.26504e-05
0.00143916
0.0035391
3.67629e-05
0.000541889
0.00253129
0.000829198
3.52358e-05
0.000116547
3.51783e-05
0.00121106
0.000675076
0.000111336
0.00016344
8.01725e-05
0.000775811
0.00297844
0.000786893
0.000129235
5.13552e-05
0.000290268
0.000321582
0.000242236
4.01304e-05
7.53031e-05
5.51549e-05
5.69212e-05
3.71259e-05
0.000484066
0.00071087
0.000275819
5.58589e-05
4.21093e-05
0.00176243
0.000421582
7.00786e-05
0.000245194
4.90815e-05
3.7975e-05
0.00254339
0.0025075
0.00332737
0.000339445
0.00307515
0.00489029
0.000409103
0.000141192
0.00202559
0.00425124
0.00104609
5.87166e-05
6.71011e-05
0.00076134
0.00283186
0.000924648
0.000133461
5.35332e-05
0.000450068
0.000481257
0.00032957
0.000768745
0.000316862
0.000735682
0.000469475
0.0010133
0.000482424
0.00104282
0.00148693
0.00023375
0.000562215
0.00145784
0.000228538
0.00055163
0.000649783
0.00201112
0.000384597
0.000657913
0.00204366
0.000391166
0.00252257
0.00247322
0.00327252
0.000539008
0.00109839
0.00038192
0.000624009
0.003222
0.000262656
0.000702415
0.000760322
0.000359685
0.000357676
0.000759248
0.000705887
0.000857722
0.00020425
0.000651205
0.000853233
0.000203243
0.000650227
0.000770704
0.000674824
0.000420028
0.000792206
0.000673009
0.000448258
0.000535199
0.00108285
0.000379356
0.000619011
0.00319233
0.000264779
0.00319859
0.00197388
0.0021727
4.10734e-05
0.000148399
3.10708e-05
0.0012889
0.000686138
0.000104922
4.95421e-05
3.93846e-05
0.000415111
0.00271889
0.00286755
0.000173464
0.000251668
0.00193447
0.00336545
0.000385854
4.60728e-05
0.000214067
0.000863462
0.00262225
0.000417797
5.31919e-05
3.91029e-05
9.14828e-05
0.00012227
0.00114777
0.000146285
0.00062114
6.71469e-05
0.000153776
0.000960802
0.00233523
3.51936e-05
0.000362461
0.0022015
0.000738131
3.49812e-05
7.50776e-05
2.97899e-05
0.00104354
0.000622707
0.000122605
2.72549e-05
3.0926e-05
0.000251591
4.28884e-05
3.11062e-05
0.000210462
0.000102477
4.38498e-05
0.00013968
7.40309e-05
5.69403e-05
0.00105738
0.000596102
0.000132259
6.02639e-05
4.67894e-05
3.16044e-05
6.58516e-05
7.15704e-05
5.30933e-05
7.36124e-05
5.88695e-05
4.19007e-05
3.9144e-05
3.61405e-05
6.68036e-05
0.000271701
0.000133709
3.22437e-05
4.35033e-05
3.94417e-05
0.000218737
0.000973304
9.53007e-05
0.000107336
3.13581e-05
4.92364e-05
3.92271e-05
3.45497e-05
0.00033769
0.00306104
0.00485451
0.000396227
0.000139879
0.00203032
0.00425918
0.00103944
5.69632e-05
7.11592e-05
0.000748335
0.00285404
0.000931825
0.000132898
5.39353e-05
4.87464e-05
0.000159847
3.49178e-05
0.00130837
0.000690973
0.000106272
4.95738e-05
3.95159e-05
0.000436669
0.00045062
0.00028374
0.000653218
0.000301398
0.000700242
0.000456092
0.000974183
0.000440023
0.000927187
0.0013835
0.000216569
0.000525545
0.00142357
0.000222844
0.000539733
0.000639872
0.00197362
0.000377348
0.000627687
0.00193117
0.00036937
0.00246026
0.00239401
0.00315318
0.00249488
0.00243601
0.0032145
0.00033442
0.0030355
0.00480352
0.000384908
0.000625296
0.00322344
0.000259983
0.00320233
0.00204028
0.00213552
0.000766083
0.000362014
0.000651506
0.000849673
0.000202722
0.000849855
0.000202686
0.000650915
0.000715321
0.000712049
0.00036362
0.000777217
0.000758433
0.00067312
0.000415016
0.000750699
0.00067141
0.000411968
0.000525284
0.00105277
0.000372102
0.000531392
0.00106856
0.000375632
0.000621405
0.00319518
0.000256421
0.00320798
0.002016
0.00215237
0.000438881
0.00288293
0.00289003
0.00016199
2.5213e-05
3.20881e-05
0.000290703
5.24529e-05
3.03689e-05
0.000210854
9.06941e-05
4.01309e-05
4.39897e-05
3.91158e-05
0.000279416
0.00219901
0.0035456
0.000387363
4.18763e-05
0.000292217
0.00122165
0.00304795
0.000560261
5.50628e-05
3.92502e-05
8.6355e-05
0.000259775
0.000121759
0.00152503
0.000442253
5.75897e-05
4.0084e-05
3.73513e-05
5.49081e-05
7.40715e-05
0.000119926
0.000198413
0.000110417
0.000157254
0.000203117
3.12845e-05
0.000710851
3.3781e-05
3.38909e-05
8.89136e-05
0.00120832
0.000454044
3.63951e-05
3.48298e-05
3.04772e-05
0.000709027
0.000494005
0.000128829
3.15609e-05
3.0411e-05
0.000185908
3.36578e-05
2.83934e-05
0.000180122
0.000107571
5.49745e-05
3.09499e-05
3.91129e-05
2.80205e-05
6.20474e-05
6.51007e-05
3.65247e-05
2.98394e-05
5.41238e-05
4.41517e-05
3.83743e-05
0.000182747
4.62542e-05
7.69044e-05
4.14455e-05
0.000169228
0.000104089
7.37021e-05
5.41107e-05
5.57639e-05
5.92139e-05
5.43978e-05
6.2278e-05
4.51997e-05
4.12955e-05
4.63572e-05
3.73404e-05
3.21862e-05
5.40597e-05
4.83603e-05
5.57895e-05
8.59461e-05
3.42187e-05
5.02332e-05
2.78936e-05
4.24793e-05
3.43389e-05
8.45734e-05
4.92805e-05
0.000238186
3.34941e-05
7.04715e-05
3.56978e-05
2.74507e-05
4.15849e-05
4.04664e-05
3.48177e-05
0.000136432
0.00202412
0.00424413
0.00102588
5.6273e-05
7.16425e-05
0.000728804
0.0028574
0.000931418
0.00013191
5.39495e-05
5.76086e-05
0.000154668
3.93934e-05
0.00129316
0.000684726
0.000105283
4.96158e-05
4.07468e-05
2.51448e-05
3.18396e-05
0.00029356
5.74124e-05
3.5795e-05
0.000205251
8.60859e-05
3.98264e-05
4.49057e-05
0.000672808
0.0004641
0.000263883
0.000596785
0.000241448
0.00056657
0.00040389
0.000815784
0.000421638
0.000876171
0.00133887
0.000209601
0.000506763
0.0012877
0.000201877
0.000484329
0.000597591
0.00182844
0.000350529
0.000613697
0.00188328
0.000360445
0.00241796
0.00234659
0.00308823
0.00236829
0.00229362
0.00301761
0.000325323
0.00295719
0.00466268
0.000365177
0.000330314
0.0030006
0.00473888
0.000374608
0.000132701
0.00200872
0.00421211
0.0010112
5.57352e-05
0.00317712
0.00205588
0.00211358
0.00046503
0.00304932
0.00292693
0.000145839
0.000655376
0.000852539
0.000203357
0.000400066
0.000745719
0.000672795
0.000745698
0.000671383
0.00040355
0.000710858
0.000664839
0.00036772
0.00081296
0.000365641
0.000791938
0.000858684
0.000204733
0.000662719
0.000520845
0.00104012
0.000369226
0.000517943
0.00103144
0.000367209
0.000608892
0.00311321
0.000248625
0.000614687
0.00315342
0.000252431
0.00311768
0.00206974
0.00208167
0.000454752
0.00298587
0.00291082
0.000153252
0.000295772
0.00240625
0.00359846
0.000380715
3.89826e-05
3.14122e-05
2.99304e-05
2.85441e-05
7.11937e-05
5.89289e-05
4.26707e-05
2.98049e-05
4.27909e-05
3.79528e-05
3.72561e-05
3.09752e-05
4.10821e-05
0.000360193
0.00147373
0.00329524
0.00060424
5.41049e-05
3.92959e-05
0.000119907
0.000208969
0.000441859
0.00175356
0.0005413
6.68723e-05
4.02005e-05
3.75661e-05
0.000271251
3.10402e-05
0.000573921
6.30115e-05
3.06546e-05
0.000180453
5.83933e-05
4.16507e-05
3.85031e-05
3.45199e-05
4.76021e-05
6.92951e-05
5.14057e-05
5.32245e-05
5.52954e-05
3.85357e-05
5.49722e-05
4.59292e-05
0.00012674
3.25219e-05
3.88028e-05
0.000218468
3.21283e-05
0.00011859
4.63545e-05
2.79206e-05
3.35169e-05
2.89943e-05
0.000159127
0.000180882
0.000111481
3.38745e-05
3.02079e-05
8.86249e-05
3.14533e-05
2.85822e-05
0.000116462
0.000107606
7.18527e-05
5.43114e-05
3.0659e-05
2.78352e-05
5.79604e-05
6.65555e-05
3.31973e-05
2.70629e-05
5.8822e-05
5.31471e-05
4.58628e-05
3.43547e-05
2.75626e-05
0.000141021
2.64257e-05
4.94224e-05
5.44145e-05
4.98443e-05
3.59699e-05
2.76232e-05
3.89262e-05
3.94754e-05
5.66235e-05
6.13718e-05
4.68622e-05
4.29641e-05
3.89067e-05
6.49939e-05
7.51868e-05
7.20996e-05
4.32735e-05
4.50752e-05
5.10568e-05
5.69832e-05
6.08519e-05
4.18636e-05
3.62809e-05
3.46642e-05
4.42377e-05
4.04846e-05
2.89168e-05
7.58686e-05
7.06004e-05
4.57827e-05
4.74522e-05
3.65223e-05
3.67998e-05
2.82091e-05
3.02498e-05
2.77536e-05
3.85371e-05
3.47636e-05
3.57195e-05
3.65226e-05
4.43197e-05
3.67708e-05
2.77491e-05
3.57688e-05
2.78359e-05
2.55182e-05
3.69861e-05
3.67798e-05
3.5961e-05
0.000694415
7.14556e-05
0.00284758
0.000923831
0.000129131
5.4033e-05
6.4546e-05
0.000147271
4.42856e-05
0.00126563
0.000677463
0.000104841
5.01047e-05
4.12413e-05
2.53344e-05
3.34719e-05
0.000285507
5.75964e-05
3.55024e-05
0.000194105
8.17874e-05
3.95461e-05
4.43767e-05
2.62705e-05
3.13477e-05
2.90126e-05
7.09503e-05
5.20312e-05
4.82693e-05
3.49169e-05
4.09284e-05
3.54864e-05
3.68416e-05
0.000213339
0.000596155
0.00021938
0.000539353
0.000389595
0.000725684
0.00037109
0.000610889
0.00018322
0.00115144
0.000437374
0.000193128
0.00122547
0.000462294
0.000579613
0.00176623
0.000339308
0.000558151
0.00169533
0.000326774
0.00224555
0.00216753
0.00285654
0.00231147
0.00223484
0.00294121
0.000319715
0.0029053
0.00457583
0.000355954
0.000313143
0.00284445
0.00447685
0.000347247
0.00196044
0.000126026
0.00410713
0.000975756
5.46643e-05
0.00198783
0.000129322
0.00416574
0.000993939
5.50863e-05
0.000665832
7.05058e-05
0.00282842
0.000913945
0.000127385
5.42518e-05
0.00047142
0.00308833
0.0029281
0.000138552
0.00264983
0.000312818
0.00360313
0.000374782
3.59096e-05
0.000403646
0.000751512
0.000676068
0.000517413
0.00102815
0.000366795
0.000516709
0.00102725
0.000366297
0.000623586
0.000640473
0.000377512
0.000840688
0.000356132
0.000877839
0.000873653
0.000208424
0.000687948
0.000867367
0.000206358
0.000671191
0.000762505
0.000680766
0.000413574
0.000604859
0.00308462
0.000245418
0.000602287
0.00306642
0.000243067
0.00297379
0.0020771
0.00200854
0.00304016
0.00207735
0.00204417
0.000475102
0.00311199
0.00290789
0.000131018
0.00255319
0.000306324
0.00360879
0.000377299
3.72058e-05
0.000398445
0.00164201
0.00340837
0.000612307
5.24806e-05
3.92356e-05
3.35298e-05
2.78009e-05
0.00010275
2.67799e-05
4.66277e-05
5.07876e-05
3.64122e-05
4.15061e-05
2.9042e-05
3.29649e-05
3.51117e-05
3.14945e-05
3.32602e-05
3.1548e-05
4.49325e-05
4.09052e-05
0.000141525
0.000279494
0.000621667
0.00187994
0.000602764
6.92191e-05
4.00425e-05
3.78012e-05
5.0874e-05
9.32522e-05
3.65946e-05
9.9993e-05
0.000664393
0.000232192
6.56401e-05
4.25591e-05
3.89001e-05
3.43804e-05
0.000198938
4.94636e-05
2.7839e-05
5.25825e-05
9.98373e-05
2.86107e-05
2.61315e-05
3.92742e-05
4.33671e-05
4.00538e-05
3.69341e-05
3.76727e-05
4.7081e-05
4.97714e-05
4.69142e-05
4.78746e-05
5.45406e-05
3.53406e-05
4.56068e-05
3.4674e-05
5.82305e-05
3.16346e-05
3.53348e-05
5.32706e-05
3.15308e-05
6.77654e-05
2.77174e-05
4.11117e-05
3.34578e-05
6.16437e-05
2.89913e-05
8.58934e-05
2.91863e-05
2.76809e-05
4.13099e-05
3.09098e-05
2.81167e-05
5.80932e-05
8.42985e-05
8.34679e-05
3.03288e-05
2.76689e-05
4.23422e-05
6.61527e-05
2.97768e-05
2.73678e-05
6.0299e-05
7.43826e-05
5.91598e-05
3.45836e-05
2.77228e-05
2.61673e-05
4.63196e-05
5.07584e-05
5.28457e-05
3.28281e-05
2.74613e-05
2.79331e-05
6.87162e-05
2.60914e-05
7.0392e-05
2.60251e-05
4.86212e-05
4.55323e-05
4.68379e-05
3.08653e-05
2.4926e-05
3.55951e-05
4.72344e-05
4.53753e-05
4.80502e-05
5.48536e-05
4.45808e-05
4.00667e-05
4.12039e-05
6.81395e-05
4.03223e-05
4.13244e-05
4.56642e-05
5.23003e-05
6.38166e-05
3.49318e-05
3.56489e-05
3.42055e-05
6.20134e-05
5.31587e-05
6.26481e-05
5.5619e-05
3.16936e-05
2.83044e-05
7.27294e-05
7.39666e-05
6.93867e-05
5.65386e-05
4.36526e-05
3.46265e-05
3.03238e-05
2.76375e-05
2.77547e-05
2.77484e-05
2.59015e-05
3.63413e-05
2.83326e-05
3.13356e-05
3.5151e-05
2.79718e-05
2.54559e-05
2.79453e-05
2.55353e-05
2.52199e-05
3.04655e-05
3.5052e-05
3.30349e-05
3.43313e-05
3.17067e-05
0.000134435
0.00123537
7.0198e-05
4.75411e-05
0.000667107
0.000103242
4.95838e-05
4.13807e-05
2.61789e-05
3.37799e-05
0.000264723
5.49191e-05
4.27054e-05
0.000184745
7.93678e-05
3.92426e-05
2.38843e-05
3.16111e-05
3.06871e-05
6.87099e-05
4.89674e-05
5.05031e-05
3.493e-05
3.84956e-05
3.43948e-05
3.69223e-05
7.74773e-05
3.2938e-05
2.75978e-05
2.7621e-05
4.76348e-05
4.21233e-05
3.50088e-05
4.60164e-05
3.03414e-05
0.000319498
0.000475386
0.000344157
0.000512305
0.000172244
0.00107505
0.000402052
0.000160017
0.000997058
0.000362061
0.00152502
0.000296917
0.000503418
0.00161551
0.00031262
0.000531832
0.00217061
0.00209155
0.00276328
0.00208337
0.00200487
0.00265783
0.000297502
0.00269441
0.00424051
0.000328944
0.000305833
0.00277495
0.00436536
0.000338148
0.000122946
0.00192725
0.00403743
0.000956123
5.37406e-05
0.000120006
0.0018875
0.00395573
0.00093478
5.3487e-05
0.00276272
0.000622594
7.05785e-05
0.000886508
0.000123116
5.36915e-05
0.00279992
0.000643304
7.132e-05
0.000901048
0.000125002
5.38846e-05
0.00120609
0.000123862
7.34022e-05
5.08554e-05
0.000657953
0.000101971
4.96097e-05
4.1819e-05
0.00271573
0.000316671
0.00357988
0.000370258
3.48864e-05
0.0033772
0.00181301
0.000444406
0.000602819
5.11042e-05
3.91672e-05
0.000520515
0.00103498
0.000368826
0.000602259
0.00306213
0.000241836
0.000601286
0.00305849
0.000241787
0.000616857
0.000619493
0.000956332
0.000338638
0.000344413
0.000926119
0.000877308
0.000209625
0.000719608
0.000908073
0.000220125
0.000730833
0.000796801
0.000693789
0.00045445
0.000778933
0.000686102
0.000431257
0.00052582
0.00104745
0.000372379
0.00292882
0.00207081
0.00197896
0.00289917
0.00206463
0.00195776
0.000478129
0.00313234
0.00283808
0.000117237
0.000477156
0.00312625
0.00287446
0.000123521
0.00276249
0.000318637
0.00353399
0.000361778
3.40432e-05
0.00340424
0.00174846
0.000424696
0.000609093
5.17071e-05
3.92173e-05
0.000155116
0.000744044
0.000329378
0.00193323
0.000629911
6.86094e-05
4.00413e-05
3.78649e-05
6.42614e-05
2.79552e-05
2.61191e-05
0.000239086
2.6321e-05
4.8029e-05
3.59544e-05
4.5479e-05
3.46102e-05
2.64212e-05
2.87507e-05
3.14247e-05
3.6267e-05
3.22252e-05
3.25845e-05
3.19626e-05
3.28206e-05
3.1814e-05
4.41365e-05
4.07768e-05
4.40904e-05
6.96936e-05
0.000111014
4.85095e-05
0.000131415
0.00067273
0.000263427
7.09089e-05
4.35484e-05
3.8167e-05
3.44446e-05
5.03562e-05
2.87587e-05
7.99083e-05
2.8818e-05
2.63696e-05
0.000118286
6.34565e-05
3.84742e-05
4.30311e-05
3.75306e-05
6.52876e-05
2.69591e-05
2.59981e-05
3.03313e-05
3.2915e-05
2.87467e-05
2.61947e-05
2.56812e-05
3.55168e-05
4.20238e-05
3.16747e-05
3.25947e-05
3.85308e-05
3.18649e-05
4.30438e-05
4.65885e-05
4.51173e-05
4.17772e-05
3.48866e-05
4.62261e-05
3.47452e-05
5.27218e-05
3.14308e-05
4.28701e-05
3.45667e-05
3.23456e-05
5.995e-05
2.75763e-05
3.52003e-05
3.31245e-05
5.3288e-05
2.79527e-05
7.36355e-05
2.73761e-05
3.65643e-05
4.63267e-05
2.8726e-05
6.06074e-05
2.80131e-05
8.72062e-05
2.7582e-05
2.58114e-05
3.71837e-05
5.96061e-05
2.94227e-05
2.59972e-05
6.16896e-05
8.08317e-05
2.76112e-05
2.59797e-05
3.74226e-05
5.899e-05
5.65901e-05
2.93113e-05
2.63069e-05
2.8025e-05
2.59896e-05
2.58304e-05
4.58956e-05
4.93849e-05
4.7119e-05
3.08043e-05
2.57581e-05
2.89455e-05
4.77418e-05
2.55213e-05
8.50471e-05
3.94768e-05
4.43526e-05
3.48762e-05
3.04174e-05
2.37811e-05
2.42488e-05
2.52345e-05
3.98009e-05
4.59137e-05
3.29351e-05
5.25178e-05
6.0357e-05
4.29323e-05
4.46026e-05
5.12254e-05
6.22868e-05
4.14872e-05
3.91808e-05
3.57318e-05
3.93658e-05
3.64419e-05
3.53217e-05
4.90471e-05
3.57248e-05
3.39155e-05
7.30278e-05
5.38456e-05
7.3892e-05
7.37799e-05
7.67396e-05
3.52794e-05
2.77621e-05
2.99687e-05
6.5911e-05
5.24196e-05
7.00433e-05
5.59448e-05
6.70607e-05
3.15218e-05
3.17036e-05
2.8026e-05
2.79047e-05
2.57931e-05
2.58893e-05
2.53514e-05
2.80543e-05
2.79221e-05
3.09082e-05
2.52999e-05
2.51751e-05
2.56277e-05
2.50887e-05
2.38457e-05
2.94495e-05
3.12516e-05
2.95721e-05
2.74028e-05
3.57185e-05
4.20449e-05
3.54015e-05
3.39949e-05
3.06073e-05
3.48247e-05
3.17097e-05
3.12713e-05
0.000248325
5.29963e-05
0.0001764
2.70734e-05
3.73506e-05
4.59308e-05
7.7149e-05
3.91057e-05
3.16468e-05
2.30316e-05
3.13035e-05
6.30709e-05
4.63344e-05
4.89017e-05
4.12416e-05
3.79293e-05
3.39049e-05
5.72478e-05
3.26486e-05
2.80656e-05
2.90107e-05
4.58312e-05
3.94106e-05
3.40026e-05
4.79018e-05
3.17079e-05
0.000188781
5.93668e-05
2.78991e-05
2.62517e-05
2.72603e-05
4.33591e-05
4.53177e-05
3.50775e-05
3.56975e-05
0.000127906
0.00075115
0.000279834
0.000145644
0.000894316
0.000320832
0.00142485
0.00027931
0.000476721
0.00131521
0.000260323
0.000448055
0.00187165
0.00179692
0.00240526
0.00198315
0.00190777
0.00253997
0.000288293
0.00260282
0.0041005
0.000318691
0.0002777
0.00249705
0.00394303
0.000307811
0.00011449
0.00178875
0.00375526
0.000885992
5.24231e-05
0.000117189
0.0018419
0.00386183
0.000911755
5.26851e-05
7.10849e-05
0.000606325
0.00271696
0.000870736
0.000120945
5.27838e-05
7.2316e-05
0.000589323
0.00266229
0.000852152
0.000118967
5.24812e-05
0.00115747
0.000637735
0.00010993
7.6291e-05
5.13708e-05
9.92057e-05
4.92238e-05
4.16042e-05
0.00118236
0.000648631
0.000115949
7.53537e-05
5.30536e-05
0.00010052
4.93056e-05
4.15847e-05
0.000232727
0.000169147
5.02327e-05
2.87984e-05
3.79186e-05
4.91609e-05
7.58181e-05
3.8804e-05
0.00333685
0.00185414
0.000455571
0.000593486
5.05398e-05
3.91925e-05
0.000614576
0.00190478
0.00085198
0.000168931
0.000389262
6.66941e-05
3.99e-05
3.79802e-05
0.000605571
0.00308044
0.000243314
0.00288016
0.00206949
0.00194815
0.00288228
0.00206358
0.00194681
0.000628361
0.000623348
0.00034207
0.000965094
0.00034607
0.000968355
0.000729419
0.000941985
0.00023763
0.000935631
0.00023567
0.000728564
0.000810793
0.000708501
0.000480475
0.000815401
0.000752278
0.000504127
0.000540584
0.00108441
0.0003833
0.000532874
0.00106457
0.000377309
0.000611161
0.00311338
0.000246165
0.000478782
0.00313487
0.00280959
0.000112048
0.000479568
0.00313868
0.00279086
0.000108339
0.00282445
0.000319689
0.0034254
0.000340343
3.30107e-05
0.00279861
0.000319421
0.00347813
0.000350877
3.34318e-05
0.00328121
0.00188211
0.000461946
0.000579546
4.96201e-05
3.91721e-05
0.00062552
0.00192781
0.000815243
0.000163753
0.000365063
6.775e-05
3.99642e-05
3.79423e-05
0.00012151
8.2761e-05
0.000656844
0.000149276
6.22279e-05
0.000276519
7.41635e-05
4.35981e-05
3.83143e-05
3.42804e-05
5.44026e-05
2.89358e-05
2.57842e-05
2.53638e-05
7.48981e-05
3.79165e-05
3.65371e-05
3.94617e-05
3.46094e-05
2.41988e-05
2.80821e-05
2.6294e-05
2.70525e-05
3.68324e-05
2.80334e-05
3.48713e-05
3.03848e-05
3.63508e-05
3.2278e-05
3.19899e-05
3.60083e-05
3.22089e-05
3.32043e-05
3.33188e-05
3.20859e-05
4.38791e-05
4.08111e-05
4.38855e-05
6.63302e-05
3.30162e-05
9.50695e-05
2.58251e-05
2.69913e-05
7.66763e-05
6.82008e-05
4.091e-05
4.44956e-05
3.69449e-05
2.34255e-05
5.14835e-05
2.62583e-05
2.61021e-05
2.92361e-05
2.58902e-05
3.084e-05
3.28921e-05
3.25148e-05
2.77708e-05
2.59455e-05
2.5519e-05
2.875e-05
2.72921e-05
3.21263e-05
2.61153e-05
2.58244e-05
2.41991e-05
4.28904e-05
3.37328e-05
3.74268e-05
4.49553e-05
3.29415e-05
3.19128e-05
3.02088e-05
2.78275e-05
3.12563e-05
3.89315e-05
3.2232e-05
3.17927e-05
3.95527e-05
3.42718e-05
4.86165e-05
4.43235e-05
3.05313e-05
3.11606e-05
3.92155e-05
3.25337e-05
3.07799e-05
6.42168e-05
2.73596e-05
3.42944e-05
5.09376e-05
3.21696e-05
2.76131e-05
6.89368e-05
2.74772e-05
3.5498e-05
4.17036e-05
2.84062e-05
5.50892e-05
2.76055e-05
7.32091e-05
2.55372e-05
4.5734e-05
3.34623e-05
7.36333e-05
2.80712e-05
8.05354e-05
2.61678e-05
2.56969e-05
2.54776e-05
5.08439e-05
3.40259e-05
2.83611e-05
2.62815e-05
2.59588e-05
2.56499e-05
4.00733e-05
5.44721e-05
4.94687e-05
2.83453e-05
2.56756e-05
2.52869e-05
3.54328e-05
2.51596e-05
2.58819e-05
2.22513e-05
6.19906e-05
9.3068e-05
4.08401e-05
3.5572e-05
2.84303e-05
3.0021e-05
2.50799e-05
2.39778e-05
2.40823e-05
2.36565e-05
2.55835e-05
2.40565e-05
2.42343e-05
2.29913e-05
4.11416e-05
4.85614e-05
5.16445e-05
5.21352e-05
3.81759e-05
2.91794e-05
5.44641e-05
5.41922e-05
6.72688e-05
5.61169e-05
5.70481e-05
4.39956e-05
4.95386e-05
4.04007e-05
6.07946e-05
3.95726e-05
4.52634e-05
3.82021e-05
3.71943e-05
3.48323e-05
3.35012e-05
6.07318e-05
6.72751e-05
6.40454e-05
6.21513e-05
5.76656e-05
3.80723e-05
2.86438e-05
2.7718e-05
3.03006e-05
5.79129e-05
5.82484e-05
6.5298e-05
2.78188e-05
2.52963e-05
2.52609e-05
2.72755e-05
2.54339e-05
2.5415e-05
2.39447e-05
2.51698e-05
2.36292e-05
3.16289e-05
3.05885e-05
3.06838e-05
3.01552e-05
2.6315e-05
2.9715e-05
2.92138e-05
2.70445e-05
2.47849e-05
3.6808e-05
3.44537e-05
4.07948e-05
3.61098e-05
4.35412e-05
4.54179e-05
3.73556e-05
3.35568e-05
3.08507e-05
2.97798e-05
3.36384e-05
3.27791e-05
3.97459e-05
3.1494e-05
3.10611e-05
4.45632e-05
5.7486e-05
4.61622e-05
3.66708e-05
3.1854e-05
2.18859e-05
3.53767e-05
4.54422e-05
3.37914e-05
3.23685e-05
2.81914e-05
4.35762e-05
2.94201e-05
3.58619e-05
4.49882e-05
4.79206e-05
3.48366e-05
0.000156273
5.38118e-05
2.78863e-05
2.64753e-05
2.75482e-05
4.1836e-05
4.11956e-05
3.43709e-05
4.04132e-05
5.95025e-05
6.79069e-05
2.89107e-05
2.58226e-05
2.57437e-05
4.27426e-05
0.00103254
0.000216716
0.000371238
0.00118814
0.000239731
0.000414329
0.00167382
0.00175461
0.00225749
0.00153457
0.00164644
0.0020933
0.000252423
0.00224322
0.00356723
0.000280818
0.000265792
0.00237755
0.00376595
0.00029493
0.000112128
0.00172846
0.00363418
0.000858223
5.14713e-05
0.000109312
0.00165896
0.00349679
0.000826586
5.13748e-05
7.57591e-05
0.000561876
0.00252639
0.000809226
0.000114438
5.1108e-05
7.39728e-05
0.000576352
0.00259891
0.000832657
0.000116851
5.16329e-05
7.64063e-05
0.000105527
5.32013e-05
0.00113434
0.000627373
9.81134e-05
4.89844e-05
4.10392e-05
7.67097e-05
0.000100941
5.48919e-05
0.00110894
0.000613909
9.6638e-05
4.88094e-05
4.09669e-05
0.000210457
0.000160471
7.38441e-05
4.77954e-05
3.15957e-05
4.65806e-05
4.74462e-05
3.87452e-05
0.000220391
0.000165207
7.49605e-05
4.86949e-05
2.98694e-05
4.25202e-05
5.00195e-05
3.87917e-05
4.28661e-05
5.24056e-05
3.61775e-05
4.58924e-05
2.13251e-05
3.21769e-05
3.53094e-05
4.86616e-05
3.36726e-05
0.000601132
0.00187155
0.000873596
0.000172002
0.00040651
6.57903e-05
3.99875e-05
3.79429e-05
0.000270303
7.32114e-05
0.000599515
0.000155553
9.90205e-05
0.000131979
8.0898e-05
4.39367e-05
3.80301e-05
3.45145e-05
0.00289673
0.00208329
0.0019638
0.00316325
0.000483167
0.00279553
0.000105167
0.000480933
0.00314754
0.00278506
0.000105931
0.000629681
0.000617846
0.000343158
0.000963238
0.00034622
0.00096734
0.000237822
0.000950662
0.000741307
0.000237047
0.000958098
0.000747659
0.000531059
0.000836653
0.000810656
0.000819097
0.000802253
0.000518647
0.000547424
0.00110577
0.000389757
0.000552392
0.0011295
0.000394909
0.000627659
0.00320996
0.000255223
0.000618703
0.00315784
0.000250209
0.00293232
0.00210408
0.00199166
0.00284415
0.000319959
0.00338617
0.00033197
3.26926e-05
0.00286171
0.000320456
0.00336005
0.000326324
3.24606e-05
0.00191613
0.00316235
0.000463225
0.000549389
4.76071e-05
3.90471e-05
0.00190143
0.00321844
0.000464758
0.000563936
4.85722e-05
3.91134e-05
0.000583989
0.00183027
0.000885461
0.000173755
0.000422902
6.46646e-05
3.99556e-05
3.79547e-05
0.000276345
7.39025e-05
0.000626908
0.000155691
0.000128075
9.25775e-05
7.33578e-05
4.40694e-05
3.81177e-05
3.45644e-05
0.000103932
7.80981e-05
3.76249e-05
6.86551e-05
6.32193e-05
2.46162e-05
2.7311e-05
4.13891e-05
6.25814e-05
2.2829e-05
2.58547e-05
2.51285e-05
8.24497e-05
3.29187e-05
3.50318e-05
3.67948e-05
3.40696e-05
2.5187e-05
2.39938e-05
2.43355e-05
2.38832e-05
2.90786e-05
3.41158e-05
2.84385e-05
2.49085e-05
3.28471e-05
3.4285e-05
3.25246e-05
2.80599e-05
2.68822e-05
2.66503e-05
3.49918e-05
3.08975e-05
3.48178e-05
3.60902e-05
3.18396e-05
3.61083e-05
3.21856e-05
3.22371e-05
3.29322e-05
3.31742e-05
3.28663e-05
3.14023e-05
4.39259e-05
4.10739e-05
4.38738e-05
2.62531e-05
6.61284e-05
2.68391e-05
2.65229e-05
2.87883e-05
2.6427e-05
3.1165e-05
3.46864e-05
3.3869e-05
2.58061e-05
2.20349e-05
2.58089e-05
2.59798e-05
2.61847e-05
2.58749e-05
2.542e-05
2.41227e-05
2.97589e-05
2.57992e-05
2.66559e-05
2.43992e-05
2.49512e-05
2.37373e-05
3.69402e-05
3.45181e-05
4.25452e-05
4.54008e-05
4.55858e-05
3.67629e-05
3.33878e-05
3.3401e-05
3.36652e-05
3.3835e-05
3.0419e-05
2.82099e-05
3.14828e-05
2.99798e-05
2.7668e-05
2.5648e-05
2.99495e-05
3.89775e-05
3.25114e-05
3.21878e-05
3.10577e-05
3.15861e-05
3.77582e-05
3.1258e-05
4.46084e-05
3.23576e-05
4.02799e-05
3.09056e-05
2.73714e-05
6.24634e-05
2.71987e-05
3.3716e-05
3.57809e-05
5.04154e-05
2.76207e-05
2.74813e-05
6.55708e-05
4.03792e-05
2.97817e-05
2.77983e-05
2.57464e-05
2.54863e-05
4.45396e-05
3.10102e-05
2.67185e-05
2.57523e-05
4.27672e-05
3.4372e-05
2.7875e-05
2.54015e-05
3.15449e-05
2.52423e-05
2.48803e-05
2.38233e-05
7.55608e-05
9.78449e-05
3.13662e-05
3.61028e-05
3.44838e-05
3.24035e-05
2.54374e-05
2.93043e-05
2.84646e-05
2.53364e-05
2.35973e-05
2.558e-05
2.56483e-05
2.4669e-05
2.36453e-05
2.2645e-05
2.5648e-05
2.36446e-05
2.39827e-05
2.25433e-05
2.37598e-05
4.86615e-05
5.62889e-05
4.46024e-05
4.58396e-05
4.02509e-05
4.74315e-05
3.2057e-05
2.74737e-05
5.66059e-05
5.27426e-05
4.07656e-05
3.59985e-05
4.06874e-05
3.10227e-05
4.35988e-05
4.45408e-05
4.41524e-05
3.72281e-05
4.63898e-05
4.90567e-05
6.26396e-05
5.56337e-05
4.09835e-05
3.18188e-05
2.74445e-05
2.94382e-05
3.0795e-05
4.53481e-05
5.12143e-05
5.9942e-05
2.68874e-05
2.72322e-05
2.51704e-05
2.39023e-05
2.58402e-05
2.35736e-05
2.28355e-05
2.94157e-05
2.89216e-05
2.64202e-05
2.46188e-05
2.58398e-05
3.11963e-05
2.90747e-05
2.6406e-05
2.49903e-05
2.37896e-05
3.57608e-05
4.47828e-05
5.08602e-05
3.5293e-05
4.0284e-05
3.42086e-05
3.08293e-05
2.99588e-05
2.95463e-05
3.90569e-05
3.2549e-05
4.97052e-05
3.1381e-05
3.14321e-05
3.47184e-05
4.12829e-05
4.32877e-05
3.20938e-05
2.8581e-05
3.52916e-05
3.2771e-05
3.78877e-05
4.82502e-05
2.79724e-05
2.6759e-05
0.000127571
3.56813e-05
4.06713e-05
4.34906e-05
6.23913e-05
0.000242083
2.87662e-05
2.58524e-05
2.5805e-05
4.04499e-05
2.41774e-05
5.41855e-05
7.54093e-05
2.5879e-05
0.00117141
0.00135117
0.00171669
0.00137144
0.00152541
0.00191592
0.00334734
0.00209766
0.000238179
0.000264001
0.0031082
0.00193879
0.000222921
0.000245638
0.0001026
0.00149362
0.00316644
0.000750573
5.04999e-05
0.000106216
0.0015811
0.00334033
0.000791372
5.03356e-05
8.03545e-05
0.000550607
0.00244406
0.000784813
0.000111874
5.00328e-05
8.12693e-05
0.000535745
0.00234982
0.000755004
0.000109077
4.96199e-05
7.72868e-05
9.34593e-05
6.18626e-05
0.00105606
0.000584591
9.37498e-05
4.81954e-05
4.04285e-05
7.67873e-05
9.6905e-05
5.70801e-05
0.00108408
0.000601234
9.55765e-05
4.86014e-05
4.06794e-05
3.22266e-05
5.14796e-05
0.000203291
4.58553e-05
5.08815e-05
0.000157991
7.31761e-05
3.88526e-05
3.35141e-05
5.28723e-05
0.000196913
4.27061e-05
5.17019e-05
0.000154668
7.18098e-05
3.89174e-05
4.16803e-05
4.30747e-05
3.57003e-05
3.35816e-05
4.51897e-05
3.33661e-05
2.10466e-05
4.49512e-05
4.58651e-05
4.24215e-05
4.65665e-05
3.61732e-05
3.36736e-05
4.55158e-05
2.09051e-05
3.23505e-05
4.15691e-05
4.79591e-05
3.31922e-05
3.87247e-05
4.32866e-05
3.00375e-05
3.2149e-05
2.95291e-05
3.32913e-05
4.20166e-05
0.000262587
7.17427e-05
0.000576027
0.000154132
0.000103235
0.000134276
8.5149e-05
4.38767e-05
3.82404e-05
3.47208e-05
6.56928e-05
4.34128e-05
5.84631e-05
2.47252e-05
9.2167e-05
4.74509e-05
0.000112611
2.79088e-05
0.00318632
0.000486272
0.00282409
0.000106109
0.00290065
0.00335048
0.00032287
0.000325217
3.20809e-05
0.00288
0.000321389
0.00334753
0.00032387
3.22451e-05
0.000546255
0.000576499
0.000337664
0.000952272
0.000326292
0.000932044
0.000234438
0.000959088
0.000756276
0.000235959
0.000960311
0.00075243
0.000812887
0.00084901
0.000539415
0.00081125
0.000861606
0.000546547
0.000559969
0.00116759
0.000403961
0.000556436
0.00115088
0.000399037
0.000636979
0.00326082
0.000261122
0.000645424
0.00330479
0.0002682
0.00305051
0.0021616
0.00207797
0.00298456
0.0021305
0.00203098
0.000490271
0.00321611
0.00286917
0.000108731
0.00192782
0.0031207
0.0004624
0.000538507
4.69153e-05
3.90033e-05
0.00193915
0.00309241
0.000462139
0.000531015
4.6436e-05
3.89815e-05
0.0008996
0.00174161
0.000550509
0.00017543
0.000445087
6.26457e-05
3.98927e-05
3.7946e-05
0.000892672
0.00178359
0.000566418
0.000174784
0.000436388
6.36292e-05
3.99522e-05
3.7948e-05
0.000252774
7.05121e-05
0.000552399
0.000150672
0.000135573
0.000106344
8.91274e-05
4.3796e-05
3.82337e-05
3.46707e-05
6.76204e-05
4.32199e-05
6.06361e-05
2.48695e-05
0.000109414
8.66429e-05
4.29966e-05
2.79987e-05
7.65861e-05
2.94142e-05
2.72534e-05
3.08834e-05
3.49997e-05
2.88802e-05
2.66027e-05
2.64964e-05
7.01417e-05
2.41605e-05
2.47729e-05
2.52333e-05
8.68456e-05
3.92856e-05
3.0917e-05
3.23627e-05
3.16952e-05
3.50904e-05
3.42555e-05
3.17946e-05
2.51926e-05
2.52379e-05
2.54943e-05
2.40521e-05
2.53687e-05
2.449e-05
2.35968e-05
2.62976e-05
2.53063e-05
2.47921e-05
2.42385e-05
2.27617e-05
3.01178e-05
3.80845e-05
3.31599e-05
3.24912e-05
2.60711e-05
2.41825e-05
3.06974e-05
2.99272e-05
3.08701e-05
2.8231e-05
2.78959e-05
2.65616e-05
2.61223e-05
2.6721e-05
3.105e-05
3.25545e-05
3.38233e-05
3.62201e-05
3.20713e-05
3.63911e-05
3.19793e-05
3.15427e-05
3.28049e-05
3.22313e-05
3.31513e-05
3.19575e-05
3.1218e-05
4.37643e-05
4.07825e-05
4.39591e-05
2.58696e-05
2.42105e-05
2.63811e-05
2.64767e-05
2.60574e-05
2.52361e-05
2.57371e-05
2.47607e-05
2.36598e-05
3.00925e-05
2.6666e-05
2.6181e-05
2.43817e-05
2.71293e-05
2.65692e-05
2.49628e-05
2.37423e-05
2.52814e-05
2.43119e-05
2.34712e-05
3.66741e-05
3.55799e-05
3.51879e-05
3.49339e-05
3.47631e-05
3.55894e-05
3.07382e-05
2.85758e-05
4.22804e-05
4.53876e-05
4.52825e-05
3.68226e-05
3.36741e-05
3.1835e-05
3.01767e-05
2.80047e-05
2.60475e-05
2.99328e-05
2.96389e-05
2.66617e-05
2.52513e-05
2.42998e-05
2.96957e-05
3.8866e-05
3.27025e-05
3.25648e-05
3.10566e-05
3.15085e-05
3.23156e-05
3.45277e-05
3.7775e-05
5.42705e-05
3.47051e-05
4.30463e-05
2.7168e-05
3.57418e-05
2.91154e-05
2.7383e-05
3.64444e-05
2.89065e-05
2.6409e-05
4.03006e-05
2.95475e-05
2.65431e-05
2.29902e-05
2.85956e-05
8.26537e-05
0.000100644
2.87474e-05
2.8168e-05
2.89449e-05
3.56139e-05
3.04713e-05
3.15509e-05
3.24707e-05
2.94828e-05
2.62473e-05
2.4726e-05
2.61604e-05
2.72082e-05
2.88129e-05
2.27767e-05
2.59883e-05
2.61926e-05
2.52123e-05
2.60976e-05
2.63934e-05
2.407e-05
2.32887e-05
2.25607e-05
2.3431e-05
2.36586e-05
2.16935e-05
2.23993e-05
1.98423e-05
3.2894e-05
4.12053e-05
3.35523e-05
3.95726e-05
2.96494e-05
2.81731e-05
3.48897e-05
4.18952e-05
3.98953e-05
4.01783e-05
5.48938e-05
3.70233e-05
2.8761e-05
2.94316e-05
3.02599e-05
3.16464e-05
5.59186e-05
2.82665e-05
2.73209e-05
2.6951e-05
2.57223e-05
2.82749e-05
2.36743e-05
2.75882e-05
2.31221e-05
2.27563e-05
2.88585e-05
3.0665e-05
2.56098e-05
2.87563e-05
2.55609e-05
2.47172e-05
2.48071e-05
2.32989e-05
2.73907e-05
2.83951e-05
2.59316e-05
2.45586e-05
2.39212e-05
2.35699e-05
3.8487e-05
3.07369e-05
3.01097e-05
2.96467e-05
2.92755e-05
4.22003e-05
3.60574e-05
3.23628e-05
3.1791e-05
3.16649e-05
3.41132e-05
3.80786e-05
4.1433e-05
4.30658e-05
2.79552e-05
2.70039e-05
0.000103786
6.33155e-05
2.86971e-05
2.59177e-05
0.000207627
2.5865e-05
6.13953e-05
6.96831e-05
2.58513e-05
2.51131e-05
2.3783e-05
7.04424e-05
7.92423e-05
0.00254146
0.00154343
0.000188287
0.000203192
0.00284729
0.00176037
0.000206727
0.000225076
0.000705667
0.002975
0.00139869
9.85738e-05
4.91676e-05
0.000655955
0.00276813
0.00129346
9.41105e-05
4.87576e-05
7.93959e-05
0.000504963
0.0021237
0.000684801
0.000101564
4.83508e-05
8.09454e-05
0.00052271
0.00224243
0.000723194
0.000105464
4.84824e-05
7.78027e-05
9.19137e-05
6.58171e-05
0.00102661
0.000568797
9.24101e-05
4.76727e-05
3.97713e-05
7.98534e-05
9.05602e-05
6.51829e-05
0.000991127
0.000547321
9.01354e-05
4.72828e-05
3.96683e-05
3.48168e-05
6.0187e-05
0.000188073
3.5747e-05
5.49714e-05
0.000149236
6.93103e-05
3.9122e-05
3.38097e-05
5.75916e-05
0.000192553
3.87513e-05
5.50528e-05
0.000152677
7.09585e-05
3.89822e-05
3.38308e-05
2.07382e-05
4.97696e-05
4.13281e-05
4.10252e-05
4.28742e-05
4.76239e-05
3.55971e-05
3.34721e-05
3.57467e-05
2.06341e-05
5.0849e-05
4.10809e-05
4.0291e-05
3.99705e-05
4.84168e-05
3.53924e-05
3.33304e-05
3.1939e-05
3.30496e-05
4.30754e-05
3.24311e-05
3.19492e-05
2.39904e-05
4.24167e-05
4.09654e-05
3.26078e-05
3.48445e-05
4.32679e-05
2.64532e-05
3.23411e-05
2.9767e-05
3.82056e-05
4.27649e-05
3.29906e-05
3.68744e-05
3.95649e-05
8.3014e-05
3.94762e-05
2.81186e-05
2.79993e-05
6.45331e-05
4.3649e-05
5.69949e-05
2.54427e-05
9.56301e-05
5.1061e-05
0.000114454
2.80993e-05
3.11567e-05
3.62003e-05
2.95164e-05
2.69425e-05
9.05925e-05
3.63732e-05
2.81023e-05
2.69858e-05
0.00292319
0.00337126
0.000324998
0.000331053
3.18999e-05
0.00307551
0.00196487
0.000526958
0.000466008
4.63254e-05
3.90355e-05
0.00307689
0.00195124
0.000463345
0.000527069
4.62704e-05
3.89972e-05
0.000577477
0.000700476
0.000651274
0.000860592
0.000306745
0.000310782
0.000907393
0.000232554
0.000951965
0.00075737
0.000230092
0.000936189
0.000751001
0.000797178
0.000875738
0.000545118
0.000806594
0.000871113
0.000548123
0.00117982
0.0004074
0.000562574
0.000409342
0.00118949
0.000564256
0.00065798
0.00336748
0.000280101
0.000652406
0.0033414
0.000275148
0.0031244
0.00219547
0.00213181
0.00320052
0.00223481
0.00219379
0.000499963
0.00329087
0.00300031
0.000118448
0.000494888
0.00325148
0.00292874
0.000113005
0.00294774
0.000327784
0.00340955
0.00034058
3.17898e-05
0.000906262
0.00171035
0.000539068
0.000175967
0.000451286
6.193e-05
3.98799e-05
3.79215e-05
0.000912746
0.00168851
0.000530922
0.000176528
0.000457397
6.14059e-05
3.98594e-05
3.792e-05
0.000469204
0.000140834
0.000234077
6.78253e-05
0.000110395
0.000136802
9.23004e-05
4.36526e-05
3.83706e-05
3.47487e-05
0.000517916
0.000146284
0.000243027
6.89501e-05
0.000136332
0.000108911
9.1037e-05
4.37142e-05
3.8381e-05
3.47838e-05
6.35395e-05
4.32956e-05
5.51651e-05
2.57066e-05
0.000115463
9.80586e-05
5.45102e-05
2.81356e-05
3.12515e-05
3.60146e-05
2.95039e-05
2.68864e-05
8.53464e-05
3.35663e-05
2.80076e-05
2.69001e-05
2.84916e-05
2.56293e-05
2.65476e-05
8.01775e-05
2.83493e-05
2.24417e-05
8.92389e-05
3.71275e-05
2.86233e-05
3.68337e-05
2.93723e-05
2.96846e-05
2.89432e-05
3.28532e-05
3.33474e-05
3.21696e-05
3.09512e-05
2.51924e-05
2.58773e-05
2.5251e-05
2.53132e-05
2.51628e-05
2.44156e-05
2.39531e-05
2.36318e-05
2.57672e-05
2.49472e-05
2.58804e-05
2.56757e-05
2.38628e-05
2.32016e-05
2.63612e-05
2.54718e-05
2.66558e-05
2.72491e-05
2.56178e-05
2.46433e-05
2.32293e-05
2.28391e-05
4.0162e-05
4.04029e-05
3.47206e-05
3.61075e-05
3.09333e-05
2.62258e-05
1.95248e-05
3.07815e-05
2.87674e-05
2.82114e-05
2.78003e-05
2.83656e-05
2.72416e-05
2.6588e-05
2.62955e-05
2.7668e-05
3.0482e-05
3.18218e-05
3.17501e-05
3.64328e-05
3.1707e-05
3.67623e-05
3.12976e-05
3.1486e-05
3.2887e-05
3.19076e-05
3.28776e-05
3.19164e-05
3.15304e-05
3.16721e-05
4.34757e-05
3.96083e-05
4.33183e-05
2.39418e-05
2.62802e-05
2.50852e-05
2.64174e-05
2.41116e-05
2.33843e-05
3.07126e-05
2.7721e-05
2.76101e-05
2.66151e-05
2.50094e-05
2.3842e-05
2.72643e-05
2.70719e-05
2.70149e-05
2.52142e-05
2.4384e-05
2.35812e-05
2.53613e-05
2.45664e-05
2.38816e-05
2.33467e-05
3.62187e-05
3.62062e-05
3.588e-05
3.61446e-05
3.69286e-05
2.87104e-05
3.09563e-05
3.04873e-05
2.83205e-05
2.64778e-05
4.21022e-05
3.6679e-05
4.51395e-05
4.51921e-05
3.65802e-05
3.39631e-05
3.20984e-05
3.00074e-05
2.97569e-05
2.69018e-05
2.55439e-05
2.47667e-05
2.96832e-05
2.87991e-05
2.62528e-05
2.50956e-05
2.42322e-05
2.38124e-05
2.94627e-05
3.87905e-05
3.28227e-05
3.28057e-05
3.11215e-05
3.14953e-05
3.15841e-05
2.14434e-05
3.3183e-05
8.83714e-05
0.000102216
2.8489e-05
2.88053e-05
3.08318e-05
2.93985e-05
2.88915e-05
2.58248e-05
2.39667e-05
2.4394e-05
2.72528e-05
2.26025e-05
2.63877e-05
2.52818e-05
2.63602e-05
2.69265e-05
2.67723e-05
2.44183e-05
2.37112e-05
2.36886e-05
2.31352e-05
2.18e-05
2.18048e-05
2.33663e-05
2.18959e-05
2.02435e-05
2.406e-05
3.38882e-05
3.8202e-05
3.11731e-05
3.88863e-05
2.91928e-05
3.00011e-05
3.85974e-05
4.0823e-05
3.9151e-05
5.00535e-05
3.19837e-05
3.05895e-05
3.0664e-05
3.15367e-05
3.36471e-05
5.21772e-05
2.32334e-05
2.28965e-05
2.27819e-05
2.95899e-05
2.81981e-05
2.49899e-05
2.59127e-05
2.45613e-05
2.83607e-05
2.5446e-05
2.4283e-05
2.34261e-05
2.29271e-05
2.54096e-05
2.31148e-05
2.88215e-05
2.58919e-05
2.48222e-05
2.38344e-05
2.37462e-05
2.35574e-05
3.4219e-05
3.00988e-05
2.96672e-05
2.93045e-05
3.01765e-05
4.04378e-05
3.53487e-05
3.22428e-05
3.16658e-05
3.20296e-05
6.35759e-05
2.85228e-05
2.59773e-05
0.000178904
6.61297e-05
2.73622e-05
2.58849e-05
0.000264497
2.52566e-05
2.36161e-05
6.04471e-05
7.3771e-05
2.22592e-05
2.86997e-05
7.45158e-05
8.14927e-05
0.00052591
0.00227713
0.0010415
8.39604e-05
4.71806e-05
0.000599679
0.00254001
0.00117696
8.94318e-05
4.71497e-05
0.000644787
9.63766e-05
0.00199497
0.00048764
7.72144e-05
4.703e-05
9.19409e-05
0.0005988
0.00185565
0.000463242
7.59063e-05
4.64295e-05
8.38553e-05
8.95545e-05
6.01993e-05
0.000908717
0.000499332
8.48291e-05
4.5534e-05
3.89977e-05
8.12091e-05
9.0156e-05
6.32538e-05
0.000952616
0.000526232
8.8184e-05
4.61624e-05
3.86989e-05
3.50617e-05
6.67934e-05
0.000184695
3.45831e-05
5.37223e-05
0.000146879
6.85165e-05
3.91338e-05
3.60694e-05
6.89861e-05
0.000179854
3.40658e-05
5.17537e-05
0.000142054
6.65959e-05
3.93289e-05
3.90478e-05
2.06788e-05
5.7026e-05
4.04419e-05
3.92376e-05
3.44956e-05
4.99827e-05
3.46671e-05
3.28054e-05
3.63053e-05
2.05935e-05
5.6677e-05
4.08435e-05
3.9892e-05
3.67155e-05
4.98412e-05
3.50374e-05
3.30741e-05
3.27346e-05
3.27052e-05
2.22882e-05
4.52687e-05
3.07446e-05
3.16168e-05
4.14344e-05
4.2735e-05
3.30233e-05
3.56507e-05
2.11987e-05
4.6688e-05
3.00389e-05
3.18383e-05
3.89485e-05
4.35743e-05
3.04828e-05
3.2419e-05
3.86035e-05
2.84496e-05
3.61144e-05
3.05273e-05
5.36981e-05
3.13582e-05
3.34069e-05
3.82059e-05
6.73424e-05
3.74253e-05
2.82215e-05
2.82e-05
6.17176e-05
0.00015369
2.84557e-05
2.6096e-05
3.17856e-05
3.71187e-05
3.00497e-05
2.69926e-05
9.37681e-05
3.85154e-05
2.83715e-05
2.70936e-05
3.58633e-05
2.6259e-05
2.70917e-05
0.00308985
0.00197972
0.00053125
0.000470093
4.68061e-05
3.91314e-05
0.000525237
0.00167317
0.000927823
6.10287e-05
0.00017825
0.000467923
3.99126e-05
3.79149e-05
0.000526295
0.0016759
0.000920101
0.000177291
0.000462773
6.11067e-05
3.98776e-05
3.79063e-05
0.000839364
0.000323705
0.000286374
0.00068184
0.000957574
0.000363391
0.000958039
0.000665044
0.000858902
0.000212428
0.000226176
0.000911868
0.000719268
0.000782413
0.000874153
0.000538946
0.000761883
0.000863434
0.000530294
0.00119554
0.000407998
0.000565337
0.00040958
0.00119555
0.000565701
0.000661945
0.00338672
0.000283677
0.00339917
0.000286222
0.000664117
0.00331684
0.00229005
0.00229189
0.0032669
0.00227228
0.00225305
0.00050501
0.00333199
0.00308023
0.000125383
0.000509589
0.00337213
0.00316795
0.000133217
0.00299906
0.000334833
0.00353164
0.000370986
3.15752e-05
0.00297323
0.000331125
0.00346416
0.000354359
3.1651e-05
0.00312002
0.00199625
0.000476084
0.000539725
4.75012e-05
3.92559e-05
0.000432379
0.000138316
0.000228063
6.67631e-05
0.000111821
0.000137178
9.32826e-05
4.35869e-05
3.84319e-05
3.4822e-05
0.000402124
0.000135941
0.000223632
6.61643e-05
0.000137581
0.00011299
9.47365e-05
4.35659e-05
3.84402e-05
3.47891e-05
5.87843e-05
4.95316e-05
2.67958e-05
4.31017e-05
0.000101148
5.89778e-05
0.000116357
2.84604e-05
6.15421e-05
5.30074e-05
2.65243e-05
4.32945e-05
0.000116027
9.99756e-05
5.75109e-05
2.83906e-05
3.17396e-05
3.80988e-05
3.01736e-05
2.69556e-05
0.000103038
9.60254e-05
4.0234e-05
2.8503e-05
2.70956e-05
3.27459e-05
2.60304e-05
2.69857e-05
8.46259e-05
3.41087e-05
2.08669e-05
9.05562e-05
3.39275e-05
2.60343e-05
3.45405e-05
2.71742e-05
2.76966e-05
2.73781e-05
2.87476e-05
3.15853e-05
3.21717e-05
3.15354e-05
3.24603e-05
2.5578e-05
2.54104e-05
2.51995e-05
2.56963e-05
2.5163e-05
2.50812e-05
2.54406e-05
2.55458e-05
2.41798e-05
2.38907e-05
2.40798e-05
2.5201e-05
2.51704e-05
2.36293e-05
2.31473e-05
2.58663e-05
2.51758e-05
2.5944e-05
2.54046e-05
2.56119e-05
2.41735e-05
2.04575e-05
2.34557e-05
2.30478e-05
2.92144e-05
2.782e-05
2.80385e-05
2.61517e-05
2.57448e-05
2.62352e-05
2.35853e-05
2.31316e-05
2.12727e-05
4.19931e-05
4.44806e-05
3.78252e-05
3.80566e-05
3.20228e-05
2.79881e-05
1.95602e-05
2.343e-05
3.01699e-05
2.931e-05
2.96668e-05
2.8673e-05
2.84433e-05
2.86179e-05
2.75934e-05
2.68312e-05
2.77446e-05
3.01039e-05
3.00194e-05
3.13743e-05
3.21168e-05
3.68245e-05
3.11541e-05
3.73013e-05
3.12462e-05
3.05791e-05
3.28548e-05
3.19358e-05
3.23015e-05
3.16613e-05
3.14041e-05
3.17643e-05
3.36163e-05
4.18198e-05
3.78666e-05
4.22422e-05
2.70105e-05
2.68712e-05
2.52469e-05
2.43277e-05
2.36704e-05
2.32045e-05
3.12024e-05
2.8397e-05
2.85561e-05
2.67793e-05
2.52392e-05
2.44872e-05
2.36325e-05
2.74674e-05
2.71903e-05
2.72932e-05
2.53513e-05
2.44933e-05
2.39017e-05
2.34035e-05
2.55356e-05
2.46612e-05
2.40216e-05
2.37761e-05
3.64251e-05
3.65948e-05
3.77301e-05
3.73839e-05
3.67631e-05
2.88777e-05
3.1121e-05
2.66394e-05
2.83028e-05
3.06701e-05
2.97681e-05
2.73528e-05
2.58494e-05
2.49042e-05
4.20066e-05
3.64713e-05
4.49434e-05
4.49597e-05
3.65755e-05
3.40696e-05
3.23996e-05
3.00325e-05
2.97173e-05
2.90124e-05
2.66789e-05
2.5449e-05
2.48766e-05
2.44512e-05
2.95161e-05
2.90375e-05
2.57669e-05
2.4972e-05
2.41697e-05
2.40139e-05
2.37343e-05
3.00946e-05
3.87566e-05
3.29411e-05
3.30103e-05
3.11663e-05
3.15498e-05
3.15381e-05
3.19726e-05
2.12863e-05
3.65476e-05
9.1946e-05
2.59534e-05
2.84134e-05
2.8341e-05
2.88126e-05
2.37381e-05
2.46652e-05
2.52892e-05
2.64418e-05
2.12227e-05
2.70502e-05
2.62961e-05
2.72259e-05
2.54564e-05
2.44832e-05
2.31916e-05
2.33771e-05
2.38481e-05
2.35337e-05
2.34254e-05
2.15966e-05
2.14054e-05
2.38586e-05
2.12029e-05
2.46343e-05
3.04728e-05
3.26279e-05
3.34147e-05
3.73548e-05
2.92496e-05
3.27179e-05
3.75711e-05
3.46028e-05
4.44211e-05
3.68235e-05
4.84734e-05
3.46295e-05
3.19547e-05
3.36695e-05
3.36391e-05
4.73251e-05
2.31774e-05
2.37889e-05
2.33758e-05
2.46329e-05
2.95575e-05
2.79677e-05
2.4993e-05
2.41515e-05
2.45458e-05
2.30507e-05
2.83345e-05
2.51336e-05
2.45464e-05
2.31948e-05
2.32789e-05
2.36885e-05
2.48785e-05
2.184e-05
2.60687e-05
2.93012e-05
2.49077e-05
2.46551e-05
2.39192e-05
2.4007e-05
2.33666e-05
3.36022e-05
2.97903e-05
2.89207e-05
2.98695e-05
3.03691e-05
3.68954e-05
3.35213e-05
3.2105e-05
3.23181e-05
3.36929e-05
6.87588e-05
2.9158e-05
2.58553e-05
0.000233617
2.40033e-05
6.91387e-05
6.91368e-05
2.23003e-05
2.83407e-05
7.50522e-05
7.56903e-05
3.37646e-05
8.15694e-05
8.26653e-05
0.000489597
7.43699e-05
0.00152815
0.000400135
7.27044e-05
4.32134e-05
8.47473e-05
0.000550196
0.00170254
0.000437895
7.46163e-05
4.45122e-05
8.1919e-05
0.000473687
4.36349e-05
0.000863593
8.95307e-05
8.54558e-05
5.71373e-05
3.79154e-05
4.37631e-05
7.76454e-05
0.000441647
0.000811601
8.8389e-05
8.81917e-05
5.55929e-05
3.77411e-05
3.8079e-05
7.62084e-05
0.000170264
3.45364e-05
4.7676e-05
0.000133185
6.33324e-05
3.92232e-05
3.67287e-05
7.26846e-05
0.000175745
3.4045e-05
5.01341e-05
0.000138354
6.55423e-05
3.93396e-05
4.00376e-05
2.07402e-05
5.96484e-05
3.86816e-05
4.02584e-05
3.33478e-05
4.98246e-05
3.43054e-05
3.25928e-05
4.51811e-05
2.10319e-05
6.16882e-05
3.77992e-05
3.93836e-05
3.20946e-05
4.87057e-05
3.37724e-05
3.24529e-05
3.37812e-05
4.17985e-05
1.95375e-05
5.18678e-05
2.89094e-05
3.10228e-05
3.3778e-05
4.43886e-05
3.31621e-05
3.63635e-05
2.03117e-05
5.02915e-05
2.92665e-05
3.15734e-05
3.61335e-05
4.45444e-05
2.86084e-05
3.5358e-05
3.08275e-05
4.36258e-05
2.90196e-05
3.02936e-05
3.6909e-05
2.93767e-05
3.4989e-05
3.41822e-05
3.46343e-05
2.82164e-05
3.08555e-05
3.52388e-05
2.84111e-05
2.67165e-05
5.64825e-05
0.000114106
5.95239e-05
0.000132635
2.84024e-05
2.63454e-05
3.02579e-05
6.94586e-05
0.000206406
2.58697e-05
3.81303e-05
2.65733e-05
2.72106e-05
0.000527911
0.00168096
0.000935972
6.11943e-05
0.000179463
0.000472536
3.999e-05
3.79196e-05
0.000220373
6.56129e-05
0.000372973
0.000135494
4.35379e-05
0.000115585
0.000138799
9.86972e-05
3.84822e-05
3.48121e-05
0.000221065
6.56749e-05
0.000382633
0.000135353
0.000138122
0.00011434
9.63497e-05
4.3531e-05
3.84508e-05
3.48329e-05
0.000693696
0.000799557
0.000202104
0.000270824
0.000188095
0.000876683
0.000378462
0.000979692
0.000759622
0.000239528
0.000933942
0.000864897
0.000491764
0.000819067
0.00069273
0.000733619
0.000846255
0.000516286
0.0011869
0.00040483
0.000561447
0.000399088
0.0011691
0.000553174
0.000661832
0.0033968
0.000288696
0.00340517
0.000287909
0.000664251
0.0033563
0.00229355
0.00232006
0.00338934
0.00228404
0.0023409
0.000515106
0.00342524
0.003298
0.000150268
0.000513049
0.00340561
0.00324541
0.000142914
0.00302331
0.00033872
0.00360857
0.000390895
3.15308e-05
0.00304308
0.000342306
0.00369159
0.000412629
3.17787e-05
0.00203262
0.0032214
0.000492823
0.000568515
5.01181e-05
3.96838e-05
0.00201402
0.00316495
0.000483637
0.000552463
4.86755e-05
3.9451e-05
0.000534984
0.0016999
0.000945325
0.000180958
0.000476647
6.16055e-05
4.00894e-05
3.79341e-05
5.7259e-05
4.75228e-05
2.74285e-05
4.31896e-05
0.000102187
6.09122e-05
0.000116606
2.87778e-05
5.58837e-05
4.56649e-05
2.75843e-05
4.32467e-05
0.000116887
0.000103068
6.2319e-05
2.88457e-05
3.21584e-05
3.88328e-05
3.0726e-05
2.7044e-05
4.26311e-05
9.89387e-05
2.89601e-05
0.000103687
2.73261e-05
3.22469e-05
3.8533e-05
3.06497e-05
2.70727e-05
0.000103465
9.78196e-05
4.18747e-05
2.88468e-05
2.72838e-05
9.1208e-05
9.42216e-05
3.99694e-05
2.67546e-05
2.73432e-05
8.73389e-05
3.7821e-05
2.04898e-05
3.22104e-05
2.4685e-05
3.24011e-05
2.64481e-05
2.67184e-05
2.60118e-05
2.75844e-05
3.02716e-05
3.12306e-05
3.09248e-05
3.33261e-05
2.25708e-05
2.55009e-05
2.5524e-05
2.46912e-05
2.51416e-05
2.50074e-05
2.51349e-05
2.53226e-05
2.48226e-05
2.43003e-05
2.02967e-05
2.53656e-05
2.03606e-05
2.43357e-05
2.53835e-05
2.52858e-05
2.3708e-05
2.35114e-05
2.51584e-05
2.52133e-05
2.51476e-05
2.51775e-05
2.42608e-05
2.37237e-05
2.566e-05
2.31345e-05
2.29932e-05
2.59507e-05
2.05166e-05
2.54746e-05
2.60111e-05
2.53091e-05
2.53871e-05
2.44097e-05
2.0285e-05
2.01248e-05
2.37362e-05
2.32977e-05
3.14243e-05
2.66998e-05
3.25633e-05
2.70844e-05
3.48012e-05
2.7474e-05
2.51936e-05
2.3331e-05
2.31746e-05
2.0427e-05
4.55721e-05
3.72334e-05
4.55122e-05
3.69955e-05
3.52402e-05
3.07788e-05
3.25148e-05
1.95991e-05
2.27538e-05
2.99494e-05
2.93072e-05
3.08506e-05
3.03385e-05
2.86554e-05
2.86353e-05
2.97144e-05
2.80656e-05
2.72717e-05
2.8225e-05
2.93058e-05
3.13359e-05
3.0087e-05
3.76678e-05
3.12785e-05
3.7466e-05
2.92398e-05
3.03287e-05
3.27725e-05
3.20008e-05
3.18004e-05
3.1431e-05
3.1263e-05
3.15539e-05
3.35853e-05
3.98738e-05
3.60002e-05
4.10134e-05
2.70845e-05
2.5465e-05
2.70525e-05
2.45517e-05
2.38797e-05
2.35327e-05
3.15483e-05
2.92731e-05
2.9125e-05
2.70414e-05
2.53282e-05
2.4654e-05
2.40775e-05
2.35633e-05
2.77144e-05
2.75213e-05
2.76383e-05
2.55599e-05
2.47211e-05
2.40446e-05
2.38183e-05
2.56972e-05
2.48169e-05
2.42378e-05
2.39988e-05
3.66432e-05
3.73115e-05
3.81717e-05
3.83659e-05
3.70748e-05
2.90581e-05
3.07481e-05
2.68946e-05
2.84022e-05
3.08097e-05
2.50295e-05
2.59847e-05
2.78737e-05
2.98791e-05
2.95263e-05
2.69475e-05
2.58053e-05
2.50588e-05
2.45191e-05
4.19748e-05
3.65693e-05
4.48272e-05
4.48383e-05
3.64713e-05
3.41956e-05
3.24589e-05
3.00872e-05
2.97377e-05
2.96201e-05
2.91099e-05
2.59149e-05
2.5264e-05
2.46324e-05
2.4533e-05
2.41168e-05
3.01495e-05
2.94489e-05
2.52079e-05
2.41411e-05
2.36446e-05
3.05635e-05
3.8713e-05
3.30015e-05
3.31591e-05
3.12117e-05
3.15585e-05
3.15666e-05
3.19356e-05
3.37559e-05
3.89087e-05
2.67358e-05
2.6943e-05
2.76473e-05
2.22154e-05
2.15805e-05
2.35176e-05
2.17678e-05
2.64373e-05
2.35549e-05
2.74811e-05
2.56555e-05
2.65173e-05
2.74156e-05
2.46454e-05
2.40745e-05
2.37916e-05
2.37981e-05
2.40619e-05
2.15625e-05
2.67786e-05
2.29492e-05
2.16807e-05
2.2338e-05
2.51019e-05
2.25214e-05
3.01904e-05
2.95725e-05
2.90087e-05
3.17034e-05
3.1458e-05
3.29311e-05
3.22715e-05
3.44824e-05
3.52994e-05
3.52706e-05
4.73082e-05
3.49658e-05
4.3455e-05
3.40139e-05
3.37888e-05
3.39586e-05
4.22307e-05
2.40196e-05
2.41238e-05
2.44706e-05
2.42119e-05
2.41786e-05
2.43699e-05
2.9001e-05
2.8021e-05
2.47283e-05
2.43849e-05
2.29213e-05
2.3051e-05
2.36467e-05
2.57007e-05
2.91941e-05
2.44386e-05
2.39238e-05
2.31839e-05
2.20732e-05
2.15977e-05
2.56708e-05
3.0409e-05
2.66437e-05
2.65132e-05
2.97089e-05
2.50476e-05
2.53074e-05
2.47619e-05
3.27557e-05
2.88787e-05
2.98603e-05
3.03553e-05
3.29262e-05
3.50211e-05
3.30575e-05
3.23969e-05
3.369e-05
2.44961e-05
7.5873e-05
0.00026734
2.7777e-05
6.47635e-05
7.12382e-05
3.44091e-05
7.67526e-05
7.67495e-05
3.84745e-05
8.5471e-05
8.32216e-05
6.97646e-05
0.000364496
4.12642e-05
0.000685015
8.53543e-05
9.20549e-05
5.10315e-05
3.58564e-05
4.17493e-05
7.40387e-05
0.000409137
0.000755979
8.76775e-05
8.95605e-05
5.38457e-05
3.58744e-05
3.8934e-05
6.2206e-05
0.000128682
0.000166158
3.4579e-05
3.91699e-05
7.9527e-05
4.56454e-05
3.83838e-05
5.94355e-05
0.000122142
0.00015904
3.46388e-05
4.0783e-05
8.25841e-05
4.31034e-05
5.21709e-05
2.17061e-05
6.63095e-05
3.62488e-05
3.78384e-05
3.17258e-05
4.4974e-05
3.3841e-05
3.2248e-05
4.83939e-05
2.1265e-05
6.4594e-05
3.71557e-05
3.89147e-05
3.1593e-05
4.73666e-05
3.31277e-05
3.23332e-05
3.39818e-05
4.47712e-05
1.8829e-05
5.16679e-05
2.85118e-05
3.04852e-05
3.26667e-05
4.42733e-05
4.81087e-05
3.47876e-05
1.82378e-05
5.34472e-05
2.97013e-05
2.84312e-05
3.14521e-05
4.25571e-05
3.47106e-05
3.04773e-05
3.89023e-05
2.46248e-05
2.65703e-05
3.03128e-05
3.26194e-05
3.46684e-05
2.9614e-05
3.3973e-05
2.86395e-05
2.7067e-05
3.0671e-05
3.38539e-05
2.84413e-05
2.68866e-05
5.42192e-05
9.83149e-05
2.84279e-05
2.77797e-05
5.12012e-05
8.47229e-05
3.04935e-05
2.58983e-05
6.7733e-05
0.00016241
3.05938e-05
6.90815e-05
0.000183119
2.587e-05
2.52165e-05
7.9928e-05
0.000240219
0.0002216
6.56521e-05
0.000373763
0.000136749
4.3547e-05
0.000116797
0.000139663
0.000100961
3.84804e-05
3.48483e-05
5.50626e-05
4.33075e-05
4.42341e-05
2.79582e-05
6.38008e-05
0.000105003
0.000117782
2.92083e-05
5.52715e-05
4.32902e-05
4.47447e-05
2.78979e-05
0.000117279
0.000104057
6.31534e-05
2.91382e-05
0.000445678
0.000740882
0.000634045
0.000242116
0.000169383
0.00100057
0.000515097
0.00069965
0.000220414
0.000914009
0.000865753
0.000395508
0.000825879
0.000894137
0.000396338
0.000523015
0.00109721
0.000375363
0.00113879
0.000389751
0.000540885
0.000655349
0.0033643
0.000288361
0.00330254
0.000286678
0.000644397
0.00345194
0.00223032
0.00236018
0.00342346
0.00226338
0.00235452
0.000515156
0.00342809
0.00332831
0.000156714
0.000512973
0.0034131
0.00334177
0.000162006
0.0030553
0.000346409
0.00382806
0.000445231
3.35603e-05
0.00305465
0.000345026
0.00376884
0.000431748
3.27319e-05
0.0020513
0.00328615
0.000502369
0.000587194
5.20409e-05
3.99858e-05
0.00206701
0.00335538
0.000511907
0.000607729
5.42133e-05
4.02806e-05
0.000966558
0.00176702
0.000559148
0.000184449
0.000486435
6.31242e-05
4.04048e-05
3.79594e-05
0.000955577
0.00172912
0.000545249
0.000182655
0.000481323
6.22698e-05
4.02374e-05
3.79476e-05
0.000224952
6.61962e-05
0.000387574
0.000139769
0.000140712
0.000118159
0.000104355
4.35722e-05
3.85024e-05
3.48301e-05
3.24999e-05
3.92558e-05
3.10831e-05
2.72448e-05
9.99039e-05
4.36857e-05
2.93369e-05
0.000103836
2.74876e-05
3.24137e-05
3.94425e-05
3.11141e-05
2.72821e-05
0.000100731
0.000104022
4.43858e-05
2.94531e-05
2.74831e-05
4.25818e-05
2.73228e-05
9.69077e-05
2.75719e-05
9.16354e-05
9.15095e-05
9.58742e-05
4.16894e-05
2.71858e-05
2.76603e-05
8.93752e-05
4.08063e-05
4.0251e-05
2.48605e-05
3.06922e-05
3.15409e-05
2.5529e-05
2.55899e-05
2.55719e-05
2.73378e-05
3.04418e-05
3.07453e-05
3.09328e-05
2.28581e-05
2.47607e-05
2.02976e-05
2.44281e-05
2.53057e-05
2.50978e-05
2.45772e-05
2.51184e-05
2.50488e-05
2.43495e-05
2.03605e-05
1.9941e-05
2.49622e-05
2.00812e-05
2.48387e-05
2.42274e-05
2.4867e-05
2.40322e-05
2.37295e-05
2.03513e-05
2.52282e-05
2.40859e-05
2.53248e-05
2.51642e-05
2.52061e-05
2.3844e-05
2.32445e-05
2.04654e-05
2.33624e-05
2.33783e-05
2.51359e-05
2.58151e-05
2.52906e-05
2.5762e-05
2.49514e-05
2.51767e-05
2.54589e-05
2.40255e-05
2.31654e-05
2.29938e-05
2.09883e-05
2.0868e-05
2.12139e-05
2.61469e-05
2.12499e-05
2.54114e-05
2.54726e-05
2.61051e-05
2.55274e-05
2.45818e-05
2.40215e-05
2.36184e-05
3.55102e-05
2.84531e-05
3.63839e-05
3.93946e-05
2.95009e-05
3.25032e-05
2.58991e-05
2.49429e-05
2.36072e-05
2.39325e-05
2.28765e-05
2.29627e-05
2.01748e-05
3.81605e-05
4.58411e-05
4.62748e-05
3.5594e-05
3.48883e-05
3.29799e-05
3.24367e-05
2.57169e-05
1.96308e-05
3.46531e-05
3.08167e-05
2.21366e-05
3.02054e-05
3.01659e-05
2.88914e-05
3.12611e-05
3.14979e-05
2.7577e-05
2.8259e-05
2.97989e-05
2.82327e-05
2.77191e-05
2.86879e-05
2.81515e-05
2.88057e-05
2.98933e-05
3.74381e-05
3.13314e-05
3.69778e-05
2.90683e-05
2.78176e-05
3.27126e-05
3.18459e-05
3.15192e-05
3.13187e-05
3.10832e-05
3.14287e-05
3.35516e-05
3.96625e-05
3.88805e-05
2.55525e-05
2.73756e-05
2.72505e-05
2.47292e-05
2.41779e-05
3.17413e-05
2.95549e-05
2.95752e-05
2.71472e-05
2.54881e-05
2.4779e-05
2.41854e-05
2.40625e-05
2.79317e-05
2.74441e-05
2.72584e-05
2.56344e-05
2.48998e-05
2.43545e-05
2.58696e-05
2.49874e-05
2.43333e-05
2.42849e-05
3.69824e-05
3.74602e-05
3.88754e-05
3.7503e-05
3.86611e-05
2.91679e-05
3.06031e-05
2.70022e-05
2.85958e-05
3.12241e-05
2.62285e-05
2.52062e-05
2.81699e-05
2.99833e-05
2.51535e-05
2.475e-05
2.59715e-05
2.68582e-05
2.97069e-05
2.90064e-05
2.62236e-05
2.54842e-05
2.46129e-05
2.46232e-05
2.41659e-05
4.19956e-05
3.65003e-05
4.48499e-05
4.48057e-05
3.66155e-05
3.42834e-05
3.25657e-05
3.00702e-05
2.97605e-05
2.96837e-05
3.00735e-05
2.96311e-05
2.55901e-05
2.46752e-05
2.42028e-05
3.07283e-05
2.98468e-05
3.29744e-05
3.86672e-05
3.30353e-05
3.32528e-05
3.12449e-05
3.15932e-05
3.15794e-05
3.19238e-05
3.37831e-05
2.54624e-05
2.2258e-05
2.39242e-05
2.66552e-05
2.58228e-05
2.66584e-05
2.73159e-05
2.71329e-05
2.48324e-05
2.24426e-05
2.40234e-05
2.41893e-05
2.40833e-05
2.4249e-05
2.43497e-05
2.42193e-05
2.44936e-05
2.56933e-05
2.54501e-05
2.88348e-05
2.81787e-05
2.48247e-05
2.44041e-05
3.40017e-05
2.82964e-05
3.10078e-05
2.84133e-05
3.27434e-05
2.94309e-05
3.48303e-05
3.45843e-05
3.76034e-05
3.64801e-05
3.90933e-05
3.92585e-05
2.44754e-05
2.42315e-05
2.43037e-05
2.47296e-05
2.49017e-05
2.46844e-05
2.46989e-05
2.44009e-05
2.51657e-05
2.32653e-05
2.34917e-05
2.34833e-05
2.88872e-05
2.84771e-05
2.43861e-05
2.34749e-05
2.39074e-05
2.98177e-05
2.43629e-05
2.61475e-05
2.94678e-05
2.44409e-05
2.27524e-05
2.37527e-05
2.45904e-05
3.06973e-05
3.31098e-05
3.31144e-05
3.10291e-05
2.64698e-05
2.57935e-05
2.99205e-05
2.71938e-05
2.696e-05
2.57464e-05
2.47205e-05
2.55209e-05
2.50848e-05
3.13115e-05
2.94051e-05
2.99103e-05
3.27384e-05
3.3981e-05
3.27178e-05
3.37973e-05
2.7998e-05
7.41789e-05
6.75385e-05
3.38263e-05
7.6574e-05
7.22007e-05
3.87611e-05
7.91038e-05
7.72155e-05
4.13988e-05
8.76661e-05
8.3455e-05
3.68908e-05
5.32773e-05
0.00010567
0.000140742
3.46378e-05
4.41317e-05
8.75682e-05
3.82794e-05
3.79629e-05
5.75967e-05
0.000115871
0.000152435
3.45581e-05
4.23597e-05
8.51368e-05
4.0142e-05
3.23e-05
3.3168e-05
3.72176e-05
3.58944e-05
3.1479e-05
5.60022e-05
2.22236e-05
6.9142e-05
4.30764e-05
3.22079e-05
3.38915e-05
3.6095e-05
3.50672e-05
3.13651e-05
6.05329e-05
2.28041e-05
6.98979e-05
3.99086e-05
5.54141e-05
3.67295e-05
1.73405e-05
5.67575e-05
2.80166e-05
2.84295e-05
3.12283e-05
3.98856e-05
5.16366e-05
3.55423e-05
1.77581e-05
5.49744e-05
2.90147e-05
2.82455e-05
3.10623e-05
4.19272e-05
3.46763e-05
3.18626e-05
4.23668e-05
2.19196e-05
2.59495e-05
2.9926e-05
3.17168e-05
3.30074e-05
4.586e-05
3.492e-05
1.99284e-05
2.91205e-05
2.59115e-05
3.12914e-05
4.70252e-05
2.8542e-05
2.88742e-05
6.12067e-05
2.85782e-05
4.97744e-05
2.80306e-05
7.25732e-05
2.99475e-05
2.59703e-05
6.58485e-05
0.000144621
2.94701e-05
2.59792e-05
6.36681e-05
0.000128502
2.70667e-05
8.29003e-05
0.000195434
2.6151e-05
8.23353e-05
0.000216596
2.81686e-05
8.13268e-05
0.000259372
5.52911e-05
4.34431e-05
4.4409e-05
2.80728e-05
6.44448e-05
0.000105947
0.000118445
2.92465e-05
3.25453e-05
3.99323e-05
3.13117e-05
2.74926e-05
2.98304e-05
4.58838e-05
0.000102536
0.000104688
2.76356e-05
3.25752e-05
3.972e-05
3.12792e-05
2.74671e-05
0.000101651
0.000104307
4.52399e-05
2.97536e-05
2.7632e-05
0.00049059
0.00104094
0.000352026
0.000158807
0.000201389
0.000932133
0.000478546
0.000719434
0.000324022
0.00097565
0.000428235
0.000764508
0.000926702
0.000381673
0.00124605
0.000417582
0.000450344
0.00060788
0.00306831
0.000277567
0.000628739
0.00320867
0.000283194
0.00345095
0.00218312
0.00235604
0.00211618
0.00342262
0.00234314
0.00049976
0.00331805
0.00331295
0.000171282
0.000507901
0.0033767
0.00333607
0.000167033
0.00304014
0.000346216
0.0038703
0.000454101
3.43954e-05
0.00300788
0.000344416
0.00389941
0.000459863
3.52715e-05
0.0034767
0.00207776
0.000525677
0.000643254
5.69203e-05
4.05493e-05
0.00342154
0.0020767
0.000519801
0.000627572
5.57868e-05
4.04406e-05
0.000977357
0.00181077
0.000574572
0.000186103
0.000492073
6.41934e-05
4.06175e-05
3.79629e-05
0.000985691
0.00185791
0.000592441
0.000187212
0.000495068
6.54726e-05
4.08425e-05
3.79656e-05
0.000445822
0.00014942
0.000237418
6.77822e-05
0.000121201
0.000143089
0.000113239
4.36368e-05
3.84608e-05
3.48352e-05
0.000411682
0.000143815
0.000230305
6.68058e-05
0.000141903
0.00011961
0.000108252
4.36217e-05
3.84921e-05
3.48499e-05
5.6216e-05
4.33961e-05
4.52495e-05
2.79861e-05
0.00011926
0.00010702
6.53607e-05
2.9332e-05
9.77493e-05
4.36525e-05
2.77469e-05
2.74868e-05
9.16958e-05
4.44157e-05
9.84792e-05
9.17974e-05
2.78959e-05
2.73119e-05
4.34905e-05
9.19277e-05
8.35231e-05
9.09339e-05
4.25576e-05
4.22836e-05
2.51043e-05
2.97211e-05
2.9091e-05
2.46698e-05
2.52909e-05
2.4728e-05
3.08269e-05
3.07215e-05
2.97171e-05
2.09376e-05
2.44461e-05
3.89959e-05
2.05005e-05
2.5529e-05
2.47541e-05
2.46593e-05
2.51535e-05
2.52155e-05
2.52391e-05
2.45128e-05
2.09056e-05
2.14716e-05
2.44501e-05
2.13188e-05
2.49914e-05
2.42599e-05
2.41107e-05
2.43004e-05
2.39679e-05
2.0008e-05
2.39077e-05
2.46081e-05
2.40502e-05
2.47199e-05
2.47768e-05
2.41619e-05
2.04763e-05
1.99198e-05
2.35252e-05
2.51664e-05
2.40728e-05
2.43181e-05
2.51303e-05
2.51214e-05
2.50633e-05
2.36352e-05
2.36287e-05
2.08984e-05
2.06725e-05
2.34323e-05
2.31973e-05
2.58855e-05
2.53516e-05
2.52562e-05
2.51987e-05
2.59969e-05
2.55435e-05
2.46372e-05
2.58945e-05
2.34861e-05
2.17337e-05
4.35421e-05
2.18822e-05
2.61293e-05
2.56141e-05
2.59841e-05
2.55695e-05
2.55348e-05
2.46673e-05
2.19324e-05
2.21887e-05
2.41778e-05
2.40581e-05
3.91776e-05
4.16001e-05
4.3556e-05
3.17672e-05
3.2775e-05
3.55978e-05
2.90112e-05
2.52612e-05
2.39273e-05
2.33727e-05
2.42819e-05
2.43428e-05
2.40949e-05
2.36289e-05
2.3441e-05
2.32774e-05
2.25844e-05
2.33246e-05
1.96604e-05
2.75424e-05
2.36541e-05
4.78795e-05
4.74193e-05
3.90273e-05
3.60683e-05
3.37211e-05
2.54194e-05
1.98944e-05
3.40563e-05
2.94783e-05
3.50496e-05
3.13475e-05
2.16031e-05
2.46934e-05
3.05157e-05
3.02631e-05
3.349e-05
2.84597e-05
3.12311e-05
3.11313e-05
2.70021e-05
2.65397e-05
2.93333e-05
2.82905e-05
2.7848e-05
2.90242e-05
2.67612e-05
2.79624e-05
2.66782e-05
3.56092e-05
3.66251e-05
2.74361e-05
2.76044e-05
3.25846e-05
3.15957e-05
3.14195e-05
3.10939e-05
3.10088e-05
3.12501e-05
2.75747e-05
2.76537e-05
2.57103e-05
2.48051e-05
2.43162e-05
3.18935e-05
2.98081e-05
2.97449e-05
2.72669e-05
2.56085e-05
2.49005e-05
2.44218e-05
2.79518e-05
2.72358e-05
2.72624e-05
2.57873e-05
2.49686e-05
2.44671e-05
2.58577e-05
2.50064e-05
2.45445e-05
3.73809e-05
3.74113e-05
3.90111e-05
3.92617e-05
3.7616e-05
2.92322e-05
3.06607e-05
2.7125e-05
2.87039e-05
3.14358e-05
2.63383e-05
2.52908e-05
2.84115e-05
3.00698e-05
2.61748e-05
2.52739e-05
2.49166e-05
2.69011e-05
2.98096e-05
2.47316e-05
2.47805e-05
2.44982e-05
2.54685e-05
2.65069e-05
2.90338e-05
4.20514e-05
3.672e-05
4.4889e-05
4.4957e-05
3.66087e-05
3.43474e-05
3.26331e-05
3.01002e-05
2.97285e-05
2.97185e-05
3.01301e-05
3.08562e-05
3.00158e-05
3.30811e-05
3.86925e-05
3.30466e-05
3.33059e-05
3.12682e-05
3.16116e-05
3.15953e-05
3.19392e-05
3.38034e-05
2.29258e-05
2.58013e-05
2.6757e-05
2.70823e-05
2.67237e-05
2.70823e-05
2.48676e-05
2.31383e-05
2.44055e-05
2.45278e-05
2.43978e-05
2.44775e-05
2.43787e-05
2.44427e-05
2.45626e-05
2.44168e-05
2.74045e-05
2.47945e-05
2.66821e-05
2.98585e-05
2.73122e-05
2.88746e-05
2.79458e-05
3.33846e-05
3.51095e-05
3.69003e-05
3.7404e-05
2.45347e-05
2.47712e-05
2.46227e-05
2.49711e-05
2.49644e-05
2.54038e-05
2.60451e-05
2.45957e-05
2.4792e-05
2.46488e-05
2.46374e-05
2.47344e-05
2.72597e-05
2.41836e-05
2.41581e-05
2.83408e-05
2.94151e-05
2.9855e-05
3.27696e-05
3.28511e-05
3.01995e-05
3.2584e-05
2.86671e-05
2.60959e-05
2.61694e-05
2.45049e-05
2.90983e-05
3.09193e-05
3.32548e-05
2.99559e-05
3.32816e-05
3.13718e-05
3.13712e-05
2.64589e-05
2.61469e-05
2.90827e-05
3.01543e-05
3.02499e-05
2.59766e-05
2.67227e-05
2.74505e-05
2.81033e-05
2.61765e-05
2.49828e-05
2.48396e-05
2.51251e-05
2.56723e-05
2.56205e-05
2.45794e-05
2.54007e-05
2.48598e-05
3.07346e-05
2.92286e-05
3.26271e-05
3.30153e-05
3.373e-05
3.35328e-05
6.7786e-05
6.85755e-05
8.06863e-05
7.26433e-05
4.16449e-05
8.10853e-05
7.73713e-05
8.91475e-05
3.20733e-05
3.41323e-05
3.39888e-05
3.38705e-05
3.11734e-05
6.92862e-05
2.43914e-05
7.27512e-05
3.66547e-05
3.22792e-05
3.30369e-05
3.52419e-05
3.46427e-05
3.11999e-05
6.45177e-05
2.36396e-05
7.25692e-05
3.81919e-05
2.80926e-05
2.77327e-05
3.08433e-05
5.91905e-05
3.78077e-05
1.7084e-05
5.77623e-05
3.92022e-05
2.7864e-05
2.72113e-05
3.07767e-05
3.95688e-05
6.32413e-05
1.68322e-05
5.91941e-05
3.80128e-05
3.65008e-05
5.17441e-05
3.53052e-05
1.73996e-05
2.5696e-05
2.8059e-05
3.12945e-05
3.46984e-05
4.75845e-05
3.51781e-05
1.85054e-05
2.85223e-05
2.5831e-05
3.12302e-05
4.48559e-05
2.88396e-05
3.04206e-05
5.16116e-05
2.90064e-05
3.15064e-05
4.17002e-05
4.32027e-05
5.88725e-05
2.91684e-05
2.63611e-05
0.000101849
2.93453e-05
2.62401e-05
6.10792e-05
0.000114741
2.81298e-05
8.27363e-05
0.000177081
2.89782e-05
8.1308e-05
0.000160323
2.92253e-05
9.02413e-05
0.000215227
2.88536e-05
8.69397e-05
0.000236115
3.33007e-05
7.60087e-05
0.000269037
3.27033e-05
4.0071e-05
3.14449e-05
2.74956e-05
2.98624e-05
4.64157e-05
0.000103424
0.000105222
2.76492e-05
2.72808e-05
2.82609e-05
4.59278e-05
0.000100065
9.22686e-05
4.52753e-05
9.92792e-05
9.19889e-05
2.81907e-05
2.7287e-05
0.000576683
0.00282441
0.000268645
0.000163456
0.000580528
0.000621732
0.000876368
0.000263962
0.000870152
0.000387581
0.000254593
0.00240662
0.000534674
0.000407474
0.00120793
0.000398672
0.00056227
0.00342072
0.00324687
0.00325002
0.00188199
0.00226881
0.00336013
0.00201992
0.00231332
0.000487605
0.0032332
0.0032615
0.000175209
0.00311179
0.00318128
0.000470322
0.000179529
0.0028755
0.000335522
0.00391212
0.000460878
3.73931e-05
0.00295361
0.000340886
0.00391255
0.00046187
3.62833e-05
0.00352167
0.00206776
0.000527525
0.000654826
5.78372e-05
4.06093e-05
0.00355826
0.00204559
0.000524774
0.000664021
5.84951e-05
4.06174e-05
0.000624107
0.00194184
0.000983921
0.00018606
0.000495847
6.83081e-05
4.10526e-05
3.79803e-05
0.000609031
0.00190306
0.000988196
0.000187226
0.000494918
6.70442e-05
4.09513e-05
3.79692e-05
0.000484219
0.00015534
0.000245713
6.87527e-05
0.000122689
0.00014408
0.000118524
4.36946e-05
3.84017e-05
3.48335e-05
0.000526468
0.00016195
0.000254916
7.00766e-05
0.000144301
0.000124072
0.000123189
4.37297e-05
3.83731e-05
3.48335e-05
5.96612e-05
4.8966e-05
2.76292e-05
4.35116e-05
0.000109642
6.77712e-05
0.000121051
2.95204e-05
5.74987e-05
4.67222e-05
2.78595e-05
4.35973e-05
0.000120182
0.000108196
6.6428e-05
2.93857e-05
3.27308e-05
4.03276e-05
3.14711e-05
2.75101e-05
0.000104445
0.000105892
4.7132e-05
2.99529e-05
2.76453e-05
9.27028e-05
4.45656e-05
8.35294e-05
4.53458e-05
9.33778e-05
8.3576e-05
4.51301e-05
9.00811e-05
7.73788e-05
4.41234e-05
2.82066e-05
2.5591e-05
2.86119e-05
2.40349e-05
2.46444e-05
2.46546e-05
3.07619e-05
3.06387e-05
2.9695e-05
4.21782e-05
2.1302e-05
3.90465e-05
2.47936e-05
2.51655e-05
2.47459e-05
2.51154e-05
2.56717e-05
2.5318e-05
2.47198e-05
2.2589e-05
2.44851e-05
2.21852e-05
2.44958e-05
2.22958e-05
2.19723e-05
2.51466e-05
2.42627e-05
2.42015e-05
2.44624e-05
2.40859e-05
4.44812e-05
2.18303e-05
4.391e-05
2.38708e-05
2.49259e-05
2.40277e-05
2.37597e-05
2.39942e-05
2.42446e-05
2.12687e-05
2.19818e-05
2.39427e-05
2.37959e-05
2.06965e-05
2.4681e-05
2.37119e-05
2.46586e-05
2.46478e-05
2.38859e-05
2.06874e-05
2.00629e-05
2.00669e-05
2.35917e-05
3.84081e-05
2.44427e-05
2.41123e-05
2.50806e-05
2.50954e-05
2.49956e-05
2.50313e-05
2.38806e-05
2.12122e-05
2.48728e-05
2.15253e-05
2.32844e-05
2.6911e-05
2.5355e-05
2.61804e-05
2.54343e-05
2.70475e-05
2.50663e-05
2.59437e-05
2.58886e-05
2.38719e-05
4.54167e-05
2.23908e-05
2.56644e-05
2.59207e-05
2.59543e-05
2.56197e-05
2.55865e-05
2.47698e-05
2.26141e-05
2.27548e-05
2.30703e-05
2.42731e-05
4.65679e-05
4.75202e-05
4.51377e-05
3.65003e-05
3.52947e-05
3.95324e-05
3.7996e-05
3.33176e-05
2.39712e-05
2.42109e-05
2.43866e-05
2.43504e-05
2.43035e-05
2.4053e-05
2.43477e-05
2.42342e-05
2.36028e-05
2.37888e-05
2.40125e-05
2.32895e-05
2.31043e-05
2.22849e-05
2.33092e-05
2.32257e-05
1.98457e-05
3.21563e-05
2.82604e-05
2.49265e-05
2.38005e-05
4.86677e-05
4.0565e-05
4.88012e-05
3.66163e-05
3.35213e-05
3.31038e-05
2.96902e-05
3.17545e-05
2.83637e-05
2.1019e-05
2.89989e-05
2.43151e-05
2.46291e-05
3.00475e-05
3.04928e-05
3.34272e-05
2.9039e-05
3.33982e-05
2.81964e-05
3.10533e-05
3.06238e-05
2.52491e-05
2.59081e-05
2.85017e-05
2.83657e-05
2.78864e-05
2.4883e-05
2.59452e-05
3.12602e-05
3.13428e-05
3.09548e-05
3.08819e-05
3.12166e-05
2.77957e-05
2.57527e-05
2.78218e-05
2.48948e-05
2.44072e-05
3.19271e-05
2.99424e-05
3.00315e-05
2.72667e-05
2.57536e-05
2.50468e-05
2.44939e-05
2.79386e-05
2.72587e-05
2.72416e-05
2.5827e-05
2.50329e-05
2.45571e-05
2.58857e-05
2.50562e-05
2.45981e-05
3.78038e-05
3.74423e-05
3.9454e-05
3.91984e-05
3.70547e-05
2.92509e-05
3.08657e-05
2.712e-05
2.87392e-05
3.15165e-05
2.64468e-05
2.53999e-05
2.85421e-05
3.00993e-05
2.62387e-05
2.53742e-05
2.49906e-05
2.69464e-05
2.99004e-05
4.22166e-05
3.68101e-05
4.51146e-05
4.50495e-05
3.68912e-05
3.43858e-05
3.26849e-05
3.01255e-05
2.97381e-05
2.97436e-05
3.01241e-05
3.09581e-05
3.31084e-05
3.88134e-05
3.30285e-05
3.33265e-05
3.12785e-05
3.16309e-05
3.16141e-05
3.19371e-05
3.38315e-05
2.49154e-05
2.68165e-05
2.71079e-05
2.6768e-05
2.70849e-05
2.58351e-05
2.36087e-05
2.48814e-05
2.34786e-05
2.48081e-05
2.44665e-05
2.45227e-05
2.4328e-05
2.44383e-05
2.43531e-05
2.45326e-05
2.44708e-05
2.57467e-05
3.06435e-05
3.55883e-05
3.51626e-05
3.52207e-05
2.48756e-05
2.50947e-05
2.4851e-05
2.48908e-05
2.50007e-05
2.5666e-05
2.64779e-05
2.83089e-05
2.44834e-05
2.46592e-05
2.47077e-05
2.46841e-05
2.46931e-05
2.47147e-05
3.1482e-05
2.90859e-05
3.10443e-05
3.28623e-05
3.23051e-05
2.9765e-05
3.05647e-05
2.56487e-05
3.10712e-05
3.33236e-05
2.99621e-05
3.33196e-05
2.99551e-05
3.1483e-05
3.163e-05
2.63935e-05
2.63084e-05
2.91571e-05
3.04188e-05
2.91885e-05
3.0381e-05
2.62219e-05
2.68879e-05
2.6997e-05
2.76246e-05
2.82552e-05
2.62841e-05
2.49004e-05
2.52548e-05
2.57154e-05
2.49933e-05
2.52414e-05
2.5766e-05
2.56939e-05
2.46869e-05
2.46001e-05
2.54724e-05
2.49725e-05
2.50097e-05
3.0266e-05
3.18922e-05
3.40622e-05
7.0749e-05
6.89306e-05
8.28102e-05
7.2792e-05
8.2549e-05
2.73965e-05
2.65435e-05
3.06561e-05
4.37088e-05
7.11372e-05
1.68962e-05
5.98771e-05
3.66672e-05
2.77616e-05
2.68028e-05
3.07027e-05
4.13041e-05
6.68894e-05
1.68275e-05
5.93736e-05
3.75672e-05
2.59016e-05
2.71987e-05
3.09196e-05
3.86465e-05
5.36022e-05
3.57818e-05
1.66017e-05
2.60045e-05
2.68405e-05
3.09367e-05
4.12524e-05
3.60017e-05
5.79581e-05
1.59897e-05
2.96617e-05
3.49688e-05
3.86081e-05
3.04178e-05
2.92778e-05
3.37741e-05
3.9869e-05
3.62672e-05
5.67499e-05
2.91706e-05
2.65039e-05
9.08843e-05
2.9186e-05
2.70379e-05
5.52397e-05
8.03452e-05
7.72395e-05
3.00561e-05
0.000132324
2.94991e-05
7.97451e-05
0.000145865
3.00028e-05
9.25746e-05
0.000196939
3.02597e-05
9.30635e-05
0.000180322
3.41114e-05
8.89002e-05
0.000225941
3.3876e-05
8.34221e-05
0.000246327
7.85104e-05
0.00027284
2.73013e-05
2.82627e-05
4.64332e-05
0.000100871
9.26922e-05
4.68717e-05
9.48239e-05
8.39198e-05
4.62102e-05
9.4108e-05
8.37073e-05
0.00301675
0.00170519
0.00221594
0.000402745
0.000828178
0.000181731
0.000369616
0.0011929
0.000391437
0.000212111
0.00226168
0.000474437
0.00148241
0.00220677
0.00269688
0.00328679
0.00307914
0.000515348
0.00541964
0.000977188
0.000224596
0.00270395
0.000413192
0.00292171
0.000187416
0.000445683
0.00294036
0.00306798
0.000183151
0.000327726
0.00276472
0.00389687
0.000454349
3.86722e-05
0.00385999
0.00260901
0.000442788
0.00031649
4.0267e-05
0.00196055
0.00360917
0.000505788
0.000672882
5.92553e-05
4.04024e-05
0.00201052
0.00358696
0.000517322
0.000669626
5.89963e-05
4.05419e-05
0.000635978
0.00197395
0.000971266
0.000183928
0.000494601
6.93606e-05
4.10686e-05
3.79756e-05
0.000647145
0.00200108
0.000952349
0.000181144
0.000484798
7.01987e-05
4.11025e-05
3.79837e-05
0.000272306
7.24626e-05
0.000584868
0.000167584
0.000123487
0.000139507
0.000130546
4.38956e-05
3.83317e-05
3.48175e-05
0.000264012
7.12666e-05
0.000563184
0.00016591
0.000142786
0.000124127
0.000127588
4.38429e-05
3.83084e-05
3.48099e-05
6.1858e-05
5.14785e-05
2.72004e-05
4.3726e-05
0.000110902
6.92086e-05
0.000121645
2.95917e-05
6.47294e-05
5.45901e-05
2.67189e-05
4.36304e-05
0.000121141
0.000111426
7.09672e-05
2.97381e-05
3.28902e-05
4.05727e-05
3.15296e-05
2.75296e-05
0.000106991
4.8925e-05
3.01584e-05
0.00010727
2.76625e-05
3.28199e-05
4.03006e-05
3.15072e-05
2.75057e-05
0.000105622
0.000106635
4.79131e-05
3.00137e-05
2.76394e-05
4.7135e-05
0.000101788
9.3244e-05
2.83109e-05
2.72886e-05
4.61618e-05
9.07821e-05
7.73329e-05
4.69476e-05
9.13868e-05
7.73274e-05
8.34835e-05
7.27818e-05
2.74007e-05
2.54685e-05
2.74151e-05
2.35684e-05
2.43268e-05
2.44613e-05
3.04218e-05
3.05442e-05
4.24463e-05
2.32504e-05
2.45448e-05
2.28495e-05
2.48143e-05
2.36065e-05
2.45024e-05
2.50756e-05
2.319e-05
2.56493e-05
2.48545e-05
2.50686e-05
2.54456e-05
2.47757e-05
2.53901e-05
2.43141e-05
2.42885e-05
2.45589e-05
2.42805e-05
4.77107e-05
2.30112e-05
4.6434e-05
2.25989e-05
4.6942e-05
4.58343e-05
2.38925e-05
2.38307e-05
2.40766e-05
2.40129e-05
2.51073e-05
2.44096e-05
2.32756e-05
2.27832e-05
2.40659e-05
4.49145e-05
2.37001e-05
2.16269e-05
2.36041e-05
2.36324e-05
2.35265e-05
2.4866e-05
2.42145e-05
2.16491e-05
2.24969e-05
2.22868e-05
2.3891e-05
4.1934e-05
4.44033e-05
2.09236e-05
3.88005e-05
2.02725e-05
2.09662e-05
2.36573e-05
2.03578e-05
2.4637e-05
2.44542e-05
2.36034e-05
2.4638e-05
2.40233e-05
2.3448e-05
3.86819e-05
2.44305e-05
2.50629e-05
2.50832e-05
2.49624e-05
2.4951e-05
2.3677e-05
2.54838e-05
2.52371e-05
2.2319e-05
2.19089e-05
2.34224e-05
2.59497e-05
2.86036e-05
2.56792e-05
2.73247e-05
2.75285e-05
2.68435e-05
2.59351e-05
2.6037e-05
2.42503e-05
2.46635e-05
2.59697e-05
2.58845e-05
2.57021e-05
2.56581e-05
2.56248e-05
2.31057e-05
2.29641e-05
2.36808e-05
2.34801e-05
2.41993e-05
4.77203e-05
4.86039e-05
4.88496e-05
3.94997e-05
4.35067e-05
4.94353e-05
4.21095e-05
3.89555e-05
3.53592e-05
2.42729e-05
2.43573e-05
2.40942e-05
2.43855e-05
2.42642e-05
2.41047e-05
2.42493e-05
2.41942e-05
2.41396e-05
2.43079e-05
2.43901e-05
2.42439e-05
2.38068e-05
2.32661e-05
2.41506e-05
2.36729e-05
2.39512e-05
2.40127e-05
2.19134e-05
2.32607e-05
2.32178e-05
2.324e-05
2.31526e-05
2.35502e-05
3.4092e-05
3.6507e-05
2.52218e-05
2.6983e-05
2.5623e-05
4.89792e-05
4.90446e-05
3.7199e-05
3.38225e-05
2.9159e-05
2.42985e-05
3.41867e-05
2.86402e-05
2.42268e-05
3.02762e-05
2.97513e-05
2.44427e-05
3.33377e-05
2.88104e-05
2.90239e-05
3.33569e-05
2.91109e-05
2.99508e-05
2.4858e-05
2.48605e-05
2.77412e-05
2.82508e-05
2.78762e-05
3.12638e-05
3.07232e-05
3.07862e-05
3.11019e-05
2.47918e-05
2.78231e-05
2.78297e-05
2.57188e-05
3.18233e-05
3.02525e-05
3.01416e-05
2.72459e-05
2.57619e-05
2.50828e-05
2.4709e-05
2.78391e-05
2.73254e-05
2.72242e-05
2.57974e-05
2.49479e-05
2.58464e-05
2.505e-05
2.46239e-05
3.77905e-05
3.64558e-05
3.92477e-05
3.93429e-05
3.69541e-05
2.91951e-05
3.12451e-05
2.70975e-05
2.87219e-05
3.13703e-05
2.64336e-05
2.5445e-05
2.85721e-05
3.01444e-05
2.63328e-05
2.54703e-05
2.50198e-05
2.69775e-05
2.99302e-05
4.24988e-05
3.71088e-05
4.52533e-05
4.5247e-05
3.70629e-05
3.43029e-05
3.27334e-05
3.0136e-05
2.9756e-05
2.97589e-05
3.01782e-05
3.10123e-05
3.31635e-05
3.90838e-05
3.29947e-05
3.3316e-05
3.12859e-05
3.16368e-05
3.16232e-05
3.19517e-05
3.38415e-05
2.44827e-05
2.4896e-05
2.36357e-05
2.4902e-05
2.36946e-05
2.67317e-05
2.49152e-05
2.70627e-05
2.67322e-05
2.7091e-05
2.58194e-05
2.43384e-05
2.45235e-05
2.40663e-05
2.43927e-05
2.44526e-05
2.44253e-05
2.44568e-05
2.43503e-05
2.99881e-05
3.68118e-05
3.38383e-05
2.4724e-05
2.49204e-05
2.49511e-05
2.49282e-05
2.49809e-05
2.49564e-05
2.57012e-05
2.66869e-05
2.84649e-05
3.17637e-05
2.44944e-05
2.47495e-05
2.45927e-05
2.46467e-05
2.46284e-05
2.4442e-05
2.45106e-05
2.46075e-05
3.63105e-05
3.15499e-05
3.00117e-05
3.108e-05
3.3344e-05
2.99691e-05
3.33451e-05
2.99695e-05
3.15792e-05
3.31824e-05
3.17475e-05
2.64297e-05
2.62966e-05
2.91631e-05
3.04554e-05
2.6304e-05
2.69555e-05
2.69837e-05
3.0456e-05
2.9171e-05
2.76161e-05
3.01799e-05
2.84986e-05
2.62517e-05
2.50266e-05
2.50137e-05
2.51921e-05
2.51541e-05
2.56435e-05
2.57233e-05
2.57346e-05
2.46203e-05
2.46311e-05
2.53687e-05
2.50286e-05
2.50294e-05
7.27819e-05
6.90069e-05
8.42064e-05
2.59118e-05
2.61273e-05
3.05815e-05
3.70978e-05
4.7425e-05
6.04856e-05
1.49041e-05
2.60434e-05
2.63212e-05
3.07735e-05
3.65971e-05
4.39215e-05
5.94506e-05
1.53758e-05
3.03451e-05
3.80247e-05
3.80124e-05
2.5509e-05
3.09549e-05
3.95162e-05
3.75998e-05
2.16134e-05
2.93155e-05
2.79198e-05
5.12098e-05
6.29713e-05
2.9226e-05
2.73352e-05
5.31656e-05
7.16162e-05
7.50424e-05
3.02521e-05
0.000120731
3.07127e-05
7.20867e-05
0.000109515
3.09211e-05
9.19783e-05
0.000152309
3.09103e-05
9.32541e-05
0.000165801
3.51229e-05
9.32484e-05
0.000207969
3.54921e-05
9.58351e-05
0.00019171
9.1251e-05
0.00023077
8.57057e-05
0.000250669
8.05839e-05
0.000273866
4.73808e-05
9.55529e-05
8.42725e-05
4.84521e-05
9.26893e-05
7.75609e-05
4.77973e-05
9.20354e-05
7.74027e-05
0.0023731
0.00037613
0.00271993
0.00019148
0.0010122
0.000142887
0.000277886
0.000443015
0.00301238
8.61625e-05
0.0025861
0.00282779
0.000467456
0.00114691
0.00208792
0.00273055
0.00240338
0.0018359
0.000203683
0.000321141
0.00122709
0.000251685
0.00454926
0.000233704
0.000285794
0.00013521
5.79629e-05
0.00362473
0.00214504
0.000276245
0.000403758
4.47434e-05
0.00239793
0.00029993
0.00378024
0.000425429
4.22213e-05
0.000484014
0.00188845
0.00362599
0.000672948
5.91826e-05
4.01585e-05
0.00362597
0.000668034
0.00178313
5.89007e-05
0.000448133
3.98197e-05
0.000898412
0.00204334
0.000664936
0.000172909
0.000436877
7.1401e-05
4.09286e-05
3.79579e-05
0.000926943
0.00202416
0.000656302
0.000177382
0.000463487
7.08618e-05
4.10061e-05
3.79569e-05
0.000278873
7.35497e-05
0.000599521
0.000165903
0.000121269
0.000135724
0.000131913
4.40279e-05
3.8227e-05
3.47481e-05
0.000285416
7.43801e-05
0.000613779
0.000164929
0.00013213
0.000117957
0.000125562
4.40945e-05
3.82806e-05
3.47829e-05
6.88615e-05
4.40751e-05
5.87564e-05
2.52961e-05
0.000109109
7.5359e-05
0.000110593
2.97376e-05
6.71829e-05
4.3949e-05
5.7193e-05
2.5947e-05
0.000117448
0.000110983
7.28115e-05
2.96721e-05
3.28248e-05
4.04227e-05
3.14348e-05
2.74771e-05
0.000107934
4.99355e-05
3.02557e-05
0.000107564
2.76169e-05
3.28773e-05
4.05481e-05
3.13912e-05
2.74981e-05
0.000108738
0.00010628
5.06469e-05
3.04354e-05
2.76434e-05
0.000103439
4.89437e-05
2.84624e-05
2.73935e-05
9.43702e-05
4.79189e-05
0.000102713
9.38534e-05
2.83474e-05
2.7273e-05
4.80953e-05
9.63963e-05
8.47484e-05
8.41715e-05
7.27246e-05
8.47621e-05
7.26985e-05
8.50885e-05
6.89471e-05
2.67806e-05
2.68574e-05
2.32657e-05
2.38867e-05
3.02263e-05
4.88678e-05
2.35258e-05
4.79519e-05
2.40197e-05
2.45072e-05
4.97734e-05
2.38939e-05
2.36337e-05
4.87528e-05
2.48174e-05
2.49567e-05
2.51427e-05
2.49094e-05
2.50587e-05
2.56748e-05
2.55174e-05
2.42227e-05
2.4522e-05
2.387e-05
2.551e-05
2.4348e-05
2.43019e-05
2.4674e-05
2.39784e-05
2.39818e-05
2.41523e-05
2.41293e-05
2.51899e-05
2.46326e-05
2.39804e-05
2.44588e-05
2.41686e-05
4.80724e-05
4.68942e-05
2.37657e-05
2.40103e-05
2.33734e-05
2.36647e-05
2.36938e-05
2.31668e-05
2.5021e-05
2.36489e-05
2.35741e-05
2.43649e-05
4.78181e-05
4.64324e-05
2.2071e-05
4.2535e-05
2.20396e-05
2.34859e-05
2.28554e-05
2.30603e-05
2.33874e-05
2.48142e-05
2.34109e-05
2.33548e-05
2.41882e-05
2.38067e-05
4.23387e-05
4.52094e-05
4.49978e-05
3.9614e-05
4.0225e-05
2.12273e-05
2.06164e-05
2.45021e-05
2.35962e-05
2.35793e-05
2.46525e-05
2.46495e-05
2.38352e-05
2.13078e-05
2.07794e-05
2.51353e-05
2.49509e-05
2.50594e-05
2.49563e-05
2.43642e-05
2.40402e-05
2.5595e-05
2.57041e-05
2.28526e-05
2.32782e-05
2.33234e-05
2.6062e-05
2.62618e-05
2.89896e-05
2.60792e-05
2.66389e-05
3.08666e-05
2.90445e-05
2.73364e-05
2.4214e-05
2.46231e-05
2.31357e-05
2.32039e-05
2.5804e-05
2.37237e-05
2.38458e-05
2.55737e-05
2.57854e-05
2.5517e-05
2.56075e-05
5.02099e-05
4.95014e-05
5.20982e-05
5.02774e-05
4.78703e-05
4.54771e-05
4.11636e-05
3.7645e-05
2.41012e-05
2.43641e-05
2.41559e-05
2.40158e-05
2.41827e-05
2.41742e-05
2.41147e-05
2.38865e-05
2.41178e-05
2.42733e-05
2.42839e-05
2.4189e-05
2.406e-05
2.42914e-05
2.41906e-05
2.42255e-05
2.42641e-05
2.43301e-05
2.4316e-05
2.38768e-05
2.4355e-05
2.4248e-05
2.33434e-05
2.35423e-05
2.36675e-05
2.38983e-05
2.40969e-05
2.39866e-05
2.37875e-05
2.396e-05
2.31983e-05
2.34202e-05
2.32592e-05
2.35872e-05
2.35375e-05
2.35454e-05
2.33792e-05
3.83448e-05
2.67043e-05
2.83054e-05
2.43295e-05
2.43095e-05
3.32978e-05
2.85695e-05
2.8332e-05
3.32783e-05
3.10987e-05
2.81325e-05
2.77302e-05
3.05844e-05
3.06405e-05
2.47506e-05
2.78385e-05
2.78604e-05
2.57015e-05
3.17939e-05
3.02694e-05
3.00555e-05
2.72274e-05
2.57896e-05
2.51267e-05
2.76637e-05
2.74672e-05
2.77054e-05
2.57622e-05
2.4912e-05
2.56696e-05
2.50102e-05
3.74209e-05
3.64271e-05
3.90057e-05
3.61837e-05
3.91833e-05
2.9088e-05
3.12347e-05
2.70743e-05
2.86243e-05
3.10037e-05
2.64057e-05
2.5422e-05
2.85327e-05
3.01526e-05
2.63207e-05
2.54918e-05
2.49558e-05
2.69499e-05
2.9972e-05
4.28333e-05
3.74285e-05
4.54058e-05
4.54499e-05
3.73711e-05
3.41925e-05
3.26165e-05
3.01402e-05
2.97643e-05
2.97805e-05
3.1071e-05
3.94205e-05
3.28924e-05
3.32466e-05
3.12846e-05
3.16423e-05
3.16288e-05
3.19539e-05
3.386e-05
2.48669e-05
2.37298e-05
2.49026e-05
2.66408e-05
2.38101e-05
2.49425e-05
2.70678e-05
2.56468e-05
2.65587e-05
2.71378e-05
2.43906e-05
2.43859e-05
2.41457e-05
2.41391e-05
2.40437e-05
2.33758e-05
2.43699e-05
2.43982e-05
2.43586e-05
2.47661e-05
2.47597e-05
2.48314e-05
2.49227e-05
2.48327e-05
2.50471e-05
2.48283e-05
2.56324e-05
2.67059e-05
2.86701e-05
3.18815e-05
2.45209e-05
2.45774e-05
2.45027e-05
2.43256e-05
2.44937e-05
2.45384e-05
2.43491e-05
2.42255e-05
2.36253e-05
3.10559e-05
3.33383e-05
2.99707e-05
2.99693e-05
3.334e-05
3.16009e-05
3.32189e-05
3.10931e-05
3.32285e-05
3.1819e-05
2.63567e-05
2.62421e-05
2.91525e-05
3.03476e-05
3.04002e-05
2.91253e-05
2.62821e-05
2.68759e-05
2.68163e-05
2.76305e-05
2.99817e-05
2.97907e-05
3.01639e-05
2.69714e-05
3.0169e-05
2.85181e-05
2.62822e-05
2.63152e-05
2.5508e-05
2.49822e-05
2.51714e-05
2.49359e-05
2.52421e-05
2.5455e-05
2.56331e-05
2.56991e-05
2.45967e-05
2.4917e-05
2.46473e-05
2.5003e-05
2.49875e-05
2.49471e-05
7.42288e-05
3.76288e-05
3.29823e-05
4.84145e-05
1.71649e-05
3.19752e-05
3.75726e-05
4.37545e-05
1.90207e-05
2.93267e-05
2.88681e-05
4.89406e-05
5.60672e-05
2.95359e-05
2.96207e-05
4.74144e-05
4.89331e-05
3.02625e-05
6.66991e-05
9.06937e-05
3.06922e-05
6.98076e-05
0.000100117
3.1428e-05
9.08964e-05
0.000140583
3.11812e-05
8.85237e-05
0.000129375
3.67035e-05
9.82717e-05
0.000164161
3.65036e-05
9.77678e-05
0.000177368
9.58589e-05
0.000213155
9.89579e-05
0.000197267
9.34398e-05
0.000232427
8.78465e-05
0.000252032
8.19616e-05
0.000273619
4.89369e-05
9.33713e-05
7.78556e-05
8.59864e-05
7.28782e-05
8.53792e-05
7.27459e-05
0.00331605
0.00189998
0.000239247
0.000375384
4.68803e-05
0.000288163
0.00047128
0.00214652
0.00220578
0.000227309
0.000101284
0.00186361
0.00396654
0.000479991
0.000178502
0.00126414
0.000265402
0.00374967
0.00102147
0.001561
0.000197664
0.000248264
0.00269049
0.000337399
0.00157934
4.86418e-05
0.0001787
0.000165357
0.000281613
6.0679e-05
0.000202522
8.90471e-05
0.000569925
8.03362e-05
6.12215e-05
4.9044e-05
0.000617499
0.0033407
0.00141356
0.00033769
5.71516e-05
3.95949e-05
0.00355334
0.00162715
0.000401711
0.000652802
5.811e-05
3.96103e-05
0.000167232
0.000413215
0.000858952
0.00205948
0.000673348
7.16732e-05
4.07014e-05
3.80019e-05
0.000676796
0.00206327
7.18358e-05
0.000795836
4.05233e-05
0.000158726
0.000374672
3.79843e-05
0.000651008
0.000163554
0.000296341
7.60228e-05
0.000108402
0.00012468
0.000112233
4.42898e-05
3.82047e-05
3.47382e-05
0.000627873
0.000162817
0.000290661
7.54322e-05
0.000128112
0.000113634
0.000120276
4.42026e-05
3.81486e-05
3.46567e-05
6.98217e-05
4.43343e-05
5.94125e-05
2.43641e-05
0.000106446
7.61881e-05
0.000104148
2.95417e-05
7.03041e-05
4.45844e-05
6.03107e-05
2.38646e-05
0.000100429
0.000103597
7.48311e-05
2.92709e-05
3.28442e-05
4.03052e-05
3.11463e-05
2.73605e-05
0.000105675
4.97168e-05
3.06498e-05
9.21732e-05
2.75316e-05
3.28241e-05
4.04436e-05
3.12633e-05
2.7375e-05
0.000108352
0.000101367
5.03604e-05
3.04493e-05
2.75324e-05
0.000104799
4.99734e-05
2.85692e-05
2.75778e-05
9.44422e-05
5.07754e-05
0.000104981
9.28824e-05
2.85382e-05
2.78396e-05
9.92078e-05
4.99403e-05
8.56099e-05
4.88985e-05
9.75056e-05
8.52533e-05
4.96627e-05
9.41665e-05
7.82685e-05
8.57109e-05
6.88381e-05
8.6233e-05
6.87675e-05
7.5127e-05
0.000333238
0.000333108
2.35878e-05
4.90435e-05
5.06567e-05
2.43785e-05
4.98377e-05
4.95845e-05
2.47862e-05
2.45728e-05
2.425e-05
2.46149e-05
2.39269e-05
2.43961e-05
2.48222e-05
2.45417e-05
2.40661e-05
2.4965e-05
2.46762e-05
2.48268e-05
2.56177e-05
2.54581e-05
2.54953e-05
2.44707e-05
2.44186e-05
5.13626e-05
2.46593e-05
5.02336e-05
2.40785e-05
2.53109e-05
2.41628e-05
2.40213e-05
2.41275e-05
2.47068e-05
2.51601e-05
2.49164e-05
2.38758e-05
2.47503e-05
2.52779e-05
2.38802e-05
2.42522e-05
2.46939e-05
2.52844e-05
2.37579e-05
2.37934e-05
2.44764e-05
4.89919e-05
4.99053e-05
2.44145e-05
4.88627e-05
4.73536e-05
2.38535e-05
4.82978e-05
4.70577e-05
2.50023e-05
2.34801e-05
2.33899e-05
2.35761e-05
2.34553e-05
2.43271e-05
2.47838e-05
2.4008e-05
8.2827e-05
4.34814e-05
4.40802e-05
2.2508e-05
4.63745e-05
4.69359e-05
2.34499e-05
2.47762e-05
2.33301e-05
2.33129e-05
2.32134e-05
2.3256e-05
2.4122e-05
2.25341e-05
2.37212e-05
4.13057e-05
2.36027e-05
2.44004e-05
2.46835e-05
2.36037e-05
2.46657e-05
2.39996e-05
2.1594e-05
2.1693e-05
2.10846e-05
2.13271e-05
4.19837e-05
2.51484e-05
2.5867e-05
2.41501e-05
2.49569e-05
2.58666e-05
2.37418e-05
2.47757e-05
2.52481e-05
2.49369e-05
2.40481e-05
2.64544e-05
2.65712e-05
2.6813e-05
3.14155e-05
2.7517e-05
3.38123e-05
2.98525e-05
2.46855e-05
2.32567e-05
5.07434e-05
5.15058e-05
2.39677e-05
2.57113e-05
2.34051e-05
2.41859e-05
2.5163e-05
2.55319e-05
2.54959e-05
2.4836e-05
2.4123e-05
2.40338e-05
2.40904e-05
2.40919e-05
2.42121e-05
2.39702e-05
2.42004e-05
2.41231e-05
2.41299e-05
2.38954e-05
2.41239e-05
2.40664e-05
2.39961e-05
2.41154e-05
2.42147e-05
2.40833e-05
2.42717e-05
2.41474e-05
2.35787e-05
2.42312e-05
2.422e-05
2.415e-05
2.42358e-05
2.4136e-05
2.42372e-05
2.42871e-05
2.42527e-05
2.40019e-05
2.40179e-05
2.38528e-05
2.29729e-05
2.4261e-05
2.42675e-05
2.30147e-05
2.35593e-05
2.34388e-05
2.40491e-05
2.38756e-05
2.37107e-05
2.37013e-05
2.39284e-05
2.39293e-05
2.33304e-05
2.36182e-05
2.35783e-05
2.41103e-05
3.10072e-05
3.0982e-05
2.7639e-05
3.0521e-05
2.48066e-05
2.78008e-05
2.56359e-05
2.77909e-05
3.16741e-05
2.92344e-05
2.96826e-05
2.71306e-05
2.57418e-05
2.51244e-05
2.75589e-05
2.7846e-05
2.77807e-05
2.56888e-05
2.49574e-05
2.54647e-05
2.49401e-05
3.65079e-05
3.61402e-05
3.88792e-05
3.79836e-05
3.61553e-05
3.11353e-05
2.88825e-05
2.69695e-05
2.85256e-05
3.08778e-05
2.63681e-05
2.53749e-05
2.83952e-05
3.01207e-05
4.32281e-05
3.75132e-05
4.56974e-05
4.55812e-05
3.77467e-05
3.38612e-05
3.25057e-05
3.01281e-05
2.97646e-05
3.92988e-05
3.27615e-05
3.31082e-05
3.12709e-05
3.16493e-05
3.16343e-05
3.19621e-05
3.38646e-05
2.47899e-05
2.39041e-05
2.48135e-05
2.60665e-05
2.54234e-05
2.70088e-05
2.6348e-05
2.71052e-05
2.37406e-05
2.4747e-05
2.43274e-05
2.48413e-05
2.42225e-05
2.37141e-05
2.42615e-05
2.36173e-05
2.41806e-05
2.34301e-05
2.3491e-05
2.18552e-05
2.46809e-05
2.46504e-05
2.45429e-05
2.48409e-05
2.44679e-05
2.46457e-05
2.40482e-05
2.53163e-05
2.66683e-05
2.86795e-05
3.19757e-05
2.44765e-05
2.49926e-05
2.43536e-05
2.44607e-05
2.39342e-05
2.43103e-05
2.38724e-05
2.37501e-05
2.36192e-05
2.25284e-05
3.09057e-05
3.33386e-05
2.99703e-05
3.33286e-05
2.99641e-05
3.15667e-05
3.32363e-05
3.11203e-05
3.11236e-05
3.32378e-05
3.18044e-05
2.65155e-05
2.59068e-05
2.89954e-05
3.01949e-05
3.00846e-05
2.90483e-05
2.61556e-05
2.64049e-05
2.67017e-05
2.74527e-05
2.99561e-05
2.97801e-05
3.01349e-05
3.01335e-05
2.99061e-05
2.97681e-05
2.70131e-05
2.69783e-05
2.84679e-05
2.61521e-05
2.63171e-05
2.54612e-05
2.47882e-05
2.62506e-05
2.537e-05
2.50854e-05
2.47072e-05
2.49956e-05
2.51736e-05
2.55466e-05
2.53724e-05
2.49479e-05
2.45823e-05
2.49957e-05
2.46212e-05
2.45769e-05
2.47765e-05
2.48195e-05
4.45776e-05
2.97717e-05
3.22087e-05
3.66434e-05
2.96667e-05
3.07702e-05
4.54134e-05
4.28524e-05
3.0045e-05
6.45518e-05
8.29793e-05
2.99244e-05
6.14309e-05
7.49765e-05
3.16166e-05
8.38153e-05
0.000110333
3.15932e-05
8.67762e-05
0.00011981
3.74838e-05
9.85905e-05
0.000152535
3.74529e-05
9.76351e-05
0.000141564
0.000102575
0.000170291
0.000101402
0.000183182
9.81908e-05
0.000215054
0.000101489
0.000199438
9.47787e-05
0.000232536
8.91848e-05
0.000251973
0.000272834
8.65979e-05
7.31395e-05
8.73499e-05
6.88604e-05
8.67864e-05
6.87741e-05
0.000540265
0.00302598
0.0011326
0.0002614
5.49994e-05
3.94339e-05
0.000317921
0.00017758
0.000847484
0.0031664
0.00302533
0.000250011
0.00041901
0.000983416
6.81049e-05
2.89078e-05
0.000219
0.000207412
0.000212072
0.000507171
0.00020116
5.20434e-05
0.000191201
0.000289196
6.14702e-05
0.000182775
0.00109087
0.00162619
0.00020587
4.78889e-05
9.64546e-05
0.000382565
0.002521
5.25249e-05
0.000765128
3.9143e-05
0.000174547
9.29254e-05
6.6175e-05
0.000433309
5.09533e-05
0.000283541
0.00014411
0.000125143
0.000101904
6.80261e-05
5.63332e-05
4.79102e-05
7.02165e-05
0.000607279
0.00191499
0.000532798
0.000128408
0.000255943
4.03515e-05
3.78502e-05
0.00066134
0.0020251
0.00068712
0.00014581
0.000318085
7.14743e-05
4.05113e-05
3.79237e-05
0.000101365
0.00012102
0.000103238
0.000162844
0.000677264
0.000301095
7.73668e-05
4.4379e-05
3.80685e-05
3.45174e-05
0.000303112
7.75272e-05
0.000701726
4.4573e-05
0.000158438
3.8263e-05
0.000115316
9.10186e-05
8.74734e-05
3.4586e-05
7.20545e-05
6.27508e-05
2.28812e-05
4.48219e-05
9.5844e-05
6.24823e-05
9.48543e-05
2.88198e-05
7.11254e-05
6.0783e-05
2.30299e-05
4.44802e-05
9.8674e-05
9.98697e-05
6.89563e-05
2.89174e-05
3.26681e-05
4.01809e-05
3.08994e-05
2.72697e-05
0.0001023
4.82048e-05
3.05324e-05
8.29184e-05
2.74351e-05
3.26124e-05
3.93447e-05
3.081e-05
2.71993e-05
7.6299e-05
0.000102088
4.57658e-05
3.0258e-05
2.73659e-05
9.93442e-05
4.94672e-05
2.79781e-05
2.8041e-05
7.74639e-05
5.06914e-05
0.000102915
8.74385e-05
2.81013e-05
2.7958e-05
9.93439e-05
5.10415e-05
8.56583e-05
5.19035e-05
9.99599e-05
8.3994e-05
5.19475e-05
9.46158e-05
7.91587e-05
5.05653e-05
9.48554e-05
7.87269e-05
8.72784e-05
7.35193e-05
7.57746e-05
7.63064e-05
0.0002723
0.00033375
0.000335152
0.000331908
0.000250601
0.00106778
0.000246117
0.0010552
5.06373e-05
2.47705e-05
2.45317e-05
2.47455e-05
5.18798e-05
2.47247e-05
5.07025e-05
5.26461e-05
2.45618e-05
2.49004e-05
2.44358e-05
5.14274e-05
2.42128e-05
2.43513e-05
2.48763e-05
2.42818e-05
2.44655e-05
2.45123e-05
2.53462e-05
2.39137e-05
2.41663e-05
2.53798e-05
2.55125e-05
2.41596e-05
2.43354e-05
2.4203e-05
2.54114e-05
2.42728e-05
2.41645e-05
2.42154e-05
2.51822e-05
2.53647e-05
5.12644e-05
2.39713e-05
2.60605e-05
2.39069e-05
2.38924e-05
2.38309e-05
2.53887e-05
2.46065e-05
2.55334e-05
2.57833e-05
2.52153e-05
5.14583e-05
5.07667e-05
2.502e-05
5.00761e-05
5.10088e-05
2.55339e-05
4.92808e-05
5.0089e-05
2.36251e-05
2.51003e-05
2.37085e-05
2.36954e-05
2.37389e-05
2.45636e-05
2.5549e-05
2.6106e-05
8.34084e-05
8.38832e-05
4.98139e-05
9.55451e-05
4.85221e-05
8.99226e-05
2.49174e-05
2.34516e-05
2.33088e-05
2.34049e-05
2.32977e-05
2.42927e-05
2.56369e-05
2.4765e-05
2.51818e-05
2.4575e-05
5.07976e-05
4.91864e-05
4.54452e-05
4.85823e-05
2.32543e-05
2.46925e-05
2.32679e-05
2.31962e-05
2.3151e-05
2.40907e-05
2.29896e-05
2.30641e-05
2.40935e-05
2.44167e-05
4.61637e-05
4.92988e-05
2.36438e-05
2.21068e-05
2.47327e-05
2.3671e-05
2.47654e-05
2.44812e-05
2.38179e-05
2.19489e-05
2.19896e-05
2.16589e-05
4.29397e-05
4.3456e-05
2.59546e-05
2.46218e-05
2.55389e-05
2.53586e-05
2.49908e-05
2.4961e-05
2.45662e-05
2.59531e-05
2.49672e-05
2.72252e-05
2.71441e-05
2.47148e-05
5.23345e-05
2.34594e-05
5.30735e-05
2.44552e-05
2.45609e-05
2.52943e-05
2.35001e-05
2.51017e-05
2.42517e-05
2.34911e-05
2.44873e-05
2.40701e-05
2.3991e-05
2.42027e-05
2.46564e-05
2.40604e-05
2.40366e-05
2.39861e-05
2.39496e-05
2.37816e-05
2.40874e-05
2.40935e-05
2.40414e-05
2.41668e-05
2.4144e-05
2.40813e-05
2.38059e-05
2.41556e-05
2.40854e-05
2.40762e-05
2.40695e-05
2.41647e-05
2.41501e-05
2.35079e-05
2.41422e-05
2.40774e-05
2.39221e-05
2.4186e-05
2.27395e-05
2.41482e-05
2.3667e-05
2.38147e-05
2.41538e-05
2.41987e-05
2.41413e-05
2.47041e-05
2.42038e-05
2.34739e-05
2.41504e-05
2.4127e-05
2.40538e-05
2.34517e-05
2.10899e-05
2.33743e-05
2.32957e-05
2.46796e-05
2.33595e-05
2.34661e-05
2.38505e-05
2.40304e-05
2.36248e-05
2.36489e-05
2.38944e-05
2.39188e-05
2.42658e-05
2.40291e-05
2.54589e-05
2.76488e-05
2.76522e-05
3.10142e-05
2.86256e-05
2.83879e-05
2.70318e-05
2.55921e-05
2.50788e-05
2.72341e-05
2.78274e-05
2.77933e-05
2.55418e-05
2.52911e-05
2.47372e-05
3.51193e-05
3.57733e-05
3.65627e-05
3.76837e-05
3.58777e-05
3.09518e-05
2.87133e-05
3.07931e-05
2.83455e-05
2.68604e-05
2.53228e-05
2.62812e-05
2.82944e-05
3.00716e-05
4.25018e-05
3.77027e-05
4.57894e-05
4.59677e-05
3.74592e-05
3.35198e-05
3.22082e-05
3.01642e-05
2.97633e-05
3.86416e-05
3.25548e-05
3.28731e-05
3.12417e-05
3.1639e-05
3.16356e-05
3.19658e-05
3.38775e-05
2.45731e-05
2.56047e-05
2.20928e-05
2.52346e-05
2.67637e-05
2.65043e-05
2.52548e-05
2.37406e-05
2.29838e-05
2.4412e-05
2.47032e-05
2.40389e-05
2.45398e-05
2.37074e-05
2.44488e-05
2.33594e-05
2.3088e-05
2.37035e-05
2.31968e-05
2.28322e-05
2.33324e-05
2.07506e-05
2.44924e-05
2.50149e-05
2.44848e-05
2.40822e-05
2.42159e-05
2.39104e-05
2.40957e-05
2.34339e-05
2.49041e-05
2.64643e-05
2.86515e-05
3.19807e-05
2.48732e-05
2.42154e-05
2.47167e-05
2.38932e-05
2.46128e-05
2.39228e-05
2.33907e-05
2.36338e-05
2.32938e-05
2.28828e-05
2.28038e-05
2.08825e-05
3.06625e-05
3.32876e-05
2.99561e-05
3.32974e-05
2.99521e-05
3.14448e-05
3.32308e-05
3.10916e-05
3.32207e-05
3.11119e-05
3.18122e-05
3.38813e-05
2.58505e-05
2.56825e-05
2.89671e-05
2.9517e-05
2.9836e-05
2.90656e-05
2.54998e-05
2.6052e-05
2.58127e-05
2.72074e-05
2.96602e-05
2.96994e-05
3.00677e-05
3.00917e-05
2.97868e-05
2.9744e-05
2.68062e-05
2.68465e-05
2.81776e-05
3.16307e-05
2.57834e-05
2.61658e-05
2.52168e-05
2.58812e-05
2.50749e-05
2.45099e-05
2.47674e-05
2.44533e-05
2.46846e-05
2.47129e-05
2.53457e-05
2.51209e-05
2.48832e-05
2.43382e-05
2.47523e-05
2.41483e-05
2.38528e-05
2.45227e-05
2.45173e-05
5.65693e-05
2.99356e-05
6.1624e-05
2.998e-05
5.9634e-05
6.85704e-05
3.19511e-05
8.1798e-05
0.000102443
3.16433e-05
7.85693e-05
9.42786e-05
3.77101e-05
9.49976e-05
0.000122801
3.79283e-05
9.69174e-05
0.000132067
0.000103534
0.000158845
0.000103288
0.000148153
0.000105612
0.000172902
0.000104161
0.000185543
9.95499e-05
0.000215287
0.00010297
0.000199845
0.000232049
0.000251336
8.79486e-05
6.90779e-05
7.73685e-05
0.000273072
7.68495e-05
0.000272357
6.58685e-05
0.000529508
0.00173888
0.00036149
0.000104398
0.000161889
4.05064e-05
3.7575e-05
0.000327171
0.000218711
0.00105469
0.00168982
0.000459612
9.02333e-05
0.000206603
0.000412203
0.00060757
0.000186448
0.000308484
8.00442e-05
7.97692e-05
0.000156549
0.000159184
6.52399e-05
4.32385e-05
4.3461e-05
6.85433e-05
6.23647e-05
6.79173e-05
0.000600546
0.00024748
5.71867e-05
4.28491e-05
0.000104077
7.12671e-05
9.52379e-05
5.02362e-05
0.000225309
0.000322642
0.00151351
0.00018994
4.87565e-05
3.80372e-05
5.172e-05
0.000406342
5.59395e-05
0.00144199
4.03811e-05
0.000205429
3.69914e-05
6.82656e-05
7.94838e-05
0.00012084
7.75331e-05
5.99391e-05
8.91132e-05
5.03212e-05
6.66187e-05
8.98927e-06
9.95454e-05
5.42558e-05
5.5322e-05
7.0838e-05
6.21578e-05
5.35286e-05
3.46429e-05
7.11455e-05
4.40094e-05
0.00026676
0.000697118
0.000110044
5.74372e-05
9.49441e-05
4.67498e-05
3.83207e-05
3.4474e-05
0.000293012
7.66562e-05
0.000711954
0.00013914
0.000106964
7.49308e-05
6.68538e-05
4.4223e-05
3.8698e-05
3.4394e-05
9.0771e-05
5.59656e-05
9.15716e-05
2.23474e-05
2.84926e-05
6.46013e-05
7.31609e-05
4.4364e-05
7.47053e-05
4.40482e-05
6.71095e-05
2.27856e-05
8.73304e-05
8.27125e-05
4.68752e-05
2.82232e-05
3.19988e-05
3.79696e-05
3.03766e-05
2.68711e-05
3.9935e-05
9.45959e-05
2.9438e-05
7.19605e-05
2.70657e-05
3.20095e-05
3.9037e-05
3.04314e-05
2.69327e-05
7.43846e-05
9.87573e-05
4.28263e-05
2.9716e-05
2.70898e-05
9.64589e-05
4.76707e-05
2.75758e-05
2.79882e-05
6.69101e-05
0.000253023
8.61023e-05
4.62843e-05
2.74986e-05
2.79045e-05
9.59832e-05
5.11146e-05
6.81297e-05
5.19403e-05
9.94651e-05
7.83407e-05
5.28621e-05
9.66786e-05
7.90168e-05
5.40008e-05
9.62863e-05
7.74198e-05
9.13666e-05
7.41305e-05
8.83658e-05
7.39255e-05
8.86813e-05
6.94068e-05
0.000250821
0.00033301
0.000334328
0.00025444
0.00108892
0.000258267
0.00112794
0.000240272
0.00104293
0.00112452
0.000817985
9.84817e-05
0.00107554
0.000803052
9.90591e-05
2.4585e-05
2.45114e-05
5.17052e-05
5.35264e-05
5.24145e-05
2.51034e-05
5.23585e-05
2.5275e-05
2.3948e-05
5.42956e-05
2.53584e-05
5.38796e-05
2.47453e-05
2.2577e-05
2.50084e-05
2.31166e-05
2.32813e-05
2.36564e-05
2.52511e-05
2.54827e-05
2.35486e-05
2.4797e-05
2.54273e-05
2.38211e-05
2.33758e-05
2.39254e-05
2.53437e-05
2.40749e-05
2.39776e-05
2.41195e-05
2.60354e-05
2.55801e-05
2.40874e-05
2.60892e-05
2.4022e-05
2.4051e-05
2.39925e-05
2.53878e-05
2.55991e-05
2.62851e-05
2.57973e-05
5.19516e-05
5.26753e-05
2.64408e-05
5.25638e-05
2.60912e-05
2.69633e-05
2.38515e-05
2.66554e-05
2.37732e-05
2.38424e-05
2.52193e-05
2.37616e-05
5.15199e-05
5.18666e-05
5.08846e-05
8.4895e-05
8.4381e-05
5.07826e-05
9.59243e-05
9.62121e-05
5.15871e-05
9.03158e-05
9.06512e-05
2.36172e-05
2.6405e-05
2.5212e-05
2.36756e-05
2.35684e-05
2.36736e-05
2.44161e-05
2.58524e-05
2.69799e-05
2.64342e-05
5.20292e-05
5.29523e-05
0.000100203
2.33706e-05
2.49209e-05
2.32436e-05
2.34184e-05
2.32548e-05
2.60403e-05
2.5321e-05
2.65376e-05
2.55819e-05
5.34192e-05
5.16986e-05
5.2137e-05
5.08148e-05
0.000103737
2.32309e-05
2.36221e-05
2.3108e-05
2.32708e-05
2.32145e-05
2.46705e-05
2.40648e-05
2.34774e-05
2.51483e-05
2.47672e-05
4.7541e-05
4.80699e-05
5.09995e-05
5.15477e-05
2.23928e-05
4.44782e-05
2.22829e-05
2.25181e-05
2.37748e-05
2.26218e-05
2.47814e-05
2.38064e-05
2.48012e-05
4.41768e-05
2.61522e-05
2.60874e-05
2.55155e-05
2.53018e-05
2.45671e-05
5.47427e-05
2.38417e-05
2.25917e-05
2.3392e-05
2.26821e-05
2.21318e-05
2.50062e-05
2.29003e-05
2.33282e-05
2.38622e-05
5.55491e-05
2.40431e-05
2.45659e-05
2.46895e-05
2.39236e-05
2.40486e-05
2.39232e-05
2.40765e-05
2.41098e-05
2.41262e-05
2.39756e-05
2.40784e-05
2.39948e-05
2.39636e-05
2.40794e-05
2.40072e-05
2.41344e-05
2.40556e-05
2.41568e-05
2.46222e-05
2.45123e-05
2.40164e-05
2.32178e-05
2.40814e-05
2.40842e-05
2.403e-05
2.4112e-05
2.40489e-05
2.40715e-05
2.44666e-05
2.41315e-05
2.4636e-05
2.23003e-05
2.40598e-05
2.36738e-05
2.38531e-05
2.35156e-05
2.40757e-05
2.41297e-05
2.40568e-05
2.45841e-05
2.32738e-05
2.06846e-05
2.32329e-05
2.33628e-05
2.33811e-05
2.41043e-05
2.39029e-05
2.3992e-05
2.45993e-05
2.46927e-05
2.37404e-05
2.4403e-05
2.44422e-05
2.3565e-05
2.43284e-05
2.31391e-05
2.07656e-05
2.30861e-05
2.35989e-05
2.50344e-05
2.36362e-05
2.32216e-05
2.36261e-05
2.35845e-05
2.39264e-05
2.38813e-05
2.40135e-05
2.42406e-05
2.42282e-05
2.51944e-05
2.75383e-05
2.74187e-05
3.02324e-05
2.8111e-05
2.81029e-05
2.66941e-05
2.54223e-05
2.71295e-05
2.72598e-05
2.7411e-05
2.52931e-05
2.50661e-05
3.36535e-05
3.48336e-05
3.53318e-05
3.51608e-05
3.51045e-05
3.07468e-05
2.85452e-05
3.06481e-05
2.82674e-05
2.65399e-05
2.99646e-05
2.81162e-05
2.61787e-05
2.51693e-05
4.01366e-05
3.74436e-05
4.55536e-05
4.49246e-05
3.78413e-05
3.30099e-05
3.19062e-05
3.01087e-05
2.98021e-05
3.76516e-05
3.22501e-05
3.26024e-05
3.12006e-05
3.16267e-05
3.19575e-05
2.09672e-05
2.04308e-05
2.48793e-05
2.26824e-05
2.16731e-05
2.6173e-05
2.47878e-05
2.50422e-05
2.60716e-05
2.44031e-05
2.42038e-05
2.30693e-05
2.39415e-05
2.33173e-05
2.41342e-05
2.28418e-05
2.43173e-05
2.33103e-05
2.59117e-05
2.99775e-05
3.11575e-05
2.50361e-05
2.48251e-05
2.4097e-05
2.47263e-05
2.39246e-05
2.35146e-05
2.36457e-05
2.3048e-05
2.3498e-05
2.14336e-05
2.42115e-05
2.59928e-05
2.84186e-05
3.1964e-05
2.45432e-05
2.43563e-05
2.34701e-05
2.4337e-05
2.32688e-05
2.41372e-05
2.28106e-05
2.25357e-05
2.2916e-05
2.28461e-05
2.61733e-05
2.82215e-05
2.57818e-05
3.0279e-05
3.32422e-05
2.99766e-05
3.31987e-05
2.99372e-05
3.13071e-05
3.31713e-05
3.10374e-05
3.31851e-05
3.09616e-05
3.17247e-05
3.38787e-05
3.19636e-05
3.38804e-05
2.60088e-05
2.50881e-05
2.85925e-05
2.93319e-05
2.91721e-05
2.8918e-05
2.48895e-05
2.61014e-05
2.57042e-05
2.64265e-05
2.94613e-05
2.96236e-05
3.0105e-05
3.00254e-05
2.89056e-05
2.95132e-05
2.68497e-05
2.65614e-05
2.79675e-05
2.98373e-05
2.97777e-05
3.15883e-05
3.16114e-05
3.15991e-05
2.77208e-05
2.51028e-05
2.5684e-05
2.58696e-05
2.4873e-05
2.49755e-05
2.53496e-05
2.40517e-05
2.46866e-05
2.4239e-05
2.38318e-05
2.38336e-05
2.40046e-05
2.49221e-05
2.48396e-05
2.45575e-05
2.3634e-05
2.44513e-05
2.32964e-05
2.17778e-05
2.37159e-05
2.39616e-05
3.13812e-05
7.32683e-05
8.05677e-05
3.17332e-05
7.65356e-05
8.7732e-05
3.79097e-05
9.36918e-05
0.000114931
3.75397e-05
9.11474e-05
0.000106965
0.000101971
0.000129812
0.000103236
0.000138808
0.000106871
0.000161608
0.000106966
0.00015116
0.000107353
0.000173591
0.000105714
0.000186053
0.000214887
0.000199555
0.000231576
7.78819e-05
0.000274825
0.000251535
0.000250861
6.48137e-05
4.28108e-05
0.000224871
0.000643128
8.14733e-05
4.69637e-05
7.7303e-05
3.20929e-05
3.93578e-05
3.44606e-05
0.000231512
0.00105709
0.00114409
0.000734944
0.000100093
0.000164164
0.000756067
0.000226816
6.27056e-05
4.53e-05
8.70879e-05
0.000109884
0.000808576
9.33778e-05
9.75736e-05
0.000118641
0.000137764
9.08074e-05
0.000101283
7.4188e-05
5.3295e-05
8.64573e-05
7.37329e-05
7.32747e-05
8.39548e-05
6.11674e-05
8.30383e-05
4.82912e-05
5.27171e-05
5.45392e-05
4.54971e-05
9.67948e-05
0.000188776
6.46457e-05
4.39352e-05
3.96724e-05
0.000111836
9.29707e-05
6.32631e-05
7.98514e-05
4.98045e-05
5.85446e-05
6.40227e-05
0.000816995
0.000170735
4.80744e-05
3.95988e-05
3.44985e-05
6.16161e-05
2.89255e-05
0.000162065
5.67291e-05
4.19827e-05
0.000483798
3.89918e-05
4.92716e-05
3.47023e-05
0.000144116
2.3802e-05
2.88142e-05
6.76166e-05
9.64168e-05
6.61534e-05
5.69783e-05
5.35006e-05
3.46443e-05
1.97527e-05
5.24654e-05
1.56481e-05
4.67178e-05
4.97469e-05
5.0148e-05
3.76581e-05
4.51554e-05
4.10391e-05
4.37214e-05
3.99286e-05
4.11976e-05
6.97459e-05
0.000123533
2.64427e-05
5.80474e-05
3.34684e-05
7.32257e-05
2.67083e-05
7.3308e-05
4.18454e-05
9.00072e-05
2.37376e-05
8.05919e-05
7.19097e-05
4.00107e-05
2.72859e-05
3.66816e-05
8.94861e-05
2.89456e-05
7.02509e-05
2.67989e-05
2.96003e-05
2.69389e-05
3.13398e-05
3.67682e-05
3.1325e-05
3.64964e-05
2.93554e-05
2.67386e-05
6.74124e-05
8.04628e-05
3.2255e-05
2.84331e-05
2.68842e-05
2.66491e-05
4.01031e-05
8.01841e-05
2.73747e-05
0.000220549
0.000234438
8.33058e-05
4.31849e-05
2.68394e-05
2.75506e-05
8.66643e-05
4.97212e-05
0.000230469
9.71236e-05
0.000199408
4.83357e-05
5.29895e-05
8.56409e-05
0.000255915
5.4338e-05
9.22156e-05
7.22658e-05
8.98259e-05
7.41644e-05
9.02801e-05
7.25603e-05
8.61603e-05
7.01347e-05
8.91763e-05
6.97878e-05
7.83527e-05
0.000277515
0.000332986
0.000331938
0.000259521
0.00120399
0.000258677
0.00115864
0.00118279
0.000835847
0.000100494
0.00121852
0.000856131
0.000105697
0.00102292
0.00078423
0.000102897
7.01837e-05
0.00106507
0.000213335
0.000100878
4.01e-05
6.97351e-05
0.0010528
0.000206726
0.000100042
4.13024e-05
5.33181e-05
5.59699e-05
2.58513e-05
5.46322e-05
5.47691e-05
2.17749e-05
2.38546e-05
2.23229e-05
2.48875e-05
2.23558e-05
2.13314e-05
2.17926e-05
2.49797e-05
2.35159e-05
2.50267e-05
2.29649e-05
2.43979e-05
2.51303e-05
2.21476e-05
2.28077e-05
5.6716e-05
2.58595e-05
5.58208e-05
2.35391e-05
2.52345e-05
2.31652e-05
2.36166e-05
2.32306e-05
2.65626e-05
2.66156e-05
2.38399e-05
2.69603e-05
2.54026e-05
2.39645e-05
2.37804e-05
2.39104e-05
2.65514e-05
2.63739e-05
2.60373e-05
5.48706e-05
5.35696e-05
2.65138e-05
5.30665e-05
2.69862e-05
2.39742e-05
2.6725e-05
2.71907e-05
2.39523e-05
2.39638e-05
2.53498e-05
2.39442e-05
5.19701e-05
5.37859e-05
5.2658e-05
8.54689e-05
8.61938e-05
5.30032e-05
9.70268e-05
5.2371e-05
5.44804e-05
2.74114e-05
5.37909e-05
2.70344e-05
2.3842e-05
2.78774e-05
2.53111e-05
2.38313e-05
2.37498e-05
2.37331e-05
2.75457e-05
9.15119e-05
9.65748e-05
9.10503e-05
0.000100415
0.000100578
2.67833e-05
5.46432e-05
2.35735e-05
2.37026e-05
2.35999e-05
2.36947e-05
2.50374e-05
2.74206e-05
2.73007e-05
2.78949e-05
5.30735e-05
5.55297e-05
5.38482e-05
0.000104012
0.000104156
2.34182e-05
2.74683e-05
2.48208e-05
2.32338e-05
2.34127e-05
2.32663e-05
2.64442e-05
2.6952e-05
2.61053e-05
5.4745e-05
5.33637e-05
5.60126e-05
5.41574e-05
0.000108209
0.000106394
2.39668e-05
4.96398e-05
2.54648e-05
2.41325e-05
2.32627e-05
2.58216e-05
2.31381e-05
2.46111e-05
2.33027e-05
2.32376e-05
4.93615e-05
5.35275e-05
5.31868e-05
4.49164e-05
4.49721e-05
2.2797e-05
2.29854e-05
2.29465e-05
2.3357e-05
2.1641e-05
2.08216e-05
2.32542e-05
2.17e-05
2.07775e-05
2.21076e-05
2.33161e-05
2.48331e-05
2.23641e-05
5.33535e-05
5.49149e-05
2.44765e-05
2.40991e-05
2.37463e-05
2.40674e-05
2.41136e-05
2.40918e-05
2.40371e-05
2.40499e-05
2.32853e-05
2.40115e-05
2.39736e-05
2.40488e-05
2.40427e-05
2.41289e-05
2.40875e-05
2.45481e-05
2.41206e-05
2.40499e-05
2.39914e-05
2.40095e-05
2.43732e-05
2.4602e-05
2.44768e-05
2.46489e-05
2.38217e-05
2.40918e-05
2.19813e-05
2.40107e-05
2.33519e-05
2.35455e-05
2.4023e-05
2.40799e-05
2.4031e-05
2.45878e-05
2.44294e-05
2.45093e-05
2.462e-05
2.33165e-05
2.03613e-05
2.33068e-05
2.33019e-05
2.33024e-05
2.40221e-05
2.38254e-05
2.40056e-05
2.37796e-05
2.44966e-05
2.44855e-05
2.43316e-05
2.35042e-05
2.35885e-05
2.37098e-05
2.53557e-05
2.76247e-05
2.08086e-05
2.31597e-05
2.35226e-05
2.35664e-05
2.44441e-05
2.41851e-05
2.43296e-05
2.42623e-05
2.40747e-05
2.32834e-05
3.11886e-05
3.08519e-05
2.77927e-05
2.93496e-05
2.45155e-05
2.30397e-05
2.37116e-05
2.46093e-05
2.40764e-05
2.38699e-05
2.39926e-05
2.40604e-05
2.42125e-05
2.41964e-05
2.50336e-05
2.71408e-05
2.71432e-05
2.94934e-05
2.75402e-05
2.72003e-05
2.65106e-05
2.52506e-05
2.65951e-05
2.69349e-05
2.67953e-05
2.51317e-05
2.47545e-05
3.14521e-05
3.31332e-05
3.3541e-05
3.40628e-05
3.36878e-05
3.04194e-05
2.81189e-05
3.04862e-05
2.82658e-05
2.63597e-05
3.78738e-05
3.69994e-05
4.37097e-05
4.31764e-05
3.72136e-05
3.27224e-05
3.15338e-05
3.00697e-05
3.59347e-05
3.18874e-05
3.21793e-05
3.11656e-05
1.94067e-05
2.06559e-05
2.46187e-05
1.8771e-05
2.45476e-05
2.49268e-05
2.58824e-05
2.61583e-05
2.0124e-05
2.37069e-05
2.38453e-05
2.45873e-05
2.43114e-05
2.40588e-05
2.61374e-05
2.42709e-05
2.7393e-05
2.99663e-05
3.13435e-05
2.5419e-05
3.11055e-05
3.09203e-05
2.44681e-05
2.34825e-05
2.43261e-05
2.30086e-05
2.1365e-05
2.18155e-05
2.45233e-05
2.26096e-05
2.57623e-05
2.28197e-05
2.51919e-05
2.82441e-05
3.18637e-05
2.39006e-05
2.48169e-05
2.37333e-05
2.26658e-05
2.37292e-05
2.3166e-05
2.35809e-05
2.61619e-05
2.87882e-05
2.83433e-05
2.80083e-05
3.05288e-05
3.04558e-05
2.93936e-05
3.30039e-05
2.97783e-05
3.3044e-05
2.95829e-05
3.0963e-05
3.31068e-05
3.07118e-05
3.30982e-05
3.08559e-05
3.16099e-05
3.38631e-05
3.19547e-05
3.38691e-05
3.19663e-05
2.69426e-05
2.47378e-05
2.84821e-05
2.81918e-05
2.87432e-05
2.79475e-05
2.42918e-05
2.5574e-05
2.4474e-05
2.62806e-05
2.83425e-05
2.92904e-05
3.00229e-05
2.99761e-05
2.87178e-05
2.94508e-05
2.58208e-05
2.60932e-05
2.6813e-05
2.97624e-05
2.97495e-05
3.15869e-05
3.15716e-05
3.15911e-05
2.97157e-05
2.97612e-05
3.15199e-05
2.71701e-05
2.67954e-05
2.49072e-05
2.57044e-05
2.48036e-05
2.4948e-05
2.5428e-05
2.42338e-05
2.46403e-05
2.45709e-05
2.40293e-05
2.30993e-05
2.28318e-05
2.27843e-05
2.32345e-05
2.38144e-05
2.47597e-05
2.35498e-05
2.38718e-05
2.17475e-05
2.36233e-05
2.25644e-05
2.46671e-05
2.43675e-05
2.32437e-05
3.70076e-05
8.66693e-05
9.34366e-05
3.74554e-05
8.96042e-05
0.000100411
0.000101301
0.000122037
9.92897e-05
0.000114357
0.000106367
0.000133185
0.000107252
0.000141932
0.000108701
0.000162377
0.000109057
0.000152114
0.000173454
0.000185818
0.000214432
0.000199141
0.000231603
0.000253168
0.00023224
3.83462e-05
6.09011e-05
0.000130349
3.06174e-05
3.52691e-05
2.97906e-05
0.000251377
2.60542e-05
0.000996734
0.000772099
0.000101322
6.91848e-05
0.00103494
0.000276762
9.00255e-05
4.19504e-05
2.17532e-05
6.17652e-05
6.64629e-05
7.37479e-05
4.82043e-05
3.79524e-05
3.83156e-05
3.17169e-05
4.09272e-05
0.000103374
0.000169946
6.4378e-05
9.02583e-05
7.52484e-05
9.8158e-05
9.19327e-05
8.92943e-05
4.5381e-05
3.92896e-05
9.53781e-05
9.47245e-05
9.82305e-05
7.14058e-05
0.000106816
4.49662e-05
5.99508e-05
6.86315e-05
4.88377e-05
4.57666e-05
4.43182e-05
3.86917e-05
3.74157e-05
5.4058e-05
4.61922e-05
3.78256e-05
2.78527e-05
3.16642e-05
7.38741e-05
5.30331e-05
4.88759e-05
4.15386e-05
3.46059e-05
6.82316e-05
0.000103156
8.29765e-05
6.31666e-05
5.448e-05
3.52336e-05
2.6967e-05
3.78307e-05
0.000144622
3.02354e-05
6.75151e-05
4.85633e-05
4.32561e-05
4.10489e-05
3.49734e-05
3.78977e-05
3.2941e-05
2.77978e-05
4.69377e-05
3.86809e-05
7.04403e-05
2.80096e-05
9.88441e-05
3.55416e-05
2.72644e-05
2.60652e-05
6.01822e-05
6.29663e-05
5.02203e-05
4.53911e-05
4.10786e-05
4.88707e-05
1.97588e-05
4.77927e-05
3.57568e-05
3.48421e-05
2.05248e-05
3.35054e-05
4.19716e-05
3.99185e-05
4.91731e-05
3.34578e-05
3.71067e-05
3.6942e-05
3.52814e-05
3.46599e-05
3.16952e-05
2.98199e-05
2.65697e-05
4.85281e-05
2.27672e-05
2.69233e-05
0.000209883
2.63558e-05
3.10438e-05
3.49764e-05
2.89545e-05
2.65817e-05
0.000265816
5.83492e-05
2.71692e-05
2.73523e-05
2.64445e-05
2.61015e-05
3.65271e-05
7.62336e-05
2.70163e-05
0.000207901
0.000191083
7.04316e-05
3.12421e-05
2.54934e-05
2.67648e-05
4.25659e-05
8.98034e-05
0.000170897
9.38012e-05
0.000182404
4.55804e-05
5.09488e-05
9.35512e-05
0.000196915
4.74421e-05
0.000102354
0.000165985
9.26508e-05
0.000227037
9.14267e-05
6.73091e-05
9.07333e-05
6.99804e-05
9.01456e-05
6.8459e-05
8.61481e-05
6.69124e-05
7.93416e-05
0.000280471
0.000255701
0.000320802
0.000328864
0.000263648
0.00127746
0.000267155
0.00136628
0.00123818
0.000886412
0.000117242
0.00122003
0.000870412
0.000110328
7.04936e-05
0.00109236
0.000216037
0.000104545
3.96985e-05
7.25272e-05
0.00111717
0.000215117
0.000109086
3.98747e-05
6.91558e-05
0.00103249
0.0002001
0.000100829
4.66772e-05
0.000120844
3.15454e-05
0.000134923
0.000153411
5.62657e-05
3.55056e-05
3.62288e-05
0.000112119
3.27025e-05
0.000131839
0.000152951
5.78825e-05
3.58267e-05
3.65486e-05
5.58313e-05
2.24539e-05
2.15361e-05
5.3337e-05
2.4393e-05
2.14861e-05
2.47233e-05
2.17288e-05
2.13141e-05
2.15555e-05
2.47307e-05
2.23849e-05
2.15243e-05
2.10789e-05
2.15778e-05
2.47745e-05
2.13647e-05
2.0984e-05
5.31828e-05
5.56627e-05
2.52951e-05
5.56582e-05
2.19462e-05
2.50739e-05
2.20449e-05
2.25849e-05
2.26729e-05
2.46352e-05
2.5896e-05
5.63831e-05
2.34446e-05
2.76297e-05
2.52992e-05
2.31004e-05
2.3398e-05
2.30596e-05
2.74636e-05
2.69057e-05
2.67464e-05
5.59334e-05
5.62852e-05
2.73473e-05
5.50856e-05
2.37385e-05
2.52715e-05
2.38687e-05
2.3746e-05
2.38753e-05
2.69907e-05
2.78926e-05
2.74701e-05
5.46084e-05
5.43654e-05
5.35289e-05
7.77669e-05
8.68998e-05
5.34596e-05
9.7638e-05
5.49901e-05
2.74867e-05
5.41492e-05
5.57075e-05
2.77046e-05
2.3958e-05
2.79027e-05
2.53086e-05
2.39578e-05
2.39473e-05
2.39481e-05
2.81079e-05
9.20833e-05
9.85529e-05
9.29225e-05
0.000101233
0.000100846
0.000104779
5.5189e-05
0.000104403
5.45925e-05
2.84457e-05
5.69721e-05
2.39023e-05
2.51672e-05
2.38857e-05
2.3791e-05
2.37769e-05
2.8844e-05
2.80477e-05
2.84899e-05
5.6325e-05
5.56515e-05
0.000108466
2.36272e-05
2.8207e-05
2.88385e-05
2.37635e-05
2.77896e-05
2.84651e-05
2.36348e-05
2.37818e-05
2.51545e-05
5.63889e-05
5.72425e-05
5.80869e-05
0.000106537
0.000108527
0.000106584
2.79176e-05
5.83907e-05
2.48568e-05
2.34722e-05
2.34896e-05
2.32992e-05
2.32836e-05
2.69176e-05
2.83713e-05
2.72922e-05
5.63832e-05
5.71746e-05
5.57226e-05
0.000109474
0.000110067
5.07929e-05
5.5037e-05
5.07395e-05
2.44232e-05
5.50996e-05
2.61484e-05
2.33046e-05
2.34014e-05
2.31669e-05
2.33326e-05
2.46127e-05
2.46093e-05
2.64548e-05
4.51098e-05
4.49602e-05
1.95306e-05
5.00588e-05
4.729e-05
1.95573e-05
2.33812e-05
1.86453e-05
2.44592e-05
2.4065e-05
2.26147e-05
2.35154e-05
1.86636e-05
2.41293e-05
2.3962e-05
2.30047e-05
2.4044e-05
2.40381e-05
2.40152e-05
2.40606e-05
2.40877e-05
2.40628e-05
2.44685e-05
2.39052e-05
2.39957e-05
2.16679e-05
2.35107e-05
2.37656e-05
2.33141e-05
2.40141e-05
2.40654e-05
2.4046e-05
2.4419e-05
2.46214e-05
2.45581e-05
2.46003e-05
2.44606e-05
2.45538e-05
2.43541e-05
2.52688e-05
2.3991e-05
2.44103e-05
2.3817e-05
2.0536e-05
2.35397e-05
2.3293e-05
2.32479e-05
2.39598e-05
2.36569e-05
2.36993e-05
2.44118e-05
2.45675e-05
2.4455e-05
2.53133e-05
2.41651e-05
2.36681e-05
2.08509e-05
2.78755e-05
2.47244e-05
3.07405e-05
2.34564e-05
2.33205e-05
2.3515e-05
2.43355e-05
2.42091e-05
2.42345e-05
2.40564e-05
2.494e-05
2.35836e-05
2.40223e-05
2.37405e-05
3.0861e-05
2.61663e-05
3.18087e-05
2.73821e-05
2.86645e-05
3.01033e-05
2.40553e-05
2.3847e-05
2.40003e-05
2.41066e-05
2.47013e-05
2.38792e-05
2.48401e-05
3.1314e-05
3.09878e-05
2.42499e-05
2.80347e-05
2.99962e-05
3.15936e-05
3.15985e-05
2.37472e-05
2.47355e-05
2.58793e-05
2.44721e-05
2.47444e-05
2.7031e-05
2.69925e-05
2.85097e-05
2.60624e-05
2.60736e-05
2.60838e-05
2.50382e-05
2.59913e-05
2.648e-05
2.65454e-05
2.42457e-05
3.0238e-05
3.55546e-05
3.1789e-05
3.21222e-05
3.27209e-05
3.01694e-05
2.77006e-05
3.01713e-05
2.7903e-05
2.59441e-05
3.66488e-05
3.53551e-05
3.96231e-05
3.70593e-05
4.44578e-05
4.73476e-05
4.32366e-05
3.33132e-05
3.13601e-05
2.99855e-05
3.45862e-05
3.48265e-05
3.17119e-05
3.17512e-05
3.11033e-05
1.81103e-05
2.5689e-05
2.41767e-05
2.61352e-05
2.55936e-05
2.62145e-05
1.74089e-05
1.96105e-05
1.97811e-05
2.42845e-05
2.63859e-05
2.62442e-05
2.65063e-05
2.64052e-05
2.64111e-05
2.4349e-05
2.79569e-05
2.46175e-05
2.67162e-05
3.20739e-05
2.52471e-05
3.28757e-05
3.09275e-05
3.03538e-05
2.37917e-05
2.48653e-05
2.14203e-05
2.35499e-05
2.45489e-05
2.8781e-05
2.80398e-05
3.02139e-05
2.92908e-05
2.55136e-05
2.44795e-05
2.72017e-05
3.17304e-05
2.43544e-05
2.39854e-05
2.40169e-05
2.48907e-05
2.41639e-05
2.88959e-05
2.81182e-05
2.79797e-05
3.03397e-05
2.99519e-05
3.00682e-05
3.26951e-05
2.90625e-05
3.27497e-05
2.94588e-05
2.92557e-05
3.00866e-05
3.29531e-05
3.05508e-05
3.29626e-05
3.03859e-05
3.1316e-05
3.38399e-05
3.19721e-05
3.38339e-05
3.19605e-05
2.27104e-05
2.90684e-05
3.2677e-05
3.2889e-05
2.82675e-05
2.69646e-05
2.92712e-05
2.91642e-05
2.81285e-05
2.96924e-05
2.90053e-05
2.81461e-05
2.55827e-05
2.4467e-05
2.61245e-05
2.95501e-05
2.88185e-05
3.15143e-05
3.1676e-05
3.16904e-05
2.97036e-05
2.9549e-05
3.15214e-05
2.65674e-05
2.65496e-05
2.48624e-05
2.5279e-05
2.41259e-05
2.50808e-05
2.44656e-05
2.33891e-05
2.38345e-05
2.27898e-05
2.5471e-05
2.39208e-05
2.55318e-05
3.11455e-05
3.07209e-05
2.28891e-05
2.78796e-05
2.47854e-05
2.9174e-05
3.22202e-05
2.70551e-05
8.79488e-05
8.1745e-05
9.58119e-05
0.000101191
9.83418e-05
0.00010786
0.000106033
0.000125496
0.000104419
0.000118079
0.000108864
0.000134398
0.000109432
0.000142949
0.000162276
0.000152107
0.000173099
0.000185413
0.000214436
0.000199141
0.000233775
0.000215015
3.27151e-05
3.07418e-05
2.93514e-05
2.60402e-05
6.3318e-05
1.78626e-05
2.6381e-05
0.000146265
2.58222e-05
6.89275e-05
0.00100038
0.000212557
9.76366e-05
4.24824e-05
4.42502e-05
6.34889e-05
0.000114168
0.000135782
5.7761e-05
3.57113e-05
3.69784e-05
5.07462e-05
2.10146e-05
3.38434e-05
3.89883e-05
3.55203e-05
4.27853e-05
4.01751e-05
3.54155e-05
3.21157e-05
3.40409e-05
5.47002e-05
2.88204e-05
3.06618e-05
3.28974e-05
4.33322e-05
4.908e-05
3.67722e-05
4.98078e-05
5.40153e-05
6.82102e-05
5.35367e-05
5.85218e-05
0.000165841
0.000113815
4.88809e-05
6.949e-05
3.7657e-05
3.39695e-05
6.63144e-05
9.39056e-05
9.62779e-05
5.37099e-05
6.05037e-05
4.75419e-05
4.0837e-05
3.89069e-05
6.70296e-05
6.45401e-05
4.31068e-05
5.04107e-05
4.70209e-05
4.091e-05
3.55762e-05
3.53213e-05
5.62252e-05
4.05224e-05
3.08236e-05
2.62271e-05
2.79751e-05
2.83499e-05
3.36184e-05
3.68725e-05
4.72002e-05
5.70495e-05
6.846e-05
7.95305e-05
4.98653e-05
4.69778e-05
4.69045e-05
3.33948e-05
3.31841e-05
3.39465e-05
3.11379e-05
2.77056e-05
3.5305e-05
3.00238e-05
3.18699e-05
2.77474e-05
2.61052e-05
2.92835e-05
3.23584e-05
2.85525e-05
2.6031e-05
5.3348e-05
4.51368e-05
2.62081e-05
2.60076e-05
2.56252e-05
4.39152e-05
5.26139e-05
3.93352e-05
3.96173e-05
3.54555e-05
4.24028e-05
3.20993e-05
3.10695e-05
3.22855e-05
3.30195e-05
2.85654e-05
2.89956e-05
3.66405e-05
4.01483e-05
3.43029e-05
4.04898e-05
3.32702e-05
2.98847e-05
7.07227e-05
2.00978e-05
2.52929e-05
0.000134412
0.000175502
8.61157e-05
2.47193e-05
2.47013e-05
3.89415e-05
8.54264e-05
0.000160291
0.000146718
8.00806e-05
3.31813e-05
4.11044e-05
9.33874e-05
0.000140187
4.42649e-05
9.81462e-05
0.000150339
9.82859e-05
0.000170752
0.000103785
0.000140929
9.76054e-05
0.000202978
8.24993e-05
0.000258293
8.04932e-05
0.000282097
8.01692e-05
0.000269715
0.00025914
0.000258335
0.000236168
0.000309708
0.000295099
0.000259733
0.00146759
0.000266072
0.00145022
0.00129636
0.000914791
0.000129048
0.00132772
0.000937992
0.000144311
7.67518e-05
0.0011372
0.000224426
0.000117891
4.07015e-05
7.5103e-05
0.00112868
0.000215616
0.000113974
3.98263e-05
0.000124588
3.78044e-05
0.00014267
0.000157229
5.25784e-05
3.54173e-05
3.59335e-05
0.000117793
4.42831e-05
0.000152085
0.000164571
4.76232e-05
3.54048e-05
3.59638e-05
9.73776e-05
3.27275e-05
0.000127991
0.000149619
5.77318e-05
3.56256e-05
4.22652e-05
3.27718e-05
9.41642e-05
5.25774e-05
3.60249e-05
3.44016e-05
3.8697e-05
4.29369e-05
3.33193e-05
3.28463e-05
7.83318e-05
3.06839e-05
5.15107e-05
3.71926e-05
3.47297e-05
4.10607e-05
4.5934e-05
3.3593e-05
5.10679e-05
2.32234e-05
5.40111e-05
2.18282e-05
1.90873e-05
2.12693e-05
2.18823e-05
2.30971e-05
2.30765e-05
2.45992e-05
1.8973e-05
2.0129e-05
2.10844e-05
2.00377e-05
2.11798e-05
2.10207e-05
5.06085e-05
4.98681e-05
2.22153e-05
4.90552e-05
2.11921e-05
2.4774e-05
2.1292e-05
2.09037e-05
2.09196e-05
2.31013e-05
2.19982e-05
5.53057e-05
2.19354e-05
2.50126e-05
2.25278e-05
2.19048e-05
2.24844e-05
2.49727e-05
2.65626e-05
2.60738e-05
5.4589e-05
5.56996e-05
2.78339e-05
5.68559e-05
2.33823e-05
2.51215e-05
2.33823e-05
2.30254e-05
2.30425e-05
2.75419e-05
2.8489e-05
2.81791e-05
5.71414e-05
5.59356e-05
5.6299e-05
8.81745e-05
8.81661e-05
5.52507e-05
9.20887e-05
2.37373e-05
2.88059e-05
2.38768e-05
2.37407e-05
2.38774e-05
2.83933e-05
2.83481e-05
2.79838e-05
5.49273e-05
5.65584e-05
5.64222e-05
9.86628e-05
8.519e-05
9.32238e-05
0.000101827
0.000105402
5.56307e-05
0.000102727
0.000106311
5.62948e-05
2.85273e-05
5.74588e-05
2.53175e-05
2.402e-05
2.4005e-05
2.40192e-05
2.40026e-05
2.8866e-05
2.87484e-05
2.90728e-05
5.81513e-05
0.000107093
0.000199674
0.000106767
5.76472e-05
0.000109028
2.39902e-05
2.98377e-05
2.38679e-05
2.40143e-05
2.38892e-05
2.95296e-05
2.94618e-05
2.91163e-05
5.9439e-05
5.70895e-05
5.8833e-05
0.000108696
0.000109613
2.88204e-05
5.96278e-05
6.04306e-05
2.95207e-05
5.80838e-05
5.87922e-05
2.91306e-05
2.37143e-05
2.98001e-05
2.38812e-05
2.4994e-05
2.37321e-05
2.3906e-05
0.000109599
0.000110365
0.00011039
5.93207e-05
0.000110081
2.35714e-05
2.33477e-05
2.35953e-05
2.33958e-05
2.92275e-05
2.8893e-05
2.81185e-05
2.77013e-05
5.77788e-05
6.04335e-05
5.82497e-05
0.000110355
5.17263e-05
5.64295e-05
2.48476e-05
2.49862e-05
2.33996e-05
2.68148e-05
2.69977e-05
2.32532e-05
2.35064e-05
2.34194e-05
5.13682e-05
5.62635e-05
4.45143e-05
1.77294e-05
2.4305e-05
2.54105e-05
2.48974e-05
2.53114e-05
2.46743e-05
1.70274e-05
1.76267e-05
1.65407e-05
4.1476e-05
2.46139e-05
2.37217e-05
2.40573e-05
2.33034e-05
2.38261e-05
2.35255e-05
2.14934e-05
2.40006e-05
2.40353e-05
2.40269e-05
2.44896e-05
2.45472e-05
2.44385e-05
2.38889e-05
2.43534e-05
2.39823e-05
2.32552e-05
2.48657e-05
2.33461e-05
2.07103e-05
2.36601e-05
2.39636e-05
2.36261e-05
2.44236e-05
2.43603e-05
2.45351e-05
2.52271e-05
2.525e-05
2.52465e-05
2.52585e-05
2.51227e-05
2.51491e-05
2.41721e-05
2.41392e-05
2.40335e-05
2.40033e-05
2.4154e-05
2.47939e-05
2.64699e-05
2.4355e-05
2.08702e-05
2.59843e-05
3.3289e-05
3.12446e-05
2.39615e-05
2.35729e-05
2.33679e-05
2.42621e-05
2.40152e-05
2.40922e-05
2.49197e-05
2.51969e-05
2.38098e-05
2.3955e-05
2.37926e-05
2.39371e-05
2.48137e-05
2.40312e-05
2.74482e-05
3.19745e-05
2.60805e-05
3.14037e-05
2.37235e-05
3.13155e-05
2.50374e-05
3.46845e-05
2.40494e-05
2.39331e-05
2.39612e-05
2.45707e-05
2.45477e-05
2.45274e-05
2.18933e-05
2.19324e-05
2.2448e-05
2.24728e-05
2.42171e-05
2.43518e-05
2.43681e-05
3.19108e-05
2.69097e-05
3.353e-05
2.87425e-05
2.43646e-05
2.81961e-05
2.98051e-05
2.42413e-05
3.15123e-05
3.17765e-05
2.44525e-05
2.45943e-05
2.11846e-05
2.10469e-05
2.11582e-05
2.09942e-05
2.43654e-05
3.36116e-05
2.40961e-05
3.29295e-05
3.00638e-05
3.19623e-05
3.13686e-05
3.17215e-05
2.42387e-05
2.53677e-05
2.68734e-05
2.5204e-05
2.52896e-05
2.45229e-05
2.45933e-05
2.37294e-05
2.3487e-05
2.37059e-05
2.34756e-05
2.79904e-05
2.68061e-05
2.76471e-05
2.58106e-05
2.53451e-05
2.5963e-05
2.58191e-05
2.8033e-05
3.37281e-05
3.09438e-05
3.18084e-05
3.05503e-05
2.93209e-05
2.73121e-05
2.75235e-05
2.99279e-05
2.54222e-05
3.63488e-05
3.63623e-05
3.65391e-05
4.14232e-05
4.10939e-05
4.11451e-05
4.71455e-05
4.76522e-05
4.27316e-05
3.45355e-05
3.06383e-05
2.99871e-05
3.42564e-05
3.40791e-05
3.60927e-05
3.21923e-05
3.14283e-05
3.11225e-05
2.55696e-05
1.92855e-05
2.56935e-05
2.55616e-05
2.56011e-05
2.18339e-05
1.74824e-05
2.06275e-05
2.5805e-05
2.56571e-05
2.5615e-05
2.55381e-05
2.54369e-05
2.57249e-05
2.53085e-05
2.5946e-05
2.53281e-05
2.99339e-05
2.63386e-05
2.55307e-05
2.61632e-05
2.54326e-05
2.71236e-05
3.53524e-05
2.60203e-05
3.29555e-05
3.09344e-05
3.01034e-05
2.42701e-05
2.36638e-05
2.40886e-05
2.85226e-05
2.64533e-05
3.00196e-05
2.54383e-05
2.67949e-05
3.14265e-05
2.41125e-05
2.54328e-05
2.56151e-05
2.52889e-05
2.55106e-05
2.52586e-05
2.97416e-05
2.87706e-05
2.92454e-05
2.9191e-05
2.98527e-05
2.96233e-05
3.22754e-05
3.22332e-05
2.96632e-05
2.92076e-05
3.26695e-05
3.01942e-05
3.38012e-05
3.20868e-05
2.98116e-05
3.05872e-05
3.37197e-05
3.20289e-05
3.37921e-05
3.20478e-05
2.4954e-05
2.47637e-05
3.15362e-05
3.05878e-05
2.94122e-05
3.59485e-05
2.89922e-05
3.65463e-05
2.95712e-05
3.29899e-05
3.57412e-05
2.9856e-05
2.62741e-05
3.22816e-05
3.21118e-05
2.94859e-05
2.80868e-05
3.16955e-05
2.96936e-05
3.27898e-05
2.81832e-05
2.56758e-05
2.38351e-05
3.12158e-05
2.98401e-05
2.89424e-05
2.6628e-05
2.46041e-05
2.47568e-05
2.32391e-05
2.37764e-05
2.72604e-05
2.42875e-05
3.19465e-05
2.8271e-05
3.20487e-05
7.15403e-05
7.71304e-05
9.47884e-05
9.57257e-05
9.18415e-05
8.98616e-05
0.000101664
0.000105255
0.00010378
0.000111641
0.000108607
0.000126749
0.000107369
0.000119541
0.000134509
0.000142951
0.000161923
0.000151811
0.000173066
0.000185391
0.000216456
7.73415e-05
2.03249e-05
2.5252e-05
8.43667e-05
7.67291e-05
3.86107e-05
0.000121263
0.000147323
5.61178e-05
3.51633e-05
3.77888e-05
3.27308e-05
4.47344e-05
4.28039e-05
3.88002e-05
3.3879e-05
4.45883e-05
4.43283e-05
3.35552e-05
3.3032e-05
2.90468e-05
2.78605e-05
3.07942e-05
3.50762e-05
4.02143e-05
3.17633e-05
4.41382e-05
3.95516e-05
3.42165e-05
3.30619e-05
3.10449e-05
3.38333e-05
3.12685e-05
2.95352e-05
2.87626e-05
2.84351e-05
3.28146e-05
3.44101e-05
3.12172e-05
3.29151e-05
3.60357e-05
4.62786e-05
3.52791e-05
4.25004e-05
9.95678e-05
6.67637e-05
7.43151e-05
4.31912e-05
5.13935e-05
5.82461e-05
4.93197e-05
8.27879e-05
8.07845e-05
5.36384e-05
4.26886e-05
2.94771e-05
6.80404e-05
8.61349e-05
5.93103e-05
4.6898e-05
5.66604e-05
6.10814e-05
4.29547e-05
4.18165e-05
6.71129e-05
5.6943e-05
4.27449e-05
3.70189e-05
5.04768e-05
5.94463e-05
3.59991e-05
3.57174e-05
4.15645e-05
3.09801e-05
2.77898e-05
2.76324e-05
2.56905e-05
2.80814e-05
2.96968e-05
3.59829e-05
4.43762e-05
5.62382e-05
4.24241e-05
4.40262e-05
4.08809e-05
4.18701e-05
2.9574e-05
2.92315e-05
2.8174e-05
3.19264e-05
2.79019e-05
2.62361e-05
3.15118e-05
2.79465e-05
2.5901e-05
4.23261e-05
2.66614e-05
2.59798e-05
4.18856e-05
3.91049e-05
4.27274e-05
3.48672e-05
2.834e-05
2.83806e-05
3.19132e-05
2.81907e-05
2.64632e-05
2.88141e-05
3.59337e-05
3.12203e-05
4.15483e-05
3.99227e-05
3.29592e-05
3.23883e-05
7.43469e-05
1.97602e-05
0.000100746
0.000132497
9.26706e-05
2.41731e-05
3.7187e-05
8.84571e-05
0.000130928
0.000119269
8.34403e-05
3.13347e-05
9.40608e-05
0.000117532
9.90815e-05
0.000126592
0.000100722
0.000149553
0.000103424
0.000121296
0.00010093
0.00018286
8.98632e-05
0.000236103
0.000259831
0.000248856
0.000239733
0.00023862
0.000218708
0.000259039
0.000277949
0.000249809
0.00142922
0.000236994
0.00137282
0.0012572
0.000921547
0.000167764
0.00131417
0.000947621
0.000161148
7.7452e-05
0.00116051
0.000236475
0.000127465
4.08423e-05
7.81123e-05
0.00115668
0.00024762
0.000134922
4.22044e-05
0.000114592
6.21282e-05
0.000162825
0.000170458
4.45751e-05
3.53802e-05
3.68555e-05
0.000111964
5.49993e-05
0.000158661
0.000167818
4.55328e-05
3.55281e-05
3.58644e-05
3.38209e-05
0.000107149
7.36713e-05
3.55969e-05
3.43923e-05
3.76954e-05
4.09042e-05
3.3152e-05
3.3172e-05
0.000126423
4.637e-05
8.1175e-05
3.58057e-05
3.43945e-05
3.63535e-05
3.7417e-05
3.30612e-05
6.24427e-05
3.05588e-05
4.79708e-05
3.70016e-05
3.46977e-05
4.17201e-05
4.58496e-05
3.32421e-05
1.76653e-05
4.60722e-05
4.75661e-05
5.63443e-05
2.98416e-05
3.21063e-05
3.20416e-05
3.29324e-05
4.10905e-05
3.32507e-05
3.22285e-05
3.83178e-05
3.78239e-05
1.87804e-05
4.88889e-05
3.12098e-05
3.26068e-05
3.55594e-05
4.26629e-05
5.23514e-05
1.78138e-05
2.15766e-05
4.33173e-05
1.92842e-05
1.7842e-05
1.65042e-05
2.2917e-05
1.65638e-05
2.16623e-05
2.30387e-05
4.26907e-05
4.67451e-05
2.05109e-05
4.59643e-05
1.92726e-05
2.04297e-05
5.11443e-05
2.12419e-05
2.32127e-05
2.09892e-05
2.1243e-05
2.10779e-05
2.35715e-05
2.1901e-05
2.24025e-05
5.2621e-05
5.11863e-05
2.49977e-05
5.50642e-05
2.6527e-05
2.49306e-05
2.69131e-05
5.51988e-05
5.6654e-05
5.60987e-05
0.000102618
9.58282e-05
5.72232e-05
0.000100138
2.34045e-05
2.93585e-05
2.34149e-05
2.30395e-05
2.30362e-05
2.87565e-05
2.89334e-05
2.83043e-05
5.74436e-05
5.8459e-05
5.8439e-05
9.97025e-05
9.47168e-05
9.47989e-05
9.73532e-05
2.93983e-05
5.87361e-05
2.90397e-05
2.97661e-05
2.93632e-05
5.87545e-05
5.69999e-05
5.69418e-05
0.000102741
0.000101912
0.000106305
0.000107698
0.000201039
0.000108587
0.000203168
5.80685e-05
0.000109652
2.41084e-05
2.41142e-05
2.41321e-05
2.41392e-05
2.98733e-05
2.96019e-05
3.00885e-05
2.98244e-05
5.99083e-05
5.87174e-05
6.05855e-05
0.000110542
0.000185866
0.000109984
0.000173504
3.0603e-05
6.16894e-05
3.01847e-05
3.08591e-05
3.0457e-05
5.99659e-05
6.1128e-05
5.94459e-05
0.000110793
0.000109705
0.000110489
6.02488e-05
0.000110448
0.000110465
6.09339e-05
0.00011054
0.000110505
6.16915e-05
2.9833e-05
6.24591e-05
3.05472e-05
2.38351e-05
2.40311e-05
2.38627e-05
2.40638e-05
3.00504e-05
3.0759e-05
0.000109725
2.98164e-05
2.8464e-05
3.00536e-05
2.88573e-05
6.21191e-05
6.10836e-05
5.97355e-05
5.94277e-05
0.000108829
5.21813e-05
5.15224e-05
2.52009e-05
5.73798e-05
5.69672e-05
2.73607e-05
2.52688e-05
2.75348e-05
2.56461e-05
2.56659e-05
2.55569e-05
2.56278e-05
1.84167e-05
1.64943e-05
1.85471e-05
1.62525e-05
3.76909e-05
3.20211e-05
2.14219e-05
2.52263e-05
2.39716e-05
2.4334e-05
2.36484e-05
2.35633e-05
2.38422e-05
2.36656e-05
2.34132e-05
2.62137e-05
2.1431e-05
2.51196e-05
2.43302e-05
2.45221e-05
2.44202e-05
2.5313e-05
2.52154e-05
2.52091e-05
2.41937e-05
2.48025e-05
2.99807e-05
2.47561e-05
2.33947e-05
2.65123e-05
3.1723e-05
2.37123e-05
2.09905e-05
3.15679e-05
3.13091e-05
2.40547e-05
2.40893e-05
2.40124e-05
2.50308e-05
2.46834e-05
2.51243e-05
2.39027e-05
2.40526e-05
2.39284e-05
2.40781e-05
2.42895e-05
2.42572e-05
2.4304e-05
2.427e-05
2.40966e-05
2.4061e-05
2.42479e-05
2.42125e-05
2.45879e-05
2.45431e-05
2.44258e-05
2.43828e-05
2.40281e-05
2.42558e-05
2.3997e-05
2.42186e-05
2.43234e-05
2.43623e-05
2.41748e-05
2.42109e-05
3.1867e-05
3.16443e-05
3.14407e-05
3.12227e-05
2.43763e-05
2.19072e-05
2.24833e-05
2.19219e-05
2.24865e-05
3.16495e-05
2.4882e-05
2.44277e-05
2.5185e-05
2.94642e-05
3.03912e-05
2.33359e-05
2.75965e-05
3.47465e-05
3.68326e-05
2.44039e-05
2.40287e-05
2.3986e-05
2.45969e-05
2.44105e-05
2.4397e-05
2.19148e-05
2.19008e-05
2.24596e-05
2.24493e-05
2.3506e-05
2.30961e-05
2.3484e-05
2.30827e-05
3.07912e-05
3.03896e-05
3.05024e-05
3.0125e-05
2.48927e-05
2.42884e-05
2.4866e-05
2.63741e-05
3.27086e-05
2.51305e-05
2.52049e-05
3.11065e-05
3.14579e-05
3.10916e-05
3.35621e-05
2.64311e-05
3.70162e-05
2.44555e-05
2.45392e-05
2.45621e-05
2.13322e-05
2.11798e-05
2.1418e-05
2.13006e-05
2.12885e-05
2.13235e-05
2.12143e-05
2.11655e-05
2.16821e-05
2.1587e-05
2.15542e-05
2.14478e-05
2.51082e-05
2.49174e-05
2.73875e-05
2.68829e-05
2.46059e-05
2.52302e-05
2.50942e-05
2.45249e-05
2.4567e-05
2.48117e-05
3.43161e-05
2.76319e-05
3.62239e-05
3.23076e-05
2.44959e-05
2.982e-05
2.41319e-05
3.22296e-05
3.17089e-05
3.17872e-05
2.51322e-05
2.51204e-05
2.46286e-05
2.45729e-05
2.17822e-05
2.32226e-05
2.15762e-05
2.30036e-05
1.91534e-05
2.02795e-05
1.92995e-05
2.05963e-05
2.50627e-05
3.23889e-05
2.44529e-05
3.20587e-05
3.39127e-05
3.40023e-05
3.14758e-05
3.19482e-05
2.54614e-05
2.55742e-05
2.59204e-05
2.57769e-05
2.70775e-05
2.56883e-05
2.73291e-05
2.57468e-05
2.99176e-05
3.03097e-05
2.63951e-05
2.6839e-05
1.95786e-05
1.88876e-05
1.65776e-05
1.63064e-05
3.08026e-05
2.94955e-05
3.06419e-05
2.91373e-05
2.79513e-05
2.73391e-05
3.13486e-05
2.75133e-05
2.77784e-05
2.56095e-05
2.53238e-05
2.54305e-05
2.80085e-05
3.26918e-05
2.96966e-05
2.96869e-05
3.35051e-05
2.96862e-05
3.06471e-05
2.64452e-05
4.32842e-05
3.81244e-05
4.54223e-05
4.63794e-05
3.80873e-05
3.35749e-05
3.95977e-05
4.36743e-05
3.09096e-05
3.54525e-05
4.85472e-05
3.19601e-05
2.38285e-05
2.42681e-05
2.59467e-05
2.59564e-05
2.64015e-05
2.66884e-05
2.78035e-05
2.89465e-05
2.57443e-05
2.60607e-05
2.59997e-05
2.80576e-05
2.60695e-05
2.61863e-05
2.59129e-05
2.92649e-05
3.40379e-05
3.46663e-05
3.11686e-05
3.50688e-05
2.58163e-05
3.70759e-05
3.74189e-05
3.59835e-05
3.0617e-05
2.93587e-05
2.3847e-05
2.96644e-05
2.51557e-05
3.09222e-05
2.62402e-05
3.06369e-05
2.59486e-05
2.6692e-05
2.58402e-05
2.61022e-05
3.11476e-05
2.73636e-05
3.06714e-05
3.12571e-05
2.91558e-05
3.06437e-05
2.81957e-05
2.96794e-05
2.92856e-05
3.16598e-05
3.35317e-05
3.23199e-05
2.95899e-05
3.36047e-05
3.24342e-05
3.27582e-05
3.24245e-05
2.99587e-05
2.64295e-05
3.04413e-05
2.6321e-05
3.35697e-05
4.00834e-05
3.38035e-05
3.11091e-05
3.67527e-05
3.03585e-05
4.2409e-05
3.35661e-05
3.68976e-05
3.99853e-05
3.54112e-05
3.18087e-05
2.99197e-05
2.88061e-05
3.35905e-05
3.06249e-05
2.88679e-05
2.6398e-05
2.47009e-05
2.46052e-05
2.40991e-05
2.83066e-05
3.2113e-05
8.77438e-05
8.0023e-05
9.08955e-05
8.52293e-05
0.000100908
9.98219e-05
9.84164e-05
9.4269e-05
0.000105077
0.000106971
0.000106772
0.000113124
0.000126876
0.000119791
0.000134289
0.000142679
0.000161869
0.000151749
7.75373e-05
2.25048e-05
6.63701e-05
3.11659e-05
5.88093e-05
4.14535e-05
3.70278e-05
3.41831e-05
4.41429e-05
4.3814e-05
3.28373e-05
2.59019e-05
3.4122e-05
3.11088e-05
3.54742e-05
3.85914e-05
3.38798e-05
4.09811e-05
4.05845e-05
3.85319e-05
2.82821e-05
2.67748e-05
3.08465e-05
3.45514e-05
3.00499e-05
3.73944e-05
3.81278e-05
3.17306e-05
3.36854e-05
3.02376e-05
3.02896e-05
3.11366e-05
3.09986e-05
3.06897e-05
3.45211e-05
2.84895e-05
2.8763e-05
2.99963e-05
3.05761e-05
2.76922e-05
2.60227e-05
2.80009e-05
3.18221e-05
3.34026e-05
4.43472e-05
3.04628e-05
3.46293e-05
3.55166e-05
4.28183e-05
6.7595e-05
3.47622e-05
3.99895e-05
4.51229e-05
6.01985e-05
8.33439e-05
5.93509e-05
5.56174e-05
6.25956e-05
7.7917e-05
6.99993e-05
4.4809e-05
5.5728e-05
3.31523e-05
2.78431e-05
5.4536e-05
5.0389e-05
4.34688e-05
5.37148e-05
4.50386e-05
6.62178e-05
6.56866e-05
4.21155e-05
6.42654e-05
4.3386e-05
3.92686e-05
3.66989e-05
6.44226e-05
5.00638e-05
2.81278e-05
4.29114e-05
4.1572e-05
4.5982e-05
3.48018e-05
2.69309e-05
2.80159e-05
2.70759e-05
3.75311e-05
3.70788e-05
3.26122e-05
3.46469e-05
3.14988e-05
2.88638e-05
3.09967e-05
3.18023e-05
4.42186e-05
4.72277e-05
4.05534e-05
7.42374e-05
2.00204e-05
7.99854e-05
0.000106241
9.2742e-05
2.4513e-05
8.89365e-05
0.000109315
9.90318e-05
8.43276e-05
9.3168e-05
0.000100011
9.8374e-05
0.000108148
0.000101577
0.000132589
0.000102194
0.000106133
0.000168272
0.000218047
0.000240441
0.0002315
0.000222328
0.000221022
0.000219736
0.000239432
0.000208839
0.00123677
0.000223425
0.00130293
0.00118574
0.000873916
0.000167784
0.00109002
0.000813211
0.000161154
7.61958e-05
0.00106065
0.000241217
0.000139215
4.18871e-05
7.75814e-05
0.00112805
0.000248071
0.000142532
4.27706e-05
0.000113828
7.7584e-05
0.00017618
0.000179378
4.55938e-05
3.55841e-05
3.67367e-05
0.000108963
8.45305e-05
0.000182236
0.000184304
4.58612e-05
3.5597e-05
3.80589e-05
5.54437e-05
0.000151054
0.000152065
3.63944e-05
3.44935e-05
3.56315e-05
3.43206e-05
3.28767e-05
3.32335e-05
0.000141808
5.09783e-05
0.000120319
3.61532e-05
3.44449e-05
3.57461e-05
3.60921e-05
3.30505e-05
1.63562e-05
4.87158e-05
5.00584e-05
5.76117e-05
2.90993e-05
3.22271e-05
3.18971e-05
3.18636e-05
4.01835e-05
3.42365e-05
3.15693e-05
5.34105e-05
7.05065e-05
1.86819e-05
5.71165e-05
3.1908e-05
2.88459e-05
3.05057e-05
3.86783e-05
3.66397e-05
3.64183e-05
2.14296e-05
4.96932e-05
3.17357e-05
3.35639e-05
3.8055e-05
4.31626e-05
2.89197e-05
4.00854e-05
2.89743e-05
4.50502e-05
4.27022e-05
2.86262e-05
3.14896e-05
3.31336e-05
3.17074e-05
3.76239e-05
3.31139e-05
3.04053e-05
3.42251e-05
3.1365e-05
3.88834e-05
2.84039e-05
3.33912e-05
3.53717e-05
4.38179e-05
3.01587e-05
3.10752e-05
3.25495e-05
3.89046e-05
1.7915e-05
4.38907e-05
3.86935e-05
3.2836e-05
1.65781e-05
3.27928e-05
1.78465e-05
1.6676e-05
4.76022e-05
4.38489e-05
4.76512e-05
2.3279e-05
5.24533e-05
2.1997e-05
2.28056e-05
2.14086e-05
5.32876e-05
5.035e-05
5.16798e-05
0.000101129
0.000100168
5.4695e-05
0.000102424
5.66803e-05
5.40292e-05
5.69981e-05
0.000103132
0.000102225
9.98263e-05
0.000104063
2.98137e-05
6.05015e-05
3.03086e-05
2.92173e-05
2.9779e-05
5.89342e-05
6.00912e-05
5.88629e-05
0.000103047
0.000107377
0.000105794
5.92919e-05
0.000107829
5.92825e-05
6.11211e-05
6.11256e-05
0.000110594
0.000105115
0.000108607
0.000206827
0.000205374
0.000187139
0.00018914
0.000110573
0.00017471
3.06749e-05
3.08982e-05
3.09026e-05
3.1129e-05
6.21351e-05
6.03698e-05
6.27985e-05
6.10014e-05
0.0001114
0.000111432
0.000112265
0.000176604
0.000162253
6.20316e-05
0.000110794
6.15495e-05
6.36138e-05
6.31022e-05
0.000110787
0.000110535
0.00011055
0.000152107
0.000109988
0.000109958
6.20723e-05
0.000109302
6.27451e-05
0.000109338
3.07779e-05
3.15095e-05
3.09679e-05
3.17076e-05
6.33942e-05
6.41356e-05
6.24733e-05
6.06785e-05
6.34139e-05
6.07946e-05
0.000106805
0.000108119
5.21482e-05
5.78723e-05
5.11886e-05
5.72916e-05
2.41416e-05
2.60743e-05
2.44397e-05
2.60008e-05
2.10605e-05
2.57263e-05
2.38006e-05
2.39489e-05
2.82891e-05
2.65192e-05
2.17056e-05
2.47109e-05
2.4666e-05
2.47388e-05
2.46923e-05
2.40484e-05
2.46156e-05
2.41376e-05
2.40779e-05
2.41671e-05
2.37285e-05
2.40635e-05
3.33732e-05
2.95221e-05
2.03646e-05
3.19369e-05
3.26883e-05
3.16037e-05
2.65086e-05
2.47279e-05
2.50881e-05
2.49764e-05
2.44444e-05
2.44842e-05
2.44652e-05
2.45063e-05
2.45363e-05
2.46872e-05
2.44878e-05
2.46394e-05
2.4257e-05
2.441e-05
2.42985e-05
2.44511e-05
2.44403e-05
2.19316e-05
2.25406e-05
2.1944e-05
2.25507e-05
3.49175e-05
2.52545e-05
2.40397e-05
3.55148e-05
2.679e-05
2.41681e-05
2.38729e-05
2.84397e-05
2.35436e-05
2.7915e-05
2.29274e-05
3.48083e-05
3.50226e-05
2.43732e-05
2.42613e-05
2.43508e-05
2.36119e-05
2.31741e-05
2.36418e-05
2.31954e-05
2.19989e-05
2.19925e-05
2.26486e-05
2.26318e-05
2.38201e-05
2.37823e-05
2.3336e-05
2.33076e-05
3.16125e-05
3.12083e-05
3.18501e-05
3.14421e-05
3.19295e-05
3.17045e-05
3.21599e-05
3.19326e-05
3.29155e-05
3.26819e-05
3.24826e-05
3.22528e-05
3.37237e-05
3.35291e-05
3.32805e-05
3.30899e-05
3.18061e-05
3.2573e-05
3.16304e-05
3.23893e-05
3.26286e-05
3.28368e-05
3.21963e-05
3.24007e-05
6.52004e-05
6.37706e-05
6.47344e-05
6.33242e-05
2.13703e-05
2.13936e-05
2.14086e-05
2.13311e-05
2.61437e-05
2.87225e-05
2.57121e-05
2.82457e-05
3.41414e-05
2.50397e-05
2.35875e-05
2.59218e-05
2.43528e-05
2.57669e-05
2.95575e-05
3.0337e-05
3.06243e-05
3.10541e-05
2.74711e-05
3.77769e-05
3.99366e-05
2.45174e-05
2.45731e-05
2.43821e-05
2.13532e-05
2.13536e-05
2.12503e-05
2.13381e-05
2.19645e-05
2.18462e-05
2.19018e-05
2.17287e-05
2.17752e-05
2.18626e-05
2.16151e-05
2.17332e-05
2.52228e-05
2.55766e-05
2.74911e-05
2.80284e-05
3.13157e-05
3.06668e-05
3.09325e-05
3.02334e-05
6.33779e-05
6.32998e-05
6.1574e-05
6.15173e-05
2.56202e-05
2.52127e-05
2.5375e-05
2.4522e-05
2.44967e-05
2.50961e-05
2.74635e-05
3.4211e-05
2.58609e-05
2.61711e-05
3.25754e-05
3.15001e-05
3.119e-05
3.74848e-05
2.69994e-05
3.98016e-05
2.18739e-05
2.33638e-05
2.21101e-05
2.35854e-05
2.57066e-05
2.54613e-05
2.45788e-05
2.44804e-05
2.24865e-05
2.3874e-05
2.22806e-05
2.37138e-05
1.90681e-05
2.02647e-05
1.89695e-05
1.98992e-05
2.2818e-05
2.30057e-05
2.13556e-05
2.16624e-05
1.90491e-05
1.90009e-05
1.98645e-05
2.007e-05
5.40748e-05
5.40036e-05
5.79566e-05
5.71899e-05
2.5502e-05
2.55135e-05
2.60186e-05
2.6469e-05
2.03001e-05
2.14313e-05
1.69746e-05
1.76015e-05
2.5899e-05
2.5761e-05
2.76898e-05
2.66644e-05
3.46379e-05
2.83819e-05
3.74583e-05
2.85108e-05
3.67882e-05
4.28583e-05
3.23494e-05
4.02347e-05
3.08262e-05
2.47343e-05
2.95629e-05
2.43033e-05
3.12224e-05
3.20791e-05
3.2122e-05
2.34838e-05
2.23281e-05
1.93695e-05
1.84013e-05
1.78456e-05
1.72915e-05
1.78884e-05
1.69323e-05
4.21155e-05
4.62925e-05
4.34572e-05
4.76292e-05
2.52221e-05
3.68945e-05
3.48213e-05
3.75212e-05
2.48578e-05
3.04944e-05
3.44547e-05
3.39157e-05
3.60185e-05
3.59132e-05
4.25756e-05
3.96047e-05
4.24823e-05
3.18574e-05
3.25325e-05
2.52594e-05
2.49085e-05
2.61663e-05
2.62311e-05
2.60036e-05
2.81485e-05
2.63889e-05
3.23928e-05
2.8591e-05
2.68207e-05
2.64746e-05
2.22116e-05
2.19239e-05
2.68935e-05
2.67349e-05
6.43424e-05
6.14764e-05
6.34607e-05
6.15076e-05
2.73965e-05
3.02423e-05
2.57896e-05
2.77665e-05
2.72552e-05
2.71743e-05
3.01706e-05
2.48653e-05
2.55917e-05
2.59171e-05
2.81251e-05
2.78218e-05
3.12682e-05
3.24195e-05
2.9155e-05
2.52599e-05
3.44965e-05
5.31549e-05
4.40455e-05
4.08196e-05
4.68693e-05
4.42296e-05
3.85839e-05
3.12506e-05
3.35671e-05
5.67442e-05
4.38349e-05
3.39715e-05
5.70971e-05
2.66339e-05
3.72032e-05
3.49694e-05
3.66107e-05
3.04588e-05
2.81072e-05
3.04072e-05
2.5192e-05
3.09408e-05
3.00908e-05
2.68297e-05
3.19946e-05
2.70979e-05
2.90942e-05
2.99545e-05
2.61291e-05
2.79462e-05
3.14545e-05
3.58776e-05
3.20261e-05
3.01562e-05
3.11083e-05
2.89599e-05
3.33177e-05
3.27959e-05
3.42551e-05
3.59539e-05
2.74489e-05
3.24477e-05
3.11265e-05
2.83756e-05
3.42198e-05
4.41361e-05
4.11888e-05
3.55637e-05
4.07139e-05
4.25084e-05
3.63518e-05
4.73342e-05
9.49299e-05
8.4791e-05
9.76668e-05
8.96487e-05
0.00010434
0.000101546
0.000102311
9.62435e-05
0.000107358
0.000113385
0.000126666
0.000119632
0.000134199
0.000142586
7.4839e-05
2.56667e-05
5.37678e-05
2.42221e-05
3.47997e-05
3.20591e-05
3.99629e-05
3.40061e-05
3.27931e-05
3.99414e-05
3.90744e-05
2.81829e-05
3.43613e-05
3.30196e-05
2.70658e-05
2.85577e-05
3.32177e-05
3.03216e-05
3.27788e-05
3.14929e-05
3.14596e-05
2.71015e-05
2.79643e-05
2.97279e-05
3.26681e-05
4.59609e-05
3.20865e-05
3.08224e-05
3.91815e-05
4.99004e-05
3.27006e-05
3.71457e-05
4.96707e-05
6.47686e-05
4.55701e-05
4.83883e-05
8.40956e-05
6.11744e-05
5.51846e-05
7.71291e-05
6.99475e-05
5.33329e-05
4.22608e-05
4.3095e-05
5.27599e-05
6.15559e-05
6.93205e-05
6.71921e-05
7.14499e-05
4.49675e-05
4.22896e-05
5.55564e-05
3.8304e-05
3.53173e-05
3.22822e-05
3.38631e-05
3.77789e-05
3.5563e-05
6.26423e-05
5.10061e-05
4.33568e-05
6.21388e-05
4.50807e-05
5.12058e-05
5.0386e-05
7.23644e-05
6.49653e-05
8.71414e-05
9.04053e-05
8.7914e-05
9.26419e-05
8.36274e-05
8.34457e-05
9.14734e-05
8.66965e-05
9.67821e-05
9.4079e-05
0.000121843
9.72685e-05
0.00016225
0.000205234
0.000223374
0.000216923
0.000200712
0.000181413
0.000182613
0.00109614
0.000194978
0.00116163
0.000967652
0.00074711
0.000150945
0.00101121
0.000757709
0.000156899
7.36762e-05
0.000986301
0.000226943
0.000135069
4.18214e-05
7.08622e-05
0.000888842
0.000209398
0.000122226
4.01293e-05
0.000105527
8.33163e-05
0.00017098
0.000173312
4.5215e-05
3.48071e-05
3.67513e-05
0.000104763
8.58583e-05
0.000183296
0.000184567
4.61495e-05
3.59114e-05
3.80934e-05
5.56773e-05
0.000158555
0.000178599
3.65498e-05
3.46915e-05
3.61277e-05
3.41188e-05
3.28241e-05
3.33434e-05
0.000162514
5.24943e-05
0.000178249
3.67807e-05
3.48648e-05
3.65494e-05
3.30957e-05
3.26801e-05
2.81707e-05
6.195e-05
0.000104747
5.01682e-05
2.8836e-05
3.15266e-05
3.10881e-05
2.99638e-05
3.61009e-05
3.43093e-05
3.14086e-05
5.32797e-05
7.28564e-05
2.2696e-05
4.95215e-05
3.16925e-05
2.88609e-05
3.02151e-05
3.79951e-05
2.43615e-05
4.42186e-05
2.99059e-05
4.21357e-05
4.20966e-05
2.85776e-05
3.28835e-05
3.22662e-05
3.0974e-05
3.23624e-05
2.90306e-05
3.19625e-05
2.85243e-05
4.55428e-05
3.26728e-05
5.6378e-05
2.29997e-05
4.06038e-05
3.2606e-05
2.84043e-05
2.98387e-05
3.88185e-05
2.82989e-05
4.38649e-05
3.03788e-05
3.4805e-05
5.92607e-05
4.43651e-05
2.76561e-05
2.74607e-05
2.78685e-05
2.79722e-05
3.2744e-05
6.3735e-05
2.77981e-05
2.7283e-05
5.32486e-05
2.90937e-05
3.92911e-05
3.30783e-05
3.88053e-05
3.24336e-05
8.9156e-05
9.45003e-05
5.18629e-05
9.79028e-05
4.93654e-05
5.02688e-05
4.71162e-05
9.99339e-05
9.50545e-05
9.7715e-05
0.000100508
0.000103247
9.89186e-05
0.000104009
6.10649e-05
0.000111485
6.27014e-05
6.06392e-05
6.19906e-05
0.00010962
0.000109537
0.000107789
0.000208163
0.000203876
0.000109415
0.000180154
0.000111534
0.000110792
0.000112419
0.000178605
0.000192787
0.000191245
0.000163374
6.24114e-05
6.30244e-05
6.40462e-05
6.46941e-05
0.000111383
0.000111343
0.000112222
0.000112171
0.000153172
0.000165153
0.000154855
0.000110146
0.00013448
0.000109966
0.000109613
0.000109396
0.000142888
0.000108494
0.000108481
6.35557e-05
6.42266e-05
6.47181e-05
6.54526e-05
0.000107405
0.000107485
0.000105947
0.000104332
2.75719e-05
2.71226e-05
2.45642e-05
2.48107e-05
3.44433e-05
3.49183e-05
3.10069e-05
3.47331e-05
2.02468e-05
3.26201e-05
3.29844e-05
3.37838e-05
3.35876e-05
3.40151e-05
3.38177e-05
2.42074e-05
2.22051e-05
2.21862e-05
2.29123e-05
2.28878e-05
2.46661e-05
2.43736e-05
2.43786e-05
2.44133e-05
2.43781e-05
3.86213e-05
2.92677e-05
2.31042e-05
2.32648e-05
2.72464e-05
2.75163e-05
2.26906e-05
3.56511e-05
3.7548e-05
3.53905e-05
2.71169e-05
2.20606e-05
2.2093e-05
2.27458e-05
2.27692e-05
2.42587e-05
2.37064e-05
2.42114e-05
2.36678e-05
2.39832e-05
2.3473e-05
2.40256e-05
2.35067e-05
3.26883e-05
3.28996e-05
3.29189e-05
3.3132e-05
3.48275e-05
3.43514e-05
3.46282e-05
3.41536e-05
3.37026e-05
3.3248e-05
3.39223e-05
3.34637e-05
2.14352e-05
2.13768e-05
2.14422e-05
2.14948e-05
2.6266e-05
2.90328e-05
2.66821e-05
2.94014e-05
3.49435e-05
2.54453e-05
2.43787e-05
3.72964e-05
2.64306e-05
2.47034e-05
2.59939e-05
2.29682e-05
2.9324e-05
2.252e-05
2.60508e-05
2.9094e-05
3.06816e-05
3.02507e-05
3.8047e-05
3.89382e-05
2.19568e-05
2.18024e-05
2.20298e-05
2.19737e-05
2.14927e-05
2.15292e-05
2.15672e-05
2.14758e-05
2.21982e-05
2.20516e-05
2.20688e-05
2.19047e-05
3.20531e-05
3.12509e-05
3.23387e-05
3.15679e-05
2.71602e-05
2.6793e-05
3.00153e-05
2.97822e-05
3.3343e-05
3.31196e-05
3.24275e-05
3.22169e-05
6.36592e-05
6.35153e-05
6.53596e-05
6.51765e-05
6.56112e-05
6.41284e-05
6.62407e-05
6.47219e-05
6.69988e-05
6.54502e-05
6.67117e-05
6.52112e-05
6.7276e-05
6.63104e-05
6.69048e-05
6.59196e-05
6.5662e-05
6.64123e-05
6.46898e-05
6.5368e-05
6.52008e-05
6.64145e-05
6.47855e-05
6.5997e-05
0.000107738
0.000108597
0.00010755
0.000108466
2.36046e-05
2.19597e-05
2.35097e-05
2.19468e-05
5.57214e-05
6.06226e-05
5.53504e-05
5.97309e-05
3.20652e-05
2.69122e-05
2.6324e-05
2.49081e-05
2.47225e-05
2.63961e-05
2.41747e-05
2.61561e-05
2.51152e-05
2.91467e-05
3.12023e-05
3.06568e-05
3.08923e-05
2.81728e-05
4.17984e-05
4.25529e-05
2.58671e-05
2.62023e-05
2.45638e-05
2.46897e-05
2.31199e-05
2.42095e-05
2.28931e-05
2.42294e-05
2.2629e-05
2.4003e-05
2.27422e-05
2.4103e-05
2.31762e-05
2.31549e-05
2.174e-05
2.16161e-05
1.94464e-05
2.02585e-05
1.93433e-05
2.03858e-05
1.91428e-05
1.92371e-05
2.0185e-05
2.00331e-05
5.45533e-05
5.48683e-05
5.8394e-05
5.93119e-05
6.47427e-05
6.3774e-05
6.31381e-05
6.24669e-05
0.000111608
0.000112483
0.000111202
0.00011238
2.59997e-05
2.77921e-05
2.63969e-05
2.97311e-05
2.42059e-05
2.44827e-05
2.05215e-05
2.18435e-05
2.55666e-05
2.88525e-05
3.5326e-05
2.63648e-05
2.79329e-05
3.50292e-05
3.1814e-05
3.14356e-05
4.41198e-05
3.5227e-05
4.42068e-05
3.99003e-05
2.74381e-05
2.67935e-05
3.36756e-05
3.11205e-05
4.39116e-05
4.34844e-05
4.63931e-05
4.4508e-05
1.79495e-05
1.7743e-05
1.80482e-05
1.82502e-05
2.49964e-05
2.48596e-05
2.32678e-05
2.27566e-05
1.84479e-05
1.94303e-05
1.82734e-05
1.87897e-05
4.0088e-05
4.47121e-05
3.79509e-05
4.24603e-05
4.95642e-05
5.01565e-05
4.57004e-05
4.68041e-05
3.57286e-05
3.65662e-05
4.05557e-05
4.15999e-05
9.87509e-05
9.87225e-05
0.000105825
0.000104942
2.56047e-05
2.56165e-05
2.64888e-05
2.66235e-05
2.27069e-05
2.28657e-05
2.69853e-05
2.63726e-05
2.58691e-05
2.58093e-05
2.75254e-05
2.69239e-05
2.96547e-05
3.22825e-05
2.55105e-05
2.74015e-05
2.82589e-05
2.49458e-05
3.26505e-05
2.30995e-05
2.33734e-05
2.4059e-05
2.55426e-05
3.64618e-05
2.98549e-05
3.82406e-05
3.17449e-05
8.39855e-05
8.92371e-05
8.64795e-05
9.18186e-05
2.72213e-05
3.41256e-05
2.96521e-05
2.86547e-05
2.74737e-05
2.73614e-05
2.82295e-05
6.98671e-05
8.70024e-05
0.000101684
9.93171e-05
0.000103486
0.000101585
2.84509e-05
2.632e-05
3.00872e-05
3.19715e-05
3.6095e-05
3.18392e-05
3.58043e-05
4.67037e-05
4.33939e-05
5.13775e-05
5.46605e-05
5.75869e-05
6.20269e-05
4.53614e-05
6.04223e-05
5.62428e-05
6.09668e-05
5.23447e-05
4.90715e-05
3.85555e-05
3.14122e-05
3.23565e-05
3.9402e-05
2.68813e-05
2.77165e-05
3.05459e-05
3.52898e-05
3.87164e-05
3.96728e-05
3.85121e-05
3.70946e-05
3.86636e-05
3.32441e-05
3.62184e-05
8.70311e-05
9.16209e-05
0.000101951
9.67788e-05
0.000107266
0.000113241
0.00012655
0.000119529
7.12662e-05
3.91754e-05
3.07918e-05
3.56769e-05
4.15899e-05
3.28682e-05
4.57265e-05
4.57635e-05
7.23542e-05
6.20207e-05
5.59301e-05
7.10301e-05
6.69465e-05
7.14322e-05
6.67413e-05
3.99966e-05
3.83816e-05
4.68516e-05
7.24712e-05
8.62176e-05
7.99583e-05
8.21648e-05
7.15556e-05
7.91077e-05
8.60426e-05
0.00012148
9.91996e-05
0.000164992
0.000197368
0.000161295
0.000139203
0.000171307
0.00102436
0.000158849
0.000952203
0.000859179
0.000744308
0.000145991
0.000903087
0.000747403
0.000150127
6.68971e-05
0.000736673
0.000189018
0.000113522
3.79344e-05
6.6969e-05
0.000804473
0.000194432
0.000117524
3.96492e-05
0.000106949
7.82172e-05
0.000158798
0.000160228
4.36378e-05
3.45634e-05
3.65579e-05
0.000109378
7.08854e-05
0.000136208
0.000141974
4.19404e-05
3.37496e-05
3.5564e-05
5.17343e-05
0.000168194
0.000166412
3.64046e-05
3.4874e-05
3.60141e-05
3.1583e-05
3.17565e-05
3.3464e-05
0.000165003
5.11405e-05
0.000176811
3.68128e-05
3.49807e-05
3.70843e-05
3.30967e-05
3.27013e-05
3.22463e-05
7.11993e-05
0.000123678
5.20684e-05
2.83372e-05
3.13104e-05
3.08882e-05
2.9888e-05
3.55365e-05
3.40929e-05
3.06741e-05
0.000136531
7.32879e-05
3.39259e-05
5.27357e-05
3.10801e-05
2.86228e-05
2.96036e-05
3.34977e-05
4.45085e-05
3.08108e-05
3.69395e-05
5.61986e-05
3.9801e-05
3.03392e-05
3.23298e-05
3.23009e-05
2.91711e-05
3.20113e-05
2.83477e-05
3.20689e-05
2.83731e-05
4.55892e-05
3.59032e-05
5.32494e-05
2.58131e-05
4.00367e-05
3.23515e-05
2.86653e-05
2.97983e-05
5.40229e-05
3.86189e-05
2.81754e-05
3.03365e-05
5.33739e-05
2.84448e-05
3.80275e-05
6.75095e-05
2.95879e-05
6.3797e-05
6.13281e-05
6.6967e-05
2.97625e-05
8.39047e-05
7.99508e-05
9.49047e-05
9.15336e-05
9.21435e-05
8.81245e-05
0.000168643
0.000190677
0.000112427
0.000181577
0.000113201
0.000110505
0.000111164
0.000194259
0.000179243
0.000191379
0.000168583
0.000167051
0.000158137
0.000156652
0.000110666
0.00011146
0.000110191
0.000111
0.000135419
0.000143868
0.000136919
0.000145449
0.00012678
0.000119751
0.000106461
0.000106478
0.000105093
0.000105246
2.48964e-05
2.64715e-05
3.95902e-05
3.55977e-05
3.80086e-05
3.14988e-05
2.28848e-05
2.27294e-05
2.69474e-05
2.65884e-05
2.22715e-05
3.61444e-05
3.53353e-05
6.76479e-05
6.66064e-05
6.8239e-05
6.71495e-05
2.1714e-05
2.18163e-05
2.17548e-05
2.17135e-05
2.77768e-05
2.76854e-05
3.10279e-05
3.09337e-05
2.50386e-05
2.28412e-05
2.23695e-05
2.26132e-05
2.21554e-05
2.16081e-05
2.16141e-05
2.15601e-05
2.17032e-05
2.4572e-05
2.22745e-05
2.25191e-05
2.19894e-05
2.22209e-05
4.17757e-05
2.84896e-05
2.18843e-05
2.58595e-05
2.20487e-05
2.60252e-05
2.83281e-05
2.89481e-05
2.99878e-05
3.04095e-05
3.94545e-05
3.87442e-05
3.91164e-05
2.71129e-05
2.72908e-05
2.75205e-05
3.04262e-05
3.05743e-05
3.51507e-05
3.39363e-05
3.49665e-05
3.37907e-05
3.41002e-05
3.30713e-05
3.43038e-05
3.32403e-05
6.55261e-05
6.68058e-05
6.6096e-05
6.74161e-05
6.909e-05
6.86728e-05
6.80249e-05
6.76682e-05
6.69102e-05
6.65955e-05
6.82479e-05
6.78761e-05
2.3894e-05
2.22023e-05
2.40388e-05
2.22518e-05
5.61048e-05
6.09102e-05
5.64092e-05
6.16759e-05
3.70818e-05
2.70918e-05
2.78757e-05
2.50213e-05
2.52495e-05
2.33198e-05
2.43021e-05
2.35443e-05
2.42845e-05
3.80506e-05
2.94275e-05
2.84325e-05
2.56148e-05
2.54613e-05
2.38395e-05
2.44591e-05
2.36846e-05
2.44178e-05
2.66222e-05
2.33072e-05
2.92074e-05
2.66394e-05
2.26656e-05
2.93671e-05
3.03893e-05
3.02035e-05
4.10974e-05
4.23888e-05
1.95523e-05
2.05895e-05
1.96536e-05
2.04898e-05
2.44452e-05
2.42353e-05
2.25014e-05
2.24754e-05
1.9865e-05
1.97695e-05
2.07107e-05
2.07691e-05
6.49853e-05
6.40863e-05
6.64999e-05
6.52694e-05
5.68837e-05
5.66415e-05
6.24431e-05
6.18051e-05
6.79208e-05
6.65147e-05
6.6422e-05
6.53868e-05
0.000111212
0.000111774
0.000110965
0.000111356
0.000108299
0.000109065
0.000109074
0.000109823
0.000109402
0.000110063
0.000109498
0.000110224
0.000103161
0.000104243
0.000102977
0.000104187
0.000102626
0.000102878
0.000104167
0.000104213
0.000106537
0.000105505
0.000106445
0.000105325
0.000107335
0.000113283
0.000107163
0.000113115
5.03871e-05
4.56179e-05
5.05994e-05
4.63891e-05
9.78756e-05
0.00010592
9.86028e-05
0.000106401
3.12761e-05
3.00398e-05
4.03984e-05
3.85027e-05
2.68322e-05
2.61937e-05
2.41418e-05
2.39124e-05
2.70019e-05
2.80646e-05
2.67394e-05
2.82912e-05
3.49945e-05
3.45264e-05
3.08204e-05
3.10916e-05
2.82156e-05
2.90109e-05
3.49924e-05
3.75231e-05
4.97977e-05
5.04971e-05
4.85221e-05
4.9004e-05
4.59975e-05
4.7223e-05
4.73742e-05
4.78575e-05
2.5686e-05
2.59858e-05
2.35097e-05
2.37308e-05
1.93438e-05
2.18485e-05
1.91391e-05
2.12943e-05
1.86991e-05
2.0061e-05
1.89156e-05
2.06957e-05
5.01637e-05
4.99123e-05
4.63148e-05
4.55574e-05
3.4331e-05
3.97264e-05
3.45777e-05
4.04091e-05
3.52447e-05
3.48826e-05
4.06889e-05
4.00071e-05
9.8965e-05
9.87235e-05
0.000106352
0.000106534
0.000113174
0.000111031
0.000113207
0.000111211
0.00013989
0.000138531
0.000148578
0.000147154
2.62586e-05
2.83096e-05
2.65686e-05
2.99394e-05
2.31678e-05
2.36075e-05
2.27438e-05
2.183e-05
2.61282e-05
2.81638e-05
2.78409e-05
2.66672e-05
2.69144e-05
2.7466e-05
2.80277e-05
2.88529e-05
3.88279e-05
3.9135e-05
3.23286e-05
3.18979e-05
3.98816e-05
4.41382e-05
2.77267e-05
2.68438e-05
3.48698e-05
3.26082e-05
6.28434e-05
5.96499e-05
5.33336e-05
4.9858e-05
3.43169e-05
2.7674e-05
3.1811e-05
2.5296e-05
2.51099e-05
2.40878e-05
2.17411e-05
2.19022e-05
2.9248e-05
2.34966e-05
3.03897e-05
2.4221e-05
8.05571e-05
8.57353e-05
7.71357e-05
8.23006e-05
9.08065e-05
9.13683e-05
8.56275e-05
8.68044e-05
7.40018e-05
7.5441e-05
7.9429e-05
8.07502e-05
0.000158218
0.000166144
0.000171463
0.000182005
8.32209e-05
7.91518e-05
2.79724e-05
2.82864e-05
5.74092e-05
6.06888e-05
7.16357e-05
7.53392e-05
7.88875e-05
7.50436e-05
8.13301e-05
7.74798e-05
8.12226e-05
8.83806e-05
4.00011e-05
8.77216e-05
9.2194e-05
0.00010187
9.67517e-05
6.71791e-05
7.26814e-05
6.4605e-05
0.000132621
0.000113387
0.000109603
0.000121524
0.000145868
0.000835204
0.000132862
0.000689682
0.000977425
0.000728996
0.000145552
0.000851928
0.000684644
0.000138464
0.000279817
0.000654336
0.000193425
0.000112599
3.65267e-05
0.000279776
0.00068944
0.000185842
0.00011456
3.77177e-05
0.000112545
6.6421e-05
0.000104457
0.000114018
4.04338e-05
3.35657e-05
3.38993e-05
0.000109841
6.70185e-05
0.000121591
0.00012763
4.07115e-05
3.37323e-05
3.50833e-05
5.15548e-05
0.000168181
0.000156817
3.57232e-05
3.48742e-05
3.49568e-05
3.12039e-05
3.157e-05
3.379e-05
0.000167449
5.20862e-05
0.000143807
3.48336e-05
3.43686e-05
3.38846e-05
3.08689e-05
3.09284e-05
3.47218e-05
8.05538e-05
0.000148015
5.03314e-05
2.87583e-05
3.04392e-05
2.98203e-05
2.8743e-05
3.11709e-05
3.35545e-05
3.05265e-05
0.000145177
7.7714e-05
3.44281e-05
5.20817e-05
3.07322e-05
2.89531e-05
2.95124e-05
3.31471e-05
4.29982e-05
3.3303e-05
5.15127e-05
3.12709e-05
3.20451e-05
3.21106e-05
3.19864e-05
2.80488e-05
3.23315e-05
2.84041e-05
6.9517e-05
4.36811e-05
3.34692e-05
3.16409e-05
3.32452e-05
2.89547e-05
4.83144e-05
4.87591e-05
3.05633e-05
4.98417e-05
2.87284e-05
4.2825e-05
5.46212e-05
5.47983e-05
0.0001448
0.000128825
0.000169914
0.000159323
0.000167838
0.000157326
0.00012763
0.000129034
0.000120576
0.000121912
2.51401e-05
2.56732e-05
4.30258e-05
3.16596e-05
4.17007e-05
2.95743e-05
2.16338e-05
2.58214e-05
2.16042e-05
2.56495e-05
2.78227e-05
2.71769e-05
3.01702e-05
2.98051e-05
3.96005e-05
3.907e-05
0.00010364
0.000104609
0.000104353
0.000105283
2.49987e-05
2.28624e-05
2.47709e-05
2.2952e-05
5.70575e-05
5.70408e-05
6.30329e-05
6.27286e-05
2.41573e-05
2.52332e-05
2.39763e-05
2.49173e-05
2.01643e-05
2.10213e-05
1.99819e-05
2.10735e-05
2.45481e-05
2.47609e-05
2.27379e-05
2.26651e-05
2.38713e-05
2.39651e-05
2.46182e-05
2.47363e-05
1.98912e-05
1.99459e-05
2.093e-05
2.08824e-05
4.28505e-05
3.45409e-05
2.74086e-05
3.28093e-05
2.71276e-05
2.64933e-05
2.17886e-05
2.66317e-05
2.20615e-05
2.86328e-05
2.91188e-05
2.98467e-05
2.99757e-05
4.60755e-05
4.04358e-05
4.452e-05
3.03346e-05
3.16187e-05
2.61654e-05
2.63624e-05
5.69559e-05
5.71008e-05
6.24178e-05
6.28894e-05
6.96854e-05
6.76535e-05
6.85197e-05
6.69688e-05
6.77008e-05
6.63522e-05
6.89807e-05
6.72129e-05
0.000106949
0.00010603
0.000107668
0.000106774
0.000104974
0.000104838
0.000105986
0.000105775
0.00010821
0.00010813
0.000107308
0.00010724
5.10134e-05
4.64894e-05
5.07882e-05
4.56158e-05
9.74344e-05
0.00010531
9.63013e-05
0.000104318
3.26662e-05
4.23373e-05
3.46329e-05
4.52654e-05
2.7417e-05
2.79426e-05
2.43971e-05
2.4659e-05
1.94966e-05
2.25049e-05
1.97997e-05
2.29276e-05
3.83491e-05
3.66396e-05
5.09061e-05
4.74413e-05
2.95357e-05
2.88133e-05
2.53047e-05
2.50332e-05
2.06368e-05
2.34272e-05
2.00987e-05
2.33472e-05
2.71994e-05
2.69781e-05
3.42196e-05
2.70822e-05
2.58424e-05
3.38733e-05
3.05072e-05
3.03114e-05
4.99408e-05
5.11463e-05
5.13431e-05
5.21072e-05
5.1989e-05
5.18516e-05
5.3188e-05
5.24618e-05
3.40261e-05
4.02114e-05
3.37587e-05
3.93875e-05
5.10514e-05
5.12687e-05
4.55317e-05
4.64528e-05
3.3111e-05
3.34142e-05
3.89421e-05
3.98972e-05
0.000112531
0.000110451
0.00011194
0.000109679
9.4257e-05
9.5691e-05
0.00010211
0.000103456
0.000109952
0.000110898
0.000107573
0.000108739
0.00013188
0.000130565
0.0001246
0.000123362
0.000108066
0.000114019
0.000109265
0.000115275
0.000111696
0.000117857
0.000110574
0.000116657
8.77977e-05
9.21488e-05
8.76829e-05
9.20685e-05
8.77571e-05
9.21784e-05
0.000101867
9.67953e-05
0.000101748
9.66568e-05
8.95117e-05
8.32105e-05
9.0392e-05
8.43991e-05
0.00012358
0.000133039
0.000131558
0.000141605
3.20649e-05
3.07167e-05
4.70653e-05
4.4172e-05
2.68489e-05
2.64322e-05
2.42758e-05
2.36283e-05
2.65945e-05
2.36054e-05
2.64514e-05
2.35831e-05
2.67466e-05
2.67756e-05
2.56417e-05
2.39008e-05
2.78112e-05
2.70842e-05
3.60403e-05
3.67872e-05
3.10354e-05
3.11479e-05
3.78946e-05
3.78486e-05
3.11858e-05
3.14834e-05
2.83026e-05
2.95478e-05
3.80629e-05
4.10937e-05
6.8033e-05
6.23444e-05
6.77445e-05
6.04535e-05
6.55344e-05
5.79612e-05
6.74254e-05
5.95375e-05
2.56475e-05
2.58866e-05
2.22397e-05
2.26747e-05
2.74541e-05
2.28652e-05
2.78813e-05
2.30638e-05
2.87553e-05
2.33582e-05
2.81583e-05
2.31436e-05
9.09415e-05
9.03652e-05
8.54672e-05
8.4468e-05
7.06629e-05
7.65394e-05
7.19026e-05
7.77657e-05
7.3458e-05
7.23155e-05
7.90695e-05
7.80008e-05
0.000149065
0.000139909
0.000160868
0.000150803
0.000140793
0.000138886
0.000149622
0.000147711
2.76043e-05
2.74262e-05
5.48516e-05
5.10067e-05
6.74762e-05
6.21938e-05
2.99518e-05
2.79499e-05
2.75916e-05
3.36623e-05
3.04817e-05
7.55789e-05
7.18831e-05
7.20412e-05
6.81499e-05
4.65813e-05
4.83845e-05
5.57203e-05
5.86919e-05
6.84939e-05
6.35493e-05
7.0177e-05
6.57306e-05
9.44037e-05
0.000102505
0.000108704
0.00011791
0.000142777
0.000147906
0.000130756
0.000134407
0.000111183
0.000114227
0.000120704
0.000123842
7.43374e-05
6.56703e-05
0.000111612
0.000123527
0.000108423
0.000423223
0.000120259
0.00053054
0.000722504
0.000616156
0.000129398
0.000606287
0.00052476
0.000104483
0.000281808
0.000655577
0.000163838
0.000117134
3.65614e-05
0.000130497
0.000267397
0.000587576
0.000109121
3.55367e-05
0.000122676
6.59285e-05
9.03851e-05
0.000106329
4.02892e-05
3.35593e-05
3.26941e-05
0.00011703
6.56881e-05
9.79522e-05
0.000108254
3.97211e-05
3.34981e-05
3.34948e-05
5.80859e-05
0.00015998
0.000132558
3.31033e-05
3.38592e-05
3.22491e-05
3.02808e-05
2.88442e-05
3.40711e-05
0.000164501
5.41503e-05
0.000138688
3.39253e-05
3.42596e-05
3.29497e-05
3.04985e-05
3.03025e-05
3.47709e-05
8.51683e-05
0.00014764
4.85479e-05
2.80331e-05
3.00217e-05
2.93457e-05
2.83151e-05
3.32883e-05
2.84444e-05
0.000145559
9.48716e-05
3.48878e-05
4.60138e-05
2.99162e-05
2.81346e-05
2.80899e-05
4.7772e-05
3.16722e-05
9.81872e-05
3.31011e-05
3.09748e-05
3.21688e-05
2.87194e-05
3.20706e-05
2.84456e-05
3.18436e-05
8.41346e-05
4.5185e-05
3.26157e-05
3.11496e-05
3.35986e-05
4.66418e-05
5.08766e-05
4.5258e-05
4.89933e-05
7.11537e-05
6.25929e-05
2.41186e-05
2.53365e-05
2.43556e-05
2.58116e-05
2.604e-05
2.46956e-05
2.66597e-05
2.43736e-05
2.59737e-05
3.75852e-05
4.85952e-05
4.25833e-05
3.97082e-05
3.08492e-05
3.04148e-05
4.61334e-05
3.59457e-05
3.81674e-05
2.84766e-05
2.8865e-05
2.63986e-05
2.14449e-05
2.62224e-05
2.14883e-05
2.7972e-05
2.73239e-05
2.96837e-05
2.96179e-05
4.6685e-05
4.66934e-05
8.83629e-05
9.26958e-05
8.93451e-05
9.37137e-05
5.09687e-05
4.48473e-05
5.11755e-05
4.5799e-05
8.95002e-05
9.12975e-05
9.68932e-05
9.86372e-05
2.28443e-05
2.43142e-05
2.23686e-05
2.40624e-05
3.14501e-05
3.75955e-05
3.19414e-05
3.88347e-05
5.13434e-05
5.11085e-05
4.62491e-05
4.52699e-05
2.1185e-05
2.18332e-05
2.36246e-05
2.37861e-05
3.2743e-05
3.23447e-05
3.94627e-05
3.83373e-05
4.86933e-05
5.83805e-05
4.56831e-05
5.67892e-05
3.59252e-05
2.71867e-05
3.41045e-05
2.72046e-05
2.67533e-05
2.35077e-05
2.69475e-05
2.46507e-05
2.93395e-05
3.0683e-05
2.99209e-05
3.00955e-05
4.87793e-05
5.86413e-05
5.05776e-05
5.69201e-05
4.08713e-05
4.26118e-05
5.27515e-05
5.57629e-05
5.24398e-05
5.1885e-05
5.36907e-05
5.59169e-05
3.09081e-05
3.18974e-05
2.59366e-05
2.61545e-05
9.35942e-05
9.19281e-05
0.000101156
9.95609e-05
0.00010496
0.000102359
0.00010621
0.000103932
0.000108697
0.000106474
0.00010754
0.000105048
0.000102502
9.7438e-05
0.00010363
9.85198e-05
9.1328e-05
9.04263e-05
9.58385e-05
9.4856e-05
0.000105974
0.000104885
0.000100717
9.97073e-05
8.93264e-05
8.30704e-05
8.80922e-05
8.16094e-05
0.000116484
0.000125297
0.000109645
0.000118042
3.35975e-05
5.05484e-05
3.56009e-05
5.36054e-05
2.75516e-05
2.7922e-05
2.51664e-05
2.52678e-05
2.71913e-05
2.28841e-05
2.68357e-05
2.31406e-05
4.05652e-05
3.73524e-05
6.07182e-05
5.75505e-05
2.9816e-05
2.92919e-05
2.5833e-05
2.55891e-05
2.63162e-05
2.3897e-05
2.65847e-05
2.34812e-05
2.64859e-05
2.35181e-05
2.59517e-05
2.39137e-05
2.58851e-05
3.49499e-05
3.46469e-05
3.05506e-05
2.98045e-05
2.63125e-05
2.45432e-05
2.42248e-05
2.54687e-05
2.5568e-05
3.37802e-05
3.40547e-05
2.91481e-05
2.93967e-05
3.08307e-05
3.05514e-05
6.72897e-05
6.33806e-05
6.72577e-05
6.49246e-05
6.66322e-05
6.72506e-05
6.67442e-05
6.55631e-05
7.02381e-05
7.62934e-05
6.88407e-05
7.48484e-05
8.6296e-05
8.77808e-05
7.97393e-05
8.14201e-05
6.68934e-05
6.84198e-05
7.29911e-05
7.46186e-05
0.00013268
0.000130834
0.000125268
0.000123402
9.77568e-05
0.000103648
0.000105331
0.000111516
0.000112168
0.00011844
0.000110319
0.000116624
0.000112894
0.000103916
0.000120076
0.000110575
3.23791e-05
3.05407e-05
5.74813e-05
5.01845e-05
4.33646e-05
4.39929e-05
4.88087e-05
5.03866e-05
2.94896e-05
3.15925e-05
3.18774e-05
2.9449e-05
3.14833e-05
2.82816e-05
2.94037e-05
3.79603e-05
4.34976e-05
0.000114825
0.000108004
4.5535e-05
4.45476e-05
5.37904e-05
5.17215e-05
6.43204e-05
5.77379e-05
6.57286e-05
5.93256e-05
6.77232e-05
6.22003e-05
6.63639e-05
6.04985e-05
0.000135326
0.000127345
0.000124366
0.000117147
8.74883e-05
9.57352e-05
9.34819e-05
0.00010201
0.000105693
9.92532e-05
0.000114873
0.000108124
8.61753e-05
7.57992e-05
9.89656e-05
8.67566e-05
7.10519e-05
7.39553e-05
0.000100675
8.75894e-05
0.000103767
9.06638e-05
0.000213865
0.000168358
9.92997e-05
0.000209627
9.27407e-05
0.000152239
0.000394279
0.000316003
6.94102e-05
0.000501471
0.000414602
8.14355e-05
0.000111244
0.000238758
0.000501839
0.000100684
3.6149e-05
0.000210377
0.000413215
9.77298e-05
8.39656e-05
3.44225e-05
0.000131756
7.68197e-05
9.59539e-05
0.000113199
3.86893e-05
3.34441e-05
3.24619e-05
0.000109563
8.51596e-05
3.6529e-05
0.000139902
8.60473e-05
3.34049e-05
3.19043e-05
0.000146789
6.46146e-05
9.67724e-05
3.2437e-05
3.23727e-05
3.13566e-05
2.95258e-05
2.71196e-05
3.38548e-05
6.14293e-05
0.000153243
0.000111164
3.26876e-05
3.33118e-05
3.16433e-05
2.97246e-05
2.81451e-05
3.54116e-05
0.000103618
0.000137788
4.18556e-05
2.8391e-05
2.94089e-05
2.70793e-05
2.76743e-05
3.29232e-05
2.78699e-05
0.000141192
9.99156e-05
3.5326e-05
4.44987e-05
2.95214e-05
2.82551e-05
2.76776e-05
4.93584e-05
3.06174e-05
3.10116e-05
3.17997e-05
2.8329e-05
3.16489e-05
2.84524e-05
5.29015e-05
2.97212e-05
3.08149e-05
4.34332e-05
4.28095e-05
4.40754e-05
4.61374e-05
2.31644e-05
2.47267e-05
2.33455e-05
2.51625e-05
2.49001e-05
2.50611e-05
2.68879e-05
2.78852e-05
2.37361e-05
2.63654e-05
2.35026e-05
2.5423e-05
4.84885e-05
4.45927e-05
4.82467e-05
3.31312e-05
3.38305e-05
4.60804e-05
6.07643e-05
5.78494e-05
6.6005e-05
6.37094e-05
4.85206e-05
4.63386e-05
3.18801e-05
3.12991e-05
5.19287e-05
5.46532e-05
5.94412e-05
6.14183e-05
3.94745e-05
4.15142e-05
2.89445e-05
2.89338e-05
2.6655e-05
2.27152e-05
2.65608e-05
2.16351e-05
2.87242e-05
2.84826e-05
2.97791e-05
2.96936e-05
4.50679e-05
4.68359e-05
5.90006e-05
5.89503e-05
4.11995e-05
4.30998e-05
5.8051e-05
5.85037e-05
8.21284e-05
7.5651e-05
8.38993e-05
7.75684e-05
7.87797e-05
8.32366e-05
8.51781e-05
8.97595e-05
2.51732e-05
2.61788e-05
2.543e-05
2.55003e-05
6.27676e-05
6.89929e-05
6.44768e-05
7.08873e-05
8.59228e-05
8.42542e-05
7.95573e-05
7.77142e-05
2.61134e-05
2.57043e-05
2.41977e-05
2.49746e-05
6.64842e-05
6.48445e-05
7.27972e-05
7.10061e-05
5.89773e-05
7.07839e-05
5.25112e-05
7.02062e-05
3.60959e-05
2.7982e-05
3.48764e-05
2.70564e-05
2.61061e-05
2.43027e-05
2.37266e-05
2.45624e-05
2.43771e-05
2.61929e-05
2.45829e-05
2.45946e-05
2.50717e-05
2.46457e-05
2.69584e-05
2.97736e-05
3.08222e-05
2.76004e-05
3.2417e-05
3.14018e-05
2.84411e-05
2.77636e-05
3.00615e-05
3.02754e-05
5.74241e-05
6.86181e-05
6.02926e-05
6.77486e-05
4.27928e-05
4.70039e-05
6.51146e-05
6.9191e-05
6.54861e-05
6.31785e-05
6.65039e-05
6.71187e-05
3.16006e-05
3.23147e-05
2.62171e-05
2.67926e-05
9.26734e-05
8.75657e-05
9.9794e-05
9.44868e-05
9.15007e-05
8.96287e-05
9.6091e-05
9.42564e-05
0.00010638
0.000104562
0.000101033
9.91677e-05
0.000106603
9.8189e-05
0.000100329
9.2309e-05
3.39331e-05
6.4629e-05
3.6699e-05
7.17971e-05
4.30893e-05
4.29145e-05
4.78665e-05
4.64312e-05
6.36924e-05
5.65956e-05
6.21894e-05
5.51042e-05
4.31761e-05
3.92873e-05
8.40284e-05
7.7941e-05
4.26556e-05
4.28716e-05
4.46856e-05
4.55698e-05
5.99919e-05
5.26073e-05
6.1578e-05
5.39797e-05
2.88661e-05
3.05285e-05
3.012e-05
2.79097e-05
2.8494e-05
2.87351e-05
2.65758e-05
2.69112e-05
3.74473e-05
3.89883e-05
3.12326e-05
3.10259e-05
0.000117629
0.000120306
0.000128815
0.000133519
0.000120654
0.000120502
8.2446e-05
9.03877e-05
7.71012e-05
8.48009e-05
8.9488e-05
9.49687e-05
8.22254e-05
8.74154e-05
6.80361e-05
7.28039e-05
7.52665e-05
8.02337e-05
4.2693e-05
4.27242e-05
3.69435e-05
3.98641e-05
5.2976e-05
5.74211e-05
6.6756e-05
6.18079e-05
7.81484e-05
6.68127e-05
8.3834e-05
7.20127e-05
9.54327e-05
8.27128e-05
8.9287e-05
7.70453e-05
0.000101581
9.49964e-05
9.40551e-05
0.000106507
0.00031156
0.000222919
4.64684e-05
0.000260792
0.000152104
4.15088e-05
0.000157215
0.000258179
9.447e-05
5.65672e-05
3.34176e-05
0.00018312
0.0003288
9.04315e-05
6.83887e-05
3.39489e-05
9.7862e-05
9.11094e-05
3.48301e-05
0.000143345
7.62855e-05
3.29103e-05
3.25529e-05
0.000144325
9.51923e-05
6.39007e-05
8.64646e-05
3.39984e-05
3.10734e-05
2.96796e-05
6.66112e-05
0.000140969
6.71283e-05
3.22932e-05
3.25227e-05
3.12689e-05
2.90241e-05
2.64125e-05
3.32483e-05
3.20657e-05
3.13173e-05
0.000137389
5.02551e-05
2.86716e-05
6.86717e-05
3.15511e-05
2.53846e-05
0.00010617
3.56379e-05
2.83341e-05
2.80542e-05
2.73465e-05
3.23733e-05
2.70009e-05
3.54309e-05
0.000105512
2.83231e-05
2.869e-05
5.98813e-05
2.81883e-05
3.01162e-05
3.08489e-05
2.86997e-05
3.10584e-05
2.84552e-05
5.54087e-05
2.88357e-05
3.03416e-05
2.52371e-05
2.63855e-05
2.53287e-05
2.65809e-05
2.40501e-05
2.443e-05
2.6731e-05
2.78494e-05
2.63137e-05
2.74634e-05
2.58574e-05
2.70035e-05
6.38422e-05
6.6154e-05
6.74526e-05
6.83964e-05
5.48078e-05
6.0039e-05
3.46525e-05
3.64529e-05
2.13759e-05
2.80937e-05
3.9202e-05
3.757e-05
5.61961e-05
5.49678e-05
7.58779e-05
7.05957e-05
7.87947e-05
7.72839e-05
5.08864e-05
4.72987e-05
3.30429e-05
3.06827e-05
6.23325e-05
6.74439e-05
7.30716e-05
7.52295e-05
3.97574e-05
4.19356e-05
2.84291e-05
2.99908e-05
2.60335e-05
2.42314e-05
2.30662e-05
2.44428e-05
2.34487e-05
2.62247e-05
2.4113e-05
2.43828e-05
2.27529e-05
2.29835e-05
2.631e-05
2.69307e-05
2.84736e-05
2.91875e-05
2.56332e-05
2.60942e-05
2.74625e-05
2.80578e-05
2.99348e-05
2.99344e-05
5.07447e-05
5.39686e-05
6.86295e-05
6.81228e-05
4.53684e-05
4.77816e-05
6.5649e-05
6.69245e-05
7.19931e-05
6.58345e-05
7.62325e-05
6.99276e-05
5.54945e-05
4.7808e-05
5.72078e-05
4.93642e-05
5.31959e-05
5.97e-05
5.70956e-05
6.36947e-05
8.49264e-05
8.01195e-05
7.80623e-05
7.34651e-05
5.94147e-05
5.77607e-05
5.15658e-05
5.03085e-05
6.44118e-05
6.0129e-05
7.13978e-05
6.69556e-05
6.23766e-05
0.000102825
5.64967e-05
9.92692e-05
4.36726e-05
4.32005e-05
4.29848e-05
4.31079e-05
2.59643e-05
2.6377e-05
2.49009e-05
2.67805e-05
2.52645e-05
2.68426e-05
2.76595e-05
2.74718e-05
2.6085e-05
2.56898e-05
2.79299e-05
3.12786e-05
3.24299e-05
2.84295e-05
3.55549e-05
3.34355e-05
3.05419e-05
3.08262e-05
0.000105117
0.0001122
0.000110915
0.000115445
4.69393e-05
5.18651e-05
8.95159e-05
9.48404e-05
0.00012433
0.000117941
0.000120111
0.000118262
4.26962e-05
4.27955e-05
4.40496e-05
4.35165e-05
4.2781e-05
4.33259e-05
3.43949e-05
3.20816e-05
4.91216e-05
4.5329e-05
7.33769e-05
6.24122e-05
6.83401e-05
5.78285e-05
4.50884e-05
4.36079e-05
7.01261e-05
6.5041e-05
2.84654e-05
3.00302e-05
3.86923e-05
4.19999e-05
5.98034e-05
5.00204e-05
6.42523e-05
5.40547e-05
2.91131e-05
2.95608e-05
2.86492e-05
2.87913e-05
0.00018698
7.8342e-05
3.05681e-05
0.000219141
0.000106193
3.15678e-05
0.00013369
0.000195699
9.2266e-05
4.5405e-05
3.2652e-05
0.000114583
0.000151565
8.64257e-05
3.73781e-05
3.27201e-05
0.000141893
0.000101147
4.54013e-05
5.80663e-05
3.26852e-05
2.91509e-05
2.81345e-05
0.000143939
9.86241e-05
5.35484e-05
6.98019e-05
3.27949e-05
3.01116e-05
2.94319e-05
3.11488e-05
3.06447e-05
0.000134593
4.48749e-05
7.06632e-05
3.05617e-05
2.47484e-05
3.23177e-05
7.2564e-05
0.000132644
4.29312e-05
3.04579e-05
2.94568e-05
3.04745e-05
2.53705e-05
3.59144e-05
0.000108197
2.67349e-05
2.74089e-05
2.70601e-05
3.17157e-05
2.71532e-05
2.66368e-05
2.72052e-05
0.000109522
3.69901e-05
2.71096e-05
3.03537e-05
3.02607e-05
2.75121e-05
5.48761e-05
4.69907e-05
5.31543e-05
4.57419e-05
2.68631e-05
2.7013e-05
2.77577e-05
2.84545e-05
5.09031e-05
4.43804e-05
5.25133e-05
4.52825e-05
7.83721e-05
8.04719e-05
8.04136e-05
8.10314e-05
5.72797e-05
6.15467e-05
3.41782e-05
3.78107e-05
2.66701e-05
2.43625e-05
2.43622e-05
2.28288e-05
2.28545e-05
2.53172e-05
2.71269e-05
2.67732e-05
2.49483e-05
3.00019e-05
4.28024e-05
4.066e-05
6.37482e-05
6.1532e-05
8.91998e-05
8.31988e-05
0.000104157
0.000104725
4.82541e-05
4.6662e-05
4.3083e-05
4.32049e-05
6.76809e-05
7.58517e-05
0.000105649
0.000105508
4.40166e-05
4.51591e-05
4.31645e-05
4.30418e-05
2.52283e-05
2.54769e-05
2.416e-05
2.58967e-05
2.44606e-05
2.51732e-05
2.49939e-05
2.53255e-05
2.38707e-05
2.40381e-05
2.72482e-05
2.77067e-05
2.98436e-05
3.06045e-05
2.65519e-05
2.6966e-05
2.86699e-05
2.9266e-05
3.03916e-05
3.02303e-05
9.56701e-05
9.97075e-05
0.000109214
0.000105508
8.80886e-05
9.15267e-05
0.000100222
0.000102898
4.58816e-05
3.72624e-05
4.93688e-05
4.04836e-05
5.63104e-05
5.23682e-05
4.68045e-05
4.32026e-05
5.45884e-05
8.82338e-05
5.08422e-05
8.39082e-05
2.46313e-05
2.8089e-05
2.53015e-05
3.02138e-05
2.77058e-05
2.74791e-05
2.7909e-05
2.75728e-05
2.6156e-05
2.62659e-05
2.86689e-05
2.88854e-05
2.82503e-05
2.83039e-05
3.10907e-05
0.000111532
0.000110657
4.60166e-05
4.83304e-05
7.4833e-05
7.94003e-05
2.71016e-05
2.62453e-05
3.56357e-05
3.27577e-05
8.60908e-05
9.48673e-05
6.35374e-05
3.54609e-05
3.42633e-05
9.9278e-05
0.000124056
7.51349e-05
3.39915e-05
3.42812e-05
0.00013766
0.000103426
3.76535e-05
4.65312e-05
3.20676e-05
2.84651e-05
2.80194e-05
0.000131555
0.000103316
3.52499e-05
4.0389e-05
3.14126e-05
2.83208e-05
2.78733e-05
7.64841e-05
0.000129306
4.17002e-05
2.87445e-05
2.75685e-05
2.86039e-05
2.64232e-05
3.09669e-05
0.000130646
7.46865e-05
4.1856e-05
2.94967e-05
2.84325e-05
2.91547e-05
2.59381e-05
2.65762e-05
3.79391e-05
2.68237e-05
2.69948e-05
3.96007e-05
2.6543e-05
2.67358e-05
3.00316e-05
3.00307e-05
2.66023e-05
4.32715e-05
3.50081e-05
4.01894e-05
3.21239e-05
5.02563e-05
4.85764e-05
4.39955e-05
4.38384e-05
3.51523e-05
2.74079e-05
3.79041e-05
3.00408e-05
9.32898e-05
9.84655e-05
0.00010484
0.000104623
5.15025e-05
5.44593e-05
4.38547e-05
4.43496e-05
2.54353e-05
2.50344e-05
2.50053e-05
2.38671e-05
2.38653e-05
2.62589e-05
2.81712e-05
2.75446e-05
2.58756e-05
3.03346e-05
8.44403e-05
8.07052e-05
9.85329e-05
9.55673e-05
7.28924e-05
6.71476e-05
0.00010143
9.9118e-05
2.28596e-05
2.2985e-05
2.27363e-05
2.35639e-05
5.79636e-05
6.27188e-05
9.25534e-05
9.6195e-05
2.38911e-05
2.34514e-05
2.61537e-05
2.46645e-05
2.72593e-05
2.69796e-05
2.6548e-05
2.71674e-05
2.56606e-05
2.5923e-05
2.64328e-05
2.64958e-05
2.71324e-05
2.72825e-05
2.54455e-05
2.54321e-05
2.69893e-05
2.75936e-05
4.09222e-05
4.15386e-05
3.05702e-05
3.06417e-05
0.000112346
0.000112765
0.000125831
0.000127701
0.000113532
0.000113445
2.61633e-05
2.61516e-05
2.93777e-05
2.94568e-05
0.000117849
0.000102385
3.39635e-05
3.43984e-05
2.98713e-05
2.96796e-05
3.22092e-05
0.000124998
0.000105229
3.3463e-05
3.61652e-05
3.05107e-05
2.82821e-05
2.86474e-05
7.84106e-05
2.81537e-05
2.69904e-05
2.68751e-05
3.04004e-05
7.94955e-05
2.73912e-05
2.67972e-05
2.74921e-05
4.33671e-05
2.59939e-05
2.70294e-05
2.66927e-05
4.10339e-05
2.61886e-05
3.31007e-05
3.06815e-05
2.5665e-05
2.37077e-05
7.75556e-05
8.33979e-05
0.000103267
0.000104821
2.26707e-05
2.27401e-05
2.22319e-05
2.16023e-05
2.68855e-05
2.71531e-05
2.7649e-05
2.74681e-05
2.57505e-05
2.55441e-05
2.6633e-05
2.59497e-05
4.00527e-05
3.81603e-05
3.10923e-05
0.000124024
0.00012179
0.00011412
0.000113772
2.83192e-05
2.72951e-05
4.85173e-05
4.55843e-05
2.62474e-05
2.66671e-05
2.86305e-05
2.83318e-05
2.59577e-05
2.6159e-05
2.81586e-05
2.85091e-05
8.08168e-05
2.71736e-05
2.62985e-05
3.07438e-05
3.02888e-05
8.06193e-05
2.74069e-05
2.65316e-05
2.96189e-05
2.72941e-05
2.80066e-05
2.96685e-05
3.12111e-05
5.1044e-05
5.39187e-05
2.69131e-05
2.7354e-05
2.91546e-05
2.88564e-05
2.96979e-05
2.92302e-05
)
;

boundaryField
{
    innerInlet
    {
        type            calculated;
        value           uniform 3.375e-05;
    }
    atmosphere_outlet
    {
        type            calculated;
        value           nonuniform List<scalar> 
1115
(
3.375e-05
3.375e-05
3.375e-05
3.375e-05
3.375e-05
3.375e-05
3.375e-05
3.375e-05
3.375e-05
3.375e-05
3.375e-05
3.375e-05
3.375e-05
3.375e-05
3.375e-05
3.375e-05
3.375e-05
3.375e-05
3.375e-05
3.375e-05
3.375e-05
3.375e-05
3.375e-05
3.375e-05
3.375e-05
3.375e-05
3.375e-05
3.375e-05
3.375e-05
3.375e-05
3.375e-05
3.375e-05
3.375e-05
3.375e-05
3.375e-05
3.375e-05
3.375e-05
3.375e-05
3.375e-05
3.375e-05
3.375e-05
3.375e-05
3.375e-05
3.375e-05
3.375e-05
3.375e-05
3.375e-05
3.375e-05
3.375e-05
3.375e-05
3.375e-05
3.375e-05
3.375e-05
3.375e-05
3.375e-05
3.375e-05
3.375e-05
3.375e-05
3.375e-05
3.375e-05
3.375e-05
3.375e-05
3.375e-05
3.375e-05
3.375e-05
3.375e-05
3.375e-05
3.375e-05
3.375e-05
3.375e-05
3.375e-05
3.375e-05
3.375e-05
3.375e-05
3.375e-05
3.375e-05
3.375e-05
3.375e-05
3.375e-05
3.375e-05
3.375e-05
3.375e-05
3.375e-05
3.375e-05
3.375e-05
3.375e-05
3.375e-05
3.375e-05
3.375e-05
3.375e-05
3.375e-05
3.375e-05
3.375e-05
3.375e-05
3.375e-05
3.375e-05
3.375e-05
3.375e-05
3.375e-05
3.375e-05
3.375e-05
3.375e-05
3.375e-05
3.375e-05
3.375e-05
3.375e-05
3.375e-05
3.375e-05
3.375e-05
3.375e-05
3.375e-05
3.375e-05
3.375e-05
3.375e-05
3.375e-05
3.375e-05
3.375e-05
3.375e-05
3.375e-05
3.375e-05
3.375e-05
3.375e-05
3.375e-05
3.375e-05
3.375e-05
3.375e-05
3.375e-05
3.375e-05
3.375e-05
3.375e-05
3.375e-05
3.375e-05
3.375e-05
3.375e-05
3.375e-05
3.375e-05
3.375e-05
3.375e-05
3.375e-05
3.375e-05
3.375e-05
3.375e-05
3.375e-05
3.375e-05
3.375e-05
3.375e-05
3.375e-05
3.375e-05
3.375e-05
3.375e-05
3.375e-05
3.375e-05
3.375e-05
3.375e-05
3.375e-05
3.375e-05
3.375e-05
3.375e-05
3.375e-05
3.375e-05
3.375e-05
3.375e-05
3.375e-05
3.375e-05
3.375e-05
3.375e-05
3.375e-05
3.375e-05
3.375e-05
3.375e-05
3.375e-05
3.375e-05
3.375e-05
3.375e-05
3.375e-05
3.375e-05
3.375e-05
3.375e-05
3.375e-05
3.375e-05
3.375e-05
3.375e-05
3.375e-05
3.375e-05
3.375e-05
3.375e-05
3.375e-05
3.375e-05
3.375e-05
3.375e-05
3.375e-05
3.375e-05
3.375e-05
3.375e-05
3.375e-05
3.375e-05
3.375e-05
3.375e-05
3.375e-05
3.375e-05
3.375e-05
3.375e-05
3.375e-05
3.375e-05
3.375e-05
3.375e-05
3.375e-05
3.375e-05
3.375e-05
3.375e-05
3.375e-05
3.375e-05
3.375e-05
3.375e-05
3.375e-05
3.375e-05
3.375e-05
3.375e-05
3.375e-05
3.375e-05
3.375e-05
3.375e-05
3.375e-05
3.375e-05
3.375e-05
3.375e-05
3.375e-05
3.375e-05
3.375e-05
3.375e-05
3.375e-05
3.375e-05
3.375e-05
3.375e-05
3.375e-05
3.375e-05
3.375e-05
3.375e-05
3.375e-05
3.375e-05
3.375e-05
3.375e-05
3.375e-05
3.375e-05
3.375e-05
3.375e-05
3.375e-05
3.375e-05
3.375e-05
3.375e-05
3.375e-05
3.375e-05
3.375e-05
3.375e-05
3.375e-05
3.375e-05
3.375e-05
3.375e-05
3.375e-05
3.375e-05
3.375e-05
3.375e-05
3.375e-05
3.375e-05
3.375e-05
3.375e-05
3.375e-05
3.375e-05
3.375e-05
3.375e-05
3.375e-05
3.375e-05
3.375e-05
3.375e-05
3.375e-05
3.375e-05
3.375e-05
3.375e-05
3.375e-05
3.375e-05
3.375e-05
3.375e-05
3.375e-05
3.375e-05
3.375e-05
3.375e-05
3.375e-05
3.375e-05
3.375e-05
3.375e-05
3.375e-05
3.375e-05
3.375e-05
3.375e-05
3.375e-05
3.375e-05
3.375e-05
3.375e-05
3.375e-05
3.375e-05
3.375e-05
3.375e-05
3.375e-05
3.375e-05
3.375e-05
3.375e-05
3.375e-05
3.375e-05
3.375e-05
3.375e-05
3.375e-05
3.375e-05
3.375e-05
3.375e-05
3.375e-05
3.375e-05
3.375e-05
3.375e-05
3.375e-05
3.375e-05
3.375e-05
3.375e-05
3.375e-05
3.375e-05
3.375e-05
3.375e-05
3.375e-05
3.375e-05
3.375e-05
3.375e-05
3.375e-05
3.375e-05
3.375e-05
3.375e-05
3.375e-05
3.375e-05
3.375e-05
3.375e-05
3.375e-05
3.375e-05
3.375e-05
3.375e-05
3.375e-05
3.375e-05
3.375e-05
3.375e-05
3.375e-05
3.375e-05
3.375e-05
3.375e-05
3.375e-05
3.375e-05
3.375e-05
3.375e-05
3.375e-05
3.375e-05
3.375e-05
3.375e-05
3.375e-05
3.375e-05
3.375e-05
3.375e-05
3.375e-05
3.375e-05
3.375e-05
3.375e-05
3.375e-05
3.375e-05
3.375e-05
3.375e-05
3.375e-05
3.375e-05
3.375e-05
3.375e-05
3.375e-05
3.375e-05
3.375e-05
3.375e-05
3.375e-05
3.375e-05
3.375e-05
3.375e-05
3.375e-05
3.375e-05
3.375e-05
3.375e-05
3.375e-05
3.375e-05
3.375e-05
3.375e-05
3.375e-05
3.375e-05
3.375e-05
3.375e-05
3.375e-05
3.375e-05
3.375e-05
3.375e-05
3.375e-05
3.375e-05
3.375e-05
3.375e-05
3.375e-05
3.375e-05
3.375e-05
3.375e-05
3.375e-05
3.375e-05
3.375e-05
3.375e-05
3.375e-05
3.375e-05
3.375e-05
3.375e-05
3.375e-05
3.375e-05
3.375e-05
3.375e-05
3.375e-05
3.375e-05
3.375e-05
3.375e-05
3.375e-05
3.375e-05
3.375e-05
3.375e-05
3.375e-05
3.375e-05
3.375e-05
3.375e-05
3.375e-05
3.375e-05
3.375e-05
3.375e-05
3.375e-05
3.375e-05
3.375e-05
3.375e-05
3.375e-05
3.375e-05
3.375e-05
3.375e-05
3.375e-05
3.375e-05
3.375e-05
3.375e-05
3.375e-05
3.375e-05
3.375e-05
3.375e-05
3.375e-05
3.375e-05
3.375e-05
3.375e-05
3.375e-05
3.375e-05
3.375e-05
3.375e-05
3.375e-05
3.375e-05
3.375e-05
3.375e-05
3.375e-05
3.375e-05
3.375e-05
3.375e-05
3.375e-05
3.375e-05
3.375e-05
3.375e-05
3.375e-05
3.375e-05
3.375e-05
3.375e-05
3.375e-05
3.375e-05
3.375e-05
3.375e-05
3.375e-05
3.375e-05
3.375e-05
3.375e-05
3.375e-05
3.375e-05
3.375e-05
3.375e-05
3.375e-05
3.375e-05
3.375e-05
3.375e-05
3.375e-05
3.375e-05
3.375e-05
3.375e-05
3.375e-05
3.375e-05
3.375e-05
3.375e-05
3.375e-05
3.375e-05
3.375e-05
3.375e-05
3.375e-05
3.375e-05
3.375e-05
3.375e-05
3.375e-05
3.375e-05
3.375e-05
3.375e-05
3.375e-05
3.375e-05
3.375e-05
3.375e-05
3.375e-05
6.67413e-05
3.375e-05
3.375e-05
3.375e-05
3.375e-05
3.375e-05
3.375e-05
3.375e-05
3.375e-05
3.375e-05
3.375e-05
3.375e-05
3.375e-05
3.375e-05
3.375e-05
3.375e-05
3.375e-05
3.375e-05
3.375e-05
3.375e-05
3.375e-05
3.375e-05
3.375e-05
3.375e-05
3.375e-05
3.375e-05
3.375e-05
3.375e-05
3.375e-05
3.375e-05
3.375e-05
3.375e-05
3.375e-05
3.375e-05
3.375e-05
3.375e-05
3.375e-05
3.375e-05
3.375e-05
3.375e-05
3.375e-05
3.375e-05
3.375e-05
3.375e-05
3.375e-05
3.375e-05
3.375e-05
3.375e-05
3.375e-05
3.375e-05
3.375e-05
3.375e-05
3.375e-05
3.375e-05
3.375e-05
3.375e-05
3.375e-05
3.375e-05
3.375e-05
3.375e-05
3.375e-05
3.375e-05
3.375e-05
3.375e-05
3.375e-05
3.375e-05
3.375e-05
3.375e-05
3.375e-05
3.375e-05
3.375e-05
3.375e-05
3.375e-05
3.375e-05
3.375e-05
3.375e-05
3.375e-05
3.375e-05
3.375e-05
3.375e-05
3.375e-05
3.375e-05
3.375e-05
3.375e-05
3.375e-05
3.375e-05
3.375e-05
3.375e-05
3.375e-05
3.375e-05
3.375e-05
3.375e-05
3.375e-05
3.375e-05
3.375e-05
3.375e-05
3.375e-05
3.375e-05
3.375e-05
3.375e-05
3.375e-05
3.375e-05
3.375e-05
3.375e-05
3.375e-05
3.375e-05
3.375e-05
3.375e-05
3.375e-05
3.375e-05
3.375e-05
3.375e-05
3.375e-05
3.375e-05
3.375e-05
3.375e-05
3.375e-05
3.375e-05
3.375e-05
3.375e-05
3.375e-05
3.375e-05
3.375e-05
3.375e-05
3.375e-05
3.375e-05
3.375e-05
3.375e-05
3.375e-05
3.375e-05
3.375e-05
3.375e-05
3.61405e-05
3.375e-05
3.375e-05
3.375e-05
3.375e-05
3.375e-05
3.375e-05
3.375e-05
3.375e-05
3.375e-05
3.375e-05
3.375e-05
3.375e-05
3.375e-05
3.375e-05
3.375e-05
5.40597e-05
3.375e-05
3.375e-05
3.375e-05
3.375e-05
3.375e-05
3.375e-05
3.375e-05
3.375e-05
3.375e-05
3.375e-05
3.375e-05
3.375e-05
3.375e-05
3.375e-05
3.375e-05
3.375e-05
3.375e-05
3.375e-05
3.375e-05
3.375e-05
3.375e-05
3.375e-05
3.375e-05
3.375e-05
3.375e-05
3.375e-05
3.375e-05
3.375e-05
3.375e-05
3.375e-05
3.375e-05
3.375e-05
3.375e-05
3.375e-05
3.375e-05
3.375e-05
3.375e-05
3.375e-05
3.375e-05
3.375e-05
3.375e-05
3.375e-05
3.375e-05
3.375e-05
3.375e-05
3.375e-05
3.375e-05
3.375e-05
3.375e-05
3.375e-05
3.375e-05
3.375e-05
3.375e-05
3.375e-05
3.375e-05
3.375e-05
3.375e-05
3.375e-05
3.375e-05
3.375e-05
3.375e-05
3.375e-05
3.375e-05
3.375e-05
3.375e-05
3.375e-05
3.375e-05
3.375e-05
3.375e-05
3.375e-05
3.375e-05
3.375e-05
3.375e-05
3.375e-05
3.375e-05
3.375e-05
3.375e-05
3.375e-05
3.375e-05
3.375e-05
3.375e-05
3.375e-05
3.375e-05
3.375e-05
3.375e-05
3.375e-05
3.375e-05
3.375e-05
3.375e-05
3.375e-05
3.375e-05
3.375e-05
3.375e-05
3.375e-05
3.375e-05
3.375e-05
3.375e-05
3.375e-05
3.375e-05
3.375e-05
3.375e-05
3.375e-05
3.375e-05
3.375e-05
3.375e-05
3.375e-05
3.375e-05
3.375e-05
3.375e-05
3.375e-05
3.375e-05
3.375e-05
3.375e-05
3.375e-05
3.375e-05
3.375e-05
3.375e-05
3.375e-05
3.375e-05
3.375e-05
3.375e-05
3.375e-05
3.375e-05
3.375e-05
3.375e-05
3.375e-05
3.375e-05
3.375e-05
3.375e-05
3.375e-05
3.375e-05
3.375e-05
3.375e-05
3.375e-05
3.375e-05
3.375e-05
3.375e-05
3.375e-05
3.375e-05
3.375e-05
3.375e-05
3.375e-05
3.375e-05
3.375e-05
3.375e-05
3.375e-05
3.375e-05
3.375e-05
3.375e-05
3.375e-05
3.375e-05
3.375e-05
3.375e-05
3.375e-05
3.375e-05
3.375e-05
3.375e-05
3.375e-05
3.375e-05
3.375e-05
3.375e-05
3.375e-05
3.375e-05
3.375e-05
3.375e-05
3.375e-05
3.375e-05
3.375e-05
3.375e-05
3.375e-05
3.375e-05
3.375e-05
3.375e-05
3.375e-05
3.375e-05
3.375e-05
3.375e-05
3.375e-05
3.375e-05
3.375e-05
3.375e-05
3.375e-05
3.375e-05
3.375e-05
3.375e-05
3.375e-05
3.375e-05
3.375e-05
3.375e-05
3.375e-05
3.375e-05
3.375e-05
3.375e-05
3.375e-05
3.375e-05
3.375e-05
3.375e-05
3.375e-05
3.375e-05
3.375e-05
3.375e-05
3.375e-05
3.375e-05
3.375e-05
3.375e-05
3.375e-05
3.375e-05
3.375e-05
3.375e-05
3.375e-05
3.375e-05
3.375e-05
3.375e-05
3.375e-05
3.375e-05
3.375e-05
3.375e-05
3.375e-05
3.375e-05
3.375e-05
3.375e-05
3.375e-05
3.375e-05
3.375e-05
3.375e-05
3.375e-05
3.375e-05
3.375e-05
3.375e-05
3.375e-05
3.375e-05
3.375e-05
3.375e-05
3.375e-05
3.375e-05
3.375e-05
3.375e-05
3.375e-05
3.375e-05
3.375e-05
3.375e-05
3.375e-05
3.375e-05
3.375e-05
3.375e-05
3.375e-05
3.375e-05
3.375e-05
3.375e-05
3.375e-05
3.375e-05
3.375e-05
3.375e-05
3.375e-05
3.375e-05
3.375e-05
3.375e-05
3.375e-05
3.375e-05
3.375e-05
3.375e-05
3.375e-05
3.375e-05
3.375e-05
3.375e-05
3.375e-05
3.375e-05
3.375e-05
3.375e-05
3.375e-05
3.375e-05
3.375e-05
3.375e-05
3.375e-05
3.375e-05
3.375e-05
3.375e-05
3.375e-05
3.375e-05
3.375e-05
3.375e-05
3.375e-05
3.375e-05
3.375e-05
3.375e-05
3.375e-05
3.375e-05
3.375e-05
3.375e-05
3.375e-05
3.375e-05
3.375e-05
3.375e-05
3.375e-05
3.375e-05
3.375e-05
3.375e-05
3.375e-05
3.375e-05
3.375e-05
3.375e-05
3.375e-05
3.375e-05
3.375e-05
3.375e-05
3.375e-05
3.375e-05
3.375e-05
3.375e-05
3.375e-05
3.375e-05
3.375e-05
3.375e-05
3.375e-05
3.375e-05
3.375e-05
3.375e-05
3.375e-05
3.375e-05
3.375e-05
3.375e-05
3.375e-05
3.375e-05
3.375e-05
3.375e-05
3.375e-05
3.375e-05
3.375e-05
3.375e-05
3.375e-05
3.375e-05
3.375e-05
3.375e-05
3.375e-05
3.375e-05
3.375e-05
3.375e-05
3.375e-05
3.375e-05
3.375e-05
3.375e-05
3.375e-05
3.375e-05
3.375e-05
3.375e-05
3.375e-05
3.375e-05
3.375e-05
3.375e-05
3.375e-05
3.375e-05
3.375e-05
3.375e-05
3.375e-05
3.375e-05
3.375e-05
3.375e-05
3.375e-05
3.375e-05
3.375e-05
3.375e-05
3.375e-05
3.375e-05
3.375e-05
3.375e-05
3.375e-05
3.375e-05
3.375e-05
3.375e-05
3.375e-05
3.375e-05
3.375e-05
3.375e-05
3.375e-05
3.375e-05
3.375e-05
3.375e-05
3.375e-05
3.375e-05
3.375e-05
3.375e-05
3.375e-05
3.375e-05
3.375e-05
3.375e-05
3.375e-05
3.375e-05
3.375e-05
3.375e-05
3.375e-05
3.375e-05
3.375e-05
3.375e-05
3.375e-05
3.375e-05
3.375e-05
3.375e-05
3.375e-05
3.375e-05
3.375e-05
3.375e-05
3.375e-05
3.375e-05
3.375e-05
3.375e-05
3.375e-05
3.375e-05
3.375e-05
3.375e-05
3.375e-05
3.375e-05
3.375e-05
3.375e-05
3.375e-05
3.375e-05
3.375e-05
3.375e-05
3.375e-05
3.375e-05
3.375e-05
3.375e-05
3.375e-05
3.375e-05
3.375e-05
3.375e-05
3.375e-05
3.375e-05
3.375e-05
3.375e-05
3.375e-05
3.375e-05
3.375e-05
3.375e-05
3.375e-05
3.375e-05
3.375e-05
3.375e-05
3.375e-05
3.375e-05
3.375e-05
3.375e-05
3.375e-05
3.375e-05
3.375e-05
3.375e-05
3.375e-05
3.375e-05
3.375e-05
3.375e-05
3.375e-05
3.375e-05
)
;
    }
    walls
    {
        type            nutkWallFunction;
        Cmu             0.09;
        kappa           0.41;
        E               9.8;
        value           nonuniform List<scalar> 0();
    }
    window
    {
        type            nutkWallFunction;
        Cmu             0.09;
        kappa           0.41;
        E               9.8;
        value           nonuniform List<scalar> 
1640
(
0
0
0
0
0
0
0
0
0
0
0
0
0
0
0
1.42514e-05
0
0
0
0
0
0
0
0
0
0
0
0
0
0
0
0
0
0
0
0
0
0
0
0
1.94791e-05
0
0
0
0
0
0
0
0
0
0
0
0
0
0
0
0
0
0
0
0
0
0
0
0
0
0
0
0
0
0
0
0
0
0
0
0
0
0
0
0
0
0
0
0
0
0
0
0
0
0
0
0
0
0
0
0
0
0
0
0
0
0
0
0
0
0
0
0
0
0
0
0
0
0
0
0
0
0
0
0
0
1.92157e-05
1.77941e-05
1.44204e-05
1.62064e-05
2.93702e-05
0
0
0
0
0
0
0
0
0
0
0
0
0
0
0
0
2.862e-05
3.12151e-05
1.22947e-05
9.62677e-06
0
0
0
0
0
0
0
0
6.31264e-06
0
0
0
0
0
0
0
0
0
0
0
0
0
0
0
0
0
0
0
0
0
4.41254e-06
0
3.66863e-06
0
0
0
0
0
0
0
0
0
2.34321e-05
2.11504e-05
0
0
0
0
0
0
0
0
0
0
0
0
0
0
0
0
0
0
0
0
0
0
0
0
0
0
0
0
0
0
0
0
0
0
5.55248e-06
0
2.19576e-05
1.46092e-05
0
0
0
0
0
7.10695e-06
0
0
0
0
0
0
0
0
0
0
0
0
0
0
0
0
0
0
0
0
5.22635e-06
0
6.82025e-06
6.65332e-06
0
0
0
0
0
0
0
0
0
0
0
1.23341e-05
0
0
0
0
0
0
0
0
0
0
0
0
0
0
0
0
0
0
0
1.60699e-05
0
0
0
0
0
0
0
1.77062e-05
0
0
0
0
0
0
0
0
0
0
0
0
0
0
0
0
0
0
0
0
0
0
0
0
0
2.75331e-05
3.57134e-05
3.36009e-05
2.57768e-05
2.25598e-05
0
0
0
0
5.74854e-06
0
0
0
0
0
0
0
0
0
0
5.1171e-06
2.79126e-06
0
0
0
0
2.55615e-05
1.85223e-05
0
0
0
0
0
0
0
4.38119e-06
1.54808e-05
8.89441e-06
0
0
0
0
0
0
0
0
0
0
4.18526e-06
8.6641e-06
8.47633e-06
0
0
0
0
0
1.13376e-05
1.03884e-05
0
0
0
0
0
0
0
0
0
0
0
0
0
0
0
0
0
0
0
0
0
0
0
0
0
0
0
0
0
0
0
0
0
0
4.91845e-05
6.26733e-05
4.72461e-05
6.22418e-05
6.67504e-05
7.2225e-05
5.79334e-05
7.67756e-05
7.0886e-05
8.11197e-05
6.91113e-05
6.50193e-05
5.405e-05
6.14904e-05
7.94896e-05
7.03196e-05
5.97208e-05
5.33532e-05
5.14578e-05
5.51544e-05
5.89112e-05
8.07651e-05
5.02215e-05
6.17857e-05
4.83435e-05
6.49525e-05
4.98321e-05
6.32312e-05
5.92656e-05
6.52402e-05
6.19652e-05
6.89257e-05
7.86642e-05
6.7851e-05
7.0907e-05
7.74496e-05
8.09732e-05
7.05509e-05
6.98309e-05
7.9659e-05
6.08993e-05
6.32638e-05
7.00146e-05
7.22421e-05
8.04255e-05
7.59532e-05
4.42417e-05
4.53248e-05
4.73057e-05
4.63297e-05
3.79766e-05
4.30799e-05
3.94634e-05
6.73445e-05
7.42309e-05
6.65307e-05
5.80607e-05
6.5043e-05
4.87897e-05
6.23083e-05
4.76983e-05
6.21531e-05
5.0276e-05
6.10373e-05
5.59082e-05
5.1136e-05
5.02731e-05
5.13369e-05
6.04992e-05
5.00526e-05
5.92207e-05
4.94041e-05
6.44753e-05
5.3462e-05
6.39979e-05
5.41849e-05
6.48297e-05
6.37479e-05
3.62788e-05
4.18827e-05
4.07224e-05
5.20651e-05
6.04772e-05
4.75014e-05
5.70947e-05
6.40531e-05
3.12586e-05
4.34815e-05
3.18079e-05
2.90921e-05
2.20152e-05
5.34365e-05
4.90948e-05
5.52567e-05
4.22711e-05
3.67981e-05
3.42e-05
2.59875e-05
2.28895e-05
4.77114e-05
6.26321e-05
5.42561e-05
6.51502e-05
5.75728e-05
6.60057e-05
6.23973e-05
6.71309e-05
4.89983e-05
6.32989e-05
5.12807e-05
6.41842e-05
6.05675e-05
6.66264e-05
0
0
0
0
3.67775e-07
0
1.54793e-05
0
7.35135e-05
5.54792e-07
7.93456e-05
9.71718e-06
0
0
6.96512e-05
5.37312e-05
0
6.03043e-06
5.27914e-05
0
6.78593e-05
0
5.64032e-05
5.90039e-05
1.63052e-05
8.0152e-05
2.62422e-06
8.37257e-07
1.78974e-05
8.01381e-05
5.31328e-05
0
0
0
0
0
0
0
0
2.46151e-05
3.08274e-07
3.64186e-05
2.28402e-05
3.76605e-07
3.76545e-05
0
1.04573e-06
6.4945e-05
4.01084e-06
8.34391e-08
1.23266e-05
4.54573e-06
2.19573e-05
0
0
0
0
4.67629e-05
4.70661e-05
0
0
2.25536e-07
1.71363e-06
5.6805e-05
4.61248e-05
0
0
2.06024e-05
6.1981e-05
0
0
1.77312e-05
5.59164e-05
1.42466e-05
1.57927e-05
1.8496e-05
2.78328e-05
4.09561e-05
2.97611e-05
3.72391e-05
1.49278e-05
4.82083e-05
4.95171e-05
6.50037e-05
3.3924e-09
0
0
0
0
0
0
0
8.59429e-06
1.42346e-05
6.15879e-06
7.32285e-05
1.72538e-05
1.79723e-05
6.47727e-06
7.59501e-05
7.96675e-05
4.10642e-06
1.8204e-05
1.82101e-05
6.52292e-06
7.7095e-05
9.15178e-06
1.69531e-05
6.78961e-05
8.04173e-05
1.54956e-06
5.99132e-06
6.57173e-05
4.53148e-06
1.23604e-06
1.74964e-05
1.082e-05
6.82403e-05
8.04336e-05
0
0
0
0
0
0
0
0
6.39566e-05
4.18879e-06
4.45482e-06
1.03134e-06
1.19421e-06
1.73965e-06
0
4.4662e-06
1.1998e-06
3.21547e-05
4.81991e-05
4.84508e-05
3.18094e-05
0
0
0
0
0
0
0
0
8.20061e-06
6.26302e-06
1.14101e-05
1.74696e-05
1.77141e-05
1.19216e-05
6.37871e-06
8.59892e-06
6.75715e-05
7.89857e-05
6.99247e-06
5.55651e-06
1.13869e-05
1.83714e-05
1.83694e-05
1.20693e-05
6.32338e-06
8.68962e-06
2.06737e-05
2.08689e-05
2.13916e-05
2.10992e-05
7.39184e-05
7.4848e-05
7.81306e-05
4.27637e-06
2.84288e-06
4.37296e-06
3.05798e-06
1.80352e-06
1.09383e-06
2.01562e-06
1.16056e-06
2.02751e-07
3.35127e-06
0
6.60869e-08
4.219e-06
3.06577e-06
9.3602e-07
1.99256e-06
6.29463e-05
7.60828e-05
7.80046e-05
6.77557e-05
5.88552e-05
6.44097e-05
0
0
0
0
4.68922e-07
9.30208e-07
0
0
1.35257e-06
1.84529e-06
0
0
0
0
0
0
0
0
1.75872e-06
6.55276e-07
0
0
0
0
0
0
0
0
0
0
0
0
5.43684e-07
5.95016e-07
0
0
0
0
0
0
0
0
0
0
0
0
3.84362e-05
0
0
0
0
0
0
0
0
0
0
0
0
0
0
0
0
0
0
0
0
0
0
0
0
0
0
0
0
2.85103e-05
1.6231e-06
2.90764e-05
1.73753e-06
3.84328e-05
2.85397e-05
1.53248e-06
3.53229e-05
2.7173e-05
1.11926e-06
0
0
0
0
0
0
0
0
0
0
0
0
0
0
0
0
0
0
0
0
0
0
0
0
3.68089e-05
0
0
0
3.60208e-07
5.3533e-07
0
0
0
5.0986e-07
0
0
0
0
0
0
0
0
0
0
0
0
0
0
0
0
0
0
0
0
0
0
0
0
0
0
0
4.14796e-07
4.77952e-07
0
0
0
0
0
0
0
2.57428e-07
0
0
0
0
0
0
0
0
0
0
0
0
0
0
0
0
0
0
0
0
0
0
0
0
0
0
0
0
0
0
0
0
0
0
0
0
0
0
0
0
0
2.47795e-05
2.04957e-05
1.49278e-05
2.57497e-05
6.21e-05
4.66547e-05
0
0
2.58491e-05
3.2415e-05
1.69732e-05
3.8291e-05
2.2484e-06
6.38605e-05
3.33404e-06
6.42992e-06
3.07986e-05
3.40081e-05
2.38888e-05
0
1.67591e-07
4.78439e-06
0
4.48506e-05
0
0
2.57107e-05
1.71436e-05
4.56221e-05
2.1907e-05
2.69597e-05
0
0
2.49406e-05
3.61884e-06
1.82598e-05
2.11338e-05
1.98522e-07
1.18915e-05
1.49278e-05
0
5.54341e-06
2.19125e-05
1.75809e-05
3.14663e-06
2.91198e-05
2.03941e-05
4.32717e-05
2.03941e-05
3.10219e-05
2.30812e-05
6.5896e-05
2.55127e-05
0
0
7.72065e-06
3.7733e-05
3.62324e-05
2.44361e-05
3.87704e-05
9.67237e-06
3.94822e-05
6.81056e-05
6.19577e-05
6.16828e-05
5.40955e-06
6.60931e-05
5.13391e-06
1.02793e-05
4.01883e-05
3.995e-05
6.00155e-05
6.82856e-05
6.10433e-05
4.78658e-05
4.71203e-05
3.22164e-05
3.24446e-05
4.40251e-05
4.5905e-05
3.09785e-05
3.17436e-05
0
0
0
0
4.82766e-05
2.5042e-05
3.249e-05
3.23833e-05
4.84815e-05
2.52536e-05
0
0
0
0
8.32536e-06
1.15669e-05
3.73693e-05
3.77409e-05
1.17448e-05
3.86789e-05
3.81858e-05
8.46629e-06
6.19514e-05
6.16924e-05
8.0479e-06
4.02139e-05
1.18764e-05
4.00308e-05
1.21021e-05
3.91951e-05
3.96705e-05
8.61277e-06
3.06491e-05
2.5486e-05
4.77531e-05
3.13234e-05
2.52135e-05
4.71137e-05
2.97003e-05
2.15615e-05
4.59058e-05
2.87305e-05
2.30408e-05
4.65769e-05
2.66696e-05
4.3168e-05
2.6275e-05
4.36341e-05
2.72284e-05
4.50634e-05
2.79196e-05
4.42799e-05
2.5405e-05
5.8308e-05
5.88148e-05
6.00411e-05
5.93994e-05
6.06786e-05
6.12563e-05
2.9195e-06
3.00068e-06
1.87081e-06
1.9454e-06
1.88259e-06
8.87523e-07
2.79804e-06
1.73249e-06
6.51877e-05
4.89492e-05
5.31334e-05
6.67239e-05
5.84769e-05
5.62812e-05
5.08914e-05
4.41255e-05
3.68543e-05
0
0
0
0
2.66621e-05
2.72819e-05
3.87212e-05
3.85347e-05
3.84508e-05
3.84672e-05
2.83384e-05
2.78112e-05
3.86116e-05
0
0
0
0
0
0
0
0
0
0
0
0
0
0
2.83947e-05
2.95574e-05
3.82938e-05
2.94091e-05
3.33558e-05
2.53973e-05
0
0
0
0
0
0
0
0
0
0
0
0
3.78846e-05
0
0
0
0
0
0
0
0
0
0
0
0
0
0
0
0
0
0
0
0
0
0
0
0
0
0
0
0
0
0
0
9.33253e-09
0
0
0
0
0
0
0
2.84441e-05
2.14493e-05
3.31976e-08
1.75335e-05
2.57358e-05
0
0
0
3.10301e-05
2.35031e-05
2.02962e-05
2.29851e-05
1.67483e-05
6.07549e-06
7.28194e-05
7.31404e-05
1.70785e-05
5.94252e-06
4.12153e-06
4.0305e-06
9.63066e-07
9.88355e-07
1.10381e-05
1.68295e-05
8.09897e-06
6.01605e-06
7.28227e-05
1.69399e-05
1.12809e-05
7.91869e-06
5.97162e-06
2.08003e-05
2.06574e-05
2.05834e-05
4.07711e-06
2.78607e-06
4.04666e-06
2.72316e-06
1.71831e-06
9.5877e-07
1.75549e-06
9.66572e-07
7.26991e-05
3.20412e-07
0
3.24102e-07
0
0
0
0
0
0
0
3.08683e-07
0
0
0
3.09775e-07
0
0
0
0
0
0
0
0
0
0
0
0
0
0
0
0
0
0
0
0
6.21901e-05
0
8.42447e-06
0
6.01995e-05
5.78249e-07
0
6.89758e-05
1.16884e-05
7.55008e-05
5.44322e-06
2.96769e-06
1.57269e-05
7.18524e-05
0
0
0
3.63915e-06
1.32033e-06
7.17985e-07
3.44746e-05
3.81292e-05
3.32647e-05
3.87518e-05
7.56591e-05
5.68944e-06
1.61735e-05
1.66706e-05
7.36382e-05
5.91935e-06
0
0
0
0
5.81169e-06
0
3.13084e-05
2.58147e-06
0
2.99407e-05
2.5508e-05
4.60235e-05
4.81947e-05
4.22784e-05
2.83473e-05
7.65738e-06
7.65739e-06
0
2.02356e-05
1.05891e-05
7.81016e-08
4.27786e-06
3.17787e-06
0
0
5.98076e-05
2.13761e-06
0
0
0
7.05766e-06
1.37037e-05
5.00347e-06
7.30404e-06
4.5656e-06
4.24854e-06
2.92865e-05
2.4986e-05
2.0508e-05
2.38765e-05
2.11666e-05
5.57092e-06
2.88636e-05
2.82336e-05
4.12709e-05
2.98477e-05
3.73621e-05
1.15116e-05
0
3.9222e-05
1.16384e-05
0
0
0
0
0
1.49714e-05
1.02565e-05
4.90468e-05
4.91767e-05
2.82883e-05
2.78249e-05
3.84919e-06
8.76784e-07
4.0209e-06
9.72489e-07
0
0
3.25634e-06
2.39422e-06
1.65791e-07
2.54902e-06
3.70081e-07
1.44997e-06
2.92319e-05
4.49392e-05
4.47681e-05
2.89408e-05
7.51802e-05
7.58803e-06
5.81793e-06
1.06024e-05
1.64279e-05
1.6577e-05
1.09817e-05
7.43527e-05
5.88466e-06
7.88051e-06
4.48828e-05
2.8574e-05
2.80843e-05
4.45475e-05
2.58377e-06
3.95295e-06
1.62313e-06
9.49713e-07
4.00091e-06
2.72216e-06
9.74187e-07
1.72581e-06
6.49362e-05
7.48856e-05
7.37382e-05
0
0
0
0
0
0
0
0
0
0
1.04339e-07
0
0
0
0
0
0
0
0
0
0
0
0
0
0
0
0
0
0
2.76828e-07
3.3852e-07
0
0
0
2.42184e-05
2.49457e-05
3.57838e-05
0
0
0
0
0
0
0
0
0
0
0
0
2.04626e-05
2.15574e-05
2.34215e-05
2.25402e-05
0
0
0
0
0
0
0
0
0
0
0
0
0
0
0
0
3.09962e-05
6.79337e-06
8.43897e-06
0
3.48023e-05
8.00771e-06
0
0
0
0
3.35793e-07
3.48444e-07
0
0
0
0
0
0
0
0
0
0
0
3.66963e-05
1.10985e-05
3.67627e-05
8.02183e-06
5.73571e-05
5.7457e-05
1.11795e-05
3.70854e-05
3.68876e-05
7.96178e-06
2.05783e-05
2.62405e-05
4.32204e-05
2.65661e-05
4.29555e-05
2.60631e-05
4.29012e-05
4.28357e-05
2.60701e-05
2.75185e-06
2.73067e-06
1.7174e-06
1.72969e-06
5.7914e-05
5.76305e-05
0
0
0
0
0
0
0
0
0
0
7.65737e-06
2.92865e-05
1.43156e-05
3.59077e-05
2.29971e-05
3.76024e-05
0
0
8.56582e-06
2.42019e-05
2.86727e-05
0
5.1525e-08
0
5.23298e-06
0
2.74298e-05
2.0413e-05
0
2.52485e-05
2.97867e-05
0
0
0
7.32345e-06
8.66908e-06
3.12302e-05
3.3447e-05
6.80993e-06
5.95763e-06
2.4986e-05
2.05079e-05
1.05047e-05
3.92909e-05
1.14423e-05
2.86827e-05
2.91646e-05
2.09473e-05
0
0
9.66677e-06
3.57405e-05
3.48687e-05
4.87012e-05
4.81814e-05
4.60728e-07
2.02928e-06
1.40404e-06
1.13528e-06
2.29971e-05
4.31694e-05
2.98468e-05
2.95394e-05
2.05854e-05
4.42862e-05
2.07104e-05
2.06632e-05
5.64209e-05
5.68893e-05
7.74316e-06
3.62565e-05
1.07972e-05
3.65195e-05
1.09112e-05
3.66603e-05
3.66244e-05
5.72742e-05
5.71504e-05
7.82986e-06
2.07617e-05
2.75347e-05
4.35975e-05
2.70094e-05
4.40601e-05
2.09873e-05
2.0893e-05
2.67355e-06
1.69918e-06
2.71117e-06
1.72458e-06
4.49677e-05
3.90578e-05
5.56067e-05
5.42944e-05
4.91975e-05
5.22606e-05
0
3.74123e-05
3.80774e-05
0
0
0
3.9058e-05
3.86237e-05
9.35582e-06
9.85512e-06
1.09259e-05
1.03651e-05
3.66635e-05
0
0
0
0
4.7566e-05
4.68706e-05
2.62202e-05
2.56101e-05
4.60891e-05
4.52322e-05
2.7319e-05
2.67822e-05
3.76056e-05
3.92725e-05
4.20657e-05
4.0758e-05
4.32388e-05
4.42846e-05
0
0
0
0
0
0
0
0
3.24349e-05
7.22887e-06
8.88755e-06
3.36802e-05
7.59308e-06
0
0
0
0
0
0
0
0
)
;
    }
    procBoundary3to0
    {
        type            processor;
        value           nonuniform List<scalar> 
506
(
0.000446686
0.000529492
0.000697638
0.000697638
0.000481231
0.000748513
0.000431039
0.000852132
0.000312512
0.000385472
0.000366635
0.000888942
0.000888942
0.000478121
0.000802566
0.000301952
0.000911811
0.000419121
0.000866204
0.000364324
0.000903968
0.000302447
0.000356907
0.000932913
0.000932913
0.000460672
0.000827038
0.000297817
0.000954253
0.000946541
0.00040334
0.000807593
0.000369155
0.000830077
0.000813705
0.000280912
0.000449982
0.000449982
0.000449045
0.000834412
0.000290081
0.00099665
0.000933962
0.000419027
0.00079955
0.000496959
0.000370434
0.00076698
0.000730696
0.000466359
0.000436657
0.000830894
0.000280001
0.00101457
0.000947295
0.000588515
0.000425391
0.000822214
0.000438282
0.000809914
0.000426501
0.000808411
0.000378839
0.000744005
0.000680493
0.00046131
0.000271213
0.00101576
0.00095381
0.00061162
0.000406448
0.000795115
0.000809707
0.000415877
0.000263737
0.00101212
0.000459928
0.000800442
0.000365413
0.000753624
0.000470458
0.000786405
0.000369038
0.000745548
0.000649454
0.000439643
0.000950323
0.000598012
0.000398255
0.000779663
0.000390799
0.000764209
0.000250955
0.000993691
0.00100482
0.000257098
0.000946586
0.000366131
0.000745301
0.000665008
0.000478186
0.000801147
0.000468543
0.000805162
0.000370324
0.000751549
0.000656575
0.00045285
0.000580254
0.000368816
0.000734233
0.000381907
0.000750119
0.000245764
0.000978397
0.000241485
0.000959616
0.000931397
0.000940335
0.000572077
0.000664961
0.000434
0.000487522
0.000780884
0.000494835
0.000778064
0.000374121
0.000698977
0.000373445
0.000731309
0.000677113
0.000465415
0.000345228
0.000706577
0.000335172
0.000660605
0.000230727
0.000911355
0.000236696
0.000937664
0.000920039
0.000904643
0.000570577
0.000571955
0.000333438
0.00077382
0.000502312
0.000499534
0.000776026
0.000372805
0.000688616
0.000371229
0.000699146
0.000672124
0.000676411
0.000245436
0.000344698
0.000588053
0.000331785
0.000610958
0.000223583
0.000880998
0.000213766
0.000843738
0.000867284
0.000887746
0.000566009
0.000556002
0.000772517
0.000503589
0.000711862
0.000369952
0.00037016
0.00071422
0.000501517
0.000773971
0.000643403
0.000624492
0.000276133
0.000257718
0.000378903
0.000617019
0.000418239
0.000763999
0.000187745
0.00069543
0.000201373
0.000783571
0.000839808
0.000804006
0.000533238
0.000544967
0.000710351
0.000370454
0.000605917
0.000606826
0.000495235
0.000784554
0.000497543
0.0007797
0.000372433
0.000705625
0.000255769
0.000247748
0.000669831
0.00123086
0.000492756
0.00102998
0.000174271
0.000635733
0.000165268
0.000658698
0.000664124
0.000748452
0.000534405
0.000529561
0.000608236
0.000273397
0.000262059
0.000473792
0.000795119
0.000414934
0.000816355
0.00037773
0.000686884
0.000374242
0.000685552
0.000620113
0.000164315
0.00109669
0.000162629
0.000724329
0.00059526
0.000576411
0.000391009
0.000471469
0.000275214
0.000820535
0.000371273
0.000386061
0.000816304
0.000369235
0.000694768
0.000350112
0.000716946
0.000665045
0.000648725
0.000274625
0.000637624
0.000583851
0.000380829
0.000392066
0.000361141
0.000829664
0.000350719
0.00084623
0.000776794
0.000346179
0.000350438
0.000747202
0.000666021
0.000663792
0.000253513
0.000267073
0.000453256
0.000410018
0.00032358
0.000877698
0.000337555
0.000863706
0.000345373
0.000794222
0.000343162
0.000806074
0.00063613
0.000645783
0.000237233
0.000202401
0.000324097
0.000884639
0.000341835
0.000853658
0.000338423
0.000815824
0.000340203
0.000815364
0.000637675
0.000659093
0.000188736
0.000199308
0.000935702
0.000441471
0.000399027
0.000856844
0.000338563
0.000798386
0.000342649
0.000786977
0.000699515
0.000684136
0.000192568
0.000239972
0.000932162
0.000453039
0.00055346
0.000507265
0.000885632
0.000885632
0.000881499
0.00036958
0.000351209
0.000809025
0.000701113
0.000683911
0.000398789
0.000321118
0.000996486
0.000377762
0.000360562
0.000488575
0.000368204
0.000610053
0.00104354
0.00104354
0.000712454
0.000679097
0.000453179
0.00047244
0.000781191
0.000328487
0.000342693
0.000320539
0.000915314
0.000856613
0.000856613
0.000457789
0.000469988
0.000433571
0.000292104
0.000229384
0.000893374
0.000771418
0.000425882
0.000425882
0.000706054
0.000875303
0.000455406
0.00120172
0.000381892
0.000488257
0.000588408
0.00413027
0.00283371
0.00601303
0.000484978
0.000179101
0.00601303
0.000313801
9.85763e-05
5.66041e-05
0.00607997
0.00617746
0.00611166
0.000313801
6.51826e-05
5.85241e-05
4.92971e-05
0.00596869
0.00584494
0.00622381
0.000321743
0.000338729
0.00618254
0.000359688
6.51826e-05
5.53026e-05
5.40116e-05
4.89829e-05
0.00567329
0.00576081
0.000320667
0.000334216
0.000348348
6.29423e-05
6.76779e-05
0.000361269
6.55689e-05
5.53026e-05
5.28789e-05
5.38307e-05
3.49507e-05
0.00553805
0.00530538
0.000340837
0.000339419
6.32249e-05
6.55931e-05
7.51114e-05
5.01851e-05
5.38916e-05
7.13457e-05
5.28738e-05
5.28789e-05
3.36235e-05
4.05736e-05
0.00489228
0.00508334
0.000341181
0.000354136
6.38323e-05
6.6446e-05
4.99687e-05
5.13619e-05
6.22833e-05
4.79685e-05
5.05875e-05
5.88436e-05
5.06182e-05
3.36235e-05
3.36235e-05
3.36235e-05
3.36235e-05
3.36235e-05
3.36235e-05
0.00469019
0.00446589
0.000432378
0.000386879
6.43885e-05
6.51291e-05
4.88202e-05
5.13771e-05
4.66687e-05
4.76223e-05
6.03261e-05
3.43993e-05
3.43993e-05
3.43993e-05
5.72714e-05
3.41053e-05
3.41053e-05
3.41844e-05
0.00383825
0.00416293
0.00042912
0.000423934
9.875e-05
6.7855e-05
4.80026e-05
4.72372e-05
4.701e-05
4.72974e-05
3.39772e-05
3.39772e-05
3.39772e-05
3.47086e-05
3.46363e-05
3.47086e-05
0.00301328
0.00344405
0.000395776
0.000408684
9.58719e-05
8.30062e-05
6.45973e-05
4.56231e-05
4.62385e-05
4.57602e-05
3.35233e-05
3.35233e-05
3.35233e-05
0.000349551
0.000366845
6.53522e-05
7.74978e-05
5.98751e-05
4.71097e-05
3.5696e-05
4.20947e-05
3.29575e-05
3.29575e-05
3.29575e-05
6.0625e-05
6.28143e-05
4.04964e-05
4.45203e-05
3.56684e-05
3.50344e-05
3.26183e-05
3.26183e-05
3.26183e-05
3.90209e-05
3.94671e-05
3.54681e-05
3.46716e-05
3.28277e-05
3.28277e-05
3.28277e-05
3.61077e-05
3.56509e-05
3.24536e-05
3.24536e-05
3.24536e-05
3.17867e-05
3.17867e-05
3.17867e-05
)
;
    }
    procBoundary3to1
    {
        type            processor;
        value           nonuniform List<scalar> 
150
(
0.00255065
0.0021194
0.00165262
0.00105575
0.000322114
0.00031325
0.000349003
0.00059485
0.000263131
0.000174459
5.89193e-05
5.79535e-05
0.000284311
0.000326608
9.11553e-05
0.000114062
5.31651e-05
4.50477e-05
3.89355e-05
4.0201e-05
0.000427791
0.000379899
9.49722e-05
0.000129502
4.0386e-05
4.2683e-05
3.99919e-05
3.74473e-05
3.66032e-05
3.87789e-05
2.75389e-05
3.87216e-05
0.000247749
0.000303063
0.000338303
3.90905e-05
3.925e-05
3.76563e-05
3.85967e-05
3.84301e-05
3.55291e-05
3.06967e-05
3.06967e-05
3.06967e-05
2.56517e-05
2.8256e-05
5.11252e-05
5.17864e-05
3.75061e-05
4.56817e-05
0.000110284
8.4292e-05
0.000169201
6.93497e-05
3.72753e-05
3.60283e-05
3.40006e-05
3.53089e-05
3.01027e-05
3.01027e-05
3.01027e-05
2.48483e-05
2.87643e-05
6.75581e-05
6.92158e-05
6.68042e-05
4.00642e-05
2.11553e-05
2.78592e-05
3.5576e-05
5.23872e-05
0.00016308
5.92986e-05
2.83925e-05
3.21135e-05
3.507e-05
3.37989e-05
3.43497e-05
2.98197e-05
2.98197e-05
2.98197e-05
2.7351e-05
2.97644e-05
8.19688e-05
8.11221e-05
6.91621e-05
3.9391e-05
2.45235e-05
2.30583e-05
2.66938e-05
2.45509e-05
3.83009e-05
5.90783e-05
7.53567e-05
5.91939e-05
5.38982e-05
3.55889e-05
3.54324e-05
3.41149e-05
3.59829e-05
2.98567e-05
2.98567e-05
2.98567e-05
4.73562e-05
4.41614e-05
0.000100538
0.000105006
5.91186e-05
4.48363e-05
2.62227e-05
2.53071e-05
2.39528e-05
2.73107e-05
2.55613e-05
7.65897e-05
9.44805e-05
0.000110223
9.77599e-05
3.29302e-05
3.17157e-05
2.97377e-05
3.05046e-05
3.1043e-05
3.37166e-05
3.1043e-05
3.1043e-05
2.8871e-05
2.25274e-05
8.78429e-05
0.000106236
2.3142e-05
2.13259e-05
2.83482e-05
2.81696e-05
2.64591e-05
2.53601e-05
3.67073e-05
3.19366e-05
0.00011948
0.000114192
8.16935e-05
2.6917e-05
2.82389e-05
3.26192e-05
3.15739e-05
3.33014e-05
5.60831e-05
2.93744e-05
3.02137e-05
3.16782e-05
)
;
    }
    procBoundary3to2
    {
        type            processor;
        value           nonuniform List<scalar> 
578
(
0.000926455
0.000213235
0.000827928
0.00041145
0.000464428
0.000104674
0.000581309
0.000240661
0.000850268
0.000185043
0.00031725
0.000954613
0.00111628
0.00147619
1.98969e-05
0.00211338
0.00128027
0.000166945
0.000170726
1.96519e-05
2.17043e-05
2.03214e-05
2.43924e-05
2.24149e-05
0.000419918
0.0019249
0.000882598
7.6964e-05
4.45425e-05
2.07998e-05
1.95403e-05
2.37263e-05
2.33178e-05
2.11883e-05
2.5102e-05
2.36716e-05
2.34561e-05
0.000401575
6.16097e-05
0.00131012
0.000345281
7.03608e-05
3.97712e-05
2.29779e-05
2.03614e-05
1.9458e-05
2.31629e-05
3.42646e-05
2.41681e-05
2.54678e-05
2.24339e-05
2.40942e-05
2.45171e-05
2.40899e-05
6.23095e-05
0.000306456
3.94459e-05
0.000589727
7.9617e-05
9.24774e-05
5.24436e-05
3.45047e-05
2.38802e-05
2.26639e-05
1.97126e-05
1.94933e-05
2.27321e-05
3.11071e-05
3.79172e-05
2.45453e-05
2.53373e-05
2.43821e-05
2.49835e-05
2.49802e-05
2.4765e-05
2.53354e-05
3.64274e-05
4.87485e-05
9.12664e-05
0.000123731
3.42404e-05
4.63761e-05
8.88904e-05
3.71382e-05
2.42996e-05
2.36579e-05
2.2343e-05
1.96471e-05
1.99548e-05
1.94049e-05
2.23988e-05
2.62474e-05
3.52748e-05
2.74174e-05
3.20345e-05
2.45757e-05
2.51295e-05
2.66378e-05
2.51751e-05
2.54808e-05
2.6191e-05
2.48381e-05
2.72359e-05
3.19515e-05
3.36652e-05
3.29344e-05
3.26038e-05
3.08012e-05
7.2812e-05
2.55521e-05
7.3038e-05
3.54529e-05
2.42374e-05
2.44209e-05
2.34669e-05
2.19582e-05
2.00308e-05
1.93868e-05
4.07714e-05
3.10866e-05
2.85489e-05
2.05921e-05
2.21208e-05
2.76943e-05
2.46236e-05
3.09178e-05
2.45065e-05
2.54204e-05
3.07242e-05
2.52137e-05
2.58087e-05
2.66921e-05
2.84696e-05
2.47523e-05
3.15788e-05
2.69523e-05
2.59386e-05
3.02313e-05
4.62288e-05
7.29501e-05
1.70086e-05
5.97626e-05
3.6006e-05
2.49331e-05
2.96234e-05
4.31773e-05
2.41661e-05
2.43053e-05
2.42981e-05
2.32944e-05
2.169e-05
2.16764e-05
3.72391e-05
2.80004e-05
4.90214e-05
3.80672e-05
3.43375e-05
2.85706e-05
2.43541e-05
2.9893e-05
2.83933e-05
2.4719e-05
2.71968e-05
3.102e-05
2.41508e-05
3.00454e-05
2.51901e-05
2.58334e-05
2.69168e-05
2.86147e-05
3.18417e-05
2.45194e-05
2.56901e-05
2.55241e-05
3.02642e-05
3.79127e-05
5.19255e-05
6.24174e-05
1.44357e-05
2.66961e-05
2.30415e-05
2.9759e-05
3.13905e-05
5.41288e-05
5.06863e-05
4.05359e-05
2.40929e-05
2.42002e-05
2.42719e-05
2.38837e-05
2.30697e-05
2.169e-05
2.32085e-05
2.37923e-05
3.77662e-05
3.2449e-05
2.41719e-05
2.80406e-05
3.32474e-05
2.78226e-05
3.03671e-05
2.32686e-05
2.49598e-05
2.57674e-05
2.6918e-05
2.88354e-05
3.19689e-05
2.3645e-05
3.78641e-05
3.46251e-05
5.15459e-05
1.5825e-05
2.3274e-05
2.49944e-05
2.8124e-05
3.50005e-05
3.15776e-05
2.39242e-05
2.41615e-05
2.41138e-05
2.35771e-05
2.29447e-05
2.31934e-05
2.31435e-05
2.33178e-05
2.32085e-05
2.33553e-05
2.43364e-05
3.08952e-05
2.73818e-05
3.03747e-05
2.16216e-05
2.40229e-05
2.54364e-05
2.68976e-05
2.88363e-05
3.20701e-05
2.24584e-05
4.28518e-05
3.02956e-05
3.42186e-05
3.17662e-05
2.4406e-05
2.5612e-05
2.50493e-05
2.48831e-05
2.81531e-05
2.4106e-05
2.38599e-05
2.39781e-05
2.39983e-05
2.33967e-05
2.25267e-05
2.09348e-05
2.34642e-05
2.39599e-05
2.36972e-05
2.33553e-05
2.3877e-05
2.04856e-05
2.34261e-05
2.50066e-05
2.66402e-05
2.88166e-05
3.20633e-05
2.0796e-05
5.53048e-05
3.01011e-05
5.62156e-05
2.4406e-05
2.3919e-05
2.48441e-05
2.62771e-05
2.57664e-05
2.39621e-05
2.40451e-05
2.38813e-05
2.40117e-05
2.41172e-05
2.32864e-05
2.22069e-05
2.03479e-05
2.03589e-05
2.3627e-05
2.38779e-05
2.41491e-05
2.3877e-05
2.48619e-05
2.14728e-05
2.41691e-05
2.61268e-05
2.85797e-05
3.20576e-05
2.55371e-05
3.13454e-05
7.13239e-05
7.51067e-05
2.3919e-05
2.39465e-05
2.45581e-05
2.32011e-05
2.36874e-05
2.41251e-05
2.37926e-05
2.39064e-05
2.41585e-05
2.31164e-05
2.40489e-05
2.40517e-05
2.18401e-05
2.02456e-05
2.03802e-05
2.4347e-05
2.40978e-05
2.41907e-05
2.58394e-05
2.26536e-05
2.52682e-05
2.843e-05
3.1934e-05
7.51067e-05
6.87031e-05
3.66789e-05
8.50802e-05
2.4601e-05
2.32011e-05
2.33605e-05
2.40924e-05
2.41658e-05
4.48485e-05
2.41231e-05
2.40547e-05
2.3147e-05
2.31271e-05
2.40511e-05
2.4128e-05
2.15323e-05
2.45917e-05
2.43635e-05
2.00453e-05
2.04167e-05
2.39761e-05
2.48279e-05
2.57286e-05
2.44851e-05
2.7198e-05
3.17849e-05
5.83286e-05
6.41534e-05
8.50802e-05
8.19408e-05
2.3498e-05
2.33335e-05
4.48485e-05
4.44211e-05
2.35878e-05
2.37598e-05
2.3147e-05
2.45532e-05
2.37654e-05
2.4036e-05
2.3569e-05
2.13166e-05
2.40732e-05
2.44958e-05
2.03147e-05
2.51678e-05
2.49811e-05
2.03854e-05
2.37409e-05
2.38614e-05
2.36084e-05
2.55969e-05
2.66648e-05
3.14923e-05
7.72484e-05
6.76174e-05
8.04733e-05
2.54906e-05
2.77145e-05
4.40772e-05
4.3456e-05
2.3569e-05
2.33621e-05
2.14959e-05
2.11643e-05
2.53444e-05
2.38251e-05
2.4324e-05
2.37386e-05
2.04709e-05
2.44448e-05
2.52321e-05
2.03913e-05
2.47835e-05
2.46146e-05
2.41814e-05
2.44261e-05
2.35025e-05
3.13251e-05
2.97347e-05
2.58577e-05
3.07086e-05
8.69052e-05
7.60434e-05
5.15944e-05
5.79221e-05
2.37386e-05
2.37898e-05
2.44788e-05
3.01731e-05
2.29476e-05
2.10905e-05
2.49121e-05
2.49448e-05
2.42215e-05
2.46777e-05
2.41593e-05
2.03196e-05
2.49644e-05
2.47402e-05
2.48924e-05
2.32061e-05
3.43141e-05
3.38673e-05
3.23696e-05
3.31567e-05
6.41416e-05
6.1983e-05
3.00536e-05
9.42601e-05
8.08024e-05
2.41593e-05
2.64569e-05
2.4228e-05
3.47945e-05
3.51799e-05
1.94418e-05
2.01201e-05
3.35292e-05
3.437e-05
3.45951e-05
2.44208e-05
2.23171e-05
2.30414e-05
2.44739e-05
2.29555e-05
2.44531e-05
2.38823e-05
3.54158e-05
3.49322e-05
6.708e-05
6.67259e-05
6.55346e-05
6.62018e-05
0.000100864
9.86635e-05
8.30449e-05
2.44739e-05
2.57801e-05
2.4507e-05
4.02016e-05
3.58575e-05
2.24818e-05
2.62364e-05
2.2242e-05
2.26811e-05
3.52783e-05
6.73206e-05
6.78289e-05
2.18851e-05
2.18605e-05
2.79202e-05
3.12816e-05
2.2958e-05
2.23143e-05
3.56858e-05
3.43524e-05
6.87537e-05
6.83778e-05
0.000101898
0.000101879
0.000101744
0.000101848
8.38066e-05
2.2958e-05
2.32636e-05
2.57801e-05
2.47221e-05
2.36149e-05
2.33668e-05
3.58575e-05
4.47826e-05
2.16539e-05
2.57144e-05
2.66393e-05
3.00775e-05
3.83595e-05
0.000102218
0.000102844
2.49427e-05
2.30122e-05
5.69041e-05
6.27901e-05
2.03637e-05
2.11969e-05
6.90042e-05
6.72863e-05
0.000103618
0.000103346
8.38302e-05
8.37787e-05
8.38665e-05
2.03637e-05
2.0786e-05
2.36358e-05
2.39374e-05
2.15685e-05
2.11389e-05
4.47826e-05
3.83595e-05
2.62006e-05
2.15689e-05
2.65376e-05
2.96124e-05
8.42959e-05
8.5219e-05
5.0797e-05
4.51328e-05
8.89343e-05
9.60342e-05
3.10476e-05
3.80307e-05
0.000103627
0.000101284
8.71412e-05
8.62695e-05
3.10476e-05
3.04452e-05
2.1965e-05
2.26472e-05
2.88698e-05
2.98071e-05
2.15689e-05
2.65376e-05
2.65903e-05
2.97271e-05
8.1786e-05
7.54974e-05
7.50777e-05
8.11139e-05
6.23989e-05
6.89115e-05
8.72553e-05
8.54031e-05
6.23989e-05
6.06056e-05
2.84043e-05
2.75455e-05
5.83829e-05
6.0248e-05
2.65903e-05
2.97271e-05
6.86682e-05
6.28157e-05
5.06779e-05
5.69502e-05
5.06779e-05
4.70886e-05
5.79865e-05
5.60324e-05
4.16937e-05
4.50546e-05
2.7243e-05
3.01677e-05
4.00578e-05
3.6907e-05
3.07845e-05
)
;
    }
}


// ************************************************************************* //
