/*--------------------------------*- C++ -*----------------------------------*\
  =========                 |
  \\      /  F ield         | OpenFOAM: The Open Source CFD Toolbox
   \\    /   O peration     | Website:  https://openfoam.org
    \\  /    A nd           | Version:  12
     \\/     M anipulation  |
\*---------------------------------------------------------------------------*/
FoamFile
{
    format      ascii;
    class       volScalarField;
    location    "400";
    object      p_rgh;
}
// * * * * * * * * * * * * * * * * * * * * * * * * * * * * * * * * * * * * * //

dimensions      [1 -1 -2 0 0 0 0];

internalField   nonuniform List<scalar> 
14424
(
101326
101326
101326
101326
101326
101326
101326
101326
101326
101326
101326
101326
101326
101326
101326
101326
101326
101326
101326
101326
101326
101326
101326
101326
101326
101326
101326
101326
101326
101326
101326
101326
101326
101326
101326
101326
101326
101326
101326
101326
101326
101326
101326
101326
101326
101326
101326
101326
101326
101326
101326
101326
101326
101326
101326
101326
101326
101326
101326
101326
101326
101326
101326
101326
101326
101326
101326
101326
101326
101326
101326
101326
101326
101326
101326
101326
101326
101326
101326
101326
101326
101326
101326
101326
101326
101326
101326
101326
101326
101326
101326
101326
101326
101326
101326
101326
101326
101326
101326
101326
101326
101326
101326
101326
101326
101326
101326
101326
101326
101326
101326
101326
101326
101326
101326
101326
101326
101326
101326
101326
101326
101326
101326
101326
101326
101326
101326
101326
101326
101326
101326
101326
101326
101326
101326
101326
101326
101326
101326
101326
101326
101326
101326
101326
101326
101326
101326
101326
101326
101326
101326
101326
101326
101326
101326
101326
101326
101326
101326
101326
101326
101326
101326
101326
101326
101326
101326
101326
101326
101326
101326
101326
101326
101326
101326
101326
101326
101326
101326
101326
101326
101326
101326
101326
101326
101326
101326
101326
101326
101326
101326
101326
101326
101326
101326
101326
101326
101326
101326
101326
101326
101326
101326
101326
101326
101326
101326
101326
101326
101326
101326
101326
101326
101326
101326
101326
101326
101326
101326
101326
101326
101326
101326
101326
101326
101326
101326
101326
101326
101326
101326
101326
101326
101326
101326
101326
101326
101326
101326
101326
101326
101326
101326
101326
101326
101326
101326
101326
101326
101326
101326
101326
101326
101326
101326
101326
101326
101326
101326
101326
101326
101326
101326
101326
101326
101326
101326
101326
101326
101326
101326
101326
101326
101326
101326
101326
101326
101326
101326
101326
101326
101326
101326
101326
101326
101326
101326
101326
101326
101326
101326
101326
101326
101326
101326
101326
101326
101326
101326
101326
101326
101326
101326
101326
101326
101326
101326
101326
101326
101326
101326
101326
101326
101326
101326
101326
101326
101326
101326
101326
101326
101326
101326
101326
101326
101326
101326
101326
101326
101326
101326
101326
101326
101326
101326
101326
101326
101326
101326
101326
101326
101326
101326
101326
101326
101326
101326
101326
101326
101326
101326
101326
101326
101326
101326
101326
101326
101326
101326
101326
101326
101326
101326
101326
101326
101326
101326
101326
101326
101326
101326
101326
101326
101326
101326
101326
101326
101326
101326
101326
101326
101326
101326
101326
101326
101326
101326
101326
101326
101326
101326
101326
101326
101326
101326
101326
101326
101326
101326
101326
101326
101326
101326
101326
101326
101326
101326
101326
101326
101326
101326
101326
101326
101326
101326
101326
101326
101326
101326
101326
101326
101326
101326
101326
101326
101326
101326
101326
101326
101326
101326
101326
101326
101326
101326
101326
101326
101326
101326
101326
101326
101326
101326
101326
101326
101326
101326
101326
101326
101326
101326
101326
101326
101326
101326
101326
101326
101326
101326
101326
101326
101326
101326
101326
101326
101326
101326
101326
101326
101326
101326
101326
101326
101326
101326
101326
101326
101326
101326
101326
101326
101326
101326
101326
101326
101326
101326
101326
101326
101326
101326
101326
101326
101326
101326
101326
101326
101326
101326
101326
101326
101326
101326
101326
101326
101326
101326
101326
101326
101326
101326
101326
101326
101326
101326
101326
101326
101326
101326
101326
101326
101326
101326
101326
101326
101326
101326
101326
101326
101326
101326
101326
101326
101326
101326
101326
101326
101326
101326
101326
101326
101326
101326
101326
101326
101326
101327
101326
101326
101326
101326
101326
101326
101326
101326
101326
101326
101326
101326
101326
101326
101326
101326
101326
101326
101326
101326
101326
101326
101326
101326
101326
101326
101326
101326
101326
101326
101326
101326
101326
101326
101326
101326
101326
101326
101326
101326
101326
101326
101326
101326
101326
101326
101326
101326
101326
101326
101326
101326
101326
101326
101326
101326
101326
101326
101326
101326
101326
101326
101326
101326
101326
101326
101326
101326
101326
101326
101326
101326
101326
101326
101326
101326
101326
101326
101326
101326
101326
101326
101326
101326
101326
101326
101326
101326
101326
101326
101326
101326
101326
101326
101326
101326
101326
101326
101326
101326
101326
101326
101326
101326
101327
101326
101326
101326
101326
101326
101326
101326
101326
101326
101326
101326
101326
101326
101327
101327
101326
101326
101326
101326
101326
101326
101326
101326
101326
101326
101326
101326
101326
101326
101326
101326
101326
101326
101326
101326
101326
101326
101326
101326
101326
101326
101326
101326
101326
101326
101326
101326
101326
101326
101326
101326
101326
101326
101326
101326
101326
101326
101326
101326
101326
101326
101326
101326
101326
101326
101326
101326
101326
101326
101326
101326
101326
101326
101326
101326
101326
101326
101326
101326
101326
101326
101326
101326
101326
101326
101326
101326
101326
101326
101326
101326
101326
101326
101326
101326
101326
101326
101326
101326
101326
101326
101326
101326
101326
101326
101326
101327
101326
101326
101326
101326
101326
101326
101326
101326
101326
101326
101326
101326
101327
101326
101326
101326
101326
101326
101326
101326
101326
101326
101326
101326
101326
101326
101327
101327
101326
101326
101326
101326
101326
101326
101326
101326
101326
101326
101326
101326
101326
101327
101327
101327
101326
101326
101326
101326
101326
101326
101326
101326
101326
101326
101326
101326
101326
101326
101326
101326
101326
101326
101326
101326
101326
101326
101326
101326
101326
101326
101326
101326
101326
101326
101326
101326
101326
101326
101326
101326
101326
101326
101326
101326
101326
101326
101326
101326
101326
101326
101326
101326
101326
101326
101326
101326
101326
101326
101326
101326
101326
101326
101326
101326
101326
101326
101326
101326
101326
101326
101326
101326
101326
101326
101326
101326
101326
101326
101326
101326
101326
101326
101326
101326
101326
101326
101326
101326
101326
101326
101326
101326
101326
101326
101326
101327
101326
101326
101326
101326
101326
101326
101326
101326
101326
101326
101326
101326
101327
101327
101326
101326
101326
101326
101326
101326
101326
101326
101326
101326
101326
101326
101327
101327
101326
101326
101326
101326
101326
101326
101326
101326
101326
101326
101326
101326
101326
101327
101327
101326
101326
101326
101326
101326
101326
101326
101326
101326
101326
101326
101326
101326
101326
101327
101327
101327
101327
101326
101326
101326
101326
101326
101326
101326
101326
101326
101326
101326
101326
101326
101326
101326
101326
101326
101326
101326
101326
101326
101326
101326
101326
101326
101326
101326
101326
101326
101326
101326
101326
101326
101326
101326
101326
101326
101326
101326
101326
101326
101326
101326
101326
101326
101326
101326
101326
101326
101326
101326
101326
101326
101326
101326
101326
101326
101326
101326
101326
101326
101326
101326
101326
101326
101326
101326
101326
101326
101326
101326
101326
101326
101326
101326
101326
101326
101326
101326
101326
101326
101326
101326
101326
101326
101326
101326
101326
101326
101326
101326
101327
101326
101326
101326
101326
101326
101326
101326
101326
101326
101326
101326
101326
101327
101327
101326
101326
101326
101326
101326
101326
101326
101326
101326
101326
101326
101326
101327
101327
101327
101326
101326
101326
101326
101326
101326
101326
101326
101326
101326
101326
101326
101327
101327
101327
101326
101326
101326
101326
101326
101326
101326
101326
101326
101326
101326
101326
101326
101327
101327
101327
101326
101326
101326
101326
101326
101326
101326
101326
101326
101326
101326
101326
101326
101326
101327
101327
101327
101327
101327
101326
101326
101326
101326
101326
101326
101326
101326
101326
101326
101326
101326
101326
101326
101326
101326
101326
101326
101326
101326
101326
101326
101326
101326
101326
101326
101326
101326
101326
101326
101326
101326
101326
101326
101326
101326
101326
101326
101326
101326
101326
101326
101326
101326
101326
101326
101326
101326
101326
101326
101326
101326
101326
101326
101326
101326
101326
101326
101326
101326
101326
101326
101326
101326
101326
101326
101326
101326
101326
101326
101326
101326
101326
101326
101326
101326
101326
101326
101326
101326
101326
101326
101326
101326
101326
101326
101326
101326
101326
101326
101326
101327
101326
101326
101326
101326
101326
101326
101326
101326
101326
101326
101326
101326
101327
101327
101326
101326
101326
101326
101326
101326
101326
101326
101326
101326
101326
101326
101327
101327
101327
101326
101326
101326
101326
101326
101326
101326
101326
101326
101326
101326
101326
101327
101327
101327
101327
101326
101326
101326
101326
101326
101326
101326
101326
101326
101326
101326
101326
101327
101327
101327
101327
101326
101326
101326
101326
101326
101326
101326
101326
101326
101326
101326
101326
101326
101327
101327
101327
101327
101326
101326
101326
101326
101326
101326
101326
101326
101326
101326
101326
101326
101326
101326
101327
101327
101327
101327
101327
101327
101326
101326
101326
101326
101326
101326
101326
101326
101326
101326
101326
101326
101326
101326
101326
101326
101326
101326
101326
101326
101326
101326
101326
101326
101326
101326
101326
101326
101326
101326
101326
101326
101326
101326
101326
101326
101326
101326
101326
101326
101326
101326
101326
101326
101326
101326
101326
101326
101326
101326
101326
101326
101326
101326
101326
101326
101326
101326
101326
101326
101326
101326
101326
101326
101326
101326
101326
101326
101326
101326
101326
101326
101326
101326
101326
101326
101326
101326
101326
101326
101326
101326
101326
101326
101326
101326
101326
101326
101326
101326
101326
101327
101326
101326
101326
101326
101326
101326
101326
101326
101326
101326
101326
101326
101327
101327
101326
101326
101326
101326
101326
101326
101326
101326
101326
101326
101326
101326
101327
101327
101327
101326
101326
101326
101326
101326
101326
101326
101326
101326
101326
101326
101326
101327
101327
101327
101327
101326
101326
101326
101326
101326
101326
101326
101326
101326
101326
101326
101326
101327
101327
101327
101327
101326
101326
101326
101326
101326
101326
101326
101326
101326
101326
101326
101326
101326
101327
101327
101327
101327
101327
101326
101326
101326
101326
101326
101326
101326
101326
101326
101326
101326
101326
101326
101327
101327
101327
101327
101327
101326
101326
101326
101326
101326
101326
101326
101326
101326
101326
101326
101326
101326
101326
101327
101327
101327
101327
101327
101327
101327
101326
101326
101326
101326
101326
101326
101326
101326
101326
101326
101326
101326
101326
101326
101326
101326
101326
101326
101326
101326
101326
101326
101326
101326
101326
101326
101326
101326
101326
101326
101326
101326
101326
101326
101326
101326
101326
101326
101326
101326
101326
101326
101326
101326
101326
101326
101326
101326
101326
101326
101326
101326
101326
101326
101326
101326
101326
101326
101326
101326
101326
101326
101326
101326
101326
101326
101326
101326
101326
101326
101326
101326
101326
101326
101326
101326
101326
101326
101326
101326
101326
101326
101326
101326
101326
101326
101326
101326
101326
101326
101326
101327
101326
101326
101326
101326
101326
101326
101326
101326
101326
101326
101326
101326
101327
101327
101326
101326
101326
101326
101326
101326
101326
101326
101326
101326
101326
101326
101327
101327
101327
101326
101326
101326
101326
101326
101326
101326
101326
101326
101326
101326
101326
101327
101327
101327
101327
101326
101326
101326
101326
101326
101326
101326
101326
101326
101326
101326
101326
101327
101327
101327
101327
101327
101326
101326
101326
101326
101326
101326
101326
101326
101326
101326
101326
101326
101327
101327
101327
101327
101327
101326
101326
101326
101326
101326
101326
101326
101326
101326
101326
101326
101326
101326
101327
101327
101327
101327
101327
101327
101326
101326
101326
101326
101326
101326
101326
101326
101326
101326
101326
101326
101326
101327
101327
101327
101327
101327
101327
101326
101326
101326
101326
101326
101326
101326
101326
101326
101326
101326
101326
101326
101326
101327
101327
101327
101327
101327
101327
101327
101326
101326
101326
101326
101326
101326
101326
101326
101326
101326
101326
101326
101326
101326
101326
101326
101326
101326
101326
101326
101326
101326
101326
101326
101326
101326
101326
101326
101326
101326
101326
101326
101326
101326
101326
101326
101326
101326
101326
101326
101326
101326
101326
101326
101326
101326
101326
101326
101326
101326
101326
101326
101326
101326
101326
101326
101326
101326
101326
101326
101326
101326
101326
101326
101326
101326
101326
101326
101326
101326
101326
101326
101326
101326
101326
101326
101326
101326
101326
101326
101326
101326
101326
101326
101326
101326
101326
101326
101326
101326
101326
101327
101326
101326
101326
101326
101326
101326
101326
101326
101326
101326
101326
101326
101327
101327
101326
101326
101326
101326
101326
101326
101326
101326
101326
101326
101326
101326
101327
101327
101327
101326
101326
101326
101326
101326
101326
101326
101326
101326
101326
101326
101326
101327
101327
101327
101327
101326
101326
101326
101326
101326
101326
101326
101326
101326
101326
101326
101326
101327
101327
101327
101327
101327
101326
101326
101326
101326
101326
101326
101326
101326
101326
101326
101326
101326
101327
101327
101327
101327
101327
101327
101326
101326
101326
101326
101326
101326
101326
101326
101326
101326
101326
101326
101327
101327
101327
101327
101327
101327
101326
101326
101326
101326
101326
101326
101326
101326
101326
101326
101326
101326
101326
101327
101327
101327
101327
101327
101327
101327
101326
101326
101326
101326
101326
101326
101326
101326
101326
101326
101326
101326
101326
101327
101327
101327
101327
101327
101327
101326
101326
101326
101326
101326
101326
101326
101326
101326
101326
101326
101326
101326
101326
101327
101327
101327
101327
101327
101327
101327
101326
101326
101326
101326
101326
101326
101326
101326
101326
101326
101326
101326
101326
101326
101326
101326
101326
101326
101326
101326
101326
101326
101326
101326
101326
101326
101326
101326
101326
101326
101326
101326
101326
101326
101326
101326
101326
101326
101326
101326
101326
101326
101326
101326
101326
101326
101326
101326
101326
101326
101326
101326
101326
101326
101326
101326
101326
101326
101326
101326
101326
101326
101326
101326
101326
101326
101326
101326
101326
101326
101326
101326
101326
101326
101326
101326
101326
101326
101326
101326
101326
101326
101326
101326
101326
101326
101326
101326
101326
101326
101326
101327
101326
101326
101326
101326
101326
101326
101326
101326
101326
101326
101326
101326
101327
101327
101326
101326
101326
101326
101326
101326
101326
101326
101326
101326
101326
101326
101327
101327
101327
101326
101326
101326
101326
101326
101326
101326
101326
101326
101326
101326
101326
101327
101327
101327
101327
101326
101326
101326
101326
101326
101326
101326
101326
101326
101326
101326
101326
101327
101327
101327
101327
101327
101326
101326
101326
101326
101326
101326
101326
101326
101326
101326
101326
101326
101327
101327
101327
101327
101327
101327
101326
101326
101326
101326
101326
101326
101326
101326
101326
101326
101326
101326
101327
101327
101327
101327
101327
101327
101327
101326
101326
101326
101326
101326
101326
101326
101326
101326
101326
101326
101326
101327
101327
101327
101327
101327
101327
101327
101326
101326
101326
101326
101326
101326
101326
101326
101326
101326
101326
101326
101326
101327
101327
101327
101327
101327
101327
101327
101326
101326
101326
101326
101326
101326
101326
101326
101326
101326
101326
101326
101326
101327
101327
101327
101327
101327
101327
101326
101326
101326
101326
101326
101326
101326
101326
101326
101326
101326
101326
101326
101326
101327
101327
101327
101327
101327
101327
101326
101326
101326
101326
101326
101326
101326
101326
101326
101326
101326
101326
101326
101326
101326
101326
101326
101326
101326
101326
101326
101326
101326
101326
101326
101326
101326
101326
101326
101326
101326
101326
101326
101326
101326
101326
101326
101326
101326
101326
101326
101326
101326
101326
101326
101326
101326
101326
101326
101326
101326
101326
101326
101326
101326
101326
101326
101326
101326
101326
101326
101326
101326
101326
101326
101326
101326
101326
101326
101326
101326
101326
101326
101326
101326
101326
101326
101326
101326
101326
101326
101326
101326
101326
101326
101326
101326
101326
101326
101326
101326
101326
101326
101326
101326
101326
101326
101326
101326
101326
101326
101326
101326
101326
101326
101327
101327
101326
101326
101326
101326
101326
101326
101326
101326
101326
101326
101326
101326
101327
101327
101327
101326
101326
101326
101326
101326
101326
101326
101326
101326
101326
101326
101326
101327
101327
101327
101327
101326
101326
101326
101326
101326
101326
101326
101326
101326
101326
101326
101326
101327
101327
101327
101327
101327
101326
101326
101326
101326
101326
101326
101326
101326
101326
101326
101326
101326
101327
101327
101327
101327
101327
101327
101326
101326
101326
101326
101326
101326
101326
101326
101326
101326
101326
101326
101327
101327
101327
101327
101327
101327
101327
101326
101326
101326
101326
101326
101326
101326
101326
101326
101326
101326
101326
101327
101327
101327
101327
101327
101327
101327
101327
101326
101326
101326
101326
101326
101326
101326
101326
101326
101326
101326
101326
101327
101327
101327
101327
101327
101327
101327
101326
101326
101326
101326
101326
101326
101326
101326
101326
101326
101326
101326
101326
101327
101327
101327
101327
101327
101327
101327
101326
101326
101326
101326
101326
101326
101326
101326
101326
101326
101326
101326
101326
101327
101327
101327
101327
101327
101327
101326
101326
101326
101326
101326
101326
101326
101326
101326
101326
101326
101326
101326
101326
101327
101327
101327
101327
101327
101327
101326
101326
101326
101326
101326
101326
101326
101326
101326
101326
101326
101326
101326
101326
101326
101326
101326
101326
101326
101326
101326
101326
101326
101326
101326
101326
101326
101326
101326
101326
101326
101326
101326
101326
101326
101326
101326
101326
101326
101326
101326
101326
101326
101326
101326
101326
101326
101326
101326
101326
101326
101326
101326
101326
101326
101326
101326
101326
101326
101326
101326
101326
101326
101326
101326
101326
101326
101326
101326
101326
101326
101326
101326
101326
101326
101326
101326
101326
101326
101326
101326
101326
101326
101326
101326
101326
101326
101326
101326
101326
101326
101326
101326
101326
101326
101326
101326
101326
101326
101326
101326
101326
101326
101326
101326
101327
101327
101326
101326
101326
101326
101326
101326
101326
101326
101326
101326
101326
101326
101327
101327
101327
101326
101326
101326
101326
101326
101326
101326
101326
101326
101326
101326
101326
101327
101327
101327
101327
101326
101326
101326
101326
101326
101326
101326
101326
101326
101326
101326
101326
101327
101327
101327
101327
101327
101326
101326
101326
101326
101326
101326
101326
101326
101326
101326
101326
101326
101327
101327
101327
101327
101327
101327
101326
101326
101326
101326
101326
101326
101326
101326
101326
101326
101326
101326
101327
101327
101327
101327
101327
101327
101327
101326
101326
101326
101326
101326
101326
101326
101326
101326
101326
101326
101326
101327
101327
101327
101327
101327
101327
101327
101327
101326
101326
101326
101326
101326
101326
101326
101326
101326
101326
101326
101326
101327
101327
101327
101327
101327
101327
101327
101327
101326
101326
101326
101326
101326
101326
101326
101326
101326
101326
101326
101326
101327
101327
101327
101327
101327
101327
101327
101326
101326
101326
101326
101326
101326
101326
101326
101326
101326
101326
101326
101326
101327
101327
101327
101327
101327
101327
101327
101326
101326
101326
101326
101326
101326
101326
101326
101326
101326
101326
101326
101326
101327
101327
101327
101327
101327
101327
101326
101326
101326
101326
101326
101326
101326
101326
101326
101326
101326
101326
101326
101326
101327
101327
101327
101327
101327
101327
101326
101326
101326
101326
101326
101326
101326
101326
101326
101326
101326
101326
101326
101326
101326
101326
101326
101326
101326
101326
101326
101326
101326
101326
101326
101326
101326
101326
101326
101326
101326
101326
101326
101326
101326
101326
101326
101326
101326
101326
101326
101326
101326
101326
101326
101326
101326
101326
101326
101326
101326
101326
101326
101326
101326
101326
101326
101326
101326
101326
101326
101326
101326
101326
101326
101326
101326
101326
101326
101326
101326
101326
101326
101326
101326
101326
101326
101326
101326
101326
101326
101326
101326
101326
101326
101326
101326
101326
101326
101326
101326
101326
101327
101326
101326
101326
101326
101326
101326
101326
101326
101326
101326
101326
101326
101326
101326
101326
101326
101326
101326
101326
101326
101326
101326
101326
101326
101326
101326
101327
101327
101327
101326
101326
101326
101326
101326
101326
101326
101326
101326
101326
101326
101326
101327
101327
101327
101327
101326
101326
101326
101326
101326
101326
101326
101326
101326
101326
101326
101326
101327
101327
101327
101327
101327
101326
101326
101326
101326
101326
101326
101326
101326
101326
101326
101326
101326
101327
101327
101327
101327
101327
101327
101326
101326
101326
101326
101326
101326
101326
101326
101326
101326
101326
101326
101327
101327
101327
101327
101327
101327
101326
101326
101326
101326
101326
101326
101326
101326
101326
101326
101326
101326
101326
101327
101327
101327
101327
101327
101327
101327
101327
101326
101326
101326
101326
101326
101326
101326
101326
101326
101326
101326
101326
101327
101327
101327
101327
101327
101327
101327
101327
101326
101326
101326
101326
101326
101326
101326
101326
101326
101326
101326
101326
101327
101327
101327
101327
101327
101327
101327
101327
101326
101326
101326
101326
101326
101326
101326
101326
101326
101326
101326
101326
101327
101327
101327
101327
101327
101327
101327
101326
101326
101326
101326
101326
101326
101326
101326
101326
101326
101326
101326
101326
101327
101327
101327
101327
101327
101327
101327
101326
101326
101326
101326
101326
101326
101326
101326
101326
101326
101326
101326
101326
101327
101327
101327
101327
101327
101327
101326
101326
101326
101326
101326
101326
101326
101326
101326
101326
101326
101326
101326
101326
101327
101327
101327
101327
101327
101327
101326
101326
101326
101326
101326
101326
101326
101326
101326
101326
101326
101326
101326
101326
101326
101326
101326
101326
101326
101326
101326
101326
101326
101326
101326
101326
101326
101326
101326
101326
101326
101326
101326
101326
101326
101326
101326
101326
101326
101326
101326
101326
101326
101326
101326
101326
101326
101326
101326
101326
101326
101326
101326
101326
101326
101326
101326
101326
101326
101326
101326
101326
101326
101326
101326
101326
101326
101326
101326
101326
101326
101326
101326
101326
101326
101326
101326
101326
101326
101326
101326
101326
101326
101326
101326
101326
101326
101326
101326
101326
101326
101326
101327
101326
101326
101326
101326
101326
101326
101326
101326
101326
101326
101326
101326
101327
101327
101327
101326
101326
101326
101326
101326
101326
101326
101326
101326
101326
101326
101326
101326
101326
101326
101326
101326
101326
101326
101326
101326
101326
101326
101326
101326
101326
101327
101327
101327
101327
101326
101326
101326
101326
101326
101326
101326
101326
101326
101326
101326
101326
101327
101327
101327
101327
101327
101326
101326
101326
101326
101326
101326
101326
101326
101326
101326
101326
101326
101327
101327
101327
101327
101327
101327
101326
101326
101326
101326
101326
101326
101326
101326
101326
101326
101326
101326
101327
101327
101327
101327
101327
101327
101327
101326
101326
101326
101326
101326
101326
101326
101326
101326
101326
101326
101326
101327
101327
101327
101327
101327
101327
101327
101327
101326
101326
101326
101326
101326
101326
101326
101326
101326
101326
101326
101326
101327
101327
101327
101327
101327
101327
101327
101327
101326
101326
101326
101326
101326
101326
101326
101326
101326
101326
101326
101326
101327
101327
101327
101327
101327
101327
101327
101327
101326
101326
101326
101326
101326
101326
101326
101326
101326
101326
101326
101326
101327
101327
101327
101327
101327
101327
101327
101327
101326
101326
101326
101326
101326
101326
101326
101326
101326
101326
101326
101326
101327
101327
101327
101327
101327
101327
101327
101326
101326
101326
101326
101326
101326
101326
101326
101326
101326
101326
101326
101326
101327
101327
101327
101327
101327
101327
101327
101326
101326
101326
101326
101326
101326
101326
101326
101326
101326
101326
101326
101326
101327
101327
101327
101327
101327
101327
101326
101326
101326
101326
101326
101326
101326
101326
101326
101326
101326
101326
101326
101326
101327
101327
101327
101327
101327
101327
101326
101326
101326
101326
101326
101326
101326
101326
101326
101326
101326
101326
101326
101326
101326
101326
101326
101326
101326
101326
101326
101326
101326
101326
101326
101326
101326
101326
101326
101326
101326
101326
101326
101326
101326
101326
101326
101326
101326
101326
101326
101326
101326
101326
101326
101326
101326
101326
101326
101326
101326
101326
101326
101326
101326
101326
101326
101326
101326
101326
101326
101326
101326
101326
101326
101326
101326
101326
101326
101326
101326
101326
101326
101326
101326
101326
101326
101326
101326
101326
101326
101326
101326
101326
101326
101326
101326
101326
101326
101326
101326
101327
101326
101326
101326
101326
101326
101326
101326
101326
101326
101326
101326
101326
101327
101327
101327
101326
101326
101326
101326
101326
101326
101326
101326
101326
101326
101326
101327
101327
101327
101327
101326
101326
101326
101326
101326
101326
101326
101326
101326
101326
101326
101326
101326
101326
101326
101326
101326
101326
101326
101326
101326
101326
101326
101326
101326
101326
101326
101327
101327
101327
101327
101327
101326
101326
101326
101326
101326
101326
101326
101326
101326
101326
101326
101326
101327
101327
101327
101327
101327
101327
101326
101326
101326
101326
101326
101326
101326
101326
101326
101326
101326
101326
101327
101327
101327
101327
101327
101327
101327
101326
101326
101326
101326
101326
101326
101326
101326
101326
101326
101326
101326
101327
101327
101327
101327
101327
101327
101327
101327
101326
101326
101326
101326
101326
101326
101326
101326
101326
101326
101326
101326
101327
101327
101327
101327
101327
101327
101327
101327
101326
101326
101326
101326
101326
101326
101326
101326
101326
101326
101326
101326
101327
101327
101327
101327
101327
101327
101327
101327
101326
101326
101326
101326
101326
101326
101326
101326
101326
101326
101326
101326
101327
101327
101327
101327
101327
101327
101327
101327
101326
101326
101326
101326
101326
101326
101326
101326
101326
101326
101326
101326
101327
101327
101327
101327
101327
101327
101327
101327
101326
101326
101326
101326
101326
101326
101326
101326
101326
101326
101326
101326
101327
101327
101327
101327
101327
101327
101327
101326
101326
101326
101326
101326
101326
101326
101326
101326
101326
101326
101326
101326
101327
101327
101327
101327
101327
101327
101327
101326
101326
101326
101326
101326
101326
101326
101326
101326
101326
101326
101326
101326
101327
101327
101327
101327
101327
101327
101326
101326
101326
101326
101326
101326
101326
101326
101326
101326
101326
101326
101326
101327
101327
101327
101327
101327
101327
101326
101326
101326
101326
101326
101326
101326
101326
101326
101326
101326
101326
101326
101326
101326
101326
101326
101326
101326
101326
101326
101326
101326
101326
101326
101326
101326
101326
101326
101326
101326
101326
101326
101326
101326
101326
101326
101326
101326
101326
101326
101326
101326
101326
101326
101326
101326
101326
101326
101326
101326
101326
101326
101326
101326
101326
101326
101326
101326
101326
101326
101326
101326
101326
101326
101326
101326
101326
101326
101326
101326
101326
101326
101326
101326
101326
101326
101326
101326
101326
101326
101326
101326
101326
101326
101326
101326
101326
101326
101326
101327
101326
101326
101326
101326
101326
101326
101326
101326
101326
101326
101326
101326
101327
101327
101326
101326
101326
101326
101326
101326
101326
101326
101326
101326
101326
101326
101327
101327
101327
101327
101326
101326
101326
101326
101326
101326
101326
101326
101326
101326
101326
101327
101327
101327
101327
101327
101326
101326
101326
101326
101326
101326
101326
101326
101326
101326
101326
101326
101326
101326
101326
101326
101326
101326
101326
101326
101326
101326
101326
101326
101326
101326
101326
101327
101327
101327
101327
101327
101327
101326
101326
101326
101326
101326
101326
101326
101326
101326
101326
101326
101326
101327
101327
101327
101327
101327
101327
101327
101326
101326
101326
101326
101326
101326
101326
101326
101326
101326
101326
101326
101327
101327
101327
101327
101327
101327
101327
101327
101326
101326
101326
101326
101326
101326
101326
101326
101326
101326
101326
101326
101327
101327
101327
101327
101327
101327
101327
101327
101326
101326
101326
101326
101326
101326
101326
101326
101326
101326
101326
101326
101327
101327
101327
101327
101327
101327
101327
101327
101326
101326
101326
101326
101326
101326
101326
101326
101326
101326
101326
101326
101327
101327
101327
101327
101327
101327
101327
101327
101326
101326
101326
101326
101326
101326
101326
101326
101326
101326
101326
101326
101327
101327
101327
101327
101327
101327
101327
101327
101326
101326
101326
101326
101326
101326
101326
101326
101326
101326
101326
101326
101327
101327
101327
101327
101327
101327
101327
101327
101326
101326
101326
101326
101326
101326
101326
101326
101326
101326
101326
101326
101327
101327
101327
101327
101327
101327
101327
101326
101326
101326
101326
101326
101326
101326
101326
101326
101326
101326
101326
101326
101327
101327
101327
101327
101327
101327
101327
101326
101326
101326
101326
101326
101326
101326
101326
101326
101326
101326
101326
101327
101327
101327
101327
101327
101327
101326
101326
101326
101326
101326
101326
101326
101326
101326
101326
101326
101326
101327
101327
101327
101327
101327
101327
101326
101326
101326
101326
101326
101326
101326
101326
101326
101326
101326
101326
101326
101326
101326
101326
101326
101326
101326
101326
101326
101326
101326
101326
101326
101326
101326
101326
101326
101326
101326
101326
101326
101326
101326
101326
101326
101326
101326
101326
101326
101326
101326
101326
101326
101326
101326
101326
101326
101326
101326
101326
101326
101326
101326
101326
101326
101326
101326
101326
101326
101326
101326
101326
101326
101326
101326
101326
101326
101326
101326
101326
101326
101326
101326
101326
101326
101326
101326
101326
101326
101326
101326
101326
101326
101326
101326
101326
101327
101326
101326
101326
101326
101326
101326
101326
101326
101326
101326
101326
101326
101327
101327
101326
101326
101326
101326
101326
101326
101326
101326
101326
101326
101326
101326
101327
101327
101327
101327
101326
101326
101326
101326
101326
101326
101326
101326
101326
101326
101326
101327
101327
101327
101327
101327
101326
101326
101326
101326
101326
101326
101326
101326
101326
101326
101326
101327
101327
101327
101327
101327
101327
101326
101326
101326
101326
101326
101326
101326
101326
101326
101326
101326
101326
101326
101326
101326
101326
101326
101326
101326
101326
101326
101326
101326
101326
101326
101326
101326
101327
101327
101327
101327
101327
101327
101327
101326
101326
101326
101326
101326
101326
101326
101326
101326
101326
101326
101326
101327
101327
101327
101327
101327
101327
101327
101327
101326
101326
101326
101326
101326
101326
101326
101326
101326
101326
101326
101326
101327
101327
101327
101327
101327
101327
101327
101327
101326
101326
101326
101326
101326
101326
101326
101326
101326
101326
101326
101326
101327
101327
101327
101327
101327
101327
101327
101327
101326
101326
101326
101326
101326
101326
101326
101326
101326
101326
101326
101326
101327
101327
101327
101327
101327
101327
101327
101327
101326
101326
101326
101326
101326
101326
101326
101326
101326
101326
101326
101326
101327
101327
101327
101327
101327
101327
101327
101327
101326
101326
101326
101326
101326
101326
101326
101326
101326
101326
101326
101326
101327
101327
101327
101327
101327
101327
101327
101327
101326
101326
101326
101326
101326
101326
101326
101326
101326
101326
101326
101326
101327
101327
101327
101327
101327
101327
101327
101327
101326
101326
101326
101326
101326
101326
101326
101326
101326
101326
101326
101326
101327
101327
101327
101327
101327
101327
101327
101326
101326
101326
101326
101326
101326
101326
101326
101326
101326
101326
101326
101327
101327
101327
101327
101327
101327
101327
101326
101326
101326
101326
101326
101326
101326
101326
101326
101326
101326
101327
101327
101327
101327
101327
101327
101326
101326
101326
101326
101326
101326
101326
101326
101326
101326
101326
101327
101327
101327
101327
101327
101327
101326
101326
101326
101326
101326
101326
101326
101326
101326
101326
101326
101326
101326
101326
101326
101326
101326
101326
101326
101326
101326
101326
101326
101326
101326
101326
101326
101326
101326
101326
101326
101326
101326
101326
101326
101326
101326
101326
101326
101326
101326
101326
101326
101326
101326
101326
101326
101326
101326
101326
101326
101326
101326
101326
101326
101326
101326
101326
101326
101326
101326
101326
101326
101326
101326
101326
101326
101326
101326
101326
101326
101326
101326
101326
101326
101326
101326
101326
101326
101326
101326
101326
101326
101326
101326
101327
101326
101326
101326
101326
101326
101326
101326
101326
101326
101326
101326
101326
101327
101327
101326
101326
101326
101326
101326
101326
101326
101326
101326
101326
101326
101326
101327
101327
101327
101327
101326
101326
101326
101326
101326
101326
101326
101326
101326
101326
101326
101327
101327
101327
101327
101327
101326
101326
101326
101326
101326
101326
101326
101326
101326
101326
101326
101327
101327
101327
101327
101327
101327
101326
101326
101326
101326
101326
101326
101326
101326
101326
101326
101326
101327
101327
101327
101327
101327
101327
101327
101326
101326
101326
101326
101326
101326
101326
101326
101326
101326
101326
101326
101326
101326
101326
101326
101326
101326
101326
101326
101326
101326
101326
101326
101326
101326
101326
101327
101327
101327
101327
101327
101327
101327
101327
101326
101326
101326
101326
101326
101326
101326
101326
101326
101326
101326
101326
101327
101327
101327
101327
101327
101327
101327
101327
101326
101326
101326
101326
101326
101326
101326
101326
101326
101326
101326
101326
101327
101327
101327
101327
101327
101327
101327
101327
101326
101326
101326
101326
101326
101326
101326
101326
101326
101326
101326
101326
101327
101327
101327
101327
101327
101327
101327
101327
101326
101326
101326
101326
101326
101326
101326
101326
101326
101326
101326
101326
101327
101327
101327
101327
101327
101327
101327
101327
101326
101326
101326
101326
101326
101326
101326
101326
101326
101326
101326
101326
101327
101327
101327
101327
101327
101327
101327
101327
101326
101326
101326
101326
101326
101326
101326
101326
101326
101326
101326
101326
101327
101327
101327
101327
101327
101327
101327
101327
101326
101326
101326
101326
101326
101326
101326
101326
101326
101326
101326
101326
101327
101327
101327
101327
101327
101327
101327
101327
101326
101326
101326
101326
101326
101326
101326
101326
101326
101326
101326
101327
101327
101327
101327
101327
101327
101327
101326
101326
101326
101326
101326
101326
101326
101326
101326
101326
101326
101327
101327
101327
101327
101327
101327
101327
101326
101326
101326
101326
101326
101326
101326
101326
101326
101326
101327
101327
101327
101327
101327
101327
101326
101326
101326
101326
101326
101326
101326
101326
101326
101326
101327
101327
101327
101327
101327
101327
101326
101326
101326
101326
101326
101326
101326
101326
101326
101326
101326
101326
101326
101326
101326
101326
101326
101326
101326
101326
101326
101326
101326
101326
101326
101326
101326
101326
101326
101326
101326
101326
101326
101326
101326
101326
101326
101326
101326
101326
101326
101326
101326
101326
101326
101326
101326
101326
101326
101326
101326
101326
101326
101326
101326
101326
101326
101326
101326
101326
101326
101326
101326
101326
101326
101326
101326
101326
101326
101326
101326
101326
101326
101326
101326
101326
101326
101326
101326
101326
101326
101327
101326
101326
101326
101326
101326
101326
101326
101326
101326
101326
101326
101326
101327
101327
101326
101326
101326
101326
101326
101326
101326
101326
101326
101326
101326
101326
101327
101327
101327
101327
101326
101326
101326
101326
101326
101326
101326
101326
101326
101326
101326
101327
101327
101327
101327
101327
101326
101326
101326
101326
101326
101326
101326
101326
101326
101326
101326
101327
101327
101327
101327
101327
101327
101326
101326
101326
101326
101326
101326
101326
101326
101326
101326
101326
101327
101327
101327
101327
101327
101327
101327
101326
101326
101326
101326
101326
101326
101326
101326
101326
101326
101326
101327
101327
101327
101327
101327
101327
101327
101327
101327
101326
101326
101326
101326
101326
101326
101326
101326
101326
101326
101326
101326
101326
101326
101326
101326
101326
101326
101326
101326
101326
101326
101326
101326
101326
101326
101327
101327
101327
101327
101327
101327
101327
101327
101327
101326
101326
101326
101326
101326
101326
101326
101326
101326
101326
101326
101327
101327
101327
101327
101327
101327
101327
101327
101326
101326
101326
101326
101326
101326
101326
101326
101326
101326
101326
101326
101327
101327
101327
101327
101327
101327
101327
101327
101326
101326
101326
101326
101326
101326
101326
101326
101326
101326
101326
101326
101327
101327
101327
101327
101327
101327
101327
101327
101326
101326
101326
101326
101326
101326
101326
101326
101326
101326
101326
101326
101327
101327
101327
101327
101327
101327
101327
101327
101326
101326
101326
101326
101326
101326
101326
101326
101326
101326
101326
101326
101327
101327
101327
101327
101327
101327
101327
101327
101326
101326
101326
101326
101326
101326
101326
101326
101326
101326
101326
101326
101327
101327
101327
101327
101327
101327
101327
101327
101326
101326
101326
101326
101326
101326
101326
101326
101326
101326
101326
101327
101327
101327
101327
101327
101327
101327
101327
101326
101326
101326
101326
101326
101326
101326
101326
101326
101326
101327
101327
101327
101327
101327
101327
101327
101326
101326
101326
101326
101326
101326
101326
101326
101326
101326
101327
101327
101327
101327
101327
101327
101326
101326
101326
101326
101326
101326
101326
101326
101326
101326
101327
101327
101327
101327
101327
101327
101326
101326
101326
101326
101326
101326
101326
101326
101326
101327
101327
101327
101327
101327
101327
101326
101326
101326
101326
101326
101326
101326
101326
101326
101326
101326
101326
101326
101326
101326
101326
101326
101326
101326
101326
101326
101326
101326
101326
101326
101326
101326
101326
101326
101326
101326
101326
101326
101326
101326
101326
101326
101326
101326
101326
101326
101326
101326
101326
101326
101326
101326
101326
101326
101326
101326
101326
101326
101326
101326
101326
101326
101326
101326
101326
101326
101326
101326
101326
101327
101326
101326
101326
101326
101326
101326
101326
101326
101326
101326
101326
101327
101326
101326
101326
101326
101326
101326
101326
101326
101326
101326
101326
101326
101327
101327
101326
101326
101326
101326
101326
101326
101326
101326
101326
101326
101326
101326
101327
101327
101327
101327
101326
101326
101326
101326
101326
101326
101326
101326
101326
101326
101326
101327
101327
101327
101327
101327
101326
101326
101326
101326
101326
101326
101326
101326
101326
101326
101326
101327
101327
101327
101327
101327
101327
101326
101326
101326
101326
101326
101326
101326
101326
101326
101326
101326
101327
101327
101327
101327
101327
101327
101327
101326
101326
101326
101326
101326
101326
101326
101326
101326
101326
101326
101327
101327
101327
101327
101327
101327
101327
101327
101327
101326
101326
101326
101326
101326
101326
101326
101326
101326
101326
101327
101327
101327
101327
101327
101327
101327
101327
101327
101326
101326
101326
101326
101326
101326
101326
101326
101326
101326
101326
101326
101326
101326
101326
101326
101326
101326
101326
101326
101326
101326
101326
101326
101326
101326
101327
101327
101327
101327
101327
101327
101327
101327
101327
101326
101326
101326
101326
101326
101326
101326
101326
101326
101326
101326
101327
101327
101327
101327
101327
101327
101327
101327
101326
101326
101326
101326
101326
101326
101326
101326
101326
101326
101326
101326
101327
101327
101327
101327
101327
101327
101327
101327
101326
101326
101326
101326
101326
101326
101326
101326
101326
101326
101326
101326
101327
101327
101327
101327
101327
101327
101327
101327
101326
101326
101326
101326
101326
101326
101326
101326
101326
101326
101326
101326
101327
101327
101327
101327
101327
101327
101327
101327
101326
101326
101326
101326
101326
101326
101326
101326
101326
101326
101326
101326
101327
101327
101327
101327
101327
101327
101327
101327
101326
101326
101326
101326
101326
101326
101326
101326
101326
101326
101326
101327
101327
101327
101327
101327
101327
101327
101327
101326
101326
101326
101326
101326
101326
101326
101326
101326
101326
101327
101327
101327
101327
101327
101327
101327
101327
101326
101326
101326
101326
101326
101326
101326
101326
101326
101327
101327
101327
101327
101327
101327
101327
101326
101326
101326
101326
101326
101326
101326
101326
101326
101327
101327
101327
101327
101327
101327
101327
101326
101326
101326
101326
101326
101326
101326
101326
101327
101327
101327
101327
101327
101327
101326
101326
101326
101326
101326
101326
101326
101326
101327
101327
101327
101327
101327
101327
101327
101326
101326
101326
101326
101326
101326
101326
101326
101326
101326
101326
101326
101326
101326
101326
101326
101326
101326
101326
101326
101326
101326
101326
101326
101326
101326
101326
101326
101326
101326
101326
101326
101326
101326
101326
101326
101326
101326
101326
101326
101326
101326
101326
101326
101326
101326
101326
101326
101326
101326
101326
101326
101326
101326
101326
101326
101326
101327
101326
101326
101326
101326
101326
101326
101326
101326
101326
101326
101326
101327
101327
101326
101326
101326
101326
101326
101326
101326
101326
101326
101326
101326
101327
101327
101327
101326
101326
101326
101326
101326
101326
101326
101326
101326
101326
101326
101327
101327
101327
101327
101326
101326
101326
101326
101326
101326
101326
101326
101326
101326
101326
101327
101327
101327
101327
101327
101326
101326
101326
101326
101326
101326
101326
101326
101326
101326
101326
101327
101327
101327
101327
101327
101327
101326
101326
101326
101326
101326
101326
101326
101326
101326
101326
101326
101327
101327
101327
101327
101327
101327
101327
101326
101326
101326
101326
101326
101326
101326
101326
101326
101326
101326
101327
101327
101327
101327
101327
101327
101327
101327
101327
101326
101326
101326
101326
101326
101326
101326
101326
101326
101326
101327
101327
101327
101327
101327
101327
101327
101327
101327
101326
101326
101326
101326
101326
101326
101326
101326
101326
101326
101327
101327
101327
101327
101327
101327
101327
101327
101327
101326
101326
101326
101326
101326
101326
101326
101326
101326
101326
101326
101326
101326
101326
101326
101326
101326
101326
101326
101326
101326
101326
101326
101326
101326
101326
101327
101327
101327
101327
101327
101327
101327
101327
101326
101326
101326
101326
101326
101326
101326
101326
101326
101326
101326
101326
101327
101327
101327
101327
101327
101327
101327
101327
101326
101326
101326
101326
101326
101326
101326
101326
101326
101326
101326
101326
101327
101327
101327
101327
101327
101327
101327
101327
101326
101326
101326
101326
101326
101326
101326
101326
101326
101326
101326
101326
101327
101327
101327
101327
101327
101327
101327
101327
101326
101326
101326
101326
101326
101326
101326
101326
101326
101326
101326
101327
101327
101327
101327
101327
101327
101327
101327
101326
101326
101326
101326
101326
101326
101326
101326
101326
101326
101326
101327
101327
101327
101327
101327
101327
101327
101327
101326
101326
101326
101326
101326
101326
101326
101326
101326
101326
101327
101327
101327
101327
101327
101327
101327
101327
101326
101326
101326
101326
101326
101326
101326
101326
101326
101327
101327
101327
101327
101327
101327
101327
101327
101326
101326
101326
101326
101326
101326
101326
101326
101327
101327
101327
101327
101327
101327
101327
101326
101326
101326
101326
101326
101326
101326
101326
101327
101327
101327
101327
101327
101327
101327
101326
101326
101326
101326
101326
101326
101326
101327
101327
101327
101327
101327
101327
101326
101326
101326
101326
101326
101326
101326
101327
101327
101327
101327
101327
101327
101327
101326
101326
101326
101326
101326
101326
101326
101326
101326
101326
101326
101326
101326
101326
101326
101326
101326
101326
101326
101326
101326
101326
101326
101326
101326
101326
101326
101326
101326
101326
101326
101326
101326
101326
101326
101326
101326
101326
101326
101326
101326
101326
101326
101326
101326
101326
101326
101326
101326
101326
101327
101326
101326
101326
101326
101326
101326
101326
101326
101326
101326
101326
101327
101327
101326
101326
101326
101326
101326
101326
101326
101326
101326
101326
101326
101327
101327
101327
101326
101326
101326
101326
101326
101326
101326
101326
101326
101326
101326
101327
101327
101327
101327
101326
101326
101326
101326
101326
101326
101326
101326
101326
101326
101326
101327
101327
101327
101327
101327
101326
101326
101326
101326
101326
101326
101326
101326
101326
101326
101326
101327
101327
101327
101327
101327
101327
101326
101326
101326
101326
101326
101326
101326
101326
101326
101326
101326
101327
101327
101327
101327
101327
101327
101327
101326
101326
101326
101326
101326
101326
101326
101326
101326
101326
101326
101327
101327
101327
101327
101327
101327
101327
101327
101327
101326
101326
101326
101326
101326
101326
101326
101326
101326
101326
101327
101327
101327
101327
101327
101327
101327
101327
101327
101326
101326
101326
101326
101326
101326
101326
101326
101326
101326
101327
101327
101327
101327
101327
101327
101327
101327
101327
101326
101326
101326
101326
101326
101326
101326
101326
101326
101326
101327
101327
101327
101327
101327
101327
101327
101327
101327
101326
101326
101326
101326
101326
101326
101326
101326
101326
101326
101326
101326
101326
101326
101326
101326
101326
101326
101326
101326
101326
101326
101326
101326
101326
101326
101327
101327
101327
101327
101327
101327
101327
101327
101326
101326
101326
101326
101326
101326
101326
101326
101326
101326
101326
101326
101327
101327
101327
101327
101327
101327
101327
101327
101326
101326
101326
101326
101326
101326
101326
101326
101326
101326
101326
101326
101327
101327
101327
101327
101327
101327
101327
101327
101326
101326
101326
101326
101326
101326
101326
101326
101326
101326
101326
101327
101327
101327
101327
101327
101327
101327
101327
101326
101326
101326
101326
101326
101326
101326
101326
101326
101326
101327
101327
101327
101327
101327
101327
101327
101327
101326
101326
101326
101326
101326
101326
101326
101326
101326
101326
101327
101327
101327
101327
101327
101327
101327
101327
101326
101326
101326
101326
101326
101326
101326
101326
101326
101327
101327
101327
101327
101327
101327
101327
101327
101326
101326
101326
101326
101326
101326
101326
101326
101327
101327
101327
101327
101327
101327
101327
101327
101326
101326
101326
101326
101326
101326
101326
101327
101327
101327
101327
101327
101327
101327
101327
101326
101326
101326
101326
101326
101326
101327
101327
101327
101327
101327
101327
101327
101326
101326
101326
101326
101326
101326
101327
101327
101327
101327
101327
101327
101327
101326
101326
101326
101326
101326
101327
101327
101327
101327
101327
101327
101327
101326
101326
101326
101326
101326
101326
101326
101326
101326
101326
101326
101326
101326
101326
101326
101326
101326
101326
101326
101326
101326
101326
101326
101326
101326
101326
101326
101326
101326
101326
101326
101326
101326
101326
101326
101326
101326
101326
101326
101326
101326
101326
101327
101326
101326
101326
101326
101326
101326
101326
101326
101326
101326
101326
101327
101327
101326
101326
101326
101326
101326
101326
101326
101326
101326
101326
101326
101327
101327
101327
101326
101326
101326
101326
101326
101326
101326
101326
101326
101326
101326
101327
101327
101327
101327
101326
101326
101326
101326
101326
101326
101326
101326
101326
101326
101326
101327
101327
101327
101327
101327
101326
101326
101326
101326
101326
101326
101326
101326
101326
101326
101326
101327
101327
101327
101327
101327
101327
101326
101326
101326
101326
101326
101326
101326
101326
101326
101326
101326
101327
101327
101327
101327
101327
101327
101327
101326
101326
101326
101326
101326
101326
101326
101326
101326
101326
101326
101327
101327
101327
101327
101327
101327
101327
101327
101327
101326
101326
101326
101326
101326
101326
101326
101326
101326
101326
101327
101327
101327
101327
101327
101327
101327
101327
101327
101326
101326
101326
101326
101326
101326
101326
101326
101326
101326
101327
101327
101327
101327
101327
101327
101327
101327
101327
101326
101326
101326
101326
101326
101326
101326
101326
101326
101326
101327
101327
101327
101327
101327
101327
101327
101327
101327
101326
101326
101326
101326
101326
101326
101326
101326
101326
101326
101327
101327
101327
101327
101327
101327
101327
101327
101326
101326
101326
101326
101326
101326
101326
101326
101326
101326
101326
101326
101326
101326
101326
101326
101326
101326
101326
101326
101326
101326
101326
101326
101326
101326
101326
101327
101327
101327
101327
101327
101327
101327
101327
101326
101326
101326
101326
101326
101326
101326
101326
101326
101326
101326
101326
101327
101327
101327
101327
101327
101327
101327
101327
101326
101326
101326
101326
101326
101326
101326
101326
101326
101326
101326
101327
101327
101327
101327
101327
101327
101327
101327
101326
101326
101326
101326
101326
101326
101326
101326
101326
101326
101327
101327
101327
101327
101327
101327
101327
101327
101326
101326
101326
101326
101326
101326
101326
101326
101326
101327
101327
101327
101327
101327
101327
101327
101326
101326
101326
101326
101326
101326
101326
101326
101326
101326
101327
101327
101327
101327
101327
101327
101327
101327
101326
101326
101326
101326
101326
101326
101326
101326
101327
101327
101327
101327
101327
101327
101327
101327
101326
101326
101326
101326
101326
101326
101326
101327
101327
101327
101327
101327
101327
101327
101327
101326
101326
101326
101326
101326
101326
101327
101327
101327
101327
101327
101327
101327
101327
101326
101326
101326
101326
101326
101327
101327
101327
101327
101327
101327
101327
101326
101326
101326
101326
101326
101327
101327
101327
101327
101327
101327
101327
101326
101326
101326
101326
101327
101327
101327
101327
101327
101327
101326
101326
101326
101326
101326
101326
101326
101326
101326
101326
101326
101326
101326
101326
101326
101326
101326
101326
101326
101326
101326
101326
101326
101326
101326
101326
101326
101326
101326
101326
101326
101326
101326
101326
101327
101326
101326
101326
101326
101326
101326
101326
101326
101326
101326
101326
101327
101327
101326
101326
101326
101326
101326
101326
101326
101326
101326
101326
101326
101327
101327
101327
101326
101326
101326
101326
101326
101326
101326
101326
101326
101326
101326
101327
101327
101327
101327
101326
101326
101326
101326
101326
101326
101326
101326
101326
101326
101326
101327
101327
101327
101327
101327
101326
101326
101326
101326
101326
101326
101326
101326
101326
101326
101326
101327
101327
101327
101327
101327
101327
101326
101326
101326
101326
101326
101326
101326
101326
101326
101326
101326
101327
101327
101327
101327
101327
101327
101327
101326
101326
101326
101326
101326
101326
101326
101326
101326
101326
101326
101327
101327
101327
101327
101327
101327
101327
101327
101326
101326
101326
101326
101326
101326
101326
101326
101326
101326
101326
101327
101327
101327
101327
101327
101327
101327
101327
101327
101326
101326
101326
101326
101326
101326
101326
101326
101326
101326
101327
101327
101327
101327
101327
101327
101327
101327
101327
101326
101326
101326
101326
101326
101326
101326
101326
101326
101326
101327
101327
101327
101327
101327
101327
101327
101327
101327
101326
101326
101326
101326
101326
101326
101326
101326
101326
101326
101327
101327
101327
101327
101327
101327
101327
101327
101326
101326
101326
101326
101326
101326
101326
101326
101326
101326
101326
101327
101327
101327
101327
101327
101327
101327
101327
101326
101326
101326
101326
101326
101326
101326
101326
101326
101326
101326
101326
101326
101326
101326
101326
101326
101326
101326
101326
101326
101326
101326
101326
101326
101326
101326
101327
101327
101327
101327
101327
101327
101327
101327
101326
101326
101326
101326
101326
101326
101326
101326
101326
101326
101326
101327
101327
101327
101327
101327
101327
101327
101327
101326
101326
101326
101326
101326
101326
101326
101326
101326
101326
101327
101327
101327
101327
101327
101327
101327
101326
101326
101326
101326
101326
101326
101326
101326
101326
101326
101327
101327
101327
101327
101327
101327
101327
101326
101326
101326
101326
101326
101326
101326
101326
101326
101327
101327
101327
101327
101327
101327
101327
101326
101326
101326
101326
101326
101326
101326
101326
101326
101327
101327
101327
101327
101327
101327
101327
101326
101326
101326
101326
101326
101326
101326
101326
101327
101327
101327
101327
101327
101327
101327
101326
101326
101326
101326
101326
101326
101326
101327
101327
101327
101327
101327
101327
101327
101327
101326
101326
101326
101326
101326
101327
101327
101327
101327
101327
101327
101327
101326
101326
101326
101326
101326
101327
101327
101327
101327
101327
101327
101327
101326
101326
101326
101326
101327
101327
101327
101327
101327
101327
101326
101326
101326
101326
101327
101327
101327
101327
101327
101327
101326
101326
101326
101326
101326
101326
101326
101326
101326
101326
101326
101326
101326
101326
101326
101326
101326
101326
101326
101326
101326
101326
101326
101326
101326
101326
101326
101326
101326
101326
101326
101326
101326
101326
101326
101326
101327
101327
101326
101326
101326
101326
101326
101326
101326
101326
101326
101326
101326
101327
101327
101327
101326
101326
101326
101326
101326
101326
101326
101326
101326
101326
101326
101327
101327
101327
101327
101326
101326
101326
101326
101326
101326
101326
101326
101326
101326
101326
101327
101327
101327
101327
101327
101326
101326
101326
101326
101326
101326
101326
101326
101326
101326
101326
101327
101327
101327
101327
101327
101327
101326
101326
101326
101326
101326
101326
101326
101326
101326
101326
101326
101327
101327
101327
101327
101327
101327
101327
101326
101326
101326
101326
101326
101326
101326
101326
101326
101326
101326
101327
101327
101327
101327
101327
101327
101327
101327
101326
101326
101326
101326
101326
101326
101326
101326
101326
101326
101326
101327
101327
101327
101327
101327
101327
101327
101327
101327
101326
101326
101326
101326
101326
101326
101326
101326
101326
101326
101327
101327
101327
101327
101327
101327
101327
101327
101327
101326
101326
101326
101326
101326
101326
101326
101326
101326
101326
101327
101327
101327
101327
101327
101327
101327
101327
101327
101326
101326
101326
101326
101326
101326
101326
101326
101326
101326
101327
101327
101327
101327
101327
101327
101327
101327
101326
101326
101326
101326
101326
101326
101326
101326
101326
101326
101326
101327
101327
101327
101327
101327
101327
101327
101327
101326
101326
101326
101326
101326
101326
101326
101326
101326
101326
101326
101327
101327
101327
101327
101327
101327
101327
101327
101326
101326
101326
101326
101326
101326
101326
101326
101326
101326
101326
101326
101326
101326
101326
101326
101326
101326
101326
101326
101326
101326
101326
101326
101326
101326
101327
101327
101327
101327
101327
101327
101327
101326
101326
101326
101326
101326
101326
101326
101326
101326
101326
101326
101327
101327
101327
101327
101327
101327
101327
101326
101326
101326
101326
101326
101326
101326
101326
101326
101326
101327
101327
101327
101327
101327
101327
101327
101326
101326
101326
101326
101326
101326
101326
101326
101326
101327
101327
101327
101327
101327
101327
101327
101326
101326
101326
101326
101326
101326
101326
101326
101327
101327
101327
101327
101327
101327
101327
101326
101326
101326
101326
101326
101326
101326
101326
101327
101327
101327
101327
101327
101327
101327
101326
101326
101326
101326
101326
101326
101326
101327
101327
101327
101327
101327
101327
101327
101326
101326
101326
101326
101326
101326
101327
101327
101327
101327
101327
101327
101327
101326
101326
101326
101326
101326
101327
101327
101327
101327
101327
101327
101327
101326
101326
101326
101326
101327
101327
101327
101327
101327
101327
101326
101326
101326
101326
101327
101327
101327
101327
101327
101327
101326
101326
101326
101327
101327
101327
101327
101327
101326
101326
101326
101326
101326
101326
101326
101326
101326
101326
101326
101326
101326
101326
101326
101326
101326
101326
101326
101326
101326
101326
101326
101326
101326
101326
101327
101326
101326
101326
101326
101326
101326
101326
101326
101326
101326
101326
101326
101327
101327
101327
101326
101326
101326
101326
101326
101326
101326
101326
101326
101326
101326
101327
101327
101327
101327
101326
101326
101326
101326
101326
101326
101326
101326
101326
101326
101326
101327
101327
101327
101327
101327
101326
101326
101326
101326
101326
101326
101326
101326
101326
101326
101326
101327
101327
101327
101327
101327
101327
101326
101326
101326
101326
101326
101326
101326
101326
101326
101326
101326
101327
101327
101327
101327
101327
101327
101327
101326
101326
101326
101326
101326
101326
101326
101326
101326
101326
101326
101327
101327
101327
101327
101327
101327
101327
101327
101326
101326
101326
101326
101326
101326
101326
101326
101326
101326
101326
101327
101327
101327
101327
101327
101327
101327
101327
101326
101326
101326
101326
101326
101326
101326
101326
101326
101326
101326
101327
101327
101327
101327
101327
101327
101327
101327
101327
101326
101326
101326
101326
101326
101326
101326
101326
101326
101326
101327
101327
101327
101327
101327
101327
101327
101327
101327
101326
101326
101326
101326
101326
101326
101326
101326
101326
101326
101327
101327
101327
101327
101327
101327
101327
101327
101326
101326
101326
101326
101326
101326
101326
101326
101326
101326
101326
101327
101327
101327
101327
101327
101327
101327
101327
101326
101326
101326
101326
101326
101326
101326
101326
101326
101326
101326
101327
101327
101327
101327
101327
101327
101327
101327
101326
101326
101326
101326
101326
101326
101326
101326
101326
101326
101326
101327
101327
101327
101327
101327
101327
101327
101326
101326
101326
101326
101326
101326
101326
101326
101326
101326
101326
101326
101326
101326
101326
101326
101326
101326
101326
101326
101326
101326
101326
101326
101326
101327
101327
101327
101327
101327
101327
101327
101326
101326
101326
101326
101326
101326
101326
101326
101326
101326
101327
101327
101327
101327
101327
101327
101327
101326
101326
101326
101326
101326
101326
101326
101326
101326
101327
101327
101327
101327
101327
101327
101327
101326
101326
101326
101326
101326
101326
101326
101326
101327
101327
101327
101327
101327
101327
101327
101326
101326
101326
101326
101326
101326
101326
101327
101327
101327
101327
101327
101327
101327
101326
101326
101326
101326
101326
101326
101326
101327
101327
101327
101327
101327
101327
101327
101326
101326
101326
101326
101326
101326
101327
101327
101327
101327
101327
101327
101327
101326
101326
101326
101326
101326
101327
101327
101327
101327
101327
101327
101326
101326
101326
101326
101326
101327
101327
101327
101327
101327
101327
101326
101326
101326
101326
101327
101327
101327
101327
101327
101327
101326
101326
101326
101327
101327
101327
101327
101327
101326
101326
101326
101327
101327
101327
101327
101327
101326
101326
101326
101326
101326
101326
101326
101326
101326
101326
101326
101326
101326
101326
101326
101326
101326
101326
101326
101326
101326
101326
101326
101326
101326
101326
101326
101327
101327
101326
101326
101326
101326
101326
101326
101326
101326
101326
101326
101326
101326
101327
101327
101327
101326
101326
101326
101326
101326
101326
101326
101326
101326
101326
101326
101326
101327
101327
101327
101327
101327
101326
101326
101326
101326
101326
101326
101326
101326
101326
101326
101326
101327
101327
101327
101327
101327
101327
101326
101326
101326
101326
101326
101326
101326
101326
101326
101326
101326
101327
101327
101327
101327
101327
101327
101327
101326
101326
101326
101326
101326
101326
101326
101326
101326
101326
101326
101327
101327
101327
101327
101327
101327
101327
101327
101326
101326
101326
101326
101326
101326
101326
101326
101326
101326
101326
101327
101327
101327
101327
101327
101327
101327
101327
101326
101326
101326
101326
101326
101326
101326
101326
101326
101326
101326
101327
101327
101327
101327
101327
101327
101327
101327
101327
101326
101326
101326
101326
101326
101326
101326
101326
101326
101326
101327
101327
101327
101327
101327
101327
101327
101327
101327
101326
101326
101326
101326
101326
101326
101326
101326
101326
101326
101327
101327
101327
101327
101327
101327
101327
101327
101326
101326
101326
101326
101326
101326
101326
101326
101326
101326
101326
101327
101327
101327
101327
101327
101327
101327
101327
101326
101326
101326
101326
101326
101326
101326
101326
101326
101326
101326
101327
101327
101327
101327
101327
101327
101327
101327
101326
101326
101326
101326
101326
101326
101326
101326
101326
101326
101326
101327
101327
101327
101327
101327
101327
101327
101326
101326
101326
101326
101326
101326
101326
101326
101326
101326
101326
101327
101327
101327
101327
101327
101327
101327
101326
101326
101326
101326
101326
101326
101326
101326
101326
101326
101326
101326
101326
101326
101326
101326
101326
101326
101326
101326
101326
101326
101326
101327
101327
101327
101327
101327
101327
101327
101326
101326
101326
101326
101326
101326
101326
101326
101326
101327
101327
101327
101327
101327
101327
101327
101326
101326
101326
101326
101326
101326
101326
101326
101327
101327
101327
101327
101327
101327
101327
101326
101326
101326
101326
101326
101326
101326
101327
101327
101327
101327
101327
101327
101327
101326
101326
101326
101326
101326
101326
101327
101327
101327
101327
101327
101327
101326
101326
101326
101326
101326
101326
101326
101327
101327
101327
101327
101327
101327
101326
101326
101326
101326
101326
101326
101327
101327
101327
101327
101327
101327
101326
101326
101326
101326
101326
101327
101327
101327
101327
101327
101327
101326
101326
101326
101326
101327
101327
101327
101327
101327
101326
101326
101326
101326
101327
101327
101327
101327
101327
101326
101326
101326
101327
101327
101327
101327
101327
101326
101326
101327
101327
101327
101327
101326
101326
101327
101326
101326
101326
101326
101326
101326
101326
101326
101326
101326
101326
101326
101327
101326
101326
101326
101326
101326
101326
101326
101326
101326
101326
101326
101326
101326
101327
101327
101327
101326
101326
101326
101326
101326
101326
101326
101326
101326
101326
101326
101326
101327
101327
101327
101327
101326
101326
101326
101326
101326
101326
101326
101326
101326
101326
101326
101326
101327
101327
101327
101327
101327
101327
101326
101326
101326
101326
101326
101326
101326
101326
101326
101326
101326
101327
101327
101327
101327
101327
101327
101327
101326
101326
101326
101326
101326
101326
101326
101326
101326
101326
101326
101327
101327
101327
101327
101327
101327
101327
101327
101326
101326
101326
101326
101326
101326
101326
101326
101326
101326
101326
101327
101327
101327
101327
101327
101327
101327
101327
101326
101326
101326
101326
101326
101326
101326
101326
101326
101326
101326
101327
101327
101327
101327
101327
101327
101327
101327
101326
101326
101326
101326
101326
101326
101326
101326
101326
101326
101326
101327
101327
101327
101327
101327
101327
101327
101327
101327
101326
101326
101326
101326
101326
101326
101326
101326
101326
101326
101327
101327
101327
101327
101327
101327
101327
101327
101327
101326
101326
101326
101326
101326
101326
101326
101326
101326
101326
101327
101327
101327
101327
101327
101327
101327
101327
101326
101326
101326
101326
101326
101326
101326
101326
101326
101326
101326
101327
101327
101327
101327
101327
101327
101327
101327
101326
101326
101326
101326
101326
101326
101326
101326
101326
101326
101326
101327
101327
101327
101327
101327
101327
101327
101326
101326
101326
101326
101326
101326
101326
101326
101326
101326
101326
101327
101327
101327
101327
101327
101327
101327
101326
101326
101326
101326
101326
101326
101326
101326
101326
101326
101327
101327
101327
101327
101327
101327
101327
101326
101326
101326
101326
101326
101326
101326
101326
101326
101326
101326
101326
101326
101326
101326
101326
101326
101326
101326
101326
101326
101327
101327
101327
101327
101327
101327
101327
101326
101326
101326
101326
101326
101326
101326
101326
101327
101327
101327
101327
101327
101327
101326
101326
101326
101326
101326
101326
101326
101326
101327
101327
101327
101327
101327
101327
101326
101326
101326
101326
101326
101326
101326
101327
101327
101327
101327
101327
101327
101326
101326
101326
101326
101326
101326
101327
101327
101327
101327
101327
101327
101326
101326
101326
101326
101326
101326
101327
101327
101327
101327
101327
101327
101326
101326
101326
101326
101326
101327
101327
101327
101327
101327
101327
101326
101326
101326
101326
101327
101327
101327
101327
101327
101326
101326
101326
101326
101327
101327
101327
101327
101327
101326
101326
101326
101327
101327
101327
101327
101326
101326
101326
101327
101327
101327
101327
101326
101326
101327
101327
101327
101327
101327
101327
101326
101326
101326
101326
101326
101326
101326
101326
101326
101326
101326
101326
101326
101327
101327
101327
101326
101326
101326
101326
101326
101326
101326
101326
101326
101326
101326
101326
101326
101327
101327
101327
101327
101326
101326
101326
101326
101326
101326
101326
101326
101326
101326
101326
101326
101327
101327
101327
101327
101327
101326
101326
101326
101326
101326
101326
101326
101326
101326
101326
101326
101326
101327
101327
101327
101327
101327
101327
101327
101326
101326
101326
101326
101326
101326
101326
101326
101326
101326
101326
101327
101327
101327
101327
101327
101327
101327
101327
101326
101326
101326
101326
101326
101326
101326
101326
101326
101326
101326
101327
101327
101327
101327
101327
101327
101327
101327
101326
101326
101326
101326
101326
101326
101326
101326
101326
101326
101326
101327
101327
101327
101327
101327
101327
101327
101327
101326
101326
101326
101326
101326
101326
101326
101326
101326
101326
101326
101327
101327
101327
101327
101327
101327
101327
101327
101327
101326
101326
101326
101326
101326
101326
101326
101326
101326
101326
101327
101327
101327
101327
101327
101327
101327
101327
101327
101326
101326
101326
101326
101326
101326
101326
101326
101326
101326
101327
101327
101327
101327
101327
101327
101327
101327
101326
101326
101326
101326
101326
101326
101326
101326
101326
101326
101326
101327
101327
101327
101327
101327
101327
101327
101327
101326
101326
101326
101326
101326
101326
101326
101326
101326
101326
101326
101327
101327
101327
101327
101327
101327
101327
101327
101326
101326
101326
101326
101326
101326
101326
101326
101326
101326
101327
101327
101327
101327
101327
101327
101327
101326
101326
101326
101326
101326
101326
101326
101326
101326
101326
101327
101327
101327
101327
101327
101327
101327
101326
101326
101326
101326
101326
101326
101326
101326
101326
101327
101327
101327
101327
101327
101327
101326
101326
101326
101326
101326
101326
101326
101326
101326
101326
101326
101326
101326
101326
101326
101326
101326
101326
101326
101326
101327
101327
101327
101327
101327
101327
101326
101326
101326
101326
101326
101326
101326
101326
101327
101327
101327
101327
101327
101327
101326
101326
101326
101326
101326
101326
101326
101327
101327
101327
101327
101327
101327
101326
101326
101326
101326
101326
101326
101327
101327
101327
101327
101327
101327
101326
101326
101326
101326
101326
101327
101327
101327
101327
101327
101327
101326
101326
101326
101326
101326
101327
101327
101327
101327
101327
101326
101326
101326
101326
101326
101327
101327
101327
101327
101327
101326
101326
101326
101326
101327
101327
101327
101327
101327
101326
101326
101326
101327
101327
101327
101327
101326
101326
101326
101327
101327
101327
101326
101326
101326
101327
101327
101327
101326
101326
101327
101327
101327
101327
101327
101327
101327
101326
101326
101326
101326
101326
101326
101326
101326
101326
101326
101326
101326
101326
101327
101327
101327
101327
101326
101326
101326
101326
101326
101326
101326
101326
101326
101326
101326
101326
101326
101327
101327
101327
101327
101327
101326
101326
101326
101326
101326
101326
101326
101326
101326
101326
101326
101326
101327
101327
101327
101327
101327
101327
101326
101326
101326
101326
101326
101326
101326
101326
101326
101326
101326
101326
101327
101327
101327
101327
101327
101327
101327
101327
101326
101326
101326
101326
101326
101326
101326
101326
101326
101326
101326
101327
101327
101327
101327
101327
101327
101327
101327
101326
101326
101326
101326
101326
101326
101326
101326
101326
101326
101326
101327
101327
101327
101327
101327
101327
101327
101327
101326
101326
101326
101326
101326
101326
101326
101326
101326
101326
101326
101327
101327
101327
101327
101327
101327
101327
101327
101326
101326
101326
101326
101326
101326
101326
101326
101326
101326
101326
101327
101327
101327
101327
101327
101327
101327
101327
101327
101326
101326
101326
101326
101326
101326
101326
101326
101326
101326
101327
101327
101327
101327
101327
101327
101327
101327
101326
101326
101326
101326
101326
101326
101326
101326
101326
101326
101326
101327
101327
101327
101327
101327
101327
101327
101327
101326
101326
101326
101326
101326
101326
101326
101326
101326
101326
101326
101327
101327
101327
101327
101327
101327
101327
101327
101326
101326
101326
101326
101326
101326
101326
101326
101326
101326
101327
101327
101327
101327
101327
101327
101327
101326
101326
101326
101326
101326
101326
101326
101326
101326
101326
101327
101327
101327
101327
101327
101327
101327
101326
101326
101326
101326
101326
101326
101326
101326
101326
101327
101327
101327
101327
101327
101327
101326
101326
101326
101326
101326
101326
101326
101326
101326
101327
101327
101327
101327
101327
101327
101326
101326
101326
101326
101326
101326
101326
101326
101326
101326
101326
101326
101326
101326
101326
101326
101326
101326
101327
101327
101327
101327
101327
101327
101326
101326
101326
101326
101326
101326
101326
101327
101327
101327
101327
101327
101327
101326
101326
101326
101326
101326
101326
101327
101327
101327
101327
101327
101327
101326
101326
101326
101326
101326
101327
101327
101327
101327
101327
101327
101326
101326
101326
101326
101327
101327
101327
101327
101327
101326
101326
101326
101326
101326
101327
101327
101327
101327
101327
101326
101326
101326
101326
101327
101327
101327
101327
101327
101326
101326
101326
101327
101327
101327
101327
101326
101326
101326
101327
101327
101327
101326
101326
101326
101327
101327
101327
101326
101326
101327
101327
101326
101326
101327
101327
101327
101327
101327
101327
101327
101326
101326
101326
101326
101326
101326
101326
101326
101326
101326
101326
101326
101326
101327
101327
101327
101327
101327
101326
101326
101326
101326
101326
101326
101326
101326
101326
101326
101326
101326
101326
101327
101327
101327
101327
101327
101327
101326
101326
101326
101326
101326
101326
101326
101326
101326
101326
101326
101326
101327
101327
101327
101327
101327
101327
101327
101326
101326
101326
101326
101326
101326
101326
101326
101326
101326
101326
101326
101327
101327
101327
101327
101327
101327
101327
101327
101326
101326
101326
101326
101326
101326
101326
101326
101326
101326
101326
101327
101327
101327
101327
101327
101327
101327
101327
101326
101326
101326
101326
101326
101326
101326
101326
101326
101326
101326
101327
101327
101327
101327
101327
101327
101327
101327
101326
101326
101326
101326
101326
101326
101326
101326
101326
101326
101326
101327
101327
101327
101327
101327
101327
101327
101327
101326
101326
101326
101326
101326
101326
101326
101326
101326
101326
101326
101327
101327
101327
101327
101327
101327
101327
101327
101326
101326
101326
101326
101326
101326
101326
101326
101326
101326
101326
101327
101327
101327
101327
101327
101327
101327
101327
101326
101326
101326
101326
101326
101326
101326
101326
101326
101326
101326
101327
101327
101327
101327
101327
101327
101327
101327
101326
101326
101326
101326
101326
101326
101326
101326
101326
101326
101327
101327
101327
101327
101327
101327
101327
101326
101326
101326
101326
101326
101326
101326
101326
101326
101326
101327
101327
101327
101327
101327
101327
101327
101326
101326
101326
101326
101326
101326
101326
101326
101326
101327
101327
101327
101327
101327
101327
101326
101326
101326
101326
101326
101326
101326
101326
101326
101327
101327
101327
101327
101327
101327
101326
101326
101326
101326
101326
101326
101326
101326
101327
101327
101327
101327
101327
101327
101326
101326
101326
101326
101326
101326
101326
101326
101326
101326
101326
101326
101326
101326
101326
101326
101327
101327
101327
101327
101327
101327
101326
101326
101326
101326
101326
101326
101327
101327
101327
101327
101327
101326
101326
101326
101326
101326
101326
101327
101327
101327
101327
101327
101327
101326
101326
101326
101326
101327
101327
101327
101327
101327
101326
101326
101326
101326
101327
101327
101327
101327
101327
101326
101326
101326
101326
101327
101327
101327
101327
101327
101326
101326
101326
101327
101327
101327
101327
101326
101326
101326
101327
101327
101327
101327
101326
101326
101327
101327
101327
101326
101326
101327
101327
101326
101326
101327
101327
101326
101327
101327
101327
101327
101327
101327
101327
101326
101326
101326
101326
101326
101326
101326
101326
101326
101326
101326
101326
101326
101327
101327
101327
101327
101327
101327
101326
101326
101326
101326
101326
101326
101326
101326
101326
101326
101326
101326
101326
101327
101327
101327
101327
101327
101327
101327
101326
101326
101326
101326
101326
101326
101326
101326
101326
101326
101326
101326
101327
101327
101327
101327
101327
101327
101327
101326
101326
101326
101326
101326
101326
101326
101326
101326
101326
101326
101326
101327
101327
101327
101327
101327
101327
101327
101327
101326
101326
101326
101326
101326
101326
101326
101326
101326
101326
101326
101327
101327
101327
101327
101327
101327
101327
101327
101326
101326
101326
101326
101326
101326
101326
101326
101326
101326
101326
101327
101327
101327
101327
101327
101327
101327
101327
101326
101326
101326
101326
101326
101326
101326
101326
101326
101326
101326
101327
101327
101327
101327
101327
101327
101327
101327
101326
101326
101326
101326
101326
101326
101326
101326
101326
101326
101326
101327
101327
101327
101327
101327
101327
101327
101327
101326
101326
101326
101326
101326
101326
101326
101326
101326
101326
101326
101327
101327
101327
101327
101327
101327
101327
101327
101326
101326
101326
101326
101326
101326
101326
101326
101326
101326
101327
101327
101327
101327
101327
101327
101327
101327
101326
101326
101326
101326
101326
101326
101326
101326
101326
101327
101327
101327
101327
101327
101327
101327
101326
101326
101326
101326
101326
101326
101326
101326
101326
101327
101327
101327
101327
101327
101327
101327
101326
101326
101326
101326
101326
101326
101326
101326
101327
101327
101327
101327
101327
101327
101326
101326
101326
101326
101326
101326
101326
101326
101327
101327
101327
101327
101327
101327
101326
101326
101326
101326
101326
101326
101326
101327
101327
101327
101327
101327
101326
101326
101326
101326
101326
101326
101326
101326
101326
101326
101326
101326
101326
101326
101326
101327
101327
101327
101327
101327
101326
101326
101326
101326
101326
101326
101327
101327
101327
101327
101327
101326
101326
101326
101326
101326
101327
101327
101327
101327
101327
101326
101326
101326
101326
101327
101327
101327
101327
101327
101326
101326
101326
101327
101327
101327
101327
101327
101326
101326
101326
101327
101327
101327
101327
101326
101326
101326
101327
101327
101327
101327
101326
101326
101327
101327
101327
101326
101326
101327
101327
101326
101326
101327
101327
101326
101327
101327
101327
101327
101327
101327
101327
101327
101327
101326
101326
101326
101326
101326
101326
101326
101326
101326
101326
101326
101326
101326
101327
101327
101327
101327
101327
101327
101326
101326
101326
101326
101326
101326
101326
101326
101326
101326
101326
101326
101326
101327
101327
101327
101327
101327
101327
101327
101326
101326
101326
101326
101326
101326
101326
101326
101326
101326
101326
101326
101327
101327
101327
101327
101327
101327
101327
101326
101326
101326
101326
101326
101326
101326
101326
101326
101326
101326
101326
101327
101327
101327
101327
101327
101327
101327
101327
101326
101326
101326
101326
101326
101326
101326
101326
101326
101326
101326
101327
101327
101327
101327
101327
101327
101327
101327
101326
101326
101326
101326
101326
101326
101326
101326
101326
101326
101326
101327
101327
101327
101327
101327
101327
101327
101327
101326
101326
101326
101326
101326
101326
101326
101326
101326
101326
101326
101327
101327
101327
101327
101327
101327
101327
101327
101326
101326
101326
101326
101326
101326
101326
101326
101326
101326
101326
101327
101327
101327
101327
101327
101327
101327
101327
101326
101326
101326
101326
101326
101326
101326
101326
101326
101326
101327
101327
101327
101327
101327
101327
101327
101327
101326
101326
101326
101326
101326
101326
101326
101326
101326
101327
101327
101327
101327
101327
101327
101327
101326
101326
101326
101326
101326
101326
101326
101326
101326
101327
101327
101327
101327
101327
101327
101327
101326
101326
101326
101326
101326
101326
101326
101326
101327
101327
101327
101327
101327
101327
101326
101326
101326
101326
101326
101326
101326
101326
101327
101327
101327
101327
101327
101327
101326
101326
101326
101326
101326
101326
101326
101327
101327
101327
101327
101327
101326
101326
101326
101326
101326
101326
101326
101327
101327
101327
101327
101327
101326
101326
101326
101326
101326
101326
101326
101326
101326
101326
101326
101326
101326
101326
101327
101327
101327
101327
101327
101326
101326
101326
101326
101326
101327
101327
101327
101327
101327
101326
101326
101326
101326
101327
101327
101327
101327
101327
101326
101326
101326
101327
101327
101327
101327
101327
101326
101326
101326
101327
101327
101327
101327
101326
101326
101326
101327
101327
101327
101327
101326
101326
101327
101327
101327
101326
101326
101327
101327
101327
101326
101327
101327
101326
101327
101327
101327
101327
101327
101327
101327
101327
101327
101326
101326
101326
101326
101326
101326
101326
101326
101326
101326
101326
101326
101326
101327
101327
101327
101327
101327
101327
101326
101326
101326
101326
101326
101326
101326
101326
101326
101326
101326
101326
101326
101327
101327
101327
101327
101327
101327
101327
101326
101326
101326
101326
101326
101326
101326
101326
101326
101326
101326
101326
101327
101327
101327
101327
101327
101327
101327
101326
101326
101326
101326
101326
101326
101326
101326
101326
101326
101326
101326
101327
101327
101327
101327
101327
101327
101327
101326
101326
101326
101326
101326
101326
101326
101326
101326
101326
101326
101326
101327
101327
101327
101327
101327
101327
101327
101327
101326
101326
101326
101326
101326
101326
101326
101326
101326
101326
101326
101327
101327
101327
101327
101327
101327
101327
101327
101326
101326
101326
101326
101326
101326
101326
101326
101326
101326
101326
101327
101327
101327
101327
101327
101327
101327
101327
101326
101326
101326
101326
101326
101326
101326
101326
101326
101326
101326
101327
101327
101327
101327
101327
101327
101327
101327
101326
101326
101326
101326
101326
101326
101326
101326
101326
101327
101327
101327
101327
101327
101327
101327
101326
101326
101326
101326
101326
101326
101326
101326
101326
101327
101327
101327
101327
101327
101327
101327
101326
101326
101326
101326
101326
101326
101326
101326
101327
101327
101327
101327
101327
101327
101326
101326
101326
101326
101326
101326
101326
101326
101327
101327
101327
101327
101327
101327
101326
101326
101326
101326
101326
101326
101326
101327
101327
101327
101327
101327
101326
101326
101326
101326
101326
101326
101326
101327
101327
101327
101327
101327
101326
101326
101326
101326
101326
101326
101327
101327
101327
101327
101327
101326
101326
101326
101326
101326
101326
101326
101326
101326
101326
101326
101326
101327
101327
101327
101327
101326
101326
101326
101326
101326
101327
101327
101327
101327
101327
101326
101326
101326
101327
101327
101327
101327
101327
101326
101326
101326
101327
101327
101327
101327
101327
101326
101326
101327
101327
101327
101327
101326
101326
101327
101327
101327
101327
101326
101327
101327
101327
101326
101327
101327
101327
101327
101327
101327
101327
101327
101327
101327
101327
101327
101326
101326
101326
101326
101326
101326
101326
101326
101326
101326
101326
101326
101326
101327
101327
101327
101327
101327
101327
101326
101326
101326
101326
101326
101326
101326
101326
101326
101326
101326
101326
101326
101327
101327
101327
101327
101327
101327
101327
101326
101326
101326
101326
101326
101326
101326
101326
101326
101326
101326
101326
101327
101327
101327
101327
101327
101327
101327
101326
101326
101326
101326
101326
101326
101326
101326
101326
101326
101326
101326
101327
101327
101327
101327
101327
101327
101327
101327
101326
101326
101326
101326
101326
101326
101326
101326
101326
101326
101326
101327
101327
101327
101327
101327
101327
101327
101327
101326
101326
101326
101326
101326
101326
101326
101326
101326
101326
101326
101327
101327
101327
101327
101327
101327
101327
101327
101326
101326
101326
101326
101326
101326
101326
101326
101326
101326
101326
101327
101327
101327
101327
101327
101327
101327
101327
101326
101326
101326
101326
101326
101326
101326
101326
101326
101326
101327
101327
101327
101327
101327
101327
101327
101327
101326
101326
101326
101326
101326
101326
101326
101326
101327
101327
101327
101327
101327
101327
101327
101326
101326
101326
101326
101326
101326
101326
101326
101327
101327
101327
101327
101327
101327
101327
101326
101326
101326
101326
101326
101326
101326
101327
101327
101327
101327
101327
101327
101326
101326
101326
101326
101326
101326
101326
101327
101327
101327
101327
101327
101326
101326
101326
101326
101326
101326
101326
101327
101327
101327
101327
101327
101326
101326
101326
101326
101326
101326
101327
101327
101327
101327
101326
101326
101326
101326
101326
101326
101327
101327
101327
101327
101326
101326
101326
101326
101326
101326
101326
101326
101326
101326
101326
101327
101327
101327
101327
101326
101326
101326
101326
101327
101327
101327
101327
101326
101326
101326
101326
101327
101327
101327
101327
101327
101326
101326
101327
101327
101327
101327
101326
101326
101327
101327
101327
101327
101326
101327
101327
101327
101327
101327
101327
101327
101327
101327
101327
101327
101327
101327
101327
101327
101327
101326
101326
101326
101326
101326
101326
101326
101326
101326
101326
101326
101326
101326
101327
101327
101327
101327
101327
101327
101326
101326
101326
101326
101326
101326
101326
101326
101326
101326
101326
101326
101326
101327
101327
101327
101327
101327
101327
101327
101326
101326
101326
101326
101326
101326
101326
101326
101326
101326
101326
101326
101327
101327
101327
101327
101327
101327
101327
101326
101326
101326
101326
101326
101326
101326
101326
101326
101326
101326
101326
101327
101327
101327
101327
101327
101327
101327
101327
101326
101326
101326
101326
101326
101326
101326
101326
101326
101326
101326
101327
101327
101327
101327
101327
101327
101327
101327
101327
101326
101326
101326
101326
101326
101326
101326
101326
101326
101326
101327
101327
101327
101327
101327
101327
101327
101327
101326
101326
101326
101326
101326
101326
101326
101326
101326
101326
101327
101327
101327
101327
101327
101327
101327
101327
101326
101326
101326
101326
101326
101326
101326
101326
101326
101327
101327
101327
101327
101327
101327
101327
101326
101326
101326
101326
101326
101326
101326
101326
101327
101327
101327
101327
101327
101327
101327
101326
101326
101326
101326
101326
101326
101326
101327
101327
101327
101327
101327
101327
101326
101326
101326
101326
101326
101326
101326
101327
101327
101327
101327
101327
101327
101326
101326
101326
101326
101326
101326
101327
101327
101327
101327
101327
101326
101326
101326
101326
101326
101326
101327
101327
101327
101327
101327
101326
101326
101326
101326
101326
101327
101327
101327
101327
101326
101326
101326
101326
101326
101327
101327
101327
101327
101326
101326
101326
101326
101326
101326
101326
101326
101326
101327
101327
101327
101327
101326
101326
101326
101326
101327
101327
101327
101327
101326
101326
101326
101327
101327
101327
101327
101327
101326
101327
101327
101327
101327
101327
101327
101327
101327
101327
101327
101327
101327
101327
101327
101327
101327
101327
101327
101327
101327
101327
101326
101326
101326
101326
101326
101326
101326
101326
101326
101326
101326
101326
101326
101327
101327
101327
101327
101327
101327
101326
101326
101326
101326
101326
101326
101326
101326
101326
101326
101326
101326
101326
101327
101327
101327
101327
101327
101327
101327
101326
101326
101326
101326
101326
101326
101326
101326
101326
101326
101326
101326
101327
101327
101327
101327
101327
101327
101327
101326
101326
101326
101326
101326
101326
101326
101326
101326
101326
101326
101326
101327
101327
101327
101327
101327
101327
101327
101327
101326
101326
101326
101326
101326
101326
101326
101326
101326
101326
101326
101327
101327
101327
101327
101327
101327
101327
101327
101327
101326
101326
101326
101326
101326
101326
101326
101326
101326
101327
101327
101327
101327
101327
101327
101327
101327
101326
101326
101326
101326
101326
101326
101326
101326
101326
101327
101327
101327
101327
101327
101327
101327
101327
101326
101326
101326
101326
101326
101326
101326
101326
101327
101327
101327
101327
101327
101327
101327
101326
101326
101326
101326
101326
101326
101326
101327
101327
101327
101327
101327
101327
101327
101326
101326
101326
101326
101326
101326
101327
101327
101327
101327
101327
101327
101326
101326
101326
101326
101326
101326
101327
101327
101327
101327
101327
101326
101326
101326
101326
101326
101326
101327
101327
101327
101327
101327
101326
101326
101326
101326
101326
101327
101327
101327
101327
101326
101326
101326
101326
101326
101327
101327
101327
101327
101326
101326
101326
101326
101327
101327
101327
101326
101326
101326
101326
101326
101326
101326
101326
101326
101327
101327
101327
101326
101326
101326
101326
101327
101327
101327
101327
101326
101326
101327
101327
101327
101327
101327
101327
101327
101327
101327
101327
101327
101327
101327
101327
101327
101327
101327
101327
101327
101327
101327
101327
101326
101326
101326
101326
101326
101326
101326
101326
101326
101326
101326
101326
101327
101327
101327
101327
101327
101327
101326
101326
101326
101326
101326
101326
101326
101326
101326
101326
101326
101326
101326
101327
101327
101327
101327
101327
101327
101327
101326
101326
101326
101326
101326
101326
101326
101326
101326
101326
101326
101326
101327
101327
101327
101327
101327
101327
101327
101326
101326
101326
101326
101326
101326
101326
101326
101326
101326
101326
101326
101327
101327
101327
101327
101327
101327
101327
101327
101327
101326
101326
101326
101326
101326
101326
101326
101326
101326
101327
101327
101327
101327
101327
101327
101327
101327
101326
101326
101326
101326
101326
101326
101326
101326
101326
101327
101327
101327
101327
101327
101327
101327
101327
101326
101326
101326
101326
101326
101326
101326
101326
101327
101327
101327
101327
101327
101327
101327
101326
101326
101326
101326
101326
101326
101326
101326
101327
101327
101327
101327
101327
101327
101327
101326
101326
101326
101326
101326
101326
101327
101327
101327
101327
101327
101327
101326
101326
101326
101326
101326
101326
101327
101327
101327
101327
101327
101327
101326
101326
101326
101326
101326
101327
101327
101327
101327
101327
101326
101326
101326
101326
101326
101327
101327
101327
101327
101326
101326
101326
101326
101326
101327
101327
101327
101327
101326
101326
101326
101326
101327
101327
101327
101326
101326
101326
101326
101326
101327
101327
101327
101326
101326
101326
101326
101326
101326
101326
101327
101327
101327
101326
101326
101326
101327
101327
101327
101327
101327
101327
101327
101327
101327
101327
101327
101327
101327
101327
101327
101327
101327
101327
101327
101327
101327
101327
101326
101326
101326
101326
101326
101326
101326
101326
101326
101326
101326
101326
101327
101327
101327
101327
101327
101327
101326
101326
101326
101326
101326
101326
101326
101326
101326
101326
101326
101326
101326
101327
101327
101327
101327
101327
101327
101327
101326
101326
101326
101326
101326
101326
101326
101326
101326
101326
101326
101326
101327
101327
101327
101327
101327
101327
101327
101326
101326
101326
101326
101326
101326
101326
101326
101326
101326
101326
101327
101327
101327
101327
101327
101327
101327
101327
101327
101326
101326
101326
101326
101326
101326
101326
101326
101327
101327
101327
101327
101327
101327
101327
101327
101326
101326
101326
101326
101326
101326
101326
101326
101327
101327
101327
101327
101327
101327
101327
101326
101326
101326
101326
101326
101326
101326
101326
101327
101327
101327
101327
101327
101327
101327
101326
101326
101326
101326
101326
101326
101326
101327
101327
101327
101327
101327
101327
101327
101326
101326
101326
101326
101326
101327
101327
101327
101327
101327
101327
101326
101326
101326
101326
101326
101327
101327
101327
101327
101327
101326
101326
101326
101326
101326
101327
101327
101327
101327
101327
101326
101326
101326
101326
101327
101327
101327
101327
101326
101326
101326
101326
101327
101327
101327
101326
101326
101326
101326
101326
101327
101327
101327
101326
101326
101326
101326
101327
101327
101327
101326
101326
101326
101326
101326
101327
101327
101327
101326
101326
101327
101327
101327
101327
101327
101327
101327
101327
101327
101327
101327
101327
101327
101327
101327
101327
101327
101326
101326
101326
101326
101326
101326
101326
101326
101326
101326
101326
101326
101327
101327
101327
101327
101327
101327
101326
101326
101326
101326
101326
101326
101326
101326
101326
101326
101326
101326
101326
101327
101327
101327
101327
101327
101327
101327
101326
101326
101326
101326
101326
101326
101326
101326
101326
101326
101326
101327
101327
101327
101327
101327
101327
101327
101327
101326
101326
101326
101326
101326
101326
101326
101326
101326
101327
101327
101327
101327
101327
101327
101327
101327
101327
101326
101326
101326
101326
101326
101326
101326
101327
101327
101327
101327
101327
101327
101327
101327
101326
101326
101326
101326
101326
101326
101326
101327
101327
101327
101327
101327
101327
101327
101326
101326
101326
101326
101326
101326
101326
101327
101327
101327
101327
101327
101327
101327
101326
101326
101326
101326
101326
101326
101327
101327
101327
101327
101327
101327
101326
101326
101326
101326
101326
101327
101327
101327
101327
101327
101327
101326
101326
101326
101326
101327
101327
101327
101327
101327
101326
101326
101326
101326
101327
101327
101327
101327
101326
101326
101326
101326
101327
101327
101327
101326
101326
101326
101326
101326
101327
101327
101327
101326
101326
101326
101326
101327
101327
101326
101326
101326
101326
101327
101327
101326
101326
101326
101326
101327
101327
101326
101326
101327
101327
101327
101327
101327
101327
101327
101327
101327
101327
101327
101327
101327
101326
101326
101326
101326
101326
101326
101326
101326
101326
101326
101326
101326
101327
101327
101327
101327
101327
101327
101326
101326
101326
101326
101326
101326
101326
101326
101326
101326
101326
101326
101327
101327
101327
101327
101327
101327
101327
101326
101326
101326
101326
101326
101326
101326
101326
101326
101326
101327
101327
101327
101327
101327
101327
101327
101327
101326
101326
101326
101326
101326
101326
101326
101326
101327
101327
101327
101327
101327
101327
101327
101327
101326
101326
101326
101326
101326
101326
101326
101327
101327
101327
101327
101327
101327
101327
101326
101326
101326
101326
101326
101326
101326
101327
101327
101327
101327
101327
101327
101327
101326
101326
101326
101326
101326
101326
101327
101327
101327
101327
101327
101327
101326
101326
101326
101326
101326
101326
101327
101327
101327
101327
101327
101327
101326
101326
101326
101326
101327
101327
101327
101327
101327
101327
101326
101326
101326
101327
101327
101327
101327
101327
101326
101326
101326
101327
101327
101327
101327
101326
101326
101326
101326
101327
101327
101327
101326
101326
101326
101326
101327
101327
101326
101326
101326
101326
101327
101327
101326
101326
101326
101327
101327
101326
101326
101327
101327
101326
101327
101327
101327
101327
101327
101327
101327
101327
101327
101327
101326
101326
101326
101326
101326
101326
101326
101326
101326
101326
101326
101327
101327
101327
101327
101327
101327
101326
101326
101326
101326
101326
101326
101326
101326
101326
101326
101326
101327
101327
101327
101327
101327
101327
101327
101326
101326
101326
101326
101326
101326
101326
101326
101326
101327
101327
101327
101327
101327
101327
101327
101327
101326
101326
101326
101326
101326
101326
101326
101327
101327
101327
101327
101327
101327
101327
101327
101326
101326
101326
101326
101326
101326
101327
101327
101327
101327
101327
101327
101327
101326
101326
101326
101326
101326
101326
101327
101327
101327
101327
101327
101327
101326
101326
101326
101326
101326
101326
101327
101327
101327
101327
101327
101327
101326
101326
101326
101326
101326
101327
101327
101327
101327
101327
101327
101326
101326
101326
101327
101327
101327
101327
101327
101327
101326
101326
101327
101327
101327
101327
101326
101326
101326
101326
101327
101327
101327
101326
101326
101326
101326
101327
101327
101327
101326
101326
101326
101327
101327
101326
101326
101326
101327
101327
101326
101326
101327
101326
101326
101327
101327
101327
101327
101327
101327
101327
101327
101327
101327
101326
101326
101326
101326
101326
101326
101326
101326
101326
101326
101327
101327
101327
101327
101327
101327
101326
101326
101326
101326
101326
101326
101326
101326
101326
101326
101327
101327
101327
101327
101327
101327
101327
101326
101326
101326
101326
101326
101326
101326
101326
101327
101327
101327
101327
101327
101327
101327
101327
101326
101326
101326
101326
101326
101326
101327
101327
101327
101327
101327
101327
101327
101327
101326
101326
101326
101326
101326
101327
101327
101327
101327
101327
101327
101327
101326
101326
101326
101326
101326
101327
101327
101327
101327
101327
101327
101326
101326
101326
101326
101326
101327
101327
101327
101327
101327
101327
101326
101326
101326
101326
101327
101327
101327
101327
101327
101327
101326
101326
101327
101327
101327
101327
101327
101327
101326
101326
101327
101327
101327
101327
101326
101326
101326
101327
101327
101327
101326
101326
101326
101327
101327
101326
101326
101326
101327
101327
101326
101326
101327
101326
101326
101327
101327
101327
101327
101327
101327
101327
101327
101327
101327
101326
101326
101326
101326
101326
101326
101326
101326
101326
101327
101327
101327
101327
101327
101327
101326
101326
101326
101326
101326
101326
101326
101326
101326
101327
101327
101327
101327
101327
101327
101327
101327
101326
101326
101326
101326
101326
101326
101327
101327
101327
101327
101327
101327
101327
101327
101326
101326
101326
101326
101326
101327
101327
101327
101327
101327
101327
101327
101326
101326
101326
101326
101326
101327
101327
101327
101327
101327
101327
101326
101326
101326
101326
101326
101327
101327
101327
101327
101327
101326
101326
101326
101326
101326
101327
101327
101327
101327
101327
101326
101326
101326
101326
101327
101327
101327
101327
101327
101326
101326
101326
101327
101327
101327
101327
101327
101327
101326
101327
101327
101327
101326
101326
101327
101327
101327
101327
101326
101326
101327
101327
101326
101326
101327
101326
101326
101327
101326
101327
101327
101327
101327
101327
101327
101327
101327
101326
101326
101326
101326
101326
101326
101326
101326
101327
101327
101327
101327
101327
101327
101327
101326
101326
101326
101326
101326
101326
101326
101327
101327
101327
101327
101327
101327
101327
101327
101326
101326
101326
101326
101326
101327
101327
101327
101327
101327
101327
101327
101326
101326
101326
101326
101326
101327
101327
101327
101327
101327
101327
101326
101326
101326
101326
101326
101327
101327
101327
101327
101327
101327
101326
101326
101326
101326
101327
101327
101327
101327
101327
101326
101326
101326
101326
101327
101327
101327
101327
101327
101326
101326
101326
101327
101327
101327
101327
101327
101326
101326
101327
101327
101327
101327
101327
101327
101327
101327
101327
101326
101327
101327
101327
101326
101326
101327
101326
101326
101327
101326
101327
101327
101327
101327
101327
101327
101327
101327
101326
101326
101326
101326
101326
101326
101326
101327
101327
101327
101327
101327
101327
101327
101326
101326
101326
101326
101326
101326
101327
101327
101327
101327
101327
101327
101327
101326
101326
101326
101326
101326
101327
101327
101327
101327
101327
101327
101327
101326
101326
101326
101326
101327
101327
101327
101327
101327
101327
101326
101326
101326
101326
101327
101327
101327
101327
101327
101326
101326
101326
101326
101327
101327
101327
101327
101327
101326
101326
101326
101327
101327
101327
101327
101327
101326
101326
101327
101327
101327
101327
101327
101327
101327
101327
101327
101327
101327
101327
101327
101327
101327
101327
101327
101326
101327
101327
101327
101327
101327
101327
101327
101327
101327
101327
101327
101326
101326
101326
101326
101326
101327
101327
101327
101327
101327
101327
101327
101326
101326
101326
101326
101326
101327
101327
101327
101327
101327
101327
101327
101326
101326
101326
101326
101327
101327
101327
101327
101327
101327
101326
101326
101326
101326
101327
101327
101327
101327
101327
101326
101326
101326
101326
101327
101327
101327
101327
101327
101326
101326
101326
101327
101327
101327
101327
101326
101326
101326
101327
101327
101327
101327
101326
101326
101327
101327
101327
101327
101327
101327
101327
101327
101327
101327
101327
101327
101327
101327
101327
101327
101327
101327
101327
101327
101327
101327
101326
101326
101326
101326
101326
101327
101327
101327
101327
101327
101327
101327
101326
101326
101326
101326
101327
101327
101327
101327
101327
101327
101326
101326
101326
101326
101327
101327
101327
101327
101327
101326
101326
101326
101326
101327
101327
101327
101327
101327
101326
101326
101326
101327
101327
101327
101327
101326
101326
101326
101327
101327
101327
101327
101326
101326
101327
101327
101327
101327
101326
101327
101327
101327
101327
101327
101327
101327
101327
101327
101327
101327
101327
101327
101327
101327
101327
101327
101326
101326
101326
101326
101327
101327
101327
101327
101327
101327
101326
101326
101326
101326
101327
101327
101327
101327
101327
101327
101326
101326
101326
101327
101327
101327
101327
101327
101326
101326
101326
101327
101327
101327
101327
101326
101326
101326
101327
101327
101327
101327
101326
101326
101327
101327
101327
101327
101326
101327
101327
101327
101327
101327
101327
101327
101327
101327
101327
101327
101327
101327
101327
101327
101327
101327
101326
101326
101326
101327
101327
101327
101327
101327
101327
101326
101326
101326
101327
101327
101327
101327
101327
101326
101326
101326
101327
101327
101327
101327
101326
101326
101326
101327
101327
101327
101327
101326
101326
101327
101327
101327
101327
101326
101327
101327
101327
101327
101327
101327
101327
101327
101327
101327
101327
101327
101327
101327
101327
101327
101326
101326
101327
101327
101327
101327
101327
101327
101326
101326
101326
101327
101327
101327
101327
101326
101326
101326
101327
101327
101327
101326
101326
101326
101327
101327
101327
101326
101326
101327
101327
101327
101326
101327
101327
101327
101327
101327
101327
101327
101327
101327
101327
101327
101327
101326
101327
101327
101327
101327
101327
101327
101326
101326
101327
101327
101327
101327
101326
101326
101327
101327
101327
101326
101326
101327
101327
101327
101326
101327
101327
101327
101327
101327
101327
101327
101327
101327
101327
101327
101326
101327
101327
101327
101327
101327
101326
101326
101327
101327
101327
101326
101326
101327
101327
101326
101326
101327
101327
101327
101327
101327
101327
101327
101327
101327
101327
101327
101327
101327
101327
101327
101326
101326
101327
101327
101326
101326
101327
101327
101326
101327
101327
101327
101327
101327
101327
101327
101327
101327
101327
101327
101327
101327
101327
101327
101327
101327
101327
101327
101327
101327
101327
101327
101327
101327
101327
101327
101327
101327
101327
101327
101327
101327
101327
101327
101327
101327
101327
)
;

boundaryField
{
    innerInlet
    {
        type            prghTotalHydrostaticPressure;
        value           nonuniform List<scalar> 0();
    }
    atmosphere_outlet
    {
        type            prghTotalHydrostaticPressure;
        value           nonuniform List<scalar> 0();
    }
    walls
    {
        type            fixedFluxPressure;
        gradient        nonuniform List<scalar> 
2334
(
19.183
19.1369
19.184
19.1529
22.4166
18.3296
18.4716
16.8265
22.4331
18.3181
22.45
18.3054
25.1806
18.8509
19.1802
27.6032
25.2044
25.2297
18.8367
19.038
18.8207
19.182
19.2077
19.2413
33.5594
30.5016
33.5961
33.6391
23.395
28.6155
23.3483
39.719
18.9334
18.9069
19.1699
18.9735
18.9448
18.9225
18.9824
39.7342
32.1354
38.0958
38.1173
23.4359
24.9094
24.9127
23.2945
24.8988
24.8795
19.1254
19.0627
18.9261
19.0264
19.136
19.0736
18.9432
19.0411
50.8253
50.8155
26.3607
28.5143
26.3347
28.8689
26.4051
28.7332
26.386
19.0999
19.166
19.1681
19.1038
19.108
34.5869
32.3951
32.2613
34.6422
34.6973
27.5406
18.5382
27.5691
18.5082
16.8872
19.0599
16.8598
19.0499
19.1524
19.1775
19.1791
19.2124
44.5919
42.9074
39.5089
41.2197
44.6213
44.6351
42.9416
42.96
39.5523
41.258
39.5836
41.2816
30.4321
37.7443
35.8419
30.4616
37.7921
35.8892
37.8301
35.9347
46.2794
46.3045
46.3149
18.2415
19.1928
18.2051
18.2734
19.2254
19.2437
19.2035
18.1632
19.1754
18.9106
18.9004
19.0277
18.9232
18.9549
18.9353
18.9155
18.9404
18.9304
19.0356
18.9893
19.0431
41.3279
44.5134
42.9247
41.3392
39.7472
41.3466
44.5076
44.5137
42.9297
42.93
36.421
36.4542
38.1348
36.4816
19.111
19.0916
18.9545
18.9892
19.1533
19.1207
19.1337
19.1001
19.0864
19.1126
18.9614
18.9699
18.9893
19.0048
19.0567
19.0236
46.0942
47.6664
49.2398
46.0795
46.0901
47.6589
47.6489
49.2324
50.8039
49.2228
19.2287
19.1468
19.1791
19.1701
19.2059
27.6947
18.3825
18.431
16.7894
22.4871
18.2776
22.469
18.2925
27.7508
44.9944
28.5367
28.9663
46.6485
46.1584
46.3854
46.4508
49.9248
50.612
44.3403
48.4448
49.0817
44.0296
42.6985
38.1448
42.5642
37.7646
31.6241
36.6658
36.1852
34.9488
27.952
33.7482
35.7188
21.5862
32.8934
20.4999
48.5854
51.4032
47.825
51.0593
18.3328
19.1331
19.4442
19.2693
19.1387
19.4783
37.1282
28.1946
100.927
51.3284
44.6901
97.5057
49.7498
82.0502
42.8564
36.1588
57.8656
37.4793
19.3722
19.4454
19.3477
18.7481
19.0509
19.3617
19.2199
46.1448
46.1544
35.6721
81.3688
19.2491
18.6706
19.1262
46.9686
49.5574
45.5001
45.0278
39.6241
38.8819
41.0986
43.5047
32.6862
33.3127
35.239
37.3412
33.1601
34.0128
21.9967
27.1294
21.3687
24.9464
19.2003
24.6418
47.8447
50.0673
49.3854
18.2765
16.6487
22.5065
18.2616
22.5224
18.243
18.2284
16.605
22.561
18.2259
22.5427
18.23
19.4519
18.2571
16.6311
22.7183
18.4629
22.6618
18.3578
18.1981
16.5774
22.5858
18.2431
22.6142
18.2843
38.4809
45.6026
46.2974
44.742
44.1043
41.5426
43.1618
18.6544
16.9929
22.7952
18.6109
22.8429
18.7468
18.816
17.1401
23.1548
18.7906
22.9335
18.8272
27.8807
27.1592
27.6269
32.0506
30.6524
28.268
26.802
24.354
25.7024
25.8363
25.9342
26.3981
26.812
29.9228
27.3905
24.7548
28.149
26.8788
17.7179
18.1726
18.0615
37.82
33.3249
35.8506
39.4753
39.849
38.0243
19.7402
24.8383
18.5907
18.6261
18.3751
18.2399
21.6513
19.7208
25.2668
25.1164
22.4353
23.7125
19.3155
17.5943
23.2306
18.7131
21.8826
18.9122
25.2896
27.6461
25.2589
33.7488
30.6315
30.5577
33.6896
18.786
19.0091
19.0244
18.8041
19.1705
19.2821
19.1774
19.2667
25.3238
27.8099
25.3567
25.5587
28.229
25.5045
45.4742
43.3324
43.8441
25.6418
28.7492
25.725
29.5476
26.4811
27.3037
47.0923
48.2902
48.6954
28.9635
25.5201
24.24
48.04
46.2492
47.9027
52.1341
50.621
45.9538
44.4791
47.5317
49.1057
42.9151
41.0453
39.3968
38.182
34.7278
36.6542
34.2354
29.3022
33.138
35.2219
31.0428
29.0065
31.6921
34.3165
34.2718
33.8189
30.7303
30.8502
33.8983
27.8701
25.4056
25.3865
18.7297
18.9664
18.7369
18.7686
18.9943
18.9788
18.7509
19.1392
19.2898
19.291
19.1616
19.2901
19.149
19.2915
18.9241
19.0486
18.8316
28.1098
25.4302
25.4593
18.9948
18.738
18.769
19.2012
19.3907
19.3442
19.1585
19.2951
19.3109
32.0462
34.3542
34.3858
43.0703
44.6011
42.9564
33.8935
31.7113
34.1514
19.0627
19.3712
19.1958
29.1018
26.4407
26.0132
19.4387
19.236
19.2618
52.8854
53.5454
46.4506
46.0354
48.1305
51.8548
41.0133
43.6117
36.7055
38.5328
39.2272
37.1927
19.4618
19.4669
19.5223
19.5052
19.4819
19.5405
29.5071
26.5114
25.7856
24.8457
19.2715
20.3397
19.1407
19.1595
19.0162
18.8476
18.9385
19.0306
18.9387
19.1499
19.1
19.2431
19.3631
19.2334
34.4357
38.7567
18.6106
18.8482
18.7844
31.5278
34.1528
34.216
31.0003
34.0782
33.9876
32.1884
34.4476
34.4156
41.4054
39.6594
41.3131
36.1266
37.9719
36.2028
32.1185
34.453
34.3914
104.167
60.4376
58.4654
50.8503
46.1896
42.7057
45.3538
58.2581
53.7069
50.3237
53.1768
49.0193
46.4735
42.8373
48.7596
51.4926
47.4668
43.9451
44.8095
41.2996
37.3395
42.2889
39.8584
36.6283
20.0074
40.4144
28.5129
35.7632
38.294
34.9756
26.103
31.0473
22.9176
29.4149
30.1156
30.8166
22.6268
22.8641
30.3232
45.7275
44.7987
50.7801
39.5745
30.9385
22.4885
21.9906
31.1859
34.7298
30.24
36.7804
28.6422
57.4045
46.5116
51.5704
52.4436
44.0025
32.0034
37.7523
38.589
21.7599
30.4901
31.2305
25.2071
16.3543
35.9722
20.6722
37.2708
37.3246
20.4503
19.1333
35.7141
30.9986
15.8758
19.5747
35.3176
32.9265
29.7093
55.7521
52.1399
56.5643
50.5755
54.869
51.053
44.3764
48.1469
44.8073
45.9213
49.8213
49.4911
43.2378
39.7673
43.158
38.2123
41.4999
38.4545
31.155
36.6948
31.7532
25.0696
33.2177
37.0291
36.8303
19.0141
19.091
19.0225
19.0272
19.1407
19.0241
19.1151
19.0299
18.9958
19.0333
33.2366
46.34
27.8521
46.3713
36.8971
32.9285
19.0325
19.0884
19.248
19.1257
19.0291
19.0202
48.1112
38.2999
51.0928
49.4779
44.3261
97.0815
37.0467
34.3344
88.6331
37.062
42.4729
35.5565
57.1833
19.0252
18.7465
18.9835
18.848
19.2286
19.0412
18.9704
24.2363
18.7155
19.9665
19.0209
31.379
32.9668
39.6452
44.4449
44.317
41.3125
33.0093
38.0767
38.1457
22.9673
24.6791
24.6984
23.0292
24.7322
22.7302
24.655
24.675
22.8051
24.6777
24.6814
45.9985
51.0941
50.5519
45.5575
44.2921
39.1713
39.1305
43.9225
32.1327
37.4444
32.852
37.5646
46.5561
33.3996
33.4174
46.3132
38.1267
90.7176
39.142
39.2703
91.5833
47.4258
42.5388
44.2648
49.1074
47.6215
45.9533
19.1051
19.302
18.6433
19.0052
18.7825
18.6891
18.9792
19.0057
22.3417
24.6165
24.6105
22.1547
24.702
24.6013
34.3658
31.812
30.7605
35.2071
32.0678
30.4262
30.0812
26.4659
27.103
27.208
26.7517
26.8585
55.7476
54.1347
52.511
54.0942
49.267
50.8895
42.2413
40.7265
38.792
40.4391
34.3563
36.6603
21.6521
24.7428
25.3426
22.0143
25.3794
25.2581
16.5997
29.7916
21.8265
33.9668
21.4007
34.0299
17.3493
24.722
15.479
30.6733
20.6718
24.6966
24.2488
27.6671
19.1562
19.2648
19.2308
46.0095
45.8774
50.6309
19.3152
19.2566
19.4028
19.2241
19.1298
19.2031
47.9675
48.2209
47.9197
16.1087
18.022
17.9439
17.5033
18.5464
18.444
15.6059
18.159
18.2769
19.0852
18.4934
18.6875
18.7799
17.6581
18.5151
18.795
18.3798
18.8513
23.5427
26.0548
23.4781
51.8813
50.2971
54.9213
53.4348
48.7506
47.1803
44.0627
45.5773
38.9753
37.7176
42.485
40.6271
36.1693
34.321
29.6367
26.457
26.5317
29.8749
26.4777
27.1676
30.6732
26.9498
30.5114
26.6377
26.7748
45.7646
43.0795
44.0602
40.5493
41.3407
42.3273
27.4199
31.0376
27.7317
31.1152
28.4962
28.0729
30.4548
28.7239
28.7599
48.208
47.45
49.1152
52.4149
49.8954
50.771
33.9124
32.4247
34.5078
38.6765
35.8593
36.6449
30.8658
28.7304
29.0493
28.9175
31.1283
29.1639
34.5943
32.8323
37.7433
36.0165
35.9541
37.6703
33.4215
34.9941
28.4914
31.0967
33.3802
34.492
29.0617
33.278
19.1119
19.1015
19.0819
19.096
19.0509
19.0859
19.0913
18.9694
19.0709
19.0499
52.6846
53.3685
54.2548
47.8236
51.6388
46.1111
45.7106
33.7638
40.4132
32.8199
37.5206
38.821
36.7084
40.616
43.2588
36.1903
37.9205
18.7918
18.8651
18.8946
18.9273
18.9069
18.961
19.0758
19.0699
19.0644
20.5334
23.4545
20.3326
18.7264
18.8813
18.8618
21.462
19.1242
19.5453
34.8198
32.7644
32.8616
34.8413
32.9461
34.8522
34.8524
47.7003
45.73
47.4201
49.4002
50.813
49.1162
42.5897
44.0448
42.3743
40.8829
39.059
40.7129
33.9053
32.4093
34.0761
35.6859
37.4099
35.7443
32.6676
34.4368
34.2735
35.2423
41.5307
39.6789
42.3948
39.5969
42.5698
18.5981
18.776
18.7562
18.7313
18.8861
18.8724
18.7088
18.8251
18.8571
107.406
60.24
104.078
50.4573
58.204
93.0114
44.1476
82.5801
48.0608
45.7762
42.1043
49.3951
50.1448
50.4176
92.2587
44.477
41.3337
38.1507
46.0417
23.0978
29.2112
23.1683
24.7725
23.2336
24.8148
24.8514
19.1575
19.138
19.1059
19.1077
34.7891
32.6525
32.5261
34.7476
26.442
29.0278
26.4213
26.4314
44.6334
42.9639
44.6395
42.9665
16.7453
46.3077
46.3164
19.257
19.2914
19.2148
19.2509
41.2928
39.6082
39.6016
41.2909
37.8754
36.0115
37.8578
35.9764
44.5173
42.8734
44.5268
42.8794
28.3578
19.1336
19.5483
19.4815
19.5311
19.4534
44.5129
42.8716
44.5092
42.8725
31.4509
28.3716
19.2624
19.5673
19.5194
19.558
19.5535
45.0729
40.9635
35.3868
39.5973
33.8312
26.2225
26.4465
22.1963
23.5665
18.2695
17.3502
31.8213
44.6211
42.9543
44.6045
42.9411
27.9289
18.191
18.3512
28.0153
18.1824
16.7
16.5709
18.9602
16.7168
16.5631
18.9675
31.9372
44.7286
31.368
19.5178
19.469
19.4327
19.3741
47.0951
39.939
42.5899
38.1567
36.046
41.0541
18.4841
29.5988
18.9382
29.7558
25.4587
19.1369
34.1286
26.2537
28.1088
27.4253
23.8949
22.9761
24.8952
25.7931
18.5599
19.0426
19.113
18.5033
18.3219
16.8378
17.2513
19.3857
23.1849
17.4323
19.3275
19.317
43.6984
42.3312
36.8311
38.2262
32.0202
29.5214
26.7066
25.333
18.5967
18.082
16.2505
46.1497
47.7937
52.5659
46.1678
46.1806
46.2929
46.2729
39.5841
41.2316
39.5834
41.2335
44.5539
44.5388
42.8988
42.8876
39.5883
39.5857
41.2456
41.2385
19.5334
19.5236
19.4588
19.4518
19.3033
19.3334
19.3512
19.3635
19.3969
19.4032
19.3839
19.5059
19.4104
19.4281
39.5888
41.233
39.5948
41.2361
44.511
44.5092
42.8826
42.8774
39.6184
39.6076
41.2534
41.2455
19.4827
19.4279
19.5511
19.0875
19.3022
19.1741
31.3597
37.9188
36.1983
37.9125
36.1831
37.905
36.1436
37.9084
36.1649
44.57
44.5873
42.9128
42.9257
41.2867
39.6079
39.6036
41.277
39.592
41.2559
39.5975
41.2651
31.1754
37.8878
36.0427
37.8941
36.0711
37.9016
36.1217
37.8984
36.0974
32.3494
37.9262
36.2145
37.9353
36.2306
37.962
36.2634
37.9493
36.247
39.7199
44.5201
44.543
42.8912
42.9102
39.6302
39.6417
41.2642
41.2798
37.9847
32.3367
37.9739
37.979
36.2708
36.2611
35.4242
42.6902
40.5569
93.588
32.6655
31.2593
36.8713
88.0981
84.7567
19.3695
19.167
19.2778
18.9947
19.0503
18.9226
48.0563
46.5448
40.4302
41.9787
34.2827
35.9003
34.5983
23.1762
24.2469
25.2367
46.1453
47.7827
47.7871
46.1827
47.794
47.8287
46.2135
46.195
46.2323
46.2541
19.4935
19.382
19.4231
39.7145
44.2752
45.6804
33.9167
31.9613
34.4103
52.1318
41.6525
40.4892
42.1874
36.2104
38.7067
36.7514
46.0364
47.581
41.3435
39.7589
35.3037
30.4568
31.993
26.0745
26.1492
27.056
18.6182
18.3626
18.3597
20.0716
18.7278
18.5137
29.3338
18.4443
18.3139
18.2621
55.1876
48.1773
50.0887
41.2352
39.0056
39.1383
38.486
62.3258
56.336
53.9192
41.876
46.3088
19.1735
19.2133
19.177
19.1488
19.1205
19.1429
19.1016
19.1253
19.0712
19.0978
19.0766
19.046
19.0404
19.061
19.0368
19.0589
18.9083
17.8694
18.9559
17.8277
18.8712
18.9367
17.6426
19.042
19.0634
19.0439
19.0669
18.8753
17.1442
18.8312
18.6325
17.5348
16.9639
24.1527
18.5537
19.6206
13.8421
17.4959
17.3081
16.1939
13.4372
16.5674
25.0923
23.0387
25.3291
22.2083
27.0971
17.9081
18.9788
18.9909
17.9564
19.0168
18.9716
17.7817
18.9626
18.8771
17.7232
18.9361
19.1644
19.1323
19.197
19.1614
15.3484
18.4353
18.7598
18.5864
18.4791
18.0522
17.8474
18.676
19.1002
15.7616
17.9249
25.1519
19.474
26.2219
54.1808
52.6129
46.3677
47.9311
41.657
40.061
18.484
17.2734
18.5626
18.7799
17.4204
18.6753
18.3432
16.8779
18.2798
17.1555
22.8366
19.3773
14.0499
18.4727
18.1124
14.6842
13.1015
17.4936
20.5104
33.4622
35.2064
23.5326
26.1626
26.1803
23.0506
24.4241
25.3585
26.0099
39.6038
41.1597
39.555
41.1087
44.1104
44.1622
42.5509
42.6054
44.2683
42.7126
44.216
42.6575
39.4486
39.5019
40.9988
41.0547
19.1818
19.1849
19.2167
19.2201
19.0031
19.0244
19.0064
18.9867
19.0082
19.0339
19.0078
18.9832
18.9756
18.9931
18.992
19.0535
19.0637
19.0305
19.0593
19.021
19.0576
19.0523
19.0091
19.0159
19.0546
19.0988
19.142
19.0974
19.0313
19.0389
19.0504
19.1315
19.0733
19.0872
19.0368
19.0333
19.0488
19.0344
19.0593
19.0564
39.2002
39.2694
40.7641
40.8251
44.0612
42.4968
44.0137
42.4418
39.3931
39.3315
40.9422
40.8827
43.9332
42.3382
43.9713
42.3897
40.8169
46.9974
49.6278
47.1675
48.7238
100.673
39.5856
44.0931
45.5844
81.1505
79.4725
32.3431
30.7578
36.4289
87.3603
45.3939
43.9292
42.9476
35.1488
42.4209
40.2017
32.2009
39.5579
38.6567
85.7873
19.089
19.1021
19.0773
19.0409
19.0589
19.0637
19.0657
19.0446
19.0606
19.0206
19.0172
18.9996
19.0074
18.9476
18.9797
19.0977
19.0502
19.0967
18.945
19.0014
19.0203
18.9839
19.0543
18.9524
33.512
33.0849
33.0471
38.0416
36.4615
37.9978
36.4287
37.9016
36.3444
37.9513
36.3887
41.2069
39.681
41.2467
42.8831
44.4059
42.8495
42.764
44.3661
42.811
39.7341
39.7119
41.284
36.488
38.1079
36.5095
36.5233
38.1307
36.5214
50.496
50.473
48.8301
48.8222
45.6431
47.2377
45.6034
47.2068
50.4796
50.4699
48.8503
48.8309
45.5496
47.1818
45.57
47.1864
50.6502
48.873
48.9569
45.6024
47.2068
47.2737
33.0749
32.9551
37.6481
36.0978
37.7257
36.1786
37.8498
36.2972
37.7893
36.2408
39.0663
40.7127
40.6775
43.9421
42.3072
42.3011
37.4716
35.9995
35.8707
32.6634
39.7729
39.0435
88.0586
45.5516
44.0193
43.2223
44.1977
46.3693
44.0578
39.9107
33.4689
39.8418
92.4291
92.0262
33.3824
39.8208
39.7154
46.2051
44.0241
43.9057
19.1208
19.1958
19.2215
19.3617
19.2626
19.3101
19.0866
19.0516
19.1108
19.0729
19.1583
19.1357
19.2204
19.2131
19.1851
18.8944
19.01
18.8908
18.9385
18.9927
18.9409
18.9181
19.0029
18.9383
27.226
34.9194
34.752
26.2143
28.0624
24.9641
24.613
45.6842
45.7311
47.2733
47.3147
45.831
45.7841
47.4021
47.3589
50.502
48.88
50.5289
48.9133
50.5952
48.9902
50.5594
48.9498
47.5735
45.9695
47.5338
45.9269
47.4453
47.4923
49.0299
50.6657
49.0701
49.1466
50.7317
50.7019
49.1103
19.3818
19.305
19.3731
19.3084
19.2827
19.3447
19.1768
19.191
19.2119
19.2397
19.2633
19.2417
19.213
19.2515
19.232
19.2023
19.2546
19.3002
19.2407
19.3513
19.3341
19.2852
19.2667
19.1954
19.2278
19.1433
19.1667
19.1672
19.1951
19.0391
19.071
19.0687
19.1021
19.1005
19.1649
19.1361
19.1887
19.1776
19.1613
19.0985
19.1227
19.1488
19.1283
47.2149
49.3854
48.6664
49.671
47.9985
49.425
47.832
49.3292
49.2649
18.9407
18.9949
19.0238
19.0522
19.015
19.0344
18.9845
18.9804
19.0041
18.9098
18.8997
18.9449
18.9719
18.9211
18.9631
18.8369
18.9619
18.9264
51.8415
53.3841
47.2
45.6346
39.3059
40.8994
18.8444
18.7758
18.7631
18.5977
18.7007
18.6687
20.2426
23.7061
19.6237
18.4932
18.5764
18.4952
34.7529
25.0613
26.1392
26.0313
31.5866
36.3895
36.3322
18.2083
18.4156
18.1951
18.5308
18.4042
18.4354
18.3276
18.5059
18.4238
32.4865
30.0869
31.5194
28.7545
18.7961
18.4689
18.5799
18.8683
18.8896
18.6865
25.6784
23.4832
23.3202
18.9612
19.4882
19.0941
55.0536
56.7053
49.8322
47.8807
38.0027
36.8381
38.7258
40.8566
38.5521
33.0839
34.7639
34.7984
33.0708
34.8428
34.8249
33.053
34.7257
34.6797
33.0185
34.5464
34.6249
39.6101
42.9572
42.871
64.1003
62.1928
53.5569
56.0192
44.6588
45.9071
41.4487
47.5043
50.7608
50.6659
18.9658
18.9826
18.9593
18.9473
18.9731
18.9613
18.963
18.9483
19.0491
19.0021
18.9969
19.0477
42.9094
44.4977
42.9252
39.7486
39.7521
41.3455
36.5178
38.1466
36.5043
19.0089
19.0406
18.9844
19.0144
47.6064
46.0657
47.6321
49.177
50.7606
50.7844
49.2025
18.0648
18.0099
18.1157
19.0991
19.1401
19.0554
19.1202
19.1473
19.0881
19.1106
19.0713
58.4414
53.1263
52.4178
57.325
52.4065
57.321
56.6504
54.8772
53.137
54.8845
53.1356
54.8776
47.9717
51.3952
49.6766
47.9933
48.0019
51.4087
49.6939
51.4121
49.7008
54.0281
55.6626
54.0192
52.3961
54.0097
55.6583
57.3118
55.6465
52.2419
57.2059
47.9899
48.0006
51.3855
49.6794
51.4031
49.6944
58.3071
56.5468
58.2587
56.5059
47.9723
47.9496
58.1045
58.0534
56.3682
56.3235
52.9335
52.8979
54.643
54.6034
47.8783
47.8567
51.2391
51.208
49.5537
49.5278
58.1561
58.2085
56.414
56.4599
54.8001
53.0718
53.0414
54.7651
52.9702
54.6836
53.0053
54.7243
47.9014
47.9271
51.3601
49.6582
51.3336
49.6338
51.2718
49.5814
51.3018
49.608
52.2118
52.1841
53.8508
53.8306
57.1864
57.1701
55.5123
55.4949
53.8748
52.2733
53.9003
57.2658
55.5976
57.2467
55.5771
55.5326
57.2255
55.5528
52.3303
53.9526
52.3036
53.9289
58.3488
56.5843
58.3878
56.6164
58.4171
58.4361
56.6519
56.6394
54.834
53.1012
53.1227
54.8601
57.2832
55.6165
57.2977
55.6319
52.3589
53.9764
52.3806
53.996
58.0212
56.6483
56.1524
60.3546
61.0752
51.9798
55.8698
57.9405
58.9754
53.1799
54.5205
55.1576
50.5941
54.3805
61.5894
58.8535
54.7554
57.0781
57.3593
53.3652
51.5564
53.0384
55.5766
52.8889
49.2058
57.4464
122.277
61.9293
113.468
55.9404
110.442
51.129
51.0957
53.0059
57.8461
52.7819
51.3529
51.1107
57.4894
58.5543
57.0395
56.0051
53.9858
55.5171
52.4577
51.5515
50.9242
46.3021
43.1281
57.1077
42.0241
58.176
56.4129
56.6115
58.1345
56.6183
59.6084
61.0432
56.301
57.8952
56.2333
54.7988
53.4628
55.0405
55.1327
53.6513
51.8831
49.9272
50.2928
58.9471
59.9463
60.4461
64.5329
54.4181
58.3839
54.6534
52.8938
54.5615
49.6962
51.2285
49.5614
72.8774
119.387
67.7406
65.9757
59.9631
55.2787
61.0714
65.1205
60.0332
56.512
54.9801
59.0566
58.1387
64.034
53.2311
56.8562
61.6809
57.32
58.4408
63.3999
62.0652
43.188
57.6948
46.5859
53.7795
61.997
57.3659
123.359
42.0165
52.4326
55.8154
110.677
57.7493
52.777
52.237
57.2912
60.7112
55.7402
57.3367
62.3695
60.5397
58.9353
53.2978
57.5908
53.6944
53.3136
57.3253
52.0189
52.3775
51.9936
61.043
59.5608
56.4483
58.0413
58.8799
56.5145
57.2756
54.044
54.8795
55.6651
60.4606
64.7279
58.9148
59.9553
58.3404
56.1059
57.5217
55.8612
54.4481
52.504
54.1862
67.8257
73.2397
65.9768
57.9601
56.2401
58.0053
56.2793
57.9203
56.2062
57.8854
56.1777
60.0923
58.5874
47.8048
54.0746
47.8196
47.8374
52.8071
54.4998
52.7846
54.4735
57.8462
57.8613
56.1484
56.1578
52.7676
52.7708
54.4514
54.4572
49.4613
51.1109
49.445
51.0975
49.4317
49.4343
57.8612
56.1562
56.1822
52.8202
54.4642
54.4988
51.1493
49.4466
49.4828
52.8337
54.531
52.8656
54.5657
51.1518
49.4814
51.1788
49.5032
45.2685
53.0881
51.9248
44.2102
49.523
50.7361
116.452
56.333
55.8388
55.1131
40.8894
48.2802
47.006
107.338
58.1062
59.5804
53.6374
61.4937
63.0236
56.7949
71.1931
69.4826
64.169
58.8938
60.4754
52.1735
52.1373
53.857
53.8146
57.1466
55.4657
57.1572
55.4763
52.124
52.1232
53.7896
53.7944
57.2276
55.545
57.1805
55.4989
113.913
44.3402
49.701
51.0087
117.103
56.9537
56.4082
55.6543
45.474
53.5488
52.2914
120.25
52.979
55.1031
54.3297
48.3647
51.5996
51.0539
50.1888
52.3439
53.9252
54.0329
57.3894
55.6126
55.7162
57.148
55.4704
57.1548
55.4782
52.1371
53.7973
52.1581
53.8094
52.619
54.5701
53.8751
56.2937
57.4757
56.1262
54.995
53.4554
54.7867
53.3595
54.6402
54.7268
57.4871
55.9772
56.1028
51.3386
50.7232
50.0295
51.0411
52.1221
50.7855
51.998
50.6733
50.6395
59.5169
57.9841
63.1522
61.5612
69.6553
71.4574
)
;
        value           nonuniform List<scalar> 
2334
(
101327
101327
101327
101327
101327
101327
101327
101327
101327
101327
101327
101327
101327
101327
101327
101327
101327
101327
101327
101327
101327
101327
101327
101327
101327
101327
101327
101327
101327
101327
101327
101328
101327
101327
101327
101327
101327
101327
101327
101328
101327
101328
101328
101327
101327
101327
101327
101327
101327
101327
101327
101327
101327
101327
101327
101327
101327
101328
101328
101327
101327
101327
101327
101327
101327
101327
101327
101327
101327
101327
101327
101327
101327
101327
101327
101327
101327
101327
101327
101327
101327
101327
101327
101327
101327
101327
101327
101327
101328
101328
101328
101328
101328
101328
101328
101328
101328
101328
101328
101328
101327
101328
101327
101327
101328
101327
101328
101327
101328
101328
101328
101327
101327
101327
101327
101327
101327
101327
101327
101327
101327
101327
101327
101327
101327
101327
101327
101327
101327
101327
101327
101327
101328
101328
101328
101328
101328
101328
101328
101328
101328
101328
101327
101327
101328
101327
101327
101327
101327
101327
101327
101327
101327
101327
101327
101327
101327
101327
101327
101327
101327
101327
101328
101328
101328
101328
101328
101328
101328
101328
101328
101328
101327
101327
101327
101327
101327
101327
101327
101327
101327
101327
101327
101327
101327
101327
101328
101327
101327
101328
101328
101328
101328
101328
101328
101328
101328
101328
101328
101328
101327
101328
101327
101327
101327
101327
101327
101327
101327
101327
101327
101327
101327
101328
101328
101328
101328
101327
101327
101327
101327
101327
101327
101328
101328
101328
101328
101328
101328
101328
101328
101328
101327
101328
101327
101327
101327
101327
101327
101327
101327
101327
101328
101328
101327
101328
101327
101327
101327
101328
101328
101328
101328
101327
101327
101327
101328
101327
101327
101327
101327
101327
101327
101327
101327
101327
101327
101327
101327
101328
101328
101328
101327
101327
101327
101327
101327
101327
101327
101327
101327
101327
101327
101327
101327
101327
101327
101327
101327
101327
101327
101327
101327
101327
101327
101327
101327
101328
101328
101328
101328
101328
101328
101328
101327
101327
101327
101327
101327
101327
101327
101327
101327
101327
101327
101327
101327
101327
101327
101327
101327
101327
101327
101327
101327
101327
101327
101327
101327
101327
101327
101327
101327
101327
101327
101327
101327
101327
101327
101327
101327
101328
101327
101327
101327
101327
101327
101327
101327
101327
101327
101327
101327
101327
101327
101327
101327
101327
101327
101327
101327
101327
101327
101327
101327
101327
101327
101327
101327
101327
101327
101327
101327
101327
101327
101327
101327
101327
101327
101327
101327
101327
101328
101328
101328
101327
101327
101327
101327
101327
101327
101328
101328
101328
101327
101327
101327
101328
101328
101328
101328
101328
101328
101328
101328
101328
101328
101327
101327
101327
101327
101327
101327
101327
101327
101327
101327
101327
101327
101327
101327
101327
101327
101327
101327
101327
101327
101327
101327
101327
101327
101327
101327
101327
101327
101327
101327
101327
101327
101327
101327
101327
101327
101327
101327
101327
101327
101327
101327
101327
101327
101327
101327
101327
101327
101327
101327
101327
101327
101327
101328
101328
101328
101327
101327
101327
101327
101327
101327
101327
101327
101327
101327
101327
101327
101328
101328
101328
101328
101328
101328
101327
101328
101327
101327
101327
101327
101327
101327
101327
101327
101327
101327
101327
101327
101327
101327
101327
101327
101327
101327
101327
101327
101327
101327
101327
101327
101327
101327
101327
101327
101327
101327
101327
101327
101327
101327
101327
101327
101327
101327
101327
101327
101327
101327
101328
101328
101328
101327
101328
101327
101327
101327
101327
101328
101328
101328
101328
101328
101327
101327
101328
101328
101328
101328
101328
101328
101328
101328
101328
101328
101328
101328
101328
101327
101328
101327
101327
101327
101327
101327
101327
101327
101327
101327
101327
101327
101327
101327
101327
101327
101327
101327
101328
101328
101328
101328
101327
101327
101327
101327
101327
101327
101327
101327
101328
101328
101328
101328
101328
101327
101328
101327
101327
101327
101327
101327
101327
101327
101327
101327
101327
101327
101327
101327
101327
101327
101327
101327
101327
101327
101328
101328
101328
101328
101328
101328
101328
101328
101328
101328
101328
101328
101328
101327
101327
101327
101327
101327
101327
101327
101327
101327
101327
101327
101327
101327
101327
101327
101327
101327
101327
101327
101327
101327
101327
101328
101328
101328
101328
101328
101328
101327
101327
101327
101327
101327
101327
101328
101328
101328
101328
101328
101328
101327
101327
101328
101327
101328
101327
101328
101327
101327
101327
101327
101327
101327
101327
101327
101327
101327
101327
101327
101327
101328
101328
101328
101328
101327
101328
101328
101327
101327
101327
101327
101327
101327
101327
101327
101327
101327
101327
101328
101328
101328
101328
101328
101328
101328
101328
101327
101328
101327
101328
101328
101328
101328
101328
101327
101328
101327
101327
101328
101328
101328
101328
101328
101328
101328
101327
101327
101327
101327
101327
101327
101327
101327
101327
101327
101327
101327
101327
101327
101327
101327
101327
101327
101327
101327
101327
101327
101327
101327
101327
101327
101328
101328
101328
101328
101328
101328
101327
101328
101327
101327
101327
101327
101327
101327
101327
101327
101327
101327
101327
101327
101327
101327
101327
101327
101327
101327
101327
101327
101327
101327
101327
101327
101327
101327
101327
101328
101328
101328
101327
101327
101327
101327
101327
101327
101328
101328
101328
101327
101327
101327
101327
101327
101327
101327
101327
101327
101327
101327
101327
101327
101327
101327
101327
101327
101327
101327
101327
101327
101328
101328
101328
101328
101328
101328
101328
101328
101327
101327
101328
101327
101327
101327
101327
101327
101327
101327
101327
101327
101327
101327
101327
101327
101327
101328
101328
101328
101328
101328
101328
101327
101327
101327
101327
101327
101327
101327
101327
101327
101328
101328
101328
101328
101328
101328
101327
101327
101327
101328
101327
101327
101327
101327
101327
101327
101327
101327
101327
101327
101327
101327
101327
101327
101327
101327
101327
101327
101327
101327
101327
101327
101327
101327
101327
101327
101327
101327
101327
101327
101327
101327
101328
101328
101328
101328
101328
101328
101328
101327
101327
101327
101327
101327
101327
101327
101328
101327
101327
101327
101327
101327
101327
101327
101327
101327
101327
101327
101327
101327
101327
101327
101327
101327
101327
101327
101327
101327
101327
101327
101327
101327
101327
101327
101328
101328
101328
101328
101328
101328
101328
101328
101328
101328
101328
101328
101327
101327
101327
101327
101328
101327
101327
101327
101327
101327
101327
101327
101327
101327
101327
101327
101327
101327
101327
101327
101327
101327
101327
101327
101328
101328
101328
101328
101328
101328
101327
101328
101327
101328
101327
101327
101327
101327
101328
101328
101328
101328
101328
101327
101327
101327
101327
101327
101327
101327
101327
101327
101327
101327
101327
101327
101327
101327
101327
101327
101327
101327
101328
101328
101328
101328
101327
101328
101328
101327
101327
101327
101327
101328
101328
101328
101328
101328
101327
101328
101327
101328
101328
101328
101328
101327
101327
101327
101327
101327
101327
101328
101328
101328
101328
101327
101327
101327
101327
101327
101327
101327
101328
101328
101327
101328
101327
101327
101327
101327
101327
101327
101327
101327
101328
101328
101328
101328
101327
101327
101327
101327
101327
101327
101327
101327
101327
101327
101327
101327
101328
101327
101327
101327
101327
101327
101328
101328
101328
101328
101327
101328
101327
101327
101327
101327
101327
101327
101327
101327
101327
101327
101327
101327
101327
101327
101327
101327
101327
101327
101327
101327
101327
101327
101327
101327
101327
101327
101328
101328
101327
101327
101327
101327
101327
101327
101327
101327
101327
101328
101328
101328
101328
101328
101328
101328
101328
101328
101328
101328
101328
101328
101328
101328
101328
101328
101328
101328
101327
101327
101327
101327
101327
101327
101327
101327
101327
101327
101327
101327
101327
101327
101328
101328
101328
101328
101328
101328
101328
101328
101328
101328
101328
101328
101327
101327
101327
101327
101327
101327
101327
101328
101327
101328
101327
101328
101327
101328
101327
101328
101328
101328
101328
101328
101328
101328
101328
101328
101328
101328
101328
101327
101328
101327
101328
101327
101328
101327
101328
101327
101327
101328
101327
101328
101327
101328
101327
101328
101327
101328
101328
101328
101328
101328
101328
101328
101328
101328
101328
101327
101328
101328
101327
101327
101328
101328
101328
101328
101328
101328
101328
101328
101328
101327
101327
101327
101327
101327
101327
101328
101328
101327
101327
101327
101327
101327
101327
101327
101327
101328
101328
101328
101328
101328
101328
101328
101328
101328
101328
101327
101327
101327
101328
101328
101328
101327
101327
101327
101328
101328
101328
101328
101327
101328
101327
101328
101328
101327
101327
101327
101327
101327
101327
101327
101327
101327
101327
101327
101327
101327
101327
101327
101327
101327
101327
101328
101328
101328
101327
101327
101327
101327
101328
101328
101328
101327
101327
101327
101327
101327
101327
101327
101327
101327
101327
101327
101327
101327
101327
101327
101327
101327
101327
101327
101327
101327
101327
101327
101327
101327
101327
101327
101327
101327
101327
101327
101327
101327
101327
101327
101327
101327
101327
101327
101327
101327
101327
101327
101327
101327
101327
101327
101327
101327
101327
101327
101327
101327
101327
101327
101327
101327
101327
101327
101327
101327
101327
101327
101327
101327
101327
101327
101327
101327
101327
101327
101327
101327
101327
101327
101327
101327
101327
101328
101328
101328
101328
101327
101327
101327
101327
101327
101327
101327
101327
101327
101327
101327
101327
101327
101327
101327
101327
101327
101327
101327
101327
101327
101327
101327
101327
101327
101327
101327
101327
101327
101327
101328
101328
101328
101328
101328
101328
101328
101328
101328
101328
101328
101328
101328
101328
101328
101328
101327
101327
101327
101327
101327
101327
101327
101327
101327
101327
101327
101327
101327
101327
101327
101327
101327
101327
101327
101327
101327
101327
101327
101327
101327
101327
101327
101327
101327
101327
101327
101327
101327
101327
101327
101327
101327
101327
101327
101327
101328
101328
101328
101328
101328
101328
101328
101328
101328
101328
101328
101328
101328
101328
101328
101328
101328
101328
101328
101328
101328
101328
101328
101328
101328
101328
101328
101328
101328
101328
101328
101328
101328
101328
101328
101328
101328
101328
101328
101328
101328
101327
101327
101327
101327
101327
101327
101327
101327
101327
101327
101327
101327
101327
101327
101327
101327
101327
101327
101327
101327
101327
101327
101327
101327
101327
101327
101327
101328
101327
101328
101327
101328
101327
101328
101327
101328
101328
101328
101328
101328
101328
101328
101328
101328
101328
101328
101328
101327
101328
101327
101327
101328
101327
101328
101328
101328
101328
101328
101328
101328
101328
101328
101328
101328
101328
101328
101328
101328
101328
101328
101328
101328
101328
101328
101328
101327
101327
101328
101327
101328
101327
101328
101327
101328
101327
101328
101328
101328
101328
101328
101328
101328
101327
101327
101328
101328
101328
101328
101328
101328
101328
101328
101328
101328
101328
101328
101328
101328
101328
101328
101328
101328
101328
101328
101328
101327
101327
101327
101327
101327
101327
101327
101327
101327
101327
101327
101327
101327
101327
101327
101327
101327
101327
101327
101327
101327
101327
101327
101327
101327
101327
101327
101327
101327
101327
101327
101328
101328
101328
101328
101328
101328
101328
101328
101328
101328
101328
101328
101328
101328
101328
101328
101328
101328
101328
101328
101328
101328
101328
101328
101328
101328
101328
101328
101328
101327
101327
101327
101327
101327
101327
101327
101327
101327
101327
101327
101327
101327
101327
101327
101327
101327
101327
101327
101327
101327
101327
101327
101327
101327
101327
101327
101327
101327
101327
101327
101327
101327
101327
101327
101327
101327
101327
101327
101327
101327
101327
101327
101328
101328
101328
101328
101328
101328
101328
101328
101328
101327
101327
101327
101327
101327
101327
101327
101327
101327
101327
101327
101327
101327
101327
101327
101327
101327
101327
101328
101328
101328
101328
101327
101327
101327
101327
101327
101327
101327
101327
101327
101327
101327
101327
101327
101327
101327
101327
101327
101327
101327
101327
101327
101327
101327
101327
101327
101327
101327
101327
101327
101327
101327
101327
101327
101327
101327
101327
101327
101327
101327
101327
101327
101327
101327
101327
101327
101327
101328
101328
101328
101328
101327
101327
101327
101327
101327
101327
101327
101327
101327
101327
101327
101327
101327
101327
101327
101327
101327
101327
101327
101327
101328
101328
101328
101328
101327
101327
101327
101327
101327
101327
101327
101327
101327
101327
101327
101327
101327
101327
101327
101327
101327
101327
101328
101328
101328
101328
101328
101328
101327
101328
101327
101327
101327
101327
101327
101328
101328
101328
101328
101328
101328
101328
101327
101327
101327
101327
101327
101327
101327
101327
101327
101327
101327
101328
101328
101328
101328
101328
101328
101328
101328
101328
101328
101328
101328
101328
101328
101328
101328
101328
101328
101328
101328
101328
101328
101328
101328
101328
101328
101328
101328
101328
101328
101328
101328
101328
101328
101328
101328
101328
101328
101328
101328
101328
101328
101328
101328
101328
101328
101328
101328
101328
101328
101328
101328
101328
101328
101328
101328
101328
101328
101328
101328
101328
101328
101328
101328
101328
101328
101328
101328
101328
101328
101328
101328
101328
101328
101328
101328
101328
101328
101328
101328
101328
101328
101328
101328
101328
101328
101328
101328
101328
101328
101328
101328
101328
101328
101328
101328
101328
101328
101328
101328
101328
101328
101328
101328
101328
101328
101328
101328
101328
101328
101328
101328
101328
101328
101328
101328
101328
101328
101328
101328
101328
101328
101328
101328
101328
101328
101328
101328
101328
101328
101328
101328
101328
101328
101328
101328
101328
101328
101328
101328
101328
101328
101328
101328
101328
101328
101328
101328
101328
101328
101328
101328
101328
101328
101328
101328
101328
101328
101328
101328
101328
101328
101328
101328
101328
101328
101328
101328
101328
101328
101328
101328
101328
101328
101328
101328
101328
101328
101328
101328
101328
101328
101328
101328
101328
101328
101328
101328
101328
101328
101328
101328
101328
101328
101328
101328
101328
101328
101328
101328
101328
101328
101328
101328
101328
101328
101328
101328
101328
101328
101328
101328
101328
101328
101328
101328
101328
101328
101328
101328
101328
101328
101328
101328
101328
101328
101328
101328
101328
101328
101328
101328
101328
101328
101328
101328
101328
101328
101328
101328
101328
101328
101328
101328
101328
101328
101328
101328
101328
101328
101328
101328
101328
101328
101328
101328
101328
101328
101328
101328
101328
101328
101328
101328
101328
101328
101328
101328
101328
101328
101328
101328
101328
101328
101328
101328
101328
101328
101328
101328
101328
101328
101328
101328
101328
101328
101328
101328
101328
101328
101328
101328
101328
101328
101328
101328
101328
101328
101328
101328
101328
101328
101328
101328
101328
101328
101328
101328
101328
101328
101328
101328
101328
101328
101328
101328
101328
101328
101328
101328
101328
101328
101328
101328
101328
101328
101328
101328
101328
101328
101328
101328
101328
101328
101328
101328
101328
101328
101328
101328
101328
101328
101328
101328
101328
101328
101328
101328
101328
101328
101328
101328
101328
101328
101328
101328
101328
101328
101328
101328
101328
101328
101328
101328
101328
101328
101328
101328
101328
101328
101328
101328
101328
101328
101328
101328
101328
101328
101328
101328
101328
101328
101328
101328
101328
101328
101328
101328
101328
101328
101328
101328
101328
101328
101328
101328
101328
101328
101328
101328
101328
101328
101328
101328
101328
101328
101328
101328
101328
101328
101328
101328
101328
101328
101328
101328
101328
101328
101328
101328
101328
101328
101328
101328
101328
101328
101328
101328
101328
)
;
    }
    window
    {
        type            fixedFluxPressure;
        gradient        nonuniform List<scalar> 0();
        value           nonuniform List<scalar> 0();
    }
    procBoundary7to4
    {
        type            processor;
        value           nonuniform List<scalar> 
680
(
101326
101326
101326
101326
101326
101326
101326
101326
101326
101326
101326
101326
101326
101326
101326
101326
101326
101326
101326
101326
101326
101326
101326
101326
101326
101326
101326
101326
101326
101326
101326
101326
101326
101326
101326
101326
101326
101326
101326
101326
101326
101326
101326
101326
101326
101326
101326
101326
101326
101326
101326
101326
101326
101326
101326
101326
101326
101326
101326
101326
101326
101326
101326
101326
101326
101326
101326
101326
101326
101326
101326
101326
101326
101326
101326
101326
101326
101326
101326
101326
101326
101326
101326
101326
101326
101326
101326
101326
101326
101326
101326
101326
101326
101326
101326
101326
101326
101326
101326
101326
101326
101326
101326
101326
101326
101326
101326
101326
101326
101326
101326
101326
101326
101326
101326
101326
101326
101326
101326
101326
101326
101326
101326
101326
101326
101326
101326
101326
101326
101326
101326
101326
101326
101326
101326
101326
101326
101326
101326
101326
101326
101326
101326
101326
101326
101326
101326
101326
101326
101326
101326
101326
101326
101326
101326
101326
101326
101326
101326
101326
101326
101326
101326
101326
101326
101326
101326
101326
101326
101326
101326
101326
101326
101326
101326
101326
101326
101326
101326
101326
101326
101326
101326
101326
101326
101326
101326
101326
101326
101326
101326
101326
101326
101326
101326
101326
101326
101326
101326
101326
101326
101326
101326
101326
101326
101326
101326
101326
101326
101326
101326
101326
101326
101326
101326
101326
101326
101326
101326
101326
101326
101326
101326
101326
101326
101326
101326
101326
101326
101326
101326
101326
101326
101326
101326
101326
101326
101326
101326
101326
101326
101326
101326
101326
101326
101326
101326
101326
101326
101326
101326
101326
101326
101326
101326
101326
101326
101326
101326
101326
101326
101326
101326
101326
101326
101326
101326
101326
101326
101326
101326
101326
101326
101326
101326
101326
101326
101326
101326
101326
101326
101326
101326
101326
101326
101326
101326
101326
101326
101326
101326
101326
101326
101326
101326
101326
101326
101326
101326
101326
101326
101326
101326
101326
101326
101326
101326
101326
101326
101326
101326
101326
101326
101326
101326
101326
101326
101326
101326
101326
101326
101326
101326
101326
101326
101326
101326
101326
101326
101326
101326
101326
101326
101326
101326
101326
101326
101326
101326
101326
101326
101326
101326
101326
101326
101326
101326
101326
101326
101326
101326
101326
101326
101326
101326
101326
101326
101326
101326
101326
101326
101326
101326
101326
101326
101326
101326
101326
101326
101326
101326
101326
101326
101326
101326
101326
101326
101326
101326
101326
101326
101326
101326
101326
101326
101326
101326
101326
101326
101326
101326
101326
101326
101326
101326
101326
101326
101326
101326
101326
101326
101326
101326
101326
101326
101326
101326
101326
101326
101326
101326
101326
101326
101326
101326
101326
101326
101326
101326
101326
101326
101326
101326
101326
101326
101326
101326
101326
101326
101326
101326
101326
101326
101326
101326
101326
101326
101326
101326
101326
101326
101326
101326
101326
101326
101326
101326
101326
101326
101326
101326
101326
101326
101326
101326
101326
101326
101326
101326
101326
101326
101326
101326
101326
101326
101326
101326
101326
101326
101326
101326
101326
101326
101326
101326
101326
101326
101326
101326
101326
101326
101326
101326
101326
101326
101326
101326
101326
101326
101326
101326
101326
101326
101326
101326
101326
101326
101326
101326
101326
101326
101326
101326
101326
101326
101326
101326
101326
101326
101326
101326
101326
101326
101326
101326
101326
101326
101326
101326
101326
101326
101326
101326
101326
101326
101326
101326
101326
101326
101326
101326
101326
101326
101326
101326
101326
101326
101326
101326
101326
101326
101326
101326
101326
101326
101326
101326
101326
101326
101326
101326
101326
101326
101326
101326
101326
101326
101326
101326
101326
101326
101326
101326
101326
101326
101326
101326
101326
101326
101326
101326
101326
101326
101326
101326
101326
101326
101326
101326
101326
101326
101326
101326
101326
101326
101326
101326
101326
101326
101326
101326
101326
101326
101326
101326
101326
101326
101326
101326
101326
101326
101326
101326
101326
101326
101326
101326
101326
101326
101326
101326
101326
101326
101326
101326
101326
101326
101326
101326
101326
101326
101326
101326
101326
101326
101326
101326
101326
101326
101326
101326
101326
101326
101326
101326
101326
101326
101326
101326
101326
101326
101326
101326
101326
101326
101326
101326
101326
101326
101326
101326
101326
101326
101326
101326
101326
101326
101326
101326
101326
101326
101326
101326
101326
101326
101326
101326
101326
101326
101326
101326
101326
101326
101326
101326
101326
101326
101326
101326
101326
)
;
    }
    procBoundary7to5
    {
        type            processor;
        value           nonuniform List<scalar> 
36
(
101326
101326
101326
101326
101326
101326
101326
101326
101326
101326
101326
101326
101326
101326
101326
101326
101326
101326
101326
101326
101326
101326
101326
101326
101326
101326
101326
101326
101326
101326
101326
101326
101326
101326
101326
101326
)
;
    }
    procBoundary7to6
    {
        type            processor;
        value           nonuniform List<scalar> 
566
(
101326
101326
101326
101326
101326
101326
101326
101326
101326
101326
101326
101326
101326
101326
101326
101326
101326
101326
101326
101326
101326
101326
101326
101326
101326
101326
101326
101326
101326
101326
101326
101326
101326
101326
101326
101326
101326
101326
101326
101326
101326
101326
101326
101326
101326
101326
101326
101326
101326
101326
101326
101326
101326
101326
101326
101326
101326
101326
101326
101326
101326
101326
101326
101326
101326
101326
101326
101326
101326
101326
101326
101326
101326
101326
101326
101326
101326
101326
101326
101326
101326
101326
101326
101326
101326
101326
101326
101326
101326
101326
101326
101326
101326
101326
101326
101326
101326
101326
101326
101326
101326
101326
101326
101326
101327
101326
101326
101326
101326
101326
101326
101326
101326
101326
101326
101326
101326
101326
101327
101327
101326
101326
101326
101326
101326
101326
101326
101326
101326
101326
101326
101326
101327
101327
101327
101327
101326
101326
101326
101326
101326
101326
101326
101326
101326
101326
101326
101326
101327
101327
101327
101327
101327
101326
101326
101326
101326
101326
101326
101326
101326
101326
101326
101326
101326
101327
101327
101327
101327
101327
101327
101326
101326
101326
101326
101326
101326
101326
101326
101326
101326
101326
101326
101327
101327
101327
101327
101327
101327
101327
101326
101326
101326
101326
101326
101326
101326
101326
101326
101326
101326
101326
101327
101327
101327
101327
101327
101327
101327
101327
101326
101326
101326
101326
101326
101326
101326
101326
101326
101326
101326
101326
101327
101327
101327
101327
101327
101327
101327
101327
101326
101326
101326
101326
101326
101326
101326
101326
101326
101326
101326
101326
101327
101327
101327
101327
101327
101327
101327
101327
101326
101326
101326
101326
101326
101326
101326
101326
101326
101326
101326
101326
101327
101327
101327
101327
101327
101327
101327
101327
101326
101326
101326
101326
101326
101326
101326
101326
101326
101326
101326
101326
101326
101327
101327
101327
101327
101327
101327
101327
101326
101326
101326
101326
101326
101326
101326
101326
101326
101326
101326
101326
101326
101327
101327
101327
101327
101327
101327
101327
101326
101326
101326
101326
101326
101326
101326
101326
101326
101326
101326
101326
101327
101326
101327
101327
101327
101327
101327
101327
101326
101326
101326
101326
101326
101326
101326
101326
101326
101326
101326
101326
101327
101327
101326
101327
101327
101327
101327
101327
101326
101326
101326
101326
101326
101326
101326
101326
101326
101326
101326
101326
101327
101327
101327
101326
101327
101327
101327
101327
101326
101326
101326
101326
101326
101326
101326
101326
101326
101326
101326
101326
101327
101327
101327
101327
101327
101327
101327
101326
101326
101326
101326
101326
101326
101326
101326
101326
101326
101326
101327
101327
101327
101327
101327
101327
101327
101326
101326
101326
101326
101326
101326
101326
101326
101326
101326
101327
101327
101327
101327
101327
101327
101327
101326
101326
101326
101326
101326
101326
101326
101326
101326
101327
101327
101327
101327
101327
101327
101327
101326
101326
101326
101326
101326
101326
101326
101327
101327
101327
101327
101327
101327
101327
101327
101326
101326
101326
101326
101326
101326
101327
101327
101327
101327
101327
101327
101327
101327
101326
101326
101326
101326
101326
101327
101327
101327
101327
101327
101327
101327
101327
101326
101326
101326
101326
101327
101327
101327
101327
101327
101327
101327
101327
101326
101326
101326
101327
101327
101327
101327
101327
101327
101327
101327
101326
101326
101326
101327
101327
101327
101327
101327
101327
101327
101326
101326
101327
101327
101327
101327
101327
101327
101327
101326
101326
101327
101327
101327
101327
101327
101327
101327
101327
101327
101327
101327
101327
101327
101327
101327
101327
101327
101327
101327
101327
101327
101327
101327
101327
101327
101327
101327
101327
101327
101327
101327
101327
101327
101327
101327
101327
101327
101327
101327
101327
)
;
    }
}


// ************************************************************************* //
