/*--------------------------------*- C++ -*----------------------------------*\
  =========                 |
  \\      /  F ield         | OpenFOAM: The Open Source CFD Toolbox
   \\    /   O peration     | Website:  https://openfoam.org
    \\  /    A nd           | Version:  12
     \\/     M anipulation  |
\*---------------------------------------------------------------------------*/
FoamFile
{
    format      ascii;
    class       vectorField;
    location    "constant/polyMesh";
    object      points;
}
// * * * * * * * * * * * * * * * * * * * * * * * * * * * * * * * * * * * * * //


19722
(
(0.94479 -0.437926 0.860568)
(0.946182 -0.437777 0.934381)
(0.943086 -0.375652 0.924881)
(0.94253 -0.375608 0.888461)
(0.942576 -0.375847 0.855724)
(1 -0.438615 0.857947)
(1 -0.437829 0.926263)
(0.94435 -0.438166 0.791667)
(1 -0.438869 0.790235)
(0.942225 -0.375836 0.821394)
(0.942433 -0.376083 0.789293)
(0.878727 -0.377558 0.858298)
(0.87904 -0.378182 0.791283)
(0.909873 -0.376342 0.924784)
(0.877864 -0.376666 0.926361)
(0.879528 -0.438256 0.935805)
(0.940446 -0.440885 1)
(0.877804 -0.441186 1)
(1 -0.438877 1)
(0.813935 -0.441296 1)
(0.81489 -0.438527 0.936282)
(0.750638 -0.441379 1)
(0.751275 -0.438713 0.936535)
(0.687771 -0.441422 1)
(0.688172 -0.438817 0.936666)
(0.687846 -0.377461 0.927058)
(0.71909 -0.377377 0.92549)
(0.750672 -0.377356 0.926964)
(0.688252 -0.379608 0.861075)
(0.751301 -0.379312 0.860755)
(0.687836 -0.320406 0.853732)
(0.719092 -0.320584 0.85273)
(0.750613 -0.320189 0.853601)
(0.687992 -0.321866 0.789696)
(0.750832 -0.321496 0.789499)
(0.687627 -0.261668 0.787313)
(0.718852 -0.261873 0.787065)
(0.750211 -0.261561 0.787274)
(0.687666 -0.261847 0.723801)
(0.75025 -0.261707 0.723779)
(0.687476 -0.2 0.722154)
(0.749185 -0.2 0.722527)
(0.68752 -0.133474 0.723315)
(0.750019 -0.133602 0.72334)
(0.687508 -0.0592446 0.723346)
(0.750013 -0.0596712 0.723351)
(0.687417 0 0.722)
(0.748986 0 0.722311)
(0.748679 0 0.659917)
(0.750008 -0.0592352 0.660008)
(0.748654 0 0.596673)
(0.750009 -0.0591269 0.596673)
(0.750018 -0.133413 0.596676)
(0.750012 -0.133457 0.660011)
(0.748897 -0.2 0.596689)
(0.748902 -0.2 0.659952)
(0.750274 -0.261842 0.5968)
(0.750261 -0.261796 0.660278)
(0.812956 -0.261515 0.596752)
(0.812851 -0.261747 0.628409)
(0.812948 -0.261487 0.660201)
(0.814105 -0.32149 0.597043)
(0.814081 -0.321375 0.660859)
(0.877572 -0.319095 0.596888)
(0.877454 -0.319149 0.628585)
(0.877558 -0.319042 0.660532)
(0.879211 -0.378839 0.597152)
(0.879193 -0.378739 0.661204)
(0.942425 -0.376295 0.596842)
(0.942169 -0.376061 0.628541)
(0.942422 -0.376267 0.660489)
(0.944261 -0.438443 0.596988)
(0.944262 -0.438405 0.660936)
(1 -0.438985 0.596788)
(1 -0.438978 0.660449)
(1 -0.43894 0.724686)
(0.944271 -0.438314 0.725577)
(0.942171 -0.375972 0.7563)
(0.942419 -0.376205 0.724492)
(0.879147 -0.378539 0.725774)
(0.877463 -0.318685 0.788521)
(0.877407 -0.318966 0.756)
(0.877531 -0.318924 0.724374)
(0.877268 -0.318127 0.852807)
(0.877314 -0.318673 0.819998)
(0.814725 -0.378718 0.860046)
(0.813658 -0.319651 0.85333)
(0.845132 -0.31946 0.852338)
(0.845366 -0.376972 0.92523)
(0.81386 -0.377131 0.926771)
(0.781964 -0.377253 0.925401)
(0.781918 -0.320295 0.852595)
(0.813913 -0.320674 0.789134)
(0.781443 -0.261764 0.787019)
(0.812888 -0.261336 0.787167)
(0.812933 -0.261426 0.723688)
(0.812826 -0.261672 0.755257)
(0.812846 -0.261718 0.691824)
(0.814028 -0.321141 0.724882)
(0.87744 -0.319092 0.6922)
(0.942167 -0.376034 0.692203)
(0.499992 -0.0591112 0.723345)
(0.562501 -0.0591146 0.72335)
(0.562502 -0.133413 0.723339)
(0.499932 -0.13342 0.723283)
(0.5 0 0.721979)
(0.562503 0 0.721978)
(0.437497 -0.0591151 0.723349)
(0.437497 0 0.721978)
(0.437498 -0.133415 0.723333)
(0.4998 -0.2 0.722055)
(0.437523 -0.2 0.722234)
(0.562533 -0.2 0.722223)
(0.625005 -0.133427 0.723364)
(0.625003 -0.2 0.722301)
(0.625005 -0.0591376 0.723352)
(0.625007 0 0.721975)
(0.625088 -0.261917 0.723877)
(0.65631 -0.26192 0.78708)
(0.625069 -0.261715 0.787352)
(0.625275 -0.322043 0.789802)
(0.656432 -0.320699 0.852796)
(0.625181 -0.320503 0.853797)
(0.625414 -0.37976 0.861221)
(0.65642 -0.377433 0.925532)
(0.625177 -0.377513 0.927101)
(0.625343 -0.438882 0.93672)
(0.625113 -0.441448 1)
(0.56254 -0.441453 1)
(0.562644 -0.438907 0.936751)
(0.5 -0.441459 1)
(0.5 -0.438921 0.936752)
(0.43746 -0.441453 1)
(0.437357 -0.438907 0.93675)
(0.374887 -0.441448 1)
(0.374658 -0.438883 0.936718)
(0.312229 -0.441422 1)
(0.311829 -0.43882 0.936663)
(0.249361 -0.441379 1)
(0.248727 -0.438718 0.93653)
(0.186064 -0.441297 1)
(0.185112 -0.438536 0.936276)
(0.122194 -0.441188 1)
(0.120474 -0.438267 0.9358)
(0.122143 -0.37668 0.926351)
(0.15464 -0.376981 0.92522)
(0.186147 -0.377143 0.926757)
(0.121303 -0.377631 0.858264)
(0.185304 -0.378784 0.85999)
(0.248716 -0.379343 0.860727)
(0.249332 -0.377361 0.926956)
(0.218041 -0.377258 0.925393)
(0.186404 -0.319813 0.853157)
(0.218104 -0.32036 0.852519)
(0.249405 -0.320228 0.853555)
(0.280916 -0.320597 0.852708)
(0.312172 -0.320415 0.85372)
(0.311757 -0.379621 0.861063)
(0.249215 -0.32159 0.789432)
(0.312028 -0.321895 0.789678)
(0.249817 -0.261622 0.787225)
(0.281167 -0.261887 0.787051)
(0.312389 -0.261676 0.787322)
(0.343702 -0.261923 0.787093)
(0.37494 -0.26172 0.787348)
(0.374733 -0.322053 0.789792)
(0.312359 -0.261865 0.723826)
(0.374909 -0.261923 0.723814)
(0.313309 -0.2 0.722548)
(0.375036 -0.2 0.722131)
(0.312496 -0.133491 0.72335)
(0.37499 -0.133433 0.723306)
(0.312496 -0.0592544 0.723349)
(0.374995 -0.0591401 0.723346)
(0.312587 0 0.721999)
(0.374994 0 0.721975)
(0.24999 -0.05971 0.723351)
(0.251028 0 0.722308)
(0.437461 -0.261951 0.723855)
(0.499932 -0.261955 0.72381)
(0.56254 -0.26195 0.723863)
(0.593784 -0.261939 0.787121)
(0.56253 -0.261738 0.787383)
(0.562622 -0.322123 0.789852)
(0.593842 -0.32075 0.852828)
(0.56258 -0.320546 0.853829)
(0.562684 -0.37983 0.861287)
(0.593831 -0.377458 0.925552)
(0.562575 -0.377536 0.927121)
(0.5 -0.377544 0.927126)
(0.531274 -0.377468 0.92556)
(0.437426 -0.377536 0.927121)
(0.468726 -0.377468 0.92556)
(0.374825 -0.377514 0.9271)
(0.40617 -0.377459 0.925551)
(0.312156 -0.377463 0.927055)
(0.343582 -0.377434 0.92553)
(0.280913 -0.377379 0.925485)
(0.374592 -0.379764 0.861217)
(0.343575 -0.320702 0.852791)
(0.374825 -0.320503 0.853797)
(0.437378 -0.322127 0.789844)
(0.437423 -0.320545 0.853829)
(0.406164 -0.320749 0.852828)
(0.406229 -0.261943 0.787105)
(0.437475 -0.261741 0.787363)
(0.499982 -0.261746 0.787363)
(0.468741 -0.26195 0.787112)
(0.531246 -0.26195 0.78712)
(0.499993 -0.322147 0.789857)
(0.531278 -0.320769 0.852843)
(0.499999 -0.320559 0.853834)
(0.5 -0.379852 0.861303)
(0.437319 -0.379832 0.861285)
(0.468723 -0.320769 0.852841)
(0.312502 -0.133871 0.786714)
(0.312498 -0.0606478 0.786796)
(0.312848 -0.2 0.777585)
(0.312513 -0.167979 0.7867)
(0.31249 -0.231043 0.786824)
(0.281248 -0.231062 0.786772)
(0.249973 -0.231037 0.786782)
(0.249894 -0.261716 0.818672)
(0.249985 -0.23101 0.818427)
(0.249699 -0.290591 0.851489)
(0.24987 -0.261084 0.850501)
(0.218327 -0.290528 0.851307)
(0.186828 -0.290385 0.851298)
(0.154904 -0.319811 0.852105)
(0.155295 -0.290052 0.851115)
(0.12282 -0.318351 0.852732)
(0.123529 -0.28919 0.851142)
(0.124152 -0.260063 0.850452)
(0.155736 -0.26057 0.850461)
(0.124698 -0.230553 0.850173)
(0.156124 -0.230715 0.850174)
(0.124984 -0.2 0.850154)
(0.156362 -0.2 0.850126)
(0.124786 -0.16749 0.850091)
(0.15619 -0.167639 0.850092)
(0.124486 -0.132613 0.850114)
(0.156 -0.133073 0.850123)
(0.124302 -0.0954642 0.8503)
(0.155889 -0.0962793 0.850316)
(0.124384 -0.0586508 0.850541)
(0.15593 -0.0599295 0.850551)
(0.124565 -0.0236579 0.850629)
(0.156047 -0.0258289 0.850593)
(0.124666 0 0.850544)
(0.15618 0 0.850419)
(0.187561 0 0.850339)
(0.187435 -0.0272613 0.850572)
(0.218817 0 0.850304)
(0.218741 -0.0277325 0.850567)
(0.25003 0 0.850269)
(0.250004 -0.0278358 0.850566)
(0.250086 0 0.817092)
(0.250003 -0.0275134 0.818558)
(0.250427 0 0.776931)
(0.250005 -0.0271884 0.786755)
(0.249987 -0.0608373 0.786796)
(0.281246 -0.0597992 0.786823)
(0.281252 -0.135252 0.786703)
(0.249985 -0.134197 0.78671)
(0.281272 -0.168121 0.786678)
(0.282095 -0.2 0.786345)
(0.254203 -0.2 0.782455)
(0.250567 -0.2 0.817786)
(0.249978 -0.230875 0.850128)
(0.250113 -0.2 0.849949)
(0.218533 -0.261006 0.850481)
(0.218633 -0.230845 0.850172)
(0.187149 -0.260827 0.850488)
(0.187339 -0.230788 0.850175)
(0.187336 -0.2 0.850132)
(0.187388 -0.167749 0.85009)
(0.187354 -0.133464 0.850122)
(0.187316 -0.096927 0.850322)
(0.187353 -0.0608606 0.850551)
(0.218693 -0.0611595 0.850556)
(0.249981 -0.0612928 0.850556)
(0.249985 -0.0600548 0.818628)
(0.249984 -0.135252 0.818387)
(0.249974 -0.134034 0.850108)
(0.249966 -0.0974833 0.850352)
(0.250009 -0.16803 0.786682)
(0.25001 -0.168099 0.818348)
(0.250002 -0.167905 0.850038)
(0.218619 -0.2 0.850105)
(0.218666 -0.167857 0.850088)
(0.218673 -0.13388 0.850121)
(0.218665 -0.0973064 0.850349)
(0.0538178 -0.437789 0.934379)
(0.0595514 -0.440887 1)
(0 -0.438877 1)
(0 -0.437838 0.926263)
(0.0569158 -0.375657 0.924879)
(0.0901304 -0.376349 0.924779)
(0 -0.38391 0.921664)
(0.025083 -0.374969 0.922858)
(0 -0.344845 0.918755)
(0.0264701 -0.343974 0.919282)
(0 -0.313028 0.916119)
(0.0270553 -0.313455 0.916425)
(0 -0.282707 0.914609)
(0.0273199 -0.283518 0.914758)
(0 -0.253248 0.913886)
(0.0276144 -0.254495 0.913925)
(0 -0.224934 0.913551)
(0.0283972 -0.227006 0.913534)
(0 -0.2 0.913342)
(0.0157152 -0.2 0.913067)
(0.0347333 -0.2 0.913368)
(0 -0.17876 0.913341)
(0.0132897 -0.181161 0.913297)
(0 -0.155981 0.913382)
(0.0131542 -0.162843 0.913359)
(0 -0.126432 0.913474)
(0.0280365 -0.128475 0.913399)
(0.0290998 -0.164129 0.913364)
(0 -0.126448 0.881702)
(0.0281419 -0.128507 0.881717)
(0 -0.126447 0.850009)
(0.0281725 -0.128515 0.85003)
(0.0605503 -0.130458 0.85006)
(0.0604992 -0.130432 0.881715)
(0.0614517 -0.166444 0.850025)
(0.061393 -0.166421 0.881709)
(0.0625472 -0.2 0.850001)
(0.0624252 -0.2 0.881724)
(0.0932183 -0.167202 0.850036)
(0.0935242 -0.2 0.850006)
(0.0930919 -0.230202 0.850117)
(0.0612218 -0.229377 0.850106)
(0.0923334 -0.259107 0.85041)
(0.0601333 -0.257241 0.850387)
(0.0915536 -0.287769 0.850983)
(0.0910126 -0.317255 0.851739)
(0.0574317 -0.375866 0.855717)
(0.0581794 -0.344985 0.853258)
(0.0588806 -0.315166 0.851791)
(0.0574735 -0.375617 0.888459)
(0.0580742 -0.344766 0.919819)
(0.0581262 -0.344829 0.886193)
(0.0587537 -0.31453 0.916449)
(0.0592731 -0.285027 0.91458)
(0.0600213 -0.256717 0.913713)
(0.0611454 -0.229165 0.913477)
(0.0624886 -0.2 0.91347)
(0.0295906 -0.182585 0.913351)
(0.0613651 -0.166348 0.913354)
(0.0603772 -0.130387 0.913229)
(0.0611617 -0.229305 0.881813)
(0.0600945 -0.257063 0.882136)
(0.0593906 -0.285691 0.850922)
(0.0593565 -0.285451 0.882861)
(0.0588415 -0.314921 0.884131)
(0.061337 -0.0228648 0.850405)
(0.0605764 -0.0586685 0.850303)
(0.0281049 -0.0608841 0.850098)
(0.0289185 -0.0264325 0.850129)
(0.0930482 -0.0221919 0.850593)
(0.0926643 -0.0578795 0.850473)
(0.0622894 0 0.850353)
(0.0932864 0 0.850546)
(0.0612624 -0.0237498 0.818516)
(0.0621634 0 0.818471)
(0.0288266 -0.0267006 0.834219)
(0.0288932 -0.0266605 0.818384)
(0.0281027 -0.0609743 0.818378)
(0 -0.0625045 0.850013)
(0 -0.0624996 0.818336)
(0.0278504 -0.0945114 0.850057)
(0 -0.0942785 0.850013)
(0.0601847 -0.0946367 0.85015)
(0.0924377 -0.0947996 0.850247)
(0.0927286 -0.131933 0.850086)
(0 -0.0624994 0.786667)
(0.0280975 -0.0610663 0.786685)
(0 -0.0625 0.755)
(0.0280949 -0.0611175 0.755006)
(0 -0.0625004 0.723333)
(0.0280943 -0.0611389 0.723335)
(0 -0.0625007 0.691667)
(0.0280944 -0.0611469 0.691667)
(0 -0.0625007 0.66)
(0.0280944 -0.0611501 0.66)
(0 -0.0625008 0.628333)
(0.0280943 -0.061152 0.628333)
(0 -0.062501 0.596667)
(0.0280942 -0.0611547 0.596666)
(0 -0.0625017 0.565)
(0.0280944 -0.0611624 0.565)
(0 -0.0625043 0.533333)
(0.0280945 -0.0611862 0.533333)
(0 -0.0625122 0.501665)
(0.0280943 -0.0612581 0.501668)
(0 -0.0625331 0.469995)
(0.0280943 -0.0614315 0.470002)
(0 -0.0625663 0.438328)
(0.0280984 -0.0616765 0.438334)
(0 -0.0625872 0.406665)
(0.028105 -0.0618323 0.406666)
(0 -0.062595 0.374999)
(0.0281059 -0.0618984 0.374999)
(0 -0.0625975 0.343333)
(0.028106 -0.0619201 0.343332)
(0 -0.0625983 0.311667)
(0.028106 -0.0619271 0.311665)
(0 -0.0625984 0.28)
(0.028106 -0.0619299 0.279997)
(0 -0.0625984 0.248333)
(0.0281061 -0.0619311 0.248327)
(0.028872 -0.0290556 0.248331)
(0.0288309 -0.0289065 0.264166)
(0.0288719 -0.0290546 0.279999)
(0.0612401 -0.0283474 0.248326)
(0.0612397 -0.0283434 0.279996)
(0.0623235 0 0.248332)
(0.062323 0 0.279999)
(0.0623225 0 0.311665)
(0.0612392 -0.0283384 0.311664)
(0.0623216 0 0.343329)
(0.0612386 -0.028326 0.34333)
(0.0623197 0 0.374994)
(0.0612372 -0.0282728 0.374998)
(0.0623068 0 0.40668)
(0.0612335 -0.0280135 0.406672)
(0.0622441 0 0.438427)
(0.0612199 -0.0271861 0.43836)
(0.062135 0 0.470141)
(0.0612061 -0.025905 0.470043)
(0.0620656 0 0.501713)
(0.0611969 -0.0250686 0.501686)
(0.0620554 0 0.533325)
(0.0611945 -0.0248073 0.533332)
(0.0620538 0 0.564992)
(0.0611933 -0.0247529 0.564996)
(0.0620526 0 0.596663)
(0.0611927 -0.0247403 0.596664)
(0.0620522 0 0.628332)
(0.0611926 -0.0247367 0.628332)
(0.0620518 0 0.659998)
(0.0611926 -0.0247344 0.659999)
(0.0620507 0 0.691661)
(0.0611923 -0.0247297 0.691664)
(0.062048 0 0.723322)
(0.0611919 -0.0247135 0.723331)
(0.0620469 0 0.754991)
(0.0611946 -0.0246529 0.75501)
(0.0620719 0 0.786697)
(0.0612122 -0.024409 0.786728)
(0.0288107 -0.026828 0.802517)
(0.0288764 -0.0268356 0.786682)
(0.0288713 -0.026904 0.755002)
(0.0288037 -0.0268989 0.770836)
(0.0288713 -0.0269222 0.723332)
(0.0288032 -0.0269215 0.739166)
(0.0288719 -0.0269275 0.691666)
(0.0288039 -0.0269276 0.707499)
(0.0288722 -0.0269292 0.66)
(0.0288044 -0.0269295 0.675833)
(0.0288723 -0.0269301 0.628333)
(0.0288045 -0.0269302 0.644166)
(0.0288724 -0.0269316 0.596666)
(0.0288047 -0.0269308 0.6125)
(0.0288728 -0.0269365 0.564998)
(0.0288049 -0.0269325 0.580832)
(0.0288735 -0.0269589 0.533332)
(0.0288056 -0.0269399 0.549165)
(0.0288713 -0.0270848 0.501671)
(0.0288055 -0.0269831 0.517499)
(0.0288665 -0.0275833 0.470013)
(0.0288008 -0.0272175 0.485839)
(0.0288758 -0.0284269 0.438338)
(0.0288103 -0.0279387 0.454172)
(0.0288704 -0.0289136 0.406665)
(0.0288279 -0.0286382 0.422498)
(0.0288714 -0.0290283 0.374998)
(0.0288304 -0.0288583 0.390831)
(0.0288717 -0.0290486 0.343332)
(0.0288308 -0.0288978 0.359166)
(0.0288718 -0.029053 0.311666)
(0.0288308 -0.0289043 0.327499)
(0.0288308 -0.0289059 0.295833)
(0.879991 -0.438664 0.136403)
(0.878982 -0.437976 0.0639187)
(0.945994 -0.437619 0.065826)
(0.944684 -0.43777 0.140278)
(0.877248 -0.440816 0)
(0.940243 -0.440764 0)
(1 -0.438877 0)
(1 -0.4377 0.0743802)
(1 -0.438486 0.143487)
(1 -0.438776 0.211969)
(0.944295 -0.438045 0.209984)
(1 -0.438902 0.278053)
(0.944246 -0.438248 0.276699)
(1 -0.438956 0.342603)
(0.944247 -0.438362 0.341756)
(1 -0.438986 0.406412)
(0.944256 -0.438432 0.405933)
(1 -0.438989 0.469921)
(0.944259 -0.438455 0.469702)
(1 -0.438995 0.533337)
(0.944262 -0.438465 0.533322)
(0.880759 -0.440183 0.597371)
(0.880768 -0.440244 0.533292)
(0.879218 -0.378883 0.533336)
(0.877463 -0.319171 0.565076)
(0.877576 -0.319117 0.53334)
(0.814112 -0.321541 0.533343)
(0.812857 -0.261761 0.565031)
(0.812957 -0.261532 0.533336)
(0.750288 -0.261862 0.53334)
(0.748914 -0.2 0.533329)
(0.75003 -0.1334 0.533336)
(0.750012 -0.0591046 0.533336)
(0.748657 0 0.533336)
(0.748657 0 0.469998)
(0.750015 -0.0591055 0.469999)
(0.748654 0 0.40666)
(0.750011 -0.0591313 0.406659)
(0.687378 0 0.406657)
(0.687509 -0.058538 0.406657)
(0.687386 0 0.343449)
(0.687509 -0.0587007 0.343324)
(0.687515 -0.133309 0.343319)
(0.687508 -0.133227 0.406641)
(0.687452 -0.2 0.344414)
(0.687401 -0.2 0.406693)
(0.687665 -0.261969 0.342861)
(0.687669 -0.26202 0.406361)
(0.688093 -0.323054 0.341476)
(0.688134 -0.32326 0.405554)
(0.75097 -0.32249 0.341685)
(0.751017 -0.322653 0.4057)
(0.751934 -0.382849 0.339778)
(0.752032 -0.383173 0.404605)
(0.753011 -0.443601 0.337646)
(0.75321 -0.444074 0.40331)
(0.816817 -0.441889 0.338853)
(0.816937 -0.442185 0.404146)
(0.752777 -0.442831 0.270551)
(0.816614 -0.441391 0.272359)
(0.8806 -0.439734 0.274461)
(0.880687 -0.44 0.340281)
(0.816155 -0.440556 0.203983)
(0.880413 -0.439293 0.206873)
(0.880738 -0.440162 0.405049)
(0.880756 -0.440229 0.469279)
(0.879211 -0.378879 0.469564)
(0.815592 -0.381459 0.533328)
(0.81558 -0.381454 0.469277)
(0.751043 -0.322723 0.533342)
(0.752087 -0.383313 0.533308)
(0.750318 -0.261862 0.469893)
(0.751043 -0.322722 0.469559)
(0.749022 -0.2 0.470008)
(0.75006 -0.133402 0.470004)
(0.750031 -0.133413 0.406645)
(0.748935 -0.2 0.406695)
(0.750282 -0.261845 0.406404)
(0.752069 -0.383307 0.469043)
(0.753224 -0.444236 0.468421)
(0.816973 -0.442306 0.468838)
(0.815359 -0.439382 0.133463)
(0.814322 -0.438167 0.0632385)
(0.752228 -0.441496 0.201888)
(0.751587 -0.439864 0.132145)
(0.689178 -0.443722 0.269591)
(0.688803 -0.442065 0.200917)
(0.68939 -0.444756 0.336888)
(0.68871 -0.383783 0.339319)
(0.625339 -0.323341 0.341351)
(0.625705 -0.384291 0.339029)
(0.625087 -0.262051 0.342836)
(0.624995 -0.2 0.344435)
(0.625002 -0.133249 0.343325)
(0.625007 -0.0585573 0.343324)
(0.62501 0 0.343457)
(0.562505 0 0.343455)
(0.562503 -0.0585262 0.343324)
(0.5 0 0.343455)
(0.500003 -0.058521 0.343319)
(0.437495 0 0.343455)
(0.4375 -0.0585261 0.34332)
(0.437497 0 0.281361)
(0.437501 -0.0592062 0.279984)
(0.43753 -0.133496 0.27994)
(0.437516 -0.133235 0.343305)
(0.50002 -0.133234 0.343292)
(0.437521 -0.2 0.344397)
(0.500061 -0.2 0.344347)
(0.437479 -0.262088 0.342799)
(0.500021 -0.262094 0.342782)
(0.437357 -0.323476 0.341278)
(0.500008 -0.323514 0.341254)
(0.437499 -0.261982 0.279256)
(0.437381 -0.32302 0.276973)
(0.43723 -0.383638 0.273165)
(0.437185 -0.384538 0.338888)
(0.437411 -0.322219 0.212586)
(0.437296 -0.382068 0.206518)
(0.437183 -0.442559 0.200203)
(0.437067 -0.444485 0.268746)
(0.437377 -0.379651 0.138975)
(0.437314 -0.440419 0.131134)
(0.500001 -0.440453 0.131094)
(0.500002 -0.442618 0.200106)
(0.43744 -0.43855 0.0625996)
(0.5 -0.438566 0.0625883)
(0.437505 -0.440935 0)
(0.5 -0.440945 0)
(0.562495 -0.440934 0)
(0.562561 -0.43855 0.0625981)
(0.625003 -0.440919 0)
(0.62516 -0.438516 0.0626329)
(0.687562 -0.440879 0)
(0.687864 -0.43844 0.0627139)
(0.750283 -0.440832 0)
(0.75082 -0.438329 0.0628838)
(0.813426 -0.440786 0)
(0.688356 -0.440157 0.131542)
(0.625726 -0.442402 0.200397)
(0.625443 -0.440337 0.131254)
(0.625987 -0.444258 0.268895)
(0.626121 -0.445427 0.336354)
(0.562823 -0.384535 0.338891)
(0.563012 -0.445747 0.336161)
(0.562653 -0.323476 0.341286)
(0.562527 -0.262088 0.342825)
(0.562451 -0.2 0.344455)
(0.562488 -0.133233 0.343329)
(0.500004 -0.384611 0.338833)
(0.436997 -0.445751 0.336158)
(0.500005 -0.445861 0.336027)
(0.500004 -0.444587 0.268528)
(0.56282 -0.442561 0.200203)
(0.56294 -0.444484 0.268748)
(0.562688 -0.440421 0.131133)
(0.0553168 -0.437781 0.140276)
(0.0540073 -0.437625 0.0658248)
(0.121021 -0.437983 0.0639166)
(0.120014 -0.438679 0.1364)
(0 -0.438493 0.143486)
(0 -0.437704 0.0743786)
(0.0557064 -0.43806 0.209982)
(0 -0.438785 0.211969)
(0.0574815 -0.375772 0.146306)
(0.0578041 -0.375798 0.18121)
(0.0576042 -0.376047 0.213273)
(0.121462 -0.377432 0.142893)
(0.184648 -0.439394 0.133459)
(0.185542 -0.378555 0.14061)
(0.185683 -0.438173 0.0632367)
(0.122754 -0.440818 0)
(0.186576 -0.440789 0)
(0.059758 -0.440766 0)
(0 -0.438877 0)
(0.249719 -0.440834 0)
(0.249184 -0.438333 0.0628836)
(0.312439 -0.44088 0)
(0.312138 -0.438441 0.0627145)
(0.374998 -0.44092 0)
(0.374842 -0.438516 0.0626343)
(0.374559 -0.440336 0.131257)
(0.374712 -0.379581 0.139063)
(0.374535 -0.381941 0.206664)
(0.406141 -0.322442 0.213294)
(0.374795 -0.32215 0.212645)
(0.374716 -0.322913 0.277051)
(0.406239 -0.262126 0.279505)
(0.374928 -0.261954 0.279305)
(0.374919 -0.262052 0.342843)
(0.375051 -0.2 0.344403)
(0.375002 -0.133245 0.34333)
(0.406269 -0.134963 0.279951)
(0.374996 -0.133506 0.279973)
(0.374995 -0.059228 0.279989)
(0.374993 0 0.281363)
(0.312583 0 0.281339)
(0.312493 -0.0593326 0.27999)
(0.251014 0 0.281027)
(0.249986 -0.0597589 0.279986)
(0.249978 -0.133667 0.279971)
(0.281239 -0.135021 0.279968)
(0.312489 -0.133538 0.279974)
(0.249973 -0.133442 0.343343)
(0.312488 -0.133293 0.343336)
(0.251309 -0.2 0.34374)
(0.312956 -0.2 0.344008)
(0.249745 -0.261816 0.34295)
(0.312343 -0.261975 0.342881)
(0.249776 -0.261763 0.279399)
(0.28114 -0.26204 0.279567)
(0.312367 -0.261895 0.279339)
(0.249141 -0.322214 0.277453)
(0.311991 -0.322685 0.2772)
(0.24932 -0.321659 0.213004)
(0.280857 -0.322172 0.213491)
(0.312124 -0.321997 0.21277)
(0.186064 -0.321226 0.277871)
(0.186252 -0.320858 0.21345)
(0.218004 -0.321722 0.213745)
(0.122543 -0.318998 0.278553)
(0.122677 -0.319048 0.246957)
(0.122671 -0.31881 0.214231)
(0.154789 -0.320525 0.214223)
(0.121096 -0.378155 0.210645)
(0.18499 -0.380023 0.208734)
(0.248951 -0.379136 0.139678)
(0.248527 -0.381122 0.207572)
(0.248419 -0.439871 0.132145)
(0.311648 -0.440159 0.131543)
(0.311943 -0.379429 0.13926)
(0.311652 -0.381664 0.206978)
(0.343536 -0.322359 0.213358)
(0.34368 -0.2621 0.279539)
(0.343737 -0.134975 0.279969)
(0.187396 -0.0608816 0.279982)
(0.187386 -0.134171 0.279968)
(0.218698 -0.135185 0.27996)
(0.197127 0 0.280418)
(0.187456 -0.027212 0.279994)
(0.157551 0 0.280072)
(0.156133 -0.0275357 0.279992)
(0.124995 0 0.280012)
(0.124715 -0.0278359 0.279992)
(0.124961 0 0.248376)
(0.124716 -0.0278747 0.248319)
(0.0934654 0 0.248331)
(0.0931297 -0.028029 0.248322)
(0.0605075 -0.0617545 0.248315)
(0.0926918 -0.0615386 0.248303)
(0.0278556 -0.0949544 0.248324)
(0.0601842 -0.0959731 0.248307)
(0 -0.094313 0.248333)
(0 -0.126458 0.248333)
(0.0281735 -0.128694 0.248321)
(0 -0.155979 0.248333)
(0.0131845 -0.16287 0.24833)
(0.0291572 -0.16423 0.248307)
(0 -0.178755 0.248333)
(0.0133606 -0.181162 0.248345)
(0 -0.2 0.248333)
(0.0160405 -0.2 0.248438)
(0 -0.225061 0.24833)
(0.0284531 -0.227168 0.248266)
(0.0347279 -0.2 0.248177)
(0 -0.22506 0.216657)
(0.0284744 -0.227164 0.216616)
(0 -0.253446 0.216635)
(0.0277334 -0.254831 0.216522)
(0 -0.28293 0.216572)
(0.0274684 -0.283921 0.216365)
(0 -0.31334 0.216398)
(0.0272847 -0.31389 0.216077)
(0 -0.345402 0.215961)
(0.0269957 -0.344404 0.215556)
(0 -0.385017 0.214901)
(0.0264219 -0.37538 0.214787)
(0.0582668 -0.345137 0.214879)
(0.0909644 -0.317584 0.215256)
(0.0589051 -0.315349 0.21559)
(0.123438 -0.289566 0.215376)
(0.09152 -0.288043 0.215733)
(0.123291 -0.289453 0.247504)
(0.123237 -0.289461 0.279356)
(0.187095 -0.26148 0.279523)
(0.155786 -0.261443 0.279739)
(0.124097 -0.260468 0.279733)
(0.218545 -0.261903 0.279617)
(0.249949 -0.231074 0.279854)
(0.218678 -0.231071 0.279881)
(0.250349 -0.2 0.289094)
(0.249991 -0.167939 0.279981)
(0.218721 -0.168101 0.279978)
(0.187419 -0.168018 0.279987)
(0.156016 -0.135139 0.279966)
(0.156125 -0.168057 0.279972)
(0.156009 -0.0600832 0.279982)
(0.124452 -0.0612032 0.279982)
(0.124241 -0.097142 0.279974)
(0.124485 -0.133707 0.279976)
(0.124456 -0.0612897 0.248295)
(0.0924377 -0.0967545 0.248289)
(0.12426 -0.097158 0.248273)
(0.0605644 -0.130992 0.248308)
(0.0927538 -0.132729 0.248299)
(0.061456 -0.166574 0.248321)
(0.0296017 -0.182611 0.248257)
(0.0625186 -0.2 0.248327)
(0.0612104 -0.229419 0.248273)
(0.0612244 -0.229411 0.216545)
(0.0601387 -0.257349 0.216336)
(0.0593977 -0.285853 0.216026)
(0.0923298 -0.259291 0.216184)
(0.124128 -0.260337 0.216045)
(0.124113 -0.260432 0.247948)
(0.124669 -0.230683 0.279928)
(0.12468 -0.230669 0.248227)
(0.156057 -0.230917 0.279907)
(0.187356 -0.230995 0.279894)
(0.219554 -0.2 0.280292)
(0.191567 -0.2 0.284225)
(0.156693 -0.2 0.280495)
(0.124769 -0.167776 0.279988)
(0.124973 -0.2 0.280037)
(0.124492 -0.133641 0.248274)
(0.124778 -0.167752 0.248309)
(0.0932649 -0.167398 0.248353)
(0.0936291 -0.2 0.24845)
(0.0931269 -0.230277 0.248286)
(0.0931087 -0.23026 0.216508)
(0.124685 -0.230638 0.216461)
(0.124975 -0.2 0.248378)
(0.908094 8.48581e-05 1)
(0.940832 6.70802e-05 1)
(0.939129 0 0.98)
(0.922011 0 0.98)
(0.906341 0 0.98)
(0.971437 3.86475e-05 1)
(0.965434 0 0.98)
(0.99731 0 1)
(0.990074 0 0.98)
(0.982078 0 0.98)
(0.890623 0 0.98)
(0.875005 0 0.98)
(0.875777 9.37789e-05 1)
(0.859373 0 0.98)
(0.84375 0 0.98)
(0.84403 9.68108e-05 1)
(0.828125 0 0.98)
(0.8125 0 0.98)
(0.812585 9.78178e-05 1)
(0.796876 0 0.98)
(0.78125 0 0.98)
(0.781271 9.81226e-05 1)
(0.765623 0 0.98)
(0.75 0 0.98)
(0.750004 9.82063e-05 1)
(0.734373 0 0.98)
(0.71875 0 0.98)
(0.71875 9.82292e-05 1)
(0.703127 0 0.98)
(0.6875 0 0.98)
(0.6875 9.82365e-05 1)
(0.812602 -0.0605593 0.596668)
(0.812608 -0.133767 0.596658)
(0.802529 0 0.596669)
(0.812542 -0.0270248 0.596669)
(0.842375 0 0.596668)
(0.843869 -0.0274432 0.596668)
(0.874993 0 0.596667)
(0.875288 -0.0277981 0.596667)
(0.906538 0 0.596667)
(0.906874 -0.0280027 0.596667)
(0.937678 0 0.596667)
(0.938762 -0.0283395 0.596667)
(0.937678 0 0.565)
(0.938762 -0.0283394 0.565)
(0.96539 0 0.565)
(0.970964 -0.0129837 0.565)
(0.971129 -0.0290537 0.565)
(0.984927 0 0.565)
(0.987286 -0.0126835 0.565)
(1 0 0.565)
(1 -0.0150428 0.565)
(1 -0.034575 0.565)
(0.987058 -0.02904 0.565)
(1 -0.0625985 0.565)
(0.971895 -0.0619287 0.565)
(1 -0.0625985 0.596667)
(0.971894 -0.0619287 0.596667)
(1 -0.0943131 0.596667)
(0.972144 -0.0949557 0.596666)
(1 -0.126458 0.596667)
(0.971819 -0.128698 0.596666)
(1 -0.155979 0.596667)
(0.986812 -0.16287 0.596679)
(0.9708 -0.164235 0.59667)
(1 -0.178755 0.596667)
(0.986638 -0.181164 0.596718)
(1 -0.2 0.596667)
(0.983951 -0.2 0.596855)
(1 -0.225061 0.596667)
(0.971473 -0.227173 0.596622)
(0.964995 -0.2 0.596548)
(1 -0.253448 0.596667)
(0.972259 -0.254849 0.59666)
(1 -0.282935 0.596667)
(0.972536 -0.28395 0.596673)
(1 -0.313353 0.596669)
(0.97272 -0.313934 0.596683)
(1 -0.345434 0.596675)
(0.973005 -0.344471 0.596698)
(1 -0.385096 0.596698)
(0.973578 -0.375487 0.596724)
(0.941746 -0.34527 0.596746)
(0.909155 -0.317738 0.596766)
(0.941129 -0.315451 0.596718)
(0.876844 -0.289469 0.596759)
(0.90859 -0.288118 0.596724)
(0.844228 -0.261499 0.596715)
(0.875941 -0.260491 0.596702)
(0.812638 -0.230985 0.596644)
(0.843923 -0.230932 0.596718)
(0.803206 -0.2 0.596542)
(0.81256 -0.167944 0.596624)
(0.843982 -0.135101 0.596675)
(0.843851 -0.16805 0.596707)
(0.843992 -0.0598781 0.596668)
(0.875554 -0.0611169 0.596667)
(0.875773 -0.097118 0.596666)
(0.875531 -0.133719 0.596665)
(0.907316 -0.0614784 0.596667)
(0.939495 -0.0617385 0.596667)
(0.971128 -0.0290537 0.596667)
(0.971169 -0.0289059 0.580833)
(0.939819 -0.0959747 0.596666)
(0.939431 -0.131008 0.596666)
(0.938509 -0.166583 0.596677)
(0.970259 -0.182615 0.596647)
(0.937368 -0.2 0.596715)
(0.938747 -0.229429 0.596671)
(0.939869 -0.257399 0.596675)
(0.940634 -0.285924 0.596695)
(0.90772 -0.259373 0.596684)
(0.875358 -0.23069 0.59667)
(0.906922 -0.230285 0.596643)
(0.842546 -0.2 0.596821)
(0.875006 -0.2 0.596645)
(0.875254 -0.167784 0.596661)
(0.907267 -0.132767 0.596659)
(0.90678 -0.167414 0.596638)
(0.907579 -0.0967451 0.596665)
(0.906495 -0.2 0.596582)
(0.65625 9.82392e-05 1)
(0.671878 0 0.98)
(0.65625 0 0.98)
(0.640625 0 0.98)
(0.625 0 0.98)
(0.625 9.82401e-05 1)
(0.609373 0 0.98)
(0.59375 0 0.98)
(0.59375 9.82401e-05 1)
(0.578125 0 0.98)
(0.5625 0 0.98)
(0.5625 9.82399e-05 1)
(0.546877 0 0.98)
(0.53125 0 0.98)
(0.53125 9.82397e-05 1)
(0.515626 0 0.98)
(0.5 0 0.98)
(0.5 9.82396e-05 1)
(0.499827 0.138577 0.850246)
(0.499585 0.0996693 0.851227)
(0.499437 0.0620407 0.851937)
(0.499664 0.0606015 0.819524)
(0.499827 0.062019 0.787266)
(0.49994 0.140075 0.786743)
(0.499703 0.13513 0.88213)
(0.499459 0.0989802 0.88315)
(0.5 0.2 0.848253)
(0.5 0.2 0.902543)
(0.49995 0.172113 0.912687)
(0.499767 0.13623 0.913174)
(0.5 0.2 0.786401)
(0.49998 0.140206 0.723357)
(0.5 0.2 0.7233)
(0.49995 0.0606905 0.723493)
(0.499839 0.0273098 0.787219)
(0.499908 0 0.776856)
(0.499974 0 0.722059)
(0.499694 0.02764 0.819402)
(0.499378 0.0280064 0.852168)
(0.49912 0.0624596 0.884617)
(0.498834 0.0282017 0.8857)
(0.499419 0.0993326 0.914458)
(0.498829 0.0629313 0.917028)
(0.499843 0.135582 0.943831)
(0.499574 0.0992 0.944639)
(0.499965 0.171627 0.944163)
(0.5 0.2 0.942536)
(0.5 0.2 0.973215)
(0.499988 0.171247 0.975544)
(0.5 0.2 1)
(0.5 0.166349 1)
(0.5 0.132426 1)
(0.499953 0.134125 0.973922)
(0.5 0.0976022 1)
(0.499882 0.0984844 0.973896)
(0.5 0.064126 1)
(0.499751 0.064336 0.975507)
(0.5 0.0318002 1)
(0.499606 0.0312072 0.981251)
(0.495725 0 0.955085)
(0.497561 0.0292837 0.953518)
(0.497608 0 0.920879)
(0.498087 0.0284892 0.919879)
(0.498757 0 0.885841)
(0.499424 0 0.851799)
(0.499763 0 0.817687)
(0.498941 0.0637619 0.947663)
(0.43748 0 0.722061)
(0.437462 0.060693 0.723498)
(0.37499 0 0.722058)
(0.374976 0.0607092 0.723496)
(0.37499 0 0.659898)
(0.374983 0.0601435 0.660051)
(0.312617 0 0.659903)
(0.312467 0.0602638 0.660045)
(0.312624 0 0.59668)
(0.312466 0.0601306 0.596682)
(0.312621 0 0.533336)
(0.312465 0.0601049 0.533337)
(0.312452 0.140136 0.533334)
(0.312452 0.140144 0.596671)
(0.312482 0.2 0.533333)
(0.312482 0.2 0.596666)
(0.312482 0.2 0.659994)
(0.312452 0.140171 0.660009)
(0.374999 0.2 0.659994)
(0.374986 0.140154 0.66001)
(0.374999 0.2 0.7233)
(0.374983 0.14021 0.723359)
(0.437501 0.2 0.7233)
(0.437484 0.140207 0.723359)
(0.0288445 -0.0289921 0.0897551)
(0.0280136 -0.0617769 0.0895524)
(0.0277115 -0.0615825 0.0574848)
(0.0287579 -0.0288638 0.0578328)
(0.028796 -0.0288439 0.0738995)
(0.0288216 -0.0288855 0.105719)
(0.0288638 -0.0290328 0.121561)
(0.0280828 -0.0618686 0.121457)
(0.0612066 -0.0281816 0.0895349)
(0.0612261 -0.0282943 0.121445)
(0.0611625 -0.0278104 0.057467)
(0.0286591 -0.0286763 0.0419932)
(0.0283632 -0.028404 0.0259343)
(0.0610003 -0.0267375 0.0253986)
(0.0266923 -0.0611858 0.0254062)
(0 -0.0625562 0.0577189)
(0 -0.0625989 0.0274859)
(0 -0.0625758 0.0896474)
(0 -0.0625879 0.12154)
(0.0281 -0.0619088 0.153242)
(0 -0.0625947 0.153293)
(0.028828 -0.0288994 0.137455)
(0.0288696 -0.0290485 0.153291)
(0.0612354 -0.0283341 0.153236)
(0.062317 0 0.121522)
(0.0623211 0 0.153287)
(0.062317 0 0.0896107)
(0.0623358 0 0.0576642)
(0.062459 0 0.0274498)
(0.0612616 -0.029622 0)
(0.0628931 0 0)
(0.0281812 -0.0282035 0.010438)
(0.0321109 -0.0321189 0)
(0.029614 -0.0612587 0)
(0 -0.0628931 0)
(0.0623233 0 0.184987)
(0.0612392 -0.0283482 0.184959)
(0.0623238 0 0.216663)
(0.0612403 -0.0283507 0.21665)
(0.0288309 -0.0289068 0.232498)
(0.028872 -0.029056 0.21666)
(0.0281059 -0.0619306 0.216651)
(0 -0.0625982 0.216664)
(0 -0.0625973 0.184989)
(0.0281047 -0.0619252 0.184962)
(0.0288301 -0.0289047 0.16915)
(0.0288715 -0.0290544 0.184983)
(0.0288307 -0.0289066 0.200827)
(0.625012 0.140156 0.343337)
(0.625012 0.140123 0.406666)
(0.625016 0.0599987 0.406662)
(0.625014 0.060146 0.343334)
(0.625001 0.2 0.343333)
(0.625 0.2 0.406666)
(0.687546 0.140179 0.343337)
(0.687517 0.2 0.343333)
(0.687534 0.0602764 0.343335)
(0.625011 0 0.343457)
(0.687391 0 0.34345)
(0.625013 0 0.406656)
(0.625016 0.059968 0.469998)
(0.625013 0 0.469996)
(0.625012 0.140112 0.47)
(0.625 0.2 0.47)
(0.562499 0.2 0.47)
(0.562503 0.140101 0.47)
(0.562499 0.2 0.533333)
(0.562502 0.140101 0.533335)
(0.5 0.2 0.533333)
(0.5 0.140099 0.533335)
(0.437501 0.2 0.533333)
(0.437497 0.140101 0.533335)
(0.375 0.2 0.533333)
(0.374988 0.140111 0.533335)
(0.374984 0.0599655 0.533339)
(0.374988 0 0.533338)
(0.437494 0 0.533338)
(0.437493 0.0599353 0.533339)
(0.5 0 0.533338)
(0.499999 0.0599302 0.533339)
(0.562506 0 0.533338)
(0.562505 0.059936 0.533339)
(0.562506 0 0.469996)
(0.562506 0.0599359 0.469998)
(0.748698 0 0.343418)
(0.750096 0.0607883 0.343334)
(0.749004 0 0.281029)
(0.750096 0.061183 0.280018)
(0.749595 0 0.226432)
(0.750032 0.0274454 0.216684)
(0.750082 0.0621651 0.216687)
(0.780294 0 0.217715)
(0.781324 0.0275703 0.216676)
(0.807887 0 0.221418)
(0.812686 0.0277829 0.216671)
(0.811938 0 0.185654)
(0.812676 0.0277963 0.185003)
(0.812509 0 0.153397)
(0.812669 0.0280131 0.153341)
(0.812562 0 0.121667)
(0.812654 0.0281254 0.121695)
(0.812551 0 0.0900757)
(0.812627 0.0282633 0.0900892)
(0.843916 0 0.0900736)
(0.844059 0.0282461 0.0900791)
(0.843861 0 0.0590256)
(0.843973 0.0285776 0.0585996)
(0.843781 0 0.031873)
(0.843792 0.0129515 0.0270406)
(0.843857 0.0291947 0.0275703)
(0.843758 0 0.013129)
(0.84377 0.0124839 0.0117205)
(0.84375 0 0)
(0.84376 0.0146048 0)
(0.843788 0.0344181 0)
(0.843795 0.0288712 0.0125035)
(0.843882 0.063486 0)
(0.843981 0.0630521 0.027587)
(0.843936 0.0969715 0)
(0.844047 0.0976952 0.0273371)
(0.843938 0.131909 0)
(0.844026 0.133594 0.0267742)
(0.843879 0.165866 0)
(0.843917 0.170924 0.0253096)
(0.843769 0.2 0)
(0.843803 0.2 0.0282151)
(0.843824 0.2 0.0595319)
(0.843964 0.171454 0.057747)
(0.843825 0.2 0.0919219)
(0.844019 0.171797 0.0897691)
(0.812535 0.2 0.100151)
(0.812626 0.172011 0.0899)
(0.812619 0.2 0.154775)
(0.812877 0.138274 0.153397)
(0.812893 0.13476 0.121688)
(0.812767 0.135917 0.089982)
(0.812638 0.2 0.216822)
(0.812945 0.139674 0.216695)
(0.750076 0.2 0.216846)
(0.750138 0.140017 0.216714)
(0.750083 0.2 0.280008)
(0.750152 0.140218 0.280016)
(0.750086 0.2 0.343333)
(0.750156 0.140203 0.343337)
(0.781404 0.0606978 0.21668)
(0.812843 0.0621246 0.216675)
(0.812814 0.0607115 0.18501)
(0.812817 0.0619629 0.153359)
(0.812793 0.0622399 0.121732)
(0.812742 0.0625056 0.0901787)
(0.844252 0.0624403 0.0901479)
(0.844126 0.0628615 0.0587718)
(0.844202 0.0984901 0.0586364)
(0.844146 0.135111 0.0582176)
(0.844274 0.135707 0.0898864)
(0.812803 0.0988709 0.0901448)
(0.844347 0.09872 0.0900837)
(0.812886 0.0986197 0.121726)
(0.812913 0.099376 0.153375)
(0.123638 -0.3925 1)
(0.12309 -0.376519 0.959037)
(0.12371 -0.344465 0.980302)
(0.123237 -0.345366 0.951481)
(0.124146 -0.340886 1)
(0.124204 -0.312926 1)
(0.123868 -0.313932 0.975352)
(0.12427 -0.283423 1)
(0.124027 -0.284292 0.97385)
(0.124399 -0.254608 1)
(0.124267 -0.255696 0.973881)
(0.124644 -0.227038 1)
(0.124645 -0.228324 0.975436)
(0.125 -0.2 1)
(0.124927 -0.2 0.975209)
(0.124646 -0.164269 1)
(0.124643 -0.165584 0.975298)
(0.124403 -0.129606 1)
(0.124313 -0.130433 0.973772)
(0.124283 -0.0960265 1)
(0.124155 -0.0963835 0.973668)
(0.124241 -0.0634546 1)
(0.124169 -0.0632803 0.974912)
(0.0919522 -0.0633968 1)
(0.0919852 -0.0631206 0.974945)
(0.091948 -0.0315166 1)
(0.0925084 -0.0309111 0.979626)
(0.0919536 0.000119855 1)
(0.0935652 0 0.98)
(0.0933167 -0.0158189 0.988705)
(0.12424 0.000109112 1)
(0.124923 0 0.98)
(0.109196 0 0.98)
(0.155976 9.79858e-05 1)
(0.156233 0 0.98)
(0.14053 0 0.98)
(0.187417 9.75768e-05 1)
(0.187496 0 0.98)
(0.171831 0 0.98)
(0.218729 9.80721e-05 1)
(0.21875 0 0.98)
(0.203117 0 0.98)
(0.249996 9.81982e-05 1)
(0.25 0 0.98)
(0.234376 0 0.98)
(0.28125 9.82284e-05 1)
(0.28125 0 0.98)
(0.265626 0 0.98)
(0.3125 9.82364e-05 1)
(0.3125 0 0.98)
(0.296875 0 0.98)
(0.34375 9.82391e-05 1)
(0.34375 0 0.98)
(0.328125 0 0.98)
(0.375 9.824e-05 1)
(0.375 0 0.98)
(0.359375 0 0.98)
(0.40625 9.82401e-05 1)
(0.40625 0 0.98)
(0.390625 0 0.98)
(0.4375 9.82399e-05 1)
(0.4375 0 0.98)
(0.421875 0 0.98)
(0.46875 9.82397e-05 1)
(0.46875 0 0.98)
(0.453125 0 0.98)
(0.484375 0 0.98)
(0.0930989 0 0.964362)
(0.0931722 -0.0129931 0.968856)
(0.0930546 0 0.944904)
(0.0931617 -0.0105654 0.950973)
(0.0930352 0 0.915048)
(0.0929822 -0.0230246 0.915611)
(0.0929355 -0.0268242 0.949691)
(0.124537 0 0.915163)
(0.124487 -0.0243584 0.915864)
(0.124535 0 0.882741)
(0.124498 -0.0229871 0.882921)
(0.124342 -0.0584666 0.882583)
(0.124267 -0.0953751 0.882025)
(0.124461 -0.132507 0.881719)
(0.12476 -0.167442 0.881715)
(0.1249 -0.2 0.881699)
(0.124681 -0.230437 0.881795)
(0.124167 -0.259687 0.882035)
(0.123603 -0.288598 0.882704)
(0.123144 -0.318007 0.883829)
(0.122799 -0.345999 0.920766)
(0.123225 -0.316414 0.91627)
(0.12349 -0.315134 0.946586)
(0.155251 -0.345556 0.951337)
(0.155404 -0.315382 0.946497)
(0.155651 -0.344567 0.980161)
(0.155727 -0.31404 0.975291)
(0.123787 -0.285792 0.944388)
(0.124201 -0.257532 0.944015)
(0.124692 -0.229672 0.94481)
(0.124977 -0.2 0.945225)
(0.12473 -0.166924 0.944734)
(0.124339 -0.131581 0.943763)
(0.124145 -0.0963602 0.943968)
(0.124226 -0.0616537 0.945947)
(0.0922982 -0.0611608 0.94588)
(0.0929198 -0.0287409 0.966769)
(0.10879 -0.0275593 0.950864)
(0.124504 -0.027733 0.950005)
(0.124295 -0.0594653 0.914641)
(0.12421 -0.0957686 0.913426)
(0.124423 -0.132336 0.91308)
(0.124769 -0.167328 0.913342)
(0.12499 -0.2 0.913524)
(0.124706 -0.230203 0.91342)
(0.124186 -0.258956 0.913377)
(0.123659 -0.287373 0.914092)
(0.687558 -0.392742 1)
(0.687619 -0.376908 0.959079)
(0.68753 -0.34467 0.980235)
(0.687591 -0.34582 0.951488)
(0.687502 -0.340998 1)
(0.6875 -0.313003 1)
(0.687519 -0.314148 0.975297)
(0.6875 -0.283503 1)
(0.687512 -0.284516 0.973794)
(0.6875 -0.2547 1)
(0.687507 -0.255894 0.973832)
(0.6875 -0.227105 1)
(0.687505 -0.228419 0.975385)
(0.65625 -0.227105 1)
(0.656267 -0.228417 0.975411)
(0.65625 -0.2 1)
(0.656312 -0.2 0.975243)
(0.65625 -0.164366 1)
(0.656265 -0.165709 0.975306)
(0.65625 -0.129708 1)
(0.656253 -0.13068 0.973746)
(0.65625 -0.096091 1)
(0.656251 -0.0966869 0.973641)
(0.6875 -0.096091 1)
(0.687502 -0.0966865 0.97364)
(0.6875 -0.0634807 1)
(0.687503 -0.0636159 0.974908)
(0.6875 -0.031534 1)
(0.687507 -0.0312366 0.979783)
(0.687512 -0.0155153 0.988907)
(0.687578 0 0.964724)
(0.68754 -0.0142539 0.969345)
(0.687534 0 0.945218)
(0.687529 -0.0135967 0.951543)
(0.687511 0 0.91535)
(0.687509 -0.0285989 0.916062)
(0.687518 -0.029728 0.950152)
(0.687504 0 0.882715)
(0.687505 -0.0281274 0.882973)
(0.687502 0 0.850257)
(0.687504 -0.027866 0.850568)
(0.687503 0 0.817018)
(0.687504 -0.0274815 0.818561)
(0.687473 0 0.776599)
(0.687504 -0.0270602 0.786755)
(0.687506 -0.060644 0.786794)
(0.687508 -0.133847 0.786695)
(0.687481 -0.2 0.777223)
(0.687507 -0.167968 0.786668)
(0.687531 -0.231046 0.786796)
(0.687561 -0.261779 0.818701)
(0.68753 -0.231031 0.818429)
(0.687653 -0.2907 0.851572)
(0.687559 -0.261149 0.850536)
(0.687683 -0.319625 0.8842)
(0.687614 -0.289945 0.882886)
(0.687685 -0.346765 0.921061)
(0.687625 -0.317404 0.916396)
(0.687564 -0.315671 0.946541)
(0.687541 -0.286326 0.944308)
(0.687521 -0.257933 0.943947)
(0.687507 -0.229826 0.944779)
(0.656259 -0.229827 0.944783)
(0.656261 -0.2 0.945214)
(0.656255 -0.167115 0.944722)
(0.656253 -0.132146 0.943731)
(0.656253 -0.0973067 0.943935)
(0.687505 -0.0973055 0.943935)
(0.687508 -0.0631347 0.945952)
(0.687521 -0.0301914 0.967173)
(0.687508 -0.062353 0.91472)
(0.687507 -0.0618924 0.882639)
(0.687506 -0.0613592 0.850558)
(0.687506 -0.0599912 0.81863)
(0.687505 -0.135269 0.818376)
(0.6875 -0.13412 0.85011)
(0.687506 -0.0976103 0.850354)
(0.687514 -0.168108 0.818338)
(0.687556 -0.2 0.817086)
(0.687503 -0.230896 0.850151)
(0.687464 -0.2 0.849934)
(0.687554 -0.260559 0.88209)
(0.687519 -0.230717 0.881836)
(0.687578 -0.288308 0.91411)
(0.687534 -0.259601 0.913364)
(0.687492 -0.23042 0.913438)
(0.656263 -0.230422 0.913404)
(0.656262 -0.2 0.913494)
(0.656257 -0.167597 0.913332)
(0.656255 -0.133245 0.913064)
(0.687503 -0.132145 0.94373)
(0.687501 -0.133245 0.913072)
(0.687507 -0.0975694 0.913423)
(0.687508 -0.0976321 0.882056)
(0.687507 -0.133688 0.881731)
(0.687488 -0.167928 0.850053)
(0.687507 -0.167788 0.881748)
(0.687513 -0.2 0.881802)
(0.687439 -0.2 0.913604)
(0.687483 -0.167598 0.913366)
(0.802873 0 0.722917)
(0.812544 -0.0271816 0.723342)
(0.812602 -0.0607757 0.723352)
(0.842449 0 0.723262)
(0.843867 -0.0275063 0.723344)
(0.875005 0 0.723322)
(0.875286 -0.0278208 0.723343)
(0.906536 0 0.723335)
(0.906872 -0.028011 0.723341)
(0.937677 0 0.723334)
(0.938761 -0.0283425 0.723338)
(0.96539 0 0.723333)
(0.970964 -0.0129838 0.723334)
(0.971128 -0.0290546 0.723335)
(0.984927 0 0.723333)
(0.987286 -0.0126834 0.723333)
(1 0 0.723333)
(1 -0.0150427 0.723333)
(1 -0.0345749 0.723333)
(0.987058 -0.0290402 0.723334)
(1 -0.0625985 0.723333)
(0.971894 -0.0619303 0.723336)
(1 -0.0943131 0.723333)
(0.972144 -0.0949568 0.723335)
(1 -0.126458 0.723333)
(0.971821 -0.128697 0.723335)
(1 -0.126458 0.755)
(0.971822 -0.128699 0.755001)
(1 -0.155979 0.755)
(0.986811 -0.16287 0.754988)
(0.970826 -0.164234 0.75499)
(1 -0.178755 0.755)
(0.986618 -0.181167 0.754957)
(1 -0.2 0.755)
(0.983876 -0.2 0.754869)
(1 -0.225061 0.755002)
(0.971505 -0.227167 0.755007)
(0.96511 -0.2 0.754968)
(1 -0.253448 0.755009)
(0.972263 -0.254841 0.755054)
(1 -0.282934 0.755034)
(0.972534 -0.283935 0.755129)
(1 -0.313349 0.755103)
(0.972716 -0.313912 0.755265)
(1 -0.345374 0.755272)
(0.972983 -0.344435 0.755499)
(1 -0.377122 0.755579)
(0.973389 -0.375416 0.755799)
(1 -0.385038 0.788083)
(0.973586 -0.375399 0.788173)
(0.812606 -0.133861 0.723331)
(0.843991 -0.0599847 0.723354)
(0.875551 -0.061162 0.723352)
(0.875766 -0.0971458 0.723349)
(0.875518 -0.133734 0.723338)
(0.843976 -0.135136 0.723327)
(0.907313 -0.0614972 0.723347)
(0.939494 -0.0617454 0.723341)
(0.939818 -0.0959795 0.72334)
(0.939432 -0.131008 0.723337)
(0.939426 -0.131014 0.755008)
(0.938505 -0.166582 0.755008)
(0.970341 -0.182612 0.754972)
(0.937382 -0.2 0.755033)
(0.938743 -0.229423 0.755039)
(0.939863 -0.25737 0.75513)
(0.940624 -0.285878 0.755289)
(0.941114 -0.315387 0.755512)
(0.941706 -0.34517 0.75583)
(0.812558 -0.167962 0.723312)
(0.803508 -0.2 0.72299)
(0.843846 -0.168058 0.723304)
(0.875232 -0.167786 0.723328)
(0.907249 -0.132771 0.723348)
(0.906735 -0.167414 0.723369)
(0.907572 -0.0967565 0.723347)
(0.938526 -0.166581 0.723329)
(0.937431 -0.2 0.723309)
(0.938765 -0.229424 0.72335)
(0.939867 -0.257386 0.723421)
(0.940628 -0.285899 0.723527)
(0.941123 -0.315415 0.723676)
(0.941743 -0.345226 0.723906)
(0.909136 -0.317659 0.723851)
(0.812631 -0.230974 0.723383)
(0.84261 -0.2 0.723201)
(0.843916 -0.230924 0.723349)
(0.874988 -0.2 0.723301)
(0.90639 -0.2 0.723434)
(0.906876 -0.230286 0.7234)
(0.907697 -0.259354 0.723476)
(0.908572 -0.28807 0.723644)
(0.876819 -0.289391 0.723778)
(0.844212 -0.26146 0.723487)
(0.875921 -0.260456 0.723502)
(0.875336 -0.230681 0.723368)
(1 -0.253248 0.913886)
(0.750096 -0.259566 0.913352)
(0.875517 -0.133726 0.786695)
(1 -0.383907 0.921664)
(1 -0.126442 0.913474)
(1 -0.253447 0.786691)
(0.87583 -0.258952 0.913384)
(0.749587 0 0.776934)
(0.750028 -0.133241 0.913068)
(0.875906 -0.26038 0.786958)
(0.750015 -0.133916 0.786704)
(1 -0.126458 0.786667)
(0.875577 -0.132876 0.913072)
(0.937493 -0.2 0.850044)
(0.687511 -0.2 0.975084)
(0.937401 -0.2 0.975636)
(0.812523 -0.2 0.975308)
(1 -0.0626845 0.913551)
(1 -0.2 0.913342)
(1 -0.253426 0.850141)
(0.939973 -0.256716 0.913717)
(1 -0.252048 0.974768)
(0.812516 0 0.915347)
(0.75002 -0.255888 0.973842)
(0.812773 -0.259443 0.913351)
(0.75 -0.2 0.913506)
(0.875052 -0.2 0.786593)
(0.939438 -0.131011 0.786681)
(0.875519 -0.13341 0.850079)
(0.875685 -0.130509 0.973778)
(1 -0.126461 0.850008)
(0.939615 -0.130797 0.91323)
(1 -0.125781 0.974783)
(0.939874 -0.257351 0.786856)
(1 -0.2 0.786667)
(0.875875 -0.260045 0.850432)
(0.875058 -0.2 0.913537)
(0.875733 -0.255696 0.973891)
(0.812636 -0.133193 0.913072)
(0.75001 -0.130681 0.973751)
(0.939883 -0.25723 0.850388)
(0.93946 -0.130984 0.850051)
(1 -0.0629584 0.975195)
(0.940445 -0.129428 0.974396)
(0.937465 -0.2 0.786656)
(0.875067 -0.2 0.849971)
(1 -0.2 0.85)
(0.937427 -0.2 0.913427)
(0.812563 -0.2 0.913584)
(0.940523 -0.254701 0.974597)
(0.812629 -0.25586 0.973845)
(0.687502 -0.130681 0.973743)
(0.749989 -0.2 0.975292)
(0.875074 -0.2 0.975311)
(1 -0.2 0.976447)
(0.812606 -0.130664 0.973752)
(0.940849 -0.0632264 0.97527)
(0.97154 -0.227108 0.88181)
(0.941467 -0.313395 0.976264)
(0.812738 -0.314094 0.975295)
(0.971815 -0.226713 0.9453)
(0.812623 -0.0636069 0.974908)
(0.941139 -0.315133 0.8518)
(0.971524 -0.22716 0.818378)
(0.71875 -0.227104 1)
(0.969603 -0.22468 1)
(0.907138 -0.226874 1)
(0.781259 -0.227103 1)
(0.843874 -0.227086 1)
(1 -0.313028 0.916118)
(1 -0.224934 0.913551)
(1 -0.253381 0.881962)
(0.972381 -0.254495 0.91393)
(1 -0.252903 0.945573)
(0.750023 -0.0623538 0.914719)
(0.750279 -0.317326 0.916365)
(0.876362 -0.392499 1)
(1 -0.381415 1)
(1 -0.384847 0.853859)
(1 -0.0625987 0.786667)
(0.875587 -0.0622522 0.914647)
(0.750003 -0.254699 1)
(0.750156 -0.392716 1)
(1 -0.253442 0.818393)
(0.972271 -0.254833 0.78676)
(1 -0.22506 0.786673)
(1 -0.313341 0.786895)
(0.876788 -0.316391 0.916287)
(1 -0.250054 1)
(0.875601 -0.254608 1)
(1 -0.124714 1)
(0.938806 -0.22937 0.850115)
(0.937543 -0.2 0.818321)
(0.965086 -0.2 0.850092)
(0.937484 -0.2 0.881735)
(0.6875 -0.2 1)
(0.7187 -0.2 0.975337)
(0.937589 -0.2 0.945526)
(0.939278 -0.22757 0.975846)
(0.906351 -0.2 0.975273)
(0.93701 -0.2 1)
(0.965729 -0.2 0.977098)
(0.812557 -0.228406 0.975445)
(0.7812 -0.2 0.975217)
(0.8125 -0.2 1)
(0.843713 -0.2 0.975256)
(1 -0.0337759 0.978196)
(1 -0.2 0.881667)
(0.965167 -0.2 0.913431)
(1 -0.2 0.945089)
(0.972271 -0.254777 0.850281)
(1 -0.225051 0.850043)
(0.939905 -0.257058 0.882138)
(0.938823 -0.229163 0.913474)
(0.940191 -0.255961 0.944703)
(0.973989 -0.25323 0.976453)
(1 -0.223697 0.974664)
(0.718758 -0.255891 0.973841)
(0.7813 -0.255879 0.973841)
(0.750001 -0.228419 0.975443)
(0.875 -0.2 1)
(1 -0.0941547 0.974593)
(1 -0.156626 0.976853)
(1 -0.0627493 1)
(0.812564 -0.254692 1)
(0.75 -0.2 1)
(0.939881 -0.257311 0.818609)
(0.938789 -0.22941 0.786709)
(0.965282 -0.2 0.78666)
(1 -0.2 0.818333)
(0.907812 -0.255403 0.974027)
(0.844064 -0.255813 0.973852)
(0.875353 -0.228325 0.975472)
(0.940217 -0.253884 1)
(1 -0.2 1)
(1 -0.0626047 0.850013)
(0.939659 -0.0621362 0.914196)
(0.940261 -0.392181 1)
(0.875807 -0.0635444 0.974918)
(1 -0.0314118 1)
(1 -0.09375 1)
(1 -0.225026 0.881765)
(0.971573 -0.227008 0.913555)
(0.972295 -0.254691 0.882105)
(0.965214 -0.2 0.881688)
(0.971501 -0.227145 0.850105)
(0.938811 -0.229302 0.881815)
(0.812632 -0.0623388 0.91471)
(0.812955 -0.392646 1)
(0.876133 -0.313931 0.975354)
(0.972768 -0.254059 0.945566)
(1 -0.312391 0.977425)
(0.941251 -0.314524 0.916453)
(0.971065 -0.252614 1)
(0.907709 -0.254412 1)
(0.750054 -0.314137 0.975295)
(0.813193 -0.317098 0.916314)
(0.781265 -0.254698 1)
(0.843963 -0.254673 1)
(0.750011 -0.0636158 0.974908)
(0.718739 -0.228419 0.975445)
(1 -0.224569 0.945312)
(0.965163 -0.2 0.945304)
(0.938955 -0.228787 0.945069)
(0.972733 -0.225799 0.976848)
(0.781257 -0.228415 0.975429)
(0.71875 -0.254699 1)
(0.941121 -0.315344 0.787473)
(1 -0.313279 0.850927)
(0.97227 -0.254815 0.818496)
(0.938818 -0.229398 0.8184)
(0.965179 -0.2 0.818325)
(0.971546 -0.227166 0.786689)
(1 -0.225058 0.81835)
(0.71875 -0.2 1)
(0.750002 -0.227104 1)
(0.906232 -0.2 1)
(0.907056 -0.228141 0.975522)
(0.939141 -0.226341 1)
(0.96509 -0.2 1)
(1 -0.219134 1)
(0.875356 -0.227038 1)
(1 -0.155783 1)
(0.84375 -0.2 1)
(0.812537 -0.227099 1)
(0.78125 -0.2 1)
(0.84388 -0.228385 0.975439)
(0.971662 -0.0314852 1)
(0.974152 -0.0628374 0.976732)
(0.940084 -0.0312024 0.979305)
(0.940818 -0.063247 1)
(0.973187 -0.0311934 0.979261)
(0.971718 -0.0629781 1)
(0.940844 -0.0314909 1)
(0.939505 -0.0618195 0.850254)
(0.875549 -0.0612581 0.786771)
(0.939495 -0.0617606 0.786714)
(0.875542 -0.0616451 0.850483)
(0.971136 -0.0291063 0.881969)
(0.971411 -0.0298205 0.947369)
(0.81262 -0.0614444 0.850545)
(0.812431 -0.2 0.85003)
(0.718753 -0.0297281 0.950152)
(0.781267 -0.0297272 0.950151)
(0.970834 -0.164219 0.881699)
(0.970825 -0.164228 0.818333)
(0.718744 -0.167115 0.944719)
(0.71875 -0.164366 1)
(0.907135 -0.164042 1)
(0.971154 -0.163934 0.945062)
(0.906883 -0.166766 0.944781)
(0.969626 -0.161446 1)
(0.843874 -0.16434 1)
(0.781273 -0.167111 0.944735)
(0.843873 -0.167074 0.94471)
(0.781259 -0.164365 1)
(0.972779 -0.0949742 0.945162)
(0.906788 -0.0296845 0.949967)
(0.971569 -0.0948482 1)
(0.843869 -0.0297185 0.950144)
(0.971128 -0.02906 0.818368)
(0.971128 -0.0290553 0.755004)
(1 -0.0346921 0.913471)
(0.749988 0 0.850271)
(0.781252 0 0.915348)
(0.750004 -0.0285998 0.916061)
(0.750117 -0.261085 0.85051)
(0.812605 -0.134234 0.786706)
(0.875598 -0.129605 1)
(1 -0.034575 0.786667)
(1 -0.0943367 0.913523)
(1 -0.155984 0.913382)
(1 -0.12646 0.881702)
(0.971958 -0.128615 0.913403)
(1 -0.126386 0.945269)
(0.875264 -0.0285908 0.915989)
(0.749665 -0.2 0.777538)
(0.750017 -0.0608111 0.786796)
(0.807822 0 0.781947)
(0.750009 -0.134126 0.850104)
(0.750014 -0.167597 0.91334)
(0.718761 -0.133245 0.91307)
(0.781314 -0.133228 0.913073)
(0.75002 -0.132142 0.943736)
(0.971827 -0.128698 0.78667)
(1 -0.126459 0.818335)
(1 -0.155979 0.786667)
(0.875654 -0.131873 0.943764)
(0.907385 -0.13231 0.913107)
(0.875256 -0.167448 0.913343)
(0.844028 -0.133105 0.913069)
(0.750003 -0.129708 1)
(0.938565 -0.166563 0.850031)
(0.687513 -0.2 0.945197)
(0.687503 -0.165712 0.975273)
(0.939283 -0.164682 0.975621)
(0.812528 -0.2 0.945223)
(0.812552 -0.165706 0.975323)
(1 -0.0345786 0.850003)
(1 -0.0627534 0.945497)
(1 -0.0626248 0.881722)
(0.972033 -0.0621115 0.913773)
(0.938765 -0.0287733 0.915273)
(0.812532 0 0.945218)
(0.812555 -0.0285983 0.916055)
(0.75 -0.0312366 0.979783)
(0.718742 -0.2 0.913553)
(0.781253 -0.2 0.913594)
(0.749986 -0.2 0.945239)
(0.939448 -0.131003 0.818364)
(0.938543 -0.16658 0.786665)
(0.6875 -0.129709 1)
(0.907749 -0.1302 0.973886)
(0.875355 -0.165606 0.975327)
(0.84403 -0.130623 0.973755)
(0.812564 -0.129702 1)
(0.940215 -0.128789 1)
(0.93876 -0.0283498 0.786706)
(0.971831 -0.128695 0.850027)
(1 -0.155981 0.850002)
(0.939497 -0.130944 0.881711)
(0.939948 -0.130339 0.944264)
(0.938601 -0.16644 0.913349)
(0.940028 -0.0960373 0.913442)
(0.973827 -0.127779 0.976134)
(0.875502 -0.0312186 0.979779)
(0.906462 -0.2 0.913468)
(0.843774 -0.2 0.913577)
(0.875017 -0.2 0.945195)
(0.812571 -0.167578 0.913364)
(0.812634 -0.132109 0.943736)
(0.718751 -0.130682 0.973751)
(0.749999 -0.165713 0.97532)
(0.781284 -0.130678 0.973749)
(0.938757 -0.028385 0.850323)
(0.940894 -0.0958288 0.974308)
(0.812572 -0.0312346 0.979783)
(0.94006 -0.0626578 0.94576)
(0.907995 -0.0634388 0.974969)
(0.718754 -0.0636163 0.974907)
(0.844083 -0.0635897 0.974908)
(0.812638 -0.0631173 0.945948)
(0.781291 -0.0636133 0.974909)
(0.781308 -0.0623499 0.914716)
(0.750018 -0.0631339 0.945951)
(0.718761 -0.0623538 0.91472)
(1 -0.0625998 0.818335)
(1 -0.0625985 0.755)
(0.971894 -0.0619341 0.78668)
(0.907409 -0.0621596 0.914521)
(0.875682 -0.0630206 0.945927)
(0.844034 -0.0623108 0.914693)
(0.971902 -0.0619544 0.850087)
(0.939539 -0.0619086 0.882183)
(0.939497 -0.0617792 0.818446)
(0.939494 -0.0617509 0.755019)
(1 -0.0345958 0.881687)
(0.971176 -0.0292619 0.914218)
(0.971129 -0.0290697 0.850102)
(0.971926 -0.0619953 0.881872)
(0.938756 -0.0284682 0.882497)
(1 -0.0350096 0.945732)
(0.972511 -0.0623899 0.945715)
(0.938845 -0.0297037 0.949015)
(0.808379 -0.2 0.78249)
(0.812607 -0.061071 0.786793)
(0.812612 -0.134061 0.850107)
(0.812453 0 0.850328)
(0.781271 -0.0285997 0.916059)
(0.750024 -0.0613883 0.850556)
(0.843869 -0.0285946 0.916041)
(0.812808 -0.260881 0.850481)
(0.749805 -0.2 0.849853)
(0.781283 -0.16759 0.913367)
(0.843864 -0.167542 0.913358)
(0.749994 -0.029728 0.950151)
(0.718755 -0.0285993 0.916062)
(0.718758 -0.0631348 0.945952)
(0.718751 -0.0312362 0.979785)
(0.718732 -0.2 0.94518)
(0.78125 0 0.945216)
(0.812559 -0.0297247 0.95015)
(0.781304 -0.0631292 0.945951)
(0.781269 -0.0312361 0.979783)
(0.781259 -0.2 0.945226)
(0.718752 -0.167597 0.913352)
(1 -0.0943179 0.945206)
(0.938572 -0.166575 0.818339)
(0.970815 -0.164226 0.850017)
(0.938572 -0.166535 0.881711)
(1 -0.155983 0.881676)
(0.970871 -0.164172 0.913379)
(0.971857 -0.128681 0.881716)
(0.970843 -0.16423 0.786658)
(1 -0.15598 0.818334)
(0.971826 -0.128697 0.818344)
(0.906816 -0.16719 0.913329)
(0.6875 -0.164366 1)
(0.687503 -0.167116 0.944717)
(0.718739 -0.165712 0.975326)
(0.750002 -0.167115 0.944736)
(0.718756 -0.132146 0.943734)
(0.750002 -0.164366 1)
(0.71875 -0.129709 1)
(0.907068 -0.165377 0.97536)
(0.939138 -0.163379 1)
(0.875355 -0.164269 1)
(0.907702 -0.129381 1)
(0.938785 -0.166084 0.944926)
(0.972429 -0.162639 0.976442)
(1 -0.155977 0.945226)
(0.972405 -0.128372 0.945012)
(0.906434 -0.2 0.945248)
(0.875272 -0.166994 0.944731)
(0.907573 -0.131442 0.943878)
(0.971106 -0.127428 1)
(0.843878 -0.165681 0.975311)
(0.812537 -0.16436 1)
(0.843962 -0.12968 1)
(0.843777 -0.2 0.945146)
(0.812562 -0.167101 0.944733)
(0.781255 -0.165714 0.975303)
(0.781305 -0.132134 0.943736)
(0.844052 -0.132043 0.943737)
(0.781266 -0.129708 1)
(1 -0.0345756 0.818334)
(0.940665 -0.0955465 1)
(0.940385 -0.0960122 0.944423)
(0.974242 -0.0948972 0.976185)
(0.972301 -0.09499 0.913512)
(0.907623 -0.0628856 0.945884)
(0.907394 -0.0311923 0.979751)
(0.87525 -0.0297053 0.950118)
(0.906834 -0.0286107 0.915811)
(1 -0.0345749 0.755)
(0.844066 -0.0630877 0.945941)
(0.843948 -0.0312299 0.979784)
(0.971896 -0.0619398 0.818368)
(0.938759 -0.0283595 0.81845)
(0.971128 -0.0290567 0.786678)
(0.971894 -0.0619316 0.755005)
(0.93876 -0.0283451 0.755013)
(0.987296 -0.0127126 0.897702)
(0.987312 -0.0128875 0.930106)
(0.908087 -0.0315173 1)
(0.71875 -0.031534 1)
(0.781271 -0.0315339 1)
(0.84403 -0.0315328 1)
(0.98729 -0.0126789 0.802502)
(0.98729 -0.0126788 0.770834)
(0.987291 -0.0126847 0.865877)
(0.987466 -0.0140485 0.96502)
(0.734358 -0.0142212 0.969994)
(0.703143 -0.0142212 0.969994)
(0.76561 -0.0142212 0.969993)
(0.796898 -0.014221 0.969993)
(0.986496 -0.181456 0.897508)
(0.986621 -0.181453 0.865824)
(0.986727 -0.181454 0.802526)
(0.986525 -0.181458 0.834194)
(0.986699 -0.181453 0.770811)
(0.986658 -0.181435 0.929155)
(0.987266 -0.181249 0.96099)
(0.890725 -0.0142131 0.969979)
(0.92208 -0.0141877 0.969853)
(0.859438 -0.0142187 0.969992)
(0.828168 -0.0142203 0.969994)
(0.98729 -0.0126798 0.834177)
(0.98729 -0.0126787 0.739167)
(0.98498 0 0.913859)
(1 -0.0151417 0.913405)
(1 -0.0150426 0.786667)
(1 -0.0150456 0.85)
(1 -0.0160754 0.978813)
(1 -0.2 0.8975)
(0.984107 -0.2 0.913418)
(1 -0.2 0.929184)
(1 -0.17876 0.913341)
(0.749919 0 0.964725)
(0.749991 -0.0155152 0.988907)
(0.875041 0 0.96473)
(0.875126 -0.0155092 0.988907)
(0.984223 -0.2 0.786671)
(1 -0.2 0.8025)
(1 -0.2 0.770833)
(1 -0.178755 0.786667)
(0.938076 -0.0154669 0.989368)
(0.984037 -0.2 0.849853)
(1 -0.2 0.865833)
(1 -0.2 0.834167)
(1 -0.178757 0.850001)
(0.983367 -0.2 0.974801)
(1 -0.2 0.960961)
(1 -0.178761 0.974957)
(0.812574 0 0.964725)
(0.812528 -0.0155147 0.988907)
(0.812584 -0.0634792 1)
(1 -0.0150591 0.881674)
(1 -0.0155619 0.945585)
(0.875767 -0.0634527 1)
(1 -0.015043 0.818333)
(1 -0.0150427 0.755)
(0.750004 -0.0634807 1)
(0.968906 -0.2 0.865923)
(0.968861 -0.2 0.834059)
(0.970299 -0.182605 0.850034)
(0.969269 -0.2 0.961195)
(0.970921 -0.182175 0.976994)
(0.989086 -0.0310045 0.980192)
(1 -0.0312387 0.962216)
(0.970842 -0.0156994 0.987671)
(0.984308 -0.2 0.88164)
(1 -0.178759 0.881669)
(0.968849 -0.2 0.897662)
(0.968893 -0.2 0.929213)
(0.970343 -0.18259 0.9134)
(0.984041 -0.2 0.9452)
(1 -0.178744 0.945074)
(0.71875 -0.0155152 0.988907)
(0.781255 -0.0155151 0.988906)
(0.989034 -0.16149 0.977148)
(1 -0.160441 0.961145)
(0.906516 -0.0154903 0.988937)
(0.843806 -0.0155133 0.988906)
(0.96881 -0.2 0.802378)
(0.968925 -0.2 0.770768)
(0.9704 -0.182605 0.786647)
(0.984009 -0.2 0.818462)
(1 -0.178756 0.818334)
(0.970358 -0.182604 0.881702)
(0.970434 -0.182527 0.945143)
(0.970334 -0.182606 0.818321)
(0.938655 -0.0301677 0.966438)
(0.9231 -0.0308537 0.982933)
(0.971898 -0.0302484 0.964255)
(0.971001 -0.0130817 0.914298)
(0.970964 -0.0129842 0.786671)
(0.970964 -0.0129872 0.850068)
(0.938054 -0.0135354 0.950743)
(0.922387 0 0.950078)
(0.970968 -0.0130004 0.881926)
(0.970964 -0.0129849 0.818351)
(0.971024 -0.013536 0.948375)
(0.970964 -0.012984 0.755001)
(0.987062 -0.0290695 0.881766)
(0.971187 -0.0289893 0.897932)
(0.971172 -0.0289253 0.865964)
(0.971268 -0.0292672 0.930564)
(0.98727 -0.0296994 0.946419)
(0.718751 -0.0135967 0.951542)
(0.734368 -0.0296804 0.951173)
(0.703138 -0.0296804 0.951173)
(0.718752 -0.0301914 0.967173)
(0.765622 -0.0296801 0.951172)
(0.781254 -0.0135965 0.951541)
(0.796906 -0.0296792 0.951172)
(0.781263 -0.030191 0.967172)
(0.970785 -0.164705 0.865857)
(0.986817 -0.162871 0.881678)
(0.970779 -0.164695 0.897545)
(0.970765 -0.164709 0.834163)
(0.970795 -0.164707 0.802486)
(0.98681 -0.16287 0.818341)
(0.970804 -0.164708 0.770817)
(0.970893 -0.164602 0.929215)
(0.971549 -0.164051 0.960918)
(0.987066 -0.162653 0.945124)
(0.922558 -0.0296476 0.950699)
(0.906427 -0.0135788 0.951424)
(0.906795 -0.0301606 0.967056)
(0.89091 -0.0296585 0.951102)
(0.828195 -0.0296765 0.95117)
(0.843799 -0.0135946 0.95154)
(0.859512 -0.0296704 0.951161)
(0.843865 -0.0301861 0.96717)
(0.971169 -0.0289117 0.834207)
(0.987058 -0.0290417 0.818341)
(0.971169 -0.0289082 0.802513)
(0.971169 -0.0289065 0.739168)
(0.987058 -0.0290403 0.755001)
(0.971169 -0.028907 0.770837)
(1 -0.0304383 0.897543)
(0.987076 -0.0292058 0.91372)
(1 -0.0306784 0.929479)
(0.749977 -0.0135967 0.951542)
(0.765607 0 0.950161)
(1 -0.0303867 0.8025)
(1 -0.0303864 0.770833)
(0.987058 -0.0290406 0.786669)
(1 -0.160652 0.897512)
(0.986825 -0.162851 0.913369)
(1 -0.160633 0.929238)
(0.875085 -0.0135911 0.95153)
(0.986833 -0.16287 0.786665)
(1 -0.160647 0.8025)
(1 -0.160647 0.770833)
(1 -0.0303947 0.865839)
(0.987059 -0.0290462 0.850027)
(1 -0.0303879 0.834167)
(1 -0.0303864 0.739167)
(0.703144 0 0.950162)
(0.796892 0 0.950162)
(0.812538 -0.013596 0.951542)
(0.828153 0 0.950162)
(0.749988 -0.0301914 0.967173)
(0.734372 -0.0308932 0.983092)
(0.765628 -0.0308931 0.983091)
(0.986803 -0.162871 0.849999)
(1 -0.16065 0.865836)
(1 -0.160648 0.834167)
(0.891171 -0.0308691 0.983081)
(0.875253 -0.0301776 0.967156)
(0.859613 -0.030884 0.983091)
(0.703132 -0.0308932 0.983092)
(0.812556 -0.0301897 0.967173)
(0.796909 -0.0308924 0.983091)
(0.828221 -0.0308901 0.983091)
(1 -0.0150155 0.897522)
(0.98501 0 0.897719)
(0.987291 -0.0127606 0.913782)
(0.987288 -0.0126982 0.881764)
(0.987 -0.0290149 0.897683)
(0.971042 -0.0130712 0.897959)
(1 -0.0149831 0.865835)
(1 -0.0152418 0.929376)
(0.985076 0 0.930266)
(0.987047 -0.0292834 0.9299)
(0.971081 -0.0132439 0.930914)
(0.98734 -0.0132139 0.947)
(1 -0.0157657 0.962081)
(0.73435 0 0.966593)
(0.703149 0 0.966593)
(0.734361 -0.0136663 0.951989)
(0.765612 -0.0136662 0.951988)
(0.7656 0 0.966591)
(0.796897 0 0.966592)
(0.890619 0 0.966603)
(0.921966 0 0.966458)
(0.986712 -0.163109 0.897519)
(0.986754 -0.163113 0.802504)
(0.98675 -0.163113 0.770825)
(1 -0.179331 0.897504)
(1 -0.179328 0.865834)
(1 -0.179326 0.8025)
(1 -0.179327 0.834167)
(1 -0.179326 0.770833)
(0.986794 -0.163049 0.929215)
(1 -0.179326 0.929186)
(1 -0.179305 0.96094)
(0.859397 0 0.966594)
(0.828157 0 0.966594)
(1 -0.0149763 0.8025)
(1 -0.0149774 0.834167)
(0.908066 -0.0633924 1)
(0.890725 -0.0136579 0.951954)
(0.875778 -0.0315289 1)
(0.890776 -0.0151896 0.989514)
(0.922195 -0.0151599 0.989628)
(0.983488 -0.2 0.89747)
(0.984004 -0.2 0.865783)
(1 -0.0149763 0.770833)
(1 -0.0149763 0.739167)
(0.71875 -0.0634807 1)
(0.750004 -0.031534 1)
(0.734369 -0.0152001 0.989515)
(0.703132 -0.0152001 0.989515)
(0.984081 -0.2 0.929014)
(0.984625 -0.2 0.961173)
(0.844026 -0.0634734 1)
(0.859433 -0.0136634 0.951985)
(0.781271 -0.0634805 1)
(0.812585 -0.0315338 1)
(0.765621 -0.0152001 0.989514)
(0.79689 -0.0151999 0.989515)
(0.859448 -0.0151971 0.989513)
(0.82816 -0.0151992 0.989514)
(0.984447 -0.2 0.802606)
(0.983669 -0.2 0.834293)
(0.984319 -0.2 0.770781)
(0.987871 -0.0153576 0.984611)
(0.987286 -0.0126835 0.786668)
(0.987286 -0.0126839 0.818339)
(0.971029 -0.0130358 0.802507)
(0.986993 -0.0289488 0.802504)
(0.987286 -0.0126834 0.755)
(0.971029 -0.0130354 0.770835)
(0.986993 -0.0289483 0.770834)
(0.97103 -0.0130416 0.865949)
(0.986994 -0.0289603 0.865879)
(0.987286 -0.0126861 0.850022)
(0.987636 -0.0302703 0.963304)
(0.971168 -0.0142142 0.966663)
(0.937794 -0.0142116 0.968929)
(0.703142 -0.0136663 0.951989)
(0.71875 -0.014254 0.969344)
(0.734367 -0.030131 0.967888)
(0.749964 -0.0142539 0.969345)
(0.703137 -0.030131 0.967888)
(0.796896 -0.0136659 0.951988)
(0.781254 -0.0142538 0.969343)
(0.765621 -0.0301309 0.967887)
(0.796906 -0.0301302 0.967887)
(0.812548 -0.0142534 0.969345)
(0.970362 -0.182923 0.865881)
(0.986689 -0.181169 0.881666)
(0.970326 -0.182921 0.897585)
(0.986646 -0.18116 0.913364)
(0.986731 -0.163113 0.865837)
(0.986629 -0.181161 0.849971)
(0.970322 -0.182925 0.834134)
(0.986711 -0.163112 0.834172)
(0.970357 -0.182924 0.802451)
(0.986636 -0.181165 0.818369)
(0.986717 -0.181164 0.786666)
(0.970398 -0.182926 0.770795)
(0.970753 -0.182732 0.961042)
(0.970393 -0.182892 0.929216)
(0.986774 -0.181095 0.945081)
(0.987507 -0.16251 0.961072)
(0.988168 -0.180666 0.976866)
(0.922167 -0.0136348 0.95166)
(0.906393 -0.0142367 0.969299)
(0.890952 -0.030112 0.967844)
(0.875093 -0.0142492 0.969341)
(0.922595 -0.0300985 0.967574)
(0.828166 -0.0136652 0.951988)
(0.843803 -0.0142523 0.969343)
(0.859529 -0.0301232 0.967881)
(0.828198 -0.0301282 0.967887)
(0.971029 -0.0130368 0.834196)
(0.986993 -0.0289508 0.834179)
(0.971029 -0.0130353 0.739167)
(0.986993 -0.0289482 0.739167)
(0.781272 -0.0281356 0.882969)
(0.781349 -0.230688 0.881819)
(0.973101 -0.28315 0.94645)
(0.781441 -0.286259 0.944295)
(0.718751 -0.229822 0.944782)
(0.781287 -0.229813 0.9448)
(0.718814 -0.286314 0.944301)
(0.972574 -0.283728 0.882696)
(0.781615 -0.289755 0.882794)
(0.718755 -0.0281288 0.882972)
(0.7188 -0.230714 0.881829)
(0.906757 -0.1674 0.818349)
(0.906906 -0.230115 0.881802)
(0.906895 -0.230244 0.818418)
(0.906786 -0.16732 0.88171)
(0.906707 -0.167415 0.754995)
(0.906845 -0.230281 0.755037)
(0.906952 -0.229441 0.944879)
(0.843901 -0.22976 0.944778)
(0.718912 -0.289918 0.882839)
(0.907968 -0.0958876 1)
(0.907877 -0.0967276 0.944058)
(0.908211 -0.34071 1)
(0.974273 -0.343806 0.952536)
(0.90838 -0.285277 0.944636)
(0.97154 -0.282288 1)
(0.971765 -0.340075 1)
(0.909135 -0.345067 0.951526)
(0.907991 -0.283282 1)
(0.844065 -0.340903 1)
(0.781268 -0.283501 1)
(0.781588 -0.345738 0.951359)
(0.84441 -0.286052 0.944316)
(0.781279 -0.340945 1)
(0.844752 -0.345554 0.951343)
(0.84401 -0.283477 1)
(0.71876 -0.0973053 0.943936)
(0.71875 -0.096091 1)
(0.844008 -0.0960731 1)
(0.781319 -0.0972937 0.943936)
(0.844136 -0.0972099 0.943938)
(0.78127 -0.0960903 1)
(0.71875 -0.283503 1)
(0.718881 -0.345805 0.951379)
(0.718753 -0.340949 1)
(0.973168 -0.344147 0.885545)
(0.972538 -0.283894 0.818719)
(0.908456 -0.287304 0.882755)
(0.90853 -0.287878 0.8191)
(0.973002 -0.344362 0.819792)
(0.908559 -0.288039 0.755419)
(0.907573 -0.0967964 0.818452)
(0.972184 -0.0949789 0.881772)
(0.906856 -0.0282162 0.882786)
(0.972147 -0.0949621 0.818357)
(0.906869 -0.0280509 0.818505)
(0.90761 -0.0968321 0.881941)
(0.90757 -0.0967671 0.755027)
(0.972144 -0.094958 0.755004)
(0.906871 -0.0280178 0.755021)
(0.843857 -0.168094 0.755005)
(0.843922 -0.230925 0.755055)
(0.84387 -0.0281454 0.88295)
(0.78127 -0.0275879 0.818561)
(0.781328 -0.0976223 0.882052)
(0.84387 -0.0277442 0.818551)
(0.844091 -0.0975032 0.88203)
(0.843869 -0.0275645 0.755029)
(0.843824 -0.16803 0.818347)
(0.843895 -0.230584 0.881821)
(0.781317 -0.167783 0.881737)
(0.843885 -0.230855 0.818413)
(0.843835 -0.16772 0.881741)
(0.844641 -0.28921 0.88273)
(0.718755 -0.027493 0.818562)
(0.718767 -0.0976324 0.882056)
(0.718783 -0.16779 0.881743)
(1 -0.282707 0.914609)
(0.75 0 0.882714)
(0.750057 -0.257915 0.943951)
(0.718808 -0.259587 0.913357)
(0.78141 -0.259525 0.913352)
(0.750031 -0.23041 0.913411)
(0.750183 -0.288246 0.914091)
(0.750125 -0.260506 0.882071)
(0.875515 -0.133761 0.755012)
(0.875237 -0.167781 0.786665)
(0.907254 -0.132768 0.78669)
(0.875517 -0.133662 0.818385)
(0.875763 -0.0971803 0.786742)
(0.843971 -0.135166 0.786698)
(1 -0.344845 0.918754)
(1 -0.374979 0.955707)
(0.974918 -0.374967 0.922858)
(1 -0.376683 0.886769)
(0.750393 -0.346689 0.921016)
(0.75027 -0.376861 0.959058)
(1 -0.282931 0.786746)
(0.907701 -0.258253 0.91348)
(0.844219 -0.259278 0.913354)
(0.875857 -0.259677 0.88204)
(0.875323 -0.230202 0.913423)
(0.875804 -0.257532 0.944023)
(0.876355 -0.287355 0.914107)
(0.749929 0 0.817095)
(0.750006 -0.0271948 0.786757)
(0.780273 0 0.785658)
(0.718697 0 0.784689)
(0.750034 -0.0975667 0.913422)
(0.750033 -0.133686 0.881726)
(0.875336 -0.230661 0.786727)
(0.875908 -0.260439 0.755215)
(0.907692 -0.259298 0.786916)
(0.87589 -0.260279 0.818683)
(0.876779 -0.289262 0.787455)
(0.844192 -0.26137 0.786922)
(0.876912 -0.376516 0.95904)
(0.877208 -0.345989 0.920776)
(1 -0.0943134 0.786667)
(0.875284 -0.0278733 0.78674)
(0.843143 0 0.786055)
(0.875542 -0.133218 0.881706)
(0.875748 -0.0972568 0.913399)
(0.906465 -0.2 0.849968)
(1 -0.282895 0.850383)
(0.94073 -0.285022 0.914585)
(1 -0.281974 0.97555)
(0.812513 0 0.882711)
(0.750037 -0.284507 0.973794)
(0.812605 -0.230372 0.913434)
(0.812713 -0.257845 0.943954)
(0.812987 -0.288048 0.91407)
(0.812801 -0.260336 0.882049)
(0.750076 -0.2 0.88178)
(0.875002 -0.2 0.754948)
(0.906411 -0.2 0.786642)
(0.875058 -0.2 0.818258)
(0.843221 -0.2 0.786206)
(0.93982 -0.0959889 0.7867)
(0.907275 -0.132676 0.850064)
(0.875242 -0.167683 0.850017)
(0.875683 -0.0972788 0.850266)
(0.843991 -0.133896 0.850096)
(0.875839 -0.0965469 0.97367)
(1 -0.0943179 0.850013)
(0.87528 -0.0280091 0.850523)
(0.843744 0 0.850346)
(0.940626 -0.285844 0.787105)
(0.907686 -0.259088 0.850403)
(0.875335 -0.230556 0.850101)
(0.876541 -0.289026 0.851175)
(0.844251 -0.260617 0.850441)
(0.875195 -0.2 0.881752)
(0.875974 -0.284292 0.973854)
(0.812672 -0.0975239 0.913417)
(0.812624 -0.133627 0.881722)
(0.750014 -0.0966857 0.973642)
(1 -0.377051 0.820191)
(1 -0.345407 0.787255)
(0.940629 -0.285664 0.850927)
(0.939839 -0.096007 0.85013)
(0.843708 -0.2 0.849982)
(0.812487 -0.2 0.881716)
(0.941101 -0.283508 0.974716)
(0.812687 -0.28447 0.973796)
(0.812632 -0.0966699 0.973642)
(0.941959 -0.344146 0.981316)
(0.908485 -0.313734 0.975525)
(0.940891 -0.312619 1)
(0.974763 -0.312873 0.978503)
(0.941382 -0.314017 0.94743)
(0.812585 -0.312994 1)
(0.812806 -0.344607 0.980233)
(0.844274 -0.31404 0.975294)
(0.781357 -0.314124 0.975282)
(0.812976 -0.315513 0.946516)
(0.718779 -0.314146 0.975284)
(0.94183 -0.344969 0.853263)
(0.941169 -0.314906 0.884137)
(0.941118 -0.315267 0.819526)
(0.909042 -0.317147 0.851768)
(0.972743 -0.313783 0.851357)
(1 -0.312746 0.948458)
(0.972946 -0.313453 0.916426)
(1 -0.313192 0.883336)
(0.750025 -0.061901 0.882637)
(0.718929 -0.317379 0.91633)
(0.750159 -0.315632 0.946528)
(0.781676 -0.317247 0.916293)
(0.750372 -0.319491 0.884139)
(0.90832 -0.385938 1)
(0.844348 -0.386166 1)
(0.876291 -0.344464 0.980303)
(0.875796 -0.312926 1)
(0.971263 -0.385252 1)
(1 -0.343003 0.98183)
(0.942529 -0.376097 0.959662)
(0.941929 -0.344762 0.919822)
(0.973733 -0.375238 0.853957)
(1 -0.345305 0.852004)
(0.875552 -0.0618769 0.882555)
(0.750003 -0.313004 1)
(0.781402 -0.386272 1)
(0.750083 -0.344656 0.980233)
(0.718798 -0.386311 1)
(0.813184 -0.376747 0.959019)
(0.813414 -0.346495 0.920931)
(0.972721 -0.313892 0.787135)
(1 -0.313322 0.818789)
(0.876515 -0.315129 0.946593)
(0.908983 -0.315639 0.916283)
(0.844856 -0.316848 0.916247)
(0.876891 -0.317921 0.883871)
(1 -0.312266 1)
(0.90911 -0.317526 0.787672)
(0.941754 -0.34515 0.788066)
(0.812626 -0.0619038 0.882626)
(0.813317 -0.319115 0.884027)
(0.907316 -0.0616822 0.850404)
(0.907313 -0.0615381 0.786748)
(0.875547 -0.061362 0.818567)
(0.87555 -0.0611811 0.755044)
(0.843992 -0.0601978 0.78679)
(0.844009 -0.061486 0.850526)
(0.812216 -0.2 0.754183)
(0.812609 -0.0602498 0.818621)
(0.812656 -0.0975926 0.850342)
(0.812551 -0.0279235 0.85056)
(0.781304 -0.0613954 0.850554)
(0.812619 -0.0599674 0.755053)
(0.811994 -0.2 0.817757)
(0.812534 -0.167904 0.850058)
(0.812582 -0.230817 0.850145)
(0.781242 -0.2 0.849969)
(0.813156 -0.290207 0.851412)
(0.718761 -0.0613544 0.850558)
(0.718718 -0.2 0.849968)
(0.781209 0 0.850306)
(0.75001 -0.0278825 0.850566)
(0.718752 0 0.850257)
(0.781444 -0.261026 0.850483)
(0.749976 -0.230875 0.850117)
(0.750302 -0.290574 0.851516)
(0.71883 -0.261134 0.850511)
(0.812619 -0.135224 0.755011)
(0.812555 -0.16803 0.78669)
(0.812601 -0.135261 0.818381)
(0.812616 -0.230963 0.786781)
(0.81276 -0.26152 0.818644)
(0.781294 -0.0599956 0.786823)
(0.750021 -0.0600699 0.818629)
(0.718759 -0.0597956 0.786823)
(0.812547 -0.0275929 0.78675)
(0.811877 0 0.817798)
(0.811478 0 0.754015)
(0.781303 -0.134137 0.850109)
(0.75003 -0.0976249 0.850351)
(0.749948 -0.16793 0.850023)
(0.718753 -0.134149 0.850112)
(0.973805 -0.375085 0.887414)
(0.973424 -0.375324 0.820556)
(0.975739 -0.375216 0.958543)
(0.909247 -0.376333 0.958379)
(0.781254 0 0.882713)
(0.750008 -0.0281321 0.882971)
(0.812552 -0.0281404 0.882965)
(0.781272 -0.0278978 0.850565)
(0.781307 -0.0619021 0.882634)
(0.781307 -0.230398 0.913437)
(0.781446 -0.260453 0.882058)
(0.750059 -0.230699 0.881819)
(0.78131 -0.230859 0.850138)
(0.81259 -0.230652 0.881802)
(0.781373 -0.2 0.881774)
(0.781617 -0.376821 0.958249)
(0.844786 -0.376657 0.95822)
(1 -0.282447 0.946495)
(0.97268 -0.283517 0.91476)
(0.973431 -0.313173 0.948503)
(0.940902 -0.28435 0.945324)
(0.974401 -0.282622 0.976877)
(0.78136 -0.257892 0.943951)
(0.750108 -0.286295 0.944303)
(0.781543 -0.28818 0.91407)
(0.78133 -0.284496 0.973792)
(0.781517 -0.315593 0.946495)
(0.812854 -0.286188 0.944302)
(0.750011 -0.22982 0.9448)
(0.718781 -0.257924 0.943946)
(0.718764 -0.230414 0.913424)
(0.812582 -0.229797 0.944798)
(0.7189 -0.37689 0.958274)
(0.718867 -0.288285 0.914092)
(0.718769 -0.284513 0.973793)
(0.718847 -0.31566 0.946509)
(1 -0.282836 0.882408)
(0.972789 -0.313657 0.8838)
(0.972546 -0.283839 0.850656)
(0.940652 -0.285439 0.882866)
(0.750244 -0.289848 0.882851)
(0.78167 -0.290483 0.851356)
(0.781771 -0.319399 0.883957)
(0.813071 -0.289552 0.882792)
(0.718751 0 0.882715)
(0.718755 -0.0278698 0.850567)
(0.718762 -0.0618939 0.882639)
(0.718834 -0.260544 0.882078)
(0.718753 -0.230891 0.850155)
(0.718836 -0.2 0.881782)
(0.9064 -0.2 0.81836)
(0.906781 -0.167371 0.850012)
(0.906748 -0.167411 0.786662)
(0.907261 -0.132745 0.81838)
(0.875237 -0.167755 0.818332)
(0.906913 -0.230202 0.850096)
(0.906419 -0.2 0.881743)
(0.906921 -0.229917 0.913425)
(0.907682 -0.258819 0.882067)
(0.875364 -0.230439 0.881803)
(0.906885 -0.23027 0.786718)
(0.907691 -0.259226 0.81866)
(0.875333 -0.230627 0.818405)
(0.907306 -0.132574 0.8817)
(0.87528 -0.167605 0.881719)
(0.906305 -0.2 0.754964)
(0.907242 -0.132777 0.755012)
(0.875225 -0.167791 0.754995)
(0.907684 -0.259337 0.755183)
(0.875325 -0.230678 0.755045)
(0.875311 -0.229674 0.944811)
(0.907767 -0.257051 0.944199)
(0.844164 -0.257744 0.943962)
(0.843912 -0.230315 0.91343)
(0.718949 -0.290687 0.851425)
(0.718993 -0.319613 0.884032)
(1 -0.094326 0.881719)
(1 -0.0943145 0.818335)
(0.908045 -0.0963247 0.97378)
(0.87572 -0.0960256 1)
(0.875825 -0.0970638 0.94396)
(0.907707 -0.0968322 0.913401)
(1 -0.0943131 0.755)
(0.941004 -0.340509 1)
(0.908685 -0.344332 0.980404)
(0.908128 -0.312822 1)
(0.875854 -0.340886 1)
(0.975701 -0.343823 0.98336)
(0.941984 -0.344578 0.952013)
(1 -0.344169 0.951871)
(0.973531 -0.343972 0.919282)
(0.908786 -0.314709 0.946786)
(0.908233 -0.28403 0.974028)
(0.876218 -0.285788 0.944396)
(0.908446 -0.286477 0.914244)
(0.97171 -0.312334 1)
(0.940686 -0.282952 1)
(1 -0.28125 1)
(1 -0.34164 1)
(0.876766 -0.345363 0.951485)
(0.909465 -0.345496 0.920373)
(0.87573 -0.283423 1)
(0.812604 -0.340982 1)
(0.84435 -0.344567 0.980162)
(0.844034 -0.312974 1)
(0.78127 -0.313001 1)
(0.812577 -0.283496 1)
(0.750003 -0.283503 1)
(0.781389 -0.344653 0.980151)
(0.813094 -0.345665 0.951447)
(0.750216 -0.345778 0.951472)
(0.781803 -0.346611 0.920739)
(0.8446 -0.315377 0.946507)
(0.844188 -0.284414 0.973806)
(0.844561 -0.287807 0.914061)
(0.750009 -0.340998 1)
(0.845114 -0.346306 0.920645)
(0.718754 -0.0966865 0.973641)
(0.750026 -0.0973032 0.943937)
(0.718765 -0.0975709 0.913423)
(0.750004 -0.096091 1)
(0.8441 -0.0966368 0.973646)
(0.812578 -0.096087 1)
(0.812669 -0.0972698 0.943935)
(0.781295 -0.0966818 0.973642)
(0.781328 -0.0975549 0.913422)
(0.844116 -0.0974493 0.913409)
(0.71875 -0.313004 1)
(0.718792 -0.344679 0.980153)
(0.718993 -0.346726 0.920795)
(0.941879 -0.344821 0.886196)
(0.973068 -0.344281 0.852515)
(1 -0.3451 0.884913)
(0.940625 -0.285782 0.818976)
(0.972723 -0.313854 0.819128)
(0.972537 -0.283922 0.786891)
(1 -0.282921 0.81851)
(0.90849 -0.287693 0.850996)
(0.908974 -0.316717 0.883776)
(0.876427 -0.28854 0.882729)
(0.909073 -0.317414 0.819598)
(0.908553 -0.287977 0.787259)
(0.87671 -0.289168 0.819238)
(0.941738 -0.345056 0.820363)
(0.97301 -0.344412 0.787566)
(1 -0.345327 0.819346)
(0.909112 -0.317625 0.755674)
(0.87679 -0.28936 0.755547)
(0.939825 -0.0959963 0.818403)
(0.907313 -0.0615853 0.818522)
(0.907575 -0.0968164 0.850209)
(0.907573 -0.0967759 0.786726)
(0.875749 -0.0972143 0.818483)
(0.972155 -0.094968 0.850052)
(0.939886 -0.0960234 0.881854)
(0.906865 -0.0280976 0.850458)
(0.907338 -0.0618313 0.882438)
(0.875274 -0.0281602 0.882907)
(0.972145 -0.0949594 0.786676)
(0.90687 -0.0280301 0.786727)
(0.875283 -0.0279165 0.818535)
(0.875694 -0.0972923 0.881997)
(0.939817 -0.0959844 0.755015)
(0.907313 -0.0615105 0.755034)
(0.875765 -0.0971608 0.755035)
(0.875285 -0.0278396 0.755026)
(0.843129 -0.2 0.754646)
(0.812559 -0.168106 0.755)
(0.843978 -0.13534 0.75501)
(0.843838 -0.168064 0.7867)
(0.812618 -0.230996 0.755066)
(0.843903 -0.230898 0.786763)
(0.844192 -0.261474 0.755178)
(0.843995 -0.0603437 0.818606)
(0.84408 -0.0974995 0.850321)
(0.84397 -0.135083 0.818379)
(0.843871 -0.0279499 0.85055)
(0.844018 -0.0618934 0.882606)
(0.843787 0 0.882705)
(0.781297 -0.0600107 0.818631)
(0.812549 -0.0276801 0.818557)
(0.781266 -0.0273924 0.786764)
(0.780818 0 0.817574)
(0.750009 -0.027533 0.81856)
(0.781323 -0.0976192 0.85035)
(0.812664 -0.0975914 0.882045)
(0.781319 -0.133674 0.881727)
(0.750036 -0.0976355 0.882054)
(0.843869 -0.0276644 0.786747)
(0.843374 0 0.818031)
(0.844005 -0.13351 0.881719)
(0.843994 -0.0599356 0.755052)
(0.812551 -0.0273831 0.755027)
(0.842921 0 0.754566)
(0.843365 -0.2 0.817982)
(0.812545 -0.168098 0.818341)
(0.843836 -0.167845 0.850039)
(0.812591 -0.230949 0.818414)
(0.843901 -0.230735 0.850121)
(0.843695 -0.2 0.881806)
(0.844245 -0.260117 0.882038)
(0.781274 -0.16793 0.85005)
(0.812546 -0.167764 0.881722)
(0.750037 -0.167787 0.881735)
(0.844175 -0.26124 0.818606)
(0.844713 -0.289832 0.851222)
(0.844955 -0.318743 0.883835)
(0.71876 -0.0598937 0.818634)
(0.718755 -0.0271695 0.786762)
(0.718743 0 0.817079)
(0.718763 -0.0976172 0.850354)
(0.718768 -0.133691 0.88173)
(0.718734 -0.167935 0.85006)
(0.781304 -0.230998 0.818444)
(0.78127 -0.168143 0.818369)
(0.718756 -0.231028 0.818429)
(0.718736 -0.168142 0.818346)
(0.750109 -0.261718 0.818684)
(0.750036 -0.23102 0.786796)
(0.781295 -0.135273 0.786698)
(0.749996 -0.167984 0.786679)
(0.750013 -0.135289 0.818382)
(0.718757 -0.13518 0.786698)
(0.780467 -0.2 0.78633)
(0.749961 -0.2 0.817169)
(0.718723 -0.2 0.785495)
(0.781315 -0.231028 0.786759)
(0.781274 -0.168123 0.786672)
(0.781295 -0.135478 0.818386)
(0.780895 -0.2 0.817715)
(0.781404 -0.261695 0.81864)
(0.750028 -0.231012 0.818432)
(0.75 -0.168115 0.818347)
(0.71878 -0.231062 0.786786)
(0.718754 -0.168102 0.786686)
(0.718752 -0.135465 0.81838)
(0.718697 -0.2 0.817199)
(0.718817 -0.26179 0.818661)
(0.906213 0 0.964741)
(0.843783 0 0.964723)
(0.969571 0 0.89791)
(0.969889 0 0.930545)
(0.969529 0 0.802505)
(0.969529 0 0.770834)
(0.969529 0 0.865933)
(0.969529 0 0.834189)
(0.969529 0 0.739167)
(0.906532 0 0.882617)
(0.906531 0 0.818435)
(0.718751 0 0.915349)
(0.749969 0 0.945218)
(0.734356 0 0.950162)
(0.890663 0 0.950166)
(0.859397 0 0.950163)
(0.906662 0 0.915299)
(0.843782 0 0.915341)
(0.875044 0 0.94522)
(1 0 0.913333)
(0.749993 0 0.915349)
(1 0 0.786667)
(0.875106 0 0.915323)
(0.906535 0 0.755007)
(0.875062 0 0.786637)
(0.906525 0 0.850342)
(0.984987 0 0.802501)
(1 0 0.85)
(0.938017 0 0.914855)
(0.984987 0 0.770834)
(0.937676 0 0.786684)
(0.875107 0 0.850365)
(0.984989 0 0.865875)
(0.98495 0 0.964172)
(0.984987 0 0.834174)
(0.984987 0 0.739167)
(0.937668 0 0.850248)
(0.71875 0 0.945217)
(1 0 0.881667)
(1 0 0.944866)
(1 0 0.818333)
(1 0 0.755)
(0.906497 0 0.945262)
(0.843775 0 0.945217)
(1 0 0.8975)
(1 0 0.929167)
(1 0 0.8025)
(1 0 0.770833)
(0.984926 0 0.786667)
(1 0 0.865833)
(1 0 0.834167)
(0.984927 0 0.850021)
(1 0 0.95949)
(1 0 0.739167)
(0.875119 0 0.882688)
(0.937132 0 0.963371)
(0.984932 0 0.881774)
(0.984981 0 0.947305)
(0.965633 0 0.914098)
(0.984926 0 0.818337)
(0.96539 0 0.78667)
(0.984927 0 0.755)
(0.965389 0 0.850072)
(0.937686 0 0.882389)
(0.940082 0 0.945087)
(0.937674 0 0.818404)
(0.937677 0 0.755004)
(0.970091 0 0.962382)
(0.965405 0 0.881933)
(0.96539 0 0.81835)
(0.965785 0 0.946491)
(0.718749 0 0.964721)
(0.96539 0 0.755001)
(0.78125 0 0.96472)
(0.906533 0 0.786693)
(0.875081 0 0.818403)
(0.875039 0 0.754963)
(1 -0.034575 0.596667)
(1 -0.0150428 0.596667)
(1 -0.126458 0.628333)
(1 -0.155979 0.628333)
(1 -0.2 0.628333)
(1 -0.178755 0.628333)
(1 -0.225061 0.628333)
(1 -0.225061 0.66)
(1 -0.253448 0.660001)
(1 -0.282935 0.660003)
(1 -0.385094 0.660131)
(0.987286 -0.0126834 0.596667)
(0.987058 -0.02904 0.596667)
(0.97182 -0.128697 0.62833)
(0.986801 -0.16287 0.62832)
(0.970812 -0.16423 0.628318)
(0.986599 -0.181162 0.628262)
(0.98383 -0.2 0.628021)
(0.971502 -0.22717 0.628298)
(0.965169 -0.2 0.628256)
(0.971472 -0.227168 0.65994)
(0.97226 -0.254847 0.660003)
(0.972535 -0.283948 0.660026)
(1 -0.313353 0.660011)
(0.97272 -0.313931 0.660054)
(1 -0.345433 0.660039)
(0.973577 -0.375479 0.660187)
(0.973005 -0.344467 0.660102)
(0.803207 -0.2 0.659945)
(0.812635 -0.230984 0.66002)
(0.812606 -0.133783 0.659992)
(0.812558 -0.167945 0.659977)
(0.8126 -0.0606022 0.660004)
(0.812616 -0.0596796 0.628336)
(0.970964 -0.0129837 0.596667)
(0.939433 -0.131009 0.628328)
(0.938522 -0.16658 0.628316)
(0.970331 -0.182604 0.62829)
(0.937412 -0.2 0.628291)
(0.968975 -0.2 0.644141)
(0.964985 -0.2 0.659746)
(0.937561 -0.2 0.660007)
(0.938813 -0.22943 0.659996)
(0.939882 -0.257396 0.660031)
(0.940634 -0.285918 0.660081)
(0.941126 -0.315442 0.660142)
(0.941744 -0.345257 0.660228)
(0.909148 -0.317716 0.660248)
(0.844225 -0.261489 0.660086)
(0.875933 -0.260484 0.660087)
(0.876834 -0.289449 0.660225)
(0.843938 -0.230933 0.660017)
(0.842608 -0.2 0.659995)
(0.843866 -0.168051 0.65999)
(0.843983 -0.135108 0.659993)
(0.81262 -0.135081 0.62832)
(0.84398 -0.135291 0.628327)
(0.907258 -0.132766 0.628328)
(0.939445 -0.131005 0.659998)
(0.907263 -0.132763 0.660002)
(0.938575 -0.166579 0.659995)
(0.906437 -0.2 0.660012)
(0.906766 -0.16741 0.660005)
(0.906905 -0.230295 0.66002)
(0.907712 -0.259375 0.660065)
(0.908583 -0.28811 0.660148)
(0.875344 -0.230692 0.66002)
(0.874975 -0.2 0.659998)
(0.87524 -0.167781 0.659999)
(0.875524 -0.13372 0.659999)
(0.875521 -0.133742 0.62833)
(1 0 0.66)
(1 -0.126458 0.66)
(1 -0.2 0.66)
(1 -0.253448 0.723337)
(1 -0.2 0.723333)
(0.971505 -0.227166 0.691747)
(1 -0.0625985 0.66)
(1 -0.253448 0.691668)
(0.937573 -0.2 0.691555)
(0.965033 -0.2 0.723305)
(1 -0.38508 0.723789)
(0.939881 -0.257394 0.691722)
(1 -0.2 0.691667)
(0.972258 -0.254845 0.723368)
(1 -0.225061 0.723334)
(1 -0.225061 0.691667)
(0.972263 -0.254846 0.691696)
(0.938818 -0.229432 0.691657)
(0.965129 -0.2 0.691986)
(0.971472 -0.227168 0.723343)
(1 -0.313352 0.723384)
(0.875552 -0.0611255 0.660003)
(0.939495 -0.0617396 0.660001)
(0.971128 -0.0290538 0.628333)
(0.971128 -0.0290541 0.691667)
(0.9708 -0.164234 0.691702)
(1 -0.034575 0.66)
(0.802542 0 0.659972)
(1 -0.155979 0.66)
(0.97182 -0.128697 0.659999)
(1 -0.126458 0.691667)
(0.938761 -0.0283401 0.660001)
(0.939444 -0.131005 0.691664)
(1 -0.155979 0.723333)
(1 -0.0625985 0.628333)
(1 -0.0625985 0.691667)
(0.971894 -0.061929 0.66)
(0.939495 -0.0617385 0.628333)
(0.939495 -0.0617414 0.69167)
(0.971128 -0.0290539 0.66)
(1 -0.034575 0.628333)
(0.971894 -0.0619288 0.628333)
(0.938762 -0.0283397 0.628334)
(1 -0.034575 0.691667)
(0.971894 -0.0619294 0.691668)
(0.938761 -0.0283409 0.691668)
(0.970803 -0.164232 0.659991)
(0.938576 -0.166579 0.691638)
(0.970815 -0.164228 0.723337)
(1 -0.155979 0.691667)
(0.97182 -0.128697 0.691672)
(0.98729 -0.0126788 0.644167)
(0.98729 -0.0126788 0.675833)
(0.98729 -0.0126788 0.6125)
(0.98729 -0.0126787 0.7075)
(0.986588 -0.181452 0.644153)
(0.986609 -0.181459 0.676016)
(0.98658 -0.181459 0.707601)
(0.986645 -0.181459 0.73911)
(1 0 0.644167)
(1 0 0.675833)
(0.984927 0 0.66)
(1 -0.0150428 0.66)
(0.984145 -0.2 0.660297)
(1 -0.2 0.644167)
(1 -0.2 0.675833)
(1 -0.178755 0.66)
(0.984165 -0.2 0.723518)
(1 -0.2 0.7075)
(1 -0.2 0.739167)
(1 -0.178755 0.723333)
(1 -0.0150428 0.628333)
(1 -0.0150427 0.691667)
(0.968771 -0.2 0.707399)
(0.969225 -0.2 0.73919)
(0.970302 -0.182607 0.72333)
(0.96874 -0.2 0.675817)
(0.970257 -0.182612 0.659921)
(0.983771 -0.2 0.691751)
(1 -0.178755 0.691667)
(0.970281 -0.182615 0.691804)
(0.970964 -0.0129837 0.66)
(0.970964 -0.0129837 0.628333)
(0.970964 -0.0129838 0.691667)
(0.971169 -0.0289059 0.644167)
(0.987058 -0.02904 0.628333)
(0.971169 -0.0289059 0.6125)
(0.971169 -0.028906 0.675834)
(0.987058 -0.0290401 0.691667)
(0.971169 -0.0289062 0.7075)
(0.970776 -0.164712 0.644151)
(0.970746 -0.164715 0.675862)
(0.970752 -0.164714 0.707517)
(0.98679 -0.162871 0.691695)
(0.970818 -0.164706 0.73916)
(0.987058 -0.0290401 0.66)
(1 -0.0303865 0.644167)
(1 -0.0303865 0.675833)
(0.986807 -0.162871 0.660021)
(1 -0.160647 0.644167)
(1 -0.160647 0.675833)
(1 -0.0303865 0.6125)
(1 -0.0303865 0.7075)
(0.986812 -0.16287 0.723345)
(1 -0.160647 0.7075)
(1 -0.160647 0.739167)
(0.987286 -0.0126834 0.66)
(1 -0.0149764 0.644167)
(0.984988 0 0.644167)
(0.987286 -0.0126834 0.628333)
(0.971029 -0.0130352 0.644167)
(0.986993 -0.0289481 0.644167)
(1 -0.0149764 0.675833)
(0.984988 0 0.675833)
(0.987286 -0.0126834 0.691667)
(0.971029 -0.0130352 0.675833)
(0.986993 -0.0289481 0.675833)
(1 -0.0149764 0.6125)
(1 -0.0149764 0.7075)
(0.986722 -0.163113 0.644164)
(0.98672 -0.163113 0.675876)
(1 -0.179326 0.675833)
(1 -0.179326 0.7075)
(1 -0.179326 0.739167)
(0.983903 -0.2 0.644119)
(0.984079 -0.2 0.676503)
(0.983929 -0.2 0.707866)
(1 -0.179326 0.644167)
(0.984081 -0.2 0.738922)
(0.971029 -0.0130352 0.6125)
(0.986993 -0.0289481 0.6125)
(0.971029 -0.0130352 0.7075)
(0.986993 -0.0289481 0.7075)
(0.970369 -0.182926 0.644132)
(0.986656 -0.181162 0.660083)
(0.970287 -0.182928 0.707503)
(0.970272 -0.18293 0.67587)
(0.986571 -0.181166 0.691738)
(0.986717 -0.163112 0.707526)
(0.986666 -0.181165 0.723382)
(0.970487 -0.182927 0.73916)
(0.986739 -0.163111 0.739156)
(0.972535 -0.283946 0.691713)
(0.906891 -0.230294 0.691715)
(0.906752 -0.167413 0.691691)
(0.908574 -0.288099 0.691878)
(0.972982 -0.344457 0.691834)
(0.972144 -0.0949556 0.628333)
(0.906874 -0.0280027 0.628334)
(0.907577 -0.0967394 0.628332)
(0.972144 -0.0949561 0.691668)
(0.906873 -0.0280062 0.69167)
(0.907576 -0.0967454 0.691673)
(0.843869 -0.0274421 0.628335)
(0.843928 -0.230938 0.691687)
(0.843859 -0.168084 0.691654)
(0.843868 -0.0274647 0.691672)
(0.875926 -0.26048 0.691788)
(1 -0.0943131 0.66)
(0.875287 -0.027802 0.660002)
(0.842373 0 0.660003)
(0.875523 -0.133749 0.69167)
(0.87577 -0.0971188 0.660002)
(1 -0.37714 0.691831)
(1 -0.282935 0.723348)
(0.874986 -0.2 0.691686)
(0.939821 -0.0959743 0.66)
(0.941118 -0.315429 0.691882)
(0.972719 -0.313922 0.723491)
(1 -0.313353 0.691689)
(0.973577 -0.375457 0.723876)
(1 -0.345429 0.723492)
(0.875553 -0.0611034 0.628335)
(0.907315 -0.0614813 0.660002)
(0.875552 -0.0611228 0.691675)
(0.843991 -0.0598997 0.660004)
(0.811342 -0.2 0.691593)
(0.812616 -0.0597525 0.691676)
(0.812541 -0.0270449 0.660004)
(0.810487 0 0.628336)
(0.810522 0 0.691613)
(0.812621 -0.135109 0.691655)
(0.812546 -0.0271086 0.628336)
(0.812628 -0.231007 0.691689)
(0.812546 -0.027155 0.691672)
(0.973386 -0.375447 0.691942)
(1 -0.282935 0.691673)
(0.940631 -0.285911 0.691792)
(0.972534 -0.283942 0.723411)
(0.972716 -0.313927 0.691756)
(0.906391 -0.2 0.691733)
(0.907706 -0.25937 0.691767)
(0.875344 -0.23069 0.691703)
(0.907258 -0.132768 0.691676)
(0.875241 -0.167789 0.691674)
(1 -0.0943131 0.628333)
(1 -0.0943131 0.691667)
(0.909129 -0.317706 0.692)
(0.876814 -0.28944 0.69196)
(0.941704 -0.345215 0.691997)
(0.973004 -0.344453 0.72364)
(1 -0.345383 0.691734)
(0.939819 -0.0959743 0.628332)
(0.972144 -0.0949557 0.66)
(0.907315 -0.0614767 0.628334)
(0.906874 -0.0280042 0.660001)
(0.875288 -0.0277975 0.628335)
(0.907577 -0.0967407 0.660002)
(0.87577 -0.0971159 0.628333)
(0.939821 -0.0959758 0.691669)
(0.907315 -0.0614849 0.691673)
(0.875287 -0.0278064 0.691671)
(0.875769 -0.0971294 0.691674)
(0.843994 -0.059761 0.628336)
(0.843868 -0.0274527 0.660003)
(0.842424 0 0.628335)
(0.842683 -0.2 0.691647)
(0.844207 -0.261516 0.691768)
(0.812563 -0.168077 0.691644)
(0.843983 -0.135304 0.691659)
(0.843993 -0.0598035 0.691676)
(0.842433 0 0.691659)
(1 -0.253448 0.628334)
(0.939873 -0.257394 0.628348)
(0.972262 -0.254847 0.628331)
(0.938767 -0.229423 0.628316)
(0.986689 -0.181454 0.612552)
(0.98729 -0.0126788 0.580833)
(1 0 0.580833)
(1 -0.2 0.6125)
(0.96888 -0.2 0.612558)
(0.970776 -0.16471 0.612506)
(1 -0.0303865 0.580833)
(1 -0.160647 0.6125)
(0.98435 -0.2 0.612726)
(1 -0.0149764 0.580833)
(1 -0.179326 0.6125)
(0.97035 -0.182925 0.61252)
(0.98674 -0.163112 0.61251)
(0.971029 -0.0130352 0.580833)
(0.986993 -0.0289481 0.580833)
(0.972535 -0.283949 0.628347)
(0.906886 -0.230294 0.628332)
(0.906748 -0.167413 0.628322)
(0.90858 -0.288121 0.628425)
(0.972982 -0.344464 0.628387)
(0.843915 -0.230941 0.628336)
(0.843845 -0.168081 0.628319)
(0.875927 -0.260495 0.628387)
(1 -0.377144 0.628375)
(0.874928 -0.2 0.628331)
(0.94112 -0.315445 0.628419)
(1 -0.313353 0.628338)
(0.811312 -0.2 0.628303)
(0.812627 -0.231016 0.628331)
(0.973387 -0.375458 0.628424)
(1 -0.282935 0.628335)
(0.940632 -0.285921 0.628382)
(0.972717 -0.313932 0.628363)
(0.906388 -0.2 0.628322)
(0.907708 -0.259379 0.628369)
(0.875326 -0.230694 0.628342)
(0.875223 -0.167788 0.628328)
(0.909136 -0.317739 0.628483)
(0.876822 -0.289473 0.62847)
(0.941705 -0.345233 0.628458)
(1 -0.345385 0.628349)
(0.842639 -0.2 0.628292)
(0.844208 -0.261531 0.628383)
(0.812561 -0.168068 0.628307)
(0.984988 0 0.580833)
(1 0 0.596667)
(0.984927 0 0.596667)
(0.96539 0 0.596667)
(0.874992 0 0.660001)
(0.937678 0 0.66)
(1 0 0.628333)
(1 0 0.691667)
(0.96539 0 0.66)
(0.937678 0 0.628333)
(0.937678 0 0.691667)
(0.96539 0 0.628333)
(0.96539 0 0.691667)
(1 0 0.6125)
(1 0 0.7075)
(0.984927 0 0.628333)
(0.984927 0 0.691667)
(0.969529 0 0.6125)
(0.969529 0 0.644167)
(0.969529 0 0.675833)
(0.969529 0 0.7075)
(0.984988 0 0.6125)
(0.984987 0 0.7075)
(0.906537 0 0.660001)
(0.874993 0 0.628334)
(0.874991 0 0.691669)
(0.969529 0 0.580833)
(0.906538 0 0.628334)
(0.906537 0 0.691668)
(0.124236 -0.0315292 1)
(0.124414 -0.0310102 0.97973)
(0.124743 -0.0156557 0.988825)
(0.124347 0 0.964774)
(0.124548 -0.0135771 0.969234)
(0.124513 -0.0292589 0.967059)
(0.124584 -0.0117934 0.951373)
(0.108922 -0.0132716 0.969676)
(0.108682 -0.0305301 0.982941)
(0.10891 0 0.966287)
(0.108899 -0.0113938 0.951642)
(0.109059 -0.0153599 0.989369)
(0.108777 -0.0289643 0.967624)
(0.500001 -0.259616 0.913371)
(0.249919 -0.259564 0.913335)
(0.500002 -0.133248 0.913071)
(0.374987 -0.259611 0.913364)
(0.625025 -0.259612 0.913361)
(0.249985 -0.133178 0.913057)
(0.375003 -0.133245 0.913067)
(0.625008 -0.133244 0.913065)
(0.625001 -0.133829 0.786709)
(0.375004 -0.133828 0.78671)
(0.187435 -0.2 0.975153)
(0.437506 -0.2 0.975195)
(0.312485 -0.2 0.975206)
(0.562551 -0.2 0.97521)
(0.5 0 0.776587)
(0.4375 0 0.915348)
(0.562504 0 0.915349)
(0.500033 -0.2 0.913677)
(0.437493 -0.259619 0.913363)
(0.562512 -0.259619 0.913362)
(0.499999 -0.255895 0.973835)
(0.187508 0 0.915377)
(0.312502 0 0.915349)
(0.249978 -0.255887 0.973833)
(0.187234 -0.259439 0.913325)
(0.312467 -0.2596 0.913356)
(0.250035 -0.2 0.913532)
(0.375 -0.130681 0.973747)
(0.625 -0.130682 0.973746)
(0.437499 -0.133245 0.913064)
(0.562505 -0.133244 0.913064)
(0.499999 -0.130683 0.973743)
(0.37506 -0.2 0.913599)
(0.374998 -0.255895 0.973837)
(0.625003 -0.255894 0.973836)
(0.625067 -0.2 0.913573)
(0.187363 -0.132944 0.91306)
(0.3125 -0.133234 0.913067)
(0.249989 -0.130672 0.973743)
(0.562505 -0.255895 0.973839)
(0.625003 0 0.776585)
(0.499983 -0.133818 0.786708)
(0.562467 -0.2 0.913537)
(0.437498 -0.255895 0.973839)
(0.312494 -0.255893 0.973836)
(0.437499 -0.130683 0.973748)
(0.562504 -0.130683 0.973747)
(0.187444 -0.2 0.913531)
(0.437528 -0.2 0.913502)
(0.312517 -0.2 0.913559)
(0.187368 -0.255858 0.973832)
(0.187391 -0.130629 0.973743)
(0.250004 -0.2 0.975222)
(0.375011 -0.2 0.975204)
(0.500001 -0.2 0.975132)
(0.312499 -0.13068 0.973747)
(0.62498 -0.2 0.975164)
(0.4375 -0.063616 0.974908)
(0.562501 -0.063616 0.974908)
(0.187263 -0.314094 0.975292)
(0.187378 -0.0635234 0.974916)
(0.3125 -0.0636136 0.974908)
(0.562504 -0.314152 0.975299)
(0.437497 -0.314152 0.975299)
(0.312482 -0.314148 0.975296)
(0.218741 -0.227103 1)
(0.156126 -0.227086 1)
(0.46875 -0.227105 1)
(0.40625 -0.227105 1)
(0.28125 -0.227104 1)
(0.34375 -0.227105 1)
(0.53125 -0.227105 1)
(0.59375 -0.227105 1)
(0.500001 -0.0623525 0.914719)
(0.5 -0.317451 0.916421)
(0.249987 -0.0622468 0.914723)
(0.249728 -0.317329 0.91635)
(0.375 -0.0623504 0.914719)
(0.625001 -0.0623518 0.914719)
(0.249997 -0.254699 1)
(0.249844 -0.392716 1)
(0.374942 -0.317434 0.916411)
(0.625061 -0.317435 0.916411)
(0.5 -0.254699 1)
(0.625 -0.254699 1)
(0.375 -0.254699 1)
(0.625023 -0.392753 1)
(0.374977 -0.392753 1)
(0.187428 -0.228403 0.975395)
(0.1875 -0.2 1)
(0.15621 -0.2 0.975138)
(0.218758 -0.2 0.975234)
(0.437499 -0.228419 0.975417)
(0.406241 -0.2 0.975253)
(0.4375 -0.2 1)
(0.468741 -0.2 0.975343)
(0.312496 -0.228419 0.975413)
(0.281249 -0.2 0.975156)
(0.3125 -0.2 1)
(0.343732 -0.2 0.975207)
(0.562518 -0.228419 0.975418)
(0.531264 -0.2 0.975173)
(0.593772 -0.2 0.975344)
(0.5625 -0.2 1)
(0.5 -0.392756 1)
(0.531252 -0.255896 0.973836)
(0.468747 -0.255896 0.973842)
(0.499998 -0.22842 0.975396)
(0.28124 -0.255891 0.973833)
(0.218697 -0.255879 0.973833)
(0.249993 -0.228419 0.975414)
(0.375 -0.2 1)
(0.625 -0.2 1)
(0.187436 -0.254692 1)
(0.3125 -0.2547 1)
(0.25 -0.2 1)
(0.155932 -0.255812 0.973841)
(0.406248 -0.255895 0.973839)
(0.343746 -0.255893 0.973837)
(0.375001 -0.22842 0.975413)
(0.593753 -0.255895 0.973843)
(0.656257 -0.255894 0.973835)
(0.624997 -0.228419 0.975406)
(0.5625 -0.254699 1)
(0.4375 -0.254699 1)
(0.5 -0.2 1)
(0.562508 -0.392754 1)
(0.562526 -0.317449 0.916418)
(0.562502 -0.0623511 0.914719)
(0.437492 -0.392754 1)
(0.5 -0.0636165 0.974908)
(0.4375 -0.0623513 0.914719)
(0.375 -0.0636161 0.974908)
(0.625 -0.0636164 0.974908)
(0.186817 -0.317116 0.916286)
(0.437476 -0.317448 0.916419)
(0.312378 -0.317404 0.916391)
(0.187045 -0.392646 1)
(0.249946 -0.314137 0.975293)
(0.218735 -0.254698 1)
(0.156037 -0.254673 1)
(0.249991 -0.0636006 0.97491)
(0.187347 -0.0616041 0.914726)
(0.218726 -0.228415 0.975416)
(0.468743 -0.22842 0.975447)
(0.312499 -0.0623377 0.91472)
(0.281247 -0.22842 0.975403)
(0.531257 -0.228421 0.975405)
(0.625008 -0.314151 0.975298)
(0.5 -0.314153 0.975299)
(0.53125 -0.254699 1)
(0.59375 -0.254699 1)
(0.65625 -0.2547 1)
(0.312442 -0.392742 1)
(0.374992 -0.314151 0.975298)
(0.46875 -0.254699 1)
(0.40625 -0.254699 1)
(0.28125 -0.254699 1)
(0.34375 -0.2547 1)
(0.15625 -0.2 1)
(0.187463 -0.227099 1)
(0.21875 -0.2 1)
(0.249998 -0.227104 1)
(0.156097 -0.228383 0.975399)
(0.40625 -0.2 1)
(0.406247 -0.228419 0.975425)
(0.4375 -0.227105 1)
(0.46875 -0.2 1)
(0.5 -0.227105 1)
(0.375 -0.227105 1)
(0.34375 -0.2 1)
(0.3125 -0.227105 1)
(0.28125 -0.2 1)
(0.343744 -0.228418 0.975416)
(0.59375 -0.2 1)
(0.593757 -0.22842 0.975449)
(0.5625 -0.227105 1)
(0.53125 -0.2 1)
(0.625 -0.227105 1)
(0.562501 -0.0613482 0.850559)
(0.468749 -0.0297279 0.95015)
(0.531261 -0.0297278 0.95015)
(0.4375 -0.0613492 0.850558)
(0.218786 -0.0296464 0.950177)
(0.281256 -0.0297198 0.950153)
(0.562513 -0.2 0.84996)
(0.437491 -0.2 0.84994)
(0.312498 -0.0613449 0.850558)
(0.312471 -0.2 0.849933)
(0.156126 -0.16434 1)
(0.218694 -0.167093 0.94469)
(0.156112 -0.16702 0.94471)
(0.218741 -0.164365 1)
(0.40625 -0.164366 1)
(0.468713 -0.167117 0.944724)
(0.406247 -0.167118 0.944708)
(0.46875 -0.164366 1)
(0.34375 -0.164366 1)
(0.281252 -0.167112 0.944706)
(0.343748 -0.167115 0.944756)
(0.28125 -0.164366 1)
(0.59375 -0.164366 1)
(0.531262 -0.167117 0.944725)
(0.593739 -0.167116 0.944726)
(0.53125 -0.164366 1)
(0.40625 -0.0297277 0.95015)
(0.593741 -0.0297278 0.950151)
(0.156027 -0.0287905 0.950156)
(0.343749 -0.0297268 0.95015)
(0.656262 -0.0297279 0.950151)
(0.5 0 0.850258)
(0.500002 -0.0285984 0.916061)
(0.499997 -0.261185 0.850546)
(0.28126 0 0.915351)
(0.250015 -0.0285499 0.916069)
(0.375 -0.129708 1)
(0.625 -0.129708 1)
(0.500008 -0.167597 0.91338)
(0.468746 -0.133246 0.913068)
(0.531256 -0.133245 0.913065)
(0.499994 -0.132147 0.943729)
(0.499997 -0.134116 0.850103)
(0.375 -0.0285978 0.916061)
(0.625 0 0.850258)
(0.624998 -0.0285984 0.916062)
(0.37498 -0.261168 0.850547)
(0.625029 -0.261172 0.850544)
(0.250017 -0.167578 0.91333)
(0.218704 -0.133095 0.913057)
(0.281247 -0.133218 0.913061)
(0.249981 -0.132108 0.943719)
(0.155968 -0.132699 0.913066)
(0.37501 -0.134119 0.850112)
(0.375 -0.132144 0.943734)
(0.406245 -0.133247 0.913061)
(0.375016 -0.167598 0.913357)
(0.34375 -0.133242 0.913066)
(0.624998 -0.134117 0.850107)
(0.625 -0.132146 0.943731)
(0.593755 -0.133244 0.913062)
(0.625024 -0.167596 0.913349)
(0.249997 -0.129708 1)
(0.5 -0.129708 1)
(0.624997 -0.2 0.777206)
(0.625003 -0.0606028 0.786798)
(0.5625 -0.133822 0.786729)
(0.437504 -0.133819 0.786712)
(0.374999 -0.060603 0.786796)
(0.375036 -0.2 0.777289)
(0.187515 -0.2 0.945207)
(0.187434 -0.165693 0.975281)
(0.437499 -0.165714 0.975301)
(0.43748 -0.2 0.945284)
(0.312544 -0.2 0.945294)
(0.312497 -0.16571 0.975299)
(0.562595 -0.2 0.945261)
(0.562517 -0.165714 0.975303)
(0.562501 0 0.776587)
(0.499996 -0.0605919 0.786797)
(0.4375 0 0.945215)
(0.4375 -0.0285982 0.916061)
(0.562515 0 0.945217)
(0.562503 -0.0285982 0.916062)
(0.500001 -0.0312367 0.979783)
(0.499996 -0.2 0.777289)
(0.531284 -0.2 0.913517)
(0.468732 -0.2 0.913554)
(0.499933 -0.2 0.945129)
(0.187585 0 0.9453)
(0.187437 -0.0279231 0.916075)
(0.3125 0 0.945215)
(0.312502 -0.0285935 0.916062)
(0.250005 -0.0312301 0.979786)
(0.218941 -0.2 0.913534)
(0.281292 -0.2 0.913534)
(0.25001 -0.2 0.945125)
(0.155964 -0.130567 0.973747)
(0.187436 -0.129702 1)
(0.406249 -0.130683 0.973747)
(0.375002 -0.165711 0.975299)
(0.343749 -0.130682 0.973748)
(0.3125 -0.129709 1)
(0.4375 -0.129708 1)
(0.593752 -0.130683 0.973751)
(0.624997 -0.165715 0.975291)
(0.5625 -0.129708 1)
(0.437495 -0.132147 0.943735)
(0.437505 -0.167599 0.913334)
(0.5625 -0.167597 0.91334)
(0.562509 -0.132148 0.943735)
(0.468748 -0.130683 0.97375)
(0.531252 -0.130683 0.973744)
(0.499998 -0.165715 0.975278)
(0.375 -0.0312365 0.979783)
(0.624997 -0.0312366 0.979783)
(0.156262 -0.2 0.913529)
(0.406168 -0.2 0.913509)
(0.343736 -0.2 0.913496)
(0.374992 -0.2 0.945206)
(0.593771 -0.2 0.91352)
(0.624954 -0.2 0.945203)
(0.187436 -0.167514 0.91333)
(0.187363 -0.131979 0.943728)
(0.312507 -0.167595 0.913349)
(0.312502 -0.13214 0.943738)
(0.218712 -0.130659 0.973743)
(0.249996 -0.165711 0.97529)
(0.281247 -0.130679 0.973742)
(0.562503 -0.0312366 0.979783)
(0.4375 -0.0312366 0.979783)
(0.187444 -0.0311809 0.979799)
(0.3125 -0.0312357 0.979783)
(0.46875 -0.0636164 0.974906)
(0.4375 -0.0631344 0.945952)
(0.40625 -0.0636159 0.974908)
(0.562503 -0.0631344 0.945952)
(0.531251 -0.063616 0.974908)
(0.593749 -0.0636164 0.974907)
(0.155904 -0.0634231 0.974915)
(0.218714 -0.0635769 0.974912)
(0.18736 -0.0627534 0.94597)
(0.34375 -0.0636154 0.974906)
(0.281248 -0.0636099 0.974909)
(0.312499 -0.063126 0.945952)
(0.656252 -0.063616 0.974909)
(0.531253 -0.0623513 0.914719)
(0.500001 -0.0631351 0.945951)
(0.46875 -0.0623516 0.914719)
(0.249991 -0.0630759 0.945956)
(0.218699 -0.0620654 0.914727)
(0.281247 -0.0623134 0.914721)
(0.155886 -0.0606689 0.914705)
(0.40625 -0.062351 0.914719)
(0.375 -0.0631338 0.945951)
(0.34375 -0.0623464 0.914719)
(0.59375 -0.062351 0.914719)
(0.624999 -0.0631349 0.945951)
(0.656255 -0.062352 0.91472)
(0.5625 0 0.850258)
(0.531255 -0.0285982 0.916061)
(0.5 -0.0613484 0.850558)
(0.562501 -0.0605932 0.7868)
(0.562504 -0.134117 0.850116)
(0.625002 -0.06135 0.850558)
(0.593747 -0.0285982 0.916062)
(0.500002 -0.0297279 0.95015)
(0.468747 0 0.945215)
(0.46875 -0.0285983 0.916061)
(0.468749 -0.0631347 0.945951)
(0.4375 -0.0297278 0.95015)
(0.46875 -0.0312362 0.979785)
(0.531254 -0.0631345 0.945952)
(0.562506 -0.0297278 0.950151)
(0.531254 -0.0312366 0.979783)
(0.437499 -0.060593 0.786798)
(0.437502 -0.134119 0.850109)
(0.375 -0.0613497 0.850558)
(0.40625 -0.0285981 0.916061)
(0.250022 -0.0297033 0.95016)
(0.218758 -0.0284254 0.916077)
(0.187477 -0.0294277 0.950194)
(0.218709 -0.0629819 0.945963)
(0.218751 -0.0312169 0.979794)
(0.218614 -0.2 0.945147)
(0.468661 -0.2 0.945201)
(0.281254 0 0.945217)
(0.281257 -0.0285835 0.916064)
(0.3125 -0.029725 0.95015)
(0.281248 -0.0631122 0.945953)
(0.281251 -0.0312344 0.979784)
(0.281246 -0.2 0.945178)
(0.531272 -0.2 0.945229)
(0.562518 -0.2 0.77734)
(0.624952 -0.2 0.849945)
(0.50002 -0.2 0.849886)
(0.531266 -0.167598 0.91334)
(0.59376 -0.167597 0.913333)
(0.562517 -0.261181 0.850557)
(0.656256 -0.0285985 0.916062)
(0.156001 -0.0264983 0.916019)
(0.218787 -0.167555 0.91333)
(0.156153 -0.167445 0.913337)
(0.437528 -0.2 0.777254)
(0.375027 -0.2 0.849937)
(0.46874 -0.167598 0.913352)
(0.406227 -0.1676 0.913329)
(0.437489 -0.26118 0.850551)
(0.31249 -0.134111 0.850109)
(0.34375 -0.0285966 0.916061)
(0.281264 -0.167589 0.913336)
(0.343749 -0.167598 0.913336)
(0.312434 -0.261148 0.85053)
(0.156101 -0.165665 0.975275)
(0.187463 -0.16436 1)
(0.156038 -0.129681 1)
(0.156178 -0.2 0.945186)
(0.187444 -0.167065 0.94471)
(0.21873 -0.165706 0.975294)
(0.249995 -0.167106 0.944684)
(0.218691 -0.132062 0.94372)
(0.155939 -0.131829 0.943734)
(0.249998 -0.164366 1)
(0.218734 -0.129708 1)
(0.406248 -0.165717 0.975305)
(0.4375 -0.164366 1)
(0.375 -0.164366 1)
(0.40625 -0.129708 1)
(0.437488 -0.167117 0.944743)
(0.468743 -0.165715 0.975325)
(0.499976 -0.167118 0.9447)
(0.46874 -0.132148 0.943733)
(0.406258 -0.2 0.945159)
(0.374999 -0.167118 0.944726)
(0.406248 -0.132148 0.94373)
(0.5 -0.164366 1)
(0.46875 -0.129708 1)
(0.343745 -0.165714 0.975301)
(0.3125 -0.164366 1)
(0.34375 -0.129708 1)
(0.343741 -0.2 0.9453)
(0.312515 -0.167114 0.944753)
(0.281249 -0.165715 0.975279)
(0.281246 -0.132131 0.943726)
(0.34375 -0.132146 0.943741)
(0.28125 -0.129709 1)
(0.593756 -0.165715 0.975327)
(0.5625 -0.164366 1)
(0.625 -0.164366 1)
(0.59375 -0.129708 1)
(0.562534 -0.167115 0.94474)
(0.531257 -0.165715 0.975286)
(0.531254 -0.132146 0.94373)
(0.593699 -0.2 0.945207)
(0.624987 -0.167116 0.94472)
(0.59375 -0.132147 0.943733)
(0.53125 -0.129708 1)
(0.40625 -0.0631342 0.945951)
(0.40625 -0.0312366 0.979782)
(0.375001 -0.0297276 0.95015)
(0.593746 -0.0312362 0.979785)
(0.593749 -0.0631345 0.945952)
(0.624993 -0.0297279 0.950151)
(0.155882 -0.0622922 0.945969)
(0.156016 -0.0311043 0.979785)
(0.34375 -0.0631315 0.945952)
(0.34375 -0.0312359 0.979784)
(0.656255 -0.0312366 0.979783)
(0.656255 -0.0631348 0.945952)
(0.46875 -0.031534 1)
(0.40625 -0.031534 1)
(0.53125 -0.031534 1)
(0.59375 -0.031534 1)
(0.218729 -0.031534 1)
(0.155975 -0.0315339 1)
(0.28125 -0.031534 1)
(0.34375 -0.031534 1)
(0.65625 -0.031534 1)
(0.484372 -0.0142213 0.969991)
(0.453124 -0.0142212 0.969992)
(0.515634 -0.0142213 0.969991)
(0.546894 -0.0142213 0.969992)
(0.234432 -0.0142142 0.970012)
(0.20321 -0.0141925 0.970051)
(0.265639 -0.0142192 0.969996)
(0.296875 -0.0142206 0.969991)
(0.390627 -0.0142212 0.969991)
(0.421875 -0.0142212 0.969991)
(0.609353 -0.0142212 0.969992)
(0.578122 -0.0142212 0.969993)
(0.140345 -0.0137903 0.969978)
(0.171837 -0.0140868 0.970072)
(0.359375 -0.0142212 0.969991)
(0.328123 -0.014221 0.969991)
(0.640627 -0.0142212 0.969992)
(0.671906 -0.0142213 0.969994)
(0.499989 0 0.964719)
(0.5 -0.0155153 0.988906)
(0.250047 0 0.964729)
(0.250012 -0.0155125 0.98891)
(0.375008 0 0.964718)
(0.375001 -0.0155152 0.988906)
(0.624947 0 0.964721)
(0.624994 -0.0155153 0.988907)
(0.562538 0 0.964721)
(0.562505 -0.0155153 0.988907)
(0.437501 0 0.964719)
(0.4375 -0.0155153 0.988906)
(0.187737 0 0.964892)
(0.187505 -0.0154933 0.988935)
(0.3125 0 0.964718)
(0.3125 -0.015515 0.988906)
(0.4375 -0.0634807 1)
(0.5625 -0.0634807 1)
(0.187417 -0.0634794 1)
(0.3125 -0.0634807 1)
(0.375 -0.0634807 1)
(0.625 -0.0634807 1)
(0.5 -0.0634807 1)
(0.249996 -0.0634807 1)
(0.531257 -0.0155153 0.988906)
(0.468749 -0.0155152 0.988906)
(0.218776 -0.0155058 0.98892)
(0.281252 -0.0155144 0.988907)
(0.156142 -0.0155002 0.988916)
(0.40625 -0.0155153 0.988906)
(0.343749 -0.0155151 0.988906)
(0.593743 -0.0155152 0.988907)
(0.656259 -0.0155153 0.988907)
(0.484374 -0.0296803 0.951171)
(0.468748 -0.0135967 0.95154)
(0.453124 -0.0296803 0.951171)
(0.468749 -0.0301913 0.967172)
(0.531268 -0.0135967 0.951541)
(0.515632 -0.0296803 0.951171)
(0.546887 -0.0296803 0.951172)
(0.531262 -0.0301914 0.967172)
(0.218831 -0.0135751 0.951578)
(0.234415 -0.0296489 0.951191)
(0.203162 -0.0295632 0.951216)
(0.218795 -0.030151 0.967199)
(0.26564 -0.0296707 0.951177)
(0.281256 -0.0135949 0.951543)
(0.296877 -0.0296771 0.951172)
(0.281254 -0.0301876 0.967173)
(0.421875 -0.0296803 0.951171)
(0.406251 -0.0135967 0.951539)
(0.40625 -0.0301913 0.967171)
(0.390626 -0.0296802 0.95117)
(0.578123 -0.0296803 0.951172)
(0.593733 -0.0135967 0.951542)
(0.593739 -0.0301913 0.967173)
(0.609362 -0.0296803 0.951172)
(0.171787 -0.0292523 0.951215)
(0.156083 -0.012899 0.951576)
(0.140298 -0.0285275 0.951118)
(0.156042 -0.029754 0.967195)
(0.328124 -0.0296792 0.951171)
(0.343748 -0.0135965 0.95154)
(0.359375 -0.0296799 0.951171)
(0.343749 -0.0301908 0.967171)
(0.671895 -0.0296803 0.951173)
(0.65627 -0.0135967 0.951542)
(0.640627 -0.0296803 0.951172)
(0.656264 -0.0301914 0.967172)
(0.500001 -0.0135967 0.95154)
(0.484372 0 0.950159)
(0.250035 -0.013591 0.951552)
(0.265641 0 0.950164)
(0.375002 -0.0135966 0.95154)
(0.624985 -0.0135967 0.951541)
(0.453124 0 0.95016)
(0.4375 -0.0135967 0.95154)
(0.421875 0 0.950159)
(0.546895 0 0.950161)
(0.562512 -0.0135967 0.951542)
(0.578122 0 0.950161)
(0.500001 -0.0301914 0.967171)
(0.484375 -0.0308932 0.983091)
(0.515629 -0.0308933 0.983091)
(0.203231 0 0.950224)
(0.187552 -0.0134533 0.951616)
(0.171856 0 0.950248)
(0.296875 0 0.95016)
(0.3125 -0.0135961 0.95154)
(0.328123 0 0.950159)
(0.250023 -0.0301795 0.967181)
(0.234389 -0.0308803 0.983101)
(0.265631 -0.0308891 0.983094)
(0.671907 0 0.950162)
(0.140292 -0.0306586 0.983066)
(0.390625 -0.0308932 0.98309)
(0.375001 -0.0301912 0.967171)
(0.359375 -0.030893 0.983091)
(0.609368 -0.0308932 0.983092)
(0.62499 -0.0301914 0.967172)
(0.640626 -0.0308933 0.983091)
(0.562508 -0.0301914 0.967172)
(0.546881 -0.0308933 0.983091)
(0.578124 -0.0308932 0.983092)
(0.4375 -0.0301914 0.967171)
(0.453125 -0.0308932 0.983091)
(0.421875 -0.0308933 0.98309)
(0.187498 -0.0300475 0.967223)
(0.203122 -0.0308525 0.983113)
(0.171766 -0.0307791 0.983113)
(0.671885 -0.0308933 0.983091)
(0.3125 -0.0301901 0.967171)
(0.296876 -0.0308919 0.983091)
(0.328125 -0.0308927 0.983091)
(0.515637 0 0.966588)
(0.546902 0 0.966591)
(0.484373 -0.0136663 0.951986)
(0.515634 -0.0136663 0.951986)
(0.48437 0 0.966589)
(0.453123 0 0.96659)
(0.234447 0 0.966614)
(0.203253 0 0.966669)
(0.234434 -0.0136569 0.952009)
(0.265642 -0.0136636 0.951992)
(0.265639 0 0.966595)
(0.296873 0 0.966589)
(0.609343 0 0.966591)
(0.578121 0 0.966593)
(0.390627 0 0.966588)
(0.421876 0 0.966588)
(0.140328 0 0.966636)
(0.171867 0 0.966713)
(0.640626 0 0.966589)
(0.671917 0 0.966593)
(0.359374 0 0.966589)
(0.328122 0 0.966588)
(0.40625 -0.0634807 1)
(0.390626 -0.0136662 0.951985)
(0.46875 -0.0634807 1)
(0.4375 -0.031534 1)
(0.5 -0.031534 1)
(0.484374 -0.0152002 0.989514)
(0.453125 -0.0152002 0.989514)
(0.375 -0.031534 1)
(0.390626 -0.0152001 0.989514)
(0.421875 -0.0152002 0.989514)
(0.59375 -0.0634807 1)
(0.609356 -0.0136662 0.951987)
(0.5625 -0.031534 1)
(0.53125 -0.0634807 1)
(0.515629 -0.0152002 0.989514)
(0.546883 -0.0152002 0.989514)
(0.625 -0.031534 1)
(0.609367 -0.0152001 0.989514)
(0.578124 -0.0152001 0.989515)
(0.155977 -0.0634741 1)
(0.140344 -0.0126128 0.951951)
(0.187417 -0.0315341 1)
(0.218729 -0.0634806 1)
(0.249996 -0.031534 1)
(0.234395 -0.015195 0.989522)
(0.203145 -0.0151835 0.989535)
(0.140441 -0.0151932 0.989489)
(0.171823 -0.0151622 0.989537)
(0.34375 -0.0634807 1)
(0.359375 -0.0136661 0.951986)
(0.28125 -0.0634807 1)
(0.3125 -0.031534 1)
(0.265631 -0.0151986 0.989516)
(0.296875 -0.0151997 0.989514)
(0.359375 -0.0152001 0.989514)
(0.328124 -0.0152 0.989514)
(0.65625 -0.0634807 1)
(0.640627 -0.0136662 0.951987)
(0.640626 -0.0152002 0.989514)
(0.671887 -0.0152002 0.989515)
(0.453124 -0.0136662 0.951986)
(0.468747 -0.014254 0.969342)
(0.484374 -0.030131 0.967886)
(0.499998 -0.0142539 0.969342)
(0.453124 -0.030131 0.967886)
(0.4375 -0.0142539 0.969342)
(0.546892 -0.0136662 0.951987)
(0.531274 -0.014254 0.969342)
(0.515632 -0.030131 0.967886)
(0.546887 -0.030131 0.967887)
(0.562518 -0.0142539 0.969344)
(0.203206 -0.0136204 0.952046)
(0.218848 -0.0142396 0.96938)
(0.234412 -0.030111 0.967904)
(0.250034 -0.01425 0.969352)
(0.203161 -0.0300594 0.967928)
(0.187589 -0.0141891 0.969436)
(0.296876 -0.0136654 0.951987)
(0.281252 -0.0142528 0.969343)
(0.265638 -0.030125 0.967891)
(0.296876 -0.030129 0.967887)
(0.3125 -0.0142535 0.969342)
(0.421875 -0.0136662 0.951986)
(0.406251 -0.0142539 0.969341)
(0.390626 -0.0301309 0.967885)
(0.375003 -0.0142539 0.969341)
(0.421875 -0.030131 0.967885)
(0.578122 -0.0136662 0.951988)
(0.593726 -0.0142539 0.969344)
(0.609362 -0.030131 0.967887)
(0.624976 -0.0142539 0.969343)
(0.578123 -0.030131 0.967887)
(0.171834 -0.0133819 0.952059)
(0.156069 -0.0139795 0.969414)
(0.140301 -0.0295012 0.967851)
(0.171789 -0.0298855 0.967933)
(0.328123 -0.0136659 0.951986)
(0.343746 -0.0142538 0.969341)
(0.359375 -0.0301307 0.967886)
(0.328124 -0.0301303 0.967886)
(0.671903 -0.0136663 0.951988)
(0.656278 -0.014254 0.969343)
(0.640627 -0.030131 0.967887)
(0.671895 -0.030131 0.967887)
(0.531252 -0.0281253 0.882973)
(0.46875 -0.0281253 0.882973)
(0.218561 -0.286259 0.944283)
(0.21868 -0.229812 0.944754)
(0.468712 -0.229828 0.944789)
(0.281245 -0.229823 0.94477)
(0.531262 -0.229828 0.94479)
(0.531255 -0.286342 0.944311)
(0.53126 -0.230727 0.881813)
(0.468744 -0.286342 0.944311)
(0.281188 -0.286315 0.944295)
(0.218743 -0.0279247 0.882978)
(0.218688 -0.230685 0.881794)
(0.468746 -0.230727 0.881819)
(0.281255 -0.0281103 0.882973)
(0.281219 -0.230714 0.881807)
(0.156085 -0.229758 0.944776)
(0.406245 -0.229825 0.944773)
(0.343745 -0.229822 0.944819)
(0.593741 -0.229827 0.944791)
(0.531263 -0.290008 0.882877)
(0.40625 -0.096091 1)
(0.468748 -0.0973065 0.943935)
(0.406249 -0.0973056 0.943934)
(0.46875 -0.096091 1)
(0.59375 -0.096091 1)
(0.531252 -0.0973057 0.943934)
(0.593751 -0.0973058 0.943935)
(0.53125 -0.096091 1)
(0.218392 -0.289775 0.882759)
(0.468739 -0.290008 0.882877)
(0.281093 -0.289921 0.882823)
(0.155935 -0.340903 1)
(0.218732 -0.283501 1)
(0.218414 -0.345738 0.951353)
(0.155593 -0.286055 0.944305)
(0.218721 -0.340945 1)
(0.15599 -0.283477 1)
(0.155993 -0.0960734 1)
(0.218682 -0.0971683 0.943936)
(0.155843 -0.0967366 0.943947)
(0.218731 -0.0960904 1)
(0.34375 -0.096091 1)
(0.281243 -0.0972814 0.943934)
(0.343749 -0.0973022 0.943937)
(0.28125 -0.096091 1)
(0.593763 -0.286339 0.944311)
(0.53125 -0.283502 1)
(0.59375 -0.283503 1)
(0.593751 -0.340946 1)
(0.531258 -0.345843 0.951399)
(0.593776 -0.345841 0.951393)
(0.53125 -0.340946 1)
(0.656278 -0.286332 0.944306)
(0.65625 -0.283503 1)
(0.656251 -0.340948 1)
(0.656308 -0.345831 0.951387)
(0.406238 -0.286339 0.94431)
(0.46875 -0.283502 1)
(0.40625 -0.283503 1)
(0.406249 -0.340946 1)
(0.468742 -0.345843 0.951399)
(0.46875 -0.340946 1)
(0.406224 -0.345841 0.951393)
(0.28125 -0.283503 1)
(0.28112 -0.345805 0.951377)
(0.343724 -0.286331 0.944307)
(0.281247 -0.340949 1)
(0.34375 -0.283503 1)
(0.343749 -0.340948 1)
(0.343693 -0.345831 0.951387)
(0.531252 -0.0976288 0.882054)
(0.593749 -0.0281252 0.882973)
(0.593753 -0.0976258 0.882053)
(0.53125 -0.027467 0.818564)
(0.593751 -0.0274676 0.818564)
(0.46875 -0.0976261 0.882054)
(0.40625 -0.0281252 0.882973)
(0.406251 -0.0976307 0.882053)
(0.46875 -0.0274671 0.818564)
(0.406249 -0.0274676 0.818564)
(0.531259 -0.167788 0.881723)
(0.593758 -0.230725 0.881791)
(0.593754 -0.167787 0.881701)
(0.656253 -0.0281261 0.882973)
(0.656255 -0.0976305 0.882055)
(0.656253 -0.0274712 0.818563)
(0.656265 -0.230722 0.881813)
(0.656257 -0.167788 0.881725)
(0.156 -0.0255452 0.882967)
(0.218668 -0.0973063 0.882053)
(0.15587 -0.096223 0.882044)
(0.156132 -0.230581 0.881812)
(0.218718 -0.167732 0.881715)
(0.156188 -0.16758 0.881735)
(0.468747 -0.167789 0.881729)
(0.406252 -0.230722 0.881802)
(0.406256 -0.167789 0.881712)
(0.34375 -0.0281239 0.882973)
(0.281252 -0.0274863 0.81856)
(0.281237 -0.097575 0.882054)
(0.34375 -0.0976197 0.882055)
(0.343749 -0.0274704 0.818562)
(0.343743 -0.230722 0.881815)
(0.281235 -0.16778 0.881723)
(0.343751 -0.167787 0.881727)
(0.59379 -0.289999 0.882871)
(0.656329 -0.289975 0.882861)
(0.155374 -0.289284 0.88268)
(0.406216 -0.289998 0.882871)
(0.343677 -0.289976 0.882858)
(0.500001 0 0.882715)
(0.500008 -0.230419 0.913453)
(0.468742 -0.259619 0.913366)
(0.531259 -0.25962 0.913362)
(0.499994 -0.257938 0.943945)
(0.5 -0.288338 0.914127)
(0.500001 -0.260589 0.882087)
(0.249944 -0.257914 0.94393)
(0.218611 -0.259523 0.913326)
(0.2812 -0.259587 0.913343)
(0.25 -0.230406 0.913399)
(0.249825 -0.288248 0.914075)
(0.249887 -0.260508 0.882054)
(0.500001 -0.0975746 0.913421)
(0.500001 -0.133686 0.881714)
(0.624999 0 0.882716)
(0.249611 -0.346691 0.921007)
(0.249731 -0.376862 0.959055)
(0.155792 -0.259281 0.913336)
(0.406234 -0.259615 0.913357)
(0.343727 -0.259607 0.913357)
(0.375011 -0.230418 0.91343)
(0.374991 -0.257938 0.943951)
(0.374966 -0.288329 0.914119)
(0.374979 -0.260579 0.882087)
(0.593767 -0.259617 0.913357)
(0.656278 -0.259609 0.913356)
(0.625008 -0.257936 0.943948)
(0.625028 -0.230421 0.913423)
(0.625039 -0.28833 0.914119)
(0.625029 -0.26058 0.882088)
(0.249973 -0.0974611 0.91342)
(0.249977 -0.1336 0.881719)
(0.375001 -0.0975698 0.913421)
(0.375003 -0.133685 0.88172)
(0.625003 -0.0975697 0.913421)
(0.625005 -0.133684 0.881721)
(0.5 -0.346816 0.921095)
(0.5 -0.376937 0.959096)
(0.5 0 0.81702)
(0.53125 0 0.784656)
(0.499999 -0.0270375 0.786758)
(0.562501 0 0.882716)
(0.499998 -0.2 0.881637)
(0.437491 -0.25794 0.943955)
(0.437503 -0.230425 0.913409)
(0.437485 -0.288342 0.914123)
(0.437494 -0.260586 0.882095)
(0.562513 -0.257938 0.943953)
(0.562502 -0.230426 0.913415)
(0.562518 -0.288341 0.914124)
(0.562516 -0.260587 0.88209)
(0.5 -0.28452 0.973795)
(0.249963 -0.284507 0.97379)
(0.187404 -0.230369 0.913398)
(0.187288 -0.257833 0.943931)
(0.18702 -0.288059 0.914043)
(0.187185 -0.260329 0.882027)
(0.312484 -0.25793 0.943952)
(0.312499 -0.230419 0.913422)
(0.312426 -0.288308 0.914104)
(0.312446 -0.260559 0.882076)
(0.25002 -0.2 0.881752)
(0.375 -0.0966865 0.973641)
(0.625 -0.0966869 0.973641)
(0.437499 -0.0975675 0.913421)
(0.437504 -0.133686 0.881725)
(0.562503 -0.097567 0.913421)
(0.562506 -0.133684 0.881719)
(0.5 -0.0966872 0.97364)
(0.374981 -0.2 0.881713)
(0.374995 -0.284518 0.973795)
(0.625005 -0.284518 0.973795)
(0.625015 -0.2 0.881754)
(0.187314 -0.0970049 0.913424)
(0.187354 -0.133259 0.881716)
(0.312497 -0.0975515 0.913422)
(0.312492 -0.133675 0.88172)
(0.249987 -0.096671 0.97364)
(0.62509 -0.346798 0.921081)
(0.625056 -0.376927 0.95909)
(0.562503 -0.284519 0.973796)
(0.625001 0 0.81702)
(0.656253 0 0.784654)
(0.625002 -0.0270405 0.786757)
(0.593751 0 0.784656)
(0.562527 -0.2 0.881722)
(0.374998 -0.0270405 0.786756)
(0.374912 -0.346798 0.921081)
(0.374945 -0.376928 0.959089)
(0.437498 -0.28452 0.973796)
(0.312489 -0.284516 0.973794)
(0.4375 -0.0966868 0.973641)
(0.562501 -0.0966867 0.973641)
(0.187347 -0.2 0.881653)
(0.437545 -0.2 0.881799)
(0.31247 -0.2 0.881717)
(0.187312 -0.284469 0.973791)
(0.187367 -0.0966051 0.973642)
(0.312499 -0.0966839 0.973641)
(0.187027 -0.315516 0.946505)
(0.187415 -0.312994 1)
(0.187194 -0.344607 0.980231)
(0.218643 -0.314124 0.975279)
(0.562505 -0.344675 0.980236)
(0.562513 -0.315691 0.94655)
(0.593755 -0.314154 0.975287)
(0.5625 -0.313002 1)
(0.531252 -0.314154 0.975287)
(0.656262 -0.314152 0.975286)
(0.437495 -0.344675 0.980236)
(0.437488 -0.315691 0.94655)
(0.468748 -0.314154 0.975287)
(0.406245 -0.314154 0.975287)
(0.4375 -0.313002 1)
(0.312437 -0.315671 0.946539)
(0.281221 -0.314146 0.975283)
(0.3125 -0.313003 1)
(0.31247 -0.34467 0.980234)
(0.343738 -0.314152 0.975286)
(0.500001 -0.0618882 0.882638)
(0.531262 -0.317453 0.916367)
(0.468738 -0.317453 0.916367)
(0.5 -0.315693 0.94655)
(0.5 -0.319709 0.884246)
(0.249982 -0.0617757 0.88264)
(0.218332 -0.317257 0.916271)
(0.281075 -0.317379 0.916322)
(0.249843 -0.315632 0.946521)
(0.249638 -0.319508 0.88411)
(0.155651 -0.386166 1)
(0.375 -0.0618867 0.882639)
(0.625002 -0.0618882 0.882639)
(0.249997 -0.313004 1)
(0.186592 -0.346503 0.920917)
(0.186818 -0.37675 0.959015)
(0.218598 -0.386272 1)
(0.249917 -0.344656 0.980232)
(0.281202 -0.386311 1)
(0.312318 -0.346765 0.921057)
(0.312381 -0.376908 0.959078)
(0.155155 -0.316875 0.91622)
(0.406212 -0.317444 0.916363)
(0.343669 -0.317426 0.91635)
(0.374972 -0.315685 0.946548)
(0.374912 -0.31968 0.884226)
(0.59379 -0.317446 0.916362)
(0.656334 -0.317426 0.916352)
(0.62503 -0.315685 0.946547)
(0.625094 -0.31968 0.884228)
(0.5 -0.313002 1)
(0.625 -0.313003 1)
(0.375 -0.313003 1)
(0.593757 -0.386325 1)
(0.656267 -0.386322 1)
(0.625013 -0.344674 0.980236)
(0.406243 -0.386325 1)
(0.343733 -0.386322 1)
(0.374987 -0.344674 0.980236)
(0.562523 -0.376934 0.959095)
(0.562538 -0.346812 0.921092)
(0.531252 -0.386325 1)
(0.468748 -0.386325 1)
(0.5 -0.344676 0.980237)
(0.437478 -0.376935 0.959095)
(0.437463 -0.346812 0.921092)
(0.562541 -0.319704 0.884242)
(0.562502 -0.0618873 0.882639)
(0.4375 -0.0618879 0.882639)
(0.186705 -0.319184 0.883952)
(0.437462 -0.319703 0.884242)
(0.312322 -0.319628 0.88419)
(0.187344 -0.0610328 0.882637)
(0.312498 -0.0618747 0.882639)
(0.562501 -0.0278615 0.850569)
(0.531251 -0.0613334 0.850559)
(0.562501 -0.0599659 0.818633)
(0.562502 -0.0976032 0.850355)
(0.593751 -0.0613332 0.850559)
(0.46875 -0.0613334 0.850559)
(0.4375 -0.0278616 0.850568)
(0.4375 -0.0599661 0.818632)
(0.437501 -0.0976087 0.850353)
(0.40625 -0.0613337 0.850559)
(0.562508 -0.167927 0.850063)
(0.59382 -0.2 0.84988)
(0.531207 -0.2 0.849956)
(0.562511 -0.230904 0.850166)
(0.656253 -0.0613377 0.850559)
(0.656245 -0.2 0.849903)
(0.4375 -0.167928 0.85005)
(0.468709 -0.2 0.849854)
(0.406279 -0.2 0.849885)
(0.437497 -0.230902 0.850152)
(0.34375 -0.0613326 0.850559)
(0.312501 -0.027861 0.850567)
(0.281244 -0.061317 0.850557)
(0.312498 -0.0599861 0.81863)
(0.312494 -0.0975899 0.850353)
(0.281204 -0.2 0.849934)
(0.3438 -0.2 0.849934)
(0.312478 -0.167927 0.850044)
(0.312464 -0.230893 0.850142)
(0.562536 -0.290771 0.851613)
(0.437468 -0.29077 0.851611)
(0.312349 -0.290702 0.851563)
(0.531251 0 0.850259)
(0.5 -0.0278615 0.850569)
(0.5 -0.230905 0.850131)
(0.531254 -0.261189 0.850537)
(0.468741 -0.261189 0.850527)
(0.499999 -0.290777 0.851613)
(0.281158 -0.261132 0.850497)
(0.5 -0.0976036 0.850352)
(0.531247 -0.134142 0.850113)
(0.468747 -0.134143 0.850103)
(0.5 -0.167927 0.850028)
(0.375 -0.0278618 0.850568)
(0.59375 0 0.850259)
(0.625001 -0.0278622 0.850568)
(0.656252 0 0.850258)
(0.375011 -0.230896 0.850153)
(0.406237 -0.261184 0.850527)
(0.343719 -0.26117 0.850526)
(0.374928 -0.290747 0.851597)
(0.624993 -0.230902 0.850149)
(0.593778 -0.261185 0.850528)
(0.65629 -0.261171 0.850519)
(0.625079 -0.29075 0.851598)
(0.312499 -0.0270599 0.786755)
(0.281232 -0.134118 0.850106)
(0.406257 -0.134142 0.850107)
(0.375003 -0.0976099 0.850354)
(0.375019 -0.167928 0.850052)
(0.343759 -0.13414 0.850115)
(0.593757 -0.13414 0.850108)
(0.625002 -0.0976037 0.850353)
(0.624985 -0.167927 0.850047)
(0.656249 -0.134142 0.850105)
(0.593751 -0.0597095 0.786827)
(0.625002 -0.0599704 0.818632)
(0.656254 -0.0597253 0.786824)
(0.406249 -0.0597096 0.786825)
(0.374999 -0.0599699 0.818631)
(0.343748 -0.0597257 0.786824)
(0.5625 0 0.81702)
(0.562501 -0.0270379 0.786758)
(0.499999 -0.0599654 0.818632)
(0.531249 -0.0597067 0.786826)
(0.468749 -0.0597066 0.786826)
(0.437499 -0.0270379 0.786758)
(0.531259 -0.376931 0.958296)
(0.593781 -0.376927 0.958293)
(0.531252 0 0.882716)
(0.500001 -0.0281257 0.882973)
(0.531252 -0.061886 0.882639)
(0.562501 -0.0281255 0.882973)
(0.531251 -0.0278598 0.850569)
(0.468741 -0.376931 0.958296)
(0.406219 -0.376928 0.958293)
(0.46875 -0.0618859 0.882639)
(0.4375 -0.0281256 0.882973)
(0.46875 -0.0278598 0.850569)
(0.218385 -0.376822 0.958245)
(0.155216 -0.376659 0.958217)
(0.218637 -0.25789 0.943928)
(0.249894 -0.286294 0.944292)
(0.218466 -0.288185 0.914048)
(0.21867 -0.284495 0.973788)
(0.218486 -0.315594 0.946486)
(0.187149 -0.286187 0.944287)
(0.249986 -0.22982 0.944747)
(0.218764 -0.230396 0.913398)
(0.187424 -0.229789 0.944772)
(0.499975 -0.229827 0.944763)
(0.468738 -0.25794 0.943952)
(0.468739 -0.230424 0.913426)
(0.437487 -0.229828 0.944808)
(0.28122 -0.257925 0.943938)
(0.281253 -0.230414 0.913407)
(0.31251 -0.229823 0.944816)
(0.531256 -0.257943 0.943951)
(0.531266 -0.230425 0.913414)
(0.562535 -0.229826 0.944804)
(0.656318 -0.376917 0.958287)
(0.499999 -0.28634 0.944315)
(0.531259 -0.288343 0.914114)
(0.56251 -0.28634 0.944316)
(0.531252 -0.28452 0.973794)
(0.531256 -0.315695 0.946524)
(0.500002 -0.230727 0.881781)
(0.531259 -0.260589 0.882086)
(0.531269 -0.2 0.881764)
(0.562515 -0.230727 0.881804)
(0.53124 -0.230905 0.850159)
(0.281101 -0.37689 0.958273)
(0.343683 -0.376917 0.958286)
(0.468742 -0.288342 0.914115)
(0.437491 -0.286341 0.944316)
(0.468748 -0.28452 0.973795)
(0.468744 -0.315695 0.946525)
(0.281139 -0.288287 0.914081)
(0.281231 -0.284513 0.97379)
(0.281155 -0.315659 0.946505)
(0.312461 -0.286325 0.944307)
(0.250008 -0.0280728 0.882975)
(0.187425 -0.0273052 0.882978)
(0.218693 -0.061569 0.88264)
(0.249978 -0.230701 0.881801)
(0.218563 -0.26045 0.882036)
(0.187356 -0.230644 0.881774)
(0.21874 -0.2 0.881726)
(0.468744 -0.260591 0.882088)
(0.468743 -0.2 0.881783)
(0.437513 -0.230725 0.881828)
(0.468735 -0.230904 0.850124)
(0.312502 -0.0281212 0.882973)
(0.281253 -0.0278549 0.850566)
(0.281245 -0.0618468 0.882639)
(0.281173 -0.260544 0.882061)
(0.312474 -0.230717 0.8818)
(0.281222 -0.2 0.881764)
(0.281199 -0.230887 0.850127)
(0.155836 -0.257741 0.94395)
(0.156108 -0.230315 0.913406)
(0.374997 -0.229826 0.944789)
(0.406242 -0.257937 0.943946)
(0.406224 -0.230421 0.913403)
(0.343737 -0.25793 0.943954)
(0.343743 -0.230421 0.913409)
(0.62499 -0.229827 0.944784)
(0.593756 -0.257938 0.943951)
(0.593763 -0.230425 0.913408)
(0.656266 -0.257935 0.943946)
(0.5 -0.290001 0.882911)
(0.562527 -0.289998 0.882909)
(0.531268 -0.319738 0.884098)
(0.531265 -0.290803 0.851486)
(0.40625 -0.0966867 0.973641)
(0.4375 -0.096091 1)
(0.375 -0.096091 1)
(0.437498 -0.0973056 0.943935)
(0.468749 -0.096687 0.973641)
(0.499999 -0.0973077 0.943934)
(0.468749 -0.0975704 0.913422)
(0.375 -0.0973054 0.943936)
(0.406249 -0.0975686 0.91342)
(0.5 -0.096091 1)
(0.59375 -0.0966868 0.973641)
(0.5625 -0.096091 1)
(0.625 -0.096091 1)
(0.562503 -0.0973055 0.943935)
(0.531251 -0.0966869 0.97364)
(0.531253 -0.0975683 0.913421)
(0.625001 -0.0973068 0.943935)
(0.593753 -0.0975675 0.913421)
(0.249764 -0.289857 0.882828)
(0.218243 -0.319432 0.883909)
(0.186932 -0.289604 0.88274)
(0.437478 -0.289998 0.88291)
(0.468733 -0.319739 0.884097)
(0.468735 -0.290803 0.851482)
(0.281014 -0.319618 0.884015)
(0.312389 -0.289946 0.882876)
(0.281052 -0.290691 0.851408)
(0.187395 -0.340982 1)
(0.155966 -0.312974 1)
(0.21873 -0.313001 1)
(0.187423 -0.283496 1)
(0.249997 -0.283503 1)
(0.186909 -0.345667 0.95144)
(0.218612 -0.344653 0.98015)
(0.249786 -0.345778 0.951468)
(0.218202 -0.346615 0.920727)
(0.155813 -0.284414 0.973802)
(0.155449 -0.287829 0.914037)
(0.154892 -0.346316 0.920631)
(0.249991 -0.340998 1)
(0.155895 -0.0965229 0.973646)
(0.187422 -0.0960871 1)
(0.187325 -0.0970104 0.94394)
(0.218705 -0.0966495 0.973641)
(0.249977 -0.0972473 0.943934)
(0.218675 -0.0973108 0.913422)
(0.15585 -0.096466 0.913427)
(0.249996 -0.096091 1)
(0.34375 -0.0966857 0.973641)
(0.3125 -0.096091 1)
(0.312498 -0.0972957 0.943936)
(0.281246 -0.0966803 0.97364)
(0.281241 -0.0975263 0.913421)
(0.343749 -0.0975621 0.913422)
(0.656255 -0.0975691 0.913421)
(0.593754 -0.284519 0.973795)
(0.59377 -0.31569 0.946526)
(0.625019 -0.286335 0.944313)
(0.593777 -0.288338 0.91411)
(0.5625 -0.283503 1)
(0.53125 -0.313002 1)
(0.5 -0.283502 1)
(0.59375 -0.313002 1)
(0.625 -0.283503 1)
(0.593757 -0.344688 0.980156)
(0.562501 -0.340996 1)
(0.625001 -0.340996 1)
(0.562517 -0.345843 0.951501)
(0.531252 -0.344689 0.980156)
(0.5 -0.345844 0.951503)
(0.531266 -0.3468 0.920842)
(0.625042 -0.345836 0.951496)
(0.593804 -0.346793 0.920835)
(0.5 -0.340995 1)
(0.656258 -0.284518 0.973793)
(0.656293 -0.315681 0.946522)
(0.656304 -0.288323 0.914104)
(0.65625 -0.313003 1)
(0.656267 -0.344686 0.980155)
(0.656366 -0.346773 0.920822)
(0.406247 -0.284519 0.973794)
(0.406231 -0.31569 0.946526)
(0.374982 -0.286336 0.944313)
(0.406226 -0.288337 0.914109)
(0.4375 -0.283503 1)
(0.46875 -0.313002 1)
(0.40625 -0.313002 1)
(0.375 -0.283503 1)
(0.437499 -0.340996 1)
(0.406243 -0.344688 0.980156)
(0.374999 -0.340996 1)
(0.468748 -0.344689 0.980156)
(0.437483 -0.345843 0.951501)
(0.468734 -0.346801 0.920842)
(0.374959 -0.345837 0.951496)
(0.406197 -0.346793 0.920835)
(0.28125 -0.313004 1)
(0.3125 -0.283503 1)
(0.281208 -0.344679 0.980153)
(0.31241 -0.34582 0.951487)
(0.28101 -0.346726 0.92079)
(0.343743 -0.284518 0.973793)
(0.343709 -0.315681 0.946521)
(0.3437 -0.288322 0.914102)
(0.312498 -0.340998 1)
(0.34375 -0.313003 1)
(0.343734 -0.344686 0.980154)
(0.343636 -0.346773 0.92082)
(0.562503 -0.097625 0.882054)
(0.53125 -0.0976088 0.850355)
(0.500001 -0.0976287 0.882052)
(0.531254 -0.133689 0.881721)
(0.593751 -0.0618855 0.882639)
(0.59375 -0.0278599 0.850569)
(0.593749 0 0.882716)
(0.625 -0.0281259 0.882973)
(0.593753 -0.0976039 0.850354)
(0.593755 -0.133687 0.881715)
(0.625003 -0.0976259 0.882054)
(0.593751 -0.0598442 0.818636)
(0.562501 -0.0274708 0.818563)
(0.53125 -0.0598427 0.818636)
(0.53125 0 0.817071)
(0.5 -0.0274707 0.818563)
(0.53125 -0.0271168 0.786765)
(0.59375 0 0.817071)
(0.593751 -0.0271177 0.786764)
(0.625002 -0.0274724 0.818562)
(0.437501 -0.097627 0.882054)
(0.468749 -0.0976079 0.850352)
(0.468749 -0.133689 0.881722)
(0.40625 -0.0618862 0.882638)
(0.40625 -0.0278599 0.850569)
(0.375 -0.0281253 0.882973)
(0.406253 -0.0976063 0.850353)
(0.406253 -0.133691 0.881719)
(0.375001 -0.0976248 0.882054)
(0.406249 -0.0598443 0.818636)
(0.468749 -0.0598427 0.818636)
(0.4375 -0.0274709 0.818563)
(0.468749 -0.0271168 0.786764)
(0.406249 -0.0271177 0.786764)
(0.374999 -0.0274721 0.818562)
(0.562512 -0.167787 0.881713)
(0.531238 -0.167933 0.850059)
(0.500002 -0.167788 0.88169)
(0.593736 -0.2 0.881696)
(0.593779 -0.230905 0.850134)
(0.625014 -0.230725 0.881812)
(0.593771 -0.260585 0.882079)
(0.593773 -0.167932 0.850035)
(0.625008 -0.167787 0.881723)
(0.656254 -0.0618881 0.882639)
(0.656252 -0.0278617 0.850568)
(0.656253 0 0.882716)
(0.656253 -0.0976077 0.850353)
(0.656255 -0.13369 0.881723)
(0.656253 -0.0598536 0.818635)
(0.656253 -0.0271239 0.786763)
(0.656252 0 0.81707)
(0.656263 -0.2 0.881754)
(0.656254 -0.230901 0.850136)
(0.656288 -0.260573 0.88208)
(0.656244 -0.167933 0.850038)
(0.155901 -0.0599021 0.882625)
(0.187313 -0.0969157 0.882047)
(0.218685 -0.133484 0.88172)
(0.249968 -0.0974957 0.882053)
(0.15599 -0.132937 0.881724)
(0.156369 -0.2 0.881784)
(0.155766 -0.26012 0.882025)
(0.187397 -0.167668 0.881697)
(0.25 -0.167763 0.881719)
(0.437516 -0.167789 0.881738)
(0.468737 -0.167933 0.850023)
(0.406265 -0.2 0.881725)
(0.40626 -0.230903 0.850135)
(0.374994 -0.230723 0.881803)
(0.406237 -0.260583 0.882082)
(0.406264 -0.167934 0.850036)
(0.375 -0.167789 0.881713)
(0.34375 -0.0618813 0.882639)
(0.34375 -0.0278599 0.850568)
(0.3125 -0.0274791 0.81856)
(0.281246 -0.059882 0.818633)
(0.281252 -0.0271677 0.78676)
(0.312495 -0.09761 0.882054)
(0.281235 -0.0975641 0.850352)
(0.281236 -0.133656 0.88172)
(0.343751 -0.0976001 0.850355)
(0.343751 -0.133684 0.881723)
(0.343749 -0.0598514 0.818635)
(0.343748 -0.0271237 0.786762)
(0.34375 -0.2 0.881768)
(0.343765 -0.2309 0.850154)
(0.343718 -0.260573 0.882079)
(0.312485 -0.167785 0.881714)
(0.281217 -0.167927 0.850035)
(0.343775 -0.167935 0.850057)
(0.59381 -0.319726 0.88409)
(0.593803 -0.290792 0.851476)
(0.625058 -0.289983 0.882901)
(0.656372 -0.319691 0.884071)
(0.656352 -0.290762 0.851459)
(0.155069 -0.318858 0.883751)
(0.406195 -0.319724 0.88409)
(0.406205 -0.290792 0.851476)
(0.374948 -0.289982 0.8829)
(0.343634 -0.319693 0.884067)
(0.343655 -0.290762 0.851457)
(0.593754 -0.168137 0.818373)
(0.53125 -0.231046 0.818455)
(0.59376 -0.231044 0.818462)
(0.531248 -0.168136 0.818365)
(0.656241 -0.168138 0.81833)
(0.656252 -0.23104 0.818417)
(0.406257 -0.168137 0.818365)
(0.468754 -0.231045 0.81845)
(0.468756 -0.168137 0.81836)
(0.406251 -0.231043 0.818454)
(0.343808 -0.168138 0.818391)
(0.281236 -0.231029 0.818434)
(0.343798 -0.23104 0.818477)
(0.281254 -0.168142 0.818355)
(0.656254 -0.135155 0.786692)
(0.624995 -0.135264 0.81838)
(0.624999 -0.167967 0.786673)
(0.593755 -0.135149 0.786722)
(0.375013 -0.13526 0.818394)
(0.406257 -0.135148 0.786708)
(0.37501 -0.167965 0.786704)
(0.343754 -0.13516 0.786709)
(0.49999 -0.261817 0.818728)
(0.49999 -0.231062 0.786846)
(0.625026 -0.2618 0.818716)
(0.625013 -0.231054 0.786806)
(0.49999 -0.135258 0.818386)
(0.531237 -0.135146 0.786717)
(0.46875 -0.135145 0.78671)
(0.49999 -0.167963 0.786711)
(0.374984 -0.261804 0.818728)
(0.374997 -0.231056 0.786835)
(0.562494 -0.2 0.81717)
(0.43749 -0.2 0.817105)
(0.312424 -0.2 0.817153)
(0.65627 -0.2 0.785422)
(0.593782 -0.2 0.785505)
(0.624946 -0.2 0.817056)
(0.5625 -0.135261 0.818403)
(0.562505 -0.167965 0.786741)
(0.437503 -0.135258 0.818389)
(0.437514 -0.167962 0.786696)
(0.406259 -0.2 0.785444)
(0.375023 -0.2 0.817126)
(0.343743 -0.2 0.785449)
(0.312491 -0.135273 0.818389)
(0.562511 -0.231059 0.786876)
(0.562514 -0.261812 0.818744)
(0.531191 -0.2 0.785462)
(0.499943 -0.2 0.817094)
(0.468768 -0.2 0.785469)
(0.437508 -0.231062 0.786831)
(0.437489 -0.261814 0.818728)
(0.312439 -0.261779 0.818708)
(0.593752 -0.135449 0.818395)
(0.531245 -0.135447 0.818395)
(0.406257 -0.135449 0.818391)
(0.46875 -0.135448 0.818387)
(0.656258 -0.168095 0.786666)
(0.656273 -0.231074 0.786772)
(0.593755 -0.2 0.817249)
(0.5625 -0.168107 0.818388)
(0.593764 -0.168095 0.78672)
(0.624979 -0.168107 0.818332)
(0.562504 -0.231039 0.818484)
(0.531271 -0.2 0.81721)
(0.531228 -0.231083 0.786818)
(0.49998 -0.231042 0.818447)
(0.531251 -0.261845 0.818698)
(0.593772 -0.231079 0.786829)
(0.624988 -0.231034 0.818428)
(0.593771 -0.261839 0.818696)
(0.531225 -0.168093 0.786708)
(0.49998 -0.168105 0.818351)
(0.656248 -0.135452 0.818373)
(0.656224 -0.2 0.817169)
(0.656285 -0.261825 0.818667)
(0.437501 -0.168106 0.818356)
(0.406248 -0.2 0.817238)
(0.406259 -0.168093 0.786692)
(0.375022 -0.168106 0.818369)
(0.468781 -0.2 0.817232)
(0.437497 -0.23104 0.818452)
(0.468756 -0.231083 0.786812)
(0.468744 -0.261845 0.818691)
(0.468758 -0.168093 0.786701)
(0.406252 -0.231081 0.7868)
(0.375014 -0.231037 0.818463)
(0.406239 -0.261839 0.818691)
(0.343768 -0.135453 0.818399)
(0.281243 -0.135465 0.818385)
(0.34393 -0.2 0.817318)
(0.312464 -0.168111 0.818353)
(0.343746 -0.168097 0.786687)
(0.312449 -0.231027 0.818443)
(0.281643 -0.2 0.817669)
(0.281183 -0.261794 0.818655)
(0.343732 -0.231075 0.786792)
(0.343733 -0.261826 0.81869)
(0.281259 0 0.882715)
(0.46875 0 0.915349)
(0.531257 0 0.915349)
(0.499999 0 0.945215)
(0.46875 0 0.784656)
(0.4375 0 0.882715)
(0.515635 0 0.950159)
(0.218797 0 0.915371)
(0.250037 0 0.945226)
(0.234441 0 0.950181)
(0.140339 0 0.950155)
(0.390627 0 0.950159)
(0.359374 0 0.950159)
(0.187498 0 0.882727)
(0.312503 0 0.882715)
(0.609351 0 0.950161)
(0.640627 0 0.95016)
(0.15607 0 0.915312)
(0.40625 0 0.915348)
(0.34375 0 0.915348)
(0.375002 0 0.945215)
(0.374999 0 0.850258)
(0.593744 0 0.915349)
(0.10894 0 0.949915)
(0.656258 0 0.915349)
(0.62498 0 0.945216)
(0.500001 0 0.915349)
(0.31253 0 0.776599)
(0.250029 0 0.915358)
(0.375 0 0.915348)
(0.624995 0 0.915349)
(0.437499 0 0.776587)
(0.374999 0 0.81702)
(0.343747 0 0.784654)
(0.406249 0 0.784656)
(0.374997 0 0.776585)
(0.124579 0 0.945134)
(0.531271 0 0.945216)
(0.4375 0 0.850258)
(0.218848 0 0.945253)
(0.59373 0 0.945217)
(0.40625 0 0.882715)
(0.46875 0 0.817071)
(0.406249 0 0.817071)
(0.312501 0 0.850256)
(0.406251 0 0.945215)
(0.156077 0 0.945264)
(0.656274 0 0.945217)
(0.156084 0 0.882737)
(0.46875 0 0.850259)
(0.281256 0 0.850255)
(0.40625 0 0.850258)
(0.34375 0 0.850258)
(0.343747 0 0.945215)
(0.34375 0 0.882715)
(0.281264 0 0.817077)
(0.312499 0 0.817017)
(0.343749 0 0.81707)
(0.4375 0 0.81702)
(0.46875 0 0.882715)
(0.250022 0 0.882716)
(0.375 0 0.882715)
(0.218779 0 0.88272)
(0.28131 0 0.784688)
(0.531299 0 0.964721)
(0.468744 0 0.964719)
(0.218933 0 0.964769)
(0.281245 0 0.96472)
(0.156012 0 0.964906)
(0.40625 0 0.964718)
(0.34374 0 0.964718)
(0.593699 0 0.964722)
(0.656307 0 0.964722)
(0.187107 0.0618155 0.469985)
(0.155497 0.0601429 0.469977)
(0.123525 0.0609979 0.469972)
(0.123182 0.098515 0.469979)
(0.123616 0.137941 0.46999)
(0.187005 0.13991 0.469996)
(0.187269 0.0272113 0.469983)
(0.155764 0.0274006 0.469975)
(0.249899 0.0606427 0.469994)
(0.251332 0 0.469992)
(0.197404 0 0.469985)
(0.249838 0.140165 0.469998)
(0.187345 0.2 0.47)
(0.249913 0.2 0.47)
(0.125571 0.2 0.47)
(0.0912941 0.133732 0.469982)
(0.0590613 0.134355 0.469981)
(0.0595161 0.171725 0.469995)
(0.0708001 0.2 0.470001)
(0.091131 0.0972433 0.469974)
(0.0913096 0.0605457 0.469971)
(0.123927 0.0272181 0.469965)
(0.0916343 0.0259889 0.469973)
(0.157409 0 0.469974)
(0.124417 0 0.469961)
(0.0920536 0 0.469984)
(0.0597158 0 0.470041)
(0.0587857 0.0243444 0.470028)
(0.0293798 0 0.470154)
(0.0253306 0.0245094 0.470077)
(0 0.00656743 0.470654)
(0 0.0334513 0.469756)
(0 0.0631282 0.469859)
(0.0266934 0.061591 0.469944)
(0 0.0966333 0.469941)
(0.0271304 0.0970025 0.469953)
(0 0.131484 0.469974)
(0.0269553 0.133116 0.469975)
(0 0.165284 0.469991)
(0.0262371 0.170643 0.469992)
(0 0.2 0.47)
(0.0315908 0.2 0.470001)
(0.0589417 0.0972396 0.469968)
(0.0588583 0.0604231 0.469974)
(0.312482 0.2 0.47)
(0.312453 0.140138 0.469999)
(0.312465 0.0601079 0.469997)
(0.31262 0 0.469995)
(0 -0.034484 0.469984)
(0.0128749 -0.0284872 0.469995)
(0 -0.0150937 0.469968)
(0.012538 -0.0116637 0.469999)
(0 0 0.469977)
(0.0150293 0 0.469996)
(0.0344084 0 0.470086)
(0.0289892 -0.0107952 0.470024)
(0.0708012 0.2 0.659999)
(0.0626472 0.2 0.628333)
(0.0708003 0.2 0.596667)
(0.125574 0.2 0.659996)
(0.125571 0.2 0.596666)
(0.123566 0.137827 0.660005)
(0.123163 0.134853 0.628334)
(0.123572 0.137841 0.596664)
(0.123056 0.0982113 0.660011)
(0.122987 0.0975997 0.628334)
(0.123152 0.134814 0.691687)
(0.122975 0.0975595 0.691699)
(0.123562 0.137767 0.72336)
(0.123044 0.0981215 0.723404)
(0.123345 0.0605317 0.723414)
(0.123345 0.0604871 0.691698)
(0.123751 0.0268273 0.723376)
(0.123756 0.0268382 0.69168)
(0.124285 0 0.723326)
(0.124302 0 0.691667)
(0.0708001 0.2 0.533334)
(0.0626468 0.2 0.501667)
(0.0626469 0.2 0.565)
(0.125571 0.2 0.533334)
(0.123179 0.134873 0.564993)
(0.12359 0.137867 0.533326)
(0.12307 0.0982339 0.596661)
(0.123012 0.0976283 0.564988)
(0.123356 0.0605098 0.628333)
(0.123374 0.0606092 0.596658)
(0.123359 0.0605956 0.660011)
(0.12376 0.0268531 0.660003)
(0.124302 0 0.659999)
(0.123213 0.13494 0.501654)
(0.123109 0.098291 0.533317)
(0.123071 0.0977563 0.501647)
(0.123383 0.0605344 0.564984)
(0.123422 0.0606736 0.533311)
(0.123768 0.0268576 0.596657)
(0.123783 0.0268564 0.564982)
(0.123761 0.0268451 0.628331)
(0.124301 0 0.628331)
(0.123459 0.0606958 0.501641)
(0.123813 0.0268955 0.533306)
(0.123861 0.0269829 0.501634)
(0.124313 0 0.564982)
(0.124335 0 0.533303)
(0.124304 0 0.596658)
(0.124372 0 0.501628)
(0.157295 0 0.72327)
(0.155688 0.027308 0.723383)
(0.155394 0.0599513 0.723427)
(0.18699 0.139826 0.723348)
(0.187058 0.0618547 0.723429)
(0.18699 0.139873 0.660004)
(0.187346 0.2 0.659994)
(0.197057 0 0.722936)
(0.187236 0.0272871 0.723388)
(0.249893 0.0611194 0.723464)
(0.251014 0 0.722368)
(0.249836 0.140183 0.72335)
(0.249835 0.140174 0.660006)
(0.249914 0.2 0.659994)
(0.251317 0 0.659929)
(0.249895 0.0607352 0.660036)
(0.124744 0.2 0.973296)
(0.124727 0.2 0.942746)
(0.124972 0.2 0.903015)
(0.124883 0.2 1)
(0.0938472 0.2 0.911825)
(0.0656158 0.2 0.908332)
(0.125324 0.2 0.848685)
(0.070471 0.2 0.849461)
(0.0616846 0.2 0.880506)
(0.124283 0.171739 0.912813)
(0.123696 0.135045 0.913194)
(0.12338 0.133177 0.882054)
(0.123558 0.136232 0.850231)
(0.124367 0.171414 0.944288)
(0.124438 0.171061 0.975598)
(0.124526 0.166198 1)
(0.124322 0.132264 1)
(0.124241 0.0974968 1)
(0.124224 0.0640768 1)
(0.124232 0.0317857 1)
(0.124238 0 0.755002)
(0.12373 0.0267254 0.755128)
(0.123315 0.0602979 0.755194)
(0.122957 0.0973444 0.755162)
(0.123145 0.134637 0.75509)
(0.125581 0.2 0.723312)
(0.125573 0.2 0.786487)
(0.123562 0.137488 0.786763)
(0.0626483 0.2 0.691666)
(0.0708038 0.2 0.723328)
(0.0626182 0.2 0.818235)
(0.0707922 0.2 0.786607)
(0.123139 0.133922 0.818619)
(0.123104 0.0966927 0.850939)
(0.122933 0.0965304 0.818935)
(0.123072 0.0961155 0.882906)
(0.123196 0.0970785 0.914295)
(0.123889 0.134886 0.943893)
(0.123503 0.0979464 0.944566)
(0.124129 0.133801 0.973978)
(0.123949 0.098042 0.973913)
(0.123883 0.0637352 0.975472)
(0.124068 0.0303452 0.981166)
(0.124164 0 0.786802)
(0.123674 0.0263267 0.787022)
(0.123279 0.060034 0.787102)
(0.123017 0.0976758 0.786979)
(0.123183 0.059274 0.819222)
(0.123054 0.0587055 0.851583)
(0.122869 0.0584553 0.884138)
(0.12278 0.0593958 0.916455)
(0.123081 0.0616413 0.947225)
(0.122493 0.026214 0.951723)
(0.12198 0 0.950733)
(0.123968 0 0.818946)
(0.12353 0.0251396 0.819207)
(0.123252 0.0234859 0.851835)
(0.122857 0.0226636 0.885003)
(0.122473 0.0235499 0.918643)
(0.122411 0 0.919061)
(0.123565 0 0.851673)
(0.123013 0 0.885066)
(0.062651 0.2 0.754993)
(0 0.00729084 0.916079)
(0 0.00876324 0.659994)
(0 0.00838757 0.533288)
(0 0.00860945 0.786734)
(0 0.131265 0.913829)
(0 0.131801 0.66)
(0 0.131728 0.53332)
(0 0.131795 0.786675)
(0.058838 0.0631573 0.976057)
(0.0585767 0.0597887 0.59665)
(0.0615379 0.2 0.974001)
(0.0626586 -0.2 0.975451)
(0 0.00832491 0.850741)
(0 -0.062601 0.913551)
(0.061806 0 0.914677)
(0 0.0639983 0.914496)
(0.010438 0 0.98)
(0 0.00871837 0.596633)
(0 0.0087368 0.723326)
(0 0.0643862 0.659999)
(0 -0.252048 0.974768)
(0 0.2 0.913267)
(0 0.2 0.66)
(0.0590233 0.134377 0.533321)
(0 0.0641586 0.533284)
(0 0.0643529 0.786696)
(0 -0.125781 0.974783)
(0.0592294 0.134061 0.913525)
(0 0.128258 0.975159)
(0 0.131746 0.850086)
(0 0.2 0.533333)
(0 0.131794 0.596663)
(0.058999 0.134389 0.660003)
(0 0.1318 0.723334)
(0 0.2 0.786667)
(0.0586584 0.0598151 0.533302)
(0.0584757 0.0589261 0.915843)
(0.0608368 0 0.98)
(0 0.0629645 0.975752)
(0.0591511 0.132476 0.974751)
(0 0.0642783 0.850261)
(0 -0.062975 0.975191)
(0.05956 -0.129368 0.974383)
(0.05901 0.134393 0.596662)
(0 0.0643654 0.596653)
(0.0585568 0.0597887 0.660001)
(0 0.2 0.596667)
(0.059478 -0.2547 0.974583)
(0 0.2 0.982475)
(0 0.0643813 0.723335)
(0 0.2 0.849983)
(0 0.2 0.723333)
(0 -0.2 0.976447)
(0.0585041 0.0584525 0.851095)
(0.0591515 -0.0629697 0.975235)
(0.0585338 -0.313395 0.976263)
(0.0585496 0.0597425 0.723372)
(0.0285104 0.0315888 1)
(0.091943 0.0317571 1)
(0.0303968 -0.22468 1)
(0.0928624 -0.226874 1)
(0 0.00806706 0.883301)
(0 0.0348963 0.915329)
(0 0.00413148 0.947702)
(0 0.00875512 0.628319)
(0 0.00875771 0.691662)
(0 0.0354695 0.659998)
(0 -0.252903 0.945573)
(0.0590074 0.134244 0.786753)
(0 0.00782413 0.501752)
(0 0.00861411 0.564938)
(0 0.0351855 0.533265)
(0 -0.381415 1)
(0 0.00848914 0.8186)
(0 0.00869075 0.755004)
(0 0.0353902 0.786718)
(0.00270076 0 1)
(0 -0.250054 1)
(0 -0.124714 1)
(0.0596484 0.0297334 0.981759)
(0.0254863 0.0629062 0.977603)
(0.0916327 0.063414 0.975643)
(0.0591874 0.0637325 1)
(0.0607312 -0.227561 0.975784)
(0.034252 -0.2 0.977089)
(0.0936566 -0.2 0.975255)
(0.0629903 -0.2 1)
(0 0.0352634 0.850461)
(0 0.0635783 0.946525)
(0 0.0641939 0.882266)
(0.0349343 0 0.98)
(0 0.0315593 0.977582)
(0 -0.0338426 0.978181)
(0 0.0354437 0.596645)
(0 0.0354557 0.723336)
(0 0.0643826 0.628328)
(0 0.0643855 0.691667)
(0 -0.2 0.945089)
(0.0260105 -0.25323 0.976448)
(0 -0.223697 0.974664)
(0 0.0638114 0.50158)
(0 0.0643087 0.564972)
(0 0.0643242 0.818429)
(0 0.0643712 0.755007)
(0 -0.0941567 0.974592)
(0 -0.156626 0.976854)
(0.0592957 8.86408e-05 1)
(0 0.0625513 1)
(0 -0.0627493 1)
(0.0921901 -0.255404 0.974019)
(0.0597827 -0.253884 1)
(0 -0.2 1)
(0.0597387 -0.392181 1)
(0 0.0336876 0.947903)
(0.0261867 0.029869 0.981993)
(0 0.0351691 0.882708)
(0.058535 0.0594245 0.786929)
(0.059031 0.133991 0.850236)
(0 0.0353338 0.818503)
(0.0603809 -0.0594311 0.914185)
(0.0289042 6.86147e-06 1)
(0 -0.0313766 1)
(0 -0.09375 1)
(0 0.0354654 0.628325)
(0 -0.312391 0.977425)
(0.0289353 -0.252614 1)
(0.0922912 -0.254412 1)
(0 0.0354667 0.691667)
(0.0590047 0.134361 0.723355)
(0 0.0354313 0.755012)
(0 -0.224569 0.945312)
(0.027261 -0.225804 0.976834)
(0 0.0346863 0.501537)
(0.0919268 0.0639746 1)
(0.0920266 0.0298052 0.981456)
(0.0592279 0.0316803 1)
(0.02833 0.063269 1)
(0 0.0314618 1)
(0 0.035372 0.564957)
(0 -0.219134 1)
(0 -0.155783 1)
(0.0937678 -0.2 1)
(0.0929484 -0.22814 0.9755)
(0.0608594 -0.226341 1)
(0.0349098 -0.2 1)
(0.0284936 -0.0284361 0.947322)
(0.0928657 -0.164042 1)
(0.0288485 -0.163904 0.94504)
(0.0931335 -0.166693 0.94476)
(0.030375 -0.161446 1)
(0.0272176 -0.0947642 0.945154)
(0.0284438 -0.0315072 1)
(0.0921018 -0.0959331 0.944057)
(0.0284417 -0.0948509 1)
(0.0932035 -0.167165 0.881723)
(0 -0.0345583 0.913472)
(0.0292251 0 0.916998)
(0 -0.0943062 0.913523)
(0 -0.126381 0.945269)
(0.0899897 0 0.919784)
(0.0926129 -0.131745 0.913121)
(0.0607367 -0.164661 0.975571)
(0.0624423 -0.2 0.945289)
(0 -0.0627108 0.945496)
(0.0279602 -0.0612052 0.913763)
(0.0593514 0 0.944662)
(0.0612288 -0.0237664 0.915131)
(0.0922526 -0.130118 0.973879)
(0.0597885 -0.12879 1)
(0.0600528 -0.130113 0.944242)
(0.0599761 -0.0949219 0.913442)
(0.0261764 -0.127756 0.97613)
(0.0935761 -0.2 0.913606)
(0.0598444 -0.0309355 0.97917)
(0.025848 -0.0627455 0.976718)
(0.0591098 -0.0956907 0.974299)
(0.0599095 -0.0612479 0.945732)
(0.0592129 -0.0632549 1)
(0.0925249 -0.0587696 0.914496)
(0.0299672 0 0.947696)
(0 -0.0349592 0.945734)
(0.0288279 -0.02688 0.914232)
(0.0274648 -0.0618762 0.945685)
(0.06094 -0.0270088 0.948749)
(0.0268081 -0.0311438 0.979189)
(0.0276978 -0.0946213 0.91351)
(0.0922782 -0.0951826 0.91342)
(0.0926927 -0.131856 0.881715)
(0.0347781 -0.2 0.945257)
(0.0880216 0 0.955291)
(0 -0.0943025 0.945206)
(0 -0.155976 0.945226)
(0.092939 -0.165349 0.975345)
(0.0608634 -0.163379 1)
(0.0923007 -0.129382 1)
(0.0612255 -0.166027 0.944836)
(0.0275846 -0.162633 0.97643)
(0.0275946 -0.12829 0.945004)
(0.0936076 -0.2 0.945212)
(0.0924231 -0.131129 0.943867)
(0.0931945 -0.167068 0.913374)
(0.028897 -0.127429 1)
(0.091952 -0.0961424 0.973775)
(0.0593471 -0.0955495 1)
(0.0596085 -0.0954202 0.944413)
(0.0257615 -0.0948462 0.97618)
(0.0592276 -0.0314997 1)
(0.0283154 -0.0629872 1)
(0.0935403 -0.2 0.881752)
(0.0256914 0.0256108 0.94936)
(0.0124429 -0.0117112 0.930135)
(0.0289188 -0.0263904 0.881994)
(0.0281722 -0.226714 0.945268)
(0.0898807 0.0246129 0.953087)
(0.0123928 -0.013741 0.964844)
(0.0133178 -0.181432 0.929271)
(0.0128601 -0.181253 0.960941)
(0.0774731 -0.0127867 0.969229)
(0 -0.0151609 0.913406)
(0.0285092 0 0.659994)
(0 -0.0344354 0.66)
(0.0288032 0 0.533285)
(0 -0.0344385 0.533333)
(0 -0.0344323 0.786667)
(0.0285408 0 0.786786)
(0.0585832 0.0607988 0.947186)
(0 -0.0344321 0.850004)
(0.0344052 0 0.850087)
(0 -0.0625277 0.881722)
(0.0580991 0.021196 0.917782)
(0.062313 0 0.882415)
(0.0265203 0.0616213 0.914937)
(0.0194547 0 0.98)
(0 -0.0163235 0.978786)
(0.0343658 0 0.596666)
(0 -0.0344356 0.596667)
(0 -0.0344349 0.723334)
(0.0343618 0 0.723329)
(0 -0.2 0.929184)
(0.0598098 -0.25596 0.944676)
(0.0906164 0.0583787 0.916474)
(0.0778037 0 0.98)
(0.0617098 0 0.962744)
(0.0617141 -0.0156734 0.989056)
(0.0167905 -0.2 0.974763)
(0 -0.2 0.960961)
(0 -0.178762 0.974957)
(0 -0.0157014 0.945596)
(0.0308006 -0.2 0.961199)
(0.0291005 -0.182178 0.976982)
(0.029397 0 0.962322)
(0.0290858 -0.0160212 0.98745)
(0 -0.0312845 0.96223)
(0.0109049 -0.0310686 0.980121)
(0.0161114 -0.2 0.945073)
(0 -0.178744 0.945074)
(0 -0.160441 0.961146)
(0.010985 -0.16149 0.977141)
(0.0605492 -0.0586236 0.88221)
(0.0287269 -0.0115742 0.948198)
(0.012633 -0.0292461 0.946373)
(0.0286567 -0.0275111 0.930561)
(0.027989 -0.0296211 0.964178)
(0.0295559 -0.182519 0.945117)
(0.0129462 -0.162648 0.945118)
(0.0284794 -0.164047 0.960901)
(0.0290959 -0.164585 0.929213)
(0.0771271 -0.0270395 0.950317)
(0 -0.0305658 0.92948)
(0.0128388 -0.0283832 0.913722)
(0.0289683 -0.010052 0.914293)
(0 -0.160633 0.929238)
(0.061502 -0.0102867 0.950209)
(0.0771098 0 0.949558)
(0.0311155 -0.2 0.929201)
(0.0610331 -0.0286106 0.966084)
(0.076734 -0.0304308 0.98269)
(0.0250473 0.0233377 0.916464)
(0.0584532 0.0241327 0.950982)
(0.0264064 0.0621198 0.946913)
(0.0150991 0 0.963718)
(0 -0.0344506 0.881688)
(0.0288516 0 0.883907)
(0 -0.0152613 0.929381)
(0 -0.0158936 0.962157)
(0.0124872 -0.0114461 0.913815)
(0.0128466 -0.0285993 0.929892)
(0.0287899 -0.0107582 0.930881)
(0.0124305 -0.012282 0.946996)
(0.028081 -0.0609124 0.881877)
(0.061359 -0.0225864 0.882502)
(0.0285175 0 0.62832)
(0.0272301 -0.254059 0.945557)
(0 -0.0344355 0.628333)
(0 -0.0344353 0.691667)
(0.0285087 0 0.69166)
(0.061051 -0.228783 0.944973)
(0.0158301 -0.2 0.929562)
(0.015824 -0.2 0.960998)
(0.029049 0 0.501741)
(0.09082 0.0608312 0.94757)
(0.0901904 0.0215473 0.918918)
(0.0774215 0 0.965644)
(0.0286361 0 0.564941)
(0 -0.179326 0.929186)
(0 -0.179306 0.96094)
(0.0131986 -0.163044 0.929232)
(0 -0.0344486 0.501664)
(0 -0.0344307 0.818334)
(0.0286014 0 0.818748)
(0.0775948 -0.0153885 0.98936)
(0 -0.0344362 0.565)
(0 -0.0344339 0.755)
(0.0285147 0 0.755011)
(0.0285389 -0.0133021 0.966449)
(0.0122941 -0.0300822 0.963251)
(0.0122248 -0.0156848 0.984408)
(0.0616069 -0.0126128 0.968299)
(0.0292999 -0.182731 0.961026)
(0.0295924 -0.182888 0.929217)
(0.0132754 -0.181095 0.945055)
(0.0125228 -0.162508 0.96106)
(0.0118992 -0.180673 0.976848)
(0.077402 -0.0105692 0.95111)
(0.0770906 -0.0285951 0.967179)
(0.0247877 0.0227817 0.883546)
(0.012503 -0.0113781 0.897722)
(0.024639 0.0235275 0.628322)
(0.0246316 0.0235264 0.691665)
(0.0249782 0.0236665 0.501688)
(0.0125086 -0.0113842 0.644167)
(0.0125085 -0.0113841 0.675833)
(0.0247035 0.0234942 0.564956)
(0.0246663 0.0231739 0.81875)
(0.024633 0.0234842 0.755039)
(0.0125077 -0.0113966 0.517498)
(0.0125116 -0.011367 0.802501)
(0.0125086 -0.0113862 0.549165)
(0.0125085 -0.0113792 0.770832)
(0.0125208 -0.0113289 0.865884)
(0.0125086 -0.0113843 0.6125)
(0.0125083 -0.0113838 0.707499)
(0.0125079 -0.0114914 0.485831)
(0.0125178 -0.0113438 0.834178)
(0.0125086 -0.0113847 0.580833)
(0.0125081 -0.0113828 0.739165)
(0 -0.0150584 0.66)
(0 -0.0150616 0.533334)
(0 -0.0150533 0.786668)
(0.0587441 0.059973 0.501642)
(0.0586044 0.05978 0.564973)
(0.0582484 0.0227968 0.596643)
(0.0264832 0.0619459 0.59665)
(0.0585619 0.0597847 0.628326)
(0 -0.0150494 0.850001)
(0.0150385 0 0.850019)
(0.0150213 0 0.596666)
(0 -0.0150585 0.596667)
(0 -0.0150577 0.723334)
(0.0150215 0 0.723332)
(0.0582216 0.0227968 0.659997)
(0.0264736 0.0619647 0.659999)
(0.058388 0.022857 0.533293)
(0.0265277 0.0618215 0.533294)
(0.0264729 0.0618463 0.786778)
(0.0584743 0.0582753 0.883491)
(0.0264843 0.0615725 0.85056)
(0.0585526 0.0597702 0.691679)
(0.0264719 0.0619484 0.723347)
(0.0581728 0.0208728 0.851452)
(0.0585221 0.0589708 0.818907)
(0.0585428 0.0596456 0.755106)
(0.0582152 0.0227747 0.723351)
(0 -0.0150644 0.881674)
(0 -0.0150584 0.628333)
(0 -0.0150583 0.691667)
(0 -0.0150707 0.501665)
(0 -0.0150592 0.565)
(0.0582027 0.0224659 0.786929)
(0 -0.0150499 0.818334)
(0 -0.0150562 0.755001)
(0 -0.0302948 0.897544)
(0.0288075 -0.0267541 0.897952)
(0.0128699 -0.0281688 0.881773)
(0.0290504 -0.0097045 0.881937)
(0.0288379 -0.0266099 0.865982)
(0.02901 -0.010008 0.628333)
(0.0128614 -0.0282501 0.628333)
(0.0128613 -0.0282494 0.691666)
(0.0290093 -0.0100075 0.691666)
(0.0290085 -0.0101221 0.50167)
(0.0128611 -0.0283028 0.501665)
(0.0128667 -0.0281943 0.818344)
(0.0290225 -0.00987702 0.818355)
(0.0290112 -0.0100094 0.564998)
(0.0128615 -0.0282521 0.565)
(0.0128612 -0.0282435 0.755)
(0.0290053 -0.0100025 0.754996)
(0.0290098 -0.0100078 0.66)
(0 -0.0302465 0.644167)
(0 -0.0302464 0.675833)
(0.0128614 -0.0282499 0.66)
(0.0290131 -0.0100169 0.533329)
(0 -0.0302529 0.517499)
(0 -0.030248 0.549167)
(0.0128615 -0.0282599 0.533333)
(0 -0.0302418 0.802501)
(0 -0.0302439 0.770834)
(0.0128626 -0.0282286 0.78667)
(0.0290071 -0.00997338 0.786668)
(0.030254 0 0.485862)
(0 -0.0302758 0.485826)
(0 -0.0302468 0.865839)
(0.0128721 -0.0281546 0.850033)
(0 -0.0302406 0.834168)
(0.0302648 0 0.865945)
(0.0290476 -0.00973952 0.850079)
(0.0302517 0 0.834194)
(0.0302411 0 0.6125)
(0.0290103 -0.0100083 0.596666)
(0.0302415 0 0.580832)
(0 -0.0302465 0.6125)
(0.0128615 -0.0282505 0.596667)
(0 -0.0302468 0.580833)
(0 -0.0302462 0.7075)
(0.0128612 -0.028248 0.723333)
(0 -0.0302454 0.739167)
(0.0302398 0 0.707498)
(0.0290077 -0.0100065 0.72333)
(0.0302369 0 0.739162)
(0 -0.01502 0.897522)
(0 -0.0149811 0.865835)
(0.0247073 0.0228933 0.850955)
(0.0581168 0.0204217 0.88438)
(0.0264969 0.0614939 0.882697)
(0.0149806 0 0.865877)
(0.012527 -0.0113027 0.881779)
(0.0129132 -0.0281675 0.897689)
(0.0289307 -0.0100975 0.897968)
(0.024633 0.0235296 0.659995)
(0.024658 0.023518 0.596641)
(0.0582283 0.0227967 0.628323)
(0.0264762 0.0619606 0.628326)
(0.0149657 0 0.6125)
(0 -0.0149867 0.644167)
(0 -0.0149867 0.6125)
(0 -0.0149866 0.675833)
(0 -0.0149863 0.7075)
(0.0246313 0.0235157 0.723339)
(0.0582188 0.0227911 0.691669)
(0.0264724 0.0619602 0.69167)
(0.0149656 0 0.707499)
(0.0585509 0.0232107 0.501667)
(0.0265873 0.0617057 0.501623)
(0.0247942 0.0234723 0.533291)
(0.0149626 0 0.485834)
(0.0125176 -0.0113566 0.66)
(0.0125177 -0.0113567 0.628333)
(0.0289269 -0.0102587 0.644167)
(0.0129158 -0.0281625 0.644167)
(0.0125175 -0.0113564 0.691666)
(0.0289267 -0.0102585 0.675833)
(0.0129157 -0.0281623 0.675833)
(0.0582957 0.0228008 0.564961)
(0.0264981 0.0619038 0.564971)
(0.0149656 0 0.580833)
(0 -0.014993 0.5175)
(0 -0.0150133 0.485825)
(0 -0.0149797 0.802501)
(0 -0.0149769 0.834168)
(0.0581937 0.0217976 0.819013)
(0.0264769 0.06172 0.818599)
(0.0246426 0.0233901 0.786815)
(0.0149792 0 0.83417)
(0 -0.0149883 0.549167)
(0 -0.014987 0.580833)
(0 -0.0149831 0.770834)
(0 -0.0149853 0.739167)
(0.0582092 0.0227114 0.755079)
(0.0264715 0.0619159 0.755041)
(0.014966 0 0.739165)
(0.0125174 -0.0113614 0.533331)
(0.0125153 -0.0113939 0.501664)
(0.0289301 -0.0102861 0.517497)
(0.0129157 -0.0281838 0.517499)
(0.0125189 -0.011346 0.786666)
(0.0125244 -0.011325 0.818338)
(0.0129181 -0.0281328 0.802505)
(0.0289271 -0.0102029 0.802506)
(0.0125177 -0.0113576 0.564999)
(0.0289288 -0.0102617 0.549163)
(0.0129159 -0.0281666 0.549166)
(0.0125173 -0.0113539 0.754998)
(0.0129158 -0.0281523 0.770834)
(0.028922 -0.0102482 0.77083)
(0.0129251 -0.0280857 0.865885)
(0.0289588 -0.0100083 0.865959)
(0.0125313 -0.0112984 0.850026)
(0.028927 -0.0102588 0.6125)
(0.0129158 -0.0281627 0.6125)
(0.0125177 -0.0113568 0.596666)
(0.0129156 -0.0281616 0.7075)
(0.0289258 -0.0102581 0.707498)
(0.0125173 -0.0113558 0.723332)
(0.0289211 -0.0105335 0.485844)
(0.0129173 -0.0282738 0.48583)
(0.0129227 -0.0281009 0.834183)
(0.0289442 -0.0100984 0.834201)
(0.0289274 -0.0102593 0.580832)
(0.0129158 -0.0281635 0.580833)
(0.0129155 -0.0281595 0.739166)
(0.0289239 -0.0102565 0.739163)
(0.0268991 -0.28315 0.946448)
(0.0910625 0.0968834 0.501644)
(0.0914926 0.0253253 0.501635)
(0.0271021 0.0971751 0.50163)
(0.0919713 0.0972743 1)
(0.0267288 0.0966634 0.945861)
(0.0913164 0.0974494 0.944763)
(0.0283841 0.0955784 1)
(0.026238 0.170685 0.50166)
(0.0909914 0.0967561 0.564985)
(0.0912892 0.0250211 0.628326)
(0.0270647 0.0974167 0.628329)
(0.091332 0.0250352 0.564971)
(0.0270729 0.0973711 0.564982)
(0.0909628 0.0967375 0.628332)
(0.0926355 0.16585 1)
(0.0264095 0.16984 0.945541)
(0.0924874 0.171211 0.944473)
(0.0300827 0.161581 1)
(0.093069 -0.229447 0.944856)
(0.0909182 0.095837 0.81887)
(0.0906292 0.0206709 0.884968)
(0.0270654 0.0970749 0.882215)
(0.0911213 0.0232751 0.819176)
(0.0909565 0.095506 0.882829)
(0.0270622 0.0972676 0.818488)
(0.0920397 -0.0958895 1)
(0.0262386 0.170748 0.628333)
(0.0262368 0.170727 0.564997)
(0.0917894 -0.34071 1)
(0.025727 -0.343807 0.952535)
(0.0916259 -0.285282 0.94463)
(0.0284604 -0.282288 1)
(0.0908669 -0.345069 0.951523)
(0.0282349 -0.340075 1)
(0.0920086 -0.283282 1)
(0.0909347 0.0965237 0.755141)
(0.0912823 0.0250117 0.691675)
(0.0270628 0.0974158 0.691671)
(0.0912629 0.024888 0.755111)
(0.0909485 0.0967098 0.691693)
(0.0270612 0.0973838 0.75503)
(0.0930872 -0.230114 0.881812)
(0.0278192 -0.0945264 0.881775)
(0.0930375 -0.0215197 0.882793)
(0.0923937 -0.0947336 0.88197)
(0.0262863 0.170586 0.881741)
(0.0262393 0.170704 0.818348)
(0.0262387 0.170748 0.691667)
(0.0262363 0.17073 0.755003)
(0.0915643 -0.287336 0.882745)
(0.0912577 0.133641 0.533321)
(0.0911954 0.133235 0.786835)
(0 -0.37498 0.955708)
(0 0.096868 0.914026)
(0 0.164981 0.913677)
(0.026946 0.132819 0.913775)
(0 0.130342 0.945648)
(0 0.131622 0.881888)
(0.0917472 0 0.659997)
(0 0.0973072 0.659999)
(0 0.165395 0.66)
(0 0.1318 0.628332)
(0.0269385 0.133362 0.66)
(0 0.131801 0.691667)
(0.0923097 -0.25826 0.913485)
(0.0918343 0 0.533283)
(0.0916995 0 0.786866)
(0.0269414 0.133297 0.533319)
(0 0.131633 0.501646)
(0 0.09716 0.533305)
(0 0.16537 0.533328)
(0 0.131775 0.564992)
(0.0912165 0.133597 0.660008)
(0.0916477 0.134586 0.913306)
(0 0.124581 1)
(0 0.0972951 0.786682)
(0 0.131784 0.818362)
(0 0.131799 0.755002)
(0 0.16539 0.786671)
(0.0269348 0.133322 0.786702)
(0.0588315 0.0971 0.974649)
(0.0910676 0.059883 0.596653)
(0.0588192 0.0971676 0.596657)
(0.0599152 0.170192 0.976307)
(0.0931789 0.2 0.973483)
(0.0622328 0.2 1)
(0.0618114 0.2 0.943892)
(0.0314684 0.2 0.975864)
(0 -0.281974 0.97555)
(0.0310662 0.2 0.912602)
(0 0.2 0.944524)
(0 0.2 0.881615)
(0 0.2 0.628333)
(0 0.2 0.691667)
(0.0315898 0.2 0.66)
(0.0911412 0.0599613 0.533305)
(0.0590164 0.134307 0.501651)
(0.0588577 0.0971509 0.53331)
(0.0595087 0.171742 0.53333)
(0.0589905 0.134334 0.564991)
(0.0912209 0.133609 0.596662)
(0.0919663 0.133402 0.974136)
(0.059594 0.130958 1)
(0.0588426 0.0966784 0.914238)
(0.0592081 0.13366 0.944615)
(0.0599165 0.171139 0.913211)
(0.0590767 0.13391 0.881965)
(0 0.0952538 0.975065)
(0.025618 0.13052 0.976743)
(0 0.160792 0.976236)
(0 0.0972372 0.850145)
(0 0.165364 0.850051)
(0.0269472 0.13321 0.850149)
(0.0315902 0.2 0.533334)
(0 0.2 0.501667)
(0 0.2 0.565)
(0.091756 0 0.596651)
(0.0910479 0.0598699 0.660006)
(0.0269402 0.133355 0.596662)
(0 0.097293 0.596659)
(0 0.165394 0.596665)
(0.0589789 0.134337 0.628332)
(0.0588067 0.0971679 0.660003)
(0.0594892 0.171729 0.66)
(0.0589848 0.134324 0.691676)
(0 0.0973059 0.723334)
(0 0.165394 0.723333)
(0.0269384 0.133354 0.72334)
(0 0.2 0.818333)
(0 0.2 0.755)
(0.0315873 0.2 0.78666)
(0 0.2 1)
(0.0594919 0.171731 0.596665)
(0.03159 0.2 0.596667)
(0.0588996 -0.283509 0.974712)
(0.0315272 0.2 0.849886)
(0.0315889 0.2 0.723332)
(0.0908453 0.0577341 0.851461)
(0.0588003 0.0964727 0.850589)
(0.0580411 -0.344146 0.981316)
(0.0586199 -0.314019 0.947427)
(0.0915159 -0.313735 0.975524)
(0.0591091 -0.312619 1)
(0.0252375 -0.312873 0.978503)
(0.0910359 0.0597996 0.723397)
(0.0588032 0.0971237 0.72337)
(0 -0.312746 0.948458)
(0.0916797 -0.385938 1)
(0.0909913 0.0592911 0.787046)
(0.0911981 0.133517 0.723378)
(0.0912356 0.132666 0.85039)
(0.0587973 0.0969143 0.786845)
(0.058992 0.134063 0.818489)
(0.0589859 0.134263 0.755046)
(0.05951 0.171708 0.786669)
(0.0574713 -0.376099 0.959661)
(0.0287363 -0.385252 1)
(0 -0.343003 0.98183)
(0.091268 0 0.851681)
(0.0917458 0 0.723335)
(0.0910275 -0.315653 0.916273)
(0 -0.312266 1)
(0.0595179 0.171538 0.849978)
(0.0594929 0.171724 0.723335)
(0.0242606 -0.375217 0.958543)
(0.0907542 -0.376335 0.958377)
(0.0314991 0.2 0.628333)
(0 -0.282447 0.946496)
(0.0265697 -0.313173 0.948502)
(0.0590995 -0.284352 0.945317)
(0.025599 -0.282622 0.976876)
(0.0314631 0.2 0.944289)
(0.0310653 0.2 0.881147)
(0.0314988 0.2 0.691667)
(0.0912116 0.0601174 0.501639)
(0.05889 0.0971423 0.50164)
(0.0911859 0.133155 0.501651)
(0.0910421 0.0969751 0.533313)
(0.0913914 0.0250918 0.533296)
(0.0919301 0 0.501626)
(0 0.0969625 0.501623)
(0.0269456 0.133219 0.501647)
(0.027084 0.0973017 0.533306)
(0.0916879 0.0976994 0.974069)
(0.0592599 0.0967221 1)
(0.0921614 0.131908 1)
(0.0588434 0.0970331 0.945114)
(0.0255272 0.0960577 0.976613)
(0 0.0963025 0.945837)
(0.0266921 0.132099 0.945567)
(0.0270289 0.0969439 0.914147)
(0.0917832 0.134462 0.944097)
(0.0910643 0.0964957 0.91434)
(0 0.09375 1)
(0.0287619 0.128742 1)
(0 0.0971298 0.882012)
(0 0.0972785 0.818384)
(0.0594034 0.171594 0.501663)
(0.0314996 0.2 0.501667)
(0 0.165336 0.501659)
(0.0262345 0.170707 0.533329)
(0.0910911 0.05987 0.564978)
(0.0588286 0.0971315 0.564983)
(0.090993 0.096929 0.596658)
(0.0911464 0.1331 0.56499)
(0.0913023 0.0250273 0.59665)
(0.0910513 0.0598469 0.628329)
(0.0912851 0.0250222 0.66)
(0.0917482 0 0.628327)
(0.0270683 0.0974071 0.596657)
(0.0588057 0.0971447 0.62833)
(0 0.0973047 0.62833)
(0.0269372 0.133356 0.628332)
(0.0270639 0.0974218 0.66)
(0.0917805 0 0.564967)
(0 0.0972555 0.564984)
(0.0269367 0.133335 0.564991)
(0.0911272 0.133084 0.628334)
(0.090978 0.0969122 0.660009)
(0.0925221 0.17081 0.975745)
(0.0604945 0.164799 1)
(0.0934746 0.2 1)
(0.0600415 0.170888 0.94486)
(0.0257956 0.168322 0.978158)
(0 0.164013 0.945534)
(0.0263768 0.170354 0.913523)
(0.0934154 0.2 0.943389)
(0.0330989 0.2 1)
(0.0923944 0.17137 0.912957)
(0 0.152158 1)
(0 0.165395 0.628333)
(0 0.165387 0.564997)
(0 0.0973072 0.691667)
(0 0.0973025 0.755004)
(0 0.165279 0.881802)
(0 0.165384 0.818349)
(0 0.165395 0.691667)
(0 0.165393 0.755001)
(0.0922445 -0.257062 0.944191)
(0.0930948 -0.22992 0.913468)
(0 -0.0942886 0.88172)
(0.0909322 0.0585413 0.819128)
(0.0909537 0.095609 0.850863)
(0.0587911 0.096667 0.818678)
(0.0909471 0.0964436 0.786951)
(0.091102 0.132402 0.818632)
(0.0909361 0.0215564 0.851781)
(0.0907118 0.0574386 0.884019)
(0.0908108 0 0.885148)
(0.0588101 0.0964059 0.882522)
(0.0270657 0.0971775 0.85031)
(0.0269575 0.133087 0.88194)
(0.0912224 0.0244738 0.787)
(0.0915612 0 0.818989)
(0.0912743 0.132459 0.882073)
(0.0270616 0.0973425 0.786737)
(0.026936 0.133276 0.818408)
(0.0593961 0.171605 0.564998)
(0.0314992 0.2 0.565)
(0.0262393 0.170746 0.596665)
(0.0593852 0.171597 0.628333)
(0.0262391 0.170749 0.66)
(0.0913153 -0.344333 0.980404)
(0.0589963 -0.340509 1)
(0.0918723 -0.312822 1)
(0.0580172 -0.344579 0.952011)
(0.0242992 -0.343824 0.98336)
(0 -0.344169 0.951872)
(0.0912178 -0.314713 0.946781)
(0.0917685 -0.284031 0.974024)
(0.0915656 -0.286491 0.914237)
(0.0282904 -0.312334 1)
(0.0593145 -0.282952 1)
(0 -0.28125 1)
(0.0905402 -0.345502 0.920367)
(0 -0.34164 1)
(0.091018 0.0596271 0.755162)
(0.0909653 0.0968324 0.723396)
(0.0587956 0.0970272 0.755084)
(0.0910966 0.132884 0.755096)
(0.0912776 0.0249898 0.723365)
(0.0910396 0.059822 0.69169)
(0.0917475 0 0.691664)
(0.0588004 0.0971288 0.691681)
(0.0270628 0.0974085 0.723345)
(0.0269373 0.133355 0.691669)
(0.0917374 0 0.755042)
(0.0911042 0.13304 0.691688)
(0.0269334 0.133341 0.755016)
(0.0923276 -0.258827 0.882068)
(0.0601326 -0.0946393 0.881867)
(0.0926299 -0.057698 0.882467)
(0.0594038 0.171523 0.818335)
(0.0594849 0.171285 0.881622)
(0.026253 0.170676 0.850032)
(0.0314882 0.2 0.818308)
(0.0262338 0.170716 0.786673)
(0.0593973 0.17159 0.755004)
(0.0593864 0.171594 0.691668)
(0.026239 0.170745 0.723335)
(0.0314974 0.2 0.754998)
(0.0910516 -0.316764 0.883758)
(0.25051 0 0.919232)
(0.375811 0 0.920976)
(0.250426 0 0.777149)
(0.249907 0.136114 0.913103)
(0.249842 0.139972 0.786726)
(0.374956 0.136231 0.913195)
(0.374974 0.140073 0.786749)
(0.437331 0.064337 0.975501)
(0.187183 0.0641912 0.975439)
(0.187461 0.2 0.97322)
(0.312516 0.0643335 0.975469)
(0.4375 0.2 0.973215)
(0.3125 0.2 0.973215)
(0.250048 0.0627794 0.916495)
(0.249986 0.2 0.902543)
(0.374994 0.134134 0.973934)
(0.375016 0.0629284 0.917108)
(0.437347 0.136231 0.913189)
(0.187048 0.135786 0.913107)
(0.249979 0.13411 0.973906)
(0.312487 0.136207 0.91316)
(0.375001 0.2 0.902543)
(0.436723 0.0629311 0.917029)
(0.374988 0 0.776866)
(0.312578 0.0629071 0.916879)
(0.4375 0.2 0.902543)
(0.312499 0.2 0.902543)
(0.375023 0.064336 0.97552)
(0.437469 0.134135 0.973932)
(0.187325 0.134062 0.97392)
(0.186457 0.0619893 0.916577)
(0.250014 0.0643124 0.975391)
(0.187445 0.2 0.902574)
(0.249997 0.2 0.973216)
(0.312499 0.134132 0.973927)
(0.375 0.2 0.973215)
(0.46875 0.0318002 1)
(0.40625 0.0318002 1)
(0.218729 0.0318 1)
(0.155972 0.0317954 1)
(0.28125 0.0318002 1)
(0.34375 0.0318002 1)
(0.468538 0.064337 0.975482)
(0.437207 0.0312074 0.981231)
(0.406197 0.064337 0.975486)
(0.4375 0.064126 1)
(0.155673 0.0640164 0.975419)
(0.187412 0.0641232 1)
(0.187117 0.031077 0.981178)
(0.218628 0.0642769 0.975386)
(0.343707 0.0643354 0.975515)
(0.281333 0.0643271 0.975458)
(0.312522 0.0312074 0.981152)
(0.3125 0.064126 1)
(0.250072 0.0311956 0.98103)
(0.375 0.064126 1)
(0.375123 0.0312075 0.981261)
(0.249995 0.0641261 1)
(0.46843 0.0312092 0.981162)
(0.21862 0.0311684 0.981029)
(0.281462 0.031202 0.981189)
(0.40625 0.064126 1)
(0.406199 0.0312092 0.981165)
(0.46875 0.064126 1)
(0.4375 0.0318002 1)
(0.375 0.0318002 1)
(0.155967 0.0641127 1)
(0.155719 0.0308362 0.981083)
(0.187415 0.0317991 1)
(0.218727 0.0641257 1)
(0.249996 0.0318002 1)
(0.34375 0.064126 1)
(0.343614 0.031207 0.981258)
(0.281249 0.0641261 1)
(0.3125 0.0318002 1)
(0.437134 0.0620403 0.851974)
(0.186792 0.0610681 0.851658)
(0.312513 0.0620171 0.851892)
(0.312469 0.0607905 0.723483)
(0.466829 0 0.920249)
(0.250082 0 0.851508)
(0.218191 0 0.919177)
(0.251024 0 0.950605)
(0.18699 0.139496 0.786727)
(0.154359 0 0.919165)
(0.405938 0 0.920281)
(0.342882 0 0.920945)
(0.379279 0 0.955084)
(0.374987 0 0.851856)
(0.192073 0 0.782137)
(0.2499 0.0620823 0.787192)
(0.312541 0 0.776858)
(0.249858 0.138436 0.850197)
(0.312455 0.140059 0.786739)
(0.374953 0.138572 0.850262)
(0.437457 0.140075 0.786749)
(0.374958 0.062023 0.787283)
(0.437441 0 0.776862)
(0.43713 0 0.851812)
(0.437385 0.0620195 0.787283)
(0.374915 0.0620372 0.851991)
(0.437384 0.138576 0.850261)
(0.217959 0 0.950649)
(0.187008 0.0616678 0.787144)
(0.186986 0.137976 0.85019)
(0.249907 0.0618863 0.851717)
(0.187161 0 0.851555)
(0.312452 0.140214 0.723355)
(0.312482 0.06204 0.787249)
(0.312466 0.138548 0.850236)
(0.312565 0 0.851732)
(0.312587 0 0.722075)
(0.406179 0 0.951993)
(0.153896 0 0.950781)
(0.339471 0 0.955085)
(0.466895 0.02928 0.952576)
(0.21814 0.0291435 0.951634)
(0.282933 0.0292688 0.953176)
(0.406044 0.0292802 0.952594)
(0.154358 0.0278736 0.951716)
(0.342438 0.029282 0.953549)
(0.250307 0.0284237 0.918781)
(0.375339 0.0284884 0.919979)
(0.43675 0.0637625 0.947628)
(0.186539 0.0632285 0.947355)
(0.312563 0.0637464 0.947444)
(0.436158 0.0284891 0.919815)
(0.467742 0.0629245 0.916965)
(0.186043 0.0277003 0.919188)
(0.312644 0.0284815 0.919481)
(0.281555 0.0628648 0.916774)
(0.218296 0.0625432 0.916441)
(0.250126 0.0636692 0.947088)
(0.154717 0.0608675 0.916456)
(0.405947 0.0629238 0.916996)
(0.343606 0.0629162 0.917075)
(0.375191 0.0637615 0.94771)
(0.467145 0.0284885 0.919584)
(0.435503 0.0292835 0.95339)
(0.467865 0.063759 0.947494)
(0.218217 0.0282735 0.918716)
(0.250555 0.0292348 0.951644)
(0.185433 0.0288192 0.953078)
(0.218374 0.0635382 0.947063)
(0.282074 0.028466 0.919465)
(0.312598 0.0292753 0.952523)
(0.281688 0.0637254 0.947457)
(0.406053 0.063759 0.947513)
(0.376267 0.0292834 0.953564)
(0.405902 0.0284883 0.91962)
(0.154962 0.0625819 0.947138)
(0.154423 0.0260865 0.918708)
(0.343488 0.0637571 0.947692)
(0.343316 0.0284856 0.919943)
(0.467742 0.0281985 0.885652)
(0.187351 0.2 0.723303)
(0.218384 0.0279507 0.885062)
(0.18737 0.2 0.848301)
(0.312483 0.2 0.7233)
(0.281572 0.0281733 0.885418)
(0.437501 0.2 0.848253)
(0.312489 0.2 0.848253)
(0.40625 0.0976023 1)
(0.468382 0.0991966 0.944623)
(0.46875 0.0976022 1)
(0.40613 0.099197 0.944635)
(0.15597 0.0975735 1)
(0.218506 0.0990046 0.94445)
(0.155351 0.0984317 0.944495)
(0.218726 0.0976016 1)
(0.156069 0.16631 1)
(0.218689 0.171592 0.94415)
(0.155947 0.171503 0.944198)
(0.218731 0.16635 1)
(0.34375 0.0976023 1)
(0.28133 0.0991586 0.944555)
(0.281249 0.0976025 1)
(0.343696 0.099191 0.944657)
(0.40625 0.16635 1)
(0.46872 0.171625 0.944157)
(0.46875 0.166349 1)
(0.406237 0.171627 0.944158)
(0.34375 0.16635 1)
(0.281245 0.171617 0.944151)
(0.281248 0.16635 1)
(0.343746 0.171625 0.944157)
(0.405947 0.0281981 0.885688)
(0.468275 0.0988194 0.883187)
(0.406044 0.0988172 0.883209)
(0.468482 0.0276218 0.819421)
(0.406142 0.0276218 0.819436)
(0.154838 0.0254216 0.885036)
(0.218598 0.0275636 0.819231)
(0.218348 0.0983248 0.882946)
(0.155489 0.0264825 0.819202)
(0.154981 0.0969335 0.882941)
(0.155666 0.0272675 0.755139)
(0.343639 0.0281951 0.885755)
(0.281283 0.0276223 0.819324)
(0.281242 0.0987173 0.88306)
(0.343697 0.0988013 0.883194)
(0.343737 0.0276218 0.819425)
(0.250193 0 0.885145)
(0.375 0.132426 1)
(0.375104 0 0.885935)
(0.468547 0.136158 0.913179)
(0.249922 0.2 0.786403)
(0.250099 0 0.817634)
(0.219702 0 0.785895)
(0.249972 0.0274094 0.787139)
(0.281329 0 0.78497)
(0.24992 0.0991651 0.914243)
(0.249964 0.172085 0.912674)
(0.218517 0.135924 0.91309)
(0.24995 0.135525 0.943778)
(0.281228 0.136104 0.913129)
(0.249845 0.134937 0.882043)
(0.156547 0 0.78623)
(0.155468 0.135383 0.913129)
(0.249994 0.132427 1)
(0.374979 0.135583 0.943844)
(0.374942 0.0993291 0.914504)
(0.406159 0.136159 0.913189)
(0.343722 0.13615 0.913181)
(0.374989 0.172116 0.912691)
(0.37493 0.135124 0.882157)
(0.374999 0.2 0.786402)
(0.437423 0.0984857 0.973899)
(0.187259 0.0983694 0.973863)
(0.187483 0.2 1)
(0.187401 0.171198 0.975542)
(0.156141 0.2 0.973231)
(0.187449 0.2 0.942552)
(0.218738 0.2 0.973215)
(0.312505 0.0984817 0.973886)
(0.4375 0.2 0.942536)
(0.437492 0.171225 0.975541)
(0.46875 0.2 0.973213)
(0.40625 0.2 0.973213)
(0.4375 0.2 1)
(0.312501 0.2 0.942536)
(0.28125 0.2 0.973213)
(0.3125 0.2 1)
(0.312499 0.171225 0.97554)
(0.34375 0.2 0.973213)
(0.468654 0 0.784978)
(0.436668 0 0.885826)
(0.186663 0 0.885266)
(0.312623 0 0.88564)
(0.24995 0.0622794 0.884259)
(0.46875 0.2 0.910556)
(0.281248 0.2 0.910556)
(0.218725 0.2 0.910559)
(0.249997 0.2 0.942537)
(0.155852 0.133977 0.973933)
(0.187416 0.132417 1)
(0.3125 0.132427 1)
(0.4375 0.132426 1)
(0.374995 0.0984856 0.973905)
(0.406234 0.134134 0.973932)
(0.343745 0.134133 0.973932)
(0.374998 0.171225 0.975541)
(0.375 0.2 1)
(0.374923 0.0624555 0.884692)
(0.468709 0.134133 0.97393)
(0.43712 0.0993325 0.914479)
(0.437467 0.172116 0.91269)
(0.437397 0.135587 0.943838)
(0.437303 0.13513 0.882154)
(0.249998 0.2 1)
(0.187175 0.135356 0.943791)
(0.186782 0.0985743 0.91425)
(0.187315 0.172005 0.91269)
(0.186883 0.134387 0.882029)
(0.21868 0.134099 0.973913)
(0.249983 0.0984616 0.97385)
(0.249988 0.171242 0.975541)
(0.281248 0.134126 0.97392)
(0.312513 0.0993007 0.914409)
(0.312495 0.17211 0.912683)
(0.312497 0.135576 0.94382)
(0.312468 0.135089 0.882113)
(0.156134 0.2 0.91064)
(0.406251 0.2 0.910556)
(0.343751 0.2 0.910556)
(0.375001 0.2 0.942536)
(0.436928 0.0624591 0.88465)
(0.374982 0 0.817714)
(0.343747 0 0.784979)
(0.374971 0.0273108 0.787236)
(0.406214 0 0.784983)
(0.312546 0.0624308 0.884537)
(0.186613 0.0613439 0.884226)
(0.155319 0.0596702 0.787151)
(0.155202 0.134413 0.850436)
(0.155536 0 0.851577)
(0.155031 0.0599058 0.851635)
(0.468259 0.0619561 0.851966)
(0.4371 0.0280063 0.852196)
(0.43728 0.0606014 0.819553)
(0.406043 0.0619549 0.85199)
(0.437226 0.0996684 0.85126)
(0.186939 0.0600098 0.819326)
(0.186786 0.0986677 0.851048)
(0.218408 0.0615569 0.851677)
(0.18693 0.027264 0.851841)
(0.186995 0.0602797 0.755228)
(0.34371 0.0619468 0.851972)
(0.281275 0.0618954 0.851817)
(0.312497 0.0605973 0.819496)
(0.312476 0.099626 0.8512)
(0.312552 0.0279998 0.852108)
(0.468249 0 0.851793)
(0.250006 0.027949 0.851883)
(0.218658 0 0.851496)
(0.281406 0 0.851636)
(0.406094 0 0.851815)
(0.37495 0.0280055 0.852228)
(0.343722 0 0.851835)
(0.468528 0.135957 0.850533)
(0.187212 0.027523 0.787051)
(0.187937 0 0.818314)
(0.188425 0 0.754073)
(0.218518 0.0604769 0.787278)
(0.249908 0.0605392 0.819388)
(0.281224 0.0605655 0.787343)
(0.312504 0.0273224 0.787201)
(0.312527 0 0.817661)
(0.218405 0.13555 0.85043)
(0.249842 0.0994478 0.85109)
(0.281178 0.135867 0.850474)
(0.374912 0.099662 0.851266)
(0.406137 0.135955 0.850545)
(0.343707 0.135941 0.85053)
(0.406163 0.0605427 0.78742)
(0.374936 0.0606012 0.819558)
(0.343727 0.0605479 0.787404)
(0.46857 0.0605416 0.787409)
(0.43735 0 0.817698)
(0.437395 0.0273099 0.787233)
(0.467686 0 0.885734)
(0.436735 0.0282016 0.88571)
(0.467985 0.0624321 0.884624)
(0.468208 0.0279973 0.852177)
(0.218735 0.2 0.942579)
(0.187356 0.2 0.786423)
(0.249915 0.2 0.723301)
(0.250096 0.028127 0.885133)
(0.218453 0 0.885075)
(0.186586 0.0272817 0.885165)
(0.218516 0.0277996 0.851832)
(0.218336 0.0619776 0.884202)
(0.249941 0.2 0.848256)
(0.218666 0.1719 0.912664)
(0.155892 0.171756 0.912716)
(0.218403 0.134275 0.882064)
(0.155195 0.133335 0.882075)
(0.46875 0.2 0.942574)
(0.28125 0.2 0.942575)
(0.312484 0.2 0.786402)
(0.281703 0 0.885524)
(0.312603 0.0281928 0.885554)
(0.281362 0.0279785 0.852011)
(0.281375 0.0623604 0.884424)
(0.437501 0.2 0.786401)
(0.375 0.2 0.848253)
(0.468707 0.171956 0.912677)
(0.40623 0.171957 0.912679)
(0.46848 0.134683 0.882188)
(0.406118 0.134681 0.882202)
(0.281239 0.171943 0.912666)
(0.343744 0.171955 0.912676)
(0.28119 0.134588 0.882118)
(0.343705 0.134665 0.882186)
(0.4375 0.0976022 1)
(0.406216 0.0984853 0.973897)
(0.375 0.0976023 1)
(0.40625 0.132426 1)
(0.468648 0.098485 0.973894)
(0.437217 0.0992011 0.944644)
(0.468613 0.135576 0.943836)
(0.468246 0.0993049 0.91446)
(0.46875 0.132426 1)
(0.374991 0.0991996 0.944669)
(0.406195 0.135576 0.943842)
(0.406059 0.0993041 0.914481)
(0.155743 0.0982487 0.973869)
(0.187411 0.0975961 1)
(0.155996 0.132383 1)
(0.186961 0.0987988 0.944504)
(0.218653 0.0984319 0.973848)
(0.218597 0.135458 0.943778)
(0.249972 0.0991137 0.944464)
(0.218399 0.0989398 0.914216)
(0.155642 0.135156 0.943818)
(0.155085 0.0978744 0.914252)
(0.218726 0.132426 1)
(0.249994 0.0976025 1)
(0.156007 0.171157 0.975554)
(0.187438 0.166342 1)
(0.156202 0.2 1)
(0.218745 0.2 1)
(0.187358 0.171578 0.944167)
(0.218713 0.171215 0.975538)
(0.249978 0.171611 0.944155)
(0.156123 0.2 0.942634)
(0.249994 0.166351 1)
(0.3125 0.0976024 1)
(0.343737 0.0984836 0.973902)
(0.34375 0.132427 1)
(0.281268 0.098475 0.973874)
(0.312517 0.099185 0.944592)
(0.281249 0.13555 0.943805)
(0.281305 0.0992311 0.914343)
(0.281249 0.132427 1)
(0.343733 0.135572 0.943841)
(0.343694 0.0992932 0.914485)
(0.4375 0.16635 1)
(0.406245 0.171224 0.97554)
(0.40625 0.2 1)
(0.375 0.16635 1)
(0.468739 0.171226 0.97554)
(0.437477 0.171643 0.944162)
(0.40625 0.2 0.942575)
(0.46875 0.2 1)
(0.374994 0.171643 0.944163)
(0.3125 0.16635 1)
(0.343749 0.171224 0.97554)
(0.34375 0.2 1)
(0.28125 0.2 1)
(0.281247 0.171224 0.975538)
(0.312498 0.17164 0.944158)
(0.343751 0.2 0.942575)
(0.405968 0.0624308 0.884656)
(0.406055 0.027997 0.852203)
(0.40598 0 0.885768)
(0.375008 0.0282005 0.885792)
(0.437146 0.0989796 0.883183)
(0.468374 0.0991169 0.851308)
(0.406073 0.099114 0.851328)
(0.374909 0.0989735 0.883198)
(0.406115 0.0603869 0.819578)
(0.468454 0.060387 0.819562)
(0.437303 0.02764 0.819424)
(0.468541 0 0.817751)
(0.468603 0.0273326 0.787255)
(0.406177 0 0.817762)
(0.406185 0.027333 0.787264)
(0.374959 0.02764 0.819435)
(0.155212 0.0591976 0.8193)
(0.15502 0.0971807 0.851078)
(0.155227 0.0257563 0.851821)
(0.15483 0.0600375 0.884177)
(0.155012 0 0.885071)
(0.187125 0.0273168 0.81921)
(0.218484 0.0601653 0.819368)
(0.218635 0.0274691 0.787133)
(0.249978 0.0276366 0.819259)
(0.21913 0 0.818091)
(0.18673 0.0979686 0.882934)
(0.21836 0.0986151 0.851112)
(0.249861 0.098754 0.882965)
(0.155619 0.027106 0.787033)
(0.156183 0 0.81856)
(0.155362 0.0596498 0.755221)
(0.187212 0.0273766 0.755148)
(0.156811 0 0.754611)
(0.343683 0.0624211 0.884661)
(0.343719 0.0279948 0.852203)
(0.343584 0 0.885901)
(0.281241 0.0603681 0.819461)
(0.312519 0.0276405 0.819373)
(0.281257 0.0273622 0.787196)
(0.281315 0 0.81768)
(0.281205 0.0990132 0.851202)
(0.312492 0.0989361 0.883112)
(0.343701 0.0990974 0.851307)
(0.343723 0.0603856 0.819559)
(0.34374 0.0273356 0.787253)
(0.343745 0 0.817761)
(0.251335 0 0.533332)
(0.249836 0.140158 0.533333)
(0.187072 0.0617416 0.596667)
(0.251339 0 0.596675)
(0.197388 0 0.659974)
(0.186997 0.139887 0.533331)
(0.249835 0.14016 0.596669)
(0.197398 0 0.533326)
(0.249895 0.0606294 0.533333)
(0.249894 0.0606425 0.596677)
(0.186992 0.139878 0.596667)
(0.187083 0.0617558 0.533325)
(0.187068 0.0617652 0.660019)
(0.1974 0 0.596667)
(0.187345 0.2 0.596666)
(0.155735 0.0273219 0.501644)
(0.155694 0.0272718 0.628334)
(0.155703 0.0272769 0.56499)
(0.155692 0.0272795 0.691684)
(0.249913 0.2 0.533334)
(0.157374 0 0.660002)
(0.15738 0 0.533318)
(0.155443 0.0599952 0.533318)
(0.157372 0 0.596663)
(0.155408 0.0599588 0.660015)
(0.155416 0.0599584 0.596663)
(0.187057 0.0602698 0.501652)
(0.187035 0.0602283 0.564994)
(0.187028 0.0602271 0.628339)
(0.187244 0.0271693 0.596666)
(0.187023 0.060264 0.691708)
(0.187244 0.0271825 0.660009)
(0.189424 0 0.628336)
(0.18939 0 0.691616)
(0.18725 0.0271772 0.533323)
(0.189425 0 0.501653)
(0.189421 0 0.564996)
(0.187345 0.2 0.533334)
(0.249913 0.2 0.596666)
(0.187233 0.0271922 0.628336)
(0.187231 0.0272255 0.691688)
(0.155461 0.0598314 0.501646)
(0.187249 0.0272117 0.501652)
(0.155717 0.0273088 0.533317)
(0.15734 0 0.501644)
(0.155419 0.0597482 0.56499)
(0.187235 0.0271923 0.564994)
(0.155699 0.0272914 0.596662)
(0.155404 0.0597353 0.628337)
(0.155696 0.027293 0.660007)
(0.15732 0 0.628333)
(0.157321 0 0.564991)
(0.155397 0.0597386 0.691705)
(0.157312 0 0.691659)
(0.0595224 0 0.501669)
(0.0592487 0 0.56495)
(0.0932509 0 0.882666)
(0.0148564 0 0.94716)
(0.0591679 0 0.818914)
(0.0591609 0 0.755029)
(0.282601 0 0.920412)
(0.0297909 0 0.930503)
(0.0148257 0 0.930268)
(0.0343943 0 0.881946)
(0.0343654 0 0.628333)
(0.0343643 0 0.691665)
(0.0343734 0 0.501681)
(0.0343673 0 0.564997)
(0.433227 0 0.955084)
(0.0343776 0 0.818356)
(0.435698 0 0.920769)
(0.0343572 0 0.754992)
(0.183378 0 0.955296)
(0.312543 0 0.951964)
(0.185717 0 0.920145)
(0.312659 0 0.92015)
(0 0 0.8975)
(0 0 0.644167)
(0 0 0.675833)
(0.0150213 0 0.66)
(0 0 0.5175)
(0 0 0.549167)
(0.0150195 0 0.53333)
(0 0 0.8025)
(0 0 0.770833)
(0.0150255 0 0.786662)
(0 0 0.485833)
(0 0 0.865833)
(0 0 0.834167)
(0 0 0.6125)
(0 0 0.580833)
(0 0 0.7075)
(0 0 0.739167)
(0.0150291 0 0.881781)
(0.0150213 0 0.628333)
(0.0150212 0 0.691666)
(0.0150152 0 0.50166)
(0.0150208 0 0.564999)
(0.0150321 0 0.818332)
(0.0150224 0 0.754997)
(0.0302077 0 0.89792)
(0.030241 0 0.644167)
(0 0 0.913333)
(0.0302408 0 0.675833)
(0 0 0.66)
(0 0 0.533333)
(0.0302482 0 0.517493)
(0 0 0.786667)
(0.0302436 0 0.549162)
(0.466143 0 0.951987)
(0.030235 0 0.802501)
(0.0302322 0 0.770826)
(0 0 0.85)
(0.058884 0 0.918208)
(0 0 0.596667)
(0 0 0.723333)
(0.0591727 0 0.659995)
(0.0149449 0 0.89773)
(0.0593543 0 0.533273)
(0.0149657 0 0.644167)
(0.0149656 0 0.675833)
(0.285543 0 0.955094)
(0.0149624 0 0.517495)
(0.0591963 0 0.596641)
(0.0149648 0 0.549165)
(0.0149719 0 0.802496)
(0.0149675 0 0.770829)
(0 0 0.881667)
(0 0 0.944888)
(0 0 0.628333)
(0 0 0.691667)
(0 0 0.501667)
(0 0 0.565)
(0.0591621 0 0.786849)
(0 0 0.818333)
(0 0 0.755)
(0.0591317 0 0.851411)
(0.0591675 0 0.723328)
(0.0340981 0 0.914069)
(0.0590715 0 0.949394)
(0.0337521 0 0.946334)
(0 0 0.929167)
(0.014949 0 0.913871)
(0.0343651 0 0.66)
(0.0343707 0 0.533327)
(0.0343587 0 0.786665)
(0.0286939 0 0.851058)
(0.0590293 0 0.884573)
(0 0 0.959585)
(0.0285503 0 0.596636)
(0.0285095 0 0.723324)
(0.0591771 0 0.628323)
(0.0591714 0 0.691661)
(0 -0.0345694 0.0898671)
(0 -0.0150466 0.0899528)
(0.0129342 -0.0290272 0.0898627)
(0.0127167 -0.0126795 0.0899252)
(0.0150802 0 0.0899513)
(0.0346073 0 0.0898577)
(0.0290305 -0.0129725 0.0898601)
(0.0304689 0 0.105777)
(0 0 0.406667)
(0 0 0.153333)
(0 0 0.28)
(0 0 0.343333)
(0 0 0.216667)
(0 0 0.43831)
(0 0 0.375)
(0 0 0.121667)
(0 0 0.185)
(0 0 0.311667)
(0 0 0.248333)
(0 -0.0345622 0.406664)
(0 -0.0345742 0.153322)
(0 -0.034575 0.28)
(0 -0.0345743 0.343333)
(0.0346099 0 0.343332)
(0 -0.0345749 0.216666)
(0.0346101 0 0.216666)
(0 -0.034572 0.375)
(0 -0.0345722 0.121625)
(0 -0.0345748 0.184997)
(0 -0.0345748 0.311667)
(0 -0.034575 0.248333)
(0.0127121 -0.012667 0.390831)
(0.0127096 -0.0126779 0.137488)
(0.0127096 -0.0126785 0.169163)
(0.0127097 -0.0126787 0.295833)
(0.0127098 -0.0126788 0.264167)
(0.0127104 -0.0126769 0.359166)
(0.0127105 -0.0126767 0.105793)
(0.0127097 -0.0126788 0.200832)
(0.0127098 -0.0126784 0.3275)
(0.0127098 -0.0126788 0.2325)
(0 0 0.390833)
(0 -0.015031 0.406665)
(0 0 0.1375)
(0 0 0.169167)
(0 -0.0150428 0.15333)
(0 0 0.295833)
(0 0 0.264167)
(0 -0.0150428 0.28)
(0.0150732 0 0.28)
(0 0 0.359167)
(0 0 0.3275)
(0 -0.015042 0.343334)
(0.0150739 0 0.343333)
(0 0 0.105833)
(0 0 0.200833)
(0 0 0.2325)
(0 -0.0150427 0.216667)
(0.0150731 0 0.216667)
(0 -0.0150398 0.375)
(0 -0.0150433 0.121653)
(0 -0.0150427 0.184999)
(0 -0.0150426 0.311667)
(0 -0.0150427 0.248333)
(0.0129425 -0.0290314 0.374999)
(0.0290358 -0.0129754 0.374998)
(0.0290333 -0.0129806 0.121617)
(0.0129399 -0.0290347 0.121618)
(0.012942 -0.02904 0.184995)
(0.0290359 -0.0129838 0.184995)
(0.029036 -0.0129835 0.311666)
(0.0129421 -0.0290397 0.311667)
(0.0290361 -0.012984 0.248333)
(0.0129422 -0.0290403 0.248333)
(0 -0.0303803 0.390833)
(0.0129428 -0.0289929 0.406664)
(0.0290324 -0.0128719 0.406663)
(0 -0.0303857 0.137485)
(0 -0.0303863 0.169163)
(0.0129414 -0.0290385 0.153317)
(0.0290352 -0.0129829 0.153317)
(0.0129421 -0.0290401 0.28)
(0 -0.0303864 0.295833)
(0 -0.0303865 0.264167)
(0.029036 -0.0129838 0.28)
(0 -0.0303851 0.359167)
(0.0129422 -0.0290383 0.343333)
(0 -0.0303862 0.3275)
(0.0304713 0 0.359165)
(0.029036 -0.0129826 0.343332)
(0.0304712 0 0.327499)
(0 -0.0303842 0.10578)
(0 -0.0303865 0.200833)
(0.0129421 -0.0290404 0.216665)
(0 -0.0303865 0.2325)
(0.0304711 0 0.200833)
(0.0290361 -0.012984 0.216665)
(0.0304711 0 0.2325)
(0 -0.0149705 0.390833)
(0 -0.0149749 0.359167)
(0.0150189 0 0.39083)
(0.0127173 -0.0126484 0.406663)
(0.0127151 -0.0126787 0.374999)
(0.0130076 -0.028929 0.390832)
(0.0289703 -0.0130083 0.39083)
(0.0150141 0 0.359166)
(0 -0.0345268 0.438318)
(0.0150142 0 0.105811)
(0 -0.0149766 0.137494)
(0 -0.0149778 0.105811)
(0 -0.0149764 0.169165)
(0 -0.0149763 0.200833)
(0.0127136 -0.0126829 0.153326)
(0.012714 -0.0126817 0.121642)
(0.0130061 -0.0289458 0.137476)
(0.0289697 -0.0130338 0.137476)
(0.0150121 0 0.169166)
(0.0127137 -0.0126833 0.184998)
(0.0130068 -0.0289476 0.169159)
(0.0289707 -0.0130349 0.169159)
(0.0150124 0 0.200833)
(0.0150124 0 0.295833)
(0.0127137 -0.0126834 0.28)
(0 -0.0149764 0.295833)
(0.0127137 -0.0126833 0.311667)
(0.0130071 -0.028948 0.295833)
(0.0289711 -0.0130352 0.295833)
(0.0150126 0 0.3275)
(0.0150125 0 0.264167)
(0 -0.0149764 0.264167)
(0.0127137 -0.0126835 0.248333)
(0.0130071 -0.0289482 0.264166)
(0.0289711 -0.0130353 0.264166)
(0.0150125 0 0.2325)
(0 -0.0149761 0.3275)
(0 -0.0149764 0.2325)
(0.0130073 -0.0289445 0.359166)
(0.0289712 -0.0130325 0.359165)
(0.012714 -0.0126825 0.343333)
(0.0289676 -0.0130306 0.10576)
(0.0130041 -0.0289415 0.105762)
(0.0130071 -0.0289482 0.200831)
(0.028971 -0.0130353 0.200831)
(0.0127137 -0.0126835 0.216666)
(0.0130072 -0.0289474 0.3275)
(0.0289711 -0.0130348 0.327499)
(0.0130071 -0.0289483 0.232499)
(0.0289711 -0.0130354 0.232499)
(0.0127124 -0.0125731 0.422494)
(0.0126046 -0.0120375 0.454162)
(0 0 0.4225)
(0 0 0.454101)
(0 -0.015008 0.438302)
(0 -0.0303575 0.422493)
(0.0289982 -0.0122019 0.438339)
(0.0129364 -0.028829 0.438326)
(0.0303497 0 0.454221)
(0 -0.0303166 0.45414)
(0.0149894 0 0.454136)
(0 -0.0149504 0.422492)
(0 -0.0149818 0.454106)
(0.0130075 -0.0288482 0.422494)
(0.0289541 -0.0127645 0.422496)
(0.0126948 -0.0123795 0.438326)
(0.0289208 -0.0116506 0.454182)
(0.012964 -0.0285691 0.454158)
(0 0 0.0268916)
(0 0 0)
(0 -0.0347669 0.0272631)
(0 -0.0362212 0)
(0.0362212 0 0)
(0.0124422 -0.0124405 0.0106054)
(0 0 0.0129473)
(0 -0.0153331 0.0267211)
(0.0149571 -0.0299691 0)
(0.0299677 -0.0149845 0)
(0 -0.0183259 0)
(0.0183259 0 0)
(0.029122 -0.0122453 0.0260357)
(0 -0.03117 0.0128679)
(0.01225 -0.0291142 0.0260315)
(0.0126949 -0.0125876 0.0263173)
(0 -0.0159926 0.0127209)
(0.0153352 -0.0153503 0)
(0.0290694 -0.0116143 0.0104092)
(0.0115986 -0.0290971 0.0104209)
(0 -0.0345772 0.0580721)
(0.0127249 -0.0126638 0.0422394)
(0.0127157 -0.0126752 0.0740511)
(0 0 0.0425)
(0 -0.0304534 0.042264)
(0 -0.0150771 0.0581989)
(0.0290405 -0.0128957 0.0579939)
(0.0128663 -0.0290262 0.0579988)
(0.0304764 0 0.0739944)
(0 -0.0303896 0.0740024)
(0.0150309 0 0.0740906)
(0 -0.0150677 0.0423548)
(0.0127263 -0.0126763 0.0581404)
(0.0290127 -0.0128217 0.0420665)
(0.0128154 -0.0289698 0.0420722)
(0 -0.0149876 0.0740932)
(0.0289688 -0.0130123 0.0739715)
(0.0129895 -0.0289371 0.0739746)
(0.0346022 0 0.406668)
(0.03461 0 0.28)
(0 0 0.09)
(0 0 0.0741667)
(0.0150687 0 0.438319)
(0.0304529 0 0.422503)
(0.0150202 0 0.422497)
(0.0154286 0 0.0266828)
(0.0305468 0 0.0422391)
(0.0346095 0 0.374997)
(0.03461 0 0.184997)
(0.0151263 0 0.0581931)
(0.03461 0 0.311666)
(0.0346078 0 0.121621)
(0.0346094 0 0.153321)
(0.0304702 0 0.137484)
(0.0346101 0 0.248333)
(0.0150841 0 0.406661)
(0.0150728 0 0.15333)
(0.0151395 0 0.0423407)
(0.0312243 0 0.0128296)
(0.0348185 0 0.0272159)
(0.0150768 0 0.374998)
(0.0150736 0 0.121653)
(0.015073 0 0.184999)
(0.0150732 0 0.311666)
(0.0150732 0 0.248333)
(0.0304702 0 0.390829)
(0.0304709 0 0.169163)
(0.0304711 0 0.295833)
(0.0304711 0 0.264167)
(0.016048 0 0.0126199)
(0.0345502 0 0.438381)
(0.034624 0 0.0580504)
(0.0150121 0 0.137494)
(0 0 0.0583333)
(0.312454 0.140178 0.343337)
(0.312457 0.140221 0.280019)
(0.312469 0.0608027 0.280025)
(0.312467 0.0602751 0.343334)
(0.312483 0.2 0.343333)
(0.312483 0.2 0.280009)
(0.312453 0.140149 0.406666)
(0.312482 0.2 0.406666)
(0.312466 0.0601387 0.406661)
(0.31261 0 0.343449)
(0.312619 0 0.406656)
(0.312579 0 0.281341)
(0.312478 0.0620447 0.216692)
(0.31249 0.0273234 0.216688)
(0.312526 0 0.226767)
(0.312462 0.14006 0.216721)
(0.312485 0.2 0.216849)
(0.31249 0.2 0.154846)
(0.312474 0.138507 0.153451)
(0.3125 0.2 0.100231)
(0.312496 0.172053 0.0899889)
(0.312485 0.136037 0.0900663)
(0.312473 0.134978 0.121762)
(0.312501 0.2 0.0597995)
(0.312498 0.171534 0.0579568)
(0.312501 0.2 0.0283732)
(0.312499 0.170972 0.0254163)
(0.3125 0.2 0)
(0.3125 0.165915 0)
(0.3125 0.131962 0)
(0.312498 0.133686 0.0268347)
(0.3125 0.0970074 0)
(0.312497 0.097778 0.0273737)
(0.3125 0.063504 0)
(0.312498 0.0631011 0.0276078)
(0.34375 0.063504 0)
(0.343749 0.0631013 0.0276079)
(0.34375 0.0344213 0)
(0.34375 0.028876 0.0125054)
(0.34375 0.0292098 0.0275774)
(0.34375 0.0146065 0)
(0.34375 0.0124857 0.011721)
(0.34375 0 0)
(0.34375 0 0.0131299)
(0.34375 0 0.0318736)
(0.34375 0.0129543 0.0270424)
(0.34375 0 0.0590284)
(0.343749 0.0286036 0.0586162)
(0.3125 0 0.0590284)
(0.312498 0.0286036 0.0586161)
(0.3125 0 0.0900744)
(0.312496 0.0282761 0.090096)
(0.312499 0 0.121664)
(0.312495 0.0281308 0.1217)
(0.312498 0 0.153468)
(0.312493 0.0279818 0.153345)
(0.312497 0 0.186433)
(0.312492 0.0276376 0.185009)
(0.312483 0.0605891 0.185024)
(0.312473 0.0995556 0.153421)
(0.312482 0.0619684 0.15338)
(0.312475 0.0987822 0.121781)
(0.312483 0.098985 0.0902027)
(0.312493 0.135272 0.0583672)
(0.312491 0.0986473 0.0587322)
(0.312494 0.0629531 0.0588219)
(0.343747 0.0629527 0.0588224)
(0.312489 0.0625603 0.0902068)
(0.312484 0.0622926 0.121758)
(0.5625 0.2 0)
(0.5625 0.2 0.0283737)
(0.5625 0.165914 0)
(0.625001 0.2 0.280009)
(0.562499 0.2 0.280009)
(0.562499 0.2 0.21685)
(0.562499 0.2 0.154848)
(0.5625 0.2 0.100231)
(0.5625 0.2 0.0598003)
(0.5625 0.170972 0.0254169)
(0.5625 0.171534 0.0579582)
(0.5625 0.131962 0)
(0.5625 0.133687 0.0268353)
(0.5625 0.0970073 0)
(0.5625 0.0635039 0)
(0.5625 0.0344213 0)
(0.5625 0.0146065 0)
(0.625011 0.140209 0.28002)
(0.562502 0.140204 0.28002)
(0.562501 0.14006 0.216723)
(0.562501 0.138511 0.153455)
(0.5625 0.172054 0.0899904)
(0.5625 0.136041 0.0900694)
(0.562501 0.134984 0.121766)
(0.5625 0.135274 0.058369)
(0.5625 0.0977786 0.0273742)
(0.5625 0.0986494 0.0587339)
(0.5625 0.0631015 0.0276081)
(0.5625 0.028876 0.0125054)
(0.5625 0.0292099 0.0275774)
(0.5625 0.0124857 0.011721)
(0.5625 0 0.0131299)
(0.5625 0 0.0318736)
(0.625012 0.0607093 0.280025)
(0.562504 0.06069 0.280024)
(0.562502 0.0620057 0.216691)
(0.562501 0.0995587 0.153424)
(0.562501 0.0619635 0.153381)
(0.562501 0.0605709 0.185024)
(0.562501 0.0987869 0.121785)
(0.562501 0.0989888 0.0902054)
(0.5625 0.0629543 0.0588228)
(0.5625 0.0625618 0.0902081)
(0.5625 0.0286039 0.0586163)
(0.5625 0.0129543 0.0270424)
(0.5625 0 0.0590284)
(0.562501 0.0273041 0.216685)
(0.562501 0.0276292 0.185008)
(0.5625 0.027979 0.153344)
(0.562501 0.0622928 0.12176)
(0.5625 0.0281302 0.121699)
(0.5625 0.0282764 0.0900962)
(0.5625 0 0.0900742)
(0.5625 0 0.153467)
(0.5625 0 0.121663)
(0.749993 0 0.153454)
(0.625 0.133687 0.0268352)
(0.750106 0.138476 0.15344)
(0.75 0 0.0318736)
(0.625 0 0.153467)
(0.625 0 0.0318736)
(0.750015 0.133683 0.0268315)
(0.625005 0.138511 0.153454)
(0.625 0.0631014 0.027608)
(0.687502 0.133686 0.0268348)
(0.625 0.2 0.0283736)
(0.812608 0.133654 0.0268103)
(0.749999 0.2 0.0283695)
(0.6875 0 0.0318736)
(0.750013 0.0630987 0.0276065)
(0.812508 0 0.0318736)
(0.687499 0.2 0.0283732)
(0.687502 0.0631011 0.0276078)
(0.812515 0.2 0.0283231)
(0.81259 0.0630822 0.0275994)
(0.687511 0.0625599 0.0902069)
(0.59375 0.0344213 0)
(0.71875 0.0344213 0)
(0.65625 0.0344213 0)
(0.781252 0.034421 0)
(0.750074 0.061975 0.153376)
(0.750004 0 0.0900752)
(0.687502 0 0.153468)
(0.625003 0.13604 0.0900689)
(0.750064 0.136016 0.0900521)
(0.687526 0.138507 0.153451)
(0.71875 0 0.0318736)
(0.750005 0.0292089 0.027577)
(0.625 0 0.0900742)
(0.625004 0.0619644 0.153381)
(0.625 0.0292098 0.0275774)
(0.65625 0 0.0318736)
(0.6875 0.063504 0)
(0.812539 0.0634992 0)
(0.625 0.0635039 0)
(0.59375 0.0631013 0.027608)
(0.656251 0.0631012 0.0276079)
(0.687501 0.0292097 0.0275773)
(0.718755 0.0631003 0.0276074)
(0.750002 0.0635038 0)
(0.781284 0.063094 0.0276044)
(0.81254 0.0292038 0.0275746)
(0.687517 0.0619679 0.15338)
(0.687514 0.136036 0.0900664)
(0.625002 0.0625616 0.090208)
(0.59375 0.0292098 0.0275774)
(0.6875 0 0.0900744)
(0.750052 0.0625505 0.0902017)
(0.718752 0.0292094 0.0275772)
(0.65625 0.0292097 0.0275774)
(0.781264 0.0292074 0.0275763)
(0.59375 0.0635039 0)
(0.625 0.0344213 0)
(0.65625 0.0635039 0)
(0.6875 0.0344213 0)
(0.71875 0.063504 0)
(0.75 0.0344212 0)
(0.78126 0.063503 0)
(0.81251 0.0344204 0)
(0.6875 0.2 0.100231)
(0.609375 0.0124637 0.0117257)
(0.734375 0.0124636 0.0117257)
(0.640625 0.0124637 0.0117257)
(0.765626 0.0124635 0.0117257)
(0.687522 0.0620446 0.216692)
(0.59375 0.0286036 0.0586163)
(0.718755 0.0286027 0.0586159)
(0.656251 0.0286035 0.0586162)
(0.781284 0.0285987 0.0586138)
(0.578125 0.0124637 0.0117257)
(0.703125 0.0124637 0.0117257)
(0.671875 0.0124637 0.0117257)
(0.796877 0.0124633 0.0117255)
(0.828134 0.0124627 0.0117253)
(0.750054 0.2 0.154839)
(0.625 0.2 0.154848)
(0.750002 0 0.0590287)
(0.75 0 0.01313)
(0.734375 0 0.0278962)
(0.750001 0.0129541 0.0270423)
(0.765625 0 0.0278962)
(0.625 0 0.0590284)
(0.625 0.0129543 0.0270424)
(0.625 0 0.0131299)
(0.609375 0 0.0278962)
(0.640625 0 0.0278962)
(0.625009 0.140062 0.216722)
(0.687544 0.140221 0.280019)
(0.625001 0.062954 0.0588226)
(0.578125 0 0.0278962)
(0.703125 0 0.0278962)
(0.671875 0 0.0278962)
(0.6875 0.0129543 0.0270424)
(0.6875 0 0.0131299)
(0.6875 0 0.0590284)
(0.750032 0.0629463 0.0588182)
(0.796877 0 0.0278962)
(0.828134 0 0.027896)
(0.812502 0 0.0131295)
(0.812513 0.0129531 0.0270418)
(0.812533 0 0.0590284)
(0.687506 0.0629529 0.0588219)
(0.81267 0.0629128 0.0587998)
(0.593751 0.0625554 0.090208)
(0.656255 0.0625546 0.0902076)
(0.687504 0.0282761 0.0900961)
(0.718774 0.0625507 0.0902052)
(0.781363 0.0625293 0.090194)
(0.59375 0.0146065 0)
(0.59375 0.028876 0.0125054)
(0.578125 0.0300472 0)
(0.609375 0.0300472 0)
(0.71875 0.0288759 0.0125054)
(0.71875 0.0146064 0)
(0.703125 0.0300472 0)
(0.734375 0.0300472 0)
(0.65625 0.028876 0.0125054)
(0.65625 0.0146065 0)
(0.640625 0.0300472 0)
(0.671875 0.0300472 0)
(0.78125 0.0146061 0)
(0.781254 0.0288753 0.0125051)
(0.765625 0.0300471 0)
(0.796877 0.0300468 0)
(0.828137 0.0300462 0)
(0.718751 0 0.0900747)
(0.750021 0.0282741 0.0900953)
(0.781264 0 0.0900757)
(0.75 0.0146063 0)
(0.71875 0.0129542 0.0270423)
(0.734377 0.0288853 0.0276766)
(0.76563 0.0288847 0.0276764)
(0.750001 0.0288757 0.0125053)
(0.781254 0.0129538 0.0270422)
(0.625001 0.0282764 0.0900962)
(0.59375 0 0.0900742)
(0.65625 0 0.0900742)
(0.609375 0.0288856 0.0276768)
(0.640625 0.0288856 0.0276768)
(0.625 0.028876 0.0125054)
(0.625 0.0146065 0)
(0.59375 0.0129543 0.0270424)
(0.65625 0.0129543 0.0270424)
(0.578125 0.0288856 0.0276768)
(0.703126 0.0288855 0.0276767)
(0.671875 0.0288856 0.0276768)
(0.6875 0.0288759 0.0125054)
(0.6875 0.0146065 0)
(0.812502 0.0146056 0)
(0.79689 0.0288834 0.0276758)
(0.828167 0.0288801 0.0276743)
(0.812514 0.0288742 0.0125047)
(0.624999 0.2 0.100231)
(0.750009 0.2 0.100226)
(0.68751 0.2 0.154846)
(0.718759 0.0282746 0.0900959)
(0.59375 0 0.0590284)
(0.718751 0 0.0590285)
(0.65625 0 0.0590284)
(0.781259 0 0.0590289)
(0.781301 0.0282698 0.0900935)
(0.625 0.0124857 0.011721)
(0.609375 0 0.0131055)
(0.609375 0.0129848 0.0270543)
(0.609375 0.0287181 0.0125918)
(0.609375 0.0145082 0)
(0.59375 0.0124857 0.011721)
(0.75 0.0124855 0.011721)
(0.734376 0.0129847 0.0270542)
(0.734375 0 0.0131056)
(0.734375 0.0145081 0)
(0.71875 0.0124856 0.011721)
(0.734376 0.0287179 0.0125918)
(0.640625 0.0129848 0.0270543)
(0.640625 0 0.0131055)
(0.640625 0.0287181 0.0125918)
(0.640625 0.0145082 0)
(0.65625 0.0124857 0.011721)
(0.765625 0 0.0131055)
(0.765627 0.0129846 0.0270542)
(0.765625 0.0145079 0)
(0.765627 0.0287177 0.0125917)
(0.781251 0.0124854 0.0117209)
(0.578125 0 0.0131055)
(0.687538 0.14006 0.216721)
(0.625007 0.0620123 0.216692)
(0.687531 0.0608031 0.280025)
(0.593751 0.0629529 0.0588227)
(0.59375 0.0282755 0.0900962)
(0.625 0.0286038 0.0586163)
(0.578125 0.0129848 0.0270543)
(0.656253 0.0629524 0.0588224)
(0.687502 0.0286035 0.0586161)
(0.718764 0.0629497 0.0588207)
(0.750013 0.0286017 0.0586153)
(0.703125 0.0129848 0.0270543)
(0.656252 0.0282754 0.0900961)
(0.671875 0.0129848 0.0270543)
(0.703125 0 0.0131056)
(0.671875 0 0.0131055)
(0.796876 0 0.0131053)
(0.828128 0 0.0131049)
(0.781324 0.0629346 0.0588124)
(0.812589 0.0285924 0.0586098)
(0.796881 0.0129842 0.027054)
(0.828144 0.0129834 0.0270534)
(0.578125 0.0145082 0)
(0.578125 0.0287181 0.0125918)
(0.703125 0.028718 0.0125918)
(0.703125 0.0145081 0)
(0.6875 0.0124856 0.011721)
(0.671875 0.0287181 0.0125918)
(0.671875 0.0145081 0)
(0.796876 0.0145076 0)
(0.796881 0.0287172 0.0125915)
(0.812505 0.0124849 0.0117207)
(0.828129 0.014507 0)
(0.828146 0.0287158 0.0125909)
(0.718762 0.0281275 0.1217)
(0.781313 0.0281263 0.121698)
(0.781322 0.0277101 0.185006)
(0.59375 0.0970073 0)
(0.65625 0.0970073 0)
(0.718751 0.0970074 0)
(0.59375 0.165914 0)
(0.65625 0.165914 0)
(0.718751 0.165915 0)
(0.781265 0.0970052 0)
(0.781262 0.165913 0)
(0.687515 0.2 0.216849)
(0.718765 0.0276318 0.185009)
(0.593751 0.0986452 0.0587336)
(0.593751 0.0281269 0.121699)
(0.593753 0.0986237 0.121784)
(0.656254 0.0986444 0.058733)
(0.7188 0.0986098 0.121777)
(0.656253 0.028127 0.121699)
(0.718769 0.0986395 0.0587299)
(0.656262 0.0986217 0.121783)
(0.781449 0.0985461 0.121754)
(0.781345 0.0986141 0.0587135)
(0.65625 0.171518 0.0579561)
(0.718755 0.171516 0.0579528)
(0.59375 0.171518 0.0579565)
(0.781285 0.171508 0.0579251)
(0.593751 0.0276113 0.185008)
(0.656254 0.027614 0.185009)
(0.75003 0.0279919 0.153345)
(0.750005 0 0.121665)
(0.718753 0 0.153469)
(0.625 0.0977785 0.0273741)
(0.59375 0.133686 0.0268352)
(0.656251 0.133686 0.026835)
(0.625 0.170972 0.0254168)
(0.625 0.131962 0)
(0.625001 0.135274 0.0583688)
(0.75011 0.0995285 0.153411)
(0.750107 0.134941 0.121747)
(0.718811 0.135843 0.153434)
(0.78148 0.135744 0.153407)
(0.59375 0 0.153466)
(0.656251 0 0.153467)
(0.625 0 0.121663)
(0.625002 0.0279794 0.153344)
(0.718756 0.133684 0.0268338)
(0.78129 0.133674 0.0268253)
(0.750007 0.17097 0.0254124)
(0.750017 0.0977741 0.0273714)
(0.750004 0.131962 0)
(0.750036 0.135262 0.0583574)
(0.625006 0.134983 0.121766)
(0.656265 0.135859 0.153441)
(0.625006 0.0995583 0.153424)
(0.593753 0.135861 0.153442)
(0.6875 0.2 0)
(0.812506 0.2 0)
(0.687501 0.170971 0.0254163)
(0.687503 0.0977779 0.0273737)
(0.6875 0.131962 0)
(0.687507 0.135272 0.0583672)
(0.656249 0.2 0.0283733)
(0.59375 0.2 0.0283735)
(0.625 0.2 0)
(0.624999 0.2 0.0598001)
(0.812562 0.170956 0.0253781)
(0.812617 0.097747 0.0273586)
(0.812559 0.131948 0)
(0.812682 0.135206 0.058302)
(0.718749 0.2 0.0283723)
(0.750001 0.2 0)
(0.781252 0.2 0.0283586)
(0.749999 0.2 0.0597933)
(0.687499 0.2 0.0597996)
(0.812526 0.2 0.0597269)
(0.687515 0.062292 0.121759)
(0.687516 0.0989843 0.0902028)
(0.718786 0.0618858 0.153378)
(0.750067 0.0622844 0.121753)
(0.781404 0.0618871 0.153369)
(0.75007 0.06064 0.185021)
(0.687507 0.0279816 0.153345)
(0.687501 0 0.121664)
(0.656257 0.135964 0.0900657)
(0.625003 0.0989881 0.090205)
(0.593751 0.135966 0.0900667)
(0.625 0.172054 0.0899902)
(0.71878 0.135955 0.0900596)
(0.750072 0.0989641 0.090192)
(0.781381 0.135909 0.090027)
(0.750024 0.172047 0.0899776)
(0.687527 0.0995547 0.153421)
(0.687526 0.134977 0.121762)
(0.593752 0.0618786 0.15338)
(0.656259 0.0618805 0.15338)
(0.625003 0.0622927 0.12176)
(0.625005 0.060574 0.185024)
(0.687517 0.0605887 0.185024)
(0.687504 0.172053 0.0899889)
(0.656249 0.2 0.0921406)
(0.71875 0.2 0.0921392)
(0.593749 0.2 0.0921408)
(0.781265 0.2 0.0921185)
(0.593753 0.0605287 0.216688)
(0.718786 0.0605939 0.216688)
(0.68751 0.0273233 0.216688)
(0.65626 0.0605406 0.216689)
(0.625004 0.0273061 0.216686)
(0.718752 0 0.121664)
(0.750027 0.0281309 0.121699)
(0.718764 0.0279758 0.153345)
(0.718782 0.0622625 0.121757)
(0.687505 0.0281306 0.1217)
(0.78132 0.0279926 0.153344)
(0.781391 0.0622422 0.121746)
(0.750031 0.0276805 0.185009)
(0.781397 0.0604542 0.185016)
(0.625 0.0970073 0)
(0.59375 0.131962 0)
(0.59375 0.0977781 0.0273742)
(0.6875 0.0970074 0)
(0.65625 0.131962 0)
(0.656251 0.0977779 0.027374)
(0.718751 0.131962 0)
(0.750004 0.0970071 0)
(0.718756 0.0977765 0.027373)
(0.59375 0.2 0)
(0.625 0.165914 0)
(0.59375 0.17097 0.0254166)
(0.6875 0.165915 0)
(0.65625 0.2 0)
(0.65625 0.17097 0.0254164)
(0.71875 0.2 0)
(0.750003 0.165915 0)
(0.718752 0.17097 0.0254152)
(0.812557 0.0969977 0)
(0.781267 0.131959 0)
(0.781295 0.0977663 0.0273675)
(0.812542 0.165903 0)
(0.781252 0.2 0)
(0.781271 0.170965 0.0254032)
(0.625001 0.2 0.21685)
(0.687517 0.2 0.280009)
(0.718783 0.0603915 0.185023)
(0.687508 0.0276375 0.185009)
(0.718766 0.0273733 0.216684)
(0.593752 0.0989602 0.0902045)
(0.625002 0.098649 0.0587336)
(0.593751 0.135266 0.0583681)
(0.593752 0.0622652 0.12176)
(0.625001 0.0281303 0.121699)
(0.59375 0 0.121663)
(0.593751 0.0279699 0.153344)
(0.625005 0.0987861 0.121784)
(0.593753 0.13453 0.121764)
(0.593753 0.0990002 0.153422)
(0.687508 0.098647 0.0587323)
(0.656258 0.0989585 0.0902035)
(0.656253 0.135265 0.0583675)
(0.718784 0.0989496 0.0901986)
(0.687524 0.0987813 0.121782)
(0.7501 0.0987534 0.12177)
(0.718805 0.134511 0.121754)
(0.718806 0.0989881 0.153415)
(0.656257 0.0622649 0.121759)
(0.65625 0 0.121663)
(0.656253 0.0279709 0.153345)
(0.750042 0.0986358 0.058725)
(0.718766 0.135261 0.0583636)
(0.656263 0.134527 0.121762)
(0.656263 0.0989989 0.153421)
(0.81271 0.0985791 0.0586891)
(0.781399 0.098905 0.0901755)
(0.781461 0.134426 0.121723)
(0.781469 0.0989194 0.153395)
(0.781331 0.135236 0.0583397)
(0.687502 0.171534 0.0579568)
(0.656249 0.2 0.0597483)
(0.656251 0.171895 0.0899802)
(0.625 0.171534 0.057958)
(0.718759 0.171892 0.0899764)
(0.718748 0.2 0.0597466)
(0.750013 0.17153 0.0579471)
(0.59375 0.2 0.0597485)
(0.59375 0.171895 0.0899807)
(0.812589 0.171509 0.0578739)
(0.781302 0.171879 0.0899452)
(0.781254 0.2 0.0597249)
(0.593752 0.0603572 0.185024)
(0.593752 0.0273278 0.216682)
(0.625002 0.0276303 0.185008)
(0.656259 0.0603637 0.185024)
(0.656255 0.0273328 0.216684)
(0.5 0 0.406655)
(0.5 0 0.153467)
(0.375 0.133687 0.0268352)
(0.5 0 0.0318736)
(0.375 0 0.153467)
(0.5 0.138512 0.153455)
(0.5 0.133687 0.0268353)
(0.375 0 0.0318736)
(0.374995 0.138511 0.153454)
(0.4375 0.133687 0.0268353)
(0.375 0.0631015 0.027608)
(0.375 0.2 0.0283736)
(0.5 0.0631015 0.0276081)
(0.4375 0 0.0318736)
(0.5 0.2 0.0283737)
(0.4375 0.0631015 0.0276081)
(0.4375 0.2 0.0283737)
(0.374989 0.140209 0.28002)
(0.4375 0.062562 0.0902081)
(0.53125 0.0344213 0)
(0.46875 0.0344213 0)
(0.40625 0.0344213 0)
(0.5 0.14011 0.406666)
(0.5 0 0.0900743)
(0.5 0.0619634 0.153381)
(0.374997 0.13604 0.0900689)
(0.5 0.0292099 0.0275774)
(0.375 0 0.0900742)
(0.374996 0.0619647 0.153381)
(0.5 0.136041 0.0900694)
(0.437499 0.138512 0.153454)
(0.375 0.0292099 0.0275774)
(0.4375 0.0635039 0)
(0.375 0.0635039 0)
(0.40625 0.0631014 0.027608)
(0.5 0.0635039 0)
(0.53125 0.0631014 0.0276081)
(0.46875 0.0631014 0.0276081)
(0.4375 0.0292099 0.0275774)
(0.5 0.140202 0.28002)
(0.374988 0.140122 0.406666)
(0.437499 0.0619637 0.153381)
(0.5 0.062562 0.0902082)
(0.53125 0.0292098 0.0275774)
(0.4375 0 0.0900742)
(0.374998 0.0625619 0.090208)
(0.437499 0.136041 0.0900693)
(0.46875 0.0292098 0.0275774)
(0.40625 0.0292098 0.0275774)
(0.53125 0.0635039 0)
(0.5 0.0344213 0)
(0.40625 0.0635039 0)
(0.46875 0.0635039 0)
(0.4375 0.0344213 0)
(0.375 0.0344213 0)
(0.437495 0.0601184 0.343333)
(0.562505 0.0601185 0.343333)
(0.4375 0.2 0.100231)
(0.515625 0.0124637 0.0117257)
(0.484375 0.0124637 0.0117257)
(0.390625 0.0124637 0.0117257)
(0.359375 0.0124637 0.0117257)
(0.437498 0.0620057 0.216691)
(0.53125 0.0286037 0.0586163)
(0.46875 0.0286037 0.0586163)
(0.40625 0.0286037 0.0586163)
(0.546875 0.0124637 0.0117257)
(0.453125 0.0124637 0.0117257)
(0.421875 0.0124637 0.0117257)
(0.562506 0 0.406655)
(0.5 0.0599623 0.406661)
(0.5 0.2 0.154848)
(0.5 0 0.0590285)
(0.5 0 0.0131299)
(0.515625 0 0.0278962)
(0.5 0.0129543 0.0270424)
(0.484375 0 0.0278962)
(0.375 0.2 0.154848)
(0.5 0.14006 0.216723)
(0.375 0 0.0590284)
(0.375 0.0129543 0.0270424)
(0.375 0 0.0131299)
(0.390625 0 0.0278962)
(0.359375 0 0.0278962)
(0.374991 0.140062 0.216722)
(0.374999 0.0629542 0.0588226)
(0.546875 0 0.0278962)
(0.5 0.0629543 0.0588228)
(0.453125 0 0.0278962)
(0.421875 0 0.0278962)
(0.4375 0 0.0131299)
(0.4375 0.0129543 0.0270424)
(0.4375 0 0.0590284)
(0.4375 0.0629543 0.0588228)
(0.374988 0.0607092 0.280025)
(0.437498 0.140204 0.28002)
(0.374988 0.140155 0.343337)
(0.53125 0.0625555 0.0902081)
(0.46875 0.0625555 0.0902081)
(0.4375 0.0282765 0.0900962)
(0.406249 0.0625555 0.090208)
(0.343745 0.0625551 0.0902075)
(0.53125 0.0146065 0)
(0.53125 0.028876 0.0125054)
(0.546875 0.0300472 0)
(0.515625 0.0300472 0)
(0.46875 0.0146065 0)
(0.46875 0.028876 0.0125054)
(0.484375 0.0300472 0)
(0.453125 0.0300472 0)
(0.40625 0.0146065 0)
(0.40625 0.028876 0.0125054)
(0.421875 0.0300472 0)
(0.390625 0.0300472 0)
(0.359375 0.0300472 0)
(0.5 0.0606868 0.280023)
(0.374985 0.0599977 0.406661)
(0.562503 0.140113 0.406666)
(0.5 0.140145 0.343337)
(0.437497 0.140113 0.406666)
(0.53125 0 0.0900743)
(0.5 0.0282765 0.0900963)
(0.46875 0 0.0900743)
(0.5 0.0146065 0)
(0.53125 0.0129543 0.0270424)
(0.515625 0.0288856 0.0276768)
(0.484375 0.0288856 0.0276768)
(0.5 0.028876 0.0125054)
(0.46875 0.0129543 0.0270424)
(0.40625 0 0.0900742)
(0.34375 0 0.0900742)
(0.374999 0.0282765 0.0900962)
(0.390625 0.0288856 0.0276768)
(0.359375 0.0288856 0.0276768)
(0.375 0.028876 0.0125054)
(0.375 0.0146065 0)
(0.40625 0.0129543 0.0270424)
(0.546875 0.0288856 0.0276768)
(0.4375 0.0146065 0)
(0.453125 0.0288856 0.0276768)
(0.421875 0.0288856 0.0276768)
(0.4375 0.028876 0.0125054)
(0.562506 0.0599677 0.406661)
(0.5 0.0601138 0.343333)
(0.437494 0.0599675 0.406661)
(0.437496 0.06069 0.280024)
(0.374986 0.0601455 0.343334)
(0.437498 0.140147 0.343337)
(0.562502 0.140147 0.343337)
(0.53125 0.0282755 0.0900962)
(0.5 0.2 0.100232)
(0.46875 0 0.0590285)
(0.40625 0 0.0590284)
(0.53125 0 0.0590285)
(0.375001 0.2 0.100231)
(0.46875 0.0282756 0.0900962)
(0.437501 0.2 0.154848)
(0.5 0.0124857 0.011721)
(0.515625 0 0.0131055)
(0.515625 0.0129848 0.0270543)
(0.515625 0.0145082 0)
(0.53125 0.0124857 0.011721)
(0.515625 0.0287181 0.0125918)
(0.484375 0 0.0131055)
(0.484375 0.0129848 0.0270543)
(0.484375 0.0145082 0)
(0.484375 0.0287181 0.0125918)
(0.46875 0.0124857 0.011721)
(0.375 0.0124857 0.011721)
(0.390625 0 0.0131055)
(0.390625 0.0129848 0.0270543)
(0.390625 0.0287181 0.0125918)
(0.390625 0.0145082 0)
(0.40625 0.0124857 0.011721)
(0.359375 0 0.0131055)
(0.359375 0.0129848 0.0270543)
(0.359375 0.0287181 0.0125918)
(0.359375 0.0145082 0)
(0.453125 0 0.0131055)
(0.421875 0 0.0131055)
(0.546875 0 0.0131055)
(0.374993 0.0620124 0.216692)
(0.437498 0.14006 0.216723)
(0.5 0.0620048 0.216691)
(0.53125 0.0629531 0.0588228)
(0.5 0.0286039 0.0586163)
(0.546875 0.0129848 0.0270543)
(0.406249 0.0629531 0.0588227)
(0.46875 0.0629531 0.0588228)
(0.4375 0.0286039 0.0586163)
(0.453125 0.0129848 0.0270543)
(0.40625 0.0282756 0.0900962)
(0.375 0.0286039 0.0586163)
(0.421875 0.0129848 0.0270543)
(0.343748 0.0282755 0.0900961)
(0.546875 0.0145082 0)
(0.546875 0.0287181 0.0125918)
(0.453125 0.0145082 0)
(0.453125 0.0287181 0.0125918)
(0.4375 0.0124857 0.011721)
(0.421875 0.0145082 0)
(0.421875 0.0287181 0.0125918)
(0.437494 0.0599355 0.469998)
(0.5 0 0.469996)
(0.374988 0 0.469996)
(0.5 0.140099 0.47)
(0.374988 0.140111 0.47)
(0.5 0.0599302 0.469998)
(0.437494 0 0.469996)
(0.374984 0.0599662 0.469998)
(0.437497 0.140101 0.47)
(0.53125 0.0281269 0.121699)
(0.46875 0.028127 0.121699)
(0.53125 0.0970073 0)
(0.40625 0.0970073 0)
(0.46875 0.0970073 0)
(0.53125 0.165914 0)
(0.34375 0.0970073 0)
(0.40625 0.165914 0)
(0.46875 0.165914 0)
(0.34375 0.165914 0)
(0.46875 0.0276109 0.185008)
(0.437501 0.2 0.343333)
(0.437501 0.2 0.21685)
(0.53125 0.0276109 0.185008)
(0.562499 0.2 0.343333)
(0.53125 0.098624 0.121784)
(0.53125 0.0986454 0.0587337)
(0.406249 0.0986454 0.0587336)
(0.406249 0.028127 0.121699)
(0.46875 0.0986242 0.121784)
(0.46875 0.0986455 0.0587337)
(0.406247 0.098624 0.121784)
(0.343746 0.0986447 0.058733)
(0.343747 0.0281273 0.121699)
(0.343738 0.0986225 0.121783)
(0.437501 0.2 0.47)
(0.53125 0.171518 0.0579566)
(0.34375 0.171518 0.0579561)
(0.40625 0.171518 0.0579565)
(0.46875 0.171518 0.0579566)
(0.406249 0.0276114 0.185008)
(0.343746 0.0276141 0.185009)
(0.5 0 0.121663)
(0.53125 0 0.153466)
(0.5 0.0279789 0.153344)
(0.5 0.2 0.406666)
(0.343749 0.133686 0.026835)
(0.40625 0.133686 0.0268352)
(0.375 0.0977785 0.0273741)
(0.375 0.170972 0.0254168)
(0.375 0.131962 0)
(0.374999 0.135274 0.0583687)
(0.40625 0 0.153466)
(0.343749 0 0.153467)
(0.375 0 0.121663)
(0.374998 0.0279795 0.153344)
(0.5 0.0995588 0.153424)
(0.5 0.134984 0.121766)
(0.53125 0.135861 0.153442)
(0.46875 0.135861 0.153442)
(0.53125 0.133686 0.0268353)
(0.46875 0.133686 0.0268353)
(0.5 0.131962 0)
(0.5 0.0977786 0.0273742)
(0.5 0.170972 0.0254169)
(0.5 0.135274 0.0583691)
(0.374994 0.134984 0.121766)
(0.343735 0.135859 0.153441)
(0.374994 0.0995588 0.153424)
(0.406247 0.135861 0.153442)
(0.4375 0.2 0)
(0.4375 0.131962 0)
(0.4375 0.0977786 0.0273742)
(0.4375 0.170972 0.0254169)
(0.4375 0.135274 0.058369)
(0.343751 0.2 0.0283733)
(0.40625 0.2 0.0283735)
(0.375 0.2 0)
(0.375001 0.2 0.0598001)
(0.53125 0.2 0.0283736)
(0.5 0.2 0)
(0.46875 0.2 0.0283736)
(0.5 0.2 0.0598003)
(0.4375 0.2 0.0598003)
(0.374999 0.2 0.280009)
(0.437499 0.062293 0.12176)
(0.437499 0.098989 0.0902054)
(0.4375 0.027979 0.153344)
(0.46875 0.0618783 0.15338)
(0.53125 0.0618783 0.15338)
(0.5 0.0622928 0.12176)
(0.5 0.0605705 0.185024)
(0.5 0.2 0.280009)
(0.375 0.2 0.406666)
(0.343743 0.135965 0.0900656)
(0.374996 0.0989886 0.090205)
(0.406249 0.135966 0.0900667)
(0.375 0.172054 0.0899902)
(0.406248 0.0618789 0.15338)
(0.343741 0.0618808 0.15338)
(0.374996 0.0622931 0.12176)
(0.374995 0.0605742 0.185024)
(0.53125 0.135966 0.0900669)
(0.5 0.098989 0.0902054)
(0.46875 0.135966 0.0900669)
(0.5 0.172054 0.0899904)
(0.437499 0.0995589 0.153424)
(0.437499 0.134984 0.121766)
(0.437499 0.060571 0.185024)
(0.4375 0.172054 0.0899904)
(0.53125 0.2 0.0921408)
(0.343751 0.2 0.0921406)
(0.46875 0.2 0.0921408)
(0.406251 0.2 0.0921408)
(0.437499 0.0273042 0.216685)
(0.406247 0.0605288 0.216688)
(0.468749 0.0605261 0.216688)
(0.34374 0.0605407 0.216689)
(0.531251 0.0605261 0.216688)
(0.5 0.0273039 0.216685)
(0.374996 0.0273062 0.216686)
(0.53125 0 0.121663)
(0.5 0.0281302 0.121699)
(0.53125 0.0279698 0.153344)
(0.53125 0.0622651 0.12176)
(0.46875 0.0279697 0.153344)
(0.4375 0.0281303 0.121699)
(0.46875 0.0622654 0.12176)
(0.5 0.0970073 0)
(0.53125 0.131962 0)
(0.53125 0.0977781 0.0273742)
(0.4375 0.0970073 0)
(0.375 0.0970073 0)
(0.40625 0.131962 0)
(0.40625 0.0977781 0.0273742)
(0.46875 0.131962 0)
(0.46875 0.0977781 0.0273742)
(0.53125 0.2 0)
(0.5 0.165914 0)
(0.53125 0.17097 0.0254167)
(0.34375 0.131962 0)
(0.343749 0.097778 0.027374)
(0.4375 0.165914 0)
(0.40625 0.2 0)
(0.375 0.165914 0)
(0.40625 0.17097 0.0254166)
(0.46875 0.2 0)
(0.46875 0.17097 0.0254167)
(0.34375 0.2 0)
(0.34375 0.17097 0.0254164)
(0.374999 0.2 0.21685)
(0.5 0.027629 0.185008)
(0.437499 0.0276292 0.185008)
(0.46875 0.060356 0.185023)
(0.46875 0.027327 0.216682)
(0.437501 0.2 0.280009)
(0.374999 0.2 0.343333)
(0.5 0.2 0.343333)
(0.437501 0.2 0.406666)
(0.5 0.2 0.21685)
(0.53125 0.0603559 0.185023)
(0.53125 0.027327 0.216682)
(0.562499 0.2 0.406666)
(0.53125 0.0989605 0.0902047)
(0.5 0.0987871 0.121785)
(0.53125 0.13453 0.121764)
(0.53125 0.0990004 0.153422)
(0.5 0.0986495 0.0587339)
(0.53125 0.135266 0.0583682)
(0.4375 0.0986495 0.0587339)
(0.406248 0.0989605 0.0902045)
(0.374998 0.0986493 0.0587336)
(0.406249 0.135266 0.0583681)
(0.406248 0.0622653 0.12176)
(0.374999 0.0281304 0.121699)
(0.40625 0 0.121663)
(0.406249 0.02797 0.153344)
(0.46875 0.0989606 0.0902047)
(0.437499 0.0987871 0.121785)
(0.46875 0.134531 0.121764)
(0.46875 0.0990005 0.153422)
(0.46875 0.135266 0.0583682)
(0.374994 0.0987867 0.121784)
(0.406247 0.13453 0.121764)
(0.406247 0.0990006 0.153422)
(0.343742 0.0989591 0.0902035)
(0.343747 0.135265 0.0583675)
(0.343743 0.0622655 0.121759)
(0.34375 0 0.121663)
(0.343747 0.0279709 0.153345)
(0.343737 0.134528 0.121762)
(0.343736 0.0989996 0.153421)
(0.5 0.2 0.47)
(0.375 0.2 0.47)
(0.53125 0.2 0.0597486)
(0.53125 0.171895 0.0899809)
(0.5 0.171534 0.0579582)
(0.343751 0.2 0.0597483)
(0.343749 0.171895 0.0899802)
(0.375 0.171534 0.057958)
(0.4375 0.171534 0.0579582)
(0.40625 0.2 0.0597485)
(0.40625 0.171895 0.0899807)
(0.46875 0.2 0.0597486)
(0.46875 0.171895 0.0899809)
(0.406248 0.0603574 0.185024)
(0.406248 0.0273278 0.216682)
(0.374998 0.0276303 0.185008)
(0.343741 0.060364 0.185024)
(0.343745 0.0273329 0.216684)
(0.5625 0 0)
(0.734375 0 0)
(0.765625 0 0)
(0.71875 0 0.01313)
(0.78125 0 0.0131298)
(0.687503 0 0.186433)
(0.609375 0 0)
(0.640625 0 0)
(0.59375 0 0.0131299)
(0.65625 0 0.0131299)
(0.578125 0 0)
(0.593751 0 0.186381)
(0.703125 0 0)
(0.671875 0 0)
(0.625008 0 0.281365)
(0.562503 0 0.281362)
(0.796875 0 0)
(0.828125 0 0)
(0.562501 0 0.22678)
(0.656252 0 0.186382)
(0.5625 0 0.186431)
(0.75 0 0)
(0.781252 0 0.0318736)
(0.625 0 0)
(0.59375 0 0.0318736)
(0.46875 0 0.153466)
(0.5 0 0.186431)
(0.718699 0 0.218684)
(0.593751 0 0.218718)
(0.656253 0 0.218719)
(0.374999 0 0.186432)
(0.5 0 0.281361)
(0.374988 0 0.406656)
(0.4375 0 0.153467)
(0.5 0 0)
(0.53125 0 0.0318736)
(0.687474 0 0.226767)
(0.46875 0 0.0318736)
(0.375 0 0)
(0.40625 0 0.0318736)
(0.4375 0 0.121663)
(0.4375 0 0.186431)
(0.781268 0 0.121666)
(0.6875 0 0)
(0.4375 0 0)
(0.8125 0 0)
(0.780836 0 0.185879)
(0.46875 0 0)
(0.40625 0 0)
(0.374992 0 0.281365)
(0.53125 0 0)
(0.59375 0 0)
(0.71875 0 0)
(0.65625 0 0)
(0.78125 0 0)
(0.46875 0 0.218717)
(0.53125 0 0.218717)
(0.5 0 0.343455)
(0.437494 0 0.406655)
(0.5 0 0.22678)
(0.406249 0 0.218718)
(0.343747 0 0.218719)
(0.374997 0 0.226781)
(0.46875 0 0.121663)
(0.781226 0 0.15342)
(0.749934 0 0.186356)
(0.46875 0 0.186381)
(0.53125 0 0.186381)
(0.437497 0 0.281362)
(0.374989 0 0.343457)
(0.625001 0 0.186432)
(0.484375 0 0)
(0.515625 0 0)
(0.53125 0 0.0131299)
(0.46875 0 0.0131299)
(0.390625 0 0)
(0.359375 0 0)
(0.40625 0 0.0131299)
(0.546875 0 0)
(0.453125 0 0)
(0.421875 0 0)
(0.718744 0 0.186373)
(0.437495 0 0.343456)
(0.562505 0 0.343456)
(0.406249 0 0.186381)
(0.343748 0 0.186382)
(0.437499 0 0.22678)
(0.625003 0 0.226781)
(0.687422 0 0.281341)
(0 0 0.0900093)
(0 0.029659 0.089681)
(0 0.0296109 0.121548)
(0 0.0294981 0.153339)
(0 0.0612935 0.153261)
(0 0.0957244 0.153224)
(0 0.2 0.15335)
(0.0704821 0.2 0.153651)
(0.0315254 0.2 0.153313)
(0.0260115 0.0265306 0.0897115)
(0.0259492 0.0264967 0.121536)
(0.0259148 0.02649 0.153296)
(0.0269313 0.0612083 0.153232)
(0.0272107 0.0964621 0.153183)
(0 0.131034 0.153213)
(0.026989 0.132743 0.153166)
(0 0.165106 0.153245)
(0.02625 0.170484 0.153197)
(0.059562 0.171549 0.153165)
(0.125346 0.2 0.154352)
(0.123782 0.136959 0.153283)
(0.0915145 0.133569 0.153191)
(0.0591635 0.134196 0.153147)
(0.0626278 0.2 0.185018)
(0.0707994 0.2 0.21669)
(0.125582 0.2 0.216759)
(0.070807 0.2 0.279999)
(0.0626557 0.2 0.24833)
(0.0708028 0.2 0.343333)
(0.0626507 0.2 0.311666)
(0.0708008 0.2 0.406667)
(0.0626483 0.2 0.375)
(0.0626471 0.2 0.438334)
(0.0290555 0 0.121586)
(0.029084 0 0.153312)
(0.0592245 0.0275606 0.153295)
(0.0591352 0.0616652 0.153238)
(0.0591162 0.0973886 0.153177)
(0.091404 0.0976806 0.153222)
(0.12358 0.0986734 0.153283)
(0.123383 0.134802 0.184959)
(0.123328 0.0982354 0.184963)
(0.123701 0.137956 0.216658)
(0.125584 0.2 0.28)
(0.123671 0.138087 0.279996)
(0.12332 0.135191 0.248324)
(0.125575 0.2 0.343333)
(0.125572 0.2 0.406667)
(0.0919527 0.0279308 0.15331)
(0.0916144 0.0618201 0.153274)
(0.123773 0.0620002 0.153311)
(0.123712 0.0617089 0.184983)
(0.123327 0.0989181 0.216648)
(0.123688 0.0617231 0.216657)
(0.123237 0.0983617 0.248322)
(0.123289 0.09897 0.279991)
(0.1233 0.135237 0.31166)
(0.123218 0.0983713 0.311656)
(0.123657 0.138088 0.343327)
(0.123644 0.138041 0.406657)
(0.123286 0.135204 0.374988)
(0.123257 0.135089 0.438318)
(0.123153 0.0980761 0.438309)
(0.124114 0.0280233 0.153325)
(0.124087 0.0279526 0.184994)
(0.124072 0.0279309 0.216663)
(0.123665 0.0616052 0.248326)
(0.124062 0.0278987 0.24833)
(0.123665 0.0616767 0.279993)
(0.123654 0.0615681 0.311656)
(0.123276 0.0989487 0.34332)
(0.123657 0.0616316 0.343317)
(0.123202 0.0983092 0.374981)
(0.123249 0.0988219 0.406644)
(0.123574 0.0611672 0.438302)
(0.123623 0.0614649 0.406637)
(0.123987 0.0275083 0.438295)
(0.12406 0.0278923 0.279995)
(0.124059 0.0278704 0.311657)
(0.124059 0.0278663 0.343317)
(0.123639 0.0614897 0.374976)
(0.124051 0.0278249 0.374974)
(0.12403 0.0277386 0.406632)
(0.124455 0 0.438295)
(0.124489 0 0.406633)
(0 0.131189 0.406647)
(0 0.131091 0.279999)
(0.059067 0.0616489 0.343308)
(0.0590851 0.0616583 0.216649)
(0 0.0616029 0.406562)
(0 0.2 0.406667)
(0.0590977 0.134344 0.279993)
(0 0.0613217 0.279997)
(0.059083 0.134348 0.406648)
(0 0.1311 0.343329)
(0 0.131085 0.216657)
(0 0.2 0.28)
(0.0590141 0.0614405 0.406609)
(0 0.0613476 0.343308)
(0 0.0613159 0.216663)
(0 0.2 0.343333)
(0 0.2 0.216667)
(0.0590709 0.0616607 0.279992)
(0.0590988 0.134351 0.343324)
(0.0591177 0.134313 0.216635)
(0 0.0298846 0.406464)
(0 0.0621094 0.438158)
(0 0.0307486 0.437877)
(0 0.0294808 0.279997)
(0 0.0295045 0.343299)
(0 0.0614121 0.374944)
(0 0.0294785 0.216669)
(0 0.0613081 0.184982)
(0 0.0613271 0.311658)
(0 0.0613195 0.248332)
(0 0.0295719 0.374895)
(0 0.0294789 0.185003)
(0 0.029486 0.311655)
(0 0.0294793 0.248334)
(0.0289813 0 0.406544)
(0.0289798 0 0.279997)
(0.0290481 0 0.374946)
(0.0290076 0 0.184998)
(0.0289843 0 0.311658)
(0.0289798 0 0.248333)
(0.0258751 0.0264845 0.37493)
(0.0258749 0.0264807 0.18499)
(0.0258555 0.0264833 0.311654)
(0.0258539 0.026479 0.248331)
(0.0590535 0.0615985 0.374957)
(0.0591509 0.027535 0.343304)
(0.0269157 0.0612416 0.343307)
(0.0590685 0.0616521 0.311653)
(0.0269226 0.0612163 0.216655)
(0.0590743 0.0616535 0.248324)
(0.0591033 0.061651 0.184958)
(0.0591558 0.0275529 0.216661)
(0.059067 0.0271012 0.406595)
(0.0268769 0.0613666 0.406587)
(0.0591425 0.0275508 0.279994)
(0.0269186 0.0612229 0.279995)
(0.0258156 0.0262707 0.406569)
(0.0290686 0 0.438025)
(0.0258624 0.0264899 0.343301)
(0.0591473 0.027465 0.374947)
(0.0269032 0.0612764 0.374948)
(0.0258593 0.0264791 0.216664)
(0.0591805 0.0275541 0.184986)
(0.0269273 0.0612099 0.184965)
(0.059145 0.027547 0.311653)
(0.0269178 0.0612269 0.311655)
(0.0258531 0.0264803 0.279995)
(0.0591449 0.0275509 0.248329)
(0.0269197 0.0612194 0.248328)
(0.0256086 0.0255078 0.438216)
(0.0589503 0.0610056 0.438278)
(0.0589554 0.0259903 0.438278)
(0.0267999 0.06142 0.438235)
(0.0917552 0.0269171 0.438285)
(0.0271571 0.0967955 0.438277)
(0.0911568 0.0972823 0.438302)
(0.0912277 0.0976163 0.311655)
(0.0918719 0.0278055 0.374962)
(0.0271889 0.0965723 0.37497)
(0.0912118 0.0975584 0.374976)
(0.0918805 0.0278781 0.311655)
(0.0271966 0.0965186 0.311659)
(0.0262405 0.170607 0.438325)
(0.0912431 0.0976074 0.248319)
(0.0919152 0.0279055 0.184989)
(0.0272054 0.0964871 0.184945)
(0.0913038 0.0975378 0.184942)
(0.0918833 0.0278886 0.248329)
(0.0271991 0.0965089 0.248326)
(0.0262406 0.170561 0.374996)
(0.0262402 0.170553 0.311665)
(0.0262464 0.170528 0.184953)
(0.0262414 0.17055 0.248329)
(0.0913764 0.133947 0.279991)
(0.092218 0 0.406611)
(0 0.0959623 0.406619)
(0 0.165183 0.40666)
(0.0269678 0.13291 0.406645)
(0 0.131312 0.438306)
(0 0.131125 0.37499)
(0 0.131072 0.184963)
(0.091345 0.133881 0.406648)
(0.0269749 0.132827 0.279997)
(0 0.0957717 0.279998)
(0 0.131093 0.311665)
(0 0.13109 0.248331)
(0 0.165152 0.28)
(0.0915073 0.0617056 0.343312)
(0.0590437 0.0974577 0.343316)
(0.0915363 0.0617498 0.216651)
(0.0590662 0.0974356 0.216638)
(0.0315946 0.2 0.343334)
(0.0595253 0.171703 0.343331)
(0.0315969 0.2 0.216657)
(0.0595374 0.171682 0.216645)
(0 0.2 0.375)
(0.0315924 0.2 0.406668)
(0 0.2 0.438333)
(0 0.2 0.185)
(0.0913978 0.133852 0.216636)
(0.0913551 0.133938 0.343322)
(0.0915149 0.0617385 0.279991)
(0.0590502 0.0974558 0.279991)
(0.0590733 0.134294 0.31166)
(0.0590811 0.134279 0.24832)
(0.0595283 0.1717 0.279997)
(0.0914604 0.0614515 0.406626)
(0.0590138 0.097419 0.406629)
(0.0590499 0.134294 0.438312)
(0.0590683 0.134294 0.374986)
(0.0595212 0.171708 0.406662)
(0 0.09579 0.343321)
(0 0.165154 0.343332)
(0.0269737 0.132838 0.343326)
(0.0591075 0.134212 0.184921)
(0 0.0957649 0.216659)
(0 0.165146 0.21666)
(0.026979 0.132813 0.216646)
(0 0.2 0.311667)
(0 0.2 0.248333)
(0.0315957 0.2 0.279999)
(0.0315006 0.2 0.438334)
(0.0315028 0.2 0.375001)
(0.0314973 0.2 0.184979)
(0.0913945 0.06103 0.438293)
(0.0918327 0.0275718 0.406616)
(0.092145 0 0.438291)
(0.0589779 0.0973129 0.438293)
(0.0271784 0.0966599 0.406621)
(0 0.0962243 0.438267)
(0.0269607 0.132993 0.438307)
(0.0912122 0.0976415 0.406637)
(0.0912361 0.133301 0.438313)
(0.0912408 0.0977811 0.343317)
(0.0915088 0.0616993 0.311654)
(0.0590426 0.0974314 0.311656)
(0.0912536 0.0977975 0.27999)
(0.0912808 0.133445 0.311658)
(0.0914916 0.0616081 0.374968)
(0.0918811 0.0278663 0.343311)
(0.0590289 0.097424 0.374972)
(0.0271951 0.0965362 0.343317)
(0.0269698 0.132856 0.374986)
(0 0.0958378 0.374973)
(0.0912679 0.133415 0.374984)
(0.0918804 0.0278876 0.279994)
(0.0271983 0.0965157 0.279995)
(0.0269726 0.132826 0.311663)
(0 0.0957754 0.311662)
(0.05941 0.171575 0.438328)
(0.0262385 0.170571 0.406661)
(0 0.165226 0.438324)
(0.0912814 0.0977614 0.216639)
(0.0915187 0.0617136 0.248324)
(0.0590507 0.0974234 0.24832)
(0.0912985 0.133413 0.248317)
(0.0915622 0.0617384 0.184968)
(0.0918941 0.0278984 0.216661)
(0.0590795 0.0973865 0.184931)
(0.0272022 0.0965042 0.216647)
(0.0269809 0.132787 0.184939)
(0 0.0957531 0.184968)
(0.0913569 0.133226 0.184929)
(0.0269748 0.132819 0.248326)
(0 0.0957697 0.248331)
(0.0594172 0.171561 0.311665)
(0.0594144 0.171564 0.374997)
(0.0262379 0.170549 0.343331)
(0 0.165162 0.374997)
(0.0315047 0.2 0.311667)
(0.026238 0.170547 0.279998)
(0 0.165152 0.311667)
(0.0594223 0.171555 0.248325)
(0.0594347 0.17151 0.184936)
(0.0262408 0.170539 0.216651)
(0 0.165135 0.184974)
(0.0315056 0.2 0.248331)
(0 0.16515 0.248332)
(0.251332 0 0.406656)
(0.250008 0 0.153454)
(0.124307 0.133406 0.0266857)
(0.249893 0.138476 0.153439)
(0.25 0 0.0318736)
(0.249841 0.140178 0.406665)
(0.124855 0 0.0318365)
(0 0.127777 0.0260764)
(0.249985 0.133682 0.0268314)
(0.249848 0.140217 0.280016)
(0.0592423 0.0617416 0.089667)
(0.0656055 0.2 0.0938388)
(0.124361 0.0629093 0.027526)
(0.0594399 0.132063 0.0257424)
(0.187387 0.13365 0.0268097)
(0.124869 0.2 0.0278907)
(0.12398 0.135515 0.0897205)
(0.0585159 0 0.0302832)
(0 0.061869 0.027383)
(0.250001 0.2 0.0283695)
(0.187492 0 0.031873)
(0.249986 0.0630981 0.0276063)
(0.3125 0 0.0318736)
(0 0.2 0.014308)
(0.124482 0 0.0900459)
(0 0.1306 0.0891186)
(0.0594888 0.0621559 0.0266593)
(0.125029 0.2 0.0995069)
(0.187485 0.2 0.028323)
(0.187401 0.0630743 0.0275975)
(0.0621396 0.2 0.0242155)
(0.123953 0.0623061 0.0900616)
(0.0593856 0.134116 0.0892073)
(0 0.0612775 0.0894103)
(0 0.2 0.0900666)
(0.187248 0.0625007 0.0901742)
(0.0306816 0.0319642 0)
(0.0929415 0.0340361 0)
(0.218748 0.0344207 0)
(0.156204 0.0344085 0)
(0.28125 0.0344212 0)
(0.249926 0.0619755 0.153375)
(0.249996 0 0.0900752)
(0.187492 0 0.153397)
(0.0308296 0 0.0292451)
(0 0.0312273 0.0283755)
(0.249934 0.136016 0.0900516)
(0.18712 0.138273 0.153396)
(0.25 0 0)
(0.249994 0.0292087 0.0275769)
(0.124667 0.0291251 0.0275264)
(0.125 0 0)
(0.0596432 0.0627342 0)
(0.187455 0.0634935 0)
(0.124521 0.0633663 0)
(0.0922955 0.0626446 0.0273341)
(0.155991 0.063027 0.0275801)
(0.0583679 0 0)
(0.0601258 0.0282124 0.0264912)
(0 0.0629409 0)
(0.0258862 0.0615713 0.0249626)
(0.187456 0.0292008 0.0275732)
(0.1875 0 0)
(0.218713 0.0630917 0.0276038)
(0.249998 0.0635036 0)
(0.281245 0.0631002 0.0276073)
(0.3125 0 0)
(0.312499 0.0292097 0.0275773)
(0.187227 0.135913 0.0899798)
(0.187447 0 0.0900746)
(0.249946 0.0625504 0.0902011)
(0.18718 0.061962 0.153357)
(0.218735 0.0292066 0.0275759)
(0.156127 0.0291831 0.027564)
(0.28125 0 0)
(0.281248 0.0292094 0.0275772)
(0.0923119 0.0630469 0)
(0.0583408 0.0328515 0)
(0.0290961 0.0625399 0)
(0 0.035346 0)
(0.0260965 0.0269904 0.0249672)
(0.0937011 0 0)
(0.124816 0.0343529 0)
(0.092878 0.0289175 0.0273438)
(0.156097 0.0634645 0)
(0.187489 0.0344186 0)
(0.218739 0.0635017 0)
(0.21875 0 0)
(0.25 0.0344211 0)
(0.15625 0 0)
(0.28125 0.063504 0)
(0.3125 0.0344213 0)
(0 0 0.0587802)
(0 0.0612738 0.12143)
(0 0.0614226 0.0573931)
(0 0.0300598 0.0579809)
(0.187465 0.2 0.100151)
(0.18714 0.0619695 0.343326)
(0.187157 0.0621245 0.216674)
(0.10921 0.0123988 0.0116894)
(0.234374 0.0124634 0.0117256)
(0.14058 0.0124514 0.0117211)
(0.0923872 0.0283342 0.0583891)
(0.265625 0.0124636 0.0117257)
(0.218714 0.0285978 0.0586127)
(0.156004 0.0285681 0.0585868)
(0.281244 0.0286028 0.0586158)
(0.0776256 0.0120092 0.0113132)
(0.203122 0.0124629 0.0117254)
(0.171864 0.0124609 0.0117247)
(0.296875 0.0124637 0.0117257)
(0.328125 0.0124637 0.0117257)
(0.249946 0.2 0.154839)
(0.197409 0 0.406653)
(0.249903 0.060678 0.406659)
(0.187031 0.13994 0.280008)
(0.249861 0.140017 0.216714)
(0.249998 0 0.0590286)
(0.25 0 0.0131299)
(0.234375 0 0.0278962)
(0.249999 0.0129541 0.0270423)
(0.265625 0 0.0278962)
(0.249905 0.0611823 0.280018)
(0.187014 0.139941 0.406663)
(0.249844 0.1402 0.343336)
(0.1246 0 0.0589727)
(0.124837 0.0129284 0.0270042)
(0.124956 0 0.0131163)
(0.109163 0 0.0278092)
(0.140579 0 0.0278851)
(0.0593206 0.06187 0.0579482)
(0.0918076 0.0620663 0.0899173)
(0.0593807 0.0276287 0.0898313)
(0.12413 0.0627034 0.0586715)
(0.0599897 0 0.0586334)
(0.0769062 0 0.0273128)
(0.0617013 0 0.0132934)
(0.0610547 0.0118106 0.0262798)
(0.203123 0 0.027896)
(0.171864 0 0.0278949)
(0.187486 0.0129523 0.027041)
(0.187498 0 0.0131292)
(0.187464 0 0.0590264)
(0.249966 0.0629458 0.0588177)
(0.296875 0 0.0278962)
(0.328125 0 0.0278962)
(0.3125 0 0.0131299)
(0.3125 0.0129543 0.0270424)
(0.124243 0.0281934 0.0900328)
(0.0924419 0 0.089995)
(0.156074 0 0.0900691)
(0.187319 0.0629054 0.0587955)
(0.155724 0.0624275 0.0901366)
(0.187367 0.0282614 0.0900862)
(0.218633 0.0625279 0.0901924)
(0.281225 0.0625509 0.0902049)
(0.0767685 0.0293837 0)
(0.0934716 0.0144306 0)
(0.109104 0.0299143 0)
(0.0931809 0.0286145 0.0123547)
(0.218746 0.0288749 0.012505)
(0.203122 0.0300462 0)
(0.21875 0.0146058 0)
(0.234375 0.0300469 0)
(0.156196 0.0288612 0.0125011)
(0.140562 0.0300241 0)
(0.171861 0.0300429 0)
(0.156237 0.0146002 0)
(0.28125 0.0146064 0)
(0.28125 0.0288759 0.0125053)
(0.265625 0.0300471 0)
(0.296875 0.0300472 0)
(0.328125 0.0300472 0)
(0.218736 0 0.0900755)
(0.249979 0.028274 0.090095)
(0.281249 0 0.0900747)
(0.265625 0 0)
(0.234375 0 0)
(0.25 0.0146063 0)
(0.218746 0.0129536 0.027042)
(0.23437 0.0288845 0.0276763)
(0.265623 0.0288852 0.0276766)
(0.249999 0.0288756 0.0125053)
(0.28125 0.0129542 0.0270423)
(0.140482 0.0288509 0.0276573)
(0.124818 0.0288118 0.0124849)
(0.108961 0.0287527 0.0275793)
(0.109375 0 0)
(0.124939 0.0145766 0)
(0.140625 0 0)
(0.0932295 0.012799 0.026836)
(0.156201 0.0129478 0.0270357)
(0.061799 0.0148089 0)
(0.077535 0 0)
(0.0609915 0.0281819 0.0112898)
(0.0769377 0.0283491 0.0271495)
(0.203109 0.0288823 0.0276753)
(0.171827 0.0288755 0.027672)
(0.187484 0.0288723 0.0125042)
(0.187498 0.0146046 0)
(0.203125 0 0)
(0.171875 0 0)
(0.296875 0 0)
(0.328125 0 0)
(0.3125 0.0146065 0)
(0.296874 0.0288855 0.0276767)
(0.328125 0.0288856 0.0276768)
(0.3125 0.0288759 0.0125054)
(0.249991 0.2 0.100226)
(0.187381 0.2 0.154775)
(0.218697 0.0282693 0.0900926)
(0.18713 0.0618982 0.406653)
(0.218741 0 0.0590285)
(0.156126 0 0.0590169)
(0.28125 0 0.0590285)
(0.281241 0.0282747 0.0900958)
(0.187055 0.139674 0.216694)
(0.187143 0.0621113 0.280003)
(0.187021 0.139959 0.343333)
(0.249906 0.0607843 0.343332)
(0.249918 0.0621651 0.216687)
(0.109289 0 0.0130651)
(0.124907 0.012457 0.0117092)
(0.109113 0.0129284 0.0269659)
(0.109081 0.0285912 0.0125431)
(0.109259 0.0144371 0)
(0.0934371 0.0123202 0.0116041)
(0.0773871 0 0.0128365)
(0.234375 0 0.0131055)
(0.25 0.0124855 0.0117209)
(0.234373 0.0129845 0.0270541)
(0.234375 0.0145078 0)
(0.218748 0.0124852 0.0117208)
(0.234373 0.0287176 0.0125917)
(0.140607 0 0.0131)
(0.140548 0.0129735 0.0270394)
(0.140538 0.0286902 0.012584)
(0.1406 0.0144956 0)
(0.156225 0.0124796 0.0117191)
(0.0920094 0.0624123 0.0584555)
(0.0596443 0.0277906 0.0580635)
(0.0294142 0 0.0586372)
(0.0921346 0.0280584 0.0899561)
(0.0924976 0 0.0587718)
(0.124401 0.0285105 0.0585327)
(0.0772863 0.0125683 0.0266102)
(0.203124 0 0.0131051)
(0.171872 0 0.0131042)
(0.265625 0 0.0131056)
(0.265624 0.0129847 0.0270542)
(0.265625 0.014508 0)
(0.265624 0.0287179 0.0125918)
(0.28125 0.0124856 0.011721)
(0.155843 0.0628407 0.0587592)
(0.187404 0.0285895 0.058606)
(0.218671 0.0629323 0.058811)
(0.249986 0.0286015 0.058615)
(0.203119 0.0129839 0.0270537)
(0.155923 0.0282407 0.0900701)
(0.171853 0.0129818 0.0270517)
(0.296875 0 0.0131056)
(0.328125 0 0.0131055)
(0.281235 0.0629497 0.0588206)
(0.296875 0.0129848 0.0270543)
(0.328125 0.0129848 0.0270543)
(0.0617221 0.0114273 0.0106668)
(0.0773835 0.0141983 0)
(0.0772229 0.0282367 0.012161)
(0.203118 0.0287164 0.0125913)
(0.203124 0.0145071 0)
(0.187494 0.0124841 0.0117205)
(0.171851 0.0287118 0.01259)
(0.17187 0.0145051 0)
(0.296875 0.0145081 0)
(0.296875 0.028718 0.0125918)
(0.3125 0.0124856 0.011721)
(0.328125 0.0145081 0)
(0.328125 0.0287181 0.0125918)
(0.0260905 0.0266755 0.0576612)
(0.0269244 0.0612415 0.089423)
(0.0591757 0.0616853 0.12147)
(0.059258 0.0275726 0.121576)
(0.0269407 0.0612385 0.121402)
(0.0267205 0.061308 0.0572291)
(0.218686 0.0281262 0.121697)
(0.281238 0.0281276 0.121699)
(0.187362 0.2 0.216822)
(0.218678 0.0277101 0.185006)
(0.187347 0.2 0.343333)
(0.0922789 0.0965592 0)
(0.0288791 0.0950445 0)
(0.156047 0.0969551 0)
(0.218733 0.0970041 0)
(0.0928428 0.165374 0)
(0.0301566 0.161179 0)
(0.091869 0.0978557 0.0582354)
(0.0920113 0.0279637 0.121626)
(0.0272117 0.096403 0.121299)
(0.0268819 0.0959233 0.0568913)
(0.0914916 0.0976376 0.121471)
(0.0926314 0.171152 0.057)
(0.0262627 0.170396 0.121298)
(0.0260836 0.169603 0.0560102)
(0.156117 0.165862 0)
(0.218737 0.165913 0)
(0.281249 0.0970074 0)
(0.281249 0.165915 0)
(0.281235 0.027632 0.185009)
(0.155772 0.0984705 0.0586279)
(0.218547 0.0985459 0.121752)
(0.155876 0.0281076 0.121683)
(0.21865 0.0986115 0.0587123)
(0.155506 0.098276 0.12167)
(0.2812 0.0986107 0.121777)
(0.281231 0.0986396 0.0587297)
(0.156032 0.171451 0.0577462)
(0.218715 0.171507 0.0579249)
(0.155787 0.0274567 0.438308)
(0.281245 0.171517 0.0579528)
(0.155815 0.0275495 0.374983)
(0.155818 0.0275871 0.31166)
(0.155839 0.0278232 0.184999)
(0.15582 0.027675 0.248332)
(0.24997 0.0279921 0.153345)
(0.249995 0 0.121665)
(0.218775 0 0.15342)
(0.249913 0.2 0.406666)
(0.124237 0.0975166 0.0272696)
(0.0922255 0.132998 0.0264415)
(0.15596 0.133582 0.0267725)
(0.124569 0.170844 0.0251332)
(0.124142 0.134904 0.0580426)
(0.124448 0.131763 0)
(0.157435 0 0.406646)
(0.249889 0.0995294 0.15341)
(0.249892 0.134941 0.121746)
(0.218518 0.135742 0.153406)
(0.281188 0.135844 0.153434)
(0.249917 0.2 0.280008)
(0.124428 0 0.121658)
(0.156079 0 0.153376)
(0 0.130921 0.12132)
(0.0257092 0.130061 0.0239945)
(0 0.124581 0)
(0 0.0945737 0.0268533)
(0 0.159998 0.0238628)
(0 0.129755 0.0566963)
(0.218708 0.133673 0.026825)
(0.281244 0.133684 0.0268337)
(0.249993 0.17097 0.0254123)
(0.249982 0.0977736 0.0273713)
(0.249996 0.131962 0)
(0.249963 0.135261 0.0583571)
(0.123713 0.134085 0.121513)
(0.155464 0.135152 0.153323)
(0.06263 0.2 0)
(0.0592202 0.0973365 0.0894475)
(0.0939175 0.2 0.0903463)
(0.0618171 0.2 0.0570415)
(0.0599417 0.171111 0.0890319)
(0.0308134 0.2 0.0898311)
(0.0616838 0.2 0.122303)
(0.187494 0.2 0)
(0 0.2 0.121718)
(0.0599337 0.130462 0)
(0.0592703 0.0964828 0.0264607)
(0.0601711 0.169954 0.0234879)
(0.0593976 0.133486 0.0571326)
(0.187436 0.170954 0.025378)
(0.187374 0.0977396 0.0273572)
(0.187438 0.131946 0)
(0.187311 0.135201 0.0583005)
(0.124821 0.2 0.0592181)
(0.156196 0.2 0.0282149)
(0.0934549 0.2 0.0269724)
(0.124954 0.2 0)
(0.124391 0.171799 0.0895598)
(0.123831 0.0984963 0.089957)
(0.0919141 0.13502 0.0894705)
(0.155714 0.135699 0.089882)
(0.155574 0.0605218 0.279996)
(0.15555 0.0603445 0.406645)
(0.218747 0.2 0.0283585)
(0.249999 0.2 0)
(0.281251 0.2 0.0283723)
(0.250001 0.2 0.0597932)
(0.0292618 0.2 0.0221228)
(0 0.2 0)
(0 0.2 0.058809)
(0.123841 0.062083 0.121652)
(0.155606 0.0618712 0.153338)
(0.0269721 0.132349 0.089058)
(0 0.0955054 0.0892196)
(0 0.164693 0.0892799)
(0.0592216 0.134104 0.121254)
(0.155569 0.0604435 0.343321)
(0.156175 0.2 0.0919219)
(0.187474 0.2 0.0597268)
(0.155591 0.0606423 0.216665)
(0.187188 0.0988655 0.0901411)
(0.187201 0.0622374 0.121729)
(0.281214 0.0618866 0.153378)
(0.249932 0.0622847 0.121753)
(0.218595 0.0618871 0.153368)
(0.24993 0.0606404 0.185021)
(0.187438 0 0.121667)
(0.18733 0.0280128 0.153341)
(0.218616 0.135908 0.0900259)
(0.249926 0.0989641 0.0901913)
(0.281219 0.135956 0.0900594)
(0.249976 0.172047 0.0899775)
(0.187101 0.134758 0.121685)
(0.187083 0.0993751 0.153372)
(0.187372 0.17201 0.0898994)
(0.187185 0.0607112 0.185009)
(0.218735 0.2 0.0921185)
(0.187089 0.0603637 0.438316)
(0.28125 0.2 0.0921392)
(0.187108 0.0604462 0.374987)
(0.187292 0.027296 0.343325)
(0.187113 0.0605272 0.311662)
(0.187315 0.0277829 0.216671)
(0.187119 0.0606577 0.248336)
(0.218597 0.0606979 0.21668)
(0.281214 0.0605941 0.216688)
(0.187287 0.0272588 0.406651)
(0.189434 0 0.438317)
(0.249968 0.0274455 0.216684)
(0.18729 0.0274258 0.28)
(0.218732 0 0.121666)
(0.249973 0.0281309 0.121699)
(0.218679 0.0279925 0.153343)
(0.218606 0.0622418 0.121744)
(0.187343 0.0281244 0.121693)
(0.0310102 0.2 0.12183)
(0.187271 0.0272591 0.438315)
(0.187345 0.2 0.406666)
(0.281236 0.027976 0.153345)
(0.281218 0.0622629 0.121756)
(0.187354 0.2 0.280005)
(0.249924 0.2 0.216846)
(0.187283 0.0272985 0.374987)
(0.249969 0.0276806 0.185009)
(0.218603 0.0604542 0.185016)
(0.187325 0.0277961 0.185003)
(0.218676 0.0275703 0.216676)
(0.249914 0.2 0.343333)
(0.0597039 0.0959969 0)
(0.124412 0.0968402 0)
(0.092395 0.131388 0)
(0.0920899 0.0971696 0.0270813)
(0 0.0937592 0)
(0.0290897 0.12839 0)
(0.0258007 0.095357 0.0247172)
(0.187438 0.0969929 0)
(0.156052 0.131901 0)
(0.155929 0.0976744 0.0273331)
(0.218733 0.131959 0)
(0.249996 0.0970069 0)
(0.218703 0.097764 0.0273671)
(0.0608205 0.164336 0)
(0.0936395 0.2 0)
(0.0927422 0.17059 0.0246712)
(0.124633 0.165737 0)
(0.03197 0.2 0)
(0.0252911 0.167957 0.0216703)
(0 0.152158 0)
(0.0592424 0.0970479 0.057669)
(0.0916595 0.098043 0.0897445)
(0.0920589 0.134473 0.0577124)
(0.124018 0.0982711 0.058504)
(0.091685 0.0618816 0.121575)
(0.0923564 0 0.121642)
(0.124158 0.0280772 0.121662)
(0.0271718 0.0962568 0.089212)
(0.059159 0.0973568 0.121346)
(0.0269951 0.132629 0.121249)
(0 0.0956572 0.12135)
(0.0267041 0.131615 0.0564801)
(0 0.0951824 0.0570083)
(0.0915884 0.133321 0.121373)
(0.123667 0.0981472 0.12159)
(0.0600799 0.170792 0.056349)
(0.0935478 0.2 0.0581314)
(0.092498 0.171415 0.089215)
(0.124493 0.171361 0.057481)
(0.0304698 0.2 0.0567623)
(0.026272 0.170158 0.0890551)
(0.0595164 0.171282 0.121229)
(0 0.165009 0.121406)
(0 0.163699 0.0567281)
(0.187457 0.165902 0)
(0.156231 0.2 0)
(0.156078 0.17092 0.0253096)
(0.218748 0.2 0)
(0.249997 0.165915 0)
(0.218728 0.170965 0.0254032)
(0.281249 0.131962 0)
(0.281243 0.0977764 0.027373)
(0.28125 0.2 0)
(0.281248 0.17097 0.0254151)
(0.281217 0.0603918 0.185023)
(0.281234 0.0273734 0.216684)
(0.187278 0.0985713 0.0586858)
(0.155632 0.0987069 0.0900753)
(0.155839 0.135099 0.0582143)
(0.218597 0.0989034 0.0901739)
(0.187107 0.098617 0.121723)
(0.249899 0.098754 0.121769)
(0.218535 0.134425 0.121721)
(0.218528 0.0989208 0.153393)
(0.155646 0.0621515 0.121701)
(0.156048 0 0.121665)
(0.155851 0.0280099 0.153335)
(0.249956 0.0986352 0.0587246)
(0.218666 0.135234 0.058339)
(0.155502 0.13404 0.121611)
(0.155453 0.0985771 0.15333)
(0.281215 0.0989501 0.0901984)
(0.281194 0.134512 0.121754)
(0.281193 0.0989892 0.153415)
(0.281234 0.135261 0.0583635)
(0.187409 0.171507 0.0578735)
(0.156176 0.2 0.0595319)
(0.155978 0.171795 0.0897679)
(0.218697 0.171878 0.0899449)
(0.218746 0.2 0.0597249)
(0.249986 0.17153 0.057947)
(0.155522 0.0600346 0.438309)
(0.155807 0.0275345 0.406644)
(0.157373 0 0.438307)
(0.281241 0.171893 0.0899763)
(0.281252 0.2 0.0597466)
(0.155567 0.0602604 0.311659)
(0.155558 0.0601884 0.374983)
(0.15582 0.0275867 0.343322)
(0.187284 0.0273502 0.311662)
(0.15582 0.0276401 0.279996)
(0.155575 0.0603507 0.248331)
(0.155606 0.0606676 0.184999)
(0.155829 0.0277725 0.216666)
(0.187285 0.0275566 0.248337)
(0.15736 0 0.280071)
(0.251305 0 0.343416)
(0.250405 0 0.226433)
(0.250997 0 0.281028)
(0.0289973 0 0.343309)
(0.0597615 0 0.374943)
(0.0289859 0 0.216667)
(0.0597638 0 0.184998)
(0.029162 0 0.0899277)
(0.0597284 0 0.311655)
(0.0597236 0 0.248332)
(0.157439 0 0.343323)
(0.197059 0 0.280418)
(0.156669 0 0.217308)
(0.0600145 0 0.0899362)
(0.0599045 0 0.121619)
(0.157388 0 0.374985)
(0.0598243 0 0.153318)
(0.157376 0 0.311671)
(0.156443 0 0.18542)
(0.156886 0 0.248773)
(0.0922408 0 0.279996)
(0.188063 0 0.185654)
(0.092301 0 0.153324)
(0.0922482 0 0.343312)
(0.124413 0 0.153344)
(0.0597394 0 0.438221)
(0.0922502 0 0.216666)
(0.21875 0 0.0131297)
(0.28125 0 0.01313)
(0.0935185 0 0.0130087)
(0.124427 0 0.185043)
(0.124438 0 0.216726)
(0.15624 0 0.0131274)
(0.124456 0 0.248377)
(0.12449 0 0.28001)
(0 0 0)
(0.189437 0 0.374989)
(0.218748 0 0.0318736)
(0.28125 0 0.0318736)
(0.219707 0 0.217716)
(0.281301 0 0.218684)
(0.124507 0 0.311659)
(0.0930513 0 0.031577)
(0.124509 0 0.343319)
(0.156215 0 0.0318689)
(0.124507 0 0.374975)
(0.189399 0 0.311719)
(0.188441 0 0.249326)
(0.0922471 0 0.374961)
(0.0922435 0 0.311657)
(0.197393 0 0.343357)
(0.192114 0 0.221418)
(0 0 0.406587)
(0 0 0.153333)
(0 0 0.28)
(0.092268 0 0.184997)
(0.0922423 0 0.248332)
(0 0 0.343333)
(0.0597609 0 0.40656)
(0.281248 0 0.121664)
(0 0 0.216667)
(0.0351331 0 0)
(0.219165 0 0.185879)
(0.0597224 0 0.279996)
(0.0597419 0 0.343305)
(0.0597345 0 0.216667)
(0 0 0.438033)
(0.281247 0 0.153469)
(0.250066 0 0.186356)
(0 0 0.375)
(0 0 0.121667)
(0 0 0.185)
(0 0 0.311667)
(0 0 0.248333)
(0.281256 0 0.186373)
(0 0 0.0308175)
(0.878542 -0.377424 0.142904)
(0.877614 -0.376388 0.0739554)
(0.877138 -0.318091 0.14919)
(0.876818 -0.317553 0.117641)
(0.876712 -0.315715 0.0844668)
(0.877069 -0.345531 0.0796818)
(0.878911 -0.378139 0.21065)
(0.877337 -0.318799 0.214245)
(0.877009 -0.319077 0.182496)
(0.815019 -0.380008 0.208738)
(0.815322 -0.380756 0.275193)
(0.751771 -0.382253 0.274232)
(0.75087 -0.322197 0.277444)
(0.750278 -0.261806 0.342901)
(0.750221 -0.261756 0.27938)
(0.749247 -0.2 0.344102)
(0.750041 -0.133483 0.343303)
(0.750011 -0.0592567 0.343322)
(0.748679 0 0.343417)
(0.748986 0 0.281027)
(0.750014 -0.0597605 0.279983)
(0.802873 0 0.280418)
(0.812544 -0.0272106 0.279995)
(0.812602 -0.0608796 0.279981)
(0.811478 0 0.249325)
(0.812551 -0.0274409 0.248321)
(0.807822 0 0.221411)
(0.812549 -0.0277209 0.216631)
(0.843143 0 0.217302)
(0.843871 -0.0278457 0.216631)
(0.843374 0 0.185394)
(0.843872 -0.0279325 0.184919)
(0.875082 0 0.18502)
(0.875282 -0.027967 0.184926)
(0.875111 0 0.153261)
(0.875283 -0.0279524 0.153165)
(0.875124 0 0.121408)
(0.875287 -0.027886 0.121301)
(0.87512 0 0.0893426)
(0.875291 -0.0277076 0.0892702)
(0.875106 0 0.0572209)
(0.875298 -0.0271808 0.0570558)
(0.875069 0 0.0271085)
(0.87532 -0.0257833 0.0248983)
(0.875 0 0)
(0.875327 -0.0285986 0)
(0.875551 -0.0594131 0)
(0.875634 -0.059299 0.0265012)
(0.875662 -0.0920641 0)
(0.875782 -0.0926787 0.0267505)
(0.875706 -0.124292 0)
(0.875759 -0.126207 0.0258887)
(0.87572 -0.156015 0)
(0.875492 -0.161595 0.0224473)
(0.875722 -0.187446 0)
(0.874966 -0.2 0.02)
(0.875127 -0.182895 0.0157623)
(0.875723 -0.218708 0)
(0.875481 -0.224399 0.021375)
(0.875725 -0.249942 0)
(0.875827 -0.252096 0.0254316)
(0.875729 -0.281127 0)
(0.875977 -0.282105 0.0260445)
(0.875735 -0.311925 0)
(0.876066 -0.312836 0.0246843)
(0.875752 -0.340538 0)
(0.876163 -0.344014 0.0197384)
(0.876095 -0.392365 0)
(0.876698 -0.376291 0.0410885)
(0.876633 -0.344869 0.0487281)
(0.876443 -0.314171 0.053672)
(0.876327 -0.286464 0.0866977)
(0.876204 -0.284235 0.055721)
(0.876383 -0.288122 0.118895)
(0.876459 -0.288939 0.151052)
(0.876478 -0.289447 0.183369)
(0.845079 -0.320375 0.182325)
(0.844717 -0.290395 0.183168)
(0.845218 -0.320519 0.21424)
(0.813757 -0.320848 0.21346)
(0.813955 -0.32119 0.277877)
(0.781436 -0.261899 0.279612)
(0.81289 -0.261481 0.279517)
(0.750033 -0.231067 0.279827)
(0.781281 -0.231065 0.27988)
(0.749663 -0.2 0.289062)
(0.750015 -0.133683 0.279955)
(0.749991 -0.167947 0.279953)
(0.812597 -0.13418 0.279966)
(0.78128 -0.135195 0.279956)
(0.812622 -0.0601265 0.248293)
(0.81262 -0.0612936 0.216564)
(0.812654 -0.097481 0.216486)
(0.812615 -0.134034 0.216505)
(0.812598 -0.135233 0.248258)
(0.844005 -0.061332 0.216573)
(0.844008 -0.0615705 0.184821)
(0.875533 -0.0615815 0.18484)
(0.875538 -0.0615189 0.153033)
(0.875552 -0.0613125 0.121154)
(0.875579 -0.0608821 0.0892573)
(0.875624 -0.060166 0.0575739)
(0.875793 -0.0943128 0.0574508)
(0.875679 -0.12957 0.0561578)
(0.875308 -0.166118 0.036026)
(0.875303 -0.166457 0.0530874)
(0.875197 -0.183938 0.0343461)
(0.87522 -0.2 0.0371991)
(0.875376 -0.22834 0.0538746)
(0.875129 -0.2 0.0577092)
(0.875843 -0.255625 0.0555711)
(0.875841 -0.258078 0.0873539)
(0.875838 -0.259298 0.11972)
(0.875858 -0.259882 0.152007)
(0.875867 -0.260186 0.184123)
(0.844284 -0.26075 0.184005)
(0.844768 -0.290621 0.215121)
(0.844281 -0.260989 0.21597)
(0.813217 -0.291137 0.214858)
(0.812769 -0.261711 0.247916)
(0.812837 -0.261311 0.215886)
(0.812594 -0.230998 0.279886)
(0.812588 -0.231007 0.248189)
(0.780396 -0.2 0.280312)
(0.808321 -0.2 0.284212)
(0.781238 -0.168108 0.279977)
(0.812531 -0.168019 0.27998)
(0.812539 -0.168091 0.248287)
(0.812555 -0.167904 0.216582)
(0.843995 -0.133872 0.216515)
(0.843865 -0.167844 0.216572)
(0.844073 -0.0973859 0.216503)
(0.844074 -0.097319 0.184715)
(0.875657 -0.097134 0.18475)
(0.875664 -0.0969726 0.152865)
(0.875686 -0.096591 0.120884)
(0.875734 -0.0957564 0.0889443)
(0.875585 -0.131823 0.0881272)
(0.875293 -0.167112 0.0873275)
(0.875173 -0.183731 0.0520059)
(0.875194 -0.2 0.088258)
(0.875368 -0.229708 0.0873119)
(0.875326 -0.230266 0.120234)
(0.875346 -0.230485 0.152663)
(0.875341 -0.230584 0.18468)
(0.843938 -0.230764 0.184597)
(0.843937 -0.230836 0.21644)
(0.812609 -0.23093 0.216434)
(0.811971 -0.2 0.248821)
(0.812491 -0.2 0.216721)
(0.843763 -0.2 0.216659)
(0.843867 -0.167745 0.184761)
(0.8438 -0.2 0.184845)
(0.844001 -0.13352 0.184681)
(0.875507 -0.133234 0.184722)
(0.875517 -0.133055 0.152742)
(0.875534 -0.13269 0.120516)
(0.875244 -0.167432 0.120385)
(0.875059 -0.2 0.120677)
(0.875132 -0.2 0.153092)
(0.875105 -0.2 0.185006)
(0.875245 -0.167632 0.184827)
(0.875256 -0.167566 0.152834)
(0.375 0.2 0.596666)
(0.374987 0.140121 0.596671)
(0.437501 0.2 0.659994)
(0.437493 0.140147 0.660011)
(0.5 0.2 0.659994)
(0.499994 0.140146 0.66001)
(0.562499 0.2 0.659994)
(0.562496 0.140148 0.660009)
(0.625001 0.2 0.659994)
(0.625005 0.140157 0.660007)
(0.687517 0.2 0.659994)
(0.68754 0.14018 0.660005)
(0.750086 0.2 0.659994)
(0.750151 0.140204 0.660004)
(0.750083 0.2 0.7233)
(0.750135 0.140222 0.723342)
(0.812646 0.2 0.723302)
(0.812954 0.139945 0.723344)
(0.874415 0.2 0.723311)
(0.876317 0.138091 0.723356)
(0.929192 0.2 0.723328)
(0.940469 0.171702 0.723334)
(0.94089 0.134352 0.723352)
(0.908618 0.133947 0.723374)
(0.968404 0.2 0.723332)
(0.973761 0.170548 0.723334)
(1 0.2 0.723333)
(1 0.165151 0.723333)
(1 0.131093 0.723333)
(0.973023 0.13283 0.723339)
(1 0.0957744 0.723333)
(0.972799 0.096518 0.723343)
(1 0.0613241 0.723333)
(0.973079 0.0612256 0.723344)
(1 0.0294842 0.723333)
(0.974149 0.0264811 0.723343)
(1 0 0.723333)
(0.971027 0 0.723339)
(0.940284 0 0.723345)
(0.940857 0.0275528 0.723361)
(0.907761 0 0.72335)
(0.908114 0.0278898 0.723375)
(0.875509 0 0.723338)
(0.87593 0.0278946 0.723384)
(0.842637 0 0.723279)
(0.844167 0.027642 0.723389)
(0.802935 0 0.722939)
(0.812694 0.0274274 0.723391)
(0.748988 0 0.722358)
(0.750057 0.0611868 0.723443)
(0.812829 0.0621158 0.723425)
(0.748695 0 0.659927)
(0.750086 0.0607891 0.660031)
(0.687386 0 0.659899)
(0.687522 0.0602774 0.660038)
(0.625005 0 0.659894)
(0.625 0.060147 0.660044)
(0.562498 0 0.659897)
(0.56249 0.0601194 0.660048)
(0.499994 0 0.659899)
(0.499986 0.0601145 0.660051)
(0.437491 0 0.6599)
(0.437485 0.0601186 0.660053)
(0.374989 0 0.596682)
(0.374984 0.059996 0.596685)
(0.87669 0.0989773 0.723401)
(0.876314 0.0616831 0.723416)
(0.8444 0.0605271 0.723428)
(0.908732 0.097806 0.723392)
(0.94094 0.0974608 0.723366)
(0.940921 0.0616643 0.723371)
(0.90847 0.0617447 0.723399)
(1 0 0.913183)
(0.748701 0 0.918568)
(0.876248 0.137971 0.786749)
(0.622717 0 0.920504)
(1 0 0.786667)
(0.873207 0 0.92044)
(1 0.130676 0.913875)
(0.749881 0.136207 0.91301)
(0.624768 0.136236 0.9131)
(0.875498 0 0.786834)
(0.750085 0.140033 0.7867)
(1 0.131091 0.786672)
(0.87586 0.13571 0.913197)
(0.562294 0.0643379 0.975406)
(0.624945 0.140078 0.78672)
(0.940635 0.0617338 0.850857)
(0.940889 0.0636186 0.975951)
(0.687333 0.064338 0.975334)
(0.5625 0.2 0.973215)
(0.687499 0.2 0.973215)
(0.929491 0.2 0.849484)
(0.812464 0.0643183 0.975365)
(0.938332 0.2 0.974686)
(0.812527 0.2 0.97322)
(1 0 0.85)
(0.938555 0 0.917983)
(1 0.0615861 0.913878)
(0.749265 0.062918 0.916083)
(1 0.2 0.913267)
(0.75001 0.2 0.902542)
(0.624954 0.134136 0.973916)
(0.876191 0.0617375 0.787078)
(0.874415 0.2 0.786487)
(0.940863 0.134326 0.786737)
(0.876081 0.137019 0.850206)
(0.875773 0.133877 0.973991)
(0.62388 0.0629317 0.916734)
(0.562263 0.136233 0.913123)
(0.940238 0 0.786822)
(1 0.0613276 0.786671)
(0.875085 0 0.851683)
(0.875014 0.0626872 0.916601)
(1 0.127853 0.975603)
(1 0.131061 0.850074)
(0.940542 0.134273 0.913553)
(0.687314 0.13623 0.913032)
(0.749983 0.134122 0.973889)
(0.812587 0.136107 0.913064)
(0.624999 0.2 0.902543)
(1 0.2 0.786667)
(0.874968 0.2 0.903045)
(0.561468 0.0629303 0.916602)
(0.624762 0.0643367 0.975458)
(0.562454 0.134136 0.973918)
(1 0.0622675 0.975479)
(0.939913 0 0.851172)
(0.68667 0.0629282 0.916199)
(0.5625 0.2 0.902543)
(0.6875 0.2 0.902543)
(1 0.061363 0.850073)
(0.940191 0.062124 0.915435)
(0.940861 0.0616715 0.786873)
(0.875764 0.0620748 0.851533)
(0.940762 0.134253 0.850204)
(0.875668 0.0642071 0.975483)
(0.940805 0.132433 0.974862)
(0.687464 0.134136 0.973901)
(0.749858 0.0643347 0.975314)
(0.625 0.2 0.973215)
(0.750001 0.2 0.973215)
(1 0.2 0.987239)
(0.811864 0.0628714 0.916321)
(0.929196 0.2 0.786607)
(0.874646 0.2 0.848695)
(1 0.2 0.849983)
(0.934304 0.2 0.908505)
(0.812537 0.2 0.902574)
(0.8126 0.134103 0.973912)
(0.875203 0.2 0.973351)
(0.53125 0.0318002 1)
(0.59375 0.0318002 1)
(0.971591 0.031594 1)
(0.908089 0.0317509 1)
(0.71875 0.0318002 1)
(0.65625 0.0318002 1)
(0.781272 0.0317999 1)
(0.844032 0.031795 1)
(1 0 0.881667)
(1 0.0299151 0.913786)
(1 0 0.943354)
(1 0 0.818333)
(1 0 0.755)
(1 0.0294883 0.78667)
(0.56222 0.03121 0.981044)
(0.531005 0.0643368 0.975485)
(0.593545 0.0643378 0.975399)
(0.5625 0.064126 1)
(0.974381 0.062809 0.977443)
(0.939918 0.0309442 0.981568)
(0.907922 0.0640228 0.975576)
(0.940834 0.0637244 1)
(0.656024 0.0643371 0.97544)
(0.6875 0.064126 1)
(0.687272 0.0312098 0.980961)
(0.718615 0.0643374 0.975281)
(0.84394 0.0642865 0.975389)
(0.781104 0.0643298 0.975388)
(0.812334 0.031203 0.981008)
(0.812588 0.064122 1)
(1 0.0295368 0.850051)
(1 0.0618737 0.945828)
(1 0.0614325 0.881883)
(1 0.0306226 0.977009)
(0.749787 0.0312088 0.980941)
(0.625 0.064126 1)
(0.87578 0.0640716 1)
(0.624622 0.0312068 0.981205)
(1 0.0613366 0.818354)
(1 0.0613248 0.755001)
(0.875234 0.0311616 0.981216)
(1 0.0625336 1)
(0.750005 0.0641259 1)
(0.530867 0.0312071 0.981224)
(1 0.0302372 0.945839)
(1 0.0296458 0.881831)
(0.973589 0.0303267 0.981769)
(0.718576 0.0312103 0.980869)
(0.780955 0.0312038 0.981121)
(0.59375 0.064126 1)
(0.593469 0.0312099 0.981039)
(0.5625 0.0318002 1)
(0.53125 0.064126 1)
(0.625 0.0318002 1)
(1 0.0313882 1)
(1 0.0295 0.818347)
(0.908084 0.0639669 1)
(0.907212 0.0310973 0.981289)
(0.971693 0.0632631 1)
(0.940839 0.0316803 1)
(0.875781 0.0317829 1)
(0.65625 0.064126 1)
(0.655887 0.0312066 0.981187)
(0.6875 0.0318002 1)
(0.718751 0.064126 1)
(0.750004 0.0318002 1)
(1 0.029485 0.755)
(0.844033 0.0641099 1)
(0.843729 0.0311922 0.981028)
(0.781273 0.0641252 1)
(0.812586 0.0317989 1)
(0.973856 0.0266016 0.882709)
(0.973298 0.0279628 0.948264)
(0.97409 0.0264932 0.818546)
(0.974143 0.0264817 0.755029)
(0.970217 0 0.915813)
(0.971006 0 0.786748)
(0.940477 0.0275948 0.851192)
(0.972995 0.061272 0.850326)
(0.940418 0.0618429 0.883146)
(0.940781 0.0616812 0.818773)
(0.940248 0.0627532 0.94683)
(0.940903 0.0616594 0.75509)
(0.970848 0 0.850624)
(0.939428 0 0.884269)
(0.939456 0.0279329 0.917441)
(0.937332 0 0.949429)
(0.972897 0.0615584 0.914391)
(0.940143 0 0.818792)
(0.940796 0.0275583 0.786881)
(0.940273 0 0.755045)
(0.973062 0.0612301 0.786734)
(0.970613 0 0.883065)
(0.970959 0 0.818576)
(0.973595 0.0268993 0.915289)
(0.97401 0.0265199 0.850497)
(0.940078 0.0276712 0.884041)
(0.972929 0.0613539 0.882294)
(0.969801 0 0.946718)
(0.938895 0.0287723 0.95073)
(0.973154 0.0620312 0.946411)
(0.971022 0 0.755024)
(0.940693 0.0275672 0.818866)
(0.973038 0.0612402 0.818487)
(0.974128 0.0264847 0.786749)
(0.94084 0.0275535 0.755079)
(0.973074 0.0612256 0.755028)
(0.56194 0.0620412 0.851796)
(0.812357 0.0620393 0.851568)
(0.56245 0.060694 0.723482)
(0.687058 0.0620465 0.851556)
(0.687486 0.060807 0.723453)
(0.52893 0 0.920676)
(0.717723 0 0.918077)
(0.748311 0 0.949989)
(0.812892 0.13969 0.786712)
(0.592074 0 0.919341)
(0.654066 0 0.920363)
(0.620687 0 0.955089)
(0.905201 0 0.920176)
(0.842317 0 0.919224)
(0.870972 0 0.955113)
(0.749946 0.0621796 0.787117)
(0.74996 0.138542 0.850123)
(0.624827 0.138577 0.850183)
(0.687481 0.140076 0.786705)
(0.62499 0.140213 0.723349)
(0.624833 0.062027 0.787197)
(0.562436 0.140076 0.786731)
(0.527022 0 0.955087)
(0.562321 0.0620203 0.787228)
(0.624452 0.0620428 0.851743)
(0.562316 0.138577 0.850212)
(0.717709 0 0.948863)
(0.812707 0.0621382 0.787118)
(0.81273 0.138338 0.850152)
(0.749649 0.0620533 0.851485)
(0.591762 0 0.950627)
(0.687524 0.140225 0.723344)
(0.62496 0.0607133 0.72347)
(0.562481 0.140207 0.723353)
(0.687373 0.0620595 0.787144)
(0.687368 0.138573 0.85014)
(0.902496 0 0.9551)
(0.65203 0 0.955089)
(0.841949 0 0.950591)
(0.528872 0.0292835 0.953378)
(0.717832 0.0292724 0.950512)
(0.779163 0.0292775 0.952839)
(0.592199 0.0292774 0.951702)
(0.905156 0.0291106 0.953128)
(0.653955 0.0292835 0.953199)
(0.842528 0.029248 0.951628)
(0.74887 0.0284869 0.918186)
(0.623183 0.0284892 0.919498)
(0.873954 0.0284173 0.919376)
(0.561665 0.0637578 0.947152)
(0.686823 0.0637545 0.946852)
(0.811962 0.0637131 0.946986)
(0.561005 0.0284896 0.918927)
(0.530084 0.062925 0.91691)
(0.686298 0.0284891 0.918348)
(0.811302 0.0284755 0.918597)
(0.718048 0.0629182 0.915967)
(0.749382 0.0637466 0.946774)
(0.780443 0.0628977 0.916361)
(0.592728 0.0629243 0.916554)
(0.623984 0.0637614 0.947468)
(0.655191 0.0629249 0.916628)
(0.907245 0.0624545 0.916361)
(0.874988 0.0635414 0.947449)
(0.843354 0.0628017 0.916402)
(0.529381 0.0284883 0.919695)
(0.56097 0.0292773 0.951723)
(0.530209 0.0637608 0.94757)
(0.74876 0.029274 0.951104)
(0.71778 0.0284877 0.917876)
(0.686251 0.0292757 0.951202)
(0.718205 0.063749 0.946604)
(0.779783 0.028482 0.918925)
(0.811182 0.0292648 0.95154)
(0.780479 0.0637396 0.94718)
(0.592917 0.0637566 0.947126)
(0.622625 0.0292835 0.953286)
(0.592259 0.0284888 0.918878)
(0.906088 0.028305 0.919071)
(0.907183 0.0632842 0.947405)
(0.873236 0.0292139 0.953256)
(0.65528 0.0637598 0.947397)
(0.65452 0.0284882 0.919357)
(0.843435 0.0636572 0.947057)
(0.842666 0.0284575 0.918726)
(0.530094 0.0281985 0.885572)
(0.780416 0.0281979 0.884972)
(0.812617 0.2 0.848301)
(0.59375 0.0976023 1)
(0.530821 0.0991971 0.9446)
(0.593367 0.0991997 0.944479)
(0.53125 0.0976022 1)
(0.687517 0.2 0.7233)
(0.718057 0.0281996 0.884594)
(0.562499 0.2 0.848253)
(0.562499 0.2 0.7233)
(0.68751 0.2 0.848253)
(0.908551 0.0975827 0.818799)
(0.907001 0.0280447 0.884957)
(0.972728 0.0965107 0.882056)
(0.907878 0.0279172 0.819081)
(0.972772 0.0965146 0.818435)
(0.908159 0.0978127 0.882707)
(0.908023 0.0972537 1)
(0.973126 0.0962862 0.945738)
(0.97162 0.0955563 1)
(0.907947 0.0984231 0.944717)
(0.65625 0.0976023 1)
(0.71849 0.0991947 0.944276)
(0.65586 0.0991992 0.944494)
(0.718751 0.0976024 1)
(0.59375 0.16635 1)
(0.531214 0.171625 0.944153)
(0.593715 0.171627 0.944146)
(0.53125 0.166349 1)
(0.65625 0.16635 1)
(0.718728 0.171624 0.944132)
(0.656217 0.171627 0.944141)
(0.718751 0.16635 1)
(0.908718 0.0976184 0.755126)
(0.908089 0.0278912 0.755116)
(0.972795 0.0965137 0.755021)
(0.973695 0.170422 0.881794)
(0.973745 0.170537 0.818348)
(0.973757 0.170552 0.755002)
(0.844027 0.0975673 1)
(0.781017 0.0991671 0.944407)
(0.781274 0.0976006 1)
(0.843943 0.0990359 0.944457)
(0.907341 0.165799 1)
(0.973692 0.169698 0.946023)
(0.970021 0.1614 1)
(0.907403 0.17126 0.944603)
(0.843924 0.166299 1)
(0.781262 0.171615 0.944142)
(0.781268 0.166349 1)
(0.843964 0.171562 0.944209)
(0.592736 0.0281988 0.885218)
(0.530685 0.0988198 0.883117)
(0.593209 0.0988205 0.883001)
(0.530936 0.0276219 0.819374)
(0.593456 0.0276224 0.819302)
(0.843188 0.0281807 0.885053)
(0.781088 0.0277211 0.819168)
(0.781004 0.0987416 0.882816)
(0.843915 0.027834 0.819189)
(0.844041 0.0984695 0.882872)
(0.844139 0.0276773 0.755146)
(0.655212 0.0281989 0.885265)
(0.718549 0.0276431 0.819131)
(0.718377 0.0988062 0.882749)
(0.655746 0.0988197 0.88293)
(0.655978 0.0276252 0.819257)
(0.625 0.132426 1)
(0.876578 0.098938 0.786951)
(0.876645 0.1352 0.75508)
(0.908536 0.133879 0.786813)
(0.876504 0.13484 0.818589)
(0.875667 0.132243 1)
(0.531007 0.136159 0.91315)
(0.874436 0 0.885443)
(1 0.0956828 0.913859)
(1 0.164712 0.913784)
(1 0.129846 0.94585)
(1 0.13097 0.881881)
(0.972989 0.132459 0.913816)
(0.750075 0.2 0.786403)
(0.749915 0.0274513 0.78707)
(0.749646 0.0993078 0.914022)
(0.749984 0.172107 0.912654)
(0.718595 0.13615 0.913)
(0.74992 0.135572 0.943718)
(0.781194 0.136103 0.913033)
(0.749861 0.135089 0.88192)
(0.624845 0.135587 0.943785)
(0.624435 0.099335 0.91429)
(0.593515 0.136162 0.913103)
(0.656033 0.136161 0.913071)
(0.624949 0.172117 0.91267)
(0.624702 0.135133 0.882028)
(0.750006 0.132427 1)
(1 0.124581 1)
(0.875828 0.0279356 0.787019)
(0.907698 0 0.786874)
(0.875379 0 0.818954)
(0.875527 0 0.755023)
(0.973014 0.132823 0.786693)
(1 0.0957751 0.786672)
(1 0.131085 0.818355)
(1 0.131092 0.755001)
(1 0.165147 0.78667)
(0.876065 0.134228 0.882024)
(0.875807 0.135226 0.943915)
(0.875713 0.0988437 0.914264)
(0.907964 0.135202 0.91332)
(0.844108 0.135896 0.913109)
(0.87558 0.171864 0.912849)
(0.562392 0.0984868 0.97386)
(0.625001 0.2 0.786401)
(0.907995 0.0618931 0.851329)
(0.940749 0.0974605 0.850473)
(0.941049 0.0972049 0.974646)
(0.687414 0.0984873 0.973821)
(0.562488 0.171226 0.975537)
(0.5625 0.2 0.942536)
(0.59375 0.2 0.973213)
(0.5625 0.2 1)
(0.53125 0.2 0.973213)
(0.687499 0.2 0.942536)
(0.6875 0.2 1)
(0.68749 0.171226 0.975533)
(0.656249 0.2 0.973213)
(0.718749 0.2 0.973213)
(0.940401 0.171564 0.849997)
(0.937359 0.2 0.81824)
(0.968446 0.2 0.849907)
(0.938252 0.2 0.880582)
(0.937342 0.2 0.754992)
(0.812568 0.0984552 0.973837)
(0.940067 0.170105 0.976651)
(0.968554 0.2 0.977971)
(0.938121 0.2 0.944269)
(0.906724 0.2 0.973684)
(0.937798 0.2 1)
(0.781257 0.2 0.973213)
(0.812533 0.2 0.942552)
(0.812515 0.2 1)
(0.812571 0.171208 0.975541)
(0.843832 0.2 0.973241)
(0.749434 0.0624514 0.883916)
(0.53125 0.2 0.910556)
(1 0.2 0.944524)
(1 0.2 0.881615)
(0.968976 0.2 0.912845)
(0.71875 0.2 0.910555)
(0.750001 0.2 0.942537)
(0.781267 0.2 0.910558)
(0.624886 0.0984872 0.973867)
(0.593705 0.134135 0.973916)
(0.656207 0.134135 0.973912)
(0.624988 0.171226 0.975536)
(0.5625 0.132426 1)
(0.6875 0.132427 1)
(0.625 0.2 1)
(0.908368 0.0617644 0.787005)
(0.876039 0.0617417 0.819172)
(0.876281 0.0616127 0.755189)
(0.844272 0.0606552 0.787134)
(0.940893 0.0974528 0.786809)
(0.940848 0.134241 0.818462)
(0.940906 0.13429 0.755038)
(0.940454 0.171686 0.786666)
(0.876119 0.0987657 0.850873)
(0.908352 0.133639 0.850345)
(0.844321 0.135248 0.850395)
(0.812581 0.132413 1)
(0.940393 0.130907 1)
(0.875834 0.0982649 0.973916)
(0.907943 0.133456 0.974175)
(0.84406 0.13404 0.973932)
(0.87551 0.17107 0.975633)
(0.875113 0.2 1)
(0.624152 0.0624606 0.88435)
(0.561944 0.0993328 0.914297)
(0.562346 0.135589 0.943791)
(0.562448 0.172117 0.912676)
(0.562189 0.135132 0.88207)
(0.531202 0.134133 0.973925)
(0.90725 0 0.851575)
(0.875349 0.0280513 0.851833)
(0.875398 0.0622512 0.884154)
(1 0.094803 0.975112)
(0.974364 0.130291 0.976994)
(1 0.159994 0.977738)
(1 0.0957761 0.850076)
(0.972988 0.132781 0.850124)
(1 0.165117 0.850055)
(0.940574 0.0976157 0.914083)
(0.940688 0.134201 0.881945)
(0.94064 0.133728 0.944719)
(0.939996 0.171154 0.913356)
(0.750001 0.2 1)
(0.687056 0.0993293 0.914081)
(0.68746 0.172116 0.912656)
(0.687378 0.135589 0.943733)
(0.687261 0.135126 0.881949)
(0.718722 0.134133 0.973894)
(0.749938 0.0984823 0.973808)
(0.75 0.171246 0.975536)
(0.781263 0.134123 0.973904)
(0.812354 0.0992118 0.914134)
(0.812591 0.172073 0.912684)
(0.812581 0.135519 0.943763)
(0.812648 0.134906 0.881968)
(0.593749 0.2 0.910556)
(0.656249 0.2 0.910556)
(0.624999 0.2 0.942536)
(0.9684 0.2 0.78666)
(1 0.2 0.818333)
(1 0.2 0.755)
(0.906059 0.2 0.911919)
(0.843828 0.2 0.910648)
(0.875205 0.2 0.942791)
(1 0.2 1)
(0.561665 0.0624596 0.884362)
(0.624848 0.0273121 0.787154)
(0.686833 0.0624594 0.884017)
(0.843921 0.0619487 0.851586)
(0.812093 0.0624048 0.884078)
(0.561916 0.0280067 0.851979)
(0.530668 0.0619563 0.851887)
(0.562158 0.0606023 0.819447)
(0.593197 0.0619574 0.851763)
(0.562071 0.0996699 0.851138)
(0.812181 0.0280405 0.851761)
(0.812541 0.060742 0.819273)
(0.812566 0.0994842 0.850966)
(0.780951 0.0619657 0.851549)
(0.812815 0.0606642 0.755221)
(0.655736 0.0619596 0.851685)
(0.718363 0.0619651 0.851482)
(0.68704 0.0280096 0.851716)
(0.687235 0.0606207 0.819293)
(0.687166 0.0996676 0.850962)
(0.749601 0.0280198 0.851631)
(0.624411 0.0280072 0.851965)
(0.53098 0.135959 0.850497)
(0.812577 0.0277876 0.78704)
(0.78124 0.0607129 0.787224)
(0.749811 0.0606718 0.819245)
(0.718622 0.06061 0.787224)
(0.68738 0.0273294 0.787096)
(0.781262 0.135841 0.850354)
(0.749775 0.0996406 0.850915)
(0.718592 0.135941 0.850338)
(0.624587 0.099671 0.851081)
(0.593484 0.135958 0.850447)
(0.656014 0.135957 0.850399)
(0.593542 0.0605439 0.787331)
(0.624672 0.0606056 0.819398)
(0.656066 0.0605564 0.787288)
(0.562339 0.0273101 0.787178)
(0.531035 0.0605419 0.787376)
(0.561474 0.028202 0.88527)
(0.530357 0.0624324 0.884529)
(0.530623 0.0279974 0.852099)
(0.53125 0.2 0.942574)
(0.718749 0.2 0.942575)
(0.812637 0.2 0.786422)
(0.749262 0.0282027 0.884701)
(0.811774 0.0281966 0.884961)
(0.780845 0.0280203 0.851729)
(0.780695 0.0624093 0.884052)
(0.968911 0.2 0.881223)
(0.750054 0.2 0.848255)
(0.781264 0.17194 0.912651)
(0.843991 0.171858 0.912724)
(0.781201 0.13458 0.881976)
(0.844243 0.134193 0.882032)
(0.968897 0.2 0.94508)
(0.781257 0.2 0.942578)
(0.593643 0.0984867 0.973855)
(0.5625 0.0976022 1)
(0.625 0.0976023 1)
(0.59375 0.132426 1)
(0.562113 0.0992028 0.944498)
(0.531132 0.0984852 0.973886)
(0.531088 0.135577 0.94382)
(0.530658 0.0993057 0.914403)
(0.624588 0.0992037 0.944532)
(0.593597 0.135579 0.943784)
(0.5932 0.0993062 0.914265)
(0.53125 0.132426 1)
(1 0.0954317 0.945721)
(1 0.09375 1)
(0.625001 0.2 0.7233)
(0.687515 0.2 0.786401)
(0.686684 0.0282026 0.884835)
(0.718351 0.0280038 0.851604)
(0.718171 0.0624298 0.883874)
(0.562499 0.2 0.786401)
(0.625 0.2 0.848253)
(0.531198 0.171956 0.91267)
(0.593699 0.171958 0.91266)
(0.530923 0.134684 0.882145)
(0.593429 0.134686 0.882084)
(0.718719 0.171954 0.91264)
(0.656203 0.171957 0.912653)
(0.718544 0.134667 0.881951)
(0.65596 0.134684 0.882031)
(0.908235 0.0617707 0.819037)
(0.940842 0.0974234 0.818607)
(0.908357 0.0977707 0.850757)
(0.908639 0.0977819 0.786915)
(0.908543 0.133267 0.818595)
(0.876491 0.0982809 0.818883)
(0.907571 0.0279604 0.851657)
(0.907643 0.0620486 0.883888)
(0.906568 0 0.885224)
(0.874785 0.028152 0.88523)
(0.972748 0.096518 0.850208)
(0.940645 0.097497 0.882369)
(1 0.0957601 0.881885)
(0.972766 0.0964678 0.913963)
(0.972972 0.132697 0.881923)
(0.908025 0.0279035 0.786973)
(0.907566 0 0.818946)
(0.875669 0.0279639 0.819177)
(1 0.0957765 0.818356)
(0.972786 0.0965169 0.786714)
(0.973006 0.132807 0.818391)
(0.907965 0.0983737 0.914231)
(0.908235 0.133454 0.882037)
(0.875904 0.098333 0.882845)
(0.940739 0.096696 1)
(0.908109 0.097936 0.97406)
(0.875754 0.0974843 1)
(0.907823 0.131871 1)
(0.974416 0.0958613 0.976617)
(0.940712 0.097553 0.945021)
(0.973273 0.131777 0.945739)
(0.971256 0.128685 1)
(0.875713 0.0988448 0.944589)
(0.907944 0.134775 0.944145)
(0.656143 0.0984864 0.973857)
(0.6875 0.0976024 1)
(0.65625 0.132427 1)
(0.687189 0.0992023 0.944353)
(0.718679 0.0984858 0.9738)
(0.718649 0.135575 0.943714)
(0.749748 0.0991897 0.944313)
(0.71837 0.0992946 0.913992)
(0.656104 0.135578 0.943772)
(0.655718 0.0993063 0.914232)
(0.718751 0.132427 1)
(0.750005 0.0976022 1)
(0.593738 0.171224 0.975536)
(0.5625 0.16635 1)
(0.59375 0.2 1)
(0.625 0.16635 1)
(0.562465 0.171644 0.944152)
(0.531237 0.171226 0.975539)
(0.59375 0.2 0.942575)
(0.53125 0.2 1)
(0.624965 0.171644 0.944149)
(0.656239 0.171224 0.975535)
(0.6875 0.16635 1)
(0.65625 0.2 1)
(0.71875 0.2 1)
(0.687472 0.171643 0.944139)
(0.718743 0.171226 0.975531)
(0.749988 0.171624 0.944141)
(0.656249 0.2 0.942575)
(0.750005 0.16635 1)
(1 0.163699 0.945915)
(1 0.152158 1)
(0.90844 0.0617212 0.755153)
(0.940929 0.0974302 0.75507)
(0.908669 0.133425 0.755085)
(0.876714 0.0983729 0.75515)
(0.907746 0 0.755061)
(0.875901 0.0279011 0.755137)
(0.973022 0.132825 0.755012)
(1 0.0957745 0.755001)
(0.940546 0.171518 0.818337)
(0.973731 0.170501 0.850043)
(0.940424 0.171308 0.881686)
(1 0.165027 0.881827)
(0.973632 0.1702 0.9137)
(0.968492 0.2 0.818312)
(0.973755 0.170543 0.786671)
(1 0.16514 0.818349)
(0.907469 0.171473 0.913047)
(0.940573 0.171558 0.755002)
(0.968494 0.2 0.754998)
(1 0.165149 0.755)
(0.812587 0.0975935 1)
(0.84406 0.098401 0.973857)
(0.843997 0.132373 1)
(0.781215 0.0984746 0.973833)
(0.812416 0.0991304 0.944405)
(0.781214 0.135549 0.943746)
(0.780938 0.0992499 0.914112)
(0.781273 0.132424 1)
(0.844075 0.135418 0.943811)
(0.84391 0.0990555 0.914188)
(0.939463 0.164705 1)
(0.907418 0.170797 0.975859)
(0.906527 0.2 1)
(0.87546 0.166172 1)
(0.974271 0.16805 0.979034)
(0.939923 0.170854 0.945147)
(0.906483 0.2 0.943534)
(0.967608 0.2 1)
(0.875524 0.171483 0.944335)
(0.812559 0.166338 1)
(0.843954 0.17117 0.975562)
(0.843794 0.2 1)
(0.781255 0.2 1)
(0.781269 0.171221 0.975535)
(0.812574 0.171617 0.944164)
(0.843839 0.2 0.942645)
(0.592926 0.0624327 0.884313)
(0.593176 0.0279978 0.851943)
(0.623898 0.028202 0.88538)
(0.561956 0.0989805 0.883022)
(0.530798 0.0991163 0.851247)
(0.59331 0.0991186 0.851159)
(0.624467 0.0989817 0.882973)
(0.593409 0.0603888 0.819436)
(0.562202 0.0276402 0.819319)
(0.530896 0.0603873 0.819509)
(0.531077 0.0273327 0.787227)
(0.593586 0.0273334 0.787189)
(0.62471 0.0276414 0.81929)
(0.844121 0.0606979 0.819264)
(0.844188 0.0986876 0.851014)
(0.843637 0.0280378 0.851806)
(0.843623 0.0623199 0.884129)
(0.812437 0.027807 0.819177)
(0.781123 0.0604851 0.819281)
(0.781199 0.0275757 0.787097)
(0.749814 0.0276917 0.81913)
(0.78111 0.0990367 0.850994)
(0.812444 0.0988099 0.882831)
(0.749679 0.0989471 0.882745)
(0.844065 0.027777 0.787034)
(0.844362 0.0603575 0.755218)
(0.812671 0.0275588 0.755149)
(0.655452 0.0624333 0.884259)
(0.655698 0.0279988 0.851894)
(0.718519 0.0604236 0.819263)
(0.687269 0.0276488 0.819177)
(0.718643 0.0273791 0.787092)
(0.68707 0.0989761 0.882804)
(0.718455 0.0991069 0.850962)
(0.65585 0.0991182 0.851085)
(0.655941 0.0603956 0.819373)
(0.656103 0.0273386 0.787156)
(0.843266 0 0.786247)
(0.718086 0 0.884543)
(0.531141 0 0.784959)
(0.561477 0 0.88529)
(0.74963 0 0.851277)
(0.779308 0 0.919876)
(0.686693 0 0.884844)
(0.811675 0 0.885006)
(0.624467 0 0.851618)
(0.807822 0 0.782138)
(0.687407 0 0.776794)
(0.749537 0 0.777109)
(0.843463 0 0.85157)
(0.562414 0 0.776827)
(0.560586 0 0.950634)
(0.560832 0 0.919382)
(0.624983 0 0.722044)
(0.685931 0 0.950032)
(0.810688 0 0.950558)
(0.686161 0 0.918737)
(0.81104 0 0.919077)
(0.624783 0 0.817603)
(0.65616 0 0.784915)
(0.593651 0 0.784931)
(0.624918 0 0.776819)
(0.56199 0 0.851589)
(0.81208 0 0.851485)
(0.776986 0 0.955089)
(0.592737 0 0.885246)
(0.531012 0 0.817714)
(0.593536 0 0.817652)
(0.562478 0 0.722051)
(0.687103 0 0.851346)
(0.687402 0 0.722057)
(0.843002 0 0.885123)
(0.780665 0 0.818057)
(0.843371 0 0.818557)
(0.843095 0 0.754627)
(0.530681 0 0.851728)
(0.780804 0 0.851434)
(0.718413 0 0.85122)
(0.655154 0 0.88541)
(0.593248 0 0.851561)
(0.718598 0 0.817513)
(0.65575 0 0.851553)
(0.656046 0 0.817629)
(0.811761 0 0.818297)
(0.811537 0 0.754081)
(0.687335 0 0.817497)
(0.562283 0 0.817609)
(0.530036 0 0.885699)
(0.749253 0 0.8847)
(0.62384 0 0.885526)
(0.780328 0 0.885081)
(0.749784 0 0.817534)
(0.780218 0 0.78588)
(0.718631 0 0.784896)
(0.625011 0 0.596681)
(0.625012 0.059999 0.596683)
(0.62501 0.140123 0.596671)
(0.625 0.2 0.596666)
(0.625013 0 0.533338)
(0.625016 0.059968 0.533339)
(0.625012 0.140112 0.533335)
(0.625 0.2 0.533333)
(1 0.2 0.596667)
(0.968404 0.2 0.596667)
(0.929197 0.2 0.596667)
(1 0.0613241 0.596667)
(1 0.0957747 0.596667)
(1 0.029484 0.596667)
(1 0 0.596667)
(0.929196 0.2 0.659999)
(0.874424 0.2 0.659995)
(0.93735 0.2 0.628333)
(0.874427 0.2 0.596666)
(0.940488 0.171683 0.596667)
(0.940903 0.134348 0.596668)
(0.908654 0.133949 0.596669)
(0.876347 0.1381 0.596668)
(0.973758 0.170567 0.596667)
(1 0.165152 0.596667)
(1 0.131094 0.596667)
(0.972802 0.096517 0.596667)
(0.97302 0.132825 0.596667)
(0.973083 0.0612248 0.596667)
(0.974153 0.0264806 0.596667)
(0.971029 0 0.596667)
(0.750096 0.0606911 0.596677)
(0.812857 0.0619806 0.660019)
(0.81289 0.0604739 0.628343)
(0.812864 0.0619452 0.596672)
(0.812974 0.139967 0.660003)
(0.812652 0.2 0.659994)
(0.87634 0.138101 0.660006)
(0.876712 0.135246 0.628338)
(0.812981 0.139963 0.596668)
(0.876729 0.0989737 0.59667)
(0.876347 0.0616538 0.59667)
(0.844434 0.060446 0.596671)
(0.908765 0.0978067 0.596669)
(0.940955 0.0974597 0.596668)
(0.940936 0.0616619 0.596668)
(0.940867 0.0275511 0.596667)
(0.940288 0 0.596667)
(0.812713 0.027283 0.59667)
(0.844187 0.0275869 0.596669)
(0.875949 0.0278767 0.596668)
(0.908497 0.0617353 0.596669)
(0.90813 0.0278842 0.596668)
(0.907768 0 0.596667)
(0.875502 0 0.596667)
(0.875501 0 0.660002)
(1 0.131094 0.66)
(0.940288 0 0.660001)
(1 0.061324 0.66)
(1 0.2 0.66)
(0.876341 0.0616608 0.660015)
(0.940899 0.134354 0.660004)
(0.940934 0.0616625 0.660006)
(1 0 0.628333)
(1 0 0.691667)
(1 0.029484 0.66)
(1 0.061324 0.628333)
(1 0.061324 0.691667)
(1 0.029484 0.628333)
(1 0.029484 0.691667)
(0.974152 0.0264805 0.628334)
(0.974151 0.0264806 0.69167)
(0.971029 0 0.66)
(0.940936 0.0616553 0.628336)
(0.940931 0.0616567 0.691682)
(0.940288 0 0.628333)
(0.940287 0 0.691669)
(0.940866 0.0275514 0.660003)
(0.973083 0.0612251 0.660002)
(0.971029 0 0.628333)
(0.971029 0 0.691668)
(0.974152 0.0264807 0.660001)
(0.940867 0.0275502 0.628335)
(0.973083 0.0612239 0.628334)
(0.940864 0.027551 0.691676)
(0.973082 0.0612245 0.691671)
(0.90813 0.0278812 0.628336)
(0.972802 0.0965134 0.628334)
(0.908784 0.097633 0.628339)
(0.973758 0.170568 0.628333)
(0.908124 0.0278834 0.691682)
(0.972802 0.0965157 0.691671)
(0.908766 0.0976278 0.691694)
(0.973759 0.170554 0.691667)
(0.844188 0.0275708 0.628338)
(0.84418 0.0275905 0.691689)
(0.907767 0 0.660001)
(0.875502 0 0.628334)
(0.875499 0 0.691672)
(0.875946 0.02788 0.660008)
(1 0.0957746 0.66)
(1 0.165152 0.66)
(1 0.131094 0.628333)
(0.973024 0.13283 0.660001)
(1 0.131093 0.691667)
(0.876693 0.135246 0.691686)
(0.87672 0.0989768 0.660014)
(0.908644 0.133954 0.660009)
(0.937349 0.2 0.691666)
(1 0.2 0.628333)
(0.968404 0.2 0.66)
(1 0.2 0.691667)
(0.876353 0.061567 0.62834)
(0.908492 0.0617378 0.660011)
(0.876339 0.0615799 0.691702)
(0.844428 0.0604635 0.660018)
(0.940921 0.134294 0.628335)
(0.940952 0.0974617 0.660006)
(0.940475 0.171701 0.66)
(0.940923 0.134298 0.691676)
(0.812877 0.0605335 0.691709)
(0.812709 0.0273011 0.660011)
(0.81272 0.0273103 0.628339)
(0.968495 0.2 0.628333)
(0.812713 0.0273526 0.69169)
(0.968495 0.2 0.691666)
(1 0.0957746 0.628333)
(1 0.165152 0.628333)
(0.908499 0.061707 0.628338)
(0.908128 0.0278855 0.660006)
(0.907768 0 0.628334)
(0.875949 0.0278681 0.628337)
(0.940958 0.0974346 0.628336)
(0.973021 0.132821 0.628334)
(0.972802 0.096518 0.660002)
(0.908742 0.133443 0.628338)
(0.908757 0.0978081 0.660012)
(0.876791 0.0983808 0.62834)
(0.940591 0.171549 0.628334)
(0.973762 0.17055 0.66)
(0.908488 0.0617104 0.691694)
(0.907766 0 0.691671)
(0.875942 0.0278752 0.691686)
(0.940953 0.0974361 0.691681)
(0.973026 0.132826 0.691669)
(1 0.0957745 0.691667)
(0.908714 0.133454 0.691688)
(0.876773 0.0983839 0.691699)
(0.940581 0.171561 0.691668)
(1 0.165152 0.691666)
(0.844437 0.0602357 0.628341)
(0.844183 0.027595 0.66001)
(0.844424 0.0602693 0.691707)
(0.875661 0.133433 0.0266899)
(0.876329 0.138089 0.279999)
(0.876349 0.138099 0.533334)
(1 0 0.0317051)
(1 0 0.28)
(0.875502 0 0.406666)
(1 0.131094 0.406667)
(1 0 0.533333)
(0.875588 0 0.153345)
(1 0.131048 0.153213)
(0.750158 0.140186 0.406666)
(1 0.127808 0.026093)
(0.750158 0.14018 0.533334)
(1 0.131094 0.533333)
(0.875107 0 0.0318703)
(0.875514 0 0.280013)
(0.876213 0.136963 0.153287)
(1 0.131093 0.28)
(0.876344 0.138102 0.406666)
(0.875502 0 0.533333)
(0.940935 0.0616622 0.343333)
(0.940937 0.0616616 0.47)
(0.940626 0.0618523 0.0897464)
(0.940916 0.0616617 0.216651)
(0.929196 0.2 0.343333)
(0.929198 0.2 0.47)
(1 0 0.343333)
(0.940288 0 0.406667)
(1 0.0613241 0.406667)
(1 0 0.47)
(1 0 0.0900292)
(1 0 0.216667)
(0.940194 0 0.153328)
(1 0.0613291 0.153257)
(1 0.2 0.406667)
(1 0.2 0.15335)
(0.94049 0.132121 0.0257536)
(0.875559 0.0629813 0.0275522)
(0.875131 0.2 0.027891)
(0.876002 0.13553 0.0897287)
(0.876338 0.0616803 0.279997)
(0.876298 0.137957 0.216659)
(0.874416 0.2 0.28)
(0.940903 0.134346 0.279996)
(0.87634 0.138102 0.343333)
(0.940901 0.134354 0.533334)
(0.876349 0.138099 0.47)
(0.876349 0.0616524 0.533334)
(0.874428 0.2 0.533333)
(1 0.0621557 0.0276375)
(0.938337 0 0.0318245)
(0.940286 0 0.28)
(1 0.0613235 0.28)
(0.875501 0 0.343332)
(0.876347 0.0616538 0.406666)
(0.875502 0 0.47)
(1 0.131094 0.47)
(1 0.131094 0.343333)
(0.940908 0.134351 0.406667)
(1 0.0613241 0.533333)
(0.940288 0 0.533333)
(1 0.2 0.014308)
(0.875477 0 0.0900665)
(0.875566 0 0.216726)
(0.876216 0.0620066 0.153318)
(1 0.130636 0.0891271)
(0.940834 0.134201 0.153152)
(1 0.131089 0.216657)
(1 0.2 0.28)
(0.874428 0.2 0.406666)
(1 0.2 0.533333)
(1 0.0613241 0.47)
(0.940288 0 0.343333)
(0.940072 0.0625161 0.026989)
(1 0.061324 0.343333)
(0.940936 0.0616615 0.406666)
(0.940932 0.0616624 0.279997)
(0.876345 0.0616603 0.343332)
(0.940901 0.134356 0.343333)
(0.940288 0 0.47)
(0.876348 0.0616523 0.47)
(0.940903 0.134347 0.47)
(0.940937 0.0616616 0.533334)
(1 0.061434 0.0894566)
(1 0.2 0.0900666)
(1 0.2 0.47)
(0.939772 0 0.0900154)
(0.940276 0 0.216667)
(0.93786 0.2 0.0242156)
(0.875996 0.0623362 0.0900879)
(0.940589 0.13415 0.0892251)
(0.940848 0.0616842 0.153249)
(0.876313 0.0617242 0.216659)
(0.940885 0.134309 0.216637)
(1 0.0613226 0.216661)
(0.929193 0.2 0.279999)
(0.874425 0.2 0.343333)
(1 0.2 0.343333)
(0.929197 0.2 0.406667)
(1 0.2 0.216667)
(0.874428 0.2 0.47)
(0.929198 0.2 0.533333)
(0.97017 0.034482 0)
(0.906658 0.0343938 0)
(1 0.029484 0.406667)
(1 0.0295058 0.153305)
(1 0.0327112 0.0296398)
(0.969782 0 0.0317027)
(1 0.0294833 0.28)
(1 0.029484 0.533333)
(0.875277 0.0291731 0.0275584)
(0.906581 0 0.0318618)
(0.939571 0.0631475 0)
(1 0.0294839 0.343333)
(1 0.0613241 0.438333)
(1 0.061324 0.375)
(1 0.029484 0.47)
(1 0.0298429 0.0897097)
(1 0.0294832 0.216665)
(1 0.0613494 0.121443)
(1 0.0613235 0.184978)
(0.875391 0.0634474 0)
(0.907503 0.0628246 0.0274368)
(1 0.0628926 0)
(0.973466 0.0620292 0.0255013)
(1 0.0617552 0.057626)
(0.939073 0.028986 0.0273464)
(1 0.0613238 0.311667)
(1 0.061323 0.248332)
(1 0.0613241 0.501667)
(1 0.0613241 0.565)
(1 0.029484 0.438333)
(1 0.029484 0.375)
(1 0.0295752 0.121587)
(1 0.0294879 0.184993)
(1 0.0362208 0)
(1 0.029484 0.501667)
(0.907266 0.0633533 0)
(0.970589 0.0628199 0)
(0.938539 0.0343669 0)
(0.972233 0.0286611 0.0265657)
(0.875132 0.0344108 0)
(0.906928 0.0291214 0.0275186)
(1 0.0294837 0.311667)
(1 0.0303589 0.0580641)
(1 0.029484 0.565)
(1 0.0294829 0.248333)
(0.974153 0.0264805 0.375)
(0.974153 0.0264804 0.438333)
(0.974008 0.0265472 0.121571)
(0.974133 0.0264851 0.184988)
(0.974152 0.0264804 0.311666)
(0.974153 0.0264804 0.501667)
(0.97329 0.0272521 0.0579842)
(0.97415 0.0264803 0.248332)
(0.974153 0.0264805 0.565)
(0.971029 0 0.406667)
(0.970959 0 0.153328)
(0.971028 0 0.28)
(0.97103 0 0.533333)
(0.940867 0.0275513 0.343333)
(0.973083 0.061225 0.343333)
(0.940937 0.061655 0.375)
(0.940935 0.0616559 0.311665)
(0.973084 0.0612248 0.47)
(0.940937 0.0616548 0.438333)
(0.940867 0.027551 0.47)
(0.940938 0.061655 0.501667)
(0.940394 0.0621139 0.0581422)
(0.972984 0.0613771 0.0894856)
(0.94043 0.0277249 0.0899214)
(0.940766 0.0617276 0.121503)
(0.940928 0.061655 0.248327)
(0.940851 0.0275546 0.216662)
(0.940895 0.0616594 0.184962)
(0.973077 0.0612224 0.216654)
(0.940938 0.0616551 0.565)
(0.971029 0 0.343333)
(0.940288 0 0.375)
(0.940867 0.027551 0.406667)
(0.940288 0 0.438333)
(0.973084 0.0612249 0.406667)
(0.97103 0 0.47)
(0.970648 0 0.0899426)
(0.971021 0 0.216667)
(0.94005 0 0.121646)
(0.940254 0 0.184999)
(0.94077 0.0275716 0.153306)
(0.973056 0.0612309 0.153236)
(0.939247 0 0.0589337)
(0.940287 0 0.311666)
(0.940864 0.0275521 0.279999)
(0.940284 0 0.248333)
(0.973082 0.0612244 0.279999)
(0.973084 0.061225 0.533333)
(0.940288 0 0.501667)
(0.940867 0.0275509 0.533333)
(0.940288 0 0.565)
(0.971029 0 0.375)
(0.971029 0 0.311667)
(0.974153 0.0264806 0.406667)
(0.974152 0.0264806 0.343333)
(0.940867 0.0275501 0.375)
(0.973084 0.0612241 0.375)
(0.97103 0 0.438333)
(0.97103 0 0.501667)
(0.940867 0.02755 0.438333)
(0.973084 0.061224 0.438333)
(0.974153 0.0264806 0.47)
(0.970808 0 0.121634)
(0.970221 0 0.0588149)
(0.971006 0 0.184999)
(0.971026 0 0.248333)
(0.974099 0.0264994 0.153297)
(0.973815 0.0266953 0.0897712)
(0.940647 0.0276061 0.121611)
(0.973031 0.0612613 0.121428)
(0.974145 0.0264813 0.216663)
(0.940827 0.0275582 0.184988)
(0.97307 0.0612223 0.184964)
(0.97103 0 0.565)
(0.940866 0.0275507 0.311666)
(0.973083 0.061224 0.311666)
(0.974151 0.0264805 0.28)
(0.973084 0.0612241 0.501667)
(0.940867 0.02755 0.501667)
(0.974153 0.0264806 0.533333)
(0.972998 0.0615821 0.0574305)
(0.939928 0.0281268 0.0583547)
(0.940861 0.0275519 0.248331)
(0.973081 0.0612226 0.248329)
(0.973084 0.0612242 0.565)
(0.940867 0.02755 0.565)
(0.934394 0.2 0.0938386)
(0.812863 0.0619801 0.343332)
(0.9292 0.2 0.21669)
(0.812866 0.0619382 0.47)
(0.98772 0.0124872 0.010834)
(0.89074 0.0124599 0.0117254)
(0.859409 0.0124615 0.0117252)
(0.907429 0.0284467 0.0585122)
(0.954219 0.0124781 0.0116496)
(0.92224 0.012462 0.0117226)
(0.750098 0.0606908 0.406664)
(0.812969 0.139942 0.280009)
(0.812982 0.139961 0.533334)
(1 0 0.0135704)
(1 0.0153478 0.0269953)
(0.984911 0 0.0277268)
(0.874654 0.2 0.154352)
(0.750157 0.140186 0.596669)
(0.750159 0.14018 0.47)
(0.812981 0.139964 0.406666)
(0.687547 0.140151 0.406666)
(0.750099 0.0606714 0.533336)
(0.875329 0 0.0590167)
(0.875128 0.0129475 0.0270366)
(0.875033 0 0.0131293)
(0.890758 0 0.0278916)
(0.859413 0 0.0278951)
(0.908098 0.0621296 0.0899701)
(0.875795 0.0627572 0.0587075)
(0.954202 0 0.0278149)
(0.922301 0 0.0278809)
(0.937905 0 0.0131481)
(0.938495 0.0128608 0.0269647)
(0.907439 0 0.09005)
(0.87571 0.0282087 0.0900571)
(0.969983 0.0149994 0)
(0.985276 0.0308069 0)
(0.954486 0.0300976 0)
(0.971503 0.0289689 0.0115354)
(0.906403 0.0146104 0)
(0.92241 0.030041 0)
(0.890793 0.03004 0)
(0.906654 0.0288474 0.0124876)
(0.859423 0.0300443 0)
(1 0.018326 0)
(1 0.0304535 0.013184)
(0.988768 0.0285718 0.0259938)
(0.971338 0.0122647 0.0266931)
(0.859493 0.0288721 0.0276701)
(0.87514 0.0288635 0.0125001)
(0.890941 0.0288529 0.0276566)
(0.875042 0.0146044 0)
(0.906617 0.0129368 0.0270228)
(0.938011 0.0146625 0)
(0.938593 0.0288336 0.0123862)
(0.955094 0.0286686 0.0272922)
(0.92268 0.0288046 0.0275985)
(0.7501 0.0606713 0.469999)
(0.687536 0.0601422 0.406663)
(0.874971 0.2 0.0995069)
(0.929517 0.2 0.153651)
(0.874418 0.2 0.216759)
(0.812859 0.062113 0.280005)
(0.812978 0.139967 0.343335)
(0.812865 0.0619452 0.406665)
(0.812982 0.139961 0.47)
(0.812866 0.0619382 0.533335)
(1 0.0156371 0.0130073)
(0.988225 0.0117773 0.0263971)
(0.98459 0 0.0132696)
(0.984834 0.0157193 0)
(0.98848 0.0292086 0.01057)
(0.97069 0.0124768 0.0114279)
(0.875069 0.012482 0.0117207)
(0.890814 0.0129764 0.0270456)
(0.89068 0 0.0131058)
(0.890835 0.0287039 0.0125845)
(0.890696 0.0145083 0)
(0.906471 0.0124802 0.0117213)
(0.859389 0 0.0131045)
(0.859437 0.0129813 0.0270517)
(0.859443 0.0287121 0.0125894)
(0.859393 0.0145064 0)
(0.907828 0.0625395 0.0585494)
(0.907758 0.0281 0.0900111)
(0.87553 0.0285428 0.0585746)
(0.922419 0.0129566 0.0270214)
(0.907111 0 0.0589951)
(0.953772 0 0.0131247)
(0.922078 0 0.0131134)
(0.953941 0.0146565 0)
(0.954761 0.0287363 0.0122984)
(0.938166 0.0124869 0.0117046)
(0.954618 0.0127819 0.0269046)
(0.922134 0.0145285 0)
(0.92248 0.0286936 0.0125568)
(0.687537 0.0601148 0.469999)
(0.687533 0.0601424 0.596681)
(0.687385 0 0.533337)
(0.687546 0.140142 0.533335)
(0.687545 0.140151 0.59667)
(0.687547 0.140142 0.47)
(0.687536 0.0601148 0.533338)
(0.687385 0 0.469997)
(0.687383 0 0.596679)
(0.812652 0.2 0.343333)
(0.812654 0.2 0.596666)
(0.812655 0.2 0.47)
(0.907568 0.0966783 0)
(0.970938 0.0951881 0)
(0.908774 0.0976261 0.311664)
(0.90813 0.027881 0.375)
(0.972803 0.0965152 0.375)
(0.908128 0.027883 0.311666)
(0.972803 0.0965153 0.311666)
(0.908778 0.0976268 0.374999)
(0.908788 0.0976322 0.501667)
(0.908131 0.0278805 0.438333)
(0.972803 0.0965145 0.438333)
(0.972803 0.0965151 0.501667)
(0.908786 0.0976323 0.438333)
(0.908131 0.0278805 0.501667)
(0.907136 0.165395 0)
(0.969822 0.161203 0)
(0.908031 0.0979364 0.0582807)
(0.90794 0.0279789 0.121648)
(0.972772 0.0964398 0.121314)
(0.973025 0.0960488 0.0569751)
(0.908479 0.0976651 0.12149)
(0.908758 0.0976089 0.248322)
(0.908088 0.0279077 0.184992)
(0.972791 0.0964966 0.184945)
(0.908121 0.0278894 0.248331)
(0.908693 0.0975433 0.184946)
(0.9728 0.0965108 0.248327)
(0.97376 0.170555 0.375)
(0.97376 0.170554 0.311666)
(0.973758 0.170567 0.438333)
(0.97376 0.170556 0.501667)
(0.908787 0.0976325 0.565001)
(0.972803 0.0965156 0.565)
(0.908131 0.0278806 0.565)
(0.973759 0.170556 0.565)
(0.844115 0.0281103 0.121687)
(0.844481 0.0982834 0.121677)
(0.687517 0.2 0.596666)
(0.687517 0.2 0.47)
(0.907359 0.171162 0.0570029)
(0.973734 0.170419 0.121299)
(0.973908 0.169635 0.0560254)
(0.844189 0.0275707 0.374998)
(0.844186 0.0275901 0.311665)
(0.844162 0.0278236 0.185)
(0.844182 0.0276754 0.248333)
(0.973752 0.170547 0.184953)
(0.973758 0.170553 0.248329)
(0.84419 0.0275677 0.438333)
(0.84419 0.0275673 0.501667)
(0.84419 0.0275677 0.565001)
(0.750087 0.2 0.406666)
(0.907716 0.133046 0.0264506)
(0.875703 0.0975673 0.0272818)
(0.87542 0.170853 0.0251327)
(0.87583 0.134929 0.0580497)
(0.875524 0.131787 0)
(0.876712 0.0989733 0.279996)
(0.87668 0.135193 0.248326)
(0.908624 0.13395 0.279995)
(0.876699 0.135246 0.311665)
(0.908656 0.133951 0.533334)
(0.876717 0.135245 0.501667)
(0.87673 0.0989729 0.533334)
(0.876716 0.135245 0.565001)
(0.907768 0 0.406667)
(0.875502 0 0.374999)
(0.875949 0.0278767 0.406666)
(0.875503 0 0.438333)
(1 0.0957747 0.406667)
(1 0.165152 0.406667)
(1 0.131094 0.438333)
(1 0.131094 0.375)
(0.973025 0.13283 0.406667)
(0.750087 0.2 0.533333)
(0.907702 0 0.153329)
(0.87556 0 0.121663)
(0.875578 0 0.185044)
(0.875881 0.0280259 0.153329)
(0.843922 0 0.153376)
(1 0.095751 0.153224)
(1 0.165114 0.153245)
(1 0.130945 0.121322)
(0.973003 0.132752 0.153168)
(1 0.13108 0.184964)
(0.974227 0.13012 0.0240167)
(1 0.124581 0)
(1 0.0946714 0.0269229)
(1 0.160011 0.0238679)
(1 0.129796 0.0567161)
(0.973025 0.132831 0.533333)
(1 0.131094 0.501667)
(1 0.0957747 0.533333)
(1 0.165152 0.533333)
(1 0.131094 0.565)
(0.875944 0.0278938 0.279998)
(0.907766 0 0.279999)
(0.8755 0 0.311665)
(0.875547 0 0.248377)
(0.876275 0.134096 0.121521)
(0.876614 0.134805 0.184962)
(0.87641 0.0986803 0.15329)
(0.90848 0.133578 0.153198)
(0.84453 0.135157 0.153327)
(0.973025 0.132828 0.279998)
(1 0.0957739 0.28)
(1 0.131093 0.311667)
(1 0.131092 0.248331)
(1 0.165151 0.28)
(0.876706 0.13525 0.374999)
(0.876714 0.135246 0.438333)
(0.876726 0.0989742 0.406666)
(0.90864 0.133962 0.406666)
(0.87595 0.0278761 0.533334)
(0.875503 0 0.501667)
(0.907768 0 0.533333)
(0.875503 0 0.565)
(0.908495 0.0617371 0.343332)
(0.940954 0.0974617 0.343333)
(0.908498 0.0617344 0.47)
(0.940956 0.0974595 0.47)
(0.93737 0.2 0)
(0.940711 0.0974082 0.0894918)
(0.908465 0.061752 0.216653)
(0.940934 0.0974378 0.216639)
(0.940474 0.171703 0.343333)
(0.937349 0.2 0.311666)
(0.968404 0.2 0.343333)
(0.93735 0.2 0.375)
(0.940488 0.171683 0.47)
(0.968404 0.2 0.47)
(0.93735 0.2 0.438333)
(0.937351 0.2 0.501667)
(0.93735 0.2 0.565)
(1 0.2 0.438333)
(1 0.2 0.375)
(0.968404 0.2 0.406667)
(1 0.2 0.121718)
(1 0.2 0.185)
(0.968474 0.2 0.153313)
(0.939975 0.130535 0)
(0.940535 0.0966385 0.0265376)
(0.939818 0.169962 0.0234811)
(0.940552 0.133539 0.0571563)
(0.906545 0.2 0.0269728)
(0.875046 0.2 0)
(0.875179 0.2 0.0592181)
(0.87613 0.0985238 0.0899747)
(0.908062 0.135044 0.089484)
(0.875604 0.171803 0.0895619)
(0.908489 0.061742 0.279997)
(0.87635 0.0615786 0.311665)
(0.876338 0.0616064 0.248329)
(0.844428 0.0605247 0.28)
(0.876673 0.0989187 0.216651)
(0.908602 0.133852 0.216638)
(0.940951 0.0974577 0.279996)
(0.940927 0.134297 0.311665)
(0.94092 0.134282 0.248322)
(0.940472 0.1717 0.279997)
(0.876723 0.0989764 0.343332)
(0.908642 0.133957 0.343332)
(0.940921 0.134297 0.501667)
(0.940956 0.0974616 0.533334)
(0.940475 0.171702 0.533333)
(0.940921 0.134297 0.565)
(0.87673 0.0989728 0.47)
(0.908655 0.133949 0.47)
(0.876356 0.0615631 0.501667)
(0.908498 0.0617346 0.533334)
(0.876356 0.0615638 0.565001)
(0.844436 0.0604425 0.533334)
(0.907768 0 0.343333)
(0.875948 0.0278798 0.343332)
(0.908497 0.0617349 0.406666)
(0.876353 0.0615666 0.374999)
(0.876355 0.0615638 0.438333)
(0.844435 0.0604459 0.406666)
(0.907768 0 0.47)
(0.87595 0.0278761 0.47)
(1 0.0957747 0.47)
(0.97302 0.132825 0.47)
(1 0.165152 0.47)
(1 0.0957745 0.343333)
(0.973025 0.132831 0.343333)
(1 0.165152 0.343333)
(0.940956 0.0974609 0.406666)
(0.94093 0.1343 0.375)
(0.940922 0.134293 0.438333)
(0.940477 0.171701 0.406667)
(1 0.2 0)
(1 0.2 0.058809)
(0.970738 0.2 0.0221227)
(0.907757 0 0.216666)
(0.875931 0.0279314 0.216664)
(0.876132 0.0620977 0.121667)
(0.90837 0.0618323 0.153285)
(0.876286 0.0617117 0.184987)
(0.844388 0.0618741 0.153342)
(1 0.0955878 0.0892458)
(1 0.164708 0.0892827)
(0.973009 0.132386 0.0890733)
(0.940762 0.134122 0.121262)
(0.940871 0.0974043 0.153185)
(0.940893 0.134211 0.184924)
(0.940453 0.171533 0.153167)
(0.973015 0.132811 0.216646)
(1 0.095771 0.216658)
(1 0.165147 0.21666)
(0.968404 0.2 0.279999)
(1 0.2 0.311667)
(1 0.2 0.248333)
(1 0.2 0.501667)
(1 0.2 0.565)
(0.968404 0.2 0.533333)
(0.844433 0.060463 0.343332)
(0.844436 0.0604424 0.47)
(0.969186 0.2 0.089831)
(0.938183 0.2 0.0570412)
(0.940064 0.171109 0.0890378)
(0.84441 0.0606429 0.216667)
(0.940477 0.171663 0.216645)
(0.937344 0.2 0.24833)
(0.968403 0.2 0.216658)
(0.906082 0.2 0.0903462)
(0.938316 0.2 0.122303)
(0.812712 0.0273009 0.343331)
(0.81289 0.0605324 0.311667)
(0.812892 0.0604737 0.374998)
(0.812882 0.0606584 0.248337)
(0.937372 0.2 0.185018)
(0.812894 0.0604608 0.438332)
(0.812715 0.0272809 0.469999)
(0.812894 0.0604587 0.501667)
(0.812893 0.0604608 0.565002)
(0.812714 0.0272829 0.406665)
(0.812712 0.0274265 0.280002)
(0.812715 0.0272809 0.533334)
(0.968989 0.2 0.12183)
(0.812646 0.2 0.280005)
(0.812721 0.0273102 0.374998)
(0.968495 0.2 0.375)
(0.968502 0.2 0.184979)
(0.812654 0.2 0.406666)
(0.812655 0.2 0.533333)
(0.750087 0.2 0.596666)
(0.812723 0.0273048 0.438332)
(0.968495 0.2 0.438333)
(0.750087 0.2 0.47)
(1 0.0937787 0)
(1 0.0957747 0.438333)
(1 0.0957747 0.501667)
(0.940044 0.0961772 0)
(0.875529 0.0968916 0)
(0.907545 0.131438 0)
(0.907786 0.0972714 0.0271157)
(0.970846 0.128447 0)
(0.974009 0.0955088 0.0248279)
(0.908496 0.0617092 0.311665)
(0.940958 0.097435 0.311665)
(0.908758 0.0978074 0.343332)
(0.908748 0.0978012 0.279995)
(0.908718 0.133454 0.311664)
(0.876783 0.098382 0.311664)
(0.908129 0.0278852 0.343333)
(0.908499 0.0617058 0.374999)
(0.90813 0.0278842 0.406666)
(0.907768 0 0.375)
(0.87595 0.027868 0.374999)
(0.972803 0.0965183 0.343333)
(0.94096 0.097434 0.375)
(1 0.0957746 0.375)
(0.972803 0.096518 0.406667)
(0.973028 0.132827 0.375)
(0.908126 0.0278891 0.279998)
(0.907767 0 0.311666)
(0.875947 0.0278748 0.311665)
(1 0.0957743 0.311667)
(0.972802 0.0965166 0.279998)
(0.973027 0.132826 0.311666)
(0.908761 0.0978062 0.406666)
(0.908725 0.133458 0.374999)
(0.876789 0.0983808 0.374999)
(0.94096 0.0974353 0.501667)
(0.908766 0.0978062 0.47)
(0.908501 0.0617052 0.501667)
(0.908747 0.133443 0.501667)
(0.908766 0.0978069 0.533334)
(0.876795 0.0983787 0.501667)
(0.908501 0.0617053 0.438333)
(0.90813 0.0278839 0.47)
(0.907768 0 0.438333)
(0.87595 0.0278668 0.438333)
(0.972802 0.096517 0.47)
(0.94096 0.0974344 0.438333)
(0.973022 0.13282 0.438333)
(0.973026 0.132827 0.501667)
(0.972803 0.0965184 0.533333)
(0.908743 0.133444 0.438333)
(0.876794 0.0983793 0.438333)
(0.90813 0.027884 0.533333)
(0.907768 0 0.501667)
(0.875951 0.0278665 0.501667)
(1 0.152158 0)
(1 0.0957056 0.121355)
(1 0.0952948 0.0570761)
(1 0.165021 0.121407)
(1 0.163715 0.0567342)
(1 0.165152 0.438333)
(1 0.165152 0.501667)
(1 0.0957747 0.565)
(1 0.165152 0.565)
(0.939149 0.164366 0)
(0.90636 0.2 0)
(0.875356 0.165747 0)
(0.90724 0.170605 0.0246699)
(0.968028 0.2 0)
(0.974683 0.16798 0.0216693)
(0.940623 0.0971698 0.0577469)
(0.908279 0.098093 0.089777)
(0.875927 0.0983133 0.0585249)
(0.907897 0.134511 0.0577263)
(0.908269 0.0619098 0.1216)
(0.908039 0.0279365 0.153319)
(0.875819 0.0280837 0.121673)
(0.907615 0 0.121655)
(0.972789 0.0963354 0.089248)
(0.940808 0.0973897 0.121367)
(0.972781 0.0964819 0.153187)
(0.972993 0.132649 0.121255)
(0.973266 0.131677 0.0565139)
(0.908585 0.0976939 0.153231)
(0.876312 0.0981625 0.121602)
(0.908405 0.133336 0.121385)
(0.908484 0.0617154 0.248327)
(0.908719 0.0977634 0.216641)
(0.94095 0.0974233 0.248322)
(0.876764 0.0983626 0.248325)
(0.908702 0.133415 0.24832)
(0.908111 0.0278993 0.216662)
(0.908436 0.0617434 0.184973)
(0.907741 0 0.184998)
(0.875915 0.0279537 0.184996)
(0.940917 0.0973943 0.184934)
(0.972796 0.0965082 0.216648)
(1 0.0957659 0.184967)
(0.973013 0.132788 0.184939)
(0.907763 0 0.248333)
(0.875941 0.0278992 0.248331)
(0.876669 0.0982379 0.184967)
(0.908641 0.133229 0.184933)
(1 0.095773 0.248331)
(0.973025 0.132821 0.248327)
(0.940583 0.171561 0.311666)
(0.973762 0.170549 0.343333)
(0.940584 0.171562 0.375)
(1 0.165152 0.375)
(0.973762 0.17055 0.406667)
(0.968495 0.2 0.311666)
(1 0.165152 0.311667)
(0.973762 0.170548 0.279999)
(1 0.165139 0.184974)
(1 0.16515 0.248332)
(0.940585 0.171559 0.501667)
(0.973758 0.170567 0.47)
(0.940592 0.171549 0.438333)
(0.968495 0.2 0.501667)
(0.973762 0.170549 0.533333)
(0.94096 0.0974355 0.565001)
(0.908501 0.0617055 0.565001)
(0.908746 0.133443 0.565001)
(0.876795 0.0983791 0.565001)
(0.973026 0.132826 0.565)
(0.907768 0 0.565)
(0.87595 0.0278668 0.565001)
(0.940585 0.171559 0.565)
(0.968495 0.2 0.565)
(0.687517 0.2 0.406666)
(0.844341 0.0621583 0.121708)
(0.843949 0 0.121666)
(0.844147 0.028011 0.153337)
(0.844488 0.134046 0.121616)
(0.84454 0.0985802 0.153335)
(0.687517 0.2 0.533333)
(0.8755 0.171367 0.0574826)
(0.939912 0.170804 0.056354)
(0.906452 0.2 0.0581312)
(0.907498 0.17142 0.0892185)
(0.96953 0.2 0.0567619)
(0.97372 0.170187 0.0890591)
(0.940491 0.171277 0.121232)
(0.973745 0.17051 0.153197)
(0.844436 0.0602682 0.311665)
(0.844186 0.0275948 0.343331)
(0.844439 0.0602355 0.374999)
(0.844187 0.0275868 0.406665)
(0.81272 0.0273522 0.311665)
(0.844183 0.0276412 0.279999)
(0.844427 0.0603518 0.248333)
(0.844172 0.0277727 0.216666)
(0.844393 0.0606688 0.185001)
(0.812716 0.0275568 0.248338)
(0.94058 0.171553 0.248326)
(0.940576 0.171497 0.184937)
(0.973754 0.170559 0.216652)
(0.968494 0.2 0.248331)
(0.844441 0.0602268 0.501667)
(0.84444 0.060228 0.438333)
(0.844188 0.0275856 0.47)
(0.812723 0.0273042 0.501667)
(0.844188 0.0275856 0.533334)
(0.84444 0.060228 0.565002)
(0.812723 0.0273048 0.565002)
(0.562502 0.059968 0.596685)
(0.437492 0.0599672 0.596686)
(0.499999 0 0.596683)
(0.499998 0.140111 0.596672)
(0.562501 0.140113 0.596671)
(0.562504 0 0.596682)
(0.499996 0.0599624 0.596686)
(0.437496 0.140112 0.596672)
(0.437494 0 0.596683)
(0.562499 0.2 0.596666)
(0.437501 0.2 0.596666)
(0.5 0.2 0.596666)
(0.842568 0 0.343331)
(0.84257 0 0.47)
(0.748676 0 0.533336)
(0.843333 0 0.217308)
(0.84262 0 0.374998)
(0.842629 0 0.311674)
(0.843559 0 0.185419)
(0.843116 0 0.248774)
(0.982289 0 0)
(0.969719 0 0.0131727)
(0.842621 0 0.438333)
(0.842622 0 0.501667)
(0.842621 0 0.565001)
(0.890625 0 0)
(0.859375 0 0)
(0.906371 0 0.0131333)
(0.953125 0 0)
(0.921875 0 0)
(1 0 0.375)
(1 0 0.438333)
(1 0 0.121667)
(1 0 0.185)
(0.802612 0 0.343361)
(1 0 0)
(1 0 0.0587326)
(1 0 0.311667)
(1 0 0.248333)
(1 0 0.501667)
(1 0 0.565)
(0.802599 0 0.469999)
(0.748674 0 0.596675)
(0.81057 0 0.374997)
(0.810572 0 0.438332)
(0.875 0 0)
(0.810604 0 0.311721)
(0.81156 0 0.249326)
(0.810572 0 0.501667)
(0.810572 0 0.565001)
(0.802598 0 0.59667)
(0.842569 0 0.596668)
(1 0 0.66)
(0.9375 0 0)
(0.968528 0 0)
(0.90625 0 0)
(0.802611 0 0.659975)
(0.842569 0 0.406666)
(0.842567 0 0.660004)
(0.842643 0 0.280072)
(0.84257 0 0.533334)
(0.802598 0 0.406664)
(0.748677 0 0.469998)
(0.687384 0 0.406657)
(0.81057 0 0.628337)
(0.810603 0 0.691619)
(0.802942 0 0.280419)
(0.802599 0 0.533334)
(0.84262 0 0.628335)
(0.842628 0 0.691664)
(1 0 0.406667)
(1 0 0.153333)
(0.748674 0 0.40666)
(1 0 0.406667)
(1 0 0.153333)
(1 -0.253448 0.406667)
(1 -0.253422 0.153123)
(0.875513 -0.13371 0.279986)
(0.875532 -0.133718 0.533336)
(1 -0.126458 0.406667)
(1 -0.251955 0.0269194)
(1 -0.384809 0.148737)
(1 -0.126458 0.153288)
(1 -0.253448 0.279995)
(0.875931 -0.260495 0.406601)
(1 -0.253448 0.533333)
(1 -0.381415 0)
(1 -0.12577 0.0269749)
(0.875907 -0.26046 0.279743)
(1 -0.126458 0.28)
(0.875521 -0.133718 0.406672)
(0.875945 -0.260494 0.533338)
(1 -0.126458 0.533333)
(0.879077 -0.378513 0.276598)
(0.93771 -0.2 0.0880787)
(0.937451 -0.2 0.343396)
(0.937409 -0.2 0.216741)
(0.93741 -0.2 0.469999)
(1 -0.385098 0.406608)
(1 -0.2 0.406667)
(1 -0.253448 0.343333)
(0.939866 -0.257396 0.40664)
(1 -0.253448 0.47)
(0.939858 -0.257157 0.152446)
(1 -0.253223 0.0890323)
(1 -0.2 0.153333)
(1 -0.253446 0.216635)
(0.940665 -0.126067 0.0256073)
(0.875506 -0.133388 0.216535)
(0.87502 -0.2 0.280112)
(0.939424 -0.131005 0.279993)
(0.875521 -0.133723 0.343327)
(0.875511 -0.133715 0.469999)
(0.874994 -0.2 0.533342)
(0.939448 -0.131004 0.533335)
(1 -0.0627085 0.0270524)
(1 -0.126458 0.343333)
(0.939427 -0.131008 0.406667)
(1 -0.126458 0.47)
(0.875883 -0.260335 0.21606)
(0.94075 -0.251905 0.0248944)
(1 -0.2 0.0294664)
(0.939447 -0.130866 0.152985)
(1 -0.126421 0.0895627)
(1 -0.126458 0.216664)
(0.93986 -0.257383 0.279871)
(1 -0.2 0.28)
(0.875927 -0.260484 0.343193)
(0.874977 -0.2 0.406727)
(0.875923 -0.260498 0.469969)
(0.93989 -0.257402 0.533335)
(1 -0.2 0.533333)
(1 -0.385099 0.533335)
(0.939959 -0.256232 0.0877752)
(1 -0.385072 0.279388)
(0.879194 -0.378831 0.405669)
(0.93987 -0.257398 0.34328)
(0.939855 -0.257346 0.216349)
(0.939433 -0.131005 0.343337)
(0.939868 -0.257399 0.469989)
(0.939424 -0.131007 0.469999)
(0.940529 -0.2 0.02)
(0.939607 -0.130167 0.08863)
(0.937443 -0.2 0.153059)
(1 -0.2 0.0899985)
(0.875084 -0.2 0.216551)
(0.939428 -0.130976 0.21661)
(0.937383 -0.2 0.279999)
(0.874978 -0.2 0.343331)
(1 -0.2 0.343333)
(0.937382 -0.2 0.406646)
(1 -0.2 0.216667)
(0.874975 -0.2 0.469956)
(0.937502 -0.2 0.533367)
(1 -0.2 0.47)
(0.971486 -0.22707 0.121091)
(0.971507 -0.227172 0.374965)
(0.971533 -0.227157 0.184873)
(0.971485 -0.227172 0.438352)
(0.941209 -0.314224 0.0852604)
(0.941122 -0.315441 0.343121)
(0.941096 -0.315345 0.215596)
(0.941127 -0.315456 0.469961)
(0.971384 -0.218777 0)
(0.907971 -0.218714 0)
(0.971521 -0.227171 0.311655)
(0.971572 -0.227166 0.248272)
(0.971516 -0.227167 0.501667)
(0.971521 -0.227171 0.564919)
(1 -0.0625985 0.406667)
(1 0 0.375)
(1 0 0.438333)
(1 -0.0625958 0.153288)
(1 0 0.121667)
(1 0 0.185)
(1 -0.313353 0.406663)
(1 -0.225061 0.406667)
(1 -0.253448 0.375)
(0.972262 -0.254848 0.406669)
(1 -0.253448 0.438333)
(1 -0.313272 0.152229)
(0.972266 -0.254752 0.152841)
(1 -0.253368 0.12119)
(1 -0.225047 0.153253)
(1 -0.25344 0.184917)
(1 0 0)
(1 0 0.0582838)
(1 -0.0342947 0.0255042)
(1 -0.0625985 0.28)
(1 0 0.311667)
(1 0 0.248333)
(1 -0.0625985 0.533333)
(1 0 0.501667)
(1 -0.312361 0.023933)
(1 -0.25002 0)
(1 -0.252853 0.056913)
(0.974125 -0.251812 0.0238906)
(1 -0.223455 0.0277658)
(1 -0.383856 0.0801898)
(0.942519 -0.375767 0.14631)
(1 -0.385015 0.214901)
(1 -0.253448 0.311665)
(1 -0.253448 0.248322)
(0.972259 -0.254844 0.279948)
(1 -0.225061 0.279999)
(1 -0.313352 0.279938)
(0.877559 -0.319098 0.40623)
(1 -0.253448 0.501667)
(1 -0.253448 0.565)
(0.972277 -0.254849 0.53333)
(1 -0.225061 0.533333)
(1 -0.313353 0.533334)
(0.940051 -0.39223 0)
(0.907989 -0.252028 0.0253299)
(1 -0.124747 0)
(1 -0.0940234 0.027204)
(1 -0.156794 0.0251553)
(0.877481 -0.318948 0.278551)
(0.9424 -0.376183 0.278381)
(0.879155 -0.378718 0.341449)
(0.942426 -0.376308 0.533335)
(0.940685 -0.187462 0)
(0.938777 -0.228848 0.0876347)
(0.937427 -0.2 0.120829)
(0.965345 -0.2 0.0888282)
(0.938775 -0.229429 0.34334)
(0.937452 -0.2 0.31168)
(0.965119 -0.2 0.343388)
(0.937423 -0.2 0.375005)
(0.938756 -0.229413 0.216583)
(0.937468 -0.2 0.184912)
(0.937386 -0.2 0.248274)
(0.965153 -0.2 0.216589)
(0.938759 -0.229426 0.469997)
(0.937404 -0.2 0.438329)
(0.937499 -0.2 0.50171)
(0.965191 -0.2 0.47001)
(0.937474 -0.2 0.565024)
(1 -0.385098 0.469984)
(1 -0.385091 0.343137)
(0.94242 -0.376291 0.406304)
(1 -0.2 0.375)
(0.965144 -0.2 0.406911)
(1 -0.2 0.438333)
(0.972263 -0.254848 0.343317)
(1 -0.225061 0.343333)
(0.93987 -0.257394 0.37496)
(0.939861 -0.257401 0.438316)
(0.938752 -0.229424 0.406659)
(0.972265 -0.254849 0.469998)
(1 -0.225061 0.47)
(0.939875 -0.256878 0.120208)
(0.939855 -0.25729 0.18447)
(0.938769 -0.229337 0.152836)
(0.972373 -0.254315 0.088449)
(1 -0.224907 0.0895466)
(0.965146 -0.2 0.15325)
(1 -0.2 0.121667)
(1 -0.2 0.185)
(0.972265 -0.25483 0.21652)
(1 -0.22506 0.216657)
(0.906366 -0.2 0.02)
(1 -0.0631158 0)
(0.936884 0 0)
(0.940643 -0.249959 0)
(0.939638 -0.224208 0.0203464)
(0.964841 -0.2 0.02)
(1 -0.187673 0)
(1 -0.2 0.0584516)
(0.939867 -0.257392 0.311585)
(0.939861 -0.257372 0.248132)
(0.938748 -0.229422 0.279963)
(0.965006 -0.2 0.279919)
(1 -0.2 0.311667)
(1 -0.2 0.248333)
(0.939881 -0.257402 0.501665)
(0.939882 -0.257399 0.565002)
(0.938817 -0.229428 0.533344)
(0.965362 -0.2 0.533337)
(1 -0.2 0.501667)
(1 -0.2 0.565)
(1 -0.313353 0.469999)
(0.94028 -0.059933 0.026091)
(1 -0.0353204 0)
(1 -0.09375 0)
(0.96468 0 0)
(0.906221 0 0)
(0.942412 -0.376254 0.342562)
(1 -0.0625985 0.343333)
(0.942424 -0.376305 0.469852)
(1 -0.0625985 0.47)
(1 -0.313008 0.0865142)
(1 -0.062569 0.0895656)
(0.971509 -0.227133 0.153089)
(1 -0.225014 0.121466)
(0.972281 -0.254624 0.120768)
(0.938753 -0.229217 0.120546)
(0.971548 -0.226878 0.0885929)
(0.96503 -0.2 0.121349)
(1 -0.0625984 0.216664)
(1 -0.225061 0.375)
(0.9715 -0.227171 0.406729)
(0.972263 -0.254848 0.374985)
(0.965143 -0.2 0.374846)
(0.971504 -0.227171 0.34334)
(0.938767 -0.229422 0.37499)
(1 -0.225057 0.184971)
(0.972266 -0.254807 0.184734)
(0.938773 -0.229392 0.184771)
(0.965202 -0.2 0.184912)
(0.971521 -0.22716 0.216594)
(1 -0.225061 0.438333)
(0.972259 -0.254849 0.438333)
(0.965055 -0.2 0.43838)
(0.938743 -0.229429 0.438328)
(0.971514 -0.227169 0.470004)
(1 -0.225061 0.501667)
(1 -0.225061 0.565)
(0.94133 -0.312643 0.0240068)
(0.97143 -0.249993 0)
(0.907975 -0.249945 0)
(0.942992 -0.37554 0.0762645)
(0.94111 -0.315067 0.150879)
(0.942398 -0.37604 0.213275)
(0.941112 -0.315416 0.279533)
(0.877538 -0.319042 0.342516)
(1 -0.313353 0.343319)
(0.941125 -0.315452 0.406569)
(0.972265 -0.254847 0.311637)
(1 -0.31334 0.216398)
(0.972271 -0.25484 0.248247)
(0.877568 -0.31912 0.46981)
(0.94113 -0.315456 0.533336)
(0.972269 -0.254849 0.501665)
(0.972269 -0.254849 0.564987)
(0.907993 -0.18745 0)
(0.940651 -0.218725 0)
(0.971352 -0.187493 0)
(0.972926 -0.223782 0.0206633)
(1 -0.218925 0)
(0.907326 -0.224363 0.0212226)
(1 -0.156026 0)
(1 -0.224548 0.0576675)
(0.938769 -0.22943 0.311653)
(0.965187 -0.2 0.311656)
(0.971476 -0.227168 0.27996)
(1 -0.225061 0.311666)
(0.938759 -0.229418 0.24826)
(0.965416 -0.2 0.248221)
(1 -0.225061 0.24833)
(0.938802 -0.229428 0.50168)
(0.965141 -0.2 0.501663)
(0.971572 -0.227168 0.533326)
(0.93879 -0.229428 0.564999)
(0.96515 -0.2 0.564723)
(0.939494 -0.0617407 0.343332)
(0.939494 -0.0617379 0.47)
(0.939632 -0.0613086 0.0893774)
(0.939491 -0.0617587 0.216627)
(0.875548 -0.0612024 0.279984)
(0.875554 -0.0611151 0.533334)
(0.875552 -0.0611171 0.406666)
(0.939494 -0.0617385 0.406667)
(0.939493 -0.0617482 0.279993)
(0.875551 -0.0611324 0.343329)
(0.875552 -0.0611142 0.47)
(0.939496 -0.0617378 0.533333)
(0.939505 -0.0616992 0.153149)
(0.875534 -0.0615169 0.216586)
(0.971128 -0.0290538 0.375)
(0.971128 -0.0290537 0.438333)
(0.971139 -0.0290293 0.121546)
(0.971128 -0.0290542 0.184982)
(0.812601 -0.0606184 0.343324)
(0.803532 -0.2 0.34354)
(0.812602 -0.0605508 0.47)
(0.803163 -0.2 0.469989)
(0.814047 -0.321387 0.342016)
(0.814107 -0.32154 0.469666)
(0.971425 -0.156102 0)
(0.90686 -0.166303 0.0530206)
(0.970833 -0.164182 0.121311)
(0.971152 -0.163544 0.0557261)
(0.970816 -0.164233 0.374987)
(0.970817 -0.164235 0.311672)
(0.970824 -0.16423 0.184942)
(0.970844 -0.164227 0.248315)
(0.970811 -0.164231 0.438355)
(0.970804 -0.164227 0.501658)
(0.970846 -0.164234 0.564972)
(0.969165 -0.0308106 0)
(0.97123 -0.0929247 0)
(0.907063 -0.028769 0)
(0.971128 -0.0290543 0.311666)
(0.971128 -0.0290537 0.501667)
(0.9714 -0.0287074 0.0575853)
(0.972732 -0.0943063 0.0571018)
(0.906919 -0.0272953 0.0571182)
(0.971128 -0.0290556 0.248331)
(1 -0.034575 0.406667)
(1 -0.0345746 0.15332)
(0.802528 0 0.406664)
(0.812943 -0.261519 0.406479)
(0.907894 -0.126185 0.0258374)
(0.812606 -0.133755 0.533333)
(1 -0.034575 0.28)
(1 -0.155979 0.406667)
(1 -0.126458 0.375)
(0.971822 -0.128697 0.406673)
(1 -0.126458 0.438333)
(1 -0.034575 0.533333)
(1 -0.15598 0.15332)
(0.971831 -0.128657 0.153187)
(1 -0.126451 0.121521)
(1 -0.126458 0.184988)
(0.812598 -0.133765 0.406661)
(0.80253 0 0.533334)
(0.973977 -0.126084 0.0246043)
(1 -0.126352 0.0573499)
(0.971818 -0.128696 0.279996)
(1 -0.126458 0.311667)
(1 -0.126458 0.248333)
(1 -0.155979 0.28)
(0.97183 -0.128696 0.53333)
(1 -0.126458 0.501667)
(1 -0.155979 0.533333)
(1 -0.126458 0.565)
(0.906626 -0.2 0.0877651)
(0.939671 -0.2 0.0565396)
(0.938562 -0.166175 0.0877485)
(0.938532 -0.16658 0.343355)
(0.938516 -0.166565 0.216652)
(0.938508 -0.166579 0.469997)
(1 -0.034575 0.343333)
(0.938761 -0.0283396 0.406667)
(1 -0.034575 0.47)
(1 -0.0345498 0.0898218)
(1 -0.034575 0.216666)
(0.938764 -0.0283323 0.153229)
(0.815547 -0.381365 0.40507)
(0.907382 -0.131411 0.088229)
(0.94058 -0.124444 0)
(0.939979 -0.160698 0.0225503)
(0.939984 -0.128777 0.0563954)
(0.940708 -0.0929872 0.0262901)
(0.93943 -0.131007 0.311667)
(0.939425 -0.130995 0.248309)
(0.938504 -0.166577 0.279998)
(0.939439 -0.131003 0.501668)
(0.938568 -0.166579 0.533344)
(0.939443 -0.131007 0.565)
(0.97368 -0.0610119 0.0248689)
(1 -0.062477 0.0573828)
(0.939172 -0.0263621 0.0248615)
(0.93876 -0.0283442 0.279997)
(0.971822 -0.128697 0.343335)
(1 -0.155979 0.343333)
(0.93943 -0.13101 0.375001)
(0.939422 -0.131006 0.438333)
(0.93851 -0.16658 0.406662)
(0.971817 -0.128696 0.469999)
(1 -0.155979 0.47)
(0.938762 -0.0283394 0.533333)
(0.939483 -0.130675 0.120928)
(0.938533 -0.16652 0.152963)
(0.939435 -0.13094 0.184848)
(0.971957 -0.128385 0.0892109)
(1 -0.155977 0.0898164)
(1 -0.0942806 0.0894893)
(0.971823 -0.128691 0.216644)
(1 -0.155979 0.216666)
(0.938761 -0.0283406 0.343333)
(0.938761 -0.0283394 0.47)
(0.940003 -0.0952413 0.089159)
(0.938805 -0.0281542 0.08946)
(0.938759 -0.0283504 0.21665)
(0.939989 -0.0600043 0)
(1 -0.0625985 0.375)
(1 -0.0625985 0.438333)
(0.971894 -0.0619288 0.406667)
(1 -0.0625901 0.121521)
(1 -0.0625978 0.184988)
(0.971901 -0.0619081 0.153235)
(0.907647 -0.0594709 0.026441)
(1 -0.0625985 0.311667)
(1 -0.0625985 0.248333)
(0.971894 -0.0619305 0.279998)
(1 -0.0625985 0.501667)
(0.971895 -0.0619286 0.533333)
(0.939896 -0.0607193 0.0574814)
(0.971894 -0.0619292 0.343333)
(0.971894 -0.0619286 0.47)
(0.972014 -0.0617623 0.0894805)
(0.971894 -0.0619304 0.216651)
(0.939494 -0.0617391 0.375)
(0.939494 -0.0617434 0.311664)
(0.939494 -0.061738 0.438333)
(0.939495 -0.0617374 0.501667)
(0.907397 -0.0609649 0.0893051)
(0.939537 -0.061581 0.121307)
(0.939492 -0.0617543 0.248316)
(0.939494 -0.0617461 0.184912)
(0.939496 -0.0617379 0.565)
(1 -0.034575 0.375)
(0.971128 -0.0290538 0.406667)
(0.971128 -0.029054 0.343333)
(0.971894 -0.0619289 0.375)
(0.938761 -0.0283399 0.375)
(1 -0.034575 0.438333)
(0.971894 -0.0619287 0.438333)
(0.938761 -0.0283394 0.438333)
(0.971128 -0.0290537 0.47)
(0.971131 -0.0290479 0.153287)
(1 -0.0345716 0.121617)
(0.971178 -0.0289679 0.0896971)
(0.971923 -0.0618654 0.121433)
(0.938775 -0.0282878 0.121421)
(1 -0.034575 0.184997)
(0.971128 -0.0290559 0.21666)
(0.971895 -0.0619249 0.184961)
(0.93876 -0.0283476 0.184958)
(0.81261 -0.133807 0.343305)
(0.802542 0 0.343361)
(0.812601 -0.0605618 0.406663)
(0.803175 -0.2 0.406732)
(0.812943 -0.261496 0.342991)
(0.803168 -0.2 0.533266)
(0.812602 -0.133757 0.470004)
(0.812602 -0.0605505 0.533334)
(0.80253 0 0.469999)
(0.812951 -0.261531 0.469922)
(0.81547 -0.381152 0.340484)
(0.814087 -0.321495 0.40592)
(0.940639 -0.156065 0)
(0.907373 -0.161513 0.0223693)
(0.97296 -0.160023 0.0229417)
(0.971407 -0.124649 0)
(0.906644 -0.2 0.0573749)
(0.906803 -0.166897 0.087293)
(0.938742 -0.165382 0.0536874)
(0.907604 -0.129379 0.0561868)
(0.965413 -0.2 0.0553265)
(0.93853 -0.166436 0.120704)
(0.970871 -0.164062 0.0889735)
(0.970828 -0.164213 0.153207)
(1 -0.155981 0.121617)
(0.971854 -0.12859 0.121315)
(1 -0.155964 0.057686)
(0.972421 -0.12776 0.0568028)
(0.938528 -0.16658 0.311676)
(0.970824 -0.164232 0.343343)
(0.938521 -0.16658 0.375003)
(1 -0.155979 0.375)
(0.970831 -0.16423 0.406706)
(0.971821 -0.128698 0.374999)
(0.970803 -0.16423 0.279988)
(1 -0.155979 0.311667)
(0.97182 -0.128698 0.311667)
(0.93851 -0.166574 0.24831)
(0.938536 -0.166553 0.184866)
(0.97083 -0.164229 0.216644)
(1 -0.15598 0.184997)
(0.971824 -0.128682 0.18494)
(1 -0.155979 0.248333)
(0.971824 -0.128694 0.248323)
(0.938551 -0.166578 0.50168)
(0.938503 -0.166581 0.438332)
(0.970802 -0.164229 0.469994)
(1 -0.155979 0.438333)
(0.971819 -0.128697 0.438338)
(0.970862 -0.16423 0.533315)
(1 -0.155979 0.501667)
(0.971821 -0.128696 0.501665)
(0.93855 -0.166581 0.565007)
(1 -0.155979 0.565)
(0.971828 -0.128698 0.564995)
(0.940423 -0.0924045 0)
(0.90759 -0.0595729 0)
(0.970741 -0.0610302 0)
(0.938957 -0.0292557 0)
(0.972397 -0.0276739 0.0245357)
(0.974081 -0.0935279 0.0248928)
(0.907004 -0.0259219 0.0249193)
(1 -0.034575 0.311667)
(1 -0.034575 0.501667)
(1 -0.034397 0.0577546)
(1 -0.0942029 0.0573994)
(1 -0.034575 0.248333)
(0.971894 -0.0619297 0.311666)
(0.938761 -0.0283418 0.311665)
(0.971128 -0.0290549 0.279999)
(0.971894 -0.0619285 0.501667)
(0.938762 -0.0283393 0.501667)
(0.971129 -0.0290537 0.533333)
(0.940305 -0.0942989 0.0573368)
(0.907522 -0.0603021 0.0575693)
(0.972414 -0.0615263 0.0572819)
(0.938891 -0.0276887 0.0572529)
(0.972288 -0.0946939 0.0893441)
(0.906892 -0.0278053 0.0893327)
(0.971893 -0.0619311 0.248327)
(0.93876 -0.0283474 0.248326)
(0.98729 -0.0126788 0.390833)
(0.98729 -0.0126788 0.4225)
(0.98729 -0.0126777 0.137486)
(0.98729 -0.0126785 0.169163)
(0.907962 -0.156029 0)
(0.971771 -0.226237 0.055176)
(0.906992 -0.228205 0.0538135)
(0.98729 -0.0126788 0.295833)
(0.98729 -0.0126788 0.5175)
(0.987775 -0.0121464 0.0420835)
(0.98729 -0.0126788 0.264167)
(0.98729 -0.0126788 0.549167)
(0.98729 -0.0126788 0.359167)
(0.98729 -0.0126788 0.454167)
(0.987292 -0.0126726 0.105783)
(0.98729 -0.0126788 0.200832)
(0.890982 -0.184181 0.0340082)
(0.922216 -0.184059 0.0331722)
(0.986717 -0.181449 0.137448)
(0.986709 -0.18145 0.105646)
(0.986998 -0.18115 0.0391722)
(0.986664 -0.181407 0.0732757)
(0.986783 -0.181448 0.39085)
(0.986628 -0.181451 0.359186)
(0.986582 -0.181455 0.295816)
(0.986726 -0.18145 0.327449)
(0.986611 -0.181452 0.16916)
(0.98663 -0.181457 0.200867)
(0.986653 -0.181453 0.264119)
(0.986761 -0.181451 0.232483)
(0.986683 -0.181451 0.422572)
(0.986594 -0.181452 0.45414)
(0.986552 -0.181456 0.517566)
(0.986584 -0.181461 0.485866)
(0.986747 -0.181452 0.54916)
(0.986724 -0.181453 0.580861)
(0.98729 -0.0126788 0.3275)
(0.98729 -0.0126788 0.485833)
(0.987318 -0.0126339 0.0740077)
(0.98729 -0.0126788 0.2325)
(1 0 0.390833)
(1 0 0.4225)
(0.984927 0 0.406667)
(1 -0.0150428 0.406667)
(1 0 0.1375)
(1 0 0.169167)
(0.984927 0 0.15333)
(1 -0.0150429 0.15333)
(1 -0.0155977 0.0287179)
(1 -0.0150427 0.28)
(1 -0.0150428 0.533333)
(1 0 0.359167)
(1 0 0.3275)
(1 -0.0150428 0.343333)
(1 0 0.454167)
(1 0 0.485833)
(1 -0.0150428 0.47)
(1 0 0.105833)
(1 0 0.0741667)
(1 -0.0150345 0.089939)
(1 0 0.200833)
(1 0 0.2325)
(1 -0.0150427 0.216667)
(1 -0.2 0.390833)
(0.984199 -0.2 0.40693)
(1 -0.2 0.4225)
(1 -0.178755 0.406667)
(0.984149 -0.2 0.153284)
(1 -0.2 0.1375)
(1 -0.2 0.169167)
(1 -0.178757 0.153329)
(0.890647 -0.2 0.02)
(0.907704 -0.25751 0.087463)
(0.940226 -0.254704 0.05559)
(1 -0.178789 0.0280818)
(0.983176 -0.2 0.02)
(1 -0.2 0.0432099)
(0.984499 -0.2 0.280004)
(1 -0.2 0.295833)
(1 -0.2 0.264167)
(1 -0.178755 0.28)
(0.984189 -0.2 0.532877)
(1 -0.2 0.5175)
(1 -0.2 0.549167)
(1 -0.178755 0.533333)
(0.922266 -0.2 0.02)
(0.937386 -0.2 0.0359585)
(0.938008 -0.182531 0.0142707)
(0.984009 -0.2 0.089407)
(1 -0.2 0.105833)
(1 -0.2 0.0741626)
(1 -0.178757 0.0899348)
(0.984432 -0.2 0.343193)
(1 -0.2 0.359167)
(1 -0.2 0.3275)
(1 -0.178755 0.343333)
(0.984203 -0.2 0.216711)
(1 -0.2 0.200833)
(1 -0.2 0.2325)
(1 -0.178755 0.216667)
(0.983993 -0.2 0.469912)
(1 -0.2 0.454167)
(1 -0.2 0.485833)
(1 -0.178755 0.47)
(1 -0.2 0.580833)
(1 -0.0150428 0.375)
(1 -0.0150428 0.438333)
(1 -0.0150428 0.12165)
(1 -0.0150427 0.184999)
(1 -0.0149406 0.0581173)
(0.98924 -0.0288094 0.0250586)
(1 -0.0301783 0.0416854)
(0.971303 -0.0108418 0.0250753)
(1 -0.0150428 0.311667)
(1 -0.0150427 0.248333)
(1 -0.0150428 0.501667)
(0.988854 -0.16102 0.0235586)
(1 -0.160451 0.0415343)
(0.968992 -0.2 0.105433)
(0.969096 -0.2 0.0723661)
(0.970344 -0.182552 0.0888424)
(0.968853 -0.2 0.359133)
(0.968854 -0.2 0.327714)
(0.970333 -0.182606 0.343361)
(0.968895 -0.2 0.200674)
(0.968902 -0.2 0.232541)
(0.970353 -0.182611 0.216621)
(0.968882 -0.2 0.454225)
(0.968665 -0.2 0.485633)
(0.970318 -0.182604 0.46999)
(0.968747 -0.2 0.581048)
(0.983606 -0.2 0.374906)
(1 -0.178755 0.375)
(0.968988 -0.2 0.390757)
(0.968913 -0.2 0.422755)
(0.970357 -0.182605 0.406798)
(0.98428 -0.2 0.438277)
(1 -0.178755 0.438333)
(0.9689 -0.2 0.137434)
(0.968955 -0.2 0.169116)
(0.970343 -0.182602 0.153252)
(0.98441 -0.2 0.121697)
(1 -0.178758 0.12165)
(0.983897 -0.2 0.18491)
(1 -0.178756 0.184999)
(0.90655 -0.182856 0.0155537)
(0.906475 -0.2 0.03621)
(0.970479 -0.181538 0.0162529)
(0.969452 -0.2 0.0373458)
(0.984228 -0.2 0.0556218)
(1 -0.17872 0.0580816)
(0.968812 -0.2 0.295791)
(0.968762 -0.2 0.26424)
(0.970276 -0.182606 0.279964)
(0.984005 -0.2 0.31179)
(1 -0.178755 0.311667)
(0.984086 -0.2 0.248302)
(1 -0.178755 0.248333)
(0.968915 -0.2 0.51749)
(0.969151 -0.2 0.548957)
(0.970451 -0.182606 0.533296)
(0.98376 -0.2 0.501469)
(1 -0.178755 0.501667)
(0.984434 -0.2 0.564882)
(1 -0.178755 0.565)
(0.970309 -0.182599 0.121381)
(0.970323 -0.182607 0.374932)
(0.970351 -0.182617 0.184932)
(0.970303 -0.182608 0.438384)
(0.970334 -0.182614 0.311676)
(0.97044 -0.182607 0.248287)
(0.970295 -0.182604 0.501644)
(0.970371 -0.182611 0.564884)
(0.970964 -0.0129837 0.406667)
(0.970965 -0.0129828 0.153315)
(0.970964 -0.0129839 0.28)
(0.970964 -0.0129837 0.533333)
(0.970964 -0.0129837 0.343333)
(0.970964 -0.0129837 0.47)
(0.970988 -0.01296 0.0898207)
(0.970964 -0.012984 0.216665)
(0.970964 -0.0129837 0.375)
(0.970964 -0.0129838 0.311667)
(0.970964 -0.0129837 0.438333)
(0.970964 -0.0129836 0.501667)
(0.970968 -0.0129794 0.121608)
(0.971081 -0.012735 0.0577979)
(0.970964 -0.0129838 0.184995)
(0.970964 -0.012984 0.248333)
(0.987058 -0.0290401 0.375)
(0.971169 -0.0289059 0.390833)
(0.971169 -0.028906 0.359167)
(0.971169 -0.0289059 0.4225)
(0.987058 -0.02904 0.438333)
(0.971169 -0.0289059 0.454167)
(0.971173 -0.0288983 0.137449)
(0.987061 -0.0290326 0.121608)
(0.971187 -0.0288765 0.105693)
(0.97117 -0.0289046 0.169149)
(0.987058 -0.02904 0.184995)
(0.971169 -0.0289065 0.200827)
(0.906884 -0.165991 0.0358541)
(0.90658 -0.183688 0.0518028)
(0.922596 -0.166722 0.0521661)
(0.891034 -0.167072 0.0522459)
(0.970814 -0.164652 0.105344)
(0.970798 -0.16469 0.137348)
(0.98684 -0.162861 0.121549)
(0.971612 -0.163247 0.0388496)
(0.97041 -0.182366 0.0545627)
(0.970884 -0.164461 0.0726531)
(0.987044 -0.162546 0.0570189)
(0.970778 -0.164708 0.359162)
(0.986801 -0.16287 0.374995)
(0.970812 -0.164707 0.390837)
(0.970789 -0.164711 0.327522)
(0.970763 -0.164708 0.295824)
(0.986812 -0.162871 0.311669)
(0.970792 -0.164701 0.169107)
(0.970785 -0.164722 0.200794)
(0.986806 -0.16287 0.184984)
(0.970777 -0.164707 0.264158)
(0.970812 -0.164708 0.232488)
(0.986827 -0.16287 0.248324)
(0.970792 -0.16471 0.42256)
(0.970769 -0.164708 0.454176)
(0.986821 -0.16287 0.438339)
(0.970741 -0.164705 0.48581)
(0.970786 -0.164705 0.517495)
(0.986788 -0.162869 0.50166)
(0.970848 -0.164708 0.549124)
(0.970777 -0.164717 0.580847)
(0.986846 -0.162871 0.56499)
(0.971169 -0.0289061 0.3275)
(0.987058 -0.0290401 0.311667)
(0.971169 -0.0289063 0.295833)
(0.971169 -0.0289059 0.485833)
(0.987058 -0.02904 0.501667)
(0.971169 -0.0289059 0.5175)
(0.971269 -0.0287775 0.0737876)
(0.971764 -0.0282673 0.0413903)
(0.987298 -0.0289014 0.0578063)
(0.971169 -0.0289068 0.232498)
(0.987058 -0.0290403 0.248333)
(0.971169 -0.0289066 0.264166)
(0.971169 -0.0289059 0.549167)
(1 -0.0303865 0.390833)
(0.987058 -0.02904 0.406667)
(1 -0.0303865 0.4225)
(0.987059 -0.0290385 0.153315)
(1 -0.0303859 0.137483)
(1 -0.0303865 0.169163)
(0.891197 -0.164413 0.0198053)
(1 -0.0303865 0.295833)
(1 -0.0303865 0.264167)
(0.987058 -0.0290402 0.28)
(1 -0.160647 0.390833)
(0.986833 -0.16287 0.406692)
(1 -0.160647 0.4225)
(1 -0.0303865 0.5175)
(1 -0.0303865 0.549167)
(0.987058 -0.02904 0.533333)
(0.986822 -0.162868 0.153294)
(1 -0.160649 0.137483)
(1 -0.160648 0.169163)
(0.986827 -0.16287 0.279994)
(1 -0.160647 0.295833)
(1 -0.160647 0.264167)
(0.98683 -0.16287 0.533312)
(1 -0.160647 0.5175)
(1 -0.160647 0.549167)
(0.922556 -0.2 0.052649)
(0.937941 -0.183403 0.0518533)
(1 -0.0303865 0.359167)
(0.987058 -0.0290401 0.343333)
(1 -0.0303865 0.3275)
(1 -0.0303865 0.454167)
(0.987058 -0.02904 0.47)
(1 -0.0303865 0.485833)
(1 -0.0303791 0.105767)
(0.987079 -0.0290065 0.0898222)
(1 -0.0303335 0.0739142)
(1 -0.0303865 0.200833)
(0.987058 -0.0290404 0.216665)
(1 -0.0303865 0.2325)
(0.890962 -0.2 0.0536084)
(0.923073 -0.164056 0.0196515)
(0.938626 -0.165348 0.035956)
(0.986834 -0.16287 0.343327)
(1 -0.160647 0.359167)
(1 -0.160647 0.3275)
(0.9868 -0.16287 0.469995)
(1 -0.160647 0.454167)
(1 -0.160647 0.485833)
(0.986833 -0.162823 0.0895778)
(1 -0.16065 0.105766)
(1 -0.160627 0.0738943)
(0.986828 -0.162871 0.216664)
(1 -0.160647 0.200832)
(1 -0.160647 0.2325)
(1 -0.160647 0.580833)
(1 -0.0149764 0.390833)
(0.984988 0 0.390833)
(0.987286 -0.0126834 0.406667)
(0.987286 -0.0126834 0.375)
(0.971029 -0.0130352 0.390833)
(0.986993 -0.0289481 0.390833)
(1 -0.0149764 0.359167)
(1 -0.0149764 0.4225)
(0.984988 0 0.4225)
(0.971029 -0.0130352 0.4225)
(0.987286 -0.0126835 0.438333)
(0.986993 -0.0289481 0.4225)
(1 -0.0149764 0.454167)
(0.987286 -0.0126828 0.153325)
(1 -0.0149766 0.137493)
(0.984988 0 0.137494)
(0.987286 -0.0126805 0.121638)
(0.971031 -0.0130335 0.137472)
(0.986994 -0.0289453 0.137472)
(1 -0.0149764 0.169165)
(0.984988 0 0.169166)
(0.987286 -0.0126834 0.184998)
(0.971029 -0.0130349 0.169159)
(0.986993 -0.0289476 0.169158)
(1 -0.0149744 0.105805)
(1 -0.0149763 0.200833)
(0.907931 -0.124336 0)
(0.890843 -0.183527 0.0148749)
(0.922237 -0.183394 0.014295)
(0.891073 -0.166594 0.035473)
(0.90692 -0.229482 0.087275)
(0.938912 -0.227771 0.0539939)
(0.972774 -0.253556 0.0559571)
(0.984636 -0.2 0.0384719)
(0.984159 -0.2 0.0729227)
(0.986756 -0.163109 0.137441)
(0.907814 -0.255346 0.0555575)
(0.891145 -0.2 0.0366974)
(0.922323 -0.2 0.0352057)
(0.987416 -0.162291 0.0404041)
(0.986764 -0.163112 0.39084)
(0.986725 -0.163112 0.295829)
(0.986731 -0.163111 0.169148)
(0.986741 -0.163112 0.264155)
(1 -0.179328 0.137493)
(1 -0.179329 0.105804)
(1 -0.179256 0.0422516)
(1 -0.179321 0.0740439)
(1 -0.179326 0.390833)
(1 -0.179326 0.359167)
(1 -0.179326 0.295833)
(1 -0.179326 0.3275)
(1 -0.179327 0.169165)
(1 -0.179326 0.200833)
(1 -0.179326 0.264167)
(1 -0.179326 0.2325)
(0.986748 -0.163112 0.422525)
(0.986718 -0.163111 0.517506)
(0.986769 -0.163111 0.549155)
(0.98862 -0.0112176 0.026026)
(1 -0.0149764 0.295833)
(1 -0.0149764 0.3275)
(1 -0.0149764 0.5175)
(1 -0.0149764 0.485833)
(0.984339 -0.2 0.137419)
(0.984332 -0.2 0.105668)
(0.984682 -0.2 0.390879)
(0.984046 -0.2 0.359288)
(0.983972 -0.2 0.169205)
(0.984051 -0.2 0.20103)
(1 -0.014792 0.0422398)
(1 -0.0149448 0.0740647)
(1 -0.0149764 0.264167)
(1 -0.0149763 0.2325)
(0.984208 -0.2 0.422699)
(0.983901 -0.2 0.454052)
(1 -0.179326 0.4225)
(1 -0.179326 0.454167)
(1 -0.179326 0.5175)
(1 -0.179326 0.485833)
(1 -0.0149764 0.549167)
(1 -0.179326 0.549167)
(1 -0.179326 0.580833)
(0.983841 -0.2 0.295766)
(0.984405 -0.2 0.327252)
(0.984095 -0.2 0.263974)
(0.984543 -0.2 0.23244)
(0.983763 -0.2 0.517867)
(0.983993 -0.2 0.486034)
(0.984383 -0.2 0.549267)
(0.984417 -0.2 0.580914)
(0.987286 -0.0126835 0.28)
(0.987286 -0.0126834 0.311667)
(0.971029 -0.0130353 0.295833)
(0.986993 -0.0289482 0.295833)
(0.987286 -0.0126835 0.533333)
(0.987286 -0.0126835 0.501667)
(0.971029 -0.0130351 0.5175)
(0.986993 -0.0289481 0.5175)
(0.987399 -0.0125355 0.0580577)
(0.987715 -0.0287081 0.0416254)
(0.971259 -0.0123134 0.0416105)
(0.987286 -0.0126835 0.248333)
(0.971029 -0.0130353 0.264166)
(0.986993 -0.0289482 0.264166)
(0.971029 -0.0130351 0.549167)
(0.986993 -0.0289481 0.549167)
(0.971029 -0.0130352 0.359167)
(0.986993 -0.0289481 0.359167)
(0.987286 -0.0126834 0.343333)
(0.971029 -0.0130351 0.454167)
(0.986993 -0.0289481 0.454167)
(0.987286 -0.0126835 0.47)
(0.971038 -0.0130269 0.105743)
(0.987 -0.0289341 0.105744)
(0.987292 -0.0126665 0.0899031)
(0.971029 -0.0130353 0.200831)
(0.986993 -0.0289482 0.200831)
(0.987286 -0.0126835 0.216666)
(0.987471 -0.180465 0.0206864)
(0.922269 -0.183933 0.0513068)
(0.890938 -0.184053 0.0517793)
(0.906566 -0.183895 0.0338797)
(0.922644 -0.166295 0.035199)
(0.93779 -0.183544 0.0332683)
(0.9704 -0.182905 0.105337)
(0.970376 -0.18292 0.137386)
(0.986751 -0.18116 0.121599)
(0.98668 -0.181162 0.153301)
(0.986758 -0.163096 0.105629)
(0.986651 -0.181144 0.0895481)
(0.970362 -0.18282 0.072187)
(0.970652 -0.18244 0.0359924)
(0.986759 -0.181041 0.0565529)
(0.986792 -0.163003 0.0734532)
(0.970342 -0.182924 0.35915)
(0.986561 -0.181162 0.374975)
(0.970426 -0.182923 0.390818)
(0.986716 -0.181158 0.406751)
(0.986733 -0.163112 0.359168)
(0.986751 -0.181158 0.3433)
(0.970361 -0.182927 0.327581)
(0.986754 -0.163113 0.327493)
(0.970309 -0.182927 0.295809)
(0.986644 -0.181163 0.311687)
(0.986745 -0.181163 0.279989)
(0.970367 -0.182932 0.200754)
(0.970386 -0.182925 0.169114)
(0.986615 -0.181164 0.184974)
(0.986734 -0.163114 0.200831)
(0.986702 -0.181164 0.216674)
(0.970409 -0.182926 0.232496)
(0.986764 -0.163112 0.232494)
(0.970321 -0.182925 0.264172)
(0.986685 -0.181168 0.248312)
(0.97034 -0.182924 0.454192)
(0.970375 -0.182925 0.422646)
(0.986703 -0.181162 0.438332)
(0.986724 -0.163113 0.454163)
(0.98662 -0.181166 0.469978)
(0.970251 -0.182923 0.485755)
(0.986714 -0.163112 0.485834)
(0.970369 -0.182923 0.517496)
(0.986557 -0.181171 0.501631)
(0.986702 -0.18116 0.533231)
(0.970313 -0.18293 0.580897)
(0.97051 -0.182925 0.549055)
(0.986774 -0.18116 0.564965)
(0.986754 -0.163113 0.58084)
(0.971029 -0.0130352 0.3275)
(0.986993 -0.0289481 0.3275)
(0.971029 -0.0130351 0.485833)
(0.986993 -0.0289481 0.485833)
(0.971082 -0.0129697 0.0738884)
(0.987054 -0.0288809 0.0738909)
(0.971029 -0.0130354 0.232499)
(0.986993 -0.0289483 0.232499)
(0.972566 -0.283662 0.120132)
(0.972535 -0.283949 0.374974)
(0.972532 -0.283886 0.184475)
(0.972534 -0.28395 0.438324)
(0.906889 -0.229968 0.120304)
(0.906769 -0.167184 0.120448)
(0.906744 -0.167413 0.311678)
(0.906897 -0.230291 0.374985)
(0.906884 -0.23029 0.311644)
(0.906757 -0.167415 0.375003)
(0.906757 -0.167397 0.248353)
(0.906872 -0.230229 0.1847)
(0.906741 -0.167347 0.184822)
(0.906896 -0.230277 0.248285)
(0.906767 -0.167415 0.501662)
(0.906855 -0.23029 0.438312)
(0.906712 -0.167414 0.438321)
(0.90691 -0.230295 0.50166)
(0.906772 -0.167418 0.565001)
(0.906912 -0.230292 0.565002)
(0.907836 -0.0921598 0)
(0.971442 -0.281154 0)
(0.971416 -0.339892 0)
(0.907988 -0.281119 0)
(0.908031 -0.340387 0)
(0.908421 -0.286969 0.11916)
(0.973084 -0.282818 0.0552757)
(0.973158 -0.344104 0.117014)
(0.974226 -0.343731 0.048906)
(0.908368 -0.283928 0.0557026)
(0.972534 -0.283946 0.311604)
(0.908575 -0.28812 0.374845)
(0.908562 -0.288101 0.311363)
(0.972981 -0.344464 0.374915)
(0.97298 -0.344455 0.31144)
(0.908446 -0.287917 0.183702)
(0.972995 -0.344346 0.183237)
(0.972533 -0.283935 0.24816)
(0.908526 -0.288065 0.247718)
(0.97298 -0.344429 0.247706)
(0.908576 -0.288126 0.43826)
(0.972537 -0.28395 0.501664)
(0.908583 -0.288132 0.501646)
(0.972982 -0.344467 0.438301)
(0.972982 -0.344467 0.501659)
(0.972537 -0.28395 0.565002)
(0.908588 -0.288127 0.565027)
(0.972982 -0.344467 0.565013)
(0.907572 -0.0967507 0.311661)
(0.972144 -0.0949558 0.375)
(0.906874 -0.0280033 0.374999)
(0.972143 -0.0949562 0.311666)
(0.906873 -0.0280089 0.311664)
(0.907574 -0.0967434 0.374999)
(0.907576 -0.0967377 0.501666)
(0.972143 -0.0949555 0.438334)
(0.906874 -0.0280021 0.438333)
(0.90757 -0.0967445 0.438333)
(0.972144 -0.0949551 0.501666)
(0.906874 -0.0280018 0.501667)
(0.907818 -0.0942986 0.0574342)
(0.97218 -0.0948552 0.121359)
(0.906879 -0.0279696 0.121343)
(0.907599 -0.0962701 0.120982)
(0.907563 -0.0967587 0.248294)
(0.972146 -0.094943 0.184945)
(0.90687 -0.0280485 0.184939)
(0.907549 -0.0966972 0.1848)
(0.972144 -0.0949553 0.248325)
(0.90687 -0.0280291 0.248322)
(0.907581 -0.0967411 0.564999)
(0.972146 -0.0949556 0.564999)
(0.906874 -0.0280021 0.565)
(0.843852 -0.168024 0.248304)
(0.843916 -0.230909 0.24822)
(0.843869 -0.0274437 0.374998)
(0.843868 -0.0274751 0.311662)
(0.843869 -0.0276378 0.248319)
(0.843882 -0.168088 0.311662)
(0.843933 -0.23094 0.374927)
(0.843948 -0.23094 0.311616)
(0.843864 -0.16808 0.374954)
(0.843874 -0.168078 0.564996)
(0.843943 -0.230944 0.565001)
(0.84387 -0.0274387 0.438333)
(0.84387 -0.0274379 0.501667)
(0.843853 -0.168078 0.501702)
(0.843917 -0.230943 0.438332)
(0.843848 -0.168078 0.438346)
(0.843924 -0.230942 0.501697)
(0.84387 -0.0274385 0.565001)
(1 -0.282935 0.406666)
(1 -0.282891 0.152843)
(0.875512 -0.13364 0.248285)
(0.875226 -0.167776 0.280017)
(0.90725 -0.132755 0.279993)
(0.875516 -0.133749 0.311658)
(0.875759 -0.0971444 0.279979)
(0.843974 -0.135144 0.279974)
(0.875516 -0.133742 0.501666)
(0.875255 -0.167784 0.533338)
(0.875536 -0.133744 0.565002)
(0.907271 -0.132765 0.533332)
(0.875773 -0.0971181 0.533334)
(0.843991 -0.135095 0.533344)
(1 -0.0943131 0.406667)
(0.875288 -0.0277983 0.406666)
(0.842375 0 0.406666)
(0.907654 -0.258971 0.152185)
(1 -0.281939 0.0259511)
(1 -0.345291 0.150991)
(1 -0.376653 0.115745)
(0.973721 -0.375198 0.148611)
(1 -0.377033 0.1828)
(1 -0.0943116 0.153276)
(1 -0.282935 0.279982)
(0.907708 -0.259382 0.406612)
(0.875929 -0.260495 0.374908)
(0.875345 -0.230694 0.406672)
(0.875923 -0.260499 0.438295)
(0.876833 -0.289473 0.406489)
(0.844218 -0.261504 0.406583)
(1 -0.282935 0.533333)
(1 -0.34295 0.0192982)
(1 -0.37493 0.0457806)
(0.971241 -0.385669 0)
(0.90726 -0.132457 0.152818)
(0.875326 -0.230684 0.279957)
(0.875893 -0.260429 0.24796)
(0.90769 -0.259358 0.279803)
(0.875912 -0.260483 0.311486)
(0.876785 -0.289416 0.27936)
(0.844201 -0.261459 0.279746)
(1 -0.0943131 0.28)
(0.875285 -0.0278355 0.279993)
(0.842449 0 0.280072)
(0.875525 -0.133746 0.375002)
(0.875516 -0.133742 0.438342)
(0.907258 -0.132763 0.406661)
(0.875241 -0.167783 0.40669)
(0.875768 -0.0971139 0.406668)
(0.843975 -0.135102 0.406661)
(0.875361 -0.230688 0.533339)
(0.875945 -0.260497 0.565019)
(0.875926 -0.2605 0.501653)
(0.907726 -0.25938 0.533333)
(0.876847 -0.289478 0.533338)
(0.844236 -0.261509 0.533346)
(1 -0.0943131 0.533333)
(0.875289 -0.0277973 0.533333)
(0.842375 0 0.533334)
(0.908066 -0.385947 0)
(0.906414 -0.2 0.343271)
(0.906393 -0.2 0.216684)
(0.906293 -0.2 0.469954)
(1 -0.345434 0.406653)
(1 -0.377146 0.438317)
(1 -0.377144 0.374937)
(0.973577 -0.375487 0.406558)
(1 -0.282935 0.34333)
(0.94063 -0.285925 0.406609)
(1 -0.282935 0.47)
(0.940603 -0.285588 0.151838)
(1 -0.282686 0.088177)
(1 -0.28293 0.216572)
(0.875239 -0.167684 0.216565)
(0.907245 -0.132661 0.216572)
(0.875667 -0.0971838 0.216539)
(0.875028 -0.2 0.248384)
(0.906419 -0.2 0.280028)
(0.874954 -0.2 0.311679)
(0.843242 -0.2 0.280532)
(0.939814 -0.0959777 0.27999)
(0.907255 -0.132765 0.343329)
(0.875235 -0.167783 0.343327)
(0.875768 -0.0971254 0.343329)
(0.843984 -0.135117 0.343318)
(0.907239 -0.132765 0.469994)
(0.875221 -0.167783 0.469988)
(0.875765 -0.0971117 0.47)
(0.843966 -0.135098 0.470007)
(0.875025 -0.2 0.56502)
(0.874895 -0.2 0.50162)
(0.90648 -0.2 0.533308)
(0.842652 -0.2 0.533406)
(0.939823 -0.0959731 0.533333)
(1 -0.0943131 0.343333)
(0.939816 -0.095974 0.406667)
(1 -0.0943131 0.47)
(0.875287 -0.0278045 0.343331)
(0.842373 0 0.343331)
(0.875288 -0.0277973 0.47)
(0.842375 0 0.47)
(0.90639 -0.2 0.153031)
(0.907668 -0.259292 0.216201)
(0.875337 -0.230639 0.21645)
(0.87657 -0.289559 0.215393)
(0.941099 -0.281925 0.0254463)
(0.939831 -0.09586 0.153063)
(1 -0.0943131 0.216663)
(0.875283 -0.0279401 0.216635)
(0.940619 -0.285901 0.279729)
(0.907703 -0.259376 0.34323)
(0.875338 -0.23069 0.343294)
(0.876823 -0.28945 0.342988)
(0.844222 -0.261494 0.343179)
(0.875004 -0.2 0.375089)
(0.906498 -0.2 0.406588)
(0.874991 -0.2 0.438431)
(0.842557 -0.2 0.406631)
(0.907695 -0.25938 0.469974)
(0.875326 -0.230694 0.46998)
(0.876834 -0.289482 0.469923)
(0.844212 -0.261508 0.469972)
(0.940639 -0.285927 0.533335)
(1 -0.345434 0.533334)
(0.973578 -0.37549 0.533336)
(1 -0.377146 0.501664)
(1 -0.377145 0.565008)
(0.94071 -0.284588 0.0871402)
(1 -0.377114 0.247614)
(1 -0.345428 0.2798)
(0.973573 -0.375448 0.279273)
(1 -0.377138 0.311446)
(0.940628 -0.285918 0.34321)
(0.940602 -0.285849 0.216034)
(0.939818 -0.095975 0.343333)
(0.940632 -0.285927 0.469977)
(0.939816 -0.0959736 0.47)
(0.939812 -0.0959661 0.216609)
(0.842654 -0.2 0.343416)
(0.842496 -0.2 0.470014)
(0.94069 -0.311838 0)
(0.97293 -0.313351 0.0858729)
(0.908918 -0.315112 0.0848411)
(0.941306 -0.313491 0.053531)
(0.941864 -0.344582 0.0816993)
(0.941139 -0.31475 0.118167)
(0.94174 -0.345253 0.342989)
(0.941111 -0.315429 0.311365)
(0.909138 -0.317717 0.342958)
(0.972719 -0.313931 0.343256)
(0.941117 -0.315445 0.374862)
(0.941086 -0.315256 0.1834)
(0.90904 -0.317576 0.215267)
(0.941734 -0.345132 0.214882)
(0.941098 -0.315389 0.24765)
(0.972716 -0.313888 0.216078)
(0.97272 -0.313935 0.469989)
(0.941745 -0.345275 0.46994)
(0.941119 -0.315451 0.438272)
(0.909152 -0.317749 0.46992)
(0.941122 -0.315453 0.50165)
(0.941123 -0.315451 0.565024)
(1 -0.313353 0.438332)
(1 -0.313353 0.374994)
(0.972719 -0.313934 0.406636)
(1 -0.313181 0.119639)
(0.972736 -0.313757 0.151627)
(1 -0.313319 0.184464)
(0.908971 -0.317059 0.150604)
(1 -0.312266 0)
(1 -0.312719 0.0536526)
(0.974633 -0.312534 0.0222063)
(1 -0.344817 0.0836132)
(0.974899 -0.374925 0.0788807)
(0.942485 -0.375529 0.113501)
(0.941802 -0.344911 0.149275)
(0.942197 -0.375794 0.181213)
(0.973579 -0.375377 0.214788)
(1 -0.345401 0.215961)
(0.972717 -0.313922 0.279794)
(1 -0.313353 0.311639)
(1 -0.313348 0.248211)
(0.877443 -0.319149 0.374583)
(0.909147 -0.31774 0.406476)
(0.877452 -0.319174 0.438127)
(1 -0.313353 0.501667)
(1 -0.313353 0.565001)
(0.972721 -0.313935 0.533334)
(0.941768 -0.34388 0.0188722)
(0.942394 -0.376049 0.0408408)
(0.908384 -0.312752 0.0245795)
(0.877336 -0.319025 0.246964)
(0.90911 -0.317673 0.279279)
(0.877414 -0.3191 0.310898)
(0.877459 -0.319181 0.501607)
(0.909157 -0.317748 0.533338)
(0.942159 -0.376023 0.3109)
(0.942155 -0.375951 0.246631)
(0.941734 -0.345218 0.279224)
(0.94217 -0.376077 0.501624)
(0.941747 -0.345276 0.533336)
(0.94217 -0.376074 0.565055)
(1 -0.345434 0.469997)
(0.973577 -0.37549 0.469961)
(0.973575 -0.375475 0.343053)
(1 -0.345433 0.343279)
(0.942165 -0.376057 0.374651)
(0.942168 -0.376072 0.438181)
(0.941743 -0.345269 0.406513)
(0.907314 -0.0614845 0.343331)
(0.907314 -0.061477 0.47)
(0.907305 -0.061583 0.216604)
(0.907311 -0.0615105 0.279988)
(0.87555 -0.0611387 0.311659)
(0.875544 -0.061289 0.248297)
(0.843991 -0.0600789 0.279983)
(0.875553 -0.0610989 0.501667)
(0.907316 -0.061477 0.533333)
(0.875555 -0.0611006 0.565)
(0.843992 -0.0598737 0.533334)
(0.907314 -0.061478 0.406666)
(0.875552 -0.0611065 0.374998)
(0.875552 -0.0611001 0.438333)
(0.843991 -0.0598797 0.406665)
(0.907315 -0.0615154 0.153078)
(0.843991 -0.0599118 0.343328)
(0.843992 -0.0598737 0.47)
(0.812616 -0.0597907 0.311657)
(0.812541 -0.0270498 0.343329)
(0.812616 -0.0596855 0.374995)
(0.812205 -0.2 0.312465)
(0.812563 -0.167951 0.343281)
(0.811258 -0.2 0.374993)
(0.812639 -0.23099 0.343218)
(0.81131 -0.2 0.565057)
(0.812616 -0.0596642 0.438332)
(0.812617 -0.0596608 0.501667)
(0.812543 -0.0270224 0.469999)
(0.811303 -0.2 0.438371)
(0.811259 -0.2 0.501667)
(0.812531 -0.167941 0.470002)
(0.81261 -0.230992 0.469986)
(0.812617 -0.0596634 0.565001)
(0.810487 0 0.374997)
(0.812542 -0.0270256 0.406664)
(0.810489 0 0.438332)
(0.812611 -0.230991 0.40664)
(0.812837 -0.261746 0.37483)
(0.812844 -0.261761 0.438263)
(0.812619 -0.135192 0.311643)
(0.812547 -0.167937 0.533316)
(0.812625 -0.135071 0.565002)
(0.812611 -0.135069 0.501672)
(0.812831 -0.261738 0.311414)
(0.812626 -0.230994 0.533317)
(0.812844 -0.261765 0.501649)
(0.810522 0 0.311721)
(0.812609 -0.13509 0.374977)
(0.812533 -0.167943 0.406676)
(0.812612 -0.135073 0.438341)
(0.812543 -0.0270223 0.533334)
(0.810489 0 0.501667)
(0.810489 0 0.565001)
(0.973386 -0.375457 0.374856)
(0.973384 -0.375442 0.311286)
(0.973387 -0.375462 0.438279)
(0.973387 -0.375463 0.501653)
(1 -0.282826 0.120671)
(0.812546 -0.0271105 0.374997)
(0.812594 -0.231013 0.374925)
(0.812547 -0.0271026 0.438332)
(0.812615 -0.231019 0.438332)
(0.973793 -0.375044 0.114922)
(0.975723 -0.375258 0.0425518)
(0.972539 -0.283811 0.152412)
(0.940629 -0.285244 0.119495)
(0.972672 -0.283368 0.0876428)
(0.97278 -0.313603 0.118931)
(0.973416 -0.375299 0.182322)
(0.973384 -0.375404 0.247319)
(1 -0.282935 0.374999)
(0.972535 -0.28395 0.406651)
(0.972535 -0.283948 0.343294)
(0.940629 -0.285921 0.374917)
(0.972716 -0.313932 0.374953)
(1 -0.282919 0.184782)
(0.940595 -0.285768 0.184027)
(0.972716 -0.313844 0.184007)
(0.972531 -0.28392 0.216366)
(1 -0.282935 0.438333)
(0.940628 -0.285926 0.438296)
(0.972536 -0.28395 0.469994)
(0.972717 -0.313934 0.438315)
(0.973387 -0.375462 0.565022)
(0.906451 -0.2 0.120684)
(0.906875 -0.230153 0.152709)
(0.907662 -0.25851 0.119888)
(0.906749 -0.167298 0.152856)
(0.907295 -0.132161 0.12063)
(0.906404 -0.2 0.311702)
(0.906752 -0.167413 0.343317)
(0.906748 -0.167406 0.280015)
(0.907251 -0.132769 0.311665)
(0.875217 -0.167788 0.311661)
(0.906891 -0.230294 0.343292)
(0.906419 -0.2 0.375015)
(0.906912 -0.230294 0.40663)
(0.907707 -0.259378 0.374929)
(0.875352 -0.230691 0.375001)
(0.906885 -0.230289 0.279966)
(0.907696 -0.259369 0.311531)
(0.875318 -0.23069 0.311617)
(0.906772 -0.167412 0.406642)
(0.907257 -0.132769 0.374999)
(0.875249 -0.167789 0.375025)
(0.906742 -0.167372 0.216623)
(0.906452 -0.2 0.248434)
(0.90725 -0.132731 0.248304)
(0.875229 -0.16775 0.24832)
(0.906382 -0.2 0.184893)
(0.906875 -0.230265 0.21653)
(0.907657 -0.259191 0.184274)
(0.907247 -0.132587 0.184766)
(0.907685 -0.259334 0.248041)
(0.875327 -0.230671 0.248238)
(0.906702 -0.167414 0.46998)
(0.906468 -0.2 0.501663)
(0.906787 -0.167415 0.533327)
(0.907259 -0.132766 0.501664)
(0.875213 -0.167788 0.501655)
(0.906323 -0.2 0.4383)
(0.906846 -0.230291 0.469975)
(0.907694 -0.259379 0.438297)
(0.875337 -0.230691 0.438355)
(0.907241 -0.132769 0.43833)
(0.875233 -0.167788 0.438367)
(0.906931 -0.230291 0.533327)
(0.907713 -0.259384 0.501656)
(0.875319 -0.230692 0.501652)
(0.906422 -0.2 0.565013)
(0.907269 -0.13277 0.564999)
(0.875265 -0.167789 0.565006)
(0.907722 -0.25938 0.56501)
(0.87537 -0.230689 0.56501)
(0.907932 -0.0927657 0.0266768)
(1 -0.0943131 0.375)
(1 -0.0943131 0.311667)
(1 -0.0943131 0.438333)
(1 -0.0943131 0.501667)
(1 -0.28125 0)
(1 -0.34164 0)
(1 -0.282415 0.0557919)
(1 -0.345082 0.117881)
(1 -0.344133 0.049975)
(1 -0.0943054 0.121487)
(1 -0.0943129 0.184984)
(1 -0.0943131 0.248333)
(1 -0.0943131 0.565)
(0.971446 -0.311857 0)
(0.940663 -0.281123 0)
(0.974365 -0.281882 0.0238488)
(0.94072 -0.340238 0)
(0.975556 -0.343749 0.0171424)
(0.908008 -0.311885 0)
(0.908241 -0.282027 0.0259406)
(0.908518 -0.343963 0.0196803)
(0.908421 -0.285754 0.0868811)
(0.908921 -0.31643 0.1181)
(0.908436 -0.287585 0.151465)
(0.973389 -0.312988 0.0531539)
(0.940888 -0.28343 0.0555442)
(0.973511 -0.343907 0.082789)
(0.941846 -0.344722 0.11601)
(0.97306 -0.344252 0.150312)
(0.941872 -0.344342 0.0488029)
(0.908706 -0.313901 0.0537015)
(0.940624 -0.285912 0.311488)
(0.972715 -0.313927 0.311545)
(0.972533 -0.283942 0.279896)
(1 -0.282935 0.311659)
(0.908573 -0.288112 0.343108)
(0.909129 -0.31774 0.374755)
(0.90858 -0.288125 0.406553)
(0.876816 -0.289473 0.374774)
(0.909113 -0.31771 0.31119)
(0.908552 -0.288084 0.279558)
(0.876795 -0.289448 0.311239)
(0.941698 -0.345211 0.311203)
(0.973003 -0.344465 0.343185)
(0.941702 -0.345232 0.374796)
(1 -0.345385 0.374978)
(0.973004 -0.344471 0.406609)
(0.973002 -0.34445 0.279599)
(1 -0.345383 0.31158)
(0.908482 -0.28804 0.215747)
(0.908969 -0.317479 0.183125)
(0.941716 -0.345028 0.182463)
(0.973005 -0.344402 0.215557)
(1 -0.34532 0.183816)
(0.940611 -0.285884 0.247926)
(0.972713 -0.31391 0.247996)
(1 -0.282934 0.248294)
(0.90907 -0.317653 0.2474)
(0.87672 -0.289436 0.247514)
(0.941694 -0.345161 0.247255)
(1 -0.345372 0.248005)
(0.908581 -0.288127 0.469952)
(0.909134 -0.317753 0.438216)
(0.876818 -0.289486 0.438225)
(0.940635 -0.285928 0.501657)
(0.972717 -0.313935 0.501662)
(0.972539 -0.28395 0.533333)
(1 -0.282935 0.501667)
(0.909139 -0.317757 0.501634)
(0.908593 -0.288127 0.533336)
(0.876825 -0.289489 0.501635)
(0.941706 -0.345243 0.501643)
(0.973005 -0.344473 0.46998)
(0.941705 -0.34524 0.438246)
(1 -0.345385 0.438328)
(0.973005 -0.344473 0.533335)
(1 -0.345385 0.501666)
(0.940636 -0.285926 0.565013)
(0.972718 -0.313934 0.565007)
(1 -0.282935 0.565)
(0.909142 -0.317751 0.565044)
(0.876833 -0.289483 0.565042)
(0.941706 -0.345241 0.565033)
(1 -0.345385 0.565003)
(0.939816 -0.095977 0.311664)
(0.907313 -0.0614917 0.311661)
(0.907574 -0.0967431 0.34333)
(0.907569 -0.0967521 0.279985)
(0.875765 -0.0971348 0.311657)
(0.972144 -0.0949558 0.343333)
(0.939817 -0.0959751 0.375)
(0.972144 -0.0949555 0.406668)
(0.906873 -0.0280054 0.343332)
(0.907314 -0.0614784 0.374999)
(0.906874 -0.0280028 0.406666)
(0.875288 -0.0277985 0.374999)
(0.972143 -0.0949561 0.279997)
(0.906872 -0.0280167 0.279995)
(0.875286 -0.0278123 0.311663)
(0.907574 -0.0967388 0.406666)
(0.875769 -0.0971218 0.374999)
(0.90757 -0.0967414 0.469999)
(0.93982 -0.0959724 0.501667)
(0.907315 -0.0614745 0.501666)
(0.90758 -0.096741 0.533333)
(0.875768 -0.0971174 0.501666)
(0.939815 -0.0959741 0.438333)
(0.972143 -0.0949553 0.47)
(0.907314 -0.0614759 0.438333)
(0.906874 -0.0280023 0.47)
(0.875288 -0.0277959 0.438333)
(0.875766 -0.0971183 0.438335)
(0.972146 -0.0949553 0.533333)
(0.906874 -0.0280023 0.533333)
(0.875288 -0.0277955 0.501667)
(0.907686 -0.0955762 0.0890166)
(0.939876 -0.0956752 0.121152)
(0.972153 -0.0949185 0.1532)
(0.907339 -0.0613399 0.121211)
(0.906872 -0.0280294 0.153189)
(0.907562 -0.0965694 0.152942)
(0.907549 -0.0967444 0.216572)
(0.939813 -0.0959762 0.248309)
(0.907309 -0.0615392 0.248305)
(0.875742 -0.0971581 0.24828)
(0.939817 -0.0959362 0.18487)
(0.972144 -0.0949522 0.216645)
(0.907306 -0.0615822 0.184869)
(0.906869 -0.0280456 0.216641)
(0.875284 -0.0278743 0.248319)
(0.939822 -0.095974 0.565)
(0.907317 -0.0614756 0.565)
(0.875775 -0.0971229 0.565)
(0.875289 -0.0277959 0.565)
(0.84344 -0.2 0.24868)
(0.843977 -0.135063 0.24827)
(0.843848 -0.168057 0.27999)
(0.843914 -0.230926 0.279925)
(0.844192 -0.261404 0.247981)
(0.843992 -0.0598358 0.311658)
(0.843987 -0.135323 0.311652)
(0.843868 -0.0274567 0.34333)
(0.843993 -0.0597656 0.374997)
(0.842424 0 0.374998)
(0.843869 -0.0274438 0.406665)
(0.812546 -0.0271669 0.311662)
(0.843867 -0.0275341 0.279993)
(0.842433 0 0.311674)
(0.843982 -0.135295 0.374981)
(0.843996 -0.0602297 0.248295)
(0.842921 0 0.248772)
(0.843197 -0.2 0.312044)
(0.812556 -0.168097 0.311647)
(0.843866 -0.168053 0.343324)
(0.812617 -0.231016 0.311584)
(0.843936 -0.230936 0.343285)
(0.842709 -0.2 0.374886)
(0.843919 -0.230938 0.406633)
(0.844208 -0.261531 0.374888)
(0.812528 -0.168072 0.374964)
(0.844204 -0.261521 0.311497)
(0.843847 -0.168051 0.406655)
(0.842693 -0.2 0.564947)
(0.812564 -0.168066 0.565011)
(0.843885 -0.168048 0.53336)
(0.843993 -0.135282 0.565003)
(0.812631 -0.23102 0.565019)
(0.843957 -0.230939 0.533361)
(0.844221 -0.261541 0.565021)
(0.843994 -0.05975 0.501667)
(0.843978 -0.135285 0.50168)
(0.843994 -0.059752 0.438332)
(0.843869 -0.0274417 0.47)
(0.842425 0 0.438333)
(0.812548 -0.0271015 0.501667)
(0.843974 -0.135285 0.43834)
(0.84387 -0.0274417 0.533334)
(0.842425 0 0.501667)
(0.843822 -0.168049 0.470011)
(0.842686 -0.2 0.501758)
(0.812535 -0.168065 0.501671)
(0.812602 -0.23102 0.501665)
(0.842671 -0.2 0.438349)
(0.843895 -0.230938 0.470001)
(0.844202 -0.26154 0.438292)
(0.812548 -0.168066 0.438352)
(0.844208 -0.26154 0.501666)
(0.843994 -0.0597516 0.565001)
(0.812548 -0.0271023 0.565001)
(0.842425 0 0.565001)
(0.908999 -0.344679 0.0488775)
(0.909709 -0.376132 0.0758161)
(0.909353 -0.345151 0.0804411)
(0.90905 -0.376201 0.0418745)
(1 0 0.0260138)
(1 0 0.28)
(0.874993 0 0.406666)
(0.906537 0 0.343333)
(1 0 0.533333)
(0.906538 0 0.47)
(0.906534 0 0.216661)
(0.875005 0 0.280012)
(0.874993 0 0.533333)
(0.906532 0 0.089398)
(1 0 0.343333)
(0.937678 0 0.406667)
(1 0 0.47)
(1 0 0.09)
(1 0 0.216667)
(0.937677 0 0.153282)
(0.984987 0 0.295833)
(0.984988 0 0.5175)
(0.937424 0 0.0270111)
(0.937677 0 0.279999)
(0.874992 0 0.343332)
(0.874993 0 0.47)
(0.937678 0 0.533333)
(0.985109 0 0.0421523)
(0.984987 0 0.264167)
(0.984988 0 0.549167)
(0.875062 0 0.21672)
(0.937678 0 0.343333)
(0.937678 0 0.47)
(0.984988 0 0.359167)
(0.937686 0 0.0895298)
(0.984988 0 0.454167)
(0.937676 0 0.216663)
(0.984988 0 0.105806)
(0.984988 0 0.200833)
(0.984988 0 0.3275)
(0.984988 0 0.485833)
(0.985001 0 0.0740634)
(0.984987 0 0.2325)
(0.965672 0 0.025397)
(0.906408 0 0.0271424)
(0.906509 0 0.0572848)
(0.906538 0 0.375)
(0.906537 0 0.311666)
(1 0 0.0422576)
(1 0 0.295833)
(0.906538 0 0.438333)
(1 0 0.264167)
(0.984927 0 0.28)
(1 0 0.5175)
(1 0 0.549167)
(0.984927 0 0.533333)
(0.906538 0 0.501667)
(0.984927 0 0.343333)
(0.984927 0 0.47)
(0.984927 0 0.0899391)
(0.96539 0 0.406667)
(0.984927 0 0.216667)
(0.96539 0 0.153319)
(0.96539 0 0.28)
(0.96539 0 0.533333)
(0.96539 0 0.343333)
(0.937678 0 0.375)
(0.937678 0 0.438333)
(0.96539 0 0.47)
(0.965408 0 0.0898139)
(0.96539 0 0.216666)
(0.937679 0 0.121504)
(0.937676 0 0.184986)
(0.906538 0 0.406667)
(0.874993 0 0.374999)
(0.937736 0 0.0573265)
(0.937677 0 0.311666)
(0.874993 0 0.438333)
(0.937676 0 0.248332)
(0.937678 0 0.501667)
(0.96539 0 0.375)
(0.96539 0 0.311667)
(0.906533 0 0.121439)
(0.96539 0 0.438333)
(0.96539 0 0.501667)
(0.965392 0 0.121614)
(0.965541 0 0.0577256)
(0.96539 0 0.184997)
(0.96539 0 0.248333)
(0.906533 0 0.184979)
(0.984927 0 0.375)
(0.984927 0 0.438333)
(0.906533 0 0.153258)
(0.906535 0 0.248331)
(0.984926 0 0.121651)
(0.984927 0 0.184999)
(0.984985 0 0.0581038)
(0.969702 0 0.041624)
(0.984927 0 0.311667)
(0.984927 0 0.248333)
(0.984927 0 0.501667)
(0.906538 0 0.565)
(0.906536 0 0.279999)
(0.874991 0 0.311665)
(0.875039 0 0.248376)
(0.874993 0 0.501667)
(0.906538 0 0.533333)
(0.874993 0 0.565)
(0.969529 0 0.390833)
(0.969529 0 0.4225)
(0.969529 0 0.137482)
(0.969529 0 0.169163)
(0.969529 0 0.295833)
(0.969529 0 0.264167)
(0.969529 0 0.5175)
(0.969529 0 0.549167)
(0.969529 0 0.359167)
(0.969529 0 0.3275)
(0.969529 0 0.454167)
(0.969529 0 0.485833)
(0.969535 0 0.105765)
(0.96957 0 0.0739077)
(0.969529 0 0.200833)
(0.969529 0 0.2325)
(0.984393 0 0.0284207)
(0.437503 -0.392629 0)
(0.437461 -0.377186 0.0727965)
(0.437492 -0.376677 0.0408965)
(0.437441 -0.320482 0.147831)
(0.437463 -0.319261 0.116853)
(0.437477 -0.316648 0.08397)
(0.437477 -0.346252 0.0789975)
(0.43744 -0.321961 0.181255)
(0.437461 -0.291988 0.214423)
(0.43746 -0.291635 0.182583)
(0.437532 -0.262071 0.247752)
(0.437499 -0.261727 0.215701)
(0.437552 -0.23112 0.279783)
(0.437614 -0.231114 0.248066)
(0.437575 -0.2 0.289383)
(0.437559 -0.167906 0.279933)
(0.437548 -0.135144 0.248218)
(0.437621 -0.168078 0.2482)
(0.437499 -0.0609609 0.21656)
(0.437502 -0.0973925 0.21647)
(0.437516 -0.134045 0.21648)
(0.437499 0 0.226773)
(0.437499 -0.0272259 0.216633)
(0.4375 0 0.186405)
(0.437499 -0.0277337 0.184912)
(0.4375 0 0.153374)
(0.437499 -0.0278852 0.153138)
(0.4375 0 0.121386)
(0.437499 -0.0278556 0.121262)
(0.4375 0 0.0893077)
(0.437499 -0.027676 0.0892228)
(0.4375 0 0.0571765)
(0.437499 -0.0271378 0.0570123)
(0.4375 0 0.0270786)
(0.4375 -0.0257193 0.0248762)
(0.4375 0 0)
(0.4375 -0.0285151 0)
(0.4375 -0.0593371 0)
(0.437499 -0.0592123 0.0265072)
(0.4375 -0.0920182 0)
(0.437496 -0.0926324 0.026761)
(0.4375 -0.124271 0)
(0.437488 -0.126208 0.0258954)
(0.4375 -0.156009 0)
(0.437467 -0.161606 0.0224625)
(0.4375 -0.187445 0)
(0.437488 -0.2 0.02)
(0.437459 -0.182896 0.015778)
(0.4375 -0.218709 0)
(0.437486 -0.224434 0.0213874)
(0.4375 -0.249948 0)
(0.437492 -0.252177 0.0254408)
(0.4375 -0.281147 0)
(0.437496 -0.282226 0.0260468)
(0.4375 -0.311976 0)
(0.437497 -0.312991 0.0246839)
(0.4375 -0.34065 0)
(0.437499 -0.344198 0.0197707)
(0.437491 -0.345277 0.0485275)
(0.437489 -0.314618 0.0535069)
(0.43747 -0.287332 0.0863649)
(0.437482 -0.284647 0.0556107)
(0.437464 -0.289532 0.118372)
(0.437459 -0.290795 0.150334)
(0.437472 -0.261436 0.18375)
(0.437462 -0.260957 0.151647)
(0.437527 -0.231041 0.216358)
(0.437464 -0.23096 0.184534)
(0.437785 -0.2 0.249319)
(0.437535 -0.2 0.216722)
(0.437532 -0.167916 0.216544)
(0.437487 -0.133666 0.184647)
(0.437468 -0.167809 0.184751)
(0.437494 -0.0973685 0.18468)
(0.437497 -0.0614339 0.1848)
(0.437496 -0.0615113 0.152978)
(0.437495 -0.0613287 0.12109)
(0.437494 -0.0608673 0.0891998)
(0.437496 -0.0601084 0.0575464)
(0.437486 -0.0943292 0.0574261)
(0.437461 -0.129659 0.0561174)
(0.437417 -0.166149 0.036044)
(0.437387 -0.166507 0.0530585)
(0.437441 -0.183947 0.0343673)
(0.437612 -0.2 0.0371379)
(0.437393 -0.228447 0.0538241)
(0.437294 -0.2 0.0576318)
(0.437459 -0.255914 0.0555014)
(0.437451 -0.258656 0.087137)
(0.437458 -0.260145 0.119428)
(0.437451 -0.230808 0.152494)
(0.437448 -0.230528 0.120125)
(0.437429 -0.2 0.184892)
(0.437427 -0.2 0.152919)
(0.437454 -0.167716 0.152728)
(0.437474 -0.133416 0.152643)
(0.437488 -0.0972244 0.152778)
(0.437484 -0.0968068 0.120787)
(0.437482 -0.0958721 0.0888646)
(0.437455 -0.132032 0.0880118)
(0.437413 -0.167204 0.087161)
(0.437337 -0.183746 0.0519711)
(0.437372 -0.2 0.087921)
(0.437413 -0.229902 0.0871336)
(0.437454 -0.2 0.120729)
(0.43745 -0.16756 0.120329)
(0.437467 -0.132994 0.120412)
(0.5625 -0.34065 0)
(0.562497 -0.392629 0)
(0.5625 0 0)
(0.5625 -0.0285151 0)
(0.5625 -0.0593371 0)
(0.5625 -0.0920182 0)
(0.5625 -0.124271 0)
(0.5625 -0.156009 0)
(0.5625 -0.187445 0)
(0.5625 -0.218709 0)
(0.5625 -0.249948 0)
(0.5625 -0.281147 0)
(0.5625 -0.311976 0)
(0.562501 -0.344199 0.019769)
(0.562502 -0.312992 0.0246799)
(0.562507 -0.376678 0.0408938)
(0.562508 -0.345279 0.0485207)
(0.593746 -0.386313 0)
(0.59376 -0.3767 0.0417017)
(0.624994 -0.39262 0)
(0.625096 -0.377163 0.0728162)
(0.62502 -0.376666 0.0408995)
(0.625612 -0.383448 0.273313)
(0.5625 -0.0257192 0.0248752)
(0.5625 -0.0592123 0.0265027)
(0.562501 -0.0926322 0.0267469)
(0.562501 -0.126207 0.0258556)
(0.562492 -0.161593 0.0223609)
(0.562459 -0.2 0.02)
(0.562458 -0.182891 0.01562)
(0.562492 -0.224435 0.0213249)
(0.562502 -0.252176 0.0254139)
(0.562502 -0.282227 0.0260362)
(0.562508 -0.314621 0.0534934)
(0.562509 -0.284649 0.0555761)
(0.56252 -0.346257 0.0789869)
(0.562516 -0.316655 0.0839495)
(0.562538 -0.377189 0.0727917)
(0.593791 -0.3771 0.0744258)
(0.625286 -0.379588 0.139055)
(0.562621 -0.379658 0.138971)
(0.625466 -0.381948 0.206659)
(0.62529 -0.322918 0.277049)
(0.6252 -0.322166 0.212634)
(0.625081 -0.261959 0.279304)
(0.5625 -0.0271378 0.0570099)
(0.562501 -0.0601086 0.0575338)
(0.562503 -0.0943302 0.057385)
(0.562505 -0.129665 0.0559991)
(0.562484 -0.166136 0.0357302)
(0.562496 -0.166511 0.0527651)
(0.562416 -0.183941 0.0338587)
(0.562234 -0.2 0.036344)
(0.562509 -0.228446 0.0535913)
(0.562473 -0.2 0.0572469)
(0.562512 -0.255909 0.0554102)
(0.562514 -0.28734 0.0863225)
(0.562515 -0.258663 0.0870554)
(0.562526 -0.319274 0.11683)
(0.56252 -0.289544 0.118337)
(0.562547 -0.320497 0.147819)
(0.625113 -0.320464 0.147844)
(0.59381 -0.320923 0.148975)
(0.625119 -0.321935 0.181271)
(0.593851 -0.322459 0.213282)
(0.593823 -0.32206 0.181518)
(0.562631 -0.323024 0.276983)
(0.562586 -0.32223 0.212584)
(0.593792 -0.262131 0.279529)
(0.562539 -0.261987 0.279298)
(0.625035 -0.231119 0.279859)
(0.593781 -0.231139 0.279881)
(0.625024 -0.2 0.28951)
(0.625011 -0.133503 0.279973)
(0.625021 -0.167904 0.280007)
(0.625006 -0.0592281 0.279989)
(0.625007 0 0.281363)
(0.562503 0 0.281361)
(0.562501 0 0.226773)
(0.5625 -0.0276762 0.0892204)
(0.562501 -0.0608674 0.0891867)
(0.562503 -0.0958721 0.0888234)
(0.562508 -0.132032 0.0879171)
(0.562509 -0.167203 0.0870132)
(0.562469 -0.183747 0.0515681)
(0.562494 -0.2 0.0878314)
(0.562513 -0.229906 0.0870115)
(0.562519 -0.260154 0.119372)
(0.562527 -0.230534 0.120032)
(0.562524 -0.290809 0.150315)
(0.562512 -0.260968 0.151628)
(0.562549 -0.321974 0.181244)
(0.562526 -0.291646 0.182576)
(0.562535 -0.292 0.214427)
(0.562517 -0.26208 0.247807)
(0.562509 -0.261737 0.215725)
(0.562541 -0.231126 0.27986)
(0.562515 -0.231122 0.248182)
(0.593785 -0.2 0.281266)
(0.562585 -0.2 0.289483)
(0.593773 -0.168044 0.280009)
(0.593762 -0.13496 0.279977)
(0.562503 -0.0592059 0.279989)
(0.562508 -0.13349 0.279983)
(0.562501 -0.0272261 0.216633)
(0.5625 -0.0609611 0.216562)
(0.5625 0 0.186405)
(0.5625 -0.0277339 0.184912)
(0.5625 -0.0278556 0.12126)
(0.562501 -0.0613287 0.12108)
(0.562503 -0.0968044 0.120759)
(0.56251 -0.132992 0.120352)
(0.562524 -0.167558 0.120228)
(0.562535 -0.2 0.120569)
(0.562512 -0.230818 0.15249)
(0.562522 -0.2 0.152976)
(0.562509 -0.261443 0.183752)
(0.562507 -0.230962 0.184539)
(0.56249 -0.23105 0.216395)
(0.562525 -0.2 0.249558)
(0.562466 -0.2 0.216746)
(0.562535 -0.167901 0.280012)
(0.56251 -0.168074 0.248317)
(0.562503 -0.135138 0.248274)
(0.562496 -0.0973887 0.216479)
(0.562493 -0.134042 0.216507)
(0.562499 -0.0614347 0.184799)
(0.562497 -0.09737 0.184681)
(0.5625 -0.0278853 0.153137)
(0.5625 -0.061511 0.152973)
(0.562499 -0.0972192 0.152766)
(0.562501 -0.133413 0.152626)
(0.562509 -0.167715 0.152722)
(0.56255 -0.2 0.184852)
(0.562503 -0.167809 0.184759)
(0.562486 -0.167915 0.216583)
(0.562495 -0.133667 0.184655)
(0.750124 -0.260852 0.151688)
(0.624995 -0.126208 0.0258439)
(0.625008 -0.26096 0.151618)
(0.750018 -0.133423 0.152627)
(0.750021 -0.252169 0.0254304)
(0.624999 -0.252177 0.0254193)
(0.750012 -0.126208 0.0258747)
(0.624982 -0.133414 0.152607)
(0.751053 -0.379135 0.139678)
(0.624996 -0.2 0.02)
(0.687502 -0.126207 0.0258426)
(0.812614 -0.126206 0.0258947)
(0.687504 -0.252174 0.0254142)
(0.812638 -0.252152 0.025442)
(0.750003 -0.2 0.02)
(0.750044 -0.392553 0)
(0.687493 -0.2 0.02)
(0.812445 -0.2 0.02)
(0.687468 -0.2 0.0877457)
(0.812534 -0.2 0.0878984)
(0.59375 -0.218709 0)
(0.718751 -0.218709 0)
(0.65625 -0.218709 0)
(0.78127 -0.218708 0)
(0.844009 -0.218708 0)
(0.687555 -0.26093 0.151633)
(0.812826 -0.260632 0.15179)
(0.749968 -0.2 0.152944)
(0.750079 -0.258607 0.0871244)
(0.812452 0 0.153304)
(0.625 -0.0592123 0.0265014)
(0.624986 -0.132032 0.0878855)
(0.624999 -0.258657 0.0870351)
(0.624914 -0.2 0.152965)
(0.750021 -0.132031 0.0879645)
(0.687502 -0.13342 0.152605)
(0.812625 -0.133376 0.152654)
(0.750003 -0.249948 0)
(0.718762 -0.252172 0.0254222)
(0.781305 -0.252163 0.0254379)
(0.75001 -0.224429 0.0213532)
(0.750039 -0.312973 0.0246904)
(0.750011 -0.0592128 0.0265055)
(0.75 0 0)
(0.781251 0 0.0270796)
(0.625003 -0.312991 0.0246803)
(0.624995 -0.224432 0.0213575)
(0.656249 -0.252176 0.0254141)
(0.593751 -0.252177 0.0254166)
(0.625 -0.249948 0)
(0.625 0 0)
(0.59375 0 0.0270786)
(0.844105 -0.252133 0.0254422)
(0.843771 0 0.0270866)
(0.687498 -0.392596 0)
(0.812769 -0.392475 0)
(0.6875 -0.187445 0)
(0.812579 -0.187444 0)
(0.656244 -0.2 0.02)
(0.593771 -0.2 0.02)
(0.625 -0.187445 0)
(0.843787 -0.2 0.02)
(0.6875 -0.249948 0)
(0.687501 -0.224434 0.0213226)
(0.812577 -0.249946 0)
(0.812557 -0.224427 0.0213668)
(0.718794 -0.2 0.02)
(0.750004 -0.187445 0)
(0.781287 -0.2 0.02)
(0.6875 0 0)
(0.8125 0 0)
(0.59375 0 0)
(0.687499 -0.2 0.152874)
(0.624949 -0.2 0.0877058)
(0.687497 -0.132032 0.0878917)
(0.749984 -0.2 0.0878707)
(0.687523 -0.258644 0.0870501)
(0.718769 -0.224431 0.02134)
(0.656241 -0.224433 0.0213292)
(0.687501 -0.0592123 0.026502)
(0.71875 0 0)
(0.65625 0 0)
(0.593753 -0.224432 0.021341)
(0.81263 -0.132007 0.0880173)
(0.812555 -0.2 0.152924)
(0.81276 -0.25849 0.0871997)
(0.781284 -0.224429 0.0213656)
(0.843952 -0.224419 0.0213645)
(0.812597 -0.05922 0.0265088)
(0.78125 0 0)
(0.84375 0 0)
(0.68751 -0.312986 0.0246828)
(0.59375 -0.249948 0)
(0.71875 -0.249948 0)
(0.65625 -0.249948 0)
(0.812708 -0.312936 0.0247019)
(0.781269 -0.249948 0)
(0.844008 -0.249944 0)
(0.59375 -0.187445 0)
(0.625 -0.218709 0)
(0.65625 -0.187445 0)
(0.6875 -0.218709 0)
(0.718751 -0.187445 0)
(0.750004 -0.218709 0)
(0.844009 -0.187445 0)
(0.812579 -0.218708 0)
(0.78127 -0.187445 0)
(0.687503 -0.060869 0.0891842)
(0.812626 -0.060869 0.0892124)
(0.59375 -0.0285151 0)
(0.687513 -0.2 0.216779)
(0.687506 -0.0610065 0.216561)
(0.656165 -0.166511 0.0526365)
(0.718768 -0.167558 0.120221)
(0.718799 -0.166508 0.0528088)
(0.656235 -0.167558 0.120179)
(0.71875 -0.0285147 0)
(0.65625 -0.028515 0)
(0.593749 -0.166509 0.052709)
(0.593745 -0.167557 0.1202)
(0.843826 -0.166494 0.0529203)
(0.781263 -0.167554 0.120273)
(0.781262 -0.166505 0.0529948)
(0.843866 -0.167514 0.120318)
(0.781259 -0.0285155 0)
(0.843865 -0.0285394 0)
(0.750141 -0.26159 0.21579)
(0.750479 -0.320167 0.148103)
(0.750025 -0.0615414 0.152977)
(0.749587 0 0.226426)
(0.624986 -0.161601 0.0223172)
(0.59375 -0.126208 0.0258478)
(0.656241 -0.126207 0.0258389)
(0.624985 -0.129661 0.0559775)
(0.844059 -0.126206 0.0258889)
(0.62503 -0.261726 0.215714)
(0.750013 -0.13408 0.216493)
(0.74999 -0.167718 0.152713)
(0.750022 -0.132993 0.120378)
(0.718761 -0.133423 0.152614)
(0.781305 -0.133412 0.152636)
(0.687633 -0.261894 0.279327)
(0.750004 -0.0257194 0.0248762)
(0.624999 -0.0615131 0.152969)
(0.625003 0 0.226775)
(0.687417 0 0.281339)
(0.625 -0.0257192 0.0248749)
(0.71876 -0.126207 0.0258606)
(0.781288 -0.126207 0.0258872)
(0.750004 -0.161598 0.0223982)
(0.750016 -0.129662 0.0560573)
(0.624994 -0.134042 0.216486)
(0.624987 -0.132993 0.120329)
(0.624958 -0.167716 0.152704)
(0.656241 -0.133418 0.152603)
(0.593743 -0.133414 0.152608)
(0.844006 -0.133285 0.152684)
(0.687509 -0.133542 0.279964)
(0.814463 -0.378549 0.140617)
(0.75148 -0.381116 0.207573)
(0.624967 -0.2 0.0573597)
(0.68751 -0.161592 0.0222998)
(0.687503 -0.129659 0.055969)
(0.812566 -0.161593 0.0224578)
(0.812626 -0.129646 0.056114)
(0.844029 -0.131958 0.0880479)
(0.843782 -0.2 0.152948)
(0.749905 -0.2 0.0574539)
(0.6875 -0.0257192 0.0248751)
(0.812544 -0.0257246 0.0248793)
(0.687549 -0.2 0.0571711)
(0.84377 -0.2 0.0879117)
(0.812415 -0.2 0.057659)
(0.687567 -0.2 0.120521)
(0.6562 -0.2 0.0876318)
(0.687488 -0.167204 0.0869578)
(0.718688 -0.2 0.0878056)
(0.6875 -0.059337 0)
(0.593815 -0.2 0.0877408)
(0.781315 -0.2 0.0878826)
(0.812558 -0.167194 0.0871464)
(0.81252 -0.2 0.120632)
(0.812559 -0.0593424 0)
(0.718766 -0.2 0.152855)
(0.749986 -0.2 0.120639)
(0.781237 -0.2 0.152929)
(0.625 -0.0593371 0)
(0.59375 -0.0592123 0.0265019)
(0.65625 -0.0592123 0.0265012)
(0.62497 -0.167203 0.08695)
(0.656233 -0.132033 0.087873)
(0.593752 -0.132032 0.0878963)
(0.84401 -0.0592393 0.026509)
(0.656239 -0.2 0.152912)
(0.593753 -0.2 0.152859)
(0.624968 -0.2 0.120565)
(0.718757 -0.132031 0.0879273)
(0.749998 -0.167202 0.0870848)
(0.78131 -0.132025 0.0879931)
(0.687501 -0.167719 0.15268)
(0.687506 -0.132995 0.12033)
(0.812626 -0.132955 0.120415)
(0.812564 -0.167698 0.152728)
(0.718753 -0.0592124 0.0265036)
(0.750003 -0.059337 0)
(0.781283 -0.0592143 0.0265073)
(0.750685 -0.321659 0.213001)
(0.687573 -0.261689 0.215748)
(0.718794 -0.2 0.120556)
(0.624999 -0.0608679 0.0891819)
(0.59375 -0.0257192 0.024875)
(0.593748 -0.129664 0.0559802)
(0.593747 -0.132991 0.120335)
(0.750023 -0.0608707 0.0891955)
(0.687505 -0.0615213 0.152971)
(0.656227 -0.129661 0.0559585)
(0.718763 -0.132994 0.120351)
(0.718767 -0.129661 0.0560158)
(0.656241 -0.132995 0.120321)
(0.718751 -0.0257192 0.0248756)
(0.65625 -0.0257192 0.0248749)
(0.781222 -0.2 0.120601)
(0.812623 -0.0615521 0.152991)
(0.844051 -0.129623 0.0561135)
(0.781305 -0.132985 0.120394)
(0.781301 -0.129656 0.0560919)
(0.844014 -0.132883 0.120449)
(0.781264 -0.0257205 0.0248772)
(0.843874 -0.0257388 0.0248849)
(0.749945 -0.2 0.21675)
(0.781268 -0.167713 0.152714)
(0.843867 -0.167662 0.152755)
(0.750022 -0.0611529 0.216561)
(0.813501 -0.319638 0.148479)
(0.593753 -0.161597 0.0223291)
(0.656208 -0.161594 0.0222976)
(0.718789 -0.161595 0.0223662)
(0.843933 -0.161594 0.0224169)
(0.781268 -0.161596 0.0224311)
(0.59375 -0.0593371 0)
(0.625 -0.028515 0)
(0.624983 -0.2 0.216725)
(0.687504 -0.134054 0.216497)
(0.687453 -0.2 0.289419)
(0.718759 -0.167719 0.152683)
(0.656235 -0.167716 0.152687)
(0.625001 -0.060968 0.21656)
(0.687507 -0.0593337 0.279988)
(0.593742 -0.167714 0.15268)
(0.687473 0 0.22676)
(0.656078 -0.2 0.0571359)
(0.687516 -0.16651 0.0526457)
(0.656212 -0.167204 0.0869142)
(0.624963 -0.16651 0.0527039)
(0.65623 -0.2 0.120513)
(0.718739 -0.167203 0.0870214)
(0.687521 -0.167559 0.120191)
(0.750001 -0.167558 0.120269)
(0.718858 -0.2 0.0572735)
(0.749981 -0.166508 0.0529065)
(0.624975 -0.167558 0.120204)
(0.65625 -0.059337 0)
(0.6875 -0.0285149 0)
(0.71875 -0.0593369 0)
(0.750002 -0.0285146 0)
(0.593729 -0.2 0.0571181)
(0.593767 -0.167202 0.0869677)
(0.59373 -0.2 0.120533)
(0.843707 -0.2 0.0574104)
(0.812523 -0.166506 0.0530255)
(0.843864 -0.167176 0.0871703)
(0.843788 -0.2 0.120634)
(0.781289 -0.167201 0.0871199)
(0.812556 -0.167542 0.120294)
(0.781293 -0.2 0.0574661)
(0.843946 -0.0593589 0)
(0.781265 -0.059338 0)
(0.812535 -0.0285205 0)
(0.687586 -0.316611 0.0839794)
(0.813123 -0.316317 0.0841747)
(0.59375 -0.156009 0)
(0.65625 -0.156009 0)
(0.718751 -0.156009 0)
(0.844008 -0.15601 0)
(0.78127 -0.156009 0)
(0.718791 -0.228441 0.0536254)
(0.656186 -0.228445 0.0535481)
(0.593744 -0.228447 0.0535548)
(0.781294 -0.228431 0.0537443)
(0.843894 -0.228396 0.053763)
(0.593749 -0.0943302 0.0573783)
(0.59375 -0.0271378 0.0570094)
(0.656245 -0.09433 0.0573713)
(0.718753 -0.0271381 0.0570106)
(0.65625 -0.0271379 0.0570091)
(0.718761 -0.0943299 0.0573916)
(0.844117 -0.0943197 0.0574399)
(0.781269 -0.027139 0.0570141)
(0.781315 -0.0943284 0.0574212)
(0.843874 -0.0271497 0.0570289)
(0.640488 -0.184205 0.0335901)
(0.671809 -0.184206 0.033052)
(0.734409 -0.184207 0.0334866)
(0.70324 -0.18421 0.0335629)
(0.609431 -0.184208 0.033161)
(0.578147 -0.184202 0.0336604)
(0.859387 -0.184206 0.0337319)
(0.82807 -0.184206 0.0335678)
(0.765516 -0.184205 0.0337673)
(0.796894 -0.184205 0.0341061)
(0.625 -0.124271 0)
(0.624998 -0.0926324 0.026743)
(0.750048 -0.255881 0.0554714)
(0.624994 -0.255912 0.0554076)
(0.750004 -0.124271 0)
(0.750014 -0.0926326 0.0267546)
(0.750476 -0.376992 0.0730092)
(0.688059 -0.379434 0.139254)
(0.64048 -0.2 0.02)
(0.609384 -0.2 0.02)
(0.624985 -0.182889 0.0155664)
(0.62512 -0.2 0.0359108)
(0.6875 -0.124271 0)
(0.687501 -0.0926322 0.0267438)
(0.859323 -0.2 0.02)
(0.812577 -0.124273 0)
(0.812622 -0.092636 0.0267622)
(0.844217 -0.258354 0.0872551)
(0.687515 -0.255903 0.0554073)
(0.812702 -0.25583 0.0555233)
(0.734487 -0.2 0.02)
(0.765617 -0.2 0.02)
(0.749998 -0.182897 0.0156678)
(0.749897 -0.2 0.0364707)
(0.67177 -0.2 0.02)
(0.703408 -0.2 0.02)
(0.687519 -0.182898 0.0155074)
(0.687564 -0.2 0.0352717)
(0.577937 -0.2 0.02)
(0.82839 -0.2 0.02)
(0.796981 -0.2 0.02)
(0.812518 -0.182891 0.0157666)
(0.812565 -0.2 0.0372698)
(0.687494 -0.229899 0.0869729)
(0.812592 -0.229852 0.087132)
(0.750014 -0.229889 0.0870779)
(0.718795 -0.258633 0.0870864)
(0.781399 -0.258566 0.0871607)
(0.750008 -0.0276777 0.0892229)
(0.624999 -0.0601086 0.0575301)
(0.624995 -0.0958724 0.0888094)
(0.624975 -0.229904 0.0869582)
(0.656252 -0.25865 0.0870312)
(0.59376 -0.258664 0.0870435)
(0.750031 -0.0958738 0.0888457)
(0.750019 -0.0601097 0.0575417)
(0.625 -0.0276763 0.0892192)
(0.656166 -0.182894 0.0155123)
(0.655685 -0.2 0.0353852)
(0.593767 -0.182892 0.0155706)
(0.593995 -0.2 0.0358699)
(0.843804 -0.182889 0.0156586)
(0.843641 -0.2 0.0361334)
(0.718834 -0.182893 0.0156268)
(0.719032 -0.2 0.0363402)
(0.781266 -0.182899 0.0157068)
(0.781205 -0.2 0.0362146)
(0.687501 -0.0276768 0.08922)
(0.687502 -0.0958733 0.0888137)
(0.687502 -0.0601089 0.0575316)
(0.812666 -0.0958586 0.0888783)
(0.812621 -0.0601132 0.057554)
(0.812551 -0.0276797 0.0892307)
(0.844027 -0.0608679 0.0892284)
(0.59375 -0.0608676 0.0891837)
(0.65625 -0.0608688 0.0891814)
(0.71876 -0.0608699 0.0891892)
(0.781305 -0.0608707 0.0892027)
(0.656136 -0.166136 0.0355396)
(0.656098 -0.183749 0.0513972)
(0.671829 -0.167158 0.0516479)
(0.640528 -0.167154 0.0518381)
(0.718824 -0.16614 0.0357529)
(0.703204 -0.167152 0.051867)
(0.718846 -0.183747 0.0516286)
(0.734388 -0.167155 0.0519679)
(0.593776 -0.166138 0.0356454)
(0.609367 -0.167153 0.0517805)
(0.593742 -0.183747 0.0514658)
(0.578096 -0.167153 0.0518584)
(0.859501 -0.167132 0.0521089)
(0.84382 -0.166144 0.0358387)
(0.843722 -0.183745 0.0517119)
(0.828115 -0.167151 0.0520644)
(0.781247 -0.166139 0.0359273)
(0.765589 -0.16715 0.0521084)
(0.796905 -0.16715 0.0522312)
(0.781258 -0.183743 0.0518565)
(0.609379 -0.164429 0.0196396)
(0.640562 -0.16442 0.0196952)
(0.624979 -0.166146 0.0356243)
(0.85959 -0.164427 0.0198268)
(0.73441 -0.164421 0.0197419)
(0.765616 -0.164441 0.0197727)
(0.749981 -0.166144 0.0358419)
(0.640394 -0.2 0.0529548)
(0.624959 -0.183751 0.051539)
(0.609346 -0.2 0.0527392)
(0.578104 -0.164426 0.0197225)
(0.671837 -0.164437 0.0195624)
(0.703196 -0.164434 0.0196785)
(0.68752 -0.166145 0.0355305)
(0.859337 -0.2 0.0531091)
(0.828224 -0.164425 0.0197978)
(0.796917 -0.164429 0.0198559)
(0.812529 -0.166138 0.0360168)
(0.734335 -0.2 0.0530488)
(0.74994 -0.183746 0.0517651)
(0.765498 -0.2 0.053262)
(0.671815 -0.2 0.05231)
(0.687541 -0.18375 0.0513957)
(0.703384 -0.2 0.052972)
(0.5779 -0.2 0.0526869)
(0.827867 -0.2 0.0529686)
(0.812463 -0.183748 0.0519568)
(0.797009 -0.2 0.0535125)
(0.718747 -0.229896 0.0870249)
(0.718753 -0.0276772 0.0892211)
(0.781314 -0.229877 0.0871032)
(0.781271 -0.0276785 0.0892256)
(0.687712 -0.377103 0.0728777)
(0.625035 -0.316644 0.0839532)
(0.750224 -0.316531 0.0840457)
(0.718784 -0.255894 0.0554369)
(0.65624 -0.255907 0.0553977)
(0.687735 -0.320376 0.147925)
(0.593752 -0.255909 0.055403)
(0.81361 -0.376781 0.0732941)
(0.781354 -0.255864 0.0554975)
(0.84417 -0.255764 0.0555333)
(0.625 -0.156009 0)
(0.59375 -0.124271 0)
(0.60939 -0.183525 0.0146566)
(0.578057 -0.183523 0.0147714)
(0.6875 -0.156009 0)
(0.65625 -0.124271 0)
(0.640522 -0.183521 0.0147382)
(0.671809 -0.183532 0.0146024)
(0.750004 -0.156009 0)
(0.718751 -0.124271 0)
(0.734439 -0.18352 0.0147543)
(0.703275 -0.183534 0.014736)
(0.812579 -0.156009 0)
(0.844004 -0.124277 0)
(0.859415 -0.183524 0.0148427)
(0.828231 -0.183522 0.0147972)
(0.78127 -0.124271 0)
(0.765602 -0.183542 0.0148328)
(0.796928 -0.18353 0.0149154)
(0.59375 -0.0926323 0.0267445)
(0.640535 -0.166653 0.0351371)
(0.656219 -0.2299 0.0869258)
(0.687513 -0.228445 0.0535649)
(0.74999 -0.228436 0.0537107)
(0.734402 -0.2 0.0354135)
(0.703242 -0.2 0.036049)
(0.624974 -0.228447 0.0536185)
(0.640447 -0.2 0.0361674)
(0.671836 -0.2 0.034934)
(0.734403 -0.166656 0.0352205)
(0.656248 -0.0926323 0.026742)
(0.718755 -0.0926323 0.0267492)
(0.609389 -0.166656 0.0350261)
(0.593769 -0.229906 0.086974)
(0.609496 -0.2 0.0349044)
(0.578267 -0.2 0.0362287)
(0.859511 -0.16665 0.035376)
(0.843918 -0.229809 0.0871636)
(0.812543 -0.22842 0.0538118)
(0.765375 -0.2 0.0362045)
(0.796884 -0.2 0.0368421)
(0.859264 -0.2 0.0358671)
(0.827955 -0.2 0.0354452)
(0.765585 -0.166656 0.0353629)
(0.844075 -0.0926464 0.0267611)
(0.781292 -0.0926332 0.0267592)
(0.59375 -0.0601086 0.0575315)
(0.59375 -0.0958719 0.0888149)
(0.624996 -0.0943297 0.0573749)
(0.59375 -0.0276763 0.0892196)
(0.625 -0.0271378 0.0570092)
(0.656249 -0.0601088 0.0575296)
(0.687502 -0.0943295 0.0573766)
(0.656245 -0.0958749 0.0888056)
(0.718762 -0.0958734 0.0888292)
(0.687501 -0.0271379 0.0570096)
(0.718757 -0.0601093 0.0575363)
(0.750007 -0.0271383 0.057012)
(0.65625 -0.0276766 0.0892192)
(0.750025 -0.09433 0.0574073)
(0.812658 -0.0943251 0.0574322)
(0.844107 -0.0958262 0.0889017)
(0.844034 -0.0601246 0.0575627)
(0.781324 -0.0958702 0.0888614)
(0.781299 -0.0601105 0.0575475)
(0.812549 -0.0271412 0.0570183)
(0.843874 -0.0276847 0.0892423)
(0.656 -0.183949 0.0334418)
(0.64047 -0.184081 0.0512731)
(0.625016 -0.183948 0.0336809)
(0.671825 -0.166659 0.0349168)
(0.671817 -0.184083 0.0508839)
(0.687538 -0.183958 0.0334168)
(0.7032 -0.166659 0.0351536)
(0.718895 -0.183948 0.0338796)
(0.734374 -0.184082 0.0513682)
(0.749946 -0.183951 0.0339917)
(0.703273 -0.18408 0.0512822)
(0.593841 -0.183942 0.0336542)
(0.609365 -0.184079 0.0511214)
(0.578123 -0.166653 0.0352019)
(0.578036 -0.184079 0.0511997)
(0.859402 -0.184075 0.0514994)
(0.84372 -0.183951 0.0338943)
(0.828146 -0.166655 0.0353187)
(0.828008 -0.184079 0.0514245)
(0.812515 -0.183947 0.0343638)
(0.796899 -0.166655 0.0355171)
(0.781226 -0.183945 0.0340257)
(0.765545 -0.184076 0.0515631)
(0.796927 -0.184078 0.0517584)
(0.718783 -0.230521 0.120033)
(0.718754 -0.0278591 0.121261)
(0.781294 -0.23049 0.120091)
(0.781272 -0.0278639 0.121266)
(0.781337 -0.230899 0.184532)
(0.781271 -0.0278576 0.184914)
(0.718884 -0.289467 0.118436)
(0.781581 -0.289292 0.118544)
(0.59375 -0.0920182 0)
(0.718786 -0.230941 0.184575)
(0.718756 -0.0277783 0.184913)
(0.656242 -0.230528 0.119991)
(0.65625 -0.0920182 0)
(0.718751 -0.0920182 0)
(0.593748 -0.230534 0.120007)
(0.843926 -0.230397 0.120157)
(0.843987 -0.0920315 0)
(0.781268 -0.092019 0)
(0.59375 -0.281147 0)
(0.59375 -0.340601 0)
(0.71875 -0.281147 0)
(0.65625 -0.281147 0)
(0.656249 -0.340602 0)
(0.718747 -0.340602 0)
(0.781267 -0.281146 0)
(0.844007 -0.281136 0)
(0.844012 -0.340549 0)
(0.781263 -0.340594 0)
(0.687878 -0.322008 0.212759)
(0.59375 -0.0278562 0.121259)
(0.593748 -0.0968048 0.120751)
(0.718764 -0.096811 0.120761)
(0.656251 -0.027857 0.121259)
(0.656247 -0.0968112 0.120744)
(0.781324 -0.0968088 0.120787)
(0.843873 -0.0278691 0.12128)
(0.84409 -0.0967251 0.120833)
(0.781296 -0.167809 0.184723)
(0.656248 -0.230958 0.184531)
(0.718764 -0.167814 0.184782)
(0.656237 -0.167809 0.184744)
(0.59375 -0.0277561 0.184911)
(0.593735 -0.230962 0.184528)
(0.593729 -0.167808 0.184746)
(0.656252 -0.0277592 0.184912)
(0.656303 -0.289529 0.11838)
(0.718801 -0.284623 0.0556038)
(0.656263 -0.284642 0.0555797)
(0.593774 -0.289554 0.11837)
(0.593757 -0.28465 0.0555789)
(0.844608 -0.288762 0.11875)
(0.781421 -0.28457 0.0556469)
(0.844391 -0.284414 0.0556994)
(0.718835 -0.260909 0.151671)
(0.781451 -0.260781 0.151745)
(0.750017 -0.230782 0.152493)
(0.750105 -0.26007 0.119441)
(0.750131 -0.261304 0.183811)
(0.750271 -0.290588 0.15046)
(0.781209 0 0.153327)
(0.75001 -0.0279027 0.15314)
(0.749929 0 0.18633)
(0.656278 -0.260955 0.151636)
(0.59376 -0.260972 0.151629)
(0.625006 -0.260146 0.119356)
(0.624965 -0.230815 0.152475)
(0.625015 -0.261432 0.18374)
(0.625052 -0.290791 0.150319)
(0.844272 -0.260378 0.151889)
(0.750031 -0.0972444 0.152771)
(0.75001 -0.133687 0.184642)
(0.750031 -0.282214 0.0260479)
(0.625 -0.027886 0.153136)
(0.625001 0 0.186405)
(0.625002 -0.282226 0.0260368)
(0.624994 -0.0972221 0.152756)
(0.624983 -0.133667 0.184635)
(0.625002 -0.344196 0.0197694)
(0.656242 -0.386302 0)
(0.844186 -0.386109 0)
(0.687507 -0.282223 0.0260382)
(0.81268 -0.282186 0.026059)
(0.750046 -0.344168 0.0197755)
(0.718747 -0.386276 0)
(0.781309 -0.38622 0)
(0.688572 -0.383035 0.273658)
(0.687499 -0.311978 0)
(0.812572 -0.311967 0)
(0.687514 -0.230806 0.152454)
(0.687545 -0.260125 0.119369)
(0.687563 -0.261397 0.183774)
(0.687625 -0.290734 0.150361)
(0.812614 -0.230723 0.152527)
(0.812796 -0.259899 0.11953)
(0.812836 -0.261047 0.183915)
(0.813121 -0.290186 0.150659)
(0.749854 -0.2 0.18482)
(0.750155 -0.287243 0.0864011)
(0.687503 -0.0278894 0.153137)
(0.687503 0 0.186407)
(0.812511 0 0.121391)
(0.812552 -0.0279275 0.153146)
(0.811877 0 0.185628)
(0.625019 -0.287332 0.0863175)
(0.624916 -0.2 0.184855)
(0.845046 -0.319542 0.149728)
(0.687504 -0.0972313 0.152757)
(0.6875 -0.133676 0.184648)
(0.812659 -0.0972113 0.152795)
(0.812617 -0.133636 0.184662)
(0.718768 -0.312986 0.0246982)
(0.75 -0.311977 0)
(0.781337 -0.312964 0.024708)
(0.750124 -0.314559 0.0535379)
(0.656255 -0.312994 0.0246932)
(0.593752 -0.312996 0.0246924)
(0.625 -0.311977 0)
(0.625015 -0.314616 0.0534949)
(0.844231 -0.312901 0.0247163)
(0.687509 -0.344187 0.0197712)
(0.812739 -0.344119 0.0197819)
(0.687467 -0.2 0.184968)
(0.687556 -0.287307 0.0863378)
(0.812455 -0.2 0.184909)
(0.812954 -0.287057 0.0865002)
(0.687541 -0.314599 0.0535062)
(0.844784 -0.316102 0.0843334)
(0.812925 -0.314453 0.0535939)
(0.844011 -0.0615391 0.153006)
(0.687504 -0.0613334 0.121077)
(0.812625 -0.0613359 0.121104)
(0.781212 -0.2 0.216694)
(0.812621 -0.0615692 0.184809)
(0.781303 -0.0614464 0.216548)
(0.687521 -0.231038 0.216406)
(0.718774 -0.2 0.216737)
(0.656213 -0.2 0.216749)
(0.687504 -0.167917 0.216585)
(0.59375 -0.0612438 0.216547)
(0.593727 -0.2 0.216737)
(0.687505 -0.061456 0.184797)
(0.718761 -0.0613153 0.216547)
(0.656252 -0.0612564 0.216546)
(0.687504 -0.0272467 0.216635)
(0.71885 -0.26166 0.21578)
(0.781464 -0.261501 0.215839)
(0.750017 -0.23101 0.216403)
(0.781838 -0.320434 0.149319)
(0.750307 -0.319065 0.116988)
(0.719026 -0.32075 0.149112)
(0.750025 -0.0613391 0.121087)
(0.718761 -0.0615347 0.152973)
(0.781306 -0.0615557 0.152982)
(0.750024 -0.0615129 0.1848)
(0.780273 0 0.217707)
(0.750007 -0.0273736 0.216633)
(0.718697 0 0.218676)
(0.656296 -0.26172 0.21574)
(0.593766 -0.261741 0.215732)
(0.624996 -0.231048 0.21637)
(0.781299 -0.13411 0.216494)
(0.749985 -0.167925 0.21657)
(0.718759 -0.134097 0.216495)
(0.624999 -0.06133 0.121075)
(0.593749 -0.0615173 0.15297)
(0.656251 -0.061522 0.152969)
(0.625 -0.0614382 0.184796)
(0.625002 -0.0272282 0.216634)
(0.593751 0 0.218709)
(0.656253 0 0.218711)
(0.624987 -0.167915 0.216554)
(0.656247 -0.134079 0.216488)
(0.593742 -0.134074 0.216495)
(0.813241 -0.318694 0.117199)
(0.656303 -0.316637 0.0840166)
(0.718885 -0.316587 0.0840605)
(0.687634 -0.319201 0.116882)
(0.593773 -0.316658 0.0840067)
(0.781616 -0.316457 0.0841505)
(0.625058 -0.319255 0.116838)
(0.656381 -0.320874 0.149011)
(0.750022 -0.23051 0.120084)
(0.71882 -0.260109 0.119406)
(0.718778 -0.2308 0.152461)
(0.687531 -0.230523 0.12)
(0.750009 -0.0278609 0.121263)
(0.718755 -0.0278967 0.153139)
(0.718761 -0.0613365 0.121082)
(0.687502 -0.0278573 0.12126)
(0.781305 -0.230764 0.152506)
(0.781425 -0.260009 0.119483)
(0.812599 -0.23046 0.120121)
(0.781272 -0.0279175 0.153142)
(0.781253 0 0.121389)
(0.781307 -0.0613412 0.121094)
(0.812552 -0.0278658 0.121271)
(0.781469 -0.261217 0.183858)
(0.749991 -0.230918 0.18453)
(0.812593 -0.230853 0.184582)
(0.781361 -0.2 0.184805)
(0.781309 -0.230983 0.216406)
(0.780818 0 0.185852)
(0.75001 -0.0277885 0.184914)
(0.781305 -0.0615786 0.184801)
(0.812551 -0.0278997 0.184916)
(0.781268 -0.02766 0.216627)
(0.750211 -0.289388 0.118447)
(0.718927 -0.290734 0.150536)
(0.687588 -0.289491 0.118364)
(0.718842 -0.287287 0.0863766)
(0.718943 -0.319215 0.117091)
(0.781646 -0.290497 0.15067)
(0.813036 -0.289088 0.118596)
(0.781513 -0.287177 0.0864551)
(0.781709 -0.318993 0.117233)
(0.625 -0.0920182 0)
(0.718846 -0.261368 0.183804)
(0.687506 -0.230948 0.184567)
(0.718805 -0.2 0.184987)
(0.718781 -0.23103 0.216401)
(0.718743 0 0.186346)
(0.718761 -0.0615147 0.184797)
(0.687503 -0.0277433 0.184913)
(0.718755 -0.0274589 0.216631)
(0.62498 -0.23053 0.120009)
(0.656245 -0.230812 0.152461)
(0.656268 -0.26014 0.119361)
(0.6875 -0.0920182 0)
(0.750004 -0.0920184 0)
(0.593746 -0.230818 0.15245)
(0.59376 -0.260155 0.119364)
(0.843934 -0.230644 0.152569)
(0.844246 -0.259696 0.119609)
(0.812572 -0.0920217 0)
(0.59375 -0.311976 0)
(0.625 -0.281147 0)
(0.593752 -0.282227 0.0260381)
(0.624999 -0.34065 0)
(0.593751 -0.344234 0.0198527)
(0.6875 -0.281147 0)
(0.718749 -0.311977 0)
(0.750002 -0.281147 0)
(0.718765 -0.28222 0.0260442)
(0.65625 -0.311977 0)
(0.656253 -0.282226 0.0260382)
(0.687498 -0.340651 0)
(0.656254 -0.34423 0.0198541)
(0.749999 -0.340648 0)
(0.718767 -0.344217 0.0198571)
(0.812575 -0.281142 0)
(0.781264 -0.311974 0)
(0.781323 -0.282205 0.0260554)
(0.844006 -0.311952 0)
(0.844184 -0.282156 0.0260623)
(0.812575 -0.340628 0)
(0.844264 -0.34411 0.0198638)
(0.781344 -0.344187 0.019863)
(0.688352 -0.381667 0.206973)
(0.688016 -0.322682 0.277192)
(0.656287 -0.261425 0.183762)
(0.656328 -0.290823 0.15047)
(0.59376 -0.261444 0.183751)
(0.593784 -0.290856 0.150451)
(0.59375 -0.0613297 0.121077)
(0.625 -0.0278561 0.121259)
(0.59375 -0.0278884 0.153136)
(0.624995 -0.0968082 0.120746)
(0.593746 -0.0972225 0.152759)
(0.687505 -0.0968117 0.120749)
(0.750032 -0.0968116 0.120774)
(0.718764 -0.0972383 0.152763)
(0.65625 -0.0613324 0.121075)
(0.656251 -0.02789 0.153137)
(0.656248 -0.0972305 0.152754)
(0.812663 -0.0967827 0.120804)
(0.781323 -0.0972405 0.15278)
(0.844017 -0.0613243 0.121122)
(0.843872 -0.0279353 0.153152)
(0.844079 -0.097139 0.15282)
(0.812538 -0.167791 0.184762)
(0.781268 -0.167929 0.216563)
(0.781307 -0.133683 0.184644)
(0.749959 -0.167812 0.184731)
(0.844681 -0.289795 0.150936)
(0.656246 -0.2 0.184874)
(0.65625 -0.231046 0.216384)
(0.624967 -0.230957 0.184518)
(0.68749 -0.167809 0.184779)
(0.718758 -0.167927 0.216573)
(0.718759 -0.133688 0.184651)
(0.656238 -0.167922 0.216564)
(0.624959 -0.167806 0.184735)
(0.656242 -0.133675 0.184637)
(0.593749 -0.0614759 0.184795)
(0.593751 -0.0274111 0.216629)
(0.625001 -0.0277352 0.184912)
(0.593751 0 0.186354)
(0.593739 -0.133672 0.184641)
(0.593717 -0.2 0.184887)
(0.593741 -0.231051 0.216383)
(0.593734 -0.16792 0.216567)
(0.656251 -0.0614834 0.184794)
(0.656253 -0.0274165 0.21663)
(0.656252 0 0.186355)
(0.656281 -0.287323 0.0863333)
(0.656334 -0.319297 0.117022)
(0.625034 -0.289531 0.118334)
(0.687528 -0.284634 0.0555834)
(0.71882 -0.314587 0.053543)
(0.75009 -0.284602 0.0556202)
(0.656274 -0.314613 0.053522)
(0.625007 -0.284647 0.0555747)
(0.593766 -0.287341 0.0863301)
(0.593787 -0.319331 0.117002)
(0.59376 -0.314624 0.0535213)
(0.84453 -0.286852 0.0865894)
(0.844887 -0.318352 0.117519)
(0.812831 -0.284512 0.0556686)
(0.781475 -0.314522 0.0535853)
(0.84454 -0.314349 0.0536546)
(0.781684 -0.291222 0.182876)
(0.718955 -0.291509 0.182734)
(0.781293 -0.231061 0.248184)
(0.781257 -0.168133 0.248289)
(0.781322 -0.0974391 0.184683)
(0.718764 -0.231104 0.248178)
(0.718743 -0.168119 0.248296)
(0.656273 -0.168112 0.248261)
(0.656285 -0.231118 0.248136)
(0.593745 -0.0973859 0.184674)
(0.593747 -0.168107 0.248306)
(0.593753 -0.231125 0.248177)
(0.718763 -0.0974163 0.184676)
(0.656248 -0.0973904 0.18467)
(0.65628 -0.345274 0.048638)
(0.718833 -0.345243 0.0486585)
(0.593762 -0.345286 0.0486259)
(0.844642 -0.345018 0.0487802)
(0.781513 -0.345174 0.0487014)
(0.656346 -0.29162 0.182662)
(0.593791 -0.291661 0.182634)
(0.750118 -0.26195 0.247846)
(0.718861 -0.262039 0.279554)
(0.750013 -0.135208 0.248252)
(0.718761 -0.135028 0.279957)
(0.750161 -0.376579 0.0409481)
(0.625009 -0.135144 0.248248)
(0.656263 -0.134976 0.279955)
(0.687554 -0.376637 0.0409151)
(0.813019 -0.376467 0.0410158)
(0.845168 -0.376636 0.0749456)
(0.625042 -0.262066 0.247789)
(0.656321 -0.262103 0.279523)
(0.782002 -0.321718 0.213747)
(0.813466 -0.320922 0.181857)
(0.687513 -0.2 0.249579)
(0.687505 -0.0974118 0.216472)
(0.750349 -0.291679 0.214621)
(0.750477 -0.321574 0.181521)
(0.625087 -0.291971 0.214441)
(0.750029 -0.0974791 0.216473)
(0.749944 -0.2 0.249477)
(0.718752 -0.2 0.281206)
(0.687569 -0.262032 0.247814)
(0.687525 -0.231105 0.279838)
(0.624997 -0.0973892 0.216469)
(0.687507 -0.135162 0.248256)
(0.6875 -0.167913 0.279979)
(0.625047 -0.2 0.249468)
(0.656278 -0.2 0.281202)
(0.719146 -0.322182 0.213483)
(0.68768 -0.291887 0.214503)
(0.687619 -0.346205 0.0790311)
(0.813286 -0.345946 0.0792675)
(0.656346 -0.37707 0.0744536)
(0.62505 -0.346242 0.0789973)
(0.718973 -0.377007 0.0745154)
(0.750296 -0.346125 0.0791062)
(0.7818 -0.376882 0.0746486)
(0.687743 -0.321829 0.181352)
(0.656459 -0.322377 0.213345)
(0.750301 -0.291374 0.182737)
(0.813155 -0.290892 0.182949)
(0.781724 -0.291528 0.214796)
(0.781886 -0.32145 0.181896)
(0.687646 -0.291552 0.182635)
(0.718985 -0.29185 0.21464)
(0.719065 -0.321841 0.181675)
(0.780879 -0.2 0.248995)
(0.781407 -0.261903 0.247901)
(0.750028 -0.231082 0.248172)
(0.781287 -0.135436 0.248253)
(0.749998 -0.168094 0.248289)
(0.812656 -0.0974013 0.184695)
(0.78132 -0.0975417 0.216474)
(0.750029 -0.0974243 0.184678)
(0.718705 -0.2 0.249443)
(0.687525 -0.231107 0.248175)
(0.718792 -0.231112 0.279864)
(0.718828 -0.26203 0.247859)
(0.687508 -0.16808 0.248303)
(0.718756 -0.135385 0.248255)
(0.718765 -0.168064 0.279979)
(0.656304 -0.2 0.249364)
(0.62502 -0.168075 0.248268)
(0.656261 -0.135358 0.248243)
(0.656269 -0.168049 0.279969)
(0.625029 -0.231118 0.248135)
(0.656285 -0.231131 0.279846)
(0.656301 -0.262078 0.247824)
(0.593746 -0.0974421 0.21647)
(0.624994 -0.0973733 0.184671)
(0.593752 -0.135348 0.248263)
(0.593722 -0.2 0.249471)
(0.593773 -0.262098 0.247834)
(0.687504 -0.0973905 0.184675)
(0.718763 -0.0974864 0.216471)
(0.65625 -0.0974478 0.216467)
(0.687551 -0.34525 0.0485388)
(0.656319 -0.346217 0.0792736)
(0.625019 -0.345271 0.0485245)
(0.656277 -0.376683 0.041711)
(0.71892 -0.346165 0.0793198)
(0.750152 -0.345203 0.0485701)
(0.718828 -0.376645 0.0417308)
(0.593779 -0.346239 0.0792528)
(0.812997 -0.345098 0.0486323)
(0.844986 -0.345787 0.0796437)
(0.844617 -0.37642 0.0418489)
(0.7817 -0.34605 0.0794191)
(0.781502 -0.376568 0.0417728)
(0.656407 -0.321999 0.181565)
(0.656368 -0.291977 0.214557)
(0.625065 -0.291623 0.182583)
(0.593803 -0.292025 0.214524)
(0.499996 -0.260963 0.151643)
(0.500008 -0.252177 0.0254216)
(0.499996 -0.133417 0.152644)
(0.50001 -0.126207 0.0258654)
(0.499999 -0.379677 0.138948)
(0.499995 -0.2 0.02)
(0.5 -0.392633 0)
(0.46875 -0.218709 0)
(0.53125 -0.218709 0)
(0.5 0 0.28136)
(0.499998 -0.261992 0.279277)
(0.500014 -0.258658 0.0870839)
(0.500005 -0.2 0.152924)
(0.5 -0.0592123 0.0265048)
(0.5 0 0)
(0.53125 0 0.0270786)
(0.46875 0 0.0270786)
(0.5 -0.249948 0)
(0.531258 -0.252177 0.0254156)
(0.468746 -0.252176 0.0254359)
(0.500017 -0.224436 0.0213418)
(0.5 -0.312992 0.0246814)
(0.500009 -0.132032 0.087959)
(0.468742 -0.2 0.02)
(0.5 -0.187445 0)
(0.531241 -0.2 0.02)
(0.46875 0 0)
(0.499998 -0.133496 0.279967)
(0.53125 0 0)
(0.500016 -0.2 0.0878281)
(0.46874 -0.224428 0.0213755)
(0.531262 -0.224437 0.0213288)
(0.53125 -0.249948 0)
(0.46875 -0.249948 0)
(0.46875 -0.187445 0)
(0.5 -0.218709 0)
(0.53125 -0.187445 0)
(0.46875 -0.0285151 0)
(0.53125 -0.0285151 0)
(0.468714 -0.167561 0.120306)
(0.468685 -0.166514 0.0530209)
(0.531321 -0.16756 0.120248)
(0.531357 -0.16651 0.0527633)
(0.499999 -0.0615113 0.152977)
(0.5 0 0.226773)
(0.499996 -0.261739 0.215724)
(0.5 -0.0257193 0.0248757)
(0.499997 -0.167718 0.152732)
(0.468734 -0.133417 0.152648)
(0.500002 -0.132994 0.120388)
(0.531248 -0.133417 0.152638)
(0.499997 -0.13404 0.216507)
(0.468743 -0.126209 0.0258836)
(0.531261 -0.126207 0.0258574)
(0.500039 -0.161598 0.0223562)
(0.50003 -0.129658 0.0560419)
(0.500454 -0.2 0.05713)
(0.468664 -0.2 0.08792)
(0.531243 -0.2 0.0877181)
(0.500001 -0.0592027 0.279986)
(0.499909 -0.2 0.289508)
(0.468714 -0.2 0.152997)
(0.531216 -0.2 0.152912)
(0.499991 -0.2 0.120644)
(0.5 -0.0593371 0)
(0.468749 -0.0592124 0.0265063)
(0.531251 -0.0592123 0.0265036)
(0.468724 -0.132034 0.0879943)
(0.500022 -0.167204 0.0870614)
(0.531269 -0.132034 0.0879288)
(0.500003 -0.383698 0.273096)
(0.5 -0.0608674 0.089194)
(0.46875 -0.0257193 0.024876)
(0.468729 -0.132994 0.120404)
(0.468731 -0.129667 0.0560879)
(0.468701 -0.2 0.120657)
(0.53125 -0.0257192 0.0248754)
(0.531271 -0.132996 0.120367)
(0.531281 -0.12966 0.0560128)
(0.53144 -0.2 0.120597)
(0.46872 -0.161601 0.0224213)
(0.531289 -0.161594 0.0223466)
(0.46875 -0.0593371 0)
(0.5 -0.0285151 0)
(0.499999 -0.0609591 0.216562)
(0.499933 -0.2 0.21674)
(0.468723 -0.167718 0.15275)
(0.53125 -0.0593371 0)
(0.531241 -0.16772 0.152726)
(0.468528 -0.2 0.0575877)
(0.468696 -0.167203 0.0871331)
(0.500005 -0.16756 0.120281)
(0.500128 -0.166511 0.0528223)
(0.531508 -0.2 0.0572331)
(0.53128 -0.167205 0.0870034)
(0.46875 -0.156009 0)
(0.53125 -0.156009 0)
(0.468675 -0.228443 0.0537707)
(0.531368 -0.228447 0.0535895)
(0.46875 -0.0271378 0.0570119)
(0.468744 -0.0943306 0.0574176)
(0.53125 -0.0271378 0.0570105)
(0.531258 -0.0943297 0.057392)
(0.484408 -0.184205 0.0337085)
(0.452922 -0.184207 0.0338525)
(0.516044 -0.184201 0.0335561)
(0.546934 -0.184199 0.0333141)
(0.499996 -0.320497 0.147816)
(0.50004 -0.255914 0.0554257)
(0.5 -0.124271 0)
(0.500002 -0.0926323 0.0267524)
(0.5 -0.377196 0.0727868)
(0.484283 -0.2 0.02)
(0.515637 -0.2 0.02)
(0.500058 -0.1829 0.0155787)
(0.50024 -0.2 0.0353193)
(0.452898 -0.2 0.02)
(0.546856 -0.2 0.02)
(0.5 -0.0276761 0.0892217)
(0.50003 -0.229903 0.0870371)
(0.468723 -0.25866 0.087125)
(0.531274 -0.258657 0.0870613)
(0.500001 -0.0601084 0.0575402)
(0.500002 -0.0958723 0.0888447)
(0.468687 -0.182899 0.015708)
(0.468466 -0.2 0.0366013)
(0.531303 -0.182897 0.0155875)
(0.531374 -0.2 0.0359705)
(0.468747 -0.0608676 0.0891979)
(0.531251 -0.0608679 0.0891898)
(0.468679 -0.166138 0.0359357)
(0.452991 -0.167155 0.0522301)
(0.46862 -0.183752 0.0519407)
(0.48443 -0.167159 0.0521041)
(0.531363 -0.166139 0.0356855)
(0.515805 -0.167154 0.0519278)
(0.546925 -0.167158 0.0518565)
(0.531433 -0.183747 0.0515573)
(0.484378 -0.164437 0.0197518)
(0.51572 -0.164443 0.0196856)
(0.500127 -0.166142 0.0356969)
(0.453043 -0.164434 0.0198392)
(0.546894 -0.164433 0.0196792)
(0.484569 -0.2 0.0534835)
(0.500274 -0.183748 0.0515739)
(0.515842 -0.2 0.0530643)
(0.45283 -0.2 0.0535373)
(0.546901 -0.2 0.0527911)
(0.468749 -0.0276761 0.0892225)
(0.468695 -0.229903 0.0871149)
(0.53125 -0.0276762 0.0892209)
(0.531285 -0.229901 0.0869861)
(0.5 -0.316654 0.0839573)
(0.531289 -0.255913 0.0554126)
(0.468729 -0.255904 0.0554857)
(0.5 -0.156009 0)
(0.46875 -0.124271 0)
(0.48435 -0.183535 0.0147978)
(0.452979 -0.183532 0.0148765)
(0.53125 -0.124271 0)
(0.515745 -0.18354 0.0147432)
(0.546884 -0.183529 0.0147006)
(0.468748 -0.0926326 0.0267577)
(0.531253 -0.0926322 0.0267489)
(0.500163 -0.228446 0.0535911)
(0.484403 -0.2 0.0361147)
(0.452777 -0.2 0.0360852)
(0.484405 -0.166659 0.0353132)
(0.516566 -0.2 0.0360294)
(0.546988 -0.2 0.035212)
(0.515829 -0.166657 0.0351838)
(0.468748 -0.0601086 0.0575442)
(0.5 -0.0271378 0.0570112)
(0.46874 -0.0958735 0.0888574)
(0.500006 -0.0943292 0.0574034)
(0.531252 -0.0601085 0.0575365)
(0.531257 -0.0958745 0.0888307)
(0.453004 -0.166657 0.0354588)
(0.468603 -0.183942 0.0340977)
(0.484483 -0.184084 0.0516223)
(0.500202 -0.183945 0.0335662)
(0.452915 -0.184082 0.0517429)
(0.546921 -0.166654 0.0351117)
(0.531404 -0.183944 0.0337162)
(0.515878 -0.184078 0.0513493)
(0.546926 -0.184082 0.0512075)
(0.468749 -0.027856 0.121262)
(0.468713 -0.230531 0.120107)
(0.53125 -0.0278561 0.121261)
(0.531321 -0.230528 0.120047)
(0.531264 -0.289556 0.118382)
(0.46873 -0.289551 0.118405)
(0.46875 -0.0920182 0)
(0.468749 -0.0277554 0.184912)
(0.468738 -0.230962 0.184536)
(0.53125 -0.0920182 0)
(0.53125 -0.0277557 0.184912)
(0.531197 -0.230952 0.184627)
(0.53125 -0.281147 0)
(0.53125 -0.340601 0)
(0.46875 -0.281147 0)
(0.46875 -0.340601 0)
(0.46874 -0.096806 0.120785)
(0.531255 -0.0968101 0.120767)
(0.46874 -0.167809 0.184753)
(0.531193 -0.16781 0.184851)
(0.531262 -0.28465 0.0555835)
(0.468742 -0.284648 0.0556079)
(0.46875 0 0.153374)
(0.5 -0.0278852 0.153138)
(0.5 0 0.186405)
(0.468728 -0.260968 0.151666)
(0.531254 -0.260972 0.151655)
(0.500003 -0.260151 0.119402)
(0.499998 -0.230812 0.152496)
(0.499995 -0.261441 0.183767)
(0.499996 -0.290805 0.150325)
(0.500002 -0.282227 0.0260399)
(0.499997 -0.0972239 0.152777)
(0.499995 -0.133667 0.184671)
(0.5 -0.382114 0.206477)
(0.5 -0.3442 0.0197697)
(0.531249 -0.386317 0)
(0.468751 -0.386317 0)
(0.500003 -0.323052 0.276952)
(0.500004 -0.287337 0.0863399)
(0.500053 -0.2 0.184983)
(0.531251 -0.312997 0.0246925)
(0.5 -0.311976 0)
(0.468749 -0.312996 0.0246952)
(0.500001 -0.314621 0.053498)
(0.562776 -0.38364 0.273166)
(0.46875 -0.061241 0.216547)
(0.468858 -0.2 0.216669)
(0.531249 -0.0612424 0.21655)
(0.531245 -0.2 0.216838)
(0.499999 -0.0613287 0.121086)
(0.468747 -0.0615167 0.152978)
(0.531249 -0.0615171 0.152975)
(0.499999 -0.0614341 0.184801)
(0.5 -0.0272257 0.216633)
(0.46875 0 0.218709)
(0.53125 0 0.218709)
(0.468758 -0.261741 0.215719)
(0.531249 -0.261744 0.215754)
(0.499982 -0.231051 0.216396)
(0.468766 -0.134075 0.216484)
(0.499982 -0.167915 0.216583)
(0.531241 -0.134077 0.216523)
(0.531259 -0.31666 0.0840069)
(0.468738 -0.316657 0.0840201)
(0.499998 -0.319272 0.116839)
(0.531267 -0.320934 0.148971)
(0.468724 -0.320927 0.148979)
(0.5 -0.0278557 0.121262)
(0.46875 0 0.121386)
(0.468749 -0.0278881 0.153138)
(0.468747 -0.0613295 0.121089)
(0.500006 -0.230532 0.120079)
(0.468725 -0.260152 0.119427)
(0.468722 -0.230813 0.152517)
(0.53125 -0.0278882 0.153137)
(0.531251 -0.0613301 0.121083)
(0.531275 -0.260151 0.119389)
(0.531243 -0.230816 0.152494)
(0.499999 -0.289541 0.118355)
(0.53126 -0.290861 0.15046)
(0.531263 -0.287338 0.0863398)
(0.531262 -0.319335 0.117003)
(0.468728 -0.290854 0.15047)
(0.468734 -0.287337 0.0863688)
(0.468731 -0.319329 0.117018)
(0.5 -0.0920182 0)
(0.5 -0.0277336 0.184913)
(0.46875 0 0.186354)
(0.468748 -0.0614737 0.184799)
(0.46875 -0.0274102 0.216629)
(0.500004 -0.23096 0.184585)
(0.468737 -0.261444 0.183763)
(0.468725 -0.2 0.184862)
(0.468792 -0.231049 0.216353)
(0.53125 0 0.186354)
(0.531249 -0.0614755 0.184799)
(0.53125 -0.0274104 0.216629)
(0.531241 -0.261441 0.183784)
(0.531085 -0.2 0.185122)
(0.531236 -0.231049 0.216441)
(0.53125 -0.311976 0)
(0.5 -0.281147 0)
(0.531253 -0.282227 0.0260389)
(0.5 -0.34065 0)
(0.531251 -0.344236 0.0198532)
(0.46875 -0.311976 0)
(0.468748 -0.282227 0.0260463)
(0.468749 -0.344236 0.0198542)
(0.499998 -0.322244 0.21257)
(0.562705 -0.382076 0.206521)
(0.499999 -0.0968051 0.120778)
(0.468742 -0.097225 0.152779)
(0.531249 -0.097224 0.152773)
(0.468744 -0.133671 0.184653)
(0.468795 -0.167923 0.216538)
(0.500003 -0.167809 0.184805)
(0.531233 -0.133676 0.184682)
(0.531234 -0.167923 0.216628)
(0.531256 -0.314625 0.0535184)
(0.500008 -0.284649 0.0555871)
(0.468745 -0.314623 0.0535275)
(0.46873 -0.291664 0.18264)
(0.531258 -0.291667 0.18264)
(0.468746 -0.0973809 0.184682)
(0.468799 -0.231124 0.248136)
(0.468802 -0.168109 0.248264)
(0.531245 -0.0973911 0.184688)
(0.531248 -0.231125 0.24822)
(0.531246 -0.168107 0.24835)
(0.531254 -0.345291 0.0486298)
(0.468746 -0.34529 0.0486336)
(0.5 -0.376682 0.0408936)
(0.500002 -0.262081 0.247796)
(0.468757 -0.262137 0.279483)
(0.499965 -0.231124 0.279854)
(0.531254 -0.26214 0.279523)
(0.500003 -0.135139 0.248265)
(0.468767 -0.134961 0.279936)
(0.531245 -0.134958 0.279977)
(0.499964 -0.167904 0.280006)
(0.499997 -0.292004 0.214425)
(0.499998 -0.0973832 0.21648)
(0.468742 -0.2 0.281136)
(0.499987 -0.2 0.249577)
(0.531204 -0.2 0.281218)
(0.499996 -0.321978 0.181243)
(0.531262 -0.377111 0.0744186)
(0.5 -0.346259 0.0789893)
(0.468737 -0.37711 0.0744216)
(0.468717 -0.322477 0.213265)
(0.531278 -0.322483 0.213264)
(0.499995 -0.291646 0.182582)
(0.468722 -0.322071 0.181515)
(0.468734 -0.292032 0.214516)
(0.531269 -0.322075 0.181509)
(0.531262 -0.292037 0.214524)
(0.468753 -0.0974394 0.21647)
(0.499997 -0.0973709 0.184687)
(0.468779 -0.13535 0.248236)
(0.468759 -0.231139 0.279806)
(0.468762 -0.168046 0.279934)
(0.468824 -0.2 0.24943)
(0.499995 -0.231123 0.24818)
(0.468772 -0.2621 0.247803)
(0.499995 -0.168074 0.248315)
(0.531246 -0.0974454 0.216482)
(0.531247 -0.135346 0.248283)
(0.531234 -0.231141 0.279869)
(0.531231 -0.168044 0.279998)
(0.531252 -0.2 0.24956)
(0.531254 -0.262103 0.247849)
(0.531259 -0.346246 0.0792531)
(0.5 -0.34528 0.0485231)
(0.531253 -0.376706 0.0417004)
(0.46874 -0.346244 0.0792592)
(0.468747 -0.376705 0.0417019)
(0.749988 0 0.153361)
(0.75 0 0.0270792)
(0.625 0 0.153374)
(0.625 0 0.0270786)
(0.6875 0 0.0571765)
(0.812508 0 0.0571799)
(0.843787 0 0.0893192)
(0.71875 0 0.089308)
(0.781252 0 0.0893092)
(0.5625 0 0.0270786)
(0.6875 0 0.0270788)
(0.812505 0 0.0270809)
(0.59375 0 0.0893077)
(0.687501 0 0.121387)
(0.65625 0 0.0893077)
(0.5625 0 0.0571765)
(0.5625 0 0.0893077)
(0.5625 0 0.153374)
(0.5625 0 0.121386)
(0.59375 0 0.0571765)
(0.71875 0 0.0571766)
(0.65625 0 0.0571765)
(0.781252 0 0.0571774)
(0.843782 0 0.0571895)
(0.750001 0 0.0893084)
(0.687501 0 0.153375)
(0.71875 0 0.027079)
(0.625 0 0.0893077)
(0.5 0 0.153374)
(0.65625 0 0.0270787)
(0.5 0 0.0270786)
(0.5 0 0.121386)
(0.53125 0 0.153374)
(0.5 0 0.0893077)
(0.718751 0 0.121387)
(0.6875 0 0.0893078)
(0.81251 0 0.0893115)
(0.5 0 0.0571765)
(0.53125 0 0.121386)
(0.750001 0 0.121388)
(0.718752 0 0.153376)
(0.53125 0 0.0893077)
(0.46875 0 0.0893077)
(0.59375 0 0.153374)
(0.656251 0 0.153374)
(0.625 0 0.121386)
(0.843744 0 0.153286)
(0.59375 0 0.121386)
(0.65625 0 0.121386)
(0.46875 0 0.0571765)
(0.53125 0 0.0571765)
(0.843788 0 0.121396)
(0.75 0 0.0571768)
(0.625 0 0.0571765)
(0.312527 0 0.226761)
(0.312496 -0.0272468 0.216636)
(0.312494 -0.0610068 0.216563)
(0.312497 0 0.186407)
(0.312496 -0.0277432 0.184914)
(0.312499 0 0.153375)
(0.312497 -0.0278893 0.153139)
(0.312499 0 0.121387)
(0.312498 -0.0278572 0.121261)
(0.3125 0 0.0893078)
(0.312499 -0.0276767 0.0892217)
(0.3125 0 0.0571766)
(0.312499 -0.0271379 0.057011)
(0.34375 0 0.0571765)
(0.343749 -0.0271378 0.057011)
(0.34375 0 0.0270787)
(0.34375 -0.0257192 0.0248757)
(0.34375 0 0)
(0.34375 -0.028515 0)
(0.34375 -0.059337 0)
(0.343749 -0.0592122 0.0265044)
(0.34375 -0.0920182 0)
(0.343749 -0.0926318 0.0267505)
(0.34375 -0.124271 0)
(0.343748 -0.126206 0.025859)
(0.34375 -0.156009 0)
(0.343747 -0.161591 0.0223381)
(0.34375 -0.187445 0)
(0.34373 -0.2 0.02)
(0.343749 -0.182886 0.0155629)
(0.34375 -0.218709 0)
(0.343743 -0.224436 0.0213348)
(0.375 -0.218709 0)
(0.374991 -0.224435 0.0213471)
(0.375 -0.249948 0)
(0.374994 -0.252176 0.0254252)
(0.375 -0.281147 0)
(0.374995 -0.282225 0.0260423)
(0.375 -0.311977 0)
(0.374996 -0.31299 0.0246833)
(0.375001 -0.34065 0)
(0.374997 -0.344195 0.019771)
(0.375007 -0.39262 0)
(0.374979 -0.376664 0.0409025)
(0.374979 -0.345268 0.0485314)
(0.374903 -0.377159 0.072822)
(0.312496 -0.0974134 0.216476)
(0.312503 -0.134054 0.216499)
(0.312495 -0.135159 0.248263)
(0.312494 -0.0614553 0.184801)
(0.312495 -0.0973857 0.184681)
(0.312495 -0.0615207 0.152976)
(0.312496 -0.0613325 0.121084)
(0.312497 -0.0608688 0.0891915)
(0.312498 -0.0601088 0.0575378)
(0.343748 -0.0601084 0.0575383)
(0.343745 -0.094328 0.057395)
(0.343741 -0.129653 0.0560107)
(0.343753 -0.16614 0.0356298)
(0.343735 -0.166511 0.0527078)
(0.343805 -0.18395 0.0335822)
(0.343945 -0.2 0.0355755)
(0.343766 -0.228446 0.0535602)
(0.343826 -0.2 0.0571158)
(0.374956 -0.228445 0.0536387)
(0.374975 -0.255907 0.0554437)
(0.37498 -0.284642 0.0555962)
(0.37498 -0.314612 0.0535061)
(0.374946 -0.346236 0.0790087)
(0.374956 -0.316635 0.0839734)
(0.374875 -0.320446 0.147866)
(0.374928 -0.319241 0.116865)
(0.375005 -0.2 0.28948)
(0.374976 -0.231115 0.279857)
(0.312533 -0.2 0.28938)
(0.343735 -0.2 0.281214)
(0.312485 -0.167912 0.279985)
(0.312502 -0.16808 0.248301)
(0.31252 -0.167918 0.216573)
(0.312501 -0.133673 0.184652)
(0.31251 -0.167809 0.184756)
(0.312495 -0.0972302 0.152772)
(0.312499 -0.133419 0.152633)
(0.312497 -0.0968076 0.120769)
(0.312499 -0.0958743 0.0888331)
(0.3125 -0.0943289 0.0573939)
(0.312508 -0.129658 0.0560099)
(0.328117 -0.167156 0.0517375)
(0.312524 -0.166514 0.0527378)
(0.34372 -0.167204 0.0869843)
(0.31253 -0.167204 0.0870075)
(0.343761 -0.183753 0.0514398)
(0.343678 -0.2 0.0877034)
(0.35918 -0.2 0.0531677)
(0.374921 -0.2 0.057229)
(0.374939 -0.2 0.0878209)
(0.374951 -0.229898 0.0870362)
(0.374962 -0.258648 0.0870907)
(0.374962 -0.287321 0.0863519)
(0.374945 -0.289519 0.118369)
(0.374927 -0.290775 0.150344)
(0.374869 -0.321916 0.181289)
(0.374916 -0.291607 0.182602)
(0.374954 -0.26206 0.247799)
(0.374954 -0.261718 0.215726)
(0.374901 -0.291955 0.214454)
(0.374947 -0.231115 0.248167)
(0.374875 -0.2 0.249552)
(0.34372 -0.2 0.249504)
(0.31252 -0.2 0.249542)
(0.312536 -0.2 0.216743)
(0.312518 -0.2 0.18487)
(0.312499 -0.167718 0.15273)
(0.312472 -0.2 0.152968)
(0.312503 -0.132992 0.120366)
(0.312516 -0.167558 0.12024)
(0.312507 -0.132032 0.0879305)
(0.312577 -0.2 0.0877575)
(0.312537 -0.2 0.120576)
(0.343766 -0.2 0.120541)
(0.374972 -0.2 0.120574)
(0.374967 -0.23053 0.120049)
(0.374959 -0.260141 0.119399)
(0.374956 -0.260951 0.15164)
(0.374951 -0.261424 0.183755)
(0.374978 -0.231046 0.216384)
(0.374963 -0.230959 0.184529)
(0.374995 -0.2 0.21674)
(0.343747 -0.2 0.216711)
(0.343746 -0.2 0.184889)
(0.343742 -0.2 0.152926)
(0.374988 -0.2 0.152923)
(0.374974 -0.230813 0.152479)
(0.374947 -0.2 0.184869)
(0.374994 -0.126207 0.0258781)
(0.374983 -0.133413 0.152626)
(0.374983 -0.2 0.02)
(0.40625 -0.218709 0)
(0.374969 -0.132033 0.0879606)
(0.374999 -0.0592122 0.0265056)
(0.406246 -0.252176 0.025438)
(0.375 0 0)
(0.40625 0 0.0270786)
(0.40635 -0.2 0.02)
(0.375 -0.187445 0)
(0.40625 0 0)
(0.406265 -0.224435 0.0213735)
(0.40625 -0.249948 0)
(0.40625 -0.187445 0)
(0.40625 -0.0285151 0)
(0.343747 -0.167557 0.120219)
(0.406153 -0.16651 0.0530429)
(0.406197 -0.167557 0.120279)
(0.374992 -0.161596 0.0224141)
(0.406243 -0.126207 0.0258918)
(0.374973 -0.129659 0.0560607)
(0.374995 -0.061512 0.152976)
(0.374997 0 0.226775)
(0.374991 -0.134043 0.216493)
(0.374977 -0.132989 0.120371)
(0.37498 -0.167714 0.152708)
(0.343742 -0.133417 0.152625)
(0.406227 -0.133414 0.152635)
(0.375 -0.0257192 0.0248759)
(0.406161 -0.2 0.0879489)
(0.374947 -0.167205 0.0870693)
(0.343736 -0.13203 0.0879257)
(0.406207 -0.132031 0.0879994)
(0.375 -0.0593371 0)
(0.406249 -0.0592123 0.0265069)
(0.406232 -0.2 0.15293)
(0.374995 -0.0608678 0.0891944)
(0.40625 -0.0257192 0.0248762)
(0.406213 -0.129661 0.0561058)
(0.406216 -0.132991 0.120394)
(0.343742 -0.132991 0.120358)
(0.406248 -0.161595 0.0224497)
(0.40625 -0.0593371 0)
(0.375 -0.028515 0)
(0.343742 -0.167717 0.152709)
(0.374996 -0.0609675 0.216562)
(0.40622 -0.167715 0.152718)
(0.374927 -0.166512 0.0528955)
(0.37497 -0.167557 0.120241)
(0.406129 -0.2 0.0578998)
(0.406175 -0.167203 0.0871462)
(0.406178 -0.2 0.120601)
(0.40625 -0.156009 0)
(0.406177 -0.228447 0.0538833)
(0.406236 -0.0943292 0.0574224)
(0.406249 -0.0271377 0.0570121)
(0.359328 -0.184207 0.0337347)
(0.390467 -0.184201 0.0336759)
(0.421688 -0.184203 0.0340228)
(0.375 -0.124271 0)
(0.374997 -0.0926321 0.0267555)
(0.359346 -0.2 0.02)
(0.391195 -0.2 0.02)
(0.374994 -0.182893 0.015703)
(0.374753 -0.2 0.0367972)
(0.422013 -0.2 0.02)
(0.374986 -0.0958753 0.0888442)
(0.374996 -0.0601084 0.0575417)
(0.406202 -0.258656 0.0871341)
(0.374999 -0.0276762 0.0892219)
(0.406296 -0.182895 0.0157334)
(0.406118 -0.2 0.036673)
(0.406244 -0.0608673 0.0891983)
(0.343747 -0.0608679 0.0891915)
(0.359313 -0.167157 0.0519811)
(0.406169 -0.166137 0.0359792)
(0.390525 -0.167158 0.052119)
(0.406121 -0.183748 0.0520192)
(0.421746 -0.167152 0.0522067)
(0.390657 -0.164432 0.0197965)
(0.359358 -0.164429 0.0197462)
(0.374929 -0.166143 0.0358892)
(0.374898 -0.183751 0.0517102)
(0.390472 -0.2 0.053217)
(0.421849 -0.164434 0.0198794)
(0.421653 -0.2 0.0531077)
(0.406215 -0.25591 0.0555082)
(0.375 -0.156009 0)
(0.40625 -0.124271 0)
(0.390803 -0.183529 0.0148224)
(0.421886 -0.183529 0.0149163)
(0.359352 -0.183529 0.0147987)
(0.406246 -0.0926321 0.0267599)
(0.359336 -0.166655 0.0352796)
(0.35933 -0.2 0.0362745)
(0.390543 -0.166655 0.0353603)
(0.406179 -0.229904 0.0871359)
(0.390228 -0.2 0.0357329)
(0.421465 -0.2 0.0365736)
(0.406232 -0.0958712 0.0888598)
(0.406245 -0.0601083 0.0575453)
(0.37499 -0.0943293 0.0574086)
(0.406249 -0.0276761 0.0892225)
(0.374999 -0.0271378 0.0570115)
(0.343743 -0.0958718 0.0888337)
(0.343749 -0.0276764 0.0892214)
(0.359272 -0.184083 0.051432)
(0.37487 -0.18395 0.0341279)
(0.406139 -0.183941 0.0341695)
(0.39049 -0.184083 0.0515612)
(0.421768 -0.166656 0.0355121)
(0.421696 -0.184078 0.051623)
(0.40625 -0.0920182 0)
(0.406195 -0.230531 0.120082)
(0.40625 -0.281147 0)
(0.40625 -0.340601 0)
(0.406249 -0.027856 0.121262)
(0.406234 -0.0968038 0.120782)
(0.343749 -0.0278567 0.121261)
(0.343743 -0.0968055 0.120767)
(0.343743 -0.167809 0.184751)
(0.406249 -0.0277558 0.184912)
(0.40621 -0.230961 0.18453)
(0.406216 -0.167807 0.184745)
(0.343747 -0.0277591 0.184913)
(0.406204 -0.289541 0.11841)
(0.40623 -0.284646 0.0556149)
(0.406208 -0.260963 0.151659)
(0.374998 -0.0278858 0.153138)
(0.374999 0 0.186405)
(0.37499 -0.0972199 0.15277)
(0.374984 -0.133665 0.184644)
(0.406254 -0.386313 0)
(0.406247 -0.312995 0.0246962)
(0.406248 -0.0612425 0.216547)
(0.406257 -0.2 0.21682)
(0.343746 -0.0612569 0.216548)
(0.406226 -0.261733 0.215734)
(0.374995 -0.0613288 0.121086)
(0.406245 -0.0615166 0.152977)
(0.343746 -0.0615208 0.152975)
(0.374996 -0.0614371 0.184799)
(0.374997 -0.027228 0.216634)
(0.406249 0 0.218709)
(0.343747 0 0.218711)
(0.374987 -0.167915 0.216568)
(0.343744 -0.134081 0.216494)
(0.406252 -0.134074 0.216492)
(0.406218 -0.316648 0.0840277)
(0.406176 -0.320905 0.148996)
(0.375 -0.0920182 0)
(0.406215 -0.230815 0.152488)
(0.406204 -0.260147 0.119422)
(0.40625 -0.311976 0)
(0.406246 -0.282226 0.0260478)
(0.406248 -0.344234 0.0198548)
(0.40621 -0.261436 0.183762)
(0.406195 -0.29084 0.150476)
(0.406244 -0.0613291 0.121088)
(0.374999 -0.0278558 0.121261)
(0.406249 -0.0278882 0.153138)
(0.374987 -0.0968039 0.120773)
(0.406237 -0.0972216 0.152774)
(0.343746 -0.0613309 0.121084)
(0.343748 -0.0278898 0.153138)
(0.343743 -0.0972264 0.152769)
(0.343746 -0.167923 0.216561)
(0.374971 -0.167806 0.184744)
(0.343743 -0.133675 0.184647)
(0.406246 -0.0614744 0.184798)
(0.406248 -0.0274108 0.216629)
(0.374998 -0.0277349 0.184913)
(0.406249 0 0.186354)
(0.406233 -0.13367 0.184646)
(0.406187 -0.2 0.184859)
(0.406247 -0.231049 0.216401)
(0.406254 -0.167922 0.216583)
(0.343746 -0.061483 0.184798)
(0.343747 -0.0274165 0.21663)
(0.343748 0 0.186355)
(0.406215 -0.287332 0.0863756)
(0.406199 -0.319316 0.117029)
(0.406235 -0.314619 0.0535317)
(0.34373 -0.168111 0.248315)
(0.406242 -0.0973805 0.184678)
(0.406274 -0.168111 0.248266)
(0.406268 -0.231121 0.248138)
(0.343744 -0.097391 0.184678)
(0.406236 -0.345284 0.0486374)
(0.40619 -0.291646 0.18265)
(0.374987 -0.135146 0.248257)
(0.37499 -0.167907 0.280005)
(0.374994 -0.0973881 0.216473)
(0.406287 -0.2 0.281241)
(0.406207 -0.377096 0.0744329)
(0.374956 -0.168077 0.248299)
(0.343738 -0.135356 0.248264)
(0.343729 -0.168049 0.279991)
(0.406248 -0.0974369 0.21647)
(0.374992 -0.0973701 0.184678)
(0.406267 -0.135352 0.248239)
(0.406278 -0.168046 0.279975)
(0.40627 -0.231137 0.279849)
(0.406271 -0.2 0.249401)
(0.406245 -0.262091 0.247811)
(0.343745 -0.0974529 0.216472)
(0.406217 -0.346234 0.0792674)
(0.406239 -0.376698 0.0417055)
(0.406164 -0.322043 0.181535)
(0.406187 -0.292011 0.214532)
(0.375 0 0.153374)
(0.375 0 0.0270786)
(0.40625 0 0.153374)
(0.343749 0 0.153374)
(0.375 0 0.121386)
(0.375 0 0.0893077)
(0.375 0 0.0571765)
(0.40625 0 0.121386)
(0.40625 0 0.0893077)
(0.34375 0 0.0893077)
(0.34375 0 0.121386)
(0.40625 0 0.0571765)
(0 -0.383856 0.0801893)
(0 -0.253223 0.0890331)
(0 -0.282687 0.0881778)
(0 -0.224907 0.0895471)
(0 -0.2 0.0899985)
(0 -0.155975 0.0898226)
(0 -0.178757 0.0899364)
(0 -0.126414 0.0895838)
(0 -0.0942769 0.0895401)
(0.0251014 -0.374926 0.0788791)
(0.0570085 -0.375542 0.0762603)
(0 -0.344817 0.0836131)
(0.0264887 -0.343908 0.0827862)
(0 -0.313008 0.0865144)
(0.0273279 -0.283368 0.08763)
(0.0270697 -0.313352 0.0858667)
(0.0276263 -0.254315 0.0884247)
(0.0284533 -0.22688 0.0885751)
(0.0159311 -0.2 0.0893778)
(0.0346647 -0.2 0.0889095)
(0.0133478 -0.181142 0.0895367)
(0.0131747 -0.162821 0.0895703)
(0.0280521 -0.128387 0.089206)
(0.029144 -0.164063 0.0889336)
(0.0277274 -0.0946974 0.0893815)
(0.0575157 -0.375532 0.113498)
(0.0581361 -0.344584 0.0816899)
(0.0581545 -0.344724 0.116003)
(0.0587915 -0.314226 0.0852383)
(0.0592885 -0.28459 0.0870911)
(0.0600304 -0.256233 0.0876684)
(0.0611895 -0.22885 0.0874651)
(0.0622076 -0.2 0.0879093)
(0.0296849 -0.182549 0.088845)
(0.061407 -0.166187 0.0875584)
(0.0604001 -0.130186 0.0885392)
(0.0600209 -0.0952627 0.0891576)
(0.0603976 -0.0613409 0.0894352)
(0.0581984 -0.344913 0.149269)
(0.0588899 -0.315069 0.150867)
(0.0910302 -0.317063 0.15058)
(0.122868 -0.318101 0.149167)
(0.0588606 -0.314751 0.11815)
(0.0593687 -0.285244 0.119463)
(0.0601162 -0.256875 0.120152)
(0.0612401 -0.229209 0.120473)
(0.0626189 -0.2 0.120746)
(0.0614732 -0.166439 0.120622)
(0.0605206 -0.130684 0.120881)
(0.0601317 -0.0956829 0.121145)
(0.0604713 -0.0615919 0.121326)
(0.0934649 0 0.153263)
(0.093127 -0.0280311 0.153194)
(0.122996 -0.319083 0.182473)
(0.123547 -0.288946 0.15101)
(0.123529 -0.289451 0.183339)
(0.0915629 -0.287586 0.151428)
(0.0593932 -0.285589 0.151818)
(0.0601259 -0.257159 0.152416)
(0.0611843 -0.229337 0.152794)
(0.0624577 -0.2 0.153005)
(0.0614261 -0.166521 0.15292)
(0.0605446 -0.130868 0.15296)
(0.0601688 -0.0958621 0.153056)
(0.060497 -0.0617033 0.153153)
(0.0926873 -0.06152 0.153076)
(0.124716 -0.0279537 0.153167)
(0.124465 -0.0615219 0.153027)
(0.124888 0 0.153263)
(0.124145 -0.260188 0.184078)
(0.124152 -0.259888 0.151946)
(0.0923371 -0.25897 0.152133)
(0.0930959 -0.230151 0.152643)
(0.0935448 -0.2 0.152945)
(0.0932248 -0.1673 0.152788)
(0.0927351 -0.132462 0.15277)
(0.0924401 -0.0965758 0.152922)
(0.124342 -0.0969708 0.152838)
(0.124469 -0.0615835 0.184835)
(0.124348 -0.0971362 0.184731)
(0.124717 -0.0279677 0.184926)
(0.124918 0 0.18502)
(0.124938 0 0.21672)
(0.124693 -0.230585 0.184594)
(0.124675 -0.230489 0.152582)
(0.124918 -0.2 0.152996)
(0.124766 -0.16757 0.152749)
(0.124493 -0.133056 0.152683)
(0.124505 -0.133235 0.184681)
(0.124336 -0.0971855 0.216529)
(0.124503 -0.13339 0.216522)
(0.124467 -0.0615183 0.216583)
(0.124717 -0.0279405 0.216634)
(0.124962 -0.2 0.216658)
(0.124976 -0.2 0.184801)
(0.124789 -0.167632 0.18474)
(0.124783 -0.167686 0.216576)
(0 -0.253422 0.153123)
(0 -0.38481 0.148737)
(0 -0.126456 0.153291)
(0.0605081 -0.0617599 0.216626)
(0.0625644 -0.2 0.216621)
(0 -0.2 0.153333)
(0 -0.126458 0.216664)
(0 -0.2 0.216667)
(0.0605643 -0.130973 0.216598)
(0.0284897 -0.22707 0.121083)
(0.0284656 -0.227154 0.184917)
(0 -0.313272 0.152229)
(0.0277252 -0.254752 0.152836)
(0 -0.253368 0.12119)
(0 -0.225047 0.153253)
(0 -0.25344 0.184917)
(0.0348362 -0.2 0.21667)
(0.062517 -0.2 0.184923)
(0.0601365 -0.257292 0.184458)
(0 -0.2 0.121667)
(0 -0.2 0.185)
(0.0347336 -0.2 0.153255)
(0.0277129 -0.254624 0.120756)
(0 -0.225014 0.121466)
(0 -0.225057 0.184971)
(0.0284518 -0.227131 0.153089)
(0.0348683 -0.2 0.121374)
(0.0277313 -0.254807 0.184738)
(0.0612052 -0.229389 0.184766)
(0.0347868 -0.2 0.185075)
(0.0291761 -0.164177 0.121294)
(0.0291614 -0.164219 0.184974)
(0 -0.15598 0.153321)
(0 -0.126448 0.121529)
(0 -0.126458 0.184989)
(0.0281667 -0.128656 0.153187)
(0.0605058 -0.0617482 0.184912)
(0.0614624 -0.166564 0.21661)
(0 -0.155979 0.216666)
(0.028173 -0.128689 0.216643)
(0.0605582 -0.130938 0.184838)
(0.028149 -0.128589 0.121311)
(0.0291596 -0.164211 0.153212)
(0 -0.15598 0.121619)
(0.0281719 -0.128679 0.184944)
(0.0291573 -0.164227 0.216648)
(0.0614471 -0.166551 0.184858)
(0 -0.155979 0.184997)
(0.013341 -0.181449 0.137458)
(0.0133613 -0.181444 0.105645)
(0.0133262 -0.181455 0.169255)
(0.0132731 -0.181449 0.20085)
(0.0134288 -0.181454 0.23247)
(0 -0.2 0.1375)
(0 -0.2 0.169167)
(0.0159145 -0.2 0.153269)
(0 -0.178756 0.15333)
(0 -0.2 0.105833)
(0.0155117 -0.2 0.216693)
(0 -0.2 0.200833)
(0 -0.2 0.2325)
(0 -0.178755 0.216667)
(0.0310568 -0.2 0.105317)
(0.0310564 -0.2 0.200706)
(0.0309929 -0.2 0.23255)
(0.0296243 -0.182608 0.216658)
(0.0159783 -0.2 0.121569)
(0 -0.178758 0.121651)
(0.0160421 -0.2 0.185263)
(0 -0.178756 0.184999)
(0.0311337 -0.2 0.137458)
(0.0311433 -0.2 0.169192)
(0.0296179 -0.1826 0.153271)
(0.0296782 -0.18259 0.121378)
(0.0296318 -0.182602 0.185031)
(0.029206 -0.164649 0.105318)
(0.0292092 -0.164689 0.13735)
(0.0131862 -0.16286 0.121542)
(0.0292029 -0.164699 0.169142)
(0.0291866 -0.164702 0.200813)
(0.0131796 -0.162868 0.185011)
(0.0291943 -0.16471 0.232488)
(0.0131787 -0.162867 0.153302)
(0 -0.160648 0.137483)
(0 -0.160648 0.169163)
(0 -0.160649 0.105768)
(0.0131622 -0.162869 0.216664)
(0 -0.160647 0.200833)
(0 -0.160647 0.2325)
(0.0132596 -0.163108 0.137443)
(0.0132551 -0.16311 0.169174)
(0 -0.179328 0.137493)
(0 -0.179329 0.105805)
(0 -0.179327 0.169165)
(0 -0.179326 0.200833)
(0 -0.179326 0.2325)
(0.0158376 -0.2 0.137463)
(0.0159046 -0.2 0.105706)
(0.0157605 -0.2 0.169509)
(0.0156311 -0.2 0.200877)
(0.0162702 -0.2 0.232363)
(0.0296347 -0.182901 0.105289)
(0.0133531 -0.181156 0.121569)
(0.0296388 -0.182918 0.1374)
(0.013329 -0.181162 0.153315)
(0.0132622 -0.163095 0.105624)
(0.029589 -0.182922 0.200789)
(0.0133485 -0.18116 0.185078)
(0.0296317 -0.182921 0.169182)
(0.0132415 -0.16311 0.200835)
(0.0132402 -0.181162 0.216671)
(0.0295862 -0.182926 0.232498)
(0.0132701 -0.163112 0.232492)
(0.0274324 -0.283662 0.120124)
(0.0274674 -0.283886 0.184473)
(0.0278241 -0.0948551 0.121372)
(0.0278538 -0.0949422 0.184947)
(0.0931301 -0.0280493 0.18494)
(0.0924523 -0.0967012 0.184787)
(0.0931225 -0.230225 0.18468)
(0.0932565 -0.167348 0.184801)
(0.0268418 -0.344105 0.117012)
(0.0915542 -0.287918 0.183679)
(0.0270048 -0.344347 0.183236)
(0 -0.282891 0.152843)
(0 -0.345292 0.150991)
(0 -0.376653 0.115745)
(0.0262792 -0.3752 0.14861)
(0 -0.377034 0.1828)
(0 -0.0943099 0.153281)
(0.0601855 -0.0959648 0.216605)
(0.0926956 -0.0615842 0.216601)
(0.0935524 -0.2 0.216643)
(0.0927528 -0.132663 0.216556)
(0 -0.0943129 0.216663)
(0.0934662 0 0.216661)
(0.0589139 -0.315258 0.183392)
(0 -0.313181 0.119639)
(0.0272641 -0.313758 0.151624)
(0 -0.313319 0.184464)
(0.0262076 -0.375045 0.11492)
(0 -0.282826 0.120671)
(0.0274589 -0.283812 0.152407)
(0.0272195 -0.313604 0.118926)
(0 -0.282919 0.184782)
(0.0265837 -0.375301 0.182321)
(0.0594026 -0.285769 0.184016)
(0.0272835 -0.313845 0.184006)
(0.0278474 -0.0949179 0.153204)
(0 -0.0943011 0.121503)
(0.0924511 -0.0967478 0.216564)
(0.0278554 -0.0949514 0.216645)
(0.060182 -0.0959359 0.184865)
(0 -0.0943123 0.184986)
(0.0926951 -0.0615846 0.184866)
(0.0931306 -0.0280459 0.216641)
(0.0934663 0 0.18498)
(0.0927523 -0.132589 0.184741)
(0.093244 -0.167375 0.216601)
(0.0936192 -0.2 0.184919)
(0.09234 -0.259189 0.184246)
(0.0269398 -0.344253 0.15031)
(0 -0.345082 0.117881)
(0 -0.34532 0.183816)
(0.0910329 -0.317484 0.183108)
(0.0582841 -0.345031 0.182459)
(0.249884 -0.26085 0.151696)
(0.123905 -0.392365 0)
(0.124269 -0.126233 0.0258097)
(0.249989 -0.133422 0.152633)
(0.249992 -0.25217 0.0254291)
(0 -0.251955 0.0269169)
(0 -0.381415 0)
(0.249956 -0.392554 0)
(0.124178 -0.2521 0.0253627)
(0 -0.125757 0.0270113)
(0.250005 -0.126207 0.025871)
(0.124983 -0.2 0.02)
(0.124412 -0.0593551 0.0265129)
(0.0594087 -0.126131 0.0255038)
(0.187397 -0.126213 0.0258604)
(0.124442 -0.131831 0.0879653)
(0.312502 -0.126206 0.0258598)
(0.124183 -0.258082 0.0871964)
(0.187364 -0.252152 0.0254289)
(0.312495 -0.252174 0.0254203)
(0.250115 -0.2 0.02)
(0.0592635 -0.251919 0.0246959)
(0 -0.2 0.0294664)
(0.249992 -0.0592137 0.0265052)
(0.0599193 -0.0601292 0.0263348)
(0.124931 -0.2 0.087699)
(0.187477 -0.2 0.02)
(0.059471 -0.2 0.02)
(0.187412 -0.0592293 0.0265068)
(0.124432 -0.0608976 0.0892589)
(0.312408 -0.2 0.02)
(0.187508 -0.2 0.0878492)
(0.0289166 -0.0930385 0)
(0.0286789 -0.218778 0)
(0.0920648 -0.218715 0)
(0.21873 -0.218708 0)
(0.155991 -0.218708 0)
(0.281249 -0.218709 0)
(0.187185 -0.26063 0.151762)
(0.312446 -0.260922 0.151662)
(0.250021 -0.2 0.152904)
(0.249946 -0.258603 0.0871276)
(0.0599488 -0.39223 0)
(0.187231 -0.392475 0)
(0.123934 -0.312837 0.0246746)
(0.250006 -0.13203 0.0879669)
(0.187387 -0.133381 0.152629)
(0.249963 -0.312973 0.0246901)
(0.249997 -0.249948 0)
(0.218703 -0.252164 0.0254285)
(0.281248 -0.252173 0.0254299)
(0.250035 -0.224435 0.0213476)
(0 -0.312361 0.0239335)
(0 -0.25002 0)
(0.0258778 -0.251817 0.0238275)
(0 -0.223453 0.0277594)
(0.218748 0 0.0270807)
(0.28125 0 0.0270791)
(0.312502 -0.392597 0)
(0.124523 -0.224411 0.021252)
(0.155904 -0.252133 0.0254161)
(0.0920224 -0.252038 0.0251796)
(0.124276 -0.249942 0)
(0.0935566 0 0.0272774)
(0.156225 0 0.0270992)
(0.0260633 -0.126111 0.0245893)
(0 -0.124747 0)
(0 -0.0939921 0.0273387)
(0 -0.156791 0.0251638)
(0.343746 -0.252176 0.0254187)
(0.060382 -0.0603827 0)
(0.0595715 -0.187473 0)
(0.187421 -0.187445 0)
(0.3125 -0.187445 0)
(0.156421 -0.2 0.02)
(0.0936672 -0.2 0.02)
(0.12429 -0.18745 0)
(0.0595368 -0.124509 0)
(0.0594087 -0.0930908 0.0263268)
(0.187423 -0.249946 0)
(0.18743 -0.224422 0.0213593)
(0.3125 -0.249948 0)
(0.312479 -0.224433 0.0213321)
(0.21872 -0.2 0.02)
(0.249996 -0.187445 0)
(0.281251 -0.2 0.02)
(0.0593803 -0.249959 0)
(0.0604109 -0.224256 0.0196677)
(0 -0.187673 0)
(0.0351595 -0.2 0.02)
(0 -0.0937495 0)
(0.187293 -0.312936 0.0246982)
(0.187256 -0.258495 0.0871468)
(0.05867 -0.312644 0.0239957)
(0.0285903 -0.249994 0)
(0.0920338 -0.249945 0)
(0.218731 -0.249948 0)
(0.155991 -0.249944 0)
(0.18739 -0.132012 0.087956)
(0.25006 -0.2 0.0878841)
(0.187537 -0.2 0.152876)
(0.218731 -0.224433 0.0213439)
(0.156098 -0.22442 0.0213338)
(0.312484 -0.258639 0.0870803)
(0.28126 -0.224431 0.0213679)
(0.312499 -0.0592122 0.0265042)
(0.312491 -0.312985 0.0246846)
(0.28125 -0.249948 0)
(0.34375 -0.249948 0)
(0.059743 -0.0925548 0)
(0.028673 -0.124695 0)
(0.0260347 -0.0935834 0.0250081)
(0 -0.218925 0)
(0 -0.156026 0)
(0.0921136 -0.187459 0)
(0.0594399 -0.218727 0)
(0.0287863 -0.187499 0)
(0.0270897 -0.223795 0.0204845)
(0.0927101 -0.224396 0.0208246)
(0.124281 -0.218709 0)
(0.155993 -0.187446 0)
(0.187421 -0.218708 0)
(0.21873 -0.187445 0)
(0.249996 -0.218709 0)
(0.3125 -0.218709 0)
(0.281249 -0.187445 0)
(0.0286921 -0.156121 0)
(0.0282733 -0.226247 0.0550625)
(0.122388 -0.376392 0.0739475)
(0 -0.252853 0.0569142)
(0.0601613 -0.2 0.0562459)
(0.0601542 -0.160739 0.0224437)
(0.0597622 -0.25471 0.0554097)
(0 -0.2 0.0584516)
(0.123292 -0.315718 0.0844296)
(0.0272294 -0.253559 0.0559069)
(0.0595888 -0.156097 0)
(0.0270976 -0.160045 0.0228423)
(0.0610365 -0.227786 0.0536252)
(0.0347757 -0.2 0.0552357)
(0 -0.224547 0.0576677)
(0.187379 -0.0608732 0.0892056)
(0.187583 -0.2 0.216691)
(0.187381 -0.061295 0.216562)
(0.0930467 -0.0289137 0)
(0.218743 -0.0285173 0)
(0.156153 -0.0285574 0)
(0.0922292 -0.0943479 0.0573911)
(0.0930949 -0.0273441 0.057217)
(0.0273172 -0.0943233 0.057186)
(0.0931767 -0.166326 0.0524524)
(0.0289127 -0.163553 0.0556279)
(0.156131 -0.166506 0.0528366)
(0.218753 -0.167555 0.120258)
(0.218842 -0.166501 0.0528344)
(0.156147 -0.167518 0.120257)
(0.281252 -0.167559 0.12029)
(0.281319 -0.16651 0.0528873)
(0.28125 -0.0285149 0)
(0.249526 -0.320162 0.148107)
(0.249849 -0.261588 0.21579)
(0.249977 -0.061542 0.152979)
(0.250413 0 0.226426)
(0.124533 -0.161603 0.0222398)
(0.124257 -0.0927221 0.0267307)
(0.0921631 -0.126237 0.0257281)
(0.155954 -0.126219 0.025854)
(0.124349 -0.129585 0.0559772)
(0.249976 -0.134079 0.216493)
(0.250012 -0.167716 0.152714)
(0.249993 -0.132992 0.120382)
(0.218704 -0.133413 0.152629)
(0.281255 -0.133425 0.152644)
(0.249996 -0.0257199 0.0248764)
(0.124701 -0.0258216 0.0249286)
(0 -0.126341 0.0573896)
(0.218728 -0.126209 0.0258639)
(0.281257 -0.126207 0.0258713)
(0.250051 -0.161596 0.0223867)
(0.25002 -0.129655 0.0560566)
(0.124486 -0.132701 0.120424)
(0.155997 -0.13329 0.152647)
(0.187448 -0.0593511 0)
(0.0601986 -0.0608147 0.0576263)
(0.092622 -0.0609917 0.0893294)
(0.093398 -0.2 0.0876406)
(0.124982 -0.2 0.0571857)
(0.124504 -0.0594787 0)
(0.0924499 -0.0595871 0.0265038)
(0.15601 -0.0592634 0.0265095)
(0.124402 -0.0602 0.0575832)
(0.0600367 -0.128818 0.0562412)
(0.187454 -0.161602 0.0223525)
(0.18739 -0.129656 0.056031)
(0.124764 -0.167115 0.0869908)
(0.0926354 -0.131428 0.0880811)
(0.124285 -0.0957677 0.0888898)
(0.155984 -0.131964 0.087963)
(0.312505 -0.161586 0.0223499)
(0.125025 -0.2 0.120542)
(0.156131 -0.2 0.152952)
(0.250182 -0.2 0.0575298)
(0.18746 -0.0257295 0.0248812)
(0.218721 -0.0592175 0.0265056)
(0.249997 -0.0593377 0)
(0.281248 -0.0592126 0.0265048)
(0.3125 -0.0257193 0.0248757)
(0.124708 -0.0277149 0.0892917)
(0.156206 -0.2 0.0879121)
(0.187508 -0.2 0.0572106)
(0.312547 -0.2 0.0572569)
(0.187471 -0.167195 0.0870623)
(0.218785 -0.2 0.0878401)
(0.187493 -0.2 0.120586)
(0.281246 -0.2 0.0878771)
(0.3125 -0.059337 0)
(0.281348 -0.2 0.153006)
(0.250015 -0.2 0.120605)
(0.218747 -0.2 0.15291)
(0.218722 -0.132025 0.0879594)
(0.250043 -0.167202 0.0870923)
(0.28126 -0.132031 0.0879602)
(0.187389 -0.132961 0.120377)
(0.187465 -0.1677 0.152695)
(0.312433 -0.261682 0.215753)
(0.186505 -0.319639 0.148458)
(0.218779 -0.2 0.120604)
(0.249981 -0.0608715 0.0891957)
(0.187379 -0.0615546 0.152986)
(0.218737 -0.0257221 0.0248775)
(0.156135 -0.0257525 0.0248928)
(0.124237 -0.0943419 0.057398)
(0.124706 -0.0271987 0.0570935)
(0.155955 -0.129639 0.0560288)
(0.218711 -0.132986 0.120377)
(0.218736 -0.129653 0.0560416)
(0.155999 -0.132891 0.120391)
(0.281218 -0.2 0.120675)
(0.281251 -0.132994 0.120386)
(0.28127 -0.129653 0.0560489)
(0.281249 -0.0257194 0.0248759)
(0.187391 -0.134036 0.216494)
(0.187169 -0.261313 0.215873)
(0.249918 -0.2 0.216658)
(0.218739 -0.167715 0.152706)
(0.156116 -0.167665 0.152724)
(0.192178 0 0.221411)
(0.249978 -0.0611536 0.216562)
(0.0925531 -0.0597338 0)
(0.0921435 -0.092845 0.0266642)
(0.124716 -0.0286493 0)
(0.0930476 -0.0260385 0.0250459)
(0.0927206 -0.161548 0.0223194)
(0.156076 -0.0593847 0)
(0.187471 -0.0285265 0)
(0.218737 -0.0593405 0)
(0.249999 -0.0285152 0)
(0.0925283 -0.0603669 0.0576214)
(0.0597564 -0.0943542 0.0573513)
(0.0923377 -0.0956015 0.0889743)
(0.0924291 -0.129407 0.0559723)
(0.0931093 -0.0278207 0.0893796)
(0.0276027 -0.127769 0.0567933)
(0 -0.094197 0.0575155)
(0.0935352 -0.2 0.0567499)
(0.0612032 -0.165428 0.0532962)
(0.093213 -0.166907 0.0870625)
(0.124741 -0.166468 0.0526045)
(0 -0.15596 0.0576986)
(0.124797 -0.167435 0.120255)
(0.156081 -0.161596 0.0223649)
(0.218782 -0.161599 0.0223542)
(0.281279 -0.161595 0.0223957)
(0.281286 -0.167718 0.152754)
(0.15617 -0.2 0.0574671)
(0.187486 -0.166512 0.052826)
(0.156138 -0.167176 0.0870729)
(0.15623 -0.2 0.120591)
(0.218774 -0.167199 0.087066)
(0.187463 -0.167547 0.120249)
(0.250013 -0.167557 0.120267)
(0.21891 -0.2 0.0574074)
(0.250104 -0.166503 0.0529059)
(0.281271 -0.167204 0.0870837)
(0.281428 -0.2 0.0573893)
(0.28125 -0.0593371 0)
(0.3125 -0.0285149 0)
(0.186883 -0.316319 0.0841553)
(0.312414 -0.316604 0.0839924)
(0.0921463 -0.156057 0)
(0.0930725 -0.228205 0.0533665)
(0.155995 -0.156014 0)
(0.21873 -0.156009 0)
(0.281249 -0.156009 0)
(0.218794 -0.228433 0.0536919)
(0.156079 -0.228397 0.0536841)
(0.281327 -0.228442 0.0536861)
(0.155899 -0.0943365 0.0574042)
(0.218732 -0.02714 0.0570147)
(0.156128 -0.0271567 0.0570416)
(0.2187 -0.0943302 0.0574038)
(0.281248 -0.0271382 0.0570114)
(0.28125 -0.0943285 0.0574027)
(0.109167 -0.184197 0.0330756)
(0.0778371 -0.18408 0.0332198)
(0.0131523 -0.181146 0.0389907)
(0.0133414 -0.181405 0.0732535)
(0.140543 -0.184204 0.0332967)
(0.171913 -0.184201 0.033827)
(0.23456 -0.184202 0.0335327)
(0.203272 -0.1842 0.0332312)
(0.328111 -0.184209 0.0331585)
(0.265785 -0.184204 0.0335862)
(0.296843 -0.184215 0.0338048)
(0.124317 -0.124316 0)
(0.249527 -0.376993 0.0730089)
(0.249985 -0.255886 0.0554739)
(0.124176 -0.255636 0.0554114)
(0.249992 -0.0926331 0.0267533)
(0.249996 -0.124271 0)
(0.140677 -0.2 0.02)
(0.109382 -0.2 0.02)
(0.124896 -0.182895 0.0154672)
(0.125156 -0.2 0.0358297)
(0.187387 -0.0926446 0.026751)
(0.187425 -0.124276 0)
(0.3125 -0.124271 0)
(0.3125 -0.0926319 0.0267501)
(0.0923053 -0.257506 0.0873132)
(0.124691 -0.229715 0.0870104)
(0.155794 -0.258359 0.0871752)
(0.187303 -0.255825 0.0554617)
(0.312498 -0.255898 0.0554311)
(0.234399 -0.2 0.02)
(0.265747 -0.2 0.02)
(0.250112 -0.182902 0.0156498)
(0.250205 -0.2 0.0363665)
(0 -0.178788 0.0280848)
(0.0167096 -0.2 0.02)
(0 -0.2 0.0432099)
(0.249986 -0.0601103 0.0575414)
(0 -0.2 0.0741626)
(0.171925 -0.2 0.02)
(0.203145 -0.2 0.02)
(0.187487 -0.182899 0.0156098)
(0.187263 -0.2 0.0360462)
(0.0777876 -0.2 0.02)
(0.062225 -0.2 0.0360061)
(0.0620106 -0.182505 0.0144374)
(0.187386 -0.0601204 0.0575477)
(0.15598 -0.0608764 0.0892227)
(0.32814 -0.2 0.02)
(0.297062 -0.2 0.02)
(0.312485 -0.182884 0.0155743)
(0.312602 -0.2 0.0356493)
(0.187432 -0.229854 0.0870652)
(0.312526 -0.229896 0.0870058)
(0.218631 -0.258567 0.0871353)
(0.250026 -0.229886 0.0870866)
(0.281222 -0.258626 0.087113)
(0.249992 -0.027678 0.0892233)
(0.343723 -0.258648 0.0870674)
(0.249982 -0.0958752 0.0888462)
(0.0111548 -0.161023 0.0235162)
(0 -0.160449 0.0415428)
(0.156263 -0.182892 0.0156342)
(0.155951 -0.2 0.0364421)
(0.0935148 -0.182861 0.015593)
(0.0936081 -0.2 0.0357547)
(0.218822 -0.182907 0.0156066)
(0.219381 -0.2 0.0362828)
(0.281292 -0.182889 0.0156843)
(0.28124 -0.2 0.0366529)
(0.0296347 -0.181549 0.0161194)
(0.03153 -0.2 0.0378243)
(0.187449 -0.0276814 0.0892327)
(0.187346 -0.0958634 0.0888495)
(0.0310529 -0.2 0.0722568)
(0.0773611 -0.2 0.0521917)
(0.0619204 -0.183441 0.0514507)
(0.0770198 -0.164085 0.0195389)
(0.0613288 -0.165404 0.0355876)
(0.015833 -0.2 0.0556997)
(0 -0.178719 0.0580853)
(0.0285386 -0.163255 0.0388039)
(0.0297736 -0.182365 0.054508)
(0.2187 -0.0608724 0.0891985)
(0.281243 -0.0608701 0.0891936)
(0.093172 -0.166027 0.0353393)
(0.093503 -0.183702 0.0511024)
(0.0773786 -0.166768 0.051585)
(0.109027 -0.16709 0.0515675)
(0.0291629 -0.164464 0.0726021)
(0.0129849 -0.162545 0.0569982)
(0.140472 -0.16714 0.0518009)
(0.15613 -0.166132 0.0357711)
(0.156171 -0.183758 0.0517212)
(0.171841 -0.167162 0.0520585)
(0.218886 -0.166141 0.0357318)
(0.203185 -0.16715 0.0518945)
(0.21891 -0.183741 0.0516773)
(0.234495 -0.167147 0.0520233)
(0.281305 -0.166141 0.0358527)
(0.265739 -0.167151 0.0520456)
(0.296928 -0.16716 0.0519808)
(0.281371 -0.183752 0.0517432)
(0.108856 -0.164417 0.0194861)
(0.124754 -0.166128 0.0354882)
(0.140415 -0.164431 0.0196278)
(0.234447 -0.164454 0.0196888)
(0.265699 -0.164428 0.0197523)
(0.250116 -0.16614 0.0358127)
(0.1091 -0.2 0.0526376)
(0.1249 -0.183739 0.0513867)
(0.140529 -0.2 0.0527622)
(0.171817 -0.164424 0.0197628)
(0.20315 -0.16445 0.0196412)
(0.187483 -0.166138 0.0357358)
(0.328125 -0.164416 0.0196446)
(0.296909 -0.164418 0.0197662)
(0.312517 -0.166141 0.0356558)
(0.234498 -0.2 0.0533284)
(0.250159 -0.183742 0.0517939)
(0.265811 -0.2 0.0532366)
(0 -0.160625 0.0739)
(0.171934 -0.2 0.0534003)
(0.187507 -0.183755 0.0516225)
(0.20317 -0.2 0.052898)
(0.328031 -0.2 0.0523948)
(0.312534 -0.183757 0.0515144)
(0.297038 -0.2 0.0530878)
(0.186393 -0.376784 0.073289)
(0.249782 -0.316528 0.0840456)
(0.218677 -0.255868 0.055468)
(0.155831 -0.255763 0.0554632)
(0.218745 -0.229877 0.0870688)
(0.21873 -0.0276792 0.0892258)
(0.281263 -0.229894 0.0870708)
(0.281247 -0.0276773 0.0892222)
(0.312289 -0.377101 0.0728812)
(0.281253 -0.255898 0.0554575)
(0.343742 -0.255909 0.0554146)
(0.312263 -0.320362 0.147942)
(0.0921356 -0.124385 0)
(0.124297 -0.156027 0)
(0.109217 -0.183533 0.0145417)
(0.077828 -0.183364 0.0145804)
(0.156005 -0.124287 0)
(0.155943 -0.0926667 0.0267479)
(0.218731 -0.124272 0)
(0.218715 -0.0926361 0.026752)
(0.109005 -0.166617 0.0348065)
(0.0930997 -0.229479 0.0870626)
(0.124675 -0.228345 0.0535448)
(0.0922037 -0.255356 0.0553415)
(0.109151 -0.2 0.0352808)
(0.077819 -0.2 0.0356585)
(0.0126336 -0.162291 0.0403599)
(0.187422 -0.15601 0)
(0.140586 -0.183525 0.0146617)
(0.171892 -0.183523 0.0148146)
(0.249996 -0.156009 0)
(0.23446 -0.183545 0.0147564)
(0.203174 -0.183542 0.0146835)
(0.3125 -0.156009 0)
(0.328125 -0.183518 0.0146469)
(0.281249 -0.124271 0)
(0.265735 -0.18353 0.0147839)
(0.296944 -0.183513 0.0148058)
(0 -0.179255 0.0422549)
(0 -0.17932 0.074046)
(0.140469 -0.16665 0.0350523)
(0.156085 -0.229813 0.0870873)
(0.187443 -0.228419 0.0536308)
(0.250083 -0.228439 0.053737)
(0.234615 -0.2 0.0356586)
(0.203397 -0.2 0.0349542)
(0.140555 -0.2 0.0352265)
(0.17207 -0.2 0.036447)
(0.234505 -0.166654 0.0352255)
(0.343722 -0.2299 0.086975)
(0.312529 -0.228443 0.053612)
(0.265879 -0.2 0.0356469)
(0.296658 -0.2 0.0363653)
(0.328058 -0.2 0.0349883)
(0.265733 -0.166653 0.035279)
(0.281249 -0.0926322 0.0267528)
(0.0125383 -0.180465 0.0206012)
(0.0158377 -0.2 0.0376807)
(0.0157953 -0.2 0.072864)
(0.155979 -0.0601409 0.0575595)
(0.187354 -0.0943336 0.0574028)
(0.155906 -0.0958337 0.088863)
(0.21869 -0.0958707 0.0888467)
(0.187452 -0.027144 0.0570217)
(0.218707 -0.060113 0.057543)
(0.249994 -0.0271386 0.0570124)
(0.156125 -0.0276882 0.0892501)
(0.249989 -0.0943289 0.0574058)
(0.281246 -0.0958741 0.0888421)
(0.281246 -0.0601092 0.0575399)
(0.0776863 -0.183967 0.0507727)
(0.109143 -0.184062 0.0509376)
(0.0935093 -0.183922 0.0333353)
(0.124951 -0.183945 0.0335253)
(0.0773703 -0.166345 0.0347611)
(0.0620686 -0.183558 0.0332218)
(0.0297362 -0.182819 0.072125)
(0.0132959 -0.181039 0.0565332)
(0.029802 -0.182445 0.0360827)
(0.0132204 -0.163002 0.0734407)
(0.140526 -0.184077 0.051163)
(0.156129 -0.183944 0.03393)
(0.171842 -0.166653 0.0353187)
(0.171888 -0.184092 0.0515968)
(0.187449 -0.183944 0.0337819)
(0.203201 -0.166652 0.0350995)
(0.219045 -0.183949 0.0338335)
(0.234521 -0.184074 0.051511)
(0.250166 -0.183949 0.0339395)
(0.203203 -0.184076 0.0512531)
(0.328123 -0.166654 0.0350167)
(0.328094 -0.184084 0.0509744)
(0.31253 -0.183958 0.0336258)
(0.296896 -0.16666 0.035293)
(0.281295 -0.183949 0.0340687)
(0.265782 -0.184079 0.0515021)
(0.296961 -0.184089 0.0514199)
(0.21843 -0.28929 0.11853)
(0.218722 -0.23049 0.120076)
(0.218729 -0.0278643 0.121266)
(0.281238 -0.230519 0.120101)
(0.281246 -0.0278592 0.121262)
(0.218693 -0.230899 0.184568)
(0.218729 -0.0278578 0.184914)
(0.281124 -0.289459 0.118455)
(0.0922596 -0.0922579 0)
(0.156029 -0.09205 0)
(0.218733 -0.0920208 0)
(0.0931202 -0.0279745 0.12136)
(0.0924099 -0.0962843 0.120952)
(0.0930945 -0.229965 0.120218)
(0.0932178 -0.167191 0.120358)
(0.281242 -0.230941 0.184591)
(0.281245 -0.0277784 0.184914)
(0.0919684 -0.340387 0)
(0.0285626 -0.281154 0)
(0.028584 -0.339892 0)
(0.0920134 -0.281119 0)
(0.155988 -0.340549 0)
(0.218733 -0.281146 0)
(0.218737 -0.340594 0)
(0.155993 -0.281136 0)
(0.156086 -0.230395 0.12009)
(0.343741 -0.230528 0.120026)
(0.281249 -0.0920183 0)
(0.28125 -0.281147 0)
(0.281253 -0.340602 0)
(0.34375 -0.281147 0)
(0.343751 -0.340602 0)
(0.091579 -0.286967 0.119105)
(0.0269155 -0.282819 0.0552583)
(0.0257736 -0.343732 0.0489036)
(0.091637 -0.283932 0.055621)
(0.218685 -0.0968097 0.120777)
(0.156126 -0.0278709 0.121283)
(0.15592 -0.0967346 0.120801)
(0.281242 -0.0968111 0.120775)
(0.156147 -0.168026 0.248272)
(0.156069 -0.230763 0.18458)
(0.218733 -0.167807 0.184759)
(0.156141 -0.167746 0.184744)
(0.156082 -0.230906 0.248187)
(0.156128 -0.0279332 0.184919)
(0.156131 -0.0276385 0.248318)
(0.343732 -0.230952 0.184538)
(0.281264 -0.167812 0.184795)
(0.155401 -0.288762 0.118701)
(0.21859 -0.284571 0.0556337)
(0.155613 -0.284416 0.0556599)
(0.343685 -0.289519 0.11841)
(0.28121 -0.284622 0.0556122)
(0.343731 -0.284639 0.0555936)
(0.218559 -0.26078 0.151737)
(0.281181 -0.2609 0.151701)
(0.249985 -0.230783 0.152495)
(0.24991 -0.260068 0.119446)
(0.249736 -0.290582 0.150466)
(0.249865 -0.261304 0.183823)
(0.281248 0 0.153376)
(0.24999 -0.0279029 0.153141)
(0.250071 0 0.18633)
(0.0919339 -0.385947 0)
(0.155814 -0.386109 0)
(0.123837 -0.344014 0.0197351)
(0.124178 -0.259295 0.119622)
(0.155731 -0.260377 0.151848)
(0.343705 -0.260946 0.15166)
(0.249974 -0.0972444 0.152774)
(0.249985 -0.133686 0.184653)
(0.249973 -0.282214 0.0260474)
(0 -0.281939 0.0259522)
(0.028759 -0.385669 0)
(0 -0.34295 0.0192983)
(0 -0.37493 0.0457803)
(0.218691 -0.38622 0)
(0.249955 -0.344168 0.0197754)
(0.281253 -0.386276 0)
(0.124025 -0.282106 0.0260173)
(0.343758 -0.386302 0)
(0.156012 -0.133876 0.216496)
(0.123683 -0.286472 0.0866195)
(0.155727 -0.260986 0.215948)
(0.187322 -0.282186 0.0260512)
(0.312493 -0.282222 0.0260415)
(0.058903 -0.281928 0.0253996)
(0.124454 -0.0613207 0.12115)
(0.155991 -0.0615424 0.153)
(0.156857 0 0.217302)
(0.156263 -0.2 0.216591)
(0.155996 -0.0613347 0.216569)
(0.0593091 -0.311838 0)
(0.187428 -0.311967 0)
(0.312501 -0.311978 0)
(0.187218 -0.259898 0.119489)
(0.187414 -0.23072 0.152494)
(0.186887 -0.290185 0.150635)
(0.187165 -0.261047 0.183899)
(0.312485 -0.230802 0.152503)
(0.312464 -0.260121 0.119407)
(0.312438 -0.261391 0.183783)
(0.312375 -0.290721 0.150383)
(0.250042 -0.2 0.184894)
(0.249859 -0.28724 0.0864011)
(0.187448 -0.0279281 0.153145)
(0.188123 0 0.185628)
(0.058232 -0.34388 0.0188693)
(0.0576061 -0.37605 0.0408381)
(0.187262 -0.344119 0.0197804)
(0.15577 -0.312902 0.0247102)
(0.0916159 -0.312753 0.0245668)
(0.124265 -0.311925 0)
(0.12356 -0.314173 0.0536445)
(0.187347 -0.0972176 0.15278)
(0.187382 -0.133637 0.184648)
(0.218665 -0.312964 0.0247061)
(0.25 -0.311977 0)
(0.281233 -0.312986 0.0246992)
(0.24988 -0.314558 0.0535374)
(0.0253668 -0.312535 0.0222026)
(0 -0.312266 0)
(0 -0.312719 0.053653)
(0.312491 -0.344187 0.0197721)
(0.343744 -0.312993 0.0246955)
(0.187078 -0.314454 0.0535811)
(0.187056 -0.28706 0.0864666)
(0.0586937 -0.313493 0.053509)
(0.187429 -0.2 0.18487)
(0.312446 -0.2873 0.0863584)
(0.31246 -0.314596 0.053513)
(0.0910838 -0.315114 0.0848052)
(0.123186 -0.317554 0.1176)
(0.15496 -0.319543 0.149699)
(0.155221 -0.316105 0.0843042)
(0.187379 -0.0613392 0.121098)
(0.187468 -0.167904 0.216563)
(0.188069 -0.2 0.248807)
(0.187414 -0.230933 0.216416)
(0.218773 -0.2 0.216728)
(0.18738 -0.0615706 0.184806)
(0.187378 -0.0601279 0.248292)
(0.187451 -0.0277213 0.21663)
(0.218697 -0.0614464 0.216548)
(0.312503 -0.231037 0.216395)
(0.2814 -0.2 0.216805)
(0.28124 -0.0613169 0.21655)
(0.218169 -0.320433 0.149311)
(0.2497 -0.319061 0.11699)
(0.280977 -0.320738 0.149123)
(0.281163 -0.261654 0.215791)
(0.218535 -0.261502 0.21584)
(0.249939 -0.231009 0.216382)
(0.249978 -0.0613396 0.121088)
(0.218696 -0.0615567 0.15298)
(0.28124 -0.0615356 0.152977)
(0.249977 -0.0615133 0.184802)
(0.219727 0 0.217707)
(0.249993 -0.0273738 0.216633)
(0.281303 0 0.218676)
(0.187399 -0.135231 0.24825)
(0.343695 -0.26171 0.21575)
(0.218698 -0.134107 0.216494)
(0.24997 -0.167923 0.21655)
(0.281255 -0.134099 0.216505)
(0.187229 -0.261708 0.247907)
(0.188522 0 0.249325)
(0.186767 -0.318694 0.117176)
(0.218391 -0.316457 0.084141)
(0.281119 -0.316581 0.0840683)
(0.343692 -0.316629 0.0840332)
(0.312366 -0.31919 0.116902)
(0.34361 -0.320856 0.149034)
(0.218591 -0.260008 0.119466)
(0.2498 -0.289383 0.118451)
(0.218362 -0.290496 0.150662)
(0.218299 -0.318992 0.117222)
(0.186974 -0.289088 0.118564)
(0.218501 -0.287179 0.0864388)
(0.0242773 -0.375259 0.0425508)
(0.249991 -0.23051 0.120082)
(0.218702 -0.230763 0.152497)
(0.187418 -0.230459 0.120075)
(0.249991 -0.0278611 0.121264)
(0.218728 -0.0279178 0.153142)
(0.218697 -0.0613426 0.121091)
(0.187448 -0.0278668 0.121271)
(0.281195 -0.260104 0.11944)
(0.281266 -0.230793 0.15253)
(0.312507 -0.230524 0.120052)
(0.281249 0 0.121387)
(0.281245 -0.0278969 0.153139)
(0.281241 -0.0613367 0.121086)
(0.218539 -0.261217 0.183863)
(0.249979 -0.230924 0.184559)
(0.187383 -0.230853 0.184563)
(0.218754 -0.2 0.184909)
(0.218685 -0.230986 0.216416)
(0.219182 0 0.185852)
(0.24999 -0.0277886 0.184915)
(0.218696 -0.061579 0.1848)
(0.187449 -0.0279001 0.184915)
(0.218732 -0.0276602 0.216627)
(0.28108 -0.290722 0.150553)
(0.281062 -0.319205 0.117104)
(0.312413 -0.289482 0.11839)
(0.281167 -0.287281 0.0863911)
(0.124378 -0.0921095 0)
(0.187433 -0.092028 0)
(0.249997 -0.0920188 0)
(0.0926673 -0.061351 0.121218)
(0.124712 -0.027889 0.121309)
(0.0927097 -0.132173 0.120552)
(0.124325 -0.096605 0.120843)
(0.0934906 -0.2 0.12066)
(0.124713 -0.230263 0.120099)
(0.0923353 -0.258505 0.119804)
(0.281165 -0.261363 0.18382)
(0.312494 -0.230949 0.184546)
(0.281246 -0.2 0.184983)
(0.281274 -0.231026 0.216423)
(0.281257 0 0.186347)
(0.28124 -0.0615148 0.1848)
(0.281245 -0.0274591 0.216631)
(0.0592798 -0.340238 0)
(0.0919912 -0.311885 0)
(0.124248 -0.340538 0)
(0.0914825 -0.343964 0.0196766)
(0.0285529 -0.311857 0)
(0.059342 -0.281123 0)
(0 -0.28125 0)
(0.0256358 -0.281883 0.0238339)
(0 -0.34164 0)
(0.0244437 -0.343749 0.0171414)
(0.124271 -0.281127 0)
(0.0917618 -0.28203 0.0258965)
(0.187425 -0.340628 0)
(0.155994 -0.311952 0)
(0.155736 -0.34411 0.0198614)
(0.218736 -0.311974 0)
(0.187425 -0.281142 0)
(0.249998 -0.281147 0)
(0.21868 -0.282205 0.0260512)
(0.250001 -0.340648 0)
(0.218657 -0.344187 0.0198622)
(0.155818 -0.282157 0.0260485)
(0.156048 -0.230642 0.152538)
(0.155765 -0.259694 0.119544)
(0.343733 -0.23081 0.152481)
(0.343716 -0.260135 0.119395)
(0.3125 -0.0920182 0)
(0.281251 -0.311977 0)
(0.3125 -0.281147 0)
(0.281238 -0.28222 0.0260468)
(0.312502 -0.340651 0)
(0.281233 -0.344217 0.0198576)
(0.34375 -0.311977 0)
(0.343745 -0.282225 0.0260419)
(0.343746 -0.344229 0.0198553)
(0.0581278 -0.344343 0.0487951)
(0.0912953 -0.313903 0.0536711)
(0.091583 -0.285755 0.0868041)
(0.0910803 -0.316431 0.118066)
(0.123625 -0.288121 0.118832)
(0.026611 -0.312989 0.0531473)
(0.0591104 -0.283433 0.0554812)
(0 -0.282415 0.0557937)
(0 -0.344133 0.049975)
(0.123802 -0.28424 0.0556545)
(0.343698 -0.261414 0.183775)
(0.343661 -0.290807 0.150494)
(0.187347 -0.0967881 0.120783)
(0.249976 -0.0968115 0.120777)
(0.218682 -0.0972412 0.152775)
(0.155987 -0.0613297 0.121114)
(0.156127 -0.0279363 0.153153)
(0.155926 -0.0971459 0.152798)
(0.281242 -0.0972445 0.152775)
(0.156152 -0.167845 0.21654)
(0.156556 -0.2 0.248617)
(0.187467 -0.168091 0.248275)
(0.156023 -0.135065 0.248253)
(0.156217 -0.2 0.184876)
(0.156079 -0.230833 0.216408)
(0.155722 -0.26075 0.183978)
(0.187437 -0.167791 0.184743)
(0.218725 -0.167928 0.216573)
(0.2187 -0.133682 0.18465)
(0.250009 -0.16781 0.18476)
(0.187418 -0.231004 0.248177)
(0.156005 -0.133523 0.184657)
(0.155807 -0.261398 0.247963)
(0.156005 -0.0602316 0.248293)
(0.155994 -0.061573 0.184816)
(0.156129 -0.0278463 0.21663)
(0.156626 0 0.185394)
(0.187449 -0.0274415 0.248321)
(0.157079 0 0.248772)
(0.155325 -0.289796 0.1509)
(0.343733 -0.231042 0.216382)
(0.281298 -0.167927 0.216595)
(0.281251 -0.133685 0.184663)
(0.155462 -0.314351 0.0536352)
(0.155478 -0.286858 0.0865371)
(0.155119 -0.318354 0.117483)
(0.218529 -0.314522 0.0535789)
(0.187174 -0.284513 0.0556418)
(0.249922 -0.284602 0.0556196)
(0.343708 -0.287317 0.0863587)
(0.343659 -0.319285 0.117046)
(0.281184 -0.314585 0.0535471)
(0.312475 -0.284631 0.0555955)
(0.343723 -0.314609 0.0535308)
(0.218322 -0.291221 0.182873)
(0.0910013 -0.34468 0.0488662)
(0.28105 -0.2915 0.182749)
(0.218689 -0.231063 0.248178)
(0.218725 -0.168132 0.248282)
(0.218681 -0.0974376 0.184682)
(0.15593 -0.0973252 0.1847)
(0.15529 -0.290398 0.183142)
(0.28122 -0.231103 0.248192)
(0.281242 -0.168118 0.248309)
(0.343717 -0.231117 0.248191)
(0.28124 -0.0974146 0.184684)
(0.155359 -0.34502 0.0487715)
(0.218489 -0.345174 0.0486984)
(0.281168 -0.345242 0.0486605)
(0.343719 -0.345271 0.048643)
(0.343643 -0.291603 0.182678)
(0.123303 -0.376293 0.0410844)
(0.249873 -0.26195 0.247852)
(0.24984 -0.376579 0.0409479)
(0.249977 -0.135203 0.248256)
(0.186983 -0.376468 0.0410133)
(0.312447 -0.376636 0.0409167)
(0.122933 -0.345535 0.0796648)
(0.090292 -0.376134 0.0758084)
(0.154834 -0.376638 0.0749382)
(0.187349 -0.0974832 0.216479)
(0.186541 -0.320927 0.181843)
(0.186789 -0.29114 0.214846)
(0.249527 -0.321569 0.181525)
(0.249652 -0.291675 0.214624)
(0.24997 -0.0974835 0.216475)
(0.250053 -0.2 0.249471)
(0.281328 -0.2 0.28118)
(0.312434 -0.262029 0.247824)
(0.312459 -0.231105 0.279844)
(0.312321 -0.291874 0.214514)
(0.186717 -0.345948 0.0792578)
(0.312381 -0.3462 0.0790377)
(0.218202 -0.376883 0.0746457)
(0.249707 -0.346123 0.0791059)
(0.281028 -0.377005 0.0745173)
(0.343653 -0.377066 0.0744587)
(0.312256 -0.321815 0.181369)
(0.249702 -0.291369 0.182744)
(0.21812 -0.321449 0.181891)
(0.186851 -0.290894 0.182934)
(0.218279 -0.291529 0.214794)
(0.0906482 -0.345153 0.0804253)
(0.123368 -0.344871 0.0487169)
(0.0909502 -0.376202 0.0418705)
(0.280938 -0.321831 0.181688)
(0.312353 -0.29154 0.182651)
(0.28102 -0.291839 0.214648)
(0.219096 -0.2 0.248975)
(0.218582 -0.261904 0.2479)
(0.249956 -0.231083 0.248173)
(0.218701 -0.135432 0.248251)
(0.249986 -0.168092 0.24829)
(0.15593 -0.0973958 0.216492)
(0.187347 -0.0974026 0.184686)
(0.21868 -0.0975381 0.216473)
(0.249971 -0.0974247 0.184682)
(0.154927 -0.32038 0.182303)
(0.155239 -0.290622 0.215101)
(0.28122 -0.2 0.249468)
(0.312485 -0.231106 0.248174)
(0.281218 -0.231113 0.279876)
(0.28117 -0.262028 0.24787)
(0.281242 -0.135381 0.248264)
(0.281245 -0.168062 0.27999)
(0.343713 -0.23113 0.279869)
(0.343698 -0.262074 0.247848)
(0.281241 -0.097495 0.216476)
(0.187004 -0.345099 0.0486265)
(0.155017 -0.345789 0.0796296)
(0.155384 -0.376421 0.0418453)
(0.218304 -0.346051 0.0794142)
(0.24985 -0.345202 0.0485698)
(0.218499 -0.376568 0.0417714)
(0.281082 -0.346162 0.0793234)
(0.312449 -0.345247 0.0485425)
(0.281173 -0.376644 0.0417317)
(0.343679 -0.346211 0.0792826)
(0.343723 -0.376681 0.0417133)
(0.343585 -0.321979 0.181583)
(0.343625 -0.29196 0.21457)
(0.15621 0 0.121399)
(0.25 0 0.0270795)
(0.249999 0 0.0571771)
(0.124917 0 0.027148)
(0.124882 0 0.0572608)
(0.187488 0 0.121393)
(0.18749 0 0.0571846)
(0.0934625 0 0.089448)
(0.15621 0 0.0893276)
(0.187493 0 0.0270847)
(0.3125 0 0.0270789)
(0.124872 0 0.0893637)
(0.218747 0 0.08931)
(0.28125 0 0.089308)
(0.249999 0 0.0893086)
(0.187548 0 0.153305)
(0.25 0 0)
(0.125 0 0)
(0.218748 0 0.0571787)
(0.156213 0 0.057204)
(0.28125 0 0.0571767)
(0.1875 0 0)
(0.3125 0 0)
(0.218746 0 0.12139)
(0.187489 0 0.0893143)
(0.28125 0 0)
(0.0937788 0 0)
(0.0934809 0 0.0574002)
(0.21875 0 0)
(0.15625 0 0)
(0.249998 0 0.121388)
(0.218791 0 0.153327)
(0.0934621 0 0.121454)
(0.250012 0 0.153361)
(0.124872 0 0.121416)
(0.156255 0 0.153287)
(0.249993 -0.0592871 0.660006)
(0.249978 -0.13352 0.660002)
(0.249977 -0.135003 0.691672)
(0.249974 -0.133658 0.723345)
(0.251334 0 0.659915)
(0.251357 0 0.596672)
(0.249989 -0.0591841 0.596668)
(0.251353 0 0.533334)
(0.249986 -0.0591651 0.533331)
(0.25135 0 0.469995)
(0.249989 -0.0591571 0.469998)
(0.251349 0 0.406658)
(0.249989 -0.0591122 0.406662)
(0.251323 0 0.343416)
(0.249991 -0.0592529 0.343328)
(0.249979 -0.133173 0.40667)
(0.255645 -0.2 0.401603)
(0.249984 -0.167818 0.406675)
(0.249739 -0.261851 0.406403)
(0.249929 -0.231088 0.406623)
(0.249064 -0.322533 0.341692)
(0.249036 -0.322733 0.405711)
(0.186024 -0.321493 0.341966)
(0.122641 -0.319218 0.310928)
(0.122564 -0.319265 0.34262)
(0.154617 -0.321139 0.342599)
(0.12094 -0.37855 0.276599)
(0.120885 -0.378805 0.341469)
(0.0578477 -0.375958 0.24663)
(0.057604 -0.376196 0.278381)
(0.0557576 -0.438268 0.276698)
(0 -0.438913 0.278054)
(0 -0.438967 0.342603)
(0.055758 -0.438387 0.341756)
(0 -0.438999 0.406413)
(0.0557519 -0.438462 0.405934)
(0 -0.439002 0.469923)
(0.0557495 -0.438489 0.469703)
(0 -0.43901 0.533338)
(0.0557472 -0.438501 0.533321)
(0 -0.439 0.596789)
(0.0557487 -0.43848 0.596986)
(0 -0.438994 0.66045)
(0.0557474 -0.438441 0.660932)
(0 -0.438956 0.724687)
(0.0557372 -0.438349 0.725572)
(0 -0.385085 0.723789)
(0.0264275 -0.375469 0.723874)
(0.0575992 -0.376245 0.724482)
(0 -0.34543 0.723492)
(0.0270009 -0.344465 0.723638)
(0 -0.313352 0.723385)
(0.0272892 -0.313939 0.723488)
(0 -0.282935 0.723348)
(0.027472 -0.283957 0.723409)
(0 -0.253448 0.723337)
(0.0277325 -0.254853 0.723366)
(0 -0.225061 0.723334)
(0.0284341 -0.227175 0.723341)
(0 -0.225061 0.755002)
(0.0285241 -0.227171 0.755021)
(0 -0.2 0.755)
(0.0163041 -0.2 0.754563)
(0.035004 -0.2 0.755006)
(0 -0.178755 0.755)
(0.0134241 -0.181168 0.754893)
(0 -0.155976 0.755)
(0.0131967 -0.162861 0.754979)
(0 -0.126444 0.755)
(0.0281788 -0.128559 0.755002)
(0.0291862 -0.164186 0.754996)
(0 -0.126445 0.786667)
(0.0281788 -0.128547 0.786677)
(0 -0.126445 0.818335)
(0.0281794 -0.128531 0.81835)
(0.0605673 -0.13052 0.818376)
(0.0614751 -0.166461 0.818361)
(0.0932278 -0.16723 0.818337)
(0.0935452 -0.2 0.818289)
(0.0930985 -0.230249 0.818405)
(0.124665 -0.230617 0.818439)
(0.124135 -0.26028 0.818717)
(0.123521 -0.289608 0.819228)
(0.122983 -0.319271 0.81992)
(0.121019 -0.37831 0.791218)
(0.122705 -0.319063 0.788314)
(0.184837 -0.380158 0.792678)
(0.186378 -0.32091 0.82032)
(0.186201 -0.320951 0.788934)
(0.249113 -0.322254 0.725137)
(0.186113 -0.321437 0.724709)
(0.186267 -0.321564 0.756328)
(0.249843 -0.261943 0.755302)
(0.249772 -0.261774 0.723756)
(0.312338 -0.26198 0.660313)
(0.249762 -0.261865 0.660248)
(0.249836 -0.262023 0.69187)
(0.313545 -0.2 0.659972)
(0.312488 -0.133303 0.660019)
(0.249966 -0.134953 0.628323)
(0.249962 -0.133477 0.596649)
(0.312485 -0.13324 0.596672)
(0.249956 -0.133478 0.533311)
(0.24995 -0.134941 0.564973)
(0.249989 -0.133457 0.470006)
(0.249976 -0.134935 0.501668)
(0.249977 -0.134855 0.438335)
(0.312497 -0.133188 0.406671)
(0.312502 -0.133218 0.470043)
(0.313251 -0.2 0.405955)
(0.312341 -0.262028 0.406388)
(0.249821 -0.262066 0.438224)
(0.249764 -0.261923 0.469898)
(0.312344 -0.262059 0.469913)
(0.24903 -0.322834 0.469564)
(0.186041 -0.321739 0.405986)
(0.186178 -0.322011 0.437982)
(0.186042 -0.32182 0.469698)
(0.186164 -0.321881 0.374277)
(0.184573 -0.381227 0.340478)
(0.18452 -0.381493 0.405086)
(0.12087 -0.378966 0.405686)
(0.0575978 -0.376279 0.342565)
(0.0578453 -0.37608 0.374653)
(0.057595 -0.376328 0.406307)
(0.0578468 -0.376036 0.310901)
(0.0575937 -0.376348 0.469854)
(0.0578445 -0.376102 0.438182)
(0.0575931 -0.376352 0.533334)
(0.057844 -0.37611 0.501624)
(0.0575947 -0.37634 0.596839)
(0.0578444 -0.376107 0.565053)
(0.0575971 -0.37631 0.660482)
(0.0578459 -0.376094 0.628538)
(0.0578473 -0.376064 0.692197)
(0.120924 -0.37869 0.725717)
(0.120885 -0.378897 0.661167)
(0.0582759 -0.345263 0.723899)
(0.0589174 -0.315491 0.723665)
(0.0909812 -0.317896 0.723809)
(0.122664 -0.319335 0.724233)
(0.0594106 -0.285969 0.723521)
(0.0601556 -0.257418 0.72342)
(0.0612621 -0.229436 0.723358)
(0.0612429 -0.22943 0.755034)
(0.0625678 -0.2 0.755008)
(0.029718 -0.182603 0.754992)
(0.0614752 -0.166486 0.755002)
(0.0605707 -0.130627 0.755009)
(0.0605674 -0.13058 0.786687)
(0.0614672 -0.166475 0.786667)
(0.0932288 -0.167257 0.786652)
(0.0935456 -0.2 0.786617)
(0.0930973 -0.230276 0.786707)
(0.12467 -0.230649 0.786722)
(0.124122 -0.260388 0.786975)
(0.12347 -0.289755 0.787429)
(0.122926 -0.319686 0.755931)
(0.123485 -0.28993 0.755545)
(0.184636 -0.380916 0.726722)
(0.186221 -0.321842 0.692436)
(0.186072 -0.32167 0.660746)
(0.184546 -0.381326 0.66177)
(0.249061 -0.322601 0.661026)
(0.249819 -0.262066 0.62843)
(0.249739 -0.261913 0.596758)
(0.249032 -0.322776 0.597114)
(0.312329 -0.26204 0.596807)
(0.313572 -0.2 0.59668)
(0.312479 -0.133224 0.53333)
(0.313542 -0.2 0.533281)
(0.313391 -0.2 0.46973)
(0.312322 -0.262062 0.53333)
(0.249824 -0.262089 0.501636)
(0.249731 -0.261928 0.533312)
(0.24902 -0.322846 0.533324)
(0.18618 -0.322048 0.501558)
(0.186041 -0.321831 0.533331)
(0.184501 -0.381609 0.469284)
(0.184493 -0.381625 0.533316)
(0.120862 -0.379035 0.469572)
(0.12086 -0.379046 0.533331)
(0.120868 -0.379003 0.597132)
(0.18451 -0.381536 0.597403)
(0.119289 -0.440138 0.66181)
(0.18311 -0.44203 0.66271)
(0.11933 -0.439886 0.727112)
(0.18324 -0.441521 0.728657)
(0.186197 -0.321974 0.628718)
(0.18605 -0.321785 0.596985)
(0.186183 -0.322035 0.565115)
(0.249799 -0.262086 0.565006)
(0.123449 -0.28995 0.723765)
(0.0915357 -0.288284 0.723629)
(0.0923315 -0.259411 0.723468)
(0.0930919 -0.230293 0.723372)
(0.0930891 -0.230281 0.755036)
(0.0935168 -0.2 0.754988)
(0.0932233 -0.167273 0.754993)
(0.124674 -0.230662 0.75503)
(0.124121 -0.260456 0.755233)
(0.124118 -0.260492 0.72351)
(0.124681 -0.230676 0.723351)
(1 -0.759924 0.270027)
(1 -0.761647 0.402634)
(0.88984 -0.761649 0.40039)
(0.890005 -0.760165 0.264625)
(1 -0.762114 0.532067)
(0.8899 -0.762064 0.531108)
(1 -0.761872 0.660052)
(0.890049 -0.761852 0.659894)
(1 -0.760662 0.78707)
(0.890995 -0.760847 0.788058)
(0.760165 -0.762237 0.786837)
(0.760245 -0.762693 0.659189)
(0.629371 -0.762781 0.786334)
(0.629709 -0.763128 0.658582)
(0.500024 -0.762932 0.786227)
(0.500053 -0.763237 0.658411)
(0.370668 -0.762784 0.786343)
(0.370386 -0.763135 0.658592)
(0.372303 -0.630798 0.797479)
(0.371622 -0.633665 0.663081)
(0.371366 -0.634778 0.529936)
(0.370341 -0.763308 0.527919)
(0.371594 -0.634364 0.395833)
(0.370594 -0.763066 0.394254)
(0.373074 -0.508521 0.532483)
(0.37332 -0.508351 0.467141)
(0.373179 -0.508154 0.400482)
(0.373706 -0.446437 0.533067)
(0.37375 -0.446411 0.467941)
(0.374207 -0.384989 0.533262)
(0.374219 -0.384983 0.468761)
(0.374619 -0.323702 0.533319)
(0.374624 -0.323699 0.469425)
(0.374887 -0.262147 0.533324)
(0.374892 -0.262146 0.469833)
(0.374914 -0.262115 0.406366)
(0.312492 -0.0585132 0.470002)
(0.312493 -0.0585321 0.406662)
(0.312623 0 0.469996)
(0.312623 0 0.406657)
(0.312614 0 0.343449)
(0.312492 -0.0586973 0.343327)
(0.374951 -0.500316 0)
(0.374744 -0.50055 0.0580737)
(0.374812 -0.565782 0)
(0.374576 -0.563535 0.0559734)
(0.374481 -0.647516 0)
(0.374323 -0.627284 0.0545098)
(0.373715 -0.759439 0)
(0.372774 -0.760099 0.115953)
(0.373677 -0.629298 0.12043)
(0.500018 -0.759698 0)
(0.500031 -0.760307 0.115706)
(0.626337 -0.759399 0)
(0.627301 -0.760058 0.115951)
(0.753354 -0.758195 0)
(0.756518 -0.759233 0.116761)
(0.876649 -0.75541 0)
(0.891 -0.757373 0.119432)
(1 -0.750499 0)
(1 -0.755606 0.138349)
(0.758923 -0.761526 0.258845)
(0.759925 -0.762551 0.396699)
(0.760254 -0.762849 0.529291)
(0.629789 -0.763295 0.527911)
(0.500065 -0.763416 0.527508)
(0.500064 -0.763185 0.393563)
(0.371415 -0.762123 0.255958)
(0.500057 -0.762251 0.255226)
(0.372454 -0.632391 0.258297)
(0.37352 -0.507204 0.334056)
(0.373575 -0.50605 0.264709)
(0.373771 -0.446131 0.402417)
(0.373891 -0.445439 0.336352)
(0.374246 -0.384774 0.404084)
(0.374643 -0.32359 0.405467)
(0.37467 -0.323346 0.341353)
(0.374399 -0.502099 0.12609)
(0.374209 -0.564661 0.121634)
(0.374075 -0.504024 0.196498)
(0.628705 -0.762084 0.25595)
(0.629524 -0.763049 0.394243)
(0.374021 -0.444262 0.268893)
(0.374279 -0.442402 0.200398)
(0.374305 -0.384299 0.33903)
(0.374395 -0.383447 0.273313)
(0.239405 -0.762158 0.907901)
(0.370775 -0.763369 0.906706)
(0.370436 -0.774774 1)
(0.23991 -0.773118 1)
(0.239854 -0.762255 0.786848)
(0.104634 -0.759411 0.912636)
(0.109026 -0.761034 0.788037)
(0.116178 -0.769282 1)
(0 -0.757716 1)
(0 -0.758702 0.904222)
(0 -0.761025 0.787014)
(0 -0.762155 0.660063)
(0.110009 -0.761869 0.659916)
(0 -0.76236 0.532048)
(0.110115 -0.762174 0.531102)
(0 -0.648982 0.53286)
(0.0528456 -0.628526 0.532818)
(0.115049 -0.630526 0.532246)
(0 -0.566831 0.533174)
(0.0540523 -0.564509 0.533077)
(0 -0.500903 0.5333)
(0.0548015 -0.50118 0.533248)
(0.311863 -0.323396 0.533326)
(0.311181 -0.384422 0.533282)
(0.310397 -0.445651 0.533144)
(0.309671 -0.507486 0.532881)
(0.242584 -0.63309 0.530974)
(0.245429 -0.506364 0.532701)
(0.242717 -0.63245 0.662418)
(0.30865 -0.629085 0.800025)
(0.243551 -0.630263 0.7966)
(0.114537 -0.629173 0.79353)
(0.179574 -0.628464 0.797667)
(0.115002 -0.630281 0.661436)
(0.11546 -0.628573 0.726997)
(0.115627 -0.629036 0.596915)
(0.116602 -0.565554 0.532879)
(0.118048 -0.502577 0.533159)
(0.182069 -0.504309 0.533109)
(0.119266 -0.440327 0.533286)
(0.24797 -0.383419 0.533292)
(0.246739 -0.444352 0.533147)
(0.183043 -0.44242 0.533246)
(0.500005 -0.7637 0.906535)
(0.629228 -0.763379 0.906697)
(0.760579 -0.762182 0.907891)
(0.895351 -0.759457 0.912696)
(1 -0.758553 0.904475)
(1 -0.757716 1)
(0.883764 -0.769264 1)
(0.760076 -0.77313 1)
(0.629563 -0.774785 1)
(0.500001 -0.775227 1)
(0.50001 -0.630962 0.797607)
(0.563607 -0.629381 0.800479)
(0.627713 -0.630789 0.797484)
(0.628434 -0.633646 0.663079)
(0.500025 -0.63401 0.663151)
(0.436406 -0.629384 0.800477)
(0.756458 -0.630234 0.796607)
(0.691358 -0.62907 0.800031)
(0.757318 -0.632401 0.662421)
(0.754469 -0.505602 0.663852)
(0.690222 -0.506458 0.664745)
(0.626853 -0.507337 0.664866)
(0.563266 -0.507504 0.665275)
(0.500006 -0.507791 0.665048)
(0.436746 -0.507514 0.665268)
(0.373161 -0.507358 0.664854)
(0.373318 -0.507999 0.598592)
(0.373752 -0.446116 0.598375)
(0.374223 -0.384779 0.597834)
(0.374631 -0.323595 0.597241)
(0.37491 -0.262118 0.596821)
(0.375126 -0.2 0.596679)
(0.375053 -0.2 0.533305)
(0.31249 -0.0585168 0.533335)
(0.312624 0 0.533336)
(0.37499 -0.0583448 0.533335)
(0.374989 0 0.533337)
(0.374993 -0.0583789 0.596675)
(0.37499 0 0.596677)
(0.374995 -0.0585376 0.66001)
(0.374991 0 0.659877)
(0.437498 -0.0585035 0.660011)
(0.437495 0 0.659879)
(0.499998 -0.0584975 0.660008)
(0.5 0 0.659879)
(0.562503 -0.0585028 0.66001)
(0.562505 0 0.659879)
(0.625006 -0.0585344 0.660012)
(0.62501 0 0.659877)
(0.687507 -0.0586784 0.66001)
(0.687386 0 0.659885)
(0.945386 -0.5008 0.792874)
(1 -0.500759 0.791239)
(0.94626 -0.564025 0.792819)
(1 -0.566579 0.791144)
(0.947787 -0.627806 0.792072)
(1 -0.648367 0.789732)
(0.885465 -0.629067 0.793545)
(0.820431 -0.628407 0.797677)
(0.819052 -0.564949 0.79932)
(0.754736 -0.565588 0.800977)
(0.753585 -0.503138 0.800281)
(0.75378 -0.504413 0.731309)
(0.752953 -0.442812 0.729908)
(0.753195 -0.443656 0.663412)
(0.689533 -0.444768 0.66392)
(0.62624 -0.445434 0.664153)
(0.563067 -0.445735 0.664308)
(0.500004 -0.44586 0.664305)
(0.436943 -0.445745 0.664301)
(0.373775 -0.445457 0.664138)
(0.374253 -0.384307 0.662694)
(0.374648 -0.323347 0.661272)
(0.374916 -0.262051 0.66033)
(0.375114 -0.2 0.659935)
(0.375005 -0.133226 0.660013)
(0.375004 -0.133155 0.596674)
(0.374983 -0.133136 0.533326)
(0.437514 -0.133205 0.660013)
(0.499991 -0.133202 0.659983)
(0.562504 -0.133204 0.660002)
(0.624999 -0.133224 0.660017)
(0.687508 -0.133285 0.660015)
(0.880612 -0.439427 0.794025)
(0.881922 -0.501638 0.79547)
(0.883346 -0.564666 0.795336)
(0.817714 -0.502435 0.798358)
(0.816527 -0.440662 0.796359)
(0.752636 -0.441562 0.79798)
(0.751693 -0.381124 0.793654)
(0.751897 -0.382238 0.72749)
(0.752016 -0.382855 0.662264)
(0.688784 -0.38378 0.662552)
(0.625761 -0.384284 0.662709)
(0.562851 -0.384528 0.662789)
(0.500001 -0.384607 0.662803)
(0.437155 -0.384537 0.662782)
(0.437339 -0.323472 0.661313)
(0.437473 -0.262085 0.660342)
(0.437544 -0.2 0.659933)
(0.499995 -0.2 0.659853)
(0.562516 -0.2 0.659894)
(0.624991 -0.2 0.659922)
(0.687413 -0.2 0.659941)
(0.815438 -0.380766 0.726802)
(0.815222 -0.38003 0.792765)
(0.750945 -0.322137 0.725197)
(0.751001 -0.322477 0.661074)
(0.688126 -0.323039 0.661209)
(0.625363 -0.323327 0.661286)
(0.562667 -0.323465 0.661317)
(0.499997 -0.323508 0.661318)
(0.499992 -0.262095 0.660315)
(0.562546 -0.262083 0.660333)
(0.625091 -0.262042 0.660339)
(0.687667 -0.26196 0.660318)
(0.628699 -0.634754 0.529936)
(0.626701 -0.507975 0.598604)
(0.626951 -0.508497 0.532494)
(0.626264 -0.446091 0.598389)
(0.62579 -0.384754 0.597848)
(0.625376 -0.323575 0.597251)
(0.625087 -0.262111 0.596823)
(0.624972 -0.2 0.596666)
(0.62499 -0.13315 0.596673)
(0.625006 -0.0583754 0.596676)
(0.625539 -0.6475 0)
(0.628471 -0.634337 0.395831)
(0.6267 -0.508328 0.467148)
(0.626844 -0.508134 0.400487)
(0.626311 -0.446412 0.533079)
(0.626266 -0.446388 0.467949)
(0.625805 -0.384964 0.533274)
(0.625382 -0.323683 0.533332)
(0.625089 -0.26214 0.533342)
(0.624982 -0.2 0.533336)
(0.624991 -0.133132 0.533341)
(0.625006 -0.0583415 0.533338)
(0.625052 -0.500313 0)
(0.625195 -0.565775 0)
(0.625695 -0.62727 0.0545097)
(0.625434 -0.563527 0.0559736)
(0.626355 -0.629278 0.12043)
(0.6276 -0.632363 0.258296)
(0.626496 -0.50719 0.334058)
(0.626444 -0.506038 0.264711)
(0.626244 -0.446113 0.402423)
(0.625794 -0.38496 0.468769)
(0.625768 -0.384758 0.404087)
(0.625381 -0.323682 0.469439)
(0.625096 -0.262138 0.469877)
(0.624993 -0.2 0.470046)
(0.624999 -0.133137 0.47002)
(0.625008 -0.0583428 0.47)
(0.62526 -0.500546 0.0580733)
(0.625806 -0.56465 0.121634)
(0.625608 -0.502095 0.12609)
(0.625934 -0.50402 0.196498)
(0.625369 -0.323578 0.405467)
(0.625099 -0.262112 0.406356)
(0.625012 -0.2 0.406751)
(0.625005 -0.133157 0.406658)
(0.625008 -0.0583811 0.406659)
(0.625011 0 0.406656)
(1 -0.648775 0.660474)
(0.88501 -0.6302 0.661436)
(0.947191 -0.628318 0.661015)
(1 -0.566731 0.660615)
(0.945969 -0.564362 0.661147)
(0.883428 -0.565312 0.661824)
(0.817894 -0.503809 0.663205)
(0.881958 -0.502313 0.662117)
(0.816934 -0.441939 0.662739)
(1 -0.500852 0.660615)
(0.94521 -0.501067 0.661172)
(0.880744 -0.440058 0.661828)
(0.815537 -0.381165 0.661829)
(0.816798 -0.441439 0.728694)
(0.945979 -0.564113 0.726184)
(1 -0.500785 0.725147)
(0.881925 -0.502019 0.727851)
(0.884546 -0.628479 0.727002)
(1 -0.631506 0.725017)
(0.880699 -0.439812 0.727136)
(0.945233 -0.500943 0.726167)
(0.817739 -0.503231 0.729751)
(0.883356 -0.564857 0.727524)
(0.946911 -0.627649 0.725953)
(1 -0.56637 0.725184)
(1 -0.500846 0.406143)
(1 -0.500239 0.139987)
(0.754467 -0.506051 0.401849)
(0.752115 -0.501641 0.127101)
(1 -0.500414 0)
(0.877524 -0.645968 0)
(1 -0.500697 0.27681)
(0.881937 -0.502398 0.404451)
(1 -0.500872 0.533298)
(0.754066 -0.628695 0.121428)
(0.750599 -0.500193 0)
(1 -0.645823 0.138227)
(0.881195 -0.500758 0.131948)
(0.753817 -0.504673 0.267264)
(0.754603 -0.506303 0.532713)
(0.751868 -0.647018 0)
(0.885059 -0.627373 0.125501)
(0.878138 -0.500115 0)
(1 -0.644626 0)
(0.881819 -0.501887 0.272643)
(0.881968 -0.502511 0.533164)
(0.884941 -0.629289 0.268446)
(0.884957 -0.630431 0.53225)
(1 -0.648677 0.404726)
(0.757213 -0.632705 0.398598)
(0.752062 -0.383172 0.59764)
(0.751029 -0.322649 0.59715)
(0.756241 -0.631277 0.261803)
(1 -0.647944 0.273511)
(0.884915 -0.63019 0.40243)
(0.757462 -0.633031 0.530977)
(1 -0.648851 0.53286)
(0.815577 -0.381368 0.597438)
(0.688147 -0.323258 0.597216)
(0.688153 -0.323349 0.46949)
(0.687392 -0.2 0.596673)
(0.68751 -0.0585033 0.470001)
(0.687378 -0.2 0.470071)
(0.687508 -0.0585324 0.596675)
(0.687674 -0.262045 0.533351)
(0.687507 -0.133201 0.533349)
(0.688795 -0.384191 0.404297)
(0.688846 -0.384371 0.533297)
(0.688156 -0.323351 0.533341)
(0.688826 -0.38419 0.597776)
(0.687668 -0.26202 0.596817)
(0.688832 -0.384367 0.468884)
(0.687672 -0.262043 0.469895)
(0.687403 -0.2 0.53336)
(0.687502 -0.133218 0.596676)
(0.687506 -0.133208 0.470024)
(0.687509 -0.058502 0.533338)
(0.945918 -0.564057 0.340051)
(0.945901 -0.564279 0.469213)
(0.948964 -0.562502 0.0579699)
(0.815983 -0.56296 0.0564434)
(0.816973 -0.442198 0.597775)
(0.689588 -0.445586 0.468167)
(0.689584 -0.445336 0.59829)
(0.688387 -0.563312 0.056067)
(0.946244 -0.563425 0.205098)
(0.945907 -0.564289 0.596959)
(1 -0.500762 0.34202)
(0.945198 -0.501076 0.405506)
(1 -0.500831 0.46981)
(1 -0.566696 0.405665)
(1 -0.499915 0.0715772)
(1 -0.500497 0.209665)
(1 -0.565451 0.137405)
(0.945888 -0.500192 0.136133)
(0.81788 -0.504068 0.403417)
(0.75386 -0.505304 0.335969)
(0.754149 -0.506033 0.467832)
(0.690236 -0.507136 0.401587)
(1 -0.500831 0.596821)
(0.752733 -0.564239 0.122515)
(0.751241 -0.500336 0.0583367)
(0.688653 -0.501886 0.126416)
(0.816182 -0.501223 0.128598)
(0.752786 -0.503139 0.19836)
(0.754149 -0.505832 0.598199)
(0.940079 -0.500219 0)
(1 -0.565176 0)
(0.815452 -0.629844 0)
(0.883394 -0.626168 0.0536814)
(0.879085 -0.565155 0)
(0.939166 -0.629123 0)
(0.945213 -0.500808 0.275144)
(1 -0.566391 0.275338)
(0.881879 -0.502172 0.339245)
(0.88194 -0.502457 0.468974)
(0.883387 -0.565326 0.403883)
(0.945203 -0.501135 0.533248)
(1 -0.566763 0.533171)
(0.752625 -0.626873 0.0545617)
(0.81817 -0.627037 0.121846)
(0.689466 -0.627753 0.120256)
(0.687689 -0.500238 0)
(0.751153 -0.56555 0)
(0.814058 -0.500108 0)
(0.949929 -0.62617 0.130236)
(1 -0.627972 0.0706084)
(1 -0.630314 0.206005)
(0.882641 -0.563548 0.128689)
(0.880131 -0.500036 0.0592819)
(0.881638 -0.501379 0.203948)
(0.817493 -0.503188 0.270366)
(0.68968 -0.505314 0.266465)
(0.7533 -0.444277 0.533161)
(0.81796 -0.504237 0.53312)
(0.690355 -0.507445 0.532895)
(0.881948 -0.502419 0.597423)
(0.688374 -0.630454 0)
(0.884632 -0.627378 0.200083)
(0.883382 -0.564741 0.27124)
(0.883406 -0.565478 0.532882)
(0.947413 -0.627611 0.271973)
(0.884362 -0.628498 0.337318)
(0.884352 -0.62894 0.468128)
(0.88438 -0.628947 0.596916)
(0.947157 -0.628426 0.532819)
(1 -0.63135 0.340184)
(0.947157 -0.628253 0.404242)
(1 -0.63163 0.469222)
(1 -0.631658 0.596679)
(0.940276 -0.564999 0)
(0.688962 -0.564286 0.121841)
(0.689953 -0.506404 0.334991)
(0.689133 -0.503651 0.197228)
(0.94519 -0.500953 0.340933)
(1 -0.566289 0.341233)
(0.945949 -0.564335 0.404959)
(0.946035 -0.563923 0.273615)
(0.946813 -0.627539 0.339136)
(0.883297 -0.56489 0.338476)
(0.945194 -0.501096 0.4695)
(0.690227 -0.507374 0.467552)
(0.690223 -0.507082 0.598534)
(1 -0.566433 0.469587)
(0.946766 -0.627872 0.468861)
(0.883306 -0.565218 0.468661)
(0.94595 -0.564439 0.533077)
(0.688074 -0.50044 0.0581618)
(0.817025 -0.626199 0.0547854)
(0.814828 -0.565131 0)
(0.951651 -0.625361 0.0549757)
(0.88151 -0.562824 0.056806)
(0.94744 -0.499857 0.0608421)
(0.947166 -0.563001 0.133034)
(1 -0.564633 0.069843)
(0.815062 -0.500167 0.0586932)
(0.751836 -0.56325 0.0561782)
(0.817049 -0.563736 0.123929)
(0.945316 -0.500523 0.207314)
(0.817698 -0.503705 0.337692)
(0.816941 -0.502309 0.200903)
(0.817002 -0.442324 0.533257)
(0.817884 -0.504184 0.468479)
(0.945198 -0.50109 0.597037)
(0.753219 -0.444055 0.598062)
(0.817889 -0.50407 0.597914)
(0.68963 -0.445604 0.533159)
(0.689544 -0.445345 0.402843)
(0.688766 -0.6267 0.0548489)
(0.687955 -0.565437 0)
(0.947569 -0.626616 0.203212)
(0.883249 -0.564043 0.20206)
(1 -0.56575 0.207645)
(0.883322 -0.565212 0.597182)
(0.946776 -0.627896 0.596833)
(1 -0.566443 0.59678)
(0.50001 -0.508695 0.400093)
(0.500003 -0.502222 0.125907)
(0.500005 -0.262167 0.40633)
(0.500001 -0.50035 0)
(0.500004 -0.133137 0.406648)
(0.374989 0 0.406656)
(0.375005 -0.133152 0.406669)
(0.500008 -0.506393 0.264193)
(0.500004 -0.385125 0.40394)
(0.50001 -0.509094 0.532392)
(0.500001 -0.05834 0.406656)
(0.437494 0 0.406655)
(0.500013 -0.629452 0.120202)
(0.499997 -0.2622 0.533333)
(0.5 -0.2 0.406733)
(0.437475 -0.262156 0.406349)
(0.562537 -0.262153 0.406356)
(0.437516 -0.13314 0.406664)
(0.562494 -0.133144 0.40667)
(0.37499 0 0.343457)
(0.374993 -0.0583796 0.40666)
(0.375083 -0.2 0.40672)
(0.500002 -0.385354 0.533251)
(0.500006 -0.647622 0)
(0.437498 -0.0583459 0.406658)
(0.374994 -0.0585561 0.343325)
(0.562503 -0.0583465 0.406659)
(0.499997 -0.133107 0.533334)
(0.562481 -0.2 0.406791)
(0.437544 -0.2 0.406785)
(0.562504 -0.0583067 0.469999)
(0.437495 -0.0583068 0.469997)
(0.562675 -0.323844 0.469411)
(0.562673 -0.323729 0.597268)
(0.562514 -0.2 0.470035)
(0.562503 -0.0583406 0.596676)
(0.562499 -0.2 0.596679)
(0.437326 -0.323849 0.469402)
(0.437331 -0.323736 0.597263)
(0.437465 -0.2 0.470008)
(0.437497 -0.0583409 0.596675)
(0.437511 -0.2 0.59667)
(0.500004 -0.323778 0.405396)
(0.499998 -0.2622 0.469854)
(0.500004 -0.262168 0.596827)
(0.500003 -0.133127 0.596672)
(0.499997 -0.133108 0.470006)
(0.500002 -0.385122 0.597889)
(0.374986 -0.133135 0.469978)
(0.562873 -0.385258 0.533265)
(0.562476 -0.133117 0.533334)
(0.437133 -0.385269 0.53326)
(0.437507 -0.133112 0.533336)
(0.562854 -0.385036 0.403988)
(0.500003 -0.385351 0.468685)
(0.437154 -0.385042 0.403985)
(0.499999 -0.0582988 0.533337)
(0.562521 -0.262184 0.533333)
(0.499999 -0.323895 0.533319)
(0.499997 -0.2 0.533328)
(0.437463 -0.262188 0.533335)
(0.562868 -0.385256 0.468713)
(0.499999 -0.0582998 0.469998)
(0.5625 -0.133115 0.470015)
(0.562501 -0.0583058 0.533337)
(0.437138 -0.385265 0.468707)
(0.437489 -0.133116 0.47)
(0.374991 -0.0583444 0.469996)
(0.437496 -0.0583059 0.533336)
(0.562672 -0.323844 0.533325)
(0.562668 -0.32373 0.40542)
(0.562545 -0.262185 0.469866)
(0.5 -0.323894 0.469396)
(0.562867 -0.385032 0.597886)
(0.562541 -0.262154 0.596828)
(0.500001 -0.323777 0.597268)
(0.43734 -0.323735 0.405416)
(0.562432 -0.2 0.53332)
(0.499996 -0.2 0.470022)
(0.562496 -0.133134 0.596674)
(0.5 -0.0583341 0.596675)
(0.500014 -0.2 0.596682)
(0.437326 -0.323852 0.53332)
(0.437445 -0.262186 0.469849)
(0.43714 -0.385043 0.597879)
(0.437464 -0.262157 0.596826)
(0.375046 -0.2 0.469868)
(0.437534 -0.2 0.533342)
(0.437507 -0.133132 0.596673)
(0.563087 -0.446785 0.467877)
(0.436924 -0.446795 0.467871)
(0.563086 -0.446459 0.598463)
(0.437341 -0.563486 0.0559631)
(0.562667 -0.563483 0.0559631)
(0.436924 -0.44647 0.598456)
(0.500035 -0.634825 0.395037)
(0.500007 -0.507676 0.333603)
(0.436749 -0.50842 0.40084)
(0.563266 -0.508411 0.400841)
(0.500005 -0.446613 0.402172)
(0.500007 -0.508941 0.46694)
(0.500002 -0.50061 0.0580239)
(0.437249 -0.502159 0.125955)
(0.562756 -0.502158 0.125955)
(0.500004 -0.504254 0.196136)
(0.500006 -0.564775 0.121477)
(0.500007 -0.508539 0.598676)
(0.562509 -0.500315 0)
(0.437492 -0.500315 0)
(0.500002 -0.56584 0)
(0.437356 -0.630667 0)
(0.562654 -0.630662 0)
(0.436926 -0.50612 0.265305)
(0.563085 -0.506116 0.265306)
(0.563315 -0.508796 0.532787)
(0.500005 -0.446943 0.533034)
(0.436702 -0.508807 0.532781)
(0.437054 -0.628061 0.119866)
(0.500007 -0.62739 0.0544612)
(0.562966 -0.628053 0.119865)
(0.563068 -0.446474 0.402318)
(0.563269 -0.50875 0.467141)
(0.500005 -0.446923 0.467806)
(0.563102 -0.446796 0.533097)
(0.437445 -0.565568 0)
(0.500026 -0.632678 0.257505)
(0.436845 -0.507514 0.333958)
(0.437185 -0.56454 0.121464)
(0.437099 -0.504169 0.196344)
(0.562559 -0.565565 0)
(0.563168 -0.507508 0.333961)
(0.562827 -0.564535 0.121465)
(0.562907 -0.504168 0.196344)
(0.436943 -0.446482 0.402316)
(0.500033 -0.635266 0.529577)
(0.436745 -0.50876 0.467137)
(0.436744 -0.508367 0.598749)
(0.56327 -0.508355 0.598756)
(0.436909 -0.446807 0.533091)
(0.562599 -0.500572 0.0580384)
(0.437404 -0.500574 0.0580384)
(0.500004 -0.446589 0.598452)
(0.437254 -0.626935 0.0547667)
(0.500004 -0.563612 0.0559285)
(0.562759 -0.626929 0.0547666)
(0.625011 0 0.596677)
(0.5 0 0.469996)
(0.5 0 0.596678)
(0.625012 0 0.533337)
(0.374989 0 0.469996)
(0.625012 0 0.469996)
(0.562506 0 0.533337)
(0.437494 0 0.533337)
(0.562506 0 0.469996)
(0.437494 0 0.469996)
(0.562505 0 0.596678)
(0.437495 0 0.596678)
(0.68738 0 0.469997)
(0.687378 0 0.596676)
(0.5 0 0.406655)
(0.5 0 0.533337)
(0.562505 0 0.406655)
(0.68738 0 0.533336)
(0.0575816 -0.376116 0.789281)
(0.0578419 -0.375998 0.756293)
(0.0577838 -0.375855 0.821388)
(0 -0.438628 0.857948)
(0 -0.438884 0.790236)
(0.0556565 -0.438196 0.791662)
(0.0552131 -0.437948 0.860564)
(0.120386 -0.49944 1)
(0.118631 -0.500233 0.938773)
(0.119673 -0.438893 0.863636)
(0.118173 -0.501021 0.86598)
(0.11941 -0.439488 0.794001)
(0.1835 -0.440726 0.796323)
(0.11703 -0.613496 1)
(0.111998 -0.626907 0.928644)
(0.117705 -0.556629 1)
(0.116052 -0.562786 0.93633)
(0.116493 -0.563825 0.865128)
(0.118088 -0.501691 0.795458)
(0.116658 -0.564737 0.795327)
(0.1823 -0.502483 0.798338)
(0.247386 -0.441604 0.797953)
(0.246429 -0.503169 0.800265)
(0.248343 -0.381191 0.793611)
(0.248153 -0.382331 0.727442)
(0.114624 -0.627265 0.862364)
(0.180955 -0.564998 0.799307)
(0.245272 -0.565615 0.800967)
(0.246243 -0.504461 0.731285)
(0.245559 -0.505658 0.663834)
(0.24708 -0.442872 0.729877)
(0.248039 -0.382958 0.662225)
(0.246842 -0.443726 0.663384)
(0.309801 -0.506495 0.664727)
(0.310492 -0.444811 0.663898)
(0.311243 -0.383829 0.662527)
(0.311898 -0.323085 0.661188)
(0.312495 -0.0586917 0.66001)
(0 -0.253447 0.786691)
(0 -0.253426 0.850141)
(0 -0.2 0.786667)
(0 -0.385043 0.788083)
(0 -0.2 0.85)
(0 -0.253381 0.881962)
(0 -0.384851 0.853859)
(0 -0.253442 0.818393)
(0 -0.253448 0.755009)
(0 -0.22506 0.786673)
(0 -0.313341 0.786895)
(0.06015 -0.25738 0.786857)
(0 -0.2 0.881667)
(0 -0.225051 0.850043)
(0 -0.2 0.818333)
(0 -0.313279 0.850927)
(0 -0.225026 0.881765)
(0.0625529 -0.2 0.786646)
(0 -0.225058 0.81835)
(0.0291573 -0.164165 0.881696)
(0.0291924 -0.164184 0.818345)
(0 -0.155976 0.786667)
(0 -0.155978 0.850002)
(0.0349051 -0.2 0.786783)
(0.0350047 -0.2 0.850072)
(0.0625873 -0.2 0.818389)
(0.0348636 -0.2 0.881708)
(0 -0.15598 0.881676)
(0 -0.155977 0.818334)
(0.0291919 -0.164172 0.850024)
(0.0348692 -0.2 0.818362)
(0.0291817 -0.164187 0.786688)
(0.0284765 -0.227108 0.881812)
(0.0284931 -0.227162 0.818395)
(0.0133926 -0.181452 0.897547)
(0.0133227 -0.181449 0.865861)
(0.013383 -0.181453 0.802552)
(0.0133578 -0.18145 0.834158)
(0.0132859 -0.181451 0.770801)
(0.0277425 -0.254839 0.786766)
(0 -0.2 0.8975)
(0.0277369 -0.25478 0.85028)
(0 -0.2 0.8025)
(0 -0.2 0.770833)
(0 -0.178755 0.786667)
(0.0157157 -0.2 0.786608)
(0 -0.2 0.865833)
(0 -0.2 0.834167)
(0 -0.178756 0.850001)
(0.0159458 -0.2 0.850101)
(0.0601466 -0.257329 0.818614)
(0.0601531 -0.257404 0.755128)
(0.0612343 -0.229426 0.786712)
(0.015882 -0.2 0.881728)
(0 -0.178758 0.881669)
(0 -0.178755 0.818334)
(0.0160997 -0.2 0.818061)
(0.029659 -0.182594 0.881697)
(0.0131794 -0.16286 0.881685)
(0.0291832 -0.16467 0.897521)
(0.0292117 -0.164677 0.865858)
(0.013197 -0.162861 0.818327)
(0.0292332 -0.164684 0.834181)
(0.0296916 -0.182605 0.818345)
(0.029221 -0.16468 0.802516)
(0.0292168 -0.164686 0.77086)
(0 -0.160651 0.897512)
(0 -0.160646 0.8025)
(0 -0.160646 0.770833)
(0.0131754 -0.162861 0.786669)
(0.0310307 -0.2 0.89747)
(0 -0.160648 0.865836)
(0 -0.160646 0.834167)
(0.0131883 -0.16286 0.850012)
(0.0310843 -0.2 0.802497)
(0.0296832 -0.182605 0.786733)
(0.0311307 -0.2 0.771062)
(0.0311043 -0.2 0.865867)
(0.0297329 -0.1826 0.850044)
(0.0311599 -0.2 0.834202)
(0.027708 -0.254691 0.882104)
(0.0285236 -0.227145 0.850101)
(0.016096 -0.2 0.897692)
(0.0157548 -0.2 0.865893)
(0 -0.17933 0.897504)
(0 -0.179328 0.865834)
(0 -0.179326 0.8025)
(0 -0.179327 0.834167)
(0 -0.179326 0.770833)
(0.0589141 -0.315407 0.787459)
(0.0277396 -0.25482 0.8185)
(0.0277446 -0.254848 0.755056)
(0.0132603 -0.163103 0.897522)
(0.0612416 -0.22941 0.818422)
(0.0285031 -0.227169 0.786725)
(0.0159865 -0.2 0.802747)
(0.0158471 -0.2 0.834133)
(0.0132694 -0.163105 0.80251)
(0.0155742 -0.2 0.77071)
(0.0132522 -0.163105 0.770828)
(0.0133322 -0.181161 0.881696)
(0.0295975 -0.182914 0.897507)
(0.0132572 -0.163106 0.865847)
(0.0296411 -0.182917 0.865866)
(0.0133501 -0.18116 0.850032)
(0.0132686 -0.163106 0.834168)
(0.013388 -0.18116 0.818276)
(0.0296414 -0.182921 0.802523)
(0.0132885 -0.181164 0.786662)
(0.0296758 -0.182921 0.83419)
(0.0296472 -0.182921 0.770927)
(0.0274283 -0.28373 0.882695)
(0.0268332 -0.34415 0.885544)
(0.0274697 -0.283904 0.818719)
(0.0270021 -0.344369 0.819791)
(0.0915556 -0.288032 0.819087)
(0.0274739 -0.283949 0.755128)
(0.0270219 -0.344445 0.755497)
(0.0915446 -0.288247 0.755406)
(0 -0.376685 0.88677)
(0 -0.282931 0.786746)
(0 -0.282895 0.850383)
(0 -0.377053 0.820191)
(0 -0.345409 0.787255)
(0 -0.377125 0.755579)
(0.0264179 -0.375409 0.788171)
(0.0923319 -0.259341 0.786914)
(0 -0.313192 0.883336)
(0 -0.345306 0.852004)
(0.0262695 -0.375245 0.853956)
(0 -0.313322 0.818789)
(0 -0.313349 0.755103)
(0.0272866 -0.313905 0.787133)
(0.0594091 -0.285902 0.787098)
(0.0272615 -0.31379 0.851355)
(0.0909929 -0.31773 0.787615)
(0.0589132 -0.315321 0.819516)
(0.0589258 -0.315462 0.7555)
(0.0582627 -0.34518 0.788058)
(0.0261966 -0.375089 0.887413)
(0.0265787 -0.375331 0.820554)
(0 -0.282836 0.882408)
(0.0266152 -0.375425 0.755797)
(0.0272132 -0.31366 0.883798)
(0.0274597 -0.283844 0.850655)
(0 -0.3451 0.884913)
(0 -0.282921 0.81851)
(0 -0.345328 0.819346)
(0 -0.282934 0.755034)
(0 -0.345375 0.755273)
(0.0923355 -0.25926 0.818663)
(0.0923293 -0.259383 0.755182)
(0.0269344 -0.344286 0.852514)
(0.0272833 -0.313865 0.819126)
(0.0594064 -0.285828 0.818972)
(0.0274724 -0.283934 0.786891)
(0.0582752 -0.34508 0.820357)
(0.0269947 -0.344422 0.787564)
(0.0910332 -0.317618 0.819562)
(0.0915426 -0.288158 0.78724)
(0.027292 -0.313927 0.755263)
(0.0594122 -0.285946 0.755282)
(0.0583115 -0.345203 0.755823)
(0.0910184 -0.31789 0.755637)
(0.5 -0.500739 0.939674)
(1 -0.500406 0.927263)
(0.247827 -0.500535 0.939442)
(0.752173 -0.50053 0.939445)
(1 -0.648583 0.917638)
(0.881367 -0.500218 0.938777)
(0.244194 -0.627484 0.927711)
(0.755794 -0.627484 0.927717)
(0.887982 -0.626897 0.928667)
(0.374366 -0.500696 0.939638)
(0.625634 -0.500695 0.939639)
(0.62559 -0.38195 0.794334)
(0.374419 -0.381961 0.794326)
(0.500003 -0.504081 0.801848)
(0.626368 -0.50388 0.801622)
(0.499999 -0.382124 0.794461)
(0.37364 -0.503889 0.801615)
(0.688081 -0.322622 0.725382)
(0.562648 -0.322976 0.725535)
(0.437349 -0.32298 0.725526)
(0.311945 -0.322664 0.725362)
(0.5 -0.627891 0.92761)
(0.688533 -0.381668 0.794113)
(0.625693 -0.383414 0.72813)
(0.562767 -0.382082 0.794436)
(0.437236 -0.382087 0.794431)
(0.374319 -0.383433 0.728113)
(0.311486 -0.381696 0.794094)
(0.499997 -0.383669 0.728258)
(0.37298 -0.627801 0.927604)
(0.627017 -0.627802 0.927605)
(0.688688 -0.383008 0.727908)
(0.625332 -0.322863 0.725494)
(0.562817 -0.383609 0.728233)
(0.499983 -0.323007 0.725534)
(0.437186 -0.383616 0.728226)
(0.374676 -0.322878 0.725469)
(0.311337 -0.383051 0.727881)
(0.562807 -0.4406 0.867761)
(0.437203 -0.556545 1)
(0.562797 -0.556545 1)
(0.943184 -0.557616 1)
(0.436816 -0.564564 0.869754)
(0.563187 -0.564563 0.869756)
(0.947229 -0.563526 0.862152)
(0.437196 -0.440602 0.867759)
(0.182806 -0.55643 1)
(0.817187 -0.556426 1)
(0.815867 -0.4396 0.865981)
(0.56301 -0.44442 0.731197)
(0.688732 -0.440357 0.867461)
(0.689367 -0.443684 0.730663)
(0.184146 -0.439633 0.865959)
(0.436997 -0.444426 0.731191)
(0.311275 -0.440367 0.867452)
(0.310654 -0.443719 0.730641)
(0.311048 -0.556498 1)
(0.68895 -0.556498 1)
(0.181372 -0.563948 0.867801)
(0.309893 -0.564364 0.869425)
(0.69011 -0.564356 0.86943)
(0.818628 -0.56392 0.86781)
(0.437234 -0.5007 0.939707)
(0.562767 -0.5007 0.939708)
(0.5 -0.499708 1)
(0.500002 -0.50227 0.870556)
(0.5 -0.563245 0.936869)
(1 -0.566719 0.9264)
(0.948093 -0.500092 0.937491)
(1 -0.500128 1)
(1 -0.500622 0.859598)
(0.500004 -0.506041 0.733147)
(0.183759 -0.500372 0.939223)
(0.246405 -0.563022 0.936697)
(0.248582 -0.499607 1)
(0.311305 -0.500607 0.939615)
(0.246998 -0.50179 0.86965)
(0.816239 -0.500364 0.939227)
(0.753591 -0.563017 0.9367)
(0.751416 -0.499606 1)
(0.688695 -0.500605 0.939617)
(0.753007 -0.501774 0.869659)
(0.882949 -0.613486 1)
(0.953537 -0.626355 0.930161)
(1 -0.631303 1)
(1 -0.631093 0.856784)
(0.88394 -0.562767 0.936337)
(0.879609 -0.499436 1)
(0.881832 -0.500983 0.865992)
(0.179598 -0.626093 0.930748)
(0.24472 -0.613047 1)
(0.309471 -0.626364 0.930664)
(0.244556 -0.627699 0.865061)
(0.82039 -0.626085 0.930755)
(0.755273 -0.613046 1)
(0.690525 -0.626362 0.930667)
(0.755443 -0.627684 0.865068)
(0.885374 -0.627207 0.862378)
(0.374682 -0.49969 1)
(0.373952 -0.502167 0.870422)
(0.373855 -0.563192 0.936839)
(0.625318 -0.499689 1)
(0.626052 -0.502163 0.870426)
(0.626145 -0.563191 0.93684)
(0.689799 -0.50356 0.801268)
(0.625961 -0.442414 0.799077)
(0.374047 -0.442424 0.799068)
(0.563128 -0.503996 0.801867)
(0.500002 -0.442619 0.799269)
(0.436879 -0.504 0.801863)
(0.500004 -0.566271 0.802449)
(0.626471 -0.505701 0.732884)
(0.373541 -0.505717 0.732873)
(0.310212 -0.503578 0.801257)
(0.626887 -0.566114 0.802247)
(0.373122 -0.566121 0.802242)
(0.373168 -0.61319 1)
(0.62683 -0.613191 1)
(0.372931 -0.628046 0.865626)
(0.627073 -0.628043 0.865629)
(0.5 -0.613239 1)
(0.436752 -0.626495 0.930697)
(0.563248 -0.626495 0.930698)
(0.500003 -0.628155 0.865726)
(0.562619 -0.499683 1)
(0.562972 -0.502221 0.870569)
(0.500001 -0.440629 0.867778)
(0.562939 -0.442564 0.799239)
(0.625689 -0.440522 0.867664)
(0.946083 -0.500496 0.862689)
(0.880338 -0.438855 0.863653)
(0.5 -0.556734 1)
(0.437381 -0.499683 1)
(0.437025 -0.563045 0.937199)
(0.436901 -0.602087 1)
(0.374208 -0.556706 1)
(0.562976 -0.563045 0.937199)
(0.563098 -0.602087 1)
(0.625791 -0.556706 1)
(0.941565 -0.499551 1)
(0.950164 -0.562813 0.935422)
(1 -0.563128 1)
(0.942428 -0.604735 1)
(0.882283 -0.556622 1)
(0.500002 -0.564699 0.869566)
(0.437032 -0.502223 0.870567)
(0.436654 -0.566001 0.802846)
(0.436601 -0.627683 0.866636)
(0.373467 -0.564601 0.86944)
(0.563354 -0.565998 0.802848)
(0.563404 -0.627681 0.866637)
(0.626537 -0.564597 0.869444)
(1 -0.566213 0.859059)
(0.948734 -0.626898 0.860336)
(0.883508 -0.563775 0.865139)
(0.437066 -0.442569 0.799235)
(0.374316 -0.440527 0.867659)
(0.184778 -0.499512 1)
(0.180612 -0.601993 1)
(0.247098 -0.556621 1)
(0.18184 -0.562748 0.936854)
(0.819377 -0.601988 1)
(0.815219 -0.499509 1)
(0.752898 -0.556619 1)
(0.818155 -0.562738 0.936858)
(0.688171 -0.499639 1)
(0.75207 -0.440078 0.866993)
(0.817134 -0.501409 0.868551)
(0.311828 -0.49964 1)
(0.626107 -0.44418 0.731022)
(0.500002 -0.444502 0.731234)
(0.563172 -0.50593 0.733137)
(0.689152 -0.442099 0.79874)
(0.689341 -0.501991 0.870226)
(0.689916 -0.505178 0.732437)
(0.24794 -0.440098 0.866978)
(0.182871 -0.501435 0.868539)
(0.373905 -0.444197 0.731009)
(0.436837 -0.505936 0.733132)
(0.310863 -0.442121 0.798724)
(0.310663 -0.502 0.87022)
(0.310102 -0.505208 0.73242)
(0.309856 -0.602032 1)
(0.31048 -0.562945 0.937122)
(0.690141 -0.602032 1)
(0.689519 -0.562942 0.937123)
(0.179953 -0.627072 0.865058)
(0.245812 -0.564281 0.868711)
(0.309149 -0.627474 0.866361)
(0.309453 -0.56569 0.802282)
(0.690555 -0.565676 0.80229)
(0.690853 -0.627466 0.866366)
(0.754189 -0.564266 0.868718)
(0.820045 -0.627042 0.865067)
(0 -0.50043 0.927259)
(0 -0.500887 0.660617)
(0 -0.648641 0.917567)
(0 -0.500795 0.791242)
(0.118058 -0.502378 0.662108)
(0 -0.648921 0.660478)
(0.247995 -0.38328 0.597611)
(0 -0.648532 0.789726)
(0.311873 -0.323305 0.597198)
(0.312492 -0.0585474 0.596673)
(0.311201 -0.384242 0.597756)
(0.0568012 -0.557627 1)
(0.0527713 -0.563588 0.862145)
(0.183073 -0.442295 0.597754)
(0.0540948 -0.564359 0.59696)
(0.0540226 -0.564188 0.726184)
(0.310442 -0.445382 0.598271)
(0 -0.566767 0.92638)
(0.0519054 -0.500118 0.937487)
(0 -0.500128 1)
(0 -0.500653 0.8596)
(0 -0.500862 0.596824)
(0 -0.50082 0.72515)
(0.0547943 -0.501115 0.661171)
(0 -0.566806 0.660619)
(0.0464577 -0.626391 0.930135)
(0 -0.631303 1)
(0 -0.631192 0.856771)
(0.245882 -0.505893 0.598182)
(0.182134 -0.503877 0.663186)
(0.0546165 -0.500845 0.792872)
(0 -0.566662 0.791147)
(0.118068 -0.502484 0.597416)
(0.118088 -0.50208 0.727839)
(0.11658 -0.565388 0.66182)
(0.0522145 -0.62792 0.792066)
(0 -0.631763 0.596681)
(0 -0.631627 0.725023)
(0.0528117 -0.628425 0.661018)
(0.0584275 -0.499557 1)
(0 -0.566278 0.859058)
(0 -0.563128 1)
(0.0498332 -0.562856 0.935412)
(0.0575449 -0.604752 1)
(0.3098 -0.507123 0.598517)
(0.0539182 -0.500532 0.862685)
(0.0537414 -0.564103 0.792817)
(0.0512667 -0.626979 0.860322)
(0.119275 -0.440266 0.59736)
(0.0548068 -0.501136 0.597037)
(0.18214 -0.504141 0.597899)
(0.246821 -0.444131 0.59804)
(0.0547709 -0.50099 0.726166)
(0.182284 -0.503292 0.729729)
(0 -0.566507 0.596783)
(0 -0.566442 0.725188)
(0.0532268 -0.627992 0.596834)
(0.116686 -0.565288 0.597179)
(0.0540332 -0.564438 0.661148)
(0.0530908 -0.627755 0.725954)
(0.11665 -0.564932 0.727518)
(0.312626 0 0.596676)
(0.312619 0 0.659884)
(0.239827 -0.762718 0.659207)
(0 -1 0.406667)
(0.500096 -1 0.396958)
(1 -1 0.406667)
(0 -0.500874 0.406144)
(0 -1 0.896748)
(0.500029 -1 0.900633)
(1 -1 0.896748)
(0.243591 -0.759347 0.116765)
(0 -1 0.169919)
(0.500051 -1 0.130386)
(1 -1 0.169919)
(0 -0.50026 0.139983)
(0.240777 -1 0.398791)
(0 -0.761941 0.402565)
(0 -1 0.66)
(0.759538 -1 0.398756)
(0.500091 -1 0.658362)
(1 -1 0.66)
(0.245561 -0.506102 0.401841)
(0.245159 -1 0.900118)
(0.754911 -1 0.899927)
(0.246067 -1 0.133721)
(0.754192 -1 0.133632)
(0 -0.755983 0.138305)
(0.247895 -0.501656 0.1271)
(0.240171 -0.762598 0.396703)
(0.759722 -1 0.658632)
(0.127775 -0.874007 0)
(0.62609 -0.880375 0)
(0.122382 -0.878868 1)
(0.373974 -0.880421 0)
(0.872738 -0.873441 0)
(0.89464 -0.89509 0.265758)
(0.877606 -0.878875 1)
(0 -1 0)
(0.5 -1 0)
(1 -1 0)
(0 -0.500414 0)
(1 -1 0.281699)
(0.882574 -1 0.401802)
(1 -0.883137 0.403582)
(0.124095 -1 0.898707)
(0 -0.876519 0.899204)
(0 -1 1)
(0.627413 -1 0.9005)
(0.5 -1 1)
(0.875675 -1 0.898082)
(1 -0.876433 0.900003)
(1 -1 1)
(0.243205 -0.894584 0.115147)
(0.109114 -0.757645 0.119428)
(0.246749 -0.7583 0)
(0.757016 -0.894455 0.115124)
(0.251677 -1 0)
(0 -0.750499 0)
(0.125899 -1 0.142881)
(0 -0.874738 0.14521)
(0.748323 -1 0)
(0.372957 -1 0.130991)
(0.627178 -1 0.130978)
(0.500053 -0.894829 0.113292)
(0.874622 -1 0.14268)
(1 -0.873812 0.145373)
(0.249406 -0.500199 0)
(0 -0.645969 0.138207)
(0.118813 -0.500788 0.131945)
(0.757884 -1 0.264376)
(0.761213 -0.892048 0.397156)
(0.240664 -0.896916 0.908277)
(0.251677 -1 1)
(0.759232 -0.896907 0.908218)
(0.748323 -1 1)
(0.141367 -1 0)
(0.375 -1 0)
(0 -0.85883 0)
(0.247964 -0.878854 0)
(0.12351 -0.755591 0)
(0.106984 -0.894446 0.119343)
(0.625 -1 0)
(0.50002 -0.880764 0)
(0.752205 -0.878686 0)
(0.62747 -0.894692 0.113683)
(1 -0.85883 0)
(1 -0.880672 0.272748)
(0.121869 -0.500124 0)
(0.240589 -1 0.658688)
(0.104154 -0.895927 0.911576)
(0.895258 -0.895611 0.400779)
(0.895689 -0.895946 0.911626)
(0.141367 -1 1)
(0 -0.859627 1)
(0.243748 -0.885421 1)
(0.625 -1 1)
(0.756268 -0.885477 1)
(1 -0.859627 1)
(0.858633 -1 0)
(0.88096 -1 0.270273)
(0 -0.644626 0)
(0.372665 -0.894731 0.113689)
(0.893334 -0.893992 0.119335)
(0.760015 -0.892605 0.260049)
(0.858633 -1 1)
(0.104684 -0.895937 0.530988)
(0.628011 -0.887457 1)
(0.122532 -0.646032 0)
(0.105507 -0.895398 0.2658)
(0.372003 -0.887425 1)
(0.104815 -0.895852 0.786268)
(0 -1 0.281699)
(0.117259 -1 0.401762)
(0 -0.882984 0.403369)
(0 -1 0.533333)
(0 -0.500724 0.276809)
(0.118077 -0.502456 0.404448)
(0 -1 0.784967)
(0.372657 -1 0.900543)
(0.500002 -0.897611 0.907421)
(0.245977 -0.628748 0.121428)
(0.241194 -0.761636 0.258853)
(0.242386 -1 0.264448)
(0.238859 -0.892059 0.397194)
(0.240349 -1 0.53003)
(0 -0.76032 0.269978)
(0.110235 -0.761678 0.400346)
(0 -0.883163 0.659707)
(0.117121 -1 0.659264)
(0.246206 -0.504712 0.267262)
(0.248013 -0.383246 0.404606)
(0.241884 -1 0.784733)
(0.239858 -0.762892 0.529299)
(0.238595 -0.892186 0.65826)
(0.104869 -0.895765 0.400717)
(0 -0.88376 0.532211)
(0.117292 -1 0.531352)
(0.238593 -0.892052 0.529172)
(0.104687 -0.895901 0.659197)
(0.500006 -0.887909 1)
(0.62856 -0.897428 0.907482)
(0 -0.88124 0.272657)
(0.248172 -0.647059 0)
(0.114978 -0.627484 0.125497)
(0.240145 -0.892652 0.260095)
(0.110072 -0.760399 0.264601)
(0.119259 -1 0.270495)
(0.11819 -0.501932 0.272639)
(0.248244 -0.382277 0.274237)
(0 -0.881857 0.785222)
(0.371425 -0.897411 0.907508)
(0.375 -1 1)
(0.118775 -1 0.784577)
(0.239297 -0.893172 0.785227)
(1 -1 0.533333)
(1 -1 0.784967)
(0.89556 -0.895876 0.530972)
(0.895233 -0.895598 0.786237)
(0.760067 -1 0.530002)
(0.882766 -1 0.659084)
(1 -0.883255 0.659599)
(0.758337 -1 0.784658)
(0.761471 -0.89218 0.658223)
(0.761679 -0.892051 0.529161)
(1 -0.883677 0.532245)
(0.883252 -1 0.531323)
(0.881412 -1 0.784473)
(0.895443 -0.895749 0.659104)
(0.760823 -0.893176 0.785179)
(1 -0.881157 0.785315)
(0.630141 -0.890875 0.528176)
(0.371094 -0.891896 0.257562)
(0.115083 -0.629412 0.268433)
(0.629073 -0.89188 0.257543)
(0.370065 -0.890875 0.528188)
(0.370611 -0.892455 0.784842)
(0.629506 -0.892452 0.784819)
(0.500081 -1 0.261307)
(0.370719 -1 0.397361)
(0.629517 -1 0.397337)
(0.500089 -0.890812 0.394845)
(0.500102 -1 0.529179)
(0 -0.648818 0.404714)
(0.500068 -1 0.784803)
(0.629605 -1 0.65842)
(0.370622 -1 0.658436)
(0.500082 -0.89093 0.657617)
(0.242835 -0.632765 0.398592)
(0.184698 -0.380794 0.275192)
(0.248096 -0.382894 0.339778)
(0.247986 -0.383403 0.46904)
(0.629867 -0.890965 0.395353)
(0.62977 -1 0.529357)
(0.500095 -0.890699 0.527886)
(0.630013 -0.891088 0.657751)
(0.628735 -1 0.261926)
(0 -0.648109 0.273492)
(0.500077 -0.891809 0.256879)
(0.371463 -1 0.261952)
(0.370302 -0.890969 0.395375)
(0.243813 -0.631356 0.261803)
(0.115104 -0.630272 0.402415)
(0.628926 -1 0.784772)
(0.370489 -1 0.529371)
(0.371243 -1 0.7848)
(0.370144 -0.891088 0.657767)
(0.500059 -0.892382 0.784751)
(0.311873 -0.32339 0.46949)
(0.311229 -0.384227 0.404296)
(0.311888 -0.323289 0.405563)
(0.311196 -0.384413 0.468878)
(0.0540839 -0.564125 0.340046)
(0.0541014 -0.564346 0.469212)
(0.051043 -0.562534 0.0579683)
(0.184035 -0.562984 0.0564431)
(0.183208 -0.441942 0.33885)
(0.183854 -0.440577 0.203981)
(0.183069 -0.442395 0.468834)
(0.311626 -0.563325 0.0560672)
(0.0537592 -0.563489 0.205092)
(0.310627 -0.44478 0.336886)
(0.311203 -0.442069 0.200918)
(0.311922 -0.323071 0.341485)
(0.310437 -0.445628 0.468157)
(0 -0.500788 0.34202)
(0.0548062 -0.501117 0.405505)
(0 -0.500859 0.469812)
(0 -0.566761 0.405665)
(0 -0.499926 0.0715741)
(0 -0.565509 0.137396)
(0.0541141 -0.500219 0.13613)
(0 -0.500521 0.209663)
(0.182144 -0.504128 0.403412)
(0.246162 -0.505345 0.335964)
(0.246821 -0.444129 0.403304)
(0.245881 -0.506091 0.467822)
(0.309787 -0.50717 0.401579)
(0.248767 -0.500346 0.0583364)
(0.183828 -0.501245 0.128596)
(0.247288 -0.564267 0.122515)
(0.311356 -0.501894 0.126416)
(0.247226 -0.503159 0.198359)
(0.059924 -0.500224 0)
(0 -0.565176 0)
(0.185948 -0.500116 0)
(0.248862 -0.565567 0)
(0.312314 -0.500242 0)
(0 -0.628026 0.0706043)
(0.0500788 -0.626271 0.130224)
(0 -0.630429 0.205991)
(0.119876 -0.500051 0.0592807)
(0.117376 -0.563606 0.128687)
(0.118369 -0.501417 0.203945)
(0.120935 -0.565179 0)
(0.0608513 -0.629148 0)
(0.184582 -0.629882 0)
(0.116642 -0.626227 0.0536806)
(0.119411 -0.439767 0.274459)
(0.0547895 -0.500845 0.275141)
(0 -0.56646 0.275333)
(0.119289 -0.44023 0.405051)
(0.118132 -0.502223 0.339241)
(0.118075 -0.502519 0.468971)
(0.116622 -0.565398 0.403875)
(0.247407 -0.626908 0.0545617)
(0.181862 -0.627095 0.121845)
(0.310562 -0.62778 0.120256)
(0.182522 -0.503228 0.270363)
(0.247238 -0.442859 0.270554)
(0.310335 -0.505333 0.266463)
(0.311646 -0.630474 0)
(0.115387 -0.627481 0.200076)
(0.116628 -0.564817 0.271232)
(0.311438 -0.383044 0.273661)
(0.0525919 -0.627732 0.27196)
(0.115651 -0.628595 0.337308)
(0.115657 -0.629026 0.468122)
(0 -0.631461 0.340173)
(0.0528462 -0.628356 0.404233)
(0 -0.63173 0.469222)
(0.0548103 -0.501138 0.4695)
(0.119275 -0.440307 0.469279)
(0 -0.566348 0.34123)
(0.059733 -0.565011 0)
(0.0548133 -0.500991 0.340931)
(0.0540538 -0.564404 0.404956)
(0.0539673 -0.563996 0.273608)
(0.0531905 -0.627641 0.339127)
(0.116712 -0.564963 0.33847)
(0.311054 -0.564303 0.121841)
(0.310066 -0.50643 0.334988)
(0.310876 -0.503662 0.197227)
(0.119331 -0.44005 0.340283)
(0 -0.566491 0.46959)
(0.0525623 -0.499872 0.0608406)
(0.184947 -0.50018 0.0586924)
(0.0532371 -0.627965 0.468859)
(0.116702 -0.565291 0.468657)
(0.309797 -0.507413 0.467541)
(0 -0.564661 0.0698383)
(0.183006 -0.62624 0.0547854)
(0.185188 -0.56515 0)
(0.0483615 -0.625416 0.0549743)
(0.118508 -0.562856 0.0568051)
(0.0528388 -0.563058 0.133028)
(0.248181 -0.56327 0.056178)
(0.182971 -0.563772 0.12393)
(0.311932 -0.500446 0.0581623)
(0.119593 -0.439316 0.206871)
(0.0546861 -0.500555 0.207311)
(0.183402 -0.441426 0.272356)
(0.183099 -0.442259 0.404145)
(0.18232 -0.503753 0.337688)
(0.247013 -0.443641 0.337642)
(0.183069 -0.502338 0.200901)
(0.247781 -0.44151 0.201888)
(0.182143 -0.504252 0.468472)
(0.246813 -0.444304 0.468413)
(0 -0.565808 0.207639)
(0.311255 -0.626721 0.0548491)
(0.312055 -0.565447 0)
(0.052436 -0.626721 0.203202)
(0.116762 -0.564111 0.202055)
(0.310833 -0.443735 0.269592)
(0.311308 -0.383806 0.339322)
(0.310478 -0.445379 0.402837)
(0.0264267 -0.375503 0.533336)
(0 -0.385104 0.533336)
(0.0266168 -0.375474 0.501653)
(0 -0.377148 0.501664)
(0.0270228 -0.34448 0.501659)
(0 -0.345386 0.501666)
(0.0272912 -0.313954 0.501663)
(0 -0.313353 0.501667)
(0.0274716 -0.283968 0.501665)
(0 -0.282935 0.501667)
(0.0277384 -0.254859 0.50167)
(0 -0.253448 0.501667)
(0.0284928 -0.227172 0.501685)
(0 -0.225061 0.501667)
(0.0348871 -0.2 0.501737)
(0.0159266 -0.2 0.501668)
(0 -0.2 0.501667)
(0.0133487 -0.181165 0.501669)
(0 -0.178755 0.501667)
(0.0131876 -0.162864 0.501667)
(0 -0.155977 0.501667)
(0.0291783 -0.1642 0.501673)
(0.0281771 -0.128598 0.501668)
(0 -0.126447 0.501666)
(0.0281769 -0.12862 0.470001)
(0 -0.126449 0.469999)
(0.0278544 -0.0947619 0.47)
(0 -0.0942882 0.469998)
(0.0930656 -0.0264407 0.470021)
(0.0933423 0 0.47006)
(0.124688 -0.0273494 0.470001)
(0.124993 0 0.470002)
(0.156125 -0.0275743 0.469996)
(0.157631 0 0.469993)
(0.187456 -0.0271539 0.469995)
(0.197479 0 0.469994)
(0.187376 -0.0608134 0.469997)
(0.250025 -0.167889 0.469994)
(0.259174 -0.2 0.469561)
(0.249973 -0.231104 0.469972)
(0.0583127 -0.345285 0.501644)
(0.0589195 -0.315545 0.501652)
(0.0594035 -0.286012 0.50166)
(0.0601399 -0.257442 0.501665)
(0.0612178 -0.229445 0.501659)
(0.0625257 -0.2 0.501612)
(0.0614546 -0.166512 0.501657)
(0.0296754 -0.182602 0.501699)
(0.061445 -0.166526 0.469996)
(0.0291775 -0.164207 0.470004)
(0.0292144 -0.164692 0.485837)
(0.060562 -0.130795 0.470002)
(0.0601868 -0.09548 0.470005)
(0.060515 -0.0605406 0.470015)
(0.0926682 -0.0605469 0.470011)
(0.124448 -0.0610061 0.470003)
(0.155984 -0.0611718 0.469998)
(0.155917 -0.0971315 0.469999)
(0.187314 -0.0972303 0.469997)
(0.187379 -0.13397 0.469994)
(0.218702 -0.135097 0.469999)
(0.218739 -0.168059 0.469999)
(0.219964 -0.2 0.469942)
(0.21869 -0.231099 0.469985)
(0.218536 -0.262004 0.469949)
(0.187091 -0.261581 0.469942)
(0.186578 -0.291669 0.469864)
(0.154662 -0.321365 0.469824)
(0.122626 -0.319534 0.469838)
(0.0909615 -0.318003 0.469928)
(0.0589103 -0.315542 0.469964)
(0.058273 -0.345317 0.469941)
(0.0594009 -0.286008 0.469979)
(0.0601372 -0.25744 0.469991)
(0.0612082 -0.229443 0.469995)
(0.0625075 -0.2 0.469985)
(0.0934899 -0.2 0.470008)
(0.0932171 -0.167323 0.470008)
(0.0927453 -0.132446 0.470007)
(0.0924481 -0.0961985 0.470006)
(0.124339 -0.096812 0.470003)
(0.124497 -0.133148 0.470006)
(0.156004 -0.133537 0.47)
(0.156147 -0.167767 0.470004)
(0.187458 -0.167894 0.469986)
(0.187651 -0.2 0.469931)
(0.187388 -0.231009 0.469974)
(0.15606 -0.230894 0.469993)
(0.155658 -0.261194 0.469956)
(0.155131 -0.291182 0.469898)
(0.123421 -0.290079 0.469923)
(0.091518 -0.288365 0.469957)
(0.0923163 -0.259457 0.469984)
(0.0930796 -0.230307 0.470003)
(0.124661 -0.230697 0.47)
(0.124941 -0.2 0.469993)
(0.124766 -0.167622 0.470008)
(0.156253 -0.2 0.469987)
(0.124099 -0.26056 0.469972)
(0.122877 -0.319947 0.438135)
(0.123452 -0.290118 0.438216)
(0.12262 -0.319479 0.406289)
(0.122855 -0.319847 0.374596)
(0.12337 -0.28989 0.342993)
(0.123435 -0.290048 0.37476)
(0.123265 -0.28958 0.311246)
(0.124703 -0.0276062 0.438333)
(0.124108 -0.260559 0.438286)
(0.12468 -0.230696 0.438337)
(0.123418 -0.290041 0.406482)
(0.124105 -0.26054 0.40659)
(0.1241 -0.26053 0.374894)
(0.124095 -0.260511 0.343191)
(0.124097 -0.2605 0.311488)
(0.12501 0 0.311663)
(0.124715 -0.0278136 0.311661)
(0.12501 0 0.343328)
(0.125011 0 0.374994)
(0.124712 -0.0277687 0.406663)
(0.124715 -0.0278016 0.374995)
(0.124457 -0.0612035 0.438335)
(0.124462 -0.0612818 0.406665)
(0.124343 -0.0969426 0.438336)
(0.124996 -0.2 0.438337)
(0.124786 -0.167643 0.438351)
(0.124682 -0.230692 0.406651)
(0.125002 -0.2 0.406621)
(0.124666 -0.230688 0.374976)
(0.124673 -0.230689 0.343302)
(0.124674 -0.23069 0.31163)
(0.124451 -0.0611418 0.311658)
(0.124715 -0.0278075 0.343328)
(0.124452 -0.0611469 0.343328)
(0.124455 -0.061163 0.374997)
(0.124334 -0.0970416 0.406667)
(0.124259 -0.0970736 0.374998)
(0.124505 -0.133227 0.43834)
(0.124506 -0.133358 0.406669)
(0.124788 -0.167682 0.406671)
(0.124982 -0.2 0.374974)
(0.124771 -0.167742 0.375003)
(0.125027 -0.2 0.343339)
(0.125013 -0.2 0.311723)
(0.124775 -0.167782 0.311673)
(0.124238 -0.0971243 0.311656)
(0.124241 -0.0971003 0.343329)
(0.124492 -0.133605 0.375)
(0.124487 -0.133673 0.343332)
(0.124776 -0.167765 0.343337)
(0.124485 -0.133732 0.311661)
(0 -0.253448 0.406667)
(0 -0.126455 0.406666)
(0 -0.253448 0.279995)
(0 -0.126458 0.28)
(0.0605063 -0.0617186 0.343331)
(0.0625546 -0.2 0.34333)
(0 -0.385102 0.406608)
(0 -0.2 0.406667)
(0 -0.253448 0.343333)
(0.060144 -0.257431 0.406644)
(0 -0.253448 0.47)
(0.0605675 -0.131001 0.279993)
(0.0605702 -0.130926 0.406672)
(0 -0.126457 0.343333)
(0 -0.2 0.28)
(0.0601346 -0.25739 0.279873)
(0 -0.385075 0.279388)
(0.0601395 -0.257416 0.343275)
(0.0605072 -0.0614993 0.40667)
(0.0605068 -0.0617467 0.279992)
(0.0605674 -0.130992 0.343332)
(0.0625558 -0.2 0.406688)
(0 -0.2 0.47)
(0 -0.2 0.343333)
(0.0625764 -0.2 0.280049)
(0 -0.313353 0.406664)
(0 -0.225061 0.406667)
(0 -0.253448 0.375)
(0 -0.253448 0.438333)
(0 -0.253448 0.311665)
(0 -0.225061 0.279999)
(0 -0.313352 0.279938)
(0 -0.385102 0.469984)
(0 -0.385094 0.343138)
(0 -0.2 0.438333)
(0 -0.2 0.375)
(0 -0.225061 0.343333)
(0 -0.225061 0.47)
(0 -0.2 0.311667)
(0 -0.313353 0.469999)
(0 -0.225061 0.375)
(0 -0.225061 0.438333)
(0 -0.313353 0.343319)
(0 -0.225061 0.311666)
(0 -0.253448 0.248322)
(0.0277317 -0.254847 0.27995)
(0.0347716 -0.2 0.279965)
(0.060134 -0.257377 0.248131)
(0.0612267 -0.229422 0.279979)
(0.0588944 -0.315431 0.279533)
(0.0277301 -0.254841 0.248247)
(0.0284632 -0.227171 0.279973)
(0.0291746 -0.164228 0.374996)
(0.0291729 -0.164235 0.311651)
(0.0291783 -0.164215 0.438339)
(0.09325 -0.167341 0.43835)
(0 -0.155979 0.406667)
(0.0281777 -0.128671 0.40667)
(0 -0.126453 0.438333)
(0 -0.126457 0.375)
(0.0927606 -0.132608 0.406672)
(0.0281756 -0.128696 0.279995)
(0 -0.126458 0.311667)
(0 -0.155979 0.28)
(0.0605065 -0.0616645 0.374999)
(0.0605064 -0.0617369 0.311662)
(0.0614674 -0.166575 0.343331)
(0.0625522 -0.2 0.37503)
(0.0349356 -0.2 0.343361)
(0.0625436 -0.2 0.311621)
(0.034886 -0.2 0.40676)
(0.0605658 -0.130998 0.31166)
(0.0614737 -0.166576 0.28001)
(0.0605684 -0.13097 0.375003)
(0.0614708 -0.166556 0.40668)
(0.0605662 -0.130862 0.438337)
(0 -0.155977 0.47)
(0.0281776 -0.128693 0.343333)
(0 -0.155979 0.343333)
(0.0936459 -0.2 0.406688)
(0.0625414 -0.2 0.438329)
(0.0348663 -0.2 0.470047)
(0.0281776 -0.128647 0.438335)
(0.0927548 -0.132523 0.438341)
(0.0348446 -0.2 0.374901)
(0.0281775 -0.128685 0.375)
(0.0281766 -0.128696 0.311663)
(0.0348805 -0.2 0.438317)
(0 -0.155979 0.375)
(0 -0.155979 0.311667)
(0.0614651 -0.166577 0.311651)
(0.0614672 -0.166568 0.375011)
(0.0291771 -0.164234 0.343335)
(0.0291751 -0.164226 0.406684)
(0.0348535 -0.2 0.311657)
(0.0932723 -0.167363 0.406679)
(0.0291679 -0.164232 0.279989)
(0 -0.155978 0.438333)
(0.0614611 -0.16654 0.438337)
(0.0935865 -0.2 0.438363)
(0.0284871 -0.227176 0.374975)
(0.0589001 -0.315488 0.343126)
(0.0284953 -0.227174 0.438333)
(0.028482 -0.227173 0.311653)
(0.0132362 -0.181449 0.390809)
(0.0133295 -0.181454 0.359201)
(0.0134604 -0.181449 0.295803)
(0.013245 -0.181449 0.327517)
(0.0132819 -0.181452 0.264159)
(0.0133612 -0.181452 0.422513)
(0.0133375 -0.18145 0.45414)
(0.0134338 -0.181453 0.485811)
(0.0277392 -0.254857 0.406663)
(0.0612315 -0.229437 0.343317)
(0 -0.2 0.4225)
(0 -0.2 0.390833)
(0 -0.178755 0.406667)
(0.0157302 -0.2 0.406781)
(0.0277395 -0.254854 0.343315)
(0.0601414 -0.257423 0.374962)
(0.0612341 -0.229437 0.406673)
(0.060143 -0.257439 0.438318)
(0.0277383 -0.254858 0.47)
(0 -0.2 0.295833)
(0 -0.2 0.264167)
(0.0157465 -0.2 0.280244)
(0 -0.178755 0.28)
(0.0601373 -0.257408 0.311579)
(0.060509 -0.0611041 0.438343)
(0 -0.2 0.454167)
(0 -0.2 0.485833)
(0 -0.178755 0.47)
(0.0159387 -0.2 0.469917)
(0 -0.2 0.359167)
(0 -0.2 0.3275)
(0.0159316 -0.2 0.343373)
(0 -0.178755 0.343333)
(0.0158635 -0.2 0.438352)
(0 -0.178755 0.438333)
(0.016144 -0.2 0.3747)
(0 -0.178755 0.375)
(0 -0.178755 0.311667)
(0.0157271 -0.2 0.311515)
(0.0310576 -0.2 0.263963)
(0.0311505 -0.2 0.295826)
(0.0296247 -0.182607 0.279972)
(0.0296605 -0.182606 0.374966)
(0.0131849 -0.162869 0.374987)
(0.0292043 -0.164704 0.359183)
(0.0291992 -0.164703 0.390841)
(0.0131747 -0.16287 0.311656)
(0.0291944 -0.16471 0.327479)
(0.0296574 -0.182613 0.311639)
(0.0292222 -0.164706 0.29582)
(0.0291899 -0.164713 0.26413)
(0.0296743 -0.182606 0.438338)
(0.0292137 -0.164706 0.422515)
(0.0131816 -0.162867 0.438335)
(0.0292146 -0.1647 0.454172)
(0 -0.160647 0.390833)
(0.0131701 -0.162868 0.406674)
(0 -0.160647 0.4225)
(0 -0.160647 0.295833)
(0.0131764 -0.16287 0.280005)
(0 -0.160647 0.264167)
(0.0310511 -0.2 0.359306)
(0.0296851 -0.182612 0.343344)
(0.0310372 -0.2 0.327328)
(0.031103 -0.2 0.390896)
(0.0310932 -0.2 0.422553)
(0.029667 -0.182608 0.406718)
(0 -0.160647 0.454167)
(0 -0.160646 0.485833)
(0.0131892 -0.162865 0.469995)
(0 -0.160647 0.359167)
(0 -0.160647 0.3275)
(0.0131778 -0.16287 0.343338)
(0.031115 -0.2 0.454219)
(0.0296711 -0.182605 0.47002)
(0.0310262 -0.2 0.485848)
(0.0277382 -0.254856 0.374986)
(0.028493 -0.227176 0.406688)
(0.0285037 -0.227175 0.343332)
(0.06123 -0.22943 0.374997)
(0.0154265 -0.2 0.390741)
(0.0157844 -0.2 0.359312)
(0.0277356 -0.254851 0.311636)
(0.0589091 -0.315529 0.406573)
(0.0277395 -0.254858 0.43833)
(0.0612248 -0.22944 0.438331)
(0.0284909 -0.227171 0.470014)
(0.0159618 -0.2 0.422518)
(0.0158187 -0.2 0.454051)
(0 -0.179326 0.390833)
(0 -0.179326 0.359167)
(0 -0.179326 0.295833)
(0 -0.179326 0.3275)
(0.0132387 -0.163111 0.390829)
(0.0612258 -0.229436 0.311631)
(0.0163972 -0.2 0.295706)
(0.015488 -0.2 0.327615)
(0.0132797 -0.163111 0.295826)
(0.0132464 -0.163113 0.264161)
(0 -0.179326 0.4225)
(0 -0.179326 0.454167)
(0 -0.179326 0.485833)
(0 -0.179326 0.264167)
(0.0132614 -0.163111 0.422505)
(0.0162099 -0.2 0.485753)
(0.015615 -0.2 0.264146)
(0.0296133 -0.182925 0.359223)
(0.0296141 -0.182924 0.390857)
(0.0133714 -0.18116 0.374929)
(0.0132849 -0.181164 0.406696)
(0.0132566 -0.163111 0.359173)
(0.0133297 -0.181166 0.34335)
(0.0295925 -0.182927 0.327432)
(0.0132392 -0.163112 0.327499)
(0.0132936 -0.18116 0.311627)
(0.0296632 -0.182925 0.295815)
(0.0132988 -0.18116 0.28005)
(0.0295864 -0.182927 0.264067)
(0.0296348 -0.182925 0.422533)
(0.0133254 -0.18116 0.438337)
(0.0132606 -0.16311 0.454162)
(0.0296401 -0.182923 0.454187)
(0.0133528 -0.18116 0.469976)
(0.0132781 -0.163108 0.485829)
(0.0296221 -0.182921 0.485844)
(0.0274709 -0.283962 0.374974)
(0.0924293 -0.0967358 0.311659)
(0.0278564 -0.0949337 0.375)
(0.0931265 -0.0279541 0.374996)
(0.0924365 -0.0966706 0.374999)
(0.027856 -0.0949527 0.311665)
(0.0931281 -0.0280062 0.311662)
(0.0932524 -0.167407 0.311673)
(0.0931129 -0.230305 0.374977)
(0.0932466 -0.167387 0.374996)
(0.0931159 -0.230298 0.31164)
(0.0274719 -0.283967 0.438324)
(0.0931147 -0.23031 0.43834)
(0.0274677 -0.283937 0.24816)
(0.0914823 -0.28808 0.247711)
(0.0270209 -0.344431 0.247705)
(0.0278553 -0.0948421 0.438333)
(0.0931003 -0.02723 0.438347)
(0.092452 -0.0964099 0.438339)
(0.0274684 -0.283952 0.311604)
(0.0915184 -0.288328 0.374847)
(0.0914705 -0.288172 0.311367)
(0.0270224 -0.344473 0.374916)
(0.0270217 -0.34446 0.311441)
(0.0915284 -0.288373 0.438263)
(0.0270228 -0.344478 0.438302)
(0 -0.282935 0.406666)
(0.0927511 -0.132751 0.279987)
(0 -0.0943074 0.406666)
(0 -0.282935 0.279982)
(0.0923323 -0.259449 0.40662)
(0 -0.094313 0.28)
(0.0923171 -0.25937 0.279798)
(0.0934646 0 0.279998)
(0.0601835 -0.0959513 0.343331)
(0.0926884 -0.0614674 0.343329)
(0.0935774 -0.2 0.343327)
(0 -0.345435 0.406653)
(0 -0.377148 0.438317)
(0 -0.377146 0.374938)
(0.0264269 -0.375497 0.406558)
(0 -0.282935 0.34333)
(0.0594014 -0.285997 0.406611)
(0 -0.282935 0.47)
(0.0927477 -0.132733 0.343331)
(0.0601835 -0.0959726 0.279989)
(0.0936149 -0.2 0.280009)
(0.0926891 -0.0615085 0.279986)
(0.0601874 -0.0958314 0.406669)
(0 -0.0943125 0.343333)
(0.0926901 -0.0613051 0.406669)
(0.093464 0 0.343328)
(0.0593852 -0.285915 0.279729)
(0.0923189 -0.259419 0.343232)
(0 -0.345428 0.2798)
(0 -0.377139 0.311447)
(0 -0.377116 0.247614)
(0.0264279 -0.375453 0.279273)
(0.0593931 -0.285965 0.343211)
(0 -0.313353 0.438332)
(0 -0.313353 0.374994)
(0.0272876 -0.313951 0.406636)
(0 -0.313353 0.311639)
(0 -0.313349 0.248211)
(0.0272845 -0.313926 0.279794)
(0 -0.345435 0.469997)
(0.0264268 -0.375502 0.469962)
(0 -0.345434 0.34328)
(0.0264273 -0.375483 0.343054)
(0.0272879 -0.313954 0.469989)
(0.0272859 -0.313941 0.343257)
(0.058905 -0.315397 0.247647)
(0.0909074 -0.317708 0.27928)
(0.0582698 -0.345228 0.279224)
(0.0589018 -0.315456 0.311367)
(0.0909574 -0.317972 0.406492)
(0.0909267 -0.317858 0.342983)
(0.0582706 -0.345277 0.342991)
(0.0589148 -0.315515 0.374865)
(0.0589192 -0.315539 0.438275)
(0.0582725 -0.345305 0.406515)
(0.0266169 -0.375472 0.438279)
(0.0266171 -0.375465 0.374856)
(0.0266173 -0.375447 0.311287)
(0 -0.282935 0.374999)
(0.0266164 -0.375407 0.247319)
(0.0274711 -0.283965 0.406651)
(0.0274696 -0.283958 0.343294)
(0.0594003 -0.285986 0.374918)
(0.0272902 -0.313947 0.374953)
(0.0924305 -0.0967139 0.34333)
(0.0601829 -0.0959662 0.311661)
(0.0926882 -0.0614855 0.31166)
(0.0924314 -0.0967468 0.279981)
(0.092748 -0.132754 0.311663)
(0.0601849 -0.0959146 0.375)
(0.0278563 -0.0949474 0.343333)
(0 -0.0943111 0.375)
(0.0278564 -0.0949021 0.406667)
(0.0926894 -0.0614245 0.374998)
(0.0931278 -0.0279946 0.343329)
(0.0934635 0 0.374993)
(0.0931204 -0.0277712 0.406669)
(0.0927507 -0.132693 0.375)
(0.0924511 -0.0965798 0.406669)
(0.0278559 -0.0949546 0.279996)
(0 -0.0943129 0.311667)
(0.093464 0 0.311664)
(0.0931287 -0.028016 0.279994)
(0 -0.282935 0.438333)
(0.0932471 -0.167399 0.343332)
(0.0935891 -0.2 0.311691)
(0.0932617 -0.167406 0.280005)
(0.0935688 -0.2 0.374978)
(0.0931126 -0.230303 0.343306)
(0.0931378 -0.230308 0.406665)
(0.0923254 -0.259438 0.374928)
(0.0931257 -0.23029 0.279957)
(0.0923153 -0.259395 0.311529)
(0.0923226 -0.25934 0.248035)
(0.059404 -0.286007 0.438298)
(0.0274711 -0.283968 0.469995)
(0.0272911 -0.313952 0.438315)
(0 -0.0942994 0.438331)
(0 -0.282935 0.311659)
(0 -0.345386 0.374979)
(0 -0.345384 0.31158)
(0 -0.345386 0.438328)
(0.0923277 -0.259458 0.438306)
(0 -0.282934 0.248294)
(0 -0.345372 0.248005)
(0.0593902 -0.285891 0.247924)
(0.0272879 -0.313912 0.247995)
(0.027467 -0.283946 0.279896)
(0.0909385 -0.31767 0.247395)
(0.0914633 -0.288115 0.279556)
(0.058308 -0.345167 0.247254)
(0.0269992 -0.344453 0.279599)
(0.0601872 -0.0956771 0.438337)
(0.0926823 -0.0609895 0.438341)
(0.0593881 -0.285939 0.311488)
(0.0272879 -0.313934 0.311546)
(0.0914939 -0.28826 0.343114)
(0.0909807 -0.317988 0.374766)
(0.091519 -0.288343 0.406557)
(0.090922 -0.317785 0.311201)
(0.0583083 -0.345225 0.311204)
(0.0583111 -0.345262 0.374798)
(0.0269996 -0.344473 0.343185)
(0.0270001 -0.344482 0.40661)
(0.0909944 -0.318048 0.438224)
(0.0583124 -0.345279 0.438247)
(0.0270003 -0.344485 0.46998)
(0.1874 -0.0606441 0.343328)
(0.196631 -0.2 0.34355)
(0.18708 -0.261536 0.406538)
(0.187384 -0.134214 0.40666)
(0.187398 -0.133793 0.343331)
(0.197459 0 0.34336)
(0.187382 -0.060555 0.406662)
(0.187084 -0.26152 0.343095)
(0.192087 -0.2 0.402666)
(0.156132 -0.0275001 0.374995)
(0.156133 -0.0274803 0.311661)
(0.156134 -0.168081 0.311674)
(0.156064 -0.23088 0.374961)
(0.156156 -0.168011 0.374994)
(0.156063 -0.230925 0.311628)
(0.156128 -0.0276382 0.438329)
(0.156064 -0.230892 0.438315)
(0.156152 -0.167792 0.438333)
(0.155658 -0.261168 0.406561)
(0.156014 -0.133888 0.406663)
(0.156026 -0.135043 0.343332)
(0.155994 -0.0610103 0.406663)
(0.157628 0 0.343328)
(0.156808 -0.2 0.406127)
(0.155671 -0.261195 0.343162)
(0.15601 -0.0599744 0.343327)
(0.157346 -0.2 0.343371)
(0.187385 -0.0598022 0.311657)
(0.18746 -0.027062 0.343328)
(0.187381 -0.0597582 0.374995)
(0.187823 -0.2 0.312515)
(0.187457 -0.167943 0.343329)
(0.187378 -0.230974 0.343276)
(0.188311 -0.2 0.374511)
(0.187361 -0.0610464 0.438329)
(0.188079 -0.2 0.43786)
(0.189516 0 0.374994)
(0.187457 -0.0270962 0.406661)
(0.187045 -0.261446 0.374827)
(0.187388 -0.230994 0.40662)
(0.187089 -0.261575 0.438249)
(0.18738 -0.135182 0.311662)
(0.187167 -0.261727 0.311452)
(0.189479 0 0.31172)
(0.187386 -0.135116 0.374994)
(0.187463 -0.167953 0.40665)
(0.187377 -0.134053 0.43833)
(0.187455 -0.0271423 0.374994)
(0.187376 -0.230967 0.37495)
(0.187452 -0.0273343 0.438328)
(0.187372 -0.231007 0.43831)
(0.156008 -0.0598524 0.311657)
(0.156017 -0.135302 0.31166)
(0.156005 -0.0600236 0.374995)
(0.156134 -0.027474 0.343328)
(0.157579 0 0.374994)
(0.156131 -0.027602 0.406661)
(0.187455 -0.0271714 0.311661)
(0.156025 -0.135014 0.374997)
(0.157568 0 0.311673)
(0.156153 -0.16803 0.343338)
(0.156864 -0.2 0.312061)
(0.187444 -0.168092 0.311681)
(0.187382 -0.23101 0.311623)
(0.156942 -0.2 0.374656)
(0.156066 -0.230891 0.343296)
(0.155652 -0.261152 0.374861)
(0.156074 -0.230886 0.406633)
(0.187459 -0.168062 0.37499)
(0.156164 -0.167857 0.406658)
(0.155778 -0.261459 0.311503)
(0.155986 -0.0612318 0.438331)
(0.156007 -0.133625 0.438333)
(0.156578 -0.2 0.437986)
(0.15566 -0.261189 0.438263)
(0.187443 -0.167916 0.43833)
(0.218683 -0.231099 0.438311)
(0.155127 -0.291117 0.374691)
(0.15592 -0.0971998 0.438332)
(0.218731 -0.168089 0.438332)
(0.155142 -0.291187 0.438176)
(0.218527 -0.261965 0.40655)
(0.218705 -0.135032 0.406666)
(0.186555 -0.291516 0.342777)
(0.186569 -0.29161 0.406357)
(0.25072 -0.2 0.437505)
(0.220458 -0.2 0.406938)
(0.154655 -0.321302 0.406262)
(0.187319 -0.0972326 0.406662)
(0.218689 -0.231086 0.406634)
(0.186574 -0.291583 0.374605)
(0.218542 -0.262015 0.438261)
(0.249942 -0.231118 0.438304)
(0.219897 -0.2 0.437979)
(0.186594 -0.29168 0.438135)
(0.155923 -0.0972243 0.406664)
(0.218741 -0.168043 0.406666)
(0.155106 -0.291058 0.342931)
(0.154698 -0.321333 0.374492)
(0.155125 -0.291136 0.406431)
(0.187313 -0.0972956 0.43833)
(0.218701 -0.135291 0.438332)
(0.249988 -0.168013 0.438333)
(0.154717 -0.321437 0.43808)
(0.197476 0 0.40666)
(0.157581 0 0.438326)
(0.0934486 0 0.406673)
(0.124998 0 0.438336)
(0.125007 0 0.406663)
(0.189518 0 0.438327)
(0.0934001 0 0.43838)
(0.15763 0 0.40666)
(0.12468 -0.0270115 0.723336)
(0.124678 -0.0270334 0.691667)
(0.124439 -0.0606147 0.72335)
(0.124439 -0.0606591 0.691672)
(0.124338 -0.0965152 0.72335)
(0.124339 -0.0965532 0.691673)
(0.124503 -0.133005 0.723336)
(0.124507 -0.133025 0.691667)
(0.124783 -0.167587 0.723309)
(0.124776 -0.167593 0.691654)
(0.124963 -0.2 0.72326)
(0.124899 -0.2 0.691638)
(0.124674 -0.230685 0.691686)
(0.124122 -0.260524 0.691794)
(0.123475 -0.290052 0.691962)
(0.122905 -0.319854 0.692162)
(0.122645 -0.319458 0.660452)
(0.124677 -0.027035 0.66)
(0.124439 -0.0606666 0.660002)
(0.12434 -0.0965689 0.660003)
(0.12451 -0.133034 0.660004)
(0.124786 -0.167594 0.660011)
(0.124929 -0.2 0.660043)
(0.124682 -0.230682 0.660034)
(0.124119 -0.260531 0.660098)
(0.123441 -0.29003 0.660223)
(0.122892 -0.319929 0.628569)
(0.123467 -0.290106 0.628477)
(0.122633 -0.319517 0.596854)
(0.124676 -0.0270393 0.628333)
(0.124437 -0.0606768 0.628334)
(0.124339 -0.0965746 0.628336)
(0.124511 -0.133037 0.628336)
(0.124808 -0.167595 0.628334)
(0.125028 -0.2 0.628319)
(0.124705 -0.230692 0.628349)
(0.124123 -0.260551 0.6284)
(0.123429 -0.290068 0.596764)
(0.124107 -0.260552 0.596715)
(0.122883 -0.319962 0.565073)
(0.123456 -0.290128 0.565048)
(0.122627 -0.31954 0.533339)
(0.124675 -0.0270393 0.596666)
(0.124436 -0.0606788 0.596667)
(0.124335 -0.0965824 0.59667)
(0.124501 -0.133042 0.596674)
(0.124773 -0.167595 0.596684)
(0.124922 -0.2 0.596704)
(0.124669 -0.230693 0.596694)
(0.124106 -0.260562 0.56503)
(0.124665 -0.230693 0.565027)
(0.123423 -0.290083 0.533343)
(0.124101 -0.26056 0.53335)
(0.122879 -0.31997 0.50161)
(0.123452 -0.290135 0.501636)
(0.124673 -0.0270732 0.53333)
(0.124677 -0.027159 0.501665)
(0.124674 -0.0270503 0.564997)
(0.124435 -0.0607015 0.565)
(0.124334 -0.096602 0.565003)
(0.124498 -0.133053 0.56501)
(0.12477 -0.167598 0.565022)
(0.124918 -0.2 0.56504)
(0.124669 -0.230694 0.53337)
(0.124951 -0.2 0.533409)
(0.1241 -0.260567 0.50166)
(0.124644 -0.230697 0.501679)
(0.124439 -0.0608408 0.501668)
(0.124436 -0.0607385 0.533333)
(0.124334 -0.0966333 0.533338)
(0.124497 -0.133068 0.533347)
(0.124774 -0.167603 0.533369)
(0.124847 -0.2 0.501694)
(0.124749 -0.16761 0.501683)
(0.124335 -0.0967067 0.50167)
(0.124494 -0.133101 0.501675)
(0.154711 -0.321115 0.724198)
(0.155166 -0.291015 0.723835)
(0.155678 -0.261112 0.723553)
(0.156074 -0.230871 0.723403)
(0.156244 -0.2 0.723379)
(0.156157 -0.167742 0.723353)
(0.156007 -0.133443 0.72335)
(0.155917 -0.096984 0.723355)
(0.155983 -0.0610438 0.723352)
(0.15613 -0.0275092 0.723338)
(0.18662 -0.291465 0.723954)
(0.187111 -0.261489 0.723574)
(0.218548 -0.261924 0.723544)
(0.187395 -0.230983 0.723393)
(0.187597 -0.2 0.723313)
(0.18746 -0.167886 0.723339)
(0.187381 -0.133944 0.723349)
(0.187315 -0.0972066 0.723357)
(0.187378 -0.0609153 0.723353)
(0.187463 -0.0272524 0.723338)
(0.249926 -0.231072 0.723415)
(0.249953 -0.231106 0.691723)
(0.21868 -0.231074 0.723403)
(0.219866 -0.2 0.723301)
(0.218724 -0.168077 0.723349)
(0.218698 -0.135155 0.723349)
(0.249943 -0.231092 0.660044)
(0.259311 -0.2 0.65996)
(0.251193 -0.2 0.691633)
(0.258972 -0.2 0.723007)
(0.249971 -0.167936 0.723333)
(0.249993 -0.168056 0.691669)
(0.249992 -0.167908 0.659994)
(0.124952 -0.2 0.754912)
(0.124775 -0.167575 0.754976)
(0.124498 -0.132964 0.755015)
(0.124334 -0.0964259 0.755042)
(0.124438 -0.0604925 0.755047)
(0.124681 -0.0269237 0.755022)
(0.124933 -0.2 0.786626)
(0.124768 -0.167555 0.786656)
(0.124493 -0.132876 0.786703)
(0.12433 -0.0962021 0.78676)
(0.124433 -0.0601406 0.786789)
(0.124674 -0.0265111 0.786757)
(0.124893 -0.2 0.818358)
(0.124759 -0.167525 0.818364)
(0.124488 -0.132748 0.818411)
(0.12432 -0.0958376 0.818517)
(0.124417 -0.0594454 0.818611)
(0.124639 -0.0253253 0.818604)
(0 -0.253448 0.660001)
(0 -0.253448 0.533333)
(0 -0.126444 0.66)
(0 -0.126445 0.533333)
(0 -0.385099 0.660131)
(0 -0.253448 0.596667)
(0 -0.2 0.66)
(0 -0.2 0.533333)
(0 -0.126445 0.596667)
(0 -0.126444 0.723333)
(0 -0.2 0.596667)
(0 -0.2 0.723333)
(0.0625136 -0.2 0.596696)
(0.062655 -0.2 0.723336)
(0 -0.313353 0.660011)
(0.0601517 -0.25743 0.660038)
(0 -0.253448 0.628334)
(0 -0.225061 0.66)
(0 -0.253448 0.691668)
(0 -0.253448 0.565)
(0 -0.225061 0.533333)
(0 -0.313353 0.533334)
(0.0601394 -0.257443 0.533349)
(0.0605734 -0.130671 0.660002)
(0.0605628 -0.130704 0.533344)
(0 -0.385101 0.596699)
(0 -0.225061 0.596667)
(0 -0.2 0.628333)
(0 -0.2 0.691667)
(0 -0.2 0.565)
(0 -0.313353 0.596669)
(0.0601404 -0.257439 0.596688)
(0 -0.225061 0.628333)
(0 -0.225061 0.691667)
(0.0625108 -0.2 0.533436)
(0.0605629 -0.130678 0.596672)
(0.0625405 -0.2 0.65998)
(0 -0.225061 0.565)
(0.0605763 -0.130652 0.723338)
(0.0605185 -0.0598567 0.596666)
(0.0605201 -0.0598045 0.723339)
(0.0932624 -0.167309 0.501681)
(0.0291695 -0.164189 0.628318)
(0.0291861 -0.164195 0.564998)
(0.0932527 -0.167296 0.56501)
(0.0932267 -0.167291 0.628357)
(0.0291578 -0.164189 0.69166)
(0.0932903 -0.167287 0.691673)
(0 -0.155976 0.66)
(0 -0.126444 0.628333)
(0 -0.126444 0.691667)
(0.028178 -0.128571 0.659998)
(0 -0.155976 0.533333)
(0 -0.126445 0.565)
(0.0281767 -0.128585 0.533332)
(0.092748 -0.132343 0.533348)
(0.0927446 -0.132157 0.786694)
(0.0349184 -0.2 0.659954)
(0.034815 -0.2 0.533282)
(0 -0.155976 0.596667)
(0.0281758 -0.128575 0.596666)
(0 -0.155976 0.723333)
(0.0281731 -0.128567 0.723333)
(0.0927648 -0.132303 0.660009)
(0.0348203 -0.2 0.596657)
(0.0346491 -0.2 0.723332)
(0.0625813 -0.2 0.565033)
(0.0614492 -0.166499 0.596679)
(0.0935168 -0.2 0.59663)
(0.0625493 -0.2 0.628346)
(0.0626639 -0.2 0.691697)
(0.061501 -0.166492 0.723336)
(0.0934864 -0.2 0.72336)
(0.0605667 -0.130676 0.628337)
(0.0614739 -0.166496 0.659999)
(0.0605806 -0.130664 0.691671)
(0.060564 -0.130739 0.501669)
(0.0614498 -0.166505 0.533371)
(0.0605673 -0.130686 0.565008)
(0.0935332 -0.2 0.533379)
(0.0927457 -0.132313 0.596671)
(0.0927518 -0.132274 0.72334)
(0.093645 -0.2 0.660055)
(0.060519 -0.0599389 0.533335)
(0.0927528 -0.132383 0.501676)
(0.0605321 -0.0595209 0.786731)
(0.0927415 -0.132047 0.818391)
(0.0605195 -0.0598434 0.66)
(0.0281761 -0.128573 0.628331)
(0.0281784 -0.128578 0.565)
(0.0927517 -0.132322 0.565009)
(0.0927507 -0.132308 0.628342)
(0.0348755 -0.2 0.628213)
(0.0281755 -0.12857 0.691666)
(0.0927464 -0.132235 0.755012)
(0.0927679 -0.132292 0.691672)
(0.0347507 -0.2 0.691616)
(0 -0.155976 0.628333)
(0 -0.155976 0.565)
(0 -0.155976 0.691667)
(0.0291755 -0.164202 0.533317)
(0.0936604 -0.2 0.501688)
(0.0932331 -0.1673 0.533364)
(0.0349549 -0.2 0.565114)
(0.0291697 -0.164193 0.596661)
(0.0614602 -0.166498 0.628341)
(0.0291796 -0.164188 0.65999)
(0.0614731 -0.1665 0.56502)
(0.0936116 -0.2 0.564998)
(0.0932222 -0.167293 0.596665)
(0.0934996 -0.2 0.628391)
(0.0932766 -0.16729 0.660024)
(0.0291427 -0.164195 0.723324)
(0.0615133 -0.166494 0.691677)
(0.0932269 -0.167282 0.723339)
(0.0936831 -0.2 0.691671)
(0.0285006 -0.227175 0.628302)
(0.0284645 -0.227169 0.691658)
(0.0589126 -0.315538 0.596718)
(0.0285113 -0.227173 0.565033)
(0.0133089 -0.181454 0.517523)
(0.0133103 -0.181448 0.644129)
(0.0133179 -0.181449 0.61244)
(0.0133422 -0.181453 0.549103)
(0.0132973 -0.18145 0.58081)
(0.0133504 -0.181448 0.675792)
(0.0132665 -0.181449 0.707507)
(0.0133132 -0.181451 0.73918)
(0.0277429 -0.254856 0.660009)
(0.027736 -0.25486 0.533337)
(0.027738 -0.254858 0.596672)
(0 -0.2 0.644167)
(0 -0.2 0.675833)
(0 -0.178755 0.66)
(0.0158598 -0.2 0.660144)
(0 -0.2 0.5175)
(0 -0.2 0.549167)
(0 -0.178755 0.533333)
(0.0159601 -0.2 0.532964)
(0 -0.2 0.6125)
(0 -0.2 0.580833)
(0 -0.178755 0.596667)
(0.0160366 -0.2 0.596588)
(0 -0.2 0.7075)
(0 -0.2 0.739167)
(0 -0.178755 0.723333)
(0.0156487 -0.2 0.723281)
(0.0612127 -0.229444 0.596685)
(0.0601436 -0.257432 0.62836)
(0.0601612 -0.257427 0.691726)
(0.0612355 -0.229434 0.660006)
(0.0601464 -0.257443 0.565019)
(0.0612125 -0.229448 0.533375)
(0.0157968 -0.2 0.628315)
(0 -0.178755 0.628333)
(0.0154635 -0.2 0.691859)
(0 -0.178755 0.691667)
(0 -0.178755 0.565)
(0.0157345 -0.2 0.565009)
(0.0605186 -0.0601225 0.501675)
(0.0605543 -0.0591181 0.818485)
(0.0605186 -0.0598771 0.565)
(0.0605189 -0.0598492 0.628333)
(0.0605225 -0.0597258 0.755022)
(0.0605199 -0.0598328 0.691668)
(0.0292078 -0.164693 0.517502)
(0.0296575 -0.182596 0.628279)
(0.0131729 -0.162861 0.628323)
(0.0291978 -0.164691 0.61249)
(0.0292072 -0.164686 0.644152)
(0.0131749 -0.162862 0.564994)
(0.0292255 -0.164691 0.549127)
(0.0297066 -0.182604 0.565019)
(0.0292147 -0.164691 0.580828)
(0.0295966 -0.182599 0.691641)
(0.0131538 -0.162862 0.691671)
(0.0292086 -0.164687 0.675819)
(0.02918 -0.164692 0.707487)
(0.0291772 -0.164689 0.739148)
(0 -0.160646 0.644167)
(0 -0.160646 0.675833)
(0.0131786 -0.162861 0.66)
(0 -0.160646 0.5175)
(0 -0.160646 0.549167)
(0.0131834 -0.162863 0.533311)
(0.0311025 -0.2 0.644157)
(0.0311387 -0.2 0.675799)
(0.0296865 -0.182597 0.659975)
(0.0310855 -0.2 0.517545)
(0.0296587 -0.18261 0.533281)
(0.0311944 -0.2 0.548928)
(0 -0.160646 0.6125)
(0 -0.160646 0.580833)
(0.0131827 -0.162862 0.596657)
(0 -0.160646 0.7075)
(0 -0.160646 0.739167)
(0.0131567 -0.162862 0.723329)
(0.031029 -0.2 0.612545)
(0.0311508 -0.2 0.58082)
(0.0296502 -0.182603 0.596655)
(0.0310896 -0.2 0.707426)
(0.0295446 -0.182606 0.723314)
(0.0308885 -0.2 0.739033)
(0.0285105 -0.227171 0.659986)
(0.0277409 -0.254857 0.628336)
(0.0284812 -0.227171 0.596667)
(0.061221 -0.22943 0.628344)
(0.0157443 -0.2 0.644026)
(0.0157774 -0.2 0.612281)
(0.0277369 -0.254855 0.691684)
(0.0612761 -0.229438 0.69169)
(0.0159537 -0.2 0.675646)
(0.0156583 -0.2 0.707533)
(0 -0.179326 0.5175)
(0 -0.179326 0.644167)
(0 -0.179326 0.6125)
(0 -0.179326 0.549167)
(0 -0.179326 0.580833)
(0 -0.179326 0.675833)
(0 -0.179326 0.7075)
(0 -0.179326 0.739167)
(0.0589112 -0.315544 0.533338)
(0.0589158 -0.315524 0.660137)
(0.0277418 -0.254859 0.565009)
(0.0284722 -0.227177 0.533332)
(0.0156944 -0.2 0.517647)
(0.0132549 -0.163107 0.517501)
(0.0612389 -0.229447 0.565028)
(0.0158526 -0.2 0.549001)
(0.0156695 -0.2 0.580753)
(0.0132519 -0.163106 0.644157)
(0.0132607 -0.163107 0.549146)
(0.0132557 -0.163106 0.675825)
(0.0157704 -0.2 0.739318)
(0.0296215 -0.182924 0.517517)
(0.0133431 -0.181164 0.533235)
(0.0132984 -0.181157 0.62831)
(0.02963 -0.182918 0.644142)
(0.0133219 -0.181157 0.660021)
(0.0132528 -0.163106 0.612485)
(0.0295962 -0.18292 0.612495)
(0.0133537 -0.18116 0.596635)
(0.0132903 -0.181161 0.564992)
(0.0296755 -0.182925 0.549056)
(0.0132516 -0.163107 0.580826)
(0.0296491 -0.182922 0.580825)
(0.0132142 -0.181157 0.691705)
(0.02964 -0.182918 0.675803)
(0.0132342 -0.163107 0.7075)
(0.0295804 -0.182921 0.707464)
(0.013247 -0.181159 0.723322)
(0.0132491 -0.163106 0.739163)
(0.0295317 -0.182922 0.739112)
(0.0274729 -0.283966 0.628349)
(0.0274731 -0.283962 0.691711)
(0.093125 -0.230309 0.501679)
(0.0930905 -0.230301 0.628368)
(0.0931174 -0.23031 0.565015)
(0.0931563 -0.230301 0.691696)
(0.0930371 -0.0258919 0.501675)
(0.0278544 -0.0946989 0.501667)
(0.0924469 -0.0960232 0.501672)
(0.0278564 -0.0945462 0.818362)
(0.0930425 -0.0238864 0.818604)
(0.0924471 -0.0951518 0.818482)
(0.0278544 -0.0946429 0.628333)
(0.0930283 -0.0256325 0.628332)
(0.0930267 -0.025649 0.564996)
(0.0278546 -0.0946511 0.565)
(0.0924448 -0.0958726 0.565004)
(0.0924468 -0.0958464 0.628337)
(0.0278547 -0.094638 0.691667)
(0.0930301 -0.025623 0.691665)
(0.0278554 -0.0946166 0.755005)
(0.093035 -0.025502 0.755019)
(0.0924463 -0.0956929 0.755032)
(0.0924512 -0.0958179 0.691672)
(0.0915274 -0.288381 0.501651)
(0.0274725 -0.283968 0.565006)
(0.0270233 -0.344476 0.628387)
(0.0915349 -0.288361 0.628429)
(0.027023 -0.344479 0.565013)
(0.0915309 -0.28838 0.565034)
(0.0270236 -0.344468 0.691832)
(0.0915455 -0.288331 0.69187)
(0 -0.282935 0.660003)
(0 -0.282935 0.533333)
(0 -0.0942745 0.66)
(0 -0.0942765 0.533333)
(0 -0.0942741 0.786667)
(0 -0.345435 0.660039)
(0 -0.377147 0.628375)
(0 -0.377143 0.691832)
(0.0264276 -0.375492 0.660186)
(0.0923411 -0.259438 0.660074)
(0 -0.282935 0.596667)
(0 -0.0942746 0.596667)
(0 -0.0942743 0.723333)
(0 -0.345435 0.533334)
(0 -0.377148 0.565008)
(0.0923216 -0.259461 0.53335)
(0 -0.313353 0.628338)
(0 -0.313353 0.691689)
(0.0272892 -0.313949 0.660053)
(0.0594089 -0.285994 0.660081)
(0 -0.313353 0.565001)
(0.027288 -0.313954 0.533335)
(0.0594021 -0.286011 0.53334)
(0.0601907 -0.0951662 0.660002)
(0.0601871 -0.0952332 0.533337)
(0.0601921 -0.0949704 0.78671)
(0 -0.345435 0.596675)
(0.0264271 -0.3755 0.596723)
(0.0923203 -0.259451 0.596699)
(0.0272884 -0.313953 0.596684)
(0.0594036 -0.286006 0.5967)
(0.0601871 -0.0951791 0.596668)
(0.0601912 -0.0951329 0.723341)
(0.0926512 -0.059943 0.596667)
(0.0926545 -0.059866 0.723345)
(0.0926535 -0.0599261 0.660001)
(0.092652 -0.0600305 0.533335)
(0.0926594 -0.0593886 0.786773)
(0.0909742 -0.317964 0.660226)
(0.0909633 -0.318008 0.53334)
(0.0909667 -0.317995 0.596759)
(0.058921 -0.315544 0.565025)
(0.0582742 -0.345313 0.596745)
(0.058923 -0.315534 0.628417)
(0.0589261 -0.315513 0.691874)
(0.0582756 -0.345298 0.660224)
(0.0582731 -0.345319 0.533337)
(0 -0.282935 0.628335)
(0 -0.282935 0.691673)
(0.0266174 -0.375469 0.628423)
(0.026617 -0.375473 0.565022)
(0.0274731 -0.283964 0.660026)
(0.0274717 -0.283967 0.596677)
(0.0272921 -0.313951 0.628363)
(0.0594075 -0.286002 0.628385)
(0 -0.0942802 0.501666)
(0 -0.0942749 0.818336)
(0.0266177 -0.375457 0.691941)
(0.0272926 -0.313945 0.691755)
(0.0594135 -0.285986 0.691789)
(0 -0.0942745 0.628333)
(0 -0.0942751 0.565)
(0 -0.0942744 0.691667)
(0 -0.0942742 0.755)
(0 -0.282935 0.565)
(0 -0.345386 0.628349)
(0 -0.345386 0.565003)
(0 -0.345384 0.691735)
(0.0930967 -0.230311 0.533365)
(0.0923258 -0.259461 0.501666)
(0.0930859 -0.230305 0.596672)
(0.09314 -0.2303 0.66004)
(0.0923276 -0.259448 0.628386)
(0.0923278 -0.259461 0.565024)
(0.0923484 -0.259433 0.691764)
(0.092657 -0.0602015 0.501673)
(0.0930275 -0.025696 0.533331)
(0.0601874 -0.0953211 0.501671)
(0.0278543 -0.0946655 0.533334)
(0.0924447 -0.0959189 0.533339)
(0.0601944 -0.0947994 0.818421)
(0.0278561 -0.0945881 0.78668)
(0.0926648 -0.0586903 0.818578)
(0.0930396 -0.0250836 0.786758)
(0.0924464 -0.095488 0.786741)
(0.0278541 -0.0946454 0.596667)
(0.0601884 -0.0951723 0.628335)
(0.0278549 -0.094641 0.66)
(0.0930275 -0.0256361 0.596665)
(0.0926522 -0.0599344 0.628334)
(0.0930292 -0.0256293 0.659999)
(0.092651 -0.0599667 0.565)
(0.0601877 -0.0951945 0.565003)
(0.0924444 -0.0958544 0.596669)
(0.0924505 -0.0958369 0.660004)
(0.0278545 -0.0946313 0.723335)
(0.0601921 -0.0951556 0.69167)
(0.0930318 -0.0255987 0.723333)
(0.0926542 -0.0599108 0.69167)
(0.0601907 -0.0950799 0.755019)
(0.0926558 -0.059737 0.755039)
(0.092448 -0.0957827 0.723346)
(0.027471 -0.283968 0.533335)
(0.0270003 -0.344486 0.533335)
(0.0909957 -0.318062 0.501638)
(0.0915208 -0.28837 0.533343)
(0.0272916 -0.313953 0.565008)
(0.0594059 -0.286011 0.565019)
(0.0270006 -0.344484 0.596698)
(0.0583142 -0.345274 0.628456)
(0.027001 -0.344479 0.660101)
(0.0915229 -0.288358 0.596728)
(0.0910036 -0.318038 0.628474)
(0.0915332 -0.288335 0.660145)
(0.0583131 -0.345283 0.565033)
(0.0909984 -0.318058 0.565044)
(0.0583155 -0.345253 0.691992)
(0.0910115 -0.317994 0.691978)
(0.187376 -0.133882 0.786717)
(0.187128 -0.261341 0.787038)
(0.187371 -0.0608951 0.786797)
(0.187542 -0.2 0.786637)
(0.218743 -0.0275211 0.818559)
(0.156099 -0.0266773 0.818575)
(0.156129 -0.0275093 0.755023)
(0.156154 -0.167683 0.818352)
(0.156081 -0.230793 0.818431)
(0.156133 -0.167733 0.755062)
(0.156053 -0.230856 0.755123)
(0.155998 -0.133339 0.786713)
(0.155688 -0.26098 0.787013)
(0.15621 -0.2 0.786607)
(0.187365 -0.0607814 0.818612)
(0.187359 -0.0611223 0.755053)
(0.187584 -0.2 0.818228)
(0.187577 -0.2 0.75495)
(0.187461 -0.0274896 0.786747)
(0.218706 -0.059956 0.786822)
(0.155974 -0.0607703 0.786793)
(0.187374 -0.13376 0.818413)
(0.187378 -0.133961 0.755032)
(0.187455 -0.167869 0.786685)
(0.187395 -0.230943 0.78676)
(0.187146 -0.261175 0.818751)
(0.18712 -0.261445 0.755298)
(0.187451 -0.0274126 0.81856)
(0.218702 -0.0600373 0.818629)
(0.218747 -0.0273577 0.78676)
(0.155958 -0.060353 0.818612)
(0.156123 -0.0273021 0.78675)
(0.155999 -0.133222 0.818416)
(0.187458 -0.0275044 0.755022)
(0.155978 -0.0610061 0.755051)
(0.155999 -0.133414 0.755038)
(0.156234 -0.2 0.818307)
(0.187464 -0.167833 0.818343)
(0.15614 -0.167714 0.786665)
(0.187409 -0.230892 0.818423)
(0.156062 -0.230835 0.786737)
(0.155709 -0.260838 0.81874)
(0.15618 -0.2 0.755177)
(0.187459 -0.16789 0.755016)
(0.187396 -0.230971 0.75508)
(0.15568 -0.261066 0.755288)
(0.155901 -0.0965138 0.818527)
(0.155913 -0.0969296 0.755051)
(0.218702 -0.230982 0.81844)
(0.218736 -0.168048 0.818369)
(0.218689 -0.231063 0.755092)
(0.21873 -0.168119 0.755033)
(0.155246 -0.290532 0.819283)
(0.155189 -0.290944 0.755632)
(0.218566 -0.261791 0.786965)
(0.2187 -0.135207 0.786708)
(0.249969 -0.135179 0.755021)
(0.18731 -0.0970968 0.786772)
(0.186666 -0.291169 0.787661)
(0.219267 -0.2 0.786152)
(0.250249 -0.2 0.75418)
(0.154766 -0.320761 0.788118)
(0.187308 -0.096965 0.818529)
(0.155909 -0.096766 0.786769)
(0.218696 -0.135107 0.818397)
(0.18731 -0.0972149 0.755052)
(0.218698 -0.135387 0.755029)
(0.219119 -0.2 0.818016)
(0.218695 -0.231033 0.786764)
(0.218578 -0.261627 0.818645)
(0.218734 -0.168086 0.786693)
(0.219423 -0.2 0.754697)
(0.249933 -0.231081 0.755082)
(0.218563 -0.26191 0.755229)
(0.249969 -0.168102 0.755007)
(0.186731 -0.290926 0.819409)
(0.154868 -0.320537 0.819928)
(0.155199 -0.290764 0.78749)
(0.186654 -0.291396 0.755739)
(0.154786 -0.32109 0.756028)
(0.187376 -0.0607798 0.596667)
(0.187609 -0.2 0.596695)
(0.187106 -0.261547 0.660132)
(0.187371 -0.133945 0.533324)
(0.187086 -0.261584 0.533327)
(0.259143 -0.2 0.533203)
(0.187385 -0.133937 0.660002)
(0.259254 -0.2 0.596589)
(0.187374 -0.060789 0.533331)
(0.187586 -0.2 0.533343)
(0.187374 -0.133933 0.596665)
(0.187379 -0.0608071 0.660004)
(0.187617 -0.2 0.66002)
(0.187091 -0.261574 0.596723)
(0.156123 -0.0275516 0.501663)
(0.156162 -0.167757 0.501653)
(0.156075 -0.230891 0.501649)
(0.156126 -0.0275114 0.628334)
(0.156124 -0.0275158 0.564998)
(0.156149 -0.16775 0.564991)
(0.156091 -0.230886 0.628333)
(0.156064 -0.23089 0.564997)
(0.156176 -0.167747 0.628313)
(0.156128 -0.0275199 0.691668)
(0.156082 -0.230877 0.691688)
(0.156165 -0.167745 0.69165)
(0.156002 -0.13348 0.533334)
(0.155677 -0.261163 0.660108)
(0.155659 -0.261196 0.533336)
(0.156014 -0.133458 0.659993)
(0.156234 -0.2 0.533337)
(0.156007 -0.133464 0.59667)
(0.155666 -0.261187 0.59672)
(0.156251 -0.2 0.65991)
(0.156252 -0.2 0.596708)
(0.187358 -0.0610694 0.501663)
(0.187622 -0.2 0.501609)
(0.18746 -0.0271304 0.596668)
(0.187358 -0.0610428 0.564999)
(0.15598 -0.0610445 0.596667)
(0.187361 -0.0610431 0.628335)
(0.187531 -0.2 0.565025)
(0.187451 -0.167884 0.596674)
(0.187605 -0.2 0.628363)
(0.187383 -0.231005 0.596689)
(0.187363 -0.0610816 0.691674)
(0.187629 -0.2 0.691663)
(0.187463 -0.0271444 0.660002)
(0.187398 -0.230999 0.660037)
(0.187104 -0.261571 0.628422)
(0.187115 -0.261533 0.69184)
(0.187458 -0.027136 0.533331)
(0.155983 -0.0610455 0.660003)
(0.155979 -0.0610746 0.533332)
(0.187375 -0.133985 0.501658)
(0.187446 -0.167891 0.533324)
(0.187365 -0.13397 0.564993)
(0.187376 -0.231008 0.533326)
(0.187093 -0.261591 0.501635)
(0.187084 -0.261586 0.565021)
(0.187381 -0.133965 0.628334)
(0.187466 -0.167885 0.660005)
(0.187386 -0.133971 0.691671)
(0.187457 -0.0273167 0.628335)
(0.187393 -0.231005 0.628363)
(0.18746 -0.0273509 0.691669)
(0.187405 -0.230995 0.691707)
(0.187452 -0.027329 0.501663)
(0.155978 -0.0611539 0.501665)
(0.156123 -0.0275047 0.53333)
(0.156004 -0.133506 0.501664)
(0.156278 -0.2 0.501626)
(0.187457 -0.167896 0.501644)
(0.156151 -0.167753 0.533335)
(0.187388 -0.23101 0.501639)
(0.156065 -0.230893 0.533336)
(0.155662 -0.261199 0.501644)
(0.187454 -0.027316 0.564999)
(0.156125 -0.0274903 0.596667)
(0.15598 -0.0610798 0.628334)
(0.156128 -0.0274924 0.660001)
(0.155977 -0.0610913 0.564999)
(0.156001 -0.133475 0.564999)
(0.156014 -0.133466 0.628329)
(0.15624 -0.2 0.564956)
(0.187424 -0.167893 0.564998)
(0.15616 -0.167749 0.59668)
(0.187355 -0.231008 0.565006)
(0.156075 -0.23089 0.596692)
(0.156279 -0.2 0.628276)
(0.156082 -0.230884 0.659996)
(0.155678 -0.26118 0.628408)
(0.187461 -0.167891 0.628342)
(0.155661 -0.261195 0.565024)
(0.156167 -0.167747 0.659968)
(0.155981 -0.0610839 0.691674)
(0.156012 -0.13346 0.691666)
(0.156257 -0.2 0.691626)
(0.155681 -0.261146 0.69182)
(0.187471 -0.167893 0.691665)
(0.218683 -0.231097 0.628353)
(0.218703 -0.231089 0.691709)
(0.155914 -0.0970926 0.501665)
(0.218649 -0.231103 0.501675)
(0.218696 -0.168098 0.50168)
(0.155913 -0.0970366 0.565)
(0.155919 -0.0970221 0.628334)
(0.218652 -0.2311 0.564957)
(0.218729 -0.168096 0.628331)
(0.218699 -0.168097 0.56495)
(0.155919 -0.0970143 0.691674)
(0.218746 -0.168103 0.691668)
(0.155144 -0.291208 0.50162)
(0.155159 -0.291169 0.628511)
(0.155147 -0.291201 0.565055)
(0.155171 -0.2911 0.692025)
(0.218542 -0.261974 0.660122)
(0.218525 -0.262001 0.533311)
(0.249875 -0.231104 0.533279)
(0.218701 -0.135113 0.660005)
(0.21869 -0.135103 0.533309)
(0.249926 -0.167899 0.533277)
(0.187312 -0.0971751 0.596666)
(0.21993 -0.2 0.596622)
(0.186585 -0.291652 0.596812)
(0.154672 -0.321344 0.596863)
(0.249903 -0.231106 0.596644)
(0.218524 -0.261999 0.596703)
(0.186601 -0.291592 0.660338)
(0.251198 -0.2 0.628309)
(0.219939 -0.2 0.660047)
(0.18731 -0.0971893 0.53333)
(0.186578 -0.291676 0.533332)
(0.251277 -0.2 0.501695)
(0.251178 -0.2 0.564975)
(0.220039 -0.2 0.533225)
(0.154687 -0.32127 0.66046)
(0.249954 -0.167895 0.596622)
(0.218686 -0.135098 0.59665)
(0.187317 -0.0971842 0.660004)
(0.154664 -0.321373 0.533337)
(0.218684 -0.231088 0.660049)
(0.218545 -0.262014 0.628402)
(0.249934 -0.231118 0.628343)
(0.218664 -0.231097 0.596653)
(0.219864 -0.2 0.628339)
(0.21856 -0.261983 0.691809)
(0.219891 -0.2 0.691648)
(0.186612 -0.291662 0.62855)
(0.186628 -0.291579 0.692097)
(0.187309 -0.097259 0.501662)
(0.155913 -0.0970415 0.533333)
(0.218689 -0.135309 0.501664)
(0.219733 -0.2 0.501729)
(0.218688 -0.231089 0.533284)
(0.218534 -0.26203 0.501644)
(0.249965 -0.231125 0.501676)
(0.218738 -0.168063 0.533281)
(0.250008 -0.168036 0.501684)
(0.187306 -0.0972298 0.564997)
(0.155916 -0.0970122 0.596668)
(0.187312 -0.0972222 0.628335)
(0.218695 -0.135312 0.628329)
(0.21868 -0.13531 0.564973)
(0.15592 -0.0970063 0.660002)
(0.2198 -0.2 0.564906)
(0.218526 -0.262026 0.564997)
(0.249908 -0.231124 0.564971)
(0.218712 -0.168061 0.596638)
(0.218731 -0.168066 0.660016)
(0.249977 -0.168042 0.628314)
(0.249951 -0.168039 0.564962)
(0.187315 -0.0972373 0.691676)
(0.218705 -0.135334 0.691673)
(0.186598 -0.291707 0.501605)
(0.154719 -0.321467 0.501591)
(0.155132 -0.291187 0.533337)
(0.186598 -0.291699 0.565064)
(0.15514 -0.291168 0.596783)
(0.154735 -0.321411 0.62862)
(0.155153 -0.29112 0.660267)
(0.154723 -0.321458 0.565087)
(0.154753 -0.32131 0.692248)
(0.0933057 0 0.818528)
(0.124987 0 0.723311)
(0.124999 0 0.691664)
(0.197474 0 0.65997)
(0.197483 0 0.533331)
(0.0932961 0 0.691661)
(0.093304 0 0.754993)
(0.197486 0 0.596668)
(0.124998 0 0.659999)
(0.124997 0 0.628333)
(0.124994 0 0.564996)
(0.124992 0 0.533327)
(0.124996 0 0.596665)
(0.124991 0 0.501662)
(0.15764 0 0.660001)
(0.157634 0 0.533329)
(0.1922 0 0.781942)
(0.157637 0 0.596667)
(0.157566 0 0.723253)
(0.189529 0 0.628336)
(0.189496 0 0.691609)
(0.197146 0 0.72291)
(0.189522 0 0.501662)
(0.189526 0 0.565)
(0.157583 0 0.501661)
(0.157588 0 0.628334)
(0.157586 0 0.564998)
(0.157581 0 0.691655)
(0.124956 0 0.754949)
(0.124925 0 0.786633)
(0.124836 0 0.818473)
(0.219205 0 0.817568)
(0.156604 0 0.818068)
(0.157097 0 0.754554)
(0.0932948 0 0.659998)
(0.0932886 0 0.533325)
(0.0933116 0 0.786704)
(0.18814 0 0.8178)
(0.188545 0 0.754006)
(0.0932928 0 0.596664)
(0.0932986 0 0.723322)
(0.0933007 0 0.501683)
(0.219748 0 0.785652)
(0.0932939 0 0.628332)
(0.0932907 0 0.564994)
(0.156869 0 0.786052)
(0.15624 -0.2 0.564956)
(0.156279 -0.2 0.628276)
(0 -0.2 0.8975)
(0.0348362 -0.2 0.21667)
(0.062517 -0.2 0.184923)
(0 -0.2 0.8025)
(0 -0.2 0.121667)
(0 -0.2 0.770833)
(0 -0.2 0.185)
(0.0157157 -0.2 0.786608)
(0.0347336 -0.2 0.153255)
(0 -0.2 0.865833)
(0 -0.2 0.834167)
(0.156257 -0.2 0.691626)
(0.0159458 -0.2 0.850101)
(0.0348683 -0.2 0.121374)
(0.015882 -0.2 0.881728)
(0.0347868 -0.2 0.185075)
(0.0160997 -0.2 0.818061)
(0.437785 -0.2 0.249319)
(0.437535 -0.2 0.216722)
(0.0310307 -0.2 0.89747)
(0.21993 -0.2 0.596622)
(0.0310843 -0.2 0.802497)
(0.687476 -0.2 0.722154)
(0.749185 -0.2 0.722527)
(0.437612 -0.2 0.0371379)
(0.0311307 -0.2 0.771062)
(0.0311043 -0.2 0.865867)
(0.59382 -0.2 0.84988)
(0 -0.2 0.1375)
(0.437294 -0.2 0.0576318)
(0.531207 -0.2 0.849956)
(0 -0.2 0.169167)
(0.0311599 -0.2 0.834202)
(0.0159145 -0.2 0.153269)
(0.251198 -0.2 0.628309)
(0.219939 -0.2 0.660047)
(0.656245 -0.2 0.849903)
(0 -0.2 0.105833)
(0.016096 -0.2 0.897692)
(0.0155117 -0.2 0.216693)
(0.0157548 -0.2 0.865893)
(0.468709 -0.2 0.849854)
(0 -0.2 0.200833)
(0.437429 -0.2 0.184892)
(0.251277 -0.2 0.501695)
(0.406279 -0.2 0.849885)
(0 -0.2 0.2325)
(0.437427 -0.2 0.152919)
(0.251178 -0.2 0.564975)
(0.220039 -0.2 0.533225)
(0.0310568 -0.2 0.105317)
(0.0310564 -0.2 0.200706)
(0.0309929 -0.2 0.23255)
(0.748897 -0.2 0.596689)
(0.748902 -0.2 0.659952)
(0.0159783 -0.2 0.121569)
(0.281204 -0.2 0.849934)
(0.3438 -0.2 0.849934)
(0.0160421 -0.2 0.185263)
(0.437372 -0.2 0.087921)
(0.0311337 -0.2 0.137458)
(0.0159865 -0.2 0.802747)
(0.437454 -0.2 0.120729)
(0.0311433 -0.2 0.169192)
(0.219864 -0.2 0.628339)
(0.0158471 -0.2 0.834133)
(0.219891 -0.2 0.691648)
(0.0155742 -0.2 0.77071)
(0.983488 -0.2 0.89747)
(0.984004 -0.2 0.865783)
(0.219733 -0.2 0.501729)
(0.984081 -0.2 0.929014)
(0.984625 -0.2 0.961173)
(0.2198 -0.2 0.564906)
(0.984447 -0.2 0.802606)
(0.0158376 -0.2 0.137463)
(0.983669 -0.2 0.834293)
(0.0159046 -0.2 0.105706)
(0.984319 -0.2 0.770781)
(0.0157605 -0.2 0.169509)
(0.0156311 -0.2 0.200877)
(0.0162702 -0.2 0.232363)
(0.4998 -0.2 0.722055)
(0.437523 -0.2 0.722234)
(0.562533 -0.2 0.722223)
(0.625003 -0.2 0.722301)
(0.562234 -0.2 0.036344)
(0.562473 -0.2 0.0572469)
(0.0935524 -0.2 0.216643)
(0.625024 -0.2 0.28951)
(0.0936192 -0.2 0.184919)
(0.562494 -0.2 0.0878314)
(0.531269 -0.2 0.881764)
(0.593785 -0.2 0.281266)
(0.562585 -0.2 0.289483)
(0.313309 -0.2 0.722548)
(0.21874 -0.2 0.881726)
(0.375036 -0.2 0.722131)
(0.468743 -0.2 0.881783)
(0.562535 -0.2 0.120569)
(0.281222 -0.2 0.881764)
(0.562522 -0.2 0.152976)
(0.124931 -0.2 0.087699)
(0.562525 -0.2 0.249558)
(0.562466 -0.2 0.216746)
(0.187508 -0.2 0.0878492)
(0.250021 -0.2 0.152904)
(0.56255 -0.2 0.184852)
(0.312848 -0.2 0.777585)
(0.687468 -0.2 0.0877457)
(0.812534 -0.2 0.0878984)
(0.749968 -0.2 0.152944)
(0.624914 -0.2 0.152965)
(0.124984 -0.2 0.850154)
(0.156362 -0.2 0.850126)
(0.25006 -0.2 0.0878841)
(0.187537 -0.2 0.152876)
(0.282095 -0.2 0.786345)
(0.906465 -0.2 0.849968)
(0.254203 -0.2 0.782455)
(0.250567 -0.2 0.817786)
(0.93771 -0.2 0.0880787)
(0.937451 -0.2 0.343396)
(0.250113 -0.2 0.849949)
(0.937409 -0.2 0.216741)
(0.93741 -0.2 0.469999)
(1 -0.2 0.406667)
(0.687499 -0.2 0.152874)
(0.187336 -0.2 0.850132)
(0.624949 -0.2 0.0877058)
(0.750076 -0.2 0.88178)
(0.749984 -0.2 0.0878707)
(0.875002 -0.2 0.754948)
(0.906411 -0.2 0.786642)
(1 -0.2 0.153333)
(0.875058 -0.2 0.818258)
(0.843221 -0.2 0.786206)
(0.87502 -0.2 0.280112)
(0.812555 -0.2 0.152924)
(0.0601613 -0.2 0.0562459)
(0.874994 -0.2 0.533342)
(0.218619 -0.2 0.850105)
(0 -0.2 0.0584516)
(0.0347757 -0.2 0.0552357)
(0.875195 -0.2 0.881752)
(0.187583 -0.2 0.216691)
(1 -0.2 0.28)
(0.874977 -0.2 0.406727)
(0.843708 -0.2 0.849982)
(1 -0.2 0.533333)
(0.812487 -0.2 0.881716)
(0 -0.2 0.913342)
(0.0157152 -0.2 0.913067)
(0.687513 -0.2 0.216779)
(0.0347333 -0.2 0.913368)
(0.749247 -0.2 0.344102)
(0.937443 -0.2 0.153059)
(1 -0.2 0.0899985)
(0.875084 -0.2 0.216551)
(0.937383 -0.2 0.279999)
(0.874978 -0.2 0.343331)
(1 -0.2 0.343333)
(0.937382 -0.2 0.406646)
(1 -0.2 0.216667)
(0.874975 -0.2 0.469956)
(0.937502 -0.2 0.533367)
(1 -0.2 0.47)
(0.0625472 -0.2 0.850001)
(0.0624252 -0.2 0.881724)
(0.0935242 -0.2 0.850006)
(0.093398 -0.2 0.0876406)
(0.124982 -0.2 0.0571857)
(0.593736 -0.2 0.881696)
(0.0624886 -0.2 0.91347)
(0.125025 -0.2 0.120542)
(0.156131 -0.2 0.152952)
(0.656263 -0.2 0.881754)
(0.250182 -0.2 0.0575298)
(0.624967 -0.2 0.0573597)
(0.156206 -0.2 0.0879121)
(0.187508 -0.2 0.0572106)
(0.156369 -0.2 0.881784)
(0.312547 -0.2 0.0572569)
(0.812216 -0.2 0.754183)
(0.843782 -0.2 0.152948)
(0.218785 -0.2 0.0878401)
(0.749905 -0.2 0.0574539)
(0.187493 -0.2 0.120586)
(0.281246 -0.2 0.0878771)
(0.406265 -0.2 0.881725)
(0.687549 -0.2 0.0571711)
(0.281348 -0.2 0.153006)
(0.84377 -0.2 0.0879117)
(0.250015 -0.2 0.120605)
(0.811994 -0.2 0.817757)
(0.812415 -0.2 0.057659)
(0.218747 -0.2 0.15291)
(0.687567 -0.2 0.120521)
(0.6562 -0.2 0.0876318)
(0.781242 -0.2 0.849969)
(0.718688 -0.2 0.0878056)
(0.718718 -0.2 0.849968)
(0.593815 -0.2 0.0877408)
(0.781315 -0.2 0.0878826)
(0.218779 -0.2 0.120604)
(0.749663 -0.2 0.289062)
(0.81252 -0.2 0.120632)
(0.718766 -0.2 0.152855)
(0.749986 -0.2 0.120639)
(0.781237 -0.2 0.152929)
(0.34375 -0.2 0.881768)
(0.281218 -0.2 0.120675)
(0.656239 -0.2 0.152912)
(0.593753 -0.2 0.152859)
(0.937427 -0.2 0.120829)
(0.624968 -0.2 0.120565)
(0.965345 -0.2 0.0888282)
(0.249918 -0.2 0.216658)
(0.937452 -0.2 0.31168)
(0.965119 -0.2 0.343388)
(0.937423 -0.2 0.375005)
(0.937468 -0.2 0.184912)
(0.937386 -0.2 0.248274)
(0.87522 -0.2 0.0371991)
(0.965153 -0.2 0.216589)
(0.875129 -0.2 0.0577092)
(0.937404 -0.2 0.438329)
(0.937499 -0.2 0.50171)
(0.965191 -0.2 0.47001)
(0.718794 -0.2 0.120556)
(0.937474 -0.2 0.565024)
(1 -0.2 0.375)
(0.965144 -0.2 0.406911)
(0.781373 -0.2 0.881774)
(1 -0.2 0.438333)
(0.0935352 -0.2 0.0567499)
(0.780396 -0.2 0.280312)
(0.808321 -0.2 0.284212)
(0.781222 -0.2 0.120601)
(0.965146 -0.2 0.15325)
(0.15617 -0.2 0.0574671)
(1 -0.2 0.121667)
(0.749945 -0.2 0.21675)
(1 -0.2 0.185)
(0.15623 -0.2 0.120591)
(0.21891 -0.2 0.0574074)
(0.875194 -0.2 0.088258)
(0.562494 -0.2 0.81717)
(0.43749 -0.2 0.817105)
(0.281428 -0.2 0.0573893)
(0.312424 -0.2 0.817153)
(0.65627 -0.2 0.785422)
(1 -0.2 0.0584516)
(0.593782 -0.2 0.785505)
(0.624983 -0.2 0.216725)
(0.624946 -0.2 0.817056)
(0.687453 -0.2 0.289419)
(0.965006 -0.2 0.279919)
(0.811971 -0.2 0.248821)
(1 -0.2 0.311667)
(0.812491 -0.2 0.216721)
(1 -0.2 0.248333)
(0.843763 -0.2 0.216659)
(0.406259 -0.2 0.785444)
(0.375023 -0.2 0.817126)
(0.8438 -0.2 0.184845)
(0.343743 -0.2 0.785449)
(0.718836 -0.2 0.881782)
(0.965362 -0.2 0.533337)
(0.656078 -0.2 0.0571359)
(0.9064 -0.2 0.81836)
(1 -0.2 0.501667)
(1 -0.2 0.565)
(0.531191 -0.2 0.785462)
(0.499943 -0.2 0.817094)
(0.875059 -0.2 0.120677)
(0.65623 -0.2 0.120513)
(0.468768 -0.2 0.785469)
(0.875132 -0.2 0.153092)
(0.875105 -0.2 0.185006)
(0.906419 -0.2 0.881743)
(0.718858 -0.2 0.0572735)
(0.593755 -0.2 0.817249)
(0.593729 -0.2 0.0571181)
(0.906305 -0.2 0.754964)
(0.59373 -0.2 0.120533)
(0.843707 -0.2 0.0574104)
(0.531271 -0.2 0.81721)
(0.96503 -0.2 0.121349)
(0.843788 -0.2 0.120634)
(0.781293 -0.2 0.0574661)
(0.965143 -0.2 0.374846)
(0.125156 -0.2 0.0358297)
(0.656224 -0.2 0.817169)
(0.965202 -0.2 0.184912)
(0.406248 -0.2 0.817238)
(0.965055 -0.2 0.43838)
(0.468781 -0.2 0.817232)
(0.250205 -0.2 0.0363665)
(0 -0.2 0.0432099)
(0 -0.2 0.0741626)
(0.34393 -0.2 0.817318)
(0.187263 -0.2 0.0360462)
(0.281643 -0.2 0.817669)
(0.062225 -0.2 0.0360061)
(0.312602 -0.2 0.0356493)
(0.748914 -0.2 0.533329)
(0.965187 -0.2 0.311656)
(0.965416 -0.2 0.248221)
(0.155951 -0.2 0.0364421)
(0.62512 -0.2 0.0359108)
(0.0936081 -0.2 0.0357547)
(0.965141 -0.2 0.501663)
(0.219381 -0.2 0.0362828)
(0.96515 -0.2 0.564723)
(0.28124 -0.2 0.0366529)
(0.687452 -0.2 0.344414)
(0.03153 -0.2 0.0378243)
(0.687401 -0.2 0.406693)
(0.0310529 -0.2 0.0722568)
(0.0773611 -0.2 0.0521917)
(0.749897 -0.2 0.0364707)
(0.015833 -0.2 0.0556997)
(0.687564 -0.2 0.0352717)
(0.812565 -0.2 0.0372698)
(0.803532 -0.2 0.34354)
(0.803163 -0.2 0.469989)
(0.749022 -0.2 0.470008)
(0.655685 -0.2 0.0353852)
(0.748935 -0.2 0.406695)
(0.593995 -0.2 0.0358699)
(0.843641 -0.2 0.0361334)
(0.719032 -0.2 0.0363402)
(0.781205 -0.2 0.0362146)
(0.1091 -0.2 0.0526376)
(0.843129 -0.2 0.754646)
(0.140529 -0.2 0.0527622)
(0.234498 -0.2 0.0533284)
(0.624995 -0.2 0.344435)
(0.265811 -0.2 0.0532366)
(0.171934 -0.2 0.0534003)
(0.20317 -0.2 0.052898)
(0.328031 -0.2 0.0523948)
(0.297038 -0.2 0.0530878)
(0.437521 -0.2 0.344397)
(0.500061 -0.2 0.344347)
(0.843365 -0.2 0.817982)
(0.906626 -0.2 0.0877651)
(0.843695 -0.2 0.881806)
(0.939671 -0.2 0.0565396)
(0.640394 -0.2 0.0529548)
(0.609346 -0.2 0.0527392)
(0.109151 -0.2 0.0352808)
(0.077819 -0.2 0.0356585)
(0.859337 -0.2 0.0531091)
(0.734335 -0.2 0.0530488)
(0.765498 -0.2 0.053262)
(0.671815 -0.2 0.05231)
(0.703384 -0.2 0.052972)
(0.5779 -0.2 0.0526869)
(0.827867 -0.2 0.0529686)
(0.780467 -0.2 0.78633)
(0.749961 -0.2 0.817169)
(0.797009 -0.2 0.0535125)
(0.718723 -0.2 0.785495)
(0.234615 -0.2 0.0356586)
(0.780895 -0.2 0.817715)
(0.203397 -0.2 0.0349542)
(0.562451 -0.2 0.344455)
(0.140555 -0.2 0.0352265)
(0.17207 -0.2 0.036447)
(0.265879 -0.2 0.0356469)
(0.718697 -0.2 0.817199)
(0.296658 -0.2 0.0363653)
(0.328058 -0.2 0.0349883)
(0.0158377 -0.2 0.0376807)
(0.0157953 -0.2 0.072864)
(0.734402 -0.2 0.0354135)
(0.703242 -0.2 0.036049)
(0.640447 -0.2 0.0361674)
(0.671836 -0.2 0.034934)
(0.609496 -0.2 0.0349044)
(0.375051 -0.2 0.344403)
(0.578267 -0.2 0.0362287)
(0.765375 -0.2 0.0362045)
(0.796884 -0.2 0.0368421)
(0.859264 -0.2 0.0358671)
(0.827955 -0.2 0.0354452)
(0.251309 -0.2 0.34374)
(0.312956 -0.2 0.344008)
(0.803175 -0.2 0.406732)
(0.803168 -0.2 0.533266)
(0.906644 -0.2 0.0573749)
(0.965413 -0.2 0.0553265)
(1 -0.2 0.628333)
(0.0348871 -0.2 0.501737)
(0.0159266 -0.2 0.501668)
(0 -0.2 0.501667)
(0.98383 -0.2 0.628021)
(0.965169 -0.2 0.628256)
(0.803207 -0.2 0.659945)
(0 -0.2 0.248333)
(0.0160405 -0.2 0.248438)
(0.259174 -0.2 0.469561)
(0.0347279 -0.2 0.248177)
(0.937412 -0.2 0.628291)
(0.0625257 -0.2 0.501612)
(0.968975 -0.2 0.644141)
(0.964985 -0.2 0.659746)
(0.937561 -0.2 0.660007)
(0.842608 -0.2 0.659995)
(0.219964 -0.2 0.469942)
(0.0626586 -0.2 0.975451)
(0.156263 -0.2 0.216591)
(0.250349 -0.2 0.289094)
(0.906437 -0.2 0.660012)
(0.874975 -0.2 0.659998)
(0.0625075 -0.2 0.469985)
(0.0934899 -0.2 0.470008)
(0.250042 -0.2 0.184894)
(1 -0.2 0.66)
(1 -0.2 0.723333)
(0.0625186 -0.2 0.248327)
(0.187651 -0.2 0.469931)
(0.937573 -0.2 0.691555)
(0.965033 -0.2 0.723305)
(1 -0.2 0.691667)
(0.219554 -0.2 0.280292)
(0.191567 -0.2 0.284225)
(0.124941 -0.2 0.469993)
(0.156693 -0.2 0.280495)
(0.965129 -0.2 0.691986)
(0.156253 -0.2 0.469987)
(0.124973 -0.2 0.280037)
(0.0936291 -0.2 0.24845)
(0.187429 -0.2 0.18487)
(0 -0.2 0.976447)
(0.124975 -0.2 0.248378)
(0.188069 -0.2 0.248807)
(0.218773 -0.2 0.216728)
(0.749854 -0.2 0.18482)
(0.2814 -0.2 0.216805)
(0.124996 -0.2 0.438337)
(0.624916 -0.2 0.184855)
(0.125002 -0.2 0.406621)
(1 -0.2 0.390833)
(0.984199 -0.2 0.40693)
(1 -0.2 0.4225)
(0.984149 -0.2 0.153284)
(1 -0.2 0.1375)
(1 -0.2 0.169167)
(0.034252 -0.2 0.977089)
(0.0936566 -0.2 0.975255)
(0.0629903 -0.2 1)
(0.124982 -0.2 0.374974)
(0.984145 -0.2 0.660297)
(1 -0.2 0.0432099)
(0.125027 -0.2 0.343339)
(1 -0.2 0.644167)
(0.984499 -0.2 0.280004)
(0.125013 -0.2 0.311723)
(1 -0.2 0.675833)
(1 -0.2 0.295833)
(0.687467 -0.2 0.184968)
(1 -0.2 0.264167)
(0.984165 -0.2 0.723518)
(0.812455 -0.2 0.184909)
(1 -0.2 0.7075)
(0.984189 -0.2 0.532877)
(1 -0.2 0.739167)
(1 -0.2 0.5175)
(1 -0.2 0.549167)
(0 -0.2 0.945089)
(0.968771 -0.2 0.707399)
(0.937386 -0.2 0.0359585)
(0.969225 -0.2 0.73919)
(0.984009 -0.2 0.089407)
(0.781212 -0.2 0.216694)
(0.96874 -0.2 0.675817)
(1 -0.2 0.105833)
(1 -0.2 0.0741626)
(0.0625546 -0.2 0.34333)
(0.983771 -0.2 0.691751)
(0.984432 -0.2 0.343193)
(0.718774 -0.2 0.216737)
(1 -0.2 0.359167)
(0 -0.2 0.406667)
(0.656213 -0.2 0.216749)
(1 -0.2 0.3275)
(0.984203 -0.2 0.216711)
(0.593727 -0.2 0.216737)
(1 -0.2 0.200833)
(0 -0.2 1)
(1 -0.2 0.2325)
(0 -0.2 0.28)
(0.983993 -0.2 0.469912)
(1 -0.2 0.454167)
(1 -0.2 0.485833)
(1 -0.2 0.580833)
(0.218754 -0.2 0.184909)
(0.0625558 -0.2 0.406688)
(0 -0.2 0.47)
(1 -0.2 0.596667)
(0 -0.2 0.343333)
(0.0625764 -0.2 0.280049)
(0.983951 -0.2 0.596855)
(0.964995 -0.2 0.596548)
(0.968992 -0.2 0.105433)
(0.969096 -0.2 0.0723661)
(0 -0.2 0.438333)
(0 -0.2 0.375)
(0.968853 -0.2 0.359133)
(0.968854 -0.2 0.327714)
(0.0934906 -0.2 0.12066)
(0 -0.2 0.311667)
(0.968895 -0.2 0.200674)
(0.968902 -0.2 0.232541)
(0.968882 -0.2 0.454225)
(0.0937678 -0.2 1)
(0.968665 -0.2 0.485633)
(0.281246 -0.2 0.184983)
(0.968747 -0.2 0.581048)
(0.0349098 -0.2 1)
(0.983606 -0.2 0.374906)
(0.0347716 -0.2 0.279965)
(0.803206 -0.2 0.596542)
(0.968988 -0.2 0.390757)
(0.968913 -0.2 0.422755)
(0.98428 -0.2 0.438277)
(0.983903 -0.2 0.644119)
(0.984079 -0.2 0.676503)
(0.9689 -0.2 0.137434)
(0.983929 -0.2 0.707866)
(0.968955 -0.2 0.169116)
(0.984081 -0.2 0.738922)
(0.98441 -0.2 0.121697)
(0.983897 -0.2 0.18491)
(0.906475 -0.2 0.03621)
(0.969452 -0.2 0.0373458)
(0.937368 -0.2 0.596715)
(0.0624423 -0.2 0.945289)
(0.984228 -0.2 0.0556218)
(0.968812 -0.2 0.295791)
(0.968762 -0.2 0.26424)
(0.0625522 -0.2 0.37503)
(0.0349356 -0.2 0.343361)
(0.984005 -0.2 0.31179)
(0.0625436 -0.2 0.311621)
(0.034886 -0.2 0.40676)
(0.842546 -0.2 0.596821)
(0.984086 -0.2 0.248302)
(0.781361 -0.2 0.184805)
(0.875006 -0.2 0.596645)
(0.968915 -0.2 0.51749)
(0.0935761 -0.2 0.913606)
(0.969151 -0.2 0.548957)
(0.98376 -0.2 0.501469)
(0.906495 -0.2 0.596582)
(0.984434 -0.2 0.564882)
(0.0936459 -0.2 0.406688)
(0.0625414 -0.2 0.438329)
(0.0348663 -0.2 0.470047)
(0.0348446 -0.2 0.374901)
(0.0348805 -0.2 0.438317)
(0.0347781 -0.2 0.945257)
(0.718805 -0.2 0.184987)
(0.874986 -0.2 0.691686)
(0.0348535 -0.2 0.311657)
(0.0935865 -0.2 0.438363)
(0.0936076 -0.2 0.945212)
(0.156556 -0.2 0.248617)
(0.811342 -0.2 0.691593)
(0.156217 -0.2 0.184876)
(0.0935403 -0.2 0.881752)
(0 -0.2 0.4225)
(0 -0.2 0.390833)
(0.0157302 -0.2 0.406781)
(0.906391 -0.2 0.691733)
(0 -0.2 0.295833)
(0 -0.2 0.264167)
(0.0157465 -0.2 0.280244)
(0 -0.2 0.454167)
(0 -0.2 0.485833)
(0.0159387 -0.2 0.469917)
(0 -0.2 0.359167)
(0 -0.2 0.3275)
(0.0159316 -0.2 0.343373)
(0.0158635 -0.2 0.438352)
(0.016144 -0.2 0.3747)
(0 -0.2 0.929184)
(0.0157271 -0.2 0.311515)
(0.0310576 -0.2 0.263963)
(0.842683 -0.2 0.691647)
(0.0311505 -0.2 0.295826)
(0.0167905 -0.2 0.974763)
(0 -0.2 0.960961)
(0.0308006 -0.2 0.961199)
(0.0161114 -0.2 0.945073)
(0.656246 -0.2 0.184874)
(1 -0.2 0.6125)
(0.96888 -0.2 0.612558)
(0.98435 -0.2 0.612726)
(0.0310511 -0.2 0.359306)
(0.0310372 -0.2 0.327328)
(0.031103 -0.2 0.390896)
(0.0310932 -0.2 0.422553)
(0.250053 -0.2 0.249471)
(0.593717 -0.2 0.184887)
(0.281328 -0.2 0.28118)
(0.0311155 -0.2 0.929201)
(0.031115 -0.2 0.454219)
(0.874928 -0.2 0.628331)
(0.0310262 -0.2 0.485848)
(0.811312 -0.2 0.628303)
(0.0154265 -0.2 0.390741)
(0.0157844 -0.2 0.359312)
(0.922556 -0.2 0.052649)
(0.906388 -0.2 0.628322)
(0.0159618 -0.2 0.422518)
(0.219096 -0.2 0.248975)
(0.0158187 -0.2 0.454051)
(0.842639 -0.2 0.628292)
(0.0158301 -0.2 0.929562)
(0.0163972 -0.2 0.295706)
(0.015824 -0.2 0.960998)
(0.890962 -0.2 0.0536084)
(0.015488 -0.2 0.327615)
(0.28122 -0.2 0.249468)
(0.0162099 -0.2 0.485753)
(0.015615 -0.2 0.264146)
(0.687513 -0.2 0.249579)
(0.749944 -0.2 0.249477)
(0.718752 -0.2 0.281206)
(0.625047 -0.2 0.249468)
(0.656278 -0.2 0.281202)
(0.984636 -0.2 0.0384719)
(0.187435 -0.2 0.975153)
(0.984159 -0.2 0.0729227)
(0.437506 -0.2 0.975195)
(0.312485 -0.2 0.975206)
(0.562551 -0.2 0.97521)
(0.891145 -0.2 0.0366974)
(0.922323 -0.2 0.0352057)
(0.500033 -0.2 0.913677)
(0.780879 -0.2 0.248995)
(0.0935774 -0.2 0.343327)
(0.250035 -0.2 0.913532)
(0.718705 -0.2 0.249443)
(0.37506 -0.2 0.913599)
(0.625067 -0.2 0.913573)
(0.656304 -0.2 0.249364)
(0.0936149 -0.2 0.280009)
(0.255645 -0.2 0.401603)
(0.984339 -0.2 0.137419)
(0.984332 -0.2 0.105668)
(0.562467 -0.2 0.913537)
(0.984682 -0.2 0.390879)
(0.984046 -0.2 0.359288)
(0.983972 -0.2 0.169205)
(0.984051 -0.2 0.20103)
(0.593722 -0.2 0.249471)
(0.187444 -0.2 0.913531)
(0.437528 -0.2 0.913502)
(0.312517 -0.2 0.913559)
(0.984208 -0.2 0.422699)
(0.983901 -0.2 0.454052)
(0.250004 -0.2 0.975222)
(0.375011 -0.2 0.975204)
(0.500001 -0.2 0.975132)
(0.62498 -0.2 0.975164)
(0.983841 -0.2 0.295766)
(0.984405 -0.2 0.327252)
(0.984095 -0.2 0.263974)
(0.984543 -0.2 0.23244)
(0.983763 -0.2 0.517867)
(0.983993 -0.2 0.486034)
(0.984383 -0.2 0.549267)
(0.984417 -0.2 0.580914)
(0.500005 -0.2 0.152924)
(0 -0.2 0.755)
(0.0163041 -0.2 0.754563)
(0.035004 -0.2 0.755006)
(0.1875 -0.2 1)
(0.15621 -0.2 0.975138)
(0.218758 -0.2 0.975234)
(0.406241 -0.2 0.975253)
(0.4375 -0.2 1)
(0.468741 -0.2 0.975343)
(0.500016 -0.2 0.0878281)
(0.281249 -0.2 0.975156)
(0.3125 -0.2 1)
(0.0935452 -0.2 0.818289)
(0.343732 -0.2 0.975207)
(0.0935891 -0.2 0.311691)
(0.531264 -0.2 0.975173)
(0.125 -0.2 1)
(0.593772 -0.2 0.975344)
(0.124927 -0.2 0.975209)
(0.0935688 -0.2 0.374978)
(0.5625 -0.2 1)
(0.375 -0.2 1)
(0.625 -0.2 1)
(0.25 -0.2 1)
(0.313545 -0.2 0.659972)
(0.500454 -0.2 0.05713)
(0.468664 -0.2 0.08792)
(0.5 -0.2 1)
(0.531243 -0.2 0.0877181)
(0.499909 -0.2 0.289508)
(0.468714 -0.2 0.152997)
(0.531216 -0.2 0.152912)
(0.313251 -0.2 0.405955)
(0.499991 -0.2 0.120644)
(0.468701 -0.2 0.120657)
(0.196631 -0.2 0.34355)
(0.53144 -0.2 0.120597)
(0.192087 -0.2 0.402666)
(0.499933 -0.2 0.21674)
(0.468528 -0.2 0.0575877)
(0.15625 -0.2 1)
(0.531508 -0.2 0.0572331)
(0.21875 -0.2 1)
(0.40625 -0.2 1)
(0.156808 -0.2 0.406127)
(0.0625678 -0.2 0.755008)
(0.46875 -0.2 1)
(0.157346 -0.2 0.343371)
(0.1249 -0.2 0.881699)
(0.34375 -0.2 1)
(0.28125 -0.2 1)
(0.187823 -0.2 0.312515)
(0.0935456 -0.2 0.786617)
(0.59375 -0.2 1)
(0.188311 -0.2 0.374511)
(0.53125 -0.2 1)
(0.188079 -0.2 0.43786)
(0.50024 -0.2 0.0353193)
(0.562513 -0.2 0.84996)
(0.124977 -0.2 0.945225)
(0.437491 -0.2 0.84994)
(0.312471 -0.2 0.849933)
(0.313572 -0.2 0.59668)
(0.313542 -0.2 0.533281)
(0.313391 -0.2 0.46973)
(0.468466 -0.2 0.0366013)
(0.531374 -0.2 0.0359705)
(0.12499 -0.2 0.913524)
(0.156864 -0.2 0.312061)
(0.156942 -0.2 0.374656)
(0.484569 -0.2 0.0534835)
(0.515842 -0.2 0.0530643)
(0.45283 -0.2 0.0535373)
(0.546901 -0.2 0.0527911)
(0.156578 -0.2 0.437986)
(0.65625 -0.2 1)
(0.0935168 -0.2 0.754988)
(0.656312 -0.2 0.975243)
(0.25072 -0.2 0.437505)
(0.220458 -0.2 0.406938)
(0.484403 -0.2 0.0361147)
(0.452777 -0.2 0.0360852)
(0.516566 -0.2 0.0360294)
(0.219897 -0.2 0.437979)
(0.546988 -0.2 0.035212)
(0.624997 -0.2 0.777206)
(0.375036 -0.2 0.777289)
(0.187515 -0.2 0.945207)
(0.687481 -0.2 0.777223)
(0.43748 -0.2 0.945284)
(0.312544 -0.2 0.945294)
(0.562595 -0.2 0.945261)
(0.499996 -0.2 0.777289)
(0.124963 -0.2 0.72326)
(0.531284 -0.2 0.913517)
(0.656261 -0.2 0.945214)
(0.124899 -0.2 0.691638)
(0.468732 -0.2 0.913554)
(0.499933 -0.2 0.945129)
(0.218941 -0.2 0.913534)
(0.281292 -0.2 0.913534)
(0.25001 -0.2 0.945125)
(0.124929 -0.2 0.660043)
(0.687556 -0.2 0.817086)
(0.687464 -0.2 0.849934)
(0.125028 -0.2 0.628319)
(0.656262 -0.2 0.913494)
(0.500053 -0.2 0.184983)
(0.156262 -0.2 0.913529)
(0.406168 -0.2 0.913509)
(0.343736 -0.2 0.913496)
(0.374992 -0.2 0.945206)
(0.593771 -0.2 0.91352)
(0.687513 -0.2 0.881802)
(0.624954 -0.2 0.945203)
(0.687439 -0.2 0.913604)
(0.468858 -0.2 0.216669)
(0.124922 -0.2 0.596704)
(0.531245 -0.2 0.216838)
(0.906414 -0.2 0.343271)
(0.906393 -0.2 0.216684)
(0.906293 -0.2 0.469954)
(0.124918 -0.2 0.56504)
(0.124951 -0.2 0.533409)
(0.875028 -0.2 0.248384)
(0.906419 -0.2 0.280028)
(0.874954 -0.2 0.311679)
(0.843242 -0.2 0.280532)
(0.124847 -0.2 0.501694)
(0.875025 -0.2 0.56502)
(0.156244 -0.2 0.723379)
(1 -0.2 0.755)
(0.874895 -0.2 0.50162)
(0.983876 -0.2 0.754869)
(0.90648 -0.2 0.533308)
(0.842652 -0.2 0.533406)
(0.96511 -0.2 0.754968)
(0.187597 -0.2 0.723313)
(0.90639 -0.2 0.153031)
(0.468725 -0.2 0.184862)
(0.531085 -0.2 0.185122)
(0.219866 -0.2 0.723301)
(0.259311 -0.2 0.65996)
(0.251193 -0.2 0.691633)
(0.875004 -0.2 0.375089)
(0.258972 -0.2 0.723007)
(0.906498 -0.2 0.406588)
(0.874991 -0.2 0.438431)
(0.842557 -0.2 0.406631)
(0.218614 -0.2 0.945147)
(0.124952 -0.2 0.754912)
(0.468661 -0.2 0.945201)
(0.937382 -0.2 0.755033)
(0.124933 -0.2 0.786626)
(0.281246 -0.2 0.945178)
(0.531272 -0.2 0.945229)
(0.562518 -0.2 0.77734)
(0.803508 -0.2 0.72299)
(0.624952 -0.2 0.849945)
(0.50002 -0.2 0.849886)
(0.124893 -0.2 0.818358)
(0.937431 -0.2 0.723309)
(0.437528 -0.2 0.777254)
(0.375027 -0.2 0.849937)
(0.842654 -0.2 0.343416)
(0.375126 -0.2 0.596679)
(0.842496 -0.2 0.470014)
(0.375053 -0.2 0.533305)
(0.84261 -0.2 0.723201)
(0 -0.2 0.66)
(0.874988 -0.2 0.723301)
(0 -0.2 0.533333)
(0.90639 -0.2 0.723434)
(0 -0.2 0.596667)
(0 -0.2 0.723333)
(0.0625136 -0.2 0.596696)
(0.062655 -0.2 0.723336)
(0.156178 -0.2 0.945186)
(0.468742 -0.2 0.281136)
(0.499987 -0.2 0.249577)
(0.531204 -0.2 0.281218)
(0 -0.2 0.628333)
(0 -0.2 0.691667)
(0.406258 -0.2 0.945159)
(0 -0.2 0.565)
(0.937493 -0.2 0.850044)
(0.687511 -0.2 0.975084)
(0.937401 -0.2 0.975636)
(0.812523 -0.2 0.975308)
(0.468824 -0.2 0.24943)
(0.0625108 -0.2 0.533436)
(1 -0.2 0.913342)
(0.0625405 -0.2 0.65998)
(0.343741 -0.2 0.9453)
(0.75 -0.2 0.913506)
(0.531252 -0.2 0.24956)
(0.875052 -0.2 0.786593)
(0.375114 -0.2 0.659935)
(0.593699 -0.2 0.945207)
(1 -0.2 0.786667)
(0.875058 -0.2 0.913537)
(0.0349184 -0.2 0.659954)
(0.034815 -0.2 0.533282)
(0.937465 -0.2 0.786656)
(0.875067 -0.2 0.849971)
(1 -0.2 0.85)
(0.937427 -0.2 0.913427)
(0.0348203 -0.2 0.596657)
(0.812563 -0.2 0.913584)
(0.0346491 -0.2 0.723332)
(0.0625813 -0.2 0.565033)
(0.0935168 -0.2 0.59663)
(0.749989 -0.2 0.975292)
(0.0625493 -0.2 0.628346)
(0.875074 -0.2 0.975311)
(0.0626639 -0.2 0.691697)
(0.437544 -0.2 0.659933)
(1 -0.2 0.976447)
(0.499995 -0.2 0.659853)
(0.0934864 -0.2 0.72336)
(0.562516 -0.2 0.659894)
(0.624991 -0.2 0.659922)
(0.687413 -0.2 0.659941)
(0.0935332 -0.2 0.533379)
(0.093645 -0.2 0.660055)
(0.0348755 -0.2 0.628213)
(0.812205 -0.2 0.312465)
(0.624972 -0.2 0.596666)
(0.811258 -0.2 0.374993)
(0.0347507 -0.2 0.691616)
(0.81131 -0.2 0.565057)
(0.0936604 -0.2 0.501688)
(0.811303 -0.2 0.438371)
(0.811259 -0.2 0.501667)
(0.0349549 -0.2 0.565114)
(0.624982 -0.2 0.533336)
(0.0936116 -0.2 0.564998)
(0.937543 -0.2 0.818321)
(0.965086 -0.2 0.850092)
(0.0934996 -0.2 0.628391)
(0.937484 -0.2 0.881735)
(0.6875 -0.2 1)
(0.7187 -0.2 0.975337)
(0.937589 -0.2 0.945526)
(0.0936831 -0.2 0.691671)
(0.906351 -0.2 0.975273)
(0.93701 -0.2 1)
(0.965729 -0.2 0.977098)
(0.7812 -0.2 0.975217)
(0.8125 -0.2 1)
(0.843713 -0.2 0.975256)
(0.624993 -0.2 0.470046)
(1 -0.2 0.881667)
(0.965167 -0.2 0.913431)
(1 -0.2 0.945089)
(0.625012 -0.2 0.406751)
(0 -0.2 0.644167)
(0 -0.2 0.675833)
(0.0158598 -0.2 0.660144)
(0 -0.2 0.5175)
(0.875 -0.2 1)
(0 -0.2 0.549167)
(0.0159601 -0.2 0.532964)
(0 -0.2 0.6125)
(0 -0.2 0.580833)
(0.75 -0.2 1)
(0.0160366 -0.2 0.596588)
(0 -0.2 0.7075)
(0 -0.2 0.739167)
(0.965282 -0.2 0.78666)
(1 -0.2 0.818333)
(0.0156487 -0.2 0.723281)
(1 -0.2 1)
(0.0157968 -0.2 0.628315)
(0.0154635 -0.2 0.691859)
(0.906451 -0.2 0.120684)
(0.0157345 -0.2 0.565009)
(0.965214 -0.2 0.881688)
(0.906404 -0.2 0.311702)
(0.343945 -0.2 0.0355755)
(0.343826 -0.2 0.0571158)
(0.906419 -0.2 0.375015)
(0.375005 -0.2 0.28948)
(0.312533 -0.2 0.28938)
(0.343735 -0.2 0.281214)
(0.965163 -0.2 0.945304)
(0.906452 -0.2 0.248434)
(0.906382 -0.2 0.184893)
(0.0311025 -0.2 0.644157)
(0.0311387 -0.2 0.675799)
(0.965179 -0.2 0.818325)
(0.0310855 -0.2 0.517545)
(0.906468 -0.2 0.501663)
(0.0311944 -0.2 0.548928)
(0.71875 -0.2 1)
(0.906232 -0.2 1)
(0.906323 -0.2 0.4383)
(0.343678 -0.2 0.0877034)
(0.687392 -0.2 0.596673)
(0.96509 -0.2 1)
(0.35918 -0.2 0.0531677)
(0.374921 -0.2 0.057229)
(0.031029 -0.2 0.612545)
(0.687378 -0.2 0.470071)
(0.374939 -0.2 0.0878209)
(0.0311508 -0.2 0.58082)
(0.84375 -0.2 1)
(0.0310896 -0.2 0.707426)
(0.78125 -0.2 1)
(0.0308885 -0.2 0.739033)
(0.906422 -0.2 0.565013)
(0.0157443 -0.2 0.644026)
(0.0157774 -0.2 0.612281)
(0.687403 -0.2 0.53336)
(0.374875 -0.2 0.249552)
(0.34372 -0.2 0.249504)
(0.0159537 -0.2 0.675646)
(0.31252 -0.2 0.249542)
(0.0156583 -0.2 0.707533)
(0.312536 -0.2 0.216743)
(0.312518 -0.2 0.18487)
(0.312472 -0.2 0.152968)
(0.812431 -0.2 0.85003)
(0.312577 -0.2 0.0877575)
(0.312537 -0.2 0.120576)
(0.343766 -0.2 0.120541)
(0.374972 -0.2 0.120574)
(0.0156944 -0.2 0.517647)
(0.0158526 -0.2 0.549001)
(0.0156695 -0.2 0.580753)
(0.374995 -0.2 0.21674)
(0.343747 -0.2 0.216711)
(0.343746 -0.2 0.184889)
(0.343742 -0.2 0.152926)
(0.0157704 -0.2 0.739318)
(0.374988 -0.2 0.152923)
(0.374947 -0.2 0.184869)
(0.749665 -0.2 0.777538)
(0.406161 -0.2 0.0879489)
(0.687513 -0.2 0.945197)
(0.812528 -0.2 0.945223)
(0.406232 -0.2 0.15293)
(0.718742 -0.2 0.913553)
(0.781253 -0.2 0.913594)
(0.749986 -0.2 0.945239)
(0.406129 -0.2 0.0578998)
(0.406178 -0.2 0.120601)
(0.374753 -0.2 0.0367972)
(0.906462 -0.2 0.913468)
(0.843774 -0.2 0.913577)
(0.875017 -0.2 0.945195)
(0.406118 -0.2 0.036673)
(0.390472 -0.2 0.053217)
(0.421653 -0.2 0.0531077)
(0.35933 -0.2 0.0362745)
(0.390228 -0.2 0.0357329)
(0.421465 -0.2 0.0365736)
(0.808379 -0.2 0.78249)
(0.84344 -0.2 0.24868)
(0.5 -0.2 0.406733)
(0.749805 -0.2 0.849853)
(0.375083 -0.2 0.40672)
(0.718732 -0.2 0.94518)
(0.562481 -0.2 0.406791)
(0.843197 -0.2 0.312044)
(0.437544 -0.2 0.406785)
(0.781259 -0.2 0.945226)
(0.842709 -0.2 0.374886)
(0.562514 -0.2 0.470035)
(0.562499 -0.2 0.596679)
(0.437465 -0.2 0.470008)
(0.842693 -0.2 0.564947)
(0.437511 -0.2 0.59667)
(0.406257 -0.2 0.21682)
(0.842686 -0.2 0.501758)
(0.906434 -0.2 0.945248)
(0.499997 -0.2 0.533328)
(0.842671 -0.2 0.438349)
(0.843777 -0.2 0.945146)
(0.187542 -0.2 0.786637)
(0.562432 -0.2 0.53332)
(0.499996 -0.2 0.470022)
(0.406187 -0.2 0.184859)
(0.500014 -0.2 0.596682)
(0.15621 -0.2 0.786607)
(0.375046 -0.2 0.469868)
(0.437534 -0.2 0.533342)
(0.187584 -0.2 0.818228)
(0.187577 -0.2 0.75495)
(0.406287 -0.2 0.281241)
(0.156234 -0.2 0.818307)
(0.406271 -0.2 0.249401)
(0.15618 -0.2 0.755177)
(1 -0.2 0.8975)
(0.984107 -0.2 0.913418)
(1 -0.2 0.929184)
(0.984223 -0.2 0.786671)
(1 -0.2 0.8025)
(1 -0.2 0.770833)
(0.219267 -0.2 0.786152)
(0.250249 -0.2 0.75418)
(0 -0.2 0.0899985)
(0.984037 -0.2 0.849853)
(1 -0.2 0.865833)
(1 -0.2 0.834167)
(0.499998 -0.2 0.881637)
(0.983367 -0.2 0.974801)
(1 -0.2 0.960961)
(0.219119 -0.2 0.818016)
(0.219423 -0.2 0.754697)
(0.0159311 -0.2 0.0893778)
(0.0346647 -0.2 0.0889095)
(0.968906 -0.2 0.865923)
(0.968861 -0.2 0.834059)
(0.969269 -0.2 0.961195)
(0.187609 -0.2 0.596695)
(0.25002 -0.2 0.881752)
(0.984308 -0.2 0.88164)
(0.259143 -0.2 0.533203)
(0.968849 -0.2 0.897662)
(0.259254 -0.2 0.596589)
(0.968893 -0.2 0.929213)
(0.0622076 -0.2 0.0879093)
(0.187586 -0.2 0.533343)
(0.984041 -0.2 0.9452)
(0.374981 -0.2 0.881713)
(0.187617 -0.2 0.66002)
(0.625015 -0.2 0.881754)
(0.96881 -0.2 0.802378)
(0.968925 -0.2 0.770768)
(0.984009 -0.2 0.818462)
(0.0626189 -0.2 0.120746)
(0.562527 -0.2 0.881722)
(0.156234 -0.2 0.533337)
(0.156251 -0.2 0.65991)
(0.156252 -0.2 0.596708)
(0.187347 -0.2 0.881653)
(0.187622 -0.2 0.501609)
(0.437545 -0.2 0.881799)
(0.0624577 -0.2 0.153005)
(0.31247 -0.2 0.881717)
(0.187531 -0.2 0.565025)
(0.187605 -0.2 0.628363)
(0.187629 -0.2 0.691663)
(0.0935448 -0.2 0.152945)
(0 -0.2 0.786667)
(0 -0.2 0.85)
(0.437575 -0.2 0.289383)
(0.124918 -0.2 0.152996)
(0 -0.2 0.881667)
(0 -0.2 0.818333)
(0.0625529 -0.2 0.786646)
(0.124962 -0.2 0.216658)
(0.124976 -0.2 0.184801)
(0.156278 -0.2 0.501626)
(0.0349051 -0.2 0.786783)
(0.0350047 -0.2 0.850072)
(0.0625873 -0.2 0.818389)
(0.0348636 -0.2 0.881708)
(0.0625644 -0.2 0.216621)
(0 -0.2 0.153333)
(0.0348692 -0.2 0.818362)
(0 -0.2 0.216667)
)


// ************************************************************************* //
