/*--------------------------------*- C++ -*----------------------------------*\
  =========                 |
  \\      /  F ield         | OpenFOAM: The Open Source CFD Toolbox
   \\    /   O peration     | Website:  https://openfoam.org
    \\  /    A nd           | Version:  12
     \\/     M anipulation  |
\*---------------------------------------------------------------------------*/
FoamFile
{
    format      ascii;
    class       surfaceScalarField;
    location    "150";
    object      phi;
}
// * * * * * * * * * * * * * * * * * * * * * * * * * * * * * * * * * * * * * //

dimensions      [1 0 -1 0 0 0 0];

internalField   nonuniform List<scalar> 
41446
(
-2.04845e-06
0.000307183
0.000167611
8.33886e-06
0.000118329
6.68141e-05
-1.4483e-06
0.000298636
0.000141026
-6.33842e-07
0.000338119
0.000176805
2.75427e-05
5.12996e-05
-2.65195e-05
1.29153e-05
0.000109463
4.66649e-05
9.40233e-06
0.000154288
6.57232e-05
7.9261e-08
0.000289697
0.000117593
2.73289e-07
0.000329903
0.000148961
6.9219e-07
0.000365359
0.000185209
4.96567e-05
3.45022e-05
-0.000115176
3.5389e-05
4.11973e-05
-4.15757e-05
2.79121e-05
7.36019e-05
-3.50843e-05
1.82631e-05
9.97725e-05
2.77323e-05
1.37382e-05
0.000143445
4.40338e-05
1.12544e-05
0.000179571
6.62321e-05
3.58032e-06
0.000279094
9.55298e-05
2.31971e-06
0.000321674
0.000123493
1.80148e-06
0.000356166
0.000156343
2.47372e-06
0.000388299
0.000193289
7.24046e-05
3.69308e-05
-0.000203723
5.95023e-05
2.43076e-05
-0.000125152
4.99388e-05
4.55471e-05
-0.00012809
4.31358e-05
2.90257e-05
-5.63688e-05
3.56139e-05
6.0501e-05
-5.03607e-05
2.98952e-05
8.76047e-05
-4.1701e-05
2.4525e-05
9.06311e-05
1.02853e-05
1.87154e-05
0.000130928
2.38433e-05
1.5561e-05
0.000166235
4.35998e-05
1.39512e-05
0.000198775
6.77674e-05
9.7844e-06
0.000268
7.63767e-05
5.36046e-06
0.000311117
0.000100718
3.83837e-06
0.00034623
0.000129582
3.83614e-06
0.000377505
0.000163291
4.42576e-06
0.000408407
0.000201117
9.41333e-05
4.61134e-05
-0.000294983
8.35192e-05
2.82508e-05
-0.000208847
7.28752e-05
3.99192e-05
-0.000220337
6.84337e-05
1.16518e-05
-0.000134916
6.01591e-05
3.31855e-05
-0.000137347
5.1953e-05
5.10707e-05
-0.000139901
5.05685e-05
1.59242e-05
-7.02298e-05
4.32094e-05
4.46145e-05
-6.49862e-05
3.7706e-05
7.21328e-05
-5.70449e-05
3.29077e-05
9.71972e-05
-4.7226e-05
3.3044e-05
8.2851e-05
-2.68257e-06
2.41297e-05
0.000117258
5.17745e-06
2.0391e-05
0.000150765
2.27501e-05
1.84344e-05
0.000183394
4.4372e-05
1.69211e-05
0.00021482
6.97483e-05
1.8693e-05
0.000249753
6.22047e-05
1.04677e-05
0.000298308
7.87099e-05
6.83364e-06
0.000334338
0.000105767
6.03317e-06
0.000365512
0.000135532
5.98726e-06
0.000395706
0.000169995
6.57886e-06
0.00042623
0.000208248
0.000113902
5.25751e-05
-0.000389338
0.00010631
4.10266e-05
-0.000295719
9.46845e-05
4.27542e-05
-0.00031521
9.27981e-05
1.7083e-05
-0.00021344
8.4913e-05
3.06612e-05
-0.000224355
7.45797e-05
3.9206e-05
-0.000236819
7.59881e-05
-2.45418e-06
-0.000143619
6.95148e-05
1.79273e-05
-0.000145974
6.26467e-05
3.74736e-05
-0.000148702
5.47722e-05
5.37177e-05
-0.00015117
5.87349e-05
3.37043e-06
-8.04758e-05
5.03781e-05
2.67471e-05
-7.86197e-05
4.54077e-05
5.34875e-05
-7.13684e-05
4.1021e-05
8.0266e-05
-6.27119e-05
3.61345e-05
0.000104715
-5.22924e-05
4.3816e-05
7.50013e-05
-1.01469e-05
3.14559e-05
0.000103578
-9.99941e-06
2.55269e-05
0.000133702
3.53707e-06
2.33549e-05
0.000165693
2.31182e-05
2.16095e-05
0.000197862
4.56965e-05
1.99965e-05
0.00022907
7.16393e-05
3.34652e-05
0.000221798
4.48859e-05
1.84222e-05
0.000280064
6.20185e-05
1.13897e-05
0.000319053
8.25955e-05
9.06017e-06
0.000351771
0.000110439
8.27701e-06
0.000381436
0.000141515
8.34556e-06
0.000411833
0.000176036
8.58835e-06
0.000442064
0.000214407
0.000130905
4.91055e-05
-0.000484495
0.00012726
5.27763e-05
-0.000386699
0.000114239
4.24122e-05
-0.000413226
0.000115963
3.32978e-05
-0.000295302
0.000108271
3.87628e-05
-0.000315098
9.56554e-05
3.62238e-05
-0.000336078
9.95339e-05
4.44711e-06
-0.000216817
9.52562e-05
1.87783e-05
-0.00022731
8.75068e-05
3.0267e-05
-0.000240289
7.6543e-05
3.62361e-05
-0.000253276
8.2737e-05
-1.6492e-05
-0.000148426
7.74318e-05
6.28471e-07
-0.000153383
7.25466e-05
2.07265e-05
-0.000156377
6.60277e-05
3.9819e-05
-0.000159822
5.75033e-05
5.48174e-05
-0.000162231
6.77129e-05
-7.68475e-06
-8.42386e-05
5.80003e-05
8.74353e-06
-8.90236e-05
5.2576e-05
3.24085e-05
-8.45999e-05
4.89925e-05
5.99433e-05
-7.66949e-05
4.45694e-05
8.70429e-05
-6.80116e-05
3.92166e-05
0.000111052
-5.72957e-05
6.25429e-05
6.54497e-05
-7.54596e-06
4.11613e-05
9.00888e-05
-1.94036e-05
3.2142e-05
0.000115801
-1.28605e-05
2.84392e-05
0.00014622
3.61971e-06
2.66648e-05
0.00017846
2.41199e-05
2.49338e-05
0.000211213
4.69535e-05
2.27603e-05
0.000241792
7.30061e-05
5.21953e-05
0.000176338
3.88723e-05
3.16586e-05
0.000249788
4.34946e-05
1.89396e-05
0.000299001
6.31226e-05
1.33371e-05
0.000334126
8.68932e-05
1.13233e-05
0.00036546
0.000115081
1.0745e-05
0.000395527
0.000147066
1.05516e-05
0.000426242
0.000181296
1.04741e-05
0.000456015
0.000219117
0.000143547
3.14631e-05
-0.000574332
0.000145457
5.56603e-05
-0.000479101
0.000130739
3.0401e-05
-0.000511417
0.000137615
5.03193e-05
-0.000381927
0.000129406
4.50468e-05
-0.000410482
0.00011417
2.8495e-05
-0.000438162
0.000122116
2.36274e-05
-0.000293461
0.000119596
3.22424e-05
-0.000313134
0.000110499
3.40407e-05
-0.00033592
9.62002e-05
2.69971e-05
-0.000357222
0.000103743
-7.92262e-06
-0.000216714
0.000103108
4.95834e-06
-0.000228684
9.89362e-05
1.85864e-05
-0.000242031
9.02898e-05
2.84359e-05
-0.000256763
7.79368e-05
3.14886e-05
-0.000269691
8.84471e-05
-2.87402e-05
-0.000145888
8.43402e-05
-1.69755e-05
-0.000157167
8.09547e-05
1.57702e-06
-0.000162623
7.65389e-05
2.25893e-05
-0.000166706
6.9261e-05
4.13099e-05
-0.000171019
5.96824e-05
5.4655e-05
-0.000173205
8.24257e-05
-1.56525e-05
-7.51974e-05
6.63859e-05
-7.75233e-06
-9.29706e-05
5.98297e-05
1.06836e-05
-9.49946e-05
5.63151e-05
3.68827e-05
-8.94261e-05
5.28718e-05
6.58341e-05
-8.17052e-05
4.79832e-05
9.33278e-05
-7.33493e-05
4.17222e-05
0.000116212
-6.24964e-05
8.77246e-05
4.23363e-05
8.0056e-06
5.87126e-05
7.50652e-05
-1.95836e-05
4.09522e-05
9.84603e-05
-2.40831e-05
3.46327e-05
0.000125443
-1.33891e-05
3.17889e-05
0.000157163
4.43975e-06
3.01788e-05
0.00019068
2.52067e-05
2.79576e-05
0.000223567
4.77612e-05
2.51702e-05
0.000252959
7.3493e-05
7.60945e-05
9.2124e-05
1.00446e-05
5.13062e-05
0.000204726
3.26194e-05
3.15298e-05
0.000266519
4.44379e-05
2.04214e-05
0.000311833
6.49853e-05
1.55091e-05
0.000345516
9.13172e-05
1.3803e-05
0.000377398
0.000119397
1.30616e-05
0.000408268
0.000151969
1.26481e-05
0.00043926
0.000185393
1.19281e-05
0.00046784
0.00022253
0.000148497
1.70307e-06
-0.000648327
0.000158581
4.48134e-05
-0.000564957
0.000142351
2.8528e-06
-0.00060237
0.000156822
5.97031e-05
-0.000470124
0.000147275
4.02386e-05
-0.000506822
0.000129379
6.69469e-06
-0.000539214
0.00014384
4.53179e-05
-0.000375163
0.000142012
4.54045e-05
-0.000404715
0.00013086
3.3989e-05
-0.000436352
0.000113
1.05521e-05
-0.000463248
0.00012429
1.34686e-05
-0.0002889
0.000127651
2.34544e-05
-0.000309229
0.000123488
2.94935e-05
-0.000333153
0.000112091
2.71869e-05
-0.000357925
9.55951e-05
1.49199e-05
-0.000378237
0.000104696
-1.7718e-05
-0.000210161
0.000108341
-9.08252e-06
-0.000226681
0.000107979
4.64534e-06
-0.000241778
0.000102793
1.78152e-05
-0.000257677
9.23168e-05
2.53028e-05
-0.000273646
7.82636e-05
2.46573e-05
-0.00028577
9.58773e-05
-3.61926e-05
-0.000129416
9.01836e-05
-3.2951e-05
-0.000153715
8.80907e-05
-1.8404e-05
-0.000165454
8.55882e-05
2.55928e-06
-0.000171877
8.0412e-05
2.44002e-05
-0.000177349
7.18526e-05
4.21594e-05
-0.000182405
6.08998e-05
5.29049e-05
-0.000184041
0.000102573
-2.65492e-05
-5.44991e-05
8.04644e-05
-2.0277e-05
-8.44284e-05
6.74025e-05
-9.35456e-06
-9.93871e-05
6.3404e-05
1.26831e-05
-9.95755e-05
6.04626e-05
4.15644e-05
-9.38418e-05
5.66629e-05
7.1933e-05
-8.68069e-05
5.07808e-05
9.90263e-05
-7.89988e-05
4.35481e-05
0.000119857
-6.79558e-05
0.000111411
8.04633e-07
-7.7885e-06
8.67916e-05
5.28264e-05
-5.2487e-06
5.74881e-05
7.93821e-05
-2.64715e-05
4.2707e-05
0.000105343
-2.62778e-05
3.77734e-05
0.000134268
-1.27697e-05
3.54209e-05
0.000168102
5.38805e-06
3.34317e-05
0.000202493
2.58987e-05
3.06288e-05
0.000234913
4.78143e-05
2.69209e-05
0.000261963
7.30675e-05
6.6586e-05
3.03803e-05
-2.27265e-05
7.84275e-05
0.000121658
1.46751e-05
5.12629e-05
0.000218916
2.89496e-05
3.24734e-05
0.000277353
4.64346e-05
2.21921e-05
0.000320809
6.74906e-05
1.79325e-05
0.000355345
9.54269e-05
1.61296e-05
0.000388221
0.000123304
1.52873e-05
0.000420139
0.000155792
1.43044e-05
0.000450553
0.000188366
1.31528e-05
0.000477766
0.000224555
0.000141787
-3.13488e-05
-0.000695693
0.000161993
2.27031e-05
-0.000630885
0.000145435
-3.56959e-05
-0.000674324
0.0001703
5.61552e-05
-0.000549724
0.000159162
2.00485e-05
-0.000594055
0.000139318
-3.18655e-05
-0.000630523
0.000163695
6.07561e-05
-0.000458027
0.000161253
4.837e-05
-0.000497512
0.000147516
1.98811e-05
-0.000536678
0.000126362
-2.2521e-05
-0.000566596
0.000144987
3.85786e-05
-0.00036606
0.000150934
4.31389e-05
-0.000396195
0.000145649
3.77718e-05
-0.000430673
0.000130853
1.90351e-05
-0.000463609
0.000110181
-1.18621e-05
-0.000487591
0.000121268
4.95296e-06
-0.000279799
0.000131764
1.35082e-05
-0.000302388
0.000133543
2.24148e-05
-0.000327728
0.000126624
2.51904e-05
-0.000355001
0.000112175
1.7582e-05
-0.000380459
9.34716e-05
-6.38074e-07
-0.000398404
0.000102878
-2.07075e-05
-0.000192278
0.000110311
-2.10411e-05
-0.000218338
0.000114311
-1.02149e-05
-0.000238049
0.000113177
4.59197e-06
-0.000256156
0.000105811
1.65237e-05
-0.00027431
9.30068e-05
2.05634e-05
-0.000290719
7.72241e-05
1.52498e-05
-0.000301117
0.000101427
-3.4081e-05
-0.00010007
9.78478e-05
-4.37139e-05
-0.000136042
9.38445e-05
-3.70817e-05
-0.000161486
9.31535e-05
-1.89455e-05
-0.000173706
9.0221e-05
4.22438e-06
-0.000181472
8.36107e-05
2.62353e-05
-0.000188386
7.32902e-05
4.18881e-05
-0.00019391
6.10612e-05
4.90202e-05
-0.000194559
0.000109639
-2.61268e-05
-4.72562e-05
0.000104043
-3.18454e-05
-6.01863e-05
8.05526e-05
-2.50935e-05
-9.17585e-05
7.02811e-05
-9.8697e-06
-0.000104414
6.76003e-05
1.56477e-05
-0.000103496
6.46445e-05
4.71381e-05
-9.82829e-05
5.98334e-05
7.80445e-05
-9.22394e-05
5.28193e-05
0.000103661
-8.50047e-05
4.44806e-05
0.000121402
-7.36245e-05
7.82332e-05
-2.34876e-07
-3.24549e-05
0.000118136
9.82906e-06
-4.51123e-06
8.58031e-05
5.61441e-05
-1.65592e-05
5.80749e-05
8.34787e-05
-3.02175e-05
4.53206e-05
0.000111819
-2.69668e-05
4.13394e-05
0.000143608
-1.16946e-05
3.88438e-05
0.000179008
6.14654e-06
3.63551e-05
0.000213865
2.58668e-05
3.26095e-05
0.000244582
4.68791e-05
2.8159e-05
0.000268769
7.17502e-05
1.67675e-05
3.2345e-05
7.86776e-06
8.17241e-05
3.72151e-05
-2.00416e-05
8.08963e-05
0.000136836
1.58498e-05
5.16644e-05
0.000227268
2.73608e-05
3.38842e-05
0.000284629
4.87199e-05
2.42561e-05
0.000328434
7.01355e-05
2.02093e-05
0.000364269
9.91581e-05
1.83871e-05
0.000398549
0.000126497
1.71009e-05
0.000430788
0.000158446
1.56883e-05
0.000460336
0.000190099
1.37883e-05
0.000485618
0.000225788
0.000122437
-5.79554e-05
-0.000714263
0.00015107
-1.97567e-06
-0.000664678
0.000136545
-7.40429e-05
-0.000717369
0.000172032
4.2454e-05
-0.000604357
0.000159976
-1.04291e-05
-0.000656979
0.000140177
-7.92567e-05
-0.000699792
0.000177101
6.43621e-05
-0.000529141
0.000173395
3.63219e-05
-0.000578155
0.000157278
-1.10952e-05
-0.0006246
0.000134083
-7.26274e-05
-0.000657301
0.000164951
5.8546e-05
-0.000442976
0.000171413
5.3554e-05
-0.000483706
0.000163873
3.22693e-05
-0.000528141
0.000145502
-6.50478e-06
-0.000567357
0.0001213
-5.76776e-05
-0.00059212
0.000139746
3.13812e-05
-0.000353962
0.000155007
3.84449e-05
-0.000384623
0.000157388
3.88835e-05
-0.000421166
0.000147592
2.65011e-05
-0.000459121
0.000128623
-7.58793e-07
-0.000491174
0.000105489
-3.92312e-05
-0.000510165
0.000112119
1.59944e-06
-0.00026344
0.000130746
4.34102e-06
-0.000291077
0.000139862
1.3409e-05
-0.000318945
0.000138802
2.06304e-05
-0.000348807
0.000128017
1.88102e-05
-0.000378451
0.000110252
4.53236e-06
-0.000402888
8.9647e-05
-2.02711e-05
-0.000416812
9.3121e-05
-1.17397e-05
-0.000163258
0.00010964
-2.63186e-05
-0.000198799
0.000117272
-2.37194e-05
-0.000228269
0.000120878
-1.03281e-05
-0.000250862
0.000117565
4.79658e-06
-0.000271786
0.000107328
1.41121e-05
-0.00029159
9.19618e-05
1.33961e-05
-0.00030755
7.47666e-05
2.63448e-06
-0.000315275
8.58642e-05
-9.80661e-06
-7.95237e-05
0.000106677
-4.31629e-05
-0.00010326
0.000101167
-5.02381e-05
-0.000143504
9.89383e-05
-3.97787e-05
-0.000169317
9.84549e-05
-1.81414e-05
-0.000182204
9.42397e-05
6.66148e-06
-0.000191506
8.55356e-05
2.75353e-05
-0.000199748
7.34357e-05
3.97774e-05
-0.000205295
6.00585e-05
4.24153e-05
-0.00020446
5.94792e-05
5.06089e-06
-3.99854e-05
0.000120107
-3.40473e-05
-4.70338e-05
0.000104205
-3.63196e-05
-6.73674e-05
8.22571e-05
-2.80457e-05
-9.77705e-05
7.4082e-05
-8.91134e-06
-0.000108624
7.20461e-05
2.00873e-05
-0.000107164
6.82493e-05
5.32853e-05
-0.000102942
6.22034e-05
8.36642e-05
-9.81035e-05
5.38249e-05
0.000106541
-9.13707e-05
4.46182e-05
0.000120474
-7.93075e-05
1.08791e-05
2.59204e-05
1.19779e-05
9.59651e-05
-3.2286e-06
-3.3655e-05
0.000121757
1.63694e-05
-5.60858e-06
8.553e-05
5.80771e-05
-2.50323e-05
5.96916e-05
8.78653e-05
-3.20813e-05
4.85823e-05
0.000119076
-2.67728e-05
4.47891e-05
0.000153308
-1.05875e-05
4.1986e-05
0.000189945
6.45519e-06
3.85896e-05
0.000223998
2.49502e-05
3.39953e-05
0.00025228
4.50502e-05
2.85955e-05
0.000272797
6.98925e-05
-8.26583e-06
4.54175e-05
5.2619e-05
2.56949e-05
2.37491e-05
-4.40466e-06
9.02709e-05
4.34329e-05
-1.69353e-05
8.2205e-05
0.000144907
1.59954e-05
5.23882e-05
0.0002324
2.7192e-05
3.5547e-05
0.000290637
5.09591e-05
2.62221e-05
0.000335412
7.27592e-05
2.24193e-05
0.00037312
0.000102157
2.02409e-05
0.000408025
0.000129008
1.86722e-05
0.000440348
0.000159753
1.64567e-05
0.000468268
0.000190983
1.43236e-05
0.000492137
0.000226223
-7.37682e-05
9.36291e-05
-0.00071376
0.000125709
-2.04929e-05
-0.000667356
0.000116072
-0.000102583
-0.000732206
0.000157292
2.62501e-05
-0.000622031
0.000146075
-3.97779e-05
-0.000685054
0.000129382
-0.000121985
-0.000739147
0.000177175
5.86819e-05
-0.000569689
0.000171868
1.49059e-05
-0.00062818
0.000155059
-5.00159e-05
-0.000684012
0.000132524
-0.000128254
-0.000723382
0.000177563
6.8702e-05
-0.000504058
0.000183348
4.99301e-05
-0.000554701
0.000173476
1.01752e-05
-0.000609043
0.000152344
-4.90612e-05
-0.000655021
0.000126552
-0.000119474
-0.000680996
0.00015882
5.36666e-05
-0.000425295
0.000176196
5.49942e-05
-0.000465621
0.000177283
4.22592e-05
-0.000513607
0.000163801
1.02412e-05
-0.000561111
0.000140587
-3.95303e-05
-0.00059748
0.000114152
-9.86619e-05
-0.000614319
0.000126676
2.58815e-05
-0.000337863
0.000152869
3.22176e-05
-0.000369871
0.000164744
3.70776e-05
-0.000407715
0.000162193
3.17523e-05
-0.000449825
0.000146851
1.05642e-05
-0.000489292
0.000123827
-2.62885e-05
-0.000517705
9.90028e-05
-7.21091e-05
-0.000529467
9.26047e-05
6.17261e-06
-0.000241094
0.000123795
-3.47841e-07
-0.000272916
0.000141131
4.15716e-06
-0.000305696
0.000147691
1.34997e-05
-0.000338641
0.00014231
1.75189e-05
-0.000372276
0.000127002
9.06658e-06
-0.000402673
0.000106051
-1.29446e-05
-0.000424316
8.42465e-05
-4.43494e-05
-0.000432716
6.55639e-05
8.4431e-06
-0.000140418
0.000102845
-1.83285e-05
-0.000167424
0.000117462
-3.11555e-05
-0.000207666
0.000125075
-2.49124e-05
-0.000239831
0.000126964
-9.34848e-06
-0.000265236
0.000120429
4.74515e-06
-0.000288621
0.000106717
9.76163e-06
-0.00030915
8.90431e-05
2.90793e-06
-0.000323443
7.09743e-05
-1.37038e-05
-0.000327601
3.54256e-05
2.02239e-05
-7.04986e-05
9.87449e-05
-1.95566e-05
-8.17753e-05
0.000110957
-5.11071e-05
-0.000109147
0.000105596
-5.49784e-05
-0.000151649
0.000104565
-4.06359e-05
-0.000177314
0.000103389
-1.58602e-05
-0.000191035
9.69617e-05
9.26539e-06
-0.000201961
8.59598e-05
2.74873e-05
-0.000211227
7.21113e-05
3.50864e-05
-0.000216264
5.80396e-05
3.26301e-05
-0.000213304
1.7526e-06
2.7077e-05
-9.82921e-06
7.46823e-05
-3.2906e-06
-4.94912e-05
0.000125989
-3.77032e-05
-4.98892e-05
0.000104231
-3.91467e-05
-7.49733e-05
8.50154e-05
-2.91639e-05
-0.000102849
7.84794e-05
-6.20226e-06
-0.00011224
7.60644e-05
2.56222e-05
-0.000110788
7.10658e-05
5.95312e-05
-0.000107902
6.34215e-05
8.7926e-05
-0.000104333
5.38599e-05
0.000107063
-9.7835e-05
4.38247e-05
0.000116566
-8.46452e-05
-8.94191e-06
2.86444e-05
4.27016e-05
2.04735e-05
2.18316e-05
-7.88729e-06
0.000109216
-3.81298e-06
-3.24314e-05
0.000123506
1.94095e-05
-8.25351e-06
8.60758e-05
5.99235e-05
-3.07882e-05
6.20516e-05
9.33215e-05
-3.28421e-05
5.18718e-05
0.000126854
-2.59809e-05
4.80344e-05
0.000163444
-9.71468e-06
4.44549e-05
0.000200148
6.07823e-06
4.02064e-05
0.000232638
2.30466e-05
3.4493e-05
0.000257382
4.24187e-05
2.8663e-05
0.000274497
6.78097e-05
-3.35646e-06
4.62957e-05
5.51531e-05
-9.27606e-06
4.34782e-05
4.21709e-05
3.39144e-05
1.92504e-05
-1.4163e-05
9.54082e-05
4.78724e-05
-1.53287e-05
8.27285e-05
0.000150181
1.54747e-05
5.33352e-05
0.000236857
2.76257e-05
3.70537e-05
0.000296115
5.31913e-05
2.81045e-05
0.000342432
7.53308e-05
2.42927e-05
0.000381542
0.000104337
2.1849e-05
0.000416998
0.000130499
1.9626e-05
0.000448285
0.000160101
1.70393e-05
0.000475042
0.00019103
1.4176e-05
0.000496884
0.000226869
9.05571e-05
-3.01248e-05
-0.000653794
-7.96053e-05
6.03763e-05
-0.000708474
-0.000118279
8.78219e-05
-0.000730412
0.000126703
1.55928e-05
-0.000608445
0.000119059
-5.98543e-05
-0.000683081
0.000108743
-0.000151729
-0.000752042
0.000159719
5.07111e-05
-0.000571775
0.000153173
-5.09384e-06
-0.000638035
0.000138515
-8.30736e-05
-0.000707434
0.000120507
-0.000174522
-0.000760069
0.000176094
6.97577e-05
-0.0005292
0.000179825
3.70836e-05
-0.000588359
0.00016816
-1.92442e-05
-0.000653649
0.000146786
-9.58461e-05
-0.000710874
0.000122833
-0.000181894
-0.000743691
0.000170204
6.8716e-05
-0.000474903
0.000187409
5.93901e-05
-0.000524747
0.000186286
2.98883e-05
-0.000583434
0.000169719
-2.28113e-05
-0.000641225
0.000144024
-9.43249e-05
-0.000683619
0.000116954
-0.000171406
-0.000699753
0.000143427
4.75743e-05
-0.000404213
0.000173662
5.29589e-05
-0.000444068
0.00018593
4.83426e-05
-0.000492907
0.000180218
2.5513e-05
-0.00054692
0.000159989
-1.88299e-05
-0.000594965
0.000132595
-7.98287e-05
-0.000625093
0.000105253
-0.000145002
-0.000631368
0.000102682
2.34096e-05
-0.00031787
0.00014291
2.66815e-05
-0.000351455
0.000166256
3.26081e-05
-0.000390541
0.000173252
3.3846e-05
-0.000435385
0.000164074
2.05145e-05
-0.000481555
0.000142809
-1.1629e-05
-0.000519773
0.000116403
-5.82986e-05
-0.000541879
9.10304e-05
-0.000110017
-0.000544343
6.02813e-05
1.54742e-05
-0.000220736
0.000107187
3.51801e-06
-0.000249314
0.000136559
-1.77573e-06
-0.000286089
0.000151734
4.9476e-06
-0.000323816
0.000154088
1.32942e-05
-0.000361554
0.000143145
1.17898e-05
-0.000397731
0.000123098
-5.16723e-06
-0.000426845
9.96121e-05
-3.5714e-05
-0.000443532
7.75705e-05
-7.29448e-05
-0.000445062
2.48911e-05
2.40404e-05
-0.000133581
7.95689e-05
3.96737e-06
-0.000143559
0.000112538
-2.47109e-05
-0.000175456
0.000126115
-3.43119e-05
-0.000218794
0.000132831
-2.43068e-05
-0.000253148
0.000131708
-7.68224e-06
-0.000281139
0.000120957
3.379e-06
-0.000306248
0.000103811
2.26644e-06
-0.000326373
8.43211e-05
-1.15405e-05
-0.000337827
6.61244e-05
-3.39688e-05
-0.000337494
-1.27397e-06
3.03329e-05
-5.64567e-05
4.7836e-05
1.4211e-05
-7.74633e-05
0.000108494
-2.82438e-05
-8.71503e-05
0.000114665
-5.6904e-05
-0.000117659
0.000110859
-5.79159e-05
-0.00016022
0.000110284
-3.9518e-05
-0.000185471
0.000107163
-1.26062e-05
-0.000200273
9.79952e-05
1.12477e-05
-0.000212665
8.45718e-05
2.5114e-05
-0.000222418
6.94543e-05
2.71028e-05
-0.000226343
5.50768e-05
1.93355e-05
-0.000220699
-7.72608e-06
2.68949e-05
7.8382e-06
7.70621e-06
2.49621e-05
-2.53421e-05
8.85952e-05
-8.92454e-06
-5.76705e-05
0.000128953
-4.00658e-05
-5.44237e-05
0.000105046
-4.0646e-05
-8.24674e-05
8.86201e-05
-2.84907e-05
-0.000107137
8.27835e-05
-2.24063e-06
-0.0001153
7.93905e-05
3.18584e-05
-0.000114484
7.2655e-05
6.5022e-05
-0.000113211
6.35348e-05
9.01933e-05
-0.000110803
5.27733e-05
0.000104633
-0.000104193
4.25119e-05
0.000109704
-8.9177e-05
-4.53952e-06
2.53019e-05
4.48413e-05
-1.04416e-05
2.99618e-05
3.57044e-05
3.17912e-05
1.72036e-05
-2.68147e-05
0.000119225
-4.50459e-06
-3.23448e-05
0.000124429
2.21574e-05
-1.21998e-05
8.73996e-05
6.30943e-05
-3.46366e-05
6.45229e-05
9.9276e-05
-3.27452e-05
5.50241e-05
0.000135224
-2.46934e-05
5.06914e-05
0.000173315
-9.29358e-06
4.62941e-05
0.000209401
4.85816e-06
4.08863e-05
0.000238895
2.02622e-05
3.4467e-05
0.000260119
3.93582e-05
2.79451e-05
0.000273388
6.61975e-05
2.50197e-06
3.71761e-05
5.31921e-05
-4.73525e-06
4.79506e-05
5.54029e-05
-7.12627e-06
4.08147e-05
2.77264e-05
4.14312e-05
1.79771e-05
-2.57274e-05
9.88562e-05
5.14322e-05
-1.54505e-05
8.27105e-05
0.000154649
1.49608e-05
5.41098e-05
0.000241045
2.85746e-05
3.8395e-05
0.000302035
5.51825e-05
2.96067e-05
0.000349474
7.77806e-05
2.59948e-05
0.000389802
0.000105527
2.29026e-05
0.000424765
0.000131107
2.03512e-05
0.00045523
0.000159552
1.68955e-05
0.000480001
0.00019101
1.41733e-05
0.0005012
0.000227749
5.15041e-05
-3.26708e-05
-0.00064232
8.63001e-05
1.1272e-05
-0.000582623
8.41311e-05
-6.93168e-05
-0.00066784
-7.70605e-05
2.74385e-05
-0.00070753
-0.000123491
5.62658e-05
-0.000725302
-0.000167148
8.22491e-05
-0.000750725
0.000125527
4.65552e-05
-0.000544215
0.000120122
-1.75249e-05
-0.000617737
0.000111038
-0.000104357
-0.000702987
0.000100833
-0.000204781
-0.000773028
0.000157458
6.92775e-05
-0.000519849
0.000157411
2.62905e-05
-0.000580762
0.000145794
-4.17933e-05
-0.000656962
0.000128516
-0.000132458
-0.000731238
0.000110445
-0.000230535
-0.000778827
0.000167647
7.56259e-05
-0.000487663
0.000182089
5.41326e-05
-0.000540946
0.000178333
9.76061e-06
-0.000609427
0.000159954
-5.92627e-05
-0.000680481
0.000135462
-0.000148045
-0.00073617
0.000111616
-0.00023872
-0.000758874
0.000153196
6.50152e-05
-0.000442715
0.000183619
6.35629e-05
-0.00048905
0.000194462
4.51383e-05
-0.000548547
0.000185215
3.11198e-06
-0.00061437
0.000161382
-6.38626e-05
-0.000673092
0.000132487
-0.000146321
-0.000708606
0.000105937
-0.000226244
-0.000712047
0.000116605
4.13864e-05
-0.000378207
0.000161695
4.86324e-05
-0.000418688
0.000187574
5.01421e-05
-0.000467202
0.000192883
3.73876e-05
-0.000524429
0.000178776
2.18827e-06
-0.000582656
0.000151846
-5.61562e-05
-0.000627688
0.00012176
-0.000127208
-0.000648255
9.51758e-05
-0.000194979
-0.00064182
6.78484e-05
2.29718e-05
-0.000293289
0.000121785
2.41151e-05
-0.000329916
0.000159951
2.75357e-05
-0.000369789
0.000178909
3.22856e-05
-0.000416171
0.000178977
2.74985e-05
-0.000467274
0.000161987
3.26246e-06
-0.000515304
0.000135106
-4.1078e-05
-0.000549014
0.000106674
-9.70547e-05
-0.000561913
8.21378e-05
-0.00015189
-0.000553629
2.49915e-05
2.14786e-05
-0.000200176
7.68327e-05
1.41174e-05
-0.000228618
0.000122775
6.63218e-07
-0.000262003
0.00014994
-1.79353e-06
-0.000303184
0.000161446
6.59625e-06
-0.000345747
0.000157877
1.15873e-05
-0.000387535
0.000140535
1.82756e-06
-0.000424319
0.000116156
-2.52597e-05
-0.000449658
9.13143e-05
-6.39804e-05
-0.0004595
7.01348e-05
-0.000105553
-0.000453166
7.64803e-07
2.69769e-05
-0.000111153
3.6404e-05
2.28285e-05
-0.000141036
9.31011e-05
-1.46824e-06
-0.000151424
0.000122311
-2.99152e-05
-0.000187506
0.00013519
-3.52349e-05
-0.000232207
0.000139774
-2.19871e-05
-0.000268345
0.00013411
-6.19185e-06
-0.000298526
0.00011868
-5.49138e-07
-0.000324131
9.84747e-05
-9.49671e-06
-0.000342332
7.81069e-05
-3.05772e-05
-0.000349882
6.05157e-05
-5.80651e-05
-0.000344341
-4.80464e-06
2.82031e-05
-3.45455e-05
2.82471e-06
2.91226e-05
-6.65074e-05
6.09885e-05
8.99067e-06
-8.7132e-05
0.000114672
-3.49286e-05
-9.48513e-05
0.000118695
-6.13873e-05
-0.000127843
0.000116751
-5.89145e-05
-0.000168963
0.000115277
-3.67676e-05
-0.000193815
0.000109235
-9.08759e-06
-0.000209794
9.69069e-05
1.14758e-05
-0.000223291
8.15029e-05
1.96184e-05
-0.000232914
6.55491e-05
1.53497e-05
-0.000235143
5.1594e-05
2.53616e-06
-0.000226011
-3.78475e-06
2.18928e-05
1.94976e-05
-8.60132e-06
2.74006e-05
3.53028e-06
1.68827e-05
2.21695e-05
-4.15652e-05
0.000100679
-1.37034e-05
-6.55029e-05
0.000131118
-4.15432e-05
-6.02217e-05
0.000106983
-4.11045e-05
-8.94445e-05
9.24393e-05
-2.67618e-05
-0.000110542
8.66447e-05
2.79598e-06
-0.000117871
8.15317e-05
3.79752e-05
-0.000118291
7.29968e-05
6.89447e-05
-0.000118678
6.2356e-05
8.96239e-05
-0.000117275
5.09353e-05
9.90033e-05
-0.00010997
4.04711e-05
9.96434e-05
-9.23402e-05
1.2089e-06
1.87831e-05
5.14712e-05
-4.78342e-06
2.6859e-05
4.79568e-05
-9.11426e-06
2.96907e-05
2.51787e-05
4.25436e-05
1.39392e-05
-4.64121e-05
0.00012724
-4.67197e-06
-3.39086e-05
0.000125009
2.51368e-05
-1.65533e-05
8.86614e-05
6.6919e-05
-3.68438e-05
6.69841e-05
0.000105824
-3.19472e-05
5.76435e-05
0.000143772
-2.32001e-05
5.27853e-05
0.000182748
-9.44388e-06
4.71691e-05
0.000216676
2.79819e-06
4.09242e-05
0.000242875
1.69229e-05
3.3472e-05
0.000259753
3.64068e-05
2.71366e-05
0.000270368
6.57724e-05
5.68502e-06
2.52326e-05
5.61448e-05
3.06114e-06
3.88762e-05
5.91627e-05
-5.29691e-06
4.91175e-05
5.23667e-05
-4.31791e-06
3.92522e-05
1.07602e-05
4.582e-05
1.73481e-05
-3.74897e-05
0.000101108
5.40993e-05
-1.60235e-05
8.21927e-05
0.000158988
1.48141e-05
5.44581e-05
0.000245968
3.01709e-05
3.95206e-05
0.000308222
5.69019e-05
3.09535e-05
0.000356809
7.98091e-05
2.71712e-05
0.00039708
0.000106031
2.37052e-05
0.000431811
0.000130811
2.02987e-05
0.000460457
0.000158789
1.67111e-05
0.000484416
0.000191074
1.34703e-05
0.000504564
0.000229974
1.39193e-05
-3.03672e-05
-0.00064336
4.26947e-05
1.13145e-05
-0.000566249
4.65232e-05
-7.15199e-05
-0.000656695
8.13718e-05
4.7079e-05
-0.000508483
7.9272e-05
-2.16656e-05
-0.000589439
7.79117e-05
-0.00011363
-0.000688244
-6.4979e-05
-1.31074e-06
-0.000708376
-0.000119868
2.49806e-05
-0.00072455
-0.000171635
5.34379e-05
-0.000746451
-0.000219906
7.71838e-05
-0.000773538
0.000121264
7.08204e-05
-0.000481041
0.000119435
2.03095e-05
-0.000544089
0.000111771
-5.53999e-05
-0.000632685
0.00010212
-0.00015415
-0.000727233
9.2669e-05
-0.000260863
-0.000793033
0.000148742
8.10613e-05
-0.000469456
0.000157743
5.12572e-05
-0.000520488
0.00015144
-3.21718e-06
-0.000592461
0.000135259
-8.52825e-05
-0.000679457
0.00011665
-0.000187192
-0.000755779
9.97241e-05
-0.000287824
-0.000793353
0.000150533
7.65413e-05
-0.000446455
0.000177297
6.53783e-05
-0.000492605
0.000184277
3.42198e-05
-0.000555237
0.00017176
-2.2616e-05
-0.000632634
0.000147483
-0.000106443
-0.000708197
0.00012165
-0.000205481
-0.00075858
9.973e-05
-0.000295508
-0.000767422
0.000125162
5.86108e-05
-0.000406637
0.00016996
6.31589e-05
-0.000450594
0.000194886
5.43509e-05
-0.000505592
0.000197339
2.50961e-05
-0.000575005
0.000178332
-3.12928e-05
-0.000646511
0.000148301
-0.000112807
-0.000703072
0.000118443
-0.000203656
-0.000727885
9.42748e-05
-0.000281081
-0.000716487
7.93976e-05
3.5476e-05
-0.000343178
0.000137671
4.34324e-05
-0.000388911
0.000179825
4.83677e-05
-0.000436805
0.000199269
4.44222e-05
-0.000494614
0.000195303
2.06111e-05
-0.000559194
0.00017176
-2.96347e-05
-0.000618966
0.000139376
-0.000102059
-0.000657118
0.000108839
-0.000180423
-0.000664984
8.47552e-05
-0.000245808
-0.000644724
3.17522e-05
2.2348e-05
-0.000257249
8.77884e-05
2.40969e-05
-0.000304245
0.000142132
2.46486e-05
-0.000346402
0.000176786
2.86179e-05
-0.000392982
0.000189222
3.03397e-05
-0.000446806
0.000180372
1.6267e-05
-0.00050279
0.000155137
-2.16557e-05
-0.000549344
0.000123892
-7.88843e-05
-0.000574932
9.52926e-05
-0.000141657
-0.000576133
7.30159e-05
-0.000195941
-0.000556443
3.65408e-06
2.25763e-05
-0.000162714
3.86404e-05
2.14953e-05
-0.000209811
9.49299e-05
1.17049e-05
-0.000241505
0.000139168
-1.19371e-06
-0.000279471
0.000163261
6.19226e-08
-0.000324734
0.000169069
8.29051e-06
-0.000371761
0.000157928
6.60661e-06
-0.000416148
0.000134018
-1.41932e-05
-0.000450738
0.000106528
-5.20792e-05
-0.000469625
8.17975e-05
-9.77077e-05
-0.000471046
6.24139e-05
-0.000141207
-0.00045622
-2.38224e-06
2.46866e-05
-7.64288e-05
6.21008e-06
2.68138e-05
-0.000118545
5.00884e-05
2.05125e-05
-0.000152148
0.000105249
-7.38333e-06
-0.000164542
0.000132555
-3.36026e-05
-0.000203006
0.000144276
-3.38027e-05
-0.000247927
0.000144866
-1.84873e-05
-0.000285652
0.000133407
-6.23221e-06
-0.000317029
0.000113289
-8.52026e-06
-0.000341504
9.11041e-05
-2.62671e-05
-0.000356256
7.08045e-05
-5.42736e-05
-0.000358939
5.47577e-05
-8.55771e-05
-0.000347494
-9.67828e-07
2.16074e-05
-9.97557e-06
-4.44247e-06
2.80772e-05
-3.76856e-05
1.03435e-05
2.82988e-05
-7.92969e-05
7.37559e-05
4.67506e-06
-9.98498e-05
0.000120126
-4.02668e-05
-0.000104986
0.000123818
-6.47101e-05
-0.00013889
0.000122541
-5.79792e-05
-0.000177864
0.000118828
-3.26684e-05
-0.00020243
0.000108956
-6.32763e-06
-0.000219427
9.37724e-05
8.92124e-06
-0.000233383
7.68569e-05
1.01614e-05
-0.000242238
6.0848e-05
-4.53889e-07
-0.000242075
4.77045e-05
-1.76618e-05
-0.000228738
1.60297e-06
1.44136e-05
3.44765e-05
-3.26731e-06
2.28236e-05
2.25237e-05
-7.28714e-06
2.72521e-05
-3.4095e-06
2.72535e-05
1.9251e-05
-5.92739e-05
0.000111369
-1.82334e-05
-7.29544e-05
0.000133132
-4.29566e-05
-6.65e-05
0.000109455
-4.20359e-05
-9.4974e-05
9.61574e-05
-2.39511e-05
-0.000112978
8.94547e-05
8.37867e-06
-0.000120099
8.23416e-05
4.31856e-05
-0.000122102
7.18943e-05
7.03441e-05
-0.000124135
6.02003e-05
8.57611e-05
-0.00012332
4.81099e-05
8.97259e-05
-0.0001147
3.83411e-05
8.67955e-05
-9.33348e-05
5.12343e-06
1.27028e-05
5.99209e-05
2.34223e-06
2.011e-05
5.88981e-05
-4.21365e-06
2.75263e-05
4.90033e-05
-6.08621e-06
2.90716e-05
1.17909e-05
4.99012e-05
1.04012e-05
-6.56143e-05
0.000133652
-4.97649e-06
-3.6347e-05
0.000125093
2.78375e-05
-2.03853e-05
8.95377e-05
7.11626e-05
-3.72756e-05
6.90794e-05
0.000112836
-3.05836e-05
5.97554e-05
0.000152459
-2.17273e-05
5.39394e-05
0.000190578
-1.01265e-05
4.7337e-05
0.00022194
9.02749e-08
3.98544e-05
0.000243749
1.3361e-05
3.21517e-05
0.000257086
3.42389e-05
2.56949e-05
0.000265207
6.73215e-05
4.99292e-06
1.64338e-05
6.24851e-05
6.55643e-06
2.55998e-05
6.28174e-05
4.24037e-06
4.01017e-05
6.38952e-05
-4.81768e-06
4.97096e-05
4.66976e-05
-1.18394e-06
3.84938e-05
-9.23425e-06
4.73979e-05
1.60668e-05
-4.68763e-05
0.000101607
5.6817e-05
-1.54745e-05
8.10692e-05
0.000165023
1.4678e-05
5.42817e-05
0.000251735
3.23643e-05
4.05488e-05
0.000314819
5.83315e-05
3.1938e-05
0.000363554
8.13857e-05
2.81402e-05
0.000403985
0.000105706
2.3851e-05
0.000437334
0.000130074
2.01138e-05
0.000465125
0.000157958
1.58526e-05
0.000487455
0.000192324
1.34884e-05
0.000508641
0.000233427
-1.77728e-05
-2.19075e-05
-0.000653612
1.74558e-06
1.32193e-05
-0.000569994
1.03096e-05
-6.83452e-05
-0.000658681
3.48865e-05
4.90939e-05
-0.000489123
3.64194e-05
-2.14391e-05
-0.000573491
4.31548e-05
-0.000115202
-0.000678384
7.58534e-05
7.5304e-05
-0.000439576
7.39259e-05
2.06099e-05
-0.000505266
7.23124e-05
-5.93326e-05
-0.000604291
7.23289e-05
-0.00016318
-0.000715191
-3.99896e-05
-2.31492e-05
-0.000696825
-0.000105691
-2.98494e-06
-0.000725153
-0.000166755
2.4639e-05
-0.000745487
-0.00022362
5.20125e-05
-0.000770616
-0.000275505
7.26994e-05
-0.00079626
0.000113144
8.77139e-05
-0.000423789
0.000116729
5.11529e-05
-0.000470889
0.000111488
-1.01931e-05
-0.00054936
0.000102119
-9.88856e-05
-0.000654822
9.27966e-05
-0.000209185
-0.000755068
8.46785e-05
-0.000317236
-0.000809772
0.00013257
8.64164e-05
-0.000421341
0.000152146
6.85948e-05
-0.000461662
0.000154145
2.85192e-05
-0.00052211
0.000141165
-3.91517e-05
-0.000608012
0.000122005
-0.000135201
-0.00070598
0.000103684
-0.00024621
-0.000779436
8.90882e-05
-0.000342889
-0.000801763
0.000123418
7.29677e-05
-0.000404116
0.000163776
7.11215e-05
-0.000446034
0.000183978
5.20971e-05
-0.000499593
0.000181133
1.00617e-05
-0.000571726
0.000159359
-6.18766e-05
-0.000658242
0.00013127
-0.000160809
-0.000735848
0.000106487
-0.00026617
-0.00077597
8.77063e-05
-0.00034849
-0.000767739
8.75124e-05
5.01273e-05
-0.000362457
0.000144655
5.92612e-05
-0.000409743
0.000185665
5.81884e-05
-0.00046029
0.000202708
4.04382e-05
-0.000524392
0.000193901
-1.67466e-06
-0.000603238
0.000164888
-7.39996e-05
-0.00067846
0.000131173
-0.000169317
-0.000729217
0.00010313
-0.000263693
-0.000739571
8.3179e-05
-0.00033206
-0.00071238
4.09566e-05
2.92829e-05
-0.000293815
0.000100837
3.81139e-05
-0.000350928
0.000159251
4.43962e-05
-0.000402077
0.000196381
4.62046e-05
-0.0004582
0.000206709
3.41207e-05
-0.000525628
0.000191332
-3.71396e-06
-0.000596091
0.000158536
-7.07966e-05
-0.000653641
0.000123311
-0.000156151
-0.000680819
9.48205e-05
-0.000236866
-0.00067346
7.47705e-05
-0.000293873
-0.000639643
7.96026e-06
2.05584e-05
-0.000204914
4.81097e-05
2.38931e-05
-0.000266535
0.000109805
2.47984e-05
-0.000319288
0.000162958
2.5826e-05
-0.000367416
0.000192047
2.97253e-05
-0.000421171
0.000195368
2.51874e-05
-0.000482042
0.000176156
-2.17902e-06
-0.000540511
0.000143165
-5.58285e-05
-0.000581559
0.000109916
-0.000124657
-0.000595331
8.33051e-05
-0.000190371
-0.000583218
6.4161e-05
-0.000239544
-0.000552173
-1.1872e-06
2.09551e-05
-0.000114832
1.14736e-05
2.26534e-05
-0.000169157
5.51943e-05
2.06524e-05
-0.000223886
0.000113968
8.61417e-06
-0.000260049
0.000156193
-1.30596e-06
-0.000301752
0.000175347
3.50907e-06
-0.000351038
0.000173335
8.38892e-06
-0.000402029
0.000153214
-3.75766e-06
-0.000446406
0.000123621
-3.76794e-05
-0.000475484
9.49184e-05
-8.58415e-05
-0.000485317
7.17541e-05
-0.000135882
-0.000477328
5.51286e-05
-0.000178232
-0.000453784
1.17378e-06
1.89672e-05
-3.94218e-05
-5.13242e-07
2.44794e-05
-7.805e-05
1.48106e-05
2.63952e-05
-0.000128917
6.53044e-05
1.68602e-05
-0.000167976
0.00011785
-1.3427e-05
-0.00018245
0.000143572
-3.51171e-05
-0.000221455
0.000152326
-2.97926e-05
-0.00026642
0.000146944
-1.48793e-05
-0.000305136
0.000128983
-9.5586e-06
-0.000336031
0.000105223
-2.18558e-05
-0.000357378
8.22329e-05
-4.85851e-05
-0.000367331
6.3088e-05
-8.23594e-05
-0.000364406
4.91823e-05
-0.00011554
-0.000346574
3.87975e-06
1.32138e-05
1.44774e-05
-2.78186e-07
2.21728e-05
-7.09321e-06
-1.99331e-06
2.80911e-05
-4.2799e-05
2.0311e-05
2.75708e-05
-9.52727e-05
8.61766e-05
4.83535e-07
-0.00011544
0.000125825
-4.52229e-05
-0.000117172
0.000129608
-6.66102e-05
-0.000150421
0.000127517
-5.48649e-05
-0.000187038
0.000120042
-2.80256e-05
-0.000211334
0.000106273
-5.64182e-06
-0.000228807
8.86733e-05
2.47586e-06
-0.000242489
7.1176e-05
-3.73634e-06
-0.000249941
5.5486e-05
-2.03877e-05
-0.000246735
4.40547e-05
-4.06668e-05
-0.000228075
5.03975e-06
8.4819e-06
4.80674e-05
2.73028e-06
1.54287e-05
4.14444e-05
-2.11275e-06
2.31081e-05
2.45318e-05
-4.13241e-06
2.66023e-05
-1.27447e-05
3.64734e-05
1.54293e-05
-7.95578e-05
0.000120982
-2.32692e-05
-7.9983e-05
0.000134627
-4.5645e-05
-7.24334e-05
0.00011208
-4.26804e-05
-9.87987e-05
9.91841e-05
-1.99932e-05
-0.000114722
9.09455e-05
1.39124e-05
-0.00012203
8.15469e-05
4.6375e-05
-0.000125753
6.96511e-05
6.86165e-05
-0.000129316
5.68641e-05
7.80733e-05
-0.000128688
4.49299e-05
7.70265e-05
-0.000117719
3.59413e-05
7.15431e-05
-9.14276e-05
5.51769e-06
8.24577e-06
6.64628e-05
6.36108e-06
1.3015e-05
6.7166e-05
3.66343e-06
2.11737e-05
6.57861e-05
-2.87531e-06
2.77163e-05
4.83827e-05
-2.14599e-06
2.79675e-05
-4.83373e-06
5.40601e-05
6.24774e-06
-8.35514e-05
0.000137091
-6.1785e-06
-3.78216e-05
0.000123882
3.12014e-05
-2.32512e-05
8.99893e-05
7.59201e-05
-3.60826e-05
7.09561e-05
0.000120267
-2.88129e-05
6.10951e-05
0.000160105
-2.04247e-05
5.44009e-05
0.000196805
-1.12648e-05
4.64715e-05
0.000224198
-2.99e-06
3.83347e-05
0.000242089
1.01276e-05
3.00581e-05
0.000251497
3.3735e-05
2.49043e-05
0.000259872
7.19492e-05
3.34157e-06
1.18317e-05
5.84558e-05
5.30896e-06
1.59293e-05
6.68046e-05
7.4751e-06
2.59085e-05
6.94864e-05
5.43464e-06
4.10672e-05
6.70598e-05
-3.55394e-06
5.01433e-05
3.85588e-05
1.6158e-06
3.83032e-05
-3.31037e-05
4.95553e-05
1.33104e-05
-5.29698e-05
0.000100537
6.26117e-05
-1.36154e-05
7.98381e-05
0.000171914
1.46481e-05
5.40069e-05
0.000258437
3.47276e-05
4.1241e-05
0.000320941
5.9692e-05
3.28148e-05
0.000370222
8.23232e-05
2.85298e-05
0.000409395
0.000105107
2.38683e-05
0.000442256
0.000129066
1.92322e-05
0.000468245
0.000157927
1.54535e-05
0.000490937
0.000194566
1.28224e-05
0.000512699
0.000239378
-4.03685e-05
-3.74706e-06
-0.000655192
-3.16015e-05
1.80796e-05
-0.000589782
-2.10321e-05
-5.81844e-05
-0.00066979
-7.85685e-06
5.05135e-05
-0.000495637
-3.80127e-06
-1.89234e-05
-0.00057921
9.36599e-06
-0.000110967
-0.000680693
2.87498e-05
7.87998e-05
-0.00041896
2.70111e-05
2.2654e-05
-0.000486317
3.18936e-05
-5.87163e-05
-0.000589571
4.17189e-05
-0.000164209
-0.000707197
6.94654e-05
9.48676e-05
-0.000380475
6.84181e-05
5.49097e-05
-0.000425583
6.63306e-05
-9.9476e-06
-0.000509509
6.59559e-05
-0.000102607
-0.000628715
6.76119e-05
-0.000218222
-0.000747301
-4.46788e-06
-3.81643e-05
-0.000657606
-7.66328e-05
-2.51066e-05
-0.000713195
-0.000150588
-2.11204e-06
-0.000744602
-0.000217548
2.63256e-05
-0.00076891
-0.000278348
5.17419e-05
-0.000794973
-0.000331144
6.87799e-05
-0.000816026
0.000100452
9.65612e-05
-0.000373591
0.000110696
7.38061e-05
-0.000405011
0.000109774
2.76312e-05
-0.00046436
0.000101554
-4.59637e-05
-0.000562686
9.17041e-05
-0.00014886
-0.000684858
8.36363e-05
-0.000268567
-0.000783698
7.70842e-05
-0.000370421
-0.000820153
0.000108422
8.52166e-05
-0.000373428
0.000139064
7.88267e-05
-0.00040688
0.000151873
5.22122e-05
-0.00045327
0.000145696
6.31271e-07
-0.000526474
0.000127381
-8.12317e-05
-0.000630017
0.000106782
-0.000191397
-0.000736316
9.05821e-05
-0.000307083
-0.000799344
7.85232e-05
-0.000391519
-0.000801961
8.78149e-05
6.4462e-05
-0.000354854
0.000139014
7.15098e-05
-0.000398883
0.000174559
6.29169e-05
-0.000445767
0.000185369
3.52682e-05
-0.000507479
0.000170925
-2.03402e-05
-0.000590302
0.000141776
-0.00010928
-0.000686673
0.000112605
-0.00022171
-0.00076175
9.13399e-05
-0.000326575
-0.0007861
7.71478e-05
-0.000393167
-0.000759254
4.85426e-05
3.96603e-05
-0.000306508
0.000107477
5.27218e-05
-0.000362579
0.000163986
5.77374e-05
-0.000414047
0.000198709
4.94619e-05
-0.000471662
0.000204494
2.16221e-05
-0.000545492
0.000182421
-3.55161e-05
-0.000632827
0.000145319
-0.000125164
-0.000709407
0.000111437
-0.000231541
-0.000749504
8.76066e-05
-0.000322285
-0.000742137
7.32723e-05
-0.000374357
-0.000699928
1.36788e-05
2.27921e-05
-0.000231921
5.87305e-05
3.22489e-05
-0.000298592
0.000123839
3.99024e-05
-0.000360488
0.000180072
4.43354e-05
-0.00041734
0.000209343
4.09678e-05
-0.000482361
0.000207816
1.72442e-05
-0.000559053
0.000179464
-3.70665e-05
-0.000633144
0.000139568
-0.000121896
-0.000684312
0.000105112
-0.000216136
-0.000696751
8.12467e-05
-0.00029251
-0.000672768
6.54324e-05
-0.000335244
-0.000626455
2.02192e-07
1.75296e-05
-0.000146045
1.80186e-05
2.17102e-05
-0.000209298
6.76428e-05
2.49899e-05
-0.000279196
0.000133216
2.53922e-05
-0.000338121
0.000183193
2.77746e-05
-0.000392482
0.000203975
2.94769e-05
-0.000454106
0.00019577
1.44134e-05
-0.000521088
0.000165035
-2.98885e-05
-0.000578287
0.000126554
-0.000100018
-0.000609143
9.44078e-05
-0.000176897
-0.000608303
7.16766e-05
-0.000240144
-0.000582546
5.62985e-05
-0.000279061
-0.000541074
2.31421e-06
1.61996e-05
-6.69874e-05
1.9517e-06
2.08968e-05
-0.000115566
2.24617e-05
2.26127e-05
-0.00017879
7.42678e-05
1.87405e-05
-0.000243
0.000134257
6.0148e-06
-0.000283792
0.000172876
1.27472e-06
-0.000328835
0.000184591
7.58717e-06
-0.000382518
0.000172353
4.5623e-06
-0.000435776
0.000143282
-2.18277e-05
-0.000476572
0.000110101
-6.97641e-05
-0.000496453
8.22933e-05
-0.000125792
-0.000495477
6.19907e-05
-0.000176873
-0.000477597
4.87794e-05
-0.000214281
-0.000445698
5.93535e-06
1.14396e-05
-5.96385e-06
1.91547e-06
1.9183e-05
-3.63508e-05
3.44584e-06
2.42637e-05
-8.1384e-05
2.61364e-05
2.54346e-05
-0.000143339
8.18644e-05
1.1776e-05
-0.000188902
0.000131384
-1.86621e-05
-0.000204473
0.000154642
-3.31831e-05
-0.000243109
0.000158061
-2.36264e-05
-0.000288232
0.000144927
-1.30372e-05
-0.000326557
0.000120948
-1.81067e-05
-0.000354468
9.49924e-05
-4.16037e-05
-0.000370692
7.27039e-05
-7.63086e-05
-0.00037492
5.54324e-05
-0.000114057
-0.000365843
4.4482e-05
-0.000146594
-0.000340809
6.25854e-06
6.61528e-06
3.36706e-05
4.8392e-06
1.3988e-05
2.05157e-05
1.24515e-06
2.25165e-05
-4.90986e-06
2.43785e-06
2.80813e-05
-4.99077e-05
3.1384e-05
2.58585e-05
-0.000115586
9.85895e-05
-4.44827e-06
-0.00013384
0.000131779
-4.96529e-05
-0.000131288
0.000135486
-6.60202e-05
-0.000162682
0.000130676
-4.96529e-05
-0.000196916
0.000118526
-2.41349e-05
-0.000220435
0.000101099
-8.50228e-06
-0.000237393
8.22677e-05
-8.68318e-06
-0.00025017
6.46531e-05
-2.2361e-05
-0.000255767
5.01936e-05
-4.41996e-05
-0.000248475
4.07649e-05
-6.53313e-05
-0.000223316
5.64191e-06
4.73497e-06
5.53026e-05
6.2526e-06
8.94393e-06
5.46178e-05
3.9683e-06
1.61126e-05
4.80956e-05
-2.38422e-07
2.28577e-05
2.56048e-05
2.51275e-07
2.51596e-05
-2.49007e-05
4.45302e-05
1.04775e-05
-0.000103827
0.000129076
-2.8403e-05
-8.92199e-05
0.000134687
-4.7467e-05
-7.84615e-05
0.000114407
-4.1635e-05
-0.000101588
0.000101238
-1.52206e-05
-0.000115882
9.07356e-05
1.82208e-05
-0.00012353
7.95338e-05
4.67143e-05
-0.000128997
6.62171e-05
6.30713e-05
-0.000134071
5.30764e-05
6.65448e-05
-0.000132958
4.12818e-05
6.09362e-05
-0.000118344
3.4348e-05
5.55277e-05
-8.54385e-05
4.13943e-06
6.29215e-06
5.99046e-05
5.90284e-06
7.91726e-06
7.09211e-05
7.55993e-06
1.34235e-05
7.47847e-05
5.15657e-06
2.17983e-05
7.19406e-05
-9.12945e-07
2.74201e-05
4.62524e-05
2.24115e-06
2.63649e-05
-2.55923e-05
6.00097e-05
8.10077e-07
-0.000101042
0.000137535
-6.37041e-06
-3.72554e-05
0.00012224
3.59684e-05
-2.57173e-05
9.02501e-05
8.18354e-05
-3.39095e-05
7.22344e-05
0.000126886
-2.66018e-05
6.17908e-05
0.000166698
-1.93063e-05
5.39863e-05
0.00020026
-1.27947e-05
4.51715e-05
0.000224001
-6.21552e-06
3.59164e-05
0.00023709
7.84098e-06
2.83122e-05
0.000244881
3.58593e-05
2.39219e-05
0.000254729
8.05469e-05
3.12853e-06
9.97146e-06
3.65393e-05
3.35406e-06
1.13018e-05
5.96935e-05
5.59604e-06
1.56156e-05
7.1458e-05
8.39639e-06
2.61674e-05
7.59395e-05
6.8057e-06
4.15619e-05
6.8809e-05
-1.59126e-06
5.13097e-05
2.71139e-05
1.95811e-06
3.65806e-05
-5.83318e-05
5.69532e-05
1.05402e-05
-5.78839e-05
9.92672e-05
7.04822e-05
-1.14665e-05
7.83501e-05
0.000179773
1.49482e-05
5.35379e-05
0.00026498
3.71383e-05
4.1983e-05
0.000327043
6.08771e-05
3.3458e-05
0.000375467
8.27826e-05
2.89278e-05
0.00041456
0.000103866
2.33666e-05
0.000445471
0.000128464
1.8499e-05
0.000471153
0.000159205
1.43253e-05
0.000493863
0.000199069
1.40085e-05
0.000520937
0.00024709
-5.36359e-05
2.28301e-05
-0.000626925
-5.37356e-05
2.93949e-05
-0.000605211
-4.43633e-05
-3.63349e-05
-0.000672172
-4.14818e-05
5.2029e-05
-0.000523545
-3.73899e-05
-1.25889e-05
-0.000601803
-2.11269e-05
-9.89251e-05
-0.000690973
-1.3724e-05
7.95604e-05
-0.000427583
-1.6052e-05
2.44112e-05
-0.000495924
-6.36179e-06
-5.53757e-05
-0.00059656
1.1258e-05
-0.000158862
-0.000708931
2.47995e-05
9.92166e-05
-0.000360034
1.92702e-05
5.82193e-05
-0.000405395
2.07552e-05
-7.78536e-06
-0.000491688
2.96878e-05
-0.000101538
-0.000615988
4.21294e-05
-0.000218687
-0.000741388
6.19209e-05
0.000104847
-0.00033176
6.24573e-05
8.00803e-05
-0.000357426
6.03133e-05
3.10446e-05
-0.000417133
5.90036e-05
-4.54914e-05
-0.00052409
6.07025e-05
-0.000152529
-0.000663419
6.388e-05
-0.000277553
-0.000781146
2.9007e-05
-4.79901e-05
-0.000590397
-3.40888e-05
-4.07799e-05
-0.00067285
-0.000117784
-2.43881e-05
-0.000730933
-0.000199283
1.24467e-06
-0.000765305
-0.000270881
2.96311e-05
-0.000792123
-0.000333276
5.21699e-05
-0.000815931
-0.000383042
6.51017e-05
-0.000828787
8.30095e-05
9.64017e-05
-0.000328711
0.000100138
8.78667e-05
-0.000348746
0.000105526
5.65166e-05
-0.000387568
0.000100372
-4.02076e-07
-0.000464616
9.04043e-05
-8.77633e-05
-0.000586821
8.11124e-05
-0.000205622
-0.000722146
7.50341e-05
-0.000329372
-0.000809209
6.95739e-05
-0.00041543
-0.00082223
7.86043e-05
7.64807e-05
-0.000324428
0.000117267
8.21228e-05
-0.000354999
0.000142285
6.80753e-05
-0.000390489
0.00014678
3.18963e-05
-0.000445965
0.000132876
-3.22806e-05
-0.000537393
0.000110704
-0.000130043
-0.000660312
9.09544e-05
-0.000253582
-0.000768176
7.82412e-05
-0.00036562
-0.000812151
6.93317e-05
-0.000429104
-0.000792111
5.15685e-05
5.08337e-05
-0.000297401
0.000103789
6.62551e-05
-0.000345934
0.000152977
6.7421e-05
-0.000392399
0.00018074
5.16942e-05
-0.000444244
0.000179667
1.29892e-05
-0.000516
0.00015398
-5.8254e-05
-0.000612903
0.000120097
-0.000165213
-0.00071796
9.311e-05
-0.000286409
-0.000783597
7.65846e-05
-0.000381292
-0.000786956
6.86955e-05
-0.000424794
-0.000742448
1.97433e-05
2.79087e-05
-0.000242003
6.54518e-05
4.34841e-05
-0.000304015
0.000128501
5.40031e-05
-0.000363529
0.000181744
5.33083e-05
-0.000419585
0.000206706
3.77589e-05
-0.000485181
0.000198304
-1.90592e-06
-0.000569608
0.000162397
-7.71313e-05
-0.000663807
0.000121037
-0.000184852
-0.000737575
9.12867e-05
-0.000296294
-0.000761675
7.39679e-05
-0.00037444
-0.000734778
6.39827e-05
-0.000403689
-0.000679695
2.8906e-06
1.61804e-05
-0.00016712
2.50285e-05
2.52878e-05
-0.000231993
7.92381e-05
3.46995e-05
-0.000305007
0.000147319
4.08397e-05
-0.000371116
0.000198434
4.24932e-05
-0.000434126
0.000216834
3.06992e-05
-0.000508694
0.000200583
-6.94526e-06
-0.000594005
0.00015931
-8.09878e-05
-0.000668341
0.00011626
-0.000181811
-0.000708353
8.65072e-05
-0.000278495
-0.000702872
6.92097e-05
-0.000342558
-0.00066299
5.74401e-05
-0.000365581
-0.000606367
3.10582e-06
1.2608e-05
-8.99326e-05
4.45323e-06
1.81376e-05
-0.000144999
3.13244e-05
2.28994e-05
-0.000216092
8.99479e-05
2.56262e-05
-0.000295132
0.000157372
2.6368e-05
-0.000359848
0.000201187
2.99133e-05
-0.000421246
0.000210177
2.58053e-05
-0.000491103
0.000188018
-4.77268e-06
-0.000561885
0.000146799
-6.86612e-05
-0.000613175
0.000106899
-0.000153463
-0.000629386
7.88957e-05
-0.000232707
-0.000612349
6.10215e-05
-0.000287092
-0.000573549
4.98915e-05
-0.000311402
-0.000523527
7.64701e-06
9.49432e-06
-2.55009e-05
3.05001e-06
1.63489e-05
-6.36048e-05
7.31134e-06
2.09309e-05
-0.000117775
3.6418e-05
2.21697e-05
-0.000192522
9.54483e-05
1.62375e-05
-0.00026683
0.000155065
5.66365e-06
-0.000311877
0.000187571
6.66867e-06
-0.000360862
0.000188729
1.01792e-05
-0.000418821
0.000164933
-6.19023e-06
-0.000471435
0.000128389
-4.95329e-05
-0.000504258
9.45675e-05
-0.000110137
-0.000511694
6.98691e-05
-0.000170449
-0.000499075
5.32426e-05
-0.000218091
-0.000471602
4.39796e-05
-0.000246707
-0.00043172
7.83326e-06
4.99979e-06
1.88598e-05
6.50244e-06
1.19507e-05
-4.3175e-07
3.60723e-06
1.9258e-05
-3.37392e-05
9.45419e-06
2.39604e-05
-8.69524e-05
3.95079e-05
2.33244e-05
-0.000163033
9.97506e-05
5.84218e-06
-0.000214597
0.000145611
-2.11099e-05
-0.000230387
0.000164534
-2.72083e-05
-0.000268588
0.000159893
-1.70433e-05
-0.000313458
0.000138293
-1.55841e-05
-0.000348862
0.0001097
-3.37217e-05
-0.000370965
8.3718e-05
-6.79632e-05
-0.000380499
6.31087e-05
-0.000108958
-0.000378485
4.86313e-05
-0.000148246
-0.000362636
4.09984e-05
-0.000176352
-0.000329834
6.16806e-06
2.8196e-06
4.28283e-05
7.28833e-06
7.13017e-06
3.94505e-05
5.89676e-06
1.45684e-05
2.64971e-05
3.60572e-06
2.26273e-05
-3.33367e-06
8.35877e-06
2.754e-05
-5.97249e-05
4.30914e-05
2.2477e-05
-0.000141113
0.00011081
-1.09412e-05
-0.000154296
0.000137963
-5.28828e-05
-0.00014771
0.000140562
-6.23795e-05
-0.000176122
0.000131115
-4.31994e-05
-0.000207742
0.000113924
-2.27798e-05
-0.00022936
9.42571e-05
-1.60074e-05
-0.000244805
7.49532e-05
-2.50136e-05
-0.000256265
5.81576e-05
-4.57046e-05
-0.000259353
4.51201e-05
-7.10248e-05
-0.000246627
3.88046e-05
-8.94744e-05
-0.000213343
4.56726e-06
3.34954e-06
4.82199e-05
6.08654e-06
4.6879e-06
5.93293e-05
7.39509e-06
9.31792e-06
6.15337e-05
5.28834e-06
1.64285e-05
5.43538e-05
2.16814e-06
2.20796e-05
2.557e-05
5.46276e-06
2.32775e-05
-4.09475e-05
5.36271e-05
4.77562e-06
-0.000130673
0.000134291
-3.31446e-05
-0.000100308
0.000134728
-4.78671e-05
-8.47308e-05
0.000116105
-3.89659e-05
-0.000103713
0.000101784
-1.07403e-05
-0.000116482
8.90755e-05
2.03798e-05
-0.000124494
7.63418e-05
4.36361e-05
-0.000131929
6.23748e-05
5.3612e-05
-0.000138353
4.8684e-05
5.09078e-05
-0.000135706
3.81613e-05
4.27256e-05
-0.000115399
3.32834e-05
4.06694e-05
-7.44909e-05
4.79618e-06
6.0984e-06
3.4157e-05
4.20144e-06
5.91425e-06
6.10159e-05
6.27961e-06
7.74934e-06
7.58652e-05
8.67797e-06
1.37139e-05
8.254e-05
6.81825e-06
2.19593e-05
7.73458e-05
1.51535e-06
2.7154e-05
4.2327e-05
5.97955e-06
2.3648e-05
-5.24678e-05
7.08896e-05
-4.39256e-06
-0.000116986
0.000137718
-4.24236e-06
-3.55064e-05
0.000120805
4.17119e-05
-2.80662e-05
9.03031e-05
8.72502e-05
-3.10543e-05
7.32115e-05
0.000132849
-2.3995e-05
6.18884e-05
0.000170816
-1.83054e-05
5.33146e-05
0.000201554
-1.47461e-05
4.30584e-05
0.000220335
-9.16178e-06
3.35538e-05
0.000230093
7.56491e-06
2.62198e-05
0.000236964
4.17213e-05
2.52382e-05
0.0002548
9.39189e-05
4.8807e-06
7.55318e-06
-1.80665e-06
3.0499e-06
9.62254e-06
3.51365e-05
3.31489e-06
1.09818e-05
6.09762e-05
5.87286e-06
1.53877e-05
7.63197e-05
9.27522e-06
2.61862e-05
8.20122e-05
8.35882e-06
4.17635e-05
6.99531e-05
2.83358e-07
5.31071e-05
1.02672e-05
6.0859e-06
3.19952e-05
-8.58946e-05
6.42864e-05
8.44889e-06
-6.01679e-05
9.78352e-05
8.03153e-05
-9.86017e-06
7.65822e-05
0.00018733
1.60027e-05
5.33425e-05
0.000271709
3.9118e-05
4.24022e-05
0.000331813
6.21184e-05
3.43515e-05
0.000380084
8.28979e-05
2.88705e-05
0.000417874
0.000102584
2.27566e-05
0.000448548
0.000128304
1.73217e-05
0.000473109
0.000162629
1.5085e-05
0.000499053
0.000205861
1.5291e-05
0.000532653
0.000256368
-6.04394e-05
4.70576e-05
-0.000564533
-6.43712e-05
4.68772e-05
-0.000590423
-5.87319e-05
-2.83287e-06
-0.000643825
-6.20622e-05
5.69684e-05
-0.000551415
-6.07649e-05
2.35623e-06
-0.00062054
-4.52518e-05
-7.32556e-05
-0.000692588
-4.6001e-05
7.81205e-05
-0.000461127
-5.07242e-05
2.72127e-05
-0.000528689
-3.9633e-05
-4.7459e-05
-0.000620012
-1.78215e-05
-0.000144719
-0.00071647
-1.47081e-05
9.93333e-05
-0.000369884
-2.49292e-05
5.91607e-05
-0.000418149
-2.12926e-05
-5.50254e-06
-0.000503765
-5.34868e-06
-9.72313e-05
-0.000623168
1.57967e-05
-0.000211869
-0.000741624
2.32018e-05
0.000109389
-0.000312783
1.40975e-05
8.41383e-05
-0.000337612
1.0937e-05
3.43399e-05
-0.000398161
1.68818e-05
-4.2972e-05
-0.000508148
3.00885e-05
-0.000150898
-0.000653178
4.40136e-05
-0.000277288
-0.000777521
5.31662e-05
0.000104373
-0.000291411
5.58002e-05
9.53909e-05
-0.000302753
5.43313e-05
6.22388e-05
-0.000337445
5.20938e-05
3.06729e-06
-0.000417431
5.27676e-05
-8.72407e-05
-0.000551757
5.67693e-05
-0.000209625
-0.000707018
6.08996e-05
-0.000338302
-0.000811762
4.71423e-05
-5.36161e-05
-0.000509613
8.95179e-06
-5.16945e-05
-0.000602669
-6.8089e-05
-4.10776e-05
-0.000689013
-0.000162789
-2.11353e-05
-0.000748854
-0.000250595
6.62544e-06
-0.00078518
-0.000324563
3.38286e-05
-0.000811738
-0.000384227
5.26111e-05
-0.000829711
-0.000425843
6.14129e-05
-0.000832791
6.26055e-05
8.64318e-05
-0.000286591
8.47568e-05
9.25167e-05
-0.000300873
9.73554e-05
7.61055e-05
-0.000323426
9.77704e-05
3.54765e-05
-0.000374457
8.927e-05
-3.3286e-05
-0.000475505
7.86502e-05
-0.000136868
-0.000623536
7.12261e-05
-0.000268714
-0.000763088
6.71824e-05
-0.000386484
-0.000827104
6.27711e-05
-0.000447399
-0.000813751
4.91926e-05
6.031e-05
-0.000273339
8.84179e-05
7.73201e-05
-0.000304277
0.000123881
7.64467e-05
-0.000334295
0.000141507
5.43562e-05
-0.000373737
0.00013699
7.6337e-06
-0.000443222
0.000116278
-7.12976e-05
-0.000558452
9.22784e-05
-0.000187134
-0.000698955
7.55593e-05
-0.000318872
-0.000797382
6.67405e-05
-0.000415913
-0.000815503
6.29928e-05
-0.000450321
-0.000773557
2.45563e-05
3.42118e-05
-0.000236574
6.52072e-05
5.47641e-05
-0.00028569
0.000119493
6.5821e-05
-0.000335348
0.000163942
6.08016e-05
-0.000383725
0.000180848
3.63183e-05
-0.000441736
0.000166333
-1.53821e-05
-0.000526919
0.000131085
-0.000105156
-0.000641663
9.59819e-05
-0.000228839
-0.000750485
7.48769e-05
-0.000350822
-0.000797664
6.42667e-05
-0.000425124
-0.000776928
5.99416e-05
-0.00043917
-0.000718371
6.96129e-06
1.65769e-05
-0.000176804
3.08137e-05
3.16556e-05
-0.000235984
8.43401e-05
4.65822e-05
-0.000301719
0.000149221
5.3286e-05
-0.00036543
0.000196047
4.70291e-05
-0.000426489
0.000207393
2.3375e-05
-0.000501042
0.000181675
-3.19754e-05
-0.000595872
0.000135167
-0.000128704
-0.000695825
9.45266e-05
-0.000251701
-0.000760442
7.21808e-05
-0.000358485
-0.000763308
6.32369e-05
-0.000414262
-0.000718233
5.62115e-05
-0.000417095
-0.000653191
4.46001e-06
9.56453e-06
-0.000106506
7.90654e-06
1.77698e-05
-0.000163081
3.932e-05
2.78206e-05
-0.000233134
0.000101727
3.64746e-05
-0.000312443
0.000170322
4.08926e-05
-0.000382485
0.000212865
3.71845e-05
-0.000452309
0.000216354
1.51621e-05
-0.000536999
0.000182582
-4.06065e-05
-0.000628967
0.000131771
-0.00013542
-0.000699716
9.14431e-05
-0.000247818
-0.000723581
6.97026e-05
-0.00033805
-0.000698189
5.85159e-05
-0.00038195
-0.000644116
5.11763e-05
-0.000382252
-0.000580342
8.78348e-06
6.57145e-06
-4.20556e-05
3.92126e-06
1.29493e-05
-8.56454e-05
1.10666e-05
1.89051e-05
-0.000144785
4.76954e-05
2.38931e-05
-0.000225659
0.000114163
2.59982e-05
-0.000313499
0.0001803
2.80608e-05
-0.000383249
0.000214391
3.0746e-05
-0.000453026
0.000208091
1.55634e-05
-0.00053082
0.000170663
-3.4593e-05
-0.0006017
0.000122716
-0.00011911
-0.000641869
8.62114e-05
-0.00021348
-0.000640264
6.48905e-05
-0.000287693
-0.000606774
5.22558e-05
-0.000327054
-0.000556912
4.54216e-05
-0.000333059
-0.000500261
9.46156e-06
3.43769e-06
4.71026e-06
7.77795e-06
9.86083e-06
-2.03249e-05
4.87855e-06
1.64856e-05
-6.04619e-05
1.49316e-05
2.09124e-05
-0.00012202
5.29354e-05
2.11802e-05
-0.000210914
0.00011833
1.43074e-05
-0.000294076
0.000175225
8.68301e-06
-0.000343521
0.000197973
1.33962e-05
-0.000397536
0.000186003
7.50767e-06
-0.000458649
0.000150424
-2.6646e-05
-0.000506469
0.00010966
-8.78305e-05
-0.000526538
7.88243e-05
-0.000157419
-0.000519841
5.84979e-05
-0.000217041
-0.000495522
4.62083e-05
-0.000256591
-0.0004593
4.11252e-05
-0.00027209
-0.000412096
6.84837e-06
1.34285e-06
3.05158e-05
8.54754e-06
5.4688e-06
2.40398e-05
7.22275e-06
1.23084e-05
5.15432e-06
6.3048e-06
1.92136e-05
-3.17238e-05
1.71941e-05
2.32314e-05
-9.57206e-05
5.46101e-05
1.99002e-05
-0.000188634
0.000118376
2.0657e-07
-0.000243504
0.000159586
-1.94313e-05
-0.000259798
0.000171392
-1.80733e-05
-0.000298404
0.000156404
-1.29153e-05
-0.000341432
0.000126964
-2.49855e-05
-0.000370654
9.66662e-05
-5.71537e-05
-0.000384197
7.22977e-05
-0.000100533
-0.000386281
5.45413e-05
-0.000145447
-0.000377676
4.30588e-05
-0.000182655
-0.000354278
3.95605e-05
-0.00020155
-0.000312908
4.93371e-06
1.63818e-06
3.62574e-05
6.66866e-06
2.96571e-06
4.63639e-05
8.21247e-06
7.58562e-06
4.5573e-05
7.07262e-06
1.49151e-05
3.23865e-05
6.64351e-06
2.23744e-05
-2.67674e-06
1.55204e-05
2.6208e-05
-7.35415e-05
5.56146e-05
1.66547e-05
-0.00017074
0.000122575
-1.88708e-05
-0.0001766
0.000144173
-5.34222e-05
-0.000166122
0.000143586
-5.53878e-05
-0.000191429
0.000128112
-3.73682e-05
-0.000219495
0.000106955
-2.56759e-05
-0.000237585
8.64093e-05
-2.91092e-05
-0.00025079
6.77388e-05
-4.65773e-05
-0.000260768
5.18644e-05
-7.32845e-05
-0.000260284
4.11792e-05
-9.90813e-05
-0.000240046
3.82759e-05
-0.00010957
-0.000197383
5.94283e-06
3.53118e-06
2.34398e-05
4.67582e-06
3.19005e-06
4.91958e-05
6.4718e-06
4.69543e-06
6.37135e-05
8.38431e-06
9.55758e-06
6.86542e-05
6.716e-06
1.63735e-05
6.01232e-05
4.9852e-06
2.13358e-05
2.40097e-05
1.1433e-05
2.08194e-05
-6.24667e-05
6.60821e-05
-2.42087e-06
-0.000156623
0.000136883
-3.76845e-05
-0.000109667
0.000135511
-4.80818e-05
-9.03354e-05
0.000116731
-3.56599e-05
-0.000105236
0.000100843
-7.1331e-06
-0.000116612
8.63223e-05
1.97961e-05
-0.000125101
7.28959e-05
3.68795e-05
-0.00013479
5.80368e-05
3.97985e-05
-0.000142233
4.46046e-05
3.1976e-05
-0.000136016
3.5372e-05
2.38321e-05
-0.000107722
3.48435e-05
3.17072e-05
-5.74468e-05
9.15654e-06
4.73381e-06
-8.71161e-06
4.66987e-06
5.89991e-06
3.2507e-05
4.22051e-06
5.71161e-06
6.21035e-05
6.59525e-06
7.68299e-06
8.11263e-05
9.67465e-06
1.38719e-05
9.01799e-05
8.53499e-06
2.1789e-05
8.2494e-05
4.01578e-06
2.66323e-05
3.55821e-05
1.35656e-05
2.09357e-05
-8.53088e-05
8.32593e-05
-1.02129e-05
-0.000130004
0.000138765
-3.67474e-07
-3.43767e-05
0.0001189
4.61096e-05
-2.92617e-05
9.05312e-05
9.24504e-05
-2.78607e-05
7.35591e-05
0.000136771
-2.11202e-05
6.20649e-05
0.000173072
-1.75484e-05
5.20465e-05
0.000199605
-1.7203e-05
4.08853e-05
0.000214435
-1.16409e-05
3.08383e-05
0.000220757
1.02475e-05
2.63401e-05
0.000232443
5.28158e-05
2.77871e-05
0.000262549
0.000112038
9.45576e-06
-3.54287e-05
4.7399e-06
7.44451e-06
-4.39879e-06
2.97453e-06
9.54845e-06
3.35634e-05
3.23968e-06
1.07988e-05
6.22887e-05
6.10082e-06
1.51415e-05
8.12174e-05
1.00335e-05
2.59007e-05
8.77896e-05
9.67291e-06
4.26634e-05
7.06769e-05
9.36307e-07
5.30613e-05
-1.1749e-05
1.29243e-05
2.54109e-05
-0.00011581
6.93959e-05
8.75761e-06
-5.80365e-05
9.58087e-05
9.09356e-05
-9.29097e-06
7.51395e-05
0.000194836
1.77216e-05
5.36919e-05
0.000276308
4.09195e-05
4.33991e-05
0.000336272
6.25211e-05
3.53712e-05
0.000382855
8.25373e-05
2.902e-05
0.000420428
0.000101676
2.19661e-05
0.000450235
0.000129205
1.73767e-05
0.000475858
0.00016844
1.55584e-05
0.000507184
0.000215765
2.0113e-05
0.000556551
0.00026438
-6.29888e-05
5.66513e-05
-0.000485097
-6.73663e-05
6.13897e-05
-0.000536051
-6.64959e-05
3.08443e-05
-0.000578674
-6.93863e-05
6.55592e-05
-0.000550199
-7.27098e-05
2.61403e-05
-0.000607464
-6.1119e-05
-3.28926e-05
-0.000663167
-6.37268e-05
7.71166e-05
-0.000498412
-7.30111e-05
3.56193e-05
-0.000562405
-6.43837e-05
-2.90118e-05
-0.000640047
-4.27883e-05
-0.000115265
-0.000715159
-4.36273e-05
9.5418e-05
-0.000405684
-5.92729e-05
5.891e-05
-0.000458496
-5.64251e-05
-1.2155e-06
-0.000539815
-3.76257e-05
-8.73924e-05
-0.000645076
-1.13055e-05
-0.000195262
-0.000744714
-1.02584e-05
0.000108976
-0.000322634
-2.86603e-05
8.42962e-05
-0.000352279
-3.36641e-05
3.55256e-05
-0.000414593
-2.26029e-05
-3.99767e-05
-0.000521551
-6.03908e-07
-0.000145341
-0.000659017
2.2228e-05
-0.000268968
-0.000775445
2.38592e-05
0.000108324
-0.000274669
1.1975e-05
9.96036e-05
-0.000284442
3.83462e-06
6.61338e-05
-0.000318928
4.69688e-06
6.52666e-06
-0.000400281
1.6102e-05
-8.42038e-05
-0.000538193
3.29828e-05
-0.000207389
-0.000699305
4.66161e-05
-0.000337521
-0.000809956
4.39105e-05
9.29031e-05
-0.000255876
4.83521e-05
9.98059e-05
-0.000259443
4.82727e-05
8.30197e-05
-0.000274472
4.56345e-05
4.10468e-05
-0.000323308
4.46655e-05
-2.97591e-05
-0.000430325
4.81275e-05
-0.000136507
-0.000594367
5.42983e-05
-0.000273038
-0.000755367
5.81538e-05
-0.000394715
-0.000833873
4.74442e-05
-5.51729e-05
-0.000428542
3.5851e-05
-5.85611e-05
-0.000517847
-1.46382e-05
-5.32385e-05
-0.00061633
-0.00010641
-3.87929e-05
-0.000705306
-0.000211287
-1.54039e-05
-0.000765272
-0.000302683
1.32478e-05
-0.000801367
-0.000374859
3.7991e-05
-0.00082437
-0.000426162
5.28503e-05
-0.000834189
-0.000453465
5.73199e-05
-0.000825811
4.30282e-05
6.7659e-05
-0.000244811
6.56821e-05
8.66872e-05
-0.000258049
8.45262e-05
8.58999e-05
-0.000271334
9.20344e-05
6.12274e-05
-0.000299725
8.76988e-05
1.06329e-05
-0.000369104
7.69359e-05
-7.24647e-05
-0.000500583
6.72128e-05
-0.00019483
-0.000672368
6.22966e-05
-0.000334725
-0.000801595
5.98484e-05
-0.000433943
-0.000833675
5.77662e-05
-0.000459723
-0.000795822
2.72996e-05
3.98534e-05
-0.00022094
5.78755e-05
6.39252e-05
-0.000252638
9.70435e-05
7.61537e-05
-0.000281558
0.000127379
6.82384e-05
-0.000311637
0.000136072
3.71925e-05
-0.000358541
0.000122137
-2.17737e-05
-0.000448568
9.65581e-05
-0.000118456
-0.000592618
7.3405e-05
-0.000252407
-0.000742855
6.21131e-05
-0.000382392
-0.000818147
5.72664e-05
-0.000451858
-0.00080697
5.4943e-05
-0.000451791
-0.000747892
1.15995e-05
1.82565e-05
-0.000175861
3.36522e-05
3.85513e-05
-0.000223226
7.95465e-05
5.724e-05
-0.00027234
0.000133557
6.31703e-05
-0.000322076
0.000170204
5.08348e-05
-0.000372421
0.000173352
1.61748e-05
-0.000439274
0.00014471
-5.14264e-05
-0.000543701
0.000103813
-0.000161207
-0.000677955
7.17954e-05
-0.000298022
-0.000780563
5.85229e-05
-0.000408312
-0.000800823
5.62217e-05
-0.000451701
-0.000757384
5.26177e-05
-0.000435185
-0.000688539
6.68706e-06
7.26219e-06
-0.000115571
1.20468e-05
1.92212e-05
-0.000168537
4.41482e-05
3.52523e-05
-0.000229508
0.000104045
4.84786e-05
-0.000299254
0.000167715
5.07264e-05
-0.000366543
0.000204098
3.88389e-05
-0.000433208
0.0001976
3.24598e-06
-0.00051753
0.000154604
-7.20171e-05
-0.000624597
0.000103038
-0.000191022
-0.000727782
6.90707e-05
-0.000321354
-0.000775207
5.65846e-05
-0.000410907
-0.000753547
5.31925e-05
-0.000437071
-0.000692933
5.02383e-05
-0.000412659
-0.000621984
9.56558e-06
3.59347e-06
-5.46213e-05
5.4299e-06
1.033e-05
-0.000100605
1.51834e-05
1.96153e-05
-0.000159019
5.61718e-05
3.01166e-05
-0.000235276
0.000125469
3.77589e-05
-0.000320639
0.000190964
3.86337e-05
-0.000394619
0.000220603
2.88568e-05
-0.000472237
0.000204721
-7.01114e-06
-0.000567243
0.000153495
-8.40928e-05
-0.00066314
9.95987e-05
-0.000199643
-0.000724783
6.78593e-05
-0.000315615
-0.000727669
5.60632e-05
-0.00038839
-0.000682922
5.04089e-05
-0.000406518
-0.000618002
4.69964e-05
-0.000382521
-0.00054994
1.04496e-05
1.41484e-06
-7.42255e-06
8.55898e-06
6.84789e-06
-3.67713e-05
5.95509e-06
1.33603e-05
-8.12075e-05
2.00963e-05
1.97449e-05
-0.000145828
6.66739e-05
2.45702e-05
-0.000237992
0.000139057
2.64965e-05
-0.000332685
0.000200042
2.9851e-05
-0.000407191
0.000220053
2.72272e-05
-0.000486792
0.000195587
-4.01471e-06
-0.000571002
0.000144138
-7.69296e-05
-0.000637607
9.5425e-05
-0.000179562
-0.000661562
6.7061e-05
-0.000275852
-0.000640347
5.31233e-05
-0.000336665
-0.00059179
4.5726e-05
-0.000355875
-0.000533613
4.32976e-05
-0.000340918
-0.000472208
7.47955e-06
8.90067e-08
1.91727e-05
9.8219e-06
3.82754e-06
9.4262e-06
8.12402e-06
1.01442e-05
-1.49218e-05
7.89361e-06
1.65812e-05
-5.77509e-05
2.46408e-05
2.06895e-05
-0.000129002
7.1861e-05
1.98365e-05
-0.000233716
0.000142136
1.38993e-05
-0.000323073
0.000192715
1.46427e-05
-0.000377913
0.000201767
1.7726e-05
-0.00043815
0.000174521
-3.66628e-06
-0.000499763
0.000129077
-5.88978e-05
-0.000537529
8.94666e-05
-0.000135693
-0.000541076
6.42067e-05
-0.000208967
-0.000519832
4.93341e-05
-0.000262034
-0.000484877
4.12438e-05
-0.000288763
-0.000440814
4.09293e-05
-0.000286544
-0.000386818
4.98961e-06
5.38321e-07
2.52718e-05
7.3335e-06
1.5855e-06
3.36861e-05
9.13487e-06
5.85406e-06
2.95285e-05
8.13792e-06
1.25251e-05
1.07395e-05
9.9128e-06
1.89339e-05
-3.07279e-05
2.6501e-05
2.18744e-05
-0.000108701
7.13487e-05
1.51338e-05
-0.000219322
0.000136984
-3.53805e-06
-0.000273822
0.000171625
-1.29364e-05
-0.0002924
0.000173073
-8.76715e-06
-0.000332058
0.000146941
-1.46554e-05
-0.000370608
0.000112234
-4.33213e-05
-0.000389781
8.31947e-05
-8.84522e-05
-0.000393077
6.20565e-05
-0.000138382
-0.000387675
4.73617e-05
-0.000183758
-0.000372079
3.94894e-05
-0.000214104
-0.00034004
4.05427e-05
-0.000217504
-0.00028966
6.60595e-06
2.1301e-06
1.35886e-05
5.09786e-06
1.65694e-06
3.70937e-05
7.0613e-06
3.14684e-06
5.01659e-05
8.96042e-06
7.90966e-06
5.19587e-05
8.38446e-06
1.49964e-05
3.80574e-05
1.02462e-05
2.18465e-05
-3.60879e-06
2.36565e-05
2.36431e-05
-9.27796e-05
6.99307e-05
8.70273e-06
-0.000202202
0.000132237
-2.59136e-05
-0.000199472
0.000150187
-4.97372e-05
-0.000186462
0.000143197
-4.62673e-05
-0.00020901
0.00012182
-3.43336e-05
-0.000231828
9.85081e-05
-3.40762e-05
-0.000244818
7.88201e-05
-4.77258e-05
-0.000255579
6.10481e-05
-7.33046e-05
-0.00026377
4.66663e-05
-0.000103841
-0.000257595
3.85454e-05
-0.000125249
-0.000227547
4.09192e-05
-0.000119933
-0.000174563
1.19239e-05
3.17649e-06
-1.31036e-05
5.80645e-06
3.48996e-06
2.19537e-05
4.75783e-06
3.14951e-06
5.01564e-05
6.74471e-06
4.74613e-06
6.83288e-05
9.19946e-06
9.70786e-06
7.57506e-05
8.23734e-06
1.61994e-05
6.55182e-05
8.07918e-06
2.06186e-05
2.01161e-05
2.0071e-05
1.83867e-05
-8.98101e-05
8.02183e-05
-1.04222e-05
-0.000180863
0.000141042
-4.17557e-05
-0.000118283
0.000135986
-4.77748e-05
-9.53221e-05
0.000116233
-3.14639e-05
-0.000106621
9.85129e-05
-5.41213e-06
-0.000116369
8.34363e-05
1.61685e-05
-0.000125774
6.92846e-05
2.59211e-05
-0.000138163
5.40359e-05
2.19856e-05
-0.000145403
4.06813e-05
1.05822e-05
-0.000132618
3.503e-05
8.82179e-06
-9.35335e-05
3.88235e-05
3.40961e-05
-3.43129e-05
1.61009e-05
-3.72619e-05
8.98005e-06
4.68047e-06
-1.17794e-05
4.55758e-06
5.91807e-06
3.0673e-05
4.13942e-06
5.62822e-06
6.32134e-05
6.80832e-06
7.71063e-06
8.65318e-05
1.03515e-05
1.38896e-05
9.77126e-05
9.97008e-06
2.17368e-05
8.70493e-05
6.19695e-06
2.62513e-05
2.49734e-05
2.17245e-05
1.68836e-05
-0.000121255
9.33045e-05
-1.48641e-05
-0.000139428
0.000138635
2.65256e-06
-3.37679e-05
0.000117352
4.96506e-05
-2.86935e-05
9.09e-05
9.58274e-05
-2.41409e-05
7.44337e-05
0.000139495
-1.85904e-05
6.22636e-05
0.000172669
-1.75159e-05
5.10856e-05
0.000195203
-2.00473e-05
3.84476e-05
0.000205342
-1.27164e-05
2.97333e-05
0.000212703
1.7623e-05
2.73529e-05
0.000233782
6.97806e-05
3.55656e-05
0.000288643
0.000133579
9.35195e-06
-3.73659e-05
4.67416e-06
7.53518e-06
-7.08989e-06
2.8765e-06
9.63474e-06
3.18188e-05
3.12427e-06
1.07173e-05
6.35511e-05
6.24303e-06
1.48225e-05
8.6005e-05
1.08701e-05
2.55539e-05
9.39986e-05
9.1693e-06
4.35444e-05
7.09937e-05
3.21659e-07
5.08455e-05
-3.75278e-05
1.57111e-05
1.78699e-05
-0.000140671
7.24223e-05
1.38212e-05
-5.33745e-05
9.35003e-05
0.000102731
-1.07025e-05
7.38098e-05
0.000200117
2.00894e-05
5.48162e-05
0.000279372
4.29921e-05
4.47102e-05
0.000338675
6.19811e-05
3.67308e-05
0.000384949
8.12762e-05
2.92639e-05
0.0004212
0.000101439
2.21179e-05
0.000451425
0.000131512
1.67139e-05
0.000480975
0.000177928
1.98347e-05
0.000526383
0.000226092
2.75143e-05
0.000588853
0.000268314
-6.22809e-05
4.96438e-05
-0.000404952
-6.66608e-05
6.26511e-05
-0.000459646
-7.01253e-05
4.85092e-05
-0.000494139
-6.82811e-05
7.07647e-05
-0.000506137
-7.64543e-05
4.9271e-05
-0.000550746
-7.04722e-05
1.09571e-05
-0.000594929
-6.77905e-05
7.75724e-05
-0.000507444
-8.14696e-05
4.97684e-05
-0.000565382
-7.81779e-05
1.1429e-06
-0.000627718
-6.04398e-05
-6.8106e-05
-0.000683834
-5.79148e-05
8.95125e-05
-0.000448067
-7.89571e-05
6.10692e-05
-0.000504192
-8.06164e-05
1.07361e-05
-0.000577976
-6.3956e-05
-6.53318e-05
-0.000663664
-3.67185e-05
-0.00016235
-0.000738697
-3.38223e-05
0.000103573
-0.000357326
-6.06724e-05
8.13739e-05
-0.000396153
-6.95463e-05
3.65981e-05
-0.000460443
-5.73835e-05
-3.40698e-05
-0.000558372
-3.11681e-05
-0.000133156
-0.000676633
-2.34205e-06
-0.000249939
-0.000772902
-6.04633e-07
0.000107412
-0.000283159
-2.60515e-05
9.90534e-05
-0.000299384
-4.10417e-05
6.63866e-05
-0.000338281
-3.85997e-05
8.26417e-06
-0.000419555
-1.93308e-05
-8.00668e-05
-0.000551409
7.60505e-06
-0.000200089
-0.000702534
2.9505e-05
-0.00032769
-0.000805516
2.6204e-05
9.57018e-05
-0.000241974
1.30738e-05
0.00010348
-0.000243289
4.28025e-07
8.70272e-05
-0.000257511
-5.00584e-06
4.49188e-05
-0.000306699
1.56142e-06
-2.60315e-05
-0.000415367
1.87258e-05
-0.000132998
-0.000583199
3.77521e-05
-0.000270253
-0.000750041
4.88082e-05
-0.000393483
-0.000833301
3.55159e-05
7.20756e-05
-0.000221968
4.04882e-05
9.2666e-05
-0.000223566
4.19864e-05
9.27498e-05
-0.000226655
3.97032e-05
6.78438e-05
-0.000248958
3.71309e-05
1.6127e-05
-0.000318646
3.87182e-05
-6.89771e-05
-0.000459656
4.54842e-05
-0.000194751
-0.000650941
5.27274e-05
-0.000339482
-0.000801043
5.52543e-05
-0.000440436
-0.000842318
3.57441e-05
-5.27111e-05
-0.000352587
4.18965e-05
-6.08065e-05
-0.000433152
2.23155e-05
-6.1547e-05
-0.000527558
-4.24136e-05
-5.25649e-05
-0.000630431
-0.000149122
-3.42217e-05
-0.000719878
-0.000261411
-8.14908e-06
-0.000777939
-0.000352291
2.01468e-05
-0.000811166
-0.000416754
4.17603e-05
-0.000827769
-0.000452184
5.13093e-05
-0.000827623
-0.000462226
5.31654e-05
-0.000808759
2.84374e-05
4.41503e-05
-0.000202212
4.61767e-05
7.08927e-05
-0.000217344
6.73012e-05
8.47582e-05
-0.000227189
8.18751e-05
7.65194e-05
-0.000241145
8.39562e-05
4.31508e-05
-0.000280148
7.54985e-05
-1.904e-05
-0.00037591
6.42727e-05
-0.00012002
-0.000543124
5.67796e-05
-0.000261595
-0.000728887
5.48749e-05
-0.000398168
-0.000830143
5.39977e-05
-0.00046213
-0.000828006
5.08322e-05
-0.000454608
-0.000769667
1.60846e-05
2.0174e-05
-0.000167963
3.31853e-05
4.43473e-05
-0.000200923
6.63201e-05
6.60873e-05
-0.00022937
0.000103531
7.2643e-05
-0.000255961
0.000126623
5.68778e-05
-0.000287764
0.000125062
1.58968e-05
-0.000347943
0.000102902
-5.77139e-05
-0.000467521
7.52074e-05
-0.00017547
-0.000640964
5.56477e-05
-0.000323255
-0.000785855
5.05061e-05
-0.000435858
-0.000826137
5.04509e-05
-0.000465476
-0.000787518
4.84131e-05
-0.000434611
-0.000716797
9.59375e-06
5.98401e-06
-0.000117877
1.58695e-05
2.16129e-05
-0.000162774
4.39847e-05
4.23379e-05
-0.000208187
9.36603e-05
5.80896e-05
-0.000256899
0.00014438
5.78626e-05
-0.000305791
0.000169571
3.74402e-05
-0.000359182
0.000156917
-9.24082e-06
-0.000440796
0.000116989
-9.5198e-05
-0.000572112
7.4406e-05
-0.000226797
-0.000720561
5.0357e-05
-0.000367521
-0.000802648
4.62468e-05
-0.000450822
-0.000791367
4.68601e-05
-0.000456935
-0.000729302
4.70713e-05
-0.000411673
-0.000654994
1.01869e-05
7.40016e-07
-6.26242e-05
7.74062e-06
8.61422e-06
-0.000107305
1.8996e-05
2.21161e-05
-0.000159241
5.91356e-05
3.82906e-05
-0.000222309
0.000123419
4.87254e-05
-0.000295227
0.000181902
4.63092e-05
-0.000364975
0.000202503
2.59033e-05
-0.000437788
0.000175805
-2.52313e-05
-0.00053542
0.000119606
-0.000123859
-0.000657886
6.94054e-05
-0.000262265
-0.000756687
4.67764e-05
-0.00038694
-0.000778095
4.53235e-05
-0.000447122
-0.000732756
4.62035e-05
-0.000440235
-0.000661151
4.63454e-05
-0.000389366
-0.00058771
1.0636e-05
-6.99306e-07
-1.70073e-05
9.14354e-06
3.89347e-06
-4.88048e-05
7.64047e-06
1.12963e-05
-9.40019e-05
2.46324e-05
2.15506e-05
-0.000155016
7.52229e-05
3.22044e-05
-0.000238295
0.000148791
3.77348e-05
-0.000329497
0.000206507
3.52156e-05
-0.000407465
0.00021813
1.67654e-05
-0.000494115
0.000179784
-3.65609e-05
-0.000598989
0.000115778
-0.000138949
-0.000695487
6.72355e-05
-0.000271398
-0.000740818
4.8591e-05
-0.000378133
-0.000719459
4.53407e-05
-0.000423799
-0.000657857
4.47381e-05
-0.000413303
-0.00058623
4.53823e-05
-0.00036486
-0.000516293
7.60585e-06
-1.26388e-06
9.64348e-06
1.04699e-05
1.66431e-06
-2.92944e-06
8.62422e-06
7.09332e-06
-3.10411e-05
9.3211e-06
1.38298e-05
-7.67507e-05
3.13846e-05
2.04796e-05
-0.000148507
8.7757e-05
2.5011e-05
-0.000252426
0.000163077
2.69711e-05
-0.000350769
0.000214053
3.00468e-05
-0.000431371
0.000215373
1.70744e-05
-0.000521509
0.000171225
-3.54069e-05
-0.000609245
0.00011027
-0.000131891
-0.000666483
6.85902e-05
-0.000246569
-0.000669976
5.11774e-05
-0.000334936
-0.000629049
4.46631e-05
-0.000374452
-0.000568542
4.17321e-05
-0.000370229
-0.000504788
4.42676e-05
-0.000332092
-0.000440097
4.84873e-06
-4.96859e-07
1.59049e-05
7.90023e-06
3.50415e-07
2.20342e-05
1.00456e-05
4.14782e-06
1.44682e-05
8.75516e-06
1.03451e-05
-9.34038e-06
1.20923e-05
1.65732e-05
-5.58458e-05
3.64445e-05
2.01379e-05
-0.000139272
9.28102e-05
1.83103e-05
-0.000259611
0.000165208
1.54897e-05
-0.000352163
0.000204238
2.1488e-05
-0.000414308
0.000196124
1.59894e-05
-0.000480879
0.000153272
-2.64237e-05
-0.000538585
0.000103509
-0.00010358
-0.000560931
7.01829e-05
-0.000190612
-0.000546429
5.2264e-05
-0.000260771
-0.000511309
4.26226e-05
-0.000301388
-0.000467516
3.89274e-05
-0.000310423
-0.000416374
4.39739e-05
-0.000285444
-0.000356296
6.75721e-06
1.32599e-06
5.43949e-06
5.20711e-06
6.69185e-07
2.60264e-05
7.68562e-06
1.83099e-06
3.70361e-05
9.55536e-06
6.14832e-06
3.52664e-05
9.27975e-06
1.25744e-05
1.61653e-05
1.43471e-05
1.84011e-05
-3.13874e-05
3.72109e-05
1.95436e-05
-0.00012669
9.00092e-05
9.90588e-06
-0.000252875
0.000154112
-3.6996e-06
-0.00030495
0.000180166
-2.75674e-06
-0.000328408
0.000167559
-2.63524e-06
-0.00036846
0.000131609
-2.53113e-05
-0.000398424
9.57859e-05
-7.13714e-05
-0.000404154
7.08629e-05
-0.000126528
-0.000396986
5.37217e-05
-0.000179724
-0.000384393
4.23308e-05
-0.000220957
-0.000360897
3.82572e-05
-0.000238193
-0.000319068
4.53506e-05
-0.000217926
-0.000259808
1.38478e-05
2.18529e-06
-1.74422e-05
6.49839e-06
2.18632e-06
1.23142e-05
5.23871e-06
1.76109e-06
3.79476e-05
7.29163e-06
3.3241e-06
5.41566e-05
9.52405e-06
8.14246e-06
5.84441e-05
9.85385e-06
1.49199e-05
4.33288e-05
1.42971e-05
2.09191e-05
-7.13393e-06
3.33553e-05
2.01624e-05
-0.000117549
8.61111e-05
-1.12305e-08
-0.000234027
0.000142289
-2.86574e-05
-0.000221811
0.000153836
-4.08949e-05
-0.000209699
0.00013875
-3.69847e-05
-0.000228892
0.000112802
-3.61387e-05
-0.000244069
9.02934e-05
-4.84586e-05
-0.000250957
7.21897e-05
-7.21742e-05
-0.000259627
5.56909e-05
-0.000104566
-0.000264712
4.26334e-05
-0.000135023
-0.00024978
3.89362e-05
-0.000143937
-0.000207455
4.71402e-05
-0.000113138
-0.000145148
2.09489e-05
-3.78377e-05
1.17324e-05
3.22796e-06
-1.56452e-05
5.70067e-06
3.58044e-06
2.03299e-05
4.74107e-06
3.17703e-06
5.10755e-05
6.87427e-06
4.86963e-06
7.30537e-05
9.69755e-06
9.84619e-06
8.27127e-05
9.68798e-06
1.60926e-05
7.02868e-05
1.1505e-05
2.03011e-05
1.28626e-05
2.91748e-05
1.49702e-05
-0.000122696
9.25765e-05
-1.86116e-05
-0.000203292
0.000143837
-4.5417e-05
-0.000125858
0.000136344
-4.53077e-05
-0.000100486
0.000114564
-2.74071e-05
-0.000108303
9.5961e-05
-5.37687e-06
-0.000116361
8.09107e-05
9.06364e-06
-0.000127576
6.65049e-05
1.08803e-05
-0.000142488
5.02376e-05
2.23918e-07
-0.000146844
3.87118e-05
-9.49499e-06
-0.000123287
3.68948e-05
3.10159e-06
-7.20875e-05
4.86352e-05
5.78883e-05
-5.47017e-06
1.59206e-05
-3.9186e-05
8.91008e-06
4.79463e-06
-1.49391e-05
4.42781e-06
6.04893e-06
2.86561e-05
3.98243e-06
5.67939e-06
6.43408e-05
6.83471e-06
7.83728e-06
9.19432e-05
1.08633e-05
1.39123e-05
0.000105494
1.04108e-05
2.14906e-05
9.05266e-05
7.79628e-06
2.57098e-05
8.63956e-06
2.71186e-05
1.13762e-05
-0.000158957
9.97215e-05
-1.90994e-05
-0.000144991
0.000137671
5.46865e-06
-3.37802e-05
0.000115722
5.10208e-05
-2.58174e-05
9.17999e-05
9.76807e-05
-1.93256e-05
7.58421e-05
0.000139891
-1.69567e-05
6.3306e-05
0.000170786
-1.9685e-05
5.01897e-05
0.00018756
-2.32005e-05
3.72951e-05
0.000195402
-1.06007e-05
2.90759e-05
0.000208155
3.08806e-05
3.38774e-05
0.00025242
9.19546e-05
4.79546e-05
0.000338706
0.000155896
9.33741e-06
-3.91979e-05
4.65523e-06
7.71202e-06
-9.853e-06
2.75836e-06
9.85381e-06
2.9891e-05
2.92119e-06
1.07465e-05
6.46677e-05
6.21823e-06
1.45162e-05
9.07754e-05
1.11101e-05
2.56168e-05
0.000100758
7.5997e-06
4.25049e-05
7.168e-05
-1.03751e-06
4.70705e-05
-6.57036e-05
2.02331e-05
1.28801e-05
-0.000160002
7.68102e-05
2.29667e-05
-5.04501e-05
9.27643e-05
0.000108221
-1.15863e-05
7.30122e-05
0.000204946
2.14899e-05
5.68863e-05
0.000280285
4.44846e-05
4.72543e-05
0.000339449
6.02176e-05
3.85554e-05
0.000385553
7.83593e-05
2.98051e-05
0.000420403
0.000102648
2.11187e-05
0.000453048
0.000138313
2.0554e-05
0.000495503
0.000188247
2.65938e-05
0.00055437
0.000233975
4.04714e-05
0.000650007
0.000261601
-5.87551e-05
3.24054e-05
-0.000330887
-6.40871e-05
4.94958e-05
-0.000381228
-6.98081e-05
4.62126e-05
-0.000409597
-6.45406e-05
6.48955e-05
-0.000434595
-7.62491e-05
5.76454e-05
-0.000469
-7.53742e-05
3.84053e-05
-0.00050534
-6.31003e-05
7.49538e-05
-0.000475841
-8.06968e-05
6.27781e-05
-0.00052043
-8.33974e-05
3.40728e-05
-0.000568656
-7.17662e-05
-1.32585e-05
-0.000612772
-5.92495e-05
8.3237e-05
-0.00046446
-8.38962e-05
6.63491e-05
-0.000519099
-9.10632e-05
3.05233e-05
-0.000584329
-8.02281e-05
-2.87968e-05
-0.000650769
-5.66967e-05
-0.000108563
-0.000704429
-4.41961e-05
9.4548e-05
-0.0004001
-7.7225e-05
7.81402e-05
-0.000448602
-9.16106e-05
4.22767e-05
-0.000513683
-8.38463e-05
-1.85915e-05
-0.000598269
-5.87801e-05
-0.000107546
-0.000690871
-2.78598e-05
-0.000213697
-0.000760908
-1.67485e-05
0.000101529
-0.000313272
-5.36209e-05
9.43181e-05
-0.000342719
-7.57519e-05
6.46103e-05
-0.000389472
-7.51945e-05
1.07905e-05
-0.000468725
-5.2804e-05
-7.22023e-05
-0.000585869
-2.04944e-05
-0.000185136
-0.000713351
7.90828e-06
-0.000306249
-0.000797361
1.25004e-05
9.44947e-05
-0.000248196
-1.67507e-05
0.000102525
-0.000256827
-4.1371e-05
8.65388e-05
-0.000277756
-5.04002e-05
4.54363e-05
-0.000330077
-3.86563e-05
-2.35629e-05
-0.000435858
-1.12057e-05
-0.000127405
-0.000594178
1.80802e-05
-0.000261047
-0.000749519
3.61852e-05
-0.000382986
-0.000826675
2.89518e-05
7.36812e-05
-0.000211305
1.68139e-05
9.52635e-05
-0.000210106
1.28247e-06
9.62353e-05
-0.000211814
-1.05881e-05
7.16938e-05
-0.000234014
-1.13003e-05
2.00449e-05
-0.000304363
2.21187e-06
-6.48159e-05
-0.00044706
2.46649e-05
-0.000190557
-0.000642092
4.3232e-05
-0.00033619
-0.000797853
5.0406e-05
-0.000438482
-0.000842166
2.90218e-05
4.66296e-05
-0.000187039
3.31908e-05
7.4918e-05
-0.000191261
3.55521e-05
9.03542e-05
-0.000189445
3.42017e-05
8.30768e-05
-0.000194236
3.05897e-05
4.96256e-05
-0.000229112
2.95191e-05
-1.34873e-05
-0.000328176
3.50303e-05
-0.00011648
-0.000508702
4.46954e-05
-0.000262066
-0.000716289
5.14027e-05
-0.000403081
-0.000834938
5.2274e-05
-0.000464074
-0.000838756
2.04285e-05
-4.67952e-05
-0.000281802
3.30927e-05
-5.86184e-05
-0.000354166
3.52089e-05
-6.51541e-05
-0.000438883
5.87321e-06
-6.26405e-05
-0.00053831
-7.46164e-05
-4.94278e-05
-0.000644203
-0.000194946
-2.74713e-05
-0.000731556
-0.000310544
9.7224e-08
-0.000785006
-0.000395199
2.64778e-05
-0.000812299
-0.000445314
4.31326e-05
-0.000820514
-0.000460722
4.82264e-05
-0.000810991
-0.000454528
4.79742e-05
-0.00078228
2.01946e-05
2.17916e-05
-0.000157546
3.05822e-05
4.85098e-05
-0.000177255
4.84755e-05
7.25285e-05
-0.000187296
6.69319e-05
8.03931e-05
-0.000194488
7.63867e-05
6.42862e-05
-0.000212066
7.30925e-05
2.13848e-05
-0.000268626
6.21803e-05
-5.50565e-05
-0.000400171
5.2438e-05
-0.000178146
-0.00060382
4.77409e-05
-0.000334165
-0.000784997
4.84774e-05
-0.000448375
-0.000841879
4.7463e-05
-0.000469669
-0.000809963
4.50494e-05
-0.000428389
-0.000737957
1.2824e-05
5.33271e-06
-0.000115492
1.88035e-05
2.38834e-05
-0.000150464
3.94245e-05
4.81826e-05
-0.000178486
7.37758e-05
6.65093e-05
-0.000203378
0.000106907
6.643e-05
-0.000228064
0.000120771
4.2171e-05
-0.000265262
0.000108865
-1.01556e-05
-0.00034747
8.09174e-05
-0.000102006
-0.000504931
5.38607e-05
-0.000243333
-0.000700355
4.06736e-05
-0.000393217
-0.000818823
4.25553e-05
-0.000467849
-0.000820078
4.22638e-05
-0.000459054
-0.000758482
4.32025e-05
-0.000396852
-0.00068231
1.08507e-05
-1.59688e-06
-6.64669e-05
1.04717e-05
7.83896e-06
-0.000106866
2.13233e-05
2.49966e-05
-0.000147789
5.49837e-05
4.5294e-05
-0.000191266
0.000106318
5.69647e-05
-0.000238925
0.000150242
5.02271e-05
-0.000286942
0.000160737
2.05823e-05
-0.000347265
0.000132606
-4.0492e-05
-0.000452323
8.49701e-05
-0.000149504
-0.000614785
4.56995e-05
-0.000300804
-0.000763583
3.26233e-05
-0.000428933
-0.00081039
3.6632e-05
-0.000470316
-0.000769297
4.10564e-05
-0.000440815
-0.000695013
4.34004e-05
-0.000368569
-0.000619242
1.01421e-05
-3.05364e-06
-2.37162e-05
9.71288e-06
1.18477e-06
-5.57991e-05
9.86863e-06
1.02303e-05
-9.76792e-05
2.755e-05
2.49374e-05
-0.000148834
7.50734e-05
4.03587e-05
-0.000213819
0.000140925
4.71081e-05
-0.000288185
0.000189026
3.82627e-05
-0.000359877
0.000189702
6.96073e-06
-0.000441575
0.000142851
-6.37203e-05
-0.000558643
7.96598e-05
-0.000188256
-0.000695791
3.85591e-05
-0.000337175
-0.000777783
3.11108e-05
-0.000440134
-0.000767605
3.61518e-05
-0.000461612
-0.000702188
4.15801e-05
-0.000422399
-0.000624957
4.50543e-05
-0.000346695
-0.00055146
7.13851e-06
-2.71336e-06
2.08317e-06
1.03857e-05
-5.73852e-07
-1.24955e-05
9.06826e-06
4.25868e-06
-4.22473e-05
1.11402e-05
1.24369e-05
-8.67385e-05
3.61729e-05
2.35797e-05
-0.000151207
9.53171e-05
3.34088e-05
-0.000241555
0.000169415
3.71127e-05
-0.000337756
0.000213975
3.01379e-05
-0.000420783
0.000202463
3.27449e-09
-0.000517792
0.000141461
-7.642e-05
-0.000631771
7.4055e-05
-0.000207199
-0.000723481
3.87122e-05
-0.000344279
-0.000744798
3.4461e-05
-0.000427715
-0.000698827
3.86244e-05
-0.00043989
-0.000625228
4.1811e-05
-0.000400581
-0.000550584
4.71977e-05
-0.000327754
-0.000480341
4.42359e-06
-1.60126e-06
8.36794e-06
7.89884e-06
-1.07164e-06
1.23343e-05
1.0362e-05
1.85446e-06
1.94997e-06
9.05804e-06
7.33064e-06
-2.48821e-05
1.405e-05
1.42911e-05
-7.25512e-05
4.47373e-05
2.10811e-05
-0.000152896
0.000110046
2.50647e-05
-0.000267779
0.000184496
2.76222e-05
-0.000367655
0.000219677
2.65239e-05
-0.000456283
0.000197683
-2.14204e-06
-0.000556354
0.000133995
-7.79404e-05
-0.000643934
7.4012e-05
-0.000197833
-0.000685733
4.5938e-05
-0.000314759
-0.000665914
3.96729e-05
-0.00038394
-0.00060697
3.93561e-05
-0.000396947
-0.000538556
4.07335e-05
-0.000367283
-0.000471402
4.91934e-05
-0.000303569
-0.000404588
6.63637e-06
3.28053e-07
-1.26122e-06
5.10456e-06
-3.21091e-07
1.66259e-05
8.16247e-06
5.93427e-07
2.50622e-05
1.01163e-05
4.39334e-06
1.98148e-05
9.72967e-06
1.04506e-05
-3.70571e-06
1.74859e-05
1.63506e-05
-5.52291e-05
5.01844e-05
1.91602e-05
-0.000153121
0.00011505
1.70472e-05
-0.000286232
0.000184177
1.93068e-05
-0.000380067
0.000207676
2.59613e-05
-0.000451813
0.000179148
4.36649e-06
-0.000523279
0.000123466
-6.27123e-05
-0.000571325
7.71568e-05
-0.000159039
-0.000573887
5.3929e-05
-0.000248878
-0.000541396
4.38802e-05
-0.000308174
-0.000494687
3.88847e-05
-0.000330856
-0.00044364
3.97493e-05
-0.000317302
-0.000386008
5.14715e-05
-0.0002635
-0.00032078
1.51656e-05
1.5891e-06
-2.14136e-05
6.70679e-06
1.4391e-06
4.40602e-06
5.40311e-06
8.42036e-07
2.67979e-05
7.84903e-06
2.05631e-06
4.05213e-05
9.81046e-06
6.3588e-06
4.1151e-05
1.06739e-05
1.25058e-05
2.12019e-05
1.95112e-05
1.74369e-05
-3.4526e-05
4.96196e-05
1.65367e-05
-0.00014961
0.000110306
5.75954e-06
-0.000286556
0.00016942
1.77647e-06
-0.000336633
0.000181455
8.76758e-06
-0.000367453
0.000154235
-3.9557e-06
-0.000405318
0.000111682
-4.69601e-05
-0.000421732
8.02966e-05
-0.000108215
-0.000412485
6.10347e-05
-0.000169815
-0.000395753
4.80605e-05
-0.000221741
-0.000375989
3.95803e-05
-0.000252912
-0.000343132
4.07271e-05
-0.00024825
-0.000290539
5.47356e-05
-0.000195011
-0.000224084
2.4482e-05
-3.82663e-05
1.36718e-05
2.26144e-06
-1.95108e-05
6.45529e-06
2.31897e-06
1.09484e-05
5.29979e-06
1.90123e-06
3.87602e-05
7.34379e-06
3.51668e-06
5.82643e-05
9.82914e-06
8.32526e-06
6.48625e-05
1.14211e-05
1.4722e-05
4.77538e-05
1.87939e-05
1.97794e-05
-1.407e-05
4.39779e-05
1.57396e-05
-0.000148132
0.000102328
-7.46568e-06
-0.000264986
0.000150626
-2.45101e-05
-0.000244998
0.000154146
-2.75114e-05
-0.000236992
0.000130197
-3.01448e-05
-0.000250534
0.000102992
-4.39597e-05
-0.000255614
8.33193e-05
-6.92791e-05
-0.000256275
6.75009e-05
-0.000102189
-0.000263013
5.16077e-05
-0.000138824
-0.000262292
4.11772e-05
-0.000161627
-0.000234563
4.27431e-05
-0.000147091
-0.000179356
5.97093e-05
-7.89267e-05
-0.000110061
2.07812e-05
-3.95118e-05
1.16793e-05
3.35777e-06
-1.82432e-05
5.59753e-06
3.73738e-06
1.85495e-05
4.62708e-06
3.2899e-06
5.19614e-05
6.80684e-06
5.08606e-06
7.77935e-05
9.9658e-06
1.00258e-05
8.96309e-05
1.08254e-05
1.60054e-05
7.41274e-05
1.47758e-05
1.97065e-05
1.1145e-06
3.68723e-05
9.41456e-06
-0.000160523
0.000102679
-2.75233e-05
-0.000224155
0.000144995
-4.4854e-05
-0.000133653
0.000134376
-3.85977e-05
-0.000107966
0.000111982
-2.27244e-05
-0.000111151
9.39387e-05
-7.5278e-06
-0.000117876
8.00315e-05
-1.50597e-06
-0.000131927
6.44305e-05
-8.8974e-06
-0.000147617
4.8059e-05
-2.321e-05
-0.000143902
3.8384e-05
-2.33124e-05
-0.000106188
4.47518e-05
1.78704e-05
-4.29504e-05
6.44644e-05
0.000113012
2.66515e-05
1.59094e-05
-4.09994e-05
8.9058e-06
4.97608e-06
-1.81646e-05
4.29755e-06
6.27794e-06
2.64727e-05
3.73031e-06
5.89073e-06
6.54314e-05
6.61681e-06
8.02741e-06
9.7379e-05
1.07358e-05
1.39701e-05
0.000113338
1.02626e-05
2.0731e-05
9.27972e-05
8.6686e-06
2.40969e-05
-1.38174e-05
3.40633e-05
5.44897e-06
-0.000197381
0.000106073
-2.22908e-05
-0.000146512
0.000135615
6.66928e-06
-3.23034e-05
0.000114815
5.15348e-05
-2.14932e-05
9.34037e-05
9.84103e-05
-1.43774e-05
7.91212e-05
0.00013916
-1.72097e-05
6.54664e-05
0.00016608
-2.51264e-05
5.03646e-05
0.000177674
-2.60407e-05
3.59179e-05
0.000185853
-3.10578e-06
3.41323e-05
0.000218816
5.08986e-05
4.50941e-05
0.000295085
0.000117069
7.02781e-05
0.000431459
0.000172125
9.3735e-06
-4.08894e-05
4.66691e-06
7.93555e-06
-1.2633e-05
2.60952e-06
1.01933e-05
2.78009e-05
2.7057e-06
1.08718e-05
6.55673e-05
5.97119e-06
1.43587e-05
9.60106e-05
1.03926e-05
2.55858e-05
0.000107239
4.62023e-06
4.0346e-05
7.37353e-05
-8.99026e-07
4.19748e-05
-9.39154e-05
2.90046e-05
5.56754e-06
-0.000171633
7.9743e-05
2.45304e-05
-4.65289e-05
9.13787e-05
0.000111257
-9.29181e-06
7.24355e-05
0.000208497
2.08301e-05
5.96074e-05
0.000280677
4.3639e-05
5.09984e-05
0.000337013
5.77503e-05
4.15381e-05
0.000383306
7.39099e-05
2.95219e-05
0.000420175
0.000105992
2.44328e-05
0.000460878
0.000148499
2.6323e-05
0.000517862
0.000198425
3.91701e-05
0.000612564
0.000232241
5.92751e-05
0.000728432
0.000235567
-5.29074e-05
1.29813e-05
-0.000263097
-6.05531e-05
2.86155e-05
-0.000309086
-6.61342e-05
3.08297e-05
-0.00033231
-6.08011e-05
4.75696e-05
-0.000358513
-7.35308e-05
4.79049e-05
-0.000385652
-7.60677e-05
4.21041e-05
-0.000415812
-5.6722e-05
6.35772e-05
-0.000411033
-7.65732e-05
6.27079e-05
-0.000443794
-8.40829e-05
5.12053e-05
-0.000481128
-7.86195e-05
2.55826e-05
-0.00051821
-5.16706e-05
7.43888e-05
-0.00044548
-7.88466e-05
7.05939e-05
-0.000488721
-9.11532e-05
5.24709e-05
-0.000538752
-8.75736e-05
1.47285e-05
-0.000589311
-7.03558e-05
-4.25986e-05
-0.000631146
-4.2885e-05
8.30944e-05
-0.000421663
-7.92221e-05
7.58728e-05
-0.000472002
-9.80519e-05
5.25432e-05
-0.000534692
-9.70118e-05
6.88094e-06
-0.000606856
-7.83763e-05
-6.44118e-05
-0.00067534
-4.98192e-05
-0.000154096
-0.000723335
-2.24064e-05
9.1487e-05
-0.000351406
-6.66439e-05
8.72296e-05
-0.000396184
-9.50383e-05
6.44324e-05
-0.000451487
-0.000100158
1.98645e-05
-0.000527192
-8.12087e-05
-5.35228e-05
-0.000623903
-4.91963e-05
-0.000155876
-0.000720005
-1.70183e-05
-0.000267422
-0.000779117
4.96669e-06
8.91634e-05
-0.000271323
-3.74157e-05
9.71756e-05
-0.000295485
-7.27696e-05
8.27169e-05
-0.000329445
-8.71378e-05
4.49333e-05
-0.000386894
-7.46417e-05
-1.94441e-05
-0.000485515
-4.2404e-05
-0.000116925
-0.000622899
-6.93949e-06
-0.000242837
-0.00075176
1.79706e-05
-0.00036037
-0.000813989
2.52012e-05
7.24257e-05
-0.000214781
-2.2024e-06
9.40364e-05
-0.000220714
-3.35592e-05
9.5287e-05
-0.000230754
-5.49379e-05
7.12847e-05
-0.000259274
-5.53258e-05
2.09728e-05
-0.000330606
-3.31269e-05
-6.1202e-05
-0.000466741
1.30837e-06
-0.000182987
-0.000648899
2.93905e-05
-0.000325204
-0.000793475
4.18576e-05
-0.000428785
-0.000834668
3.02146e-05
4.73922e-05
-0.000179377
2.16075e-05
7.63433e-05
-0.000180828
5.96045e-06
9.2793e-05
-0.000177096
-1.09294e-05
8.63943e-05
-0.000181405
-2.00957e-05
5.33737e-05
-0.000216678
-1.40747e-05
-9.38505e-06
-0.00031622
7.26423e-06
-0.000111708
-0.000498163
3.30434e-05
-0.00025709
-0.000709557
4.77149e-05
-0.000399467
-0.000833195
4.98274e-05
-0.000461401
-0.000839052
2.41341e-05
2.27088e-05
-0.000148482
2.73467e-05
5.0729e-05
-0.000159645
2.96135e-05
7.62642e-05
-0.000158335
2.90573e-05
8.57787e-05
-0.000154296
2.52462e-05
7.07185e-05
-0.000164211
2.15843e-05
2.78984e-05
-0.000219011
2.39061e-05
-4.94688e-05
-0.000356934
3.41342e-05
-0.000174973
-0.00057751
4.50745e-05
-0.000335454
-0.000781266
4.97477e-05
-0.000451283
-0.000849012
4.7341e-05
-0.000470821
-0.00082235
9.84286e-06
-3.75762e-05
-0.000214258
1.89779e-05
-5.2294e-05
-0.000281258
3.00632e-05
-6.34879e-05
-0.000356822
2.70494e-05
-6.78485e-05
-0.000445741
-1.40116e-05
-6.15546e-05
-0.000549422
-0.000111389
-4.42543e-05
-0.000656034
-0.00024243
-1.94039e-05
-0.000738353
-0.000355691
8.17951e-06
-0.000784413
-0.000427128
3.08705e-05
-0.000804015
-0.000455769
4.16786e-05
-0.000803678
-0.000453138
4.52217e-05
-0.000784608
-0.000422936
4.27297e-05
-0.000750503
1.61176e-05
5.06901e-06
-0.000110764
2.09411e-05
2.55427e-05
-0.000136749
3.23598e-05
5.20487e-05
-0.00014974
4.94462e-05
7.23595e-05
-0.000154959
6.41379e-05
7.35108e-05
-0.000160968
6.79548e-05
4.9052e-05
-0.000186941
6.02923e-05
-4.74002e-06
-0.000270391
4.91671e-05
-9.98663e-05
-0.00044672
4.2125e-05
-0.00024778
-0.000678486
4.01652e-05
-0.000405019
-0.000827857
4.37865e-05
-0.000473188
-0.000839601
4.09877e-05
-0.000456945
-0.000780136
3.99116e-05
-0.000381037
-0.000703471
1.16452e-05
-3.48268e-06
-6.70427e-05
1.32158e-05
7.50875e-06
-0.000101895
2.20295e-05
2.75285e-05
-0.000130547
4.55091e-05
5.10098e-05
-0.00015354
7.94034e-05
6.48031e-05
-0.000174863
0.000106303
5.74039e-05
-0.000199383
0.000109627
2.39338e-05
-0.000248266
8.84227e-05
-4.21451e-05
-0.000363169
5.74914e-05
-0.000157778
-0.000563025
3.41862e-05
-0.000320177
-0.000761896
2.93917e-05
-0.000450739
-0.00083271
3.2431e-05
-0.000475498
-0.000799438
3.73494e-05
-0.000428527
-0.000723102
3.93344e-05
-0.00033923
-0.000646358
9.33634e-06
-5.45028e-06
-2.77508e-05
1.03514e-05
-9.56639e-07
-5.83437e-05
1.20944e-05
9.899e-06
-9.40271e-05
2.76816e-05
2.8223e-05
-0.00013088
6.58639e-05
4.70958e-05
-0.000172216
0.00011618
5.39536e-05
-0.000217932
0.000149652
3.97104e-05
-0.000266721
0.00014344
-6.79201e-07
-0.00034084
0.000101502
-8.04936e-05
-0.000480004
5.09583e-05
-0.00021633
-0.000670571
2.10934e-05
-0.000377147
-0.000797913
2.28104e-05
-0.000470248
-0.000802163
2.88013e-05
-0.000466086
-0.000736676
3.73128e-05
-0.000402236
-0.000657078
4.19765e-05
-0.000305756
-0.000582335
6.24656e-06
-4.6668e-06
-3.4769e-06
9.71606e-06
-2.99461e-06
-1.8906e-05
9.57382e-06
1.7713e-06
-4.78815e-05
1.30398e-05
1.20527e-05
-8.67263e-05
3.73989e-05
2.74135e-05
-0.000137144
9.0843e-05
4.12317e-05
-0.000203496
0.00015422
4.29009e-05
-0.000277654
0.00018685
2.60207e-05
-0.000351837
0.00016454
-1.91673e-05
-0.000448228
0.000100882
-0.000113966
-0.00059237
3.91294e-05
-0.000262848
-0.000735203
1.35283e-05
-0.000407572
-0.000785167
1.97801e-05
-0.00047144
-0.000743097
3.1538e-05
-0.000452725
-0.000664774
3.96084e-05
-0.000383321
-0.000586126
4.72871e-05
-0.00028371
-0.000514155
3.86454e-06
-2.99145e-06
2.4467e-06
7.26522e-06
-2.62231e-06
4.71685e-06
1.00307e-05
-4.67309e-07
-7.47888e-06
9.39041e-06
4.70658e-06
-3.48862e-05
1.59596e-05
1.37356e-05
-7.8836e-05
4.92743e-05
2.52267e-05
-0.00014759
0.000115164
3.39612e-05
-0.000243547
0.000184606
3.49006e-05
-0.000342655
0.000210028
2.12933e-05
-0.000432449
0.0001712
-2.60452e-05
-0.000541705
9.40385e-05
-0.000133462
-0.000665567
3.41182e-05
-0.000284266
-0.000743608
1.78851e-05
-0.000409716
-0.000734746
2.53504e-05
-0.000457157
-0.000667236
3.53337e-05
-0.000434649
-0.000587133
4.20305e-05
-0.000367526
-0.000512105
5.35493e-05
-0.000269439
-0.00044261
6.32889e-06
-8.38479e-07
-6.66034e-06
4.66698e-06
-1.44419e-06
9.12271e-06
8.02529e-06
-9.23275e-07
1.52021e-05
1.01258e-05
1.99562e-06
7.23176e-06
9.93361e-06
7.54196e-06
-1.83748e-05
2.01141e-05
1.46861e-05
-6.88164e-05
5.98607e-05
2.14609e-05
-0.000158995
0.00013243
2.49873e-05
-0.000282548
0.000200084
2.71985e-05
-0.000384261
0.000213023
1.84388e-05
-0.000482236
0.000164482
-2.94229e-05
-0.000590225
8.91627e-05
-0.00013445
-0.000673027
4.04374e-05
-0.000270914
-0.000692865
2.91848e-05
-0.000376627
-0.000648484
3.32424e-05
-0.000417163
-0.000576115
3.73659e-05
-0.000400911
-0.000503406
4.35002e-05
-0.000344387
-0.000434332
5.92941e-05
-0.000251507
-0.000366186
1.59718e-05
7.19444e-07
-2.50793e-05
6.64841e-06
4.60838e-07
-2.04222e-06
5.33036e-06
-1.36434e-07
1.73746e-05
8.22361e-06
8.00097e-07
2.82307e-05
1.00471e-05
4.56996e-06
2.54139e-05
1.10931e-05
1.04333e-05
1.75376e-06
2.40073e-05
1.58171e-05
-5.64135e-05
6.56725e-05
1.78653e-05
-0.000170017
0.000137546
1.68799e-05
-0.000311069
0.000197478
2.39501e-05
-0.000406135
0.000199298
2.38982e-05
-0.000489212
0.000149676
-1.97599e-05
-0.000561691
8.89188e-05
-0.000113238
-0.000594375
5.41509e-05
-0.000221245
-0.000575384
4.25648e-05
-0.000304825
-0.000526282
3.93977e-05
-0.000346099
-0.000470785
3.82034e-05
-0.000345918
-0.000413648
4.48864e-05
-0.000303689
-0.000349979
6.45308e-05
-0.000214214
-0.000281396
2.70723e-05
-3.88139e-05
1.50158e-05
1.67739e-06
-2.30515e-05
6.74825e-06
1.58544e-06
3.31421e-06
5.52599e-06
1.0266e-06
2.75478e-05
7.81623e-06
2.27014e-06
4.40874e-05
9.86556e-06
6.52711e-06
4.7048e-05
1.23068e-05
1.22629e-05
2.5451e-05
2.54575e-05
1.61413e-05
-4.08244e-05
6.38596e-05
1.32384e-05
-0.000176995
0.000130843
4.71211e-06
-0.000318026
0.000179842
1.22948e-05
-0.000369397
0.000174156
1.68103e-05
-0.000408254
0.00013242
-1.58026e-05
-0.000438718
9.07931e-05
-8.02705e-05
-0.000437493
6.74031e-05
-0.000152509
-0.000413889
5.48682e-05
-0.000215944
-0.000388929
4.49685e-05
-0.000260753
-0.000361516
4.01448e-05
-0.000273004
-0.00031735
4.76721e-05
-0.000235732
-0.000254751
7.08289e-05
-0.000139979
-0.000183737
2.43251e-05
-3.95931e-05
1.36699e-05
2.36998e-06
-2.16065e-05
6.44161e-06
2.4832e-06
9.46854e-06
5.26622e-06
2.08753e-06
3.9498e-05
7.18427e-06
3.75046e-06
6.24122e-05
9.94126e-06
8.49821e-06
7.10652e-05
1.29454e-05
1.44407e-05
5.09333e-05
2.34953e-05
1.82724e-05
-2.53524e-05
5.55769e-05
1.01603e-05
-0.000184503
0.000117715
-1.10115e-05
-0.000293535
0.000155843
-1.19734e-05
-0.000271403
0.000148086
-1.22352e-05
-0.000268635
0.000118551
-2.8646e-05
-0.000272434
9.42009e-05
-5.93675e-05
-0.000265803
7.92143e-05
-9.64556e-05
-0.000261207
6.47952e-05
-0.000137253
-0.000264962
4.97114e-05
-0.000172091
-0.00025349
4.25619e-05
-0.000175586
-0.000210254
5.30269e-05
-0.000123122
-0.000143441
7.95602e-05
-6.98082e-06
-7.21486e-05
2.08063e-05
-4.10925e-05
1.1722e-05
3.51297e-06
-2.08868e-05
5.50942e-06
3.94814e-06
1.66283e-05
4.40678e-06
3.52436e-06
5.27967e-05
6.53718e-06
5.38532e-06
8.24641e-05
9.78013e-06
1.02469e-05
9.62972e-05
1.17346e-05
1.56618e-05
7.66584e-05
1.7335e-05
1.84387e-05
-1.66088e-05
4.581e-05
1.77625e-06
-0.000201608
0.000111807
-3.2427e-05
-0.000242327
0.000144168
-3.51629e-05
-0.000145659
0.000130856
-2.60564e-05
-0.000120693
0.000108953
-1.68695e-05
-0.000117374
9.44837e-05
-1.24698e-05
-0.000122287
8.10987e-05
-1.70827e-05
-0.000139387
6.38781e-05
-3.27762e-05
-0.000151576
4.65939e-05
-4.41552e-05
-0.000133744
4.3796e-05
-1.84939e-05
-7.94937e-05
5.89599e-05
6.43489e-05
-8.1591e-06
9.12219e-05
0.000214535
5.81209e-05
1.59977e-05
-4.26839e-05
8.95867e-06
5.18382e-06
-2.14107e-05
4.14965e-06
6.61126e-06
2.41653e-05
3.41706e-06
6.25233e-06
6.64472e-05
6.0362e-06
8.21258e-06
0.00010302
9.83541e-06
1.38872e-05
0.000120687
8.75093e-06
1.90083e-05
9.37106e-05
9.26794e-06
2.22738e-05
-4.08396e-05
4.32336e-05
-3.66677e-06
-0.000230257
0.000109932
-2.60499e-05
-0.000143993
0.000131157
6.50095e-06
-2.70716e-05
0.000113796
5.32294e-05
-1.76921e-05
9.64765e-05
0.000101326
-1.34263e-05
8.43198e-05
0.000135849
-2.03124e-05
6.97403e-05
0.000158011
-3.36762e-05
5.00838e-05
0.000165977
-2.6735e-05
3.97921e-05
0.000188117
1.22265e-05
4.34974e-05
0.000251962
7.68401e-05
6.66917e-05
0.000382439
0.00013856
0.000101695
0.000570879
0.00017426
9.45266e-06
-4.24372e-05
4.69072e-06
8.21429e-06
-1.53769e-05
2.45679e-06
1.05762e-05
2.5605e-05
2.44977e-06
1.09794e-05
6.64569e-05
5.19344e-06
1.46281e-05
0.000101748
8.54456e-06
2.52049e-05
0.000113789
1.30678e-06
3.72993e-05
7.70605e-05
-4.51939e-07
3.20182e-05
-0.000119948
3.69479e-05
-1.06109e-05
-0.000173439
7.97286e-05
2.15503e-05
-3.6577e-05
8.89446e-05
0.000116519
-6.27409e-06
7.38152e-05
0.000211999
1.56818e-05
6.36112e-05
0.000279421
3.761e-05
5.63509e-05
0.000331229
5.34685e-05
4.40754e-05
0.000378338
7.16644e-05
3.25012e-05
0.000423215
0.000111146
2.85632e-05
0.000477646
0.000160145
3.83396e-05
0.000570351
0.000202291
5.74739e-05
0.000690527
0.000212665
8.47115e-05
0.000854905
0.000179489
-4.43495e-05
-1.51937e-06
-0.000199895
-5.62422e-05
6.77308e-06
-0.000243588
-5.94733e-05
1.15999e-05
-0.000262392
-5.86133e-05
2.54938e-05
-0.000287569
-6.92822e-05
2.76348e-05
-0.000310153
-7.25966e-05
2.91516e-05
-0.000334881
-5.28682e-05
4.45954e-05
-0.000337344
-7.20923e-05
4.73916e-05
-0.000362494
-8.18091e-05
4.61599e-05
-0.000391994
-8.07821e-05
3.68746e-05
-0.000423488
-4.33895e-05
5.93534e-05
-0.000389115
-7.12063e-05
6.36382e-05
-0.000419618
-8.72453e-05
5.9727e-05
-0.000456237
-8.99395e-05
4.2513e-05
-0.000495707
-7.94811e-05
9.23584e-06
-0.000532346
-3.3562e-05
6.97508e-05
-0.000413027
-7.05453e-05
7.25517e-05
-0.00045613
-9.32184e-05
6.4694e-05
-0.000505792
-9.90535e-05
3.86326e-05
-0.000560628
-8.8708e-05
-9.92513e-06
-0.000611668
-6.6138e-05
-7.7556e-05
-0.000648676
-1.8539e-05
7.78922e-05
-0.000376261
-6.58055e-05
7.89387e-05
-0.000425585
-9.81805e-05
6.66677e-05
-0.000483
-0.000109044
3.54051e-05
-0.000554345
-9.84275e-05
-2.16196e-05
-0.000632444
-7.22555e-05
-0.000106147
-0.000700244
-4.0621e-05
-0.000203705
-0.000738472
4.67727e-06
7.99523e-05
-0.000301042
-4.59804e-05
8.82456e-05
-0.000343878
-8.88416e-05
7.79546e-05
-0.000393652
-0.000109662
4.81005e-05
-0.000457215
-0.000102625
-7.17327e-06
-0.000545574
-7.26347e-05
-9.50329e-05
-0.000654531
-3.60203e-05
-0.000209602
-0.00074876
-5.46726e-06
-0.000320626
-0.000790759
2.54368e-05
6.83169e-05
-0.000229863
-1.4101e-05
8.90527e-05
-0.000251325
-5.88366e-05
9.0534e-05
-0.000278045
-8.96859e-05
6.84728e-05
-0.000318255
-9.28112e-05
2.18191e-05
-0.00039069
-6.71832e-05
-5.50195e-05
-0.000513383
-2.67781e-05
-0.000169197
-0.000668469
7.97935e-06
-0.000303869
-0.000786867
2.67755e-05
-0.00040679
-0.000819259
3.29446e-05
4.6462e-05
-0.000180366
1.35042e-05
7.50832e-05
-0.000187752
-1.84352e-05
9.16369e-05
-0.000192692
-5.00455e-05
8.54875e-05
-0.000205862
-6.53369e-05
5.31264e-05
-0.000246206
-5.46795e-05
-7.7442e-06
-0.000343479
-2.14936e-05
-0.00010642
-0.000514569
1.69245e-05
-0.000247098
-0.000710904
3.89904e-05
-0.000387476
-0.000826076
4.43959e-05
-0.000454205
-0.000830813
2.82989e-05
2.30267e-05
-0.000143272
2.50723e-05
5.13088e-05
-0.0001521
1.26918e-05
7.75451e-05
-0.000148685
-6.04102e-06
8.81088e-05
-0.000143736
-2.27803e-05
7.39199e-05
-0.000153947
-2.69405e-05
3.16248e-05
-0.000209185
-1.2202e-05
-4.49238e-05
-0.000346917
1.67139e-05
-0.000169329
-0.000568523
4.22768e-05
-0.000329893
-0.00077635
5.07104e-05
-0.000447524
-0.000848049
4.73354e-05
-0.00046877
-0.000823425
1.93853e-05
4.98022e-06
-0.000105983
2.27951e-05
2.6396e-05
-0.000126037
2.47588e-05
5.40168e-05
-0.000129827
2.46191e-05
7.58633e-05
-0.00012362
2.10815e-05
7.88137e-05
-0.000119359
1.56604e-05
5.55394e-05
-0.000139581
1.38332e-05
1.8005e-06
-0.000223844
2.13653e-05
-9.43671e-05
-0.000409759
3.57541e-05
-0.000245253
-0.000661357
4.52845e-05
-0.000406852
-0.000830831
4.74894e-05
-0.000474498
-0.000849048
4.21311e-05
-0.000453934
-0.000792504
1.78169e-05
-2.52898e-05
-0.000146205
9.11979e-06
-4.21549e-05
-0.000212116
1.76089e-05
-5.7094e-05
-0.000281448
2.65107e-05
-6.73202e-05
-0.000360338
1.68623e-05
-6.88297e-05
-0.000453361
-3.78556e-05
-5.84344e-05
-0.000560276
-0.000151874
-3.70945e-05
-0.000664967
-0.000288879
-1.04802e-05
-0.000739043
-0.000392505
1.52786e-05
-0.000775882
-0.000444747
3.27064e-05
-0.000786734
-0.000450562
4.09594e-05
-0.000777522
-0.000421535
4.08065e-05
-0.000752978
-0.00037156
3.76666e-05
-0.000716169
1.25541e-05
-4.79863e-06
-6.56337e-05
1.57881e-05
7.38414e-06
-9.52146e-05
2.15875e-05
2.91258e-05
-0.000113417
3.33962e-05
5.44809e-05
-0.000119778
4.86191e-05
7.01779e-05
-0.000120868
5.86321e-05
6.40748e-05
-0.000128345
5.69886e-05
3.0703e-05
-0.000169771
4.6768e-05
-3.69158e-05
-0.000291709
3.75399e-05
-0.000156674
-0.000517894
3.36456e-05
-0.000326825
-0.000756155
3.49131e-05
-0.000459458
-0.000847121
3.49648e-05
-0.000477627
-0.000821461
3.61019e-05
-0.000415251
-0.00074468
3.54882e-05
-0.000315094
-0.000667555
8.47154e-06
-7.7262e-06
-2.95491e-05
1.1068e-05
-2.65082e-06
-5.76357e-05
1.39731e-05
9.85884e-06
-8.61386e-05
2.54744e-05
3.08621e-05
-0.000108224
5.08018e-05
5.2502e-05
-0.000126205
8.23452e-05
6.08148e-05
-0.000144465
0.000100934
4.54982e-05
-0.000172256
9.32178e-05
1.62001e-06
-0.000241834
6.48678e-05
-8.27947e-05
-0.000401539
3.4448e-05
-0.000227242
-0.000639467
1.78092e-05
-0.000398647
-0.000810716
2.3707e-05
-0.000479691
-0.000829421
2.66759e-05
-0.000460459
-0.000765385
3.36419e-05
-0.000373966
-0.000684697
3.71305e-05
-0.000262882
-0.000609442
5.20158e-06
-7.01757e-06
-7.22721e-06
8.81093e-06
-5.38268e-06
-2.24622e-05
1.00981e-05
-1.32504e-07
-4.88726e-05
1.43712e-05
1.21422e-05
-7.93115e-05
3.45188e-05
3.10307e-05
-0.000111965
7.57377e-05
4.74986e-05
-0.000150684
0.000121747
4.84671e-05
-0.000194242
0.000141148
2.56423e-05
-0.000247368
0.000117611
-2.82267e-05
-0.000346202
6.5964e-05
-0.000132209
-0.000529225
1.83379e-05
-0.000295128
-0.000731812
2.96966e-06
-0.000444408
-0.000813201
1.08349e-05
-0.000481518
-0.000777789
2.60708e-05
-0.00043638
-0.000697065
3.56144e-05
-0.000341646
-0.000617194
4.3734e-05
-0.000222702
-0.000544863
3.24005e-06
-4.97711e-06
-1.98822e-06
6.20174e-06
-4.68129e-06
-7.77959e-07
9.21377e-06
-2.9164e-06
-1.34404e-05
9.78168e-06
2.50649e-06
-3.87635e-05
1.71545e-05
1.38724e-05
-7.44132e-05
4.79773e-05
2.94133e-05
-0.000124058
0.000105088
4.0414e-05
-0.000190961
0.000161077
3.59063e-05
-0.000264037
0.000173208
9.44997e-06
-0.000343662
0.000127666
-5.3357e-05
-0.000465325
5.48754e-05
-0.000176791
-0.000639279
3.04892e-06
-0.000343747
-0.000767969
-6.70576e-07
-0.000462223
-0.00077583
1.29593e-05
-0.000476406
-0.000707024
3.0116e-05
-0.000419656
-0.000623217
4.07189e-05
-0.000322865
-0.000545656
5.41089e-05
-0.000198812
-0.000476007
6.04168e-06
-2.48026e-06
-1.09758e-05
4.0449e-06
-2.89182e-06
3.28107e-06
7.23853e-06
-2.58793e-06
7.57562e-06
9.57739e-06
-3.65591e-07
-1.89974e-06
1.01848e-05
5.25798e-06
-2.66974e-05
2.19047e-05
1.49983e-05
-7.04309e-05
6.32442e-05
2.6333e-05
-0.000143374
0.000133233
3.32987e-05
-0.000242776
0.000192081
2.95386e-05
-0.000342924
0.000191182
5.2632e-06
-0.000441943
0.000125324
-6.67089e-05
-0.00056932
4.34003e-05
-0.000204499
-0.000699584
7.00414e-07
-0.000362262
-0.000751331
4.40907e-06
-0.000457149
-0.000709978
2.22532e-05
-0.000463227
-0.000627664
3.52956e-05
-0.000406956
-0.000545629
4.64946e-05
-0.000312841
-0.000471695
6.55544e-05
-0.000186674
-0.000403466
1.6249e-05
-3.0336e-07
-2.82849e-05
6.37208e-06
-7.10956e-07
-7.17606e-06
4.87113e-06
-1.31456e-06
9.91767e-06
7.94317e-06
-8.19581e-07
1.82498e-05
9.78193e-06
2.09425e-06
1.29002e-05
1.12822e-05
7.72132e-06
-1.16377e-05
2.73983e-05
1.4965e-05
-6.5744e-05
7.63438e-05
2.15214e-05
-0.000166228
0.000152659
2.48049e-05
-0.000295293
0.000206764
2.56542e-05
-0.000400788
0.000191487
5.28439e-06
-0.000509158
0.000116957
-6.95483e-05
-0.000622424
4.3365e-05
-0.000204797
-0.000693601
1.48363e-05
-0.000344218
-0.000685963
1.98127e-05
-0.000423983
-0.000618911
3.12726e-05
-0.000430407
-0.000538491
3.88958e-05
-0.000384291
-0.000464192
5.12654e-05
-0.000298463
-0.000393754
7.59879e-05
-0.000171352
-0.00032576
2.84627e-05
-3.97939e-05
1.58366e-05
8.07453e-07
-2.63029e-05
6.77198e-06
5.95679e-07
-2.85526e-06
5.48659e-06
3.52134e-08
1.81242e-05
8.07174e-06
9.77475e-07
3.1517e-05
9.82523e-06
4.69509e-06
3.11469e-05
1.28682e-05
1.026e-05
6.71039e-06
3.16303e-05
1.50329e-05
-5.97851e-05
8.28527e-05
1.66316e-05
-0.000188787
0.000157912
1.78681e-05
-0.000332079
0.000201712
2.69466e-05
-0.000431078
0.00017703
1.28372e-05
-0.000524709
0.000109411
-5.89585e-05
-0.000592978
5.54358e-05
-0.000175036
-0.000605238
3.678e-05
-0.00028539
-0.000564204
3.70183e-05
-0.000352762
-0.000501773
3.85067e-05
-0.000369734
-0.000440509
4.14187e-05
-0.000341123
-0.000377489
5.5545e-05
-0.000263016
-0.000309051
8.48317e-05
-0.000131222
-0.000239414
2.69264e-05
-3.97827e-05
1.50645e-05
1.77844e-06
-2.46947e-05
6.84703e-06
1.73865e-06
2.14092e-06
5.56389e-06
1.22633e-06
2.82398e-05
7.55318e-06
2.49572e-06
4.76989e-05
9.76004e-06
6.66737e-06
5.27785e-05
1.41377e-05
1.18278e-05
2.85326e-05
3.22551e-05
1.44946e-05
-5.08704e-05
8.01058e-05
1.02912e-05
-0.00020713
0.000149504
7.86714e-06
-0.000345407
0.000181438
2.46399e-05
-0.000402845
0.000155006
1.61598e-05
-0.000447164
0.000105321
-4.13723e-05
-0.000464405
7.2408e-05
-0.000124239
-0.000443987
5.93531e-05
-0.000201776
-0.000408209
5.24607e-05
-0.000261026
-0.000376333
4.49246e-05
-0.000290637
-0.000339104
4.46796e-05
-0.000272158
-0.000283046
6.14288e-05
-0.000190611
-0.000212525
9.50622e-05
-4.42512e-05
-0.000141561
2.43727e-05
-4.08336e-05
1.37902e-05
2.48144e-06
-2.37274e-05
6.45915e-06
2.68089e-06
7.87102e-06
5.11129e-06
2.32722e-06
4.01637e-05
6.84176e-06
4.06065e-06
6.64946e-05
9.75168e-06
8.67364e-06
7.68135e-05
1.4422e-05
1.40329e-05
5.24451e-05
2.83321e-05
1.62784e-05
-4.2499e-05
6.94584e-05
4.38243e-06
-0.000223583
0.000131829
-7.2562e-06
-0.000318289
0.000155837
6.93201e-06
-0.000302266
0.000136311
-6.67114e-07
-0.000302098
0.000105614
-3.57617e-05
-0.00029272
8.89679e-05
-8.29414e-05
-0.000273819
7.84569e-05
-0.000130402
-0.000265432
6.4281e-05
-0.00017481
-0.000262659
4.97014e-05
-0.000196763
-0.000235429
4.99191e-05
-0.000163656
-0.00017585
7.09933e-05
-6.0021e-05
-0.00010244
0.000110321
0.000114354
-3.45409e-05
2.09464e-05
-4.25699e-05
1.18367e-05
3.6779e-06
-2.3547e-05
5.42927e-06
4.21948e-06
1.46016e-05
4.10646e-06
3.85754e-06
5.35839e-05
5.91659e-06
5.68419e-06
8.70953e-05
9.11032e-06
1.02967e-05
0.000102338
1.16991e-05
1.48703e-05
7.72357e-05
1.9626e-05
1.59875e-05
-4.12133e-05
5.7756e-05
-7.19117e-06
-0.000241388
0.000119183
-2.98183e-05
-0.000256932
0.000140347
-1.54324e-05
-0.000165495
0.000125228
-8.31322e-06
-0.000140705
0.000107948
-1.20568e-05
-0.000129276
9.81671e-05
-2.25035e-05
-0.000130728
8.49912e-05
-3.79743e-05
-0.000149453
6.33558e-05
-5.79258e-05
-0.000151088
4.95809e-05
-4.9207e-05
-0.000112828
5.53351e-05
1.69925e-05
-4.39816e-05
8.45997e-05
0.0001601
2.83614e-05
0.000128921
0.000373877
8.20495e-05
1.61568e-05
-4.4241e-05
9.0358e-06
5.4306e-06
-2.46246e-05
4.03031e-06
7.00257e-06
2.17938e-05
3.01637e-06
6.60453e-06
6.74395e-05
5.05887e-06
8.37407e-06
0.000108614
8.06484e-06
1.3195e-05
0.000126927
6.18158e-06
1.71204e-05
9.39448e-05
1.07873e-05
1.82242e-05
-7.40223e-05
5.53406e-05
-2.13398e-05
-0.000253372
0.000111167
-2.85021e-05
-0.000140434
0.000124622
1.73547e-05
-2.68982e-05
0.000114756
6.17577e-05
-1.90846e-05
0.000102411
0.000102972
-1.93641e-05
9.2506e-05
0.000130146
-2.86154e-05
7.37769e-05
0.000144453
-4.18645e-05
5.33962e-05
0.000161254
-2.07757e-05
4.6381e-05
0.000210298
3.60657e-05
6.35978e-05
0.000330893
0.00010312
9.7255e-05
0.000521246
0.000148404
0.000147607
0.000792366
0.000150036
9.54505e-06
-4.37994e-05
4.72746e-06
8.51689e-06
-1.80784e-05
2.31726e-06
1.08298e-05
2.34019e-05
2.33073e-06
1.11988e-05
6.75145e-05
4.0062e-06
1.53531e-05
0.000107563
6.11919e-06
2.4552e-05
0.000120376
-3.52784e-06
3.33872e-05
7.92104e-05
-6.13349e-07
1.61751e-05
-0.000146198
4.14253e-05
-2.70469e-05
-0.000166279
7.42661e-05
3.31421e-05
-2.74949e-05
8.39657e-05
0.000127121
-5.37765e-06
7.73667e-05
0.000208147
9.57763e-06
6.93329e-05
0.000273797
2.56986e-05
6.1121e-05
0.000322828
4.7849e-05
4.7422e-05
0.000374579
7.28703e-05
3.47504e-05
0.000432193
0.000121842
3.92055e-05
0.000523355
0.00016793
5.59716e-05
0.000647095
0.000189745
8.24922e-05
0.000820419
0.000164653
0.000107679
0.000963367
9.211e-05
-3.18745e-05
1.67587e-06
-0.000138318
-4.98753e-05
-1.06822e-05
-0.000183682
-4.95654e-05
-2.91002e-06
-0.000197786
-5.74749e-05
3.28588e-06
-0.000222895
-6.36432e-05
5.04372e-06
-0.000242684
-6.53657e-05
1.04834e-05
-0.000262509
-5.34092e-05
2.42944e-05
-0.000266537
-6.84609e-05
2.476e-05
-0.000288339
-7.72116e-05
2.69677e-05
-0.000312579
-7.80059e-05
2.73921e-05
-0.000338551
-4.03785e-05
4.1433e-05
-0.00031817
-6.57687e-05
4.54233e-05
-0.000340828
-8.23198e-05
4.74984e-05
-0.000368771
-8.8654e-05
4.37926e-05
-0.000400211
-8.37187e-05
2.99622e-05
-0.000432364
-2.44317e-05
5.31239e-05
-0.000367234
-6.01233e-05
6.06418e-05
-0.000396557
-8.46754e-05
6.34536e-05
-0.000431902
-9.60224e-05
5.51531e-05
-0.000471923
-9.33318e-05
3.0472e-05
-0.000512334
-7.79781e-05
-1.15057e-05
-0.000546872
-8.9689e-06
6.2519e-05
-0.000374199
-5.49133e-05
6.95063e-05
-0.000420892
-8.88143e-05
7.00774e-05
-0.000470895
-0.000105358
5.62965e-05
-0.000527155
-0.000103677
2.00682e-05
-0.000585387
-8.64157e-05
-4.08763e-05
-0.000634204
-5.9434e-05
-0.00011803
-0.000663723
1.04571e-05
6.74744e-05
-0.000323112
-4.26188e-05
7.65319e-05
-0.000377237
-8.88512e-05
7.35055e-05
-0.000432431
-0.000114866
5.54055e-05
-0.000497812
-0.000115516
1.47347e-05
-0.000577824
-9.46733e-05
-5.62945e-05
-0.000660275
-6.25987e-05
-0.000154088
-0.000723298
-2.97948e-05
-0.00025516
-0.000747879
2.96122e-05
6.13905e-05
-0.000249519
-1.71891e-05
8.03525e-05
-0.000290085
-7.0619e-05
8.31079e-05
-0.000337269
-0.000109246
6.64357e-05
-0.000392444
-0.000119125
2.81662e-05
-0.000466258
-9.74263e-05
-3.9835e-05
-0.000570546
-5.82027e-05
-0.000143269
-0.000689458
-2.04054e-05
-0.000266961
-0.000774056
5.54633e-06
-0.000368834
-0.000793216
3.76163e-05
4.39961e-05
-0.000188322
1.03185e-05
7.1089e-05
-0.000208742
-3.50133e-05
8.71112e-05
-0.000231347
-7.97634e-05
8.1496e-05
-0.00026137
-0.000102393
5.13919e-05
-0.000310791
-9.12308e-05
-5.30409e-06
-0.000403873
-5.25816e-05
-9.74205e-05
-0.000554091
-7.24779e-06
-0.000229333
-0.000718851
2.17979e-05
-0.000363952
-0.000812529
3.31605e-05
-0.000439238
-0.000813547
3.29857e-05
2.2758e-05
-0.000142599
2.49173e-05
5.03135e-05
-0.000155474
-1.19149e-07
7.63376e-05
-0.000159669
-3.56069e-05
8.70803e-05
-0.000164742
-6.50314e-05
7.31197e-05
-0.000183625
-7.1075e-05
3.16947e-05
-0.000241531
-4.73041e-05
-4.21114e-05
-0.000372706
-4.05729e-06
-0.000161655
-0.000579261
3.34048e-05
-0.000317549
-0.000771977
4.67756e-05
-0.000436782
-0.000839579
4.40729e-05
-0.00046334
-0.000814785
2.26584e-05
5.11139e-06
-0.000102613
2.50729e-05
2.65882e-05
-0.000120866
1.85344e-05
5.44424e-05
-0.000122805
2.29736e-06
7.71017e-05
-0.000115384
-1.86648e-05
8.1126e-05
-0.00011122
-3.31979e-05
5.8665e-05
-0.000132151
-2.97383e-05
5.66066e-06
-0.00021622
-4.84587e-06
-8.91625e-05
-0.000400893
2.94821e-05
-0.000238639
-0.000653525
4.99219e-05
-0.000401065
-0.000827464
5.05465e-05
-0.000471357
-0.000848533
4.35882e-05
-0.00045233
-0.000794098
1.35085e-05
-5.50082e-06
-6.34844e-05
1.82499e-05
7.32732e-06
-8.94158e-05
2.08467e-05
2.98389e-05
-0.000101154
2.10641e-05
5.62486e-05
-9.79106e-05
1.81208e-05
7.35775e-05
-8.7912e-05
1.19217e-05
6.94121e-05
-8.65463e-05
6.37763e-06
3.72317e-05
-0.000124426
8.63133e-06
-3.03608e-05
-0.000249736
2.2437e-05
-0.000151419
-0.000488512
3.90594e-05
-0.000325198
-0.000748444
4.48345e-05
-0.000461098
-0.000854168
4.22142e-05
-0.000477182
-0.00083306
3.69047e-05
-0.000407585
-0.000757289
6.38225e-05
-1.13184e-05
-7.13639e-05
1.82176e-05
-2.86548e-05
-0.000142695
8.67065e-06
-4.62739e-05
-0.000210512
1.62031e-05
-6.11293e-05
-0.000282404
2.20283e-05
-6.97791e-05
-0.000364624
4.09797e-06
-6.80523e-05
-0.000461439
-6.58881e-05
-5.32788e-05
-0.000569968
-0.000194802
-2.86855e-05
-0.000669536
-0.000331082
-1.66872e-06
-0.000733096
-0.000418174
2.08373e-05
-0.000759583
-0.000444704
3.41462e-05
-0.000761203
-0.000423567
3.81002e-05
-0.000745966
-0.000370401
3.61105e-05
-0.000718597
-0.000301852
3.24733e-05
-0.000680076
7.65874e-06
-9.49302e-06
-2.9795e-05
1.18227e-05
-3.82968e-06
-5.52141e-05
1.54347e-05
9.82022e-06
-7.74079e-05
2.18751e-05
3.22894e-05
-8.76597e-05
3.32891e-05
5.56365e-05
-8.77536e-05
4.56201e-05
6.59255e-05
-8.60212e-05
5.0401e-05
5.21681e-05
-9.93029e-05
4.4203e-05
8.42493e-06
-0.000166122
3.37885e-05
-7.79662e-05
-0.00033936
2.81471e-05
-0.000227815
-0.000610623
2.67288e-05
-0.000406868
-0.00081768
3.15018e-05
-0.000484486
-0.000848067
3.01246e-05
-0.000453221
-0.000786947
3.17801e-05
-0.000351687
-0.00070623
3.17202e-05
-0.000231026
-0.000630462
4.06261e-06
-9.34282e-06
-9.4261e-06
7.88899e-06
-7.59179e-06
-2.37314e-05
1.05996e-05
-1.62395e-06
-4.66916e-05
1.49477e-05
1.23249e-05
-6.82135e-05
2.875e-05
3.365e-05
-8.36352e-05
5.46901e-05
5.24146e-05
-9.67871e-05
8.17209e-05
5.44184e-05
-0.000113387
9.02008e-05
3.04606e-05
-0.000150177
7.21949e-05
-2.6361e-05
-0.000252875
4.03887e-05
-0.000135784
-0.000467444
1.36646e-05
-0.000309786
-0.000723671
7.44298e-06
-0.000461126
-0.000833766
1.17133e-05
-0.000483699
-0.000807065
2.42088e-05
-0.000412518
-0.000724974
3.12787e-05
-0.000298557
-0.000644688
3.70301e-05
-0.000166824
-0.000571745
2.5398e-06
-7.36521e-06
-5.1336e-06
5.01646e-06
-7.10181e-06
-4.37477e-06
8.23064e-06
-5.2653e-06
-1.63879e-05
1.00755e-05
8.57815e-07
-3.792e-05
1.71158e-05
1.44033e-05
-6.26802e-05
4.13127e-05
3.31784e-05
-9.1012e-05
8.34824e-05
4.61729e-05
-0.000126813
0.000121582
4.0162e-05
-0.000169295
0.000124343
7.31061e-06
-0.000234068
8.52202e-05
-6.38404e-05
-0.000372148
2.89872e-05
-0.000198617
-0.000599866
-9.94687e-06
-0.000379697
-0.000783541
-5.18436e-06
-0.000482366
-0.000807845
6.85553e-06
-0.000468651
-0.000739417
2.53157e-05
-0.000379777
-0.000654133
3.66116e-05
-0.000259573
-0.000576216
4.92008e-05
-0.00011787
-0.000506439
5.62709e-06
-4.54682e-06
-1.42821e-05
3.31992e-06
-4.96858e-06
-1.03328e-06
6.02895e-06
-4.75762e-06
2.22132e-06
8.63375e-06
-2.80043e-06
-7.22959e-06
1.03309e-05
3.34733e-06
-2.84223e-05
2.19611e-05
1.56376e-05
-6.07281e-05
5.85122e-05
3.06293e-05
-0.000109572
0.000116256
3.77321e-05
-0.000175838
0.00015962
2.62928e-05
-0.000248449
0.000147676
-1.18939e-05
-0.000341646
8.24023e-05
-9.83222e-05
-0.000500893
8.33411e-06
-0.000253833
-0.000694141
-2.41705e-05
-0.000421388
-0.000783942
-1.32514e-05
-0.000485965
-0.000748612
1.30914e-05
-0.000453995
-0.000663522
3.15683e-05
-0.000363195
-0.000579157
4.60826e-05
-0.000239952
-0.000504102
6.5941e-05
-8.91539e-05
-0.000436486
1.59753e-05
-1.7512e-06
-3.11134e-05
6.07303e-06
-2.3863e-06
-1.1241e-05
4.17693e-06
-2.85219e-06
4.18217e-06
7.01137e-06
-2.59687e-06
1.06899e-05
9.0533e-06
-2.43852e-07
4.28825e-06
1.14128e-05
5.85548e-06
-1.77238e-05
2.87754e-05
1.61e-05
-6.16086e-05
7.74329e-05
2.68073e-05
-0.000138002
0.00014721
3.0482e-05
-0.000238299
0.000188339
1.99059e-05
-0.000339171
0.000156634
-2.01366e-05
-0.000453688
7.06331e-05
-0.000122193
-0.00060532
-4.30202e-06
-0.000285538
-0.000728651
-1.99953e-05
-0.00043085
-0.000742801
-1.12395e-06
-0.00048013
-0.000672136
2.34217e-05
-0.000443998
-0.000582767
3.8944e-05
-0.000356624
-0.00050189
5.64438e-05
-0.000234298
-0.000429247
8.36678e-05
-7.54968e-05
-0.000362241
2.8504e-05
-4.0854e-05
1.60965e-05
-2.01053e-07
-2.91114e-05
6.53752e-06
-6.09472e-07
-7.70545e-06
5.00614e-06
-1.21964e-06
1.07424e-05
7.64426e-06
-7.51076e-07
2.14741e-05
9.32914e-06
2.17437e-06
1.8898e-05
1.31347e-05
7.85413e-06
-4.8327e-06
3.57513e-05
1.51132e-05
-6.34898e-05
9.32736e-05
2.12557e-05
-0.000173129
0.000168215
2.43341e-05
-0.000304303
0.000200177
2.17456e-05
-0.000415743
0.00015166
-1.73527e-05
-0.000536007
6.18831e-05
-0.000127194
-0.000652515
3.55533e-06
-0.000283166
-0.00070278
-1.43467e-06
-0.000407999
-0.000663732
1.77949e-05
-0.000450628
-0.000579462
3.32858e-05
-0.00042132
-0.000496237
4.4846e-05
-0.000344714
-0.000421365
6.56127e-05
-0.000224711
-0.000350462
9.91077e-05
-5.80612e-05
-0.000283077
2.83178e-05
-4.04223e-05
1.5933e-05
8.88928e-07
-2.75207e-05
6.97253e-06
7.16009e-07
-3.71861e-06
5.55286e-06
1.98901e-07
1.88586e-05
7.68476e-06
1.14302e-06
3.4886e-05
9.48849e-06
4.76613e-06
3.68659e-05
1.50573e-05
9.9216e-06
1.08624e-05
4.03758e-05
1.40954e-05
-6.54008e-05
0.000101071
1.56288e-05
-0.00020754
0.000173034
2.01625e-05
-0.000348852
0.000192614
2.61721e-05
-0.000455617
0.000138585
-1.05425e-05
-0.000556727
6.49317e-05
-0.000112898
-0.000614742
2.8704e-05
-0.00024438
-0.000602554
2.75873e-05
-0.000344468
-0.000540736
3.70169e-05
-0.000386233
-0.000469832
4.11654e-05
-0.000374152
-0.000403722
4.96876e-05
-0.000309942
-0.000335572
7.3557e-05
-0.000188212
-0.000264192
0.000112834
-9.13647e-06
-0.00019612
2.69988e-05
-4.06754e-05
1.52675e-05
1.86882e-06
-2.6358e-05
6.99699e-06
1.8987e-06
8.74429e-07
5.48152e-06
1.45384e-06
2.88565e-05
7.09036e-06
2.76383e-06
5.13019e-05
9.43752e-06
6.79398e-06
5.8079e-05
1.61945e-05
1.11836e-05
3.00309e-05
4.01316e-05
1.27201e-05
-6.51294e-05
9.8117e-05
8.67179e-06
-0.000236622
0.000162668
1.53668e-05
-0.000366995
0.000171325
3.26774e-05
-0.000434877
0.000125426
2.08788e-06
-0.000479766
7.78243e-05
-8.13214e-05
-0.000479552
5.95165e-05
-0.000175885
-0.000440442
5.71231e-05
-0.000252608
-0.000395305
5.35159e-05
-0.000299703
-0.000356511
4.80792e-05
-0.000302008
-0.000307638
5.5511e-05
-0.000238804
-0.000240449
8.38236e-05
-0.000102763
-0.000166847
0.000128764
9.83477e-05
-9.94132e-05
2.45498e-05
-4.19999e-05
1.40134e-05
2.59723e-06
-2.58752e-05
6.49152e-06
2.90619e-06
6.17467e-06
4.85999e-06
2.63593e-06
4.07808e-05
6.22635e-06
4.37405e-06
7.04323e-05
9.2846e-06
8.78705e-06
8.1836e-05
1.5472e-05
1.32575e-05
5.16518e-05
3.3912e-05
1.35835e-05
-6.60192e-05
8.64935e-05
3.54986e-07
-0.000259963
0.000141854
4.74871e-06
-0.000338794
0.000148175
2.57183e-05
-0.000336506
0.000119057
1.73874e-06
-0.000333457
9.56153e-05
-5.43371e-05
-0.000309013
8.82371e-05
-0.000115436
-0.000278874
8.12686e-05
-0.000169613
-0.000266923
6.5025e-05
-0.000208813
-0.00025229
5.41394e-05
-0.000198265
-0.000205387
6.48342e-05
-0.000112037
-0.000133339
0.000100439
5.5911e-05
-5.98418e-05
0.000151978
0.000293072
-2.25003e-06
2.11629e-05
-4.39402e-05
1.19916e-05
3.8694e-06
-2.62057e-05
5.38567e-06
4.5376e-06
1.25134e-05
3.69776e-06
4.23115e-06
5.43031e-05
4.96491e-06
5.92e-06
9.15132e-05
7.80896e-06
1.00885e-05
0.000107325
1.0781e-05
1.35203e-05
7.50595e-05
2.38504e-05
1.13822e-05
-7.29014e-05
7.40932e-05
-1.70652e-05
-0.00027291
0.000124775
-1.49496e-05
-0.000271034
0.000132788
1.43692e-05
-0.000196378
0.000120766
9.18715e-06
-0.000167993
0.000110691
-1.37543e-05
-0.000146325
0.000105917
-3.80186e-05
-0.000144111
8.8565e-05
-6.43689e-05
-0.000157811
6.51215e-05
-7.21395e-05
-0.00013989
5.73406e-05
-2.72774e-05
-7.95247e-05
7.88633e-05
0.000104106
-3.26016e-06
0.000121317
0.000318926
5.92423e-05
0.000184391
0.000613227
9.02919e-05
1.63298e-05
-4.56327e-05
9.14221e-06
5.70742e-06
-2.77946e-05
3.92709e-06
7.31568e-06
1.9424e-05
2.66494e-06
7.02546e-06
6.84036e-05
3.54959e-06
8.43499e-06
0.000113778
6.05244e-06
1.23475e-05
0.000131714
2.03837e-06
1.54298e-05
9.11295e-05
1.55859e-05
5.66139e-06
-0.000117298
6.74279e-05
-3.91263e-05
-0.000268769
0.000108772
-5.28e-06
-0.000152324
0.000116795
4.61587e-05
-4.41548e-05
0.000117293
7.36039e-05
-2.96638e-05
0.000112972
0.0001
-3.28723e-05
0.000101636
0.000118504
-4.31942e-05
7.82752e-05
0.000133638
-4.51117e-05
5.70914e-05
0.000170349
-3.1753e-06
6.36624e-05
0.000277502
6.49927e-05
9.28244e-05
0.000466559
0.000120948
0.00014198
0.000747727
0.000133548
0.000193859
0.00111826
9.21268e-05
9.62564e-06
-4.49405e-05
4.76497e-06
8.70697e-06
-2.07545e-05
2.27586e-06
1.09783e-05
2.13103e-05
2.32338e-06
1.17783e-05
6.87209e-05
2.7857e-06
1.64127e-05
0.000112881
2.56619e-06
2.38915e-05
0.000127268
-8.78929e-06
3.03222e-05
7.38282e-05
3.18025e-06
4.82157e-06
-0.000181323
4.05617e-05
-1.18892e-05
-0.000161837
7.00292e-05
6.97593e-05
-4.01942e-05
7.80974e-05
0.000142024
-1.73686e-05
8.34178e-05
0.000200681
-7.35127e-07
7.69721e-05
0.000260211
1.1334e-05
6.57269e-05
0.000314557
4.21361e-05
4.84617e-05
0.000376893
7.97017e-05
4.36179e-05
0.000467842
0.00013373
5.52222e-05
0.000596371
0.000163425
7.89396e-05
0.000781986
0.000149232
0.000103302
0.000939352
8.53582e-05
9.81525e-05
0.00117739
-1.6164e-05
4.32395e-05
-7.21203e-05
-3.83721e-05
-1.30591e-05
-0.00012767
-3.55766e-05
1.01517e-06
-0.000135118
-5.47771e-05
-1.61807e-05
-0.00016442
-5.54867e-05
-1.30453e-05
-0.000181717
-5.43747e-05
-3.88533e-06
-0.000196234
-5.73538e-05
4.10492e-06
-0.000200336
-6.5409e-05
9.53386e-07
-0.000221872
-7.04457e-05
3.78431e-06
-0.000242764
-7.06126e-05
9.67432e-06
-0.000263386
-4.48563e-05
2.57805e-05
-0.000246164
-6.42336e-05
2.35436e-05
-0.00026687
-7.75505e-05
2.45482e-05
-0.000290702
-8.41319e-05
2.65336e-05
-0.000316255
-8.21651e-05
2.50566e-05
-0.000343146
-2.25207e-05
3.83126e-05
-0.000300946
-5.46995e-05
4.26964e-05
-0.000320883
-7.77962e-05
4.67264e-05
-0.000346949
-9.12086e-05
4.759e-05
-0.000377396
-9.37495e-05
4.01927e-05
-0.000410038
-8.47079e-05
2.06144e-05
-0.000442166
-4.80074e-07
4.66659e-05
-0.000340563
-4.28497e-05
5.48668e-05
-0.000373541
-7.62617e-05
6.24304e-05
-0.000408101
-9.66849e-05
6.26009e-05
-0.000448037
-0.000102362
4.796e-05
-0.00049074
-9.40243e-05
1.40454e-05
-0.000530292
-7.39906e-05
-3.74193e-05
-0.000560802
1.87569e-05
5.34437e-05
-0.000324395
-3.12469e-05
6.30985e-05
-0.000379185
-7.67187e-05
6.89594e-05
-0.000431924
-0.000105556
6.57901e-05
-0.000489713
-0.00011456
4.41302e-05
-0.000552189
-0.000104464
-4.74728e-06
-0.000611741
-8.08538e-05
-7.86137e-05
-0.000655382
-5.06643e-05
-0.000162978
-0.000674694
3.62389e-05
5.23139e-05
-0.000264281
-1.18414e-05
6.86183e-05
-0.000320572
-6.7968e-05
7.41913e-05
-0.000380594
-0.00011076
6.67115e-05
-0.000442241
-0.000127604
4.17527e-05
-0.000516367
-0.00011626
-1.12362e-05
-0.000604066
-8.55574e-05
-9.83605e-05
-0.000688664
-4.99005e-05
-0.000206878
-0.000742101
-1.84725e-05
-0.000305256
-0.000749702
4.36297e-05
4.00475e-05
-0.000198643
1.24457e-05
6.4203e-05
-0.000235526
-4.12341e-05
7.92045e-05
-0.000279985
-9.51242e-05
7.58323e-05
-0.000331325
-0.000125937
5.22354e-05
-0.000392987
-0.000120616
4.03425e-06
-0.00048076
-8.44897e-05
-7.87844e-05
-0.000603141
-3.90005e-05
-0.000198556
-0.000726128
-4.78159e-06
-0.000324615
-0.000791712
1.49377e-05
-0.000407202
-0.00078598
3.81403e-05
2.20527e-05
-0.000145388
2.75267e-05
4.77678e-05
-0.000167645
-7.16695e-06
7.2688e-05
-0.000187299
-5.70215e-05
8.3172e-05
-0.000211632
-9.85446e-05
6.99076e-05
-0.000246394
-0.000108894
3.11626e-05
-0.000309459
-8.14956e-05
-3.7483e-05
-0.000429639
-3.1177e-05
-0.00014878
-0.000607545
1.36493e-05
-0.000295433
-0.000767633
3.3403e-05
-0.000415342
-0.000823068
3.54827e-05
-0.000453164
-0.000796511
2.59154e-05
5.48763e-06
-0.000101101
2.82956e-05
2.61766e-05
-0.000121725
1.50689e-05
5.34873e-05
-0.000129191
-1.54083e-05
7.60763e-05
-0.000130987
-5.28527e-05
8.02481e-05
-0.000137706
-7.70024e-05
5.79786e-05
-0.000166126
-7.04847e-05
6.36846e-06
-0.000249286
-3.23932e-05
-8.44933e-05
-0.000422342
1.75582e-05
-0.000227936
-0.000656971
4.74774e-05
-0.00038731
-0.000819024
4.91245e-05
-0.000462883
-0.00083863
4.2477e-05
-0.000451581
-0.000785673
1.44655e-05
-5.49047e-06
-6.14466e-05
2.0803e-05
7.4258e-06
-8.60464e-05
2.07962e-05
2.99189e-05
-9.63297e-05
1.05604e-05
5.6631e-05
-9.18617e-05
-9.34226e-06
7.48426e-05
-8.16645e-05
-3.11244e-05
7.1716e-05
-8.12491e-05
-4.08102e-05
4.03297e-05
-0.000119656
-2.70906e-05
-2.61351e-05
-0.000243549
8.01604e-06
-0.000145041
-0.000480093
4.37139e-05
-0.000317587
-0.000741678
5.40388e-05
-0.000456089
-0.000851953
4.93119e-05
-0.000474767
-0.000833206
3.82249e-05
-0.000406768
-0.00075906
6.90768e-06
-1.05136e-05
-2.91309e-05
1.25949e-05
-4.45506e-06
-5.25179e-05
1.67364e-05
9.76116e-06
-7.06799e-05
1.80927e-05
3.2876e-05
-7.40345e-05
1.60707e-05
5.72564e-05
-6.44021e-05
1.01828e-05
6.93161e-05
-5.24061e-05
2.15546e-06
5.75866e-05
-5.86813e-05
-1.48912e-06
1.50053e-05
-0.000124125
7.10406e-06
-7.14451e-05
-0.000303049
2.71232e-05
-0.000222869
-0.000589838
4.1838e-05
-0.000406222
-0.000818448
4.33681e-05
-0.000485658
-0.000857573
3.7011e-05
-0.00044846
-0.000799081
3.16697e-05
-0.000340259
-0.000718779
0.00018996
-1.62169e-06
2.18553e-05
6.66247e-05
-1.35643e-05
-6.63354e-05
1.89796e-05
-3.17267e-05
-0.000139588
8.433e-06
-4.98901e-05
-0.000209419
1.45541e-05
-6.42811e-05
-0.000284005
1.62143e-05
-7.08843e-05
-0.000369646
-1.17546e-05
-6.53599e-05
-0.000469611
-9.82104e-05
-4.63078e-05
-0.000577634
-0.000238334
-1.92966e-05
-0.000668948
-0.000365874
6.54758e-06
-0.000719981
-0.000428634
2.50526e-05
-0.000736112
-0.000426551
3.3898e-05
-0.000730458
-0.000377203
3.46355e-05
-0.000711495
-0.000300913
3.05558e-05
-0.000682387
-0.00021471
2.71161e-05
-0.000642869
2.85118e-06
-1.11661e-05
-1.04407e-05
7.03289e-06
-9.28184e-06
-2.35338e-05
1.10359e-05
-2.67955e-06
-4.3191e-05
1.48976e-05
1.22967e-05
-5.7403e-05
2.15184e-05
3.48917e-05
-5.97173e-05
3.17087e-05
5.53496e-05
-5.42266e-05
4.02227e-05
5.95893e-05
-5.19722e-05
3.9701e-05
3.74206e-05
-7.78257e-05
3.07116e-05
-1.94481e-05
-0.000183182
2.29665e-05
-0.000131769
-0.000418007
2.11923e-05
-0.000312723
-0.000712315
2.23531e-05
-0.000468614
-0.000848479
2.24929e-05
-0.000483403
-0.000828675
2.64428e-05
-0.000394116
-0.000746758
2.78037e-05
-0.000267788
-0.000665998
2.91541e-05
-0.000129298
-0.000592589
1.61977e-06
-9.56717e-06
-7.21117e-06
3.78764e-06
-9.45072e-06
-6.3904e-06
7.24624e-06
-7.37472e-06
-1.70415e-05
1.01844e-05
-4.22318e-07
-3.40919e-05
1.59334e-05
1.47422e-05
-4.81598e-05
3.14317e-05
3.56361e-05
-5.70087e-05
5.64102e-05
5.06056e-05
-6.59323e-05
7.68085e-05
4.556e-05
-8.37422e-05
7.43804e-05
1.18766e-05
-0.000138481
4.85434e-05
-6.23944e-05
-0.000289612
1.71067e-05
-0.000204904
-0.000560466
-4.08006e-06
-0.000397052
-0.000793629
2.1018e-06
-0.000490741
-0.000834021
9.32185e-06
-0.000454678
-0.000767377
2.26413e-05
-0.000339129
-0.000681731
3.06351e-05
-0.000202244
-0.000603294
3.99375e-05
-5.15769e-05
-0.000533211
4.77825e-06
-6.6685e-06
-1.67196e-05
2.50979e-06
-7.43906e-06
-4.04249e-06
4.73053e-06
-7.24258e-06
-1.15114e-06
7.57226e-06
-5.08476e-06
-9.42514e-06
1.02026e-05
1.99568e-06
-2.5423e-05
2.00654e-05
1.65651e-05
-4.42068e-05
4.7399e-05
3.44222e-05
-6.81805e-05
8.79351e-05
4.28292e-05
-0.000101189
0.000114671
2.88988e-05
-0.000145965
9.96825e-05
-1.58597e-05
-0.000234083
4.83733e-05
-0.000111003
-0.000425756
-6.67287e-06
-0.000281567
-0.000683007
-2.80104e-05
-0.00045319
-0.000808888
-1.92318e-05
-0.00048965
-0.000780871
8.47729e-06
-0.000420757
-0.000693823
2.67861e-05
-0.000299549
-0.000609373
4.10779e-05
-0.000154918
-0.000534163
5.94209e-05
9.73084e-06
-0.000467366
1.47328e-05
-3.13852e-06
-3.3538e-05
5.60803e-06
-4.52462e-06
-1.43184e-05
3.35115e-06
-5.04774e-06
2.52425e-08
5.67734e-06
-4.87085e-06
5.5739e-06
7.98076e-06
-2.64074e-06
-2.09422e-07
1.11633e-05
4.30187e-06
-1.6876e-05
2.71372e-05
1.7206e-05
-4.57018e-05
6.81545e-05
3.08547e-05
-9.34483e-05
0.000122679
3.30771e-05
-0.000158122
0.000148072
1.33387e-05
-0.000233446
0.000110807
-4.05457e-05
-0.000353621
3.23962e-05
-0.000158408
-0.000558101
-3.35875e-05
-0.000341326
-0.000744931
-3.67491e-05
-0.000475818
-0.00077734
-1.48772e-05
-0.000481879
-0.000706975
1.65269e-05
-0.000404115
-0.000615703
3.64909e-05
-0.000282954
-0.000533699
5.64071e-05
-0.000132272
-0.000460946
8.43537e-05
4.75477e-05
-0.000396231
2.68141e-05
-4.19235e-05
1.57746e-05
-1.67053e-06
-3.15625e-05
6.22945e-06
-2.34843e-06
-1.14953e-05
4.24891e-06
-2.87133e-06
5.15635e-06
6.58291e-06
-2.63025e-06
1.40886e-05
8.44331e-06
-9.20858e-08
1.10779e-05
1.30446e-05
6.48038e-06
-8.05369e-06
3.62132e-05
1.69313e-05
-5.22293e-05
9.05442e-05
2.62695e-05
-0.000131091
0.000154687
2.52762e-05
-0.000230173
0.00017049
4.94419e-06
-0.000334596
0.000107755
-5.65313e-05
-0.000475468
1.24166e-05
-0.000192163
-0.000649245
-4.14959e-05
-0.000369511
-0.000744947
-3.26476e-05
-0.000475955
-0.000715764
1.66215e-06
-0.000474917
-0.00062508
2.82738e-05
-0.000399481
-0.000534893
4.74489e-05
-0.000282707
-0.00045608
7.26511e-05
-0.000127339
-0.000384443
0.000109048
6.65074e-05
-0.000320094
2.83551e-05
-4.11359e-05
1.62015e-05
-1.2693e-07
-2.9919e-05
6.79136e-06
-5.43217e-07
-8.25946e-06
5.05042e-06
-1.15889e-06
1.15966e-05
7.11077e-06
-7.01159e-07
2.48744e-05
8.80168e-06
2.24161e-06
2.51512e-05
1.54573e-05
7.94345e-06
1.89695e-06
4.50062e-05
1.51458e-05
-6.20442e-05
0.000109458
2.07502e-05
-0.000177963
0.000175665
2.27485e-05
-0.000307967
0.000177061
1.0592e-05
-0.000428165
9.65876e-05
-5.64866e-05
-0.000564739
7.44164e-06
-0.000200332
-0.000677873
-2.40064e-05
-0.000360981
-0.000697091
-7.02454e-06
-0.000452722
-0.000627022
2.20059e-05
-0.000452225
-0.000533541
3.90277e-05
-0.000388565
-0.000450245
5.69157e-05
-0.000278013
-0.000375289
8.66778e-05
-0.000117582
-0.000304063
0.00013106
8.98877e-05
-0.000240602
2.83905e-05
-4.09694e-05
1.621e-05
9.40771e-07
-2.87439e-05
7.23669e-06
8.22479e-07
-4.63917e-06
5.49959e-06
3.59154e-07
1.95686e-05
7.07514e-06
1.31451e-06
3.83006e-05
9.01565e-06
4.80963e-06
4.23523e-05
1.76867e-05
9.43727e-06
1.3988e-05
5.02227e-05
1.31986e-05
-7.3094e-05
0.000119173
1.55032e-05
-0.000223966
0.000179741
2.28607e-05
-0.000362642
0.000166542
1.87281e-05
-0.000480135
8.81575e-05
-4.76664e-05
-0.00058471
2.4177e-05
-0.000180507
-0.00062498
1.11245e-05
-0.000313498
-0.000585138
2.75756e-05
-0.000390491
-0.000506933
4.10397e-05
-0.000400263
-0.000431245
4.81353e-05
-0.000352677
-0.000361043
6.4824e-05
-0.000244449
-0.000288648
9.98752e-05
-7.24155e-05
-0.000216967
0.000149065
0.000152119
-0.00015372
2.72201e-05
-4.15216e-05
1.56018e-05
1.95493e-06
-2.80586e-05
7.16624e-06
2.07276e-06
-4.75947e-07
5.29339e-06
1.7158e-06
2.94153e-05
6.38051e-06
3.07012e-06
5.48184e-05
8.95255e-06
6.82258e-06
6.2723e-05
1.83747e-05
1.03078e-05
2.94996e-05
4.94348e-05
1.09853e-05
-8.29979e-05
0.000116996
9.24001e-06
-0.000261027
0.000166724
2.4535e-05
-0.000383749
0.000147255
3.13065e-05
-0.000463204
8.91761e-05
-2.84373e-05
-0.000502792
5.5942e-05
-0.000133558
-0.000482223
5.44213e-05
-0.000232303
-0.000426945
6.03362e-05
-0.000299185
-0.000374901
5.748e-05
-0.000323023
-0.000327959
5.61948e-05
-0.000282048
-0.000266455
7.49088e-05
-0.000160932
-0.00019236
0.0001163
3.55184e-05
-0.000119884
0.000172252
0.000287295
-6.10535e-05
2.48207e-05
-4.31048e-05
1.42921e-05
2.71741e-06
-2.80421e-05
6.56049e-06
3.15709e-06
4.42284e-06
4.4825e-06
2.97388e-06
4.1341e-05
5.35489e-06
4.67254e-06
7.41029e-05
8.40233e-06
8.75448e-06
8.5695e-05
1.61327e-05
1.20309e-05
4.781e-05
4.21545e-05
1.01747e-05
-9.41789e-05
0.000105477
5.37621e-08
-0.000286676
0.000144445
2.32465e-05
-0.000356014
0.000130682
3.80753e-05
-0.000370768
0.000101718
-1.01342e-05
-0.00035864
9.07344e-05
-8.6074e-05
-0.000318442
9.29229e-05
-0.000155701
-0.000279812
8.5402e-05
-0.000210266
-0.000262321
6.79469e-05
-0.000223975
-0.000229416
6.48306e-05
-0.0001613
-0.00016362
9.17708e-05
-3.84074e-06
-8.65008e-05
0.000141288
0.000234594
-2.13405e-05
0.000209855
0.000537452
2.12506e-05
2.13975e-05
-4.51809e-05
1.21896e-05
4.07832e-06
-2.88476e-05
5.35897e-06
4.83222e-06
1.04266e-05
3.25232e-06
4.63366e-06
5.49483e-05
3.54504e-06
6.09038e-06
9.54617e-05
6.20831e-06
9.68149e-06
0.000110956
8.68185e-06
1.16581e-05
6.80958e-05
3.29591e-05
3.15063e-06
-0.000110552
9.27418e-05
-2.0285e-05
-0.000292905
0.000125897
1.80238e-05
-0.000291836
0.000124174
4.39353e-05
-0.000238535
0.000118521
1.65052e-05
-0.000199518
0.000119353
-2.49907e-05
-0.000165755
0.000114982
-6.27587e-05
-0.000159084
9.23701e-05
-8.74627e-05
-0.000156596
6.87035e-05
-6.61642e-05
-0.000112624
7.69185e-05
4.7306e-05
-3.59876e-05
0.00011382
0.000260221
3.44428e-05
0.00017541
0.000563559
7.54729e-05
0.000250402
0.000949919
6.7864e-05
1.64716e-05
-4.68095e-05
9.26102e-06
5.90225e-06
-3.09284e-05
3.93055e-06
7.59381e-06
1.71514e-05
2.25925e-06
7.54378e-06
6.93076e-05
1.91257e-06
8.74145e-06
0.000118203
3.32876e-06
1.1459e-05
0.000134869
-2.55037e-06
1.25679e-05
7.79443e-05
2.76126e-05
-8.20852e-06
-0.000172723
7.41161e-05
-3.00929e-05
-0.000277539
0.000109803
5.04468e-05
-0.000196418
0.000112316
8.33321e-05
-8.81314e-05
0.000122142
8.5801e-05
-5.42116e-05
0.000125377
8.90178e-05
-5.18068e-05
0.000110422
0.000103563
-5.78266e-05
8.05229e-05
0.000131034
-3.78671e-05
6.98444e-05
0.000222176
2.59162e-05
8.99096e-05
0.000405701
9.11561e-05
0.000135322
0.000697478
0.000114807
0.000186039
0.00108512
8.39429e-05
0.000199462
0.0013517
9.65303e-06
-4.59193e-05
4.83566e-06
8.68578e-06
-2.33317e-05
2.39408e-06
1.11711e-05
1.94861e-05
2.32449e-06
1.28637e-05
6.98965e-05
1.04075e-06
1.82318e-05
0.000117426
-4.70429e-08
2.40535e-05
0.000133516
-4.13729e-06
3.64817e-05
4.62818e-05
1.20319e-05
7.37872e-06
-0.00021268
4.70906e-05
3.85884e-05
-0.000177789
7.06209e-05
0.000118415
-8.72412e-05
6.88041e-05
0.000160111
-4.56208e-05
8.60504e-05
0.000188614
-1.52007e-05
8.71921e-05
0.000238611
7.95025e-08
6.9374e-05
0.000307056
4.25911e-05
5.39525e-05
0.000400497
9.30871e-05
5.60851e-05
0.000537406
0.000136603
7.74001e-05
0.00073494
0.000133064
9.89203e-05
0.000911249
7.84084e-05
9.42906e-05
0.00116846
-4.40704e-06
0.000171408
1.01654e-05
-2.19375e-05
2.26951e-05
-6.95789e-05
-1.85279e-05
4.50592e-05
-6.76169e-05
-4.52034e-05
-2.52624e-05
-0.000112515
-4.21669e-05
-1.49737e-05
-0.000125016
-3.89924e-05
7.95739e-07
-0.000132329
-6.04141e-05
-1.62627e-05
-0.000140085
-6.04336e-05
-1.96995e-05
-0.000162757
-6.06975e-05
-1.49435e-05
-0.000180421
-5.87185e-05
-4.48246e-06
-0.000195225
-5.61156e-05
1.04843e-05
-0.000175757
-6.56016e-05
1.06728e-06
-0.000199098
-7.26895e-05
-8.91494e-07
-0.000222072
-7.66352e-05
2.99361e-06
-0.000243592
-7.49802e-05
8.92655e-06
-0.000264956
-3.0311e-05
2.89231e-05
-0.000228323
-5.67577e-05
2.51284e-05
-0.000245707
-7.41681e-05
2.32721e-05
-0.000269237
-8.5748e-05
2.48939e-05
-0.000294537
-8.99031e-05
2.60426e-05
-0.000321101
-8.48569e-05
2.18661e-05
-0.000348663
6.50215e-07
3.55381e-05
-0.000283185
-3.80243e-05
3.96177e-05
-0.000302712
-6.83692e-05
4.46789e-05
-0.000326743
-8.86613e-05
4.85995e-05
-0.000355997
-9.84895e-05
4.71312e-05
-0.000388222
-9.67555e-05
3.46741e-05
-0.000421381
-8.35548e-05
8.1194e-06
-0.000452491
2.47225e-05
4.08022e-05
-0.000301529
-1.9283e-05
4.8028e-05
-0.000345711
-6.1526e-05
5.72968e-05
-0.000383618
-9.14933e-05
6.41876e-05
-0.000423766
-0.000106453
5.9978e-05
-0.000468177
-0.000105878
3.67049e-05
-0.000512002
-9.18543e-05
-8.07258e-06
-0.000548655
-6.78529e-05
-6.86884e-05
-0.000573153
4.23409e-05
4.25269e-05
-0.000265067
-1.91968e-06
5.48291e-05
-0.000326074
-5.51321e-05
6.34547e-05
-0.000386537
-9.80423e-05
6.74553e-05
-0.000446324
-0.000119864
5.88984e-05
-0.000512237
-0.000119749
2.64877e-05
-0.000579949
-0.000100907
-3.6941e-05
-0.000638081
-7.22751e-05
-0.000122794
-0.000673209
-4.04403e-05
-0.000210805
-0.000680272
4.94642e-05
3.52531e-05
-0.000205556
1.88625e-05
5.50121e-05
-0.000257122
-3.66378e-05
6.89032e-05
-0.000319905
-9.37624e-05
7.05024e-05
-0.000385767
-0.000130005
5.8227e-05
-0.000454665
-0.000134822
2.40794e-05
-0.000537493
-0.000109668
-4.42119e-05
-0.000633054
-7.14309e-05
-0.000147547
-0.000715582
-3.5621e-05
-0.000261998
-0.000754536
-7.31193e-06
-0.000349977
-0.000743365
4.30977e-05
2.10157e-05
-0.000148923
3.25194e-05
4.35731e-05
-0.000183041
-7.50905e-06
6.61212e-05
-0.00022213
-6.68082e-05
7.62669e-05
-0.000270656
-0.000117992
6.64067e-05
-0.000326069
-0.000136054
3.50535e-05
-0.000396865
-0.000113019
-2.49177e-05
-0.000503123
-6.42071e-05
-0.000125453
-0.000643234
-1.75969e-05
-0.000259362
-0.000760154
9.52561e-06
-0.000376871
-0.000798183
2.10797e-05
-0.00043166
-0.000768568
2.89932e-05
6.18936e-06
-0.000100867
3.25785e-05
2.52892e-05
-0.000127234
1.5167e-05
5.10376e-05
-0.000146127
-2.6714e-05
7.28396e-05
-0.000165688
-7.8974e-05
7.68896e-05
-0.000192516
-0.000113202
5.55557e-05
-0.000234608
-0.000107442
7.35735e-06
-0.000317363
-6.29327e-05
-7.67894e-05
-0.000471112
-4.60854e-06
-0.000210148
-0.000670684
3.25953e-05
-0.000362487
-0.000805625
4.05376e-05
-0.000447709
-0.000819953
3.65931e-05
-0.000448833
-0.00076836
1.53604e-05
-4.77595e-06
-5.98032e-05
2.35809e-05
7.69369e-06
-8.54417e-05
2.21824e-05
2.94794e-05
-9.91423e-05
3.39194e-06
5.5778e-05
-0.000101757
-3.19088e-05
7.40512e-05
-0.00010225
-6.89667e-05
7.09462e-05
-0.000112855
-8.40671e-05
3.98052e-05
-0.000156328
-6.20023e-05
-2.43781e-05
-0.000274513
-1.0318e-05
-0.000137587
-0.00049438
4.06108e-05
-0.000303752
-0.000737447
5.67747e-05
-0.000443251
-0.00084141
5.13291e-05
-0.000469457
-0.000822786
3.84329e-05
-0.000412265
-0.000750831
6.23138e-06
-1.06436e-05
-2.80271e-05
1.3409e-05
-4.41944e-06
-5.04638e-05
1.82702e-05
9.81659e-06
-6.75213e-05
1.53426e-05
3.28741e-05
-6.98603e-05
1.17636e-06
5.7658e-05
-5.98145e-05
-2.17887e-05
7.06644e-05
-4.86689e-05
-4.23372e-05
5.98877e-05
-5.63393e-05
-4.40824e-05
1.81696e-05
-0.000121392
-1.80615e-05
-6.64161e-05
-0.000297032
2.55915e-05
-0.000214948
-0.000581223
5.57081e-05
-0.000398453
-0.000813205
5.45217e-05
-0.000481998
-0.000855893
4.40253e-05
-0.000446948
-0.000800053
3.26037e-05
-0.000340303
-0.000720614
1.60614e-06
-1.22305e-05
-1.05964e-05
6.2589e-06
-1.02306e-05
-2.26301e-05
1.14612e-05
-3.22769e-06
-3.99989e-05
1.46993e-05
1.22101e-05
-4.98564e-05
1.43657e-05
3.53544e-05
-4.50154e-05
9.72672e-06
5.69282e-05
-3.00633e-05
1.07511e-06
6.31264e-05
-1.88262e-05
-7.41101e-06
4.30296e-05
-3.96201e-05
-6.60997e-06
-1.27855e-05
-0.000145488
1.02548e-05
-0.000125186
-0.000388045
3.41724e-05
-0.000308593
-0.000700469
4.26941e-05
-0.000469454
-0.000855012
3.83529e-05
-0.00048203
-0.000839877
3.15878e-05
-0.000385229
-0.000759266
2.60544e-05
-0.00025323
-0.000678516
0.000425891
0.00014745
0.000196142
-2.97044e-06
2.88486e-05
6.97349e-05
-1.55972e-05
-6.16303e-05
2.00693e-05
-3.45262e-05
-0.000136844
8.32269e-06
-5.29292e-05
-0.000208887
1.24025e-05
-6.64712e-05
-0.000286271
8.5934e-06
-7.05141e-05
-0.000375095
-3.13384e-05
-6.09601e-05
-0.000477132
-0.000134234
-3.79814e-05
-0.00058215
-0.000279547
-9.73443e-06
-0.000662345
-0.000389646
1.39102e-05
-0.00070038
-0.000423359
2.79873e-05
-0.000707102
-0.000390187
3.24788e-05
-0.00069602
-0.000312149
2.95098e-05
-0.000674989
-0.000213969
2.38337e-05
-0.000644854
-0.000111742
2.15819e-05
-0.000604495
4.31946e-07
-1.11792e-05
-8.43035e-06
2.52225e-06
-1.12584e-05
-7.25064e-06
6.32396e-06
-8.95818e-06
-1.63804e-05
1.01134e-05
-1.36229e-06
-2.95024e-05
1.39873e-05
1.47056e-05
-3.53096e-05
2.02471e-05
3.67801e-05
-2.99978e-05
2.83408e-05
5.35723e-05
-2.01713e-05
3.23698e-05
5.11065e-05
-2.12482e-05
2.73198e-05
1.92023e-05
-6.94442e-05
1.82899e-05
-5.57401e-05
-0.000228983
1.54185e-05
-0.000202389
-0.000526676
1.53387e-05
-0.000402374
-0.000797994
1.90933e-05
-0.000495707
-0.000853181
1.90912e-05
-0.000443534
-0.000789035
2.28808e-05
-0.000311436
-0.000703355
2.47796e-05
-0.000164989
-0.000624456
2.80474e-05
-1.14858e-05
-0.000553199
3.33075e-06
-8.37575e-06
-1.85165e-05
1.49466e-06
-9.69874e-06
-6.00297e-06
3.42877e-06
-9.59615e-06
-2.91944e-06
6.51366e-06
-7.07991e-06
-9.37052e-06
9.71717e-06
8.94808e-07
-1.97998e-05
1.66869e-05
1.69881e-05
-2.61707e-05
3.30163e-05
3.67118e-05
-2.87661e-05
5.52814e-05
4.70166e-05
-3.47665e-05
6.72998e-05
3.42231e-05
-5.87475e-05
5.44971e-05
-1.13531e-05
-0.000144365
2.44194e-05
-0.000110938
-0.000359649
-3.51065e-06
-0.000291904
-0.000668797
-1.44595e-05
-0.000467979
-0.000829957
-1.0387e-05
-0.000488248
-0.000809305
9.68762e-06
-0.000386347
-0.000721374
2.22929e-05
-0.000242963
-0.000636521
3.28113e-05
-8.54898e-05
-0.000561117
4.61435e-05
8.29381e-05
-0.000493108
1.22822e-05
-4.25383e-06
-3.55633e-05
4.68958e-06
-6.73105e-06
-1.65648e-05
2.43393e-06
-7.61166e-06
-2.81243e-06
4.28382e-06
-7.41609e-06
2.52142e-06
6.81185e-06
-4.82866e-06
-1.47381e-06
1.0374e-05
3.25598e-06
-1.13645e-05
2.28665e-05
1.84717e-05
-2.40224e-05
5.20138e-05
3.45389e-05
-4.3783e-05
8.8026e-05
3.73646e-05
-7.50341e-05
0.000100358
1.44322e-05
-0.000128576
6.81881e-05
-4.60276e-05
-0.000256466
1.01326e-05
-0.000175176
-0.000509907
-3.84397e-05
-0.000373899
-0.000757462
-3.60658e-05
-0.0004918
-0.00080743
-1.74603e-05
-0.000463017
-0.000736031
1.1793e-05
-0.000343553
-0.000645085
3.10668e-05
-0.000195619
-0.000563248
5.02778e-05
-2.69341e-05
-0.00049137
7.51733e-05
0.000161715
-0.000427045
2.34808e-05
-4.29655e-05
1.44748e-05
-3.15186e-06
-3.36643e-05
5.70863e-06
-4.58884e-06
-1.43136e-05
3.33823e-06
-5.19928e-06
1.20696e-06
5.14565e-06
-5.0028e-06
9.32104e-06
7.23051e-06
-2.39586e-06
7.65974e-06
1.21743e-05
5.31983e-06
-4.15956e-06
3.2253e-05
1.85142e-05
-2.94376e-05
7.58409e-05
2.99222e-05
-7.56235e-05
0.000122631
2.61184e-05
-0.000138879
0.000125391
-4.17711e-06
-0.000224746
6.52719e-05
-8.01567e-05
-0.000389415
-1.86597e-05
-0.000236028
-0.000632341
-6.26592e-05
-0.000427111
-0.000772486
-5.06875e-05
-0.000492085
-0.000749097
-8.16065e-06
-0.000444729
-0.000656535
2.28949e-05
-0.000327496
-0.000565779
4.5887e-05
-0.000177864
-0.000486542
7.34503e-05
2.55644e-06
-0.000416755
0.000109482
0.00021334
-0.000354994
2.66168e-05
-4.18979e-05
1.58234e-05
-1.60584e-06
-3.19818e-05
6.48302e-06
-2.37859e-06
-1.17381e-05
4.24072e-06
-2.94424e-06
6.22242e-06
5.93551e-06
-2.67646e-06
1.77992e-05
7.76468e-06
9.73983e-08
1.84528e-05
1.49822e-05
7.11809e-06
2.19371e-06
4.37027e-05
1.73982e-05
-4.20905e-05
0.000101275
2.4541e-05
-0.000122207
0.000153145
1.7246e-05
-0.000219988
0.000137891
-1.53045e-05
-0.000336683
4.92725e-05
-0.000105062
-0.000515277
-4.20365e-05
-0.000276064
-0.000693228
-6.0722e-05
-0.000441799
-0.000742393
-3.34046e-05
-0.000491984
-0.000672316
9.79899e-06
-0.000439277
-0.000573071
3.70005e-05
-0.000330669
-0.000484899
6.18348e-05
-0.000180812
-0.000407524
9.63885e-05
1.0506e-05
-0.000338154
0.000143694
0.000240898
-0.000278234
2.84202e-05
-4.13357e-05
1.65165e-05
-9.93664e-08
-3.07256e-05
7.11777e-06
-5.18196e-07
-8.83995e-06
4.97306e-06
-1.12206e-06
1.24877e-05
6.35074e-06
-6.48815e-07
2.84393e-05
8.18856e-06
2.33271e-06
3.1542e-05
1.82143e-05
8.03515e-06
8.43872e-06
5.45715e-05
1.50174e-05
-6.06952e-05
0.000123091
1.98254e-05
-0.000178991
0.000172183
1.72189e-05
-0.000307069
0.00013573
-1.1437e-05
-0.000442431
3.43672e-05
-0.000113273
-0.000598027
-3.79386e-05
-0.000282537
-0.000694212
-3.94633e-05
-0.000425746
-0.00067348
-1.4872e-06
-0.00047099
-0.000579189
3.00182e-05
-0.000427781
-0.000483298
4.99334e-05
-0.000329068
-0.000400985
7.54403e-05
-0.000178032
-0.000325455
0.000117163
2.56752e-05
-0.000257141
0.000171025
0.000270398
-0.000200729
2.86255e-05
-4.14782e-05
1.66416e-05
9.85551e-07
-3.00027e-05
7.52478e-06
9.18652e-07
-5.61472e-06
5.32708e-06
5.26398e-07
2.02668e-05
6.21331e-06
1.49277e-06
4.17315e-05
8.45758e-06
4.80047e-06
4.74353e-05
2.07051e-05
8.8638e-06
1.5951e-05
6.12559e-05
1.25554e-05
-8.20015e-05
0.000134734
1.62324e-05
-0.000235107
0.000172801
2.37997e-05
-0.000373822
0.000122332
1.23569e-06
-0.000504143
3.43195e-05
-0.000103509
-0.000606869
-5.61521e-06
-0.000255405
-0.000621524
6.63317e-06
-0.000374195
-0.000553649
3.41593e-05
-0.000416139
-0.000464879
4.91095e-05
-0.000388792
-0.00038676
6.07187e-05
-0.000297349
-0.000312668
8.84509e-05
-0.000136494
-0.000238115
0.000135068
8.61608e-05
-0.000169782
0.000194472
0.000347623
-0.000116115
2.7552e-05
-4.23427e-05
1.60147e-05
2.02485e-06
-2.97894e-05
7.36495e-06
2.25028e-06
-1.8721e-06
4.96439e-06
1.99594e-06
2.9951e-05
5.44811e-06
3.35418e-06
5.81389e-05
8.23944e-06
6.73077e-06
6.64123e-05
2.07679e-05
9.16492e-06
2.66424e-05
6.09854e-05
9.46078e-06
-0.000102084
0.000132729
1.23569e-05
-0.00027613
0.000157671
3.17922e-05
-0.000397489
0.00010918
1.60856e-05
-0.000486253
5.47381e-05
-7.53228e-05
-0.000514068
4.28851e-05
-0.000194804
-0.000471889
5.75937e-05
-0.000287
-0.000403813
6.76204e-05
-0.00033374
-0.000346411
6.46067e-05
-0.000317365
-0.000289308
7.1654e-05
-0.000216751
-0.000217464
0.000104806
-2.8582e-05
-0.000141299
0.00015924
0.000225282
-7.58282e-05
0.000228374
0.000522267
-2.7689e-05
2.51231e-05
-4.41574e-05
1.46246e-05
2.84658e-06
-3.02222e-05
6.6365e-06
3.38693e-06
2.67573e-06
4.03778e-06
3.32615e-06
4.18455e-05
4.10627e-06
4.91313e-06
7.73275e-05
7.25888e-06
8.52013e-06
8.81035e-05
1.6462e-05
1.03208e-05
3.98409e-05
5.47448e-05
6.34727e-06
-0.000122297
0.00012223
6.21876e-06
-0.000299163
0.000136358
4.35194e-05
-0.000371948
0.000107061
3.56009e-05
-0.000399424
8.7661e-05
-4.01255e-05
-0.000373756
9.32251e-05
-0.000130061
-0.000317976
0.000101047
-0.000202101
-0.00027406
9.09178e-05
-0.000239424
-0.000245432
7.44087e-05
-0.00020516
-0.00019127
8.73105e-05
-6.41841e-05
-0.000113676
0.000130772
0.00017302
-4.18853e-05
0.000198124
0.00048438
9.01014e-06
0.000281577
0.000864318
2.79702e-05
2.16249e-05
-4.62988e-05
1.24086e-05
4.25429e-06
-3.14715e-05
5.41593e-06
5.08655e-06
8.43382e-06
2.69572e-06
5.03413e-06
5.55131e-05
1.94188e-06
6.35499e-06
9.87037e-05
4.13609e-06
9.08106e-06
0.000112673
6.66919e-06
9.05373e-06
5.29309e-05
4.98457e-05
-4.41556e-06
-0.000148714
0.000105683
-5.98508e-06
-0.000300484
0.000122753
5.73309e-05
-0.000318211
0.000116105
5.88814e-05
-0.000284734
0.000120483
6.7874e-06
-0.000229673
0.000131284
-5.30295e-05
-0.000181415
0.000124022
-9.40014e-05
-0.000166161
9.34913e-05
-9.6143e-05
-0.000139596
8.22728e-05
-8.50727e-06
-6.92471e-05
0.000108164
0.000197456
8.5152e-06
0.000165878
0.000508959
5.84794e-05
0.000239573
0.000911349
6.0501e-05
0.000281651
0.00132743
1.6504e-05
-4.77968e-05
9.44909e-06
5.94066e-06
-3.39399e-05
4.03023e-06
7.86432e-06
1.51443e-05
1.89337e-06
8.3214e-06
7.01061e-05
-1.61164e-07
9.51405e-06
0.000121294
7.8102e-07
1.0528e-05
0.000136026
1.39452e-06
1.43136e-05
4.98467e-05
4.35694e-05
-1.18113e-05
-0.000222607
8.55729e-05
2.13214e-05
-0.000286928
0.000109761
0.000108827
-0.000261087
0.000113149
0.00011348
-0.000160188
0.000127532
8.54755e-05
-9.21755e-05
0.000139311
7.00045e-05
-7.03836e-05
0.000114361
8.98209e-05
-6.16122e-05
8.74181e-05
0.000163705
-1.28696e-05
9.00229e-05
0.000338651
5.90209e-05
0.000130265
0.000639242
9.65185e-05
0.000177134
0.00104646
7.52478e-05
0.000191102
0.00133883
9.60223e-06
-4.68683e-05
4.95447e-06
8.43903e-06
-2.55883e-05
2.71868e-06
1.14153e-05
1.81769e-05
2.22479e-06
1.44652e-05
7.13846e-05
-2.54747e-07
2.16847e-05
0.00012
-1.11941e-06
2.84499e-05
0.000142598
1.27572e-05
4.36887e-05
-2.82498e-06
3.68731e-05
6.16135e-06
-0.000217162
5.49631e-05
9.28521e-05
-0.000207225
7.282e-05
0.000164836
-0.000164825
6.55021e-05
0.000167578
-9.01112e-05
8.77688e-05
0.00016795
-3.23219e-05
8.92898e-05
0.00021749
3.46769e-07
6.97805e-05
0.000318062
5.52382e-05
6.00472e-05
0.000464765
0.000105674
7.46158e-05
0.000680849
0.000116071
9.43226e-05
0.000878682
7.13026e-05
9.09362e-05
0.00115592
0.00041388
0.000123662
-8.54785e-06
0.000151998
2.22175e-06
-5.7039e-06
0.000176852
1.66179e-05
-2.89675e-05
3.4096e-06
-6.25164e-05
-2.42918e-05
2.34749e-05
-6.58846e-05
-2.07254e-05
4.72395e-05
-6.34013e-05
-5.33097e-05
-3.45142e-05
-8.98295e-05
-4.87135e-05
-2.84641e-05
-0.000110762
-4.57223e-05
-1.6427e-05
-0.000122783
-4.21767e-05
1.00619e-06
-0.00012982
-6.82415e-05
-9.20364e-06
-0.000108878
-6.577e-05
-2.08643e-05
-0.000138769
-6.55811e-05
-2.27908e-05
-0.000162033
-6.55139e-05
-1.64e-05
-0.000179637
-6.25339e-05
-4.71918e-06
-0.000194643
-4.9164e-05
2.14025e-05
-0.000153082
-6.51645e-05
7.12904e-06
-0.000173429
-7.29695e-05
-1.67866e-06
-0.000199525
-7.93901e-05
-2.15939e-06
-0.000223292
-8.20279e-05
2.6491e-06
-0.000245203
-7.84235e-05
8.13625e-06
-0.000267136
-8.10997e-06
3.20199e-05
-0.000214761
-4.34273e-05
2.86599e-05
-0.000226472
-6.76361e-05
2.47344e-05
-0.000247919
-8.33302e-05
2.38035e-05
-0.000273492
-9.28326e-05
2.5678e-05
-0.000299843
-9.42566e-05
2.52203e-05
-0.000326968
-8.60515e-05
1.72433e-05
-0.000354831
2.45758e-05
3.35034e-05
-0.000257129
-1.47502e-05
3.63849e-05
-0.000284509
-5.3276e-05
4.16785e-05
-0.00030798
-8.11087e-05
4.74901e-05
-0.000336034
-9.80442e-05
5.05711e-05
-0.00036786
-0.000103572
4.53359e-05
-0.000401205
-9.75358e-05
2.61626e-05
-0.000433759
-8.0433e-05
-8.38668e-06
-0.000462879
4.49204e-05
3.47204e-05
-0.000248824
7.3873e-06
4.18616e-05
-0.000304699
-3.92536e-05
5.00374e-05
-0.000354353
-7.99106e-05
6.03095e-05
-0.000397889
-0.000105005
6.52095e-05
-0.000443873
-0.000113421
5.41491e-05
-0.000491965
-0.000106117
1.97689e-05
-0.000534649
-8.7115e-05
-3.67911e-05
-0.000565731
-5.97549e-05
-0.000105353
-0.000582738
5.29113e-05
3.06993e-05
-0.000203438
2.6224e-05
4.452e-05
-0.000262152
-2.50537e-05
5.5829e-05
-0.000330059
-7.99517e-05
6.3485e-05
-0.000396399
-0.000117711
6.40726e-05
-0.000463809
-0.000130562
4.79424e-05
-0.000537968
-0.000119628
1.95549e-06
-0.000608903
-9.3133e-05
-7.68549e-05
-0.000662336
-6.16636e-05
-0.00017215
-0.00068584
-2.93653e-05
-0.000258554
-0.000679229
4.67449e-05
2.00765e-05
-0.000149866
3.84646e-05
3.82623e-05
-0.000194788
-1.65044e-06
5.72223e-05
-0.00025133
-6.337e-05
6.80283e-05
-0.000320894
-0.000118526
6.53478e-05
-0.000392374
-0.00014479
4.6939e-05
-0.000468807
-0.000133887
8.45489e-07
-0.000561701
-9.58586e-05
-8.49424e-05
-0.000664026
-5.3615e-05
-0.000202844
-0.000738736
-2.10664e-05
-0.000315783
-0.000758156
2.31388e-06
-0.000385373
-0.000728888
3.14603e-05
7.23637e-06
-0.000100433
3.73123e-05
2.389e-05
-0.000134017
1.87665e-05
4.67621e-05
-0.000167317
-3.00928e-05
6.6763e-05
-0.000209276
-9.27174e-05
7.13191e-05
-0.000261849
-0.00013661
5.46348e-05
-0.000322263
-0.000137575
1.4429e-05
-0.000406099
-9.57945e-05
-6.04092e-05
-0.000535327
-3.79543e-05
-0.000180898
-0.000688373
3.6438e-06
-0.000321971
-0.000786122
2.09055e-05
-0.000417297
-0.000792931
2.58534e-05
-0.00043865
-0.000742552
1.60995e-05
-3.35391e-06
-5.82888e-05
2.64993e-05
8.23091e-06
-8.67761e-05
2.52792e-05
2.84924e-05
-0.000107827
5.6017e-07
5.35635e-05
-0.000124053
-4.77248e-05
7.13055e-05
-0.000144316
-9.93223e-05
6.81577e-05
-0.000174786
-0.000121593
3.82872e-05
-0.000228034
-9.6323e-05
-2.13543e-05
-0.0003385
-3.58531e-05
-0.000125679
-0.000530069
2.37462e-05
-0.000280636
-0.000735693
4.70612e-05
-0.00042012
-0.000823521
4.45865e-05
-0.000458623
-0.000803437
3.56367e-05
-0.000421773
-0.000733992
5.64482e-06
-9.90668e-06
-2.66592e-05
1.425e-05
-3.71563e-06
-4.92876e-05
2.03359e-05
1.00228e-05
-6.80973e-05
1.45443e-05
3.24486e-05
-7.50541e-05
-9.93258e-06
5.70003e-05
-7.363e-05
-4.8881e-05
7.00845e-05
-7.43238e-05
-8.23891e-05
5.91236e-05
-9.21462e-05
-8.43322e-05
1.79992e-05
-0.00015848
-4.48137e-05
-6.27095e-05
-0.000322663
1.75404e-05
-0.000203865
-0.000586241
6.06507e-05
-0.000382365
-0.000803299
5.94149e-05
-0.000471943
-0.000843836
4.78232e-05
-0.000448283
-0.00079058
3.34295e-05
-0.000351488
-0.000712329
4.16001e-07
-1.24235e-05
-1.01278e-05
5.58274e-06
-1.02966e-05
-2.1524e-05
1.19924e-05
-3.17437e-06
-3.80531e-05
1.49321e-05
1.22138e-05
-4.71375e-05
8.63614e-06
3.53478e-05
-4.18582e-05
-9.46379e-06
5.74288e-05
-2.74202e-05
-3.43616e-05
6.45732e-05
-1.79455e-05
-5.09834e-05
4.53126e-05
-3.99355e-05
-4.1561e-05
-9.28297e-06
-0.000143599
-2.14574e-06
-0.000118711
-0.000380895
4.54802e-05
-0.000299252
-0.000691755
6.19149e-05
-0.000463118
-0.000851326
5.36892e-05
-0.000479225
-0.000838968
3.7466e-05
-0.000385726
-0.000760519
2.57031e-05
-0.000254228
-0.000680013
-9.44871e-07
-1.206e-05
-8.94889e-06
1.24664e-06
-1.22754e-05
-7.32785e-06
5.49602e-06
-9.81708e-06
-1.5262e-05
1.00177e-05
-1.84665e-06
-2.58919e-05
1.19839e-05
1.45854e-05
-2.71253e-05
9.55409e-06
3.71836e-05
-1.46139e-05
2.07899e-06
5.52669e-05
4.02623e-06
-8.73298e-06
5.49171e-05
1.03602e-05
-1.55974e-05
2.50137e-05
-3.45301e-05
-7.43105e-06
-4.8937e-05
-0.000196042
1.84044e-05
-0.000195785
-0.000503865
4.05834e-05
-0.000399444
-0.000795747
4.14985e-05
-0.000497046
-0.000862419
3.28493e-05
-0.000437869
-0.000801007
2.59735e-05
-0.000299744
-0.000715853
2.01688e-05
-0.00014911
-0.000636545
0.000432878
0.00015489
0.000202426
-4.07953e-06
3.54805e-05
7.31464e-05
-1.74785e-05
-5.72756e-05
2.14183e-05
-3.69371e-05
-0.000134527
8.1418e-06
-5.53322e-05
-0.000208894
9.39151e-06
-6.75534e-05
-0.000289108
-1.44334e-06
-6.86029e-05
-0.000380834
-5.48918e-05
-5.47669e-05
-0.000483682
-0.000172848
-2.84734e-05
-0.000582695
-0.000315395
-2.23989e-07
-0.000649399
-0.000400056
1.99274e-05
-0.000675067
-0.000400692
2.92597e-05
-0.000673852
-0.000334845
2.90905e-05
-0.000659362
-0.000228959
2.22619e-05
-0.000637074
-0.00011103
1.54864e-05
-0.000606058
5.70138e-06
1.56978e-05
-0.000564058
1.3664e-06
-9.50213e-06
-1.97924e-05
2.29922e-07
-1.13228e-05
-7.15512e-06
2.1221e-06
-1.13604e-05
-3.59391e-06
5.49469e-06
-8.53896e-06
-8.23253e-06
8.9388e-06
8.22962e-08
-1.4144e-05
1.25237e-05
1.69792e-05
-1.13849e-05
1.77954e-05
3.78843e-05
8.76008e-07
2.29744e-05
5.02511e-05
1.29591e-05
2.23671e-05
4.02136e-05
2.64282e-06
1.45397e-05
-3.87606e-06
-8.13795e-05
8.80232e-06
-0.000104895
-0.000310887
1.10872e-05
-0.000291812
-0.000651861
1.15104e-05
-0.000474759
-0.000844931
1.00478e-05
-0.000486731
-0.000830433
1.62721e-05
-0.00036413
-0.000742934
1.98289e-05
-0.000207877
-0.000658009
2.30999e-05
-4.48489e-05
-0.000581386
2.83426e-05
0.000121701
-0.000510911
8.86894e-06
-5.11766e-06
-3.73766e-05
3.15732e-06
-8.50302e-06
-1.82341e-05
1.32689e-06
-9.92724e-06
-4.61977e-06
2.9226e-06
-9.76123e-06
1.07077e-06
5.63484e-06
-6.72672e-06
-6.16501e-07
9.05535e-06
2.3195e-06
-3.85437e-06
1.69146e-05
1.89716e-05
-2.51685e-06
3.30182e-05
3.6783e-05
4.28338e-07
5.08399e-05
4.16267e-05
-5.01653e-06
5.33884e-05
2.00428e-05
-4.3207e-05
3.21289e-05
-4.18943e-05
-0.000177379
2.1192e-06
-0.00017776
-0.000465806
-2.21887e-05
-0.000387781
-0.000765266
-2.02496e-05
-0.000500026
-0.000834009
-8.66251e-06
-0.000441313
-0.000763144
1.04991e-05
-0.000290964
-0.000672082
2.43463e-05
-0.000125102
-0.000590191
3.83633e-05
5.1169e-05
-0.000517437
5.59499e-05
0.000237874
-0.000450232
1.88121e-05
-4.44087e-05
1.19357e-05
-4.32187e-06
-3.54837e-05
4.70138e-06
-6.87826e-06
-1.63464e-05
2.3269e-06
-7.86283e-06
-1.41057e-06
3.6805e-06
-7.58952e-06
6.69484e-06
5.90956e-06
-4.4623e-06
7.52272e-06
1.04637e-05
4.59976e-06
4.17684e-06
2.51206e-05
2.00093e-05
-2.39818e-06
5.44083e-05
3.34076e-05
-1.84282e-05
8.28284e-05
2.96719e-05
-5.05051e-05
7.86119e-05
-4.06914e-06
-0.000123788
3.24083e-05
-8.7626e-05
-0.000311179
-2.65263e-05
-0.000259462
-0.0006165
-5.81183e-05
-0.000455907
-0.000797911
-5.02774e-05
-0.000492925
-0.00077794
-1.07678e-05
-0.00039289
-0.000684089
1.72839e-05
-0.000240589
-0.000594504
3.97666e-05
-6.786e-05
-0.000516202
6.5226e-05
0.000125678
-0.000447111
9.59858e-05
0.000340724
-0.000384444
2.31568e-05
-4.26983e-05
1.44419e-05
-3.18023e-06
-3.37444e-05
5.9079e-06
-4.72859e-06
-1.4266e-05
3.26067e-06
-5.41588e-06
2.54271e-06
4.4205e-06
-5.12273e-06
1.35104e-05
6.37408e-06
-2.05506e-06
1.63828e-05
1.32062e-05
6.40216e-06
9.68713e-06
3.67761e-05
1.94153e-05
-1.20418e-05
8.04691e-05
2.76635e-05
-5.63977e-05
0.000114578
1.64057e-05
-0.000120932
9.25985e-05
-2.76986e-05
-0.000231943
1.42225e-05
-0.000134453
-0.000455965
-6.60559e-05
-0.000328674
-0.000706777
-7.35139e-05
-0.00048058
-0.000771208
-4.55695e-05
-0.000479933
-0.000701729
1.46668e-06
-0.00037383
-0.000601866
3.27503e-05
-0.000225271
-0.000514119
6.17223e-05
-4.5668e-05
-0.000438204
9.7545e-05
0.000166628
-0.000371203
0.00014297
0.000412432
-0.000312596
2.66489e-05
-4.17742e-05
1.61006e-05
-1.59912e-06
-3.23997e-05
6.82123e-06
-2.47462e-06
-1.19694e-05
4.1193e-06
-3.06127e-06
7.40329e-06
5.07231e-06
-2.7143e-06
2.18401e-05
6.99668e-06
3.58729e-07
2.63578e-05
1.70811e-05
7.7207e-06
1.29622e-05
5.07156e-05
1.74988e-05
-3.12301e-05
0.000108029
2.12523e-05
-0.000111186
0.000140569
6.61613e-06
-0.000210333
9.18737e-05
-4.32662e-05
-0.000354652
-1.3092e-05
-0.00017089
-0.000573013
-8.34674e-05
-0.000366137
-0.000723374
-7.36153e-05
-0.000483674
-0.000716553
-2.2129e-05
-0.000472918
-0.000618028
2.14704e-05
-0.000377228
-0.000517959
5.05777e-05
-0.000234184
-0.000432167
8.36066e-05
-4.81358e-05
-0.000357048
0.000130026
0.000181406
-0.00029153
0.000185268
0.000449511
-0.000236927
2.86619e-05
-4.15143e-05
1.70056e-05
-1.00245e-07
-3.15635e-05
7.48063e-06
-5.31724e-07
-9.44483e-06
4.76669e-06
-1.10077e-06
1.34435e-05
5.34363e-06
-5.89282e-07
3.21803e-05
7.53504e-06
2.44222e-06
3.80092e-05
2.12355e-05
8.09182e-06
1.47912e-05
6.41008e-05
1.47091e-05
-5.8461e-05
0.0001315
1.73177e-05
-0.000175892
0.000153481
6.62938e-06
-0.000305852
7.90952e-05
-4.59854e-05
-0.000466511
-2.78661e-05
-0.000185271
-0.000633125
-6.56382e-05
-0.000363699
-0.000696244
-3.89255e-05
-0.000466924
-0.000631983
1.10436e-05
-0.000459272
-0.000524575
4.22081e-05
-0.000375626
-0.000429834
6.62905e-05
-0.000236851
-0.000347735
0.000103678
-4.06155e-05
-0.000274392
0.00015623
0.000204257
-0.000212167
0.000221324
0.000478083
-0.000168274
2.90017e-05
-4.19863e-05
1.71684e-05
1.00888e-06
-3.13025e-05
7.83798e-06
1.00052e-06
-6.61961e-06
5.00062e-06
6.88637e-07
2.09779e-05
5.13252e-06
1.67838e-06
4.5115e-05
7.80831e-06
4.73147e-06
5.19486e-05
2.41481e-05
8.29488e-06
1.67885e-05
7.30411e-05
1.21372e-05
-8.99987e-05
0.000143493
1.7047e-05
-0.000239154
0.000149501
1.90232e-05
-0.000383472
6.52621e-05
-3.4906e-05
-0.000528854
-1.21519e-05
-0.000174394
-0.000621005
-2.24342e-05
-0.000328688
-0.000601715
1.31466e-05
-0.000415224
-0.000510115
4.59916e-05
-0.000415746
-0.000416295
6.1182e-05
-0.00034411
-0.000336574
8.08915e-05
-0.000198909
-0.000259494
0.000121474
1.80865e-05
-0.000186713
0.000180295
0.000283973
-0.000127194
0.000247373
0.000572979
-8.30337e-05
2.79328e-05
-4.31723e-05
1.64852e-05
2.09653e-06
-3.15525e-05
7.56065e-06
2.40249e-06
-3.26042e-06
4.52181e-06
2.27374e-06
3.049e-05
4.1903e-06
3.59342e-06
6.11362e-05
7.4209e-06
6.41226e-06
6.89511e-05
2.34583e-05
7.79982e-06
2.12637e-05
7.46429e-05
8.35315e-06
-0.000118016
0.000141044
1.75276e-05
-0.000280714
0.000131876
3.20865e-05
-0.00040904
6.39702e-05
-1.57495e-05
-0.000502762
2.85059e-05
-0.000137165
-0.000512569
4.09415e-05
-0.00025815
-0.000448467
6.77423e-05
-0.000332975
-0.000371283
7.80122e-05
-0.000342174
-0.000308701
7.66494e-05
-0.000267038
-0.000241267
9.70591e-05
-9.2622e-05
-0.000163178
0.000146292
0.000160354
-9.18977e-05
0.00021499
0.00046662
-3.70537e-05
0.000299402
0.000823763
-4.84804e-06
2.54349e-05
-4.51656e-05
1.49725e-05
2.9464e-06
-3.24014e-05
6.76604e-06
3.5755e-06
1.01923e-06
3.45945e-06
3.63749e-06
4.22999e-05
2.64001e-06
5.16112e-06
7.99318e-05
5.79585e-06
8.01089e-06
8.87007e-05
1.75939e-05
8.19734e-06
2.70236e-05
7.19004e-05
4.48187e-06
-0.000142659
0.000129295
1.84834e-05
-0.000297771
0.000116664
5.46035e-05
-0.000384894
8.21241e-05
1.15011e-05
-0.000417101
8.08346e-05
-8.84719e-05
-0.000375724
0.000101621
-0.000185204
-0.000305229
0.000112141
-0.000244627
-0.00025699
9.52498e-05
-0.000239843
-0.000212518
9.06155e-05
-0.000123269
-0.000140535
0.00012233
0.000108347
-6.31764e-05
0.000185968
0.000427251
-4.85393e-06
0.000268759
0.00082215
2.19853e-05
0.000326394
0.00122406
2.17739e-05
-4.73576e-05
1.26952e-05
4.32079e-06
-3.40061e-05
5.51058e-06
5.27671e-06
6.65578e-06
2.15435e-06
5.53166e-06
5.60193e-05
3.25783e-09
6.85825e-06
0.000100705
2.18011e-06
8.28303e-06
0.000111991
1.0186e-05
8.33703e-06
3.13409e-05
6.98436e-05
-5.85336e-06
-0.000175177
0.000112802
2.76848e-05
-0.000298101
0.00011229
7.91295e-05
-0.000341022
0.00011059
4.80937e-05
-0.000323515
0.000125296
-3.23305e-05
-0.000248166
0.000145696
-9.68343e-05
-0.000184986
0.000127201
-0.00011889
-0.000156266
0.000100548
-6.12433e-05
-9.99981e-05
0.000106588
0.000130996
-1.93596e-05
0.000157531
0.00044865
4.15517e-05
0.000228005
0.000867005
5.19436e-05
0.00026909
0.00130994
1.64594e-05
-4.87518e-05
9.68947e-06
5.75888e-06
-3.66206e-05
4.31153e-06
8.17191e-06
1.36496e-05
1.48444e-06
9.24387e-06
7.10621e-05
-1.83029e-06
1.10176e-05
0.000122322
-1.55952e-07
1.19393e-05
0.000137379
1.77464e-05
1.8794e-05
1.42045e-05
6.83371e-05
-7.77495e-09
-0.000232791
9.28525e-05
7.91166e-05
-0.000295145
0.000107333
0.000135183
-0.00031734
0.000114857
0.000110808
-0.000234908
0.000137325
5.15459e-05
-0.000123298
0.00014377
4.43065e-05
-7.93645e-05
0.000114977
0.000101149
-4.42616e-05
9.70871e-05
0.000262325
2.64085e-05
0.000125043
0.000572746
7.50833e-05
0.000169194
0.00100202
6.60784e-05
0.00018273
0.00132228
9.50018e-06
-4.7961e-05
5.10308e-06
7.9361e-06
-2.72465e-05
3.15277e-06
1.16499e-05
1.77985e-05
2.50002e-06
1.65304e-05
7.40049e-05
-4.82597e-07
2.49243e-05
0.000123957
-1.63792e-06
3.66299e-05
0.000151257
2.20829e-05
1.83338e-05
-3.71256e-05
5.84314e-05
2.15402e-05
-0.000204315
5.88452e-05
0.000140434
-0.000241709
7.0768e-05
0.000173481
-0.000241535
7.47024e-05
0.00013993
-0.000136823
9.1616e-05
0.000132452
-3.89116e-05
8.92914e-05
0.000215478
1.36307e-05
6.77094e-05
0.000376785
7.55012e-05
7.54793e-05
0.000613114
9.79236e-05
9.08181e-05
0.000839581
6.43485e-05
8.70296e-05
0.00114019
0.000398479
0.000102822
0.00042008
0.000130747
-1.41908e-05
0.000132219
-1.61637e-06
-9.84309e-06
0.000156727
7.88318e-06
-6.90686e-06
0.000182428
2.27847e-05
-3.80936e-05
-1.34496e-05
-4.89296e-05
-3.10634e-05
3.29658e-06
-6.00053e-05
-2.64836e-05
2.45772e-05
-6.24751e-05
-2.27965e-05
4.97843e-05
-5.94319e-05
-6.69846e-05
-3.83054e-05
-5.68923e-05
-5.60514e-05
-3.88055e-05
-8.92262e-05
-5.19657e-05
-3.11828e-05
-0.000109637
-4.90314e-05
-1.73969e-05
-0.000120876
-4.49973e-05
1.6852e-06
-0.000127636
-7.42873e-05
5.63121e-06
-7.57693e-05
-7.3619e-05
-1.46635e-05
-0.000106645
-7.02928e-05
-2.53282e-05
-0.000138925
-7.03896e-05
-2.54228e-05
-0.000162025
-6.98375e-05
-1.72718e-05
-0.000179288
-6.57767e-05
-4.64557e-06
-0.000194515
-2.82095e-05
3.20428e-05
-0.000141568
-6.06691e-05
1.90814e-05
-0.000147814
-7.26687e-05
3.69725e-06
-0.000173789
-7.96423e-05
-3.87611e-06
-0.000201511
-8.53863e-05
-2.73843e-06
-0.000225365
-8.65753e-05
2.68776e-06
-0.000247449
-8.07751e-05
6.98737e-06
-0.000270022
1.75812e-05
3.35215e-05
-0.00020051
-2.10454e-05
3.19906e-05
-0.000211822
-5.57892e-05
2.85644e-05
-0.000227808
-7.75301e-05
2.49646e-05
-0.000252675
-9.13711e-05
2.51249e-05
-0.000279626
-9.86185e-05
2.67209e-05
-0.000306311
-9.70783e-05
2.34974e-05
-0.000333694
-8.55838e-05
1.04973e-05
-0.000361635
4.29019e-05
3.11996e-05
-0.000216772
1.07033e-05
3.37683e-05
-0.000257859
-3.06275e-05
3.77242e-05
-0.000289205
-6.7889e-05
4.45033e-05
-0.000317033
-9.26277e-05
5.09635e-05
-0.000348819
-0.000105374
5.20032e-05
-0.000382591
-0.000106408
4.1004e-05
-0.000415771
-9.6062e-05
1.34611e-05
-0.000446676
-7.52274e-05
-2.96089e-05
-0.000472708
5.26602e-05
2.79098e-05
-0.000190344
3.13215e-05
3.57686e-05
-0.000247863
-1.18511e-05
4.3178e-05
-0.00031107
-5.9934e-05
5.27508e-05
-0.000366833
-9.737e-05
6.34577e-05
-0.000416496
-0.000116201
6.42517e-05
-0.000468353
-0.000116901
4.32562e-05
-0.000518196
-0.000103212
-4.48319e-06
-0.000556896
-7.99857e-05
-7.22677e-05
-0.000580513
-5.00372e-05
-0.000146592
-0.000588341
4.79672e-05
1.97799e-05
-0.000145172
4.28503e-05
3.27463e-05
-0.000196089
7.19612e-06
4.62905e-05
-0.000261493
-5.04158e-05
5.6509e-05
-0.000336064
-0.000104394
6.2299e-05
-0.000408778
-0.000134531
5.82302e-05
-0.000484373
-0.000135866
3.15728e-05
-0.000565623
-0.000113841
-3.05284e-05
-0.000637265
-8.20143e-05
-0.000123958
-0.000682147
-4.93887e-05
-0.000224381
-0.000691709
-1.81774e-05
-0.000302848
-0.000671303
3.28247e-05
8.77895e-06
-9.80214e-05
4.1302e-05
2.24105e-05
-0.000138049
2.46416e-05
4.11317e-05
-0.00018461
-2.5118e-05
5.86249e-05
-0.000246932
-9.10939e-05
6.56429e-05
-0.000322837
-0.00014071
5.81739e-05
-0.00039953
-0.000152291
3.16341e-05
-0.0004849
-0.000123752
-2.91198e-05
-0.000589587
-7.55153e-05
-0.000134216
-0.000695114
-3.43054e-05
-0.000261418
-0.000755171
-7.49385e-06
-0.00036314
-0.000752007
1.08288e-05
-0.000407282
-0.000706655
1.65413e-05
-1.32682e-06
-5.61788e-05
2.90924e-05
8.99287e-06
-8.81799e-05
2.9583e-05
2.67997e-05
-0.000118402
2.29631e-06
4.93881e-05
-0.000151713
-5.46517e-05
6.59693e-05
-0.000197027
-0.000117385
6.42647e-05
-0.00025344
-0.000148629
4.01182e-05
-0.000320938
-0.000128602
-1.09788e-05
-0.000423273
-6.91243e-05
-0.000104271
-0.000578705
-8.64161e-06
-0.000244395
-0.000733584
2.1733e-05
-0.000379425
-0.000798686
2.8501e-05
-0.000440352
-0.000775162
2.87437e-05
-0.000426513
-0.000709853
5.18311e-06
-8.38015e-06
-2.49052e-05
1.50482e-05
-2.35122e-06
-4.85615e-05
2.29285e-05
1.04118e-05
-7.13373e-05
1.61117e-05
3.14788e-05
-8.73513e-05
-1.61158e-05
5.51129e-05
-0.00010171
-6.92885e-05
6.77841e-05
-0.000123562
-0.000116059
5.67546e-05
-0.000159608
-0.000121295
1.76263e-05
-0.000230075
-7.47761e-05
-5.66469e-05
-0.000377595
-2.09043e-06
-0.000186307
-0.000604793
4.95574e-05
-0.000354903
-0.000789839
5.44675e-05
-0.000453874
-0.000823342
4.47269e-05
-0.00044976
-0.00077237
3.28238e-05
-0.000372684
-0.000695561
-5.96989e-07
-1.1806e-05
-9.12537e-06
5.01905e-06
-9.49949e-06
-2.03636e-05
1.26853e-05
-2.48891e-06
-3.7522e-05
1.60384e-05
1.23839e-05
-4.91854e-05
5.34819e-06
3.50086e-05
-4.98137e-05
-2.45922e-05
5.70054e-05
-4.54549e-05
-6.52888e-05
6.40793e-05
-4.83799e-05
-9.1307e-05
4.44971e-05
-7.83456e-05
-7.61212e-05
-8.59318e-06
-0.000178061
-1.88357e-05
-0.000111976
-0.000397888
4.78536e-05
-0.000284061
-0.000686943
7.28471e-05
-0.000447769
-0.000838427
6.26865e-05
-0.000474027
-0.000827107
4.18207e-05
-0.000395069
-0.000751367
2.62552e-05
-0.000270435
-0.000671416
-2.3432e-06
-1.21879e-05
-8.87292e-06
4.49199e-08
-1.23966e-05
-6.8781e-06
4.79142e-06
-9.82495e-06
-1.42198e-05
1.01171e-05
-1.77673e-06
-2.42116e-05
1.0664e-05
1.45644e-05
-2.50782e-05
6.8633e-07
3.72251e-05
-1.28245e-05
-2.10257e-05
5.59165e-05
4.30903e-06
-4.61324e-05
5.64272e-05
8.31107e-06
-5.55406e-05
2.7361e-05
-3.66635e-05
-3.18906e-05
-4.45676e-05
-0.00019331
2.01892e-05
-0.000187268
-0.000494691
6.34743e-05
-0.000389649
-0.000788141
6.28384e-05
-0.000492538
-0.000859373
4.66932e-05
-0.000437136
-0.000801418
3.03716e-05
-0.000302193
-0.000716963
1.72042e-05
-0.000150475
-0.000637611
-9.02797e-07
-1.0038e-05
-2.06022e-05
-1.20773e-06
-1.21676e-05
-7.67227e-06
8.2622e-07
-1.23083e-05
-3.59293e-06
4.5695e-06
-9.29531e-06
-6.93801e-06
8.15315e-06
-3.44166e-07
-1.02229e-05
8.48058e-06
1.68449e-05
-2.78518e-06
3.59128e-06
3.83595e-05
1.6461e-05
-6.6811e-06
5.21697e-05
3.6397e-05
-1.8448e-05
4.42871e-05
3.18724e-05
-2.08922e-05
2.08013e-06
-5.01445e-05
-2.36783e-06
-9.77842e-05
-0.000282901
2.99911e-05
-0.000285396
-0.000636843
4.37084e-05
-0.000474576
-0.000850439
3.56342e-05
-0.000484881
-0.000841011
2.67846e-05
-0.000355857
-0.000755417
1.98065e-05
-0.00019477
-0.000670178
1.38234e-05
-2.9161e-05
-0.000592413
0.000439717
0.000161815
0.000208814
-5.14623e-06
4.17402e-05
7.67642e-05
-1.91565e-05
-5.32689e-05
2.29382e-05
-3.90174e-05
-0.000132628
7.76192e-06
-5.70281e-05
-0.000209446
5.12163e-06
-6.75475e-05
-0.000292502
-1.4406e-05
-6.51409e-05
-0.000386551
-8.27493e-05
-4.71281e-05
-0.000488366
-0.000212129
-1.836e-05
-0.000578237
-0.000342554
8.47981e-06
-0.000630524
-0.000395666
2.43436e-05
-0.000644731
-0.000360602
2.84139e-05
-0.000637529
-0.000260715
2.27461e-05
-0.000621165
-0.000128586
1.20828e-05
-0.000597937
6.84888e-06
4.87612e-06
-0.000565079
0.000136072
9.05423e-06
-0.000519922
4.83002e-06
-5.61267e-06
-3.89936e-05
1.09624e-06
-9.63307e-06
-1.94741e-05
-4.39926e-09
-1.15477e-05
-5.69042e-06
1.58672e-06
-1.14597e-05
6.10356e-07
4.47788e-06
-8.05349e-06
1.01274e-06
7.3956e-06
1.6043e-06
2.84651e-06
1.03103e-05
1.9047e-05
1.40164e-05
1.39491e-05
3.80864e-05
3.20739e-05
1.56181e-05
4.51509e-05
4.32109e-05
1.09292e-05
2.6381e-05
1.48125e-05
3.10929e-06
-3.44615e-05
-0.000122823
3.63668e-06
-0.000172947
-0.000431297
7.21943e-06
-0.000390357
-0.000765696
7.96825e-06
-0.000506326
-0.000853571
8.23431e-06
-0.000427076
-0.000784396
1.36872e-05
-0.000260361
-0.000693645
1.79308e-05
-8.56361e-05
-0.000610812
2.28757e-05
9.14519e-05
-0.000535656
2.98759e-05
0.000270112
-0.000463979
1.31742e-05
-4.60062e-05
8.39251e-06
-5.22275e-06
-3.71625e-05
3.06186e-06
-8.70466e-06
-1.78711e-05
1.14137e-06
-1.02293e-05
-3.02111e-06
2.27753e-06
-9.93525e-06
5.62977e-06
4.55335e-06
-6.26225e-06
9.2763e-06
8.07412e-06
3.84118e-06
1.36227e-05
1.63277e-05
2.06177e-05
2.2402e-05
3.10299e-05
3.5714e-05
2.96837e-05
4.28576e-05
3.42413e-05
2.07214e-05
3.58303e-05
1.80597e-06
-4.41597e-05
9.79793e-06
-8.46074e-05
-0.00024795
-1.67443e-05
-0.000266407
-0.000596988
-3.41021e-05
-0.000469494
-0.000819834
-3.1356e-05
-0.000488568
-0.000805687
-6.0256e-06
-0.000348267
-0.000710589
1.32618e-05
-0.000171786
-0.000621378
2.95538e-05
1.35941e-05
-0.000542407
4.77267e-05
0.000208929
-0.000470999
6.84536e-05
0.000414072
-0.000402748
1.82914e-05
-4.39064e-05
1.17941e-05
-4.44635e-06
-3.5318e-05
4.80419e-06
-7.10858e-06
-1.60521e-05
2.17539e-06
-8.17807e-06
2.0709e-07
2.90652e-06
-7.73696e-06
1.14305e-05
4.83214e-06
-3.96539e-06
1.75861e-05
1.03054e-05
6.00474e-06
2.10397e-05
2.64258e-05
2.10595e-05
2.02609e-05
5.38813e-05
3.09042e-05
6.89067e-06
7.17684e-05
1.9485e-05
-3.12884e-05
5.07434e-05
-2.84889e-05
-0.000141103
-4.72578e-06
-0.00014665
-0.000405071
-6.07974e-05
-0.00035865
-0.000719037
-6.6263e-05
-0.000497119
-0.00080098
-4.24731e-05
-0.000447796
-0.000726135
-2.91224e-06
-0.000291398
-0.000628901
2.64791e-05
-0.000113203
-0.000542889
5.40848e-05
8.49369e-05
-0.000467826
8.56682e-05
0.000306011
-0.000400527
0.000122879
0.000550525
-0.000337913
2.30584e-05
-4.23288e-05
1.46257e-05
-3.24245e-06
-3.38081e-05
6.19885e-06
-4.95037e-06
-1.41657e-05
3.09172e-06
-5.67732e-06
4.06753e-06
3.49868e-06
-5.21009e-06
1.81862e-05
5.38043e-06
-1.59446e-06
2.59519e-05
1.4094e-05
7.51172e-06
2.45348e-05
4.0206e-05
1.98006e-05
6.29117e-06
8.09324e-05
2.38146e-05
-3.67476e-05
9.79112e-05
3.35454e-06
-0.000109367
5.08711e-05
-5.97429e-05
-0.000265681
-3.84751e-05
-0.000209339
-0.000549941
-9.81645e-05
-0.000422002
-0.000750672
-8.75429e-05
-0.000493362
-0.000743857
-3.1193e-05
-0.000423211
-0.000643282
1.40697e-05
-0.000274722
-0.000545011
4.82655e-05
-9.62754e-05
-0.000461198
8.46412e-05
0.000115583
-0.000388195
0.000130743
0.000364587
-0.000324081
0.000182004
0.000648267
-0.00026845
2.68725e-05
-4.16255e-05
1.65776e-05
-1.66203e-06
-3.28384e-05
7.20544e-06
-2.6337e-06
-1.21797e-05
3.87278e-06
-3.2131e-06
8.73826e-06
3.98112e-06
-2.7289e-06
2.62405e-05
6.14239e-06
6.91242e-07
3.47324e-05
1.91339e-05
8.29739e-06
2.42215e-05
5.65801e-05
1.70999e-05
-1.95964e-05
0.000109015
1.65488e-05
-9.86731e-05
0.000115274
-8.12093e-06
-0.000207307
3.49509e-05
-8.38498e-05
-0.000397577
-7.4331e-05
-0.00025463
-0.000638075
-0.000100815
-0.000440864
-0.000731017
-6.95051e-05
-0.000489426
-0.000669465
-4.70003e-06
-0.00042142
-0.000558084
3.64363e-05
-0.000286004
-0.000460363
7.07962e-05
-0.000107325
-0.000377482
0.000115741
0.00011812
-0.000305826
0.000171169
0.000388303
-0.000245266
0.000242952
0.000694874
-0.000203378
2.90607e-05
-4.17162e-05
1.7612e-05
-1.4442e-07
-3.24499e-05
7.86691e-06
-5.92744e-07
-1.00404e-05
4.39768e-06
-1.09876e-06
1.44991e-05
4.12031e-06
-5.05033e-07
3.60881e-05
6.81179e-06
2.58292e-06
4.4465e-05
2.44658e-05
8.12059e-06
2.10177e-05
7.27332e-05
1.40156e-05
-5.48905e-05
0.000131813
1.26997e-05
-0.000170323
0.00011887
-9.33277e-06
-0.00031191
1.33446e-05
-9.42206e-05
-0.00050567
-7.72072e-05
-0.000268314
-0.00066347
-7.8088e-05
-0.000430124
-0.000677394
-2.47918e-05
-0.000476002
-0.000577307
2.76893e-05
-0.000415937
-0.000465955
5.82166e-05
-0.000291074
-0.000372642
9.18318e-05
-0.000106425
-0.000292867
0.000141068
0.000134988
-0.000224722
0.000206521
0.000414302
-0.000174619
0.00027464
0.000702265
-0.000143241
2.94584e-05
-4.25468e-05
1.77663e-05
1.01679e-06
-3.26557e-05
8.12863e-06
1.04714e-06
-7.60396e-06
4.53271e-06
8.33983e-07
2.17542e-05
3.77635e-06
1.82905e-06
4.83761e-05
7.17431e-06
4.57437e-06
5.58643e-05
2.79133e-05
7.73434e-06
1.6692e-05
8.42849e-05
1.1809e-05
-9.44425e-05
0.000142062
1.63562e-05
-0.000237544
0.000107216
3.1416e-06
-0.000396897
4.90393e-06
-8.90482e-05
-0.000555158
-4.46816e-05
-0.000252435
-0.000624081
-2.28584e-05
-0.000388176
-0.000564962
2.8624e-05
-0.000429689
-0.00045705
6.15164e-05
-0.000381305
-0.000362602
7.85353e-05
-0.00025621
-0.000281159
0.00011017
-5.027e-05
-0.000204251
0.000165851
0.000217142
-0.000139447
0.00023315
0.000517199
-8.95804e-05
0.000305716
0.000849435
-4.89801e-05
2.8339e-05
-4.40246e-05
1.69687e-05
2.13753e-06
-3.334e-05
7.76855e-06
2.50912e-06
-4.55617e-06
3.90782e-06
2.51486e-06
3.1062e-05
2.6921e-06
3.75946e-06
6.36798e-05
6.46865e-06
5.83235e-06
7.01931e-05
2.69294e-05
6.3371e-06
1.38999e-05
8.88017e-05
8.61751e-06
-0.000126049
0.000136246
2.17509e-05
-0.000277368
8.97367e-05
2.26046e-05
-0.000420502
2.28293e-05
-6.85271e-05
-0.000512126
1.47355e-05
-0.000206742
-0.000497891
4.92858e-05
-0.000316828
-0.000412284
8.38459e-05
-0.000355264
-0.000329904
8.93654e-05
-0.00030809
-0.000261769
9.62587e-05
-0.000154325
-0.000185213
0.000134851
9.35698e-05
-0.000108921
0.000201217
0.000407246
-4.77797e-05
0.000284988
0.000779357
-8.88375e-06
0.000346575
0.00114213
2.56776e-05
-4.61679e-05
1.53642e-05
2.9676e-06
-3.45182e-05
6.88181e-06
3.67729e-06
-4.49154e-07
2.84096e-06
3.96388e-06
4.27523e-05
8.50045e-07
5.51147e-06
8.15266e-05
4.45034e-06
7.18227e-06
8.73918e-05
2.22558e-05
6.95874e-06
1.24333e-05
8.81e-05
5.5629e-06
-0.000148043
0.000122241
3.35653e-05
-0.00028621
8.52183e-05
4.58822e-05
-0.000392237
6.30038e-05
-3.60524e-05
-0.000421961
8.07005e-05
-0.000154967
-0.000361386
0.000116553
-0.000241779
-0.000278949
0.000120243
-0.00026378
-0.000226106
0.000105788
-0.000177263
-0.000163772
0.000118429
4.11379e-05
-8.51744e-05
0.000174708
0.000365811
-1.89207e-05
0.000255464
0.00077527
1.45609e-05
0.000311307
0.00120382
2.1849e-05
-4.84695e-05
1.30098e-05
4.21714e-06
-3.63208e-05
5.71155e-06
5.45279e-06
5.27899e-06
1.50078e-06
6.13295e-06
5.66709e-05
-1.69916e-06
7.63492e-06
0.000101165
1.27635e-06
8.19235e-06
0.000110648
2.2789e-05
8.48855e-06
1.19063e-05
8.80071e-05
3.31798e-06
-0.000170533
0.000105315
5.41969e-05
-0.00028567
9.49519e-05
7.40363e-05
-0.00035462
0.000104595
-5.568e-06
-0.000340044
0.000135543
-0.000102055
-0.000241185
0.000154615
-0.000146107
-0.000168629
0.000129753
-0.000109408
-0.000122887
0.000113957
6.0615e-05
-4.64947e-05
0.000150028
0.00038262
2.16775e-05
0.000216806
0.00081763
4.33067e-05
0.000257516
0.00128709
1.63691e-05
-4.98993e-05
9.96713e-06
5.36511e-06
-3.87285e-05
4.60679e-06
8.44048e-06
1.29468e-05
1.39157e-06
1.03563e-05
7.27753e-05
-1.94265e-06
1.24828e-05
0.000123177
2.80522e-07
1.47342e-05
0.00013946
3.12503e-05
1.06719e-05
-5.69083e-06
8.80207e-05
1.8383e-05
-0.000201688
8.93239e-05
0.000108881
-0.000299362
9.62076e-05
0.000115219
-0.000347227
0.000116921
3.75779e-05
-0.000263189
0.000146112
-1.40597e-05
-0.000119445
0.000146868
3.20839e-05
-6.78882e-05
0.000112014
0.000177994
-4.2441e-06
0.000124619
0.000494759
5.5248e-05
0.000161569
0.000949455
5.68898e-05
0.000174054
0.00130132
9.39455e-06
-4.94497e-05
5.18625e-06
7.2476e-06
-2.80646e-05
3.75788e-06
1.19761e-05
1.85509e-05
2.70223e-06
1.7422e-05
7.87657e-05
1.66392e-06
2.58781e-05
0.000132966
-6.97889e-06
2.74981e-05
0.000149029
2.24686e-05
-1.86244e-06
-3.62236e-05
6.48923e-05
5.78711e-05
-0.000186684
5.78652e-05
0.000143708
-0.000269838
6.10702e-05
0.000104143
-0.000266858
7.27643e-05
6.00146e-05
-0.000137186
9.66333e-05
0.000102764
-2.2843e-05
7.96979e-05
0.000268367
4.23438e-05
7.50734e-05
0.000533577
7.99573e-05
8.60696e-05
0.00079496
5.64688e-05
8.39086e-05
0.00112063
0.000378037
8.52434e-05
0.000403916
0.000109133
0.000426157
0.00013739
-2.2537e-05
0.00011293
-6.87611e-07
-1.52898e-05
0.000136225
3.09539e-06
-1.1021e-05
0.000161495
1.33395e-05
-8.07973e-06
0.00018819
2.86795e-05
-5.32094e-05
-2.7542e-05
-2.64095e-05
-3.95219e-05
-1.40648e-05
-4.81193e-05
-3.30215e-05
3.4335e-06
-5.78221e-05
-2.85583e-05
2.60686e-05
-5.9246e-05
-2.46439e-05
5.26766e-05
-5.57099e-05
-8.63119e-05
-3.02674e-05
-2.16561e-05
-6.8966e-05
-4.30641e-05
-5.73086e-05
-5.84325e-05
-4.2492e-05
-8.97959e-05
-5.50502e-05
-3.34628e-05
-0.000108925
-5.20748e-05
-1.77898e-05
-0.000119177
-4.75228e-05
2.77087e-06
-0.000125734
-6.23692e-05
2.6463e-05
-6.29714e-05
-8.2585e-05
4.58104e-07
-6.89985e-05
-7.73058e-05
-2.01995e-05
-0.000107157
-7.43445e-05
-2.93638e-05
-0.000140298
-7.47755e-05
-2.74307e-05
-0.00016249
-7.37034e-05
-1.75964e-05
-0.000179222
-6.8331e-05
-4.39269e-06
-0.000194818
3.31395e-06
3.75005e-05
-0.000137814
-4.06311e-05
3.14159e-05
-0.000134342
-7.00905e-05
1.62058e-05
-0.000146041
-7.90317e-05
4.71538e-07
-0.000176651
-8.56302e-05
-5.26493e-06
-0.00020474
-9.0615e-05
-2.6106e-06
-0.000228085
-9.01388e-05
2.84345e-06
-0.000250259
-8.20619e-05
5.02326e-06
-0.00027346
3.76842e-05
3.24915e-05
-0.00017435
6.18106e-06
3.34189e-05
-0.000197448
-3.38659e-05
3.19826e-05
-0.000212026
-6.69322e-05
2.86008e-05
-0.000232419
-8.63311e-05
2.60778e-05
-0.000259939
-9.82476e-05
2.72225e-05
-0.000287268
-0.000102783
2.7465e-05
-0.000313919
-9.81946e-05
2.00981e-05
-0.000341178
-8.34099e-05
8.70047e-07
-0.000368744
4.90867e-05
2.76681e-05
-0.000166874
3.1908e-05
3.13354e-05
-0.000214962
-4.31425e-06
3.42339e-05
-0.000261936
-4.66702e-05
3.97455e-05
-0.000297733
-8.17834e-05
4.83008e-05
-0.000329974
-0.000102524
5.46373e-05
-0.000365146
-0.000110326
5.17589e-05
-0.000399936
-0.000106672
3.26808e-05
-0.000431547
-9.23509e-05
-4.5113e-06
-0.000459427
-6.82142e-05
-5.62924e-05
-0.000481006
4.64296e-05
2.06845e-05
-0.00013368
4.39915e-05
2.89496e-05
-0.000184707
1.52745e-05
3.68882e-05
-0.000249687
-3.27747e-05
4.48643e-05
-0.000320853
-8.08617e-05
5.6011e-05
-0.00038294
-0.000113358
6.58855e-05
-0.00043932
-0.000124042
5.94533e-05
-0.000496392
-0.000116542
2.52679e-05
-0.000545263
-9.73084e-05
-3.68331e-05
-0.000577056
-7.08674e-05
-0.000114253
-0.000591393
-3.93774e-05
-0.000190595
-0.000588694
3.27721e-05
1.08557e-05
-9.21087e-05
4.30706e-05
2.13543e-05
-0.000135594
3.00674e-05
3.47381e-05
-0.000190001
-1.48354e-05
4.77216e-05
-0.00026302
-7.71395e-05
5.65455e-05
-0.00034429
-0.000127386
5.97033e-05
-0.000423596
-0.000146468
4.90035e-05
-0.000507645
-0.000134346
8.69228e-06
-0.000594268
-0.000102694
-7.09704e-05
-0.000663092
-6.82606e-05
-0.000176884
-0.000695708
-3.63902e-05
-0.000276046
-0.000689633
-7.49632e-06
-0.000339857
-0.000655693
1.66184e-05
1.16497e-06
-5.25737e-05
3.07386e-05
1.01753e-05
-8.74849e-05
3.38156e-05
2.48167e-05
-0.000126011
7.77956e-06
4.36662e-05
-0.000175171
-5.10951e-05
5.88904e-05
-0.000243767
-0.000118535
6.14614e-05
-0.000324999
-0.000157596
4.8335e-05
-0.000407286
-0.000150417
1.13871e-05
-0.000503613
-0.000103836
-6.77377e-05
-0.000621374
-5.06826e-05
-0.000190829
-0.000723683
-1.57527e-05
-0.000318962
-0.000761883
3.92935e-06
-0.000398863
-0.000735873
1.74589e-05
-0.000413536
-0.000677518
4.88917e-06
-6.262e-06
-2.24268e-05
1.5601e-05
-4.39928e-07
-4.73579e-05
2.55873e-05
1.09089e-05
-7.49989e-05
1.96493e-05
2.96455e-05
-0.00010224
-1.67437e-05
5.12397e-05
-0.000136391
-8.01999e-05
6.34073e-05
-0.000185287
-0.000138447
5.47544e-05
-0.000245713
-0.000151582
2.21853e-05
-0.000323838
-0.000107608
-4.25667e-05
-0.00045217
-3.48345e-05
-0.000158164
-0.000632216
1.97508e-05
-0.000312373
-0.000770852
3.49305e-05
-0.000423291
-0.000796231
3.29532e-05
-0.000443614
-0.000746305
2.92343e-05
-0.000394562
-0.000672319
-1.29111e-06
-1.05036e-05
-7.52122e-06
4.58574e-06
-7.92229e-06
-1.89543e-05
1.34831e-05
-1.1972e-06
-3.78071e-05
1.8116e-05
1.26748e-05
-5.466e-05
5.03873e-06
3.41354e-05
-6.61053e-05
-3.44573e-05
5.54503e-05
-7.95449e-05
-9.00072e-05
6.20494e-05
-0.000104167
-0.000126906
4.25549e-05
-0.000148963
-0.000110457
-7.2829e-06
-0.000245128
-4.30271e-05
-0.000101471
-0.000438266
3.47753e-05
-0.000259963
-0.00068668
6.81922e-05
-0.000420808
-0.000818274
6.00699e-05
-0.000463614
-0.000806891
4.18985e-05
-0.000411415
-0.000733734
2.71044e-05
-0.000302447
-0.000654691
-3.55803e-06
-1.1673e-05
-8.21962e-06
-9.768e-07
-1.16796e-05
-5.97572e-06
4.2346e-06
-8.97941e-06
-1.33688e-05
1.05468e-05
-1.10886e-06
-2.45125e-05
1.06e-05
1.47361e-05
-2.88955e-05
-5.32927e-06
3.70276e-05
-2.38595e-05
-4.00454e-05
5.56613e-05
-1.80498e-05
-7.97896e-05
5.58751e-05
-2.61285e-05
-9.37993e-05
2.66857e-05
-7.53921e-05
-5.83393e-05
-4.20486e-05
-0.000221567
1.48895e-05
-0.000176219
-0.000500458
7.56403e-05
-0.000371104
-0.000775801
7.65962e-05
-0.000480789
-0.000845446
5.69996e-05
-0.000441309
-0.000791191
3.43732e-05
-0.000318048
-0.000707769
1.63772e-05
-0.000170468
-0.000628718
-3.21072e-06
-1.00315e-05
-2.09589e-05
-2.65737e-06
-1.22185e-05
-7.65443e-06
-3.88504e-07
-1.23489e-05
-3.19173e-06
3.80083e-06
-9.23558e-06
-6.04383e-06
7.67647e-06
-2.47678e-07
-8.97293e-06
5.41047e-06
1.6842e-05
-1.66914e-06
-8.40066e-06
3.85157e-05
1.65304e-05
-3.2991e-05
5.29582e-05
3.40556e-05
-5.58939e-05
4.58385e-05
2.72508e-05
-5.42947e-05
4.72621e-06
-5.25833e-05
-1.38121e-05
-9.17988e-05
-0.000277363
4.62201e-05
-0.000274688
-0.00062591
7.33648e-05
-0.000466502
-0.000843859
6.04201e-05
-0.000482136
-0.000839178
3.8356e-05
-0.000359189
-0.000756006
2.1517e-05
-0.000198364
-0.000670795
6.41021e-06
-3.0416e-05
-0.000592942
5.04732e-07
-5.77679e-06
-4.03946e-05
-1.26541e-06
-1.01283e-05
-2.03325e-05
-1.48847e-06
-1.23418e-05
-6.2081e-06
2.86048e-07
-1.23197e-05
6.79551e-07
3.41461e-06
-8.69567e-06
2.42643e-06
5.77278e-06
1.24972e-06
6.94814e-06
4.10437e-06
1.89617e-05
2.27763e-05
-3.48548e-06
3.86606e-05
4.73678e-05
-1.61502e-05
4.72759e-05
6.5144e-05
-2.69631e-05
3.06673e-05
4.1147e-05
-2.14519e-05
-2.81664e-05
-9.52309e-05
9.08472e-06
-0.000165171
-0.000408605
4.11169e-05
-0.000384921
-0.000760424
4.22862e-05
-0.000507487
-0.000862174
2.9581e-05
-0.000421675
-0.000796555
2.06419e-05
-0.000251118
-0.000706033
1.31461e-05
-7.24617e-05
-0.0006221
6.75737e-06
0.000104529
-0.000544759
0.000446449
0.000168193
0.000215188
-6.115e-06
4.76127e-05
8.05517e-05
-2.06771e-05
-4.96585e-05
2.4494e-05
-4.0632e-05
-0.000131253
6.80244e-06
-5.80277e-05
-0.000210608
-9.59034e-07
-6.6285e-05
-0.000296389
-3.09851e-05
-6.01628e-05
-0.000391893
-0.000114664
-3.81933e-05
-0.000490259
-0.000249449
-8.15241e-06
-0.000568217
-0.000358609
1.58602e-05
-0.000605636
-0.00037513
2.65196e-05
-0.000610399
-0.000302006
2.46288e-05
-0.000599417
-0.000168076
1.25082e-05
-0.000581716
-1.11707e-05
-1.95627e-06
-0.000557049
0.000138525
-8.68559e-06
-0.00052061
0.000278192
1.28475e-06
-0.0004699
7.06088e-06
-4.77909e-05
4.20171e-06
-5.71536e-06
-3.87685e-05
8.90829e-07
-9.84158e-06
-1.90621e-05
-2.43505e-07
-1.18387e-05
-3.98054e-06
9.27284e-07
-1.15624e-05
5.41687e-06
3.20288e-06
-7.49515e-06
1.14147e-05
5.35353e-06
3.24581e-06
2.13232e-05
7.2011e-06
2.0775e-05
4.04134e-05
8.624e-06
3.71008e-05
6.24933e-05
6.56355e-06
3.80462e-05
6.78059e-05
-7.63462e-07
8.43461e-06
8.47654e-06
-4.71492e-06
-7.74183e-05
-0.00020387
3.06239e-06
-0.000263544
-0.000577947
4.23566e-06
-0.000475398
-0.000834986
-1.03886e-06
-0.000484681
-0.000826301
5.70082e-06
-0.000324384
-0.00073211
1.19569e-05
-0.000135747
-0.000642235
1.73031e-05
5.39977e-05
-0.000561113
2.40981e-05
0.000243539
-0.00048546
3.17675e-05
0.000432597
-0.000410186
1.24251e-05
-4.54036e-05
8.0971e-06
-5.36329e-06
-3.68554e-05
3.04873e-06
-8.99525e-06
-1.74034e-05
9.2421e-07
-1.05937e-05
-1.1664e-06
1.47448e-06
-1.0075e-05
1.08217e-05
3.22129e-06
-5.65052e-06
2.03329e-05
6.65543e-06
5.40983e-06
3.24367e-05
1.46979e-05
2.17536e-05
4.80499e-05
2.68012e-05
3.33355e-05
5.76325e-05
3.14554e-05
2.44318e-05
3.83725e-05
1.62495e-05
-2.2802e-05
-7.15048e-05
-1.01543e-05
-0.000146659
-0.000362301
-3.39362e-05
-0.000369627
-0.000723742
-4.00998e-05
-0.000506029
-0.000828555
-2.6867e-05
-0.000417701
-0.000751868
-1.9493e-06
-0.000228101
-0.000655242
1.88064e-05
-3.10703e-05
-0.000569045
3.86475e-05
0.00017402
-0.000492066
6.02724e-05
0.000388528
-0.000420065
8.40911e-05
0.000613257
-0.000348021
1.79958e-05
-4.33308e-05
1.18521e-05
-4.59549e-06
-3.51071e-05
4.99816e-06
-7.41594e-06
-1.56685e-05
1.9605e-06
-8.5359e-06
2.08108e-06
1.95377e-06
-7.82474e-06
1.67815e-05
3.547e-06
-3.31021e-06
2.86897e-05
9.77028e-06
7.37976e-06
3.89994e-05
2.64073e-05
2.14831e-05
4.34402e-05
4.98605e-05
2.68804e-05
3.05286e-05
5.49552e-05
6.0619e-06
-2.29231e-05
1.86667e-05
-6.28669e-05
-0.000192714
-4.03213e-05
-0.000229033
-0.000532869
-8.41042e-05
-0.000450505
-0.00077973
-7.87818e-05
-0.000488894
-0.000768653
-3.10209e-05
-0.00035045
-0.000667258
8.26362e-06
-0.000163992
-0.000572306
4.08203e-05
3.94286e-05
-0.000489937
7.41454e-05
0.000265741
-0.000417065
0.000113032
0.000517645
-0.000349942
0.000152599
0.000792834
-0.000285303
2.31654e-05
-4.19046e-05
1.50216e-05
-3.37544e-06
-3.38791e-05
6.54405e-06
-5.24328e-06
-1.39946e-05
2.81769e-06
-5.97809e-06
5.8333e-06
2.38005e-06
-5.25381e-06
2.33936e-05
4.24178e-06
-1.00693e-06
3.63258e-05
1.46412e-05
8.5803e-06
4.02032e-05
4.19922e-05
1.95212e-05
2.51314e-05
7.62869e-05
1.80653e-05
-1.87712e-05
7.21806e-05
-1.39737e-05
-0.00011208
2.35958e-06
-0.000106157
-0.000336303
-8.99209e-05
-0.000303955
-0.000652421
-0.000108635
-0.000478845
-0.00075738
-7.753e-05
-0.000467334
-0.000691711
-1.42616e-05
-0.000327131
-0.000581309
3.09301e-05
-0.00014856
-0.000487217
7.03189e-05
6.15134e-05
-0.000406652
0.000117239
0.000311238
-0.000336348
0.000170202
0.000600269
-0.000275123
0.000234457
0.000927344
-0.00022024
2.7246e-05
-4.1514e-05
1.71977e-05
-1.7894e-06
-3.33221e-05
7.61222e-06
-2.85156e-06
-1.23443e-05
3.46875e-06
-3.3946e-06
1.02751e-05
2.69127e-06
-2.71433e-06
3.10248e-05
5.18239e-06
1.10402e-06
4.35062e-05
2.09612e-05
8.82572e-06
3.59548e-05
6.05897e-05
1.61883e-05
-7.13411e-06
0.000102351
9.79464e-06
-8.71722e-05
7.78328e-05
-2.92239e-05
-0.000220932
-2.88767e-05
-0.000141173
-0.000468841
-0.000119498
-0.000347997
-0.000688668
-0.000110005
-0.000477377
-0.000711153
-4.71768e-05
-0.000461091
-0.000607405
1.47531e-05
-0.000336078
-0.000495067
5.65646e-05
-0.000165158
-0.000400875
0.000101183
5.30353e-05
-0.00032175
0.000155814
0.000322187
-0.000254461
0.000229825
0.000633499
-0.000207202
0.00030172
0.000986966
-0.000177327
2.95459e-05
-4.19905e-05
1.83008e-05
-2.28707e-07
-3.34038e-05
8.22007e-06
-6.98531e-07
-1.05907e-05
3.87139e-06
-1.12111e-06
1.57196e-05
2.6554e-06
-4.10868e-07
4.01503e-05
6.08674e-06
2.7376e-06
5.08846e-05
2.75778e-05
8.12967e-06
2.7193e-05
7.90793e-05
1.26713e-05
-4.96988e-05
0.000121602
6.26512e-06
-0.000165507
6.86342e-05
-3.31666e-05
-0.000334418
-5.3695e-05
-0.000159139
-0.00055627
-0.000105978
-0.000352693
-0.000679617
-7.61709e-05
-0.000464323
-0.000635759
-1.41114e-06
-0.000448667
-0.000514532
4.66763e-05
-0.000338867
-0.000403316
8.19507e-05
-0.000168625
-0.000313856
0.000126434
6.45816e-05
-0.000238728
0.000190972
0.000346826
-0.000182373
0.000259887
0.000646245
-0.000145344
0.000314136
0.000938762
-0.000110343
2.99508e-05
-4.31856e-05
1.83801e-05
9.86082e-07
-3.40617e-05
8.39864e-06
1.03909e-06
-8.49704e-06
3.86067e-06
9.37446e-07
2.26354e-05
2.19164e-06
1.93426e-06
5.14606e-05
6.51573e-06
4.32142e-06
5.91775e-05
3.20651e-05
7.20065e-06
1.61186e-05
9.30925e-05
1.16296e-05
-9.405e-05
0.00012584
1.24036e-05
-0.000236443
5.02152e-05
-2.4493e-05
-0.000421965
-4.71923e-05
-0.000156805
-0.000580788
-5.94692e-05
-0.000327407
-0.000610651
-9.58132e-06
-0.000422535
-0.000513244
5.04993e-05
-0.000407089
-0.000397916
7.92678e-05
-0.000304347
-0.000304367
0.000103274
-0.000115563
-0.000222884
0.000151851
0.000148499
-0.000152614
0.000218443
0.000457903
-9.7384e-05
0.000291084
0.000805745
-5.19944e-05
0.000324566
0.00107445
2.86793e-05
-4.49335e-05
1.74709e-05
2.11497e-06
-3.51087e-05
7.91582e-06
2.53926e-06
-5.67251e-06
3.17264e-06
2.71091e-06
3.17202e-05
8.67963e-07
3.87638e-06
6.55601e-05
5.66715e-06
4.98744e-06
7.02724e-05
3.20519e-05
5.54298e-06
7.1322e-06
9.76444e-05
9.81493e-06
-0.000123704
0.000113699
2.56676e-05
-0.000271933
3.90385e-05
-7.86125e-06
-0.000435019
-5.33848e-06
-0.000135769
-0.000514773
1.21203e-05
-0.000277565
-0.00046858
6.82088e-05
-0.000354563
-0.000364643
0.000100252
-0.000337279
-0.000280727
0.000104751
-0.000209935
-0.000205126
0.000127282
2.64228e-05
-0.000126925
0.000187651
0.000344843
-5.9468e-05
0.000270187
0.000731449
-1.46031e-05
0.000331076
0.00111347
2.58422e-05
-4.72382e-05
1.57397e-05
2.87035e-06
-3.64965e-05
7.02457e-06
3.73726e-06
-1.59303e-06
2.05537e-06
4.32557e-06
4.33245e-05
-9.15872e-07
5.93864e-06
8.19282e-05
3.66005e-06
6.45383e-06
8.54576e-05
3.12473e-05
6.31575e-06
3.17449e-06
9.6507e-05
1.0972e-05
-0.000134001
9.60565e-05
4.18455e-05
-0.000272958
5.21849e-05
1.18227e-05
-0.000397378
5.13516e-05
-0.000109533
-0.00041417
9.00321e-05
-0.000230156
-0.000327512
0.00013199
-0.000280705
-0.000239407
0.000129105
-0.000222266
-0.000180463
0.000123415
-2.63228e-05
-0.000105776
0.000164991
0.000300393
-3.47274e-05
0.000241986
0.000723936
7.22598e-06
0.000297772
0.00117812
2.18181e-05
-4.97437e-05
1.33474e-05
3.94584e-06
-3.82476e-05
5.84232e-06
5.62726e-06
4.49304e-06
9.81402e-07
6.8566e-06
5.78007e-05
-2.57114e-06
8.49479e-06
0.00010143
1.55501e-06
8.11305e-06
0.000109691
3.51622e-05
5.15492e-06
6.10432e-06
9.41197e-05
1.33157e-05
-0.0001358
8.16503e-05
6.47394e-05
-0.000268743
7.3583e-05
2.02344e-05
-0.000357834
0.000100475
-0.000102352
-0.000323325
0.000148355
-0.000188631
-0.00020092
0.000161905
-0.000158871
-0.000134214
0.000130934
-1.05362e-05
-7.06628e-05
0.000147903
0.000309946
2.88751e-06
0.000206137
0.000761739
3.29928e-05
0.00024402
0.00126042
1.62582e-05
-5.14341e-05
1.01198e-05
4.83393e-06
-4.01057e-05
4.95486e-06
8.87159e-06
1.31815e-05
1.09717e-06
1.09423e-05
7.58626e-05
-1.75136e-07
1.28327e-05
0.000126853
-4.28458e-06
1.05912e-05
0.000136797
3.61199e-05
-4.51583e-06
3.521e-06
8.44361e-05
3.66861e-05
-0.000149082
6.99957e-05
9.56931e-05
-0.000292005
8.47134e-05
6.47401e-06
-0.000339795
0.000115192
-0.000100814
-0.000218889
0.000158385
-6.5618e-05
-8.35068e-05
0.000134848
8.31065e-05
-2.81601e-05
0.000125993
0.000406117
3.34705e-05
0.000155554
0.000888721
4.64899e-05
0.000167069
0.00127505
9.30597e-06
-5.1537e-05
5.18568e-06
6.85283e-06
-2.81614e-05
3.95919e-06
1.17954e-05
2.01734e-05
3.22512e-06
1.70755e-05
8.42796e-05
1.63412e-06
1.8444e-05
0.000140339
-9.13478e-06
1.68814e-05
0.000139393
2.69136e-05
2.85089e-07
-5.61467e-06
4.50436e-05
6.8065e-05
-0.000156121
4.47578e-05
6.77067e-05
-0.000278178
4.65107e-05
-2.66653e-05
-0.000226725
8.26212e-05
-2.96477e-05
-8.74404e-05
8.78081e-05
0.000143146
1.45598e-05
8.16164e-05
0.000433002
6.12962e-05
8.50789e-05
0.000740255
4.95768e-05
8.0124e-05
0.00109697
0.000350336
6.98227e-05
0.000382777
9.10814e-05
0.000409145
0.000115114
0.000432155
0.000143594
-3.43201e-05
9.1477e-05
5.80905e-06
-2.33527e-05
0.000116702
2.64739e-06
-1.62477e-05
0.000140223
7.57772e-06
-1.20972e-05
0.000166485
1.85694e-05
-9.05306e-06
0.000193993
3.42714e-05
-7.87779e-05
-3.49277e-05
2.23096e-06
-5.39389e-05
-2.81715e-05
-2.73523e-05
-4.08733e-05
-1.45128e-05
-4.77527e-05
-3.48976e-05
3.90721e-06
-5.58286e-05
-3.0454e-05
2.79594e-05
-5.61625e-05
-2.638e-05
5.59124e-05
-5.22253e-05
-9.85083e-05
-2.56994e-06
-3.10194e-08
-8.90115e-05
-3.5876e-05
-2.24424e-05
-7.00495e-05
-4.70324e-05
-6.00456e-05
-6.07229e-05
-4.57979e-05
-9.11e-05
-5.79158e-05
-3.51894e-05
-0.0001084
-5.48632e-05
-1.76527e-05
-0.000117607
-4.96435e-05
4.1969e-06
-0.000124137
-2.23298e-05
4.04318e-05
-7.29327e-05
-7.43351e-05
2.3287e-05
-5.2121e-05
-8.75591e-05
-4.98097e-06
-6.67719e-05
-8.01061e-05
-2.55053e-05
-0.00010996
-7.8078e-05
-3.28725e-05
-0.000142424
-7.87895e-05
-2.87682e-05
-0.000163157
-7.6937e-05
-1.73939e-05
-0.000179436
-7.02358e-05
-4.22962e-06
-0.000195626
3.0654e-05
3.62977e-05
-0.000126794
-6.75334e-06
3.75798e-05
-0.000131075
-5.22973e-05
3.02814e-05
-0.000130011
-7.7222e-05
1.28993e-05
-0.000148197
-8.45631e-05
-2.23835e-06
-0.000181462
-9.09976e-05
-5.7758e-06
-0.000208839
-9.49401e-05
-1.80282e-06
-0.000231296
-9.26084e-05
2.7264e-06
-0.000253562
-8.2019e-05
1.70582e-06
-0.00027753
4.42169e-05
2.94181e-05
-0.000136103
2.89931e-05
3.22906e-05
-0.000170343
-5.76036e-06
3.33079e-05
-0.000197358
-4.63011e-05
3.20014e-05
-0.000215819
-7.70339e-05
2.92063e-05
-0.000240314
-9.40883e-05
2.81823e-05
-0.00026935
-0.00010354
2.98382e-05
-0.000296442
-0.000105321
2.72127e-05
-0.0003224
-9.74774e-05
1.40436e-05
-0.00034924
-7.94711e-05
-1.26092e-05
-0.00037588
4.29235e-05
2.24968e-05
-0.000115712
4.17686e-05
2.79114e-05
-0.000161268
1.92293e-05
3.14722e-05
-0.000216191
-2.0292e-05
3.50868e-05
-0.000269789
-6.28491e-05
4.2708e-05
-0.000310174
-9.4648e-05
5.29799e-05
-0.000347044
-0.000110065
5.76728e-05
-0.000385053
-0.000112642
4.8091e-05
-0.000419263
-0.000104465
1.87481e-05
-0.000447667
-8.65227e-05
-2.87995e-05
-0.000471283
-5.94506e-05
-8.85769e-05
-0.000487039
3.15095e-05
1.3374e-05
-8.205e-05
4.20779e-05
2.1561e-05
-0.000125346
3.29508e-05
3.00217e-05
-0.000180765
-3.15644e-06
3.80684e-05
-0.000254604
-5.50276e-05
4.69695e-05
-0.00033395
-0.000101521
5.95115e-05
-0.000402451
-0.000126516
6.60094e-05
-0.000465846
-0.00012774
4.85971e-05
-0.000526344
-0.000112324
-1.41151e-06
-0.000571074
-8.89471e-05
-7.73937e-05
-0.000593249
-6.0224e-05
-0.000161381
-0.000596793
-2.80404e-05
-0.000234682
-0.000582937
1.64006e-05
3.86815e-06
-4.67217e-05
3.09235e-05
1.18521e-05
-8.28445e-05
3.62136e-05
2.29839e-05
-0.000126284
1.42931e-05
3.66188e-05
-0.000185451
-3.94914e-05
4.8703e-05
-0.000266814
-0.000104024
5.57513e-05
-0.000354875
-0.000146898
5.54619e-05
-0.000440772
-0.000151594
3.55868e-05
-0.000533381
-0.000125281
-2.10852e-05
-0.000622729
-8.69143e-05
-0.000119378
-0.000684386
-5.32417e-05
-0.00023279
-0.000701495
-2.38994e-05
-0.000322651
-0.00067903
2.2794e-06
-0.000366074
-0.000633067
4.84175e-06
-3.82294e-06
-1.87934e-05
1.57828e-05
1.91193e-06
-4.45507e-05
2.75155e-05
1.17136e-05
-7.63623e-05
2.39813e-05
2.7258e-05
-0.00011398
-1.204e-05
4.56891e-05
-0.000166711
-7.87448e-05
5.76883e-05
-0.000241479
-0.000143384
5.52566e-05
-0.000327008
-0.000166617
3.50574e-05
-0.000415943
-0.000136727
-1.56641e-05
-0.000526591
-7.55789e-05
-0.000115375
-0.000656108
-2.47274e-05
-0.000252224
-0.000745964
2.42096e-07
-0.000369023
-0.000757055
1.27657e-05
-0.000418866
-0.000710375
2.19589e-05
-0.000402485
-0.000642906
-1.54299e-06
-8.73835e-06
-5.14015e-06
4.29139e-06
-5.7747e-06
-1.68528e-05
1.41581e-05
5.77665e-07
-3.77597e-05
2.06869e-05
1.29518e-05
-6.0927e-05
7.49295e-06
3.22648e-05
-8.57614e-05
-3.79666e-05
5.2022e-05
-0.000121531
-0.000105253
5.87484e-05
-0.000174064
-0.000153283
4.24892e-05
-0.000239664
-0.00014245
1.92046e-07
-0.000334628
-7.51037e-05
-8.21419e-05
-0.000496142
3.43913e-06
-0.000223137
-0.000690142
4.2677e-05
-0.000376956
-0.000791696
4.36152e-05
-0.000444228
-0.000779182
3.45824e-05
-0.000424356
-0.000709214
2.6958e-05
-0.000342199
-0.000631996
-4.39299e-06
-1.06583e-05
-6.92474e-06
-1.69967e-06
-1.02567e-05
-4.51627e-06
3.82772e-06
-7.37278e-06
-1.24259e-05
1.12798e-05
1.14437e-07
-2.60362e-05
1.19507e-05
1.49811e-05
-3.6905e-05
-7.85863e-06
3.63088e-05
-4.4475e-05
-5.37802e-05
5.43436e-05
-5.81375e-05
-0.00010823
5.39938e-05
-8.71929e-05
-0.000129529
2.53919e-05
-0.000145934
-8.82004e-05
-3.7873e-05
-0.000278892
-2.46147e-06
-0.000159569
-0.000521337
6.94669e-05
-0.000340792
-0.00076055
7.62672e-05
-0.000459318
-0.000822266
5.89918e-05
-0.000447422
-0.000772895
3.60002e-05
-0.000347505
-0.000690319
1.78626e-05
-0.000212466
-0.000611799
-5.29785e-06
-9.61007e-06
-2.08033e-05
-3.90933e-06
-1.15902e-05
-7.10992e-06
-1.42085e-06
-1.15293e-05
-2.44599e-06
3.22664e-06
-8.34386e-06
-5.61293e-06
7.74119e-06
4.04448e-07
-1.02985e-05
3.96617e-06
1.70403e-05
-7.51029e-06
-1.72669e-05
3.84352e-05
2.19363e-06
-5.55253e-05
5.28062e-05
7.52064e-06
-9.0765e-05
4.52338e-05
-9.83403e-06
-8.80132e-05
4.71237e-06
-8.84625e-05
-2.99996e-05
-8.61042e-05
-0.000295524
5.28806e-05
-0.000258378
-0.000619874
9.26521e-05
-0.000448224
-0.00082768
7.77498e-05
-0.000477176
-0.000826931
4.78655e-05
-0.000372559
-0.000746205
2.42745e-05
-0.000219671
-0.000661335
2.66329e-06
-5.21023e-05
-0.00058405
-3.74167e-06
-5.68618e-06
-4.15043e-05
-3.64444e-06
-1.00499e-05
-2.08011e-05
-2.9621e-06
-1.2309e-05
-6.27396e-06
-9.15848e-07
-1.22687e-05
9.90522e-07
2.5482e-06
-8.55618e-06
3.0787e-06
4.60637e-06
1.38043e-06
7.60517e-06
-8.31004e-07
1.90185e-05
2.2719e-05
-1.8399e-05
3.89574e-05
4.54068e-05
-4.46231e-05
4.8205e-05
6.01293e-05
-6.22112e-05
3.22996e-05
3.4896e-05
-4.53637e-05
-2.47188e-05
-9.57814e-05
1.25194e-05
-0.000156662
-0.000398855
7.12826e-05
-0.000373022
-0.000749587
7.48407e-05
-0.000501684
-0.000856891
5.1136e-05
-0.000423443
-0.000796496
2.9202e-05
-0.000256576
-0.000706366
1.04489e-05
-7.63074e-05
-0.000622216
-7.3775e-06
0.000104518
-0.000544809
9.08159e-07
-4.97263e-05
-2.61089e-07
-5.83349e-06
-4.02744e-05
-1.57236e-06
-1.02956e-05
-1.9968e-05
-1.75847e-06
-1.25733e-05
-4.49298e-06
-3.60891e-07
-1.23239e-05
5.54306e-06
1.96967e-06
-8.04683e-06
1.29053e-05
2.78718e-06
2.94504e-06
2.54836e-05
-1.18455e-06
2.0732e-05
4.90478e-05
-1.1514e-05
3.77887e-05
7.69557e-05
-2.56553e-05
4.03167e-05
8.76802e-05
-3.27365e-05
1.30522e-05
3.1869e-05
-1.53181e-05
-7.04196e-05
-0.000179411
2.58687e-05
-0.000255123
-0.000561242
4.78101e-05
-0.000473224
-0.00083829
3.41662e-05
-0.000482603
-0.000836472
2.23174e-05
-0.000319815
-0.000744487
1.37584e-05
-0.000126645
-0.00065366
5.58723e-06
6.4886e-05
-0.000570748
-1.30537e-06
0.00025055
-0.000491721
0.000452896
0.000174159
0.000221621
-7.03539e-06
5.29799e-05
8.43675e-05
-2.19104e-05
-4.65303e-05
2.58527e-05
-4.18917e-05
-0.000130439
4.89946e-06
-5.8107e-05
-0.000212414
-9.48298e-06
-6.38544e-05
-0.000300548
-5.17834e-05
-5.37033e-05
-0.000396272
-0.000149822
-2.83115e-05
-0.000488362
-0.00028182
1.47327e-06
-0.000552116
-0.000360899
2.12755e-05
-0.000575694
-0.000337432
2.58431e-05
-0.000572978
-0.000224305
1.63538e-05
-0.000559748
-5.63667e-05
-2.68567e-06
-0.000540934
0.000123187
-2.08939e-05
-0.000513501
0.000282889
-2.58195e-05
-0.000470426
0.000430526
-8.33675e-06
-0.000411773
6.0796e-06
-4.72019e-05
3.72977e-06
-5.85031e-06
-3.84404e-05
7.59613e-07
-1.01398e-05
-1.85248e-05
-4.99825e-07
-1.21879e-05
-1.98497e-06
1.17849e-07
-1.16565e-05
1.08819e-05
1.6172e-06
-6.79107e-06
2.3007e-05
2.75331e-06
4.90253e-06
4.10519e-05
3.11808e-06
2.19194e-05
6.71329e-05
1.90308e-06
3.47813e-05
9.06189e-05
-3.6047e-06
2.85745e-05
8.26909e-05
-1.09158e-05
-1.58794e-05
-2.59309e-05
-7.09051e-06
-0.000140273
-0.000330238
3.44837e-06
-0.000369711
-0.00072105
-3.6086e-07
-0.000511082
-0.000848347
-2.37164e-06
-0.000402298
-0.000772896
4.57656e-06
-0.000198247
-0.000676145
1.13422e-05
7.31802e-06
-0.000588097
1.82609e-05
0.000209997
-0.00050719
2.60461e-05
0.000409843
-0.000428487
3.41797e-05
0.000609828
-0.000346715
1.18955e-05
-4.47073e-05
7.98659e-06
-5.55911e-06
-3.64744e-05
3.12592e-06
-9.35923e-06
-1.68192e-05
6.73282e-07
-1.09957e-05
9.86597e-07
5.12103e-07
-1.01457e-05
1.67052e-05
1.60324e-06
-4.86917e-06
3.25088e-05
4.71503e-06
6.91108e-06
5.22895e-05
1.18384e-05
2.22063e-05
7.37065e-05
2.01688e-05
2.94426e-05
8.22749e-05
1.73067e-05
1.1283e-05
4.18971e-05
-3.15313e-06
-5.83722e-05
-0.000138006
-2.59181e-05
-0.00023339
-0.000512973
-4.7595e-05
-0.000463013
-0.000803292
-4.99529e-05
-0.000479344
-0.000795756
-2.2066e-05
-0.000296477
-0.000692454
4.74134e-06
-8.47279e-05
-0.000598066
2.80139e-05
0.000132147
-0.000514369
5.12958e-05
0.000356855
-0.000437549
7.67776e-05
0.000591591
-0.000362153
9.95635e-05
0.000835133
-0.000283445
1.79207e-05
-4.2722e-05
1.21174e-05
-4.77882e-06
-3.48896e-05
5.26128e-06
-7.7964e-06
-1.51798e-05
1.67136e-06
-8.92113e-06
4.2676e-06
8.35216e-07
-7.83443e-06
2.27968e-05
2.0421e-06
-2.53406e-06
4.07572e-05
8.70064e-06
8.62191e-06
5.7756e-05
2.47051e-05
2.1172e-05
6.63937e-05
4.19947e-05
2.09917e-05
4.98502e-05
3.28767e-05
-1.20608e-05
-3.44637e-05
-1.51516e-05
-0.000114233
-0.000290037
-7.42545e-05
-0.000332051
-0.000667016
-9.28957e-05
-0.00049521
-0.00078917
-6.69754e-05
-0.000419359
-0.000710304
-1.75731e-05
-0.000222269
-0.000605671
2.38639e-05
-1.14276e-05
-0.000514384
6.07503e-05
0.000220159
-0.000434789
0.00010187
0.000478427
-0.000362484
0.000143874
0.000762586
-0.000293373
0.000187379
0.00107433
-0.000218752
2.34444e-05
-4.15187e-05
1.5581e-05
-3.56185e-06
-3.39954e-05
6.91402e-06
-5.59356e-06
-1.3737e-05
2.40643e-06
-6.31454e-06
7.89903e-06
1.09094e-06
-5.23862e-06
2.91725e-05
2.92701e-06
-3.10164e-07
4.7424e-05
1.46539e-05
9.52134e-06
5.64642e-05
4.16699e-05
1.83791e-05
4.36942e-05
6.56658e-05
9.9672e-06
-6.07404e-06
3.8198e-05
-3.84064e-05
-0.000140234
-4.97885e-05
-0.000173337
-0.000446038
-0.000127274
-0.000404245
-0.000719265
-0.000118556
-0.000483691
-0.000732478
-5.40969e-05
-0.00038717
-0.00062475
6.30569e-06
-0.000203512
-0.000517905
5.33213e-05
5.23041e-06
-0.00042769
0.000102213
0.000253391
-0.000349838
0.000156595
0.000545357
-0.000282223
0.000224704
0.000879407
-0.000222073
0.000284033
0.00126922
-0.000165485
2.77098e-05
-4.15082e-05
1.79186e-05
-1.97431e-06
-3.38704e-05
7.98205e-06
-3.13037e-06
-1.24281e-05
2.90482e-06
-3.60179e-06
1.20713e-05
1.18766e-06
-2.64843e-06
3.61942e-05
4.13673e-06
1.57563e-06
5.2656e-05
2.23041e-05
9.34493e-06
4.80248e-05
6.17705e-05
1.44251e-05
5.49933e-06
8.68384e-05
6.39236e-08
-8.17445e-05
2.80213e-05
-5.92879e-05
-0.000262241
-9.39629e-05
-0.000219119
-0.000557476
-0.000137382
-0.000424661
-0.000709992
-0.000105846
-0.000480153
-0.000662415
-1.94219e-05
-0.000385649
-0.000539816
3.72704e-05
-0.000220945
-0.000429869
8.60489e-05
-1.14275e-05
-0.000340509
0.000139485
0.000252882
-0.0002655
0.000214903
0.000567097
-0.000211998
0.000289054
0.000927654
-0.000177066
0.000439367
0.00154715
-0.000253427
3.00789e-05
-4.23894e-05
1.90151e-05
-3.64686e-07
-3.44276e-05
8.52563e-06
-8.61862e-07
-1.10353e-05
3.13519e-06
-1.17492e-06
1.71522e-05
9.98646e-07
-3.28265e-07
4.43556e-05
5.31762e-06
2.91121e-06
5.7249e-05
3.03277e-05
7.99873e-06
3.35552e-05
8.18404e-05
1.08426e-05
-4.30704e-05
9.84077e-05
-3.19847e-06
-0.000168087
6.53949e-06
-6.97782e-05
-0.000380138
-0.000109794
-0.00023888
-0.000607502
-0.000114754
-0.000417384
-0.000671276
-5.06653e-05
-0.000465794
-0.000577543
2.35142e-05
-0.000380499
-0.000445908
7.14366e-05
-0.000224597
-0.000339511
0.000113392
-3.97996e-06
-0.000255415
0.000174743
0.000276914
-0.000191714
0.000244641
0.000586478
-0.000148811
0.000300852
0.000894496
-0.000110853
0.000238584
0.000904804
3.03882e-05
-4.39521e-05
1.89894e-05
8.94164e-07
-3.54907e-05
8.56804e-06
9.57878e-07
-9.22745e-06
3.00986e-06
9.90953e-07
2.36837e-05
3.15102e-07
2.00037e-06
5.42778e-05
5.97421e-06
3.99372e-06
6.20238e-05
3.64183e-05
7.08921e-06
1.62446e-05
9.48145e-05
1.0997e-05
-8.98619e-05
9.28569e-05
4.97109e-06
-0.000245114
-1.23643e-05
-6.64706e-05
-0.000460928
-8.00781e-05
-0.000234029
-0.000599442
-5.85893e-05
-0.000385113
-0.000577362
1.62115e-05
-0.000418041
-0.000450288
7.43293e-05
-0.000341186
-0.000335152
0.000100983
-0.000172926
-0.000243239
0.000140126
8.02209e-05
-0.000167455
0.000203031
0.000396079
-0.000106176
0.000276049
0.000758344
-5.58521e-05
0.000310678
0.00104285
2.89382e-05
-4.59592e-05
1.79122e-05
1.99449e-06
-3.67922e-05
8.01322e-06
2.5003e-06
-6.50835e-06
2.19102e-06
2.88374e-06
3.25183e-05
-1.07302e-06
3.94414e-06
6.67022e-05
5.10785e-06
4.25322e-06
7.00595e-05
3.82765e-05
5.21436e-06
4.65416e-06
9.671e-05
1.33499e-05
-0.000111641
7.28033e-05
1.9972e-05
-0.000276564
-6.68578e-06
-5.675e-05
-0.000455195
-1.92998e-05
-0.00021259
-0.000509105
2.32634e-05
-0.000333333
-0.00042304
9.23018e-05
-0.000353762
-0.000308472
0.000116266
-0.000254277
-0.000223549
0.000126912
-3.80042e-05
-0.000144202
0.00017533
0.000280179
-7.26078e-05
0.00025461
0.000680487
-2.11373e-05
0.000316684
0.00107994
2.58732e-05
-4.84671e-05
1.60932e-05
2.64645e-06
-3.82063e-05
7.03422e-06
3.77754e-06
-2.29439e-06
1.22313e-06
4.77473e-06
4.4187e-05
-2.43912e-06
6.34887e-06
8.18412e-05
3.4173e-06
5.6456e-06
8.42084e-05
3.89652e-05
5.3998e-06
4.88878e-06
8.99262e-05
1.81474e-05
-0.000106163
5.69014e-05
3.5723e-05
-0.000272156
2.8515e-05
-5.45395e-05
-0.00040733
4.78212e-05
-0.000200812
-0.000390874
0.000106831
-0.000292184
-0.000274516
0.000148202
-0.000257389
-0.000190587
0.000137138
-8.9204e-05
-0.000123793
0.000160549
0.000232173
-5.02107e-05
0.000228763
0.000668768
-2.19332e-06
0.000281522
0.00114784
2.1726e-05
-5.1307e-05
1.35286e-05
3.57768e-06
-3.96596e-05
5.93697e-06
5.89418e-06
4.41694e-06
1.57568e-07
7.52581e-06
5.96497e-05
-2.33493e-06
8.63529e-06
0.000103007
-1.4064e-06
5.4462e-06
0.000106466
3.92281e-05
-1.98137e-06
1.82405e-05
7.97112e-05
2.46338e-05
-9.10238e-05
4.91745e-05
3.90639e-05
-0.000266795
6.18591e-05
-8.55927e-05
-0.000351765
9.99522e-05
-0.000226734
-0.000270002
0.000166638
-0.000223001
-0.000145054
0.000157116
-8.26163e-05
-8.44104e-05
0.000150284
0.000231658
-1.66743e-05
0.000197441
0.000699909
2.28237e-05
0.000233576
0.0012269
1.61255e-05
-5.34548e-05
1.01329e-05
4.55947e-06
-4.07909e-05
4.82249e-06
9.06689e-06
1.41403e-05
8.5037e-07
1.12798e-05
7.97328e-05
-7.72433e-07
9.4675e-06
0.000130326
-8.32003e-06
3.48169e-06
0.000127938
3.62781e-05
-9.05644e-06
3.9837e-05
5.77278e-05
3.80778e-05
-0.000104199
4.75715e-05
6.01983e-06
-0.000294383
7.19329e-05
-0.000166527
-0.000299518
0.00013508
-0.000203608
-0.000133379
0.00015078
-2.37056e-05
-3.96759e-05
0.000137435
0.00030515
1.69791e-05
0.00015182
0.000817166
3.8276e-05
0.000158135
0.00124352
9.34304e-06
-5.40561e-05
4.90227e-06
6.96217e-06
-2.82653e-05
3.89416e-06
1.17161e-05
2.16144e-05
1.32516e-06
1.5475e-05
8.58888e-05
-5.68848e-07
1.60884e-05
0.00014166
-4.81047e-06
1.27712e-05
0.000131685
1.84881e-05
4.32108e-06
3.95775e-05
2.06427e-05
3.11402e-05
-0.000140218
3.48285e-05
-8.24076e-05
-0.00025725
5.25979e-05
-0.000166158
-0.000142814
8.4691e-05
-7.50273e-06
-2.15248e-05
8.62594e-05
0.000313512
4.77836e-05
7.9098e-05
0.000681504
4.09435e-05
7.80785e-05
0.00106846
0.000311318
5.86285e-05
0.000354615
7.4619e-05
0.00038738
9.65876e-05
0.000414424
0.000120738
0.000438011
0.000149417
-5.30832e-05
6.53464e-05
1.72033e-05
-3.47797e-05
9.51993e-05
8.13211e-06
-2.40048e-05
0.000120229
5.7557e-06
-1.71746e-05
0.000144405
1.19206e-05
-1.30354e-05
0.000171538
2.35924e-05
-1.00334e-05
0.000199973
3.95614e-05
-0.000112421
-2.31243e-05
1.81286e-05
-7.838e-05
-3.64606e-05
-1.36703e-07
-5.44649e-05
-2.84751e-05
-2.89963e-05
-4.21991e-05
-1.47541e-05
-4.76345e-05
-3.66174e-05
4.7105e-06
-5.38924e-05
-3.22397e-05
3.02597e-05
-5.3146e-05
-2.78707e-05
5.94179e-05
-4.90605e-05
-6.75055e-05
2.98312e-05
-1.13771e-05
-0.000105104
-8.90269e-06
3.73457e-06
-8.97834e-05
-4.08534e-05
-2.64212e-05
-7.08171e-05
-5.11525e-05
-6.40002e-05
-6.29126e-05
-4.87135e-05
-9.27579e-05
-6.06262e-05
-3.63567e-05
-0.000107872
-5.73026e-05
-1.69432e-05
-0.000116115
-5.14099e-05
5.83332e-06
-0.000122956
2.12626e-05
3.98656e-05
-7.72581e-05
-3.35771e-05
3.99113e-05
-6.27636e-05
-8.39368e-05
1.95672e-05
-4.50535e-05
-9.00487e-05
-1.05304e-05
-6.89424e-05
-8.25165e-05
-3.05726e-05
-0.000114323
-8.15144e-05
-3.5771e-05
-0.000144918
-8.22808e-05
-2.92605e-05
-0.000163963
-7.96149e-05
-1.68059e-05
-0.000179866
-7.12617e-05
-4.4809e-06
-0.000197017
3.99894e-05
3.16783e-05
-0.00010148
2.39626e-05
3.63117e-05
-0.000120532
-1.7174e-05
3.74745e-05
-0.000126886
-6.23745e-05
2.8391e-05
-0.000129453
-8.29443e-05
9.2025e-06
-0.000153744
-8.93937e-05
-4.27027e-06
-0.000187677
-9.55111e-05
-5.17318e-06
-0.000213511
-9.8261e-05
-6.83839e-07
-0.000234961
-9.38515e-05
1.87727e-06
-0.000257374
-8.06988e-05
-3.71598e-06
-0.000282084
3.89191e-05
2.4388e-05
-9.30067e-05
3.82219e-05
2.93444e-05
-0.000129652
1.91867e-05
3.20473e-05
-0.000169077
-1.8067e-05
3.31477e-05
-0.000200759
-5.8473e-05
3.22037e-05
-0.000223215
-8.63227e-05
3.06422e-05
-0.000251116
-0.000100349
3.14577e-05
-0.0002807
-0.000107156
3.21533e-05
-0.000306884
-0.000105913
2.47975e-05
-0.000331722
-9.4965e-05
4.2707e-06
-0.000357694
-7.37424e-05
-3.06998e-05
-0.000382689
2.953e-05
1.58609e-05
-6.80521e-05
3.90062e-05
2.2882e-05
-0.000107658
3.26102e-05
2.81198e-05
-0.000157617
4.89545e-06
3.17053e-05
-0.000220898
-3.70836e-05
3.65104e-05
-0.000281563
-7.90694e-05
4.68435e-05
-0.00032651
-0.000105664
5.7862e-05
-0.000368102
-0.000115117
5.82478e-05
-0.00040785
-0.000112029
3.88539e-05
-0.000439682
-9.99332e-05
-2.38723e-06
-0.000463112
-7.87012e-05
-6.0209e-05
-0.000481193
-4.93279e-05
-0.000126077
-0.000489516
1.61455e-05
6.47612e-06
-3.82651e-05
2.97458e-05
1.40478e-05
-7.3412e-05
3.60183e-05
2.24718e-05
-0.000117647
1.93635e-05
3.11096e-05
-0.000178917
-2.38342e-05
3.92922e-05
-0.000262619
-7.82027e-05
4.94187e-05
-0.000349705
-0.00012055
6.22801e-05
-0.00042509
-0.000135768
6.20204e-05
-0.000495113
-0.00012668
2.97359e-05
-0.00055611
-0.00010459
-3.77099e-05
-0.000593101
-7.87771e-05
-0.00012512
-0.000603995
-4.86927e-05
-0.000210898
-0.000595803
-1.6815e-05
-0.000275388
-0.000570295
5.15294e-06
-1.41945e-06
-1.36187e-05
1.55919e-05
4.48985e-06
-3.92272e-05
2.79765e-05
1.29273e-05
-7.33017e-05
2.71143e-05
2.46873e-05
-0.000117531
-4.43153e-06
3.83325e-05
-0.000182728
-6.61379e-05
4.91797e-05
-0.000272881
-0.000129557
5.41183e-05
-0.000367383
-0.000160464
4.89713e-05
-0.000460331
-0.000148194
1.72401e-05
-0.000560259
-0.000108656
-5.95808e-05
-0.00064947
-6.83166e-05
-0.000174301
-0.000699306
-3.83082e-05
-0.000287362
-0.000698253
-1.21015e-05
-0.000360118
-0.00066014
1.03622e-05
-0.000378343
-0.000604047
-1.2745e-06
-6.77766e-06
-1.76069e-06
4.20654e-06
-3.33605e-06
-1.35197e-05
1.44787e-05
2.75277e-06
-3.59686e-05
2.28914e-05
1.33901e-05
-6.47508e-05
1.16853e-05
2.95859e-05
-0.000102113
-3.46271e-05
4.68044e-05
-0.000159203
-0.000106611
5.46928e-05
-0.000239587
-0.000162844
4.64941e-05
-0.00032891
-0.000164525
1.74305e-05
-0.000426987
-0.000110463
-5.02029e-05
-0.000556429
-4.19866e-05
-0.000171436
-0.000691495
-1.01951e-06
-0.00031373
-0.000757585
1.30501e-05
-0.000405359
-0.000740018
1.92436e-05
-0.000420595
-0.000676946
2.35679e-05
-0.00037303
-0.000603937
-4.71642e-06
-9.31631e-06
-4.88665e-06
-2.01531e-06
-8.36792e-06
-2.28368e-06
3.5544e-06
-5.22532e-06
-1.08336e-05
1.20582e-05
1.72478e-06
-2.73684e-05
1.42834e-05
1.50708e-05
-4.6116e-05
-6.891e-06
3.44976e-05
-6.92467e-05
-6.06816e-05
5.14496e-05
-0.000107365
-0.000127771
5.18078e-05
-0.00016387
-0.000158835
2.73491e-05
-0.00023754
-0.000120039
-2.67584e-05
-0.0003582
-3.34939e-05
-0.000132708
-0.000555566
4.08933e-05
-0.000295874
-0.000742677
5.75674e-05
-0.000424072
-0.000793178
4.71508e-05
-0.000444609
-0.000747109
3.27789e-05
-0.00038125
-0.00066696
2.05284e-05
-0.000269771
-0.000589211
-6.94913e-06
-8.8976e-06
-2.00441e-05
-4.76812e-06
-1.0426e-05
-5.94948e-06
-2.16225e-06
-9.99479e-06
-1.20555e-06
2.84834e-06
-6.72878e-06
-5.25979e-06
8.34779e-06
1.53477e-06
-1.32517e-05
4.37412e-06
1.72489e-05
-1.83015e-05
-2.23204e-05
3.7827e-05
-2.29454e-05
-7.31359e-05
5.16122e-05
-3.81785e-05
-0.000121868
4.35011e-05
-7.42273e-05
-0.000121942
4.70438e-06
-0.00015461
-5.38829e-05
-7.74868e-05
-0.000337121
4.34179e-05
-0.000233628
-0.000619068
9.35026e-05
-0.000417088
-0.000803658
8.07759e-05
-0.000466591
-0.000806146
5.19402e-05
-0.00039593
-0.000728563
2.69928e-05
-0.000261483
-0.000644035
3.85341e-06
-0.000102252
-0.000567117
-7.65181e-06
-5.42176e-06
-4.21529e-05
-5.76886e-06
-9.52239e-06
-2.07996e-05
-4.22731e-06
-1.15566e-05
-5.87054e-06
-1.92913e-06
-1.1345e-05
1.51547e-06
1.94132e-06
-7.62116e-06
2.9645e-06
4.20876e-06
2.02683e-06
5.05993e-06
-3.82159e-06
1.92473e-05
1.46219e-05
-3.01159e-05
3.90278e-05
2.765e-05
-6.99814e-05
4.81344e-05
2.99457e-05
-9.64044e-05
3.17689e-05
-2.72647e-06
-7.19687e-05
-2.32472e-05
-0.000124744
8.41497e-06
-0.000146368
-0.000403461
8.99528e-05
-0.000352359
-0.000734441
9.73808e-05
-0.000486953
-0.000840469
6.88158e-05
-0.000430918
-0.000786271
3.71246e-05
-0.000277191
-0.000696622
1.06525e-05
-0.000100866
-0.000612786
-1.59459e-05
8.4426e-05
-0.000536731
-4.9824e-06
-5.1641e-05
-4.61039e-06
-5.69383e-06
-4.15588e-05
-4.03087e-06
-1.01393e-05
-2.0565e-05
-3.24599e-06
-1.24513e-05
-4.65713e-06
-1.52809e-06
-1.2172e-05
5.7203e-06
9.82924e-07
-7.82816e-06
1.32204e-05
8.56091e-07
3.11049e-06
2.53941e-05
-8.00578e-06
2.08724e-05
4.75807e-05
-2.89549e-05
3.82322e-05
7.27824e-05
-5.49718e-05
4.14113e-05
8.03012e-05
-6.31991e-05
1.49562e-05
2.56522e-05
-2.6957e-05
-6.5323e-05
-0.000175514
4.49035e-05
-0.000243462
-0.000547484
8.67886e-05
-0.000462413
-0.000827868
6.84652e-05
-0.000480846
-0.000833811
4.01358e-05
-0.000326475
-0.000744432
1.76801e-05
-0.000133269
-0.000653337
-3.76646e-06
6.18549e-05
-0.000570208
-2.47264e-05
0.000253043
-0.00049155
-2.75569e-07
-4.92456e-05
-8.96854e-07
-5.9476e-06
-4.00435e-05
-1.80757e-06
-1.05548e-05
-1.94718e-05
-2.02717e-06
-1.28612e-05
-2.48201e-06
-1.14329e-06
-1.23508e-05
1.10548e-05
1.64554e-07
-7.27327e-06
2.45247e-05
-8.38611e-07
4.64071e-06
4.51187e-05
-7.34733e-06
2.1924e-05
7.53349e-05
-2.01869e-05
3.55937e-05
0.000103731
-3.4291e-05
3.117e-05
0.000100214
-3.38191e-05
-1.0697e-05
-4.98375e-06
-1.16203e-06
-0.000132031
-0.000308467
4.28269e-05
-0.00036176
-0.000712119
4.52156e-05
-0.000510979
-0.000855519
2.67639e-05
-0.000400445
-0.000784996
1.56049e-05
-0.000194227
-0.000687944
5.88041e-06
1.46924e-05
-0.000598012
-2.89126e-06
0.000215045
-0.000514099
-1.10266e-05
0.000406476
-0.000430606
0.000459344
0.000179586
0.000227794
-7.75122e-06
5.78356e-05
8.81356e-05
-2.30242e-05
-4.39451e-05
2.67376e-05
-4.25456e-05
-0.000130271
1.55536e-06
-5.74619e-05
-0.000214812
-2.11729e-05
-6.00627e-05
-0.000304783
-7.71921e-05
-4.59532e-05
-0.000398838
-0.0001865
-1.80665e-05
-0.000481664
-0.000305989
9.68025e-06
-0.000529678
-0.000347629
2.39091e-05
-0.00054127
-0.000281249
2.09964e-05
-0.000533363
-0.000126678
2.3246e-06
-0.000518466
7.50624e-05
-2.41637e-05
-0.000498236
0.000274655
-4.57887e-05
-0.000465621
0.000439006
-4.70762e-05
-0.000412711
0.000593481
-1.95729e-05
-0.00034295
5.30113e-06
-4.64985e-05
3.43032e-06
-6.05177e-06
-3.80197e-05
7.20199e-07
-1.05097e-05
-1.78501e-05
-7.68059e-07
-1.25859e-05
3.31631e-07
-8.25e-07
-1.16885e-05
1.70631e-05
-3.17824e-07
-5.932e-06
3.57132e-05
-4.48593e-07
6.43217e-06
6.16561e-05
-1.97579e-06
2.23492e-05
9.33367e-05
-6.04559e-06
3.10167e-05
0.000114353
-1.38645e-05
1.59586e-05
8.19864e-05
-1.71674e-05
-5.13811e-05
-0.000100844
-3.47105e-06
-0.000228351
-0.000494081
2.27942e-06
-0.000466691
-0.000815346
-1.03252e-05
-0.000474962
-0.000815331
-4.7961e-06
-0.00027497
-0.000713454
4.29799e-06
-5.10422e-05
-0.000617348
1.21916e-05
0.000167828
-0.000530112
2.02563e-05
0.000380621
-0.000446936
2.90454e-05
0.000591261
-0.000362195
3.48793e-05
0.000800685
-0.000271825
1.15875e-05
-4.39734e-05
8.08092e-06
-5.77388e-06
-3.60712e-05
3.28481e-06
-9.78522e-06
-1.61064e-05
3.77446e-07
-1.14117e-05
3.49147e-06
-6.01153e-07
-1.00986e-05
2.33173e-05
-3.02764e-07
-3.97214e-06
4.56891e-05
2.14608e-06
8.21475e-06
7.27894e-05
7.55071e-06
2.1879e-05
9.83818e-05
1.12181e-05
2.37193e-05
0.000100575
1.40998e-06
-6.86186e-06
2.18148e-05
-1.98495e-05
-0.000112402
-0.000254334
-3.92757e-05
-0.000341548
-0.000669448
-5.56478e-05
-0.000501781
-0.000818125
-4.42853e-05
-0.000381204
-0.00073373
-1.40524e-05
-0.000150297
-0.000630411
1.4871e-05
8.16822e-05
-0.000538613
4.08979e-05
0.000318372
-0.000456039
6.87412e-05
0.000563613
-0.000376449
9.35449e-05
0.000818024
-0.000294723
0.000113836
0.0010857
-0.000203876
1.80523e-05
-4.21488e-05
1.25652e-05
-5.01687e-06
-3.47024e-05
5.56694e-06
-8.23252e-06
-1.45758e-05
1.27574e-06
-9.31016e-06
6.81778e-06
-4.42671e-07
-7.74615e-06
2.94886e-05
2.86647e-07
-1.66471e-06
5.36368e-05
6.96729e-06
9.67144e-06
7.68966e-05
2.10745e-05
1.99793e-05
8.79578e-05
3.02238e-05
1.26901e-05
6.0495e-05
6.93297e-06
-3.87503e-05
-7.87216e-05
-4.83858e-05
-0.000189784
-0.000433741
-0.000102053
-0.00043293
-0.00075454
-0.000101223
-0.000472584
-0.00075329
-5.05568e-05
-0.000291553
-0.000644564
8.00817e-07
-6.92392e-05
-0.000542354
4.45688e-05
0.000168975
-0.00045445
8.86529e-05
0.000433036
-0.000375844
0.000133606
0.000724655
-0.000301572
0.000181547
0.0010475
-0.000223398
0.000215368
0.00140273
-0.000134845
2.38523e-05
-4.1263e-05
1.62691e-05
-3.83045e-06
-3.41603e-05
7.25446e-06
-6.01509e-06
-1.3365e-05
1.85333e-06
-6.66657e-06
1.03212e-05
-3.82333e-07
-5.14732e-06
3.55272e-05
1.42752e-06
4.51905e-07
5.91525e-05
1.39457e-05
1.02515e-05
7.29024e-05
3.86711e-05
1.61168e-05
6.05981e-05
4.85675e-05
-1.58194e-06
-4.67458e-06
-3.85889e-06
-7.4102e-05
-0.000207629
-0.000102257
-0.000264719
-0.000577298
-0.000138095
-0.00046323
-0.000739026
-0.000107418
-0.000440818
-0.000677261
-2.86804e-05
-0.000262781
-0.000556218
3.06365e-05
-5.30791e-05
-0.000452959
8.52982e-05
0.000192378
-0.000365927
0.00014101
0.000484878
-0.000290889
0.000213077
0.000823618
-0.000224616
0.000275764
0.0012234
-0.000162969
0.000307018
0.00141257
2.82263e-05
-4.16705e-05
1.86554e-05
-2.17071e-06
-3.45233e-05
8.28337e-06
-3.45989e-06
-1.23851e-05
2.14465e-06
-3.82543e-06
1.4181e-05
-4.82489e-07
-2.5447e-06
4.17443e-05
2.96857e-06
2.15427e-06
6.21441e-05
2.28669e-05
9.71394e-06
6.0148e-05
5.9305e-05
1.13737e-05
1.66769e-05
6.1379e-05
-1.3735e-05
-9.03148e-05
-3.14733e-05
-0.000104744
-0.000338639
-0.000145923
-0.00031037
-0.000635658
-0.000143329
-0.000461901
-0.000699673
-6.9553e-05
-0.000432972
-0.000596199
7.35146e-06
-0.000275347
-0.000469245
6.7973e-05
-7.39071e-05
-0.000363923
0.000122275
0.000182373
-0.000278886
0.000198364
0.000496456
-0.000218486
0.000273643
0.000863645
-0.000177
0.000423118
0.00149271
-0.000244908
0.00057717
3.05554e-05
-4.29633e-05
1.97186e-05
-5.68225e-07
-3.5505e-05
8.70022e-06
-1.09049e-06
-1.13099e-05
2.1965e-06
-1.27067e-06
1.88512e-05
-8.93896e-07
-2.36035e-07
4.86576e-05
4.55896e-06
3.04664e-06
6.35629e-05
3.2525e-05
8.07772e-06
4.01637e-05
7.81762e-05
7.8449e-06
-3.75305e-05
6.12524e-05
-1.84968e-05
-0.000187811
-6.14126e-05
-0.000122408
-0.000447593
-0.000140876
-0.000322665
-0.000641438
-0.000109186
-0.00044618
-0.000640292
-1.92912e-05
-0.000416811
-0.000505719
5.38432e-05
-0.000274061
-0.000375953
0.000101047
-6.73196e-05
-0.000276237
0.00015901
0.000206326
-0.000203715
0.0002276
0.000523845
-0.000153657
0.000287499
0.000845944
-0.000111716
0.000227875
0.000876749
3.07254e-05
-4.48885e-05
1.94997e-05
7.19935e-07
-3.68952e-05
8.61973e-06
8.07898e-07
-9.70838e-06
1.87433e-06
1.00918e-06
2.49338e-05
-1.69912e-06
2.03274e-06
5.68077e-05
5.50405e-06
3.84963e-06
6.48121e-05
3.99824e-05
7.11845e-06
1.83659e-05
8.72447e-05
1.03541e-05
-8.58343e-05
4.49095e-05
-1.07592e-05
-0.00027298
-6.86673e-05
-0.000124598
-0.000508406
-9.1468e-05
-0.00030837
-0.000604026
-4.41284e-05
-0.000404513
-0.000523493
5.00488e-05
-0.000368404
-0.000380813
9.7492e-05
-0.000219083
-0.000270221
0.000131862
1.64877e-05
-0.000184461
0.000188234
0.000332614
-0.0001169
0.000259051
0.00070808
-6.03589e-05
0.000297732
0.00100594
2.90304e-05
-4.71661e-05
1.82893e-05
1.76378e-06
-3.83068e-05
7.90623e-06
2.42933e-06
-6.98348e-06
1.02815e-06
3.07016e-06
3.35281e-05
-3.10036e-06
4.03483e-06
6.75228e-05
4.69148e-06
3.60206e-06
7.03409e-05
4.22227e-05
5.9088e-06
8.78215e-06
8.01413e-05
1.63361e-05
-9.82775e-05
2.43523e-05
1.68223e-06
-0.000302496
-3.47934e-05
-0.000124717
-0.000479779
-2.13648e-05
-0.000285246
-0.000488008
4.80252e-05
-0.000354294
-0.0003637
0.000117486
-0.000285471
-0.000246564
0.000132016
-9.43801e-05
-0.000162057
0.000167011
0.000215636
-8.61267e-05
0.000239321
0.000626478
-2.91639e-05
0.00029911
0.00104121
2.58115e-05
-4.99494e-05
1.6268e-05
2.35177e-06
-3.95739e-05
6.92335e-06
3.89052e-06
-2.45396e-06
-2.00679e-08
5.24432e-06
4.54092e-05
-3.60158e-06
6.39594e-06
8.22971e-05
1.00468e-06
4.0681e-06
8.30717e-05
3.94884e-05
4.5639e-06
1.81509e-05
6.6344e-05
2.43513e-05
-8.14832e-05
2.16271e-05
7.34071e-07
-0.000299929
2.04658e-05
-0.000151351
-0.000415418
5.00546e-05
-0.000287806
-0.000345362
0.00013261
-0.000285167
-0.000212715
0.000156056
-0.000142844
-0.000135893
0.00016182
0.000163936
-6.70988e-05
0.000216637
0.000612037
-1.2683e-05
0.000268645
0.00111057
2.15431e-05
-5.3187e-05
1.35513e-05
3.29803e-06
-4.05341e-05
5.60225e-06
6.13231e-06
4.97419e-06
-8.17046e-07
8.06373e-06
6.18296e-05
-3.78783e-06
7.15442e-06
0.000104255
-6.46587e-06
1.18558e-06
0.000101391
3.45814e-05
-1.91454e-06
4.64205e-05
5.15087e-05
2.5957e-05
-7.17594e-05
3.05613e-05
-3.59731e-05
-0.000299442
5.37669e-05
-0.000226792
-0.000333565
0.000122349
-0.000289512
-0.000190777
0.000171712
-0.000158231
-9.03804e-05
0.000163759
0.000151066
-3.01499e-05
0.000191499
0.000631576
1.19726e-05
0.000219294
0.00118856
1.61522e-05
-5.57393e-05
9.72145e-06
4.655e-06
-4.12483e-05
4.46233e-06
9.45122e-06
1.53478e-05
-1.45228e-06
1.12238e-05
8.07003e-05
-4.24892e-06
7.44534e-06
0.000129987
-8.27103e-06
1.44398e-06
0.000120846
2.45689e-05
-4.46994e-06
7.62402e-05
3.14884e-05
1.13217e-05
-0.000120386
4.35818e-05
-0.000162941
-0.000306718
7.06135e-05
-0.000307926
-0.000213218
0.00014404
-0.000167829
-4.86319e-05
0.000151674
0.000196724
3.32495e-06
0.000148642
0.000737393
2.7201e-05
0.000153657
0.00120621
9.42841e-06
-5.65523e-05
4.48023e-06
7.94438e-06
-2.90098e-05
2.87982e-06
1.24125e-05
2.17528e-05
-2.57615e-07
1.80121e-05
8.41827e-05
-3.06098e-06
2.04936e-05
0.00013696
-6.02686e-06
1.56987e-05
0.000126315
-6.08864e-06
3.14979e-06
7.36023e-05
1.00674e-05
-2.82351e-05
-0.000204453
2.25813e-05
-0.000235403
-0.000210569
6.59966e-05
-0.000189805
-2.65243e-05
0.000104187
0.000161089
2.66995e-05
8.3898e-05
0.000609792
3.55913e-05
7.41031e-05
0.0010353
0.000254695
4.79588e-05
0.00031558
6.28701e-05
0.000358805
7.91772e-05
0.000392024
0.000101803
0.000419628
0.000126075
0.000443897
0.000154822
-8.18314e-05
3.26993e-05
3.66732e-05
-5.26851e-05
6.92482e-05
1.74359e-05
-3.50685e-05
9.86538e-05
1.02905e-05
-2.45439e-05
0.000123809
8.67856e-06
-1.80032e-05
0.000148694
1.61367e-05
-1.39194e-05
0.000176831
2.84014e-05
-1.08786e-05
0.000205901
4.44502e-05
-0.000106607
1.03611e-05
2.19499e-05
-0.000113759
-2.71466e-05
1.74394e-05
-7.76693e-05
-3.70616e-05
-3.68926e-06
-5.492e-05
-2.86384e-05
-3.10298e-05
-4.34569e-05
-1.47936e-05
-4.76043e-05
-3.82771e-05
5.87688e-06
-5.18724e-05
-3.38018e-05
3.29798e-05
-5.02211e-05
-2.9241e-05
6.31432e-05
-4.6249e-05
1.37559e-06
3.91652e-05
-3.13266e-05
-7.83253e-05
2.61001e-05
-1.66241e-06
-0.000108695
-1.52373e-05
2.84757e-06
-8.95959e-05
-4.57047e-05
-3.23451e-05
-7.15645e-05
-5.51847e-05
-6.85e-05
-6.50815e-05
-5.11598e-05
-9.44031e-05
-6.30867e-05
-3.68423e-05
-0.000107181
-5.94613e-05
-1.57202e-05
-0.000114729
-5.26694e-05
7.45587e-06
-0.000122279
3.7143e-05
3.30033e-05
-6.54625e-05
1.54327e-05
4.01985e-05
-6.90503e-05
-4.47158e-05
3.91135e-05
-5.47993e-05
-9.03558e-05
1.52048e-05
-4.28315e-05
-9.14035e-05
-1.6881e-05
-7.41954e-05
-8.46025e-05
-3.53759e-05
-0.000119526
-8.45866e-05
-3.76937e-05
-0.000147423
-8.53314e-05
-2.90084e-05
-0.000164703
-8.15003e-05
-1.60411e-05
-0.000180671
-7.14828e-05
-5.65735e-06
-0.000199035
3.54409e-05
2.56567e-05
-6.77076e-05
3.5366e-05
3.16511e-05
-9.40046e-05
1.65526e-05
3.62754e-05
-0.000116735
-2.77305e-05
3.70022e-05
-0.000125864
-7.17611e-05
2.56072e-05
-0.000132593
-8.7805e-05
5.36336e-06
-0.000161911
-9.34175e-05
-4.93137e-06
-0.000194865
-9.92004e-05
-3.58345e-06
-0.000218581
-0.000100441
3.99444e-07
-0.000238969
-9.37963e-05
-5.51811e-07
-0.000261722
-7.78965e-05
-1.20461e-05
-0.000287072
2.73407e-05
1.76452e-05
-5.09765e-05
3.53447e-05
2.45628e-05
-8.461e-05
3.07902e-05
2.91792e-05
-0.000125006
8.42579e-06
3.17248e-05
-0.000171221
-3.06624e-05
3.29602e-05
-0.000207966
-7.05962e-05
3.29601e-05
-0.000234027
-9.41069e-05
3.33487e-05
-0.00026458
-0.000105058
3.53758e-05
-0.000293997
-0.000108805
3.30829e-05
-0.000318409
-0.000104613
1.87264e-05
-0.000341515
-9.04982e-05
-1.04931e-05
-0.000366121
-6.64295e-05
-5.44789e-05
-0.000388318
1.59735e-05
8.68881e-06
-2.73394e-05
2.76957e-05
1.63341e-05
-5.95064e-05
3.35938e-05
2.32293e-05
-0.000100389
2.1482e-05
2.83149e-05
-0.000156387
-1.08777e-05
3.20905e-05
-0.00022947
-5.47958e-05
3.88395e-05
-0.000296993
-9.44045e-05
5.20563e-05
-0.00034687
-0.00011458
6.18439e-05
-0.000392904
-0.000117013
5.41619e-05
-0.000432843
-0.000108826
2.18682e-05
-0.000459719
-9.3398e-05
-3.18544e-05
-0.000476866
-6.93356e-05
-9.87314e-05
-0.000487917
-3.83125e-05
-0.000167282
-0.000487256
5.9058e-06
6.44743e-07
-6.66419e-06
1.52387e-05
7.00087e-06
-3.09232e-05
2.69821e-05
1.47411e-05
-6.47397e-05
2.79084e-05
2.33822e-05
-0.000110761
3.21284e-06
3.21526e-05
-0.000179462
-4.65725e-05
4.06109e-05
-0.00027341
-0.000101473
5.18709e-05
-0.000367406
-0.000136437
6.28095e-05
-0.000449925
-0.00013993
5.15438e-05
-0.000525204
-0.000120407
1.02239e-06
-0.000583111
-9.42197e-05
-8.29448e-05
-0.000609394
-6.73603e-05
-0.000177759
-0.000608103
-3.68159e-05
-0.000259133
-0.000587364
-6.35166e-06
-0.000308962
-0.00055063
-4.92304e-07
-4.9142e-06
2.81046e-06
4.44065e-06
-9.44397e-07
-8.47991e-06
1.4334e-05
5.13804e-06
-3.13516e-05
2.37131e-05
1.40943e-05
-6.35829e-05
1.55682e-05
2.63943e-05
-0.000109522
-2.60612e-05
3.96711e-05
-0.000181824
-9.36224e-05
4.88857e-05
-0.000280669
-0.000151393
5.14292e-05
-0.000381317
-0.000165779
3.95596e-05
-0.000481418
-0.000134817
-8.67072e-06
-0.000586837
-8.58628e-05
-0.000107356
-0.000672561
-4.91273e-05
-0.000232741
-0.000705842
-2.41309e-05
-0.000335897
-0.000685315
-1.99783e-06
-0.000384134
-0.000633129
1.58087e-05
-0.000374698
-0.000569239
-4.49885e-06
-7.83834e-06
-1.97202e-06
-1.85198e-06
-6.31411e-06
1.00137e-06
3.45446e-06
-2.82391e-06
-7.90307e-06
1.25451e-05
3.68817e-06
-2.68115e-05
1.66709e-05
1.51263e-05
-5.27303e-05
-3.17481e-06
3.16033e-05
-9.06715e-05
-5.92475e-05
4.68047e-05
-0.000152785
-0.000132603
4.97853e-05
-0.000238077
-0.000173626
3.50599e-05
-0.000331774
-0.000148248
-4.82618e-06
-0.00044418
-7.41117e-05
-9.31257e-05
-0.000594148
-7.32245e-06
-0.000234749
-0.000722286
1.82587e-05
-0.000367404
-0.000756256
2.16047e-05
-0.000423901
-0.000711188
2.23806e-05
-0.000402244
-0.000637354
2.15629e-05
-0.000324309
-0.000561929
-8.03011e-06
-8.00218e-06
-1.85754e-05
-5.12226e-06
-8.9182e-06
-4.03469e-06
-2.52759e-06
-8.00018e-06
8.0373e-07
2.61474e-06
-4.62381e-06
-4.31e-06
9.20739e-06
2.98535e-06
-1.61992e-05
6.25202e-06
1.71901e-05
-3.07363e-05
-2.32617e-05
3.61404e-05
-5.3038e-05
-8.37724e-05
4.92529e-05
-9.4208e-05
-0.000145324
4.24652e-05
-0.00015556
-0.000152676
9.04677e-06
-0.000242639
-8.48161e-05
-6.09631e-05
-0.000399041
1.45811e-05
-0.000196621
-0.000626012
7.02451e-05
-0.000368597
-0.000774922
6.5841e-05
-0.000444954
-0.000777923
4.57874e-05
-0.000417435
-0.000704792
2.74316e-05
-0.00031578
-0.000621408
8.66331e-06
-0.000176497
-0.000544218
-1.10436e-05
-5.0644e-06
-4.21605e-05
-7.41258e-06
-8.67467e-06
-2.02048e-05
-5.10702e-06
-1.02395e-05
-4.878e-06
-2.66412e-06
-9.71194e-06
2.45943e-06
1.59175e-06
-6.02357e-06
2.59058e-06
4.61104e-06
3.06468e-06
4.75469e-07
-4.57884e-06
1.941e-05
8.24613e-07
-3.79275e-05
3.84967e-05
-2.05823e-06
-9.12097e-05
4.70518e-05
-2.0534e-05
-0.000128784
3.03926e-05
-6.75654e-05
-0.000102238
-2.09302e-05
-0.000180927
-7.93295e-06
-0.000130958
-0.000423475
8.89275e-05
-0.000319902
-0.000715261
0.000103313
-0.000461545
-0.000814666
7.72703e-05
-0.00044175
-0.000768804
4.19035e-05
-0.000315363
-0.000679479
1.37239e-05
-0.000153931
-0.000595442
-1.63467e-05
2.88113e-05
-0.000520477
-1.04166e-05
-5.32401e-05
-8.56171e-06
-5.37399e-06
-4.24115e-05
-6.19653e-06
-9.50338e-06
-2.07401e-05
-4.51685e-06
-1.15712e-05
-4.42683e-06
-2.49595e-06
-1.11481e-05
5.95672e-06
3.33878e-07
-6.85298e-06
1.24371e-05
-8.32075e-08
3.74856e-06
2.14453e-05
-1.26457e-05
2.1178e-05
3.70654e-05
-4.33589e-05
3.84734e-05
5.16763e-05
-8.21859e-05
4.14106e-05
4.74854e-05
-9.45604e-05
1.47803e-05
-9.42336e-06
-4.40222e-05
-6.10722e-05
-0.000193008
5.38831e-05
-0.000226953
-0.000537881
0.00011343
-0.000441081
-0.000806988
9.4575e-05
-0.000476487
-0.000821037
5.53503e-05
-0.000343894
-0.000734801
2.31792e-05
-0.000159209
-0.000643791
-7.93562e-06
3.71669e-05
-0.000561369
-4.05511e-05
0.000239189
-0.00048545
-6.30723e-06
-5.13448e-05
-5.37845e-06
-5.74679e-06
-4.15175e-05
-4.34573e-06
-1.0323e-05
-2.02078e-05
-3.50805e-06
-1.26462e-05
-2.75557e-06
-2.25012e-06
-1.21059e-05
1.10511e-05
-9.62672e-07
-6.99951e-06
2.44033e-05
-3.6018e-06
4.84834e-06
4.41309e-05
-1.59936e-05
2.21615e-05
7.22531e-05
-3.95748e-05
3.62011e-05
9.73424e-05
-6.27649e-05
3.2386e-05
9.13118e-05
-5.67121e-05
-8.09686e-06
-8.71383e-06
1.9014e-06
-0.000123918
-0.000298159
7.76662e-05
-0.000347695
-0.000697078
8.78256e-05
-0.000503792
-0.000847562
5.60489e-05
-0.000405382
-0.00078421
2.84038e-05
-0.000203109
-0.000687403
3.01729e-06
8.43492e-06
-0.000597063
-2.15737e-05
0.000214798
-0.000513289
-4.6216e-05
0.000413408
-0.00043077
-1.28064e-06
-4.86524e-05
-1.37728e-06
-6.12341e-06
-3.97148e-05
-1.94679e-06
-1.08923e-05
-1.88263e-05
-2.29018e-06
-1.32171e-05
-1.47354e-07
-2.04001e-06
-1.23193e-05
1.72621e-05
-2.02935e-06
-6.3652e-06
3.71902e-05
-5.11537e-06
6.20013e-06
6.54607e-05
-1.42916e-05
2.24563e-05
0.000100745
-2.89949e-05
3.20168e-05
0.000125795
-4.07016e-05
1.90482e-05
9.72696e-05
-2.78185e-05
-4.52328e-05
-8.11678e-05
2.0187e-05
-0.000218465
-0.000475459
5.42032e-05
-0.000461577
-0.000813481
3.42607e-05
-0.000475862
-0.000824714
1.80837e-05
-0.000276597
-0.000725521
7.46177e-06
-4.86635e-05
-0.000627761
-3.04777e-06
0.000169879
-0.000537614
-1.29135e-05
0.000375457
-0.000449917
-2.22353e-05
0.000572958
-0.000358809
0.000465517
0.000184615
0.000233964
-8.50358e-06
6.21302e-05
9.15744e-05
-2.37761e-05
-4.19707e-05
2.67905e-05
-4.28131e-05
-0.000130772
-3.87822e-06
-5.57799e-05
-0.000217758
-3.6812e-05
-5.50625e-05
-0.000308597
-0.000107185
-3.71085e-05
-0.000398566
-0.000222146
-8.34204e-06
-0.000468986
-0.000318055
1.56586e-05
-0.000501424
-0.000317418
2.26233e-05
-0.000502901
-0.000204782
9.98266e-06
-0.000491575
-7.78484e-06
-1.85875e-05
-0.00047551
0.00022803
-5.33248e-05
-0.0004528
0.000442898
-7.71082e-05
-0.000411887
0.000607338
-7.23861e-05
-0.000344834
0.000765937
-3.29931e-05
-0.000262044
4.74511e-06
-4.57484e-05
3.33353e-06
-6.27306e-06
-3.75564e-05
7.80124e-07
-1.09516e-05
-1.70323e-05
-1.05204e-06
-1.2999e-05
3.01725e-06
-1.91816e-06
-1.15968e-05
2.3991e-05
-2.60024e-06
-4.97733e-06
4.93701e-05
-4.29798e-06
7.73589e-06
8.2666e-05
-8.0736e-06
2.20248e-05
0.00011791
-1.48247e-05
2.56258e-05
0.000130688
-2.27914e-05
-1.64271e-06
5.64107e-05
-1.72633e-05
-0.000105388
-0.000226433
2.97345e-06
-0.000338506
-0.000664552
-4.57882e-06
-0.000505511
-0.000835895
-1.23474e-05
-0.000368252
-0.000754004
-4.34723e-06
-0.00012432
-0.000649891
5.49903e-06
0.000114632
-0.000554787
1.42438e-05
0.000343392
-0.000466235
2.39347e-05
0.000566495
-0.000377371
3.04934e-05
0.000786237
-0.000284703
3.35243e-05
0.00101095
-0.000184476
1.1518e-05
-4.32531e-05
8.37646e-06
-6.03309e-06
-3.56824e-05
3.51835e-06
-1.02619e-05
-1.52609e-05
1.52547e-08
-1.18074e-05
6.40559e-06
-1.87636e-06
-9.93327e-06
3.0658e-05
-2.52458e-06
-2.9972e-06
5.96636e-05
-1.08451e-06
9.27117e-06
9.34018e-05
1.84264e-06
2.06442e-05
0.000120645
3.95628e-07
1.56562e-05
0.00010784
-1.42895e-05
-3.43009e-05
-3.51052e-05
-3.17948e-05
-0.000192668
-0.000419843
-5.22392e-05
-0.000443423
-0.000777648
-6.4744e-05
-0.000457073
-0.000778752
-3.70474e-05
-0.000230193
-0.000667352
-2.41904e-06
2.03167e-05
-0.00056583
2.85327e-05
0.000271636
-0.000475846
5.8997e-05
0.00052875
-0.000391527
8.71535e-05
0.000794136
-0.000306117
0.000110059
0.00107455
-0.00021209
0.00012028
0.00136935
-0.000107671
1.83573e-05
-4.17104e-05
1.316e-05
-5.28377e-06
-3.45905e-05
5.86815e-06
-8.70918e-06
-1.3845e-05
7.69064e-07
-9.68556e-06
9.78513e-06
-1.89617e-06
-7.55507e-06
3.68386e-05
-1.73968e-06
-7.45098e-07
6.71717e-05
4.44379e-06
1.04377e-05
9.5892e-05
1.53888e-05
1.7554e-05
0.00010633
1.46693e-05
3.38691e-07
5.52561e-05
-2.15976e-05
-7.93042e-05
-0.000171504
-7.96006e-05
-0.000291132
-0.000598227
-0.000111901
-0.000479179
-0.000774156
-8.97766e-05
-0.000373366
-0.000689124
-2.98492e-05
-0.000136424
-0.000576212
2.30556e-05
0.000111507
-0.000477306
7.34708e-05
0.000381337
-0.000390927
0.00012074
0.000679951
-0.000310877
0.000175047
0.00101173
-0.000227784
0.000211886
0.00138023
-0.000137029
0.000189588
0.00136381
2.43589e-05
-4.12655e-05
1.69804e-05
-4.10674e-06
-3.44439e-05
7.52601e-06
-6.47257e-06
-1.28576e-05
1.12534e-06
-7.00633e-06
1.31423e-05
-2.01891e-06
-4.98031e-06
4.24441e-05
-3.0045e-07
1.27303e-06
7.13486e-05
1.22642e-05
1.06368e-05
8.89357e-05
3.26057e-05
1.21804e-05
7.34841e-05
2.4748e-05
-1.82149e-05
-2.39775e-05
-5.15126e-05
-0.00012876
-0.000323587
-0.000145089
-0.000365737
-0.000675647
-0.000143332
-0.00046042
-0.000719428
-7.35968e-05
-0.000332641
-0.000603356
-5.94928e-07
-0.000115192
-0.000486155
6.41039e-05
0.000128957
-0.00038567
0.000123546
0.000419495
-0.00030182
0.000198809
0.000761153
-0.000228877
0.00026569
0.00116877
-0.00016204
0.000299559
0.00137315
2.87348e-05
-4.2061e-05
1.93835e-05
-2.41352e-06
-3.5287e-05
8.43097e-06
-3.83133e-06
-1.21672e-05
1.19438e-06
-4.07475e-06
1.66553e-05
-2.33824e-06
-2.3677e-06
4.76586e-05
1.68944e-06
2.78739e-06
7.18874e-05
2.24413e-05
9.80945e-06
7.17452e-05
5.17792e-05
6.17269e-06
2.31097e-05
2.45139e-05
-3.46357e-05
-0.000123732
-9.67247e-05
-0.000170013
-0.000443716
-0.000170145
-0.000389359
-0.000678942
-0.000131706
-0.000453289
-0.000656834
-3.59372e-05
-0.000332912
-0.000521981
4.25061e-05
-0.000134915
-0.000396896
0.000103376
0.000112939
-0.00029682
0.000180151
0.00042318
-0.000226756
0.000256088
0.000795046
-0.000178381
0.000406196
0.00143403
-0.000237026
0.000560133
3.09247e-05
-4.37725e-05
2.02852e-05
-8.29926e-07
-3.66052e-05
8.70188e-06
-1.3732e-06
-1.13474e-05
9.81368e-07
-1.38658e-06
2.08381e-05
-2.91907e-06
-1.23925e-07
5.29929e-05
3.7846e-06
3.4032e-06
6.99022e-05
3.34736e-05
8.03126e-06
4.64334e-05
6.67584e-05
2.93485e-06
-3.85366e-05
1.12689e-05
-4.29238e-05
-0.000233702
-0.000123966
-0.000191232
-0.000523751
-0.00014578
-0.000382581
-0.00065073
-8.30158e-05
-0.00043447
-0.000583739
2.07184e-05
-0.000321511
-0.000428932
8.50371e-05
-0.00012436
-0.000306456
0.000143591
0.000137946
-0.000219589
0.000210087
0.000458787
-0.000160516
0.000270232
0.000794286
-0.000113188
0.000218141
0.000844618
3.08715e-05
-4.60529e-05
1.9893e-05
4.54107e-07
-3.81994e-05
8.41373e-06
6.17277e-07
-9.88106e-06
4.90809e-07
1.02968e-06
2.64164e-05
-3.86623e-06
2.15336e-06
5.92119e-05
4.98552e-06
3.8986e-06
6.76811e-05
4.09554e-05
7.90333e-06
2.20282e-05
6.66981e-05
7.89233e-06
-9.1108e-05
-1.0298e-05
-3.80129e-05
-0.000324959
-0.000104449
-0.000193929
-0.000553211
-8.73266e-05
-0.000358255
-0.000584327
-5.45497e-06
-0.000384065
-0.000454346
8.20824e-05
-0.000255401
-0.00030909
0.000125057
-3.92855e-05
-0.000207492
0.000174756
0.000270169
-0.000129767
0.000242387
0.000654571
-6.6465e-05
0.000281349
0.000963337
2.89846e-05
-4.86189e-05
1.84474e-05
1.47862e-06
-3.95897e-05
7.59574e-06
2.38868e-06
-7.03156e-06
-5.88129e-07
3.28901e-06
3.47829e-05
-5.11654e-06
3.97792e-06
6.86024e-05
2.88803e-06
3.14147e-06
7.11662e-05
3.93769e-05
7.10806e-06
1.80607e-05
4.91794e-05
1.65168e-05
-9.60103e-05
-1.58114e-05
-3.65e-05
-0.000353315
-4.14357e-05
-0.000205097
-0.000498041
-1.63722e-05
-0.000327
-0.000448875
8.23315e-05
-0.000306261
-0.000292631
0.00013645
-0.000137952
-0.00018339
0.000162781
0.000155083
-0.000102473
0.000223927
0.000571684
-3.86306e-05
0.000284093
0.000996594
2.55891e-05
-5.16859e-05
1.62587e-05
2.08844e-06
-4.05325e-05
6.39582e-06
4.05182e-06
-2.11222e-06
-1.59636e-06
5.6936e-06
4.68311e-05
-6.07342e-06
5.68763e-06
8.29036e-05
-3.44216e-06
2.40731e-06
8.21459e-05
3.07879e-05
6.67283e-06
3.95549e-05
3.6011e-05
2.09662e-05
-8.6284e-05
1.08083e-05
-6.94596e-05
-0.000362107
1.85718e-05
-0.000258084
-0.000409962
6.83053e-05
-0.000301305
-0.000275187
0.000157025
-0.000187436
-0.000153442
0.000170841
0.000102434
-8.14814e-05
0.000208116
0.000553257
-2.4944e-05
0.000251563
0.00106561
2.14217e-05
-5.51978e-05
1.31443e-05
3.19914e-06
-4.10759e-05
5.02546e-06
6.46734e-06
5.95125e-06
-3.24282e-06
8.3523e-06
6.23649e-05
-7.91471e-06
5.94826e-06
0.000103102
-1.02177e-05
7.32606e-07
0.000100632
2.03682e-05
2.5867e-06
7.39233e-05
3.19684e-05
4.20501e-06
-0.000112493
3.53396e-05
-0.000177562
-0.000340465
4.72153e-05
-0.000321416
-0.000278284
0.000146532
-0.000247593
-0.000103925
0.000179312
7.64184e-05
-4.33812e-05
0.000188008
0.000561313
7.38007e-07
0.000211529
0.00114265
1.61542e-05
-5.78455e-05
9.10188e-06
5.36814e-06
-4.18378e-05
3.33203e-06
1.01351e-05
1.5932e-05
-3.89197e-06
1.30823e-05
7.86437e-05
-8.36837e-06
1.05583e-05
0.000126124
-1.1053e-05
4.7666e-06
0.000116576
3.1867e-06
1.49725e-06
7.67228e-05
3.06132e-05
-7.40293e-05
-0.000229865
3.25322e-05
-0.00033849
-0.000286115
7.98852e-05
-0.000321163
-7.37981e-05
0.000175238
7.78613e-05
-8.3695e-07
0.000154176
0.000648869
2.15635e-05
0.000144475
0.00116303
9.45251e-06
-5.80922e-05
4.04608e-06
9.21834e-06
-2.98998e-05
2.41433e-06
1.50449e-05
2.22569e-05
-4.89309e-07
2.2278e-05
8.28432e-05
-5.67495e-06
2.8633e-05
0.000129649
-1.14526e-05
2.60548e-05
0.000114788
1.40521e-05
4.07264e-05
-9.48327e-06
2.47293e-05
-0.000210142
-0.00025451
-6.24531e-07
-0.000305453
-9.42957e-05
0.000118077
-2.4014e-05
4.04668e-05
7.24718e-05
0.000539692
2.43202e-05
7.24798e-05
0.000998403
0.000169644
4.33926e-05
0.000259654
5.11838e-05
0.0003198
6.67926e-05
0.00036314
8.35057e-05
0.000396624
0.000106794
0.000424951
0.000131092
0.000449567
0.000159885
-9.41492e-05
1.71997e-05
3.34655e-05
-8.16251e-05
3.55872e-05
3.81722e-05
-5.21162e-05
7.28103e-05
1.77033e-05
-3.5348e-05
0.0001023
1.22091e-05
-2.49911e-05
0.000127423
1.14668e-05
-1.88378e-05
0.000153241
2.02738e-05
-1.46492e-05
0.000182139
3.29981e-05
-1.17208e-05
0.000211989
4.88926e-05
-2.77964e-05
3.07055e-05
3.49409e-06
-0.000113531
5.88662e-06
2.4085e-05
-0.000113796
-3.02471e-05
1.56957e-05
-7.69622e-05
-3.74884e-05
-7.49733e-06
-5.52922e-05
-2.88096e-05
-3.33059e-05
-4.47433e-05
-1.46756e-05
-4.7407e-05
-3.97653e-05
7.49499e-06
-4.97222e-05
-3.53099e-05
3.61317e-05
-4.73733e-05
-3.0303e-05
6.68782e-05
-4.39313e-05
3.34687e-05
3.26728e-05
-3.08988e-05
-5.65905e-06
3.87051e-05
-2.28729e-05
-8.82264e-05
2.22098e-05
4.36788e-06
-0.000111542
-2.11472e-05
-5.52933e-07
-8.92801e-05
-5.09015e-05
-3.87745e-05
-7.22954e-05
-5.89516e-05
-7.30331e-05
-6.70949e-05
-5.3073e-05
-9.56785e-05
-6.53491e-05
-3.66424e-05
-0.000106254
-6.11722e-05
-1.41204e-05
-0.000113494
-5.34934e-05
8.70898e-06
-0.0001222
3.27991e-05
2.5672e-05
-4.15494e-05
3.39788e-05
3.3128e-05
-5.70444e-05
9.08118e-06
4.05366e-05
-6.30371e-05
-5.5441e-05
3.77431e-05
-4.9659e-05
-9.66283e-05
9.48853e-06
-4.43581e-05
-9.21584e-05
-2.37753e-05
-8.14619e-05
-8.6373e-05
-3.92872e-05
-0.000124992
-8.74138e-05
-3.85127e-05
-0.000149719
-8.77192e-05
-2.80501e-05
-0.00016543
-8.26604e-05
-1.56362e-05
-0.000181842
-7.07014e-05
-8.38467e-06
-0.000201738
2.51406e-05
1.85479e-05
-3.21717e-05
3.23143e-05
2.58046e-05
-5.8876e-05
2.97557e-05
3.15771e-05
-8.83132e-05
8.47885e-06
3.61874e-05
-0.00011601
-3.84797e-05
3.58521e-05
-0.000128321
-8.08772e-05
2.20922e-05
-0.000139063
-9.14888e-05
2.56713e-06
-0.000172043
-9.68477e-05
-4.04177e-06
-0.000202631
-0.00010181
-1.27384e-06
-0.000223917
-0.00010141
5.3264e-07
-0.000243271
-9.22496e-05
-5.40634e-06
-0.000266627
-7.36848e-05
-2.43903e-05
-0.000292254
1.57023e-05
1.02296e-05
-1.44112e-05
2.54045e-05
1.80157e-05
-4.21894e-05
3.05274e-05
2.46668e-05
-7.70776e-05
2.19846e-05
2.89778e-05
-0.000122804
-3.1744e-06
3.13098e-05
-0.00017731
-4.38128e-05
3.30506e-05
-0.000219067
-8.16484e-05
3.48605e-05
-0.000248315
-0.000100515
3.75497e-05
-0.000280835
-0.000107845
3.89488e-05
-0.000309046
-0.000108473
3.0724e-05
-0.000330776
-0.000101397
7.57218e-06
-0.000351598
-8.42906e-05
-3.15809e-05
-0.000374082
-5.75119e-05
-8.43426e-05
-0.000391979
6.99522e-06
2.2851e-06
2.02951e-06
1.4896e-05
9.16984e-06
-1.98896e-05
2.49697e-05
1.67773e-05
-5.1094e-05
2.64864e-05
2.35502e-05
-9.42496e-05
8.43146e-06
2.85119e-05
-0.000158069
-2.81554e-05
3.29044e-05
-0.000241987
-7.29587e-05
4.2388e-05
-0.000315865
-0.000108287
5.76537e-05
-0.000370849
-0.000120568
6.25078e-05
-0.00042063
-0.000115778
4.2471e-05
-0.000458093
-0.000103276
-4.66499e-06
-0.000477871
-8.52893e-05
-7.0111e-05
-0.000487578
-5.87662e-05
-0.000143291
-0.000489978
-2.72199e-05
-0.0002097
-0.000478854
7.52201e-07
-3.42375e-06
8.69565e-06
5.09097e-06
1.09437e-06
-1.46855e-06
1.39166e-05
7.53106e-06
-2.33536e-05
2.30074e-05
1.54559e-05
-5.61602e-05
1.76255e-05
2.42668e-05
-0.000104979
-1.55517e-05
3.31177e-05
-0.000182519
-7.06524e-05
4.18396e-05
-0.000286382
-0.000123533
5.36169e-05
-0.000386098
-0.000147425
5.91637e-05
-0.00047592
-0.000137566
3.27784e-05
-0.00055423
-0.000109339
-3.74623e-05
-0.000605137
-8.20946e-05
-0.000135414
-0.000618792
-5.5193e-05
-0.000231809
-0.000604386
-2.53525e-05
-0.000302112
-0.000570883
2.21447e-06
-0.000331371
-0.000523743
-3.8053e-06
-6.42341e-06
1.92283e-06
-1.18059e-06
-4.41466e-06
5.55629e-06
3.61923e-06
-4.77377e-07
-3.09081e-06
1.25081e-05
5.83968e-06
-2.31181e-05
1.79456e-05
1.53191e-05
-5.38347e-05
1.41091e-06
2.8001e-05
-0.000102483
-5.00177e-05
4.0508e-05
-0.000182714
-0.000120198
4.77621e-05
-0.000289438
-0.000167036
4.70834e-05
-0.000395456
-0.000160726
2.50104e-05
-0.000502645
-0.00011095
-4.39515e-05
-0.000613427
-5.99192e-05
-0.000162552
-0.000690177
-3.12469e-05
-0.000289729
-0.000702528
-1.19934e-05
-0.000373093
-0.000662781
5.5388e-06
-0.000391982
-0.000599026
1.7774e-05
-0.000353321
-0.000529568
-8.52913e-06
-7.00283e-06
-1.63185e-05
-4.95668e-06
-7.29723e-06
-1.20629e-06
-2.44981e-06
-5.88055e-06
3.92725e-06
2.52637e-06
-2.28567e-06
-1.90157e-06
9.87196e-06
4.69965e-06
-1.7107e-05
8.69998e-06
1.68695e-05
-4.04957e-05
-2.04209e-05
3.31316e-05
-7.98826e-05
-8.48397e-05
4.54271e-05
-0.000147396
-0.000154006
4.28537e-05
-0.000237219
-0.000172753
2.10736e-05
-0.000337623
-0.00011802
-3.32476e-05
-0.000470882
-3.08268e-05
-0.000146597
-0.00063692
2.32734e-05
-0.000300565
-0.000742181
3.1302e-05
-0.000405568
-0.000740076
2.63443e-05
-0.000420653
-0.000673359
2.24158e-05
-0.000363207
-0.000593461
1.36293e-05
-0.000254687
-0.000517009
-1.38371e-05
-4.62288e-06
-4.1401e-05
-8.44836e-06
-7.62075e-06
-1.88901e-05
-5.50062e-06
-8.57094e-06
-3.12291e-06
-3.05738e-06
-7.64108e-06
4.1609e-06
1.42307e-06
-3.97601e-06
2.76034e-06
5.49417e-06
4.34808e-06
-4.29675e-06
-3.38186e-06
1.92126e-05
-1.50551e-05
-4.12074e-05
3.69495e-05
-3.7496e-05
-0.000105733
4.52494e-05
-8.25028e-05
-0.000155352
3.06583e-05
-0.000150633
-0.000133063
-1.3295e-05
-0.00025951
-3.725e-05
-0.000106242
-0.000460134
6.27653e-05
-0.000272385
-0.000696094
8.76671e-05
-0.000420778
-0.000783482
6.84058e-05
-0.00044222
-0.0007443
4.00779e-05
-0.000361331
-0.000657435
1.71968e-05
-0.000228682
-0.000572714
-9.76842e-06
-6.13114e-05
-0.000497284
-1.53252e-05
-5.42811e-05
-1.19087e-05
-4.93199e-06
-4.26182e-05
-7.84252e-06
-8.5153e-06
-2.03362e-05
-5.40831e-06
-1.01093e-05
-3.64236e-06
-3.1984e-06
-9.43744e-06
6.52189e-06
1.94214e-08
-5.27541e-06
1.11866e-05
2.48329e-08
4.69085e-06
1.50319e-05
-1.47839e-05
2.13182e-05
2.00935e-05
-5.40503e-05
3.80814e-05
1.75638e-05
-0.000106462
4.04663e-05
-6.3647e-06
-0.000126532
1.41975e-05
-7.07519e-05
-6.87949e-05
-5.46888e-05
-0.000232456
4.64538e-05
-0.000202352
-0.00053363
0.000120594
-0.000406475
-0.000777528
0.00010477
-0.000466662
-0.000799978
6.43655e-05
-0.000374993
-0.00071821
2.87167e-05
-0.000212085
-0.000626877
-5.5722e-06
-2.45415e-05
-0.000544466
-4.41984e-05
0.000182185
-0.000470996
-1.17993e-05
-5.31504e-05
-9.38923e-06
-5.35656e-06
-4.25957e-05
-6.55638e-06
-9.57725e-06
-2.05763e-05
-4.76415e-06
-1.16459e-05
-2.72649e-06
-3.14088e-06
-1.09865e-05
1.09268e-05
-1.65029e-06
-6.00663e-06
2.28231e-05
-5.15745e-06
5.49783e-06
3.86285e-05
-2.23227e-05
2.25913e-05
5.92307e-05
-5.63532e-05
3.66104e-05
7.32162e-05
-9.05443e-05
3.24369e-05
5.75751e-05
-8.29021e-05
-7.27317e-06
-3.70649e-05
-3.26491e-06
-0.000114646
-0.000300185
0.000101129
-0.000325603
-0.00067686
0.000119241
-0.000486511
-0.000828412
8.09369e-05
-0.000415447
-0.000774395
4.07186e-05
-0.000228238
-0.000678103
4.35491e-06
-1.99859e-05
-0.000587988
-3.2522e-05
0.00019511
-0.000506351
-7.17466e-05
0.000411475
-0.000428505
-7.47584e-06
-5.09377e-05
-6.00201e-06
-5.88132e-06
-4.13822e-05
-4.55926e-06
-1.05963e-05
-1.96978e-05
-3.74378e-06
-1.2921e-05
-5.40631e-07
-3.07415e-06
-1.20008e-05
1.70322e-05
-3.31997e-06
-6.05358e-06
3.65411e-05
-8.75436e-06
6.45534e-06
6.34253e-05
-2.45822e-05
2.27506e-05
9.59496e-05
-4.95292e-05
3.28012e-05
0.000117423
-6.64026e-05
2.04926e-05
8.8388e-05
-4.03602e-05
-4.10062e-05
-7.91204e-05
3.94876e-05
-0.000206215
-0.00045898
0.000100028
-0.000447838
-0.000798896
7.71636e-05
-0.000474628
-0.000821247
4.18251e-05
-0.000286539
-0.000724538
1.31392e-05
-5.82776e-05
-0.00062638
-1.54754e-05
0.000166215
-0.000536063
-4.36382e-05
0.000380132
-0.000449296
-7.20488e-05
0.000586379
-0.000360005
-2.07141e-06
-4.8e-05
-1.65848e-06
-6.33877e-06
-3.93237e-05
-1.97006e-06
-1.13161e-05
-1.80298e-05
-2.5352e-06
-1.35975e-05
2.55999e-06
-3.0857e-06
-1.21846e-05
2.41947e-05
-4.61781e-06
-5.36955e-06
5.07249e-05
-9.99935e-06
7.54096e-06
8.60283e-05
-2.17701e-05
2.21886e-05
0.000124225
-3.73149e-05
2.69221e-05
0.000140372
-4.31006e-05
2.11798e-06
7.01893e-05
-1.28318e-05
-9.73328e-05
-0.000206772
4.48636e-05
-0.000327474
-0.000651492
5.11755e-05
-0.00050537
-0.000839761
2.42296e-05
-0.000372329
-0.00076558
1.0254e-05
-0.000128095
-0.000660703
-1.73073e-06
0.00011237
-0.000563031
-1.34631e-05
0.000335639
-0.000470097
-2.42154e-05
0.000546145
-0.000374962
-3.54634e-05
0.000747989
-0.000274912
0.000471674
0.000189134
0.00023966
-9.01423e-06
6.58164e-05
9.45491e-05
-2.4417e-05
-4.06832e-05
2.56221e-05
-4.24204e-05
-0.000132027
-1.21314e-05
-5.3247e-05
-0.000221012
-5.70739e-05
-4.87748e-05
-0.000311321
-0.000140792
-2.78635e-05
-0.000394284
-0.000252744
1.36475e-07
-0.000449777
-0.000315488
1.80007e-05
-0.000467445
-0.000267316
1.58973e-05
-0.000461742
-0.000106664
-8.27688e-06
-0.000447635
0.000134591
-4.81287e-05
-0.000430532
0.000403442
-9.08947e-05
-0.000403425
0.000628717
-0.000115509
-0.000349665
0.000786971
-0.00010079
-0.000265553
0.000956666
-4.512e-05
-0.000172395
4.44427e-06
-4.49878e-05
3.45822e-06
-6.54644e-06
-3.70907e-05
9.48106e-07
-1.14511e-05
-1.60625e-05
-1.36007e-06
-1.33931e-05
6.13438e-06
-3.18118e-06
-1.13872e-05
3.16514e-05
-5.24614e-06
-3.95854e-06
6.37354e-05
-8.75815e-06
8.78329e-06
0.000103533
-1.49561e-05
2.08095e-05
0.00013948
-2.36793e-05
1.80861e-05
0.000134991
-2.8092e-05
-2.84669e-05
-6.7501e-06
-9.38104e-06
-0.000185989
-0.000401405
6.53851e-06
-0.000444194
-0.000784681
-1.67959e-05
-0.000455824
-0.000796295
-1.44826e-05
-0.000214524
-0.000686378
-2.78522e-06
4.73764e-05
-0.000582277
7.78657e-06
0.000296191
-0.000486847
1.83433e-05
0.000534479
-0.000393572
2.66717e-05
0.000766194
-0.000296853
2.99164e-05
0.00100057
-0.000194184
2.69186e-05
0.00124861
-8.60384e-05
1.1674e-05
-4.26427e-05
8.85863e-06
-6.33865e-06
-3.53518e-05
3.78863e-06
-1.07683e-05
-1.42738e-05
-4.23903e-07
-1.21636e-05
9.77344e-06
-3.33392e-06
-9.64841e-06
3.86924e-05
-5.07675e-06
-1.99734e-06
7.42195e-05
-5.04545e-06
1.00089e-05
0.000113478
-5.1033e-06
1.82042e-05
0.000138543
-1.16837e-05
3.39662e-06
9.64487e-05
-2.74265e-05
-7.72444e-05
-0.000144744
-3.98065e-05
-0.000299135
-0.000603962
-6.34481e-05
-0.000481502
-0.000801697
-5.99922e-05
-0.000329693
-0.000709048
-2.37665e-05
-5.55473e-05
-0.000597577
1.23167e-05
0.000214844
-0.000498304
4.78954e-05
0.000485844
-0.000407371
7.82309e-05
0.000763507
-0.000318397
0.00010719
0.00105644
-0.000220155
0.000118995
0.0013629
-0.000112752
9.06611e-05
0.00130801
1.8828e-05
-4.15031e-05
1.38305e-05
-5.5919e-06
-3.46185e-05
6.12515e-06
-9.20576e-06
-1.29784e-05
1.15396e-07
-1.00152e-05
1.31987e-05
-3.51894e-06
-7.27074e-06
4.48101e-05
-4.07752e-06
2.01769e-07
8.11334e-05
9.14749e-07
1.08177e-05
0.000113928
7.56474e-06
1.32345e-05
0.000118427
-4.08146e-06
-1.80398e-05
2.27738e-05
-5.0248e-05
-0.000141574
-0.000322369
-0.000108746
-0.000395147
-0.000718628
-0.000116893
-0.000438619
-0.000735353
-6.64958e-05
-0.000216184
-0.000616467
-4.59778e-06
4.50999e-05
-0.000505803
5.36313e-05
0.000323303
-0.000408804
0.000106609
0.000627656
-0.000321702
0.000164763
0.0009683
-0.000233406
0.000208522
0.00134747
-0.000137866
0.000189177
0.00133715
2.49109e-05
-4.15874e-05
1.76664e-05
-4.35499e-06
-3.48941e-05
7.6491e-06
-6.94871e-06
-1.21892e-05
2.25441e-07
-7.31574e-06
1.63894e-05
-3.8367e-06
-4.69314e-06
4.98566e-05
-2.25819e-06
2.11249e-06
8.37679e-05
9.46299e-06
1.05088e-05
0.000103534
2.29368e-05
5.47312e-06
7.85824e-05
-6.97258e-06
-4.3425e-05
-7.78743e-05
-0.00010245
-0.000208421
-0.000475211
-0.00016126
-0.000427309
-0.000717657
-0.000127322
-0.000394703
-0.00066175
-4.22524e-05
-0.000183079
-0.000529149
3.64315e-05
6.20531e-05
-0.000413174
0.000102538
0.000350821
-0.00031616
0.000182444
0.000692146
-0.000235114
0.000252113
0.00110652
-0.000162657
0.00029122
0.00132608
2.91665e-05
-4.27563e-05
1.99755e-05
-2.75651e-06
-3.61043e-05
8.38156e-06
-4.25282e-06
-1.17262e-05
5.5248e-10
-4.29269e-06
1.95032e-05
-4.30718e-06
-2.08469e-06
5.38663e-05
2.67725e-07
3.54858e-06
8.1611e-05
2.07821e-05
9.18518e-06
8.13708e-05
3.85076e-05
-2.15031e-06
1.88158e-05
-2.35396e-05
-6.66559e-05
-0.000192329
-0.000154935
-0.000250851
-0.000551278
-0.00016982
-0.000425938
-0.000682256
-9.44302e-05
-0.000386492
-0.000591832
4.85699e-06
-0.00019677
-0.000444258
7.87879e-05
4.51186e-05
-0.000322826
0.00016066
0.000348874
-0.000239589
0.000234763
0.000723687
-0.000180081
0.000385439
0.00136756
-0.000227121
0.000541244
3.10876e-05
-4.486e-05
2.06582e-05
-1.07963e-06
-3.77176e-05
8.40628e-06
-1.67877e-06
-1.11052e-05
-4.76753e-07
-1.49642e-06
2.3122e-05
-5.05351e-06
1.43474e-07
5.73836e-05
2.9254e-06
3.98315e-06
7.59542e-05
3.19632e-05
7.78426e-06
5.052e-05
4.60716e-05
-5.60104e-06
-5.52968e-05
-4.87987e-05
-7.91713e-05
-0.000307305
-0.000162268
-0.000265172
-0.000583354
-0.000129413
-0.000407871
-0.000635238
-3.54463e-05
-0.000367743
-0.000507508
5.82701e-05
-0.000177239
-0.000352238
0.000126502
7.34507e-05
-0.000243409
0.000191686
0.000393143
-0.000170881
0.000253464
0.000738373
-0.000115687
0.000205045
0.000807728
3.08177e-05
-4.74744e-05
2.00389e-05
1.34322e-07
-3.93616e-05
7.93356e-06
4.53692e-07
-9.69963e-06
-1.32657e-06
1.10391e-06
2.81465e-05
-6.08341e-06
2.30159e-06
6.17171e-05
3.62934e-06
4.42804e-06
7.03563e-05
3.63221e-05
8.86851e-06
2.4046e-05
3.53725e-05
1.47453e-06
-0.000116858
-6.02364e-05
-7.94002e-05
-0.0003951
-0.000111889
-0.000262422
-0.000578604
-7.56405e-05
-0.000365692
-0.000543435
3.73599e-05
-0.00029035
-0.000374424
0.000113539
-8.51509e-05
-0.000240316
0.000162631
0.000210966
-0.000148144
0.000223516
0.000599298
-7.40905e-05
0.000266735
0.000914224
2.87053e-05
-5.02991e-05
1.83686e-05
1.19581e-06
-4.05602e-05
6.83677e-06
2.40317e-06
-6.64349e-06
-2.60778e-06
3.50123e-06
3.6212e-05
-7.98731e-06
3.7044e-06
6.98935e-05
-8.20694e-07
3.20305e-06
7.23885e-05
2.74957e-05
9.58488e-06
2.8219e-05
1.65759e-05
7.74247e-06
-0.00012089
-2.97649e-05
-9.37265e-05
-0.000424147
-4.00775e-05
-0.000270877
-0.000495528
5.69725e-06
-0.000314148
-0.000378382
0.000119943
-0.000172412
-0.000221092
0.000161724
0.000103799
-0.000122996
0.000211106
0.000516906
-5.0694e-05
0.000265169
0.000944351
2.53225e-05
-5.35398e-05
1.58305e-05
1.9244e-06
-4.11439e-05
5.55088e-06
4.31333e-06
-1.31423e-06
-4.32733e-06
5.97203e-06
4.75724e-05
-1.05023e-05
5.01548e-06
8.2824e-05
-8.84602e-06
3.0004e-06
8.43836e-05
1.38368e-05
1.03226e-05
5.6661e-05
2.33485e-05
-2.89876e-06
-0.000144301
1.96012e-05
-0.000185032
-0.000419459
1.22834e-05
-0.000296569
-0.000379779
0.000112357
-0.00023554
-0.000192915
0.000177531
5.41912e-05
-0.000103426
0.000201158
0.000496497
-3.78796e-05
0.000239938
0.00101225
2.11798e-05
-5.70635e-05
1.25087e-05
3.37216e-06
-4.14396e-05
3.80892e-06
6.91061e-06
6.86044e-06
-6.14163e-06
9.20099e-06
6.13048e-05
-1.31209e-05
7.11215e-06
0.000101417
-1.50882e-05
3.32413e-06
0.000103869
2.91628e-06
6.9906e-06
7.13415e-05
4.48768e-05
-6.9109e-05
-0.000235241
2.97386e-05
-0.000316381
-0.000342709
4.3193e-05
-0.000322114
-0.000167095
0.000192722
7.48933e-06
-5.24929e-05
0.000188865
0.000496104
-1.28703e-05
0.000196927
0.00109093
1.61344e-05
-5.91959e-05
8.36823e-06
6.23947e-06
-4.23164e-05
2.53263e-06
1.197e-05
1.68714e-05
-5.05919e-06
1.61972e-05
7.75175e-05
-1.23527e-05
1.55596e-05
0.000121951
-1.41148e-05
1.20123e-05
0.000108651
2.58199e-05
8.86855e-06
-1.80707e-05
4.66904e-05
-0.000271593
-0.000318833
-5.46686e-06
-0.000401418
-0.000201044
0.000157747
-4.32079e-05
7.57344e-06
0.000148975
0.000563831
7.68821e-06
0.000144077
0.00111299
9.33203e-06
-5.82391e-05
4.20049e-06
1.02754e-05
-2.93723e-05
2.49352e-06
1.75489e-05
2.44398e-05
-3.46545e-08
2.65065e-05
8.49329e-05
-7.86058e-06
3.86445e-05
0.000124869
-4.69999e-07
5.10159e-05
0.000104887
3.20519e-05
-7.14876e-05
-0.000180536
2.76483e-06
-0.000316364
-0.00024638
6.80106e-06
-0.000121865
-3.23673e-06
8.91224e-05
0.00047194
1.90867e-05
6.81141e-05
0.000954604
7.26926e-05
3.41664e-05
0.000175348
4.60558e-05
0.000264734
5.41188e-05
0.00032413
7.0442e-05
0.000367458
8.76693e-05
0.000401388
0.00011151
0.000430118
0.000135883
0.000455402
0.000164427
-4.10002e-05
2.49219e-05
2.25333e-05
-9.66358e-05
1.67449e-05
3.53732e-05
-8.10674e-05
3.86084e-05
3.96177e-05
-5.15375e-05
7.67325e-05
1.78236e-05
-3.55304e-05
0.000105999
1.38539e-05
-2.54186e-05
0.000131083
1.42847e-05
-1.95742e-05
0.000157846
2.43632e-05
-1.55004e-05
0.00018779
3.73755e-05
-1.23818e-05
0.000217811
5.28092e-05
2.64621e-05
2.74649e-05
-1.72949e-06
-3.53253e-05
2.91017e-05
9.90609e-06
-0.000119777
1.34673e-06
2.40021e-05
-0.00011457
-3.33022e-05
1.45068e-05
-7.65512e-05
-3.72569e-05
-1.18025e-05
-5.5567e-05
-2.92372e-05
-3.54911e-05
-4.59069e-05
-1.42202e-05
-4.6896e-05
-4.121e-05
9.64184e-06
-4.73844e-05
-3.65189e-05
3.95725e-05
-4.47335e-05
-3.12681e-05
7.05422e-05
-4.21621e-05
3.01423e-05
2.51377e-05
-1.73503e-05
3.09428e-05
3.29015e-05
-2.20964e-05
-1.30289e-05
3.83527e-05
-1.69392e-05
-9.80037e-05
1.83657e-05
7.38302e-06
-0.000115132
-2.7827e-05
-5.15237e-06
-8.88455e-05
-5.55278e-05
-4.55329e-05
-7.29187e-05
-6.2474e-05
-7.71029e-05
-6.90508e-05
-5.42894e-05
-9.64088e-05
-6.72454e-05
-3.57506e-05
-0.00010511
-6.25723e-05
-1.23636e-05
-0.000112524
-5.37287e-05
9.27983e-06
-0.000122844
2.26259e-05
1.84869e-05
-1.27813e-05
3.02628e-05
2.5885e-05
-3.22986e-05
3.01795e-05
3.32766e-05
-5.02477e-05
2.24214e-06
4.07777e-05
-5.98698e-05
-6.66008e-05
3.54963e-05
-4.75773e-05
-0.000102628
2.64881e-06
-4.90558e-05
-9.23688e-05
-2.98139e-05
-9.00738e-05
-8.80639e-05
-4.20382e-05
-0.000130265
-8.97663e-05
-3.81863e-05
-0.000151639
-8.94961e-05
-2.68468e-05
-0.000166147
-8.28413e-05
-1.60921e-05
-0.000183558
-6.8951e-05
-1.3511e-05
-0.000205107
1.49864e-05
1.12178e-05
-2.96407e-07
2.31744e-05
1.88985e-05
-2.30853e-05
2.8229e-05
2.59319e-05
-5.09777e-05
2.3166e-05
3.1521e-05
-8.48694e-05
-1.79737e-07
3.58404e-05
-0.000119029
-4.97548e-05
3.42119e-05
-0.000134528
-8.77715e-05
1.86208e-05
-0.000149014
-9.45506e-05
1.39298e-06
-0.000183457
-9.94478e-05
-1.50095e-06
-0.000210816
-0.000103301
8.39505e-07
-0.000229411
-0.000100859
-1.16886e-06
-0.000248062
-8.92502e-05
-1.40194e-05
-0.000272054
-6.78272e-05
-4.1822e-05
-0.000297207
8.07339e-06
3.51976e-06
1.22103e-05
1.44468e-05
1.06749e-05
-6.67745e-06
2.26783e-05
1.83499e-05
-3.3632e-05
2.4366e-05
2.4726e-05
-7.07519e-05
1.17936e-05
2.86955e-05
-0.000123594
-1.57244e-05
3.10119e-05
-0.000187738
-5.71974e-05
3.38819e-05
-0.000233876
-9.11977e-05
3.8383e-05
-0.000266256
-0.000105298
4.25402e-05
-0.000299712
-0.000108629
3.99981e-05
-0.000325485
-0.000106122
2.30478e-05
-0.000343422
-9.64847e-05
-1.06192e-05
-0.000361382
-7.63788e-05
-6.01362e-05
-0.000380694
-4.77147e-05
-0.000120158
-0.000392136
2.3209e-06
-2.28695e-06
1.59141e-05
6.09047e-06
2.71971e-06
7.42019e-06
1.34221e-05
9.63838e-06
-1.2313e-05
2.1174e-05
1.72001e-05
-4.29624e-05
1.75807e-05
2.38101e-05
-8.955e-05
-6.54925e-06
2.88259e-05
-0.000163035
-4.6535e-05
3.43025e-05
-0.000258054
-9.1235e-05
4.69479e-05
-0.000337482
-0.000119649
6.19182e-05
-0.000398054
-0.000123101
5.70808e-05
-0.000449724
-0.000111363
2.08789e-05
-0.000481631
-9.62501e-05
-4.13754e-05
-0.000492471
-7.59247e-05
-0.000116403
-0.000493754
-4.78117e-05
-0.000191359
-0.00048588
-1.67722e-05
-0.000249365
-0.000463268
-2.695e-06
-5.38732e-06
6.89794e-06
-5.18235e-09
-2.96894e-06
1.1528e-05
4.17434e-06
1.53366e-06
3.91367e-06
1.20635e-05
8.07138e-06
-1.5582e-05
1.76432e-05
1.61538e-05
-4.77972e-05
4.98536e-06
2.51244e-05
-0.000100606
-3.65349e-05
3.3911e-05
-0.000188114
-9.523e-05
4.2823e-05
-0.00030059
-0.000142364
5.34851e-05
-0.000405116
-0.000151593
4.9457e-05
-0.000501753
-0.000127553
4.85537e-06
-0.000579965
-9.46959e-05
-8.50295e-05
-0.000620765
-6.93347e-05
-0.00019215
-0.000620385
-4.345e-05
-0.000283095
-0.000591968
-1.52826e-05
-0.000335235
-0.000546221
7.78283e-06
-0.000339043
-0.00049022
-8.54171e-06
-5.98577e-06
-1.32112e-05
-4.31918e-06
-5.8298e-06
2.64971e-06
-1.87022e-06
-3.96585e-06
8.41196e-06
2.64271e-06
4.20667e-09
2.56663e-06
9.98719e-06
6.59381e-06
-1.45658e-05
1.04428e-05
1.65906e-05
-4.42191e-05
-1.52449e-05
2.93768e-05
-9.65725e-05
-7.54313e-05
4.05753e-05
-0.000184974
-0.000143801
4.53863e-05
-0.000297977
-0.000173743
3.96124e-05
-0.000409094
-0.000142437
3.02852e-06
-0.000525233
-7.92324e-05
-8.86534e-05
-0.000638945
-3.4342e-05
-0.000222574
-0.00069974
-1.60928e-05
-0.000339657
-0.000688594
-2.60754e-06
-0.000394606
-0.000631229
1.01078e-05
-0.000381549
-0.000558513
1.48404e-05
-0.000311978
-0.000486138
-1.60662e-05
-4.07175e-06
-3.97951e-05
-8.89473e-06
-6.45487e-06
-1.67672e-05
-5.39786e-06
-6.82827e-06
-4.13159e-07
-3.04871e-06
-5.46994e-06
7.04954e-06
1.37391e-06
-1.72215e-06
4.50824e-06
6.32886e-06
5.78513e-06
-6.91475e-06
-1.07607e-06
1.85291e-05
-2.82499e-05
-3.96505e-05
3.39686e-05
-7.00242e-05
-0.000109777
4.25358e-05
-0.000143071
-0.000168064
3.39769e-05
-0.00023744
-0.000158332
3.4237e-06
-0.000349054
-7.53331e-05
-7.04771e-05
-0.000508949
1.40875e-05
-0.000210377
-0.000678461
4.57688e-05
-0.000358978
-0.000746901
3.88193e-05
-0.000421676
-0.000709492
2.7296e-05
-0.000394667
-0.000629141
1.69376e-05
-0.000302429
-0.00054548
-1.25114e-06
-0.000162917
-0.000469291
-1.96789e-05
-5.45904e-05
-1.45775e-05
-4.38175e-06
-4.20199e-05
-8.84953e-06
-7.30108e-06
-1.9206e-05
-5.8396e-06
-8.29201e-06
-2.09341e-06
-3.59564e-06
-7.30081e-06
7.82906e-06
-7.08727e-08
-3.28688e-06
1.04253e-05
8.56324e-07
5.79044e-06
8.23773e-06
-1.45546e-05
2.10026e-05
6.1329e-07
-6.0019e-05
3.67232e-05
-2.30421e-05
-0.000124748
3.92649e-05
-7.28579e-05
-0.000155051
1.61556e-05
-0.000151595
-9.89038e-05
-4.1965e-05
-0.00029371
1.95202e-05
-0.000166175
-0.000539444
0.000100711
-0.000352416
-0.000744607
9.41164e-05
-0.000443745
-0.000771333
6.14845e-05
-0.000405768
-0.000697006
3.0452e-05
-0.000282376
-0.000605496
7.20844e-07
-0.000118838
-0.000521496
-3.68016e-05
7.78081e-05
-0.000447911
-1.6662e-05
-5.43792e-05
-1.27119e-05
-4.83336e-06
-4.30258e-05
-8.21358e-06
-8.45263e-06
-2.03888e-05
-5.65293e-06
-1.00517e-05
-2.19271e-06
-3.78144e-06
-9.19362e-06
1.10262e-05
-1.91668e-06
-4.46334e-06
2.05483e-05
-5.43665e-06
6.35525e-06
3.02196e-05
-2.6006e-05
2.27732e-05
3.90378e-05
-6.9907e-05
3.63612e-05
3.51834e-05
-0.00011698
3.16958e-05
2.53973e-06
-0.000112697
-6.22434e-06
-8.94534e-05
-2.06377e-05
-0.000101213
-0.000316258
0.000103786
-0.000291569
-0.000651232
0.00013283
-0.000457988
-0.000799827
9.65426e-05
-0.000432085
-0.000758519
4.97792e-05
-0.000276841
-0.000662535
9.79392e-06
-8.55256e-05
-0.000571347
-3.23755e-05
0.000128371
-0.00049081
-8.0584e-05
0.000359102
-0.000417829
-1.30526e-05
-5.29716e-05
-1.00916e-05
-5.43055e-06
-4.27007e-05
-6.81426e-06
-9.74478e-06
-2.02755e-05
-4.96476e-06
-1.18071e-05
-7.38718e-07
-3.87508e-06
-1.08105e-05
1.64769e-05
-4.06149e-06
-5.05058e-06
3.40559e-05
-1.09883e-05
7.13864e-06
5.62625e-05
-3.25728e-05
2.33091e-05
8.04769e-05
-6.81939e-05
3.33249e-05
9.09545e-05
-9.32118e-05
2.07022e-05
5.63745e-05
-5.90057e-05
-3.77457e-05
-9.53558e-05
4.84432e-05
-0.000190089
-0.000444696
0.000133776
-0.000423559
-0.000773599
0.000111386
-0.000469727
-0.000808385
6.25451e-05
-0.000307761
-0.000715613
2.14639e-05
-8.87035e-05
-0.000617723
-2.06009e-05
0.000140756
-0.000528519
-6.38541e-05
0.000371425
-0.000446094
-0.000110544
0.000601914
-0.000363215
-8.45013e-06
-5.04814e-05
-6.43276e-06
-6.06832e-06
-4.11836e-05
-4.64224e-06
-1.09654e-05
-1.90341e-05
-3.92881e-06
-1.3237e-05
2.0352e-06
-4.03485e-06
-1.18179e-05
2.3691e-05
-6.1058e-06
-5.02966e-06
4.94591e-05
-1.45111e-05
7.84039e-06
8.27964e-05
-3.34202e-05
2.26184e-05
0.000117738
-5.79616e-05
2.79105e-05
0.000130613
-6.37552e-05
4.10285e-06
6.38961e-05
-1.19978e-05
-8.9957e-05
-0.000196255
8.1561e-05
-0.000311554
-0.000632004
0.000102172
-0.000495613
-0.000828943
5.99886e-05
-0.00037994
-0.00076363
2.64866e-05
-0.000139996
-0.000659066
-6.02815e-06
0.000105084
-0.000560961
-3.83197e-05
0.000337388
-0.000468471
-7.01652e-05
0.000558504
-0.000375479
-0.000100978
0.000770435
-0.000277963
-2.59869e-06
-4.73365e-05
-1.70961e-06
-6.6212e-06
-3.89109e-05
-1.855e-06
-1.18114e-05
-1.70654e-05
-2.76864e-06
-1.39684e-05
5.69812e-06
-4.30388e-06
-1.19392e-05
3.18324e-05
-7.59829e-06
-4.31243e-06
6.48774e-05
-1.54559e-05
8.59882e-06
0.000106266
-2.94334e-05
2.10922e-05
0.000144488
-4.41347e-05
1.98185e-05
0.000143086
-3.90131e-05
-2.34089e-05
7.14561e-06
1.26783e-05
-0.000175026
-0.000381325
6.25176e-05
-0.000436143
-0.000776739
3.63985e-05
-0.000460436
-0.000804876
1.37794e-05
-0.000224567
-0.000697386
5.92674e-07
3.93706e-05
-0.000591091
-1.26505e-05
0.000284709
-0.000491673
-2.51242e-05
0.000511631
-0.000392123
-3.70267e-05
0.000724675
-0.000287956
-4.79248e-05
0.000941423
-0.000181834
0.000477439
0.000193305
0.000245127
-9.60158e-06
6.88099e-05
9.66358e-05
-2.46099e-05
-4.01716e-05
2.26121e-05
-4.15585e-05
-0.000133927
-2.40138e-05
-4.95205e-05
-0.000224229
-8.23284e-05
-4.16072e-05
-0.000311918
-0.000176068
-1.87114e-05
-0.00038459
-0.00027401
5.88548e-06
-0.000423642
-0.000294702
1.55534e-05
-0.000428655
-0.000195091
1.54634e-06
-0.000417664
1.56212e-05
-3.54906e-05
-0.000401489
0.000302921
-8.72478e-05
-0.000382843
0.000602393
-0.000138444
-0.00034787
0.000830832
-0.000159111
-0.000277251
0.000985096
-0.000126447
-0.000176646
0.00117979
-5.81883e-05
-7.69486e-05
4.4138e-06
-4.43139e-05
3.81249e-06
-6.87583e-06
-3.6667e-05
1.20444e-06
-1.19837e-05
-1.49404e-05
-1.71032e-06
-1.37341e-05
9.71285e-06
-4.63283e-06
-1.10472e-05
3.99842e-05
-8.24857e-06
-2.92196e-06
7.85611e-05
-1.37968e-05
9.52436e-06
0.00012352
-2.22376e-05
1.85459e-05
0.000156109
-3.14961e-05
6.51736e-06
0.000119774
-2.68016e-05
-7.09863e-05
-0.000122425
3.58136e-06
-0.000293415
-0.000595614
-2.37059e-06
-0.000486684
-0.000814931
-2.11396e-05
-0.000322652
-0.000727038
-1.18565e-05
-3.72117e-05
-0.00061371
-1.23501e-07
0.00023629
-0.000509943
1.26418e-05
0.000493174
-0.000410296
2.17252e-05
0.00073963
-0.000310511
2.79438e-05
0.000985704
-0.000202748
2.36291e-05
0.00124095
-9.11589e-05
1.41908e-05
0.00123101
1.20561e-05
-4.2249e-05
9.47546e-06
-6.65875e-06
-3.51535e-05
4.06328e-06
-1.12826e-05
-1.31462e-05
-9.77389e-07
-1.24437e-05
1.36059e-05
-4.97141e-06
-9.24267e-06
4.73353e-05
-7.97266e-06
-9.79999e-07
8.90527e-05
-9.83299e-06
1.03124e-05
0.000132068
-1.31089e-05
1.3961e-05
0.000148604
-2.35467e-05
-1.55382e-05
5.41601e-05
-3.47738e-05
-0.000143692
-0.000315708
-4.83569e-05
-0.000405161
-0.000740725
-7.33135e-05
-0.000419551
-0.000755438
-4.88412e-05
-0.000147654
-0.000634605
-7.46122e-06
0.000144572
-0.000524447
3.29933e-05
0.000433688
-0.000425516
6.86753e-05
0.000724882
-0.00033082
0.000100609
0.00103165
-0.00022946
0.000119511
0.00134842
-0.000116676
8.8969e-05
0.00129546
1.93925e-05
-4.16034e-05
1.45185e-05
-5.90636e-06
-3.48177e-05
6.26686e-06
-9.70521e-06
-1.19606e-05
-6.9399e-07
-1.02766e-05
1.70675e-05
-5.33353e-06
-6.84614e-06
5.33017e-05
-6.74538e-06
1.15589e-06
9.52297e-05
-3.64077e-06
1.05031e-05
0.000129712
-2.37407e-06
5.77687e-06
0.000119867
-2.57863e-05
-4.62897e-05
-5.37479e-05
-7.76842e-05
-0.000233081
-0.000509237
-0.000123103
-0.00044089
-0.000754532
-0.000104176
-0.000309552
-0.000665137
-4.01528e-05
-3.23361e-05
-0.000541132
2.91843e-05
0.000256749
-0.000432005
8.81422e-05
0.000568174
-0.000334931
0.000153806
0.000914945
-0.000239717
0.000200124
0.00130579
-0.000139754
0.000189927
0.00130057
2.54382e-05
-4.22534e-05
1.82387e-05
-4.63238e-06
-3.55225e-05
7.58271e-06
-7.42334e-06
-1.13387e-05
-8.91773e-07
-7.52325e-06
2.00545e-05
-5.78714e-06
-4.2522e-06
5.76487e-05
-4.46063e-06
3.01027e-06
9.59409e-05
5.65502e-06
9.28062e-06
0.0001148
9.54947e-06
-5.17447e-06
6.92321e-05
-4.62952e-05
-8.29193e-05
-0.000180669
-0.000147755
-0.000299539
-0.000610186
-0.000159972
-0.000416417
-0.000705794
-9.03494e-05
-0.000262583
-0.000586323
-1.06002e-06
-1.05565e-05
-0.000450618
7.62644e-05
0.000277797
-0.00033763
0.000162744
0.000618685
-0.000244788
0.000233931
0.00103636
-0.000164131
0.00027834
0.00127051
2.9415e-05
-4.38797e-05
2.03348e-05
-3.1065e-06
-3.6978e-05
8.02942e-06
-4.65302e-06
-1.10463e-05
-1.40435e-06
-4.41531e-06
2.27035e-05
-6.38007e-06
-1.57178e-06
6.02597e-05
-1.27203e-06
4.35038e-06
9.05878e-05
1.70848e-05
7.60454e-06
8.64363e-05
1.87283e-05
-1.54552e-05
-5.10403e-06
-8.35936e-05
-0.000112378
-0.000296047
-0.000188209
-0.000324675
-0.000626609
-0.000145144
-0.000402352
-0.000650657
-4.65446e-05
-0.000266381
-0.000511115
4.55673e-05
-2.37826e-05
-0.00036265
0.000136369
0.000274247
-0.00025807
0.000212311
0.000649516
-0.000186049
0.000362652
0.0012964
-0.000218123
0.000519164
3.10801e-05
-4.6243e-05
2.07381e-05
-1.35339e-06
-3.87953e-05
7.78779e-06
-1.96694e-06
-1.05463e-05
-2.29086e-06
-1.51853e-06
2.56924e-05
-7.16009e-06
5.66209e-07
6.182e-05
1.52305e-06
4.93541e-06
8.08514e-05
2.67086e-05
6.59552e-06
4.78744e-05
1.69094e-05
-1.87219e-05
-9.73491e-05
-0.000109448
-0.000127261
-0.000396032
-0.000168016
-0.000321314
-0.000613781
-0.000104192
-0.000384272
-0.00059015
1.25567e-05
-0.000238161
-0.00042178
0.000103749
1.19434e-05
-0.000280944
0.000171707
0.000327223
-0.000186572
0.000231461
0.00067899
-0.00011945
0.000193518
0.000765253
3.04679e-05
-4.91446e-05
1.98873e-05
-1.70954e-07
-4.03085e-05
6.97277e-06
3.63601e-07
-9.1518e-06
-3.51156e-06
1.2231e-06
3.00709e-05
-8.76991e-06
2.61751e-06
6.42508e-05
9.67061e-07
5.64455e-06
7.1731e-05
2.49052e-05
9.72964e-06
1.83164e-05
2.80528e-06
-1.13993e-05
-0.000171155
-8.90124e-05
-0.000127489
-0.000470813
-0.000105595
-0.000302632
-0.000576159
-3.78671e-05
-0.000316925
-0.000473298
8.48813e-05
-0.000129781
-0.000294735
0.000149348
0.000157564
-0.000174544
0.000205904
0.000541869
-8.5521e-05
0.000247883
0.000857413
2.82834e-05
-5.21059e-05
1.78595e-05
9.80583e-07
-4.12195e-05
5.68216e-06
2.49233e-06
-5.82236e-06
-5.54352e-06
3.61229e-06
3.74616e-05
-1.20943e-05
3.56123e-06
7.10667e-05
-6.65761e-06
4.92242e-06
7.47975e-05
8.41015e-06
1.11181e-05
3.02015e-05
2.81201e-06
-1.25485e-05
-0.0001816
-2.20056e-05
-0.000172726
-0.000480727
-3.80172e-05
-0.000286368
-0.000473023
6.00695e-05
-0.000207698
-0.000290814
0.000153713
6.35152e-05
-0.000156997
0.000197823
0.000463553
-6.63155e-05
0.000249379
0.00088421
2.48218e-05
-5.52983e-05
1.51236e-05
1.9405e-06
-4.14384e-05
4.07273e-06
4.61707e-06
-2.79457e-07
-7.61156e-06
6.34499e-06
4.76542e-05
-1.60227e-05
5.32408e-06
8.33413e-05
-1.58637e-05
5.93555e-06
8.94795e-05
-3.52178e-06
1.11301e-05
4.89992e-05
5.01858e-05
-6.13206e-05
-0.000273395
1.83619e-05
-0.000275028
-0.00042966
-1.31161e-07
-0.000274817
-0.00029719
0.00016948
1.90329e-05
-0.000134524
0.000194199
0.000443884
-5.61548e-05
0.000222115
0.000949178
2.08525e-05
-5.84488e-05
1.15939e-05
3.70541e-06
-4.15123e-05
2.5317e-06
7.8653e-06
8.14049e-06
-8.5555e-06
1.05296e-05
6.13247e-05
-1.8499e-05
8.90565e-06
0.000101922
-1.91613e-05
8.26087e-06
0.000107576
1.9412e-05
4.28435e-06
4.26785e-06
6.96892e-05
-0.000222668
-0.000351515
-1.55402e-05
-0.000355218
-0.000299579
0.000143249
-5.32602e-05
-9.18633e-05
0.000181595
0.000442925
-3.19444e-05
0.000193125
0.00102901
1.58668e-05
-5.95287e-05
8.11645e-06
7.12607e-06
-4.14429e-05
2.15892e-06
1.3882e-05
1.94634e-05
-5.43733e-06
1.8451e-05
7.99671e-05
-1.54434e-05
2.01925e-05
0.000121287
-7.71246e-07
2.79875e-05
8.9761e-05
5.56435e-05
-0.000112697
-0.000200951
1.41975e-05
-0.000391213
-0.000340526
-1.17971e-06
-0.000136698
-9.95759e-05
0.000157963
0.000500734
1.81904e-06
0.000132018
0.00105677
9.14924e-06
-5.71466e-05
4.45672e-06
1.03393e-05
-2.66636e-05
3.19783e-06
1.85101e-05
2.91809e-05
1.65973e-06
2.83143e-05
9.35484e-05
-4.63995e-06
4.30128e-05
0.000137426
1.32187e-05
5.01592e-05
-2.99778e-05
3.26732e-05
-0.000241585
-0.000288025
-4.56338e-05
-0.000165535
-0.000157088
7.58241e-05
0.000403702
-1.08335e-05
6.63751e-05
0.00090731
2.97195e-05
2.68916e-05
7.65451e-05
3.63082e-05
0.000181526
4.81787e-05
0.000269835
5.68611e-05
0.000328483
7.38745e-05
0.000371895
9.17321e-05
0.000406032
0.000116012
0.00043544
0.000140334
0.000460908
0.000168568
1.66991e-05
2.54294e-05
1.8132e-05
-4.55689e-05
2.39877e-05
2.54789e-05
-9.8886e-05
1.64382e-05
3.66136e-05
-8.02372e-05
4.21213e-05
3.98696e-05
-5.10164e-05
8.05595e-05
1.77068e-05
-3.5612e-05
0.00010962
1.53449e-05
-2.5697e-05
0.000134698
1.72084e-05
-2.03048e-05
0.000162825
2.84104e-05
-1.61221e-05
0.000193317
4.14607e-05
-1.31122e-05
0.00022367
5.60985e-05
2.53548e-05
2.18236e-05
4.91567e-06
2.36626e-05
2.74923e-05
7.12434e-06
-4.30925e-05
2.71638e-05
1.41149e-05
-0.000125977
-3.56124e-06
2.21911e-05
-0.00011478
-3.55267e-05
1.23956e-05
-7.61968e-05
-3.7353e-05
-1.63575e-05
-5.57288e-05
-2.96388e-05
-3.72794e-05
-4.70895e-05
-1.33247e-05
-4.59062e-05
-4.24178e-05
1.22466e-05
-4.48988e-05
-3.76947e-05
4.32731e-05
-4.23546e-05
-3.18351e-05
7.36993e-05
-4.11317e-05
1.95197e-05
1.8273e-05
5.5007e-06
2.82042e-05
2.55018e-05
-7.93338e-06
2.80571e-05
3.3194e-05
-1.48525e-05
-2.09568e-05
3.81839e-05
-1.35923e-05
-0.000108005
1.36894e-05
7.23592e-06
-0.000117556
-3.42572e-05
-1.15226e-05
-8.84322e-05
-6.00528e-05
-5.19111e-05
-7.36506e-05
-6.54444e-05
-8.03768e-05
-7.07473e-05
-5.47155e-05
-9.64768e-05
-6.89392e-05
-3.43293e-05
-0.000103715
-6.33465e-05
-1.07285e-05
-0.000112025
-5.34548e-05
8.53622e-06
-0.000124278
1.3338e-05
1.17048e-05
1.43468e-05
2.07875e-05
1.88116e-05
-3.36903e-06
2.70117e-05
2.61126e-05
-2.3961e-05
2.58012e-05
3.34805e-05
-4.5625e-05
-5.15869e-06
4.08279e-05
-6.02569e-05
-7.79189e-05
3.24171e-05
-4.92123e-05
-0.000105681
-4.16599e-06
-5.68179e-05
-9.2706e-05
-3.46977e-05
-9.92763e-05
-8.95385e-05
-4.32906e-05
-0.000135084
-9.16493e-05
-3.7032e-05
-0.00015312
-9.03568e-05
-2.58369e-05
-0.000166919
-8.20939e-05
-1.83001e-05
-0.00018594
-6.58568e-05
-2.19781e-05
-0.000209128
8.68562e-06
4.63709e-06
2.33519e-05
1.35961e-05
1.16411e-05
7.75693e-06
2.05601e-05
1.92245e-05
-1.43092e-05
2.30863e-05
2.60489e-05
-4.42713e-05
1.56854e-05
3.14036e-05
-8.43655e-05
-9.62328e-06
3.53576e-05
-0.000126311
-6.0699e-05
3.20716e-05
-0.000144504
-9.25656e-05
1.60189e-05
-0.000162291
-9.70788e-05
2.61138e-06
-0.000195802
-0.000101134
1.74548e-06
-0.00021923
-0.000103348
1.69658e-06
-0.000235065
-9.90088e-05
-6.27924e-06
-0.000253294
-8.45698e-05
-2.77448e-05
-0.000277957
-6.07418e-05
-6.54251e-05
-0.000301099
3.91227e-06
-1.29718e-06
2.43943e-05
7.09758e-06
3.92093e-06
1.78976e-05
1.28196e-05
1.11022e-05
1.11708e-06
1.90252e-05
1.86497e-05
-2.54577e-05
1.67582e-05
2.47076e-05
-6.5988e-05
3.2153e-07
2.84491e-05
-0.000127944
-2.88987e-05
3.09647e-05
-0.000202492
-7.04008e-05
3.59504e-05
-0.000252302
-9.92392e-05
4.34731e-05
-0.000287617
-0.000108384
4.62969e-05
-0.000320744
-0.000107281
3.59692e-05
-0.000342505
-0.000102222
7.84129e-06
-0.000355927
-8.9917e-05
-3.71255e-05
-0.00037042
-6.7308e-05
-9.65768e-05
-0.000384799
-3.73813e-05
-0.000160267
-0.000387346
-1.24612e-06
-4.66081e-06
1.30308e-05
1.55241e-06
-1.88084e-06
1.88995e-05
5.08016e-06
3.14849e-06
1.29448e-05
1.14481e-05
1.01017e-05
-4.6557e-06
1.61337e-05
1.75773e-05
-3.52718e-05
6.7602e-06
2.40791e-05
-8.66251e-05
-2.32214e-05
2.92794e-05
-0.000171367
-6.58991e-05
3.64737e-05
-0.000276944
-0.000108499
5.19204e-05
-0.000361374
-0.000127881
6.24811e-05
-0.000427186
-0.000121446
4.27758e-05
-0.000477746
-0.00010477
-1.19049e-05
-0.000501048
-8.81226e-05
-8.76674e-05
-0.00050244
-6.62409e-05
-0.00016856
-0.000493784
-3.70435e-05
-0.000239159
-0.000474347
-8.43804e-06
-0.000281296
-0.000439783
-8.22618e-06
-5.24813e-06
-9.14483e-06
-3.22003e-06
-4.88509e-06
7.66513e-06
-7.51991e-07
-2.54867e-06
1.44362e-05
3.10861e-06
1.97282e-06
9.4866e-06
9.55304e-06
8.60714e-06
-7.65824e-06
1.06679e-05
1.68467e-05
-3.9797e-05
-9.95864e-06
2.58495e-05
-9.78779e-05
-5.93467e-05
3.44851e-05
-0.000195902
-0.000118877
4.32605e-05
-0.000315322
-0.00015526
5.04058e-05
-0.000424572
-0.00014655
3.36333e-05
-0.00052644
-0.000110566
-3.26675e-05
-0.000601015
-7.84737e-05
-0.000139971
-0.000628833
-5.6745e-05
-0.000249384
-0.000613467
-3.26767e-05
-0.000326702
-0.000570457
-7.59389e-06
-0.000354043
-0.000513545
9.06413e-06
-0.000328524
-0.000450644
-1.775e-05
-3.47144e-06
-3.74582e-05
-8.8707e-06
-5.36159e-06
-1.37554e-05
-4.81035e-06
-5.34002e-06
3.38578e-06
-2.54799e-06
-3.54544e-06
1.14074e-05
1.46763e-06
4.96456e-07
8.50958e-06
6.61587e-06
7.40736e-06
-5.72708e-06
1.07407e-06
1.78283e-05
-3.48727e-05
-3.41184e-05
3.03445e-05
-9.1919e-05
-0.000101029
3.96605e-05
-0.000188035
-0.000161775
4.12077e-05
-0.000305892
-0.0001683
2.72837e-05
-0.000423407
-0.000111439
-2.71703e-05
-0.000550637
-4.35181e-05
-0.000142881
-0.00066106
-1.28195e-05
-0.000281602
-0.000699234
-4.16829e-06
-0.000376699
-0.000663539
3.33841e-06
-0.000397527
-0.000591319
1.01717e-05
-0.000350519
-0.000513229
4.53969e-06
-0.000247857
-0.000439183
-2.34105e-05
-5.40954e-05
-1.6607e-05
-3.7015e-06
-4.05678e-05
-9.26543e-06
-5.99884e-06
-1.72334e-05
-5.79732e-06
-6.43304e-06
4.55793e-07
-3.63577e-06
-5.08531e-06
1.03991e-05
-6.40678e-08
-1.12563e-06
1.13508e-05
1.80979e-06
6.92047e-06
3.6833e-06
-1.26378e-05
1.99888e-05
-1.62374e-05
-6.01875e-05
3.3943e-05
-6.13058e-05
-0.000132177
3.80421e-05
-0.000139744
-0.000172094
2.28848e-05
-0.000239889
-0.000128735
-1.97e-05
-0.000370031
-2.29974e-05
-0.000119279
-0.000557561
5.29857e-05
-0.000279808
-0.000709937
5.88673e-05
-0.000399495
-0.000733864
4.05149e-05
-0.000414764
-0.000668452
2.31922e-05
-0.000345513
-0.00057882
5.01373e-06
-0.000218759
-0.00049395
-2.48258e-05
-4.6649e-05
-0.000419013
-2.08455e-05
-5.48319e-05
-1.52726e-05
-4.18585e-06
-4.26231e-05
-9.21266e-06
-7.07926e-06
-1.94728e-05
-6.11036e-06
-8.09057e-06
-8.99098e-07
-4.15682e-06
-6.98933e-06
1.18526e-05
-1.91666e-06
-2.54066e-06
1.86959e-05
-4.7599e-06
7.26753e-06
2.12401e-05
-2.703e-05
2.23944e-05
1.59174e-05
-7.88172e-05
3.5231e-05
-1.01387e-05
-0.000138589
3.12324e-05
-6.63601e-05
-0.000141989
-1.76441e-06
-0.000162535
-4.93737e-05
-8.02451e-05
-0.000350939
7.94645e-05
-0.000242138
-0.000625437
0.000121653
-0.000412362
-0.000764848
9.3448e-05
-0.000437529
-0.000736508
5.087e-05
-0.000336792
-0.000643705
1.50031e-05
-0.000179686
-0.000549876
-2.40587e-05
1.56156e-05
-0.000467635
-7.34105e-05
0.000243444
-0.00039562
-1.78949e-05
-5.44124e-05
-1.34138e-05
-4.82252e-06
-4.33821e-05
-8.48919e-06
-8.48994e-06
-2.03289e-05
-5.83026e-06
-1.00812e-05
-4.93223e-07
-4.42694e-06
-8.96387e-06
1.60238e-05
-4.28324e-06
-3.55326e-06
3.06195e-05
-1.17485e-05
7.9507e-06
4.57482e-05
-3.79427e-05
2.35871e-05
5.71349e-05
-8.44309e-05
3.32291e-05
4.98482e-05
-0.000120687
2.03882e-05
3.36843e-06
-8.48546e-05
-3.3167e-05
-0.000131685
4.02759e-05
-0.000166376
-0.000433324
0.000146517
-0.000385444
-0.000736557
0.000130219
-0.000463042
-0.000787738
7.71383e-05
-0.000348076
-0.000701902
3.10638e-05
-0.000154809
-0.000602869
-1.65741e-05
6.58448e-05
-0.000512861
-6.77251e-05
0.000305695
-0.000433543
-0.000127542
0.000559939
-0.000358386
-1.41332e-05
-5.2761e-05
-1.0619e-05
-5.55155e-06
-4.27689e-05
-6.93438e-06
-1.00189e-05
-1.98244e-05
-5.0896e-06
-1.20249e-05
1.5824e-06
-4.7233e-06
-1.05765e-05
2.26362e-05
-6.92174e-06
-4.01869e-06
4.5972e-05
-1.74826e-05
8.569e-06
7.39218e-05
-4.29528e-05
2.32907e-05
9.99983e-05
-7.78142e-05
2.85195e-05
0.000102951
-8.77456e-05
4.90426e-06
3.76786e-05
-2.00747e-05
-8.212e-05
-0.00019529
0.000106624
-0.000288373
-0.00060499
0.000142038
-0.000475558
-0.000807674
9.00516e-05
-0.000391935
-0.000754302
4.27837e-05
-0.000169388
-0.000651242
-4.04755e-06
7.45233e-05
-0.000553484
-5.24167e-05
0.000321231
-0.000464239
-0.000103049
0.000566714
-0.000378019
-0.000155198
0.000809474
-0.000287645
-9.17366e-06
-5.00159e-05
-6.63866e-06
-6.32411e-06
-4.09563e-05
-4.56341e-06
-1.14183e-05
-1.81972e-05
-4.07194e-06
-1.35562e-05
5.02256e-06
-5.16279e-06
-1.15361e-05
3.10013e-05
-9.30866e-06
-3.95646e-06
6.29111e-05
-2.07749e-05
8.94418e-06
0.000101739
-4.2012e-05
2.17061e-05
0.000136476
-6.36342e-05
2.09887e-05
0.000133187
-5.21447e-05
-1.99185e-05
6.94894e-06
2.96278e-05
-0.000162796
-0.00036201
0.000112014
-0.000419874
-0.000757284
8.66939e-05
-0.000459322
-0.000799889
4.17236e-05
-0.000236347
-0.000695241
6.48266e-06
2.85901e-05
-0.000588474
-2.99526e-05
0.000282859
-0.000489139
-6.57846e-05
0.000522039
-0.000391354
-9.9775e-05
0.000748417
-0.00029072
-0.000128252
0.000973341
-0.000185888
-2.83627e-06
-4.67352e-05
-1.49745e-06
-6.9328e-06
-3.85394e-05
-1.60154e-06
-1.23438e-05
-1.59367e-05
-3.00851e-06
-1.42884e-05
9.2909e-06
-5.71135e-06
-1.15573e-05
4.01008e-05
-1.09535e-05
-3.25079e-06
7.93786e-05
-2.13155e-05
9.36847e-06
0.000125459
-3.6793e-05
1.90336e-05
0.000159783
-4.79727e-05
9.02991e-06
0.00012708
-2.50713e-05
-6.37875e-05
-0.000105871
4.42408e-05
-0.000280324
-0.00057785
6.0222e-05
-0.000485617
-0.000814189
2.18791e-05
-0.000335478
-0.000737007
4.59319e-06
-5.15704e-05
-0.000622907
-1.07342e-05
0.000219765
-0.000515544
-2.45464e-05
0.000467452
-0.000410315
-3.86307e-05
0.000694978
-0.000302077
-4.86682e-05
0.000921329
-0.000191258
-6.1936e-05
0.00116537
-8.18498e-05
0.000483175
0.000196937
0.000249733
-9.86733e-06
7.10754e-05
9.75651e-05
-2.46852e-05
-4.03554e-05
1.70507e-05
-3.98015e-05
-0.000136295
-4.03132e-05
-4.49623e-05
-0.00022667
-0.00011212
-3.37657e-05
-0.000309014
-0.000209296
-1.11074e-05
-0.000368113
-0.000280739
7.51114e-06
-0.000390677
-0.000251999
6.49947e-06
-0.000386206
-9.77241e-05
-2.18855e-05
-0.000370885
0.000165155
-7.31686e-05
-0.000352558
0.000499605
-0.000138585
-0.00033085
0.000823679
-0.00019458
-0.000283286
0.00105397
-0.000203829
-0.000192002
0.00121375
-0.000149287
-7.98347e-05
0.00118951
-5.01167e-05
4.66389e-06
-4.38372e-05
4.36086e-06
-7.22247e-06
-3.63603e-05
1.52158e-06
-1.25191e-05
-1.36666e-05
-2.13688e-06
-1.39835e-05
1.37535e-05
-6.27697e-06
-1.05623e-05
4.88749e-05
-1.16049e-05
-1.85895e-06
9.35246e-05
-1.93482e-05
9.81969e-06
0.000141712
-2.95506e-05
1.46613e-05
0.000164359
-3.63041e-05
-1.17406e-05
7.32386e-05
-1.54883e-05
-0.000136945
-0.000298231
1.41449e-05
-0.00040429
-0.00074055
-1.73316e-05
-0.000424074
-0.000769517
-2.22795e-05
-0.000140815
-0.00065001
-8.86897e-06
0.000160186
-0.000536206
5.11377e-06
0.000440793
-0.000429691
1.70625e-05
0.000704442
-0.000323503
2.36053e-05
0.000965585
-0.000213396
2.53666e-05
0.0012279
-9.55614e-05
1.15414e-05
0.00121728
1.26096e-05
-4.21643e-05
1.01828e-05
-7.00504e-06
-3.51422e-05
4.27558e-06
-1.17839e-05
-1.18684e-05
-1.66191e-06
-1.26249e-05
1.79001e-05
-6.81133e-06
-8.67915e-06
5.64571e-05
-1.12391e-05
2.59795e-08
0.00010378
-1.53287e-05
9.92556e-06
0.00014774
-2.18047e-05
6.49156e-06
0.000145952
-3.34716e-05
-4.50488e-05
-3.6851e-05
-3.73276e-05
-0.00024123
-0.000520037
-6.25866e-05
-0.000443019
-0.0007778
-6.89924e-05
-0.000259666
-0.000678621
-3.13288e-05
5.70501e-05
-0.000555914
1.5583e-05
0.000369305
-0.000446469
5.52297e-05
0.000677591
-0.00034532
9.46489e-05
0.00099758
-0.000237604
0.000113469
0.00132721
-0.000121608
9.22852e-05
0.00127642
1.99953e-05
-4.21059e-05
1.51248e-05
-6.23782e-06
-3.52311e-05
6.24752e-06
-1.01762e-05
-1.07804e-05
-1.70016e-06
-1.03994e-05
2.13725e-05
-7.31946e-06
-6.25912e-06
6.21957e-05
-9.71311e-06
2.12155e-06
0.00010881
-8.86545e-06
8.8924e-06
0.000141063
-1.39854e-05
-5.93544e-06
0.00010299
-4.89648e-05
-9.27592e-05
-0.000191451
-0.000103862
-0.000329699
-0.000664349
-0.000125162
-0.000383082
-0.000715822
-7.62903e-05
-0.000124048
-0.000587486
-2.98654e-06
0.000178663
-0.000461121
6.6277e-05
0.000499595
-0.000353443
0.000137653
0.000853787
-0.00024869
0.000190906
0.00125085
-0.000141758
0.000183039
0.00125611
2.58395e-05
-4.33496e-05
1.86159e-05
-4.97479e-06
-3.6313e-05
7.23321e-06
-7.83249e-06
-1.02893e-05
-2.19636e-06
-7.55566e-06
2.40923e-05
-7.86701e-06
-3.52694e-06
6.56196e-05
-6.89947e-06
3.81438e-06
0.000106979
4.41443e-07
6.53633e-06
0.000119675
-7.97378e-06
-2.21965e-05
3.51508e-05
-9.39836e-05
-0.000139511
-0.000330348
-0.000171157
-0.000359634
-0.000684032
-0.000136116
-0.000327928
-0.000649473
-4.64699e-05
-9.19246e-05
-0.000505026
4.22612e-05
0.000198263
-0.000367778
0.00013828
0.000539493
-0.000260353
0.00021276
0.000960013
-0.000168901
0.000263203
0.00120582
2.951e-05
-4.54552e-05
2.03451e-05
-3.35591e-06
-3.79319e-05
7.35809e-06
-4.97788e-06
-1.01112e-05
-3.09162e-06
-4.32415e-06
2.61987e-05
-8.38783e-06
-8.11166e-07
6.65942e-05
-3.21499e-06
5.33694e-06
9.75361e-05
1.12531e-05
4.01666e-06
8.23582e-05
-8.79533e-06
-3.42489e-05
-5.7592e-05
-0.000146665
-0.000169578
-0.000413952
-0.000185041
-0.000357892
-0.000654039
-0.000107523
-0.000324515
-0.000589181
-1.66614e-06
-0.000100431
-0.000420239
0.000107844
0.000196754
-0.000289254
0.000182202
0.000574056
-0.000193112
0.00033619
0.00121249
-0.000206873
0.000494555
3.07564e-05
-4.79253e-05
2.04975e-05
-1.74726e-06
-3.96777e-05
6.69577e-06
-2.17635e-06
-9.66903e-06
-4.378e-06
-1.39017e-06
2.84592e-05
-9.46517e-06
1.33008e-06
6.60621e-05
-5.70799e-07
6.28164e-06
8.26425e-05
1.74382e-05
4.315e-06
3.22382e-05
-1.74033e-05
-3.64105e-05
-0.000168048
-0.000151618
-0.000178928
-0.000475823
-0.000147002
-0.000342918
-0.000613717
-5.38718e-05
-0.000298128
-0.000514173
6.77013e-05
-5.40859e-05
-0.000338571
0.000148193
0.00026027
-0.000212842
0.00021008
0.000614448
-0.000126212
0.000177498
0.000716182
2.99137e-05
-5.09872e-05
1.92109e-05
-3.14556e-07
-4.10341e-05
5.57885e-06
3.59888e-07
-8.24157e-06
-6.37457e-06
1.40801e-06
3.20533e-05
-1.20343e-05
3.2927e-06
6.64818e-05
-3.56401e-06
7.88616e-06
7.0416e-05
8.50697e-06
9.39389e-06
-2.64442e-06
-1.98946e-05
-2.68895e-05
-0.000249105
-9.44457e-05
-0.000180774
-0.000520255
-8.48981e-05
-0.000299098
-0.00054712
2.34784e-05
-0.00018258
-0.000383913
0.000128388
0.000106452
-0.000218303
0.000184342
0.00048263
-0.000101832
0.000231091
0.000790174
2.75311e-05
-5.38757e-05
1.70085e-05
8.75834e-07
-4.15403e-05
3.86099e-06
2.62122e-06
-4.67573e-06
-9.01423e-06
3.74665e-06
3.862e-05
-1.72027e-05
4.15303e-06
7.29536e-05
-1.44701e-05
7.9053e-06
7.65477e-05
-1.04764e-05
1.01253e-05
1.44085e-05
3.01841e-05
-4.97362e-05
-0.000284657
-2.18869e-05
-0.000229229
-0.000497659
-3.6408e-05
-0.000236665
-0.000407796
0.00012607
2.95259e-05
-0.000213422
0.000179537
0.000411085
-8.9875e-05
0.000228358
0.000811644
2.4166e-05
-5.67118e-05
1.39916e-05
2.10601e-06
-4.13773e-05
2.27794e-06
5.10729e-06
1.15541e-06
-1.10382e-05
6.7794e-06
4.8622e-05
-2.19191e-05
6.66205e-06
8.59719e-05
-2.30587e-05
1.00742e-05
9.43603e-05
3.35067e-06
6.94857e-06
-3.28328e-06
8.76114e-05
-0.0001756
-0.000390812
-2.33883e-05
-0.000289398
-0.000407268
9.87067e-05
-1.95546e-05
-0.000214068
0.000172535
0.000401292
-8.28819e-05
0.000210515
0.000875627
2.01464e-05
-5.90626e-05
1.08733e-05
4.17151e-06
-4.06286e-05
1.27326e-06
8.86595e-06
1.06316e-05
-1.06626e-05
1.11698e-05
6.42248e-05
-2.30162e-05
1.07225e-05
0.000106968
-1.06777e-05
1.69159e-05
0.000104779
6.78128e-05
-7.17423e-05
-0.000159786
5.2591e-05
-0.000346585
-0.000398624
-1.56177e-05
-0.000119903
-0.000218526
0.000163576
0.000406626
-6.1188e-05
0.000173665
0.000955407
1.54418e-05
-5.87329e-05
7.93771e-06
7.4221e-06
-3.85203e-05
2.04462e-06
1.46453e-05
2.43609e-05
-5.33669e-06
1.81565e-05
8.89334e-05
-1.34305e-05
2.47765e-05
0.000133215
2.84862e-05
7.4244e-06
-4.56108e-05
7.88434e-05
-0.000280482
-0.000357937
-5.13913e-05
-0.000208346
-0.00026315
9.54986e-05
0.00043944
-5.79677e-05
0.00013148
0.000993478
8.4741e-06
-5.53142e-05
4.59681e-06
9.70779e-06
-2.25038e-05
4.21093e-06
1.80279e-05
3.51956e-05
1.78962e-06
2.56082e-05
0.000109102
-3.05424e-06
4.73003e-05
0.000143275
4.11479e-05
-6.82208e-05
-0.000244542
-8.59456e-06
-0.00019806
-0.000246932
2.21692e-05
0.000292757
-6.83238e-05
6.20603e-05
0.00083441
3.97452e-05
3.12075e-05
3.03048e-05
2.75046e-05
8.1203e-05
3.77211e-05
0.000187983
4.97763e-05
0.000274831
5.94828e-05
0.000333006
7.71403e-05
0.000376281
9.57751e-05
0.000410946
0.000120192
0.000440538
0.000144573
0.000466507
0.000172114
1.8498e-05
2.18196e-05
2.22672e-05
1.39147e-05
2.58483e-05
2.59791e-05
-5.0417e-05
2.27599e-05
2.64244e-05
-0.000100643
1.62128e-05
3.71517e-05
-7.87833e-05
4.58724e-05
3.85338e-05
-5.05499e-05
8.39309e-05
1.77288e-05
-3.55561e-05
0.000113074
1.67798e-05
-2.60482e-05
0.000138633
2.03458e-05
-2.08408e-05
0.000167782
3.23551e-05
-1.68521e-05
0.000199108
4.51679e-05
-1.35722e-05
0.000228856
5.87006e-05
1.35279e-05
1.74385e-05
2.23673e-05
2.39399e-05
2.20576e-05
1.45761e-05
2.04017e-05
2.7486e-05
1.44224e-05
-5.15239e-05
2.49321e-05
1.61523e-05
-0.000131099
-8.84097e-06
1.8558e-05
-0.000113607
-3.72382e-05
8.3038e-06
-7.5955e-05
-3.79999e-05
-2.04941e-05
-5.59924e-05
-2.98359e-05
-3.84425e-05
-4.80952e-05
-1.19217e-05
-4.44053e-05
-4.36207e-05
1.53496e-05
-4.23068e-05
-3.84873e-05
4.6884e-05
-4.04114e-05
-3.22571e-05
7.61028e-05
-4.08798e-05
1.05399e-05
1.2292e-05
2.84485e-05
1.79409e-05
1.86642e-05
1.5139e-05
2.57658e-05
2.59174e-05
5.47812e-07
2.48833e-05
3.36747e-05
-9.46232e-06
-2.96051e-05
3.7705e-05
-1.3196e-05
-0.000116785
8.38068e-06
3.43006e-06
-0.000117773
-4.03293e-05
-1.91807e-05
-8.82765e-05
-6.42746e-05
-5.75293e-05
-7.42738e-05
-6.75763e-05
-8.27956e-05
-7.23256e-05
-5.44186e-05
-9.57251e-05
-7.00536e-05
-3.25785e-05
-0.000102182
-6.3714e-05
-9.79922e-06
-0.000112085
-5.22571e-05
5.77927e-06
-0.00012662
8.38482e-06
5.67833e-06
3.50996e-05
1.18707e-05
1.20791e-05
2.27514e-05
1.84394e-05
1.91319e-05
5.68446e-06
2.30632e-05
2.63488e-05
-1.68499e-05
2.08711e-05
3.3701e-05
-4.37229e-05
-1.35028e-05
4.07689e-05
-6.47634e-05
-8.77121e-05
2.83872e-05
-5.47808e-05
-0.000106669
-1.03286e-05
-6.71055e-05
-9.30203e-05
-3.81493e-05
-0.000108493
-9.09072e-05
-4.32738e-05
-0.000139083
-9.28262e-05
-3.54365e-05
-0.000154056
-9.04416e-05
-2.58892e-05
-0.000167911
-8.00681e-05
-2.3203e-05
-0.000189232
-6.17152e-05
-3.51303e-05
-0.000213352
5.17123e-06
-7.97488e-08
3.3916e-05
7.68135e-06
5.00417e-06
2.9346e-05
1.18854e-05
1.20605e-05
1.58007e-05
1.71768e-05
1.95466e-05
-6.00777e-06
1.68826e-05
2.61366e-05
-3.91741e-05
7.29145e-06
3.13701e-05
-8.73887e-05
-1.96403e-05
3.46237e-05
-0.000138156
-7.08569e-05
3.01118e-05
-0.000158166
-9.57182e-05
1.51337e-05
-0.000178352
-9.92918e-05
5.56018e-06
-0.000208723
-0.000101495
4.52415e-06
-0.000227858
-0.000102163
-3.65772e-07
-0.000241054
-9.55901e-05
-1.61932e-05
-0.00025919
-7.85281e-05
-4.83471e-05
-0.000283831
-5.24572e-05
-9.55085e-05
-0.000302651
3.75518e-07
-3.92217e-06
2.03117e-05
3.17312e-06
-9.63567e-07
2.75986e-05
6.0222e-06
4.31689e-06
2.36819e-05
1.07314e-05
1.15194e-05
8.90879e-06
1.43224e-05
1.8882e-05
-1.78714e-05
7.66324e-06
2.46755e-05
-6.31639e-05
-1.22248e-05
2.82729e-05
-0.000136291
-4.26828e-05
3.15145e-05
-0.000221307
-8.30459e-05
3.95194e-05
-0.000273825
-0.000106184
4.87814e-05
-0.000311816
-0.000109254
4.60758e-05
-0.000343059
-0.000104199
2.41076e-05
-0.00035936
-9.69543e-05
-1.6604e-05
-0.000367636
-8.25687e-05
-7.31082e-05
-0.00037758
-5.75031e-05
-0.000139897
-0.000384728
-2.79615e-05
-0.000201451
-0.000375687
-7.58296e-06
-4.83058e-06
-4.05664e-06
-1.72811e-06
-4.25215e-06
1.38609e-05
7.89853e-07
-1.49399e-06
2.19424e-05
3.91999e-06
3.57774e-06
1.85984e-05
8.86403e-06
1.05443e-05
3.01008e-06
9.698e-06
1.79413e-05
-2.82158e-05
-5.93201e-06
2.4345e-05
-8.57646e-05
-4.14178e-05
3.00638e-05
-0.000182928
-8.55951e-05
3.93407e-05
-0.000297678
-0.000123627
5.5802e-05
-0.000386351
-0.000131289
5.65914e-05
-0.000456283
-0.000115743
1.76418e-05
-0.000502134
-9.65199e-05
-5.56795e-05
-0.00051501
-7.96916e-05
-0.000141788
-0.000506287
-5.65162e-05
-0.000222814
-0.000486313
-2.76963e-05
-0.000281321
-0.000454243
-3.55122e-06
-0.000299451
-0.000408478
-1.89125e-05
-3.2442e-06
-3.4249e-05
-8.50301e-06
-4.73135e-06
-9.71614e-06
-3.72327e-06
-4.44613e-06
8.42585e-06
-1.48631e-06
-2.14383e-06
1.74349e-05
1.8492e-06
2.41665e-06
1.52361e-05
6.24745e-06
9.15413e-06
3.4585e-07
1.97612e-06
1.75037e-05
-3.24056e-05
-2.7081e-05
2.64633e-05
-9.69405e-05
-8.3011e-05
3.47599e-05
-0.00020546
-0.000139535
4.29761e-05
-0.000330164
-0.000158809
4.43618e-05
-0.000444817
-0.000131048
9.86241e-06
-0.000549383
-8.85648e-05
-7.93675e-05
-0.000616595
-6.26384e-05
-0.000199367
-0.000629054
-4.51961e-05
-0.000302471
-0.000596695
-2.41464e-05
-0.000357349
-0.000539693
-3.61547e-06
-0.000354726
-0.000473582
4.145e-06
-0.000295765
-0.000406506
-2.65026e-05
-5.27343e-05
-1.80266e-05
-3.07166e-06
-3.83788e-05
-9.2213e-06
-4.86373e-06
-1.4327e-05
-5.25955e-06
-4.92358e-06
4.17564e-06
-3.20526e-06
-3.13954e-06
1.45581e-05
3.20019e-08
1.01606e-06
1.47447e-05
2.29379e-06
8.25058e-06
3.30943e-06
-1.0185e-05
1.89738e-05
-2.60065e-05
-5.46671e-05
3.07114e-05
-8.85354e-05
-0.000125069
3.76546e-05
-0.000191628
-0.000171495
3.43907e-05
-0.000313629
-0.000148736
9.52046e-06
-0.000440125
-7.00123e-05
-6.80908e-05
-0.000578442
-9.99751e-06
-0.000203031
-0.000676677
3.70056e-06
-0.000333524
-0.00068727
2.91567e-06
-0.000395823
-0.00062767
5.22285e-06
-0.000379069
-0.000544825
3.30729e-06
-0.000296077
-0.000463325
-1.46342e-05
-0.000158223
-0.000388895
-2.42529e-05
-5.44334e-05
-1.71369e-05
-3.40714e-06
-4.13445e-05
-9.60949e-06
-5.6423e-06
-1.76803e-05
-6.12092e-06
-6.11794e-06
1.44704e-06
-4.22258e-06
-4.72635e-06
1.40116e-05
-1.83736e-06
-4.95394e-07
1.86261e-05
-3.76318e-06
8.08443e-06
1.45341e-05
-2.57896e-05
2.11289e-05
-4.71365e-06
-8.11595e-05
3.29217e-05
-5.38858e-05
-0.000149499
3.18462e-05
-0.000137831
-0.00016319
8.7547e-06
-0.000247173
-8.32519e-05
-5.05097e-05
-0.000404954
3.29806e-05
-0.000180701
-0.00061022
8.00063e-05
-0.000344229
-0.000723591
6.35118e-05
-0.000412953
-0.000705771
3.65877e-05
-0.000381126
-0.000618584
1.28941e-05
-0.000271699
-0.000523793
-1.51736e-05
-0.000110009
-0.000439494
-5.89415e-05
9.72375e-05
-0.000365578
-2.19245e-05
-5.50313e-05
-1.58928e-05
-4.06871e-06
-4.32036e-05
-9.49106e-06
-6.96831e-06
-1.96464e-05
-6.29464e-06
-7.9793e-06
5.02229e-07
-4.74498e-06
-6.6941e-06
1.62695e-05
-4.18753e-06
-1.71693e-06
2.75242e-05
-1.13369e-05
8.70811e-06
3.44593e-05
-4.04936e-05
2.3213e-05
3.04383e-05
-9.63599e-05
3.23867e-05
5.95586e-07
-0.000144818
2.09613e-05
-6.49888e-05
-0.000113963
-2.44199e-05
-0.000189286
1.31848e-05
-0.000133049
-0.000432976
0.000129693
-0.000326742
-0.000694274
0.000125126
-0.00043953
-0.000757792
8.04013e-05
-0.000390428
-0.000686165
3.57775e-05
-0.000243115
-0.000585011
-8.30915e-06
-5.15111e-05
-0.000491032
-5.8074e-05
0.00017687
-0.000410726
-0.000122876
0.00043812
-0.000338812
-1.89818e-05
-5.44289e-05
-1.39685e-05
-4.87552e-06
-4.37088e-05
-8.62464e-06
-8.6471e-06
-2.01261e-05
-5.91206e-06
-1.0186e-05
1.49754e-06
-5.15886e-06
-8.68979e-06
2.15408e-05
-7.11298e-06
-2.56985e-06
4.12723e-05
-1.88272e-05
9.35832e-06
6.12679e-05
-5.00893e-05
2.36673e-05
7.37871e-05
-9.6371e-05
2.85753e-05
6.01792e-05
-0.000114914
5.70774e-06
-8.3735e-06
-4.01329e-05
-7.09208e-05
-0.000207123
0.000109502
-0.000253819
-0.000567872
0.000163415
-0.000446367
-0.000774652
0.000111616
-0.000416362
-0.00074105
5.73716e-05
-0.000232025
-0.000639295
4.55206e-06
-6.24527e-06
-0.000539395
-5.13599e-05
0.000242552
-0.000450787
-0.000113903
0.000507876
-0.000370636
-0.000184012
0.000784281
-0.000290182
-1.49821e-05
-5.25322e-05
-1.0926e-05
-5.75607e-06
-4.27923e-05
-6.87705e-06
-1.03925e-05
-1.91963e-05
-5.14099e-06
-1.22664e-05
4.28714e-06
-5.71982e-06
-1.02613e-05
2.93806e-05
-1.02299e-05
-2.94264e-06
5.83478e-05
-2.44803e-05
9.73047e-06
9.11354e-05
-5.29566e-05
2.24917e-05
0.000116926
-8.38311e-05
2.17204e-05
0.000106293
-7.1403e-05
-1.73438e-05
-7.8792e-06
3.52401e-05
-0.000147519
-0.000341805
0.000150408
-0.000393361
-0.000725629
0.000127584
-0.000453801
-0.000786736
6.62702e-05
-0.000259996
-0.000688263
1.67405e-05
-5.21422e-06
-0.000581777
-3.68172e-05
0.000259408
-0.000484806
-9.23626e-05
0.000521522
-0.000392478
-0.00014867
0.000780144
-0.000299801
-0.000203103
0.00103967
-0.000198501
-9.60153e-06
-4.96022e-05
-6.55371e-06
-6.62517e-06
-4.07404e-05
-4.30703e-06
-1.19219e-05
-1.71789e-05
-4.18519e-06
-1.38412e-05
8.44984e-06
-6.47787e-06
-1.11318e-05
3.88878e-05
-1.28982e-05
-2.86951e-06
7.66143e-05
-2.7349e-05
9.75902e-06
0.000119668
-4.98368e-05
1.98431e-05
0.000150621
-6.48028e-05
1.07924e-05
0.000119264
-2.74464e-05
-5.7242e-05
-9.62793e-05
7.96181e-05
-0.000264173
-0.000553139
0.000117008
-0.000473581
-0.000799851
6.18059e-05
-0.000342902
-0.000733287
2.17019e-05
-6.38331e-05
-0.000619941
-1.84365e-05
0.0002143
-0.000512223
-5.8506e-05
0.000475237
-0.000408387
-9.66865e-05
0.000718914
-0.000303803
-0.000128056
0.000957045
-0.000195044
-0.000154525
0.00120548
-8.50365e-05
-2.74323e-06
-4.62878e-05
-1.02043e-06
-7.30278e-06
-3.8246e-05
-1.22905e-06
-1.28873e-05
-1.464e-05
-3.28527e-06
-1.45111e-05
1.33381e-05
-7.32242e-06
-1.10343e-05
4.88743e-05
-1.46392e-05
-2.17011e-06
9.38978e-05
-2.74107e-05
9.75493e-06
0.000142749
-4.33204e-05
1.55309e-05
0.000167005
-4.67127e-05
-8.04537e-06
8.17001e-05
1.83125e-06
-0.000126678
-0.000276888
6.98178e-05
-0.000393251
-0.000725932
4.24012e-05
-0.000433074
-0.000776357
9.09288e-06
-0.000161209
-0.000658757
-7.16918e-06
0.000137554
-0.000542405
-2.34194e-05
0.000411097
-0.000430665
-3.84527e-05
0.000657069
-0.000316898
-5.09736e-05
0.000895394
-0.000201571
-6.11473e-05
0.00114713
-8.65153e-05
-5.28404e-05
0.00117204
0.000488293
0.000200291
0.000253804
-1.02704e-05
7.26603e-05
9.66849e-05
-2.41307e-05
-4.11811e-05
8.23808e-06
-3.75273e-05
-0.000138671
-6.14901e-05
-3.93837e-05
-0.000227357
-0.000144846
-2.62717e-05
-0.000300937
-0.000234854
-6.23623e-06
-0.000343988
-0.000267622
3.34869e-06
-0.000351588
-0.000182428
-1.21353e-05
-0.000340273
2.84813e-05
-5.62987e-05
-0.00032146
0.000346571
-0.000124782
-0.000300125
0.000723281
-0.000201483
-0.000271458
0.00107081
-0.000260446
-0.000202677
0.00130145
-0.000246052
-9.2452e-05
0.0012087
-0.000120212
5.16664e-06
-4.36563e-05
5.0764e-06
-7.5881e-06
-3.62314e-05
1.8444e-06
-1.30313e-05
-1.22406e-05
-2.6647e-06
-1.41069e-05
1.82453e-05
-8.12585e-06
-9.90309e-06
5.81779e-05
-1.53055e-05
-8.07286e-07
0.000108165
-2.5212e-05
9.53534e-06
0.00015667
-3.62516e-05
7.78299e-06
0.000159231
-3.53319e-05
-4.04714e-05
-2.14291e-05
3.29129e-06
-0.000235041
-0.000508148
6.02358e-06
-0.000449458
-0.000783813
-2.44712e-05
-0.000263194
-0.000691679
-1.88549e-05
6.50275e-05
-0.000567335
-2.3456e-06
0.000373545
-0.000451038
9.84956e-06
0.000659647
-0.000339524
2.17709e-05
0.000937012
-0.000222061
1.96088e-05
0.00120963
-0.000101277
1.4454e-05
0.00119954
1.32884e-05
-4.25018e-05
1.08757e-05
-7.36486e-06
-3.53712e-05
4.37725e-06
-1.22357e-05
-1.04411e-05
-2.51767e-06
-1.26383e-05
2.26204e-05
-8.84543e-06
-7.95838e-06
6.5913e-05
-1.48101e-05
9.87629e-07
0.000117761
-2.11652e-05
8.31714e-06
0.00015816
-3.01544e-05
-5.37103e-06
0.000122387
-3.82102e-05
-9.53807e-05
-0.00019351
-3.80985e-05
-0.000342112
-0.000686745
-7.26822e-05
-0.000363724
-0.000726241
-5.40269e-05
-4.78441e-05
-0.000595999
-6.81023e-06
0.000288856
-0.000471647
4.01077e-05
0.000618712
-0.000361428
8.3429e-05
0.000955298
-0.000248823
0.000111359
0.00129465
-0.000125501
8.73082e-05
0.00125053
2.05399e-05
-4.30706e-05
1.559e-05
-6.57623e-06
-3.58522e-05
5.98562e-06
-1.05559e-05
-9.43116e-06
-2.8842e-06
-1.02998e-05
2.60439e-05
-9.46764e-06
-5.35984e-06
7.12239e-05
-1.29513e-05
2.87229e-06
0.000120827
-1.47223e-05
5.49943e-06
0.000144735
-2.68423e-05
-2.55109e-05
5.455e-05
-7.29146e-05
-0.000160068
-0.000382196
-0.000120977
-0.000372638
-0.00072499
-0.000108179
-0.000224821
-0.000642988
-3.92936e-05
8.67414e-05
-0.000502743
3.77545e-05
0.000419358
-0.000376382
0.000119403
0.00078099
-0.000261776
0.000174531
0.00118654
-0.000146154
0.000177982
0.00119957
2.60571e-05
-4.4898e-05
1.86688e-05
-5.3006e-06
-3.72163e-05
6.59394e-06
-8.10566e-06
-9.03139e-06
-3.73365e-06
-7.26163e-06
2.8411e-05
-9.91711e-06
-2.50598e-06
7.3415e-05
-9.61572e-06
4.61854e-06
0.000115241
-5.83378e-06
8.62349e-07
0.000113643
-3.23972e-05
-4.52661e-05
-3.55555e-05
-0.0001444
-0.000205186
-0.000487088
-0.000163696
-0.000343918
-0.000689385
-9.46074e-05
-0.000182695
-0.000571613
-3.25857e-07
0.000107233
-0.000415336
0.000108617
0.000453556
-0.000282618
0.000184008
0.000874194
-0.000176347
0.000244179
0.00112892
2.93184e-05
-4.74126e-05
2.00111e-05
-3.57146e-06
-3.89008e-05
6.25296e-06
-5.12831e-06
-8.9215e-06
-4.96014e-06
-3.94484e-06
2.98568e-05
-1.04655e-05
3.75535e-07
7.24985e-05
-5.39734e-06
6.3019e-06
0.000100017
3.27547e-06
-1.49848e-06
6.37094e-05
-4.82351e-05
-5.55323e-05
-0.000140858
-0.000189262
-0.000223846
-0.000510358
-0.000152607
-0.000335909
-0.000637025
-5.72792e-05
-0.000188018
-0.000498179
6.62868e-05
0.000111577
-0.000333648
0.000151604
0.000492784
-0.0002114
0.000304081
0.00112224
-0.000196879
0.000465176
3.01586e-05
-4.99568e-05
1.96927e-05
-2.0188e-06
-4.03677e-05
5.18966e-06
-2.22011e-06
-8.50746e-06
-6.92809e-06
-1.01667e-06
3.1303e-05
-1.18643e-05
2.57051e-06
6.95429e-05
-3.67964e-06
8.10869e-06
7.89005e-05
5.81941e-06
1.17327e-06
-2.72656e-06
-5.66546e-05
-5.52634e-05
-0.000254987
-0.000167321
-0.000223285
-0.000522573
-0.00011568
-0.000310625
-0.000570432
1.53403e-05
-0.000138918
-0.000421205
0.000115303
0.000186063
-0.000251285
0.000180798
0.000542883
-0.00013774
0.000163474
0.000657582
2.90392e-05
-5.28505e-05
1.81596e-05
-3.81687e-07
-4.14957e-05
3.53624e-06
4.54216e-07
-7.01915e-06
-9.61465e-06
1.76383e-06
3.41239e-05
-1.5876e-05
4.6116e-06
6.83668e-05
-9.7523e-06
1.0815e-05
6.42082e-05
-6.55913e-06
8.44301e-06
-4.19735e-05
-1.52304e-05
-4.83887e-05
-0.00033613
-9.41777e-05
-0.000216054
-0.000531039
-5.5154e-05
-0.000227828
-0.000483146
9.04363e-05
4.41277e-05
-0.000285963
0.000159042
0.000412366
-0.000127553
0.000208588
0.000708106
2.65319e-05
-5.54065e-05
1.56172e-05
9.10554e-07
-4.15074e-05
1.57188e-06
2.8534e-06
-3.1326e-06
-1.29235e-05
3.96395e-06
4.06346e-05
-2.26644e-05
5.58966e-06
7.59497e-05
-2.37484e-05
1.03941e-05
7.68953e-05
-1.05069e-05
7.62621e-06
-2.91825e-05
6.7231e-05
-0.000122831
-0.000370753
-3.77871e-05
-0.000238401
-0.000481574
4.36073e-05
-1.84317e-05
-0.000304751
0.000146217
0.000350841
-0.000126869
0.000207241
0.000725036
2.30829e-05
-5.75827e-05
1.2781e-05
2.39298e-06
-4.06232e-05
1.44016e-07
5.5931e-06
3.41378e-06
-1.44004e-05
7.10022e-06
5.18608e-05
-2.73267e-05
8.50989e-06
9.17799e-05
-2.02707e-05
1.41958e-05
9.66335e-05
5.74823e-05
-4.21812e-05
-0.000126522
9.25853e-05
-0.000277564
-0.000442717
-2.04439e-05
-9.64652e-05
-0.000325561
0.000128155
0.000353336
-0.000130701
0.000183645
0.000782758
1.9242e-05
-5.8731e-05
1.00077e-05
4.43465e-06
-3.83213e-05
-1.12966e-07
9.22009e-06
1.46792e-05
-1.31878e-05
1.04289e-05
7.2306e-05
-2.39105e-05
1.5011e-05
0.000119283
1.60914e-05
4.9256e-06
4.05799e-05
0.000131787
-0.000213308
-0.000346133
-1.27475e-05
-0.000218813
-0.000338415
7.10604e-05
0.00034167
-0.000129143
0.000164019
0.000861672
1.43473e-05
-5.72212e-05
7.66314e-06
7.09959e-06
-3.40981e-05
1.87518e-06
1.42353e-05
3.05549e-05
-6.49468e-06
1.58822e-05
0.000106043
-8.2884e-06
2.47216e-05
0.000121095
7.74319e-05
-9.47961e-05
-0.000267628
2.68494e-05
-0.000246143
-0.000355623
7.55797e-06
0.000329609
-0.000138718
0.00010519
0.000892372
7.7042e-06
-5.33423e-05
4.15299e-06
8.74617e-06
-1.74205e-05
3.57986e-06
1.59387e-05
4.12414e-05
-2.04625e-06
1.88435e-05
0.000139545
4.96672e-07
2.00595e-05
5.44232e-05
5.23855e-05
-0.000169326
-0.000325735
-1.51359e-05
0.000185833
-0.000124883
5.51313e-05
0.000710949
4.91025e-05
3.32676e-05
3.94044e-05
3.59805e-05
3.13029e-05
2.69563e-05
8.63e-05
3.87382e-05
0.000194763
5.10443e-05
0.000279872
6.20537e-05
0.000337588
8.02661e-05
0.000380911
9.9751e-05
0.000415712
0.000124168
0.000445833
0.000148386
0.000471562
0.000175265
5.01883e-06
1.96391e-05
3.58758e-05
1.7718e-05
2.22465e-05
3.20546e-05
1.05474e-05
2.62636e-05
3.2291e-05
-5.54902e-05
2.11123e-05
2.54321e-05
-0.000101793
1.63171e-05
3.73669e-05
-7.69785e-05
4.94124e-05
3.63997e-05
-5.00539e-05
8.68419e-05
1.80405e-05
-3.55391e-05
0.000116595
1.83485e-05
-2.63229e-05
0.000142598
2.37437e-05
-2.15258e-05
0.000173205
3.61511e-05
-1.734e-05
0.000204513
4.83515e-05
-1.41479e-05
0.000233838
6.05455e-05
5.42004e-06
1.33269e-05
4.16352e-05
1.22031e-05
1.77188e-05
3.24011e-05
2.20847e-05
2.23169e-05
2.33879e-05
1.67607e-05
2.75107e-05
1.99316e-05
-6.03791e-05
2.23876e-05
1.56588e-05
-0.00013472
-1.41311e-05
1.33476e-05
-0.00011153
-3.90567e-05
3.0915e-06
-7.57767e-05
-3.89964e-05
-2.38522e-05
-5.6151e-05
-2.95727e-05
-3.89296e-05
-4.91186e-05
-9.89418e-06
-4.23837e-05
-4.44653e-05
1.86517e-05
-3.96759e-05
-3.92437e-05
5.02475e-05
-3.90396e-05
-3.21011e-05
7.71564e-05
-4.15203e-05
6.95762e-06
7.0471e-06
4.69106e-05
9.11804e-06
1.26527e-05
3.71618e-05
1.60029e-05
1.90855e-05
2.4362e-05
2.29614e-05
2.64124e-05
7.87085e-06
2.12935e-05
3.41967e-05
-6.413e-06
-3.91641e-05
3.69371e-05
-1.61267e-05
-0.000123662
2.538e-06
-3.52053e-06
-0.00011685
-4.60153e-05
-2.72837e-05
-8.77895e-05
-6.81149e-05
-6.22393e-05
-7.50136e-05
-6.9025e-05
-8.40974e-05
-7.34731e-05
-5.34526e-05
-9.42184e-05
-7.08624e-05
-3.09024e-05
-0.000100672
-6.32362e-05
-1.012e-05
-0.000113033
-5.03945e-05
-4.78096e-08
-0.000129669
5.6735e-06
1.46757e-06
4.42502e-05
7.39256e-06
5.98082e-06
4.14288e-05
1.01514e-05
1.24622e-05
3.11025e-05
1.55136e-05
1.94584e-05
1.41905e-05
1.84376e-05
2.65997e-05
-1.13469e-05
1.5334e-05
3.40982e-05
-4.51334e-05
-2.26128e-05
4.02658e-05
-7.37037e-05
-9.56231e-05
2.38149e-05
-6.41846e-05
-0.000105909
-1.56583e-05
-7.94264e-05
-9.38993e-05
-4.01993e-05
-0.000116976
-9.17369e-05
-4.21537e-05
-0.000142137
-9.33265e-05
-3.42399e-05
-0.000154556
-8.94325e-05
-2.76954e-05
-0.000169592
-7.69546e-05
-3.24341e-05
-0.000193517
-5.61588e-05
-5.40221e-05
-0.000217133
1.93628e-06
-2.70495e-06
2.87286e-05
4.5195e-06
1.73529e-07
3.73396e-05
6.59657e-06
5.36798e-06
3.54056e-05
9.76561e-06
1.24814e-05
2.37776e-05
1.29513e-05
1.98392e-05
1.61151e-06
9.58255e-06
2.62798e-05
-3.60484e-05
-1.73366e-06
3.12945e-05
-9.45912e-05
-3.01925e-05
3.38183e-05
-0.000154387
-7.93293e-05
2.84898e-05
-0.000175263
-9.89233e-05
1.61431e-05
-0.000196214
-0.000100484
9.21785e-06
-0.000222201
-0.000100674
4.97757e-06
-0.00023674
-9.96917e-05
-7.01004e-06
-0.000247516
-9.10824e-05
-3.32305e-05
-0.00026581
-7.10962e-05
-7.68525e-05
-0.00028891
-4.38502e-05
-0.000131429
-0.000300196
-6.59582e-06
-4.40035e-06
2.03404e-06
-2.16407e-08
-3.63238e-06
2.12249e-05
2.44997e-06
-6.42031e-07
3.0838e-05
4.80358e-06
4.72066e-06
2.95384e-05
8.09124e-06
1.19081e-05
1.66005e-05
8.44285e-06
1.90976e-05
-1.1089e-05
-2.82036e-06
2.46214e-05
-6.26708e-05
-2.5688e-05
2.83255e-05
-0.000148873
-5.69284e-05
3.28299e-05
-0.000243317
-9.52739e-05
4.44307e-05
-0.00029785
-0.000111211
5.20363e-05
-0.000337873
-0.000108058
3.86836e-05
-0.000365338
-9.98895e-05
2.3525e-06
-0.000374965
-9.14754e-05
-5.16101e-05
-0.00037737
-7.46189e-05
-0.000118149
-0.000381245
-4.80616e-05
-0.000187517
-0.000378317
-2.0512e-05
-0.000237656
-0.000355944
-1.97075e-05
-3.09357e-06
-3.01461e-05
-7.77602e-06
-4.43296e-06
-4.65131e-06
-2.20145e-06
-3.88167e-06
1.46778e-05
3.49357e-08
-1.10919e-06
2.50502e-05
2.57266e-06
4.01509e-06
2.43455e-05
5.5534e-06
1.09878e-05
1.06016e-05
1.80569e-06
1.82614e-05
-2.20137e-05
-2.03597e-05
2.47083e-05
-8.7178e-05
-6.06488e-05
3.11672e-05
-0.000197159
-0.000105132
4.25507e-05
-0.000318862
-0.00013424
5.6905e-05
-0.000411256
-0.000128628
4.20629e-05
-0.000483144
-0.00010629
-1.89095e-05
-0.000521199
-8.79555e-05
-0.000108823
-0.000522678
-7.13023e-05
-0.000200403
-0.000502614
-4.78663e-05
-0.000274213
-0.000469725
-2.09277e-05
-0.000311352
-0.000425053
-3.74864e-06
-0.000298469
-0.00036976
-2.92089e-05
-5.07982e-05
-1.89761e-05
-2.87527e-06
-3.52064e-05
-8.79864e-06
-4.30538e-06
-1.03292e-05
-4.18736e-06
-4.04888e-06
9.20917e-06
-2.20934e-06
-1.74493e-06
2.05439e-05
3.38043e-07
2.86852e-06
2.11566e-05
2.05404e-06
9.70143e-06
8.33104e-06
-8.48822e-06
1.81168e-05
-2.58083e-05
-4.59569e-05
2.69321e-05
-9.78701e-05
-0.000106226
3.47811e-05
-0.000216147
-0.000153859
4.17405e-05
-0.000345209
-0.000151374
3.35232e-05
-0.000465864
-0.000106088
-2.24792e-05
-0.00057022
-6.55177e-05
-0.000134644
-0.000625823
-4.84919e-05
-0.00025908
-0.000620277
-3.59961e-05
-0.000345296
-0.000569863
-1.87283e-05
-0.00037039
-0.000500104
-4.9389e-06
-0.000332903
-0.000428223
-9.79664e-06
-0.000235596
-0.000358195
-2.69419e-05
-5.31611e-05
-1.83484e-05
-2.78762e-06
-3.92951e-05
-9.54167e-06
-4.48009e-06
-1.48895e-05
-5.62676e-06
-4.55719e-06
5.0486e-06
-3.85151e-06
-2.74579e-06
1.78932e-05
-1.72332e-06
1.55886e-06
2.12627e-05
-3.09025e-06
9.12151e-06
1.24317e-05
-2.3148e-05
1.98993e-05
-1.78876e-05
-7.61484e-05
3.03906e-05
-8.63277e-05
-0.00014511
3.40424e-05
-0.000195707
-0.000169273
2.45514e-05
-0.000322608
-0.000113766
-1.57518e-05
-0.000461981
-2.36577e-05
-0.000118341
-0.000606526
1.69801e-05
-0.000264351
-0.000682855
1.32011e-05
-0.000370575
-0.000662237
5.79128e-06
-0.000393188
-0.000582783
5.40056e-07
-0.000336022
-0.000492551
-1.15528e-05
-0.00021548
-0.00040971
-4.46048e-05
-3.88455e-05
-0.000335922
-2.50401e-05
-5.47693e-05
-1.76131e-05
-3.20067e-06
-4.21289e-05
-9.88106e-06
-5.40467e-06
-1.80565e-05
-6.34296e-06
-5.88232e-06
2.5993e-06
-4.81306e-06
-4.38516e-06
1.79151e-05
-4.02379e-06
1.86125e-07
2.63e-05
-1.03848e-05
9.21063e-06
2.5444e-05
-4.01754e-05
2.18482e-05
5.99198e-06
-0.000101195
3.07746e-05
-4.80218e-05
-0.000159127
2.37436e-05
-0.000138546
-0.000138764
-9.27684e-06
-0.000263637
-2.5475e-05
-9.21668e-05
-0.000454864
8.29372e-05
-0.000251383
-0.000656348
9.18034e-05
-0.000385501
-0.000717757
6.05249e-05
-0.000404603
-0.000662449
2.64815e-05
-0.000319584
-0.000561428
-4.93227e-06
-0.000172325
-0.000464875
-4.54599e-05
2.67567e-05
-0.000381644
-0.000107453
0.000273973
-0.000308415
-2.28923e-05
-5.52326e-05
-1.63988e-05
-4.0256e-06
-4.37649e-05
-9.6325e-06
-6.97911e-06
-1.96921e-05
-6.36397e-06
-7.94611e-06
2.15299e-06
-5.3929e-06
-6.3753e-06
2.11071e-05
-6.9198e-06
-8.31657e-07
3.68107e-05
-1.88156e-05
9.99656e-06
4.76094e-05
-5.43659e-05
2.33442e-05
4.37101e-05
-0.00011118
2.8116e-05
8.21049e-06
-0.000140736
8.03668e-06
-7.1658e-05
-6.8977e-05
-5.47089e-05
-0.00023882
8.45735e-05
-0.000205212
-0.000529619
0.000155749
-0.000396187
-0.000729994
0.000116113
-0.000428867
-0.000723888
6.36598e-05
-0.000308663
-0.000626933
1.30175e-05
-0.00012345
-0.000521558
-4.04736e-05
0.000103851
-0.000428915
-0.000105184
0.000368125
-0.000349462
-0.00018445
0.000659991
-0.000275093
-1.98673e-05
-5.44478e-05
-1.43198e-05
-5.01103e-06
-4.39993e-05
-8.57957e-06
-8.90811e-06
-1.97547e-05
-5.89327e-06
-1.03285e-05
3.83451e-06
-6.01161e-06
-8.35059e-06
2.7558e-05
-1.04197e-05
-1.53996e-06
5.23018e-05
-2.64949e-05
1.05274e-05
7.63694e-05
-6.18906e-05
2.29628e-05
8.82881e-05
-0.000104171
2.20638e-05
6.41243e-05
-9.70323e-05
-1.39963e-05
-3.97071e-05
2.299e-05
-0.000126744
-0.000321994
0.000165926
-0.000353396
-0.00067641
0.0001552
-0.000452366
-0.000766307
8.63656e-05
-0.000313823
-0.000679377
3.10597e-05
-8.87683e-05
-0.00057111
-3.03739e-05
0.000169083
-0.000472383
-9.72095e-05
0.000445223
-0.000383298
-0.000170025
0.000734145
-0.000299155
-0.000252673
0.00103667
-0.000206483
-1.55531e-05
-5.23776e-05
-1.0949e-05
-6.03801e-06
-4.2799e-05
-6.61944e-06
-1.08228e-05
-1.83807e-05
-5.12836e-06
-1.24905e-05
7.40512e-06
-6.89831e-06
-9.8431e-06
3.66459e-05
-1.39492e-05
-1.85214e-06
7.09246e-05
-3.1782e-05
1.05951e-05
0.000107413
-6.19151e-05
2.07463e-05
0.000129933
-8.43136e-05
1.19609e-05
9.64586e-05
-3.89907e-05
-5.0444e-05
-9.34574e-05
0.000103109
-0.00024166
-0.000517049
0.00016466
-0.000452154
-0.000774975
9.45813e-05
-0.000354164
-0.000725374
3.96688e-05
-9.65079e-05
-0.000614955
-1.70525e-05
0.000184037
-0.000507803
-7.78726e-05
0.000465433
-0.000409361
-0.000139117
0.000741055
-0.000310967
-0.000199113
0.0010185
-0.000207579
-0.000248946
0.00129346
-9.61005e-05
-9.67389e-06
-4.93372e-05
-6.16712e-06
-7.00452e-06
-4.0571e-05
-3.88229e-06
-1.24435e-05
-1.59765e-05
-4.29855e-06
-1.40367e-05
1.23133e-05
-7.99642e-06
-1.05853e-05
4.72219e-05
-1.68224e-05
-1.77719e-06
9.02785e-05
-3.40098e-05
1.02457e-05
0.000135814
-5.61495e-05
1.65722e-05
0.000157624
-5.9198e-05
-5.00187e-06
7.94639e-05
1.34666e-05
-0.000116511
-0.00025563
0.000121059
-0.000376166
-0.000701845
9.76324e-05
-0.000429776
-0.000768243
3.78127e-05
-0.000171038
-0.00065482
-3.96904e-06
0.000129667
-0.000538521
-4.87645e-05
0.000415647
-0.000427297
-9.06981e-05
0.00068009
-0.000317326
-0.000128401
0.000935822
-0.00020516
-0.000154348
0.0011929
-8.92732e-05
-0.000124304
0.00119512
-2.34399e-06
-4.61195e-05
-3.09207e-07
-7.71238e-06
-3.80818e-05
-7.82844e-07
-1.33991e-05
-1.31778e-05
-3.63216e-06
-1.45977e-05
1.78137e-05
-9.13627e-06
-1.03329e-05
5.79917e-05
-1.86353e-05
-1.07512e-06
0.000108004
-3.3445e-05
9.60794e-06
0.000156854
-4.81327e-05
9.35005e-06
0.000161441
-3.66157e-05
-3.51283e-05
-8.62032e-06
3.88527e-05
-0.000221947
-0.000483806
7.17054e-05
-0.000447217
-0.000777511
2.24889e-05
-0.000285981
-0.000698569
-3.41148e-06
3.6524e-05
-0.000573183
-1.97286e-05
0.000338749
-0.000452683
-3.8651e-05
0.000609068
-0.000334171
-5.09271e-05
0.000862905
-0.000211718
-6.57558e-05
0.00112243
-9.15124e-05
-5.10877e-05
0.00115106
0.000493517
0.000203136
0.000256285
-1.02114e-05
7.36283e-05
9.36053e-05
-2.34223e-05
-4.22907e-05
-4.71848e-06
-3.42228e-05
-0.000140348
-8.73434e-05
-3.35487e-05
-0.000224611
-0.000176383
-2.00122e-05
-0.000286073
-0.00024545
-6.00674e-06
-0.000312122
-0.000227856
-8.91388e-06
-0.000308227
-8.16026e-05
-4.17433e-05
-0.0002918
0.00018997
-0.000105548
-0.000269955
0.00056153
-0.000190474
-0.000242627
0.000976084
-0.000282377
-0.000197301
0.00134288
-0.000326776
-0.000103566
0.00125413
-0.000203068
5.87915e-06
-4.38746e-05
5.87684e-06
-7.98085e-06
-3.63294e-05
2.11945e-06
-1.34736e-05
-1.06694e-05
-3.33441e-06
-1.40355e-05
2.31385e-05
-1.01825e-05
-9.07464e-06
6.77266e-05
-1.92552e-05
2.04696e-07
0.000121887
-3.10277e-05
8.16706e-06
0.000166095
-4.08946e-05
-3.36041e-06
0.000132805
-2.4755e-05
-9.03846e-05
-0.0001796
2.3734e-05
-0.00033997
-0.000679515
-1.07174e-05
-0.000374113
-0.000734888
-2.50777e-05
-5.02748e-05
-0.00060534
-1.24647e-05
0.000287928
-0.000476073
3.44378e-06
0.000601167
-0.000355903
1.54087e-05
0.000900192
-0.000234692
2.12022e-05
0.0011844
-0.000106677
1.01316e-05
0.00117543
1.39818e-05
-4.33351e-05
1.14875e-05
-7.70385e-06
-3.58468e-05
4.2907e-06
-1.25764e-05
-8.8621e-06
-3.54531e-06
-1.24192e-05
2.76858e-05
-1.10732e-05
-6.97558e-06
7.54271e-05
-1.85954e-05
1.72584e-06
0.000129941
-2.69149e-05
4.81221e-06
0.000160114
-3.68029e-05
-2.59375e-05
6.28437e-05
-3.70385e-05
-0.000168331
-0.00040322
-4.99815e-05
-0.00037819
-0.000743303
-6.86316e-05
-0.000169526
-0.000644119
-2.96501e-05
0.000187965
-0.000504759
2.05247e-05
0.00054565
-0.000381364
7.1742e-05
0.000900488
-0.000258965
0.000101028
0.00125102
-0.0001317
8.80244e-05
0.00121498
2.09453e-05
-4.45738e-05
1.57742e-05
-6.89265e-06
-3.66675e-05
5.47079e-06
-1.07563e-05
-7.90667e-06
-4.26847e-06
-9.81402e-06
3.09754e-05
-1.16592e-05
-4.16046e-06
7.99443e-05
-1.64085e-05
3.47826e-06
0.000129584
-2.08955e-05
-1.40475e-06
0.000135634
-4.32662e-05
-5.24334e-05
-4.22818e-05
-9.7604e-05
-0.000232953
-0.000568708
-0.000118507
-0.000299934
-0.000695073
-7.27878e-05
-2.23514e-05
-0.000555715
4.53253e-06
0.000323593
-0.000411841
9.45387e-05
0.000696179
-0.0002775
0.000156057
0.00110512
-0.000152416
0.000164613
0.00113297
2.60038e-05
-4.69231e-05
1.8367e-05
-5.56529e-06
-3.81725e-05
5.57922e-06
-8.1158e-06
-7.56009e-06
-5.39853e-06
-6.55623e-06
3.28413e-05
-1.20113e-05
-1.03336e-06
8.0557e-05
-1.22579e-05
5.00222e-06
0.000117902
-1.31494e-05
-7.34227e-06
9.20855e-05
-7.15805e-05
-7.06863e-05
-0.000146765
-0.000175797
-0.000252808
-0.000591672
-0.000130599
-0.000254616
-0.00063946
-4.71599e-05
2.09093e-06
-0.000476588
6.97604e-05
0.000353515
-0.000318772
0.000153472
0.00077909
-0.000189387
0.000220668
0.00103598
2.8817e-05
-4.96819e-05
1.91729e-05
-3.80858e-06
-3.97492e-05
4.77671e-06
-5.00463e-06
-7.50631e-06
-7.12657e-06
-3.15149e-06
3.35257e-05
-1.23436e-05
2.02038e-06
7.71998e-05
-8.00737e-06
7.26059e-06
9.55199e-05
-5.16015e-06
-6.88714e-06
2.5982e-05
-0.000102835
-7.85447e-05
-0.000240012
-0.000193671
-0.000259582
-0.000560323
-0.000118495
-0.000254699
-0.000567515
1.90467e-05
7.14189e-06
-0.00039745
0.000102099
0.000402038
-0.000229703
0.000268596
0.00100904
-0.000186
0.000431767
2.92248e-05
-5.22006e-05
1.84313e-05
-2.03122e-06
-4.08782e-05
3.10524e-06
-2.04318e-06
-7.10745e-06
-9.65414e-06
-2.95902e-07
3.41512e-05
-1.43942e-05
4.4237e-06
7.16838e-05
-7.5126e-06
1.03146e-05
6.74512e-05
-3.37216e-06
-1.55799e-06
-5.96996e-05
-8.11971e-05
-7.99838e-05
-0.000332337
-0.000160798
-0.000244052
-0.000522524
-5.95299e-05
-0.000214022
-0.000490955
7.10248e-05
9.21457e-05
-0.000307882
0.000150351
0.000454417
-0.000154136
0.000142616
0.000585808
2.78481e-05
-5.45885e-05
1.6517e-05
-3.4338e-07
-4.16497e-05
1.01975e-06
6.90096e-07
-5.4494e-06
-1.32627e-05
2.3416e-06
3.66735e-05
-1.98025e-05
6.60094e-06
6.96539e-05
-1.71885e-05
1.29465e-05
5.30723e-05
-8.01867e-06
6.21962e-06
-9.91726e-05
-5.98411e-06
-8.83162e-05
-0.00039072
-7.96405e-05
-0.000217361
-0.000499698
2.18189e-05
-5.40788e-05
-0.00036317
0.000119256
0.000317815
-0.00016446
0.000185309
0.000602478
2.50766e-05
-5.653e-05
1.39493e-05
1.06662e-06
-4.09411e-05
-1.25796e-06
3.13508e-06
-9.58128e-07
-1.67567e-05
4.33866e-06
4.41816e-05
-2.82302e-05
6.84449e-06
8.03357e-05
-2.4946e-05
1.19719e-05
7.71517e-05
2.71816e-05
-2.23392e-05
-9.94891e-05
8.94212e-05
-0.00019089
-0.000415186
-2.82126e-05
-0.000110803
-0.000381479
8.53153e-05
0.000267903
-0.000178985
0.000174491
0.000607315
2.17678e-05
-5.77558e-05
1.12233e-05
2.66749e-06
-3.89659e-05
-2.23104e-06
5.88884e-06
6.68558e-06
-1.82102e-05
6.91301e-06
5.8418e-05
-2.94684e-05
1.19474e-05
9.95182e-05
-3.98452e-06
9.51273e-06
6.49347e-05
0.000139576
-0.000142551
-0.000269438
5.16319e-05
-0.000215926
-0.000387689
2.93287e-05
0.000260942
-0.000191448
0.00015459
0.000661478
1.77335e-05
-5.77218e-05
9.00881e-06
4.41633e-06
-3.49175e-05
-1.87896e-06
8.88733e-06
1.99149e-05
-1.54825e-05
9.98125e-06
8.62582e-05
-2.00783e-05
1.30487e-05
0.000122884
7.47107e-05
-4.57059e-05
-0.000124352
0.00011813
-0.000270848
-0.000385458
-4.47607e-06
0.000213844
-0.000198572
0.000116529
0.000721182
1.30777e-05
-5.55314e-05
6.58342e-06
6.5173e-06
-2.88672e-05
-2.10973e-08
1.30138e-05
3.69608e-05
-1.0192e-05
1.13923e-05
0.000127456
-3.50584e-06
-1.19373e-06
3.14189e-05
0.000126031
-0.000195928
-0.000391552
-1.17433e-05
0.000190153
-0.000219576
7.54497e-05
0.000733328
6.74526e-06
-5.13718e-05
3.34152e-06
8.02993e-06
-1.2897e-05
2.45947e-06
1.33298e-05
4.42544e-05
-1.1336e-05
8.95293e-06
0.000161934
4.45468e-05
-5.39975e-05
-0.000105586
6.82037e-05
1.0072e-05
-0.000218199
4.92432e-05
0.000536816
4.42759e-05
3.88689e-05
4.91855e-05
4.11736e-05
3.86328e-05
3.91389e-05
3.23882e-05
2.53122e-05
9.20013e-05
3.96839e-05
0.000201804
5.21177e-05
0.000284893
6.46818e-05
0.000342297
8.33308e-05
0.000385363
0.000103767
0.000420781
0.000127685
0.000450687
0.000151912
0.000476833
0.000177793
-1.73538e-06
1.7049e-05
5.27176e-05
4.16936e-06
1.9896e-05
4.62206e-05
1.66113e-05
2.26675e-05
4.10872e-05
6.76711e-06
2.6595e-05
3.67597e-05
-6.06967e-05
1.9166e-05
2.28405e-05
-0.000102329
1.67405e-05
3.7615e-05
-7.50738e-05
5.26043e-05
3.41582e-05
-4.95565e-05
8.97151e-05
1.86826e-05
-3.53724e-05
0.000119952
2.02014e-05
-2.6707e-05
0.000147165
2.73586e-05
-2.19395e-05
0.000178426
3.96998e-05
-1.79748e-05
0.000209978
5.09295e-05
-1.43073e-05
0.000237479
6.15455e-05
3.91081e-06
9.2668e-06
5.86289e-05
4.10697e-06
1.35116e-05
5.08052e-05
1.06508e-05
1.80433e-05
4.19844e-05
2.00542e-05
2.2627e-05
3.11406e-05
1.26856e-05
2.76336e-05
2.32586e-05
-6.94752e-05
1.9376e-05
1.24208e-05
-0.000137044
-1.93795e-05
7.01582e-06
-0.000109305
-4.13555e-05
-2.11812e-06
-7.52364e-05
-3.9764e-05
-2.62315e-05
-5.64488e-05
-2.87163e-05
-3.8687e-05
-4.98292e-05
-7.61303e-06
-3.97783e-05
-4.5335e-05
2.21287e-05
-3.70979e-05
-3.94628e-05
5.28074e-05
-3.84773e-05
-3.17201e-05
7.6316e-05
-4.29185e-05
5.10545e-06
3.6727e-06
5.52089e-05
6.04425e-06
7.28272e-06
5.35727e-05
7.51705e-06
1.30364e-05
4.57945e-05
1.36574e-05
1.95581e-05
3.30271e-05
1.97992e-05
2.69275e-05
1.37377e-05
1.72032e-05
3.4902e-05
-6.28363e-06
-4.88585e-05
3.517e-05
-2.25489e-05
-0.000128014
-3.92056e-06
-1.32583e-05
-0.000114981
-5.15066e-05
-3.48416e-05
-8.74952e-05
-7.19543e-05
-6.5731e-05
-7.54919e-05
-6.95957e-05
-8.42138e-05
-7.44386e-05
-5.20481e-05
-9.19752e-05
-7.09609e-05
-2.97437e-05
-9.95347e-05
-6.21151e-05
-1.28918e-05
-0.000115043
-4.73161e-05
-1.01288e-05
-0.000133116
3.06624e-06
-7.75429e-07
3.83119e-05
5.17927e-06
1.60754e-06
4.79043e-05
6.34011e-06
6.28967e-06
4.78003e-05
8.10958e-06
1.28532e-05
3.93112e-05
1.19555e-05
1.97836e-05
2.19549e-05
1.3086e-05
2.69531e-05
-7.74849e-06
9.3803e-06
3.44781e-05
-5.04978e-05
-3.18062e-05
3.91378e-05
-8.74468e-05
-0.000100251
1.87207e-05
-7.7666e-05
-0.000105641
-2.01023e-05
-9.28246e-05
-9.46811e-05
-4.04669e-05
-0.000124481
-9.21438e-05
-4.05365e-05
-0.000144386
-9.29035e-05
-3.39328e-05
-0.000155122
-8.75394e-05
-3.31891e-05
-0.000172395
-7.2332e-05
-4.75483e-05
-0.00019877
-4.98091e-05
-7.93889e-05
-0.000219143
-5.3019e-06
-3.41323e-06
9.17288e-06
1.68594e-06
-2.55259e-06
2.9697e-05
3.891e-06
4.21679e-07
4.07848e-05
5.37007e-06
5.75687e-06
4.15056e-05
7.18575e-06
1.28913e-05
3.15772e-05
7.80195e-06
2.01415e-05
8.34154e-06
1.27945e-06
2.64099e-05
-3.53088e-05
-1.13054e-05
3.13347e-05
-0.00010653
-4.08684e-05
3.26295e-05
-0.00017462
-8.74507e-05
2.79135e-05
-0.000194879
-0.000101757
1.89027e-05
-0.000215369
-0.000100399
1.17174e-05
-0.000236615
-9.86822e-05
1.25849e-06
-0.000246231
-9.66908e-05
-2.07968e-05
-0.000254752
-8.54962e-05
-5.90422e-05
-0.00027276
-6.31145e-05
-0.000113795
-0.000291509
-3.58444e-05
-0.000169885
-0.000291379
-2.01123e-05
-2.96112e-06
-2.52812e-05
-6.68168e-06
-4.14712e-06
1.40698e-06
-4.13837e-07
-3.36918e-06
2.21158e-05
1.72706e-06
-3.14449e-07
3.41215e-05
3.39431e-06
5.12533e-06
3.54411e-05
4.80351e-06
1.22945e-05
2.40984e-05
1.37938e-06
1.92506e-05
-5.34272e-06
-1.45489e-05
2.46694e-05
-6.48724e-05
-3.99471e-05
2.86818e-05
-0.000165469
-7.24315e-05
3.54235e-05
-0.000267042
-0.000106448
4.96567e-05
-0.000323285
-0.000113628
5.03149e-05
-0.000364523
-0.000104842
2.15733e-05
-0.000386025
-9.5754e-05
-3.0909e-05
-0.000387887
-8.59094e-05
-9.71204e-05
-0.000383812
-6.71007e-05
-0.000170143
-0.000379405
-3.98851e-05
-0.00023351
-0.000363526
-1.69487e-05
-0.000261157
-0.000327056
-3.17587e-05
-4.82596e-05
-1.96126e-05
-2.78292e-06
-3.1209e-05
-7.99067e-06
-4.09602e-06
-5.29309e-06
-2.64105e-06
-3.52837e-06
1.5502e-05
-7.09753e-07
-7.156e-07
2.82233e-05
9.74698e-07
4.4625e-06
3.01756e-05
1.44592e-06
1.14027e-05
1.80123e-05
-7.5882e-06
1.85698e-05
-1.68277e-05
-3.61764e-05
2.51434e-05
-9.0983e-05
-8.05586e-05
3.25672e-05
-0.000212885
-0.00012238
4.55566e-05
-0.000339023
-0.000138397
5.27947e-05
-0.000434989
-0.000119418
1.71096e-05
-0.000505853
-9.52244e-05
-6.67152e-05
-0.000533621
-7.94949e-05
-0.000168967
-0.000523133
-6.40382e-05
-0.000258895
-0.000489913
-4.11025e-05
-0.000315423
-0.000443304
-1.84505e-05
-0.000322525
-0.000387509
-1.14711e-05
-0.00027028
-0.000325682
-2.92761e-05
-5.13835e-05
-1.9102e-05
-2.56725e-06
-3.62417e-05
-9.07528e-06
-3.94645e-06
-1.09474e-05
-4.58143e-06
-3.67816e-06
1.00476e-05
-2.92196e-06
-1.34454e-06
2.37704e-05
-1.46353e-06
3.32665e-06
2.72127e-05
-3.13376e-06
1.02487e-05
1.61857e-05
-2.05996e-05
1.86412e-05
-2.01185e-05
-6.58472e-05
2.71676e-05
-0.000100605
-0.000127047
3.45093e-05
-0.000227018
-0.000158883
3.85099e-05
-0.000360616
-0.000131702
1.61852e-05
-0.000486618
-7.47696e-05
-6.61687e-05
-0.00058761
-4.4164e-05
-0.000195937
-0.000627847
-3.7683e-05
-0.000313537
-0.000601179
-2.99299e-05
-0.000372117
-0.000532444
-1.81519e-05
-0.000360693
-0.000453649
-1.43773e-05
-0.000283225
-0.000377792
-3.44499e-05
-0.000143012
-0.00030696
-2.73928e-05
-5.364e-05
-1.86547e-05
-2.57116e-06
-4.02141e-05
-9.79488e-06
-4.18613e-06
-1.53977e-05
-5.89604e-06
-4.23706e-06
6.0423e-06
-4.48878e-06
-2.36564e-06
2.14371e-05
-3.85579e-06
2.12436e-06
2.80324e-05
-9.5487e-06
9.9561e-06
2.14819e-05
-3.75545e-05
2.04913e-05
-1.06608e-05
-9.72091e-05
2.91168e-05
-8.54325e-05
-0.000158255
2.88086e-05
-0.000200872
-0.000152524
1.10084e-05
-0.00033564
-6.58585e-05
-4.90803e-05
-0.000490891
1.99226e-05
-0.000176917
-0.000630979
3.38749e-05
-0.00031826
-0.000677275
1.7586e-05
-0.000387872
-0.000624645
1.55797e-06
-0.000364214
-0.000529694
-1.11938e-05
-0.000266376
-0.000435417
-3.66623e-05
-0.000104307
-0.000353066
-8.99284e-05
0.000117176
-0.000280667
-2.57872e-05
-5.51052e-05
-1.80106e-05
-3.07576e-06
-4.28957e-05
-1.0031e-05
-5.27344e-06
-1.83199e-05
-6.43607e-06
-5.71897e-06
3.95307e-06
-5.43921e-06
-4.03487e-06
2.21272e-05
-6.65432e-06
9.05777e-07
3.42799e-05
-1.80139e-05
1.02568e-05
3.61781e-05
-5.52092e-05
2.20175e-05
1.55433e-05
-0.000118607
2.74039e-05
-4.42969e-05
-0.00015802
1.35311e-05
-0.000144105
-9.76914e-05
-3.30054e-05
-0.000294119
4.05691e-05
-0.000147956
-0.000514326
0.000116547
-0.000320481
-0.000682205
9.0779e-05
-0.000401317
-0.000695747
4.95121e-05
-0.000360991
-0.000606925
9.49413e-06
-0.000231532
-0.000498721
-3.21568e-05
-4.42778e-05
-0.000402177
-9.01903e-05
0.000197473
-0.000320152
-0.000170842
0.000486042
-0.000246545
-2.3709e-05
-5.54592e-05
-1.67354e-05
-4.09347e-06
-4.42836e-05
-9.59886e-06
-7.09103e-06
-1.95813e-05
-6.31086e-06
-7.96077e-06
4.10273e-06
-6.12578e-06
-6.01571e-06
2.63502e-05
-1.01538e-05
8.79037e-08
4.63942e-05
-2.70104e-05
1.10679e-05
6.03473e-05
-6.80061e-05
2.27146e-05
5.51805e-05
-0.000121534
2.22312e-05
1.13408e-05
-0.000123986
-8.3962e-06
-9.10539e-05
-5.95157e-06
-9.90544e-05
-0.00031608
0.000148695
-0.000291928
-0.000616693
0.000157749
-0.000429044
-0.000732412
9.74462e-05
-0.000371421
-0.000672246
4.11775e-05
-0.000200046
-0.00056048
-1.84411e-05
2.45026e-05
-0.000454159
-8.55883e-05
0.000290186
-0.000362611
-0.000164509
0.00058687
-0.000281866
-0.000265637
0.00091193
-0.000197982
-2.05134e-05
-5.45402e-05
-1.4409e-05
-5.24203e-06
-4.42532e-05
-8.32725e-06
-9.23553e-06
-1.91931e-05
-5.77471e-06
-1.04684e-05
6.54452e-06
-7.03143e-06
-7.932e-06
3.40278e-05
-1.41695e-05
-4.99651e-07
6.34912e-05
-3.45297e-05
1.14011e-05
9.06266e-05
-7.26118e-05
2.13395e-05
9.96643e-05
-0.000105811
1.30326e-05
5.85528e-05
-6.19183e-05
-4.23722e-05
-0.000101196
0.000102333
-0.000208637
-0.00046603
0.000192779
-0.000423844
-0.000733103
0.000121176
-0.000390924
-0.00071584
5.93808e-05
-0.000178324
-0.000609559
-4.38314e-06
8.35619e-05
-0.000498275
-7.65961e-05
0.000371813
-0.000400262
-0.000153239
0.000672092
-0.000307132
-0.00023999
0.000990988
-0.0002126
-0.000321044
0.00131358
-0.000105087
-1.57787e-05
-5.23521e-05
-1.06579e-05
-6.37193e-06
-4.28196e-05
-6.15723e-06
-1.12867e-05
-1.73628e-05
-5.07994e-06
-1.26444e-05
1.09332e-05
-8.27349e-06
-9.29642e-06
4.43116e-05
-1.80264e-05
-7.7024e-07
8.34377e-05
-3.91264e-05
1.10959e-05
0.000122129
-6.90638e-05
1.76734e-05
0.00013709
-7.66472e-05
-2.3658e-06
6.5786e-05
1.2903e-05
-0.000103992
-0.000230617
0.000163499
-0.00034977
-0.000661929
0.000144653
-0.000421954
-0.000754248
6.1819e-05
-0.000195173
-0.00065074
5.83449e-06
9.49102e-05
-0.000535646
-6.01227e-05
0.000395976
-0.000426999
-0.000125858
0.000691347
-0.000324502
-0.000193883
0.000987981
-0.000214979
-0.000244573
0.00127726
-0.000101165
-0.000207868
0.00124159
-9.41681e-06
-4.92961e-05
-5.49105e-06
-7.39305e-06
-4.04863e-05
-3.32412e-06
-1.2933e-05
-1.4592e-05
-4.44591e-06
-1.40979e-05
1.65846e-05
-9.72548e-06
-9.88711e-06
5.58651e-05
-2.10172e-05
-6.73713e-07
0.000103525
-4.04038e-05
1.02256e-05
0.000149068
-5.99809e-05
1.10083e-05
0.000153414
-4.21397e-05
-3.04395e-05
-1.13554e-06
6.93519e-05
-0.000207456
-0.000454896
0.000133521
-0.00043391
-0.00075957
6.3633e-05
-0.000288847
-0.000691605
1.05011e-05
2.9623e-05
-0.000568702
-3.50546e-05
0.000340798
-0.000448356
-8.36965e-05
0.000630405
-0.000332576
-0.000124404
0.000906806
-0.000214841
-0.00015784
0.00117505
-9.52303e-05
-0.000122696
0.00117745
-1.66649e-06
-4.63263e-05
5.70197e-07
-8.10941e-06
-3.81239e-05
-3.19135e-07
-1.38276e-05
-1.15625e-05
-4.08765e-06
-1.44876e-05
2.26661e-05
-1.11619e-05
-9.45147e-06
6.72914e-05
-2.28149e-05
-1.02092e-08
0.000121127
-3.90579e-05
8.5437e-06
0.000165638
-4.94959e-05
-9.13559e-07
0.000135774
-1.43761e-05
-8.21128e-05
-0.000158895
7.54935e-05
-0.000327747
-0.000655085
5.2675e-05
-0.00038914
-0.000737778
5.90487e-06
-8.32907e-05
-0.000609754
-1.69785e-05
0.000247157
-0.000477087
-3.53132e-05
0.000546682
-0.00035155
-5.38765e-05
0.000822543
-0.000224532
-6.25291e-05
0.00109112
-9.6689e-05
-5.40166e-05
0.00112369
0.000497724
0.000205895
0.000257665
-1.03294e-05
7.42591e-05
8.73771e-05
-2.1889e-05
-4.31644e-05
-2.20774e-05
-3.06125e-05
-0.000139957
-0.000115583
-2.7856e-05
-0.000216614
-0.000199881
-1.71162e-05
-0.000262939
-0.000232449
-1.25626e-05
-0.000273455
-0.000154595
-3.24328e-05
-0.000261633
5.76577e-05
-8.58711e-05
-0.000243123
0.000394987
-0.000170936
-0.000217514
0.000812239
-0.000280854
-0.000174594
0.00126194
-0.000370457
-0.000103705
0.0012694
-0.000287237
6.68669e-06
-4.45997e-05
6.66923e-06
-8.35314e-06
-3.66775e-05
2.27059e-06
-1.37804e-05
-8.95799e-06
-4.16301e-06
-1.37185e-05
2.83438e-05
-1.24361e-05
-8.01297e-06
7.72517e-05
-2.33423e-05
1.00367e-06
0.000133742
-3.61437e-05
4.9936e-06
0.000166914
-4.16003e-05
-2.3389e-05
7.05459e-05
-3.87696e-06
-0.000163898
-0.000388895
2.34375e-05
-0.000385261
-0.000741828
-2.13873e-05
-0.000183535
-0.000648894
-1.93176e-05
0.000179783
-0.000507539
-5.74308e-06
0.000527339
-0.000375987
1.12903e-05
0.000849784
-0.000245052
1.42441e-05
0.00115026
-0.000113783
1.26051e-05
0.00114417
1.46039e-05
-4.47364e-05
1.18926e-05
-8.02654e-06
-3.65609e-05
3.996e-06
-1.27269e-05
-7.13413e-06
-4.75697e-06
-1.18207e-05
3.29623e-05
-1.33921e-05
-5.68353e-06
8.45143e-05
-2.24591e-05
2.28091e-06
0.000138466
-3.22011e-05
-2.40904e-06
0.000147835
-4.12131e-05
-5.51688e-05
-5.24438e-05
-3.21208e-05
-0.000246777
-0.000600159
-5.76211e-05
-0.000278034
-0.000695702
-4.72789e-05
6.51096e-05
-0.000546781
-1.62869e-06
0.000453284
-0.000406239
5.58032e-05
0.000832113
-0.000274262
9.2266e-05
0.001193
-0.000137163
7.90122e-05
0.00116887
2.11056e-05
-4.66071e-05
1.56549e-05
-7.15135e-06
-3.76067e-05
4.64567e-06
-1.06393e-05
-6.20359e-06
-5.76014e-06
-8.8483e-06
3.59667e-05
-1.39e-05
-2.50818e-06
8.7764e-05
-1.95955e-05
3.38198e-06
0.000132073
-2.70691e-05
-1.14835e-05
0.000108547
-6.73508e-05
-8.40548e-05
-0.00019547
-0.000113737
-0.000265557
-0.000665161
-9.27142e-05
-0.00013782
-0.000617489
-2.89373e-05
0.000205114
-0.00045546
6.44605e-05
0.000592576
-0.000302943
0.000132415
0.00101018
-0.000161517
0.000152953
0.00104826
2.56464e-05
-4.93441e-05
1.76083e-05
-5.70061e-06
-3.907e-05
4.25504e-06
-7.75361e-06
-5.89816e-06
-7.25127e-06
-5.30098e-06
3.71752e-05
-1.37474e-05
7.64686e-07
8.61398e-05
-1.50096e-05
4.88658e-06
0.000112609
-2.00268e-05
-1.44483e-05
5.06548e-05
-0.000125285
-9.898e-05
-0.000278183
-0.00016777
-0.00025624
-0.000615942
-9.12307e-05
-0.000107905
-0.000556715
2.88639e-05
0.000227654
-0.000360546
0.000107879
0.000664751
-0.000210218
0.000194093
0.000921089
2.78776e-05
-5.21827e-05
1.78585e-05
-3.85139e-06
-4.03904e-05
2.81456e-06
-4.50945e-06
-5.91546e-06
-9.28947e-06
-1.90053e-06
3.70248e-05
-1.40909e-05
4.11067e-06
7.99845e-05
-1.05125e-05
8.538e-06
8.30236e-05
-1.21133e-05
-1.0356e-05
-3.35429e-05
-0.000148705
-0.000112268
-0.00031984
-0.000174789
-0.000256031
-0.00054499
-4.58948e-05
-0.000111668
-0.000462333
5.54322e-05
0.000282923
-0.000262747
0.000219626
0.00088307
-0.000173019
0.000388378
2.79599e-05
-5.43831e-05
1.65544e-05
-1.88005e-06
-4.11408e-05
6.46805e-07
-1.61182e-06
-5.47551e-06
-1.26694e-05
7.83519e-07
3.71387e-05
-1.65487e-05
6.81199e-06
7.18681e-05
-1.18722e-05
1.15721e-05
4.89289e-05
-6.30289e-06
-7.14585e-06
-0.000134388
-0.000102356
-0.00010984
-0.00037021
-0.000129835
-0.000222216
-0.000464157
1.93942e-06
-3.00637e-05
-0.000348875
0.000106528
0.000336337
-0.000177082
0.00012467
0.000492306
2.61488e-05
-5.60437e-05
1.45186e-05
-1.91275e-07
-4.13893e-05
-2.05864e-06
1.08351e-06
-3.44684e-06
-1.66786e-05
3.23862e-06
3.98978e-05
-2.36578e-05
8.10045e-06
6.98614e-05
-1.74868e-05
1.28939e-05
3.88664e-05
7.04847e-06
-7.91242e-06
-0.00015957
3.95673e-06
-0.000123463
-0.000399235
-4.89666e-05
-0.000150443
-0.000382622
6.98747e-05
0.000179549
-0.000209475
0.000150372
0.00046213
2.33815e-05
-5.71173e-05
1.17788e-05
1.30313e-06
-3.97168e-05
-4.29752e-06
3.49126e-06
1.89937e-06
-2.09873e-05
4.35874e-06
4.93837e-05
-3.08702e-05
8.55095e-06
8.50927e-05
-1.77809e-05
5.80968e-06
6.2719e-05
0.000107506
-7.84784e-05
-0.000179962
8.17615e-05
-0.000187503
-0.000368695
1.06128e-05
0.000134855
-0.000229732
0.000126355
0.000456558
1.9957e-05
-5.73519e-05
9.52192e-06
2.88494e-06
-3.65278e-05
-4.97794e-06
5.99627e-06
1.06436e-05
-2.08813e-05
7.51843e-06
6.81829e-05
-2.84888e-05
1.17889e-05
0.000105585
3.70343e-05
-9.2518e-06
-3.07532e-05
0.000175865
-0.0002196
-0.000323561
4.17449e-05
6.97727e-05
-0.000242761
9.24545e-05
0.000494097
1.61203e-05
-5.63868e-05
7.24747e-06
4.2282e-06
-3.09766e-05
-4.47705e-06
9.08934e-06
2.52021e-05
-2.01101e-05
8.20634e-06
0.000100955
-1.61992e-05
6.25035e-06
8.35457e-05
0.000161887
-0.000155497
-0.000275636
0.000104661
-2.62985e-05
-0.000261762
7.93267e-05
0.000518725
1.15857e-05
-5.389e-05
5.12188e-06
6.32992e-06
-2.40198e-05
-1.76142e-06
1.28783e-05
3.96375e-05
-2.03702e-05
3.36748e-06
0.000131863
5.54848e-05
-6.98618e-05
-0.000105705
0.000194107
-3.03486e-05
-0.000296984
5.949e-05
0.000503495
5.7902e-06
-4.91629e-05
8.19647e-07
8.6518e-06
-9.07766e-06
-3.59483e-06
1.71029e-05
3.9654e-05
-1.74855e-05
1.21648e-05
0.000113199
8.69206e-05
-4.7255e-05
-0.000135474
8.97414e-05
0.000228864
3.36643e-05
4.99868e-05
4.40314e-05
4.81725e-05
4.86552e-05
4.7732e-05
3.77144e-05
4.05529e-05
3.36081e-05
2.29419e-05
9.8519e-05
4.06184e-05
0.000208791
5.31312e-05
0.000289999
6.74104e-05
0.000346991
8.63201e-05
0.000390196
0.000107636
0.000425503
0.00013092
0.000455845
0.000154915
0.00048109
0.000180111
-1.11258e-06
1.4495e-05
6.94415e-05
-2.61294e-06
1.68825e-05
6.24064e-05
3.29901e-06
2.01198e-05
5.60829e-05
1.56382e-05
2.31253e-05
4.89396e-05
2.70445e-06
2.68003e-05
3.90635e-05
-6.59659e-05
1.71217e-05
1.88897e-05
-0.000102224
1.72544e-05
3.81147e-05
-7.32504e-05
5.5688e-05
3.21089e-05
-4.88975e-05
9.23277e-05
1.99511e-05
-3.53522e-05
0.000123862
2.23938e-05
-2.68985e-05
0.000151684
3.11561e-05
-2.25754e-05
0.000183935
4.297e-05
-1.83072e-05
0.000214542
5.26987e-05
-1.46062e-05
0.000240273
6.1811e-05
3.25012e-06
6.92053e-06
6.68578e-05
3.14436e-06
9.27632e-06
6.57103e-05
2.74453e-06
1.37182e-05
5.98551e-05
8.83787e-06
1.84512e-05
5.09376e-05
1.79047e-05
2.30173e-05
3.76134e-05
8.02981e-06
2.793e-05
2.38426e-05
-7.78912e-05
1.59018e-05
6.1283e-06
-0.000137894
-2.49596e-05
4.66981e-07
-0.000107072
-4.38714e-05
-5.94163e-06
-7.47836e-05
-3.99527e-05
-2.77232e-05
-5.65494e-05
-2.77709e-05
-3.74861e-05
-5.06137e-05
-4.91248e-06
-3.65779e-05
-4.57591e-05
2.5332e-05
-3.48382e-05
-3.95208e-05
5.40578e-05
-3.88269e-05
-3.04542e-05
7.24635e-05
-4.48801e-05
3.33637e-06
2.27994e-06
4.90781e-05
4.85452e-06
3.68305e-06
5.90756e-05
5.1073e-06
7.54497e-06
6.02411e-05
5.70012e-06
1.34548e-05
5.42569e-05
1.08542e-05
2.00547e-05
4.0956e-05
1.61824e-05
2.7553e-05
1.79497e-05
1.25956e-05
3.53889e-05
-9.75367e-06
-5.7026e-05
3.20297e-05
-3.3313e-05
-0.000128944
-1.11747e-05
-2.49273e-05
-0.000114191
-5.69986e-05
-4.12683e-05
-8.73006e-05
-7.47774e-05
-6.79462e-05
-7.60446e-05
-6.93687e-05
-8.30071e-05
-7.483e-05
-5.04972e-05
-8.93104e-05
-7.05821e-05
-3.02119e-05
-9.91867e-05
-5.97822e-05
-1.93539e-05
-0.000118382
-4.34849e-05
-2.54542e-05
-0.000136077
-3.97156e-06
-1.38397e-06
1.74539e-05
3.04134e-06
-8.01655e-07
3.93117e-05
4.69849e-06
1.74689e-06
5.15805e-05
5.17891e-06
6.61485e-06
5.41726e-05
5.69483e-06
1.32354e-05
4.7298e-05
7.71574e-06
2.01557e-05
2.8791e-05
7.05344e-06
2.73322e-05
-6.41946e-06
2.88676e-06
3.48632e-05
-6.0453e-05
-4.03195e-05
3.69275e-05
-0.000106236
-0.000103215
1.2802e-05
-9.48285e-05
-0.000105994
-2.28702e-05
-0.000106204
-9.46282e-05
-3.92282e-05
-0.000131576
-9.1791e-05
-3.88635e-05
-0.000146361
-9.20835e-05
-3.64984e-05
-0.000156436
-8.44279e-05
-4.40065e-05
-0.000177021
-6.67193e-05
-7.0318e-05
-0.000204252
-4.29539e-05
-0.000110279
-0.000217352
-1.99141e-05
-2.44807e-06
-1.96285e-05
-5.25134e-06
-3.33333e-06
8.47615e-06
1.42936e-06
-2.42507e-06
3.06504e-05
3.25688e-06
6.85484e-07
4.42667e-05
3.98734e-06
6.14941e-06
4.75965e-05
4.05672e-06
1.33165e-05
3.90951e-05
1.72576e-06
2.04088e-05
1.39468e-05
-7.90526e-06
2.66929e-05
-3.73558e-05
-2.16068e-05
3.1244e-05
-0.000123525
-5.32454e-05
3.16756e-05
-0.000197601
-9.53717e-05
2.90535e-05
-0.000216128
-0.000103398
2.22232e-05
-0.000236122
-9.90065e-05
1.0824e-05
-0.000252031
-9.68285e-05
-9.74835e-06
-0.000256223
-9.32839e-05
-4.37514e-05
-0.000262686
-7.97147e-05
-9.48928e-05
-0.000279066
-5.50835e-05
-0.000156898
-0.000289315
-3.02783e-05
-0.000204121
-0.000273827
-3.41788e-05
-4.51214e-05
-1.98897e-05
-2.76269e-06
-2.64364e-05
-6.79497e-06
-3.93801e-06
7.33162e-07
-7.86783e-07
-3.11014e-06
2.30089e-05
9.98422e-07
3.80435e-08
3.74411e-05
1.75914e-06
5.5439e-06
4.13491e-05
8.24968e-07
1.26266e-05
3.12881e-05
-6.88656e-06
1.93903e-05
-8.16525e-07
-2.72288e-05
2.48472e-05
-7.0033e-05
-5.53029e-05
2.96341e-05
-0.000184977
-8.86629e-05
3.93661e-05
-0.0002905
-0.000115389
5.3174e-05
-0.000349174
-0.000112776
4.03265e-05
-0.000389936
-0.000101336
-7.37773e-06
-0.000403463
-9.18841e-05
-7.5519e-05
-0.000397119
-8.13796e-05
-0.000151463
-0.000385171
-6.04759e-05
-0.000223955
-0.000369609
-3.46654e-05
-0.000269484
-0.000339006
-1.93158e-05
-0.000261715
-0.000289965
-3.14706e-05
-4.88914e-05
-1.95955e-05
-2.52047e-06
-3.23402e-05
-8.19897e-06
-3.7967e-06
-5.94891e-06
-3.0245e-06
-3.1783e-06
1.63592e-05
-1.46222e-06
-3.05216e-07
3.1473e-05
-8.91294e-07
4.90478e-06
3.60427e-05
-3.5378e-06
1.17936e-05
2.51361e-05
-1.83437e-05
1.88133e-05
-1.28064e-05
-5.30313e-05
2.56294e-05
-9.691e-05
-9.99765e-05
3.41268e-05
-0.000228567
-0.000134883
4.69659e-05
-0.000357224
-0.000133827
4.0966e-05
-0.000456743
-0.000104812
-1.94362e-05
-0.000523111
-8.32813e-05
-0.000124187
-0.000539306
-7.22659e-05
-0.000232344
-0.000515125
-5.82481e-05
-0.000310633
-0.000466409
-3.79604e-05
-0.000339066
-0.000406979
-2.21821e-05
-0.000306748
-0.000343259
-2.98491e-05
-0.000207368
-0.000277528
-2.93841e-05
-5.20036e-05
-1.92758e-05
-2.31885e-06
-3.72987e-05
-9.29037e-06
-3.64546e-06
-1.15339e-05
-4.88304e-06
-3.32431e-06
1.09649e-05
-3.62261e-06
-9.44945e-07
2.71185e-05
-3.62421e-06
3.78373e-06
3.33871e-05
-9.29955e-06
1.07383e-05
2.37823e-05
-3.41161e-05
1.90188e-05
-1.54611e-05
-8.57265e-05
2.70505e-05
-0.000104677
-0.000142906
3.35548e-05
-0.000237451
-0.000151859
3.1426e-05
-0.000376551
-0.000100059
-1.14259e-05
-0.000507188
-4.24733e-05
-0.000120119
-0.000601061
-2.81287e-05
-0.000257979
-0.00062143
-3.02307e-05
-0.000355407
-0.000570101
-2.92042e-05
-0.000376356
-0.000486047
-2.45304e-05
-0.000322431
-0.000401132
-3.35891e-05
-0.000200014
-0.000323884
-7.40616e-05
-9.95774e-06
-0.000255227
-2.7857e-05
-5.41852e-05
-1.89305e-05
-2.39499e-06
-4.11369e-05
-9.93677e-06
-3.95911e-06
-1.58208e-05
-6.03568e-06
-3.95959e-06
7.18506e-06
-5.14064e-06
-1.98206e-06
2.51881e-05
-6.40818e-06
2.69656e-06
3.49868e-05
-1.7052e-05
1.06992e-05
3.02555e-05
-5.28166e-05
2.05849e-05
-4.57288e-06
-0.000116088
2.69389e-05
-8.61266e-05
-0.000161222
2.18806e-05
-0.000208578
-0.000119251
-7.17522e-06
-0.000356018
-1.02411e-05
-9.24474e-05
-0.000524586
5.33769e-05
-0.000239196
-0.000646909
4.0724e-05
-0.000356665
-0.000658462
1.3094e-05
-0.000377087
-0.000575385
-9.1536e-06
-0.000307776
-0.000469673
-3.2273e-05
-0.00016482
-0.00037481
-7.69741e-05
4.52797e-05
-0.000294402
-0.000151903
0.000320081
-0.000224711
-2.64384e-05
-5.54948e-05
-1.82831e-05
-3.06086e-06
-4.36102e-05
-1.00072e-05
-5.23809e-06
-1.84455e-05
-6.39405e-06
-5.59819e-06
5.54725e-06
-6.11996e-06
-3.67787e-06
2.66487e-05
-9.76203e-06
1.64447e-06
4.24418e-05
-2.6468e-05
1.11133e-05
4.6485e-05
-7.01986e-05
2.15491e-05
2.35423e-05
-0.000131343
2.27757e-05
-4.37739e-05
-0.000143978
6.99031e-07
-0.000157852
-4.02941e-05
-6.63556e-05
-0.000341417
0.000103206
-0.000216864
-0.000572496
0.000127414
-0.000364564
-0.000688666
8.3597e-05
-0.000388756
-0.000654172
3.19771e-05
-0.000286479
-0.000542807
-1.6126e-05
-0.000114075
-0.00043126
-7.34467e-05
0.000118909
-0.00033577
-0.000149934
0.000405753
-0.00025445
-0.000259997
0.000735785
-0.000175739
-2.4344e-05
-5.57648e-05
-1.68428e-05
-4.2251e-06
-4.47642e-05
-9.35498e-06
-7.28338e-06
-1.92843e-05
-6.12918e-06
-7.9904e-06
6.37844e-06
-7.00443e-06
-5.61066e-06
3.19661e-05
-1.38352e-05
9.90508e-07
5.60795e-05
-3.56904e-05
1.18676e-05
7.23022e-05
-8.06384e-05
2.12489e-05
6.41438e-05
-0.000125372
1.44196e-05
8.0479e-06
-9.08007e-05
-3.13175e-05
-0.00012995
7.35918e-05
-0.000163519
-0.000415797
0.000185916
-0.000369455
-0.000669469
0.000134546
-0.000413057
-0.000704193
7.37049e-05
-0.000278378
-0.000608271
9.68126e-06
-6.20873e-05
-0.000487977
-6.25443e-05
0.000204237
-0.000382276
-0.000142851
0.000503976
-0.000290116
-0.000244511
0.000836305
-0.000201728
-0.000353847
0.00119923
-0.000102477
-2.08646e-05
-5.4738e-05
-1.41977e-05
-5.51681e-06
-4.44799e-05
-7.84606e-06
-9.60409e-06
-1.84219e-05
-5.58951e-06
-1.05645e-05
9.63238e-06
-8.23022e-06
-7.41383e-06
4.0843e-05
-1.83067e-05
5.17816e-07
7.45983e-05
-4.26829e-05
1.19234e-05
0.000103548
-8.14704e-05
1.85222e-05
0.000106537
-9.86637e-05
2.24323e-07
3.79305e-05
-5.94857e-06
-8.70745e-05
-0.00020396
0.000179137
-0.000310103
-0.000595465
0.000179885
-0.000429074
-0.000730237
8.51992e-05
-0.00026848
-0.000649099
2.46994e-05
-1.25501e-05
-0.000532333
-5.19001e-05
0.000285453
-0.000420151
-0.000132557
0.000598585
-0.000320067
-0.000224915
0.000931705
-0.000216825
-0.000307343
0.00127285
-0.000109103
-0.000285857
0.00124229
-1.56755e-05
-5.2493e-05
-1.00439e-05
-6.73474e-06
-4.28656e-05
-5.51693e-06
-1.1727e-05
-1.61406e-05
-5.02992e-06
-1.26848e-05
1.48507e-05
-9.85882e-06
-8.62651e-06
5.22453e-05
-2.23807e-05
2.81744e-07
9.55598e-05
-4.62028e-05
1.11449e-05
0.000134406
-7.31894e-05
1.25933e-05
0.000135293
-5.59299e-05
-2.55386e-05
1.07361e-06
8.70443e-05
-0.000187038
-0.000411103
0.000190552
-0.000412318
-0.000728649
9.58701e-05
-0.000296538
-0.000685154
2.58618e-05
-3.6488e-06
-0.000567561
-3.8175e-05
0.000312827
-0.00044939
-0.000110786
0.000628955
-0.000337527
-0.000182238
0.000946228
-0.000224924
-0.000242483
0.00125195
-0.000105033
-0.000202641
0.00122036
-8.83119e-06
-4.95644e-05
-4.57446e-06
-7.79472e-06
-4.05263e-05
-2.68558e-06
-1.33421e-05
-1.30346e-05
-4.67117e-06
-1.39766e-05
2.12022e-05
-1.16598e-05
-9.00609e-06
6.46392e-05
-2.53801e-05
3.97772e-07
0.000115863
-4.60445e-05
9.4064e-06
0.000157605
-5.93996e-05
1.38751e-06
0.000131439
-1.01124e-05
-7.40642e-05
-0.000138855
0.000125922
-0.000312451
-0.000626837
0.000112099
-0.000382356
-0.000725521
3.11559e-05
-8.38155e-05
-0.000603436
-2.19237e-05
0.000249582
-0.000472552
-7.14653e-05
0.000567047
-0.000348855
-0.000121473
0.000868322
-0.000226503
-0.000153204
0.00115121
-0.00010034
-0.000125622
0.00115382
-8.01299e-07
-4.69746e-05
1.53367e-06
-8.49014e-06
-3.83717e-05
8.90597e-08
-1.41165e-05
-9.80564e-06
-4.68031e-06
-1.41258e-05
2.78017e-05
-1.33719e-05
-8.34734e-06
7.65083e-05
-2.70444e-05
8.74677e-07
0.000132443
-4.34541e-05
5.81022e-06
0.000166171
-4.53766e-05
-1.96164e-05
7.69936e-05
2.19074e-05
-0.000152342
-0.000360148
8.89591e-05
-0.000382718
-0.000727072
2.61338e-05
-0.000218297
-0.000650318
-8.63083e-06
0.00013434
-0.000507636
-3.40086e-05
0.000469348
-0.000371497
-5.12341e-05
0.000769661
-0.000236152
-7.00403e-05
0.00105298
-0.000102111
-5.05933e-05
0.00109019
0.000502051
0.000208347
0.000256602
-9.85294e-06
7.49745e-05
7.78783e-05
-2.02421e-05
-4.27839e-05
-4.30192e-05
-2.64713e-05
-0.000135987
-0.000141311
-2.422e-05
-0.000201316
-0.00020543
-1.92359e-05
-0.000231585
-0.000185841
-2.88579e-05
-0.00023064
-4.08276e-05
-7.00075e-05
-0.000214682
0.000245958
-0.000146184
-0.000197702
0.000652516
-0.000265463
-0.000164158
0.00110973
-0.000387502
-9.10321e-05
0.00120034
-0.00034958
7.50352e-06
-4.58919e-05
7.34075e-06
-8.67829e-06
-3.72734e-05
2.26308e-06
-1.38856e-05
-7.11198e-06
-5.1627e-06
-1.30365e-05
3.37164e-05
-1.48186e-05
-6.66647e-06
8.62927e-05
-2.73423e-05
1.63594e-06
0.000141926
-4.01245e-05
-1.88288e-06
0.000153276
-3.58081e-05
-5.23141e-05
-4.6518e-05
2.44454e-05
-0.000244649
-0.00058613
1.03121e-05
-0.000297329
-0.000696003
-2.11814e-05
4.94325e-05
-0.000544656
-1.31159e-05
0.000430648
-0.000399371
3.7751e-06
0.000786308
-0.000260493
1.54436e-05
0.001102
-0.000119972
6.22851e-06
0.00110316
1.5022e-05
-4.67185e-05
1.2047e-05
-8.28328e-06
-3.74422e-05
3.44262e-06
-1.25386e-05
-5.26821e-06
-6.076e-06
-1.07164e-05
3.82532e-05
-1.57616e-05
-3.942e-06
9.2543e-05
-2.5993e-05
1.9593e-06
0.000140435
-3.62684e-05
-1.30437e-05
0.000114853
-4.24761e-05
-9.12707e-05
-0.000232891
-3.21878e-05
-0.000271704
-0.000688066
-4.94569e-05
-7.29163e-05
-0.000600946
-1.85981e-05
0.000331905
-0.000435749
3.56619e-05
0.000742314
-0.00028765
7.72822e-05
0.00112069
-0.000146833
7.61464e-05
0.00110851
2.09811e-05
-4.91321e-05
1.51226e-05
-7.25959e-06
-3.85467e-05
3.5729e-06
-1.00778e-05
-4.3484e-06
-7.38628e-06
-7.2285e-06
4.07633e-05
-1.57986e-05
-6.6888e-07
9.38087e-05
-2.25417e-05
2.329e-06
0.000125728
-3.18513e-05
-2.0187e-05
5.64471e-05
-9.74962e-05
-0.000120021
-0.00036884
-0.000102661
-0.000217552
-0.000650539
-6.18367e-05
7.24594e-05
-0.00051423
3.709e-05
0.000457715
-0.000328831
0.000102146
0.000890153
-0.000177191
0.000132656
0.000948171
2.48656e-05
-5.20718e-05
1.64207e-05
-5.64434e-06
-3.98011e-05
2.53886e-06
-6.87486e-06
-4.10627e-06
-8.98218e-06
-3.56282e-06
4.11379e-05
-1.5266e-05
2.87461e-06
8.92658e-05
-1.71225e-05
4.99918e-06
9.97018e-05
-2.8152e-05
-1.8522e-05
-1.38306e-05
-0.000176048
-0.000140862
-0.000366252
-0.000129988
-0.000196781
-0.000571852
-2.28768e-05
7.28282e-05
-0.000424907
6.97956e-05
0.000517001
-0.000227165
0.000156648
0.000773841
2.66014e-05
-5.47021e-05
1.59392e-05
-3.57827e-06
-4.07544e-05
6.00574e-07
-3.62188e-06
-4.20592e-06
-1.1599e-05
-2.65124e-07
4.02717e-05
-1.50521e-05
6.69437e-06
8.02674e-05
-1.28956e-05
8.83605e-06
6.47786e-05
-2.52785e-05
-2.14474e-05
-0.000105523
-0.000172677
-0.000147795
-0.00035779
-0.000123088
-0.000202994
-0.000460411
-2.52662e-05
0.000126217
-0.000278424
0.000172779
0.000709809
-0.000155744
0.000340024
2.61223e-05
-5.62641e-05
1.4318e-05
-1.52396e-06
-4.10901e-05
-2.28944e-06
-9.30918e-07
-3.58639e-06
-1.52923e-05
2.24246e-06
4.02618e-05
-1.82116e-05
8.47446e-06
6.94542e-05
-8.67566e-06
8.95993e-06
2.39283e-05
-1.46455e-05
-1.84528e-05
-0.000204284
-0.000107654
-0.000119715
-0.000361166
-8.84549e-05
-0.000131102
-0.000323657
5.90888e-05
0.00018851
-0.000190273
9.04761e-05
0.000375112
2.41713e-05
-5.70643e-05
1.1977e-05
7.62991e-08
-4.06322e-05
-5.25356e-06
1.77487e-06
-1.08307e-06
-2.03106e-05
3.8722e-06
4.33897e-05
-2.44876e-05
8.75112e-06
6.75582e-05
-1.21906e-05
7.24237e-06
1.80418e-05
5.95207e-05
-2.70756e-05
-0.000208113
5.13506e-06
-0.000140647
-0.000332493
1.66637e-05
2.03822e-05
-0.000229529
0.000110868
0.000268132
2.12497e-05
-5.71469e-05
9.43019e-06
1.66895e-06
-3.78547e-05
-7.6639e-06
3.87541e-06
5.01272e-06
-2.38134e-05
4.94008e-06
5.58667e-05
-3.15544e-05
7.11158e-06
8.6794e-05
3.3425e-06
-1.76638e-06
1.9659e-05
0.000170119
-0.00012684
-0.000234964
9.27305e-05
-4.83458e-05
-0.000236538
6.48443e-05
0.000254426
1.81401e-05
-5.65264e-05
7.24919e-06
3.15203e-06
-3.37379e-05
-7.70211e-06
6.9023e-06
1.44267e-05
-2.48457e-05
7.8412e-06
7.68031e-05
-2.43759e-05
1.17092e-05
9.27327e-05
0.000120695
-7.39752e-05
-0.00013541
0.000218165
-0.000140826
-0.000226529
7.70892e-05
0.00025356
1.43168e-05
-5.49281e-05
5.54086e-06
4.7125e-06
-2.70731e-05
-7.03892e-06
1.05865e-05
2.80395e-05
-2.70409e-05
7.27734e-06
0.00010653
1.55098e-05
-3.89482e-05
6.88367e-06
0.000268504
-0.000160227
-0.000216226
0.000111761
0.000204674
1.04036e-05
-5.22098e-05
1.81872e-06
7.63717e-06
-1.98317e-05
-7.20628e-06
1.76102e-05
2.8947e-05
-3.33248e-05
-6.42347e-06
8.41918e-05
0.000149098
-7.27215e-05
-0.000125857
0.000160664
0.000135563
4.88599e-06
-4.54293e-05
-5.47138e-08
1.29484e-05
-4.9083e-06
1.42991e-06
1.55378e-05
3.48126e-05
9.08756e-06
2.99625e-05
2.68868e-05
0.000106322
-1.30056e-05
2.55457e-05
6.47279e-05
3.25408e-05
5.88429e-05
4.33682e-05
5.67421e-05
4.80232e-05
5.30278e-05
3.6714e-05
4.01193e-05
3.52878e-05
2.01746e-05
0.000105511
4.16537e-05
0.000215753
5.41131e-05
0.000295118
7.03741e-05
0.000351912
8.92408e-05
0.000394728
0.000111503
0.000430465
0.000133715
0.000460243
0.000157445
0.000485674
0.000181872
2.48079e-07
1.37682e-05
7.37266e-05
4.04956e-07
1.28936e-05
7.88558e-05
-1.55064e-06
1.40101e-05
7.69578e-05
-3.43902e-06
1.67138e-05
7.19522e-05
2.29854e-06
2.04672e-05
6.52412e-05
1.46077e-05
2.36877e-05
5.53154e-05
-1.72937e-06
2.71066e-05
3.87944e-05
-7.10929e-05
1.50251e-05
1.42612e-05
-0.000101507
1.82841e-05
3.91023e-05
-7.14573e-05
5.83898e-05
3.04116e-05
-4.84891e-05
9.58191e-05
2.1683e-05
-3.51682e-05
0.000127698
2.49841e-05
-2.73462e-05
0.000156721
3.50891e-05
-2.28827e-05
0.00018886
4.57623e-05
-1.87796e-05
0.000218568
5.36501e-05
-1.42516e-05
0.000240523
6.16749e-05
2.38707e-06
6.70228e-06
6.1242e-05
3.28135e-06
6.69034e-06
7.09609e-05
2.42651e-06
9.30423e-06
7.27517e-05
1.27733e-06
1.3987e-05
6.86948e-05
6.7351e-06
1.89158e-05
5.91162e-05
1.55727e-05
2.35672e-05
4.25484e-05
2.80117e-06
2.82432e-05
2.12598e-05
-8.52083e-05
1.2026e-05
-2.72055e-06
-0.000137545
-3.1463e-05
-3.37159e-06
-0.000106041
-4.58419e-05
-8.22286e-06
-7.4049e-05
-4.0545e-05
-2.82168e-05
-5.68146e-05
-2.64841e-05
-3.51591e-05
-5.10555e-05
-2.01981e-06
-3.3017e-05
-4.60989e-05
2.79188e-05
-3.31965e-05
-3.87511e-05
5.28967e-05
-4.03047e-05
-2.87658e-05
6.50011e-05
-4.6735e-05
-2.94735e-06
2.20168e-06
2.71941e-05
3.60211e-06
2.06732e-06
5.00789e-05
4.62248e-06
3.69044e-06
6.29487e-05
4.08971e-06
7.83294e-06
6.68966e-05
3.6159e-06
1.38928e-05
6.24474e-05
7.56217e-06
2.06163e-05
4.80012e-05
1.20692e-05
2.81022e-05
2.01806e-05
7.20682e-06
3.55614e-05
-1.76402e-05
-6.40115e-05
2.7546e-05
-4.83772e-05
-0.000130637
-1.8664e-05
-3.5867e-05
-0.000113827
-6.16759e-05
-4.65569e-05
-8.69099e-05
-7.62008e-05
-6.88488e-05
-7.61643e-05
-6.84779e-05
-8.06683e-05
-7.50291e-05
-4.99407e-05
-8.66516e-05
-6.9232e-05
-3.33245e-05
-0.000100427
-5.65682e-05
-3.10982e-05
-0.000122903
-3.8679e-05
-4.62333e-05
-0.000137151
-1.90203e-05
-9.29691e-07
-1.32383e-05
-3.75037e-06
-1.53163e-06
1.66349e-05
2.983e-06
-8.53093e-07
4.03045e-05
4.22867e-06
1.90786e-06
5.52568e-05
3.87915e-06
6.97104e-06
6.0488e-05
2.8701e-06
1.36431e-05
5.49449e-05
2.77131e-06
2.05345e-05
3.44955e-05
3.85355e-07
2.78443e-05
-7.73383e-06
-4.34652e-06
3.50401e-05
-7.5863e-05
-5.10818e-05
3.34612e-05
-0.000129093
-0.000107687
7.2834e-06
-0.000112689
-0.000105715
-2.32937e-05
-0.00011984
-9.37598e-05
-3.66015e-05
-0.000139101
-9.15091e-05
-3.9123e-05
-0.000149072
-9.06121e-05
-4.36618e-05
-0.000159468
-8.06916e-05
-6.25915e-05
-0.000183787
-6.01794e-05
-0.00010104
-0.000208411
-3.73654e-05
-0.000142811
-0.000208781
-3.6098e-05
-4.16215e-05
-1.95905e-05
-2.39258e-06
-2.09149e-05
-5.23275e-06
-3.29964e-06
7.74206e-06
1.17859e-06
-2.29043e-06
3.16108e-05
2.61602e-06
9.70372e-07
4.77688e-05
2.40273e-06
6.56711e-06
5.36443e-05
3.55835e-07
1.36791e-05
4.62398e-05
-5.28291e-06
2.07124e-05
1.82738e-05
-1.78799e-05
2.70629e-05
-4.25692e-05
-3.34427e-05
3.12247e-05
-0.000144975
-6.75897e-05
3.17345e-05
-0.000221387
-0.000102339
3.22575e-05
-0.000239235
-0.000103105
2.37692e-05
-0.000258756
-9.83911e-05
2.97393e-06
-0.000267715
-9.51216e-05
-3.01998e-05
-0.000266555
-9.07089e-05
-7.7532e-05
-0.000270736
-7.386e-05
-0.000140019
-0.000282581
-4.87502e-05
-0.00020053
-0.00027884
-2.87643e-05
-0.00022312
-0.000246706
-3.36349e-05
-4.57615e-05
-1.97389e-05
-2.61588e-06
-2.76626e-05
-6.91241e-06
-3.75636e-06
4.63235e-08
-1.11673e-06
-2.83747e-06
2.39285e-05
2.71175e-07
4.04854e-07
4.07878e-05
-1.29184e-07
5.9586e-06
4.71966e-05
-3.89892e-06
1.29291e-05
3.80546e-05
-1.62091e-05
1.95007e-05
2.34323e-06
-4.07778e-05
2.52516e-05
-7.79525e-05
-7.13446e-05
3.12583e-05
-0.000205543
-0.000103939
4.39993e-05
-0.000312299
-0.000119974
5.15313e-05
-0.000374252
-0.000109768
1.94127e-05
-0.000411789
-9.75742e-05
-4.85448e-05
-0.000416165
-8.93367e-05
-0.000130422
-0.000401111
-7.76134e-05
-0.00021066
-0.000379124
-5.60148e-05
-0.000271329
-0.000349733
-3.40199e-05
-0.00028423
-0.000304674
-3.04569e-05
-0.000228015
-0.000247202
-3.12616e-05
-4.95777e-05
-1.96288e-05
-2.32305e-06
-3.35099e-05
-8.35575e-06
-3.52528e-06
-6.58414e-06
-3.33023e-06
-2.81909e-06
1.72718e-05
-2.20303e-06
1.23386e-07
3.47765e-05
-3.08788e-06
5.3385e-06
4.19028e-05
-9.36432e-06
1.20982e-05
3.18587e-05
-3.02998e-05
1.89782e-05
-1.00256e-05
-7.02909e-05
2.6074e-05
-0.000104342
-0.000117349
3.55969e-05
-0.000242794
-0.000139232
4.47985e-05
-0.000373711
-0.000120195
1.96655e-05
-0.000475732
-8.69165e-05
-6.77941e-05
-0.000535084
-7.29424e-05
-0.000188884
-0.000537976
-6.65077e-05
-0.000293111
-0.000496395
-5.58695e-05
-0.000346806
-0.00043203
-3.94758e-05
-0.000335865
-0.000362941
-3.51026e-05
-0.000255232
-0.000293903
-6.24409e-05
-0.000101643
-0.000228349
-2.95421e-05
-5.26816e-05
-1.94294e-05
-2.12565e-06
-3.83702e-05
-9.40919e-06
-3.37624e-06
-1.20587e-05
-5.06804e-06
-2.98388e-06
1.19866e-05
-4.34583e-06
-5.4529e-07
3.0595e-05
-6.15589e-06
4.21285e-06
3.96014e-05
-1.64412e-05
1.11286e-05
3.10043e-05
-4.85004e-05
1.91389e-05
-1.19192e-05
-0.000104275
2.65128e-05
-0.000109494
-0.000150646
3.11772e-05
-0.000247814
-0.000131263
1.8176e-05
-0.00039417
-5.95763e-05
-4.97985e-05
-0.000528203
-1.45308e-05
-0.000181535
-0.000609627
-1.7631e-05
-0.00031448
-0.000604032
-2.97046e-05
-0.000376376
-0.000527313
-3.46484e-05
-0.00035103
-0.00043198
-3.92578e-05
-0.000249806
-0.000344378
-6.73097e-05
-7.42843e-05
-0.000269239
-0.000130084
0.000175194
-0.000206296
-2.82861e-05
-5.47765e-05
-1.91214e-05
-2.27227e-06
-4.2037e-05
-9.91624e-06
-3.79274e-06
-1.61296e-05
-6.04221e-06
-3.70752e-06
8.50768e-06
-5.83971e-06
-1.60711e-06
2.91543e-05
-9.40496e-06
3.24065e-06
4.20296e-05
-2.5398e-05
1.12453e-05
3.84687e-05
-6.82177e-05
2.01621e-05
1.71958e-07
-0.000130559
2.39494e-05
-8.90227e-05
-0.000151505
1.30706e-05
-0.000221331
-7.09855e-05
-3.238e-05
-0.00038543
4.41861e-05
-0.000146484
-0.000558315
7.16849e-05
-0.000294596
-0.000653287
3.92058e-05
-0.000367165
-0.000624028
1.73799e-06
-0.000337917
-0.000515034
-2.81556e-05
-0.000217429
-0.000405059
-6.75333e-05
-2.32642e-05
-0.000312198
-0.000133919
0.000244729
-0.000235078
-0.000244051
0.00058068
-0.000168831
-2.69782e-05
-5.59648e-05
-1.83643e-05
-3.10268e-06
-4.42736e-05
-9.77942e-06
-5.27737e-06
-1.83949e-05
-6.2113e-06
-5.50608e-06
7.40502e-06
-6.90178e-06
-3.30531e-06
3.1439e-05
-1.33059e-05
2.36075e-06
5.06073e-05
-3.54929e-05
1.17264e-05
5.6056e-05
-8.42076e-05
2.0403e-05
2.94367e-05
-0.00013732
1.6768e-05
-4.79354e-05
-0.000114482
-1.65125e-05
-0.000184052
3.13413e-05
-0.000113821
-0.000402253
0.000147076
-0.00028713
-0.000611136
0.000118327
-0.000384057
-0.000677193
6.37308e-05
-0.000334519
-0.000596194
5.98088e-06
-0.000181746
-0.000471462
-5.52087e-05
3.99855e-05
-0.00035969
-0.000129315
0.000322073
-0.00026564
-0.00023683
0.000654197
-0.000180554
-0.000365021
0.00103637
-9.1219e-05
-2.47446e-05
-5.61525e-05
-1.66805e-05
-4.42888e-06
-4.51842e-05
-8.87413e-06
-7.52618e-06
-1.87738e-05
-5.85408e-06
-8.00477e-06
8.98351e-06
-8.02828e-06
-5.16055e-06
3.78587e-05
-1.79244e-05
1.86681e-06
6.56413e-05
-4.45838e-05
1.23291e-05
8.3071e-05
-9.13927e-05
1.88057e-05
6.96351e-05
-0.000120347
3.5837e-06
-5.21077e-06
-3.76773e-05
-6.55879e-05
-0.000196201
0.000155117
-0.000248147
-0.000513138
0.000186157
-0.000405864
-0.000682989
0.000104864
-0.000349216
-0.000653067
4.28937e-05
-0.000154206
-0.000534375
-3.48858e-05
0.000108755
-0.000409526
-0.00011784
0.000412509
-0.000305539
-0.000222128
0.00074967
-0.000206278
-0.000329949
0.00112388
-0.000103776
-0.000336754
0.00114875
-2.08955e-05
-5.50763e-05
-1.36617e-05
-5.83671e-06
-4.46768e-05
-7.15863e-06
-9.9686e-06
-1.74295e-05
-5.36506e-06
-1.05781e-05
1.30774e-05
-9.62488e-06
-6.81249e-06
4.78829e-05
-2.27486e-05
1.49404e-06
8.534e-05
-5.06243e-05
1.20112e-05
0.00011443
-8.71278e-05
1.39366e-05
0.000106718
-7.83581e-05
-1.94997e-05
-7.26432e-06
7.72299e-05
-0.000157323
-0.000346987
0.000225048
-0.000387938
-0.000671159
0.000125449
-0.00035068
-0.000677667
4.87618e-05
-0.000112946
-0.000571632
-2.31459e-05
0.000186419
-0.000448345
-0.000109273
0.000511453
-0.000334544
-0.000204162
0.000859527
-0.000225974
-0.000294049
0.00121757
-0.000109994
-0.000273851
0.0012044
-1.5225e-05
-5.28744e-05
-9.14932e-06
-7.10925e-06
-4.29551e-05
-4.74164e-06
-1.21002e-05
-1.47225e-05
-5.02588e-06
-1.25704e-05
1.90943e-05
-1.16468e-05
-7.81742e-06
6.02751e-05
-2.6912e-05
1.3018e-06
0.00010688
-5.24237e-05
1.05189e-05
0.000142809
-7.25732e-05
3.62757e-06
0.000119251
-1.7235e-05
-6.3977e-05
-0.000114929
0.000168039
-0.000288398
-0.000577202
0.000167875
-0.000373488
-0.000707521
4.94024e-05
-0.000103904
-0.000603171
-1.83406e-05
0.000216659
-0.00047499
-9.04479e-05
0.000553402
-0.000354867
-0.00017088
0.000892329
-0.00023423
-0.000230689
0.00121441
-0.000109902
-0.000203827
0.00119353
-7.99673e-06
-5.02038e-05
-3.49968e-06
-8.17217e-06
-4.07088e-05
-2.0378e-06
-1.36201e-05
-1.13176e-05
-5.00586e-06
-1.36217e-05
2.60878e-05
-1.37677e-05
-7.93024e-06
7.33067e-05
-2.97395e-05
1.3524e-06
0.000126557
-5.02489e-05
6.99821e-06
0.000158737
-5.21308e-05
-1.58343e-05
7.99048e-05
4.2459e-05
-0.000141005
-0.000330917
0.00015613
-0.000371402
-0.000705009
6.60252e-05
-0.000209854
-0.000639399
-1.93104e-06
0.000141464
-0.000502031
-6.18546e-05
0.000490621
-0.000368291
-0.000110003
0.000815933
-0.000237705
-0.000154554
0.0011175
-0.000108281
-0.000120418
0.0011233
1.43341e-07
-4.8144e-05
2.45997e-06
-8.83194e-06
-3.88211e-05
3.93907e-07
-1.41999e-05
-7.91622e-06
-5.42777e-06
-1.34183e-05
3.30814e-05
-1.57366e-05
-7.0018e-06
8.52468e-05
-3.10546e-05
1.60791e-06
0.000140302
-4.62053e-05
-3.92916e-07
0.000152973
-3.2379e-05
-4.6673e-05
-3.21798e-05
6.73178e-05
-0.000232244
-0.000553555
7.67784e-05
-0.000319179
-0.000692696
4.59595e-06
-1.65254e-08
-0.000541756
-2.56562e-05
0.000368282
-0.000394041
-5.08711e-05
0.000703951
-0.00025115
-6.32763e-05
0.00100424
-0.000108699
-5.33276e-05
0.00104763
0.000504864
0.000211254
0.000253668
-9.49002e-06
7.65849e-05
6.50321e-05
-1.79182e-05
-3.9891e-05
-6.42791e-05
-2.3735e-05
-0.000126204
-0.000155677
-2.3866e-05
-0.00017766
-0.000180703
-2.9728e-05
-0.000193564
-9.66118e-05
-5.87733e-05
-0.000186682
0.000121097
-0.000122917
-0.000171788
0.000500287
-0.000231751
-0.000165262
0.000991883
-0.000384774
-0.000107118
0.00110915
-0.000395734
8.18431e-06
-4.77719e-05
7.82742e-06
-8.94672e-06
-3.80381e-05
2.04925e-06
-1.36601e-05
-5.14967e-06
-6.28213e-06
-1.18787e-05
3.90775e-05
-1.72518e-05
-4.88727e-06
9.42501e-05
-3.09766e-05
1.3629e-06
0.000143605
-4.18551e-05
-1.23819e-05
0.000118875
-1.92647e-05
-8.83219e-05
-0.00022613
4.08824e-05
-0.000278742
-0.000677826
7.78e-07
-0.000100959
-0.000595873
-1.49748e-05
0.000306784
-0.000424428
-2.34491e-06
0.000697642
-0.000272708
6.16329e-06
0.00104064
-0.000128027
8.74008e-06
0.00105059
1.52008e-05
-4.92607e-05
1.1858e-05
-8.38918e-06
-3.83724e-05
2.69198e-06
-1.18686e-05
-3.29096e-06
-7.50677e-06
-8.89189e-06
4.32652e-05
-1.78883e-05
-2.06649e-06
9.86015e-05
-2.87805e-05
6.28602e-07
0.000132939
-3.73697e-05
-2.321e-05
5.22536e-05
-3.94265e-05
-0.00013113
-0.000431507
-2.77558e-05
-0.000189864
-0.000646006
-3.50127e-05
0.000185153
-0.000481027
2.35244e-05
0.00062407
-0.000303948
6.22029e-05
0.00102747
-0.000154495
6.31358e-05
0.00103118
2.04767e-05
-5.2042e-05
1.42268e-05
-7.11228e-06
-3.93642e-05
2.19225e-06
-8.88414e-06
-2.4034e-06
-8.86398e-06
-5.08468e-06
4.5002e-05
-1.74915e-05
1.35092e-06
9.69523e-05
-2.45549e-05
1.0574e-06
0.000111849
-3.86875e-05
-2.76025e-05
-2.54976e-05
-0.000126338
-0.00015773
-0.000478382
-6.67082e-05
-7.40096e-05
-0.000567344
-3.28813e-06
0.000291379
-0.000367485
8.04023e-05
0.000740376
-0.000189668
0.000113896
0.000813723
2.37331e-05
-5.48742e-05
1.46828e-05
-5.22354e-06
-4.0243e-05
6.76659e-07
-5.50982e-06
-2.29351e-06
-1.07392e-05
-1.41191e-06
4.45069e-05
-1.57157e-05
5.45048e-06
8.9415e-05
-1.84853e-05
3.89295e-06
8.28036e-05
-5.49826e-05
-3.77589e-05
-8.73321e-05
-0.00019161
-0.000165568
-0.000378564
-6.66192e-05
-9.08516e-05
-0.000464629
6.97545e-06
0.000328239
-0.000268391
0.000128738
0.00059071
2.47605e-05
-5.69584e-05
1.36749e-05
-2.99867e-06
-4.07957e-05
-1.9645e-06
-2.41669e-06
-2.43638e-06
-1.34571e-05
1.69031e-06
4.33806e-05
-1.54152e-05
8.72263e-06
7.75199e-05
-8.08564e-06
2.9796e-06
3.96794e-05
-6.01396e-05
-4.08477e-05
-0.000167169
-0.000164599
-0.00015551
-0.000348368
-9.77541e-05
-6.66431e-05
-0.000258257
8.5164e-05
0.000531111
-0.000125807
0.000274751
2.39678e-05
-5.76122e-05
1.15537e-05
-9.26244e-07
-4.07335e-05
-5.2503e-06
1.23188e-07
-1.52721e-06
-1.79854e-05
3.41765e-06
4.29341e-05
-1.67758e-05
8.30854e-06
6.23314e-05
-1.14949e-06
1.88882e-06
-7.52698e-06
-5.70684e-06
-1.80185e-05
-0.000240899
-0.000108206
-0.000105924
-0.00027307
1.40051e-05
4.43871e-05
-0.000176893
7.10152e-05
0.000224684
2.17599e-05
-5.75376e-05
9.30819e-06
5.33556e-07
-3.93206e-05
-8.72453e-06
2.69196e-06
1.10268e-06
-2.232e-05
4.61378e-06
4.59755e-05
-2.43932e-05
6.86686e-06
6.07142e-05
-6.78155e-08
7.35088e-06
-1.3028e-05
9.12728e-05
-4.13268e-05
-0.000228699
2.25182e-05
-7.12396e-05
-0.000170744
5.28253e-05
5.06091e-05
1.9206e-05
-5.65837e-05
6.61003e-06
2.22624e-06
-3.56181e-05
-1.06124e-05
5.07502e-06
7.73246e-06
-2.69548e-05
5.30218e-06
5.97258e-05
-2.9168e-05
6.53748e-06
8.322e-05
5.69721e-05
-2.32339e-05
-2.0341e-05
0.000214049
-0.000134234
-0.000145025
7.63769e-05
1.85787e-05
1.62485e-05
-5.53457e-05
5.37925e-06
4.07848e-06
-3.08057e-05
-1.05662e-05
9.20996e-06
1.65268e-05
-2.96497e-05
1.19574e-05
7.90939e-05
-1.80433e-05
-9.87529e-08
5.23451e-05
0.000221592
-0.000121743
-0.000107983
0.000174749
-3.60255e-05
1.32032e-05
-5.30541e-05
2.64502e-06
6.44782e-06
-2.38155e-05
-1.10538e-05
1.65023e-05
2.26e-05
-4.23497e-05
-1.02806e-05
8.68111e-05
9.43852e-05
-6.70133e-05
-3.17632e-05
0.000234898
-8.58746e-05
9.51259e-06
-4.92371e-05
5.24832e-07
1.36672e-05
-1.65243e-05
-3.88857e-06
1.26062e-05
1.51753e-05
-1.64498e-05
1.68071e-05
2.01124e-05
0.000161366
-4.56786e-05
4.11644e-06
-3.66332e-05
8.43697e-07
1.62164e-05
-6.46658e-06
5.32415e-06
2.59371e-05
3.34864e-05
2.69079e-05
-1.3079e-05
2.17332e-05
7.37883e-05
2.16306e-05
7.4967e-05
2.40382e-05
7.16261e-05
3.13203e-05
6.74095e-05
4.27235e-05
6.43047e-05
4.73134e-05
5.70218e-05
3.58889e-05
3.77171e-05
3.71292e-05
1.74343e-05
0.000113051
4.28301e-05
0.000222529
5.52312e-05
0.000300398
7.33885e-05
0.00035657
9.22203e-05
0.000399618
0.000114993
0.000434819
0.000136247
0.000464906
0.000159424
0.000488551
0.000183925
-1.66682e-06
1.43193e-05
5.49349e-05
8.89316e-07
1.30945e-05
7.49646e-05
6.75561e-07
1.22334e-05
8.31828e-05
-1.86981e-06
1.35559e-05
8.43617e-05
-4.26249e-06
1.67251e-05
8.11911e-05
1.19882e-06
2.09543e-05
7.34737e-05
1.33535e-05
2.45755e-05
6.00271e-05
-6.43367e-06
2.75518e-05
3.54567e-05
-7.63492e-05
1.33898e-05
1.02387e-05
-0.000100459
2.02508e-05
4.0129e-05
-6.9948e-05
6.14909e-05
2.8627e-05
-4.7917e-05
9.93919e-05
2.38418e-05
-3.51548e-05
0.000131811
2.82206e-05
-2.75414e-05
0.000161453
3.89688e-05
-2.33965e-05
0.000193656
4.79588e-05
-1.87895e-05
0.00022048
5.37182e-05
-1.38625e-05
0.000238846
6.15813e-05
-2.41712e-06
7.47388e-06
3.87786e-05
2.9375e-06
6.30967e-06
6.22321e-05
3.35471e-06
6.44558e-06
7.50315e-05
1.66358e-06
9.39659e-06
7.97152e-05
-3.18422e-07
1.43023e-05
7.71955e-05
4.33368e-06
1.95424e-05
6.63276e-05
1.29698e-05
2.43114e-05
4.55421e-05
-3.44304e-06
2.89116e-05
1.49876e-05
-9.25598e-05
7.07182e-06
-1.27538e-05
-0.000139103
-3.71984e-05
-3.57966e-06
-0.000105065
-4.71486e-05
-1.04009e-05
-7.33902e-05
-4.07218e-05
-2.75149e-05
-5.68411e-05
-2.47884e-05
-3.17287e-05
-5.15813e-05
7.99736e-07
-2.93619e-05
-4.58142e-05
2.8983e-05
-3.27148e-05
-3.75178e-05
4.83873e-05
-4.2755e-05
-2.62224e-05
5.32403e-05
-4.74127e-05
-1.73124e-05
2.11348e-06
-6.02821e-06
-2.5611e-06
1.86084e-06
2.616e-05
3.80656e-06
1.83712e-06
5.10548e-05
4.38629e-06
3.74163e-06
6.68248e-05
2.97736e-06
8.18476e-06
7.34507e-05
1.21992e-06
1.4366e-05
7.02975e-05
3.70376e-06
2.11775e-05
5.39483e-05
7.43829e-06
2.87339e-05
1.99156e-05
7.28725e-07
3.56241e-05
-3.08276e-05
-7.36001e-05
2.23986e-05
-6.69587e-05
-0.000134191
-2.64824e-05
-4.45835e-05
-0.000112425
-6.47734e-05
-5.12946e-05
-8.61472e-05
-7.64707e-05
-6.84852e-05
-7.63415e-05
-6.80566e-05
-7.77356e-05
-7.46615e-05
-5.10398e-05
-8.49029e-05
-6.7203e-05
-4.10088e-05
-0.00010402
-5.20916e-05
-4.92943e-05
-0.000127945
-3.45528e-05
-7.06781e-05
-0.000133579
-3.65345e-05
-3.83223e-05
-1.86302e-05
-1.07896e-06
-1.46977e-05
-3.54963e-06
-1.72971e-06
1.57812e-05
2.91588e-06
-8.86521e-07
4.13082e-05
3.73385e-06
2.08958e-06
5.89613e-05
2.41279e-06
7.34542e-06
6.67183e-05
-4.08772e-07
1.40291e-05
6.21623e-05
-2.90449e-06
2.09922e-05
3.89213e-05
-7.03417e-06
2.84969e-05
-1.20788e-05
-1.41251e-05
3.50774e-05
-9.6834e-05
-6.51183e-05
2.91507e-05
-0.000153466
-0.000112284
4.47371e-06
-0.000130533
-0.000103135
-2.08354e-05
-0.000135595
-9.3831e-05
-3.52947e-05
-0.000147506
-9.10569e-05
-4.36832e-05
-0.000153132
-8.92885e-05
-5.80196e-05
-0.000165478
-7.62021e-05
-9.04582e-05
-0.000192043
-5.42657e-05
-0.000138054
-0.000207669
-3.41552e-05
-0.000167869
-0.000191213
-3.54208e-05
-4.22678e-05
-1.93393e-05
-2.39791e-06
-2.22621e-05
-5.22694e-06
-3.27973e-06
7.00011e-06
9.49001e-07
-2.12712e-06
3.25921e-05
1.96756e-06
1.30708e-06
5.12732e-05
5.91506e-07
6.98999e-06
5.95545e-05
-3.95652e-06
1.40669e-05
5.28882e-05
-1.3144e-05
2.10137e-05
2.12071e-05
-2.88213e-05
2.76418e-05
-5.09892e-05
-4.6792e-05
3.14085e-05
-0.000169243
-8.2212e-05
3.36776e-05
-0.000244565
-0.000106576
3.56456e-05
-0.000264531
-0.000103543
1.96132e-05
-0.000281638
-9.83006e-05
-1.4383e-05
-0.000282823
-9.53023e-05
-6.1612e-05
-0.000276528
-8.86851e-05
-0.000122096
-0.000277606
-6.95295e-05
-0.000190293
-0.000279323
-4.51883e-05
-0.000232968
-0.000257842
-3.44928e-05
-0.000212518
-0.000210871
-3.3174e-05
-4.65066e-05
-1.96445e-05
-2.51176e-06
-2.89387e-05
-6.99384e-06
-3.57542e-06
-6.23751e-07
-1.38595e-06
-2.53698e-06
2.48771e-05
-4.75009e-07
8.03349e-07
4.41565e-05
-2.32453e-06
6.36002e-06
5.29437e-05
-9.3189e-06
1.31545e-05
4.42987e-05
-2.64946e-05
1.96132e-05
4.12291e-06
-5.47944e-05
2.5798e-05
-8.80385e-05
-8.76759e-05
3.36074e-05
-0.000224866
-0.000115526
4.72721e-05
-0.000331774
-0.00012026
4.19778e-05
-0.000396773
-0.000104901
-1.37302e-05
-0.00042864
-9.47611e-05
-0.000101229
-0.00042356
-8.78798e-05
-0.000192643
-0.000397777
-7.58702e-05
-0.000267215
-0.00036326
-5.45871e-05
-0.000299956
-0.000318918
-4.0061e-05
-0.000264764
-0.000262986
-5.50982e-05
-0.000149157
-0.000202015
-3.11245e-05
-5.03616e-05
-1.96615e-05
-2.15822e-06
-3.46937e-05
-8.43356e-06
-3.25617e-06
-7.17013e-06
-3.52885e-06
-2.44721e-06
1.82543e-05
-2.97844e-06
5.53618e-07
3.81363e-05
-5.62145e-06
5.70304e-06
4.77047e-05
-1.60374e-05
1.22862e-05
3.80891e-05
-4.29878e-05
1.89541e-05
-8.47312e-06
-8.72013e-05
2.64163e-05
-0.000112285
-0.000129992
3.62205e-05
-0.000254908
-0.000133696
3.73858e-05
-0.000389025
-9.81318e-05
-1.30771e-05
-0.000491918
-6.91925e-05
-0.000127208
-0.000542123
-6.45657e-05
-0.000256348
-0.000527829
-6.47928e-05
-0.000342445
-0.000465694
-5.74598e-05
-0.00035684
-0.000388269
-4.84837e-05
-0.000296356
-0.000312614
-6.13989e-05
-0.00015852
-0.000242956
-0.000110682
5.5829e-05
-0.000182497
-2.9716e-05
-5.34215e-05
-1.95278e-05
-1.97076e-06
-3.94197e-05
-9.38112e-06
-3.13714e-06
-1.24897e-05
-5.13357e-06
-2.64921e-06
1.31321e-05
-5.10671e-06
-1.59036e-07
3.4176e-05
-9.09538e-06
4.58395e-06
4.57776e-05
-2.43471e-05
1.13375e-05
3.76972e-05
-6.3024e-05
1.89703e-05
-9.6239e-06
-0.000119537
2.54518e-05
-0.000114836
-0.000147594
2.64147e-05
-0.000259997
-9.63196e-05
-2.79939e-06
-0.000415866
-1.77993e-05
-9.92003e-05
-0.000548585
4.87339e-06
-0.000246241
-0.000611087
-1.41424e-05
-0.000354227
-0.000572865
-3.55423e-05
-0.000367539
-0.000473553
-4.76403e-05
-0.000290044
-0.000372281
-6.68771e-05
-0.000132834
-0.000286504
-0.00011717
0.000106412
-0.000217221
-0.000212511
0.000432401
-0.00016996
-2.86585e-05
-5.54124e-05
-1.91598e-05
-2.20354e-06
-4.28822e-05
-9.70566e-06
-3.6731e-06
-1.62887e-05
-5.90982e-06
-3.47733e-06
1.00252e-05
-6.6087e-06
-1.23971e-06
3.32842e-05
-1.28086e-05
3.72321e-06
4.89963e-05
-3.43202e-05
1.15737e-05
4.58285e-05
-8.25942e-05
1.92892e-05
3.1684e-06
-0.0001383
2.01886e-05
-9.52025e-05
-0.000127022
8.35818e-07
-0.000242042
-1.10033e-05
-6.74334e-05
-0.000422175
8.73559e-05
-0.000206221
-0.000587011
7.28529e-05
-0.000330061
-0.000644957
2.67859e-05
-0.000353268
-0.000571767
-1.81872e-05
-0.000261119
-0.000447203
-5.98996e-05
-8.59464e-05
-0.000337706
-0.000118512
0.000170475
-0.000248762
-0.00022234
0.000507361
-0.000176258
-0.000360453
0.000927597
-0.000109122
-2.73446e-05
-5.65107e-05
-1.82188e-05
-3.19905e-06
-4.48627e-05
-9.32106e-06
-5.36289e-06
-1.81443e-05
-5.91654e-06
-5.42073e-06
9.53014e-06
-7.79531e-06
-2.92267e-06
3.64325e-05
-1.72683e-05
3.02805e-06
5.85926e-05
-4.47297e-05
1.20672e-05
6.44844e-05
-9.62267e-05
1.85666e-05
3.24254e-05
-0.000134168
8.69772e-06
-5.9364e-05
-6.75136e-05
-4.11798e-05
-0.0002269
0.00010663
-0.000176282
-0.000464661
0.000158523
-0.000336579
-0.00063103
9.85927e-05
-0.000364282
-0.000641205
3.72756e-05
-0.000246339
-0.000526014
-3.3336e-05
-3.91763e-05
-0.000393872
-0.000107153
0.000236311
-0.00028463
-0.000213851
0.000568917
-0.000188647
-0.000338452
0.000958371
-9.40568e-05
-0.000376144
0.00105732
-2.48732e-05
-5.6646e-05
-1.62129e-05
-4.67445e-06
-4.55324e-05
-8.17417e-06
-7.77656e-06
-1.80399e-05
-5.51156e-06
-7.98245e-06
1.18981e-05
-9.22134e-06
-4.6634e-06
4.39286e-05
-2.23616e-05
2.6949e-06
7.48327e-05
-5.33488e-05
1.24309e-05
9.21192e-05
-9.90577e-05
1.48998e-05
7.02045e-05
-0.000103134
-1.20071e-05
-3.40602e-05
4.05537e-05
-0.000117796
-0.000289934
0.000210689
-0.000331609
-0.000573094
0.000146435
-0.000389372
-0.000663877
7.39575e-05
-0.000245631
-0.00058688
-2.14574e-06
4.56813e-06
-0.00045121
-9.01026e-05
0.000310199
-0.000326401
-0.000195192
0.00065311
-0.000217959
-0.000307191
0.00103543
-0.000104695
-0.000316398
0.00108752
-2.05937e-05
-5.55857e-05
-1.28257e-05
-6.15869e-06
-4.48572e-05
-6.29799e-06
-1.02782e-05
-1.62264e-05
-5.15371e-06
-1.04797e-05
1.68178e-05
-1.12094e-05
-6.11897e-06
5.50019e-05
-2.74135e-05
2.43463e-06
9.53632e-05
-5.78718e-05
1.14917e-05
0.000122272
-8.80458e-05
6.114e-06
9.65302e-05
-3.93842e-05
-5.08977e-05
-9.16002e-05
0.000174282
-0.000251461
-0.000489775
0.000213475
-0.000394132
-0.000673369
7.07025e-05
-0.00020438
-0.000607576
2.72893e-06
7.62023e-05
-0.000482506
-8.16527e-05
0.000412066
-0.000357768
-0.000182586
0.000771919
-0.00023524
-0.000271064
0.00114766
-0.000115689
-0.000266085
0.00115666
-1.44919e-05
-5.35292e-05
-8.03487e-06
-7.46706e-06
-4.30992e-05
-3.90133e-06
-1.23578e-05
-1.3125e-05
-5.09891e-06
-1.22635e-05
2.35783e-05
-1.3613e-05
-6.84776e-06
6.82135e-05
-3.14732e-05
2.24789e-06
0.00011683
-5.72404e-05
8.35881e-06
0.000145018
-6.46131e-05
-1.17413e-05
7.9443e-05
4.96517e-05
-0.000124902
-0.000285688
0.000222761
-0.000353746
-0.000663636
9.98936e-05
-0.000213115
-0.000632215
3.32256e-06
0.000114746
-0.00050653
-7.39384e-05
0.000464688
-0.000374206
-0.000150288
0.000824866
-0.000247129
-0.000221264
0.00116326
-0.000116379
-0.000192308
0.00115552
-7.01718e-06
-5.12556e-05
-2.37831e-06
-8.51757e-06
-4.10188e-05
-1.43587e-06
-1.37047e-05
-9.45858e-06
-5.47174e-06
-1.29565e-05
3.11021e-05
-1.60474e-05
-6.63372e-06
8.15473e-05
-3.38791e-05
2.15346e-06
0.000134171
-5.24619e-05
1.50073e-06
0.000147604
-3.37833e-05
-4.0794e-05
-1.89744e-05
0.000109275
-0.000220736
-0.000523602
0.000147075
-0.000311117
-0.000674084
2.1035e-05
1.87249e-05
-0.000533116
-4.04229e-05
0.000392891
-0.000389547
-0.000103735
0.000752328
-0.000251832
-0.000140527
0.00107108
-0.000114042
-0.000121777
0.00108347
1.02443e-06
-4.9856e-05
3.27529e-06
-9.08585e-06
-3.94282e-05
5.48345e-07
-1.39671e-05
-5.92075e-06
-6.3053e-06
-1.22792e-05
3.83252e-05
-1.81517e-05
-5.22363e-06
9.29218e-05
-3.46528e-05
1.5351e-06
0.000141993
-4.59094e-05
-1.02029e-05
0.000120502
-4.17005e-06
-8.11217e-05
-0.000198478
9.93455e-05
-0.000276872
-0.000654382
4.95556e-05
-0.000148496
-0.000593023
-1.45148e-05
0.000244163
-0.000418109
-4.3341e-05
0.000614708
-0.000263812
-6.95992e-05
0.000944851
-0.000116008
-4.76944e-05
0.000995361
0.000508027
0.000214656
0.00024793
-8.55105e-06
8.00922e-05
5.12114e-05
-1.67301e-05
-3.26062e-05
-7.95016e-05
-2.25933e-05
-0.000109165
-0.000145211
-3.08543e-05
-0.000145885
-0.000113733
-5.19705e-05
-0.000152789
4.19009e-05
-0.000103706
-0.000145877
0.00034183
-0.000193878
-0.000145943
0.000857525
-0.000342735
-0.000150623
0.00109036
-0.000457656
8.67246e-06
-5.02301e-05
8.03862e-06
-9.04114e-06
-3.88957e-05
1.66813e-06
-1.29586e-05
-3.10117e-06
-7.51022e-06
-9.99593e-06
4.41317e-05
-1.95611e-05
-2.97468e-06
0.000100204
-3.34851e-05
1.06147e-07
0.00013576
-3.93567e-05
-2.29984e-05
5.54817e-05
7.37722e-06
-0.000128226
-0.000423419
4.17727e-05
-0.000212643
-0.000635662
-9.2847e-06
0.000154127
-0.00046896
-2.5258e-06
0.000583668
-0.000284415
7.60393e-06
0.000959381
-0.000136861
9.78951e-07
0.00098471
1.50416e-05
-5.22544e-05
1.13664e-05
-8.21835e-06
-3.92205e-05
1.70425e-06
-1.04944e-05
-1.2571e-06
-8.83205e-06
-6.49777e-06
4.76056e-05
-1.97996e-05
1.61742e-08
0.000101463
-3.05009e-05
-1.62236e-06
0.000117233
-3.64753e-05
-3.31456e-05
-4.80493e-05
-3.66476e-05
-0.000165478
-0.000544978
-1.32151e-05
1.19302e-05
-0.000526292
-7.72244e-07
0.000462889
-0.000322372
5.17584e-05
0.0009083
-0.000156146
5.81316e-05
0.000932443
1.96525e-05
-5.51131e-05
1.28575e-05
-6.57155e-06
-3.98975e-05
7.36114e-07
-7.09539e-06
-5.10043e-07
-1.03043e-05
-2.53228e-06
4.83925e-05
-1.81367e-05
3.71631e-06
9.66521e-05
-2.59228e-05
-2.41421e-06
9.40306e-05
-6.12468e-05
-5.43311e-05
-0.000122772
-0.000132596
-0.000149793
-0.000461647
-8.6527e-06
0.000101361
-0.000435294
3.68622e-05
0.000545799
-0.000202802
9.03848e-05
0.0006624
2.20862e-05
-5.74629e-05
1.26337e-05
-4.39142e-06
-4.03675e-05
-1.41865e-06
-3.68911e-06
-6.20293e-07
-1.19752e-05
9.84525e-07
4.74316e-05
-1.57169e-05
7.76266e-06
8.5783e-05
-1.50148e-05
-4.78762e-06
5.66902e-05
-0.000110896
-6.53469e-05
-0.000136937
-0.000167461
-0.000146897
-0.000319676
-2.74597e-05
7.15106e-05
-0.000278199
6.31717e-05
0.000344304
2.26228e-05
-5.86399e-05
1.09217e-05
-2.06037e-06
-4.05813e-05
-4.45413e-06
-9.16964e-07
-6.81389e-07
-1.52787e-05
3.56434e-06
4.57731e-05
-1.37338e-05
7.95941e-06
6.94356e-05
-8.3742e-07
-6.85817e-06
5.32503e-06
-8.1254e-05
-4.80527e-05
-0.000199211
-0.000150328
-0.000125298
-0.000247627
6.01927e-05
0.000258441
-3.17702e-05
0.000219953
2.13451e-05
-5.81518e-05
8.80538e-06
-2.23872e-07
-3.99455e-05
-8.52156e-06
1.52063e-06
1.11433e-07
-1.89463e-05
4.27849e-06
4.35332e-05
-1.52431e-05
5.48534e-06
4.95286e-05
1.0998e-05
4.60392e-06
-4.12775e-05
-1.77587e-05
-1.45939e-05
-0.00022333
-5.54951e-05
-2.56848e-05
-0.000125023
4.80858e-06
9.57938e-05
1.94663e-05
-5.73038e-05
6.13998e-06
1.37271e-06
-3.75825e-05
-1.16011e-05
4.27312e-06
2.37762e-06
-2.41289e-05
5.05524e-06
4.49047e-05
-2.08189e-05
7.50183e-06
5.2155e-05
2.78036e-05
1.43968e-05
-3.96572e-05
8.24209e-05
-4.12242e-05
-0.000127174
6.81302e-06
-5.05932e-05
1.71805e-05
-5.53293e-05
4.34638e-06
3.4358e-06
-3.29979e-05
-1.3779e-05
7.14742e-06
9.04378e-06
-3.03899e-05
8.82236e-06
5.81164e-05
-2.99081e-05
5.48104e-06
6.62976e-05
0.000138982
-5.46686e-05
-1.76193e-05
0.000175552
-0.000127337
1.5299e-05
-5.34033e-05
3.01917e-06
6.13622e-06
-2.81601e-05
-1.3405e-05
1.51435e-05
1.56292e-05
-4.07223e-05
6.07656e-06
7.12187e-05
2.03536e-05
-1.38538e-05
1.85787e-05
0.000223329
-0.000132541
1.26645e-05
-4.97989e-05
1.63525e-06
1.2119e-05
-2.06e-05
-1.29975e-05
1.65577e-05
4.80354e-06
-4.6575e-05
-2.23759e-06
5.20797e-05
0.000116286
-7.28843e-05
1.00805e-05
-4.15754e-05
-1.73897e-06
1.83607e-05
-1.97502e-05
4.1211e-06
1.96193e-05
1.35096e-05
-1.37312e-05
1.50045e-05
4.87004e-06
-2.53223e-05
4.92856e-06
2.0367e-05
-5.86346e-06
-1.00463e-05
3.0417e-05
2.15176e-05
6.10738e-05
2.10204e-05
7.52349e-05
2.05317e-05
7.90966e-05
2.26934e-05
7.83326e-05
3.03333e-05
7.55185e-05
4.22387e-05
7.05447e-05
4.67332e-05
5.95003e-05
3.4931e-05
3.3429e-05
3.93553e-05
1.47557e-05
0.000120936
4.39469e-05
0.000229207
5.64604e-05
0.000305332
7.66986e-05
0.000361486
9.51868e-05
0.000403948
0.000118313
0.000439446
0.000138302
0.000468231
0.000160945
0.000491712
0.000186368
-9.72094e-06
1.19022e-05
1.32579e-05
-1.49714e-06
1.40078e-05
5.30403e-05
1.44336e-06
1.25771e-05
7.6057e-05
9.50868e-07
1.16345e-05
8.74533e-05
-2.16945e-06
1.32399e-05
9.16299e-05
-5.05092e-06
1.68745e-05
8.99605e-05
1.53842e-07
2.166e-05
8.05316e-05
1.19562e-05
2.57845e-05
6.27726e-05
-1.18173e-05
2.82544e-05
2.89165e-05
-8.16579e-05
1.26119e-05
6.92077e-06
-9.91987e-05
2.23379e-05
3.9353e-05
-6.85886e-05
6.43274e-05
2.71962e-05
-4.74536e-05
0.000103156
2.65449e-05
-3.496e-05
0.000135741
3.20367e-05
-2.80715e-05
0.000166424
4.26764e-05
-2.35597e-05
0.000196929
4.92415e-05
-1.87006e-05
0.00022051
5.32245e-05
-1.30792e-05
0.000233944
6.24118e-05
-1.46149e-05
6.8007e-06
1.77592e-06
-2.01173e-06
7.06256e-06
3.74206e-05
3.36316e-06
5.90996e-06
6.31567e-05
3.38404e-06
6.25404e-06
7.91205e-05
8.31246e-07
9.55488e-06
8.65555e-05
-2.09329e-06
1.47161e-05
8.52878e-05
1.60714e-06
2.02676e-05
7.2426e-05
1.00427e-05
2.54901e-05
4.63217e-05
-1.08873e-05
2.9553e-05
4.08497e-06
-0.000100989
1.72156e-06
-2.4333e-05
-0.000139588
-4.11272e-05
-4.23314e-06
-0.000103594
-4.75073e-05
-1.24662e-05
-7.25943e-05
-4.02588e-05
-2.56136e-05
-5.70602e-05
-2.2796e-05
-2.74305e-05
-5.17322e-05
2.92136e-06
-2.62454e-05
-4.51997e-05
2.75257e-05
-3.38712e-05
-3.53684e-05
3.95087e-05
-4.57605e-05
-2.41952e-05
3.83413e-05
-4.49132e-05
-3.3947e-05
-3.56551e-05
-1.69387e-05
1.8239e-06
-7.73231e-06
-2.173e-06
1.46306e-06
2.51072e-05
3.97214e-06
1.63651e-06
5.20499e-05
4.1274e-06
3.83652e-06
7.07215e-05
1.72259e-06
8.55635e-06
7.98944e-05
-1.50157e-06
1.48346e-05
7.76824e-05
-7.18413e-07
2.18491e-05
5.86017e-05
2.24742e-06
2.95845e-05
1.66346e-05
-8.392e-06
3.59679e-05
-5.01641e-05
-8.64187e-05
1.60756e-05
-8.82524e-05
-0.000135945
-3.22065e-05
-5.35163e-05
-0.000109924
-6.56167e-05
-5.53804e-05
-8.57401e-05
-7.64884e-05
-6.8161e-05
-7.63367e-05
-6.86875e-05
-7.48242e-05
-7.4117e-05
-5.56552e-05
-8.54442e-05
-6.42626e-05
-5.47129e-05
-0.000110557
-4.77605e-05
-7.41427e-05
-0.000131001
-3.12649e-05
-9.29766e-05
-0.000123009
-3.5911e-05
-3.89487e-05
-1.83055e-05
-1.29091e-06
-1.62158e-05
-3.37935e-06
-1.9345e-06
1.49353e-05
2.85009e-06
-8.76841e-07
4.23203e-05
3.20893e-06
2.35945e-06
6.26466e-05
7.68668e-07
7.73702e-06
7.27753e-05
-4.15925e-06
1.44546e-05
6.88493e-05
-9.26953e-06
2.15086e-05
4.19867e-05
-1.56064e-05
2.94774e-05
-1.97364e-05
-2.6866e-05
3.45497e-05
-0.000122198
-7.99466e-05
2.53754e-05
-0.000176666
-0.000112381
4.7442e-06
-0.000150329
-0.000101745
-1.93483e-05
-0.000153358
-9.40253e-05
-3.81538e-05
-0.000157328
-9.21696e-05
-5.47395e-05
-0.000159561
-8.82923e-05
-8.12047e-05
-0.000175141
-7.25048e-05
-0.00012805
-0.000199089
-4.9562e-05
-0.000172917
-0.000198264
-3.7184e-05
-0.000170031
-0.000163717
-3.4832e-05
-4.30469e-05
-1.91501e-05
-2.42611e-06
-2.36556e-05
-5.20118e-06
-3.24232e-06
6.27736e-06
7.80718e-07
-1.91033e-06
3.35919e-05
1.28452e-06
1.68532e-06
5.47591e-05
-1.48217e-06
7.40011e-06
6.53202e-05
-8.83573e-06
1.43939e-05
5.89691e-05
-2.18443e-05
2.13899e-05
2.27567e-05
-4.03551e-05
2.82455e-05
-6.23131e-05
-6.13325e-05
3.20607e-05
-0.000194011
-9.42135e-05
3.65842e-05
-0.000266845
-0.000110871
3.61872e-05
-0.000290514
-0.000105193
7.41621e-06
-0.000303161
-0.000100428
-4.23877e-05
-0.0002964
-9.73363e-05
-0.000104276
-0.000284912
-8.86354e-05
-0.00017537
-0.000279785
-6.6284e-05
-0.000234967
-0.000265647
-4.66401e-05
-0.000237619
-0.000226181
-5.14915e-05
-0.000158171
-0.000170055
-3.2813e-05
-4.73713e-05
-1.95711e-05
-2.42351e-06
-3.02278e-05
-7.01152e-06
-3.37441e-06
-1.25425e-06
-1.56219e-06
-2.19793e-06
2.58619e-05
-1.26431e-06
1.22564e-06
4.75183e-05
-4.82073e-06
6.68818e-06
5.85502e-05
-1.54589e-05
1.32916e-05
4.99841e-05
-3.73534e-05
1.96362e-05
4.59543e-06
-6.89932e-05
2.64665e-05
-9.9156e-05
-0.000102676
3.60228e-05
-0.000240971
-0.0001224
4.71948e-05
-0.000348314
-0.000115214
2.15997e-05
-0.000415041
-9.88571e-05
-5.97863e-05
-0.000440441
-9.26193e-05
-0.000164211
-0.000423962
-8.87899e-05
-0.000256247
-0.000384772
-7.61259e-05
-0.000308826
-0.000335749
-5.79258e-05
-0.000295122
-0.00027914
-5.83766e-05
-0.000197752
-0.000217432
-9.50543e-05
-1.69763e-05
-0.000158779
-3.10526e-05
-5.12263e-05
-1.96565e-05
-2.01141e-06
-3.58586e-05
-8.38249e-06
-2.9802e-06
-7.68312e-06
-3.62458e-06
-2.05783e-06
1.93067e-05
-3.79661e-06
9.57777e-07
4.1514e-05
-8.53379e-06
5.98768e-06
5.33825e-05
-2.33581e-05
1.22755e-05
4.372e-05
-5.58915e-05
1.87627e-05
-8.00763e-06
-0.000102266
2.65415e-05
-0.000119926
-0.000135497
3.55828e-05
-0.000265237
-0.000116074
2.23561e-05
-0.000404731
-7.2399e-05
-5.85397e-05
-0.000506015
-5.40601e-05
-0.000195633
-0.000543931
-6.04567e-05
-0.000318404
-0.000505583
-6.71047e-05
-0.000367722
-0.000423275
-6.58316e-05
-0.000329817
-0.000336641
-6.82382e-05
-0.000209838
-0.000259955
-0.000103167
-6.88408e-06
-0.000194261
-0.000177937
0.000277611
-0.000152862
-2.98841e-05
-5.42108e-05
-1.95039e-05
-1.85342e-06
-4.04097e-05
-9.18523e-06
-2.9067e-06
-1.28018e-05
-5.06594e-06
-2.32199e-06
1.44012e-05
-5.92711e-06
2.02245e-07
3.78186e-05
-1.23861e-05
4.85297e-06
5.17809e-05
-3.27936e-05
1.14085e-05
4.36746e-05
-7.6569e-05
1.84733e-05
-8.7241e-06
-0.000129276
2.39243e-05
-0.000121414
-0.000130862
1.81699e-05
-0.000277159
-5.07493e-05
-3.33025e-05
-0.000442051
1.77494e-05
-0.000158267
-0.000566987
1.41132e-05
-0.000304075
-0.000602532
-1.9962e-05
-0.000367322
-0.000526366
-4.9698e-05
-0.000320417
-0.000411696
-7.09403e-05
-0.000183375
-0.000310721
-0.000109298
4.14463e-05
-0.000230769
-0.000194652
0.000364563
-0.000177082
-0.000320035
0.000797543
-0.000150403
-2.8918e-05
-5.60865e-05
-1.90069e-05
-2.17549e-06
-4.36431e-05
-9.28334e-06
-3.57676e-06
-1.62781e-05
-5.66275e-06
-3.25935e-06
1.17397e-05
-7.45726e-06
-8.99283e-07
3.75114e-05
-1.6599e-05
4.14797e-06
5.56951e-05
-4.33884e-05
1.1652e-05
5.20691e-05
-9.48035e-05
1.80999e-05
3.78437e-06
-0.000136755
1.52479e-05
-0.000107069
-8.70869e-05
-1.66794e-05
-0.000273261
5.3256e-05
-0.000113952
-0.000461112
0.000106797
-0.000259699
-0.00060569
6.20776e-05
-0.00034216
-0.00061959
5.50813e-06
-0.000295775
-0.000505373
-5.02784e-05
-0.000141608
-0.000374623
-0.000104626
9.98375e-05
-0.000269612
-0.000202098
0.000433405
-0.00018657
-0.000334074
0.000860365
-0.000113413
-0.000433084
0.00103817
-2.74992e-05
-5.71268e-05
-1.781e-05
-3.31807e-06
-4.53591e-05
-8.64633e-06
-5.45942e-06
-1.76865e-05
-5.53404e-06
-5.32375e-06
1.19008e-05
-8.82308e-06
-2.51699e-06
4.15224e-05
-2.15515e-05
3.64982e-06
6.61437e-05
-5.37886e-05
1.21487e-05
7.12897e-05
-0.000104952
1.57685e-05
3.1203e-05
-0.000119735
-2.36036e-06
-8.1626e-05
-3.62621e-07
-7.74303e-05
-0.000284885
0.000163591
-0.000247859
-0.000506335
0.000139069
-0.000352414
-0.000635585
7.48514e-05
-0.000302649
-0.000585832
-4.80849e-06
-0.000118134
-0.00044442
-8.34893e-05
0.000147694
-0.000311885
-0.000188417
0.000481023
-0.000203524
-0.000312572
0.000874096
-9.89992e-05
-0.000351577
0.000998434
-2.4708e-05
-5.72485e-05
-1.5465e-05
-4.9238e-06
-4.58067e-05
-7.28128e-06
-7.99489e-06
-1.70975e-05
-5.15554e-06
-7.88501e-06
1.50676e-05
-1.05869e-05
-4.0995e-06
5.00439e-05
-2.70528e-05
3.49241e-06
8.33554e-05
-6.15594e-05
1.19755e-05
9.86809e-05
-0.000102069
8.62346e-06
6.35521e-05
-6.89755e-05
-3.48464e-05
-8.74722e-05
0.000136441
-0.000193888
-0.000389878
0.000216801
-0.000375731
-0.000590125
9.92051e-05
-0.000318344
-0.000619727
3.01267e-05
-0.000105904
-0.000503842
-5.68974e-05
0.000196405
-0.000362189
-0.00016773
0.000544823
-0.000232982
-0.000275487
0.000933719
-0.000111832
-0.000298134
0.00101486
-2.00049e-05
-5.6273e-05
-1.17466e-05
-6.46381e-06
-4.50196e-05
-5.32705e-06
-1.0501e-05
-1.48327e-05
-4.99227e-06
-1.02324e-05
2.07699e-05
-1.29805e-05
-5.27089e-06
6.20183e-05
-3.21915e-05
3.31739e-06
0.000104201
-6.38659e-05
9.74609e-06
0.000125216
-8.18754e-05
-6.80704e-06
6.96499e-05
3.01303e-05
-0.000100527
-0.000223083
0.000253749
-0.000334712
-0.000580254
0.000138104
-0.000297022
-0.000618998
1.93294e-05
-2.67244e-05
-0.000520692
-5.7117e-05
0.000298579
-0.000385858
-0.000155067
0.000671643
-0.000252725
-0.000250506
0.00106037
-0.000118713
-0.000245531
0.00109418
-1.35729e-05
-5.44816e-05
-6.82052e-06
-7.7661e-06
-4.33077e-05
-3.05116e-06
-1.24489e-05
-1.13777e-05
-5.28647e-06
-1.16932e-05
2.81831e-05
-1.57553e-05
-5.65044e-06
7.57632e-05
-3.59529e-05
3.05313e-06
0.000124155
-5.99727e-05
3.53936e-06
0.000137196
-4.39779e-05
-3.39961e-05
-1.33531e-06
0.000141495
-0.000202801
-0.000468925
0.000222666
-0.000306321
-0.000646073
3.13992e-05
7.02328e-06
-0.000534881
-4.83514e-05
0.000364193
-0.000398124
-0.000137715
0.000743701
-0.000259072
-0.00020019
0.0010992
-0.000123412
-0.000190046
0.0011074
-6.03759e-06
-5.27517e-05
-1.30599e-06
-8.75877e-06
-4.14418e-05
-9.28443e-07
-1.34968e-05
-7.49543e-06
-6.0736e-06
-1.18897e-05
3.60701e-05
-1.84093e-05
-4.91671e-06
8.88186e-05
-3.75597e-05
2.31099e-06
0.000136212
-5.10762e-05
-7.49764e-06
0.00011942
4.89664e-06
-7.36699e-05
-0.000175189
0.000165318
-0.000270528
-0.00063022
0.00010188
-0.000131976
-0.000575734
-2.25957e-05
0.000280184
-0.000412341
-8.2687e-05
0.000664963
-0.000262846
-0.000139619
0.00101176
-0.000122504
-0.000111402
0.00103313
1.76346e-06
-5.20729e-05
3.89178e-06
-9.18397e-06
-4.01093e-05
5.60126e-07
-1.32951e-05
-3.85151e-06
-7.28961e-06
-1.04384e-05
4.3262e-05
-2.05511e-05
-3.28161e-06
9.86719e-05
-3.69609e-05
5.81289e-07
0.000134625
-4.05492e-05
-2.05923e-05
6.11097e-05
3.76028e-05
-0.000119251
-0.000386405
0.000103258
-0.000237909
-0.000626506
1.54142e-05
8.93e-05
-0.000462875
-3.03404e-05
0.000500482
-0.00027608
-5.42913e-05
0.000868201
-0.000125276
-5.07191e-05
0.000931046
0.000509502
0.000219411
0.000242287
-8.59222e-06
8.69655e-05
4.01824e-05
-1.58173e-05
-1.95339e-05
-7.60444e-05
-2.78591e-05
-8.4236e-05
-9.66583e-05
-4.74608e-05
-0.000108812
5.28905e-06
-8.97816e-05
-0.000112814
0.000231926
-0.000165176
-0.000115391
0.000641049
-0.000277857
-0.0001561
0.00112233
-0.000561239
8.87514e-06
-5.31316e-05
8.02005e-06
-8.87548e-06
-3.96773e-05
1.1049e-06
-1.154e-05
-1.01376e-06
-8.70922e-06
-7.51905e-06
4.84947e-05
-2.16297e-05
-8.8724e-07
0.000102969
-3.47389e-05
-2.4688e-06
0.000119407
-3.09372e-05
-3.30482e-05
-4.53524e-05
3.62204e-05
-0.000166842
-0.000541639
3.76455e-05
-2.22993e-05
-0.000510136
-1.55696e-06
0.000422986
-0.000307508
4.86442e-06
0.000856303
-0.000134455
6.05409e-06
0.000899919
1.46133e-05
-5.54602e-05
1.05043e-05
-7.61505e-06
-3.97922e-05
6.72646e-07
-8.4385e-06
6.89555e-07
-1.00874e-05
-3.57397e-06
5.09208e-05
-2.09744e-05
2.10805e-06
0.000100507
-3.13548e-05
-5.71887e-06
9.51771e-05
-3.59353e-05
-6.51551e-05
-0.000174731
-3.23068e-05
-0.000123981
-0.000509409
2.05436e-05
0.000258267
-0.000350878
3.46839e-05
0.000745347
-0.000157251
4.45653e-05
0.000822108
1.8381e-05
-5.80195e-05
1.12316e-05
-5.53938e-06
-4.0098e-05
-8.79749e-07
-4.73542e-06
1.09603e-06
-1.12097e-05
2.06164e-07
5.10782e-05
-1.85544e-05
5.46748e-06
9.15415e-05
-2.46116e-05
-1.20906e-05
6.13211e-05
-0.000106718
-8.55803e-05
-0.000191298
-0.000106596
-7.36488e-05
-0.000347517
3.25116e-05
0.000299585
-0.000249056
5.73e-05
0.000465462
2.01643e-05
-5.94365e-05
1.01584e-05
-3.11945e-06
-4.02217e-05
-3.32062e-06
-1.63779e-06
8.12164e-07
-1.306e-05
3.55122e-06
4.93652e-05
-1.47211e-05
6.47459e-06
7.54403e-05
-1.23499e-05
-1.39687e-05
1.67763e-05
-0.000145624
-7.35571e-05
-0.000146034
-0.00013032
-8.76894e-05
-0.000180487
7.57e-05
5.05897e-05
1.99997e-05
-5.93834e-05
8.21212e-06
-7.86682e-07
-4.01795e-05
-7.27595e-06
1.08437e-06
4.96595e-07
-1.5463e-05
4.85032e-06
4.53414e-05
-1.27909e-05
4.19614e-06
5.58656e-05
7.65501e-06
-6.13393e-06
-3.33106e-05
-0.000105216
-4.1869e-05
-0.000195299
-6.37205e-05
1.48243e-05
4.18109e-06
0.000192982
1.88359e-05
-5.77734e-05
5.63313e-06
5.37041e-07
-3.85064e-05
-1.12133e-05
3.39876e-06
5.49075e-07
-1.9816e-05
4.78598e-06
3.98641e-05
-9.01994e-06
6.25205e-06
3.60216e-05
2.49764e-05
1.40699e-05
-6.7181e-05
-4.03994e-05
6.63722e-06
-0.000132961
-6.14097e-05
3.89561e-05
1.72514e-05
-5.6042e-05
3.46517e-06
2.87117e-06
-3.53503e-05
-1.4902e-05
6.35544e-06
2.14609e-06
-2.58446e-05
8.23506e-06
3.95657e-05
-1.84289e-05
1.04998e-05
4.45045e-05
7.42038e-05
1.67795e-05
-3.30308e-05
3.67147e-05
-3.89944e-05
1.6164e-05
-5.27988e-05
2.01758e-06
5.35345e-06
-3.02548e-05
-1.674e-05
1.15446e-05
9.59665e-06
-3.68036e-05
1.04803e-05
4.9127e-05
-1.64882e-05
4.37991e-06
4.40299e-05
0.000155141
-7.68837e-05
1.51608e-05
-4.98048e-05
2.32203e-06
1.06297e-05
-2.43905e-05
-1.7653e-05
2.05033e-05
5.79604e-06
-5.23475e-05
9.31345e-06
5.37681e-05
1.9756e-05
-1.75368e-05
1.44314e-05
-4.20745e-05
-1.48894e-06
1.71302e-05
-2.14804e-05
-8.71772e-06
1.97615e-05
-4.41909e-06
-6.64857e-05
3.1884e-05
1.11955e-05
-2.95822e-05
1.27025e-06
2.31155e-05
-1.96464e-05
-1.82268e-05
3.66584e-05
7.55544e-06
-1.25479e-05
2.20413e-06
2.23199e-05
1.46488e-05
1.97533e-05
2.13729e-05
5.91678e-05
2.05346e-05
7.6623e-05
1.96014e-05
8.30893e-05
2.16671e-05
8.47813e-05
2.96632e-05
8.30029e-05
4.18972e-05
7.5499e-05
4.62667e-05
6.00611e-05
3.39365e-05
2.69746e-05
4.17349e-05
1.22785e-05
0.000128916
4.50231e-05
0.000235199
5.79923e-05
0.000310587
8.01336e-05
0.000365897
9.82673e-05
0.000408667
0.000121011
0.000442789
0.000140175
0.000471352
0.000162595
0.000493199
0.000189583
-1.4748e-05
-3.16199e-05
-9.63426e-06
1.17358e-05
1.04878e-05
-1.33227e-06
1.36964e-05
5.11811e-05
1.83639e-06
1.21391e-05
7.7022e-05
1.18185e-06
1.11208e-05
9.17201e-05
-2.48278e-06
1.30293e-05
9.87393e-05
-5.86832e-06
1.71836e-05
9.81684e-05
-9.34171e-07
2.25135e-05
8.63037e-05
1.05057e-05
2.74363e-05
6.30915e-05
-1.71833e-05
2.87306e-05
1.90389e-05
-8.6503e-05
1.1738e-05
2.98432e-06
-9.72545e-05
2.34767e-05
3.78468e-05
-6.75214e-05
6.71876e-05
2.70738e-05
-4.69349e-05
0.00010675
2.98612e-05
-3.506e-05
0.000140075
3.63709e-05
-2.84542e-05
0.000170537
4.57758e-05
-2.35992e-05
0.000198657
4.94799e-05
-1.83042e-05
0.000217607
5.24842e-05
-1.28008e-05
0.000227508
6.57836e-05
-2.66888e-05
-3.39706e-05
-1.43424e-05
6.48362e-06
-2.97097e-07
-1.54748e-06
6.59136e-06
3.60593e-05
3.73246e-06
5.51857e-06
6.4078e-05
3.39713e-06
6.12784e-06
8.32217e-05
-1.06872e-07
9.77589e-06
9.32715e-05
-4.06109e-06
1.51491e-05
9.29182e-05
-1.33846e-06
2.11387e-05
7.73554e-05
6.54305e-06
2.69203e-05
4.46217e-05
-1.99891e-05
2.97291e-05
-1.23616e-05
-0.000109726
-4.53235e-06
-3.76681e-05
-0.00013801
-4.33527e-05
-6.3516e-06
-0.000102099
-4.75474e-05
-1.30235e-05
-7.22047e-05
-3.91968e-05
-2.27647e-05
-5.72215e-05
-2.09325e-05
-2.27094e-05
-5.19042e-05
3.4787e-06
-2.44274e-05
-4.40364e-05
2.24709e-05
-3.70745e-05
-3.32438e-05
2.58075e-05
-4.77575e-05
-2.20877e-05
2.33375e-05
-3.72584e-05
-3.35199e-05
-3.62619e-05
-1.65977e-05
1.46378e-06
-9.48897e-06
-1.81768e-06
1.05746e-06
2.40752e-05
4.12611e-06
1.49418e-06
5.30624e-05
3.80338e-06
4.03745e-06
7.45874e-05
3.41961e-07
8.95295e-06
8.6146e-05
-4.55758e-06
1.53646e-05
8.45139e-05
-5.57542e-06
2.25808e-05
6.18655e-05
-3.91967e-06
3.106e-05
9.81703e-06
-2.07642e-05
3.56939e-05
-7.59192e-05
-0.000100511
9.93948e-06
-0.000109869
-0.000134599
-3.41291e-05
-6.28154e-05
-0.000107963
-6.56758e-05
-5.99965e-05
-8.50883e-05
-7.74544e-05
-6.8348e-05
-7.72217e-05
-7.22482e-05
-7.31954e-05
-7.35158e-05
-6.47256e-05
-9.02248e-05
-6.13999e-05
-7.62684e-05
-0.000119553
-4.32974e-05
-0.000101299
-0.000128958
-3.37846e-05
-9.89782e-05
-0.000103488
-3.53785e-05
-3.97302e-05
-1.80326e-05
-1.52967e-06
-1.77827e-05
-3.19907e-06
-2.10249e-06
1.41133e-05
2.8212e-06
-7.84067e-07
4.33696e-05
2.66589e-06
2.6592e-06
6.62832e-05
-1.08104e-06
8.13226e-06
7.86379e-05
-8.35023e-06
1.48612e-05
7.49569e-05
-1.63454e-05
2.22175e-05
4.36983e-05
-2.51059e-05
3.05261e-05
-3.10054e-05
-4.13452e-05
3.31406e-05
-0.00014999
-9.04707e-05
2.19246e-05
-0.000197622
-0.000112597
5.18087e-06
-0.000173153
-0.000103086
-2.07714e-05
-0.000172866
-9.69034e-05
-4.60033e-05
-0.000169606
-9.51091e-05
-7.28993e-05
-0.000170112
-8.89176e-05
-0.000115052
-0.000187875
-6.89575e-05
-0.000169435
-0.000199916
-4.98156e-05
-0.000187024
-0.000178112
-4.90862e-05
-0.000134702
-0.000128093
-3.43481e-05
-4.3977e-05
-1.89834e-05
-2.45805e-06
-2.50725e-05
-5.12672e-06
-3.15559e-06
5.59287e-06
6.82645e-07
-1.62661e-06
3.46073e-05
5.73377e-07
2.09092e-06
5.81712e-05
-3.8017e-06
7.7605e-06
7.0875e-05
-1.43105e-05
1.4693e-05
6.44607e-05
-3.1121e-05
2.17295e-05
2.2987e-05
-5.22464e-05
2.88714e-05
-7.59192e-05
-7.6263e-05
3.27825e-05
-0.000216662
-0.000105136
3.99395e-05
-0.000287889
-0.000114836
3.17138e-05
-0.000315208
-0.000107692
-1.47628e-05
-0.000321971
-0.000103936
-8.23117e-05
-0.000307068
-0.000101813
-0.000157804
-0.000289477
-8.89641e-05
-0.000228935
-0.000273001
-6.67006e-05
-0.000254689
-0.000239823
-5.77618e-05
-0.000198295
-0.000186689
-8.411e-05
-4.75175e-05
-0.000128206
-3.2539e-05
-4.83498e-05
-1.94784e-05
-2.33177e-06
-3.14952e-05
-6.91979e-06
-3.13523e-06
-1.82548e-06
-1.65127e-06
-1.82175e-06
2.68851e-05
-2.08344e-06
1.62248e-06
5.08125e-05
-7.65601e-06
6.94631e-06
6.3958e-05
-2.2106e-05
1.32567e-05
5.50526e-05
-4.8448e-05
1.9587e-05
3.97525e-06
-8.25461e-05
2.71095e-05
-0.000110012
-0.000115192
3.82989e-05
-0.000252417
-0.00012198
4.10581e-05
-0.000361891
-0.000106007
-1.17585e-05
-0.000429485
-9.24981e-05
-0.000119466
-0.000446771
-9.26605e-05
-0.000233042
-0.000414989
-9.13327e-05
-0.000309831
-0.000359564
-8.03183e-05
-0.000318869
-0.000297539
-6.99182e-05
-0.000241436
-0.000233797
-9.16372e-05
-7.36106e-05
-0.000172342
-0.000152242
0.000172362
-0.000124922
-3.10142e-05
-5.21507e-05
-1.95532e-05
-1.8779e-06
-3.69604e-05
-8.18478e-06
-2.69122e-06
-8.09762e-06
-3.6102e-06
-1.67035e-06
2.04283e-05
-4.68459e-06
1.32824e-06
4.48736e-05
-1.17503e-05
6.13451e-06
5.88284e-05
-3.11471e-05
1.20802e-05
4.86967e-05
-6.80146e-05
1.83917e-05
-8.46817e-06
-0.000114132
2.67009e-05
-0.000126236
-0.000130145
3.21893e-05
-0.00027582
-8.82273e-05
-3.21584e-06
-0.000422606
-4.75393e-05
-0.000117227
-0.000519161
-4.43153e-05
-0.000266442
-0.000537495
-6.21343e-05
-0.000361477
-0.000469685
-7.70811e-05
-0.000354828
-0.000370908
-8.11292e-05
-0.000254182
-0.000282131
-0.000102261
-6.54626e-05
-0.000208431
-0.000164602
0.000214134
-0.000160847
-0.00025931
0.00058445
-0.000156997
-2.99932e-05
-5.50331e-05
-1.93128e-05
-1.75662e-06
-4.13042e-05
-8.79817e-06
-2.68224e-06
-1.2976e-05
-4.90018e-06
-2.00057e-06
1.57907e-05
-6.81502e-06
5.14391e-07
4.1458e-05
-1.59975e-05
5.04172e-06
5.74877e-05
-4.12939e-05
1.12833e-05
4.87125e-05
-8.82033e-05
1.78105e-05
-9.26344e-06
-0.000130561
2.15773e-05
-0.000131058
-9.99073e-05
4.5469e-06
-0.000302222
-7.86711e-07
-7.50784e-05
-0.000471234
3.94619e-05
-0.000222404
-0.000581359
1.17723e-05
-0.000341954
-0.00057763
-3.46961e-05
-0.000340045
-0.000466564
-7.36195e-05
-0.00022598
-0.000345773
-0.000106026
-1.73718e-05
-0.000250522
-0.000180252
0.000297868
-0.000185933
-0.00029624
0.0007352
-0.000152582
-0.000529793
0.00106863
-2.90186e-05
-5.67864e-05
-1.8615e-05
-2.16937e-06
-4.42969e-05
-8.65766e-06
-3.49146e-06
-1.60857e-05
-5.31814e-06
-3.04841e-06
1.36214e-05
-8.40452e-06
-5.66818e-07
4.17505e-05
-2.06488e-05
4.50493e-06
6.18823e-05
-5.21816e-05
1.15963e-05
5.69111e-05
-0.000103441
1.65547e-05
9.1877e-07
-0.000124139
8.41287e-06
-0.000127798
-3.17153e-05
-4.25584e-05
-0.000313345
0.000105302
-0.000167379
-0.000495187
0.000101479
-0.000295536
-0.000614769
4.64043e-05
-0.000315294
-0.000571662
-3.08486e-05
-0.000191877
-0.00042909
-9.12656e-05
3.33494e-05
-0.000300377
-0.000182372
0.000360118
-0.000202383
-0.000307706
0.000787514
-0.000118595
-0.00040545
0.00097862
-2.73917e-05
-5.78042e-05
-1.7134e-05
-3.45458e-06
-4.57433e-05
-7.76642e-06
-5.53929e-06
-1.70389e-05
-5.11596e-06
-5.17458e-06
1.44659e-05
-9.98374e-06
-2.0565e-06
4.65688e-05
-2.60749e-05
4.25348e-06
7.30055e-05
-6.22629e-05
1.18621e-05
7.58479e-05
-0.000108936
1.16002e-05
2.4065e-05
-9.08862e-05
-1.80797e-05
-0.000119114
8.1997e-05
-0.00013117
-0.000347185
0.000184085
-0.000297071
-0.000529017
0.000105396
-0.000329977
-0.000614502
3.099e-05
-0.000197002
-0.000507865
-5.38854e-05
5.64159e-05
-0.000356174
-0.000163318
0.000388464
-0.000223751
-0.000280281
0.000783938
-0.000108582
-0.000327768
0.000929063
-2.42578e-05
-5.79484e-05
-1.44504e-05
-5.14043e-06
-4.60176e-05
-6.2489e-06
-8.14798e-06
-1.59659e-05
-4.82529e-06
-7.66413e-06
1.84114e-05
-1.21227e-05
-3.3916e-06
5.60135e-05
-3.19392e-05
4.2322e-06
9.0792e-05
-6.86918e-05
1.06513e-05
0.000101429
-9.86213e-05
-1.01024e-06
4.64134e-05
-1.00226e-05
-7.13014e-05
-0.000169971
0.000220947
-0.000279317
-0.000453558
0.000163379
-0.000356486
-0.000577325
5.02393e-05
-0.000205756
-0.000550841
-2.50829e-05
6.83137e-05
-0.000407808
-0.000135142
0.000423049
-0.000260355
-0.000247299
0.000815815
-0.000118295
-0.000270401
0.000927897
-1.92008e-05
-5.71369e-05
-1.05136e-05
-6.70999e-06
-4.51636e-05
-4.29861e-06
-1.05848e-05
-1.32862e-05
-4.92143e-06
-9.74183e-06
2.4821e-05
-1.49414e-05
-4.19871e-06
6.8664e-05
-3.69971e-05
4.11437e-06
0.000110823
-6.79923e-05
5.84751e-06
0.00012053
-6.32992e-05
-2.49261e-05
1.33092e-05
0.000132784
-0.000172492
-0.000376671
0.00026949
-0.000345428
-0.000578741
5.63286e-05
-0.000128726
-0.000541976
-3.62231e-05
0.000185433
-0.000419701
-0.000132741
0.000552161
-0.000271365
-0.000220838
0.000957308
-0.00012903
-0.000232985
0.0010184
-1.2587e-05
-5.57258e-05
-5.57313e-06
-7.98852e-06
-4.35463e-05
-2.24317e-06
-1.22886e-05
-9.52127e-06
-5.602e-06
-1.07328e-05
3.27383e-05
-1.8049e-05
-4.04859e-06
8.2448e-05
-4.00064e-05
3.37283e-06
0.000126713
-5.89945e-05
-4.28274e-06
0.000115347
1.00282e-06
-6.43863e-05
-0.000135944
0.000230867
-0.000259068
-0.000581794
0.000157244
-0.000132819
-0.000561634
-3.18078e-05
0.000259687
-0.000421185
-0.000108861
0.00064588
-0.000274143
-0.000189745
0.00102082
-0.000130581
-0.00017156
0.00104414
-5.13421e-06
-5.46401e-05
-3.46052e-07
-8.85762e-06
-4.18879e-05
-5.28693e-07
-1.28912e-05
-5.45932e-06
-6.79136e-06
-1.01636e-05
4.07621e-05
-2.08409e-05
-2.97394e-06
9.43367e-05
-4.00383e-05
1.66708e-06
0.000130067
-4.36781e-05
-1.72376e-05
6.606e-05
6.60182e-05
-0.000111485
-0.000362733
0.000180416
-0.000234981
-0.000604425
4.23623e-05
0.000125843
-0.000448357
-6.32108e-05
0.000558743
-0.000273263
-0.000112969
0.000936343
-0.00012876
-0.000110451
0.000970349
2.28441e-06
-5.47065e-05
4.33085e-06
-9.03854e-06
-4.07213e-05
4.38099e-07
-1.19302e-05
-1.74822e-06
-8.32997e-06
-7.98073e-06
4.7524e-05
-2.27524e-05
-1.13098e-06
0.000101449
-3.77201e-05
-1.71475e-06
0.000118668
-2.79114e-05
-2.89044e-05
-3.23293e-05
8.54649e-05
-0.000163575
-0.000510057
8.95765e-05
-8.15975e-05
-0.000507582
-4.98043e-06
0.000340026
-0.000299008
-4.86735e-05
0.000769592
-0.000123943
-3.77161e-05
0.000849534
0.000511644
0.000225687
0.000237783
-7.91111e-06
9.83477e-05
4.24286e-05
-2.05296e-05
4.76227e-07
-4.06994e-05
-4.04264e-05
-5.30825e-05
4.77476e-06
-7.92878e-05
-7.02272e-05
0.000180121
-0.000144898
-7.82883e-05
0.000468139
-0.000238967
-0.000102732
0.00127006
-0.000363078
-0.000306745
8.85616e-06
-5.62902e-05
7.70855e-06
-8.27464e-06
-4.02051e-05
4.93798e-07
-9.39344e-06
9.82671e-07
-9.86219e-06
-4.43548e-06
5.1759e-05
-2.3361e-05
1.06446e-06
0.00010176
-3.47517e-05
-6.71008e-06
9.64065e-05
-1.26652e-05
-6.35313e-05
-0.00017287
5.16557e-05
-0.000134755
-0.000513229
3.80756e-05
0.000218637
-0.00032334
1.49478e-05
0.000709584
-0.000141067
1.95238e-06
0.000808067
1.38239e-05
-5.85585e-05
9.43848e-06
-6.47015e-06
-4.00265e-05
-4.58105e-07
-5.64049e-06
2.2765e-06
-1.0946e-05
-6.12196e-07
5.33189e-05
-2.18416e-05
3.67073e-06
9.43381e-05
-3.05114e-05
-1.59206e-05
5.19046e-05
-4.16163e-05
-9.19483e-05
-0.000272037
-2.08138e-05
2.20992e-05
-0.000359055
4.10415e-05
0.000527899
-0.000141971
3.69358e-05
0.000685211
1.68633e-05
-6.02988e-05
9.24913e-06
-3.96617e-06
-4.0005e-05
-2.221e-06
-2.07993e-06
2.2257e-06
-1.20303e-05
3.12313e-06
5.23333e-05
-1.80297e-05
3.10311e-06
7.95874e-05
-2.58056e-05
-1.82603e-05
7.3959e-06
-0.000136124
-8.56313e-05
-0.000188947
-7.14032e-05
4.63571e-05
-0.000153216
6.66464e-05
0.000225451
1.77647e-05
-6.03633e-05
7.73093e-06
-1.48508e-06
-3.99412e-05
-5.47491e-06
1.01656e-06
1.48905e-06
-1.27307e-05
5.56273e-06
4.74863e-05
-1.45462e-05
3.0878e-06
6.00745e-05
-1.53791e-05
-1.06237e-05
-2.31788e-05
-0.000180113
-5.88741e-05
-0.000100069
-8.93581e-05
-7.05149e-05
-3.37598e-05
1.74735e-05
-5.88375e-05
5.2983e-06
3.5461e-07
-3.91643e-05
-9.68073e-06
3.48715e-06
2.72356e-07
-1.62598e-05
5.89851e-06
4.00261e-05
-7.07575e-06
4.39123e-06
4.33304e-05
1.24277e-05
1.68313e-06
-6.43922e-05
-9.13484e-05
-1.58313e-06
-0.00012805
-4.21318e-05
0.000177878
1.63035e-05
-5.6328e-05
2.69643e-06
1.98124e-06
-3.6371e-05
-1.4576e-05
5.51105e-06
-5.56082e-07
-2.07248e-05
7.61557e-06
3.33217e-05
-2.76518e-06
7.2844e-06
2.70759e-05
4.37007e-05
2.55446e-05
-5.56626e-05
-8.01961e-05
2.28298e-05
1.60554e-05
-5.31021e-05
8.62223e-07
4.80429e-06
-3.26948e-05
-1.79655e-05
9.87769e-06
1.67238e-06
-2.80178e-05
1.08708e-05
3.0343e-05
-9.71185e-06
1.61766e-05
3.8262e-05
7.32887e-05
9.72118e-06
1.59812e-05
-4.83066e-05
9.64982e-07
8.6536e-06
-2.60614e-05
-2.12743e-05
1.68096e-05
6.82721e-06
-4.21294e-05
1.0726e-05
3.24976e-05
-2.87655e-05
1.56094e-05
1.75361e-05
-4.2324e-05
2.91329e-07
1.58361e-05
-2.15619e-05
-1.86505e-05
2.61516e-05
-1.17252e-06
-7.37436e-05
4.34336e-05
1.66526e-05
-3.04464e-05
-1.0435e-06
2.09438e-05
-2.04072e-05
-2.72589e-05
3.64535e-05
1.47841e-05
-1.37365e-05
-6.47739e-07
1.98246e-05
9.74067e-06
-2.79919e-05
1.45373e-05
1.69032e-05
2.12386e-05
5.7076e-05
2.02344e-05
7.77747e-05
1.88673e-05
8.70227e-05
2.08927e-05
9.10228e-05
2.92606e-05
8.97284e-05
4.16716e-05
7.91267e-05
4.5923e-05
5.85367e-05
3.23426e-05
1.91251e-05
4.49067e-05
9.77037e-06
0.000136167
4.67851e-05
0.000241205
5.98403e-05
0.000315412
8.36727e-05
0.000370442
0.000101421
0.000412457
0.000122878
0.000446013
0.000141905
0.000473134
0.000164346
0.000494449
0.000193969
-1.46558e-05
-3.19596e-05
-9.55155e-06
1.151e-05
7.82272e-06
-1.06753e-06
1.33573e-05
4.94235e-05
2.18189e-06
1.17216e-05
7.79152e-05
1.38746e-06
1.06594e-05
9.6045e-05
-2.81816e-06
1.29205e-05
0.000105664
-6.74948e-06
1.75431e-05
0.000105784
-1.90753e-06
2.34764e-05
9.07944e-05
8.6319e-06
2.91419e-05
6.05543e-05
-2.27566e-05
2.84069e-05
5.0788e-06
-9.07478e-05
8.97425e-06
-1.53684e-06
-9.57417e-05
2.53562e-05
3.73873e-05
-6.64324e-05
7.00398e-05
2.80998e-05
-4.68937e-05
0.000110916
3.36934e-05
-3.50143e-05
0.000143735
4.09512e-05
-2.89225e-05
0.000173452
4.7984e-05
-2.36932e-05
0.000198088
4.86417e-05
-1.79197e-05
0.000211848
5.28073e-05
-1.16684e-05
0.000220268
7.28675e-05
-2.64714e-05
-3.45778e-05
-1.4065e-05
6.08736e-06
-2.38014e-06
-1.10859e-06
6.07612e-06
3.47395e-05
4.06213e-06
5.1818e-06
6.50346e-05
3.33866e-06
6.1037e-06
8.73016e-05
-1.11365e-06
1.00386e-05
9.9783e-05
-6.21284e-06
1.56538e-05
0.00010001
-4.48284e-06
2.19985e-05
8.11421e-05
2.07566e-06
2.84902e-05
3.98291e-05
-3.02697e-05
2.77999e-05
-3.52213e-05
-0.000118525
-1.20261e-05
-5.10257e-05
-0.000136697
-4.39175e-05
-7.9123e-06
-0.000101017
-4.67747e-05
-1.24118e-05
-7.18081e-05
-3.80732e-05
-1.89211e-05
-5.79506e-05
-2.01515e-05
-1.83685e-05
-5.19684e-05
1.55075e-06
-2.50718e-05
-4.26909e-05
1.22715e-05
-4.22629e-05
-3.04379e-05
9.3614e-06
-4.66554e-05
-2.50189e-05
1.85774e-05
-2.21857e-05
-3.31739e-05
-3.70411e-05
-1.62897e-05
1.0587e-06
-1.12797e-05
-1.45563e-06
6.91094e-07
2.30859e-05
4.28751e-06
1.45847e-06
5.41209e-05
3.47049e-06
4.28201e-06
7.83943e-05
-1.1785e-06
9.3716e-06
9.21787e-05
-7.8737e-06
1.58852e-05
9.06805e-05
-1.08549e-05
2.3607e-05
6.37816e-05
-1.09825e-05
3.27376e-05
-1.389e-06
-3.48186e-05
3.38792e-05
-0.000106421
-0.000109858
3.55316e-06
-0.000128202
-0.000132973
-3.52997e-05
-7.28454e-05
-0.000106943
-6.72923e-05
-6.63213e-05
-8.64968e-05
-8.15185e-05
-6.95009e-05
-7.92859e-05
-7.78538e-05
-7.59071e-05
-7.37315e-05
-8.02045e-05
-0.000101492
-5.84765e-05
-0.000104285
-0.000127065
-4.39733e-05
-0.000115925
-0.000117869
-4.25553e-05
-7.58307e-05
-7.49011e-05
-3.49468e-05
-4.06976e-05
-1.77911e-05
-1.75452e-06
-1.93667e-05
-2.99666e-06
-2.18483e-06
1.33388e-05
2.85079e-06
-6.05164e-07
4.44114e-05
2.10418e-06
3.0093e-06
6.9815e-05
-3.11105e-06
8.49269e-06
8.42561e-05
-1.29567e-05
1.52826e-05
8.04825e-05
-2.39581e-05
2.29422e-05
4.40689e-05
-3.55525e-05
3.14544e-05
-4.60574e-05
-5.6108e-05
2.98908e-05
-0.000178149
-9.93495e-05
1.94912e-05
-0.000217751
-0.000114939
5.30662e-06
-0.000199148
-0.000106813
-2.45548e-05
-0.000195213
-0.00010231
-5.93347e-05
-0.000184816
-0.00010101
-0.000101029
-0.000184957
-9.07321e-05
-0.000158013
-0.000197549
-6.88094e-05
-0.000196359
-0.000188491
-5.66922e-05
-0.000167761
-0.000146138
-7.59339e-05
-4.31731e-05
-8.83338e-05
-3.39631e-05
-4.50497e-05
-1.88197e-05
-2.46253e-06
-2.64689e-05
-4.96371e-06
-2.99456e-06
4.9599e-06
6.52734e-07
-1.27976e-06
3.56214e-05
-1.72869e-07
2.49052e-06
6.14709e-05
-6.42717e-06
8.06275e-06
7.62161e-05
-2.02196e-05
1.48512e-05
6.93943e-05
-4.07089e-05
2.20354e-05
2.20293e-05
-6.39103e-05
2.91801e-05
-9.10018e-05
-9.1461e-05
3.44491e-05
-0.000234939
-0.000114153
4.25302e-05
-0.000306558
-0.000117975
1.84697e-05
-0.000336491
-0.000109889
-5.01537e-05
-0.00033676
-0.000109881
-0.000135352
-0.000312321
-0.00010751
-0.000217099
-0.00028516
-9.09837e-05
-0.000264709
-0.000252339
-7.19471e-05
-0.000232965
-0.000203143
-8.36489e-05
-9.84858e-05
-0.000143724
-0.000134553
0.000124899
-9.06843e-05
-3.23396e-05
-4.93975e-05
-1.93059e-05
-2.22015e-06
-3.27041e-05
-6.70374e-06
-2.8552e-06
-2.31897e-06
-1.64688e-06
-1.42621e-06
2.79188e-05
-2.98346e-06
1.98971e-06
5.40096e-05
-1.07578e-05
7.06713e-06
6.90948e-05
-2.91605e-05
1.30518e-05
5.95414e-05
-5.88919e-05
1.93997e-05
2.50525e-06
-9.51002e-05
2.79418e-05
-0.000118736
-0.000121753
3.92611e-05
-0.000259046
-0.000113452
2.54644e-05
-0.000373914
-9.38023e-05
-6.0957e-05
-0.000441757
-8.80362e-05
-0.000190067
-0.000446052
-9.54343e-05
-0.000297788
-0.000393758
-9.80936e-05
-0.000334879
-0.000322567
-8.82768e-05
-0.00027906
-0.00025279
-9.54687e-05
-0.000127045
-0.000187173
-0.000142389
0.000113418
-0.000135623
-0.000223025
0.000415065
-0.000108142
-3.09658e-05
-5.30991e-05
-1.93117e-05
-1.73776e-06
-3.79636e-05
-7.81803e-06
-2.39228e-06
-8.40342e-06
-3.51317e-06
-1.2831e-06
2.16011e-05
-5.63572e-06
1.63196e-06
4.81398e-05
-1.52359e-05
6.16825e-06
6.39192e-05
-3.88894e-05
1.17128e-05
5.29112e-05
-7.86155e-05
1.80374e-05
-9.44831e-06
-0.000119869
2.66348e-05
-0.000131418
-0.000112882
2.3878e-05
-0.000289969
-5.4595e-05
-4.19756e-05
-0.000444081
-2.91414e-05
-0.000186243
-0.000530789
-4.13376e-05
-0.000328346
-0.000517546
-7.20125e-05
-0.000367637
-0.000419587
-9.34415e-05
-0.000291566
-0.000313726
-0.000107953
-0.000118193
-0.000227492
-0.000155588
0.000152681
-0.000171654
-0.000241842
0.000526683
-0.000157488
-0.000341087
0.0012167
-0.000292344
-2.9997e-05
-5.58553e-05
-1.89096e-05
-1.66752e-06
-4.20747e-05
-8.22513e-06
-2.45944e-06
-1.29989e-05
-4.64299e-06
-1.69717e-06
1.72758e-05
-7.77275e-06
7.9516e-07
4.50164e-05
-1.97763e-05
5.1475e-06
6.26928e-05
-4.9365e-05
1.106e-05
5.2589e-05
-9.64437e-05
1.70168e-05
-1.17526e-05
-0.000121179
1.76891e-05
-0.0001472
-5.63613e-05
-1.71469e-05
-0.000335545
4.11476e-05
-0.000127036
-0.000502487
4.43904e-05
-0.000279869
-0.000586393
1.69953e-06
-0.000341317
-0.000531685
-6.26951e-05
-0.000263626
-0.000397098
-0.000104858
-7.01148e-05
-0.000279458
-0.000169049
0.000234168
-0.00020016
-0.000274586
0.000669637
-0.0001535
-0.000497639
0.00100823
-2.88989e-05
-5.74924e-05
-1.79747e-05
-2.17278e-06
-4.4826e-05
-7.8367e-06
-3.39933e-06
-1.57155e-05
-4.9293e-06
-2.81549e-06
1.56319e-05
-9.44408e-06
-2.2525e-07
4.58841e-05
-2.48255e-05
4.84244e-06
6.73302e-05
-6.01286e-05
1.14133e-05
5.98641e-05
-0.000107169
1.44685e-05
-6.95088e-06
-9.86034e-05
-1.94357e-06
-0.000160739
3.39092e-05
-7.88464e-05
-0.000353837
0.000133229
-0.000216677
-0.000523237
8.29681e-05
-0.000304031
-0.000603649
4.5187e-06
-0.000237072
-0.000500028
-7.14786e-05
-3.00454e-05
-0.000348124
-0.000164328
0.000285963
-0.000225227
-0.000278512
0.000710175
-0.000126823
-0.000376981
0.000909232
-2.7027e-05
-5.85328e-05
-1.61989e-05
-3.5568e-06
-4.60385e-05
-6.73855e-06
-5.56353e-06
-1.62133e-05
-4.69956e-06
-4.91876e-06
1.71495e-05
-1.13009e-05
-1.47908e-06
5.14229e-05
-3.07411e-05
4.81036e-06
7.88042e-05
-6.95872e-05
1.11391e-05
7.71534e-05
-0.000106592
5.19743e-06
8.71257e-06
-4.39812e-05
-4.2769e-05
-0.000173613
0.000156542
-0.000194933
-0.000384978
0.00016
-0.000310926
-0.000544749
6.3891e-05
-0.000263578
-0.00056163
-2.13953e-05
-4.08495e-05
-0.000414316
-0.000133714
0.000289355
-0.000258509
-0.000251106
0.000683725
-0.000119742
-0.000297971
0.000848046
-2.35796e-05
-5.87385e-05
-1.3264e-05
-5.30714e-06
-4.61546e-05
-5.12576e-06
-8.17008e-06
-1.46861e-05
-4.56316e-06
-7.21452e-06
2.18221e-05
-1.38824e-05
-2.47512e-06
6.16053e-05
-3.69064e-05
4.92219e-06
9.63764e-05
-7.41162e-05
7.96524e-06
9.85274e-05
-8.49331e-05
-1.53576e-05
1.20471e-05
8.06854e-05
-0.000128038
-0.000269228
0.00024738
-0.000331013
-0.000456992
9.16044e-05
-0.000280029
-0.000538396
-2.47939e-06
-5.86195e-05
-0.000457698
-0.000105012
0.000279628
-0.000292134
-0.000209212
0.000680442
-0.00013662
-0.000247438
0.000824049
-1.82792e-05
-5.81961e-05
-9.19364e-06
-6.89658e-06
-4.52901e-05
-3.26052e-06
-1.04381e-05
-1.1626e-05
-4.97023e-06
-8.87564e-06
2.88114e-05
-1.70995e-05
-2.73605e-06
7.45082e-05
-4.156e-05
4.60352e-06
0.000113567
-6.86167e-05
-2.70956e-07
0.000105444
-2.26035e-05
-5.0186e-05
-8.54809e-05
0.000244814
-0.000243506
-0.000492618
0.000203922
-0.000242497
-0.00051171
-2.3589e-05
7.95293e-05
-0.000444331
-0.000104437
0.000420131
-0.000292116
-0.000201119
0.000834166
-0.000136861
-0.000204166
0.000921976
-1.1629e-05
-5.72605e-05
-4.37782e-06
-8.09258e-06
-4.37688e-05
-1.49354e-06
-1.17559e-05
-7.58717e-06
-6.05129e-06
-9.14887e-06
3.70426e-05
-2.04918e-05
-2.15512e-06
8.75701e-05
-4.31606e-05
3.09912e-06
0.000122397
-5.15588e-05
-1.31864e-05
7.197e-05
8.21205e-05
-0.0001015
-0.000309704
0.000266337
-0.00023219
-0.000568403
6.26286e-05
0.000121442
-0.000443678
-9.03339e-05
0.000532648
-0.000280849
-0.000159735
0.000931813
-0.000138377
-0.00016629
0.000969393
-4.3899e-06
-5.68642e-05
4.85521e-07
-8.73737e-06
-4.22543e-05
-2.19311e-07
-1.16397e-05
-3.38043e-06
-7.63356e-06
-7.79358e-06
4.48283e-05
-2.32554e-05
-7.96499e-07
9.72461e-05
-4.06923e-05
-4.62986e-08
0.000115788
-2.84076e-05
-2.42189e-05
-2.07733e-05
0.000138861
-0.000157491
-0.000493709
0.000164575
-7.01471e-05
-0.000483472
-1.01734e-05
0.000401179
-0.000285615
-0.000102025
0.000843361
-0.00012694
-8.88e-05
0.000892668
2.63291e-06
-5.75626e-05
4.56389e-06
-8.47782e-06
-4.10735e-05
2.54389e-07
-9.82513e-06
2.79444e-07
-9.38738e-06
-4.87616e-06
5.07362e-05
-2.48644e-05
8.75284e-07
0.000100302
-3.69647e-05
-5.37717e-06
9.72914e-05
-3.08004e-06
-5.52244e-05
-0.000150405
0.000111307
-0.00015317
-0.00049823
6.13742e-05
0.00013338
-0.000324256
-1.43815e-05
0.000630605
-0.000130704
-3.51071e-05
0.000762644
0.000514343
0.000234847
0.000244805
-1.13146e-05
0.000114605
6.9545e-05
-3.03389e-05
2.66721e-05
4.52111e-05
-6.7511e-05
-1.88181e-05
0.000168008
-0.00012828
-3.55102e-05
0.000411214
-0.000217671
-5.01706e-05
0.000736403
-0.000325662
-0.000101517
0.000505632
-0.000291639
8.57754e-06
-5.93461e-05
7.25553e-06
-7.0985e-06
-4.03622e-05
-1.75424e-07
-6.41119e-06
2.61819e-06
-1.08359e-05
-1.39422e-06
5.40495e-05
-2.46656e-05
2.63144e-06
9.51781e-05
-3.34595e-05
-1.73864e-05
5.32502e-05
1.19476e-05
-8.90013e-05
-0.000272386
4.84997e-05
2.84758e-06
-0.00036681
3.64983e-05
0.000502644
-0.000111874
1.82932e-05
0.000685633
1.28533e-05
-6.10468e-05
8.10398e-06
-4.63974e-06
-3.99285e-05
-1.34506e-06
-2.51552e-06
3.24605e-06
-1.17771e-05
2.64275e-06
5.40343e-05
-2.18362e-05
3.73344e-07
8.1785e-05
-2.80274e-05
-2.00006e-05
-1.78894e-05
-5.16749e-05
-7.15067e-05
-0.000263034
-7.28433e-06
0.000227992
-0.000123284
3.70956e-05
0.000572781
1.49145e-05
-6.14574e-05
7.34894e-06
-1.93483e-06
-3.98157e-05
-3.71924e-06
1.15519e-06
2.38085e-06
-1.17572e-05
5.60704e-06
4.87963e-05
-1.80494e-05
1.65533e-07
6.45967e-05
-3.56329e-05
-1.74614e-05
-4.05956e-05
-0.00015809
-5.51237e-05
-0.000109586
-5.67589e-05
5.31085e-06
3.4311e-05
1.53938e-05
-5.98124e-05
5.20093e-06
3.70244e-07
-3.92456e-05
-7.27376e-06
4.03525e-06
5.53635e-07
-1.35123e-05
7.90973e-06
3.98579e-05
-8.5673e-06
5.37134e-06
4.55051e-05
-2.75346e-05
-1.16911e-06
-4.09892e-05
-0.000168319
-3.74621e-05
-5.6251e-05
-6.82148e-05
-7.68383e-06
1.47644e-05
-5.6985e-05
2.4917e-06
1.69862e-06
-3.72226e-05
-1.29813e-05
6.15858e-06
-1.63728e-06
-1.78032e-05
8.94844e-06
3.24867e-05
2.6128e-07
6.03087e-06
3.58877e-05
3.60959e-05
5.20141e-07
-5.90081e-05
-8.76569e-05
5.72478e-05
1.47586e-05
-5.30897e-05
-2.96773e-07
3.97161e-06
-3.37232e-05
-1.79208e-05
8.66777e-06
-1.7091e-06
-2.22356e-05
9.69447e-06
2.50672e-05
9.00902e-06
9.79044e-06
2.40429e-05
2.87633e-05
1.16442e-05
1.55682e-05
-4.79246e-05
-8.77186e-07
7.35075e-06
-2.83775e-05
-2.25687e-05
1.36506e-05
1.29947e-07
-2.73541e-05
1.24495e-05
1.92336e-05
-9.96928e-06
2.91551e-05
1.80619e-05
-4.02208e-05
-4.14218e-07
1.2304e-05
-2.09062e-05
-2.46088e-05
2.14869e-05
1.96656e-06
-5.0144e-05
2.44621e-05
2.0565e-05
-3.04458e-05
2.40285e-07
1.94966e-05
-1.62518e-05
-2.28527e-05
3.78015e-05
2.02628e-05
-1.50257e-05
-4.14306e-06
1.94951e-05
1.57959e-05
-2.8146e-05
1.43678e-05
1.41715e-05
2.10567e-05
5.51314e-05
1.99755e-05
7.87973e-05
1.82178e-05
9.10383e-05
2.02944e-05
9.71521e-05
2.89368e-05
9.56982e-05
4.15418e-05
8.15677e-05
4.54845e-05
5.39797e-05
3.08665e-05
1.03495e-05
4.74895e-05
7.69079e-06
0.000143199
4.90342e-05
0.000246406
6.2402e-05
0.000320433
8.67768e-05
0.000374126
0.000104727
0.000415568
0.00012439
0.000448193
0.000143143
0.000473791
0.000167075
0.000495607
0.000201027
-1.45852e-05
-3.23776e-05
-9.43023e-06
1.12263e-05
5.25906e-06
-8.22587e-07
1.30237e-05
4.77769e-05
2.46371e-06
1.13321e-05
7.87852e-05
1.57132e-06
1.03332e-05
0.000100344
-3.16771e-06
1.28449e-05
0.000112365
-7.60992e-06
1.79148e-05
0.000112699
-2.86717e-06
2.4301e-05
9.39811e-05
5.58968e-06
3.06887e-05
5.47211e-05
-2.86607e-05
2.63894e-05
-1.40059e-05
-9.41691e-05
4.92519e-06
-5.50394e-06
-9.48878e-05
2.74681e-05
3.8127e-05
-6.53902e-05
7.34835e-05
2.98874e-05
-4.69205e-05
0.000114894
3.76305e-05
-3.55074e-05
0.000146806
4.51394e-05
-2.95512e-05
0.000175016
4.86233e-05
-2.36732e-05
0.000194605
4.68523e-05
-1.66054e-05
0.000203862
5.5368e-05
-1.4204e-05
0.000221761
8.50841e-05
-2.63356e-05
-3.537e-05
-1.37857e-05
5.61691e-06
-4.47803e-06
-6.58541e-07
5.59092e-06
3.34812e-05
4.38654e-06
4.93832e-06
6.60474e-05
3.27103e-06
6.17782e-06
9.13039e-05
-2.20725e-06
1.03297e-05
0.00010608
-8.53261e-06
1.60846e-05
0.000106534
-7.72692e-06
2.27911e-05
8.36709e-05
-3.11639e-06
2.94112e-05
3.03165e-05
-4.06269e-05
2.30926e-05
-6.45633e-05
-0.000122696
-1.92662e-05
-6.28862e-05
-0.000136398
-4.17752e-05
-9.51693e-06
-0.000100061
-4.63818e-05
-1.1006e-05
-7.25646e-05
-3.86567e-05
-1.43652e-05
-5.94257e-05
-2.12345e-05
-1.54613e-05
-5.22769e-05
-4.42046e-06
-2.98529e-05
-4.11831e-05
-2.46774e-06
-4.77441e-05
-3.20032e-05
-1.0061e-06
-3.90568e-05
-3.19887e-05
3.57325e-05
1.04782e-06
-3.29252e-05
-3.80409e-05
-1.59972e-05
6.61118e-07
-1.30889e-05
-1.08111e-06
4.33433e-07
2.21467e-05
4.4961e-06
1.53531e-06
5.51676e-05
3.13569e-06
4.60189e-06
8.20723e-05
-2.80787e-06
9.74951e-06
9.79521e-05
-1.14437e-05
1.64346e-05
9.62866e-05
-1.64646e-05
2.46968e-05
6.42825e-05
-1.9758e-05
3.43518e-05
-1.76944e-05
-4.90962e-05
2.899e-05
-0.000138902
-0.000116166
-4.09867e-06
-0.000142629
-0.000131415
-3.78835e-05
-8.58064e-05
-0.000107599
-7.06354e-05
-7.64369e-05
-8.99191e-05
-8.50252e-05
-7.47369e-05
-8.40057e-05
-8.62048e-05
-8.69291e-05
-7.52272e-05
-0.000103679
-0.000117621
-5.86606e-05
-0.000127242
-0.000125914
-4.9273e-05
-0.000106525
-9.46092e-05
-6.57638e-05
8.51523e-08
-3.99576e-05
-3.4613e-05
-4.18383e-05
-1.75582e-05
-1.92728e-06
-2.09289e-05
-2.72844e-06
-2.15951e-06
1.2613e-05
2.92017e-06
-3.30313e-07
4.54284e-05
1.53106e-06
3.37199e-06
7.31707e-05
-5.36108e-06
8.80651e-06
8.96051e-05
-1.78762e-05
1.56079e-05
8.54165e-05
-3.20881e-05
2.36596e-05
4.31918e-05
-4.64541e-05
3.16707e-05
-6.53386e-05
-7.13542e-05
2.64133e-05
-0.000205215
-0.000108241
2.00638e-05
-0.00023845
-0.00012032
6.5707e-06
-0.000227948
-0.000112413
-3.27643e-05
-0.000219279
-0.000111897
-8.20008e-05
-0.000201849
-0.000109421
-0.000141485
-0.000199596
-9.23228e-05
-0.000197698
-0.000194893
-7.20083e-05
-0.000193463
-0.000162747
-7.74325e-05
-8.93308e-05
-0.000106211
-0.000120259
0.000116055
-5.06854e-05
-3.367e-05
-4.62205e-05
-1.85959e-05
-2.42016e-06
-2.77977e-05
-4.70479e-06
-2.75133e-06
4.3876e-06
6.89377e-07
-8.88078e-07
3.66101e-05
-9.979e-07
2.86525e-06
6.46229e-05
-9.26946e-06
8.25448e-06
8.12632e-05
-2.64852e-05
1.48687e-05
7.38261e-05
-4.98098e-05
2.21133e-05
1.99585e-05
-7.54799e-05
2.95209e-05
-0.000105744
-0.000105252
3.66674e-05
-0.000245613
-0.000119789
3.97206e-05
-0.000321495
-0.000117999
-8.42127e-06
-0.00035405
-0.000113492
-0.000101788
-0.000344892
-0.000117455
-0.000199422
-0.000308002
-0.000113445
-0.000267363
-0.000267179
-9.33295e-05
-0.00026075
-0.000219524
-9.04906e-05
-0.000146755
-0.000159868
-0.00012747
6.98848e-05
-0.000103639
-0.000203494
0.000360176
-5.91862e-05
-3.21596e-05
-5.04651e-05
-1.90276e-05
-2.0821e-06
-3.38079e-05
-6.34067e-06
-2.53496e-06
-2.73369e-06
-1.58606e-06
-1.01623e-06
2.89452e-05
-3.96078e-06
2.28063e-06
5.70629e-05
-1.41121e-05
7.0616e-06
7.39005e-05
-3.61125e-05
1.26445e-05
6.34589e-05
-6.81515e-05
1.9186e-05
7.39473e-07
-0.00010521
2.88711e-05
-0.000123052
-0.000119531
3.69375e-05
-0.000263901
-9.76685e-05
-3.92719e-06
-0.000387898
-8.2192e-05
-0.000125713
-0.000453089
-8.64451e-05
-0.00026479
-0.00043397
-0.000102752
-0.000338883
-0.000359042
-0.000107914
-0.000309361
-0.000277817
-0.000106826
-0.000175885
-0.000205095
-0.00013745
5.60396e-05
-0.000147946
-0.000208476
0.000361122
-0.000115055
-0.000306347
0.000695549
-0.000102035
-3.08598e-05
-5.40173e-05
-1.8888e-05
-1.58823e-06
-3.8838e-05
-7.29264e-06
-2.07608e-06
-8.5907e-06
-3.34123e-06
-9.19346e-07
2.27987e-05
-6.66862e-06
1.88099e-06
5.12663e-05
-1.88206e-05
6.08141e-06
6.85354e-05
-4.61254e-05
1.12921e-05
5.63569e-05
-8.64311e-05
1.7765e-05
-1.06463e-05
-0.000117268
2.59304e-05
-0.000137423
-8.41252e-05
7.55885e-06
-0.000311772
-2.47421e-05
-9.46717e-05
-0.000469799
-1.8796e-05
-0.000259386
-0.000536598
-4.72067e-05
-0.000356257
-0.000480051
-9.17417e-05
-0.000321967
-0.000360165
-0.000116958
-0.00016493
-0.000254909
-0.000151435
9.49517e-05
-0.000187392
-0.000226127
0.000468923
-0.000162363
-0.000319542
0.00115907
-0.000277968
-0.000274812
0.000488098
-2.98306e-05
-5.66353e-05
-1.82696e-05
-1.58201e-06
-4.27077e-05
-7.47844e-06
-2.23112e-06
-1.28726e-05
-4.33743e-06
-1.39171e-06
1.8819e-05
-8.78095e-06
1.04827e-06
4.83965e-05
-2.35712e-05
5.2392e-06
6.72015e-05
-5.63263e-05
1.07729e-05
5.49736e-05
-9.99293e-05
1.61733e-05
-1.75275e-05
-9.88444e-05
1.07387e-05
-0.000174885
-6.22747e-06
-4.7752e-05
-0.000374733
6.50091e-05
-0.000184406
-0.00052977
3.91251e-05
-0.000311642
-0.000572264
-2.8208e-05
-0.00029668
-0.000465934
-9.60312e-05
-0.000119011
-0.00032367
-0.000161239
0.000173009
-0.000221405
-0.00025309
0.000602552
-0.000158508
-0.000462989
0.000940731
-2.85441e-05
-5.81917e-05
-1.70745e-05
-2.16609e-06
-4.52348e-05
-6.87047e-06
-3.2726e-06
-1.51775e-05
-4.52082e-06
-2.52934e-06
1.77057e-05
-1.05795e-05
1.93093e-07
4.97557e-05
-2.89707e-05
5.18054e-06
7.17364e-05
-6.66826e-05
1.11286e-05
6.0246e-05
-0.000104415
1.11589e-05
-2.22755e-05
-5.9435e-05
-1.87425e-05
-0.000205438
9.27823e-05
-0.00012169
-0.000385113
0.000126212
-0.000247519
-0.00054601
5.13718e-05
-0.000267692
-0.000560555
-4.01326e-05
-9.84225e-05
-0.00041294
-0.000143035
0.000208316
-0.000261174
-0.000250642
0.000623597
-0.000139125
-0.000344955
0.000829386
-2.64101e-05
-5.92889e-05
-1.50588e-05
-3.59633e-06
-4.62585e-05
-5.59608e-06
-5.46267e-06
-1.5252e-05
-4.33823e-06
-4.46297e-06
1.98556e-05
-1.2788e-05
-7.45173e-07
5.58273e-05
-3.53822e-05
5.41443e-06
8.295e-05
-7.5238e-05
9.59845e-06
7.38234e-05
-9.57806e-05
-4.63821e-06
-1.8623e-05
2.42435e-05
-7.92158e-05
-0.000232955
0.000190918
-0.000242559
-0.000396944
0.000111467
-0.00029211
-0.000536144
1.47219e-05
-0.000140639
-0.000479083
-0.000101587
0.000170853
-0.000299259
-0.000211814
0.000569629
-0.000141823
-0.000269261
0.00075012
-2.2731e-05
-5.9636e-05
-1.1945e-05
-5.39831e-06
-4.62343e-05
-3.95265e-06
-7.96413e-06
-1.32975e-05
-4.42062e-06
-6.41574e-06
2.51591e-05
-1.58342e-05
-1.23828e-06
6.64438e-05
-4.17968e-05
5.49959e-06
9.9025e-05
-7.65264e-05
3.46219e-06
8.75656e-05
-5.64563e-05
-3.48533e-05
-4.7363e-05
0.000182122
-0.000196045
-0.000341584
0.000209457
-0.00031684
-0.000425781
1.51226e-05
-0.00016631
-0.000469484
-7.58695e-05
0.000117683
-0.000324347
-0.00018009
0.000516082
-0.000148816
-0.000211833
0.00069509
-1.73374e-05
-5.94127e-05
-7.85841e-06
-6.93014e-06
-4.53624e-05
-2.23034e-06
-9.93174e-06
-9.88649e-06
-5.1605e-06
-7.41e-06
3.25394e-05
-1.9506e-05
-9.46016e-07
7.90151e-05
-4.54927e-05
4.91344e-06
0.00011066
-6.41697e-05
-8.15364e-06
7.59649e-05
5.85054e-05
-8.24347e-05
-0.000223036
0.000294051
-0.000266032
-0.000496871
0.00010527
-5.69343e-05
-0.000417936
-9.85776e-05
0.000285768
-0.00030176
-0.000169244
0.000698282
-0.000146738
-0.000192302
0.00081112
-1.07615e-05
-5.90094e-05
-3.23524e-06
-7.97373e-06
-4.38746e-05
-7.90845e-07
-1.06181e-05
-5.60059e-06
-6.67985e-06
-6.91207e-06
4.07895e-05
-2.31417e-05
1.94487e-08
9.04791e-05
-4.4448e-05
2.18959e-06
0.000110719
-3.58264e-05
-1.83157e-05
-3.86003e-06
0.000186786
-0.000149323
-0.000440589
0.00025808
-7.48686e-05
-0.000465642
-1.84134e-05
0.000381703
-0.000284515
-0.00014312
0.000825046
-0.000133002
-0.000138502
0.000880712
-3.76308e-06
-5.92335e-05
1.2015e-06
-8.21655e-06
-4.23593e-05
2.92278e-08
-9.65962e-06
-1.34457e-06
-8.60698e-06
-4.77862e-06
4.79725e-05
-2.57191e-05
1.3249e-06
9.66715e-05
-3.96881e-05
-2.99341e-06
9.72247e-05
2.51933e-06
-4.86391e-05
-0.000135328
0.000187562
-0.00015341
-0.000486793
0.000120596
0.000160998
-0.000302532
-3.75912e-05
0.000703098
-0.000122153
-7.8859e-05
0.000809474
2.81022e-06
-6.03147e-05
4.69598e-06
-7.34332e-06
-4.10539e-05
3.34644e-08
-6.85339e-06
1.99102e-06
-1.04651e-05
-1.77283e-06
5.2956e-05
-2.67452e-05
2.79431e-06
9.41479e-05
-3.54927e-05
-1.53103e-05
5.93458e-05
3.03048e-05
-8.41779e-05
-0.000237911
0.000106704
-5.46968e-05
-0.00036843
3.65038e-05
0.000419741
-0.000113414
6.40622e-06
0.00064382
0.000522932
0.000244978
0.000271153
-1.72422e-05
0.000134454
0.000141888
-5.32047e-05
5.61933e-05
0.000196467
-0.000110504
1.21689e-05
0.000400807
-0.00019891
-6.20644e-06
0.000711199
-0.000313804
-2.39529e-05
0.000811455
-0.000368525
8.18401e-06
-6.18171e-05
6.60803e-06
-5.17756e-06
-4.01591e-05
-6.95824e-07
-3.06997e-06
3.58712e-06
-1.18629e-05
1.96957e-06
5.47382e-05
-2.54176e-05
-5.88275e-07
8.18986e-05
-2.68524e-05
-2.09641e-05
-1.6033e-05
2.00267e-05
-7.24869e-05
-0.000268941
4.43896e-05
0.000207982
-0.000123849
3.40795e-05
0.000576763
1.15369e-05
-6.23519e-05
6.86235e-06
-2.27925e-06
-3.97386e-05
-2.27788e-06
1.24279e-06
3.14718e-06
-1.20492e-05
5.23301e-06
4.94065e-05
-2.2106e-05
-1.08254e-06
6.68541e-05
-2.7266e-05
-2.68227e-05
-7.10415e-05
-5.53055e-05
-4.96796e-06
-0.000132949
-4.35602e-07
0.000242025
0.000151136
1.29403e-05
-6.0983e-05
5.34141e-06
5.34177e-07
-3.93829e-05
-4.86134e-06
4.62365e-06
8.94699e-07
-1.25161e-05
9.21722e-06
3.86875e-05
-1.34611e-05
2.83583e-06
4.91227e-05
-5.55374e-05
-1.66445e-05
-5.11614e-05
-0.00016814
-5.31137e-05
-5.14052e-05
-6.25864e-05
2.86873e-05
1.27884e-05
-5.75098e-05
2.8706e-06
1.88806e-06
-3.753e-05
-1.00251e-05
7.38388e-06
-1.93341e-06
-1.49891e-05
1.23594e-05
2.99932e-05
-1.20603e-06
1.1568e-05
3.41673e-05
-1.82415e-05
7.01194e-06
-3.11985e-05
-0.000137196
-1.44536e-05
1.28575e-05
-5.34256e-05
-6.86111e-07
3.78835e-06
-3.45145e-05
-1.65292e-05
9.61125e-06
-3.74845e-06
-2.0576e-05
1.15592e-05
2.52372e-05
8.92994e-06
7.4331e-06
2.89907e-05
4.28097e-05
-1.60116e-05
1.38863e-05
-4.74755e-05
-2.74729e-06
6.23944e-06
-2.94757e-05
-2.26191e-05
1.15825e-05
-3.6028e-06
-2.1962e-05
1.23503e-05
1.70611e-05
1.29129e-05
1.27807e-05
1.69232e-05
-3.94747e-05
-2.69648e-06
9.91646e-06
-2.24128e-05
-2.65518e-05
1.64535e-05
-1.98213e-06
-2.04023e-05
1.86129e-05
2.08353e-05
-2.82296e-05
-6.3434e-07
1.44204e-05
-1.30213e-05
-2.30301e-05
2.65591e-05
2.42004e-05
-1.49324e-05
-1.77445e-06
1.91305e-05
2.02276e-05
-2.83985e-05
1.41279e-05
1.16197e-05
2.08576e-05
5.33723e-05
1.97341e-05
7.9694e-05
1.76933e-05
9.51646e-05
1.9781e-05
0.000103097
2.86815e-05
0.000100912
4.15866e-05
8.25662e-05
4.45341e-05
4.58509e-05
2.90828e-05
3.94258e-08
4.96154e-05
7.10061e-06
0.000149106
5.14316e-05
0.000251739
6.56933e-05
0.000324876
8.90953e-05
0.000377087
0.00010769
0.000417809
0.000125213
0.000448829
0.000144422
0.000473832
0.000172235
0.000500342
0.000209405
-1.45318e-05
-3.29961e-05
-9.28711e-06
1.09547e-05
2.77047e-06
-5.79977e-07
1.27527e-05
4.62197e-05
2.73031e-06
1.10218e-05
7.96975e-05
1.68445e-06
1.01266e-05
0.000104593
-3.62277e-06
1.28283e-05
0.000118815
-8.60944e-06
1.81602e-05
0.000118872
-3.76137e-06
2.51011e-05
9.55651e-05
2.52511e-06
3.17616e-05
4.3671e-05
-3.41221e-05
2.18643e-05
-3.7507e-05
-9.50089e-05
5.35417e-07
-6.30822e-06
-9.46433e-05
3.15287e-05
3.8304e-05
-6.4492e-05
7.67976e-05
3.2397e-05
-4.734e-05
0.000117633
4.15624e-05
-3.66359e-05
0.000149309
4.80411e-05
-3.02274e-05
0.000174134
4.703e-05
-2.34234e-05
0.000188139
4.48009e-05
-1.82781e-05
0.00020155
6.18404e-05
-1.83587e-05
0.000239837
0.000102759
-2.63197e-05
-3.63989e-05
-1.35118e-05
5.14912e-06
-6.57353e-06
-1.99455e-07
5.18888e-06
3.22978e-05
4.76331e-06
4.84617e-06
6.7058e-05
3.16792e-06
6.3514e-06
9.51909e-05
-3.3637e-06
1.05595e-05
0.000112104
-1.10186e-05
1.64416e-05
0.000112408
-1.13444e-05
2.32313e-05
8.46886e-05
-1.00905e-05
2.99712e-05
1.37366e-05
-5.04804e-05
1.62026e-05
-9.86763e-05
-0.000125904
-2.52635e-05
-6.97093e-05
-0.000135332
-4.12346e-05
-1.07768e-05
-9.99284e-05
-4.81281e-05
-9.22592e-06
-7.40259e-05
-4.22519e-05
-9.25811e-06
-6.24014e-05
-2.45239e-05
-1.69795e-05
-5.32614e-05
-1.45387e-05
-3.97649e-05
-4.2293e-05
-1.63029e-05
-4.88311e-05
-3.6668e-05
5.71927e-06
-2.16623e-05
-5.22464e-05
9.85162e-05
3.08913e-05
-3.27819e-05
-3.92465e-05
-1.57112e-05
3.28716e-07
-1.48755e-05
-6.73071e-07
3.14067e-07
2.12638e-05
4.7154e-06
1.74931e-06
5.61697e-05
2.81377e-06
4.94027e-06
8.55375e-05
-4.55238e-06
1.01117e-05
0.000103406
-1.51367e-05
1.69165e-05
0.000101273
-2.28379e-05
2.58863e-05
6.34511e-05
-3.09479e-05
3.52348e-05
-3.94841e-05
-6.37527e-05
2.13348e-05
-0.000171964
-0.000122008
-1.04487e-05
-0.000156337
-0.000132346
-3.9058e-05
-0.000105384
-0.000109685
-7.0711e-05
-9.34973e-05
-9.8143e-05
-8.59402e-05
-8.87741e-05
-9.11219e-05
-0.000100249
-0.000108677
-7.81623e-05
-0.000130922
-0.000128121
-6.2473e-05
-0.000130398
-0.000111593
-6.79353e-05
-4.34791e-05
-6.05556e-05
-0.000104599
0.000146688
-5.84834e-06
-3.43737e-05
-4.30976e-05
-1.72937e-05
-2.01301e-06
-2.24205e-05
-2.40203e-06
-1.99954e-06
1.19344e-05
3.03805e-06
2.11412e-08
4.63743e-05
8.96729e-07
3.7079e-06
7.63131e-05
-7.78681e-06
9.00656e-06
9.46618e-05
-2.31756e-05
1.58378e-05
8.98705e-05
-4.02717e-05
2.42535e-05
4.10192e-05
-5.73256e-05
3.10213e-05
-8.81479e-05
-8.6356e-05
2.43746e-05
-0.000228457
-0.000117195
2.63165e-05
-0.000260816
-0.000125712
5.22846e-06
-0.000258247
-0.000122165
-5.11535e-05
-0.000241475
-0.000124004
-0.000119811
-0.000216998
-0.00011794
-0.000189224
-0.000203597
-9.4436e-05
-0.00020942
-0.00017785
-8.58481e-05
-0.000132437
-0.0001243
-0.000115285
6.36233e-05
-6.59763e-05
-0.000186617
0.000350738
-1.75019e-05
-3.34314e-05
-4.74074e-05
-1.82927e-05
-2.31431e-06
-2.9014e-05
-4.32954e-06
-2.42906e-06
3.87228e-06
7.626e-07
-4.69596e-07
3.75418e-05
-1.8746e-06
3.16415e-06
6.75669e-05
-1.23788e-05
8.31911e-06
8.60176e-05
-3.2688e-05
1.46324e-05
7.78217e-05
-5.78861e-05
2.21257e-05
1.70317e-05
-8.75177e-05
2.95738e-05
-0.000116391
-0.000114479
3.93103e-05
-0.000250287
-0.00012003
2.70915e-05
-0.000334669
-0.000116424
-5.48992e-05
-0.000366732
-0.000117284
-0.000171034
-0.000342467
-0.000126956
-0.000261125
-0.000290062
-0.000117935
-0.000280562
-0.00023737
-0.000105295
-0.000190792
-0.000177037
-0.000125369
1.54466e-05
-0.000117524
-0.00019096
0.000308247
-6.92352e-05
-0.000295585
0.000670727
-2.94847e-05
-3.19711e-05
-5.14773e-05
-1.85904e-05
-1.90983e-06
-3.47775e-05
-5.8523e-06
-2.17688e-06
-3.05974e-06
-1.47771e-06
-6.26802e-07
2.99361e-05
-5.02589e-06
2.52416e-06
5.98997e-05
-1.75156e-05
6.92918e-06
7.82499e-05
-4.26012e-05
1.21598e-05
6.68992e-05
-7.53237e-05
1.89265e-05
-4.80982e-07
-0.00011074
2.98106e-05
-0.000122498
-0.000108189
2.83972e-05
-0.000272191
-7.97512e-05
-5.16016e-05
-0.000407032
-7.34477e-05
-0.000203476
-0.000459783
-9.01265e-05
-0.00032231
-0.000407653
-0.000117151
-0.000329404
-0.000313615
-0.000122871
-0.000219207
-0.000228603
-0.000138459
1.32285e-06
-0.00016337
-0.00019652
0.000306928
-0.000123369
-0.000287408
0.000652154
-0.000103802
-0.000348205
0.000782807
-3.06282e-05
-5.48512e-05
-1.82611e-05
-1.42756e-06
-3.95439e-05
-6.6143e-06
-1.7603e-06
-8.6618e-06
-3.14653e-06
-5.64784e-07
2.40014e-05
-7.70475e-06
2.07556e-06
5.41396e-05
-2.23288e-05
5.9685e-06
7.25572e-05
-5.20846e-05
1.08252e-05
5.89947e-05
-9.06439e-05
1.77447e-05
-1.17999e-05
-0.000103238
2.30869e-05
-0.000148598
-4.83076e-05
-2.04345e-05
-0.000343968
-5.98832e-06
-0.000159712
-0.000498515
-1.78917e-05
-0.000312134
-0.000523741
-6.40808e-05
-0.00034096
-0.000425213
-0.000118316
-0.000207084
-0.000295748
-0.000152047
4.09134e-05
-0.000210079
-0.000213047
0.00041139
-0.000169913
-0.0002965
0.00109354
-0.000263329
-0.000258133
0.000468261
-2.94473e-05
-5.73583e-05
-1.74003e-05
-1.48062e-06
-4.31827e-05
-6.59946e-06
-1.98094e-06
-1.26038e-05
-4.00158e-06
-1.06883e-06
2.03649e-05
-9.82275e-06
1.34298e-06
5.14802e-05
-2.71374e-05
5.32291e-06
7.07605e-05
-6.15314e-05
1.06282e-05
5.53108e-05
-9.66454e-05
1.50101e-05
-2.96171e-05
-6.45667e-05
-7.86757e-07
-0.000216764
3.52726e-05
-8.69673e-05
-0.000414705
6.64951e-05
-0.000236347
-0.000545391
1.99352e-05
-0.000304484
-0.000533059
-6.5613e-05
-0.000174134
-0.000385356
-0.000151623
0.000112211
-0.000254301
-0.000231978
0.000530354
-0.000167882
-0.000428062
0.000865322
-2.79191e-05
-5.88922e-05
-1.59745e-05
-2.13312e-06
-4.55096e-05
-5.78285e-06
-3.05837e-06
-1.45127e-05
-4.138e-06
-2.11316e-06
1.97595e-05
-1.18047e-05
7.1102e-07
5.31861e-05
-3.29066e-05
5.57701e-06
7.47566e-05
-7.11564e-05
1.0537e-05
5.67335e-05
-9.3136e-05
5.0945e-06
-4.88045e-05
-8.95903e-06
-4.19961e-05
-0.000251984
0.000126162
-0.000163363
-0.000404565
0.000100313
-0.000252456
-0.000550142
1.1152e-05
-0.00017035
-0.000485096
-0.000114474
0.000116244
-0.000307999
-0.00021316
0.000523199
-0.000159443
-0.000311821
0.000732814
-2.55819e-05
-6.00772e-05
-1.37625e-05
-3.57431e-06
-4.63766e-05
-4.38227e-06
-5.14728e-06
-1.41911e-05
-4.06848e-06
-3.71852e-06
2.24236e-05
-1.44185e-05
2.59021e-07
5.95107e-05
-3.99672e-05
6.02228e-06
8.46421e-05
-7.79185e-05
6.98865e-06
6.35375e-05
-7.55195e-05
-1.79573e-05
-6.0883e-05
0.00010204
-0.000122829
-0.000272675
0.000180629
-0.000266749
-0.000393533
5.18259e-05
-0.000222166
-0.000491384
-6.58847e-05
3.09475e-05
-0.00034919
-0.000176212
0.000426675
-0.000160198
-0.000231571
0.000628027
-2.17875e-05
-6.06132e-05
-1.05459e-05
-5.32639e-06
-4.62302e-05
-2.75243e-06
-7.409e-06
-1.18354e-05
-4.40846e-06
-5.09966e-06
2.8214e-05
-1.80705e-05
3.10572e-07
7.01409e-05
-4.61697e-05
6.05754e-06
9.70525e-05
-7.55568e-05
-3.44562e-06
6.74885e-05
1.46293e-06
-5.84853e-05
-0.000127973
0.000238388
-0.000247712
-0.000355123
0.000138458
-0.000244153
-0.000381185
-6.68939e-05
-3.60977e-05
-0.000347451
-0.00014258
0.000342205
-0.000177153
-0.000187613
0.000541577
-1.64078e-05
-6.07383e-05
-6.5091e-06
-6.76651e-06
-4.52984e-05
-1.19639e-06
-8.84048e-06
-8.10417e-06
-5.57107e-06
-5.3274e-06
3.57562e-05
-2.21798e-05
1.24346e-06
8.16665e-05
-4.79591e-05
4.679e-06
0.000101282
-5.27152e-05
-1.16049e-05
2.19604e-05
0.000174805
-0.000125385
-0.000351807
0.000307796
-0.000187696
-0.000415892
-2.28558e-05
0.000148874
-0.000276641
-0.000161412
0.000564801
-0.000150012
-0.000154074
0.000679945
-9.95687e-06
-6.0831e-05
-2.13833e-06
-7.48267e-06
-4.37277e-05
-1.34935e-07
-8.77213e-06
-3.63105e-06
-7.55521e-06
-4.04135e-06
4.37416e-05
-2.58996e-05
2.20797e-06
9.05841e-05
-4.39854e-05
4.18096e-07
9.62209e-05
-3.33514e-06
-3.86304e-05
-0.000108796
0.00027312
-0.000158034
-0.000443079
0.000185806
0.000148881
-0.000298057
-6.17902e-05
0.000684391
-0.00011968
-0.000120478
0.000789321
-3.23366e-06
-6.14481e-05
1.87243e-06
-7.15884e-06
-4.20942e-05
2.2451e-07
-6.82184e-06
4.51675e-07
-9.76654e-06
-1.70099e-06
5.02429e-05
-2.84202e-05
3.60637e-06
9.16865e-05
-3.91951e-05
-1.22987e-05
6.45211e-05
4.96207e-05
-8.25544e-05
-0.000225653
0.000192889
-5.46551e-05
-0.000357397
7.03625e-05
0.00046323
-9.65388e-05
-5.09205e-06
0.000698813
2.95461e-06
-6.24576e-05
4.72108e-06
-5.4379e-06
-4.0641e-05
-1.35875e-07
-3.47767e-06
3.07896e-06
-1.17662e-05
1.64457e-06
5.39511e-05
-2.82815e-05
3.1625e-07
8.13204e-05
-2.86954e-05
-2.07814e-05
-2.27655e-06
4.99764e-05
-7.92036e-05
-0.000243524
9.32317e-05
0.000133089
-0.000130649
5.18918e-05
0.000512584
0.000539355
0.000253187
0.000338029
-3.10296e-05
0.000152388
0.000275739
-9.04711e-05
8.26498e-05
0.000428714
-0.00017684
3.63383e-05
0.000726241
-0.000289269
8.95585e-06
0.00102417
-0.000369142
7.57566e-06
-6.30632e-05
6.05719e-06
-2.66762e-06
-3.98029e-05
-1.20508e-06
9.40093e-07
3.4865e-06
-1.29582e-05
4.55038e-06
5.0448e-05
-2.59204e-05
-2.00427e-06
6.66843e-05
-1.73121e-05
-2.63543e-05
-7.2234e-05
2.88759e-05
-8.73897e-06
-0.000136523
4.53149e-05
0.000242027
0.000165122
1.02148e-05
-6.19369e-05
5.56179e-06
5.8194e-07
-3.93459e-05
-2.99324e-06
5.00114e-06
1.4529e-06
-1.25687e-05
9.53479e-06
3.87792e-05
-2.22811e-05
4.9041e-07
4.82857e-05
-3.44032e-05
-3.6396e-05
-6.0889e-05
-6.65557e-05
2.00011e-05
-1.25629e-05
-3.22387e-05
0.000120782
1.06943e-05
-5.84004e-05
3.65905e-06
2.36996e-06
-3.79711e-05
-6.82743e-06
8.64908e-06
-1.79275e-06
-1.30979e-05
1.35202e-05
2.60498e-05
-9.42296e-06
8.17461e-06
3.24472e-05
-7.13057e-05
-1.27879e-05
-3.85414e-05
-0.000139759
-2.01838e-05
1.07296e-05
-5.35351e-05
-4.5685e-08
3.85819e-06
-3.46978e-05
-1.27171e-05
1.13337e-05
-4.77801e-06
-1.69181e-05
1.61803e-05
2.16598e-05
6.17846e-06
1.97025e-05
2.41579e-05
-1.29563e-05
1.00339e-05
1.16256e-05
-4.74165e-05
-3.50974e-06
6.09739e-06
-3.029e-05
-2.08618e-05
1.28308e-05
-6.83342e-06
-2.30289e-05
1.62226e-05
1.746e-05
1.47687e-05
1.11415e-05
1.44241e-05
-3.87753e-05
-5.25458e-06
8.23646e-06
-2.36224e-05
-2.72472e-05
1.46767e-05
-5.2858e-06
-1.54211e-05
2.48149e-05
1.89191e-05
-2.76805e-05
-4.16917e-06
1.10222e-05
-1.34976e-05
-2.59106e-05
1.94757e-05
2.43979e-05
-1.40477e-05
-2.13208e-06
1.38519e-05
2.43841e-05
-2.88372e-05
1.39102e-05
9.23005e-06
2.0725e-05
5.17476e-05
1.95684e-05
8.04988e-05
1.73554e-05
9.92283e-05
1.93462e-05
0.000108767
2.84519e-05
0.000105402
4.15175e-05
8.17898e-05
4.34726e-05
3.39318e-05
2.67267e-05
-1.12412e-05
5.19189e-05
9.24801e-06
0.000155628
5.28847e-05
0.000256395
6.96706e-05
0.000327857
9.09733e-05
0.000379465
0.000109387
0.000418141
0.000125663
0.00044833
0.000146491
0.000475798
0.000178492
0.000512207
0.000218186
-1.45317e-05
-3.38699e-05
-9.14064e-06
1.07514e-05
3.42133e-07
-3.20779e-07
1.25764e-05
4.47289e-05
3.0508e-06
1.08403e-05
8.0641e-05
1.77435e-06
1.0079e-05
0.000108679
-4.16029e-06
1.27631e-05
0.000124955
-9.62835e-06
1.83683e-05
0.00012417
-4.99279e-06
2.56643e-05
9.52735e-05
-1.03437e-06
3.29649e-05
2.34797e-05
-3.79269e-05
1.6099e-05
-6.56607e-05
-9.58049e-05
-2.08613e-06
-2.84621e-06
-9.42391e-05
3.82563e-05
3.57296e-05
-6.46597e-05
8.02373e-05
3.45055e-05
-4.82495e-05
0.000120272
4.4806e-05
-3.85188e-05
0.000150137
4.81397e-05
-3.12149e-05
0.000170436
4.26705e-05
-2.47046e-05
0.000184126
4.46228e-05
-2.09101e-05
0.000211473
7.44336e-05
-3.07872e-05
0.000297804
0.000121514
-2.64323e-05
-3.76387e-05
-1.32286e-05
4.72404e-06
-8.64207e-06
2.89698e-07
4.95544e-06
3.11749e-05
5.11016e-06
4.93617e-06
6.80239e-05
3.11713e-06
6.56909e-06
9.88175e-05
-4.58952e-06
1.07533e-05
0.000117771
-1.36255e-05
1.66267e-05
0.000117451
-1.58163e-05
2.39003e-05
8.36963e-05
-1.96582e-05
3.10369e-05
-1.24213e-05
-6.23649e-05
6.90286e-06
-0.00013226
-0.000130258
-3.3341e-05
-6.94013e-05
-0.000134688
-4.53858e-05
-1.1206e-05
-9.98756e-05
-5.40687e-05
-7.23807e-06
-7.85718e-05
-4.51181e-05
-8.25293e-06
-6.69262e-05
-2.81922e-05
-2.75397e-05
-5.6645e-05
-2.73175e-05
-5.02849e-05
-4.63257e-05
-1.87568e-05
-4.05185e-05
-5.42873e-05
5.67078e-05
6.48537e-06
-8.63045e-05
0.000227583
6.07424e-05
-3.27244e-05
-4.06015e-05
-1.54057e-05
1.00774e-07
-1.6594e-05
-2.49995e-07
3.93186e-07
2.04188e-05
4.95216e-06
2.07176e-06
5.70682e-05
2.46411e-06
5.2817e-06
8.87379e-05
-6.38902e-06
1.03449e-05
0.000108517
-1.92664e-05
1.73868e-05
0.000105807
-3.00202e-05
2.70262e-05
6.13614e-05
-4.23851e-05
3.46722e-05
-6.78037e-05
-7.65912e-05
1.08824e-05
-0.00020309
-0.000128127
-8.40425e-06
-0.000176095
-0.000134473
-3.06438e-05
-0.000136713
-0.000117934
-6.33269e-05
-0.000120363
-0.000109636
-8.94876e-05
-0.000113924
-0.000102844
-0.000124731
-0.000129985
-8.286e-05
-0.00014494
-0.000125174
-7.59545e-05
-8.40845e-05
-8.08961e-05
-0.000101243
9.60215e-05
-2.39429e-05
-0.000166744
0.000379933
2.305e-05
-3.4177e-05
-4.44005e-05
-1.6987e-05
-1.98083e-06
-2.37877e-05
-2.00506e-06
-1.7069e-06
1.12926e-05
3.15121e-06
4.14287e-07
4.7223e-05
2.10386e-07
3.96317e-06
7.92095e-05
-1.04791e-05
9.12496e-06
9.94117e-05
-2.8594e-05
1.58761e-05
9.40941e-05
-4.79077e-05
2.46942e-05
3.7315e-05
-6.92521e-05
2.90313e-05
-0.000111119
-0.000101136
2.82496e-05
-0.000243767
-0.000124359
3.2717e-05
-0.000283998
-0.000131721
-9.399e-06
-0.000284729
-0.000131959
-9.06943e-05
-0.000255942
-0.000139524
-0.000172944
-0.000220735
-0.000122165
-0.000217006
-0.000191804
-0.000102445
-0.000170503
-0.000142652
-0.000115247
1.10486e-05
-8.18606e-05
-0.00017585
0.000298935
-2.92931e-05
-0.000272737
0.000683321
2.56303e-06
-3.32118e-05
-4.85197e-05
-1.78673e-05
-2.13681e-06
-3.0074e-05
-3.87056e-06
-2.04433e-06
3.41977e-06
8.54729e-07
-6.32678e-08
3.83818e-05
-2.88654e-06
3.41831e-06
7.02684e-05
-1.55258e-05
8.25015e-06
9.03475e-05
-3.8582e-05
1.4312e-05
8.15544e-05
-6.437e-05
2.17775e-05
1.38165e-05
-9.96143e-05
3.10776e-05
-0.000119331
-0.000117597
3.881e-05
-0.000252627
-0.000116637
-4.0909e-06
-0.000348618
-0.000112731
-0.000125898
-0.000372613
-0.00012438
-0.000244362
-0.000325005
-0.000136862
-0.000291429
-0.00025951
-0.000126386
-0.000228809
-0.00019586
-0.000129841
-3.75987e-05
-0.000132626
-0.000181322
0.000255536
-8.00218e-05
-0.000277944
0.000628098
-3.60772e-05
-0.00034946
0.000995939
-3.16962e-05
-5.23607e-05
-1.79919e-05
-1.7108e-06
-3.55596e-05
-5.23902e-06
-1.81608e-06
-3.29233e-06
-1.37783e-06
-2.46484e-07
3.08848e-05
-6.09662e-06
2.68947e-06
6.24736e-05
-2.08532e-05
6.74387e-06
8.2129e-05
-4.77718e-05
1.15321e-05
6.99184e-05
-8.07713e-05
1.89133e-05
4.86521e-07
-0.000108239
2.98407e-05
-0.000118982
-8.77385e-05
7.48918e-06
-0.000291884
-6.37554e-05
-0.000117849
-0.000434928
-6.86034e-05
-0.000275638
-0.000455776
-0.000103835
-0.000330837
-0.000366493
-0.000133436
-0.000255889
-0.000261837
-0.000145767
-4.95747e-05
-0.000184003
-0.000188138
0.0002528
-0.000134163
-0.000268809
0.000607045
-0.000105959
-0.000329142
0.00075001
-3.02108e-05
-5.55587e-05
-1.74125e-05
-1.2502e-06
-4.00908e-05
-5.83355e-06
-1.43499e-06
-8.60553e-06
-2.92052e-06
-2.10684e-07
2.51543e-05
-8.76961e-06
2.27191e-06
5.6727e-05
-2.548e-05
5.83244e-06
7.58332e-05
-5.62756e-05
1.05026e-05
6.09209e-05
-8.9269e-05
1.77377e-05
-1.38787e-05
-7.75666e-05
1.52502e-05
-0.000171322
-1.94122e-05
-6.16691e-05
-0.000387368
-1.91611e-07
-0.000228013
-0.000515992
-2.48234e-05
-0.000325651
-0.000494328
-9.5368e-05
-0.000247695
-0.000354871
-0.000152432
-9.80238e-06
-0.000244242
-0.000202302
0.000352476
-0.000180853
-0.000274747
0.00102054
-0.000250241
-0.000240159
0.000445089
-2.88116e-05
-5.79906e-05
-1.63145e-05
-1.36192e-06
-4.3512e-05
-5.61427e-06
-1.68006e-06
-1.22106e-05
-3.67854e-06
-6.64506e-07
2.18606e-05
-1.08614e-05
1.687e-06
5.41172e-05
-3.02589e-05
5.54153e-06
7.31419e-05
-6.41384e-05
1.06289e-05
5.26178e-05
-8.44054e-05
1.2877e-05
-5.20565e-05
-2.60646e-05
-1.89198e-05
-0.000267755
5.48884e-05
-0.000131882
-0.000447942
5.56947e-05
-0.000264217
-0.000541081
-6.61279e-06
-0.000228169
-0.000461291
-0.000130562
4.28283e-05
-0.000299905
-0.00020598
0.000452404
-0.000183544
-0.000390459
0.00077607
-2.70764e-05
-5.95744e-05
-1.46706e-05
-2.03895e-06
-4.56717e-05
-4.62941e-06
-2.69505e-06
-1.37346e-05
-3.81215e-06
-1.5088e-06
2.16698e-05
-1.30641e-05
1.41504e-06
5.59379e-05
-3.65892e-05
6.06715e-06
7.57925e-05
-7.23621e-05
9.19579e-06
4.7023e-05
-7.38157e-05
-3.46001e-06
-8.91004e-05
4.326e-05
-7.03819e-05
-0.000286245
0.000126691
-0.000186824
-0.00041631
5.34521e-05
-0.000211889
-0.000510281
-6.7841e-05
-3.44855e-06
-0.000363478
-0.000173338
0.000395987
-0.000183675
-0.000270608
0.0006124
-2.45926e-05
-6.08897e-05
-1.23263e-05
-3.3577e-06
-4.64462e-05
-3.13548e-06
-4.51466e-06
-1.30649e-05
-3.88907e-06
-2.5914e-06
2.47005e-05
-1.62605e-05
1.5003e-06
6.21665e-05
-4.3934e-05
6.82561e-06
8.25148e-05
-7.78353e-05
2.59508e-06
4.52096e-05
-3.98148e-05
-3.10464e-05
-0.000111465
0.000153181
-0.000166647
-0.000287638
0.000134136
-0.000247205
-0.000364226
-1.93141e-05
-0.000122734
-0.000385348
-0.00012426
0.000262547
-0.000203402
-0.000194093
0.000474301
-2.07741e-05
-6.1616e-05
-9.09135e-06
-5.00725e-06
-4.61085e-05
-1.52989e-06
-6.32543e-06
-1.03295e-05
-4.62575e-06
-3.26629e-06
3.07899e-05
-2.05168e-05
2.23524e-06
7.22438e-05
-4.98829e-05
6.1543e-06
8.93219e-05
-7.01617e-05
-7.02451e-06
3.34124e-05
9.15406e-05
-8.95571e-05
-0.000202963
0.000265194
-0.000254922
-0.000301812
1.98838e-05
-0.000151147
-0.000308936
-0.000131221
0.000150561
-0.000186033
-0.00014249
0.000352829
-1.54826e-05
-6.20217e-05
-5.1491e-06
-6.22228e-06
-4.49638e-05
-2.08015e-07
-7.08576e-06
-6.32698e-06
-6.25276e-06
-2.63278e-06
3.82732e-05
-2.5196e-05
3.38261e-06
8.22025e-05
-4.86276e-05
4.60074e-06
8.96598e-05
-3.13328e-05
-1.95804e-05
-5.59314e-05
0.000284746
-0.000157112
-0.000394127
0.000248939
-3.82273e-05
-0.000291976
-7.69479e-05
0.000425476
-0.000122194
-0.000151302
0.000560743
-9.17137e-06
-6.2405e-05
-1.02013e-06
-6.44922e-06
-4.32157e-05
4.57272e-07
-6.12497e-06
-1.83542e-06
-8.76641e-06
-1.08475e-06
4.59774e-05
-2.93026e-05
4.91857e-06
8.69089e-05
-4.58934e-05
-7.4413e-06
7.16659e-05
5.65429e-05
-7.8135e-05
-0.000195769
0.000304535
-7.65401e-05
-0.000329395
0.000106627
0.000457438
-0.000107389
-3.36867e-05
0.000698226
-2.65023e-06
-6.30313e-05
2.50811e-06
-5.34953e-06
-4.14116e-05
4.02333e-07
-3.58554e-06
1.74181e-06
-1.14167e-05
1.61858e-06
5.18242e-05
-3.10574e-05
1.78962e-06
8.0312e-05
-3.46223e-05
-2.0231e-05
8.06318e-06
8.81696e-05
-7.93361e-05
-0.000239341
0.0001762
0.000142531
-0.000119695
8.74679e-05
0.00056669
3.02367e-06
-6.3373e-05
4.85297e-06
-2.95602e-06
-4.00042e-05
-3.23288e-07
5.545e-07
3.23063e-06
-1.36901e-05
4.28912e-06
5.06517e-05
-2.97431e-05
-2.13374e-06
6.64296e-05
-1.95341e-05
-2.12235e-05
-5.81341e-05
7.50503e-05
-2.77522e-05
-0.000129001
0.000101115
0.000180581
0.000145541
0.000578713
0.000252907
0.000458079
-5.49412e-05
0.00016039
0.000493283
-0.000148011
9.68913e-05
0.000772888
-0.000253562
3.90927e-05
0.00112142
-0.000337883
7.00658e-06
-6.25674e-05
5.48566e-06
3.98147e-07
-3.92456e-05
-1.70876e-06
4.82309e-06
1.87127e-06
-1.36795e-05
8.91744e-06
4.05752e-05
-2.95655e-05
-1.40284e-06
4.8943e-05
-1.3289e-05
-3.47769e-05
-6.74856e-05
2.67453e-05
2.79533e-05
-1.58142e-05
4.57928e-06
0.000128292
8.61174e-06
-5.93187e-05
4.59853e-06
2.7885e-06
-3.81253e-05
-4.25902e-06
9.63836e-06
-1.27755e-06
-1.28156e-05
1.26123e-05
2.63135e-05
-2.37615e-05
-1.3063e-06
2.74549e-05
-4.82296e-05
-4.22803e-05
-2.18531e-05
-6.01554e-05
2.85832e-05
8.85936e-06
-5.42026e-05
1.41578e-06
4.38264e-06
-3.52207e-05
-8.59391e-06
1.29986e-05
-5.45178e-06
-1.32512e-05
1.65291e-05
1.39694e-05
-5.98119e-06
1.78208e-05
1.39224e-05
-7.86837e-05
6.85801e-06
9.16943e-06
-4.72618e-05
-2.80221e-06
6.19072e-06
-3.03158e-05
-1.58457e-05
1.45448e-05
-8.21562e-06
-1.75347e-05
2.24414e-05
1.33631e-05
1.68625e-05
3.20229e-05
1.1482e-05
-3.84158e-05
-6.42224e-06
7.97323e-06
-2.43162e-05
-2.63919e-05
1.70526e-05
-8.57238e-06
-2.3323e-05
3.645e-05
1.5666e-05
-2.73225e-05
-7.99771e-06
9.48744e-06
-1.46558e-05
-2.72312e-05
2.08001e-05
2.15067e-05
-1.38036e-05
-6.71825e-06
1.05257e-05
2.41514e-05
-2.94932e-05
1.37979e-05
6.9666e-06
2.07151e-05
5.02264e-05
1.95236e-05
8.13309e-05
1.71833e-05
0.000103118
1.89292e-05
0.000114087
2.82076e-05
0.000109048
4.14512e-05
7.87874e-05
4.29734e-05
1.65924e-05
2.46487e-05
-2.19472e-05
5.59539e-05
1.30927e-05
0.000162147
5.28791e-05
0.000259354
7.35015e-05
0.000330139
9.20385e-05
0.00037945
0.000109548
0.000416772
0.000125995
0.000448834
0.000148741
0.000483545
0.000186235
0.000545044
0.000221059
-1.45876e-05
-3.50034e-05
-8.9922e-06
1.06725e-05
-2.0488e-06
-2.0902e-09
1.25128e-05
4.32911e-05
3.38628e-06
1.08699e-05
8.15184e-05
1.86717e-06
1.01333e-05
0.0001125
-4.72936e-06
1.27495e-05
0.000130659
-1.07307e-05
1.84779e-05
0.000128416
-6.90556e-06
2.68655e-05
9.24254e-05
-5.46469e-06
3.45795e-05
-9.22854e-06
-4.35813e-05
8.28235e-06
-9.48474e-05
-9.82316e-05
-3.54187e-06
6.87116e-06
-9.2998e-05
4.39371e-05
3.03171e-05
-6.5235e-05
8.3937e-05
3.61817e-05
-5.06403e-05
0.000121214
4.57803e-05
-4.10278e-05
0.000149936
4.27247e-05
-3.34469e-05
0.000167408
3.61744e-05
-2.71021e-05
0.000187363
4.94953e-05
-3.2412e-05
0.000258447
9.19039e-05
-5.301e-05
0.000411938
0.00013435
-2.66752e-05
-3.90026e-05
-1.29604e-05
4.47199e-06
-1.0654e-05
7.54182e-07
4.97048e-06
3.00854e-05
5.45059e-06
5.18621e-06
6.8853e-05
3.03883e-06
6.83189e-06
0.000102102
-5.86455e-06
1.0844e-05
0.000122968
-1.66462e-05
1.69815e-05
0.000121698
-2.15887e-05
2.53594e-05
8.09009e-05
-2.92018e-05
3.11535e-05
-4.98925e-05
-7.03687e-05
-1.0881e-05
-0.00016098
-0.000135266
-3.91675e-05
-6.85294e-05
-0.000132506
-4.93553e-05
-1.79126e-05
-0.000103197
-5.47351e-05
-1.23775e-05
-8.58199e-05
-4.19287e-05
-1.8352e-05
-7.65363e-05
-3.41993e-05
-4.69847e-05
-6.19641e-05
-3.59796e-05
-5.39753e-05
-6.04448e-05
1.77086e-05
-1.70431e-05
-8.39331e-05
0.000178096
3.86513e-05
-0.000140406
0.000447213
8.04651e-05
-3.27139e-05
-4.19976e-05
-1.51047e-05
4.9785e-08
-1.81767e-05
1.77283e-07
6.61309e-07
1.95974e-05
5.14084e-06
2.47355e-06
5.78304e-05
2.08377e-06
5.52665e-06
9.16197e-05
-8.51908e-06
1.05678e-05
0.000113313
-2.37736e-05
1.77269e-05
0.000110229
-3.77733e-05
2.8059e-05
5.77927e-05
-5.23434e-05
2.93766e-05
-0.000103251
-9.075e-05
7.65068e-06
-0.000229561
-0.000133798
1.01995e-05
-0.000207524
-0.000138906
-1.44915e-05
-0.000178387
-0.000129199
-5.99951e-05
-0.00015264
-0.000129405
-0.000108774
-0.000140024
-0.000110745
-0.000149323
-0.000137044
-9.19896e-05
-0.000118718
-0.000101014
-0.000102239
4.45163e-05
-4.24114e-05
-0.00015806
0.00032887
9.32124e-06
-0.000239728
0.000730687
3.22345e-05
-3.40178e-05
-4.56108e-05
-1.66028e-05
-1.8234e-06
-2.49787e-05
-1.58819e-06
-1.31743e-06
1.06953e-05
3.25514e-06
8.0034e-07
4.79293e-05
-6.33077e-07
4.18818e-06
8.18307e-05
-1.32412e-05
9.12446e-06
0.000103815
-3.39685e-05
1.58431e-05
9.82707e-05
-5.37066e-05
2.44848e-05
3.11434e-05
-8.37806e-05
2.84385e-05
-0.000127191
-0.000113153
3.58149e-05
-0.00025134
-0.000131743
2.53837e-05
-0.000303695
-0.000135167
-5.32857e-05
-0.000299728
-0.000147033
-0.000153238
-0.000253023
-0.000147368
-0.000220559
-0.000206703
-0.00012697
-0.00020121
-0.000160536
-0.000121603
-4.12731e-05
-9.8585e-05
-0.000167987
0.000245445
-4.17149e-05
-0.000257117
0.000638346
-5.15335e-06
-0.000319861
0.00109437
-3.29394e-05
-4.94521e-05
-1.73142e-05
-1.90437e-06
-3.09365e-05
-3.3259e-06
-1.64216e-06
3.03968e-06
8.93902e-07
3.41024e-07
3.91328e-05
-3.92216e-06
3.57561e-06
7.27088e-05
-1.86895e-05
8.12171e-06
9.43111e-05
-4.31598e-05
1.36723e-05
8.49845e-05
-7.064e-05
2.15981e-05
1.31059e-05
-0.000107826
3.22928e-05
-0.000113271
-0.000114596
2.91735e-05
-0.000259063
-0.000105178
-6.58344e-05
-0.000367291
-0.000110646
-0.000208733
-0.00036623
-0.000137152
-0.000289982
-0.000293163
-0.000145876
-0.000258201
-0.000217702
-0.000141596
-8.7862e-05
-0.000149786
-0.000175829
0.000202639
-9.20487e-05
-0.000261324
0.000583613
-4.30296e-05
-0.0003316
0.000962313
-3.12814e-05
-5.30427e-05
-1.71893e-05
-1.49581e-06
-3.61501e-05
-4.55925e-06
-1.44673e-06
-3.41316e-06
-1.2659e-06
1.21822e-07
3.17449e-05
-7.23158e-06
2.83368e-06
6.47886e-05
-2.37363e-05
6.47772e-06
8.53784e-05
-5.15128e-05
1.09426e-05
7.30636e-05
-8.31144e-05
1.89653e-05
5.15183e-06
-9.58248e-05
2.6746e-05
-0.000120019
-6.50386e-05
-3.20621e-05
-0.000332086
-5.65504e-05
-0.000195567
-0.000458681
-7.19833e-05
-0.000305366
-0.00043412
-0.000123942
-0.000283006
-0.000310826
-0.000154897
-9.53279e-05
-0.000213638
-0.000184046
0.000199499
-0.00014897
-0.000251936
0.000559726
-0.000109664
-0.000308652
0.00071254
-2.95551e-05
-5.6109e-05
-1.63739e-05
-1.07581e-06
-4.04396e-05
-4.95761e-06
-1.08312e-06
-8.43788e-06
-2.72706e-06
1.89998e-07
2.62328e-05
-9.76753e-06
2.5017e-06
5.89082e-05
-2.80415e-05
5.75056e-06
7.83084e-05
-5.77586e-05
1.04069e-05
6.18125e-05
-8.02066e-05
1.72724e-05
-2.01476e-05
-4.73316e-05
-8.2488e-07
-0.000210945
-1.04455e-05
-0.000115969
-0.000434126
-3.37106e-06
-0.000269895
-0.000512726
-4.01519e-05
-0.000277171
-0.000431343
-0.000139207
-6.33775e-05
-0.000292671
-0.000191704
0.00029241
-0.000198465
-0.000251187
0.000935363
-0.000234957
-0.000223728
0.000418573
-2.79198e-05
-5.85534e-05
-1.5034e-05
-1.19549e-06
-4.36833e-05
-4.56531e-06
-1.27178e-06
-1.17171e-05
-3.38515e-06
-1.27499e-07
2.31953e-05
-1.18075e-05
2.21419e-06
5.61322e-05
-3.27597e-05
5.94278e-06
7.39409e-05
-6.30606e-05
1.08007e-05
4.53372e-05
-6.38143e-05
7.77467e-06
-8.88001e-05
2.37984e-06
-4.17936e-05
-0.000317014
5.14293e-05
-0.000170481
-0.000466464
2.99529e-05
-0.0002459
-0.00049989
-7.98505e-05
-5.16927e-05
-0.000354786
-0.000171189
0.00035574
-0.000205404
-0.000349091
0.000671
-2.60067e-05
-6.02428e-05
-1.32173e-05
-1.84889e-06
-4.56775e-05
-3.43475e-06
-2.10178e-06
-1.28934e-05
-3.53287e-06
-6.42782e-07
2.33174e-05
-1.44193e-05
2.32829e-06
5.77795e-05
-3.94395e-05
6.76269e-06
7.36748e-05
-7.05332e-05
6.86826e-06
2.93396e-05
-4.85922e-05
-1.25095e-05
-0.00013826
7.19795e-05
-9.28989e-05
-0.000299028
0.000103491
-0.000186621
-0.000410987
-2.05617e-06
-0.000125714
-0.00040532
-0.000104549
0.000237606
-0.000224827
-0.000227005
0.000461628
-2.34535e-05
-6.15981e-05
-1.07833e-05
-2.87379e-06
-4.64426e-05
-1.87765e-06
-3.45746e-06
-1.19035e-05
-3.88017e-06
-1.16174e-06
2.65613e-05
-1.81251e-05
3.12085e-06
6.34231e-05
-4.75068e-05
7.45549e-06
7.52229e-05
-7.39882e-05
1.71936e-07
1.77578e-05
1.15882e-05
-4.87161e-05
-0.000149532
0.000183539
-0.000187715
-0.000265529
6.43489e-05
-0.000215182
-0.000316299
-8.46532e-05
4.90484e-05
-0.000218456
-0.000143368
0.000271766
-1.96597e-05
-6.24757e-05
-7.58287e-06
-4.27375e-06
-4.57716e-05
-3.46206e-07
-4.68882e-06
-8.82265e-06
-5.05968e-06
-1.01036e-06
3.27857e-05
-2.34975e-05
4.00163e-06
7.26415e-05
-5.19648e-05
7.08056e-06
7.84973e-05
-6.31603e-05
-7.93152e-06
-1.64613e-05
0.000186436
-0.000122962
-0.000236709
0.000246916
-0.000226492
-0.000224485
-4.15966e-05
-3.18937e-05
-0.000161904
-0.000136623
0.000152095
-1.44487e-05
-6.2996e-05
-3.69651e-06
-5.12634e-06
-4.43048e-05
7.20921e-07
-4.60457e-06
-4.67375e-06
-7.38912e-06
7.04519e-09
4.02145e-05
-2.87826e-05
6.41171e-06
7.98148e-05
-5.24803e-05
-2.51498e-07
7.68533e-05
1.54681e-05
-4.76171e-05
-0.000124484
0.000352183
-0.000154715
-0.000325395
0.000183894
0.000200845
-0.000144649
-5.48308e-05
0.000459672
-8.25601e-06
-6.32777e-05
1.14997e-07
-4.75503e-06
-4.22372e-05
9.63326e-07
-3.11296e-06
-4.23964e-07
-1.06711e-05
2.04841e-06
4.80458e-05
-3.31436e-05
4.17827e-06
7.73162e-05
-4.80817e-05
-1.71298e-05
2.40649e-05
0.000118545
-8.69758e-05
-0.000215894
0.000300739
0.000116816
-0.000113351
0.000111774
0.000566519
-2.01025e-06
-6.33766e-05
3.24141e-06
-3.03087e-06
-4.04002e-05
4.22058e-07
2.50742e-07
2.30827e-06
-1.41764e-05
4.04816e-06
4.99952e-05
-3.43803e-05
-2.09124e-06
6.67479e-05
-2.2062e-05
-2.06966e-05
-4.81384e-05
0.000136942
-2.84817e-05
-0.000130377
0.000199226
0.000199112
0.000149759
3.19965e-06
-6.25667e-05
4.96428e-06
1.38496e-07
-3.91273e-05
-7.05356e-07
4.44485e-06
2.01472e-06
-1.52214e-05
8.24735e-06
4.17525e-05
-3.48037e-05
-1.19117e-06
5.15653e-05
-1.26449e-05
-2.41414e-05
-6.25437e-05
8.14185e-05
8.11881e-06
-1.12976e-05
5.11583e-05
9.89491e-05
0.00064197
0.000231791
0.00065913
-8.91448e-05
0.000142655
0.000829973
-0.000198182
7.47253e-05
0.00120354
-0.000277736
6.24287e-06
-5.98335e-05
5.27145e-06
2.71769e-06
-3.78657e-05
-2.60474e-06
9.59191e-06
-5.16017e-07
-1.49133e-05
1.20774e-05
2.91302e-05
-3.51135e-05
-3.8624e-06
2.93016e-05
-1.72086e-05
-4.07565e-05
-3.00286e-05
1.25169e-05
3.9766e-05
7.34751e-06
-5.50624e-05
3.29752e-06
5.12533e-06
-3.55496e-05
-5.95665e-06
1.44133e-05
-5.77243e-06
-1.44879e-05
1.36185e-05
1.25679e-05
-2.90232e-05
2.42622e-07
7.8851e-06
-5.23072e-05
-1.9794e-05
7.15163e-06
-4.78448e-05
-8.69498e-07
6.73965e-06
-3.09487e-05
-1.1212e-05
1.65469e-05
-1.01572e-05
-1.16987e-05
2.29546e-05
2.94448e-06
-2.48508e-06
4.00804e-05
8.38967e-06
-3.80192e-05
-5.88494e-06
7.62888e-06
-2.39901e-05
-2.0456e-05
1.81502e-05
-9.9153e-06
-1.75714e-05
3.95851e-05
1.20421e-05
-2.68558e-05
-9.24917e-06
9.14264e-06
-1.5207e-05
-2.49795e-05
2.55748e-05
1.73375e-05
-1.37002e-05
-1.03318e-05
9.71604e-06
2.0842e-05
-3.03171e-05
1.38567e-05
4.78261e-06
2.0895e-05
4.87991e-05
1.96928e-05
8.21567e-05
1.71078e-05
0.000106759
1.86672e-05
0.000118856
2.80507e-05
0.000111683
4.22315e-05
7.25924e-05
4.33916e-05
-7.64644e-06
2.29978e-05
-3.26185e-05
5.80348e-05
1.89511e-05
0.000166805
5.24164e-05
0.000262744
7.56493e-05
0.000329082
9.17546e-05
0.000378347
0.000106934
0.000414851
0.00012652
0.000452105
0.00015307
0.000508162
0.000190697
0.00060372
0.000206292
-1.47266e-05
-3.63195e-05
-8.8992e-06
1.0738e-05
-4.39386e-06
2.89219e-07
1.26874e-05
4.18814e-05
3.67345e-06
1.11044e-05
8.22683e-05
1.95595e-06
1.03448e-05
0.000115928
-5.27017e-06
1.27616e-05
0.000135724
-1.21993e-05
1.90564e-05
0.000131732
-1.02093e-05
2.9214e-05
8.63746e-05
-1.08114e-05
3.5245e-05
-5.46197e-05
-4.64588e-05
-1.17439e-05
-0.000110598
-0.000102226
-3.46033e-06
2.11737e-05
-9.00776e-05
4.80375e-05
2.37662e-05
-6.68811e-05
8.61922e-05
3.48687e-05
-5.37976e-05
0.000121697
4.19802e-05
-4.60468e-05
0.000149682
2.99446e-05
-3.63734e-05
0.000166774
3.11569e-05
-3.59561e-05
0.00022057
6.28701e-05
-5.18537e-05
0.000363581
0.000108171
-8.49417e-05
0.000613033
0.000124975
-2.68761e-05
-4.04071e-05
-1.27267e-05
4.42762e-06
-1.25394e-05
1.16288e-06
5.2269e-06
2.90077e-05
5.69917e-06
5.57832e-06
6.94923e-05
2.90571e-06
7.04691e-06
0.000105015
-7.37416e-06
1.10211e-05
0.000127721
-2.00293e-05
1.74454e-05
0.000125814
-2.90859e-05
2.73941e-05
7.59308e-05
-3.74355e-05
2.28301e-05
-9.85451e-05
-7.80776e-05
-2.36448e-05
-0.000189215
-0.000139525
-2.72614e-05
-8.49365e-05
-0.000132609
-3.67998e-05
-4.21681e-05
-0.000110766
-4.00874e-05
-3.26741e-05
-0.000100473
-3.69915e-05
-4.45133e-05
-8.53523e-05
-4.42986e-05
-6.4078e-05
-7.30536e-05
-1.5785e-05
-3.94349e-05
-8.48031e-05
0.00012713
1.64748e-05
-0.000133519
0.000397973
6.33413e-05
-0.000187878
0.000793106
6.54746e-05
-3.27135e-05
-4.32856e-05
-1.47948e-05
1.90919e-07
-1.95589e-05
5.4511e-07
1.07997e-06
1.88077e-05
5.27566e-06
2.87179e-06
5.84081e-05
1.48869e-06
5.78617e-06
9.42158e-05
-1.07414e-05
1.06826e-05
0.000117792
-2.8578e-05
1.79881e-05
0.00011485
-4.39938e-05
2.81414e-05
4.9266e-05
-6.22915e-05
2.4283e-05
-0.00014142
-0.000105237
2.10545e-05
-0.000248367
-0.000137673
2.97974e-05
-0.000245902
-0.00014459
-1.22e-05
-0.000216787
-0.000150604
-8.27661e-05
-0.000175104
-0.000141643
-0.000144806
-0.000150292
-0.000118361
-0.000143977
-0.000120415
-0.000109256
-7.37471e-06
-6.14859e-05
-0.000151838
0.000274967
-4.66711e-06
-0.000226374
0.000684784
2.44732e-05
-0.000262929
0.00117884
-3.38098e-05
-4.65995e-05
-1.61496e-05
-1.5641e-06
-2.59401e-05
-1.13952e-06
-8.91024e-07
1.01523e-05
3.24537e-06
1.19394e-06
4.85162e-05
-1.52864e-06
4.31662e-06
8.41828e-05
-1.61475e-05
9.10764e-06
0.000107943
-3.80751e-05
1.5387e-05
0.000102221
-5.99218e-05
2.40979e-05
2.47083e-05
-9.92257e-05
3.00091e-05
-0.000130032
-0.000122561
3.7725e-05
-0.000255745
-0.000130315
-1.44172e-05
-0.000317452
-0.000139563
-0.000129179
-0.000294899
-0.000157787
-0.000222625
-0.000230351
-0.000153192
-0.000223478
-0.000177145
-0.000135688
-9.19336e-05
-0.000115802
-0.000163953
0.000189951
-5.49783e-05
-0.000242828
0.000591473
-1.33471e-05
-0.000303334
0.00106095
-3.25536e-05
-5.01235e-05
-1.66006e-05
-1.64093e-06
-3.15716e-05
-2.76118e-06
-1.22967e-06
2.76542e-06
8.97467e-07
7.11393e-07
3.97798e-05
-5.06875e-06
3.70738e-06
7.49013e-05
-2.1391e-05
7.85765e-06
9.77174e-05
-4.68084e-05
1.30208e-05
8.87935e-05
-7.68268e-05
2.09754e-05
1.80767e-05
-0.00010936
3.21559e-05
-0.000102758
-0.000101326
-4.5094e-06
-0.000284136
-9.78687e-05
-0.000149916
-0.000384824
-0.000113679
-0.000271812
-0.000342735
-0.000151391
-0.000275834
-0.000248108
-0.000157666
-0.000132445
-0.000170369
-0.000175535
0.000150355
-0.000106026
-0.000246922
0.000537673
-5.1132e-05
-0.000311877
0.000922503
-3.0638e-05
-5.34975e-05
-1.62231e-05
-1.28119e-06
-3.65137e-05
-3.80701e-06
-1.06625e-06
-3.42291e-06
-1.23406e-06
5.13851e-07
3.25196e-05
-8.23904e-06
2.98533e-06
6.6696e-05
-2.61197e-05
6.22027e-06
8.81178e-05
-5.26759e-05
1.04764e-05
7.6407e-05
-8.00871e-05
1.89837e-05
1.27426e-05
-7.39364e-05
1.4325e-05
-0.000139842
-5.4844e-05
-9.01535e-05
-0.000393148
-5.23889e-05
-0.000252419
-0.000462653
-8.36111e-05
-0.000291788
-0.000381907
-0.000152947
-0.000136917
-0.000255516
-0.000183226
0.000148284
-0.000170914
-0.000235623
0.000510353
-0.000115171
-0.000290578
0.000669721
-2.86447e-05
-5.65035e-05
-1.51378e-05
-8.69744e-07
-4.05981e-05
-4.04499e-06
-6.53018e-07
-8.16388e-06
-2.55507e-06
6.88423e-07
2.71642e-05
-1.06232e-05
2.84688e-06
6.0572e-05
-2.97739e-05
5.87058e-06
7.97992e-05
-5.5799e-05
1.06407e-05
6.11241e-05
-6.2871e-05
1.45786e-05
-3.65375e-05
-3.06353e-05
-2.67424e-05
-0.000267207
-1.60353e-05
-0.000174036
-0.000462572
-8.98066e-06
-0.000269958
-0.000481049
-9.59915e-05
-0.000122387
-0.000356216
-0.000173867
0.000225026
-0.000222624
-0.000228239
0.000839072
-0.000223037
-0.000203551
0.000387165
-2.67748e-05
-5.90249e-05
-1.36103e-05
-9.48495e-07
-4.36637e-05
-3.47681e-06
-6.88535e-07
-1.11639e-05
-3.10132e-06
6.33801e-07
2.42912e-05
-1.27257e-05
2.97486e-06
5.73505e-05
-3.40714e-05
6.74233e-06
7.25729e-05
-5.87015e-05
1.02333e-05
3.09921e-05
-4.01617e-05
4.66191e-07
-0.000139546
-2.8023e-07
-6.44026e-05
-0.000350885
4.19733e-05
-0.000189848
-0.000461046
-9.36264e-06
-0.000151008
-0.000393302
-0.000111903
0.000239716
-0.000231424
-0.000303307
0.00054189
-2.47621e-05
-6.08261e-05
-1.16189e-05
-1.51588e-06
-4.54785e-05
-2.23214e-06
-1.21332e-06
-1.20198e-05
-3.36615e-06
5.00255e-07
2.45766e-05
-1.56749e-05
3.56665e-06
5.84686e-05
-4.1723e-05
7.55111e-06
6.71511e-05
-6.48464e-05
4.83788e-06
2.79517e-06
-2.57542e-05
-1.93357e-05
-0.000174555
8.98135e-05
-0.000103627
-0.000288349
5.18253e-05
-0.000167006
-0.000357234
-5.09534e-05
4.19792e-05
-0.000243421
-0.000167898
0.000261319
-2.21334e-05
-6.20414e-05
-9.08307e-06
-2.40927e-06
-4.60543e-05
-6.63065e-07
-2.08903e-06
-1.07123e-05
-3.97017e-06
6.2033e-07
2.79162e-05
-2.05954e-05
4.7601e-06
6.31595e-05
-4.96815e-05
9.12622e-06
6.39294e-05
-7.47067e-05
1.76604e-07
-1.96594e-05
6.56277e-05
-6.21197e-05
-0.000154402
0.000178192
-0.000196403
-0.000215619
-1.51905e-06
-0.000131636
-0.000175775
-0.000100643
1.73036e-05
-1.83414e-05
-6.28998e-05
-5.86852e-06
-3.17574e-06
-4.51588e-05
7.25151e-07
-2.54148e-06
-7.3498e-06
-5.98039e-06
1.01358e-06
3.43084e-05
-2.69566e-05
6.54381e-06
7.12953e-05
-5.69711e-05
5.74358e-06
6.92517e-05
-4.38295e-05
-1.30864e-05
-6.71568e-05
0.000251444
-0.000160304
-0.00020225
0.000230049
-0.000155268
-0.000147284
-2.35856e-05
-4.11105e-05
-1.31756e-05
-6.32324e-05
-2.18228e-06
-3.44362e-06
-4.3227e-05
1.44076e-06
-1.95366e-06
-3.24603e-06
-9.1647e-06
2.80273e-06
4.22607e-05
-3.39855e-05
7.42984e-06
7.29184e-05
-6.26001e-05
-7.63118e-06
5.13196e-05
7.49736e-05
-8.47655e-05
-0.000151051
0.000372478
-5.27603e-05
-0.000143633
0.000178653
0.000248121
-7.13634e-06
-6.29501e-05
1.34745e-06
-2.59102e-06
-4.09241e-05
1.14692e-06
3.22053e-07
5.21893e-07
-1.40272e-05
4.27696e-06
4.77427e-05
-3.81248e-05
-7.54098e-07
6.46276e-05
-3.58262e-05
-1.86565e-05
-3.05669e-05
0.000193506
-4.10893e-05
-0.00011476
0.000356842
0.00017027
0.000125261
-1.16739e-06
-6.20846e-05
4.02686e-06
-3.62943e-07
-3.89098e-05
4.55991e-08
3.85542e-06
1.69452e-06
-1.73425e-05
7.31849e-06
4.26488e-05
-4.0306e-05
-2.03728e-06
5.35256e-05
-6.2504e-06
-2.44384e-05
-5.87203e-05
0.000156465
1.00149e-05
-1.64173e-05
8.99302e-05
0.000110977
3.33298e-06
-5.95511e-05
5.51631e-06
2.34792e-06
-3.73291e-05
-1.59089e-06
9.00963e-06
1.80708e-07
-1.76625e-05
1.22059e-05
3.10442e-05
-4.34496e-05
-5.58864e-08
3.57392e-05
-1.33601e-05
-2.76044e-05
-3.08838e-05
7.454e-05
2.55806e-05
0.000748214
0.000175483
0.000965111
-0.000115283
8.82103e-05
0.00124799
-0.000188551
5.75157e-06
-5.55642e-05
4.85402e-06
5.21405e-06
-3.51004e-05
-4.61014e-06
1.45922e-05
-4.43434e-06
-1.97821e-05
1.35509e-05
1.69511e-05
-4.67408e-05
-5.60989e-06
1.17915e-05
-2.11519e-05
-2.166e-05
5.9753e-06
-4.88049e-05
1.82271e-06
7.71077e-06
-3.15945e-05
-8.9918e-06
1.86852e-05
-1.31114e-05
-1.75344e-05
2.03703e-05
-1.76903e-06
-4.64244e-05
3.19736e-05
5.83666e-06
-3.85944e-05
-3.86856e-06
8.0799e-06
-2.45512e-05
-1.51624e-05
2.0244e-05
-1.27897e-05
-1.2477e-05
3.78886e-05
7.965e-06
-2.63517e-05
-9.01972e-06
8.41219e-06
-1.4535e-05
-1.94397e-05
2.40885e-05
1.3004e-05
-1.34137e-05
-9.91446e-06
9.90778e-06
1.68276e-05
-3.12216e-05
1.40471e-05
2.68036e-06
2.13327e-05
4.73938e-05
2.00626e-05
8.28234e-05
1.72434e-05
0.000110089
1.85421e-05
0.000123052
2.85452e-05
0.000113133
4.43251e-05
6.14158e-05
4.36117e-05
-3.91099e-05
1.59208e-05
-3.70435e-05
5.7057e-05
2.64514e-05
0.000174566
5.0502e-05
0.00026326
7.45777e-05
0.000326112
9.01802e-05
0.000373986
0.000101741
0.000415544
0.000126697
0.000467328
0.000157939
0.000561676
0.000180878
0.000710283
0.000159274
-1.49064e-05
-3.75918e-05
-8.85105e-06
1.09787e-05
-6.62052e-06
5.49844e-07
1.30745e-05
4.04667e-05
3.89777e-06
1.15617e-05
8.27958e-05
1.96957e-06
1.06368e-05
0.000118927
-6.0305e-06
1.30736e-05
0.000140304
-1.40389e-05
1.99144e-05
0.000134992
-1.63082e-05
3.24542e-05
7.63505e-05
-1.91417e-05
2.49455e-05
-0.000109641
-4.71871e-05
-2.79856e-05
-0.00011701
-0.000103889
5.41684e-06
2.81206e-05
-8.89295e-05
4.52539e-05
2.10033e-05
-6.96605e-05
8.81652e-05
2.7275e-05
-6.10652e-05
0.000124548
2.7688e-05
-5.08531e-05
0.000147109
1.50938e-05
-4.30747e-05
0.000185936
3.57976e-05
-5.25686e-05
0.000312609
8.15959e-05
-8.1404e-05
0.000562361
0.000106718
-0.000109476
0.00093167
8.00066e-05
-2.70578e-05
-4.16741e-05
-1.25452e-05
4.59774e-06
-1.42107e-05
1.44245e-06
5.68236e-06
2.79541e-05
5.83323e-06
5.99996e-06
6.9925e-05
2.55264e-06
7.32127e-06
0.000107586
-8.99893e-06
1.12107e-05
0.000132148
-2.39267e-05
1.80826e-05
0.000130419
-3.65276e-05
2.77739e-05
6.34779e-05
-4.49645e-05
1.36839e-05
-0.000153236
-9.19526e-05
-8.74512e-06
-0.000221057
-0.000134632
1.01177e-05
-0.000134919
-0.000136272
-5.19579e-06
-8.54052e-05
-0.000127256
-2.38411e-05
-6.91979e-05
-0.000113927
-4.46418e-05
-7.19099e-05
-9.61774e-05
-4.16266e-05
-6.04396e-05
-9.0442e-05
7.51977e-05
-6.32991e-06
-0.000128707
0.000344765
4.65424e-05
-0.000177357
0.000752014
5.54076e-05
-0.000179702
0.00123023
-3.2645e-05
-4.42936e-05
-1.44863e-05
4.94247e-07
-2.0682e-05
8.594e-07
1.56623e-06
1.8064e-05
5.25456e-06
3.30081e-06
5.88277e-05
8.21153e-07
5.93994e-06
9.65446e-05
-1.32421e-05
1.08365e-05
0.000121971
-3.23387e-05
1.78001e-05
0.000119394
-4.97239e-05
2.86128e-05
3.46857e-05
-7.88093e-05
2.41114e-05
-0.000164941
-0.000120111
3.89373e-05
-0.000259988
-0.000140041
2.61239e-05
-0.000274523
-0.000154199
-5.27819e-05
-0.000232165
-0.000164202
-0.000138645
-0.000174882
-0.000151097
-0.000159201
-0.000137188
-0.000124573
-5.79735e-05
-8.09486e-05
-0.000148871
0.000217598
-1.92107e-05
-0.000214505
0.000635404
1.63819e-05
-0.000248321
0.00114829
-3.34977e-05
-4.72557e-05
-1.55956e-05
-1.24506e-06
-2.66351e-05
-7.41663e-07
-4.4025e-07
9.71807e-06
3.1696e-06
1.54545e-06
4.896e-05
-2.60666e-06
4.43077e-06
8.6336e-05
-1.86112e-05
8.90836e-06
0.000111577
-4.17705e-05
1.48564e-05
0.000106361
-6.85768e-05
2.2861e-05
2.35458e-05
-0.00011348
3.18345e-05
-0.000120062
-0.000124538
1.84587e-05
-0.000265437
-0.000125574
-9.59209e-05
-0.000323035
-0.000142451
-0.000219486
-0.000269297
-0.000169606
-0.000240442
-0.000195201
-0.000155738
-0.000137995
-0.000133034
-0.000165719
0.000133187
-6.88683e-05
-0.000230209
0.000542077
-2.23051e-05
-0.000285254
0.00102097
-3.19649e-05
-5.04772e-05
-1.57597e-05
-1.37116e-06
-3.19389e-05
-2.16079e-06
-8.24919e-07
2.60776e-06
7.89234e-07
1.08798e-06
4.0323e-05
-6.0745e-06
3.801e-06
7.67352e-05
-2.38469e-05
7.52821e-06
0.000100874
-4.77974e-05
1.19977e-05
9.28278e-05
-8.08417e-05
2.00325e-05
3.08978e-05
-9.81614e-05
2.45427e-05
-0.000107623
-8.50494e-05
-6.69571e-05
-0.00033693
-8.86423e-05
-0.000232673
-0.000387746
-0.000127536
-0.00027689
-0.000297782
-0.000166716
-0.000168855
-0.000197952
-0.000180661
0.000101416
-0.00012401
-0.000233991
0.000490261
-6.0254e-05
-0.000294931
0.000875718
-2.97564e-05
-5.37092e-05
-1.50736e-05
-1.05176e-06
-3.66397e-05
-3.06019e-06
-6.3805e-07
-3.30387e-06
-1.22567e-06
9.71357e-07
3.31527e-05
-9.16256e-06
3.20428e-06
6.81953e-05
-2.76067e-05
6.07537e-06
9.02904e-05
-5.10429e-05
1.03062e-05
8.02666e-05
-7.00048e-05
1.77566e-05
1.63975e-05
-5.74749e-05
-1.10112e-05
-0.000192195
-5.72958e-05
-0.000162403
-0.000441953
-5.13958e-05
-0.000264066
-0.000447998
-0.000122978
-0.000173214
-0.000318646
-0.000179597
0.000100092
-0.000201609
-0.00022114
0.000457075
-0.000124744
-0.000269185
0.000620179
-2.74626e-05
-5.67289e-05
-1.37722e-05
-6.10442e-07
-4.05278e-05
-3.09571e-06
-8.75776e-08
-7.8185e-06
-2.4113e-06
1.36766e-06
2.79016e-05
-1.13104e-05
3.42386e-06
6.15474e-05
-3.0107e-05
6.29605e-06
8.01194e-05
-5.09014e-05
1.10235e-05
5.68224e-05
-4.05431e-05
7.04165e-06
-6.9986e-05
-5.0412e-05
-6.16715e-05
-0.000329494
-2.03542e-05
-0.000209718
-0.000460539
-2.5345e-05
-0.000179118
-0.000408371
-0.000139948
0.000151665
-0.000254826
-0.00019774
0.000718974
-0.000208106
-0.000186031
0.000350157
-2.54447e-05
-5.93348e-05
-1.20415e-05
-5.63967e-07
-4.34158e-05
-2.37827e-06
1.2966e-07
-1.05647e-05
-2.90692e-06
1.68196e-06
2.50712e-05
-1.34031e-05
4.08496e-06
5.76792e-05
-3.46616e-05
7.76906e-06
6.79168e-05
-4.98336e-05
9.3886e-06
7.00321e-06
-3.00957e-05
-5.8341e-06
-0.000193836
-1.28841e-05
-7.89717e-05
-0.000359115
7.54146e-06
-0.000174947
-0.000392869
-3.61658e-05
8.28246e-05
-0.000251219
-0.000239428
0.000381985
-2.33345e-05
-6.11842e-05
-9.86945e-06
-1.00976e-06
-4.49463e-05
-1.07864e-06
-4.11014e-08
-1.11157e-05
-3.23773e-06
1.93502e-06
2.54203e-05
-1.75188e-05
4.98068e-06
5.79048e-05
-4.2529e-05
8.74505e-06
5.60328e-05
-6.45316e-05
4.13708e-06
-3.09152e-05
-1.52325e-05
-1.97793e-05
-0.000177618
9.06638e-05
-0.000108845
-0.00025902
6.19128e-06
-0.000105599
-0.000217451
-0.000112319
2.95559e-05
-2.06402e-05
-6.21813e-05
-7.1977e-06
-1.78316e-06
-4.50817e-05
4.75811e-07
-4.05165e-07
-9.49159e-06
-4.51995e-06
2.30279e-06
2.88565e-05
-2.32697e-05
6.95642e-06
6.1585e-05
-5.39612e-05
9.52593e-06
5.15106e-05
-7.30004e-05
4.45165e-06
-5.71451e-05
0.000106145
-7.65331e-05
-0.000129041
0.000188653
-0.000174796
-0.000131065
-1.90976e-05
-0.00016303
-1.67958e-05
-6.24984e-05
-3.96863e-06
-2.16233e-06
-4.38024e-05
1.50999e-06
-5.4703e-07
-5.91332e-06
-7.43606e-06
3.1356e-06
3.59315e-05
-3.27565e-05
8.17757e-06
6.75755e-05
-6.97561e-05
2.672e-06
6.05802e-05
-1.36008e-05
-4.4068e-05
-9.50214e-05
0.000308818
-0.000170959
-0.000122996
0.000218441
-0.000228223
-1.15741e-05
-6.22682e-05
-4.03291e-07
-1.96588e-06
-4.15123e-05
1.83222e-06
8.85284e-07
-2.06868e-06
-1.2659e-05
4.7414e-06
4.35257e-05
-3.98121e-05
4.60601e-06
6.23105e-05
-6.50972e-05
-1.65766e-05
1.23457e-05
0.00015637
-7.62189e-05
-9.06798e-05
0.000456806
-3.45002e-05
3.89347e-05
-5.63696e-06
-6.11021e-05
2.82813e-06
-6.65816e-07
-3.8787e-05
8.12198e-07
3.46963e-06
5.08122e-07
-1.91433e-05
6.98063e-06
4.17527e-05
-4.41817e-05
-2.77533e-06
5.25621e-05
-1.06177e-05
-1.80021e-05
-4.94051e-05
0.000222818
-3.92429e-06
-7.08158e-06
0.00014688
6.8296e-05
-1.88218e-07
-5.89576e-05
5.22246e-06
1.67498e-06
-3.64888e-05
-1.17407e-06
7.99968e-06
5.39806e-07
-2.07311e-05
1.09571e-05
3.26645e-05
-5.25124e-05
-8.64578e-07
3.89446e-05
2.97789e-07
-3.06052e-05
-3.19703e-05
0.000138499
3.05556e-05
3.70377e-06
-5.51985e-05
5.90128e-06
4.7497e-06
-3.41721e-05
-3.82904e-06
1.41148e-05
-2.56641e-06
-2.47848e-05
1.50029e-05
2.09312e-05
-5.86778e-05
5.00228e-07
1.94883e-05
-1.16182e-05
-1.49988e-05
0.000843665
8.21683e-05
0.00118696
-8.87997e-05
4.9762e-06
-4.93959e-05
4.1678e-06
8.10166e-06
-3.10111e-05
-8.57268e-06
1.97644e-05
-1.11201e-05
-3.0159e-05
2.02896e-05
3.62017e-06
-7.63235e-05
2.00153e-05
4.56331e-06
-3.98651e-05
-7.35358e-07
9.77054e-06
-2.58674e-05
-1.40856e-05
2.40015e-05
-1.78664e-05
-2.84236e-05
4.61096e-05
4.26252e-06
-2.68525e-05
-7.70179e-06
8.76225e-06
-1.44403e-05
-1.74588e-05
2.30823e-05
8.18893e-06
-1.31594e-05
-9.20051e-06
8.79651e-06
1.3292e-05
-3.21161e-05
1.44006e-05
7.09037e-07
2.1975e-05
4.59759e-05
2.06299e-05
8.32814e-05
1.75521e-05
0.000112997
1.8804e-05
0.000126717
2.94156e-05
0.000113963
4.74801e-05
4.12032e-05
4.18339e-05
-8.41831e-05
3.03808e-06
-3.02691e-05
6.61841e-05
3.09233e-05
0.00017907
4.5747e-05
0.000264005
6.70105e-05
0.000318836
8.4253e-05
0.000369331
9.70902e-05
0.000424136
0.000126804
0.000512983
0.000154055
0.000666747
0.000143003
0.000817487
7.59706e-05
-1.50914e-05
-3.86209e-05
-8.85179e-06
1.13372e-05
-8.63766e-06
7.14698e-07
1.36384e-05
3.90593e-05
3.99604e-06
1.21226e-05
8.3089e-05
1.82504e-06
1.10828e-05
0.000121582
-6.91325e-06
1.35119e-05
0.000144558
-1.63013e-05
2.08935e-05
0.000138875
-2.30344e-05
3.41787e-05
5.35862e-05
-2.22409e-05
1.32452e-05
-0.000173629
-5.75337e-05
-1.93817e-05
-0.000126687
-9.80392e-05
2.75449e-05
9.20609e-06
-9.1366e-05
4.82498e-05
1.59898e-05
-7.66485e-05
9.15706e-05
9.62435e-06
-6.7533e-05
0.000122459
5.92553e-06
-5.68604e-05
0.000151306
1.03901e-05
-5.52625e-05
0.000258652
5.45623e-05
-7.9079e-05
0.000505566
8.8754e-05
-0.000103281
0.000893195
7.11097e-05
-8.51386e-05
0.0011724
-2.71578e-05
-4.26032e-05
-1.24251e-05
4.94464e-06
-1.55862e-05
1.59159e-06
6.22964e-06
2.69391e-05
5.77308e-06
6.48963e-06
7.0181e-05
2.1621e-06
7.53211e-06
0.000109859
-1.10405e-05
1.15341e-05
0.000136427
-2.73263e-05
1.7851e-05
0.000135272
-4.19764e-05
2.91723e-05
4.01957e-05
-5.68279e-05
1.17738e-05
-0.000195775
-0.000112544
3.10177e-05
-0.000249557
-0.00012571
4.01801e-05
-0.000194652
-0.000140858
1.14558e-05
-0.000134072
-0.00014146
-3.98061e-05
-9.68061e-05
-0.000127368
-5.8897e-05
-7.83935e-05
-0.000103634
2.36944e-05
-2.98909e-05
-0.000126068
0.000287004
2.86173e-05
-0.000168448
0.000706771
4.57213e-05
-0.000170357
0.00120767
-3.24386e-05
-4.48938e-05
-1.41534e-05
8.9116e-07
-2.14956e-05
1.05026e-06
2.09331e-06
1.74289e-05
5.10212e-06
3.68097e-06
5.90977e-05
-5.98551e-08
6.09e-06
9.86804e-05
-1.53677e-05
1.07621e-05
0.000125699
-3.55834e-05
1.79113e-05
0.000123847
-5.83181e-05
2.69378e-05
2.15419e-05
-0.000105032
2.96717e-05
-0.000164165
-0.00012772
3.87471e-05
-0.000269456
-0.000142561
-2.94893e-05
-0.000280857
-0.000160456
-0.000139571
-0.000213267
-0.000176416
-0.000176547
-0.000150758
-0.000147742
-0.000104618
-9.85633e-05
-0.000151552
0.000156771
-3.43007e-05
-0.000203742
0.000582035
7.68298e-06
-0.000234405
0.00111382
-3.29859e-05
-4.75165e-05
-1.49576e-05
-9.03574e-07
-2.70183e-05
-3.51608e-07
-6.73e-09
9.41143e-06
2.91513e-06
1.88964e-06
4.93208e-05
-3.51654e-06
4.45768e-06
8.81682e-05
-2.12042e-05
8.58849e-06
0.000115137
-4.20827e-05
1.36885e-05
0.000109754
-7.99853e-05
2.05486e-05
3.39137e-05
-0.000113003
2.80637e-05
-0.000114863
-0.000109302
-4.17697e-05
-0.00029537
-0.000113606
-0.000200248
-0.00031734
-0.000158618
-0.000250595
-0.000228092
-0.000172715
-0.000177213
-0.000150009
-0.000174091
7.79545e-05
-8.43861e-05
-0.00021955
0.000490647
-3.18888e-05
-0.000270364
0.000974093
-3.11366e-05
-5.0508e-05
-1.47564e-05
-1.10695e-06
-3.20197e-05
-1.61188e-06
-4.02404e-07
2.60144e-06
6.17218e-07
1.49243e-06
4.07366e-05
-7.08483e-06
3.92755e-06
7.82011e-05
-2.54504e-05
7.10911e-06
0.000103544
-4.70283e-05
1.07798e-05
9.80012e-05
-7.87596e-05
1.8939e-05
4.52041e-05
-7.74418e-05
-4.84386e-07
-0.000154177
-8.08054e-05
-0.000159933
-0.000386205
-8.80289e-05
-0.000257854
-0.000370182
-0.000150635
-0.000199014
-0.00023999
-0.000187486
6.01888e-05
-0.000148852
-0.000224047
0.000441484
-7.23359e-05
-0.000275066
0.000821339
-2.85785e-05
-5.36873e-05
-1.38152e-05
-8.02615e-07
-3.64794e-05
-2.28311e-06
-1.04957e-07
-3.08895e-06
-1.30354e-06
1.55673e-06
3.36414e-05
-9.81855e-06
3.64168e-06
6.90814e-05
-2.76173e-05
6.1154e-06
9.19304e-05
-4.75948e-05
1.0872e-05
8.37848e-05
-5.13201e-05
1.24047e-05
3.71796e-06
-6.95665e-05
-5.45845e-05
-0.000280915
-6.02259e-05
-0.000206731
-0.000459467
-5.67612e-05
-0.000196749
-0.000393078
-0.000164559
5.379e-05
-0.00024775
-0.000202062
0.000396202
-0.000136424
-0.00025186
0.000561258
-2.60826e-05
-5.67448e-05
-1.22701e-05
-2.38037e-07
-4.01978e-05
-2.1565e-06
6.69019e-07
-7.39175e-06
-2.33552e-06
2.32845e-06
2.83732e-05
-1.17384e-05
4.23916e-06
6.18828e-05
-2.96721e-05
7.29306e-06
7.88e-05
-4.17517e-05
1.00689e-05
4.56585e-05
-3.46027e-05
-3.93738e-06
-0.000123269
-8.47283e-05
-0.000101246
-0.000366179
-2.48943e-05
-0.000197485
-0.000409792
-7.00488e-05
4.66744e-05
-0.000269518
-0.000163697
0.000576859
-0.000188455
-0.00016153
0.000303578
-2.39287e-05
-5.93483e-05
-1.03742e-05
-9.76527e-09
-4.28222e-05
-1.3105e-06
1.20632e-06
-9.90935e-06
-2.70979e-06
3.02984e-06
2.55437e-05
-1.46249e-05
5.44057e-06
5.70556e-05
-3.36546e-05
9.20762e-06
5.91636e-05
-4.51926e-05
8.15341e-06
-2.63787e-05
-5.64934e-05
-3.83121e-06
-0.000227781
-2.71949e-05
-8.65948e-05
-0.000329653
-1.73949e-06
-6.17905e-05
-0.000240368
-0.000181476
0.00019991
-2.17925e-05
-6.10844e-05
-8.05392e-06
-2.11482e-07
-4.39708e-05
4.83911e-08
1.33169e-06
-1.01387e-05
-3.53099e-06
3.43724e-06
2.59184e-05
-1.95311e-05
6.63436e-06
5.62182e-05
-4.49439e-05
9.34127e-06
4.17496e-05
-6.7609e-05
8.66717e-06
-6.48234e-05
-1.62676e-05
-1.89421e-05
-0.000145175
0.000103254
-0.000105074
-0.000174166
-8.40718e-05
-0.000122981
-1.904e-05
-6.1762e-05
-5.20865e-06
-7.961e-07
-4.35019e-05
1.32995e-06
1.15944e-06
-8.22282e-06
-5.4992e-06
4.08706e-06
2.97323e-05
-2.84755e-05
8.55611e-06
5.82158e-05
-6.44108e-05
9.18852e-06
4.13624e-05
-7.15355e-05
3.04456e-06
-7.89176e-05
0.000172437
-8.38413e-05
-8.36534e-05
0.00015881
-0.000234464
-1.49969e-05
-6.12787e-05
-1.93939e-06
-1.31402e-06
-4.15504e-05
2.03747e-06
1.50108e-06
-4.53856e-06
-1.06942e-05
4.579e-06
3.75098e-05
-3.96526e-05
8.16743e-06
6.18645e-05
-8.78243e-05
-6.94424e-06
4.61154e-05
4.02612e-05
-7.45392e-05
-7.56222e-05
0.000397388
-0.00017486
-0.000117071
-9.72648e-06
-6.01858e-05
1.53455e-06
-6.29159e-07
-3.87562e-05
1.60929e-06
3.46971e-06
-1.64822e-06
-1.87492e-05
7.20824e-06
4.04753e-05
-4.72373e-05
-1.3034e-06
5.00368e-05
-5.0317e-05
-1.05684e-05
-1.36781e-05
0.000181867
-6.11139e-05
-2.33244e-05
0.000186588
-8.37966e-07
-4.06469e-06
-5.79328e-05
4.47217e-06
9.9981e-07
-3.56193e-05
-5.80365e-07
7.08396e-06
-2.44022e-07
-2.36492e-05
1.03231e-05
3.15162e-05
-5.66844e-05
-3.40066e-07
3.90084e-05
-2.92839e-06
-1.87799e-05
-3.15041e-05
0.000183204
1.6444e-05
8.75761e-07
-5.4497e-05
6.12974e-06
4.08169e-06
-3.28539e-05
-3.76728e-06
1.26677e-05
-1.28924e-06
-2.95955e-05
1.35489e-05
2.30043e-05
-7.07984e-05
-1.11822e-06
2.15026e-05
9.20123e-06
-2.23864e-05
3.49477e-06
-4.90119e-05
5.94064e-06
7.90889e-06
-2.97954e-05
-8.81573e-06
1.97807e-05
-7.15528e-06
-3.93107e-05
2.13772e-05
9.15485e-06
-8.98547e-05
1.79509e-05
0.000933762
3.8555e-06
-4.06322e-05
2.25486e-06
1.08595e-05
-2.51526e-05
-1.55995e-05
2.65394e-05
-1.59053e-05
-5.07359e-05
4.59155e-05
2.48204e-06
-2.83582e-05
-4.51698e-06
1.14351e-05
-1.65408e-05
-1.92315e-05
2.99704e-05
3.47794e-06
-1.34163e-05
-8.8114e-06
8.21074e-06
8.89978e-06
-3.28431e-05
1.48568e-05
-1.07847e-06
2.27262e-05
4.45377e-05
2.12783e-05
8.34967e-05
1.80688e-05
0.000115503
1.92175e-05
0.000129953
3.10404e-05
0.000114057
4.99163e-05
1.00723e-05
3.41552e-05
-0.000137566
2.90155e-06
-2.45763e-05
8.2755e-05
2.91801e-05
0.000176656
4.17146e-05
0.000256479
5.27057e-05
0.000312171
7.38674e-05
0.000368958
9.53979e-05
0.000458464
0.000126052
0.000615796
0.000125919
0.00078751
6.96938e-05
0.00092459
-1.52104e-05
-3.92738e-05
-8.90009e-06
1.1754e-05
-1.03409e-05
7.61755e-07
1.42521e-05
3.77e-05
3.94569e-06
1.27596e-05
8.31803e-05
1.68148e-06
1.14825e-05
0.000124026
-8.26138e-06
1.40712e-05
0.000148534
-1.84215e-05
2.06846e-05
0.00014341
-2.57119e-05
3.66531e-05
1.38739e-05
-2.77277e-05
5.46725e-06
-0.000227616
-6.92673e-05
2.81881e-05
-0.000170646
-8.44143e-05
6.05754e-05
-4.44464e-05
-9.58347e-05
7.5403e-05
-1.28918e-05
-8.46832e-05
8.71363e-05
-1.1852e-05
-7.42702e-05
0.000113844
-9.72853e-06
-6.2307e-05
0.000200464
2.7237e-05
-7.75415e-05
0.00044138
7.02112e-05
-9.79401e-05
0.000848589
6.2844e-05
-8.06413e-05
0.00115378
-2.70866e-05
-4.30513e-05
-1.23355e-05
5.3673e-06
-1.65952e-05
1.55643e-06
6.81443e-06
2.60541e-05
5.56726e-06
6.92916e-06
7.02614e-05
1.51431e-06
7.74128e-06
0.000112012
-1.27523e-05
1.14711e-05
0.000140123
-2.97363e-05
1.82999e-05
0.000140238
-4.62972e-05
2.74074e-05
1.2485e-05
-8.22135e-05
1.94977e-05
-0.000207114
-0.000117163
5.02141e-05
-0.000270175
-0.000129859
3.75258e-05
-0.000233459
-0.00014733
-3.84324e-05
-0.00014861
-0.000155632
-8.07056e-05
-9.58149e-05
-0.000125149
-2.50822e-05
-5.22322e-05
-0.000128444
0.000222971
1.10229e-05
-0.000159653
0.000656304
3.49863e-05
-0.000162241
0.00118122
-3.20128e-05
-4.50125e-05
-1.37867e-05
1.32223e-06
-2.19431e-05
1.17318e-06
2.58457e-06
1.69496e-05
4.74199e-06
4.04042e-06
5.92647e-05
-7.60285e-07
6.09505e-06
0.000100528
-1.78115e-05
1.06711e-05
0.000129479
-3.39383e-05
1.68621e-05
0.000125716
-7.63535e-05
2.32637e-05
2.42518e-05
-0.000114654
2.89257e-05
-0.000152727
-0.000124419
-5.95017e-06
-0.000277905
-0.000131822
-0.00014156
-0.000260681
-0.000173307
-0.000206871
-0.000168289
-0.000171197
-0.000146613
-0.00011031
-0.000160691
9.42168e-05
-4.94247e-05
-0.00019618
0.000526699
-2.34471e-06
-0.00022164
0.00107277
-3.22369e-05
-4.73571e-05
-1.41924e-05
-5.77917e-07
-2.70561e-05
-6.97369e-08
4.15374e-07
9.29421e-06
2.57565e-06
2.22182e-06
4.95451e-05
-4.59072e-06
4.49714e-06
8.97065e-05
-2.28964e-05
7.97143e-06
0.000118236
-4.20404e-05
1.15535e-05
0.000113695
-8.58802e-05
1.78181e-05
5.1222e-05
-9.20912e-05
6.07087e-06
-0.000148092
-9.72795e-05
-0.000150853
-0.000328327
-0.000116938
-0.00024883
-0.000290225
-0.000167906
-0.000212839
-0.000175223
-0.000187351
2.98954e-05
-0.000102103
-0.00021289
0.000438254
-4.31615e-05
-0.000252454
0.000919586
-3.00063e-05
-5.02273e-05
-1.36619e-05
-8.41185e-07
-3.17801e-05
-1.04755e-06
9.07942e-08
2.71883e-06
3.02374e-07
1.9705e-06
4.10367e-05
-7.75291e-06
4.21118e-06
7.89774e-05
-2.57046e-05
6.68375e-06
0.000105665
-4.58097e-05
1.07414e-05
0.000104351
-6.253e-05
1.50139e-05
4.0874e-05
-7.30203e-05
-5.5317e-05
-0.000255394
-7.99933e-05
-0.000223106
-0.000401229
-9.36322e-05
-0.000217033
-0.00031532
-0.000186877
2.57336e-05
-0.000183235
-0.000213995
0.000392531
-8.79782e-05
-0.000259929
0.000757065
-2.71914e-05
-5.34232e-05
-1.24143e-05
-4.49002e-07
-3.60387e-05
-1.56822e-06
5.80797e-07
-2.75025e-06
-1.45782e-06
2.40541e-06
3.39488e-05
-1.0282e-05
4.25955e-06
6.9425e-05
-2.70111e-05
6.98389e-06
9.30964e-05
-4.07039e-05
1.08027e-05
8.42825e-05
-4.85023e-05
-2.61987e-07
-3.67576e-05
-0.00010244
-0.000111328
-0.000358666
-4.76772e-05
-0.000196929
-0.000436553
-0.000113968
1.4276e-06
-0.000296816
-0.000180433
0.000326447
-0.000161272
-0.00022593
0.000489228
-2.44994e-05
-5.64553e-05
-1.06866e-05
2.53599e-07
-3.95199e-05
-1.2385e-06
1.69231e-06
-6.87867e-06
-2.28496e-06
3.51329e-06
2.86208e-05
-1.25656e-05
5.47714e-06
6.15817e-05
-2.7883e-05
8.41357e-06
7.46234e-05
-3.56615e-05
7.80121e-06
2.43385e-05
-7.46762e-05
-1.42288e-05
-0.000192165
-0.000103079
-0.000123986
-0.000363852
-2.83568e-05
-8.10791e-05
-0.000255477
-0.000117112
0.000404993
-0.000162034
-0.000135959
0.000251079
-2.23102e-05
-5.88839e-05
-8.65436e-06
7.20839e-07
-4.17877e-05
-2.71454e-07
2.51508e-06
-9.12802e-06
-2.91368e-06
4.5455e-06
2.57654e-05
-1.59176e-05
7.02702e-06
5.55632e-05
-3.37724e-05
1.01269e-05
4.59574e-05
-4.56097e-05
1.10897e-05
-6.33588e-05
-0.000109218
4.76071e-06
-0.000226248
-1.93933e-05
-6.33177e-05
-0.000205517
-0.000154464
2.99116e-05
-2.01634e-05
-6.02158e-05
-6.20463e-06
6.81978e-07
-4.23771e-05
8.98362e-07
2.72242e-06
-9.04677e-06
-4.22074e-06
4.93606e-06
2.62812e-05
-2.39854e-05
7.77708e-06
5.32328e-05
-5.1339e-05
9.20748e-06
2.8071e-05
-8.12021e-05
1.13565e-05
-8.5539e-05
1.29589e-05
-1.13389e-05
-7.94699e-05
3.50162e-06
-0.000141852
-1.73159e-05
-6.02814e-05
-3.30951e-06
2.08438e-07
-4.12326e-05
1.97653e-06
2.78969e-06
-6.91913e-06
-8.15367e-06
5.22261e-06
3.0469e-05
-3.50944e-05
9.31185e-06
5.34766e-05
-8.38806e-05
5.74174e-06
3.46517e-05
-5.50252e-05
7.19154e-07
-6.84151e-05
0.000253644
-8.61194e-05
-8.82737e-05
-1.32415e-05
-5.91188e-05
-4.23664e-08
-4.64149e-08
-3.84776e-05
1.84672e-06
3.39032e-06
-3.64117e-06
-1.65645e-05
6.34445e-06
3.70947e-05
-4.97795e-05
2.67096e-06
5.47353e-05
-9.67766e-05
-1.33598e-05
3.13678e-05
5.83594e-05
-8.04355e-05
-4.67671e-05
0.000150864
-8.13835e-05
-7.97445e-06
-5.69459e-05
3.294e-06
9.1102e-07
-3.50712e-05
5.35917e-07
6.67525e-06
-2.28549e-06
-2.56072e-05
9.40049e-06
3.16753e-05
-5.62477e-05
5.47733e-07
3.84281e-05
-5.4388e-05
-5.32673e-06
-1.80894e-05
0.000172374
-1.34572e-05
-2.70928e-06
-5.33898e-05
5.5888e-06
3.57727e-06
-3.1625e-05
-3.17502e-06
1.11556e-05
-1.72442e-06
-3.20405e-05
1.38346e-05
1.97305e-05
-7.46925e-05
3.75126e-06
2.0303e-05
-1.79263e-05
1.18655e-05
1.08618e-06
-4.80505e-05
6.72664e-06
7.05791e-06
-2.80858e-05
-1.01467e-05
1.80497e-05
-4.51357e-06
-4.61583e-05
1.8014e-05
1.0665e-05
-0.000102567
1.17633e-05
2.85306e-06
-4.01465e-05
4.89424e-06
1.09569e-05
-2.36681e-05
-1.74224e-05
2.71232e-05
-1.11292e-05
-6.54455e-05
4.17767e-05
1.91534e-06
-2.92525e-05
-6.25527e-07
1.37212e-05
-1.62839e-05
-2.25365e-05
3.32782e-05
8.44549e-07
-1.43316e-05
-6.25123e-06
1.08254e-05
3.66354e-06
-3.32341e-05
1.53072e-05
-2.61505e-06
2.34179e-05
4.31019e-05
2.19397e-05
8.35156e-05
1.85138e-05
0.000117831
1.9674e-05
0.000133007
3.09477e-05
0.000114556
5.20906e-05
-3.36314e-05
1.49704e-05
-0.0001774
3.49832e-05
-4.61055e-05
0.000114405
6.99789e-06
0.000174108
2.82339e-05
0.000241397
3.87828e-05
0.000302907
6.56362e-05
0.000394513
9.70317e-05
0.000555355
0.000108944
0.00075237
6.31124e-05
0.000913639
-1.52224e-05
-3.94279e-05
-8.95624e-06
1.21089e-05
-1.16409e-05
6.64486e-07
1.48144e-05
3.64762e-05
3.78325e-06
1.33107e-05
8.30758e-05
1.35046e-06
1.1867e-05
0.000126327
-9.35467e-06
1.40647e-05
0.000151687
-1.95616e-05
2.13608e-05
0.000148473
-2.37888e-05
3.13105e-05
-3.45413e-05
-4.38007e-05
1.02153e-05
-0.000248097
-7.78043e-05
8.54981e-05
-0.000234961
-7.80366e-05
9.7478e-05
-0.000118383
-9.83777e-05
7.58971e-05
-5.0634e-05
-9.4058e-05
6.66181e-05
-2.62219e-05
-7.39791e-05
0.000137779
1.76828e-06
-7.8892e-05
0.000366918
5.21363e-05
-9.22186e-05
0.00079726
5.40975e-05
-7.7293e-05
0.00113167
-2.68057e-05
-4.29331e-05
-1.22285e-05
5.77729e-06
-1.7171e-05
1.42412e-06
7.3155e-06
2.53622e-05
5.14213e-06
7.31861e-06
7.02266e-05
1.08083e-06
7.70485e-06
0.000113872
-1.48397e-05
1.14575e-05
0.000143924
-2.49458e-05
1.78298e-05
0.000140764
-6.37954e-05
1.92014e-05
1.50385e-07
-9.69974e-05
2.55896e-05
-0.000200178
-0.000119941
3.91224e-05
-0.000276276
-0.000126953
-5.7038e-05
-0.000219758
-0.000155065
-0.000127212
-0.000120388
-0.000148911
-7.46009e-05
-6.86142e-05
-0.000135006
0.000151694
-6.65528e-06
-0.000154317
0.000600314
2.51413e-05
-0.000154128
0.00114869
-3.13356e-05
-4.46298e-05
-1.33138e-05
1.71748e-06
-2.20032e-05
1.15885e-06
3.03217e-06
1.66783e-05
4.28439e-06
4.33399e-06
5.92624e-05
-1.7139e-06
6.13068e-06
0.000102131
-1.92916e-05
9.81494e-06
0.000132854
-3.38127e-05
1.4354e-05
0.000126332
-8.91904e-05
1.8058e-05
3.83654e-05
-0.000103895
1.47885e-05
-0.000161691
-0.000108051
-0.000126408
-0.000282311
-0.000137836
-0.000235754
-0.000210926
-0.00017427
-0.000190062
-0.000118512
-0.000176253
3.63424e-05
-6.35525e-05
-0.000191869
0.000469917
-1.36739e-05
-0.00020897
0.00102694
-3.11669e-05
-4.68121e-05
-1.33447e-05
-2.69488e-07
-2.67345e-05
2.31254e-07
8.53803e-07
9.33447e-06
2.00383e-06
2.58084e-06
4.97081e-05
-5.20293e-06
4.64325e-06
9.04279e-05
-2.36301e-05
7.06731e-06
0.000120585
-4.39421e-05
1.03266e-05
0.000119253
-7.11414e-05
1.44788e-05
5.1376e-05
-7.28355e-05
-5.77386e-05
-0.000241438
-8.85941e-05
-0.000234708
-0.000333885
-0.000126608
-0.000238689
-0.000231424
-0.000196705
-9.41865e-06
-0.000126106
-0.000208241
0.00038708
-5.66958e-05
-0.000240674
0.000857162
-2.86249e-05
-4.9675e-05
-1.24338e-05
-4.96318e-07
-3.12197e-05
-6.00435e-07
6.87392e-07
2.9858e-06
-1.12013e-07
2.67133e-06
4.11804e-05
-8.3607e-06
4.6498e-06
7.90351e-05
-2.542e-05
7.26685e-06
0.000107488
-4.19549e-05
1.05862e-05
0.00010997
-6.2123e-05
2.27205e-06
-3.14163e-06
-9.24209e-05
-0.000136825
-0.000351749
-6.27051e-05
-0.000217877
-0.000385396
-0.000151726
-9.20723e-06
-0.000242642
-0.000202346
0.00034118
-0.000109984
-0.00023955
0.000682701
-2.55654e-05
-5.2848e-05
-1.09812e-05
1.33548e-08
-3.52252e-05
-8.6461e-07
1.5197e-06
-2.28807e-06
-1.69674e-06
3.43615e-06
3.41323e-05
-1.10412e-05
5.34268e-06
6.94854e-05
-2.53342e-05
8.17186e-06
9.31182e-05
-3.72548e-05
8.40439e-06
7.71599e-05
-8.83221e-05
-2.11302e-05
-0.000113371
-0.000117444
-0.000147473
-0.000393816
-6.03165e-05
-7.45225e-05
-0.000328683
-0.000136263
0.000229193
-0.000180424
-0.0002064
0.000398392
-2.283e-05
-5.57249e-05
-9.06602e-06
9.40353e-07
-3.84069e-05
-4.02878e-07
2.92541e-06
-6.21153e-06
-2.55399e-06
4.99071e-06
2.86928e-05
-1.35255e-05
6.80249e-06
6.07417e-05
-2.68086e-05
9.95485e-06
6.54463e-05
-3.53568e-05
8.30137e-06
-8.49346e-06
-0.000153859
-2.03421e-05
-0.000251232
-0.000106197
-0.000117671
-0.000240516
-8.5174e-05
0.000212202
-0.000132001
-0.000100748
0.00018979
-2.06517e-05
-5.77186e-05
-6.93261e-06
1.55139e-06
-4.01481e-05
5.01279e-07
3.94668e-06
-8.18637e-06
-3.47256e-06
6.07541e-06
2.59117e-05
-1.94648e-05
8.2451e-06
5.2864e-05
-3.65532e-05
1.02195e-05
3.19778e-05
-6.41977e-05
1.74844e-05
-9.31534e-05
-0.000121686
1.06178e-05
-0.000165601
-0.000126948
-4.51919e-05
-1.85342e-05
-5.83588e-05
-4.48935e-06
1.56593e-06
-4.00931e-05
1.50838e-06
4.17309e-06
-7.87041e-06
-6.51449e-06
5.89999e-06
2.64621e-05
-2.9916e-05
8.20671e-06
4.89954e-05
-6.65209e-05
6.70321e-06
1.52929e-05
-8.81779e-05
1.90231e-05
-8.28386e-05
3.10126e-05
-4.03817e-07
1.7069e-06
-1.57399e-05
-5.76169e-05
-1.61136e-06
1.21124e-06
-3.8137e-05
1.8159e-06
4.30347e-06
-6.02325e-06
-1.30462e-05
6.47153e-06
2.97367e-05
-4.59337e-05
7.47625e-06
4.78399e-05
-0.000100908
3.83684e-06
3.55985e-05
-4.28515e-05
-1.73744e-06
-5.19028e-05
9.6005e-05
-3.34312e-05
-1.16515e-05
-5.55293e-05
1.5121e-06
1.2615e-06
-3.46183e-05
9.79209e-07
5.90014e-06
-3.69304e-06
-2.52368e-05
7.42802e-06
3.19159e-05
-5.94933e-05
-2.27688e-06
4.68505e-05
-0.000112425
-1.40633e-05
2.2997e-05
9.66538e-05
-5.25605e-05
-6.62453e-06
-5.21611e-05
4.50167e-06
3.36509e-06
-3.07264e-05
-1.74155e-06
9.89774e-06
-4.27076e-06
-3.3238e-05
1.44041e-05
1.89618e-05
-7.21229e-05
7.8841e-06
2.25916e-05
-8.98527e-05
4.03091e-05
-2.17809e-06
-4.65911e-05
6.53645e-06
6.29746e-06
-2.66314e-05
-9.83812e-06
1.61773e-05
-4.4297e-06
-4.72933e-05
1.78249e-05
6.73663e-06
-9.79477e-05
2.74982e-05
9.35671e-07
-3.91201e-05
6.21391e-06
1.004e-05
-2.14523e-05
-2.01335e-05
2.43389e-05
-8.17921e-06
-7.56641e-05
3.26058e-05
1.42527e-06
-2.87466e-05
3.45812e-06
1.42731e-05
-1.49612e-05
-2.53318e-05
3.34021e-05
2.20684e-08
-1.47549e-05
-2.70666e-06
1.34024e-05
1.20777e-07
-3.31877e-05
1.56311e-05
-3.84125e-06
2.39005e-05
4.17466e-05
2.24333e-05
8.33223e-05
1.88437e-05
0.000119952
1.92752e-05
0.000135268
3.12809e-05
0.000115746
3.94583e-05
-8.19663e-05
1.87325e-05
-0.000204987
0.000104372
-0.00011391
0.000140865
-3.78184e-05
0.000164292
6.9442e-06
0.000213266
3.43511e-05
0.000318892
6.72673e-05
0.000483091
9.03952e-05
0.000712278
5.68124e-05
0.000899454
-1.51063e-05
-3.90633e-05
-8.97185e-06
1.22996e-05
-1.24476e-05
4.94272e-07
1.51824e-05
3.54726e-05
3.47342e-06
1.37391e-05
8.28116e-05
1.18138e-06
1.18975e-05
0.000128326
-1.06359e-05
1.39714e-05
0.000154803
-1.35557e-05
2.1686e-05
0.000146653
-3.28655e-05
1.63806e-05
-7.17189e-05
-5.55901e-05
4.71675e-05
-0.000251203
-7.84319e-05
9.84561e-05
-0.000277482
-7.36737e-05
6.55561e-05
-0.000161371
-9.70321e-05
1.93722e-05
-6.14559e-05
-8.94662e-05
7.09282e-05
-1.8837e-05
-8.08109e-05
0.00028026
3.42185e-05
-8.882e-05
0.000737805
4.60852e-05
-7.36803e-05
0.00110532
-2.62694e-05
-4.2265e-05
-1.20226e-05
6.07983e-06
-1.72821e-05
1.17018e-06
7.70567e-06
2.49088e-05
4.59978e-06
7.54506e-06
7.00145e-05
3.62403e-07
7.67468e-06
0.000115515
-1.54748e-05
1.02942e-05
0.000147575
-2.48309e-05
1.46405e-05
0.00013628
-7.85959e-05
1.30735e-05
2.00341e-06
-0.000102324
2.79309e-05
-0.00019058
-0.00010819
-8.12673e-05
-0.000251926
-0.000131902
-0.000193368
-0.000159566
-0.000152959
-0.000139673
-7.66732e-05
-0.000148148
7.61807e-05
-2.12243e-05
-0.00015033
0.000537675
1.44353e-05
-0.000147219
0.00111207
-3.03171e-05
-4.38014e-05
-1.27565e-05
2.04653e-06
-2.1655e-05
1.16833e-06
3.41962e-06
1.66048e-05
3.52975e-06
4.59192e-06
5.92221e-05
-2.20219e-06
6.13892e-06
0.000102747
-2.02454e-05
8.44066e-06
0.000135319
-4.09514e-05
1.23176e-05
0.000129015
-7.09046e-05
1.37383e-05
3.9126e-05
-7.36177e-05
-5.81078e-05
-0.000229244
-9.18998e-05
-0.000241669
-0.000273115
-0.000144645
-0.000237989
-0.000144988
-0.00018872
-1.39825e-05
-7.62014e-05
-0.000191009
0.000415429
-2.63088e-05
-0.000199743
0.000972327
-2.98031e-05
-4.59417e-05
-1.23709e-05
6.35808e-08
-2.60539e-05
3.62259e-07
1.34183e-06
9.56227e-06
1.35152e-06
3.10412e-06
4.97334e-05
-6.06051e-06
4.89647e-06
9.02439e-05
-2.40122e-05
7.33201e-06
0.000122111
-4.36148e-05
9.39218e-06
0.000125939
-7.13661e-05
1.22407e-06
1.61016e-06
-7.94191e-05
-0.000162232
-0.000326956
-7.32104e-05
-0.000245968
-0.000316128
-0.000176849
-4.41942e-05
-0.000171548
-0.000205351
0.000339555
-7.55899e-05
-0.000223402
0.000784311
-2.69522e-05
-4.88246e-05
-1.12059e-05
-6.67374e-08
-3.02883e-05
-1.43901e-07
1.50539e-06
3.38254e-06
-6.70851e-07
3.5304e-06
4.12237e-05
-9.26481e-06
5.60004e-06
7.8871e-05
-2.40763e-05
8.21167e-06
0.000108545
-4.15975e-05
9.04342e-06
0.00010749
-8.98258e-05
-3.04416e-05
-0.000108082
-9.67196e-05
-0.000192896
-0.000397503
-8.04371e-05
-6.67338e-05
-0.000307777
-0.000169566
0.000275091
-0.000143264
-0.000223677
0.000589986
-2.3848e-05
-5.18584e-05
-9.49829e-06
6.7e-07
-3.39925e-05
-3.2643e-07
2.63659e-06
-1.61552e-06
-2.18388e-06
4.76935e-06
3.42827e-05
-1.21114e-05
6.48179e-06
6.97042e-05
-2.5424e-05
1.00895e-05
8.99907e-05
-4.00363e-05
7.45583e-06
5.32092e-05
-0.000164926
-4.67088e-05
-0.000203125
-0.00011478
-0.000132008
-0.000327808
-9.54509e-05
0.000102894
-0.000192124
-0.00016799
0.000285204
-2.11086e-05
-5.43708e-05
-7.49909e-06
1.76816e-06
-3.67345e-05
2.15531e-07
4.37342e-06
-5.36175e-06
-3.18421e-06
6.39947e-06
2.87513e-05
-1.60225e-05
8.37306e-06
5.88216e-05
-2.79349e-05
1.00917e-05
5.49783e-05
-5.65644e-05
1.68066e-05
-5.33215e-05
-0.000194803
-3.01446e-05
-0.000265704
-0.000107115
6.34846e-05
-0.000111686
-7.28515e-05
0.000130635
-1.90722e-05
-5.56731e-05
-5.34642e-06
2.48276e-06
-3.78797e-05
1.00568e-06
5.43298e-06
-7.09603e-06
-5.58872e-06
7.19894e-06
2.59745e-05
-2.43778e-05
8.65503e-06
4.88297e-05
-4.83585e-05
8.9736e-06
2.22595e-05
-8.79741e-05
2.21336e-05
-0.000104937
-0.000195695
2.15305e-05
-5.67813e-06
-1.71343e-05
-5.54417e-05
-2.9863e-06
2.47607e-06
-3.70735e-05
1.24535e-06
5.54274e-06
-6.99693e-06
-1.07345e-05
6.66716e-06
2.56344e-05
-4.09664e-05
7.07405e-06
4.35978e-05
-7.82301e-05
4.18319e-06
7.37488e-06
-9.60641e-05
2.32958e-05
-5.33983e-05
4.1232e-05
5.64605e-05
-1.44221e-05
-5.3677e-05
-3.04835e-07
2.2548e-06
-3.43231e-05
1.07819e-06
6.32495e-06
-6.02852e-06
-2.11504e-05
7.4851e-06
2.55893e-05
-5.6925e-05
5.44132e-06
4.3615e-05
-0.000114904
3.38893e-06
3.28745e-05
2.21163e-05
-1.09382e-05
-1.04834e-05
-5.04503e-05
2.61415e-06
3.16067e-06
-3.00429e-05
-1.22969e-06
8.35692e-06
-5.18593e-06
-3.42018e-05
1.02012e-05
2.03513e-05
-7.48469e-05
1.4795e-06
3.39844e-05
-0.000128459
8.98892e-06
-5.82108e-06
-4.51951e-05
5.49115e-06
5.84978e-06
-2.56868e-05
-6.60036e-06
1.4708e-05
-7.86652e-06
-4.61595e-05
1.95403e-05
6.11555e-06
-8.1313e-05
4.62056e-05
-1.9327e-06
-3.74689e-05
6.45005e-06
9.09594e-06
-1.98416e-05
-1.96819e-05
2.08952e-05
-8.0038e-06
-7.1543e-05
3.00664e-05
-2.54787e-08
-2.76752e-05
5.61527e-06
1.33749e-05
-1.27037e-05
-2.91315e-05
2.81855e-05
-1.1578e-07
-1.43828e-05
1.15867e-06
1.45274e-05
-1.27309e-06
-3.27021e-05
1.57217e-05
-4.69157e-06
2.40552e-05
4.05596e-05
2.26723e-05
8.29097e-05
1.86673e-05
0.000121682
1.87452e-05
0.000137134
3.00251e-05
0.000111583
2.48845e-05
-0.000121067
7.18486e-05
-0.000228083
0.000135923
-0.000187436
0.000134738
-8.1969e-05
0.000129065
-5.90459e-06
0.000223802
3.99617e-05
0.000397158
7.23798e-05
0.000663847
4.99999e-05
0.000882582
-1.48388e-05
-3.82397e-05
-8.88481e-06
1.22546e-05
-1.27227e-05
2.50086e-07
1.53225e-05
3.47473e-05
3.10686e-06
1.38767e-05
8.22649e-05
8.71658e-07
1.19155e-05
0.000129807
-1.02043e-05
1.24027e-05
0.000158749
-1.33597e-05
1.96673e-05
0.000131833
-4.59581e-05
2.26598e-05
-7.99052e-05
-6.68321e-05
6.23397e-05
-0.000250603
-6.86507e-05
-2.29338e-06
-0.000249208
-7.25115e-05
-7.57882e-05
-0.000125665
-9.29648e-05
-1.01924e-05
-4.03875e-05
-8.78659e-05
0.000182082
1.90433e-05
-8.45763e-05
0.000668247
3.80136e-05
-7.06451e-05
0.00107483
-2.54231e-05
-4.11227e-05
-1.17024e-05
6.23161e-06
-1.69181e-05
9.5417e-07
7.91029e-06
2.47029e-05
3.76975e-06
7.65317e-06
6.97408e-05
7.5185e-08
7.55071e-06
0.000115921
-1.64962e-05
8.33722e-06
0.000150065
-3.79077e-05
1.17861e-05
0.000134455
-5.86334e-05
1.01053e-05
7.50883e-06
-7.87795e-05
-5.31934e-05
-0.000213506
-9.66433e-05
-0.00022694
-0.00021362
-0.000133842
-0.000223605
-8.64669e-05
-0.000156768
-1.70886e-06
-3.07696e-05
-0.000150022
0.000471052
4.39966e-06
-0.000141414
0.00106817
-2.90058e-05
-4.25921e-05
-1.20412e-05
2.30512e-06
-2.09199e-05
1.01547e-06
3.75921e-06
1.67341e-05
2.68759e-06
4.89471e-06
5.90789e-05
-3.20001e-06
6.2624e-06
0.00010201
-2.12532e-05
8.64639e-06
0.00013617
-4.16858e-05
8.7355e-06
0.000132025
-6.34279e-05
2.0139e-07
-2.71745e-05
-7.09322e-05
-0.000186399
-0.000293036
-8.26803e-05
-0.000272164
-0.000229496
-0.000183203
-5.42629e-05
-9.83798e-05
-0.000191727
0.000365495
-3.99053e-05
-0.000188608
0.000911216
-2.81138e-05
-4.4755e-05
-1.13931e-05
4.17113e-07
-2.49892e-05
5.57391e-07
1.98061e-06
9.93631e-06
4.39771e-07
3.73652e-06
4.97334e-05
-7.27272e-06
5.70103e-06
8.98299e-05
-2.34221e-05
8.16624e-06
0.000122625
-4.40545e-05
8.53979e-06
0.000121028
-7.45133e-05
-4.55159e-05
-0.00013047
-7.30956e-05
-0.000234442
-0.000362129
-0.000102251
-8.81777e-05
-0.000250352
-0.000187526
0.000291645
-0.000105693
-0.000214347
0.000699384
-2.51795e-05
-4.75999e-05
-9.90494e-06
5.33451e-07
-2.89576e-05
8.06781e-08
2.45463e-06
4.00218e-06
-1.40286e-06
4.70239e-06
4.12897e-05
-1.06599e-05
6.52346e-06
7.90535e-05
-2.56111e-05
1.04752e-05
0.000107244
-4.89328e-05
9.09719e-06
7.68048e-05
-0.000160955
-8.25015e-05
-0.000222498
-7.69987e-05
-0.000157417
-0.000344641
-0.000127798
0.000179813
-0.000180168
-0.000194159
0.000472883
-2.20321e-05
-5.03069e-05
-8.13083e-06
1.44033e-06
-3.22144e-05
6.08385e-08
3.96449e-06
-7.0749e-07
-3.00761e-06
5.96526e-06
3.45685e-05
-1.40296e-05
7.93475e-06
6.98089e-05
-2.78421e-05
1.07409e-05
8.65576e-05
-7.18934e-05
1.18757e-05
9.91017e-06
-0.000206417
-7.41007e-05
-0.000249449
-0.000114643
-3.21677e-05
-0.000185265
-0.000132787
0.000153007
-1.94869e-05
-5.22313e-05
-6.03845e-06
2.75813e-06
-3.44791e-05
5.17947e-07
5.80106e-06
-4.32964e-06
-4.98547e-06
7.73806e-06
2.8726e-05
-1.99223e-05
9.12483e-06
5.52738e-05
-3.65372e-05
1.20762e-05
4.78312e-05
-9.64704e-05
1.71609e-05
-9.21903e-05
-0.000214754
-7.81862e-08
-0.00018315
-8.09769e-05
9.99207e-05
-1.7703e-05
-5.26653e-05
-3.99888e-06
3.47676e-06
-3.49636e-05
6.37081e-07
6.84847e-06
-6.192e-06
-9.3556e-06
7.95827e-06
2.52353e-05
-3.47918e-05
7.78638e-06
4.37821e-05
-5.49226e-05
7.22244e-06
1.37973e-05
-0.000125184
1.71895e-05
-7.1545e-05
-2.383e-05
5.93662e-05
-1.60423e-05
-5.13882e-05
-1.90226e-06
3.48086e-06
-3.34663e-05
4.14475e-07
7.25503e-06
-6.97425e-06
-1.80407e-05
7.42987e-06
2.2115e-05
-5.23226e-05
5.88452e-06
3.72357e-05
-8.43459e-05
5.93234e-07
-5.84583e-07
-1.51489e-05
4.02867e-05
-1.35354e-05
-4.84119e-05
6.22444e-07
3.79142e-06
-2.98493e-05
-9.18469e-07
8.50971e-06
-7.41625e-06
-3.0095e-05
1.02041e-05
1.66707e-05
-7.14848e-05
1.03611e-05
3.32344e-05
-0.000106162
-4.26129e-07
-9.69593e-06
-4.34563e-05
3.36265e-06
5.25783e-06
-2.48672e-05
-4.70133e-06
1.19038e-05
-8.83853e-06
-4.67953e-05
1.5179e-05
7.23922e-06
-7.58862e-05
3.74949e-05
-5.35895e-06
-3.59619e-05
5.80854e-06
8.71407e-06
-1.91061e-05
-1.43599e-05
1.83484e-05
-1.20504e-05
-5.7967e-05
3.86939e-05
-2.50556e-06
-2.59369e-05
6.34647e-06
1.15415e-05
-1.12757e-05
-2.94025e-05
2.22912e-05
-8.4904e-07
-1.36125e-05
3.06919e-06
1.35254e-05
-1.17114e-06
-3.18588e-05
1.55441e-05
-5.12245e-06
2.38415e-05
3.95816e-05
2.25336e-05
8.20934e-05
1.8542e-05
0.000122697
1.6946e-05
0.000139948
2.95238e-05
9.35368e-05
4.19231e-05
-0.000137145
9.21095e-05
-0.000251128
7.55178e-05
-0.000196907
5.40573e-05
-7.95215e-05
0.000120215
4.69692e-06
0.000295631
5.36129e-05
0.000607936
4.37072e-05
0.000861933
-1.44087e-05
-3.70449e-05
-8.67027e-06
1.19716e-05
-1.24686e-05
5.43234e-08
1.51836e-05
3.42789e-05
2.57682e-06
1.37855e-05
8.15284e-05
9.47945e-07
1.18473e-05
0.000129427
-1.02948e-05
1.06116e-05
0.000161539
-2.53701e-05
1.62361e-05
0.000125645
-3.61298e-05
1.94636e-05
-5.95692e-05
-5.74653e-05
-3.54197e-05
-0.000238813
-5.93613e-05
-0.000186132
-0.00017617
-7.80229e-05
-0.000140608
-5.11245e-05
-9.14462e-05
7.07753e-05
5.57177e-06
-8.2653e-05
0.000589013
3.08995e-05
-6.72044e-05
0.00103862
-2.43154e-05
-3.96249e-05
-1.12014e-05
6.22166e-06
-1.61249e-05
6.30336e-07
7.95007e-06
2.47371e-05
2.89198e-06
7.64647e-06
6.93874e-05
-1.22143e-06
7.49356e-06
0.00011473
-1.75603e-05
8.7173e-06
0.00014938
-3.58496e-05
5.12787e-06
0.000133528
-4.27074e-05
-5.82686e-06
-6.06192e-05
-6.50899e-05
-0.000205691
-0.000240608
-9.17033e-05
-0.000283702
-0.000144509
-0.00015884
-7.66265e-05
-3.59505e-05
-0.000149533
0.000404657
-6.58215e-06
-0.000135548
0.0010195
-2.73548e-05
-4.10861e-05
-1.12836e-05
2.47556e-06
-1.97954e-05
1.00377e-06
4.11842e-06
1.70145e-05
1.57654e-06
5.25413e-06
5.89008e-05
-4.84176e-06
6.98715e-06
0.000101186
-2.1016e-05
9.22161e-06
0.000133222
-3.98046e-05
9.97518e-06
0.000117952
-4.58445e-05
-6.90216e-05
-0.000173271
-5.47768e-05
-0.000270068
-0.0003135
-0.000118505
-0.000104282
-0.000163244
-0.000187742
0.000329148
-6.1833e-05
-0.000183609
0.000840565
-2.62917e-05
-4.32648e-05
-1.03107e-05
8.9015e-07
-2.35404e-05
4.71086e-07
2.66304e-06
1.05713e-05
-5.08192e-07
4.66553e-06
4.98254e-05
-9.21256e-06
6.40385e-06
9.00935e-05
-2.6489e-05
1.08027e-05
0.000121186
-5.80513e-05
9.20776e-06
7.53774e-05
-0.000134167
-0.00012841
-0.000263311
-3.86559e-05
-0.00017349
-0.000315174
-0.000156174
0.000218112
-0.000148458
-0.00019204
0.000591564
-2.3238e-05
-4.59011e-05
-8.74626e-06
1.20141e-06
-2.71374e-05
2.59839e-07
3.59084e-06
4.86516e-06
-2.40967e-06
5.65955e-06
4.15044e-05
-1.20785e-05
7.80242e-06
7.97216e-05
-3.18309e-05
1.20129e-05
0.000108266
-9.66468e-05
7.49845e-06
1.14929e-05
-0.000173983
-0.000141676
-0.000270742
-8.01728e-05
1.39202e-05
-0.000213244
-0.000163675
0.000323593
-2.03218e-05
-4.8074e-05
-6.8131e-06
2.39474e-06
-2.99205e-05
8.15969e-08
5.21157e-06
4.30257e-07
-4.55867e-06
7.09726e-06
3.49242e-05
-1.75076e-05
8.81453e-06
6.92646e-05
-3.62634e-05
1.29251e-05
8.51851e-05
-0.000130353
-2.01486e-06
-2.84107e-05
-0.000259502
-8.48961e-05
-0.000151933
-0.000126549
1.32999e-05
-1.79816e-05
-4.9238e-05
-4.84784e-06
3.77553e-06
-3.16568e-05
1.39402e-07
7.25981e-06
-3.40803e-06
-8.25308e-06
8.40956e-06
2.82818e-05
-2.73287e-05
9.98708e-06
4.98428e-05
-3.94403e-05
9.79566e-06
3.96674e-05
-0.000152373
1.17786e-05
-7.69942e-05
-0.000129805
2.27032e-05
-1.66315e-05
-4.86428e-05
-3.06147e-06
4.56229e-06
-3.15707e-05
-3.3816e-07
8.48578e-06
-6.02094e-06
-1.61999e-05
8.66734e-06
2.24578e-05
-4.4816e-05
6.48323e-06
3.69565e-05
-6.072e-05
3.78003e-06
3.50923e-06
-6.04754e-05
3.30988e-05
-1.53435e-05
-4.61415e-05
-1.15748e-06
4.83467e-06
-2.93177e-05
-1.5939e-06
9.34233e-06
-8.2636e-06
-2.63149e-05
9.79098e-06
1.43765e-05
-6.79595e-05
1.1273e-05
2.29748e-05
-6.79021e-05
1.33021e-06
-1.29879e-05
-4.137e-05
1.1728e-06
5.52158e-06
-2.4723e-05
-3.47697e-06
1.17876e-05
-1.02746e-05
-4.17706e-05
1.57843e-05
6.17575e-06
-7.65519e-05
3.34239e-05
-9.26317e-06
-3.43361e-05
3.70906e-06
7.78239e-06
-1.86989e-05
-1.05777e-05
1.47295e-05
-1.22211e-05
-5.08913e-05
3.76178e-05
-5.41115e-06
-2.43853e-05
6.23218e-06
1.02551e-05
-1.09545e-05
-2.28568e-05
2.00528e-05
-2.76638e-06
-1.25208e-05
3.18647e-06
1.08549e-05
-1.29877e-06
-3.0763e-05
1.51122e-05
-5.11975e-06
2.33039e-05
3.8808e-05
2.2203e-05
8.09534e-05
1.85363e-05
0.000121998
1.76761e-05
0.000141463
2.62597e-05
8.3762e-05
3.98744e-05
-0.000121071
-1.11214e-06
-0.00023199
-6.80483e-05
-0.00013421
-4.21518e-06
-3.322e-05
0.000171265
3.7604e-05
0.000542383
3.65062e-05
0.000838431
-1.38371e-05
-3.55966e-05
-8.32651e-06
1.15314e-05
-1.17546e-05
-1.99744e-07
1.47995e-05
3.40353e-05
2.0367e-06
1.33626e-05
8.08114e-05
-5.82855e-07
1.20084e-05
0.000127333
-1.11033e-05
1.16789e-05
0.000159579
-2.22488e-05
3.65288e-06
0.000127781
-2.12977e-05
-1.01027e-05
-0.000106337
-4.31857e-05
-0.000226575
-0.0002203
-5.17671e-05
-0.000278164
-7.85625e-05
-9.12126e-05
-5.31892e-05
5.14916e-06
-7.89394e-05
0.000499549
2.44307e-05
-6.39267e-05
0.000997895
-2.29224e-05
-3.78788e-05
-1.06269e-05
6.04567e-06
-1.49318e-05
5.19054e-07
7.90044e-06
2.49153e-05
1.68771e-06
7.63935e-06
6.90796e-05
-3.02976e-06
8.03695e-06
0.000113546
-1.74178e-05
9.25769e-06
0.000141598
-3.11487e-05
8.34175e-06
0.000110654
-2.02555e-05
-0.000103649
-0.000188288
-4.06116e-05
-0.000298861
-0.000239649
-0.00012038
-0.000145007
-7.4269e-05
-0.000148945
0.000352084
-2.2191e-05
-0.00013166
0.000960966
-2.55773e-05
-3.9365e-05
-1.04067e-05
2.67265e-06
-1.83028e-05
7.3168e-07
4.43445e-06
1.7525e-05
5.37739e-07
5.8657e-06
5.89285e-05
-6.87459e-06
7.5124e-06
0.000100508
-2.62478e-05
1.24852e-05
0.00013042
-5.82577e-05
7.53439e-06
4.15558e-05
-7.93483e-05
-0.00018958
-0.000308655
-1.27996e-05
-0.00017663
-0.000267055
-0.000171955
0.000280199
-9.85312e-05
-0.000170876
0.000757559
-2.42656e-05
-4.13866e-05
-9.39214e-06
1.37574e-06
-2.16549e-05
4.96725e-07
3.46507e-06
1.14868e-05
-1.7714e-06
5.29559e-06
5.02469e-05
-1.03801e-05
7.42323e-06
9.17245e-05
-3.88099e-05
1.3922e-05
0.000123404
-0.000112173
-1.11791e-05
-2.64702e-05
-0.000111528
-0.000208325
-0.00029099
-6.45889e-05
8.0528e-05
-0.000193193
-0.000175061
0.000454482
-2.14362e-05
-4.36261e-05
-7.59323e-06
2.06116e-06
-2.48764e-05
4.15154e-08
4.62621e-06
5.88854e-06
-3.6022e-06
6.45894e-06
4.18398e-05
-1.63619e-05
9.01154e-06
8.15255e-05
-4.00469e-05
1.41641e-05
0.000105341
-0.00016702
-3.83596e-05
-5.53827e-05
-0.000211156
-0.000124626
-0.000180667
-0.000128457
0.000112242
-1.86369e-05
-4.50665e-05
-5.82435e-06
3.34721e-06
-2.71305e-05
-3.00101e-07
6.42812e-06
1.48628e-06
-7.21026e-06
7.46555e-06
3.51755e-05
-2.21773e-05
1.01892e-05
6.67968e-05
-3.72353e-05
7.1771e-06
7.37528e-05
-0.000210526
-2.87736e-05
-2.6704e-05
-0.000190249
-7.82701e-05
-1.67841e-05
-4.53531e-05
-3.98465e-06
4.91422e-06
-2.84402e-05
-9.98989e-07
8.72266e-06
-3.11445e-06
-1.38547e-05
9.4649e-06
2.64032e-05
-3.27388e-05
8.29607e-06
3.92126e-05
-4.91717e-05
1.26605e-05
2.72048e-05
-0.000130333
1.54783e-05
-1.58696e-05
-4.35975e-05
-2.42764e-06
5.9259e-06
-2.77929e-05
-2.56142e-06
1.05563e-05
-6.99615e-06
-2.37144e-05
1.09289e-05
1.53571e-05
-5.96042e-05
9.6492e-06
2.26749e-05
-4.34001e-05
1.20331e-05
-1.50133e-05
-3.93233e-05
-6.71726e-07
6.43912e-06
-2.46218e-05
-3.80967e-06
1.25853e-05
-1.07772e-05
-3.70902e-05
1.57795e-05
5.13875e-06
-7.93888e-05
2.70969e-05
-1.27881e-05
-3.23652e-05
1.56538e-06
7.64033e-06
-1.84841e-05
-7.55607e-06
1.42394e-05
-1.17999e-05
-4.58812e-05
3.45562e-05
-9.00872e-06
-2.2998e-05
4.25392e-06
8.89505e-06
-1.09396e-05
-1.58486e-05
1.8351e-05
-5.32042e-06
-1.1617e-05
3.17569e-06
9.06675e-06
-3.0011e-06
-2.9527e-05
1.45445e-05
-4.74181e-06
2.25495e-05
3.82061e-05
2.15095e-05
7.99627e-05
1.90244e-05
0.000120013
1.83655e-05
0.00013821
1.16875e-05
8.96404e-05
5.93481e-06
-0.000149418
-0.000160055
-0.000183183
-0.000164994
-2.52109e-05
3.21976e-05
1.46028e-05
0.000470078
3.09623e-05
0.000811007
-1.30989e-05
-3.3933e-05
-7.90579e-06
1.09404e-05
-1.06782e-05
-2.97188e-07
1.42341e-05
3.39227e-05
1.15085e-06
1.30244e-05
8.02782e-05
-1.99506e-06
1.2149e-05
0.000125776
-1.08765e-05
1.19218e-05
0.000144716
-1.7665e-05
7.43919e-06
9.6708e-05
-8.43157e-06
-0.000141093
-0.000203685
-2.13606e-05
-0.000344703
-0.000173034
-8.34349e-05
-0.000166851
-1.86582e-06
-7.20633e-05
0.000411861
1.59393e-05
-6.12838e-05
0.000951943
-2.14754e-05
-3.59775e-05
-9.94222e-06
5.86483e-06
-1.34139e-05
1.72767e-07
7.70349e-06
2.53593e-05
7.93987e-07
7.77741e-06
6.90347e-05
-5.02339e-06
8.34057e-06
0.000112564
-2.23554e-05
1.3733e-05
0.000132266
-4.69687e-05
1.13841e-07
-4.47281e-06
-3.45436e-05
-0.000258458
-0.000273589
-8.64829e-06
-0.000205107
-0.000183724
-0.000153248
0.000305239
-4.61478e-05
-0.000124212
0.000892103
-2.36206e-05
-3.73771e-05
-9.68766e-06
2.84842e-06
-1.64698e-05
7.21418e-07
4.7556e-06
1.83628e-05
-7.86812e-07
6.25104e-06
5.91587e-05
-8.03034e-06
8.25283e-06
0.000102345
-4.5535e-05
1.87138e-05
0.000125926
-0.000101326
-5.57077e-05
-0.000103311
-2.67564e-05
-0.000242174
-0.000327969
-8.69434e-05
0.000191763
-0.000156284
-0.000162953
0.000646911
-2.24408e-05
-3.9046e-05
-8.42069e-06
2.02455e-06
-1.94346e-05
5.55962e-08
4.14542e-06
1.2575e-05
-2.74061e-06
5.53079e-06
5.12295e-05
-1.6345e-05
8.50053e-06
9.70814e-05
-4.95405e-05
1.35136e-05
0.000108177
-0.000165224
-9.63531e-05
-0.0001406
-0.000105945
-0.000103725
-0.000212046
-0.000131269
0.000264089
-1.95891e-05
-4.06536e-05
-6.80373e-06
2.91605e-06
-2.22358e-05
-1.77527e-07
5.56172e-06
6.61318e-06
-5.58306e-06
6.57506e-06
4.2598e-05
-1.75609e-05
1.0751e-05
8.02755e-05
-4.89474e-05
1.78909e-06
7.68818e-05
-0.000259488
-7.71553e-05
-5.40062e-05
-0.000182488
-7.62838e-05
-1.72958e-05
-4.125e-05
-5.08099e-06
4.38361e-06
-2.40404e-05
-1.50257e-06
7.45991e-06
1.94294e-06
-1.08202e-05
8.28848e-06
3.3989e-05
-2.10992e-05
7.87996e-06
5.44088e-05
-6.45218e-05
6.44514e-06
5.39042e-05
-0.000206529
-2.88684e-05
-1.5711e-05
-4.06402e-05
-3.50888e-06
6.21786e-06
-2.49063e-05
-3.27744e-06
1.07482e-05
-3.73607e-06
-1.94509e-05
1.15384e-05
1.88434e-05
-4.15912e-05
1.02408e-05
2.35711e-05
-2.94802e-05
2.87454e-05
-1.5461e-05
-3.72664e-05
-1.96054e-06
7.58254e-06
-2.3583e-05
-4.94921e-06
1.40459e-05
-9.02806e-06
-3.40947e-05
1.64419e-05
5.51341e-06
-6.97214e-05
2.49753e-05
-1.49417e-05
-3.07724e-05
-1.69511e-07
8.44154e-06
-1.87957e-05
-7.10394e-06
1.58505e-05
-1.13528e-05
-4.45552e-05
3.08694e-05
-1.25644e-05
-2.12103e-05
2.12058e-06
8.25767e-06
-1.0422e-05
-1.02526e-05
1.7131e-05
-8.56456e-06
-1.08982e-05
2.79365e-06
7.75291e-06
-5.58504e-06
-2.81197e-05
1.39083e-05
-4.05966e-06
2.15755e-05
3.77899e-05
2.07781e-05
7.93082e-05
1.83179e-05
0.000118017
1.73924e-05
0.000121588
2.20066e-05
5.58571e-05
-0.000116765
-0.00020116
-0.00027224
-9.73071e-05
-0.000109996
3.34739e-05
0.000392235
2.03729e-05
0.000780681
-1.2343e-05
-3.21682e-05
-7.42503e-06
1.02973e-05
-9.31788e-06
-5.05011e-07
1.3482e-05
3.40882e-05
6.03601e-07
1.24887e-05
8.00788e-05
-3.01925e-06
1.23058e-05
0.00012334
-1.28638e-05
1.81321e-05
0.000124486
-2.44572e-05
-1.33611e-05
-5.35944e-05
-1.28291e-05
-0.000328014
-0.000242135
-1.47126e-05
-0.000247896
-8.5936e-05
-8.73257e-05
0.000338791
5.26157e-06
-5.61569e-05
0.000899821
-1.985e-05
-3.39248e-05
-9.41001e-06
5.61557e-06
-1.16553e-05
2.78823e-07
7.39202e-06
2.61387e-05
-4.41503e-07
7.56917e-06
6.94148e-05
-5.87324e-06
9.47082e-06
0.000114625
-4.58712e-05
2.17601e-05
0.000110929
-6.52444e-05
-0.00011905
-0.000180137
3.30876e-05
-0.000260399
-0.000278193
-0.000103359
0.000241385
-0.000103472
-0.000118943
0.000801937
-2.18905e-05
-3.51183e-05
-8.89319e-06
3.1763e-06
-1.44658e-05
3.04762e-07
5.12505e-06
1.9193e-05
-1.62274e-06
5.72265e-06
6.05258e-05
-1.44461e-05
1.05096e-05
0.000108607
-6.29359e-05
9.24966e-06
7.43508e-05
-0.000105101
-0.000162151
-0.000243567
-2.14221e-05
-1.87171e-06
-0.000218927
-0.000131107
0.000490455
-2.05285e-05
-3.61217e-05
-7.88434e-06
2.69464e-06
-1.69507e-05
1.34256e-08
4.66646e-06
1.32012e-05
-4.40679e-06
4.78758e-06
5.37192e-05
-1.52171e-05
8.72805e-06
9.94829e-05
-8.06564e-05
-1.02432e-05
5.38501e-05
-0.000249573
-0.000132194
-0.000122154
-0.000138305
7.82879e-06
-1.81762e-05
-3.6898e-05
-6.18759e-06
3.84547e-06
-1.94616e-05
-1.22252e-06
6.25354e-06
6.60511e-06
-6.08772e-06
7.39271e-06
4.11759e-05
-1.23446e-05
5.44803e-06
6.78249e-05
-0.000106862
1.85502e-07
4.18554e-05
-0.000261931
-7.49687e-05
-1.58815e-05
-3.67376e-05
-4.80501e-06
5.4573e-06
-2.07922e-05
-3.59439e-06
8.92492e-06
1.57115e-06
-1.23577e-05
1.00752e-05
2.4651e-05
-2.33786e-05
8.63835e-06
3.39666e-05
-4.08393e-05
3.63971e-05
-1.49491e-05
-3.49765e-05
-3.16513e-06
7.93656e-06
-2.0943e-05
-5.92557e-06
1.43319e-05
-5.60884e-06
-2.84218e-05
1.64795e-05
6.87694e-06
-4.24237e-05
2.49763e-05
-1.51802e-05
-2.94876e-05
-1.34944e-06
9.76228e-06
-1.81734e-05
-8.25985e-06
1.78549e-05
-9.34163e-06
-4.30857e-05
2.89675e-05
-1.47253e-05
-2.02109e-05
7.71038e-07
9.24196e-06
-1.08917e-05
-9.54363e-06
1.87632e-05
-1.17209e-05
-9.83447e-06
2.31104e-06
7.15145e-06
-8.76223e-06
-2.65917e-05
1.31686e-05
-3.12886e-06
2.03888e-05
3.76236e-05
1.93628e-05
7.88202e-05
1.84052e-05
0.000113941
2.53139e-05
0.000105356
-1.08136e-05
-7.46003e-05
-0.000284734
-0.000201524
-0.000212229
-9.78997e-06
0.000324589
1.37784e-05
0.000744892
-1.14712e-05
-3.02915e-05
-7.05088e-06
9.58297e-06
-7.83484e-06
-2.89622e-07
1.23401e-05
3.47536e-05
-3.87736e-08
1.15899e-05
8.03446e-05
-3.64857e-06
1.39059e-05
0.000125297
-2.53041e-05
2.76494e-05
6.28728e-05
-2.99062e-05
-0.000188029
-0.000228981
4.10882e-05
-0.000290592
-0.000207471
-8.30957e-05
0.000268949
-3.63768e-05
-5.34073e-05
0.000839539
-1.84633e-05
-3.17767e-05
-8.77695e-06
5.51534e-06
-9.94465e-06
-8.99387e-08
7.23301e-06
2.68228e-05
-1.13718e-06
6.34863e-06
7.20074e-05
-1.21319e-05
1.13639e-05
0.00012267
-6.46161e-05
-5.21323e-06
-1.17702e-06
-2.22856e-05
-0.000234179
-0.000289262
1.66449e-05
0.000106058
-0.000180955
-0.000101587
0.000668936
-2.00898e-05
-3.24195e-05
-8.53692e-06
3.66905e-06
-1.24043e-05
4.39644e-07
5.19945e-06
1.92447e-05
-2.95179e-06
4.9584e-06
6.45789e-05
-1.12371e-05
7.20944e-06
0.000106634
-0.000111457
-3.20361e-05
-2.49945e-05
-0.000130946
-0.000160043
-0.000204072
-0.000103696
0.000236907
-1.92287e-05
-3.24139e-05
-7.44027e-06
3.46887e-06
-1.4547e-05
-9.85015e-07
4.64071e-06
1.30645e-05
-1.97217e-06
4.73082e-06
5.35592e-05
-8.74006e-06
-2.19554e-06
8.78056e-05
-0.000162054
-3.19129e-05
8.72018e-06
-0.000232584
-0.000143747
-1.65817e-05
-3.23925e-05
-6.07898e-06
4.66218e-06
-1.66442e-05
-2.31162e-06
7.25026e-06
5.4168e-06
-2.83353e-06
8.56739e-06
2.84897e-05
-1.12935e-05
9.91386e-06
4.59832e-05
-9.63253e-05
2.23289e-05
-1.47417e-05
-3.15286e-05
-4.73825e-06
6.79294e-06
-1.7138e-05
-5.67896e-06
1.20336e-05
-6.86427e-07
-1.73248e-05
1.37711e-05
8.37215e-06
-4.25317e-06
3.21803e-05
-1.39923e-05
-2.827e-05
-2.69847e-06
1.05285e-05
-1.58457e-05
-9.32832e-06
1.83238e-05
-6.44265e-06
-3.71304e-05
2.58451e-05
-1.4787e-05
-1.9705e-05
1.41712e-07
1.1024e-05
-1.07693e-05
-1.08598e-05
2.08929e-05
-1.34521e-05
-9.27522e-06
1.85744e-06
8.2834e-06
-1.14758e-05
-2.49302e-05
1.23161e-05
-2.15572e-06
1.86741e-05
3.79756e-05
1.79523e-05
7.91917e-05
2.08938e-05
0.000114671
3.74713e-05
3.1761e-05
-0.000173987
-0.00021529
-0.000245525
-0.000127167
0.000238864
-7.17685e-06
0.000705258
-1.07227e-05
-2.84889e-05
-6.65415e-06
8.96711e-06
-6.63866e-06
-3.68746e-07
1.16152e-05
3.49584e-05
-6.95888e-07
9.30733e-06
8.44571e-05
-6.03535e-06
1.94857e-05
0.000127327
-3.82785e-05
-3.008e-05
-0.000121484
1.72986e-05
-0.000267701
-0.000291498
-1.74325e-06
0.000196346
-0.000116496
-4.86259e-05
0.000750193
-1.69758e-05
-2.94144e-05
-8.56424e-06
5.68254e-06
-8.41541e-06
2.65112e-07
7.0687e-06
2.62324e-05
-2.73891e-06
4.11765e-06
7.9e-05
-7.35121e-06
5.59529e-06
0.000107955
-9.45644e-05
-9.71029e-05
-0.000155213
2.51902e-05
-0.000100646
-0.000238779
-7.08938e-05
0.000455169
-1.89894e-05
-2.90282e-05
-8.29558e-06
4.26794e-06
-1.06631e-05
-4.25226e-07
5.18066e-06
1.84195e-05
1.32936e-06
3.81843e-06
6.46315e-05
-1.21531e-05
-1.64611e-06
7.96276e-05
-0.000194647
-8.94179e-05
-6.31684e-05
-0.000135572
-6.40382e-05
-1.76862e-05
-2.7879e-05
-7.54283e-06
3.83454e-06
-1.23222e-05
-1.15956e-06
4.94316e-06
1.16577e-05
5.24473e-06
2.98436e-06
4.02694e-05
-2.42823e-05
4.90779e-07
6.83627e-05
-0.000173824
-5.7685e-05
-1.53128e-05
-2.71983e-05
-6.11725e-06
5.42993e-06
-1.3492e-05
-2.91511e-06
9.70402e-06
1.47051e-06
-1.4866e-06
1.23192e-05
1.02062e-05
1.91336e-05
4.4902e-05
-1.29586e-05
-2.58096e-05
-4.59235e-06
9.29255e-06
-1.2556e-05
-8.21902e-06
1.53963e-05
-3.47512e-06
-1.9861e-05
2.32396e-05
-1.30477e-05
-1.95226e-05
-1.23762e-06
1.30665e-05
-9.26801e-06
-1.23557e-05
2.08459e-05
-1.3143e-05
-9.02787e-06
1.97588e-06
9.96127e-06
-1.24971e-05
-2.33709e-05
1.14551e-05
-1.6365e-06
1.7505e-05
3.80101e-05
1.58094e-05
8.3539e-05
2.76145e-05
0.000118472
-2.67664e-05
-0.000153861
-0.000210788
-0.000232765
0.000163328
-5.33917e-05
0.000649451
-9.89438e-06
-2.66412e-05
-6.53611e-06
8.81635e-06
-5.92003e-06
-1.77548e-07
1.10026e-05
3.36596e-05
-1.5894e-06
7.20265e-06
9.55488e-05
-3.45695e-06
6.69268e-06
8.66299e-05
-4.76336e-05
-0.000146729
-0.00028945
6.99689e-05
6.93733e-05
-0.000209323
-4.12891e-05
0.000604085
-1.62188e-05
-2.65405e-05
-8.47974e-06
6.24835e-06
-7.4576e-06
-1.00686e-06
6.74259e-06
2.41468e-05
2.3376e-06
1.96181e-06
8.15902e-05
-3.20674e-05
-1.71839e-05
4.79232e-05
-0.000146824
-0.000135899
-0.000167887
-4.70311e-05
0.000127832
-1.77717e-05
-2.47119e-05
-8.47581e-06
4.61622e-06
-9.2096e-06
3.10627e-07
5.0713e-06
1.56582e-05
1.31731e-05
2.20507e-06
5.28236e-05
-6.93848e-05
-9.0933e-06
4.43818e-05
-0.000199101
-0.000102543
-1.67265e-05
-2.26679e-05
-7.5165e-06
3.9094e-06
-9.93152e-06
-8.03649e-07
5.87732e-06
6.6161e-06
1.4205e-05
3.11505e-06
2.19265e-05
2.08395e-06
2.77059e-05
-1.30804e-05
-2.16841e-05
-6.08962e-06
7.10666e-06
-9.44438e-06
-2.15348e-06
1.14294e-05
-3.74927e-06
9.52333e-06
2.56912e-05
-1.11738e-05
-1.84308e-05
-3.81198e-06
1.23845e-05
-7.02689e-06
-9.83627e-06
1.71901e-05
-1.0536e-05
-9.10263e-06
8.49451e-07
1.26569e-05
-1.15932e-05
-2.18426e-05
1.10202e-05
-1.7314e-06
1.68445e-05
3.67554e-05
1.25167e-05
9.70089e-05
1.20473e-05
7.61705e-05
-0.000131016
-0.000281327
0.000122923
-0.000122407
0.000554764
-9.51651e-06
-2.45641e-05
-6.6712e-06
9.11586e-06
-5.89154e-06
-1.05392e-06
1.11144e-05
2.97511e-05
1.73416e-06
6.42542e-07
0.000102166
-3.39172e-05
-2.92169e-05
-2.90837e-05
-4.23568e-05
-8.29781e-05
-0.000241653
-2.0713e-05
0.000368434
-1.53589e-05
-2.27419e-05
-8.68871e-06
6.56814e-06
-7.11531e-06
1.35182e-06
6.91429e-06
1.81163e-05
1.21981e-05
-6.14173e-06
7.14937e-05
-0.00011556
-3.45038e-05
-7.35106e-06
-0.000138335
-0.000100988
-1.73943e-05
-1.94639e-05
-8.04399e-06
4.01317e-06
-7.66385e-06
9.46248e-07
6.36115e-06
9.72034e-06
2.71315e-05
-1.32605e-06
3.21045e-05
-5.78202e-05
2.04075e-06
-1.45735e-05
-1.73e-05
-7.43367e-06
4.26503e-06
-7.01452e-06
1.44457e-06
6.35759e-06
-2.53472e-07
4.44427e-05
1.46981e-05
-1.08379e-05
-1.49493e-05
-5.53265e-06
8.41568e-06
-4.75842e-06
2.05314e-07
1.18678e-05
-7.56284e-06
-9.05804e-06
-2.24296e-06
1.32079e-05
-8.07107e-06
-2.03704e-05
1.10427e-05
-2.64213e-06
1.69945e-05
3.11832e-05
6.79398e-06
0.000103966
-3.15591e-05
-5.72534e-05
-1.51794e-05
-0.000185635
0.000411638
-9.05503e-06
-2.17881e-05
-6.9635e-06
9.84273e-06
-6.39369e-06
1.46412e-06
1.06876e-05
1.9558e-05
6.89745e-06
3.2542e-07
7.78918e-05
-8.79411e-05
-5.8847e-05
-8.09862e-05
-5.82337e-05
4.6656e-05
-1.56879e-05
-1.79167e-05
-7.66024e-06
6.03306e-06
-6.65818e-06
-8.77194e-07
6.8193e-06
6.94837e-06
1.84694e-05
-3.25813e-06
4.88838e-05
-0.000109171
-5.71082e-05
-1.58491e-05
-1.4209e-05
-7.28504e-06
3.99214e-06
-5.47816e-06
1.33333e-06
6.30015e-06
2.1833e-06
6.44006e-05
1.41877e-05
-1.2448e-05
-1.14565e-05
-6.16948e-06
3.29729e-06
-3.35339e-06
7.65377e-06
6.98123e-06
-6.83188e-06
-7.29795e-06
-3.94257e-06
8.77108e-06
-3.95434e-06
-1.84138e-05
1.21159e-05
-4.76775e-06
1.63735e-05
2.30353e-05
1.16857e-05
6.75924e-05
-5.48148e-05
-0.000105685
0.000167759
-9.5668e-06
-1.81033e-05
-6.10982e-06
8.53468e-06
-5.83498e-06
-1.74174e-06
9.00361e-06
1.17163e-05
5.33204e-07
7.49152e-06
2.94531e-05
-7.97464e-05
-6.39311e-05
-1.46566e-05
-1.31111e-05
-6.86312e-06
6.39468e-06
-6.6896e-06
7.39293e-07
4.85036e-06
-5.90649e-07
3.8518e-05
1.76428e-05
-1.40822e-05
-8.61323e-06
-3.80914e-06
9.37291e-07
-2.50447e-06
1.70587e-05
6.95518e-06
-9.07703e-06
-5.94119e-06
-4.01247e-06
3.67345e-06
-2.50915e-06
-1.58977e-05
1.04635e-05
-5.00432e-06
1.3406e-05
1.95522e-05
7.24084e-06
6.04173e-06
-1.77366e-05
-9.17219e-06
-1.50898e-05
-7.03714e-06
8.98744e-06
-5.67959e-06
4.30862e-06
6.29632e-06
9.31919e-06
1.2264e-06
2.7924e-06
-1.30528e-05
-7.77844e-06
-2.32337e-06
3.95653e-06
-7.30782e-06
2.44707e-05
9.6308e-06
-1.23532e-05
-4.42472e-06
-2.70115e-07
6.89355e-07
-4.79905e-06
-1.46403e-05
9.1805e-06
-7.84139e-06
1.48208e-05
1.62643e-05
-1.04941e-05
-8.05611e-06
-1.11336e-05
-4.74593e-06
1.04197e-05
-7.40994e-06
2.00764e-05
1.65013e-05
-1.22637e-05
-3.93811e-06
-1.06046e-06
3.09977e-06
-8.55302e-06
-1.35463e-05
1.05421e-05
-8.32921e-06
2.58317e-05
-6.33029e-06
-6.67897e-06
-4.09837e-06
1.21114e-05
-9.41046e-06
-9.36058e-06
1.33891e-05
-4.00753e-06
)
;

boundaryField
{
    innerInlet
    {
        type            calculated;
        value           nonuniform List<scalar> 0();
    }
    atmosphere_outlet
    {
        type            calculated;
        value           nonuniform List<scalar> 0();
    }
    walls
    {
        type            calculated;
        value           nonuniform List<scalar> 
2334
(
0
0
0
0
1.35525e-20
0
0
0
0
0
-1.35525e-20
0
0
0
0
0
2.71051e-20
0
0
0
0
0
0
0
0
0
-1.0842e-19
0
0
0
0
0
0
0
0
-6.77626e-21
-6.77626e-21
0
0
0
0
0
0
0
0
-1.35525e-20
0
0
0
0
0
0
0
0
0
0
0
2.1684e-19
-2.1684e-19
-2.71051e-20
-5.42101e-20
0
0
-2.71051e-20
0
0
0
3.38813e-21
3.38813e-21
0
0
0
0
0
0
0
0
0
0
0
0
0
0
0
0
0
0
0
0
0
0
0
0
0
0
-2.1684e-19
0
0
0
0
5.42101e-20
0
0
0
-1.0842e-19
0
0
0
0
2.1684e-19
0
0
0
0
0
0
0
0
0
0
0
0
0
0
-6.77626e-21
0
0
0
0
0
0
0
0
2.1684e-19
0
0
0
0
0
0
0
0
-1.0842e-19
0
0
0
0
0
0
0
0
0
0
0
0
0
0
0
0
0
0
0
2.1684e-19
0
0
0
0
0
0
0
0
0
0
0
0
0
0
0
0
-3.38813e-21
0
0
0
0
0
0
0
0
0
0
0
0
0
0
0
0
0
0
0
0
0
0
5.42101e-20
0
0
0
0
0
0
-2.71051e-20
0
0
0
-2.1684e-19
0
0
0
0
0
0
0
0
0
0
0
0
-2.1684e-19
0
0
0
4.33681e-19
-2.1684e-19
0
0
-5.42101e-20
0
0
0
0
0
0
0
-2.1684e-19
0
0
0
0
0
0
0
0
2.1684e-19
0
0
0
0
0
0
0
0
2.71051e-20
0
0
0
0
0
0
0
1.35525e-20
0
0
0
3.38813e-21
0
0
0
0
0
0
0
0
0
0
-3.38813e-21
0
0
0
0
0
-1.35525e-20
0
0
0
0
0
0
0
0
0
0
0
2.1684e-19
-2.1684e-19
0
0
0
0
0
-1.35525e-20
0
0
0
1.35525e-20
0
0
0
1.69407e-21
0
0
0
0
0
0
0
0
0
0
0
0
0
0
0
0
-1.69407e-21
0
0
0
0
0
0
0
0
0
0
0
0
0
0
0
0
0
0
0
0
0
0
1.69407e-21
0
0
0
0
0
0
-2.71051e-20
0
5.42101e-20
0
0
0
0
0
0
0
0
0
0
2.71051e-20
5.42101e-20
0
0
0
0
0
0
-2.1684e-19
0
0
-2.71051e-20
0
0
0
0
0
0
0
0
0
0
0
0
0
0
0
0
0
0
0
2.1684e-19
1.0842e-19
0
0
0
0
-2.71051e-20
0
0
0
0
-5.42101e-20
0
0
0
0
0
0
0
0
0
0
0
0
0
0
0
0
0
0
0
0
0
0
0
0
0
0
0
0
-2.71051e-20
0
0
0
0
-3.38813e-21
0
-3.38813e-21
0
0
0
0
0
0
0
0
0
0
0
3.38813e-21
0
0
0
2.71051e-20
2.71051e-20
0
0
0
0
2.1684e-19
0
2.1684e-19
0
0
0
-2.1684e-19
0
-1.0842e-19
0
5.42101e-20
0
0
0
0
0
0
0
0
0
0
0
0
0
0
0
0
0
0
0
0
-3.38813e-21
3.38813e-21
0
0
-5.42101e-20
0
0
-3.38813e-21
-3.38813e-21
0
0
0
-5.42101e-20
1.0842e-19
-1.0842e-19
0
0
0
0
0
0
0
0
0
0
0
0
0
0
0
0
0
-2.1684e-19
-2.1684e-19
0
0
2.1684e-19
0
0
0
0
0
0
0
2.1684e-19
0
0
0
0
0
0
0
0
0
0
0
0
0
0
0
0
0
0
0
-4.23516e-22
0
0
0
0
0
0
0
0
0
1.69407e-21
0
0
0
-2.1684e-19
0
0
0
0
0
0
0
0
0
0
0
0
0
0
0
0
0
0
0
0
0
0
0
0
0
0
0
0
0
0
0
0
0
0
0
0
0
0
0
0
0
0
0
0
0
0
0
0
0
2.71051e-20
0
0
0
0
0
0
0
0
0
0
0
0
0
0
0
0
0
0
0
0
0
0
0
0
0
0
0
0
0
0
0
0
0
0
0
0
0
0
0
0
0
0
8.47033e-22
0
0
0
0
0
0
2.1684e-19
0
0
0
0
0
0
0
0
0
0
0
0
0
0
0
0
0
0
0
0
0
0
0
0
-5.42101e-20
0
0
1.0842e-19
0
0
0
0
0
0
0
0
0
0
0
0
0
0
0
0
0
0
0
0
0
0
0
0
0
0
8.47033e-22
0
1.35525e-20
1.35525e-20
0
0
0
0
0
-1.69407e-21
0
-1.35525e-20
0
0
0
0
0
0
0
0
0
0
2.1684e-19
0
0
-5.42101e-20
0
0
0
0
0
0
0
0
0
0
0
0
0
0
-1.35525e-20
0
0
0
0
8.47033e-22
0
0
0
0
0
0
0
0
0
0
0
0
0
0
0
0
0
0
0
0
0
0
0
0
0
0
0
0
0
0
0
0
0
0
0
0
0
0
0
0
0
0
-2.1684e-19
0
0
0
0
-2.1684e-19
0
0
0
0
-2.71051e-20
0
0
0
0
0
0
0
0
-2.71051e-20
-2.1684e-19
-2.1684e-19
0
0
0
0
2.71051e-20
0
0
0
0
0
0
0
0
0
-2.1684e-19
0
0
0
0
0
0
0
0
0
1.0842e-19
0
0
0
2.71051e-20
0
0
0
0
0
0
0
0
0
0
-2.71051e-20
0
0
0
0
0
0
0
0
-3.38813e-21
0
0
0
0
0
0
0
0
0
0
0
0
0
0
0
0
0
0
0
0
0
0
0
0
0
0
0
0
0
0
0
-1.69407e-21
0
0
0
0
0
0
0
0
0
0
0
0
0
0
0
0
-2.1684e-19
0
2.1684e-19
0
0
0
0
0
0
-2.1684e-19
0
0
0
0
0
0
0
0
0
0
0
0
0
5.42101e-20
0
0
0
0
0
0
0
0
0
0
0
-3.38813e-21
0
0
0
0
0
0
0
0
0
0
0
0
0
2.1684e-19
0
0
0
0
2.1684e-19
-4.23516e-22
0
0
-1.35525e-20
0
0
0
0
0
0
0
0
0
0
0
0
0
0
0
0
0
0
0
0
2.1684e-19
0
0
0
0
0
0
0
0
0
0
-1.0842e-19
0
0
0
0
0
0
0
0
0
0
3.38813e-21
0
0
0
0
0
0
0
0
0
0
3.38813e-21
0
0
0
0
0
0
0
0
0
0
0
0
0
0
0
0
0
-5.42101e-20
-3.38813e-21
0
0
0
0
0
0
0
0
0
0
-2.1684e-19
0
0
0
0
0
0
0
0
0
0
2.1684e-19
0
0
0
0
1.69407e-21
0
0
0
0
0
0
0
0
0
0
0
0
-3.38813e-21
0
-1.69407e-21
1.69407e-21
0
0
-1.69407e-21
0
0
0
0
0
0
0
0
0
0
0
0
0
0
0
0
0
0
0
2.1684e-19
0
0
0
0
0
0
0
-2.1684e-19
0
0
0
0
0
0
0
0
0
0
0
0
-3.38813e-21
0
0
0
0
0
0
0
0
0
0
0
0
0
-2.1684e-19
0
0
0
0
0
0
0
0
3.38813e-21
0
0
0
0
0
0
1.0842e-19
0
0
0
0
0
0
0
0
0
0
0
0
0
0
0
0
0
0
1.0842e-19
0
0
0
1.0842e-19
0
0
0
0
0
0
0
0
0
0
0
0
0
0
0
0
0
0
0
0
0
0
0
0
1.0842e-19
0
0
0
0
0
0
0
0
0
0
0
0
0
0
0
0
0
0
0
0
0
0
0
0
0
0
0
0
-2.1684e-19
0
-2.1684e-19
0
0
0
0
0
0
0
0
0
0
0
-1.0842e-19
0
0
0
0
1.0842e-19
0
0
0
0
0
0
0
0
0
1.69407e-21
0
0
0
0
0
0
0
0
2.71051e-20
0
0
0
0
0
-2.1684e-19
0
0
0
0
0
0
0
0
-2.1684e-19
0
0
0
0
0
0
0
0
0
0
0
0
0
0
-3.38813e-21
0
0
0
0
0
0
0
0
0
0
0
0
1.69407e-21
0
0
0
0
0
0
0
0
0
0
0
0
0
0
0
0
0
0
0
0
0
0
0
0
0
0
0
0
0
0
0
0
0
0
0
0
0
0
0
0
0
0
0
0
0
4.23516e-22
0
0
0
0
0
0
0
0
0
0
0
0
0
0
0
0
0
0
0
0
0
0
0
0
0
0
0
0
0
0
0
5.29396e-23
0
0
0
0
0
-2.1684e-19
0
0
0
0
2.1684e-19
0
0
0
0
0
0
0
0
0
0
0
0
0
0
0
0
0
0
0
0
0
0
0
0
0
0
0
0
0
0
0
0
0
0
0
0
0
0
0
0
0
0
0
0
0
3.38813e-21
0
0
0
0
0
0
0
0
0
0
0
0
0
0
2.1684e-19
0
0
0
0
0
0
0
2.1684e-19
0
0
0
0
-2.1684e-19
0
0
0
0
0
0
0
0
2.1684e-19
0
0
0
0
2.1684e-19
0
0
0
0
0
3.38813e-21
0
0
0
0
0
0
0
0
0
0
1.69407e-21
0
0
0
0
0
0
0
0
1.69407e-21
0
0
-5.42101e-20
0
1.0842e-19
0
0
0
0
-1.0842e-19
0
0
0
0
0
-2.1684e-19
0
0
0
2.1684e-19
0
1.0842e-19
0
0
0
0
-1.0842e-19
1.0842e-19
0
-2.1684e-19
-2.1684e-19
0
0
0
-2.1684e-19
0
0
0
0
0
0
0
0
2.1684e-19
0
0
0
0
0
-2.1684e-19
0
0
0
0
0
0
0
0
0
0
0
0
0
0
-2.1684e-19
0
0
0
0
0
0
0
0
0
0
0
0
0
0
0
0
0
0
0
0
0
-2.1684e-19
0
0
0
0
0
0
0
0
0
0
0
0
0
0
0
0
0
0
0
0
0
0
0
0
0
0
0
0
0
0
0
0
1.35525e-20
0
0
0
0
0
0
-2.1684e-19
0
0
0
0
0
0
0
0
0
0
0
0
0
0
-2.1684e-19
0
-2.1684e-19
0
2.1684e-19
0
0
0
0
0
0
0
0
0
0
0
0
0
0
0
0
0
0
0
0
0
0
0
0
0
0
0
0
0
0
0
0
0
0
0
0
0
0
0
0
0
0
0
0
0
0
0
0
0
0
0
0
2.1684e-19
-2.1684e-19
0
0
0
0
0
0
0
0
-8.47033e-22
0
0
0
0
0
0
0
0
0
0
0
0
0
0
0
2.1684e-19
0
0
0
0
0
0
0
0
-4.23516e-22
1.05879e-22
0
0
0
0
0
0
1.05879e-22
0
0
0
0
0
0
0
0
0
0
0
0
0
0
0
0
0
0
0
0
8.47033e-22
0
0
0
0
0
0
0
-8.47033e-22
0
0
2.1684e-19
0
0
0
0
0
0
0
0
0
0
0
0
0
0
0
0
0
0
0
0
-1.0842e-19
0
0
0
0
0
-1.0842e-19
0
0
0
0
0
0
0
0
0
0
0
0
0
0
0
0
0
-2.1684e-19
0
0
-1.0842e-19
0
1.0842e-19
0
0
0
0
0
0
0
0
0
2.1684e-19
0
0
0
0
0
0
0
0
0
0
0
0
0
0
0
0
0
0
0
0
0
0
0
0
0
2.1684e-19
0
0
2.1684e-19
0
0
0
0
0
0
-2.1684e-19
0
0
0
0
-2.1684e-19
0
0
0
0
0
-2.1684e-19
-2.1684e-19
0
0
0
0
0
0
0
0
0
0
0
0
0
0
0
0
0
0
0
0
0
0
0
0
0
0
0
0
0
0
0
0
2.1684e-19
0
-2.1684e-19
0
0
0
0
0
0
0
0
0
0
0
2.1684e-19
2.1684e-19
0
0
0
0
0
0
0
0
0
0
0
0
0
0
0
0
2.1684e-19
0
0
0
0
0
0
2.1684e-19
0
0
0
0
0
0
0
0
0
0
0
0
0
0
0
0
0
0
-2.1684e-19
0
0
0
0
0
0
0
0
0
0
0
0
0
0
0
0
0
0
0
0
0
0
0
0
0
0
0
0
2.1684e-19
0
0
0
0
0
0
0
0
0
0
0
0
0
0
0
0
0
0
0
0
-2.1684e-19
0
0
0
0
0
0
-2.1684e-19
0
-2.1684e-19
0
0
0
0
0
0
0
0
0
0
2.1684e-19
0
0
0
0
0
0
0
0
0
0
0
0
0
0
0
0
0
0
0
0
0
0
0
0
0
0
0
-2.1684e-19
0
0
0
0
0
0
0
0
0
2.1684e-19
0
0
0
0
0
0
0
0
0
0
0
0
0
0
0
0
0
0
0
0
0
0
0
0
0
0
0
0
0
0
0
0
0
0
0
0
0
2.1684e-19
0
0
0
0
0
0
-2.1684e-19
0
0
0
0
0
0
0
0
0
0
0
0
0
0
0
0
0
0
0
0
-2.1684e-19
0
0
0
0
2.1684e-19
0
0
0
0
0
0
0
0
0
0
0
-2.1684e-19
0
0
0
0
0
0
0
0
0
0
0
0
0
0
0
0
2.1684e-19
0
-2.1684e-19
0
0
0
0
0
0
0
0
0
0
0
0
0
0
0
0
0
0
0
0
-2.1684e-19
0
0
0
0
0
0
0
0
0
0
0
0
0
0
0
2.1684e-19
0
0
0
0
0
0
0
0
0
0
0
0
0
0
0
0
0
0
0
0
0
0
0
0
0
0
0
-2.1684e-19
0
0
0
0
0
0
0
2.1684e-19
-2.1684e-19
0
0
0
0
0
0
0
0
2.1684e-19
0
0
0
-2.1684e-19
0
0
0
0
0
0
0
)
;
    }
    window
    {
        type            calculated;
        value           nonuniform List<scalar> 0();
    }
    procBoundary7to4
    {
        type            processor;
        value           nonuniform List<scalar> 
680
(
-0.000374463
-0.000190653
-0.000398863
-9.964e-05
-0.000211799
-0.00042067
-6.13299e-05
-0.00011064
-0.000229308
-0.00043995
-4.53632e-05
-6.43249e-05
-0.000118874
-0.00024439
-0.000456821
-3.64445e-05
-4.15616e-05
-6.51371e-05
-0.00012528
-0.000257343
-0.000471208
-2.20871e-05
-2.55233e-05
-3.55196e-05
-6.4159e-05
-0.000129985
-0.000268153
-0.000483191
5.87957e-06
-2.27867e-06
-1.15751e-05
-2.71714e-05
-6.12584e-05
-0.000132787
-0.000276541
-0.000492953
5.00671e-05
3.65305e-05
2.16069e-05
5.58534e-06
-1.62386e-05
-5.6026e-05
-0.000133304
-0.000282469
-0.000500648
0.000103856
9.16729e-05
7.20721e-05
4.97772e-05
2.62444e-05
-2.19325e-06
-4.8103e-05
-0.000131261
-0.000285757
-0.000506904
0.000154547
0.000153393
0.000137908
0.000112187
8.20452e-05
5.07634e-05
1.51037e-05
-3.72176e-05
-0.000126468
-0.000286763
-0.000511715
0.000192194
0.000207452
0.000205915
0.000187352
0.000155794
0.0001181
7.86851e-05
3.57673e-05
-2.32031e-05
-0.000119031
-0.000285554
-0.000516261
0.000213945
0.000245432
0.000261673
0.000259234
0.000237847
0.000201278
0.000156602
0.000109639
5.94652e-05
-6.31539e-06
-0.000109015
-0.000282915
-0.000520267
0.000221585
0.000266358
0.000298635
0.000314235
0.000310258
0.000286417
0.00024609
0.000195869
0.000142355
8.55579e-05
1.31478e-05
-9.7014e-05
-0.000278989
-0.00052559
0.00021648
0.000272946
0.000318187
0.000349013
0.000361935
0.000355371
0.000329526
0.000287034
0.000233522
0.000175419
0.000113135
3.42825e-05
-8.37049e-05
-0.000275924
-0.00053148
0.000196777
0.000266647
0.000323652
0.0003668
0.000392799
0.000400895
0.00039071
0.000363403
0.000320783
0.00026679
0.000206593
0.000140395
5.57411e-05
-7.09681e-05
-0.000274434
-0.000542664
-8.70833e-06
0.000157786
0.000245055
0.000316194
0.000370834
0.000407777
0.00042645
0.000427065
0.000412564
0.000384905
0.000344352
0.000292741
0.000233229
0.000165138
7.50389e-05
-6.09856e-05
-0.00027941
-0.00055723
-3.47951e-05
1.42229e-05
0.000100928
0.000203077
0.000293463
0.000362508
0.000410487
0.000438
0.000445474
0.000437467
0.000419134
0.000391821
0.000354944
0.000308352
0.000252336
0.000183864
8.86112e-05
-5.83633e-05
-0.000293171
-0.000584682
-4.27976e-05
-2.07627e-05
4.04461e-05
0.000140347
0.000249721
0.00033944
0.0004021
0.000439193
0.000451929
0.000447017
0.000431122
0.000408947
0.000382393
0.000350547
0.000310693
0.000259895
0.000191986
9.10312e-05
-6.82729e-05
-0.000325644
-0.000620308
-3.76956e-05
-3.50532e-05
-4.30842e-06
7.02729e-05
0.000182498
0.000295463
0.000379921
0.000431231
0.000451619
0.000449768
0.000432559
0.000407719
0.000381296
0.000355746
0.00032913
0.000296645
0.00025149
0.000183638
7.54001e-05
-9.98068e-05
-0.000381471
-0.000683773
-2.77076e-05
-3.37137e-05
-2.58826e-05
1.49403e-05
0.00010358
0.000225932
0.000337647
0.000411604
0.000446224
0.00044902
0.0004309
0.000400038
0.000366232
0.000335763
0.000310776
0.000288875
0.000262842
0.000221861
0.000151688
3.27613e-05
-0.00016165
-0.000477502
-0.000761679
-2.18022e-05
-2.58574e-05
-2.90845e-05
-1.49968e-05
3.72355e-05
0.000139987
0.000268713
0.000373383
0.000431093
0.000445469
0.000429499
0.000393473
0.000349838
0.000307342
0.000271928
0.000246317
0.000227355
0.000205284
0.000165034
8.85096e-05
-4.60325e-05
-0.000266955
-0.000615442
-0.000883546
-3.40543e-05
-2.14123e-05
-2.38247e-05
-2.35357e-05
-1.98102e-06
6.28744e-05
0.000178482
0.000308214
0.000399553
0.000436425
0.000428657
0.000391818
0.000339464
0.000283021
0.00023081
0.000188783
0.000160105
0.000141271
0.000119469
7.52349e-05
-1.34307e-05
-0.000171067
-0.000425038
-0.000831046
-0.000983673
-8.31783e-05
-3.52397e-05
-2.11066e-05
-2.14498e-05
-1.68052e-05
1.35835e-05
9.17476e-05
0.00021756
0.000342068
0.00041373
0.000425975
0.000394707
0.000337567
0.000268768
0.000199339
0.000135829
8.43528e-05
4.92465e-05
2.65912e-05
1.10024e-06
-5.19325e-05
-0.000158944
-0.000348428
-0.000658261
-0.00114654
-0.00118344
-0.000207017
-8.6756e-05
-3.66452e-05
-2.07766e-05
-1.84628e-05
-8.37382e-06
3.19919e-05
0.000123481
0.000255356
0.000367033
0.000414243
0.000399996
0.000344197
0.000266613
0.000182101
9.92964e-05
2.23027e-05
-4.22859e-05
-8.84911e-05
-0.000118598
-0.000150593
-0.000214827
-0.000345935
-0.000586423
-0.000984041
-0.00136089
-0.000435586
-0.000213741
-9.05816e-05
-3.81896e-05
-2.02184e-05
-1.45621e-05
1.99583e-06
5.34952e-05
0.000157417
0.000289209
0.000381173
0.000400246
0.000357894
0.000276679
0.000179711
8.09337e-05
-1.60191e-05
-0.000109768
-0.000192859
-0.000255015
-0.000295396
-0.000332237
-0.000407454
-0.000574158
-0.00090222
-0.00134176
-0.000443298
-0.000220588
-9.45607e-05
-3.97388e-05
-1.92859e-05
-9.52894e-06
1.48093e-05
7.82098e-05
0.000192114
0.000316566
0.000382787
0.000370646
0.000298595
0.000192606
7.83206e-05
-3.37949e-05
-0.000146194
-0.000261532
-0.000369835
-0.000454112
-0.000505068
-0.000537398
-0.000625066
-0.000864436
-0.00124084
-0.00045073
-0.000227418
-9.85633e-05
-4.11636e-05
-1.77476e-05
-2.79622e-06
3.04818e-05
0.000106069
0.000225789
0.000335109
0.00037023
0.000324941
0.000222022
9.28421e-05
-3.70143e-05
-0.000160926
-0.000290977
-0.00043403
-0.000576972
-0.000689156
-0.000750059
-0.000754573
-0.00088981
-0.00116716
-0.000457983
-0.000234113
-0.000102514
-4.22771e-05
-1.51729e-05
5.97529e-06
4.9346e-05
0.000136372
0.000256041
0.000342187
0.000342676
0.000261997
0.000128189
-2.2895e-05
-0.000165261
-0.00029963
-0.000449711
-0.000629203
-0.000816047
-0.000967068
-0.00104011
-0.000980087
-0.00110143
-0.000464985
-0.000240642
-0.000106229
-4.28145e-05
-1.12847e-05
1.73193e-05
7.16556e-05
0.000168067
0.000280086
0.000336183
0.00029878
0.000180776
1.63024e-05
-0.000154536
-0.000305977
-0.000448556
-0.000623396
-0.000846682
-0.00109381
-0.0013063
-0.00159629
-0.00092917
-0.000471815
-0.00024682
-0.0001096
-4.24796e-05
-5.564e-06
3.1752e-05
9.73825e-05
0.000199322
0.000295126
0.00031512
0.000236974
8.03709e-05
-0.000114502
-0.000302574
-0.000457989
-0.000608558
-0.000810898
-0.00109174
-0.00141798
-0.00144572
-0.000592017
-0.000478307
-0.00025279
-0.00011233
-4.09511e-05
2.52818e-06
4.97199e-05
0.000125938
0.00022747
0.000298031
0.000277403
0.000155319
-4.07601e-05
-0.00026594
-0.000466609
-0.00062241
-0.000778978
-0.001018
-0.00137048
-0.00138123
-0.000484705
-0.00025812
-0.000114245
-3.77399e-05
1.35558e-05
7.14491e-05
0.000156015
0.000249038
0.000286111
0.000220222
5.23979e-05
-0.000184777
-0.00043904
-0.000647825
-0.000798462
-0.000967678
-0.0012537
-0.00131677
-0.000490633
-0.000262948
-0.00011497
-3.24135e-05
2.79623e-05
9.66539e-05
0.000185204
0.00025997
0.000256236
0.000141173
-7.44197e-05
-0.000354268
-0.000635022
-0.000844932
-0.000992684
-0.00119014
-0.00124059
-0.000496417
-0.000266753
-0.000114267
-2.44144e-05
4.60952e-05
0.000124256
0.000209793
0.000255795
0.000204577
3.73236e-05
-0.000228178
-0.000551465
-0.000852801
-0.00106184
-0.00121947
-0.00120216
-0.000501523
-0.000269816
-0.000111542
-1.33102e-05
6.77815e-05
0.000151917
0.000224458
0.000231664
0.000126726
-9.479e-05
-0.000412817
-0.000775779
-0.00109481
-0.00130424
-0.00121844
-0.000506642
-0.000271185
-0.000106613
1.22129e-06
9.18609e-05
0.00017528
0.000222921
0.000181255
1.85588e-05
-0.000260721
-0.000630047
-0.00102832
-0.00136128
-0.00126373
-0.000510703
-0.000271401
-9.88497e-05
1.87366e-05
0.000115415
0.00018784
0.000197413
9.86742e-05
-0.000126026
-0.000466976
-0.000881803
-0.00131186
-0.0012888
-0.000514841
-0.000269365
-8.86417e-05
3.76518e-05
0.000133102
0.000180733
0.000139435
-2.20023e-05
-0.000316142
-0.000721272
-0.00117625
-0.0012417
-0.000517632
-0.000266043
-7.64906e-05
5.39982e-05
0.000136637
0.000143537
4.1406e-05
-0.000187269
-0.000566449
-0.00105166
-0.00115404
-0.000520927
-0.000260816
-6.55134e-05
6.11766e-05
0.000114548
6.61415e-05
-0.000101928
-0.000405559
-0.00091421
-0.00113556
-0.000522818
-0.000257309
-6.00427e-05
4.81077e-05
5.50633e-05
-5.92001e-05
-0.000291123
-0.000695778
-0.00116938
-0.00052652
-0.000257083
-6.97802e-05
2.4994e-06
-5.38646e-05
-0.000234934
-0.000519697
-0.00131759
-0.000531423
-0.000270288
-0.00010584
-9.12631e-05
-0.000219354
-0.000460636
-0.00077504
-0.000520741
-0.000544385
-0.000304109
-0.000185726
-0.000245238
-0.000448879
-0.000749281
-0.00083609
-0.000564814
-0.000378149
-0.000322238
-0.000474962
-0.000765946
-0.00104752
-0.00060947
-0.00050162
-0.000536361
-0.000811358
-0.00114372
-0.000675803
-0.000700269
-0.000863195
-0.0012246
-0.000781058
-0.000993572
-0.00126246
-0.000865639
-0.0011985
-0.000940397
)
;
    }
    procBoundary7to5
    {
        type            processor;
        value           nonuniform List<scalar> 
36
(
-0.000316456
-0.000125757
-0.000346688
-5.8771e-05
-0.000163244
-4.17712e-05
-8.35574e-05
-4.26945e-05
-5.46708e-05
-4.85068e-05
-4.62533e-05
-5.01168e-05
-4.43484e-05
-4.1055e-05
-3.80909e-05
-1.75667e-05
-1.99915e-05
1.85102e-05
1.35596e-05
5.88301e-05
5.85968e-05
9.30872e-05
0.000104599
0.000115415
0.000140989
0.000125004
0.00016317
0.000122596
0.000171864
0.000106979
0.000168162
7.56259e-05
0.000150422
3.25851e-05
0.000115112
6.49937e-05
)
;
    }
    procBoundary7to6
    {
        type            processor;
        value           nonuniform List<scalar> 
566
(
-0.000156297
-6.97824e-05
-0.000131038
1.47776e-05
-5.21711e-05
-0.00010874
0.000100321
2.91954e-05
-3.62336e-05
-8.85139e-05
0.000186728
0.000111224
4.36593e-05
-2.20965e-05
-7.50752e-05
0.000275636
0.000193499
0.000122265
5.72805e-05
-1.28043e-05
-6.26575e-05
0.000367098
0.000278003
0.000200232
0.000132299
6.7333e-05
-7.13311e-06
-5.04039e-05
0.000459428
0.000365535
0.000279853
0.000205898
0.000138456
7.13944e-05
-1.1987e-05
-4.56174e-05
0.000547781
0.000454335
0.000362718
0.000280538
0.000208071
0.000137398
6.32784e-05
-2.04291e-05
-1.93626e-06
0.000623151
0.000538469
0.00044686
0.000358426
0.000278501
0.000203701
0.000123413
5.05422e-05
1.39913e-05
1.78452e-05
0.00067491
0.000606459
0.000524889
0.000437104
0.00035209
0.000271733
0.00018826
9.90988e-05
4.85978e-05
2.18248e-05
-2.66039e-05
0.00069847
0.000646215
0.000582858
0.000507512
0.000425206
0.000342667
0.000257542
0.000162589
7.90145e-05
2.75107e-05
-3.22643e-05
-5.74504e-05
0.000700911
0.000655243
0.00060853
0.00055337
0.000487089
0.000411085
0.000328791
0.000237024
0.000140512
6.44822e-05
-3.08136e-06
-4.47791e-05
-5.27059e-05
0.000645289
0.000696316
0.000602933
0.000564753
0.000519576
0.000463487
0.000393538
0.000310248
0.000216698
0.000128495
4.93514e-05
-8.90094e-06
-4.03537e-05
-4.65955e-05
0.000634426
0.000581615
0.000694921
0.000547428
0.0005199
0.000484334
0.000436629
0.000370454
0.000286141
0.000194052
0.000106155
3.37266e-05
-1.52843e-05
-4.3699e-05
-4.9932e-05
0.000634238
0.000565854
0.000516815
0.000695114
0.000492952
0.000476558
0.000448183
0.000404465
0.000337519
0.000251093
0.000158706
7.62703e-05
1.3722e-05
-2.74293e-05
-5.33224e-05
-5.87201e-05
0.00064222
0.000567343
0.000497813
0.000456744
0.000683016
0.000442474
0.000433929
0.000409412
0.000362804
0.000290783
0.000202376
0.000115233
4.29683e-05
-8.39739e-06
-4.20939e-05
-6.25753e-05
-5.72312e-05
0.000641533
0.000583129
0.000501072
0.000436341
0.000404571
0.000644492
0.000396842
0.000389603
0.000363035
0.000309367
0.000232671
0.00014766
7.0572e-05
1.13994e-05
-2.83324e-05
-5.17249e-05
-5.87932e-05
-3.78404e-05
0.000612882
0.00059419
0.000523206
0.000440994
0.000384266
0.000360292
0.000579912
0.000354261
0.000342351
0.00030798
0.000247666
0.000171018
9.4033e-05
3.04586e-05
-1.40368e-05
-3.9605e-05
-4.73098e-05
-3.56759e-05
-6.86833e-07
0.000553273
0.000576999
0.000544409
0.000467297
0.000389601
0.00034131
0.000321706
0.00050288
0.000312537
0.000291861
0.000248357
0.000184038
0.000111738
4.69201e-05
-3.24344e-07
-2.75868e-05
-3.54927e-05
-2.48179e-05
5.75274e-06
3.34962e-05
0.000478126
0.000524702
0.000538828
0.000495975
0.00041729
0.000346433
0.00030502
0.000286017
0.000425441
0.000269723
0.000238626
0.00018715
0.000122628
5.97754e-05
1.15492e-05
-1.65035e-05
-2.45753e-05
-1.47965e-05
1.06395e-05
3.53145e-05
0.000402033
0.000452929
0.000495644
0.00049948
0.000449943
0.000372717
0.000309166
0.000272279
0.000250282
0.000352066
0.000224554
0.000183128
0.000127212
6.84908e-05
2.10747e-05
-7.13681e-06
-1.52305e-05
-6.43346e-06
1.5409e-05
3.61247e-05
0.000330688
0.000378791
0.000428597
0.000466948
0.000460115
0.000405421
0.00033144
0.000274793
0.000239862
0.00021187
0.000283154
0.000175762
0.00012707
7.33513e-05
2.79652e-05
3.50006e-07
-7.66067e-06
4.99416e-07
1.97771e-05
3.68741e-05
0.000264684
0.00030933
0.000356687
0.000405959
0.000438451
0.000420477
0.000360105
0.000291198
0.000240573
0.000204442
0.000168428
0.000216987
0.000124158
7.50287e-05
3.23673e-05
5.93109e-06
-1.66662e-06
6.14616e-06
2.38254e-05
3.77675e-05
0.000202686
0.000245473
0.000288489
0.00033645
0.000385042
0.000408324
0.000377575
0.000312842
0.000250446
0.000203566
0.000163436
0.000120405
0.000150144
7.45537e-05
3.46125e-05
9.78769e-06
2.86577e-06
1.0693e-05
2.74156e-05
3.90782e-05
0.000141971
0.000186464
0.000225229
0.000268262
0.000318305
0.000364315
0.000371839
0.000327725
0.000263876
0.000207937
0.000161577
0.000117213
7.2968e-05
7.67356e-05
3.52557e-05
1.21299e-05
6.12524e-06
1.42087e-05
3.06024e-05
4.04655e-05
7.69789e-05
0.000130886
0.000167205
0.000203445
0.000249138
0.000302136
0.000338509
0.000325143
0.000272784
0.000213936
0.000162136
0.000115068
7.10439e-05
3.48467e-05
-1.45077e-05
1.32736e-05
8.30062e-06
1.68158e-05
3.33189e-05
4.18198e-05
-3.38358e-06
7.3673e-05
0.000115127
0.000143209
0.000180618
0.00023295
0.000284805
0.000301398
0.000269848
0.000216744
0.000162954
0.000113604
6.91198e-05
3.38068e-05
1.35069e-05
-0.000139385
9.57745e-06
1.87183e-05
3.55488e-05
4.31192e-05
-0.000116069
3.78268e-06
6.55479e-05
9.19567e-05
0.000113924
0.000160995
0.000220399
0.00025928
0.000252292
0.000211779
0.00016135
0.000111693
6.70369e-05
3.23251e-05
1.30463e-05
1.01022e-05
2.00264e-05
3.74828e-05
4.4782e-05
-9.59796e-05
6.60158e-06
5.05502e-05
5.94043e-05
8.6036e-05
0.000151
0.000205972
0.000221058
0.000197365
0.000154823
0.000107902
6.42412e-05
3.03402e-05
1.19858e-05
9.98274e-06
2.07965e-05
3.90949e-05
4.6485e-05
-7.90042e-05
4.40083e-06
2.67037e-05
2.56178e-05
7.62727e-05
0.000146592
0.00018056
0.000173937
0.000142396
0.000101032
6.00516e-05
2.76014e-05
1.02868e-05
9.24868e-06
2.10578e-05
4.03975e-05
4.82502e-05
-6.46716e-05
-3.26698e-06
-2.40496e-06
8.44232e-06
8.45772e-05
0.000134991
0.000144004
0.000124342
9.05699e-05
5.38682e-05
2.37704e-05
7.81623e-06
7.86167e-06
2.07747e-05
4.13576e-05
5.00745e-05
-5.39451e-05
-1.67916e-05
-1.60507e-05
2.41224e-05
8.71808e-05
0.000110285
0.000101995
7.66149e-05
4.53596e-05
1.85341e-05
4.39451e-06
5.73567e-06
1.98818e-05
4.18268e-05
5.18037e-05
-4.44354e-05
-3.46443e-05
-1.63697e-05
4.18468e-05
7.51315e-05
7.71619e-05
5.9857e-05
3.46256e-05
1.16815e-05
-1.50797e-07
2.76331e-06
1.82894e-05
4.16709e-05
5.32099e-05
-4.01915e-05
-3.04647e-05
5.29564e-06
4.10283e-05
5.14787e-05
4.14305e-05
2.20413e-05
3.2242e-06
-5.92665e-06
-1.15816e-06
1.59293e-05
4.07669e-05
5.40822e-05
-3.139e-05
-1.71043e-05
1.19408e-05
2.75005e-05
2.24326e-05
8.28709e-06
-6.63878e-06
-1.29683e-05
-6.09468e-06
1.2734e-05
3.90447e-05
5.42777e-05
-2.49709e-05
-8.9154e-06
5.47413e-06
4.4241e-06
-5.96987e-06
-1.74431e-05
-2.12283e-05
-1.21555e-05
8.63994e-06
3.65784e-05
5.37116e-05
-2.45762e-05
-1.1837e-05
-1.20335e-05
-1.9721e-05
-2.88309e-05
-3.05195e-05
-1.9358e-05
3.53436e-06
3.33568e-05
5.23106e-05
-2.41581e-05
-2.5226e-05
-3.24526e-05
-4.02951e-05
-4.06015e-05
-2.77145e-05
-2.59098e-06
2.91546e-05
5.02162e-05
-2.90419e-05
-4.30175e-05
-5.15765e-05
-5.13245e-05
-3.72533e-05
-9.80637e-06
2.41987e-05
4.76724e-05
-4.1135e-05
-6.19164e-05
-6.27128e-05
-4.80103e-05
-1.82247e-05
1.84181e-05
4.45385e-05
-5.77789e-05
-7.24464e-05
-1.35711e-05
-7.44655e-05
-1.78502e-06
-6.01305e-05
-2.81924e-05
1.18429e-05
4.10528e-05
-7.2451e-05
-2.2876e-05
-7.07022e-05
-5.66622e-05
2.78059e-06
-4.01373e-05
4.35758e-06
3.77907e-05
-6.25823e-05
-1.61046e-05
1.49223e-05
-3.8569e-06
3.51405e-05
-2.26576e-05
3.12604e-05
2.69665e-05
3.34697e-05
2.78566e-05
)
;
    }
}


// ************************************************************************* //
