/*--------------------------------*- C++ -*----------------------------------*\
  =========                 |
  \\      /  F ield         | OpenFOAM: The Open Source CFD Toolbox
   \\    /   O peration     | Website:  https://openfoam.org
    \\  /    A nd           | Version:  12
     \\/     M anipulation  |
\*---------------------------------------------------------------------------*/
FoamFile
{
    format      ascii;
    class       volScalarField;
    location    "600";
    object      k;
}
// * * * * * * * * * * * * * * * * * * * * * * * * * * * * * * * * * * * * * //

dimensions      [0 2 -2 0 0 0 0];

internalField   nonuniform List<scalar> 
14424
(
0.00151457
0.00294313
0.00140648
0.00154487
0.00251462
0.00273595
0.00301386
0.00130707
0.00143483
0.00157353
0.00224991
0.00228193
0.00260313
0.00253245
0.00279732
0.00308231
0.00121339
0.00133287
0.00146174
0.00160104
0.00225174
0.00200244
0.00234021
0.00205426
0.00235962
0.00269138
0.00232919
0.00258418
0.00285756
0.00314921
0.00112478
0.00123617
0.00135748
0.00148766
0.00162805
0.00235492
0.00200409
0.00233884
0.00175634
0.00208264
0.00243181
0.00183263
0.00212041
0.00243854
0.00277941
0.00212689
0.00237103
0.00263603
0.00291721
0.00321578
0.00103885
0.0011443
0.00125809
0.00138132
0.00151312
0.00165513
0.00248729
0.00211276
0.00243593
0.0017543
0.00208458
0.00242497
0.00151519
0.00182505
0.00216602
0.00252324
0.00162016
0.00188664
0.00218906
0.00251857
0.00286705
0.00192348
0.00215874
0.00241433
0.00268835
0.00297714
0.00328315
0.000956105
0.00105494
0.00116323
0.00127953
0.00140475
0.00153885
0.0016822
0.00258872
0.00225883
0.00256287
0.00186469
0.00219143
0.00251433
0.00150595
0.00182649
0.00216649
0.00250811
0.00128466
0.00157088
0.00189885
0.0022509
0.00261317
0.00141979
0.00166201
0.00194419
0.00226015
0.00259933
0.0029547
0.00172187
0.00194547
0.00219318
0.00245928
0.0027416
0.00303841
0.0033516
0.000874232
0.000968797
0.00107075
0.00118202
0.00130071
0.00142866
0.00156465
0.00171039
0.00264011
0.00237403
0.0026637
0.0020218
0.00233602
0.00263499
0.00161496
0.0019392
0.0022692
0.00258775
0.00126514
0.00156831
0.00190209
0.00224698
0.00258659
0.00107167
0.00132616
0.00163347
0.00197598
0.00233558
0.00270097
0.00123522
0.00145029
0.00170788
0.00200539
0.00233307
0.00268107
0.00304236
0.00151912
0.00173492
0.00197094
0.0022305
0.00250608
0.00279673
0.0031011
0.00342257
0.000794478
0.000883721
0.000981409
0.00108677
0.00120074
0.00132255
0.00145263
0.00159183
0.00173844
0.00263112
0.00243624
0.00271864
0.00214842
0.00245298
0.00273671
0.00177988
0.00209888
0.00241155
0.00270159
0.00136937
0.00168271
0.0020153
0.00234354
0.00265444
0.00103921
0.00131553
0.001636
0.0019788
0.0023238
0.00265954
0.000883399
0.00109866
0.00137581
0.00170139
0.00205442
0.00241901
0.00278636
0.00106518
0.00125648
0.00148464
0.00175826
0.00206963
0.00240791
0.00276338
0.00313155
0.00131608
0.00152496
0.00175195
0.00200025
0.00227073
0.0025554
0.00285334
0.00316684
0.00349505
0.000713908
0.000801122
0.000893396
0.000994472
0.00110299
0.00122031
0.00134455
0.0014781
0.00161918
0.0017681
0.00256701
0.0024336
0.00270942
0.00222001
0.00251921
0.00279703
0.00191565
0.00222927
0.00253191
0.00280537
0.00153821
0.00185453
0.00217648
0.00248302
0.00276083
0.0011349
0.00142768
0.00175506
0.00208961
0.00241211
0.00271344
0.000835835
0.00107566
0.00137395
0.00170671
0.00205384
0.00239547
0.00272676
0.000723932
0.00089722
0.00113427
0.00143273
0.00177249
0.00213276
0.00250041
0.00287016
0.000906909
0.0010798
0.00128066
0.00152361
0.00181274
0.00213682
0.00248389
0.00284747
0.00322212
0.00110242
0.00131705
0.00153556
0.00177309
0.00203344
0.00231435
0.00260652
0.00291305
0.00323491
0.00357146
0.000633566
0.000718322
0.000808111
0.000903663
0.00100796
0.00112029
0.00124013
0.00136806
0.00150396
0.0016484
0.00179748
0.002488
0.00238696
0.00263695
0.00222622
0.00251504
0.00278725
0.0019957
0.00230479
0.0026043
0.00287161
0.00168054
0.00199595
0.00231226
0.00260842
0.00286684
0.00130274
0.00160765
0.00193231
0.00225184
0.00254821
0.00281119
0.000918646
0.00118103
0.00149343
0.00182841
0.00215928
0.00247332
0.00276442
0.00066189
0.000857004
0.00112246
0.00143703
0.00177811
0.00212421
0.00246128
0.00278907
0.000591973
0.000727656
0.000918951
0.00117819
0.00149493
0.00184488
0.00220964
0.00258021
0.00295309
0.000750953
0.000917053
0.00109621
0.00130866
0.00156731
0.00187138
0.00220592
0.00256191
0.00293306
0.00331653
0.000883631
0.00110044
0.00132242
0.00154992
0.00179848
0.00207112
0.00236041
0.00266063
0.00297514
0.00330749
0.00365031
0.000551996
0.00063615
0.000723033
0.00081579
0.000914521
0.00102275
0.00113806
0.00126153
0.00139202
0.00153189
0.00167767
0.00182887
0.00248177
0.00235009
0.00255081
0.00220124
0.00245873
0.00270404
0.0020144
0.00230749
0.00259826
0.00286001
0.00176811
0.00207933
0.00239391
0.00268802
0.00293757
0.00144855
0.00175753
0.00208064
0.00239506
0.00267952
0.00291796
0.00107964
0.00136383
0.00168303
0.00201022
0.00232236
0.00260506
0.00285146
0.000727362
0.000949897
0.00123754
0.00156395
0.001899
0.00222256
0.00252628
0.00280793
0.000520081
0.00066763
0.000889932
0.00117714
0.00150281
0.00184747
0.00218877
0.00252156
0.00284775
0.000479012
0.000589465
0.000737665
0.000948924
0.00122954
0.00156039
0.00191677
0.00228496
0.00265895
0.00303705
0.000592233
0.000757456
0.000927675
0.00111523
0.00134114
0.00161625
0.00193295
0.0022774
0.0026416
0.0030228
0.00341449
0.000663204
0.000878824
0.00110234
0.00133239
0.00156811
0.00182904
0.00211243
0.00240968
0.00271679
0.00304177
0.00338333
0.00373477
0.000469972
0.000553227
0.000639121
0.000728716
0.000824102
0.000926814
0.00103831
0.0011574
0.00128342
0.00141809
0.00156012
0.00170946
0.001859
0.00239274
0.00255419
0.00255265
0.00220869
0.00241983
0.00261142
0.00201412
0.00227405
0.00252958
0.00276444
0.00179976
0.00209296
0.00239297
0.00267881
0.00292237
0.00154286
0.00184776
0.00216936
0.00248429
0.00276531
0.00298992
0.00122512
0.00151932
0.00184119
0.00216756
0.00247474
0.00274151
0.00295584
0.000874846
0.00112917
0.00143366
0.00176147
0.00208522
0.00238561
0.00265177
0.00288124
0.000566525
0.000741643
0.000993909
0.00130183
0.0016347
0.0019638
0.00227764
0.00257108
0.00284556
0.000411125
0.000513443
0.000685215
0.000933307
0.00123557
0.00156903
0.00191169
0.00224721
0.00257741
0.00290471
0.000374825
0.000472206
0.000591195
0.000754378
0.000987031
0.00128643
0.00162675
0.00198747
0.00235894
0.00273865
0.00312304
0.000431732
0.000595464
0.000763411
0.00093988
0.00113775
0.00137926
0.00166941
0.00199759
0.00235055
0.00272525
0.00311669
0.003519
0.000462532
0.000657358
0.00087929
0.00110999
0.00134537
0.0015912
0.00186454
0.00215756
0.00246089
0.00277696
0.00311198
0.003466
0.0038215
0.000388092
0.000470579
0.000554975
0.000642988
0.000735084
0.000833827
0.000940135
0.00105563
0.00117728
0.00130744
0.00144459
0.00159135
0.00174048
0.00189198
0.0025154
0.00229765
0.00247778
0.00265715
0.00264588
0.00262117
0.0020575
0.00228404
0.00248931
0.00266848
0.00182458
0.00208626
0.00234871
0.00259517
0.00281639
0.00158847
0.00187368
0.00217732
0.002479
0.00275062
0.00297026
0.00132508
0.00161586
0.00193552
0.00226334
0.00257119
0.00283011
0.00302519
0.0010152
0.00128674
0.00159897
0.00192958
0.00225396
0.00254743
0.00279046
0.00297909
0.000693757
0.000910025
0.00119
0.00150983
0.00183961
0.00215439
0.00243921
0.00268708
0.00290079
0.000439615
0.000563911
0.000769764
0.00104876
0.00137087
0.00170155
0.00202094
0.00232397
0.00260868
0.0028768
0.000327793
0.000393099
0.000515892
0.000714475
0.000984452
0.00129672
0.00163278
0.0019691
0.00230021
0.00263086
0.00296138
0.000278985
0.000363831
0.000469111
0.000597491
0.000778566
0.00103299
0.00134635
0.00169263
0.00205659
0.00243336
0.00282063
0.00321311
0.000281686
0.000433367
0.000598456
0.000770281
0.000954578
0.00116546
0.00142259
0.00172671
0.00206415
0.00242732
0.00281303
0.00321822
0.00362812
0.000353764
0.000462055
0.000656575
0.000883438
0.0011208
0.00136206
0.00161973
0.00190518
0.00220498
0.00251559
0.00284035
0.00318976
0.00355283
0.00391494
0.000304882
0.000388712
0.000471597
0.000557505
0.000647743
0.000742769
0.000844769
0.00095532
0.00107368
0.00119919
0.00133191
0.00147426
0.00162226
0.00177516
0.00192142
0.00262389
0.00243925
0.00262763
0.00218876
0.00239522
0.00256578
0.00270786
0.00276614
0.00273684
0.0026865
0.00191014
0.00213521
0.00236306
0.00255551
0.00272403
0.00164035
0.00189376
0.00216375
0.00242094
0.0026522
0.00286263
0.00138509
0.00165494
0.00195469
0.00226466
0.00255911
0.00280763
0.00300372
0.00111874
0.00138921
0.00169836
0.00202958
0.00235703
0.00264812
0.0028769
0.00304372
0.000823107
0.00106502
0.00135932
0.00168584
0.00202017
0.00233611
0.00260839
0.00282326
0.00298885
0.000541653
0.000712476
0.000958236
0.00126047
0.00158907
0.00191398
0.00221502
0.00248106
0.0027105
0.00291451
0.000346459
0.000421512
0.000573616
0.000811315
0.00111177
0.00143931
0.00176126
0.00206935
0.00236195
0.00264113
0.00290547
0.000265657
0.000302165
0.000384654
0.000529556
0.000754357
0.00103905
0.00135804
0.00169141
0.00201993
0.00234966
0.00268394
0.00301962
0.000213391
0.000262817
0.000358066
0.00046884
0.000609211
0.000810975
0.00108462
0.00140734
0.00175728
0.00212552
0.00250968
0.00290741
0.00330691
0.000196467
0.000284863
0.00043629
0.000600874
0.000779396
0.000973737
0.0011986
0.00147136
0.0017866
0.00213408
0.00250771
0.0029086
0.0033262
0.00374425
0.000235167
0.000356604
0.000462583
0.000658114
0.000892757
0.00113435
0.00138359
0.00165435
0.00194934
0.00225552
0.00257276
0.00291088
0.00327296
0.00364923
0.00400567
0.000203619
0.000305464
0.000389559
0.000473302
0.000561018
0.000653786
0.00075156
0.000857758
0.000971497
0.00109376
0.0012215
0.00135957
0.00150406
0.00165746
0.00180725
0.00195342
0.00266051
0.0025331
0.00275626
0.00232564
0.00256368
0.00274409
0.00206015
0.00229021
0.00250305
0.00265252
0.0026886
0.00282334
0.0028754
0.00281953
0.0027499
0.00175805
0.00198595
0.00222176
0.00244263
0.00261666
0.00278591
0.00146202
0.00170233
0.00197091
0.00224353
0.00248664
0.00270089
0.00291233
0.00119189
0.00144231
0.0017296
0.0020408
0.00235076
0.00262568
0.00284688
0.00302998
0.000927114
0.00117217
0.00146399
0.00178903
0.00212661
0.00244437
0.00270788
0.0029034
0.00305112
0.000653041
0.000858763
0.00112749
0.00144157
0.00177759
0.0021095
0.00240909
0.00265267
0.00283709
0.00299139
0.00041934
0.000541518
0.000744896
0.00101892
0.00133772
0.00166741
0.0019814
0.00226442
0.00250968
0.00272395
0.00292504
0.000285817
0.00031811
0.000416497
0.000597944
0.000864517
0.0011797
0.00150277
0.00181181
0.00210852
0.00239321
0.00266902
0.00293448
0.00023278
0.000232532
0.000285035
0.000384004
0.000554699
0.000802562
0.00109611
0.00141679
0.00174174
0.00206584
0.00239779
0.00273892
0.00308021
0.000198681
0.000194199
0.000255857
0.000354594
0.000471716
0.000628156
0.000851323
0.00113969
0.00146758
0.00182124
0.00219558
0.00259077
0.0029993
0.00340489
0.000179977
0.000194026
0.000290328
0.000437481
0.000605243
0.000792777
0.000998038
0.00123787
0.00152389
0.00185
0.00220703
0.0025955
0.00301152
0.00344401
0.00386028
0.000156984
0.000243341
0.000358518
0.000464319
0.000664931
0.000904943
0.00115131
0.0014115
0.00169407
0.00199706
0.00230777
0.00263598
0.00298722
0.0033677
0.00374729
0.00409756
0.000151915
0.000203324
0.000306404
0.000390921
0.000475952
0.000565875
0.000660973
0.00076235
0.000871984
0.000989727
0.0011142
0.00124683
0.00138747
0.00153861
0.00169105
0.00184324
0.00197717
0.00262221
0.00254649
0.00280037
0.00239311
0.00267456
0.00289423
0.00218327
0.00244716
0.00270413
0.00285601
0.00191684
0.00215577
0.00240747
0.00261758
0.00273331
0.00262304
0.00279929
0.00293679
0.00296603
0.00288556
0.00282136
0.00160225
0.00182894
0.00207313
0.00231695
0.00251883
0.00267503
0.00286772
0.00128906
0.00151547
0.00177284
0.00205435
0.00232116
0.00254317
0.00274826
0.00298002
0.00101064
0.00123843
0.00150862
0.00181143
0.00212911
0.0024265
0.00267278
0.0028739
0.00306234
0.000753326
0.000968103
0.00123742
0.00154839
0.0018853
0.0022213
0.00251783
0.00274504
0.00291282
0.00306055
0.000511222
0.000672277
0.000908236
0.00120192
0.00153135
0.00187102
0.00219298
0.00246653
0.00267405
0.00283958
0.0029955
0.000337295
0.000401801
0.000556034
0.000791552
0.00109016
0.00141797
0.00174104
0.00203883
0.00230011
0.002526
0.0027317
0.00293873
0.000266485
0.000245863
0.000300356
0.000421268
0.000636611
0.000926566
0.00124674
0.00155772
0.0018532
0.00213935
0.00242009
0.00269523
0.00296702
0.000238774
0.000198248
0.000209073
0.000275259
0.000393402
0.000591124
0.000854942
0.00115337
0.00147013
0.00178559
0.002109
0.00244746
0.00279691
0.0031442
0.000214202
0.000179677
0.000180449
0.000252435
0.00035328
0.000480125
0.000655063
0.000898266
0.00119576
0.00152734
0.00188553
0.00226986
0.00267768
0.00309761
0.00350306
0.000177784
0.000171542
0.000195011
0.000294351
0.00043903
0.000613752
0.000811166
0.00102852
0.00128198
0.00158064
0.00191603
0.00228659
0.00269068
0.00312607
0.00356586
0.0039751
0.000154091
0.000154806
0.000252552
0.000360488
0.000467846
0.000675888
0.000920183
0.00117338
0.00144563
0.00173839
0.00204637
0.00236468
0.00270417
0.00307607
0.00346819
0.00385244
0.0041683
0.00012795
0.000151884
0.000203332
0.000308215
0.000393019
0.00047997
0.000571842
0.000669925
0.000774541
0.000888464
0.0010084
0.00113742
0.00127249
0.00142026
0.00157256
0.00172968
0.00187249
0.00199871
0.00253599
0.00249155
0.00275634
0.00238202
0.00269258
0.00294768
0.00222426
0.00252445
0.00283763
0.00302639
0.00202453
0.00229062
0.00259178
0.00285444
0.00295955
0.00176321
0.00200218
0.00226796
0.00254185
0.00272947
0.00280592
0.00257784
0.00271749
0.00290495
0.0030332
0.00302421
0.00295268
0.00291467
0.0014433
0.00166449
0.00191166
0.00217488
0.00241804
0.0025878
0.00274085
0.00298714
0.00112154
0.001332
0.00157805
0.00185263
0.00214235
0.00239288
0.00259226
0.0028084
0.00308075
0.000843448
0.00104527
0.00129512
0.00158362
0.00189918
0.00221413
0.00248542
0.00270271
0.00290391
0.00312118
0.000602197
0.00078026
0.00102204
0.00131363
0.0016402
0.00198314
0.00230658
0.00256918
0.00275727
0.00291812
0.00308961
0.000404692
0.000511144
0.000706068
0.00097156
0.00128653
0.00162556
0.00196198
0.00226402
0.00250052
0.00267813
0.00283899
0.00301345
0.000303857
0.000303524
0.000397715
0.000585006
0.000851979
0.00116874
0.00149676
0.00180642
0.0020832
0.00232124
0.00253152
0.00273972
0.00296301
0.000275801
0.000219812
0.000218216
0.000293575
0.000439891
0.000688094
0.000993837
0.00130782
0.00160207
0.00188487
0.00216378
0.00244534
0.00272382
0.00300801
0.000261299
0.000201657
0.000171685
0.000193899
0.000273079
0.000414367
0.000636949
0.000908705
0.00120796
0.00151511
0.00182495
0.00215277
0.00250067
0.00285957
0.0032117
0.000231304
0.000193587
0.000162729
0.000171877
0.000250439
0.000354961
0.000495219
0.000690088
0.000948971
0.00125178
0.00158696
0.00195314
0.00234997
0.00277257
0.0031994
0.00359908
0.000182637
0.000167254
0.000164821
0.000198268
0.000296961
0.000443312
0.000627553
0.00083544
0.00106427
0.0013313
0.00164016
0.00198785
0.00237284
0.0027983
0.00324796
0.00369191
0.0040715
0.000134806
0.000150513
0.00015342
0.00026201
0.000362697
0.000473658
0.000690622
0.000939225
0.00120161
0.00148591
0.00178504
0.00209934
0.00242526
0.00278424
0.00317361
0.00358097
0.00394433
0.00421573
9.15523e-05
0.000126504
0.000151838
0.00020372
0.000311201
0.000396201
0.000485256
0.000579607
0.000680223
0.000789063
0.000905509
0.0010297
0.00116072
0.00130297
0.00145297
0.00161271
0.00176311
0.0019017
0.00200694
0.00246535
0.00239759
0.00265058
0.00231541
0.0026308
0.00289843
0.00219349
0.00251409
0.0028634
0.00308778
0.00204502
0.00233412
0.0026854
0.003015
0.00314615
0.00185789
0.00211504
0.00241994
0.00276267
0.00299747
0.00302293
0.00160227
0.00183742
0.00210075
0.00240341
0.00268822
0.00282593
0.00287807
0.00261633
0.00265
0.00280637
0.00299992
0.00308848
0.00307151
0.00304066
0.00306397
0.00128183
0.00149516
0.00173698
0.00201028
0.0022931
0.0025183
0.00265058
0.00283377
0.00316098
0.000961557
0.00115234
0.00138417
0.00165095
0.00194334
0.00223057
0.00245345
0.00264241
0.00290148
0.00322749
0.000694793
0.000865064
0.00109096
0.00136178
0.00166669
0.00199047
0.00228747
0.00252403
0.0027265
0.00295735
0.00322469
0.000482598
0.000613007
0.000820981
0.00108848
0.0013987
0.0017361
0.00207641
0.00237326
0.00258706
0.00275973
0.00293736
0.00315751
0.000352865
0.000386517
0.000526619
0.000754947
0.00104761
0.00137845
0.00172039
0.00204457
0.00231452
0.00250838
0.00267185
0.0028475
0.00306315
0.000309662
0.000258945
0.000277579
0.000406457
0.000630467
0.000924113
0.00125045
0.00156982
0.00186009
0.00211177
0.00232652
0.00253279
0.00275606
0.00301017
0.000296499
0.000231739
0.000179921
0.000201793
0.000295463
0.000474679
0.000749552
0.00106094
0.00135907
0.00163638
0.00190837
0.00218577
0.00246919
0.00276055
0.00306492
0.000272052
0.000230144
0.000170275
0.000151628
0.000186154
0.000279467
0.00044706
0.000688779
0.000962848
0.00125753
0.00155309
0.00186339
0.00219963
0.00255933
0.00292767
0.00328536
0.000225858
0.00021345
0.000174697
0.000151609
0.000170604
0.000250377
0.00036165
0.000518011
0.000732747
0.0010015
0.00130755
0.00164893
0.002026
0.00243895
0.00287373
0.00330328
0.00368584
0.000161659
0.000172907
0.000158701
0.000160806
0.000202248
0.000300131
0.000452365
0.000647559
0.000864803
0.00110586
0.00138403
0.001705
0.0020654
0.00247138
0.00291581
0.00337924
0.00380679
0.00414223
9.99986e-05
0.000130306
0.000147409
0.000153352
0.000270937
0.000365855
0.000482087
0.000709011
0.000963135
0.00123686
0.00152986
0.00183522
0.00215441
0.00249606
0.00287399
0.00328787
0.00368844
0.00402263
0.00420747
6.19533e-05
9.03943e-05
0.000125149
0.00015194
0.000205376
0.000315353
0.000400585
0.000491855
0.000588523
0.000692903
0.000804493
0.000925033
0.00105113
0.00118844
0.00133385
0.00149267
0.00164918
0.00179893
0.00191553
0.00200678
0.00246725
0.00231417
0.00255135
0.00222068
0.0025177
0.00277096
0.00212008
0.00244079
0.00279422
0.00303298
0.0020019
0.0023009
0.00267892
0.00305139
0.00321045
0.00186604
0.00213306
0.00247063
0.00288118
0.00318426
0.00320354
0.0016881
0.00193438
0.00222073
0.0025815
0.00295336
0.00312026
0.00306759
0.00143635
0.00166632
0.00192027
0.00221977
0.00256665
0.00283014
0.00290103
0.00297168
0.00274906
0.00267663
0.00271721
0.00288121
0.00305686
0.00311564
0.00313388
0.00317233
0.00328284
0.00112057
0.00132219
0.00155547
0.00182314
0.00212969
0.00242495
0.00260664
0.00271985
0.00298433
0.00338844
0.000814083
0.000979242
0.0011923
0.0014469
0.00173747
0.00204356
0.00231347
0.00250343
0.00271482
0.00304817
0.00342563
0.000572288
0.000702162
0.000898414
0.00114788
0.00143741
0.0017566
0.00207836
0.00234208
0.00254693
0.00276933
0.00305819
0.00338429
0.000415276
0.000477667
0.000637904
0.000875658
0.0011655
0.00148954
0.00183171
0.00215631
0.00240625
0.00258919
0.00276544
0.00299514
0.00328318
0.000351619
0.000318162
0.000381634
0.000557183
0.000819032
0.00113402
0.00147389
0.00181086
0.00211062
0.00232988
0.0025017
0.00266784
0.00288477
0.0031638
0.000331136
0.000264985
0.000216391
0.000268833
0.000431149
0.000690689
0.00100444
0.00133027
0.00163313
0.00189871
0.00212059
0.00232469
0.00253905
0.00279383
0.00309546
0.000309829
0.000259614
0.000189812
0.000154337
0.000195126
0.000309602
0.00052381
0.00081679
0.00112131
0.00139845
0.00166114
0.00192768
0.00220828
0.00249933
0.00281342
0.00315018
0.000266606
0.000246822
0.000200612
0.000148099
0.000138355
0.000184678
0.000295843
0.000490213
0.000740149
0.00101495
0.00129926
0.00158791
0.00190394
0.00225266
0.00262493
0.00300462
0.00337016
0.00020013
0.000210641
0.000195202
0.000161402
0.000147185
0.000172753
0.000252406
0.000374496
0.000548719
0.000780291
0.00105424
0.0013652
0.00171528
0.0021079
0.00253642
0.00298114
0.00340295
0.00376458
0.000120701
0.000153993
0.000163692
0.000153227
0.00015897
0.000206274
0.000306249
0.000467577
0.000672955
0.000899802
0.00115153
0.00144209
0.00177456
0.00215439
0.00258097
0.00304721
0.00350688
0.00390528
0.00416741
7.57243e-05
9.73193e-05
0.000126223
0.00014483
0.000154452
0.000278761
0.000370264
0.000492636
0.000731224
0.000993426
0.00127749
0.00157785
0.00188698
0.00221724
0.00257605
0.00298295
0.00340463
0.00379174
0.0040409
0.00414785
6.0509e-05
8.9248e-05
0.000123952
0.000151871
0.000208788
0.000320793
0.000406264
0.000499804
0.000599407
0.000706548
0.000822473
0.000944502
0.00107657
0.0012164
0.00137213
0.00153019
0.0016906
0.00181957
0.0019222
0.001985
0.00256103
0.0022974
0.00253594
0.0021344
0.0024065
0.00264083
0.0020268
0.00233081
0.0026568
0.00288497
0.00192564
0.00222209
0.00259757
0.00297482
0.00314537
0.00181808
0.00208539
0.0024374
0.00288219
0.00323275
0.00326131
0.00169179
0.00193783
0.00223875
0.00264703
0.00310535
0.00332148
0.0032155
0.00151779
0.00175453
0.00201913
0.00235231
0.00278363
0.00313888
0.00318562
0.00313986
0.00126856
0.00149081
0.00173612
0.00201667
0.00237006
0.00275328
0.00294183
0.00295689
0.00313055
0.0029263
0.00281461
0.00273098
0.00277269
0.00293514
0.00307743
0.00315881
0.00325702
0.00339153
0.00354755
0.000965333
0.00114851
0.00136978
0.00162641
0.00192897
0.00227486
0.00255782
0.00267853
0.00282388
0.00321844
0.00364809
0.000687574
0.000818384
0.00100571
0.00124279
0.00152324
0.00184112
0.00215151
0.00238375
0.00255572
0.002839
0.00326183
0.00366767
0.000494964
0.000567248
0.000721524
0.000944176
0.00121501
0.00152147
0.0018521
0.00215409
0.00237466
0.00257484
0.00285511
0.00322418
0.00360692
0.000403356
0.000389252
0.000481392
0.000678054
0.000943007
0.0012498
0.00158294
0.00192077
0.00221273
0.00241218
0.00258506
0.0028036
0.00311451
0.00348138
0.000371368
0.000310741
0.000289298
0.000388923
0.000604812
0.000896374
0.00122717
0.00156813
0.00188991
0.0021458
0.00232985
0.00248241
0.00268506
0.00297369
0.00333571
0.000345692
0.000291655
0.000220831
0.000181196
0.000271383
0.000473943
0.000763885
0.00108812
0.00140314
0.0016829
0.0019166
0.00211941
0.00232033
0.00256205
0.00287058
0.00323946
0.000302162
0.000280205
0.000223152
0.000154671
0.000139227
0.000196218
0.000336941
0.000584476
0.000885488
0.00117074
0.00142692
0.00167938
0.00194541
0.00223265
0.00254445
0.00289587
0.00328145
0.00023391
0.000247183
0.00022183
0.000172751
0.000130571
0.000130418
0.000189372
0.000323579
0.000540494
0.000792611
0.00106245
0.00133377
0.00162329
0.0019506
0.00231388
0.00270152
0.00309668
0.00348022
0.000149246
0.000189928
0.000195298
0.0001778
0.000146225
0.000140539
0.000175667
0.000258438
0.000394178
0.000587683
0.00083014
0.00110812
0.00142621
0.00179013
0.00219964
0.00264388
0.00308986
0.00349974
0.00383485
9.04677e-05
0.000115861
0.000146274
0.000155249
0.00014596
0.000159561
0.000209893
0.000316374
0.000488196
0.00070392
0.0009391
0.00120275
0.00150438
0.0018543
0.0022544
0.00270746
0.00318201
0.00362704
0.00396188
0.00415257
7.34686e-05
9.47177e-05
0.000122656
0.00014281
0.000158984
0.00028592
0.000376333
0.000509711
0.000758038
0.00102903
0.00132331
0.00162711
0.00194455
0.00228681
0.00267562
0.00310076
0.0035268
0.00384397
0.00401311
0.0039365
5.9059e-05
8.81887e-05
0.000122849
0.000151866
0.000214238
0.000327153
0.000413271
0.000509547
0.000611384
0.000722666
0.000840587
0.000967553
0.00110213
0.0012517
0.00140947
0.00157445
0.00171877
0.00183212
0.0019079
0.00194553
0.00270512
0.00236137
0.00262857
0.00210942
0.00237073
0.00260331
0.0019409
0.00222249
0.0025118
0.00272527
0.00183346
0.00211862
0.00246688
0.00280919
0.00297606
0.00174197
0.00200491
0.00235233
0.00279067
0.00315154
0.00320192
0.00164496
0.00188439
0.00218836
0.00261663
0.00311782
0.00337389
0.00326392
0.0015233
0.00175339
0.00201887
0.00237489
0.00287511
0.00332816
0.00338087
0.00325654
0.00134878
0.00157644
0.00182536
0.0021188
0.0025255
0.00302243
0.00328135
0.00319753
0.0032831
0.0011038
0.00131273
0.00155036
0.00181326
0.00213689
0.00256145
0.00293922
0.00302232
0.00305151
0.00339895
0.00309875
0.00300719
0.00287458
0.00277452
0.00281123
0.00295853
0.00311369
0.00326061
0.00343618
0.00365686
0.00382398
0.000825674
0.000980446
0.00118296
0.00142591
0.00171257
0.00206361
0.00244337
0.00266749
0.00274735
0.00301993
0.00350829
0.00392215
0.000597034
0.000680146
0.00083083
0.00104254
0.00130558
0.00161774
0.00196395
0.00226179
0.0024391
0.00264067
0.0030467
0.0035332
0.0039492
0.000468839
0.000472444
0.000568764
0.0007544
0.00100166
0.0012913
0.00161493
0.00194665
0.00220947
0.00239555
0.00263601
0.00301316
0.00346253
0.00389401
0.000418152
0.000366768
0.000371953
0.000502408
0.000733105
0.00101976
0.00133807
0.00167502
0.00199492
0.00222734
0.00240168
0.00259662
0.00290448
0.003314
0.00376146
0.000383646
0.000332107
0.000271711
0.000270175
0.000414777
0.000669148
0.000983939
0.00132193
0.00165552
0.00194822
0.00215271
0.00230051
0.00247817
0.00275177
0.0031387
0.00359507
0.00033481
0.000313396
0.000252326
0.000179148
0.000162447
0.000292098
0.000534476
0.000846329
0.0011694
0.00146479
0.00171542
0.00191932
0.0021064
0.0023253
0.0026225
0.00300993
0.00346744
0.000263451
0.000279806
0.000250614
0.000187378
0.00013113
0.000131078
0.000206311
0.000377988
0.000652786
0.000947219
0.00120731
0.00144733
0.00169415
0.0019674
0.00226836
0.00261861
0.0030275
0.00347942
0.000176362
0.000221395
0.000227968
0.000197671
0.000149226
0.000118523
0.000126581
0.000201285
0.000362951
0.00059209
0.000843533
0.00110361
0.00136624
0.00166402
0.00200616
0.00238766
0.00279629
0.00322069
0.003638
0.000110673
0.000142956
0.000179546
0.000180374
0.000162351
0.000134329
0.000135966
0.000178211
0.000269045
0.000421436
0.000632723
0.000881373
0.00116492
0.00149465
0.0018753
0.0023042
0.00275773
0.00320215
0.00359656
0.00391399
8.70706e-05
0.00011089
0.000138627
0.000147336
0.000139541
0.000161153
0.000213047
0.000329704
0.000514375
0.00073876
0.00098401
0.00125791
0.00157574
0.00194398
0.00237283
0.00284293
0.00331836
0.00371487
0.0039813
0.00408244
7.11672e-05
9.233e-05
0.000119559
0.000141204
0.000166328
0.000293502
0.000384807
0.000532741
0.000789265
0.00107122
0.00137133
0.00168078
0.00200652
0.00237399
0.00278792
0.00323213
0.00361084
0.00383907
0.00384797
0.00363786
5.76534e-05
8.71579e-05
0.000121791
0.000151862
0.000221938
0.000334283
0.000421821
0.000520027
0.000625869
0.000739061
0.000861901
0.00099031
0.00113448
0.00128666
0.00145526
0.00160828
0.00173958
0.00182621
0.00187369
0.00188423
0.00285139
0.00247641
0.0027841
0.00215142
0.00242935
0.00269362
0.00191043
0.00218126
0.00244891
0.00266289
0.00174633
0.00201719
0.00232869
0.00262498
0.00279207
0.00165018
0.00190628
0.00223497
0.00263176
0.00295816
0.00303009
0.00157112
0.0018044
0.00210398
0.00252228
0.00301482
0.0032898
0.00320689
0.00148155
0.00170083
0.00196132
0.00232384
0.00285094
0.0033556
0.00343595
0.00328081
0.00136004
0.00157815
0.00181968
0.00211675
0.00256102
0.00315233
0.00349516
0.00337413
0.00338193
0.00118322
0.00139955
0.00163901
0.00190258
0.00224662
0.00275691
0.00326455
0.00334326
0.00325341
0.00353459
0.000949805
0.00113636
0.00136269
0.0016144
0.00190356
0.00229655
0.00279219
0.00307858
0.00304818
0.00322225
0.00371458
0.0032514
0.00319468
0.00308484
0.00292381
0.00280375
0.0028352
0.00299227
0.00319797
0.00342243
0.00369576
0.00392386
0.0040847
0.000713544
0.000828613
0.00100136
0.00122493
0.00149343
0.00182222
0.00223572
0.00261223
0.00273931
0.00284739
0.00330744
0.00382895
0.00420077
0.000549397
0.000578085
0.000678628
0.000853258
0.00109107
0.00138411
0.00173701
0.00210596
0.00235444
0.00249691
0.00280898
0.00333129
0.00385206
0.00426466
0.00047141
0.000436504
0.000458302
0.000585947
0.00080062
0.0010689
0.0013774
0.00171845
0.00203321
0.00224019
0.00242942
0.00276828
0.00325488
0.00377375
0.00424307
0.000424316
0.00038061
0.000333933
0.00036799
0.00054032
0.000800622
0.0011018
0.0014275
0.00176117
0.00203952
0.00222613
0.00239374
0.00266657
0.00309173
0.00360515
0.00412557
0.000366742
0.000350475
0.000293871
0.000235221
0.000266125
0.000460059
0.000747817
0.00107658
0.00141297
0.00172856
0.00196549
0.00212993
0.00227574
0.00251129
0.00289746
0.00339869
0.00395104
0.000289417
0.000310577
0.000281194
0.000213637
0.00014338
0.000158512
0.000330696
0.000610698
0.000931948
0.00124251
0.00151139
0.00172485
0.00190559
0.00209785
0.00236244
0.00274639
0.00323901
0.00379854
0.000198396
0.000249133
0.000257478
0.000221706
0.000156496
0.000113028
0.000128521
0.000227425
0.00043492
0.000723224
0.000997353
0.00123278
0.00146279
0.00171098
0.00199635
0.00233046
0.0027433
0.00323327
0.00375809
0.000131111
0.000169027
0.000208497
0.000209131
0.000175481
0.000130133
0.000111141
0.000127026
0.00022301
0.000411034
0.000643197
0.000891038
0.00113707
0.00140221
0.00171387
0.00207567
0.00248131
0.00292845
0.00340312
0.00386959
0.000106356
0.000136406
0.000168864
0.000166353
0.00014893
0.000127322
0.000134112
0.000183384
0.000284672
0.000457255
0.000681148
0.00093392
0.00122791
0.00157291
0.00197504
0.00241931
0.00288128
0.00332184
0.00371512
0.00401901
8.35264e-05
0.000105877
0.000131305
0.000140477
0.000134846
0.000163677
0.000219236
0.000348582
0.00054474
0.000778155
0.00103294
0.0013211
0.00165578
0.00205183
0.00250412
0.00298838
0.0034315
0.00377123
0.00395422
0.00398666
6.88837e-05
9.01639e-05
0.000116877
0.000139767
0.000176659
0.000301802
0.000395765
0.000559301
0.000826346
0.00111761
0.0014232
0.00173637
0.00208267
0.00247435
0.00292169
0.00333931
0.00364065
0.00373242
0.00356933
0.00323043
5.62362e-05
8.61837e-05
0.000120751
0.000151973
0.000231521
0.000342085
0.000431466
0.000532384
0.000640921
0.00075852
0.000882704
0.00101929
0.00116673
0.00133105
0.00149341
0.00163699
0.00173907
0.00179732
0.00181365
0.00183027
0.00298466
0.00259877
0.00294343
0.0022417
0.00255244
0.00286183
0.00193446
0.0022173
0.00249856
0.00275107
0.00170816
0.00197559
0.00226251
0.00252679
0.0027074
0.00155998
0.00180872
0.00211198
0.00245426
0.00273441
0.00283081
0.00147888
0.00170761
0.00199764
0.0023841
0.00282007
0.00307581
0.00303981
0.00141118
0.00162284
0.00187867
0.00223385
0.00274234
0.00324311
0.00334964
0.00321741
0.00132543
0.00153102
0.00176238
0.0020565
0.00251131
0.00313816
0.00353644
0.00341729
0.00337921
0.00120118
0.00140883
0.0016369
0.00189285
0.00224682
0.00281864
0.00344053
0.00356077
0.00338192
0.0035835
0.00102512
0.00122467
0.00145566
0.00170439
0.00199269
0.00242477
0.0030484
0.00344061
0.00333522
0.00340571
0.00383915
0.00081673
0.000970006
0.00117542
0.0014173
0.00168422
0.00201949
0.00251381
0.00302947
0.0031406
0.00314272
0.0035393
0.00403149
0.00339505
0.00336025
0.00328834
0.00315501
0.00295739
0.00281841
0.00285582
0.0030589
0.00333511
0.00366952
0.00395179
0.00415504
0.00432007
0.00063701
0.00070606
0.000836327
0.00102899
0.00127598
0.00157695
0.00196858
0.0024439
0.00274263
0.00279355
0.00308073
0.00365972
0.00415644
0.00448016
0.000529928
0.000523417
0.000563348
0.000685867
0.000887159
0.00115259
0.00148528
0.00188714
0.00225066
0.00241754
0.00259751
0.00307717
0.00367954
0.00420715
0.00460723
0.000466644
0.000437029
0.000408107
0.000455501
0.000617824
0.00085824
0.00114455
0.00147716
0.00183108
0.0020995
0.00226278
0.00251892
0.00299463
0.00358055
0.00415374
0.00464682
0.000398707
0.000391675
0.000344975
0.000306357
0.000378036
0.000594592
0.000876258
0.00118537
0.00151681
0.00183375
0.00204923
0.00220307
0.00242224
0.00282457
0.00338205
0.00398918
0.00456918
0.000313439
0.000341835
0.000317602
0.000257283
0.000202327
0.000282098
0.00052381
0.000836004
0.00116775
0.00149493
0.00177394
0.00196363
0.0020807
0.00227314
0.00262283
0.0031461
0.00376651
0.0044074
0.00021474
0.000273792
0.000286156
0.000249754
0.000177588
0.000120929
0.000167513
0.000388662
0.000696149
0.001014
0.00130316
0.00153676
0.00171938
0.00188451
0.00210624
0.00246031
0.00296481
0.00358287
0.00424912
0.000145357
0.000190888
0.000234369
0.000235528
0.000194826
0.00013141
0.000101876
0.000132828
0.000261401
0.000504402
0.000787854
0.00103441
0.00125284
0.00147742
0.00173625
0.00204532
0.0024416
0.00294834
0.00353692
0.0041605
0.000126474
0.000161228
0.000195453
0.000191037
0.000155567
0.000115098
0.00010667
0.000133719
0.000255811
0.000460988
0.000693833
0.000933803
0.00117075
0.00144669
0.00177806
0.0021658
0.00261519
0.00312856
0.00367442
0.00417534
0.000101779
0.000129578
0.000158198
0.000153281
0.000137885
0.000124394
0.000134753
0.000191454
0.000306352
0.000500499
0.000731212
0.000992068
0.00129952
0.00166619
0.00208854
0.00254931
0.00301927
0.00347544
0.00387797
0.00418695
7.98934e-05
0.000100938
0.000124375
0.000134743
0.000131827
0.000168691
0.000229345
0.000372048
0.000579325
0.000821146
0.00108925
0.00139149
0.00175275
0.00217459
0.00265287
0.00312024
0.00352207
0.00378751
0.00390783
0.00390822
6.6639e-05
8.82502e-05
0.000114884
0.000137366
0.000189821
0.000310063
0.000408544
0.000590781
0.000868281
0.00116846
0.00147575
0.0018027
0.00217023
0.00260115
0.00304414
0.00340487
0.0035836
0.00348402
0.00317513
0.00273966
5.48908e-05
8.51357e-05
0.000119687
0.000151952
0.000242613
0.000349923
0.000442833
0.000545364
0.000658721
0.000777419
0.000908788
0.00104763
0.00120884
0.00137089
0.00152925
0.00164274
0.00172391
0.00174105
0.00176523
0.00184934
0.00311996
0.00271567
0.00308826
0.00234263
0.0026857
0.00303459
0.00200231
0.00231403
0.00262923
0.00293452
0.0017142
0.00199622
0.00228751
0.00256488
0.00279465
0.00150535
0.00176448
0.00205169
0.00235138
0.00259588
0.0027269
0.00138248
0.00160959
0.00188651
0.00223058
0.00259556
0.00282031
0.00284466
0.00131806
0.00152567
0.00177752
0.00211596
0.00257252
0.00301015
0.00312561
0.00305374
0.00125919
0.00145609
0.00168162
0.00197133
0.00241064
0.00301114
0.00342325
0.00333865
0.00329286
0.00117429
0.00136972
0.00158487
0.00183196
0.00218504
0.00277271
0.00344042
0.00360332
0.00340574
0.00355706
0.00104747
0.00124287
0.00146269
0.00169842
0.00198009
0.00243547
0.00315274
0.00365598
0.00352097
0.00351254
0.00387513
0.000881626
0.00105589
0.00127294
0.00151512
0.00177349
0.00211108
0.00268129
0.00335826
0.00349728
0.00337147
0.00369372
0.00412816
0.000712902
0.000825387
0.000996508
0.0012204
0.00147546
0.00176595
0.00218261
0.00279319
0.00320203
0.00314641
0.0033311
0.00390195
0.00431658
0.00353969
0.00351485
0.0034664
0.00337621
0.00321272
0.00297396
0.00282887
0.00289694
0.00317246
0.00356388
0.00392251
0.00416463
0.00434701
0.00453657
0.000588624
0.000622382
0.000703102
0.000849688
0.0010647
0.0013386
0.00168669
0.00216706
0.0026589
0.00280747
0.00289098
0.00342382
0.00403704
0.00447792
0.0047599
0.000508294
0.000501215
0.000500051
0.000557818
0.0007045
0.000932895
0.00123142
0.00161879
0.00206574
0.00236577
0.00246897
0.00280726
0.00343497
0.0040733
0.00458927
0.00497049
0.00043012
0.000435926
0.00040484
0.000385755
0.000465532
0.000663955
0.000923945
0.00123091
0.00159634
0.00194158
0.00213821
0.00230404
0.00270689
0.00331737
0.00398631
0.00459225
0.0050915
0.000336206
0.000374079
0.000359589
0.000312289
0.000287906
0.000409259
0.000661506
0.000954414
0.00126976
0.00160429
0.00187539
0.00203492
0.00219867
0.00253518
0.00309596
0.00377738
0.00446043
0.00507848
0.000228886
0.000297171
0.000316572
0.0002857
0.000223202
0.000181367
0.000323116
0.00060242
0.000926075
0.00125243
0.00156108
0.00178417
0.00191657
0.00205691
0.00233553
0.00284407
0.00351427
0.00424497
0.00494821
0.000147089
0.000207119
0.000257802
0.000262079
0.000220184
0.000144719
0.000110335
0.000203116
0.000463955
0.000782796
0.00108669
0.00134768
0.00154194
0.00169534
0.00187484
0.00216938
0.00265479
0.00330972
0.00405844
0.00478735
0.000142055
0.00018271
0.000219394
0.000214469
0.000170548
0.000111741
9.77383e-05
0.000146146
0.000309049
0.000577383
0.000840867
0.00106132
0.00127021
0.00149745
0.00177661
0.00213827
0.00263579
0.00326726
0.00398142
0.00468398
0.00012131
0.000153043
0.000182421
0.000174064
0.000138648
0.00010548
0.000102952
0.000148136
0.000297991
0.000510647
0.000742097
0.000969391
0.00121094
0.00150576
0.00186368
0.00229582
0.00282404
0.00343463
0.00403985
0.00462174
9.69402e-05
0.000122595
0.000147693
0.000141976
0.000128689
0.000122649
0.000139385
0.000201058
0.000338286
0.000547692
0.000784549
0.0010574
0.00138553
0.00177544
0.00222115
0.00269844
0.00320272
0.00369836
0.004114
0.0044748
7.62258e-05
9.61793e-05
0.000118268
0.000129557
0.000130821
0.000176476
0.000242634
0.000400113
0.00061751
0.000871006
0.0011514
0.00147671
0.00186496
0.00231954
0.00279673
0.00323977
0.00358334
0.00380253
0.00388385
0.00396352
6.44785e-05
8.66639e-05
0.000113351
0.000133877
0.000204418
0.000319439
0.000424335
0.000626698
0.000914851
0.00121949
0.00153539
0.00187672
0.00228536
0.00272847
0.00313883
0.00338329
0.00337937
0.00311265
0.00269142
0.00261684
5.35e-05
8.41055e-05
0.0001188
0.000151874
0.000255125
0.000358376
0.00045459
0.00056093
0.000675936
0.000800891
0.000934214
0.00108524
0.00124874
0.00140988
0.00154283
0.00163724
0.00167029
0.00169655
0.00179771
0.00196353
0.00327696
0.00284764
0.0032329
0.00244614
0.00281241
0.0031902
0.00208325
0.00242433
0.00277277
0.00312208
0.00175917
0.00207085
0.00238866
0.00270386
0.00299685
0.00149416
0.00177093
0.00206368
0.00235979
0.00262196
0.0028139
0.00130932
0.0015538
0.00183062
0.00213902
0.00244174
0.00264611
0.00272993
0.0012141
0.00142315
0.00167074
0.00198583
0.00237742
0.00273605
0.00285464
0.00285475
0.00116588
0.00135745
0.00158063
0.00186506
0.00227248
0.00279697
0.00316166
0.00312753
0.00311235
0.00111316
0.0012988
0.00150632
0.00174962
0.0020949
0.00265253
0.00329758
0.00348944
0.00332398
0.00343786
0.00102757
0.00121302
0.00141913
0.0016424
0.00191659
0.00237292
0.00311453
0.00367367
0.00356041
0.00350163
0.00383514
0.000903706
0.00108104
0.00129114
0.00151964
0.00176367
0.0020986
0.00271649
0.00351796
0.00371932
0.00350808
0.00374172
0.00414464
0.000761406
0.000901391
0.00109386
0.00132679
0.00157599
0.0018522
0.00228699
0.00302817
0.00357532
0.00346753
0.00353221
0.00403066
0.00436095
0.000637583
0.000711853
0.000839113
0.00102961
0.00127009
0.00153792
0.00187364
0.00242169
0.00309482
0.0032501
0.0032398
0.00369737
0.00424846
0.00456217
0.00359954
0.00366421
0.00363175
0.00356682
0.00345381
0.00325368
0.00297891
0.00285127
0.00299981
0.0033843
0.0038192
0.00413958
0.00433389
0.00449736
0.00472285
0.00054592
0.000568727
0.000610257
0.000703138
0.00087016
0.00110991
0.00141776
0.00184096
0.00242067
0.00281621
0.00284366
0.00315973
0.00383506
0.00440852
0.00478756
0.00502024
0.000459225
0.000481145
0.00047456
0.000481121
0.000558027
0.000735225
0.000991296
0.00133635
0.00179547
0.00224902
0.00242707
0.00257462
0.00313845
0.00385612
0.00449823
0.00498653
0.00533145
0.000357657
0.000406598
0.00040593
0.000376156
0.00037548
0.000493535
0.000720631
0.000995821
0.00133728
0.00173504
0.00202675
0.00215873
0.00243004
0.00300301
0.00373479
0.00445883
0.00507402
0.00555788
0.000241868
0.000319892
0.000349205
0.000328872
0.000283958
0.000283766
0.000459638
0.000734977
0.00103149
0.00135816
0.00168333
0.00188389
0.00201583
0.00225529
0.00276493
0.00348735
0.00427049
0.00500237
0.00562143
0.000147431
0.000220872
0.000280577
0.000291553
0.000255674
0.000192882
0.000178196
0.000383316
0.000689547
0.00101047
0.00132745
0.00159505
0.00176208
0.00185635
0.00206457
0.00251008
0.0031967
0.00400652
0.00481795
0.00552973
0.000147029
0.000199236
0.0002416
0.000238855
0.000193064
0.000120743
0.000110071
0.000257512
0.000551993
0.000864163
0.00114623
0.00136781
0.0015278
0.00167112
0.0018963
0.0023263
0.00298566
0.00380218
0.00463838
0.00537867
0.000137689
0.000173934
0.000204403
0.00019473
0.000148712
9.9392e-05
9.87284e-05
0.000171071
0.000371582
0.000646365
0.00088217
0.00108617
0.00128983
0.0015308
0.00185039
0.00231178
0.00295637
0.00374785
0.00456462
0.00525198
0.000115654
0.000144542
0.0001696
0.00015875
0.000124162
9.92763e-05
0.000103213
0.000172376
0.00034306
0.000561488
0.000788019
0.00100806
0.00126485
0.00158558
0.00198662
0.00250266
0.00315535
0.00386106
0.00456283
0.00512702
9.1924e-05
0.000115614
0.000137661
0.000132434
0.000120814
0.000121431
0.000145161
0.000215753
0.000379263
0.000598652
0.00084436
0.00113561
0.00148858
0.00190674
0.00237533
0.0029028
0.00347871
0.00401235
0.00448199
0.00486578
7.26015e-05
9.16097e-05
0.000113182
0.000124485
0.000131179
0.000183363
0.000262179
0.000430869
0.000661557
0.000925469
0.00122563
0.00157594
0.00200143
0.00246939
0.00293778
0.00334675
0.00366455
0.00383998
0.00397572
0.00432407
6.24241e-05
8.53891e-05
0.000113271
0.000129943
0.000220512
0.000328958
0.000441725
0.000667042
0.000962705
0.0012751
0.00159944
0.0019759
0.00241029
0.00284048
0.00315259
0.00324484
0.00304379
0.00263995
0.00258914
0.00209915
5.21996e-05
8.29499e-05
0.000118002
0.000152005
0.000267996
0.000367565
0.00046799
0.000576558
0.000696911
0.000822789
0.000967861
0.00112211
0.00129061
0.00142964
0.00154601
0.00159403
0.0016332
0.0017397
0.00196287
0.00338177
0.0030232
0.00339247
0.00257964
0.00295158
0.00334398
0.00217571
0.00253582
0.00290805
0.00328806
0.00181974
0.0021606
0.00250669
0.00285799
0.00320184
0.00151366
0.00182448
0.00214243
0.00246383
0.00277149
0.00304276
0.00127632
0.00154624
0.00183361
0.00213664
0.00242986
0.00266131
0.00281683
0.00112421
0.00134878
0.00160981
0.00190756
0.00223583
0.00252628
0.00265956
0.00272865
0.00105571
0.00124761
0.00147166
0.00174753
0.00211392
0.00254688
0.00284715
0.0028598
0.00288163
0.00102163
0.00119934
0.00140286
0.00164572
0.00197954
0.00247871
0.00303323
0.00321227
0.00311612
0.0032278
0.000973068
0.00114756
0.00134382
0.00156154
0.00183273
0.00227056
0.00296586
0.00352703
0.0034645
0.00338518
0.00369964
0.00088923
0.00105997
0.00125791
0.00147202
0.00170458
0.00203271
0.00265388
0.00349334
0.0037366
0.0035235
0.00369596
0.00410507
0.000778772
0.000928149
0.00112154
0.00134462
0.00157762
0.00183891
0.00228135
0.00310712
0.00377657
0.00365678
0.00363569
0.00405772
0.004351
0.000668549
0.000770211
0.000927328
0.00113897
0.00138386
0.00163784
0.00195736
0.00256143
0.00341768
0.00362555
0.0034845
0.00385929
0.00432759
0.0045394
0.000575311
0.000627524
0.000714285
0.00085855
0.00106908
0.00132293
0.00161045
0.00203475
0.00275204
0.003293
0.00323989
0.00344937
0.00409876
0.00454284
0.00477533
0.00171311
0.00371165
0.00378695
0.00374292
0.00365761
0.0035162
0.00327209
0.00298239
0.00290549
0.00316686
0.00363628
0.0040592
0.00431437
0.00445658
0.00461127
0.00488086
0.000483776
0.000524026
0.000551312
0.000600851
0.000709263
0.000898919
0.00116713
0.00152507
0.00206358
0.0026925
0.0028735
0.00294433
0.00356024
0.00425821
0.00476218
0.00507906
0.0052629
0.000377026
0.000437609
0.00045503
0.000450826
0.000468186
0.000572268
0.000777129
0.001067
0.00148172
0.00201482
0.002388
0.0024662
0.00283131
0.00356318
0.00431931
0.00493912
0.00538174
0.00566858
0.000253842
0.0003418
0.000382977
0.00037759
0.000352647
0.00037457
0.000537024
0.000782632
0.00107943
0.00147469
0.00187694
0.00206808
0.00220707
0.00267243
0.00340812
0.00423332
0.00497925
0.00557546
0.006003
0.000147736
0.000233564
0.000303278
0.000324544
0.000300434
0.000260811
0.000296976
0.000523859
0.000808259
0.00111002
0.00145372
0.00173205
0.00186164
0.00201591
0.00242294
0.00312933
0.00399139
0.00484318
0.00558232
0.00614184
0.000147456
0.00021275
0.000263815
0.00026731
0.000228301
0.000168019
0.00019813
0.00045962
0.000775536
0.00108657
0.00138835
0.00160112
0.00170082
0.0018385
0.00217427
0.00282643
0.00368968
0.00460803
0.00544135
0.00608119
0.000146511
0.00019079
0.000225333
0.000216971
0.000169016
0.000106537
0.000119947
0.00032838
0.000641692
0.000934813
0.00118948
0.00137074
0.00149706
0.0016659
0.00200423
0.00262499
0.00348237
0.00442145
0.00528706
0.00592281
0.000132362
0.000164609
0.000189626
0.000176762
0.00012898
9.11493e-05
0.000104355
0.000209181
0.000450306
0.00070498
0.000915505
0.00111054
0.00131853
0.00159035
0.001996
0.00261779
0.00346166
0.00439245
0.00520903
0.00577131
0.000109613
0.000135947
0.000157256
0.00014514
0.000112589
9.59964e-05
0.000108068
0.000205677
0.000391052
0.000612783
0.000831227
0.00105761
0.00133886
0.00170035
0.0021825
0.00284506
0.00363629
0.00446884
0.00515159
0.00557585
8.67863e-05
0.000108787
0.000128132
0.000124836
0.000114994
0.000121886
0.000153171
0.000239553
0.000427036
0.000654766
0.000915749
0.00123078
0.00161532
0.00206184
0.00259029
0.00321725
0.00387409
0.00447508
0.00494436
0.00527767
6.90362e-05
8.78593e-05
0.000108864
0.00011992
0.000134847
0.000191368
0.000286739
0.000464942
0.000709614
0.000988794
0.00131154
0.0016992
0.00215067
0.00262189
0.0030787
0.00348834
0.00378163
0.0040011
0.00442569
0.00268227
6.05176e-05
8.45739e-05
0.000113787
0.000123941
0.000235693
0.000338644
0.000461213
0.000710557
0.00101383
0.00133097
0.00168399
0.00209105
0.00253533
0.0028881
0.0030863
0.00295449
0.00260174
0.00254947
0.00209768
5.07977e-05
8.17999e-05
0.000117302
0.000154629
0.000279719
0.000378146
0.000481116
0.00059495
0.000717042
0.00085127
0.0010019
0.00116289
0.00131487
0.00144241
0.00152021
0.00156385
0.00168715
0.00195824
0.0016207
0.00317361
0.00348154
0.00278005
0.00312695
0.00350763
0.00231549
0.00267385
0.00305419
0.00345073
0.00190202
0.00225942
0.00262447
0.00300075
0.00337854
0.00155173
0.00189417
0.00223868
0.00258852
0.00293817
0.00326883
0.00126949
0.00157637
0.00189296
0.00221634
0.002536
0.00282548
0.00306345
0.00106626
0.00132546
0.00160357
0.00190286
0.00221361
0.00248976
0.00267105
0.00280817
0.000951644
0.00115755
0.00139588
0.00167492
0.00199776
0.0023428
0.00259065
0.00265574
0.0027384
0.000909012
0.00108286
0.00128687
0.0015295
0.00184652
0.0022759
0.00272025
0.00288032
0.00285434
0.00298312
0.000887315
0.00104949
0.00123808
0.00145446
0.00172583
0.00213561
0.00273774
0.00322633
0.00320795
0.00315982
0.00347271
0.000843347
0.00100178
0.00118769
0.00139301
0.0016226
0.00194437
0.00252623
0.0033175
0.00358933
0.00341794
0.0035392
0.00398289
0.000768217
0.000914063
0.00109867
0.00130771
0.00152654
0.0017772
0.00221195
0.00304715
0.00377181
0.00368079
0.00361571
0.00400436
0.00431873
0.000679995
0.000792656
0.000958787
0.00116876
0.00140077
0.00163604
0.00194209
0.00257582
0.00355757
0.00383193
0.00361888
0.00390083
0.00432603
0.00449959
0.000593284
0.000666447
0.000783984
0.000960168
0.00119013
0.00144146
0.0017055
0.00212431
0.00296149
0.00366441
0.00358102
0.00365209
0.00421947
0.00454472
0.00467125
0.000501898
0.000559253
0.000620862
0.000721359
0.000884772
0.00111385
0.00137915
0.00170807
0.00229029
0.00312839
0.00333422
0.00332476
0.00386361
0.00445655
0.00478528
0.00494902
0.00176268
0.00382452
0.00390517
0.00384492
0.00373447
0.00355871
0.00327528
0.002997
0.00300768
0.00338902
0.00389438
0.00427152
0.00446106
0.00455205
0.00469727
0.00499983
0.000393037
0.000464707
0.000503876
0.00053683
0.00059724
0.00072272
0.000937789
0.00124109
0.0016836
0.00236611
0.0028778
0.00289215
0.00325169
0.00402086
0.00466186
0.00508863
0.00534024
0.00545869
0.000264656
0.000361969
0.00041611
0.000430741
0.000431164
0.000465075
0.000599018
0.000829596
0.00117204
0.00168335
0.00224541
0.00244559
0.00256954
0.00322035
0.00404988
0.0048052
0.00537611
0.00575039
0.00595964
0.000147902
0.000245411
0.000325742
0.000359751
0.000352045
0.000335687
0.000391504
0.000591009
0.000847594
0.00118967
0.00164588
0.00198438
0.00207861
0.00237004
0.00303421
0.00391421
0.0047898
0.00552113
0.00605801
0.00636738
0.000147699
0.000225278
0.000286621
0.000300638
0.000275611
0.000248021
0.000333353
0.000594985
0.000877566
0.00120025
0.00154955
0.00174235
0.00184446
0.0021121
0.00273136
0.00362496
0.00458877
0.00546224
0.00614265
0.00655332
0.000147405
0.000204521
0.000247036
0.000244442
0.000203933
0.000151914
0.000245821
0.000544674
0.000851663
0.00115556
0.00141874
0.00156519
0.00165034
0.00187448
0.00243072
0.00330072
0.00431147
0.00527533
0.00604236
0.00646002
0.000143776
0.00018155
0.000209268
0.000196991
0.000147133
9.76304e-05
0.000142637
0.000415971
0.000719417
0.000992783
0.00120554
0.00135148
0.00148043
0.00171643
0.00225221
0.00310753
0.00413339
0.00513126
0.00590365
0.00625926
0.000126206
0.000155017
0.000175363
0.000160731
0.000114881
8.74571e-05
0.000114984
0.000262901
0.000525247
0.000753912
0.000947942
0.00113878
0.0013646
0.00170651
0.00227165
0.00312929
0.00416308
0.00512223
0.00581671
0.00606285
0.000103263
0.000127388
0.00014572
0.000133406
0.00010374
9.45536e-05
0.000118398
0.000244681
0.000444208
0.000665478
0.000879886
0.00112587
0.00144484
0.00187836
0.00251922
0.0033657
0.00433294
0.00515491
0.0056844
0.00581648
8.1665e-05
0.000101758
0.000119945
0.000119106
0.000112252
0.000124385
0.000159438
0.000275602
0.00048264
0.000720465
0.00100358
0.00135043
0.0017689
0.00227591
0.00293034
0.00369267
0.00444421
0.0050247
0.00543794
0.00296521
6.56523e-05
8.5096e-05
0.000105501
0.000112859
0.000139747
0.000199493
0.000312641
0.000502078
0.00076361
0.00106077
0.00141966
0.00183984
0.00230986
0.00278548
0.00327889
0.00369724
0.00403849
0.00452951
0.00268123
5.88414e-05
8.40028e-05
0.00011559
0.00012047
0.000250072
0.000349814
0.000482573
0.000756646
0.00106736
0.00140136
0.00178646
0.00221449
0.00260869
0.00286607
0.00284917
0.00254949
0.00254517
0.00208986
4.94804e-05
8.06064e-05
0.000117614
0.00016376
0.000291062
0.000388846
0.000496891
0.000612192
0.000742049
0.000879589
0.00104104
0.00118953
0.00133595
0.00142865
0.00149837
0.0016292
0.00195324
0.00153341
0.00166786
0.00297839
0.0032581
0.00358494
0.00254771
0.00287071
0.00323144
0.00362012
0.00205204
0.00240072
0.00276675
0.00315345
0.00355017
0.00162268
0.00198161
0.00234185
0.00271079
0.00308805
0.00345764
0.0012826
0.00162416
0.0019693
0.00231694
0.00266775
0.00300864
0.00331751
0.00103252
0.00132902
0.00164238
0.00196448
0.00229072
0.00259911
0.00285356
0.00306649
0.000871759
0.00110889
0.00137796
0.00166701
0.00197871
0.00228881
0.00252338
0.00266593
0.00280055
0.000796045
0.000978476
0.00119622
0.00145076
0.0017515
0.00210519
0.00245108
0.00260658
0.00263454
0.00279477
0.000778327
0.000929766
0.00111469
0.00133225
0.00160151
0.00197667
0.00246998
0.00286361
0.00288093
0.00286813
0.0031824
0.000768725
0.000909354
0.0010822
0.00128149
0.0015133
0.00183078
0.00235191
0.0030254
0.00327842
0.00316741
0.00328111
0.00376024
0.000732739
0.000865322
0.00103601
0.00123262
0.0014449
0.00169418
0.0021102
0.0028797
0.00360111
0.00355747
0.00346646
0.00383895
0.00423614
0.000672264
0.000783371
0.000944599
0.00114337
0.00136018
0.00158209
0.00187691
0.00250104
0.00350799
0.00383164
0.00361349
0.00383716
0.00427661
0.00448392
0.000599188
0.000681597
0.000811983
0.000996074
0.00122132
0.00145655
0.00169971
0.00211137
0.00301662
0.00385776
0.00376067
0.00373741
0.00423106
0.00450928
0.0046021
0.000512576
0.000582028
0.000668327
0.000803401
0.00100023
0.00124493
0.00149805
0.00179583
0.00240831
0.00343663
0.00370574
0.00357824
0.00402254
0.00450203
0.00469577
0.00475373
0.000404701
0.000485628
0.000545904
0.000618749
0.000733901
0.000917886
0.00116223
0.00144388
0.00186274
0.00267069
0.00335197
0.0033156
0.00357039
0.00428654
0.00474473
0.00498076
0.00506802
0.00181409
0.00393592
0.00401599
0.00393433
0.00379283
0.00357287
0.00326587
0.00303588
0.00315948
0.00363477
0.00414699
0.00446713
0.00458417
0.00462503
0.00475102
0.00505629
0.000273395
0.00037899
0.000446229
0.00048608
0.000525703
0.00059771
0.000744327
0.000988949
0.00134479
0.00192554
0.00270759
0.0029207
0.00299321
0.00370518
0.00447441
0.00503467
0.00537554
0.00555052
0.00553857
0.00014804
0.000256153
0.000346889
0.000395193
0.000409181
0.000417103
0.0004722
0.000635843
0.000898518
0.00132447
0.0019457
0.00241189
0.00247282
0.00287232
0.0037032
0.00457286
0.00528933
0.00578074
0.00605899
0.00610004
0.000147878
0.000237113
0.000309701
0.000337441
0.000330605
0.000330751
0.00042606
0.000648558
0.00092386
0.00134486
0.00182778
0.00201575
0.00213725
0.00265723
0.00351742
0.00449556
0.00537457
0.0060452
0.00645451
0.00653304
0.000147703
0.000217041
0.000270089
0.000278319
0.000256146
0.000246054
0.000389891
0.000664094
0.00094958
0.00131105
0.00161515
0.00171747
0.00186548
0.00233837
0.00319005
0.00423293
0.00524538
0.00606812
0.00659587
0.00668002
0.000147512
0.000195973
0.000230485
0.000223641
0.000184975
0.000149038
0.000317974
0.000626242
0.000918168
0.00121683
0.00142379
0.00150018
0.00164211
0.00204997
0.00286101
0.00392763
0.00502125
0.00593514
0.00649335
0.00653285
0.000138949
0.000171737
0.000193668
0.000179298
0.000129681
9.61246e-05
0.000202576
0.000508506
0.000785322
0.00103453
0.00120697
0.00131792
0.0014849
0.00189968
0.00269661
0.00377543
0.00490535
0.00582701
0.00632647
0.0062909
0.000119387
0.000145289
0.000162012
0.0001478
0.000104901
8.93759e-05
0.000137032
0.000347797
0.000590744
0.000796347
0.000980632
0.001178
0.00145507
0.0019387
0.002765
0.00387354
0.00498484
0.00583116
0.00617079
0.00583973
9.67936e-05
0.000118899
0.000135431
0.000123957
9.77765e-05
9.57949e-05
0.00014174
0.000290786
0.000502927
0.000722873
0.000944262
0.00122129
0.00160348
0.0021928
0.00305857
0.00414401
0.00513397
0.00578592
0.00599137
0.00306972
7.65669e-05
9.47821e-05
0.000113085
0.000113695
0.000110888
0.000125127
0.000172405
0.000325212
0.000548593
0.000802658
0.00111644
0.00149877
0.00197514
0.00262349
0.00346927
0.00437644
0.00510641
0.00559527
0.0029647
6.26146e-05
8.28424e-05
0.000104607
0.00010867
0.000144905
0.000209931
0.000338652
0.000543446
0.000824538
0.00115247
0.00154857
0.00199656
0.00248428
0.00303173
0.00358296
0.00406738
0.00465139
0.00267797
5.73711e-05
8.41885e-05
0.000116338
0.000124852
0.00026262
0.000361838
0.000516788
0.000805728
0.00112959
0.0014877
0.00190682
0.00230476
0.00262206
0.00270698
0.00250812
0.00255167
0.00208318
4.81054e-05
7.9645e-05
0.000120629
0.000174356
0.00030296
0.000401164
0.000513209
0.00063261
0.000767491
0.000914157
0.00106806
0.00121395
0.00133753
0.00142638
0.00157837
0.00194074
0.00145052
0.00157718
0.00171696
0.00279694
0.00304631
0.00334849
0.00369046
0.00232355
0.00262544
0.00296249
0.00333461
0.00372692
0.00178444
0.00213032
0.00248423
0.00285676
0.00324689
0.00363898
0.00133905
0.00169949
0.00205976
0.0024221
0.00279316
0.0031666
0.00352068
0.0010218
0.00135202
0.0016979
0.00204479
0.00239432
0.00274073
0.00306331
0.00333895
0.000813536
0.00108774
0.00139284
0.00171147
0.00203814
0.00236112
0.00264445
0.00285867
0.00305041
0.000701
0.000906881
0.00115757
0.00143584
0.00173695
0.00205928
0.00235281
0.00252951
0.00263806
0.00280848
0.000664242
0.000815076
0.00101023
0.00123962
0.00151385
0.00184394
0.00223157
0.00253683
0.00259516
0.00262941
0.00292133
0.000671457
0.000792351
0.000954462
0.00115106
0.00138534
0.00169479
0.00214675
0.00268127
0.00290384
0.00284682
0.00296901
0.00344129
0.000674038
0.000784359
0.00093563
0.00111923
0.00132895
0.00158316
0.00197858
0.00264059
0.00326959
0.00326092
0.0031928
0.00356288
0.00404829
0.000647285
0.000745985
0.00089218
0.00107549
0.00128055
0.00149892
0.00178968
0.00236873
0.00329833
0.00366872
0.00347729
0.00363863
0.00414165
0.00445883
0.000593721
0.00067551
0.000803788
0.000981063
0.00119275
0.00141249
0.00164283
0.00203955
0.0029365
0.00384156
0.0037631
0.00369853
0.00416311
0.00447618
0.00461916
0.000515884
0.000590948
0.00068865
0.000837015
0.00103994
0.00127653
0.00150996
0.00178598
0.0024081
0.00355406
0.003907
0.00369898
0.00404951
0.00447832
0.00462301
0.00466772
0.00041158
0.000498791
0.000574268
0.000675349
0.000829018
0.00104682
0.00130026
0.00155686
0.00194849
0.00285539
0.00371913
0.00365447
0.00376185
0.00438523
0.00468818
0.00478453
0.00478164
0.000279688
0.000391782
0.000470575
0.00053594
0.000619953
0.000752524
0.000957276
0.0012138
0.00153181
0.00212768
0.00312826
0.00338455
0.00338789
0.00402264
0.00463483
0.0049703
0.00511394
0.00510912
0.00186601
0.00404273
0.00411663
0.00400749
0.00382881
0.0035724
0.00324485
0.00309582
0.00334671
0.00389666
0.00440044
0.00466204
0.00469364
0.00467665
0.0047642
0.00506108
0.000148082
0.000265099
0.000365184
0.000428769
0.000471052
0.000519479
0.000605746
0.000775801
0.00105709
0.00150423
0.00227422
0.00291745
0.00292974
0.003349
0.00419896
0.00489683
0.00536036
0.00561111
0.00563332
0.00552952
0.000148024
0.000247955
0.000331959
0.000375381
0.00039147
0.00041251
0.000492816
0.000681123
0.000997812
0.00154654
0.00223155
0.00246072
0.00257661
0.00330903
0.00424464
0.00510402
0.00573938
0.0061191
0.00621915
0.00608754
0.00014793
0.000228998
0.000293849
0.000316763
0.000315425
0.000335394
0.000474819
0.000704559
0.00103357
0.0015498
0.0019536
0.00202074
0.00232661
0.00307904
0.00410047
0.00511835
0.00594631
0.00648436
0.00663262
0.00648683
0.000147704
0.000208756
0.000253895
0.000258615
0.000244485
0.000260552
0.000457216
0.000726227
0.00104312
0.00143361
0.0016298
0.00170253
0.00199887
0.0027258
0.00378423
0.00491913
0.0059014
0.00657139
0.00675651
0.00641984
0.000146503
0.000186772
0.000214418
0.000205981
0.000173192
0.000166954
0.00040071
0.000695031
0.00098486
0.00125214
0.00138415
0.00147281
0.00172621
0.00240913
0.00346859
0.00467167
0.00574572
0.0064645
0.00661089
0.00600433
0.000132807
0.000161543
0.000178975
0.000165136
0.000117349
0.000105261
0.000286695
0.00058292
0.00083941
0.00104588
0.00118086
0.00130934
0.00159658
0.00228157
0.00335859
0.00460185
0.00569369
0.00635573
0.00640176
0.00572666
0.000112169
0.00013561
0.000150183
0.000137919
9.87277e-05
9.69391e-05
0.000181694
0.000430437
0.000647052
0.000834531
0.00101761
0.00124255
0.00163991
0.0023894
0.00352896
0.00478222
0.00581216
0.00625693
0.00597499
0.00305096
9.02607e-05
0.000110636
0.000126403
0.000117394
9.47209e-05
0.000101365
0.000176
0.000351234
0.000568305
0.000787291
0.00103082
0.0013604
0.00188173
0.00272632
0.00389986
0.00506051
0.00587933
0.00615718
0.00306965
7.14705e-05
8.88012e-05
0.000107691
0.000109353
0.000111123
0.000125588
0.000203434
0.000390949
0.000629194
0.000909715
0.00126005
0.00169337
0.00231412
0.00320448
0.00426607
0.00516506
0.0057789
0.00296227
6.0041e-05
8.09532e-05
0.000105356
0.000109757
0.000152408
0.000220219
0.000364125
0.000592502
0.000904526
0.00126665
0.00170291
0.00217656
0.00276228
0.00343208
0.00407715
0.00475918
0.00267661
5.6094e-05
8.56847e-05
0.000119477
0.000136762
0.000275962
0.000377296
0.00056146
0.0008594
0.00120639
0.00159859
0.00200787
0.00235156
0.00254613
0.0024598
0.002586
0.00206997
4.70372e-05
7.95452e-05
0.000127952
0.00018673
0.000314637
0.0004142
0.000531275
0.000652421
0.000797955
0.000939085
0.00109571
0.00122623
0.00135383
0.00152216
0.00192888
0.00137091
0.00148993
0.00162292
0.00176642
0.00262699
0.00284825
0.00312144
0.0034437
0.003795
0.00210068
0.00239038
0.00270392
0.00305371
0.00343365
0.00382506
0.00150962
0.00185802
0.0022063
0.00256481
0.00294196
0.00333165
0.00371355
0.00105898
0.00141248
0.00177543
0.00213562
0.00249918
0.00286912
0.00323204
0.0035634
0.000782818
0.00108456
0.00142446
0.00177222
0.00212017
0.00246844
0.00280196
0.0030947
0.00334146
0.000624984
0.00085907
0.00114822
0.00146009
0.00178308
0.00211141
0.00242029
0.0026577
0.00284029
0.00301791
0.000562369
0.000725728
0.000948884
0.00121296
0.00149864
0.00181322
0.00213909
0.00238516
0.00251025
0.00261127
0.0028477
0.000565551
0.000674231
0.000838894
0.00104668
0.00129124
0.0015876
0.00195984
0.00236441
0.00255861
0.00255242
0.00269252
0.00310635
0.00059596
0.000678538
0.000809496
0.000982886
0.00119191
0.00144918
0.00182046
0.00236355
0.00286325
0.00289329
0.00284129
0.00319923
0.00372562
0.00060552
0.000682075
0.000803536
0.000965937
0.00115955
0.00138015
0.00167418
0.00219571
0.00297931
0.00333257
0.0031898
0.00332844
0.00388264
0.0043307
0.000577167
0.00064977
0.000763857
0.000924015
0.00111911
0.00132905
0.00155836
0.00193798
0.00275284
0.00364285
0.00361056
0.00351473
0.00397235
0.00439973
0.00466773
0.000512335
0.000587132
0.000684142
0.000829479
0.00102315
0.00124426
0.0014626
0.00172447
0.00232421
0.00347703
0.00390427
0.00367402
0.00396781
0.00441972
0.00462472
0.00472927
0.00041389
0.000504035
0.000587507
0.000700738
0.000867991
0.00108924
0.00133074
0.00156383
0.00193633
0.00288767
0.00390718
0.00381407
0.00382135
0.0043769
0.00462077
0.00468925
0.00469567
0.000283199
0.000399771
0.000486807
0.000571035
0.000687055
0.000861262
0.00109802
0.00135361
0.00163328
0.00223251
0.00341592
0.00374955
0.00365009
0.00416866
0.00462936
0.00478823
0.00480662
0.00478167
0.000148155
0.000271561
0.000379389
0.0004572
0.000529049
0.000626176
0.000778405
0.00100139
0.00127306
0.00167696
0.00255221
0.00338654
0.00335968
0.00368462
0.00444399
0.00489925
0.00512428
0.00514921
0.0050993
0.00191722
0.00414352
0.00420394
0.00406157
0.00383915
0.00354752
0.00323611
0.00318152
0.00356653
0.00417635
0.00465376
0.00485217
0.00478931
0.00469596
0.00474589
0.00498083
0.000148128
0.000257064
0.000351745
0.000412754
0.000459687
0.00051859
0.000621832
0.000819155
0.00115624
0.00175937
0.00268691
0.00295407
0.00303446
0.00384218
0.00466779
0.00526958
0.00562503
0.00570124
0.00561211
0.00535242
0.000148071
0.000240114
0.000317341
0.000357421
0.000379337
0.000415405
0.000523841
0.000737489
0.00115122
0.00184869
0.00242187
0.00247553
0.00291618
0.00383903
0.00481214
0.00560651
0.00611478
0.0063094
0.00622177
0.0057148
0.000147898
0.000220966
0.000278491
0.000299019
0.000309328
0.000355936
0.000527786
0.000769074
0.00120241
0.0017754
0.00198151
0.00208125
0.00265015
0.00362806
0.00474594
0.00573778
0.00644058
0.00668307
0.0066038
0.00583774
0.000147751
0.000200484
0.000238328
0.000243055
0.000242667
0.0002944
0.000523226
0.000791498
0.00117434
0.00152272
0.00160399
0.00174541
0.0022844
0.00327264
0.0044814
0.00562411
0.00646418
0.00676521
0.00651296
0.00505025
0.000142561
0.000176877
0.000199357
0.000192916
0.000170936
0.000211585
0.000477313
0.000753908
0.00105365
0.0012589
0.00133291
0.00148489
0.00199301
0.00296593
0.0042285
0.00546141
0.0063616
0.00663335
0.00611309
0.00319295
0.000125756
0.000151262
0.000165919
0.000155116
0.000112463
0.000129761
0.000379228
0.000640119
0.000876015
0.00104498
0.00116381
0.00135571
0.00189902
0.00290725
0.00422184
0.00548394
0.00633681
0.00648218
0.00584367
0.00299498
0.000104669
0.000126179
0.000140019
0.000131949
9.66601e-05
0.000109493
0.000264674
0.000500361
0.000695748
0.000871755
0.00106442
0.00138251
0.00202639
0.00314228
0.00451012
0.00572817
0.0063223
0.0060989
0.00305744
8.37536e-05
0.000102924
0.00011946
0.000112663
9.55605e-05
0.000114682
0.000221554
0.000427074
0.000643156
0.000867019
0.00115066
0.00159699
0.00238938
0.00360374
0.00492896
0.00593048
0.00631771
0.00306372
6.67788e-05
8.38321e-05
0.000104972
0.000109493
0.000113675
0.000134579
0.00025748
0.000475016
0.000733399
0.00104862
0.00144408
0.00201193
0.00291309
0.00410334
0.00519763
0.00593661
0.00296079
5.7672e-05
8.10119e-05
0.000108905
0.000116213
0.000161504
0.00023357
0.000398564
0.00066304
0.00101073
0.00141592
0.00188154
0.00247293
0.00324992
0.00406401
0.00487326
0.00266846
5.52804e-05
8.85348e-05
0.000126491
0.000151618
0.000288744
0.000396155
0.000609574
0.000923855
0.0013089
0.00170226
0.00208255
0.00234527
0.00243704
0.00263537
0.00206101
4.59953e-05
8.03982e-05
0.000137456
0.000198412
0.000328355
0.000428144
0.000549961
0.000677211
0.000820482
0.000963025
0.00111822
0.00126776
0.0014767
0.0019114
0.00129473
0.00140517
0.0015315
0.00166942
0.00181491
0.00245931
0.00266452
0.00290671
0.00320277
0.00354069
0.00389477
0.00187026
0.00216005
0.00245686
0.00278192
0.00314199
0.00352576
0.00391131
0.00123024
0.00157959
0.0019291
0.00227891
0.00264102
0.00302015
0.00340442
0.00377065
0.000797573
0.00112591
0.00148671
0.00184939
0.00220856
0.0025716
0.00293514
0.00327998
0.0035782
0.000575851
0.000834785
0.00115305
0.00149878
0.00184663
0.00219415
0.00253497
0.00284494
0.00310117
0.00331979
0.000476437
0.000656876
0.000912598
0.00121293
0.00152992
0.00185561
0.0021791
0.00245358
0.00265
0.00280172
0.00299867
0.000464965
0.000574533
0.000758028
0.00099724
0.00126981
0.00156655
0.00189438
0.00220753
0.00238998
0.00245893
0.00260705
0.00292229
0.000506668
0.000566008
0.000688458
0.000867494
0.00108773
0.00134971
0.00167812
0.00210153
0.00247738
0.00253992
0.00252876
0.00283929
0.00333322
0.000548432
0.000596176
0.000687949
0.000829697
0.00101451
0.00123718
0.00153241
0.00199274
0.00261274
0.00291448
0.00281788
0.00294994
0.0034919
0.00402923
0.000549409
0.000604938
0.000693553
0.000826171
0.000999525
0.0012016
0.0014381
0.00180684
0.00250582
0.00327803
0.00328842
0.00319174
0.00364692
0.00419616
0.00461389
0.000501837
0.000570848
0.000657169
0.00078618
0.000960437
0.00116466
0.0013763
0.00163569
0.0021876
0.003235
0.00372183
0.00350135
0.0037303
0.00428181
0.00462785
0.00487195
0.000412023
0.00050175
0.000585157
0.000697617
0.00086041
0.00106961
0.00129441
0.0015128
0.00186518
0.00278795
0.00387188
0.00379913
0.00375191
0.00429364
0.00459657
0.00473873
0.00481733
0.000284356
0.000403115
0.000494386
0.000587433
0.000717815
0.000904843
0.00114158
0.00138073
0.00163384
0.00222499
0.00350424
0.00395279
0.0037467
0.00417562
0.00457725
0.00468626
0.00470579
0.00469989
0.000148195
0.000275478
0.000388731
0.000477046
0.000571026
0.000703938
0.000900092
0.00115059
0.00140646
0.00176841
0.0027164
0.00373418
0.00367593
0.00385967
0.00450281
0.0047581
0.00481164
0.00478813
0.00473246
0.00014816
0.000263956
0.000367653
0.000445796
0.000526567
0.000637858
0.000811482
0.00104905
0.00135337
0.00194302
0.00308982
0.00341363
0.00342431
0.00415664
0.00476267
0.00509075
0.00516371
0.0051253
0.00498871
0.00196603
0.00423532
0.00427628
0.00409491
0.0038301
0.0035095
0.00324078
0.00330763
0.00381863
0.00447713
0.0049218
0.00503215
0.00486373
0.00469069
0.00466223
0.00476935
0.000148114
0.000249546
0.000338822
0.000398873
0.000452818
0.000524685
0.00064651
0.000879347
0.00131368
0.00214764
0.00293316
0.00295555
0.00343849
0.00435084
0.00509146
0.00556863
0.00573756
0.00568349
0.00541708
0.00488881
0.000148138
0.000232482
0.000303389
0.000342337
0.000375027
0.000430976
0.000559046
0.000823377
0.00138584
0.00219389
0.00246406
0.00258389
0.00339007
0.00441853
0.00536612
0.00603271
0.00634601
0.00632515
0.00584679
0.00479782
0.000148019
0.000213137
0.000263973
0.000285748
0.000313354
0.000391548
0.000575382
0.000871032
0.00143889
0.00192606
0.0019803
0.00228469
0.00312109
0.00426797
0.00540579
0.00628735
0.00666723
0.00666903
0.00597898
0.00381849
0.000147575
0.000191746
0.000223919
0.000233514
0.000254341
0.000346919
0.000579994
0.000887812
0.00132998
0.00154303
0.00158903
0.00191397
0.00274704
0.0039503
0.00522486
0.00625505
0.0067133
0.00655568
0.00514722
0.00287761
0.000136836
0.00016668
0.000186079
0.000186454
0.000181024
0.000281333
0.000541535
0.000821504
0.001104
0.00122472
0.00132279
0.00165047
0.00246819
0.00370993
0.00507562
0.00617169
0.00660924
0.00619108
0.00324931
0.00260938
0.000118054
0.000141133
0.000154887
0.000150933
0.000114739
0.000197106
0.000449802
0.000687303
0.000884839
0.00101914
0.00116722
0.00157629
0.00245757
0.00377705
0.00519091
0.00624435
0.00653071
0.0059205
0.00300033
9.71237e-05
0.000117208
0.000132389
0.000126645
9.9049e-05
0.000139314
0.000352013
0.000558165
0.000734969
0.000907548
0.00116305
0.00169249
0.00273733
0.00416582
0.00557521
0.0063225
0.00622676
0.00305622
7.74666e-05
9.6173e-05
0.000113147
0.000112364
0.000103813
0.000138446
0.000298642
0.00051583
0.000727975
0.000967535
0.0013421
0.00206192
0.00327236
0.004734
0.00592822
0.00641464
0.00306097
6.2296e-05
8.16188e-05
0.000105703
0.000112649
0.000120066
0.000158574
0.000336919
0.000579183
0.000872026
0.00122247
0.00172962
0.00260541
0.00389558
0.00518755
0.0060953
0.00295179
5.59714e-05
8.20959e-05
0.000117238
0.000124717
0.000170756
0.000250149
0.000457351
0.000764385
0.00115629
0.00159434
0.00218364
0.00302765
0.00402197
0.0049614
0.00266305
5.52207e-05
9.20088e-05
0.000134873
0.000164937
0.000302825
0.000416284
0.000671042
0.00101217
0.00141179
0.00178248
0.00214061
0.0024008
0.00272949
0.00204641
4.53065e-05
8.31808e-05
0.000147143
0.000213333
0.000340178
0.00044282
0.000569904
0.000694163
0.000843114
0.000991143
0.00118814
0.00143311
0.00189261
0.00122028
0.00132375
0.00144169
0.00157424
0.00171525
0.00186179
0.00228067
0.00248792
0.00270766
0.00297198
0.00328784
0.00363632
0.00398478
0.0016246
0.00192593
0.00221758
0.00252216
0.00285753
0.00322497
0.00360779
0.00398397
0.000959125
0.00129529
0.00164768
0.00199649
0.00234715
0.00271145
0.00308864
0.00346194
0.00380756
0.000571078
0.000853109
0.00119623
0.00156041
0.00192062
0.00227777
0.0026369
0.00298681
0.00330203
0.00357553
0.000406643
0.000613608
0.000894532
0.00122605
0.00157387
0.0019204
0.00226366
0.00258769
0.00285855
0.00308567
0.00327986
0.000374048
0.000492454
0.000698424
0.000973473
0.00128154
0.00160068
0.00192563
0.002233
0.00245983
0.00260949
0.00276039
0.00299541
0.000416526
0.000463991
0.000593945
0.00079794
0.0010503
0.00133003
0.00163929
0.00197593
0.00224435
0.00235765
0.00241555
0.00265293
0.00304142
0.000480415
0.000499842
0.000569613
0.000707359
0.000900377
0.00113214
0.00141667
0.00179689
0.00226193
0.00250756
0.00247519
0.00259229
0.00305327
0.00359841
0.000510437
0.000542847
0.000598663
0.000699561
0.000852516
0.00104851
0.00129035
0.00164813
0.00222667
0.00283674
0.00288545
0.00279916
0.00320725
0.00381102
0.00435501
0.000484069
0.00054199
0.000608063
0.000708102
0.000851864
0.00103489
0.00124418
0.00151253
0.00201505
0.00289218
0.00335688
0.0031732
0.00336441
0.00399137
0.00450816
0.00489955
0.000405899
0.000491961
0.000568807
0.000668786
0.000812742
0.00100023
0.00120907
0.00142409
0.00176148
0.00258884
0.00364041
0.00361843
0.0035282
0.00408514
0.00454113
0.00484872
0.00506513
0.000283418
0.000402106
0.000493319
0.000586563
0.000715802
0.000896197
0.00111793
0.00134001
0.00157702
0.0021347
0.00339763
0.00393862
0.00369809
0.00407101
0.00452106
0.00471836
0.004826
0.00487873
0.000148201
0.000277076
0.000393242
0.000486964
0.000591827
0.000739807
0.000946913
0.00119313
0.00142739
0.00176259
0.00273054
0.0038972
0.00380844
0.00388829
0.00447379
0.00465458
0.00470053
0.00469443
0.00466574
0.000148189
0.000268367
0.000378581
0.000469694
0.000575505
0.000726221
0.000944304
0.0012016
0.00147172
0.00204254
0.0033544
0.00375393
0.00367128
0.00427734
0.00467987
0.00478735
0.00478138
0.00471033
0.00461401
0.00014821
0.000256822
0.000356721
0.000437021
0.000527513
0.000656009
0.000850645
0.00110447
0.00148803
0.00240099
0.00338617
0.00337055
0.00378097
0.00454619
0.00499394
0.00514787
0.00513589
0.00499007
0.00474553
0.00201086
0.00431805
0.00433203
0.00410524
0.00379978
0.0034642
0.00327423
0.00347675
0.00410311
0.00479134
0.00519613
0.00519258
0.00488976
0.00463168
0.00447393
0.00434543
0.000148126
0.000242419
0.000326785
0.000387736
0.000451455
0.000539293
0.000680899
0.000972089
0.00157339
0.00263128
0.00297069
0.00306261
0.00395632
0.00481618
0.00544086
0.00573717
0.00574138
0.00547506
0.00491064
0.00396859
0.00014814
0.000225161
0.000290414
0.000331395
0.0003796
0.000456608
0.000602185
0.000968678
0.00171932
0.00241394
0.00247053
0.00294947
0.00394897
0.00500912
0.00585384
0.00631624
0.00638391
0.00597042
0.00490576
0.00273001
0.000147956
0.000205365
0.000250875
0.000278808
0.00033169
0.000437541
0.00062418
0.00104551
0.00170851
0.00195784
0.00202441
0.00263309
0.00371663
0.00494798
0.00600957
0.0065853
0.00666891
0.00608424
0.00395346
0.00251391
0.000145237
0.000182491
0.000211386
0.000233282
0.000280564
0.0004064
0.000638174
0.00103913
0.00144826
0.00151253
0.00164521
0.00226039
0.00336759
0.00470808
0.00592414
0.0065596
0.00654804
0.00520833
0.00292304
0.000129842
0.000156433
0.000175537
0.000188787
0.000206917
0.000350787
0.000594912
0.000905113
0.00111538
0.00120262
0.00139163
0.00202651
0.00315521
0.00459043
0.00588727
0.0065051
0.00624571
0.00327352
0.00259358
0.000110056
0.000131437
0.000147023
0.000151769
0.000128637
0.000271346
0.000496394
0.000721504
0.000879703
0.00101426
0.00131524
0.00204687
0.00329671
0.00481031
0.00607296
0.00651415
0.00599774
0.0029959
8.96244e-05
0.000109277
0.000126291
0.000126854
0.000112622
0.000210716
0.000420109
0.000598168
0.00076083
0.000972415
0.0013996
0.00233509
0.00377128
0.00532773
0.00628681
0.0062954
0.00305388
7.15309e-05
8.96537e-05
0.000112155
0.00011498
0.000119691
0.000180009
0.00039703
0.000602206
0.000813475
0.00111063
0.00175035
0.00291614
0.00448453
0.00587592
0.00648398
0.00304927
5.8857e-05
8.16458e-05
0.000110097
0.000119945
0.000133728
0.000214971
0.00044021
0.000715803
0.00103544
0.00146505
0.00229892
0.00364158
0.00513821
0.00620175
0.00294432
5.49717e-05
8.60496e-05
0.000127554
0.00013444
0.000180926
0.000289823
0.000560476
0.000907657
0.00133394
0.00189068
0.0027878
0.00394377
0.00507597
0.00264191
5.552e-05
9.82562e-05
0.000143528
0.000179676
0.000314759
0.000445714
0.000744018
0.00110037
0.0015014
0.00189771
0.00235395
0.00282579
0.0020371
4.49532e-05
8.84477e-05
0.000153065
0.000225275
0.000353468
0.000458379
0.00058154
0.000705312
0.000875955
0.00109415
0.00139568
0.00187139
0.00114583
0.00124447
0.001355
0.00147979
0.00161682
0.00175944
0.00190737
0.00207768
0.00230637
0.00251946
0.0027566
0.00304196
0.003374
0.00372591
0.00406668
0.00136784
0.0016785
0.00197852
0.00227265
0.00258499
0.00292908
0.00329979
0.00367751
0.00404075
0.000713306
0.00101517
0.00136014
0.00171258
0.00205931
0.00241014
0.00277412
0.00314455
0.00350105
0.00382074
0.0003885
0.000611179
0.000914511
0.00126862
0.00163239
0.00198852
0.00234174
0.00269158
0.00301852
0.00330485
0.00354801
0.000285012
0.000427365
0.000660003
0.000961519
0.00130196
0.0016486
0.00199161
0.00232346
0.0026143
0.00285232
0.00304402
0.00322885
0.000328639
0.000373339
0.000518038
0.000749894
0.00104023
0.00135136
0.00166977
0.00198741
0.00225394
0.00243582
0.00255128
0.00274429
0.00301649
0.000406707
0.000405231
0.000467868
0.000621676
0.000844541
0.00110767
0.00139226
0.00171628
0.00204778
0.00225074
0.00228748
0.00240777
0.00274881
0.00321108
0.000461716
0.000469581
0.000494624
0.000576899
0.000730896
0.000936421
0.00118331
0.00150023
0.00195258
0.00240609
0.00248092
0.00243208
0.00275254
0.00331621
0.00390105
0.000458527
0.000500666
0.000539648
0.000602777
0.000713141
0.000877094
0.00108438
0.00136023
0.00181607
0.00251107
0.00290138
0.00277061
0.00291589
0.0035284
0.00415385
0.00470206
0.000395312
0.000474138
0.000537575
0.000614556
0.000725297
0.000879643
0.00106989
0.00128921
0.00162562
0.00233517
0.00324773
0.0032801
0.00316215
0.00371297
0.00432603
0.00481426
0.00519823
0.00028049
0.000396706
0.000484099
0.000569784
0.000684383
0.000842985
0.00104107
0.00124963
0.00148359
0.00199214
0.00312465
0.00373122
0.00348872
0.00380222
0.00439041
0.00477211
0.00505723
0.00523446
0.000148195
0.000276727
0.000393056
0.000487071
0.000592427
0.000738312
0.000935759
0.00116442
0.00138159
0.00169374
0.00261237
0.00384255
0.00377823
0.00378219
0.00438011
0.00466116
0.00480843
0.00487642
0.00489331
0.000148247
0.000270476
0.000384321
0.000482401
0.000600528
0.000766474
0.000992249
0.00124001
0.00148377
0.00203363
0.00341596
0.00393468
0.00374796
0.00426757
0.00458583
0.00467054
0.00467351
0.00463202
0.0045734
0.000148326
0.000261674
0.000369511
0.000465324
0.00058398
0.000754054
0.000991617
0.00125104
0.001589
0.00254861
0.00370209
0.00364898
0.00393629
0.00454338
0.00472276
0.00475596
0.0046779
0.00455804
0.00439354
0.000148193
0.000250239
0.000346986
0.000430997
0.000533223
0.000681565
0.000894375
0.00117929
0.00174621
0.00301345
0.00340981
0.00343277
0.00424255
0.0048162
0.00508253
0.00512762
0.00498533
0.00471638
0.00427787
0.00205055
0.0043892
0.00437165
0.00410042
0.00375438
0.00342125
0.00333017
0.0036896
0.00441727
0.00511694
0.00545999
0.00530353
0.00486588
0.00447362
0.00410268
0.0035816
0.000148192
0.000235764
0.000315884
0.000380178
0.000457198
0.000561508
0.000727667
0.00112355
0.00198862
0.00292264
0.00296323
0.00351035
0.00445443
0.00521894
0.0056805
0.00576343
0.00551827
0.00493606
0.00392893
0.00228824
0.000148072
0.000218128
0.000278977
0.000326091
0.000396552
0.000485429
0.000660625
0.00120687
0.00211916
0.00245562
0.00258218
0.00344262
0.00454503
0.00555529
0.00620642
0.00638014
0.00606494
0.00500914
0.0027814
0.00217768
0.000148012
0.000197692
0.00023982
0.000280948
0.000364167
0.000478533
0.000707602
0.00130518
0.00189336
0.00194676
0.0022215
0.00313963
0.00438437
0.00559514
0.00640424
0.00661941
0.00614247
0.00405695
0.00256593
0.000139985
0.000173005
0.000202312
0.000242905
0.000319147
0.000454791
0.000732064
0.00123054
0.00147533
0.00149307
0.00185176
0.0027881
0.00410451
0.00546039
0.00632122
0.0064892
0.00524416
0.00294521
0.000122102
0.000146626
0.000169164
0.000202924
0.000250326
0.000399675
0.000666913
0.000981713
0.00109601
0.00121016
0.00166498
0.00262121
0.00402721
0.00549296
0.00631466
0.00623453
0.00331442
0.00255368
0.000101945
0.000122587
0.000143372
0.000161769
0.000179597
0.000325446
0.000541185
0.000733948
0.000871611
0.00110111
0.00169591
0.00281726
0.00436227
0.00580187
0.00643891
0.0059955
0.00298887
8.24642e-05
0.000101826
0.000126197
0.000131288
0.000138011
0.000289655
0.000467459
0.000626661
0.000803062
0.00114418
0.00195493
0.0033422
0.00501296
0.00616998
0.00631132
0.00304026
6.60753e-05
8.56929e-05
0.000114086
0.000123434
0.000138565
0.000277587
0.000487091
0.000686025
0.000906435
0.00144656
0.00254999
0.00417937
0.0057681
0.0064765
0.00304189
5.60736e-05
8.29041e-05
0.000121048
0.000131573
0.000150534
0.000299531
0.000576406
0.00087096
0.00122716
0.00199082
0.00336533
0.00502483
0.00627379
0.00291188
5.50714e-05
9.32255e-05
0.000141179
0.000140537
0.00019635
0.000382377
0.000701038
0.00108633
0.00162537
0.00252456
0.003854
0.00515305
0.00262846
5.6226e-05
0.000104715
0.000145461
0.000191425
0.000323691
0.000500663
0.000817588
0.00118604
0.00167753
0.00228194
0.00298096
0.00202255
4.52176e-05
9.19795e-05
0.000153144
0.000248322
0.000364868
0.000461644
0.000590083
0.000742431
0.00100438
0.00136245
0.00184565
0.00106825
0.00116639
0.00127043
0.00138795
0.00151816
0.00165816
0.00180125
0.0019491
0.00184153
0.00210468
0.00233284
0.00255463
0.00281041
0.0031146
0.00345712
0.00380748
0.00413833
0.00110671
0.00141839
0.00172942
0.00202741
0.00232442
0.00264423
0.0029943
0.00336433
0.00373234
0.00408159
0.000501146
0.000756992
0.00107322
0.00142332
0.00177318
0.00211697
0.00246674
0.00282689
0.00318473
0.00351718
0.00381906
0.000249793
0.000413
0.000658504
0.000981181
0.00134171
0.00170178
0.00205225
0.00239806
0.00273099
0.00302622
0.00328233
0.00350202
0.000239203
0.000286317
0.000456656
0.0007153
0.00103456
0.00137896
0.00172146
0.00205646
0.00236573
0.00261813
0.00281367
0.00298781
0.00317396
0.000329817
0.000315341
0.000379985
0.000554539
0.000810447
0.0011099
0.00141926
0.00173311
0.00203272
0.00225485
0.00237395
0.00249878
0.00274569
0.00306174
0.000405567
0.000392029
0.000395878
0.00047935
0.000657824
0.00089604
0.00116213
0.00145668
0.00179454
0.00209875
0.00221066
0.0022284
0.00246169
0.00290301
0.00343046
0.000425602
0.000449235
0.000460049
0.000491207
0.00058849
0.000758359
0.000974754
0.00123956
0.00161652
0.002141
0.0024471
0.0023924
0.00247967
0.00299195
0.00362329
0.00423882
0.000379736
0.000447878
0.000493015
0.000538693
0.0006081
0.000728174
0.00090219
0.00112374
0.00146235
0.0020595
0.00277877
0.0028481
0.00273498
0.00319533
0.00387729
0.00452297
0.00505654
0.000275468
0.00038649
0.000465749
0.000536349
0.000623703
0.000744515
0.000907734
0.00110275
0.00134652
0.00181682
0.00276074
0.00334349
0.00312252
0.0033765
0.00407625
0.00466122
0.00513084
0.00548511
0.000148086
0.000274359
0.000388298
0.000478205
0.000574593
0.000703444
0.000875662
0.00107971
0.00128693
0.00158525
0.00239578
0.00358625
0.00357703
0.00350853
0.00416446
0.00464196
0.00499867
0.00523929
0.005349
0.000148192
0.000270599
0.000384948
0.000483955
0.000602257
0.000764531
0.000976967
0.00120534
0.00143083
0.00193975
0.0032784
0.00390868
0.0036799
0.00413648
0.00456071
0.00475661
0.00485201
0.00488571
0.00484711
0.000148146
0.000264255
0.000376695
0.000481063
0.000612972
0.000797133
0.00103776
0.00128164
0.0015905
0.00254911
0.0038343
0.00373837
0.00393412
0.00446892
0.00460857
0.00463578
0.00458655
0.00450718
0.00438343
0.00014829
0.000255548
0.000361922
0.00046413
0.000596497
0.000787224
0.00103901
0.0013085
0.00184408
0.00325155
0.0037116
0.00364444
0.00431984
0.00461431
0.00470409
0.00463333
0.00449337
0.00430515
0.00399204
0.000148208
0.000244255
0.000338646
0.000428516
0.000544412
0.0007142
0.000945035
0.00130357
0.00221991
0.00335082
0.00335089
0.00384403
0.00457117
0.00496739
0.00508612
0.00496525
0.00467657
0.00420301
0.00346733
0.002086
0.00445148
0.0043967
0.00407864
0.00370272
0.00341111
0.00343092
0.00394688
0.00475998
0.00544766
0.00569225
0.00532787
0.00471303
0.00412751
0.00342575
0.00221616
0.000148156
0.000229463
0.000306644
0.00037732
0.000471993
0.00059099
0.000808335
0.0013786
0.00253662
0.0029645
0.00308026
0.00402183
0.0049002
0.00552179
0.00573212
0.00553932
0.0049593
0.00389854
0.00225444
0.00198801
0.000148136
0.000211512
0.000269645
0.000328475
0.000425753
0.000511065
0.000788012
0.00155799
0.00238494
0.00245505
0.00295623
0.00400759
0.00512714
0.00597405
0.00630633
0.00611396
0.00510472
0.00282572
0.00221298
0.000146955
0.000189786
0.000232102
0.000294617
0.000405564
0.000506281
0.000874728
0.00161506
0.00193231
0.00195725
0.0025903
0.00375246
0.0050564
0.00609518
0.00648222
0.00613507
0.00414467
0.00259856
0.000133411
0.000163913
0.000198421
0.000268462
0.000361755
0.000495323
0.000898831
0.00138488
0.0014337
0.00155409
0.00225483
0.00346408
0.00488278
0.00599259
0.00635311
0.00523455
0.00295773
0.000113981
0.000137737
0.000169577
0.000233256
0.000288231
0.000445678
0.000771167
0.00100086
0.0010878
0.00137858
0.00215127
0.00343585
0.00498213
0.00600715
0.00618297
0.00331292
0.00252089
9.39743e-05
0.000114718
0.000145646
0.000191029
0.000225751
0.000362592
0.000581273
0.000737021
0.000918261
0.00140382
0.002372
0.00386855
0.0054583
0.00625666
0.0059715
0.00296073
7.57225e-05
9.67477e-05
0.0001288
0.00014846
0.000188988
0.000344144
0.000509097
0.000652153
0.000923528
0.0016059
0.00290697
0.00462295
0.0060135
0.00626605
0.00302758
6.12071e-05
8.57218e-05
0.000123867
0.000138094
0.000171445
0.000377432
0.000576588
0.000737619
0.00115816
0.0021716
0.00384417
0.0055831
0.00644449
0.0030077
5.52655e-05
8.90392e-05
0.000141065
0.000137249
0.000199627
0.000440589
0.000726069
0.00101056
0.00168795
0.0030502
0.00488959
0.00625256
0.00288979
5.56614e-05
0.000100823
0.000146294
0.000146317
0.000264616
0.000506378
0.000882412
0.00136409
0.0022736
0.00373828
0.00526784
0.00259384
5.85639e-05
0.000113923
0.000141483
0.000209061
0.000342837
0.000555893
0.000948184
0.00143134
0.00222281
0.00315549
0.00201207
4.66092e-05
9.29022e-05
0.000153174
0.000252037
0.000362886
0.000461251
0.000629776
0.000907253
0.00133235
0.00182184
0.000985552
0.00108612
0.0011883
0.00129795
0.00142146
0.00155576
0.00169694
0.00183963
0.00198478
0.001567
0.00187326
0.00213015
0.00235983
0.00259313
0.00286753
0.0031869
0.00353518
0.00387577
0.00420144
0.000846304
0.00115214
0.00146696
0.00177614
0.00207183
0.00237223
0.00269835
0.00305142
0.00341597
0.00377232
0.00410798
0.000320593
0.000533073
0.000803644
0.00113215
0.00148351
0.00182889
0.00216891
0.00251566
0.00286689
0.00320476
0.00351811
0.00379833
0.000198755
0.000259468
0.000444204
0.000713354
0.00105216
0.00141426
0.00176766
0.00211033
0.00244276
0.00274564
0.00301252
0.00323771
0.00344628
0.000250195
0.00022713
0.000296406
0.000495278
0.000779369
0.00111206
0.00145482
0.00178951
0.0021088
0.00237847
0.00259063
0.00275242
0.0029214
0.00315498
0.000344371
0.000313257
0.000304589
0.00039637
0.000602255
0.000877588
0.00117795
0.00148128
0.00178553
0.00204543
0.00221525
0.00230021
0.00248304
0.00277034
0.0031558
0.000386397
0.000390876
0.000378059
0.000391042
0.000499478
0.000701138
0.00094881
0.00121505
0.0015243
0.00187133
0.00211043
0.00212719
0.00221678
0.00258156
0.00311401
0.00370062
0.000359342
0.00041388
0.000437975
0.000451649
0.000490341
0.000604791
0.000788667
0.00101637
0.00131055
0.00178363
0.00231661
0.00241483
0.00233617
0.0026536
0.00328647
0.00397216
0.00460671
0.000267952
0.000370951
0.000438297
0.000487452
0.000538679
0.000614253
0.0007436
0.000926312
0.00117832
0.0016201
0.00237324
0.00285958
0.00269941
0.00285633
0.0035392
0.00425366
0.0049078
0.00541283
0.000148061
0.000269821
0.00037826
0.000459027
0.000537638
0.000634988
0.000764592
0.000933804
0.00113476
0.00143881
0.0021349
0.00317183
0.00323284
0.00309968
0.0037485
0.00442963
0.00498698
0.005445
0.00573546
0.000148269
0.000268694
0.00038065
0.000474793
0.00058277
0.000725109
0.000908725
0.00111313
0.00133077
0.00178989
0.0029709
0.00368755
0.00343721
0.00383967
0.00445602
0.00487982
0.00519925
0.00536758
0.00537361
0.00014832
0.000264819
0.000378163
0.000483592
0.00061547
0.000793407
0.0010166
0.00124006
0.00152406
0.00241507
0.00376132
0.00369146
0.00378889
0.00439916
0.00466626
0.00479949
0.00485732
0.00481902
0.00466786
0.000148295
0.000258621
0.000370685
0.000482624
0.00062881
0.000830756
0.00107988
0.00132771
0.00183601
0.00328676
0.00385747
0.00368455
0.00427753
0.00450734
0.00457596
0.00452833
0.0044303
0.00428586
0.00400743
0.000148236
0.000250211
0.000356031
0.000466056
0.000613135
0.000824608
0.00108541
0.00140991
0.00235157
0.00362642
0.00358536
0.00397308
0.00445664
0.00461761
0.00457053
0.0044187
0.00420464
0.00386645
0.00329976
0.000148299
0.000238835
0.000332156
0.000429537
0.000561882
0.000753175
0.00101405
0.00154664
0.00289122
0.00337198
0.00341999
0.00425123
0.00477679
0.00499377
0.0049185
0.0046266
0.00412018
0.00333858
0.00212459
0.00211581
0.00450265
0.00440874
0.00404651
0.00365639
0.00342881
0.0035858
0.00424879
0.00512661
0.0057738
0.00583139
0.00522072
0.00432596
0.00344182
0.00223828
0.00189894
0.000148259
0.000223735
0.000299552
0.000380021
0.000496184
0.000627248
0.000944549
0.00180212
0.00288469
0.0029471
0.00354639
0.00448589
0.00525932
0.00561578
0.00553741
0.00497873
0.0038771
0.00223229
0.00199033
0.000148081
0.000205343
0.000263339
0.00034077
0.000459426
0.000545423
0.00101512
0.00200376
0.00243415
0.00256339
0.00344477
0.00458826
0.0056094
0.00611436
0.00609623
0.00517168
0.00288739
0.00223174
0.000142962
0.000182065
0.000229965
0.000323467
0.000441118
0.000556578
0.00114594
0.00184302
0.00189679
0.00213393
0.003103
0.00440991
0.00562427
0.00622954
0.00608492
0.00417605
0.00262447
0.000126032
0.000155884
0.000201038
0.000308671
0.000386291
0.000578982
0.00112212
0.00142079
0.00140308
0.00179975
0.00283427
0.00423237
0.00554325
0.00609654
0.0052017
0.00295332
0.000105744
0.000130723
0.000175865
0.000273425
0.000301913
0.000530034
0.000880112
0.000999366
0.00114895
0.00176207
0.00286389
0.00439666
0.00566484
0.00601215
0.00330247
0.00244755
8.64563e-05
0.000108977
0.000157308
0.000225177
0.000246314
0.00041787
0.000616046
0.000766291
0.00114937
0.00197765
0.00336122
0.00502984
0.00600524
0.00585588
0.00293916
6.94573e-05
9.43907e-05
0.000140395
0.000178534
0.000237213
0.000398025
0.000538973
0.000733663
0.00130773
0.00247713
0.00419572
0.00571452
0.00619413
0.00297838
5.7446e-05
8.96182e-05
0.000146188
0.000149803
0.000266786
0.000476982
0.000616382
0.000908576
0.00180319
0.00345205
0.00537568
0.00631325
0.00298669
5.55158e-05
9.76451e-05
0.000152925
0.000149368
0.00031538
0.000595145
0.000829888
0.00137738
0.00272165
0.00467579
0.00620956
0.00283757
5.77324e-05
0.000117494
0.000142364
0.000170862
0.000359193
0.000670061
0.0011293
0.0020066
0.00362541
0.00532743
0.0025699
6.14049e-05
0.000107527
0.000144488
0.000223521
0.000397522
0.000707525
0.00127141
0.00216566
0.00336103
0.00199986
4.75632e-05
9.39669e-05
0.000153159
0.000246047
0.000363278
0.000507998
0.000814972
0.00131534
0.00178844
0.000895007
0.00100207
0.00110473
0.00121118
0.00132618
0.00145463
0.00159119
0.00173236
0.00187609
0.0020146
0.00125532
0.00160333
0.00190233
0.00215422
0.00238744
0.00263421
0.00292554
0.00325654
0.003604
0.00393569
0.00425365
0.000592194
0.000886273
0.00119665
0.0015124
0.00181749
0.00211145
0.00241533
0.00274632
0.0030982
0.00345404
0.00379833
0.00412133
0.000209242
0.00034395
0.000567403
0.000852755
0.00119087
0.00154012
0.00187925
0.00221464
0.00255503
0.00289136
0.00320813
0.00349902
0.00376585
0.000198306
0.00019456
0.000275222
0.000482836
0.000775897
0.00112622
0.00148484
0.00182889
0.00215997
0.00247007
0.00274374
0.00297262
0.00317892
0.00339493
0.000280925
0.000233631
0.000218364
0.000316028
0.000544617
0.000851616
0.00119139
0.00152641
0.00184754
0.00213463
0.00236685
0.00253024
0.00268001
0.0028818
0.00316187
0.000343033
0.000328307
0.00029702
0.0002993
0.000424169
0.000659434
0.000945783
0.00124004
0.00153301
0.00181837
0.00203519
0.00213838
0.0022416
0.0024832
0.00284643
0.00331099
0.000334539
0.00037362
0.000376876
0.000365072
0.000390336
0.000529191
0.00074857
0.000997643
0.00126625
0.00159593
0.0019456
0.00207247
0.00205384
0.00228071
0.00276696
0.00338272
0.00402166
0.000258046
0.000350322
0.00040278
0.000427948
0.000444062
0.000492388
0.000625357
0.000820252
0.00105804
0.00141972
0.00199632
0.00237103
0.00230857
0.00234435
0.00291727
0.00362853
0.0043591
0.00500094
0.000147995
0.000262568
0.000362556
0.000429828
0.000483641
0.000539611
0.000620698
0.000757758
0.000950191
0.00126592
0.00186457
0.00268516
0.00278138
0.00264442
0.00315178
0.00391053
0.00466069
0.0052928
0.00575806
0.000148042
0.00026449
0.000370588
0.000454166
0.00054157
0.000647408
0.000783879
0.000956204
0.00117637
0.00160767
0.00258781
0.00328717
0.00303729
0.00335716
0.00411953
0.00477591
0.00532467
0.00572116
0.00589223
0.000148138
0.000263248
0.000374042
0.000473988
0.000593654
0.000748171
0.00093931
0.00114137
0.0014096
0.00218055
0.00348189
0.0034801
0.00346405
0.00419487
0.00469781
0.0051011
0.00535091
0.00539684
0.00525946
0.00014823
0.000259534
0.000372846
0.000486086
0.000631325
0.000823359
0.00105132
0.00127757
0.00174054
0.00311909
0.00382221
0.00359424
0.00413891
0.00453083
0.00471287
0.00480451
0.00477667
0.00462098
0.00424813
0.000148254
0.000253749
0.00036644
0.000487314
0.000647548
0.000865435
0.00111694
0.00141532
0.00234139
0.00372011
0.00363598
0.00394244
0.00436002
0.00448917
0.0044523
0.00434393
0.00417756
0.00387698
0.00328683
0.000148267
0.000245597
0.000352121
0.000471209
0.000633765
0.000864546
0.00113797
0.00164089
0.00309606
0.00362384
0.00358308
0.00423438
0.00447832
0.00448047
0.00432736
0.00409133
0.0037272
0.00313845
0.00211806
0.00014822
0.000234042
0.000327836
0.000434584
0.00058634
0.000798293
0.00112619
0.00201595
0.00327481
0.0033046
0.00385055
0.00450517
0.00482528
0.00483862
0.00456303
0.00403548
0.00320991
0.00205551
0.00187808
0.0021402
0.00454822
0.00441094
0.0040108
0.00361739
0.00347796
0.00379807
0.00459431
0.00550059
0.00605121
0.00585202
0.00483351
0.00349787
0.00216247
0.00187854
0.00014825
0.000218686
0.000295245
0.000389637
0.000527084
0.000681742
0.00118271
0.00239855
0.00293547
0.00308309
0.00402061
0.00487902
0.00539894
0.00550668
0.00497456
0.00386958
0.00222165
0.0019921
0.00014805
0.000199652
0.00026181
0.00036489
0.000487988
0.000628863
0.00136667
0.00233128
0.00242224
0.00292292
0.00398508
0.00511405
0.00579882
0.00600279
0.00519462
0.00292859
0.00225625
0.000137413
0.000175486
0.000233193
0.00036521
0.000457012
0.000696719
0.00148622
0.00189231
0.00188079
0.00250057
0.00369405
0.00501345
0.00582892
0.00590044
0.00416752
0.00262347
0.000118352
0.000149574
0.000212782
0.000355102
0.000400362
0.000760712
0.00131547
0.00136716
0.00144245
0.00226359
0.00353971
0.00495567
0.00573139
0.00507352
0.0029342
9.8123e-05
0.000125432
0.000195452
0.000300649
0.000314932
0.000668958
0.000915247
0.000996612
0.00142189
0.00235899
0.00377338
0.00521496
0.00577198
0.00325485
0.00239137
7.91241e-05
0.000107187
0.000181553
0.000235574
0.000266638
0.000487875
0.00064897
0.000917278
0.00162961
0.00285853
0.00454435
0.0056433
0.00570988
0.0028721
6.45788e-05
9.55854e-05
0.000169441
0.000188385
0.000290053
0.000445963
0.00058049
0.00105
0.00207743
0.00372997
0.00539871
0.0059295
0.00295214
5.6312e-05
9.80809e-05
0.000169664
0.000187244
0.000395361
0.000512502
0.000724198
0.00144403
0.0030426
0.00504457
0.00619431
0.00290971
5.68237e-05
0.000124379
0.000149508
0.000190632
0.000493803
0.000662427
0.00110038
0.0023401
0.00445228
0.00602886
0.00281003
6.22426e-05
0.00011729
0.000132033
0.000235503
0.000481076
0.00083647
0.00174554
0.003476
0.00540773
0.00251998
6.43589e-05
0.00011249
0.000206159
0.000246702
0.000531173
0.00110003
0.00211802
0.00360322
0.00199427
5.59763e-05
0.000127569
0.000166125
0.000242664
0.0004136
0.000737333
0.00129909
0.0017633
0.000795673
0.000910791
0.00101878
0.00112378
0.00123435
0.00135427
0.00148609
0.0016237
0.00176457
0.00190728
0.00203997
0.000916985
0.00129587
0.00163699
0.00192843
0.00217741
0.00241564
0.00267652
0.00298291
0.00331978
0.00366418
0.00398601
0.00430043
0.000364373
0.000626414
0.000926041
0.0012394
0.00155357
0.0018533
0.00214587
0.0024535
0.00278658
0.00313379
0.00347853
0.00381105
0.00412431
0.000189009
0.000215269
0.000369269
0.00060381
0.000904209
0.00124837
0.00159234
0.00192417
0.00225313
0.00258298
0.00289802
0.00319294
0.00346638
0.00372976
0.000231316
0.000191475
0.000193112
0.000296738
0.000530265
0.000845549
0.00120151
0.00155181
0.00188345
0.00219725
0.00247643
0.00271365
0.00291487
0.0031202
0.00335006
0.000297655
0.000264702
0.000218259
0.000214808
0.000345918
0.000606623
0.00093092
0.00126766
0.00158936
0.00188819
0.00213839
0.00231641
0.0024513
0.00261588
0.00287456
0.00320623
0.000307142
0.000329452
0.000312659
0.000281366
0.000298541
0.000464401
0.000723709
0.00101007
0.00129081
0.00157153
0.00182555
0.00198341
0.00205332
0.0022253
0.0025301
0.00298794
0.00353245
0.000245968
0.000325218
0.000361199
0.000363614
0.000353041
0.00039825
0.000567261
0.00079563
0.00103693
0.00132031
0.00168345
0.00196678
0.00198083
0.00203822
0.00242337
0.00301607
0.00371177
0.00439292
0.000147775
0.000252958
0.000341518
0.000392332
0.000419005
0.00043745
0.00049915
0.00064867
0.000850887
0.00111181
0.00159375
0.00220462
0.00233577
0.00221838
0.00254323
0.00323319
0.00401967
0.00477607
0.00540765
0.000147966
0.000257486
0.000354472
0.000422612
0.000481474
0.000540531
0.000626422
0.000768993
0.000989339
0.00140958
0.00219887
0.0027858
0.00260204
0.00276302
0.00350742
0.0043129
0.00507092
0.00566336
0.00605865
0.000148079
0.000259382
0.000363625
0.000451293
0.000547359
0.00065983
0.000800407
0.000976374
0.00124931
0.00191129
0.00304978
0.00314414
0.00300312
0.00373929
0.00448553
0.00511373
0.00563391
0.00590227
0.00592028
0.000148205
0.00025828
0.000368659
0.000475525
0.000606452
0.000770891
0.000964899
0.00117272
0.00158418
0.00277588
0.00359288
0.00334132
0.00383229
0.00446663
0.00493521
0.00528042
0.00538821
0.00528703
0.0048624
0.000148303
0.000254964
0.000369208
0.000491307
0.000648925
0.000852305
0.00107983
0.0013507
0.0021957
0.00363057
0.00356664
0.00375813
0.00434047
0.00458882
0.00471854
0.00471829
0.00456593
0.00417326
0.00337981
0.000148264
0.000249716
0.000364265
0.000494726
0.00066815
0.000898767
0.0011564
0.00163195
0.00310455
0.00372632
0.00358884
0.00415678
0.00436441
0.00435493
0.00424255
0.0040606
0.00373488
0.00312247
0.00207871
0.000148337
0.000241757
0.000350513
0.000479258
0.000658173
0.000905952
0.00122691
0.00212999
0.00350298
0.00349134
0.00393078
0.00428399
0.0043562
0.0042191
0.00396559
0.00357499
0.0029706
0.00201941
0.00185391
0.000148216
0.000230106
0.00032608
0.000443991
0.000617214
0.000856994
0.00134678
0.00272092
0.00329977
0.00339591
0.00416701
0.00458378
0.00471454
0.00448979
0.00394355
0.00307997
0.0019958
0.00186301
0.00215888
0.00458455
0.00440859
0.00397467
0.00360978
0.00357875
0.00407311
0.00497893
0.00586495
0.00618747
0.00560324
0.00395959
0.00214142
0.00190238
0.000148218
0.000214575
0.000294594
0.000406633
0.000560259
0.000785503
0.00159271
0.00282037
0.00291388
0.00353158
0.00442724
0.00511383
0.00538497
0.00496127
0.00386218
0.00221646
0.00199756
0.000146643
0.000194834
0.000264453
0.000398965
0.000503745
0.000821809
0.0018394
0.0023948
0.00251348
0.00338309
0.00450142
0.0053848
0.00575867
0.00517062
0.00296561
0.00225795
0.00013124
0.000170097
0.000246338
0.000409158
0.000477968
0.000969653
0.00176898
0.00183006
0.00200401
0.00298754
0.00427938
0.00526844
0.00560355
0.00411698
0.00261359
0.000111001
0.000145872
0.000235922
0.000383605
0.000453681
0.00100901
0.00136125
0.0013102
0.00175368
0.00287664
0.00426874
0.00522934
0.00487772
0.0028883
9.03989e-05
0.000125522
0.000225573
0.000289476
0.000396786
0.000818945
0.000918634
0.0011121
0.00191665
0.00316583
0.0046682
0.00539359
0.00317218
0.0022867
7.35927e-05
0.000109688
0.000214376
0.00021666
0.000338261
0.000556733
0.00073539
0.00129676
0.00238429
0.00398992
0.00521433
0.00539161
0.00282431
6.01551e-05
0.000102425
0.000195461
0.000210631
0.000368232
0.000471819
0.00083751
0.00169693
0.00327065
0.00497745
0.00567488
0.00285893
5.70895e-05
0.000131999
0.00017676
0.000279609
0.000455903
0.00060362
0.00114947
0.00258133
0.00470036
0.00588692
0.0028657
6.30445e-05
0.000131132
0.000147193
0.000360076
0.000608898
0.000855907
0.00195204
0.00412287
0.00586272
0.00272793
6.57925e-05
0.000115094
0.000214961
0.000305765
0.000559915
0.00137748
0.00329099
0.00539274
0.00247903
9.26053e-05
0.000217166
0.000250675
0.000275607
0.000883734
0.00210877
0.00382036
0.00198708
0.000194306
0.000294947
0.000168909
0.000284633
0.000646258
0.00129908
0.00172131
0.000688638
0.000811343
0.000926403
0.00103539
0.00114293
0.00125733
0.00138106
0.00151522
0.00165261
0.00179188
0.00193233
0.00205979
0.000591497
0.000957351
0.00133433
0.00166732
0.00195157
0.00219859
0.00244378
0.00271917
0.00303684
0.00337648
0.00371099
0.00403118
0.00433873
0.000232896
0.00039148
0.00066087
0.000964987
0.00127895
0.00158967
0.00188323
0.00217558
0.00248592
0.00281846
0.00315718
0.00349051
0.00381366
0.00412413
0.000216626
0.000188634
0.0002237
0.00039471
0.000642887
0.000958228
0.00130379
0.00164
0.00196322
0.00228316
0.00259427
0.00288968
0.00316226
0.00342865
0.0036945
0.000254855
0.000220756
0.000184905
0.000193293
0.000326368
0.000587757
0.000921376
0.00127571
0.00161303
0.00192829
0.00221416
0.00246216
0.00266183
0.00285029
0.00306804
0.00333997
0.000278078
0.000284079
0.000248553
0.000203725
0.000215083
0.000389358
0.000679356
0.00101099
0.0013357
0.0016374
0.00189927
0.00210864
0.00224015
0.00237822
0.00259192
0.00290588
0.0033077
0.000233296
0.000297715
0.000316109
0.000297502
0.000266308
0.000310533
0.000516456
0.000789754
0.00106627
0.00132514
0.001593
0.00180752
0.00189992
0.00199619
0.0022351
0.00264366
0.00320608
0.00382711
0.000147635
0.000241134
0.000315996
0.000349133
0.000351098
0.00034341
0.000416916
0.000610043
0.000837041
0.00107103
0.00138377
0.00178457
0.00194016
0.00189355
0.00211515
0.00263529
0.0033356
0.0041011
0.00481093
0.000147898
0.000248108
0.000332844
0.000382611
0.000411165
0.000432224
0.000510291
0.000672519
0.000876614
0.00121043
0.00182532
0.0022743
0.00220758
0.00220196
0.00281692
0.00360647
0.00445066
0.00521576
0.00580224
0.000147973
0.000252621
0.00034677
0.000416764
0.00048035
0.000540708
0.000630374
0.000779064
0.00106251
0.00164657
0.00255201
0.00268864
0.00252659
0.00306258
0.00389354
0.00474425
0.0054696
0.00599444
0.00621572
0.00014811
0.000254585
0.000357499
0.000450418
0.0005541
0.000670691
0.000813119
0.00100467
0.00139358
0.00237478
0.00318794
0.00291714
0.00329273
0.00411156
0.00483161
0.00545193
0.00585755
0.00594143
0.0056854
0.000148271
0.000253814
0.000364652
0.00047926
0.000619982
0.000791442
0.00098533
0.00123244
0.00194704
0.00333078
0.00333737
0.00339394
0.00416484
0.00469705
0.00514061
0.00533682
0.00528854
0.00489263
0.00398269
0.000148354
0.000251155
0.00036748
0.000498764
0.000666986
0.000877931
0.00110939
0.00153627
0.00291328
0.0036862
0.00346605
0.00406977
0.00442037
0.00459691
0.00463231
0.00450586
0.00409634
0.00328066
0.00209913
0.000148348
0.000246523
0.000364315
0.000504163
0.00068954
0.000929884
0.00123034
0.00210941
0.00355762
0.00351025
0.00387273
0.00418731
0.00423281
0.00412762
0.00393139
0.0035847
0.00295774
0.0020114
0.00188069
0.000148293
0.000238887
0.000351202
0.000489858
0.000685854
0.000953779
0.00143288
0.00288728
0.00348971
0.00351504
0.00402545
0.00419704
0.00409184
0.00383037
0.00341757
0.00278741
0.00194539
0.00182519
0.00014826
0.00022732
0.000326917
0.000457803
0.000654727
0.000951999
0.00178989
0.00316172
0.00323057
0.00377164
0.00429718
0.00455798
0.00439332
0.00384834
0.00296473
0.00195021
0.00184347
0.00217327
0.00462149
0.0044005
0.00394709
0.00363466
0.00374661
0.00441491
0.00539438
0.00618254
0.00618793
0.00490011
0.00238574
0.00196194
0.000148181
0.000211632
0.000296824
0.000431447
0.000594606
0.000990223
0.0022111
0.00288879
0.00306744
0.00393199
0.00473178
0.00516097
0.00492077
0.00385041
0.00221087
0.00199747
0.000143018
0.000190812
0.000275006
0.000435494
0.000534706
0.00115215
0.00224735
0.00236765
0.00283182
0.00384667
0.00485299
0.00541633
0.00508297
0.00296176
0.00225426
0.00012479
0.000167703
0.000267526
0.000439701
0.000551863
0.0013195
0.00183397
0.00178407
0.00235012
0.00351012
0.00458675
0.00517939
0.00399005
0.00257956
0.000103791
0.000146579
0.000267477
0.000379874
0.000628727
0.00123923
0.0012945
0.00130224
0.0022805
0.0035495
0.00460022
0.00454603
0.00281151
8.46001e-05
0.000129153
0.000258038
0.000261928
0.000583071
0.000865213
0.000914587
0.00148321
0.00261638
0.00403113
0.0049403
0.00305619
0.00219861
6.80948e-05
0.000116937
0.000229552
0.000225637
0.000457947
0.000622944
0.000981591
0.00191437
0.00342205
0.00466188
0.00506072
0.00270517
5.9544e-05
0.000134341
0.000200102
0.00027104
0.000408143
0.000640979
0.0013665
0.00276823
0.00457196
0.00527352
0.00279544
6.30722e-05
0.000146076
0.000215688
0.000394236
0.000551928
0.0009203
0.0021427
0.00423682
0.00560084
0.00273928
6.79468e-05
0.00012921
0.000303029
0.000565413
0.000770288
0.00154423
0.00377631
0.0054972
0.00267722
8.76554e-05
0.000226238
0.000298752
0.000410608
0.000954008
0.00298241
0.00533982
0.00240455
0.000338682
0.000399343
0.00021475
0.000524329
0.00192092
0.00406682
0.00198103
0.000533669
0.000231364
0.000181365
0.000552024
0.00129031
0.00169619
0.000573508
0.0007039
0.000826711
0.00094155
0.00105161
0.00116153
0.00127926
0.00140599
0.00154103
0.00167723
0.00181672
0.00195211
0.0020756
0.000421223
0.00062563
0.000997293
0.00136993
0.0016939
0.00197096
0.00221726
0.00247184
0.00276032
0.00308631
0.00342348
0.0037522
0.00406887
0.004379
0.000208495
0.000240269
0.000421453
0.000694616
0.0010018
0.00131471
0.00161973
0.00190799
0.00220048
0.00251266
0.00284056
0.00316978
0.00349276
0.00381349
0.00412102
0.000228316
0.000212076
0.000189644
0.000235957
0.000420392
0.000686393
0.00101403
0.00135678
0.0016827
0.001996
0.00230265
0.00259476
0.00286422
0.00312406
0.0033919
0.00367093
0.000248283
0.000243181
0.000210139
0.000178754
0.000197829
0.000366201
0.000655504
0.00100055
0.00134576
0.00166569
0.00195945
0.00221556
0.00242241
0.00259872
0.00279036
0.00304859
0.00336638
0.000220424
0.000268872
0.000270632
0.00023362
0.000191886
0.000224779
0.000445907
0.000759292
0.00108487
0.00139026
0.00165641
0.00188976
0.0020437
0.00216182
0.00232778
0.00260162
0.00299633
0.00348787
0.000147274
0.000228799
0.00028827
0.000303028
0.000282791
0.000254347
0.000338149
0.00057719
0.000849263
0.00110088
0.00134649
0.00159776
0.00175744
0.00181376
0.0019857
0.00231169
0.00284258
0.00350994
0.00420081
0.000147562
0.000236456
0.000306773
0.000337501
0.000339748
0.000339516
0.000445244
0.000651269
0.000861263
0.00110913
0.00148503
0.00182036
0.00184292
0.00187527
0.00227554
0.00292508
0.00372819
0.00455026
0.0052675
0.000147851
0.000243319
0.000324319
0.000373744
0.000404342
0.000428765
0.000524755
0.000693644
0.000911982
0.00138624
0.00206573
0.00223913
0.00208372
0.00240962
0.00315234
0.00403569
0.00491342
0.00565144
0.00616007
0.000148026
0.000247884
0.000339496
0.000412265
0.000479625
0.000539334
0.000631645
0.000803751
0.00119105
0.00198811
0.00267671
0.00248104
0.00262394
0.00342028
0.00431098
0.00516431
0.00582547
0.00618649
0.00622625
0.000148145
0.000250046
0.00035234
0.000450993
0.000560667
0.000678748
0.00082357
0.00106098
0.00167135
0.00287872
0.00301732
0.00287172
0.0036668
0.00447142
0.00516623
0.00571386
0.00591295
0.00573064
0.00499498
0.000148334
0.000249919
0.000362129
0.000484606
0.000632943
0.000808233
0.00100754
0.00137747
0.00253883
0.00345346
0.00319619
0.00376573
0.00439776
0.00492313
0.00521561
0.00527005
0.0049116
0.00402441
0.00241306
0.00014836
0.000248109
0.000367703
0.000507581
0.000684079
0.000899883
0.00116836
0.00195664
0.00344405
0.00340582
0.00367714
0.00419801
0.00443459
0.00451942
0.00442739
0.00402279
0.00318668
0.00207307
0.00195541
0.000148336
0.00024435
0.000366431
0.000514758
0.000710928
0.000964819
0.0014204
0.00286997
0.00354499
0.00348274
0.00394631
0.00408462
0.00399561
0.00379246
0.00342815
0.00278988
0.00195048
0.0018641
0.000148311
0.000237296
0.000354095
0.000502503
0.000717308
0.00103224
0.00188833
0.00332425
0.00335992
0.00373215
0.00400549
0.00394523
0.00368752
0.00325478
0.00262578
0.00187606
0.00180195
0.000148195
0.000225719
0.000330241
0.000477017
0.000701847
0.0011409
0.00249699
0.00320458
0.00335098
0.00396092
0.00431569
0.00425266
0.00375173
0.00284143
0.00190566
0.00183259
0.00218323
0.00464887
0.00439266
0.00393115
0.00370575
0.00399328
0.00482455
0.00582151
0.00634331
0.00574304
0.00317231
0.00211298
0.000148211
0.000209819
0.000304248
0.000460072
0.000657165
0.00136243
0.00272768
0.00286546
0.00345854
0.00426882
0.00480451
0.00481062
0.00382803
0.00220754
0.00199423
0.000138518
0.000189478
0.000290938
0.000463606
0.000648037
0.00162318
0.00233445
0.00241831
0.0032316
0.00422944
0.00492647
0.00488383
0.00293971
0.00223803
0.000118782
0.000168423
0.000295347
0.000441129
0.000787974
0.00166364
0.00175015
0.00180359
0.00279916
0.00386922
0.00461462
0.00375653
0.00251213
9.79683e-05
0.000151397
0.000301998
0.00038436
0.000902469
0.00129454
0.00118835
0.00168449
0.00290077
0.00387436
0.00414412
0.00271356
7.93676e-05
0.000135776
0.000274129
0.000310272
0.000806406
0.00086589
0.00106276
0.00207972
0.00342098
0.00436835
0.00285411
0.0020613
6.58432e-05
0.000146816
0.000214655
0.0003018
0.000593134
0.000703102
0.001478
0.00279871
0.00411549
0.00459172
0.00259805
6.2385e-05
0.00016151
0.000240711
0.000362046
0.000489043
0.00103984
0.00228615
0.00404022
0.00489886
0.00265505
6.91548e-05
0.000170019
0.000377938
0.000534823
0.00075218
0.00171515
0.00376152
0.00512495
0.00265666
8.78251e-05
0.0003015
0.000560577
0.000750739
0.00127001
0.00326714
0.00523062
0.00254303
0.000346595
0.000502854
0.00043765
0.000809094
0.00247669
0.00508819
0.00236373
0.000639763
0.000401287
0.0003126
0.00169333
0.00405002
0.00197087
0.000685525
0.000219613
0.00039535
0.00127075
0.00164287
0.00046037
0.000588256
0.000718922
0.000841493
0.000955872
0.00106691
0.00117878
0.00129972
0.00142818
0.00156315
0.00169828
0.00183611
0.00196762
0.00208737
0.000177118
0.000270298
0.000436627
0.000661146
0.00103535
0.00140174
0.00171614
0.00198725
0.00223397
0.00249905
0.00279938
0.00312877
0.00346464
0.00378681
0.00410922
0.00441301
0.000212926
0.000209724
0.000249241
0.000451249
0.000726918
0.00103627
0.00134633
0.00164449
0.00192795
0.00222154
0.00253292
0.00285475
0.00317246
0.00349192
0.00381197
0.00412121
0.000218027
0.000223091
0.00020603
0.000192967
0.000252055
0.000449651
0.000734607
0.00107127
0.00140639
0.00172026
0.00202149
0.0023099
0.00257883
0.00282919
0.00308538
0.00336867
0.0036632
0.000204803
0.000239783
0.000231932
0.000200969
0.000174723
0.000207743
0.000417432
0.000732224
0.00107898
0.00140817
0.00170608
0.00197044
0.00219337
0.00236687
0.00253296
0.00275692
0.00306658
0.00344984
0.000146872
0.000216405
0.000259513
0.000257621
0.000219493
0.000185809
0.000247637
0.000516003
0.000839989
0.00114796
0.00141751
0.00165825
0.00184538
0.00196515
0.00209472
0.00231795
0.00266909
0.00317726
0.00376161
0.000147241
0.000224327
0.000278781
0.000290301
0.000269112
0.000250627
0.000379876
0.000639831
0.000896601
0.00111173
0.00136187
0.00158272
0.00168098
0.00178279
0.00202021
0.00247663
0.00313931
0.00390947
0.00465599
0.000147623
0.000231764
0.000297585
0.000326493
0.000329836
0.000339324
0.000480212
0.000684037
0.000877741
0.00116464
0.0016139
0.00181553
0.00174608
0.00196333
0.00251881
0.00330087
0.00419725
0.00505269
0.00574777
0.000147933
0.000238635
0.000315929
0.000365937
0.000398288
0.000428141
0.000540204
0.000707482
0.000996999
0.00162784
0.0021528
0.00208737
0.00204981
0.00268915
0.0035558
0.00451056
0.00539165
0.00605707
0.00635434
0.000147991
0.000243221
0.000332752
0.000408892
0.000478429
0.000535945
0.0006318
0.000861676
0.00141165
0.00237316
0.00257445
0.00238746
0.00291375
0.00381091
0.00474925
0.00555096
0.00607458
0.00621016
0.00581835
0.000148155
0.00024585
0.000348118
0.000452657
0.000565979
0.000683443
0.000840422
0.00118159
0.00212521
0.00304409
0.00276553
0.00316645
0.00403101
0.00480517
0.00545971
0.00579683
0.00572137
0.00505911
0.00326565
0.000148319
0.000246532
0.000361155
0.000490679
0.000644077
0.000821898
0.00105335
0.00170206
0.00312998
0.00317154
0.0032872
0.00406136
0.00462535
0.00503447
0.00519264
0.00490793
0.00406844
0.00243572
0.00212394
0.000148351
0.000245962
0.000369706
0.000516625
0.000699372
0.000924228
0.00132721
0.00265864
0.00349447
0.0033256
0.00390841
0.00422742
0.00437175
0.00432727
0.00394297
0.00311758
0.00204303
0.00195272
0.000148343
0.000243479
0.000370314
0.000525606
0.000733163
0.00103003
0.00185801
0.00334246
0.00336264
0.00365658
0.00390641
0.00384498
0.00364474
0.00326751
0.00263635
0.00190056
0.00184323
0.00014829
0.000237136
0.000358634
0.00051761
0.00075751
0.00121023
0.00262858
0.00333273
0.00341018
0.00376216
0.00376609
0.00352972
0.00309145
0.00245058
0.00182466
0.00177343
0.000148171
0.000225535
0.000336505
0.000501589
0.000776217
0.00153252
0.00301786
0.00314143
0.00360988
0.00399828
0.00407861
0.00364369
0.00275295
0.00187358
0.00181104
0.00218926
0.00467993
0.00437954
0.00393107
0.00383255
0.00433042
0.00529766
0.00620984
0.00627252
0.00420919
0.00240136
0.00014815
0.000209901
0.000315011
0.00049142
0.000804122
0.00196817
0.00282487
0.00303117
0.00377275
0.00436945
0.00459201
0.00378405
0.00219045
0.0019889
0.000134379
0.000190066
0.000311735
0.000472611
0.000930215
0.00212134
0.00227358
0.00268646
0.0035742
0.00432578
0.00449551
0.00286597
0.00218493
0.000113443
0.000172813
0.000325718
0.000448341
0.00113185
0.00175037
0.00163847
0.00214487
0.0031847
0.00394112
0.0034337
0.00243384
9.34945e-05
0.000158627
0.000333392
0.000511516
0.00116569
0.00120999
0.00116041
0.00225428
0.00321956
0.00365357
0.00253993
7.54498e-05
0.000162942
0.000264035
0.000529506
0.000858833
0.000840398
0.00152396
0.00279764
0.00382034
0.00269994
0.00191233
6.65235e-05
0.000165083
0.000244633
0.000506603
0.000620214
0.00101455
0.00223285
0.00353088
0.0041474
0.00243544
7.38559e-05
0.00018898
0.000340295
0.00038324
0.000729088
0.00177671
0.00348948
0.00434736
0.00253114
8.68431e-05
0.000375772
0.000533439
0.000602891
0.00135256
0.00318181
0.0046408
0.00249442
0.000344413
0.000663256
0.000775822
0.00111448
0.00272578
0.00472932
0.00245156
0.000679057
0.000761265
0.000810731
0.00199078
0.00470344
0.00227532
0.000794969
0.000670499
0.00118268
0.003851
0.00193514
0.000785321
0.000543701
0.00116977
0.00161636
0.00018257
0.000335484
0.000473536
0.000603106
0.000733351
0.000855194
0.000968899
0.00108079
0.0011946
0.00131793
0.00144741
0.0015814
0.00171494
0.00185183
0.0019798
0.00209607
0.000188624
0.00017795
0.000287013
0.000452697
0.00069723
0.00107091
0.00142988
0.00173411
0.00199988
0.00224901
0.00252551
0.00283436
0.00316667
0.00349945
0.00382472
0.00414598
0.00445371
0.000194959
0.000210125
0.000209983
0.000261829
0.000478396
0.000757899
0.00106822
0.00137404
0.00166387
0.00194458
0.00223876
0.00254775
0.00286
0.00317171
0.00349033
0.00381689
0.00412149
0.000183829
0.000212003
0.000218904
0.00019883
0.000196113
0.000269763
0.000483701
0.000789309
0.0011283
0.00145204
0.00175205
0.00203903
0.00230667
0.00255136
0.00279021
0.00305829
0.00336395
0.0036784
0.00013415
0.000200777
0.000231167
0.000221643
0.000193109
0.000173368
0.000226999
0.000480606
0.000814482
0.00115236
0.00145855
0.00173101
0.00196636
0.00215064
0.00230262
0.00248035
0.00275924
0.00315369
0.00360084
0.000146855
0.000212048
0.000250031
0.000245111
0.000206573
0.000184547
0.000291572
0.000595757
0.000911801
0.00118781
0.00142245
0.00163001
0.00177757
0.00189421
0.00206858
0.00235519
0.00283517
0.00346949
0.00414278
0.000147365
0.000219823
0.000269334
0.000278138
0.00025708
0.000252594
0.000432562
0.000694266
0.000908817
0.00111978
0.00137177
0.00155216
0.00161609
0.00178198
0.00214285
0.00274752
0.00355045
0.00440997
0.0051902
0.000147603
0.000227151
0.0002884
0.00031652
0.000321047
0.000348418
0.00051563
0.000697862
0.00090364
0.0012784
0.00168085
0.00170837
0.00172767
0.00214701
0.00285753
0.00377068
0.00474187
0.00559508
0.0062032
0.00014781
0.000233869
0.000307819
0.000359199
0.000392997
0.000430804
0.000555339
0.000730323
0.00116487
0.00189173
0.00212815
0.00193531
0.00224926
0.00304884
0.00402526
0.00501956
0.00584877
0.00631415
0.00633602
0.000148012
0.00023869
0.000326531
0.000406359
0.000475883
0.000530763
0.000642365
0.000974952
0.00174314
0.00252482
0.00234886
0.00242508
0.0032703
0.0042285
0.00515915
0.00585439
0.00612831
0.00582371
0.00428218
0.000148142
0.00024185
0.000344976
0.000454624
0.000568893
0.000687103
0.000881777
0.00142533
0.00265926
0.00284999
0.00270881
0.00351267
0.00436328
0.00509633
0.00557416
0.00566111
0.00506549
0.00333452
0.00241414
0.000148188
0.000243812
0.000361549
0.000496465
0.000652976
0.00083781
0.00117352
0.00226695
0.00326869
0.00303409
0.00362965
0.00425462
0.00478447
0.00504725
0.00487719
0.00410703
0.00246086
0.00212286
0.000148317
0.000244982
0.000373078
0.000524977
0.000713689
0.000974479
0.00170521
0.00320872
0.00324798
0.00354278
0.00396434
0.00418967
0.00419471
0.00386026
0.00304927
0.00202995
0.00194086
0.000148222
0.000243885
0.000375234
0.000536755
0.000762619
0.00119375
0.00258649
0.00334712
0.00335644
0.00367816
0.00367417
0.00348244
0.00310807
0.002477
0.0018527
0.00182679
0.000148239
0.000238037
0.000364802
0.000536615
0.000825089
0.00161207
0.00312137
0.00321892
0.00349153
0.00355397
0.00336628
0.00293012
0.00230819
0.00176883
0.00175143
0.000148166
0.0002265
0.000345295
0.000535329
0.000928106
0.00219761
0.00309408
0.00327642
0.00366648
0.00385022
0.00351012
0.00263312
0.00183456
0.00180219
0.00219131
0.00469465
0.00436436
0.00396293
0.00404207
0.00476727
0.00580344
0.00641828
0.00517717
0.00277412
0.000147536
0.000210942
0.000330084
0.000529794
0.00112101
0.00259838
0.00280854
0.00331041
0.00392383
0.00426054
0.00371431
0.00217108
0.001962
0.000130325
0.000193324
0.000333897
0.000504222
0.00137335
0.00224366
0.00226319
0.00297431
0.00368811
0.00399548
0.00270864
0.00213923
0.00010983
0.000179308
0.000360433
0.000581106
0.00150452
0.00165229
0.00158881
0.00257878
0.00327726
0.0030793
0.00227525
8.90697e-05
0.000181088
0.000343914
0.00079626
0.00123115
0.0010448
0.001506
0.00282617
0.00321124
0.00239363
7.58265e-05
0.000176168
0.000278218
0.000824267
0.000797778
0.000992568
0.00214514
0.00317616
0.00239247
0.0017521
7.42665e-05
0.000200312
0.00035637
0.000612406
0.00063159
0.00162462
0.00287965
0.00365061
0.00228744
8.35778e-05
0.000313199
0.00036137
0.000415524
0.00128927
0.00278162
0.00378219
0.00231658
0.000325118
0.000564011
0.00056753
0.000946413
0.00260721
0.00390128
0.00237688
0.000681688
0.000811285
0.00105986
0.00212439
0.00418724
0.00226758
0.000833898
0.00103145
0.00160656
0.0038199
0.0022054
0.000968136
0.00131602
0.00300684
0.00190401
0.000982821
0.00118062
0.00153886
0.000158575
0.000190695
0.000348788
0.000486921
0.000617723
0.000746643
0.000867505
0.000980297
0.00109311
0.0012086
0.00133384
0.00146314
0.001596
0.00172783
0.00186377
0.00198981
0.00210154
0.000144943
0.000190273
0.000179564
0.000305263
0.00046947
0.000732556
0.00110417
0.00145352
0.00174794
0.00200808
0.00226327
0.0025501
0.00286679
0.00319878
0.00353515
0.00386111
0.00419263
0.00448343
0.000158388
0.00019407
0.000206703
0.000211141
0.000279723
0.000505939
0.000787441
0.00109775
0.00139669
0.00167974
0.00195872
0.00225352
0.00255664
0.0028611
0.00316987
0.00349659
0.00382652
0.00412633
0.000115802
0.000180694
0.000206135
0.000216003
0.00019376
0.000197567
0.000289494
0.000526472
0.000849922
0.00118442
0.00149264
0.00177806
0.00204598
0.00229125
0.00251683
0.00275807
0.00305223
0.00338789
0.00373623
0.000131886
0.000196566
0.000222606
0.00021259
0.000185534
0.000173944
0.000264298
0.000556594
0.000896674
0.00121521
0.00149429
0.00173668
0.00194113
0.00209507
0.00224269
0.00246947
0.00283654
0.00332077
0.00385079
0.000145529
0.000207329
0.000240579
0.000233304
0.000194785
0.000187776
0.000355556
0.000676146
0.000966136
0.00119589
0.00140304
0.00158267
0.00170788
0.00185346
0.00207881
0.00249112
0.00313067
0.0038908
0.00464211
0.000147382
0.000215398
0.000259867
0.000266955
0.000245954
0.000267783
0.000490485
0.000729815
0.000906078
0.00113176
0.00137653
0.00149433
0.00160259
0.00186197
0.00237379
0.00314853
0.00408782
0.00501
0.00577496
0.000147634
0.000222456
0.000279391
0.000307735
0.00031444
0.000366549
0.000543374
0.000706951
0.000950781
0.00143504
0.00168887
0.00161241
0.00182944
0.00243496
0.00330478
0.00434159
0.00534941
0.00613424
0.00647694
0.000147865
0.000229127
0.000299979
0.000353689
0.000388204
0.000436608
0.000567318
0.000794308
0.00140171
0.001999
0.00196524
0.00188275
0.00254415
0.00348726
0.0045519
0.00553611
0.00620257
0.00633145
0.00525806
0.000148031
0.000234101
0.000321028
0.000404228
0.000471185
0.000526871
0.000680739
0.00116963
0.00214528
0.00243363
0.00222239
0.00271293
0.00364845
0.00465819
0.00550676
0.00594687
0.00579717
0.00430172
0.00278366
0.000148229
0.000238263
0.000342765
0.000456044
0.000569561
0.000694902
0.000979503
0.00184923
0.00285998
0.00259498
0.00296966
0.00385323
0.00464676
0.00523728
0.00549339
0.00504026
0.00337588
0.00241196
0.000148197
0.000241995
0.000362922
0.000501278
0.000660454
0.000873774
0.00145731
0.00288193
0.00299269
0.00314711
0.00385963
0.00445553
0.00481783
0.00479436
0.00410184
0.00246161
0.0021171
0.000148306
0.000245222
0.000377135
0.000532403
0.000733231
0.00110938
0.00236787
0.0032641
0.00320151
0.00365767
0.00396643
0.00402714
0.00376162
0.00298887
0.00199785
0.00193481
0.000148244
0.000245643
0.000380873
0.000550039
0.000819381
0.00157544
0.00310777
0.00319962
0.00342092
0.00347455
0.00332098
0.00294154
0.00234921
0.00181125
0.00180378
0.000148222
0.000240328
0.00037266
0.000565001
0.000974427
0.00229989
0.0031646
0.00325441
0.00335578
0.00318862
0.00277138
0.00215286
0.0017256
0.0017218
0.000148163
0.000229103
0.000357902
0.000591388
0.00126027
0.00282427
0.00306186
0.00337569
0.00360768
0.00337133
0.00257751
0.0018059
0.0017732
0.00218934
0.0047044
0.004339
0.00403936
0.00435528
0.00529332
0.00627207
0.00620028
0.00311735
0.000146051
0.00021423
0.0003495
0.000622121
0.00167843
0.0027398
0.00296512
0.00351676
0.00393148
0.00356725
0.00212292
0.00194614
0.000127765
0.000198338
0.000363208
0.000673454
0.00191277
0.00215731
0.00241317
0.00312117
0.00351621
0.00252769
0.00200756
0.000105654
0.00019657
0.000386031
0.000894039
0.00163665
0.00148844
0.00170563
0.00278856
0.00262515
0.00216073
8.91575e-05
0.000193937
0.000388466
0.00110826
0.00113784
0.000991451
0.0021171
0.00297635
0.00207085
7.77814e-05
0.000225917
0.000526222
0.000876428
0.000751029
0.00148433
0.00244662
0.00242872
0.0015759
8.19302e-05
0.000220469
0.000539451
0.000539896
0.00102729
0.00214759
0.00299207
0.00207581
0.000223833
0.000324614
0.000342423
0.000660845
0.00213017
0.00301185
0.00214365
0.00061058
0.000560221
0.000646978
0.00181257
0.00324487
0.00213499
0.000816043
0.000974434
0.00159217
0.00319366
0.00215496
0.00100037
0.00145972
0.00281727
0.00203575
0.00116438
0.00182423
0.00180403
0.00111262
0.0014846
0.000127311
0.000162216
0.000199971
0.000362747
0.000500211
0.000631506
0.000758549
0.000877961
0.000990116
0.0011035
0.00122087
0.00134675
0.00147594
0.00160682
0.00173839
0.00187391
0.00199722
0.00210332
9.58122e-05
0.000145516
0.000192447
0.000181658
0.000324408
0.000486238
0.000767779
0.00113396
0.00147244
0.0017564
0.00201354
0.00227659
0.0025742
0.00289504
0.00323055
0.00356983
0.00390958
0.00423388
0.00451473
0.000103001
0.000156828
0.000194183
0.000202989
0.000213788
0.00029795
0.000532731
0.00081665
0.00112472
0.00141616
0.00169322
0.00197268
0.00226534
0.00256217
0.0028604
0.00317521
0.00351104
0.00384716
0.00412901
0.000114554
0.000177432
0.000200475
0.000214149
0.000190476
0.000199788
0.000314677
0.000579962
0.0009146
0.00123722
0.0015281
0.00179735
0.00204608
0.00226649
0.00248404
0.00274883
0.00307786
0.00346569
0.0038519
0.000129523
0.00019213
0.000214323
0.000204895
0.000178193
0.000176926
0.000317614
0.000640056
0.000971564
0.00126178
0.00150776
0.00172765
0.00189923
0.00203567
0.00221548
0.00252158
0.00300714
0.00360604
0.00422378
0.000142778
0.00020254
0.000231152
0.000222423
0.000185257
0.000197407
0.000432387
0.000745499
0.000985519
0.0011813
0.00136774
0.00152576
0.00166151
0.00184827
0.00217563
0.00276932
0.00358051
0.00445384
0.0052498
0.000147357
0.000210927
0.000250491
0.000256711
0.000236689
0.000297723
0.000542487
0.000737265
0.000905809
0.00115586
0.00137808
0.00146815
0.00163718
0.00204916
0.00274116
0.00370296
0.00475262
0.00568025
0.0063309
0.000147693
0.000217732
0.00027058
0.000300727
0.000311137
0.00039037
0.000560432
0.000725243
0.00107126
0.001537
0.00158076
0.00159628
0.00205257
0.0028395
0.00387806
0.0050053
0.00598272
0.00647041
0.00631977
0.000147817
0.0002243
0.000292707
0.000349304
0.000383422
0.000443756
0.000582947
0.000941191
0.00167112
0.00200068
0.00178513
0.002075
0.00293455
0.00400982
0.00511862
0.00598737
0.00627695
0.00528874
0.00314164
0.000148029
0.000229737
0.000316186
0.000401806
0.000464383
0.00052636
0.000771321
0.00147196
0.00232592
0.00220659
0.00220325
0.00304732
0.00405136
0.00503953
0.00564786
0.00568568
0.00429063
0.00278011
0.000148109
0.000235138
0.000341246
0.000456469
0.000568775
0.000720647
0.00118497
0.0023947
0.00266593
0.00253152
0.00326963
0.00412359
0.00480681
0.00521128
0.00493582
0.00337031
0.00240084
0.000148187
0.000241149
0.000364753
0.000504739
0.000671429
0.000972209
0.00198033
0.00304644
0.00287019
0.00342041
0.00403572
0.00450556
0.00462378
0.00407311
0.00245571
0.00209795
0.000148303
0.000246584
0.000381413
0.000540447
0.000776232
0.00143502
0.00295517
0.00308793
0.00334
0.00367768
0.00383195
0.00364084
0.00294002
0.00198707
0.00190778
0.000148312
0.000248422
0.000387523
0.000571016
0.000956493
0.00224014
0.00315131
0.00320802
0.00328288
0.003149
0.00278861
0.00220276
0.00176755
0.0017837
0.000148243
0.000244051
0.000383435
0.00061945
0.00131158
0.00288107
0.00310091
0.00322786
0.00301165
0.00261834
0.00203583
0.00167913
0.00169909
0.000148142
0.000233053
0.000378248
0.000710747
0.00186727
0.00296747
0.00316824
0.00336799
0.00323342
0.00247453
0.00176283
0.00176207
0.00218155
0.00467443
0.00430898
0.00417698
0.00478611
0.00586191
0.00650186
0.00354848
0.000145191
0.000219597
0.000380743
0.000863401
0.00237053
0.00274241
0.00314052
0.00355927
0.00344263
0.00205962
0.00187496
0.000124625
0.000210043
0.00039657
0.00107032
0.00210346
0.00207368
0.0025875
0.00313215
0.00226967
0.00193626
0.000105671
0.00020962
0.000420342
0.00129012
0.00155158
0.00128549
0.00221629
0.00262627
0.00184897
8.97886e-05
0.000242657
0.000620342
0.0011885
0.000905842
0.00122098
0.00234877
0.00213026
8.61222e-05
0.000232471
0.000878425
0.000697616
0.000948629
0.00186645
0.0023611
0.0015762
0.000135556
0.000276856
0.000576116
0.000517862
0.001496
0.00224111
0.00186909
0.000320786
0.000294428
0.000366165
0.00131431
0.00232679
0.00186026
0.000654999
0.000584433
0.00102001
0.00224123
0.00194632
0.000955305
0.00109705
0.00212773
0.0018995
0.00115066
0.00167997
0.00183109
0.0012213
0.00164146
0.00117329
8.24124e-05
0.000128687
0.000165931
0.000210238
0.000377135
0.000512823
0.000644253
0.000768628
0.000886689
0.000997875
0.0011124
0.00123085
0.00135745
0.0014852
0.00161592
0.00174763
0.00188269
0.0020028
0.00210054
9.63569e-05
0.000146199
0.000193412
0.000184835
0.000343847
0.000502612
0.000801098
0.0011604
0.0014861
0.00175972
0.00201689
0.00229099
0.00259664
0.00292267
0.00326196
0.00361642
0.00395756
0.00428273
0.00450997
0.000102816
0.000155119
0.000194757
0.000200619
0.00021758
0.00031678
0.000560278
0.000845741
0.0011501
0.00143365
0.00170728
0.00198688
0.00227658
0.00256498
0.00286514
0.00319052
0.0035416
0.00387411
0.00413579
0.000113228
0.000173963
0.000195199
0.000212464
0.00018717
0.000203438
0.000349628
0.000645191
0.000980264
0.00128487
0.00155789
0.00181124
0.00203587
0.00223896
0.00247077
0.00276984
0.0031657
0.00361641
0.00404327
0.000126976
0.000187679
0.00020632
0.000198435
0.000171934
0.00018456
0.000387375
0.000722262
0.00103257
0.00128589
0.00150912
0.00169956
0.00185028
0.00199759
0.00223603
0.00268122
0.00331583
0.00403844
0.0047329
0.000139638
0.000197627
0.000221804
0.000212355
0.000179444
0.000218915
0.000514663
0.000791465
0.000981368
0.00114877
0.00132996
0.00148469
0.00165146
0.00190901
0.00241707
0.00322678
0.00420241
0.00514769
0.00591121
0.000147308
0.000206017
0.000241232
0.000248729
0.000233764
0.000338704
0.000577263
0.000732202
0.000920623
0.00119571
0.00135486
0.0014671
0.00178333
0.00236652
0.00328482
0.00441885
0.00551586
0.00633073
0.00662825
0.000147599
0.000212872
0.000262382
0.000295889
0.000310619
0.000415999
0.00057182
0.000766747
0.00124615
0.00155616
0.00149665
0.00172326
0.00240399
0.00338716
0.00457799
0.00572046
0.00640363
0.00638801
0.00360504
0.000147905
0.000219593
0.000286087
0.000345762
0.000379058
0.000453454
0.00062353
0.00115637
0.00181989
0.0018296
0.00173057
0.00239548
0.0034234
0.00460484
0.00565647
0.0061319
0.00527598
0.00315267
0.000148019
0.000225558
0.000311991
0.000398659
0.00045566
0.000539861
0.000928604
0.00186584
0.00227598
0.00204587
0.00246014
0.00340172
0.00445956
0.00522955
0.00547913
0.00423723
0.00276429
0.000148074
0.000232754
0.000340094
0.000455486
0.000570498
0.000791987
0.00156126
0.00263902
0.0024308
0.00269958
0.00354129
0.0042942
0.00482708
0.004735
0.00333905
0.00236865
0.000148234
0.000241278
0.000366511
0.000507954
0.000699844
0.00121188
0.00259945
0.00280857
0.00298608
0.0035841
0.00410488
0.00437328
0.00397439
0.00242387
0.00206117
0.000148183
0.000248918
0.000386064
0.000554185
0.000888159
0.00203138
0.00303548
0.00308194
0.00336813
0.00360744
0.00349512
0.00285743
0.0019428
0.00189535
0.000148199
0.000252616
0.000395967
0.000616912
0.0012713
0.00284074
0.00307322
0.00317166
0.00297384
0.00263408
0.00210654
0.00172756
0.00175502
0.000148162
0.000248663
0.000402501
0.00074079
0.00192231
0.00297739
0.00313072
0.00286579
0.00248568
0.00192275
0.00163088
0.00166435
0.000148049
0.000239817
0.000416209
0.000983851
0.00254972
0.00299974
0.00318474
0.00307186
0.0024955
0.00172704
0.00171796
0.00215774
0.00460856
0.00426129
0.0043989
0.00530404
0.00632298
0.00626943
0.00264795
0.00014476
0.000228981
0.000445081
0.00135761
0.00257022
0.00288313
0.00318795
0.00321147
0.00201107
0.00184493
0.000124652
0.00022238
0.000464991
0.00161511
0.00201153
0.0020408
0.00265294
0.00233006
0.00167964
0.000105947
0.000242379
0.000602915
0.00149586
0.00130739
0.00120293
0.00234351
0.00192412
9.69499e-05
0.00028351
0.000988012
0.00104624
0.000851651
0.00149492
0.00190493
0.00129317
0.000104492
0.000283619
0.000885885
0.000620809
0.00134051
0.00193711
0.00150109
0.000187157
0.00048687
0.000420071
0.0008196
0.00158357
0.00156427
0.000283102
0.000325088
0.000546844
0.00147954
0.00162112
0.000747676
0.000581807
0.00136027
0.00159119
0.00102339
0.00119264
0.00167836
0.00118935
0.00153104
0.00122414
8.29707e-05
0.000129894
0.000167668
0.000221761
0.000391303
0.000524621
0.000655304
0.000777012
0.000893331
0.00100415
0.00111925
0.00123939
0.00136505
0.00149297
0.00162324
0.00175587
0.0018911
0.00200421
0.00208648
9.69729e-05
0.000146131
0.000192465
0.000189624
0.000363811
0.000518145
0.000832473
0.00118277
0.00149462
0.00176
0.00202121
0.00230651
0.00261992
0.00294946
0.00330221
0.00366517
0.00401836
0.0043006
0.00447788
0.000102403
0.000153158
0.000195773
0.000200318
0.000221429
0.000338672
0.000588683
0.000876106
0.00117481
0.00145161
0.00172344
0.00200366
0.0022859
0.00257141
0.00287906
0.00322454
0.00358632
0.00391607
0.00413634
0.000111702
0.000170372
0.000190794
0.000209323
0.000183934
0.000210123
0.000398675
0.000718978
0.00104279
0.00132621
0.00158404
0.00181659
0.00202072
0.00222398
0.00248177
0.00285491
0.00334169
0.00386235
0.00433829
0.000124205
0.000183103
0.000198595
0.000193563
0.000169346
0.000201156
0.000468049
0.000798703
0.00107181
0.00129091
0.00149258
0.00166216
0.0018049
0.00199495
0.00236793
0.00299454
0.00380061
0.00463121
0.00534616
0.000136319
0.000192417
0.000212535
0.000205387
0.000178427
0.000265457
0.000582589
0.000803556
0.000949574
0.00112284
0.00130559
0.00147442
0.00169254
0.00210286
0.00285568
0.00389089
0.00498646
0.00591094
0.00647219
0.000145606
0.000200514
0.000232732
0.000243652
0.000236844
0.000385998
0.000595268
0.000733509
0.000963591
0.00123621
0.0013495
0.00156813
0.00204794
0.00286956
0.00402663
0.00526764
0.00627826
0.0067029
0.00639148
0.000147573
0.000208024
0.000254919
0.000293125
0.000314581
0.000438341
0.000591536
0.000879688
0.00138031
0.00145554
0.00148721
0.00200673
0.00290295
0.00409465
0.00536196
0.00627019
0.00639132
0.00365219
0.0026232
0.000147867
0.000214803
0.000280284
0.000342653
0.000375007
0.000469871
0.000729294
0.00141144
0.00184047
0.00165013
0.00190836
0.00282919
0.0040203
0.00521152
0.00588544
0.00521572
0.00314882
0.000148058
0.000221864
0.000308179
0.000394007
0.000448006
0.000588854
0.00117766
0.0020918
0.00205941
0.0020046
0.00275015
0.0037856
0.00471393
0.00517314
0.00412344
0.00272428
0.000148152
0.000230997
0.000338893
0.000453575
0.000583828
0.000954085
0.00209193
0.00248467
0.00236991
0.00292259
0.0036912
0.00432973
0.00443089
0.00322584
0.00231808
0.000148151
0.000241992
0.000368359
0.000514875
0.00077855
0.00167703
0.0028013
0.00273182
0.00317357
0.00364209
0.00403298
0.00379279
0.00236748
0.0020174
0.000148269
0.000252386
0.000391746
0.000588751
0.00115272
0.00267208
0.00294173
0.0031376
0.00334937
0.00331605
0.00280542
0.00192028
0.00184214
0.000148173
0.000257182
0.00041178
0.000726786
0.00185148
0.00294091
0.00310106
0.0028281
0.00251178
0.00199326
0.00167861
0.0017258
0.000148081
0.000256633
0.000440493
0.00101988
0.00257919
0.00298402
0.00288727
0.00239426
0.0018704
0.00159036
0.00163875
0.000148025
0.000250088
0.000502262
0.00152379
0.00276377
0.00311601
0.00289594
0.00251231
0.00169601
0.00169477
0.00211821
0.00438612
0.00421254
0.00470615
0.00581436
0.00639659
0.00313232
0.000145473
0.000246084
0.000601497
0.00205708
0.00259916
0.00291443
0.00305341
0.00205421
0.00169699
0.000125054
0.000244787
0.000674438
0.00191241
0.0018247
0.00202219
0.0024221
0.00179101
0.000109035
0.000285559
0.000960084
0.00139892
0.000991526
0.00129386
0.00176411
0.00112204
0.000107572
0.000311189
0.00109743
0.00077064
0.00103075
0.00152327
0.00110659
0.000131684
0.000637993
0.000566744
0.000715515
0.00142196
0.00134463
0.000164094
0.000464208
0.000397005
0.00089508
0.00125457
0.000333841
0.000296622
0.000851677
0.0012279
0.000801635
0.000623489
0.00127618
0.00103756
0.00120671
0.00118754
8.34749e-05
0.000129938
0.000167688
0.000234074
0.000405047
0.000535059
0.000664892
0.000783351
0.000898358
0.00100871
0.00112508
0.00124543
0.00137137
0.00149863
0.001631
0.00176527
0.00189656
0.00199888
0.00205339
9.70632e-05
0.00014501
0.000190722
0.000196706
0.000380142
0.000533531
0.000860658
0.00120156
0.00149754
0.00175958
0.00202828
0.0023255
0.00264256
0.00298267
0.00334756
0.0037295
0.00405477
0.0042957
0.00429459
0.00010163
0.000151046
0.000196949
0.000200832
0.000224666
0.000365009
0.000618955
0.000907792
0.00120055
0.00147181
0.00174505
0.00202115
0.00229782
0.00258431
0.00291148
0.00327818
0.00365744
0.00396737
0.00414846
0.000109842
0.000166437
0.000186873
0.000204504
0.000181735
0.000221919
0.000463569
0.000795055
0.00109816
0.0013633
0.00160503
0.00181751
0.00200708
0.00222474
0.00255411
0.00304143
0.0036369
0.00423594
0.00473805
0.000121224
0.000178319
0.000191145
0.000189213
0.000169495
0.000234565
0.000550538
0.000856872
0.00108144
0.0012813
0.00146526
0.00162455
0.00179472
0.00208733
0.00266372
0.00351458
0.00447922
0.00534853
0.00596155
0.000132635
0.000186738
0.000204224
0.000200222
0.000183443
0.000335296
0.000626147
0.000790702
0.000928135
0.00111588
0.00130115
0.00151008
0.0018427
0.00249671
0.00353562
0.00475457
0.00586619
0.00657802
0.00659165
0.000142
0.000194875
0.000225221
0.000241248
0.000249431
0.000428698
0.000602424
0.000761444
0.0010412
0.00124506
0.00139695
0.00178519
0.00248919
0.00360234
0.00494432
0.00614338
0.0067098
0.00645888
0.00314238
0.000147331
0.000202568
0.00024863
0.000292106
0.000321848
0.000461048
0.000633522
0.00105488
0.00141078
0.00139831
0.00165516
0.00244624
0.00358427
0.00492803
0.00605444
0.00635127
0.00366595
0.00257794
0.000147879
0.000210302
0.000275057
0.000338976
0.000373606
0.000499722
0.00090325
0.00160873
0.00167192
0.00160518
0.00225524
0.00339112
0.00467176
0.00550962
0.00509226
0.00312431
0.000148065
0.000218432
0.000304376
0.000387841
0.00044611
0.000692914
0.00152378
0.00210721
0.00189491
0.00217441
0.00307601
0.00411038
0.00474266
0.00393466
0.00266992
0.000148073
0.000229707
0.000337548
0.000453387
0.000629023
0.00126397
0.00238034
0.00230542
0.00239401
0.00305499
0.00372556
0.00401945
0.00305177
0.00225084
0.000148129
0.000243661
0.000370916
0.000536982
0.000968955
0.00230738
0.00263342
0.00284574
0.00321517
0.00362681
0.00348356
0.00225564
0.00193774
0.000148239
0.000256193
0.000403185
0.000677444
0.00166739
0.00279339
0.00299214
0.00310317
0.00316051
0.00269539
0.00185225
0.00182038
0.000148117
0.000264999
0.00044478
0.000984537
0.00251294
0.00294637
0.00287791
0.00242479
0.00196082
0.00162909
0.00168797
0.000147956
0.000267727
0.000529823
0.00156615
0.00276727
0.00301866
0.00235206
0.00187957
0.00154418
0.00158957
0.00014785
0.000272841
0.00070098
0.00218148
0.00292383
0.00292479
0.002505
0.00171901
0.00163765
0.00206297
0.0040463
0.00415929
0.00504626
0.00616904
0.0031804
0.000147601
0.000273462
0.00097273
0.00229731
0.0026938
0.00292154
0.0022783
0.00176637
0.000127009
0.00029229
0.00115919
0.00179519
0.00162851
0.00196371
0.00182341
0.00113527
0.000120181
0.000317816
0.00118855
0.00113308
0.000744118
0.00128538
0.000898221
0.00012214
0.000500026
0.000895244
0.000680461
0.00110832
0.0009352
0.000165916
0.000730163
0.000473611
0.000837138
0.00115642
0.000169715
0.000284689
0.000506864
0.000818677
0.000379148
0.000269333
0.000879322
0.000826016
0.000639953
0.00103716
8.33877e-05
0.000128795
0.000167711
0.000247364
0.00041722
0.000544388
0.000672648
0.000788398
0.000901454
0.00101262
0.00112924
0.00125073
0.00137537
0.001505
0.0016388
0.00177359
0.0018955
0.00197447
0.00200324
9.66081e-05
0.000142866
0.000188673
0.000208789
0.000390976
0.000549116
0.000886909
0.0012146
0.00149798
0.00176049
0.00204118
0.0023458
0.00267007
0.00301999
0.0034073
0.00377628
0.00407073
0.0041633
0.0039957
0.000100289
0.000148106
0.000198001
0.000199771
0.000229015
0.000394051
0.000650936
0.000943703
0.00122818
0.00149904
0.00177127
0.00204219
0.00231257
0.00261284
0.00296613
0.00336959
0.0037557
0.00404677
0.0041694
0.000107594
0.000162242
0.000183635
0.000197437
0.000181307
0.000246637
0.000541404
0.000866018
0.00114638
0.00139694
0.00162276
0.00181547
0.00200496
0.00227856
0.00273411
0.0033716
0.0040907
0.00473739
0.00518056
0.000117935
0.00017306
0.00018428
0.000185096
0.000174167
0.000297939
0.000631134
0.000886685
0.00107846
0.00125786
0.00143608
0.00161345
0.00184915
0.00234555
0.00319475
0.00426774
0.00531524
0.00608183
0.00640067
0.000128537
0.000180913
0.00019691
0.000196226
0.0001934
0.000408067
0.000650002
0.000773134
0.000923721
0.00112544
0.00134429
0.00163324
0.00217587
0.00315829
0.00446023
0.00574203
0.00664654
0.00672704
0.00319791
0.000137834
0.000188734
0.000219085
0.00024098
0.000267427
0.000462969
0.000622993
0.000816333
0.00111723
0.00127164
0.00156215
0.00215998
0.0031749
0.00455847
0.00593049
0.00666352
0.006465
0.00314039
0.000144926
0.000196923
0.000243342
0.000291124
0.000333348
0.000489112
0.00071829
0.00121216
0.0013343
0.00140253
0.00201979
0.00307029
0.00443478
0.0057165
0.00621739
0.00365499
0.00254399
0.000147746
0.000205587
0.000270295
0.000334399
0.000374562
0.000557685
0.0011184
0.00165462
0.00153623
0.00176517
0.00274935
0.00404735
0.00501998
0.0048439
0.00308455
0.000147983
0.000215386
0.000300389
0.000380094
0.00045517
0.000868157
0.00184083
0.00191355
0.00184336
0.00241495
0.00341032
0.00417968
0.0036738
0.00258689
0.000148133
0.000229075
0.00033675
0.000460652
0.000737132
0.00175129
0.00233634
0.0022141
0.00250058
0.00307958
0.00347973
0.00280088
0.00214561
0.000148083
0.000245737
0.000377569
0.00059987
0.0013642
0.00256521
0.00260289
0.00289858
0.0031915
0.00312908
0.00210222
0.00186752
0.000148121
0.000262443
0.00042918
0.000889656
0.00234149
0.00280329
0.00299119
0.00299626
0.00268706
0.00180614
0.00172811
0.000148033
0.000274789
0.00052568
0.00149643
0.00271874
0.00300518
0.00237552
0.00197392
0.00159251
0.00164251
0.000147881
0.000290984
0.000737638
0.00218946
0.00289606
0.00250558
0.00190473
0.00154919
0.00156674
0.000147713
0.000315116
0.00113447
0.00247418
0.00305539
0.00252125
0.00176978
0.00160264
0.0019924
0.00355256
0.00407737
0.00541956
0.00315425
0.000147398
0.000360176
0.00160392
0.00232148
0.00262048
0.002431
0.00181328
0.00140347
0.000137977
0.000364843
0.00155897
0.0015338
0.00127318
0.00156011
0.000942854
0.000128556
0.000398422
0.0011544
0.00072913
0.000554257
0.000670902
0.000145747
0.000714578
0.000608758
0.000672594
0.000808083
0.000196361
0.000589569
0.000407316
0.000796277
0.000148251
0.000197342
0.000508369
0.000400983
0.000225923
0.000776247
8.27656e-05
0.00012695
0.000167553
0.000260368
0.000428218
0.000551925
0.000678921
0.000791662
0.000903815
0.00101517
0.00113309
0.00125368
0.00138012
0.00151048
0.00164866
0.00177634
0.00188443
0.00193411
0.00193967
9.51112e-05
0.000137909
0.000183795
0.000224874
0.000400615
0.000571492
0.000909773
0.00122481
0.00149809
0.0017693
0.00205903
0.00237061
0.00269959
0.00307078
0.00345807
0.00380503
0.00398411
0.00391119
0.00354375
9.81987e-05
0.000144566
0.000197916
0.000198047
0.000237125
0.000420785
0.00068978
0.000982804
0.00126218
0.0015339
0.00180401
0.00206414
0.00233874
0.00266239
0.0030656
0.0035039
0.00390449
0.00415822
0.00419041
0.000104875
0.00015766
0.000181535
0.000188577
0.000182379
0.000296856
0.000623957
0.000928484
0.00118987
0.00142871
0.00163621
0.00181604
0.00203839
0.00243602
0.00307882
0.00389555
0.00470901
0.00529665
0.00563687
0.000114303
0.000167489
0.000178642
0.000180689
0.000181281
0.000373546
0.000689961
0.000892578
0.00105677
0.00123471
0.00142893
0.00164499
0.00205838
0.00285867
0.00400431
0.00521323
0.00617718
0.00659904
0.00315536
0.000124049
0.00017459
0.000191031
0.000191891
0.000213041
0.000465992
0.000657476
0.000769818
0.000947846
0.0011817
0.00145687
0.00190827
0.00278471
0.00411233
0.00554926
0.0066335
0.00685186
0.00320683
0.000133124
0.000182519
0.000213494
0.000240683
0.000292768
0.000498268
0.000664929
0.000921958
0.00115267
0.00136919
0.00187701
0.00276653
0.00413045
0.00562776
0.00652958
0.00642397
0.00312926
0.000140759
0.00019094
0.000239152
0.000289967
0.000349999
0.000539025
0.000874328
0.00125497
0.00130574
0.00163384
0.00257119
0.00389178
0.00528877
0.00594694
0.00362209
0.00246415
0.000146653
0.000200843
0.00026584
0.000326795
0.00038755
0.000655329
0.0013445
0.00152989
0.00150852
0.0021389
0.00336346
0.00440365
0.00451291
0.00299705
0.000147998
0.000212791
0.000296333
0.000373393
0.000480603
0.00113604
0.00191743
0.00176844
0.00194614
0.00268091
0.00349727
0.0033262
0.00247038
0.000147955
0.000229157
0.000338162
0.000492834
0.000950909
0.00217616
0.00219066
0.00214687
0.00252232
0.00285323
0.00246563
0.00203391
0.000148045
0.000249954
0.000396306
0.00075041
0.00199657
0.00249785
0.00267898
0.00286321
0.00278581
0.00191987
0.0017198
0.000148012
0.000270699
0.000495036
0.00132836
0.0025747
0.00292666
0.00282157
0.00267684
0.00176262
0.00169519
0.000147918
0.000296879
0.000713938
0.00213148
0.00286078
0.00253775
0.0019945
0.001601
0.00160091
0.000147777
0.000336369
0.00118166
0.00249718
0.00292117
0.00195908
0.00158202
0.00149619
0.000149178
0.000411812
0.00174227
0.00274431
0.0025928
0.00187784
0.00154546
0.00148447
0.00189258
0.00285235
0.00420132
0.00294436
0.000152725
0.000474875
0.00186774
0.00241454
0.00238775
0.00183612
0.00127072
0.000146543
0.000482796
0.00146927
0.001198
0.000774833
0.000743874
0.000141843
0.000722647
0.000857035
0.000343407
0.0004231
0.000188452
0.000688247
0.000346351
0.000602307
0.000189188
0.000286755
0.000396912
0.000143019
0.000184967
0.000289765
8.13515e-05
0.000124121
0.000167576
0.00027372
0.000437312
0.000558971
0.000682936
0.000794361
0.000904983
0.0010182
0.00113503
0.00125704
0.00138315
0.00151923
0.00165298
0.00177494
0.00185234
0.00187936
0.00184605
9.22539e-05
0.000133178
0.000176541
0.000240141
0.000410646
0.000599398
0.000932161
0.00123301
0.00150425
0.00178619
0.00208395
0.00239534
0.00273994
0.00311859
0.00350187
0.00375552
0.00378792
0.00350839
0.00288643
9.54095e-05
0.000141003
0.000196195
0.000195792
0.000252224
0.00045411
0.000735535
0.00102754
0.00130475
0.00157908
0.00183878
0.00209245
0.00238064
0.0027584
0.00322263
0.00371651
0.00411555
0.00428377
0.00437452
0.000101844
0.000152819
0.000180821
0.000179535
0.000184955
0.000367761
0.000702437
0.00098099
0.00123178
0.00145733
0.00164747
0.00183559
0.00216376
0.00277285
0.00365641
0.00462509
0.00540194
0.00584135
0.00295806
0.000110307
0.000161629
0.000175165
0.000174582
0.000196657
0.000458188
0.000720306
0.000886538
0.00103339
0.00122972
0.0014559
0.0018081
0.00252679
0.00369673
0.00505334
0.00620188
0.0067949
0.00315124
0.000119268
0.000168237
0.000186156
0.000190205
0.000248799
0.000507772
0.000670093
0.000789906
0.00101271
0.00129159
0.00169249
0.00243663
0.00373039
0.00527729
0.00655718
0.00686452
0.00320939
0.000127942
0.00017597
0.00021027
0.000241657
0.000327169
0.000551804
0.000730285
0.00101672
0.00121607
0.00161622
0.0023969
0.00366832
0.00525543
0.00628997
0.00632789
0.0030991
0.00013597
0.000185156
0.000236288
0.000285795
0.000374385
0.000617926
0.0010351
0.00124022
0.00135889
0.0020888
0.00332785
0.0047636
0.00560342
0.00351392
0.00240195
0.000143136
0.00019624
0.000261354
0.000318815
0.000420405
0.000808888
0.0014304
0.00144428
0.00167641
0.00265633
0.0037018
0.0040735
0.00287869
0.000147936
0.000210763
0.000293581
0.000370282
0.000544262
0.00150391
0.00177852
0.00171633
0.00212363
0.00276861
0.00291115
0.0023325
0.00014794
0.000230496
0.000348132
0.000566323
0.00133439
0.00225536
0.00205757
0.00213357
0.00231096
0.00213121
0.00184721
0.000147988
0.000256803
0.00044534
0.0010565
0.00241095
0.00248404
0.00264149
0.00260606
0.001724
0.00163726
0.000147838
0.000290196
0.000644003
0.00199499
0.00268239
0.00283544
0.00262363
0.0017949
0.00154922
0.000147739
0.000337073
0.0011202
0.00246387
0.00291677
0.00202815
0.00164085
0.00153057
0.000149972
0.000422869
0.0017439
0.0027337
0.00213923
0.00161665
0.00141027
0.0014308
0.000159913
0.000526135
0.00198532
0.00290901
0.00192455
0.0015411
0.00140052
0.00175052
0.00244598
0.00256681
0.000159323
0.000964694
0.00178973
0.0020749
0.00177556
0.00111157
0.000151319
0.000954827
0.00113284
0.000609494
0.000455404
0.00018938
0.0007218
0.000452682
0.000258239
0.000203211
0.000418175
0.000298076
0.000143108
0.000203324
0.000146972
7.91941e-05
0.000121221
0.000167727
0.000286116
0.000445639
0.000565039
0.000686233
0.000795821
0.000906826
0.00101984
0.00113749
0.00125772
0.00138965
0.00152275
0.00165654
0.00175775
0.00180913
0.00179475
0.00170299
8.89007e-05
0.000129994
0.000169279
0.000255714
0.000420527
0.000630644
0.000953792
0.00124511
0.00152012
0.0018139
0.00210948
0.0024268
0.00278008
0.0031725
0.00348575
0.00361796
0.00344997
0.00290823
0.00245485
9.2497e-05
0.000137584
0.000191586
0.000192095
0.000271373
0.000496069
0.000789598
0.00107879
0.00136079
0.00163013
0.00187682
0.00212894
0.002465
0.00292341
0.00348846
0.00403002
0.0043779
0.00456648
0.00257383
9.85583e-05
0.000147595
0.000180802
0.000171816
0.000197724
0.000455134
0.000767801
0.00102982
0.00127147
0.00148145
0.00166323
0.00192621
0.00247161
0.00338015
0.00449182
0.0054611
0.00607393
0.0029681
0.000106188
0.000156089
0.00017323
0.000173544
0.000227981
0.000518733
0.000741764
0.000867047
0.0010283
0.00126021
0.0015898
0.00221547
0.00336091
0.00483059
0.00617554
0.00689277
0.00315028
0.000114289
0.000161743
0.000184503
0.000193619
0.000297556
0.000562193
0.000690294
0.000851096
0.00112085
0.00150578
0.00213795
0.00332649
0.00494575
0.0063749
0.00684084
0.0032004
0.000122563
0.00016982
0.000209947
0.00024254
0.000372004
0.000616522
0.000849094
0.00107799
0.00137179
0.00205683
0.00320462
0.00478893
0.0059759
0.00608675
0.0030729
0.000130638
0.000179576
0.000234614
0.000280083
0.000419214
0.000756894
0.00114779
0.00122855
0.00165558
0.00274729
0.00418468
0.00512066
0.00337678
0.00228945
0.000139055
0.000192216
0.000258127
0.000307353
0.000465868
0.00102019
0.00143166
0.00142873
0.0020741
0.00300141
0.00359257
0.00272025
0.000146921
0.000210714
0.000295552
0.000369494
0.000649828
0.00171958
0.0016639
0.00174404
0.0022007
0.00248377
0.0021222
0.00014785
0.000235179
0.000377751
0.000671188
0.00196736
0.00212954
0.001856
0.00213069
0.00167998
0.00169905
0.000147884
0.000272865
0.000547585
0.0016586
0.00242385
0.00249202
0.00246546
0.00179204
0.00139073
0.000147777
0.000325273
0.000977082
0.00236149
0.00283542
0.0025347
0.00195088
0.00158029
0.000149744
0.000421307
0.00168831
0.00272113
0.00216942
0.00169993
0.0014552
0.00144055
0.000162603
0.000492755
0.00203062
0.00276329
0.00163782
0.00134223
0.0013686
0.000167406
0.00102378
0.00225701
0.00213096
0.00148434
0.00130676
0.00175134
0.00207298
0.000205144
0.00124998
0.0018136
0.00144256
0.000971898
0.000198541
0.000937933
0.000580599
0.000358763
0.00021157
0.00048341
0.000286056
0.000168139
0.000200905
0.000145868
7.66507e-05
0.000118715
0.000167669
0.000299155
0.000452206
0.000571352
0.000688336
0.000798063
0.000907944
0.00102205
0.00113688
0.00126108
0.00139084
0.00152926
0.00164868
0.00172545
0.00173792
0.00165386
0.00170665
8.60124e-05
0.000128726
0.000159923
0.0002693
0.000431256
0.000664418
0.000978239
0.00126556
0.00155116
0.00184608
0.0021391
0.00245716
0.00283442
0.00318261
0.00340659
0.00335487
0.0029369
0.00247345
0.00206578
8.98399e-05
0.000134112
0.000183695
0.000188412
0.000296656
0.000552221
0.000849308
0.0011428
0.00142827
0.00168529
0.00191465
0.00219785
0.00262553
0.00322525
0.00390208
0.00443573
0.00477641
0.00258061
9.53211e-05
0.000143632
0.000181026
0.000170035
0.000227133
0.000537394
0.000821975
0.00107757
0.0013055
0.00150213
0.00172544
0.0021875
0.00308146
0.00430861
0.00547457
0.00624956
0.00298661
0.000102219
0.000151086
0.000173619
0.000176401
0.000286787
0.000569981
0.000750796
0.000859952
0.00105641
0.00138481
0.00193851
0.00300564
0.00455977
0.00607032
0.00691275
0.00314743
0.000109479
0.000156066
0.000186139
0.000200156
0.000353325
0.000623229
0.00073157
0.000948824
0.00131373
0.0018864
0.00293666
0.00454008
0.0061309
0.00671614
0.00318682
0.000117164
0.000164587
0.000212488
0.000240746
0.000442486
0.000709341
0.000947684
0.00116698
0.00172634
0.00274711
0.00427474
0.00551318
0.00582222
0.00299269
0.000125487
0.000175348
0.000235248
0.000273067
0.000495007
0.000956216
0.00117545
0.00132366
0.00219427
0.00352895
0.00456961
0.00318285
0.00218616
0.00013424
0.0001905
0.000259085
0.000318961
0.000547555
0.00128021
0.00137102
0.00160941
0.00241036
0.00303862
0.00249245
0.000145812
0.000213814
0.000304189
0.000402195
0.000994833
0.00173187
0.00146594
0.00198112
0.00196822
0.00193643
0.000147759
0.000247619
0.000419313
0.00090208
0.00225773
0.00183064
0.00163183
0.00176669
0.00137716
0.000147691
0.00030881
0.000752745
0.00227997
0.00234932
0.00222984
0.00213248
0.00152385
0.000148725
0.000400835
0.00161252
0.00254778
0.00249426
0.00217082
0.0016123
0.00133822
0.000162156
0.000474636
0.00202389
0.00276538
0.00171293
0.0013701
0.00137888
0.000167587
0.000898018
0.00232361
0.00171188
0.00128879
0.00129243
0.000209147
0.00137251
0.00230703
0.00141931
0.00121227
0.00198907
0.000264742
0.00111246
0.00107194
0.000803968
0.000231031
0.000573765
0.000440815
0.000185902
0.00021803
0.000157364
7.42125e-05
0.000116665
0.000167643
0.000311521
0.000458344
0.000576459
0.000691029
0.000800011
0.000910477
0.00102109
0.00113776
0.00125937
0.00139753
0.00152601
0.00162858
0.00166929
0.0016099
0.00165855
0.00197806
8.40393e-05
0.000128871
0.000151009
0.000285935
0.000443372
0.000705726
0.00100603
0.00130184
0.00159384
0.00188222
0.00216409
0.00250436
0.00286709
0.00315802
0.00322846
0.00294089
0.00252106
0.00205207
8.77505e-05
0.000131996
0.000173449
0.000187933
0.000339653
0.000616648
0.000917628
0.00122172
0.00150484
0.00173505
0.00196956
0.00233919
0.00294567
0.00373039
0.00445402
0.00495482
0.00260127
9.26421e-05
0.000139529
0.000181378
0.00017298
0.000289396
0.000604231
0.000875933
0.00111864
0.00133079
0.00154809
0.00193281
0.00276974
0.00408325
0.00544592
0.00642232
0.00299645
9.88602e-05
0.000146946
0.000175605
0.000183473
0.000348707
0.000639692
0.000751549
0.000875404
0.00118036
0.00169127
0.00265815
0.0042294
0.00591864
0.00686227
0.00314076
0.000105116
0.000151487
0.000191295
0.000202518
0.000439859
0.000668102
0.000809273
0.00110388
0.00165512
0.00257347
0.00410803
0.00575731
0.00654
0.00312938
0.000112374
0.000161881
0.00021431
0.00024735
0.000550658
0.000844606
0.00100991
0.00139567
0.00231777
0.00369767
0.004992
0.00539188
0.00292332
0.000120288
0.000173635
0.000237515
0.000297959
0.000670124
0.00112184
0.00118116
0.00168212
0.00289174
0.00386898
0.00292386
0.00204244
0.00013116
0.000192626
0.000272641
0.000359236
0.00080243
0.00138354
0.00132966
0.00209685
0.00246644
0.00228925
0.000144333
0.000223401
0.000351697
0.000442644
0.00163281
0.00153073
0.00135905
0.00201178
0.0015834
0.000147631
0.000278026
0.000443281
0.00170059
0.0020773
0.00143297
0.00158903
0.00148952
0.000148212
0.000363908
0.00130587
0.00232071
0.00216952
0.00198377
0.001653
0.00100326
0.000158199
0.000483774
0.00203931
0.00267286
0.00210218
0.00163298
0.00126644
0.000166195
0.000870275
0.00233887
0.00174454
0.00131594
0.00129218
0.000192267
0.00138459
0.00212612
0.0012086
0.00122641
0.000284742
0.00154453
0.00122257
0.00109861
0.000276642
0.000821191
0.000708555
0.000204687
0.000269214
0.000169682
7.19876e-05
0.000115118
0.000167789
0.000326585
0.000464085
0.000582773
0.000693428
0.00080353
0.000910604
0.00102031
0.00113355
0.00126354
0.00139741
0.00151661
0.00159158
0.00155909
0.00161931
0.00196167
8.32325e-05
0.000130894
0.000145636
0.000303361
0.000461043
0.000747913
0.00104699
0.00135554
0.00164651
0.00191032
0.00219907
0.00254618
0.00289134
0.00306376
0.00294019
0.00259169
0.00204495
8.65863e-05
0.000132446
0.000166122
0.000195789
0.000395673
0.000687629
0.000998943
0.00131718
0.00157895
0.00178705
0.00208499
0.00265507
0.00353292
0.00443881
0.00513064
0.00260885
9.04858e-05
0.000136219
0.000179722
0.000180939
0.000367072
0.000664139
0.000930022
0.0011443
0.00137164
0.00170762
0.00246564
0.00381285
0.00537004
0.00650321
0.0029952
9.59118e-05
0.000143151
0.00017828
0.000191983
0.000425906
0.000688812
0.000751878
0.000980413
0.00146614
0.00232606
0.00387254
0.00567271
0.0067587
0.00310887
0.000101356
0.000149718
0.000190217
0.000221107
0.000557012
0.000720493
0.000923779
0.00139253
0.00224779
0.0036474
0.00535515
0.0061531
0.00308293
0.000108353
0.000161024
0.000211066
0.000284701
0.000691385
0.000935302
0.00111832
0.00186912
0.00313531
0.00437102
0.00494779
0.00278023
0.000117101
0.000175078
0.000264569
0.000328721
0.000987611
0.00115802
0.00126355
0.00230242
0.00322075
0.00271416
0.00187492
0.000127801
0.000203826
0.000367662
0.000415283
0.00119378
0.00132432
0.00134309
0.00226477
0.00192195
0.000146625
0.000269537
0.000367416
0.000624563
0.00170461
0.00115118
0.00143515
0.00171786
0.000147489
0.000321816
0.000575061
0.00220636
0.00160245
0.00100424
0.00139951
0.000817347
0.000154518
0.000466487
0.00205121
0.00215761
0.00173334
0.00165594
0.000872513
0.000164162
0.00094883
0.00219343
0.00200527
0.00159756
0.00114836
0.000186153
0.00137813
0.00217855
0.00119747
0.00122979
0.000277954
0.00162519
0.00118305
0.00112238
0.0003411
0.00119721
0.000989867
0.000264153
0.000456864
0.000180202
7.02091e-05
0.000114312
0.000168561
0.00033794
0.000471055
0.000588501
0.000698399
0.000805496
0.000910902
0.00101389
0.0011331
0.00126342
0.00139812
0.00149623
0.00151044
0.00157415
0.001947
8.36485e-05
0.000134365
0.000151051
0.00032298
0.000491277
0.000796629
0.00110647
0.00142712
0.00169404
0.00193923
0.00224212
0.00260136
0.00288915
0.00292798
0.00270255
0.00202956
8.72406e-05
0.000136408
0.000163488
0.000214974
0.000459776
0.000763832
0.0011023
0.00141621
0.00164241
0.00187147
0.00237845
0.00329638
0.0043996
0.00525003
0.00262075
9.03542e-05
0.000134343
0.000175683
0.000193331
0.000437707
0.00074359
0.000960236
0.00117248
0.00150642
0.00217081
0.00352183
0.00522845
0.00656227
0.00298156
9.37089e-05
0.000140569
0.000173298
0.000211684
0.000547638
0.000697239
0.000820689
0.00124586
0.0020318
0.00347434
0.0053962
0.00653934
0.00308766
9.86942e-05
0.00014812
0.000183325
0.000284966
0.000640304
0.000814264
0.00111793
0.0019112
0.00320091
0.00487963
0.00578767
0.00296187
0.00010606
0.000163704
0.000206915
0.000403457
0.000866572
0.000967376
0.00140412
0.00256131
0.00378146
0.00439122
0.00263957
0.000114573
0.000185302
0.000262054
0.000576247
0.00113314
0.00116029
0.0016242
0.00260142
0.00234308
0.00170567
0.000129625
0.000291868
0.000358343
0.000548977
0.00140236
0.00115225
0.00161017
0.00202247
0.000147435
0.000321192
0.000353841
0.0015421
0.00144362
0.000790688
0.00138692
0.000865682
0.000151121
0.000335779
0.00147298
0.00187469
0.000974227
0.000757682
0.000667904
0.000164152
0.000961085
0.00193838
0.0017927
0.00130119
0.000755941
0.000205628
0.00134822
0.0021645
0.00132707
0.00109821
0.000264762
0.00161517
0.00120637
0.00111623
0.000404628
0.00121855
0.00102754
0.000460467
0.000745316
0.000227264
6.89511e-05
0.000115132
0.000182915
0.000352018
0.000477315
0.000595774
0.000703278
0.000807545
0.000905272
0.00100983
0.00113303
0.00126941
0.00139677
0.00145147
0.00153947
0.00193052
8.66726e-05
0.000140834
0.000161024
0.000337963
0.000544879
0.000857365
0.00119352
0.00150196
0.00172908
0.00196598
0.00231314
0.00267436
0.00291412
0.00281389
0.00203005
8.97849e-05
0.000144365
0.000166456
0.00025256
0.000528165
0.000857774
0.0012198
0.00150427
0.00170699
0.00211752
0.00304725
0.00430888
0.00540078
0.00262407
9.08602e-05
0.000135602
0.000168291
0.000221417
0.000515578
0.000803278
0.000969941
0.00129794
0.00190837
0.00318841
0.00506501
0.00651699
0.00295785
9.37271e-05
0.000139049
0.00016561
0.000270296
0.000651814
0.000714669
0.00103738
0.00175333
0.00309096
0.00500443
0.00632539
0.00299991
9.72153e-05
0.000152729
0.00019066
0.000417685
0.000744983
0.000898595
0.00154469
0.00273084
0.00439425
0.00527768
0.00286893
0.000105299
0.000165978
0.000241903
0.00069621
0.000891802
0.00108368
0.00198172
0.00315683
0.00385282
0.00243185
0.000116945
0.000242998
0.000401078
0.000905122
0.00115299
0.00122809
0.00207163
0.00235813
0.00150245
0.000142164
0.000329135
0.00034445
0.00109728
0.00132754
0.00106272
0.00163973
0.00113722
0.000157561
0.000312869
0.000465029
0.00159783
0.000859493
0.000474927
0.000655585
0.000170545
0.000421693
0.00192492
0.00130926
0.000365038
0.000472798
0.000213503
0.00141377
0.00178156
0.000915234
0.00063775
0.000264965
0.00154385
0.00116771
0.000989312
0.000396388
0.00124219
0.00103643
0.000585655
0.000796083
0.000325804
6.91827e-05
0.000121573
0.000199326
0.000363591
0.000487494
0.000603029
0.000710111
0.000804392
0.000897269
0.00100349
0.00114277
0.00128125
0.00139686
0.00149611
0.00191417
9.12877e-05
0.000148153
0.000179562
0.000359823
0.000601885
0.000942382
0.00129673
0.00156134
0.00174707
0.00202049
0.00245247
0.00285795
0.00295999
0.00203433
9.35525e-05
0.000155562
0.000173351
0.000300256
0.000598276
0.000976623
0.00133063
0.00156172
0.00190218
0.00276747
0.00421309
0.00547939
0.00262394
9.31242e-05
0.000138533
0.000163727
0.000271134
0.000642019
0.000814941
0.00107604
0.00165638
0.00286395
0.00479309
0.00645079
0.00289987
9.42189e-05
0.000144811
0.000165457
0.000400548
0.000679994
0.000859501
0.00148795
0.00270277
0.00459426
0.00593011
0.00293819
9.78619e-05
0.000153715
0.000247572
0.000663798
0.00076722
0.00115835
0.00226292
0.00377991
0.00478443
0.00270694
0.000107881
0.000194756
0.000480049
0.000850032
0.000885315
0.00139877
0.00250147
0.003262
0.00224106
0.000139857
0.000391083
0.00045654
0.00103875
0.00113778
0.00158534
0.00213187
0.0015202
0.000232532
0.000334873
0.00040602
0.00134954
0.00100035
0.00105648
0.000873038
0.000222278
0.000270787
0.00143111
0.00119227
0.00035726
0.000398334
0.000177724
0.00114646
0.00134766
0.000551983
0.000261538
0.000291174
0.00118779
0.000945075
0.000520355
0.000386535
0.00122782
0.000964669
0.00059624
0.000800194
0.000382334
7.09023e-05
0.000130128
0.000214166
0.000378956
0.000497863
0.000612344
0.000712763
0.000797227
0.000887819
0.00100727
0.00116973
0.00131917
0.00146909
0.00190136
9.46679e-05
0.000159275
0.000203503
0.000382701
0.000673258
0.0010491
0.00138947
0.00157639
0.00178503
0.00219357
0.00280772
0.00311325
0.00203823
9.83718e-05
0.000162446
0.000188661
0.000350308
0.000685966
0.00110034
0.00140733
0.00170554
0.00250771
0.00405031
0.00560391
0.00261661
9.60316e-05
0.000146659
0.000163038
0.00034679
0.000713128
0.000903156
0.00141759
0.00252374
0.00451171
0.00618536
0.00287912
9.62186e-05
0.000139547
0.000229772
0.000646693
0.000743449
0.00119006
0.00234948
0.0040903
0.00554209
0.00279215
0.000101639
0.000187714
0.000508684
0.000714692
0.000837476
0.00172475
0.00315835
0.00410137
0.00254919
0.000146889
0.000454213
0.000555617
0.000785194
0.000997315
0.00180418
0.00259596
0.00197762
0.000373896
0.000406136
0.000584844
0.001027
0.00117188
0.00166601
0.00139585
0.000338791
0.000267092
0.000938033
0.00110723
0.000692887
0.000631034
0.000217532
0.000376316
0.00125175
0.000526406
0.000264504
0.000249126
0.00117798
0.000707653
0.000328402
0.000324456
0.00106967
0.000629536
0.000586359
0.00080016
0.000384592
7.38911e-05
0.000139765
0.00023305
0.000392022
0.000511732
0.000619338
0.000707009
0.000778721
0.000888053
0.00103878
0.00125014
0.00143786
0.00188064
9.81221e-05
0.000165565
0.000225754
0.00041562
0.00075792
0.00116861
0.00144959
0.00158933
0.0019718
0.00270737
0.00330318
0.00203924
0.000102314
0.000174059
0.000198276
0.000391888
0.000814109
0.00117365
0.00152164
0.0022424
0.00388249
0.00562139
0.0026078
9.92427e-05
0.000136653
0.000202206
0.00049198
0.000835287
0.00117801
0.00222894
0.0041267
0.00595183
0.00279133
0.000100137
0.000175241
0.000486529
0.000716508
0.000903235
0.00194023
0.00364349
0.00494593
0.00269333
0.000165365
0.000480141
0.000630748
0.000656687
0.00115386
0.00244156
0.00341697
0.00230511
0.000487898
0.000494879
0.00056592
0.000722949
0.00125004
0.0018783
0.0017403
0.000427444
0.000362579
0.000694825
0.00088245
0.00125672
0.00121437
0.000252704
0.000294226
0.0010406
0.000580156
0.000550096
0.000218633
0.000949822
0.00062234
0.000314687
0.000283323
0.000729893
0.000500538
0.000486386
0.00069488
0.000407278
7.7215e-05
0.000152035
0.000247892
0.000407369
0.000523614
0.000620725
0.000692935
0.000764463
0.0009226
0.00115935
0.0014229
0.00186658
0.000100885
0.000180148
0.000251313
0.000455347
0.000866498
0.00125443
0.00148981
0.00175276
0.00261752
0.0034891
0.00204168
0.000105882
0.000167386
0.000228349
0.000456508
0.000900212
0.0012705
0.00201178
0.00365245
0.0056372
0.00256888
0.0001023
0.000155091
0.000345047
0.00082262
0.00103122
0.00189783
0.00379313
0.0055029
0.00273829
0.000166952
0.000448407
0.000704902
0.00070401
0.00147672
0.00309445
0.00434672
0.00250772
0.000526142
0.000612408
0.000520176
0.000672686
0.00177872
0.00260132
0.0020901
0.000548322
0.000496425
0.000512258
0.000715835
0.00131305
0.0014226
0.000367153
0.000324638
0.000703353
0.000730935
0.00102621
0.000158981
0.000620845
0.000575385
0.000292539
0.00024426
0.000673252
0.000413828
0.000358107
0.000508287
0.000393201
8.12084e-05
0.000164258
0.000266856
0.000417765
0.000526967
0.0006046
0.000676723
0.00079303
0.00108132
0.00140211
0.00183986
0.000105608
0.000184034
0.000268384
0.000505556
0.000992999
0.00132354
0.00163302
0.00248368
0.0036954
0.00204428
0.0001093
0.000175036
0.000266493
0.00059615
0.00101411
0.00171196
0.00343185
0.00555019
0.00253992
0.000156402
0.000337002
0.000723799
0.000995485
0.00161421
0.00334511
0.00517918
0.0025891
0.000509966
0.000733391
0.000666443
0.000886027
0.00252707
0.00358592
0.00235815
0.000654951
0.000553718
0.000483653
0.000913057
0.00192874
0.00177268
0.000543421
0.000432975
0.000508209
0.000726775
0.00109571
0.000266119
0.000403997
0.000429351
0.000616826
0.00019921
0.000570631
0.000335899
0.00029024
0.000382425
0.00034163
8.61818e-05
0.000178885
0.000277741
0.000420595
0.00052045
0.00058212
0.000700083
0.000978857
0.00139727
0.00182526
0.000109945
0.000218096
0.000286134
0.000598385
0.00111147
0.00146865
0.0023755
0.0038744
0.00204815
0.000145591
0.000245456
0.000351638
0.00081989
0.00141939
0.00309862
0.00542341
0.00246149
0.000463811
0.000710549
0.00102698
0.00132087
0.00291844
0.00456131
0.00248983
0.000745837
0.00079611
0.000608169
0.00167988
0.0028849
0.00209935
0.000656371
0.00045326
0.000514731
0.00109106
0.00147588
0.000505807
0.000406477
0.000432078
0.000642713
0.000230485
0.000410645
0.000331808
0.000226186
0.000333172
0.000278484
9.16886e-05
0.000188163
0.000282905
0.000412534
0.000507493
0.000594276
0.000899018
0.00138988
0.0017916
0.000136081
0.00023237
0.000291943
0.000734713
0.00127332
0.00221381
0.00402839
0.00204761
0.000356168
0.000338297
0.000770236
0.00124216
0.00274622
0.00501122
0.0024351
0.000752865
0.00106797
0.00114421
0.00232156
0.00397975
0.00229737
0.000819599
0.000583635
0.000786935
0.00199461
0.00186618
0.000666376
0.000408107
0.000542149
0.00101774
0.000427804
0.000345434
0.000336463
0.000227289
0.00025695
0.000216055
0.000101263
0.000188335
0.000280796
0.000398686
0.000520076
0.000798533
0.00138972
0.0017771
0.000241456
0.000270013
0.000358419
0.00088898
0.00200762
0.0040749
0.00204388
0.00066541
0.000851979
0.0012184
0.002312
0.00461395
0.00232514
0.000877499
0.00111076
0.00162474
0.00304471
0.00217134
0.000850781
0.00053771
0.00110933
0.00151373
0.000652466
0.000356801
0.000547468
0.000399619
0.000238242
0.00018015
0.000145659
0.000207383
0.000282229
0.000390926
0.000710136
0.00138461
0.00173532
0.000495844
0.000293026
0.000728934
0.00173685
0.00401622
0.00202757
0.000871525
0.001345
0.00192416
0.00373019
0.00225062
0.00101341
0.00106736
0.00204747
0.00190068
0.000858257
0.000558919
0.00113087
0.000627648
0.00025385
0.000271793
0.000336339
0.000200823
0.000293884
0.000584963
0.00136269
0.0017207
0.000716026
0.000812576
0.00151113
0.00368293
0.00198232
0.00104163
0.00149951
0.00276129
0.00206775
0.00108668
0.00117529
0.00166334
0.000865267
0.000574013
0.000565638
0.000552545
0.000256738
0.000483624
0.00132617
0.00166843
0.00096087
0.00139236
0.00291385
0.00193501
0.00116979
0.00170345
0.00186405
0.00110731
0.00120065
0.000818737
0.000704665
0.000544388
0.00118183
0.00164884
0.00117082
0.00181076
0.00181792
0.00122557
0.0015665
0.00111171
0.000942394
0.00116843
0.00157764
0.00124981
0.00166673
0.00122598
0.00111011
0.00152327
0.00125389
0.00121464
)
;

boundaryField
{
    innerInlet
    {
        type            inletOutlet;
        inletValue      nonuniform List<scalar> 0();
        value           nonuniform List<scalar> 0();
    }
    atmosphere_outlet
    {
        type            inletOutlet;
        inletValue      nonuniform List<scalar> 0();
        value           nonuniform List<scalar> 0();
    }
    walls
    {
        type            kqRWallFunction;
        value           nonuniform List<scalar> 
2334
(
0.000131111
0.000147431
0.000126474
0.000147456
9.15523e-05
7.57243e-05
5.9059e-05
5.9059e-05
9.03943e-05
7.34686e-05
8.9248e-05
7.11672e-05
0.00012795
9.04677e-05
0.000145357
0.000151838
0.000126504
0.000125149
8.70706e-05
0.000101779
8.35264e-05
0.00012131
0.000142055
0.000137689
0.000304882
0.000203332
0.000305464
0.000306404
8.29707e-05
0.000190695
8.34749e-05
0.000795673
0.000147775
0.000148086
0.00013415
0.000147635
0.000147898
0.000148269
0.000147562
0.000811343
0.000335484
0.000688638
0.0007039
8.24124e-05
0.000128687
0.000127311
8.33877e-05
0.000129894
0.000129938
0.000147736
0.000148082
0.000148195
0.000148155
0.000147699
0.000148128
0.000148192
0.00014816
0.00137091
0.00140517
0.000162216
0.00018257
0.000158575
0.000210238
0.000167668
0.000199971
0.000165931
0.000146872
0.000129523
0.000131886
0.000146855
0.000145529
0.00046037
0.000362747
0.000348788
0.000473536
0.000486921
0.000151915
6.19533e-05
0.000151884
6.0509e-05
6.19533e-05
0.000110673
6.0509e-05
0.000106356
0.000147089
0.000147029
0.000147405
0.000146511
0.000794478
0.000713908
0.000551996
0.000633566
0.000801122
0.000808111
0.000718322
0.000723033
0.000553227
0.00063615
0.000554975
0.000639121
0.000203619
0.000469972
0.000388092
0.000203324
0.000470579
0.000388712
0.000471597
0.000389559
0.000874232
0.000883721
0.000893396
8.29707e-05
0.000115802
8.34749e-05
8.24124e-05
9.63569e-05
9.58122e-05
9.69729e-05
8.33877e-05
9.70632e-05
0.000147995
0.000148061
0.000147274
0.000147966
0.000147851
0.000147973
0.000148042
0.000148138
0.000148079
0.000147241
0.000147623
0.000147365
0.000895007
0.00106825
0.000985552
0.000910791
0.000826711
0.000926403
0.00110473
0.00108612
0.00100207
0.00101878
0.000573508
0.000588256
0.000718922
0.000603106
0.000147902
0.00014804
0.000148201
0.000148195
0.000147703
0.000147878
0.00014793
0.000148024
0.000148114
0.000148071
0.00014832
0.000148247
0.000148146
0.000148189
0.00014821
0.000148326
0.00114583
0.00122028
0.00129473
0.0011883
0.00116639
0.00124447
0.00127043
0.00132375
0.00144169
0.001355
0.000103001
0.000113228
0.000102403
0.000114554
0.000102816
0.000151871
5.62362e-05
5.76534e-05
5.76534e-05
8.71579e-05
6.6639e-05
8.81887e-05
6.88837e-05
0.000151866
0.00121395
0.000174356
0.000242664
0.00133595
0.00107657
0.00131487
0.00189261
0.00189261
0.00288979
0.00267722
0.00187139
0.00283757
0.00178844
0.00254303
0.00164287
0.0017633
0.00215496
0.00103716
0.00161636
0.0018995
0.00117329
0.000776247
0.000796277
0.00159119
0.000145868
0.000602307
0.000157364
0.0014767
0.0019114
0.0019114
0.0020371
5.48908e-05
8.37536e-05
0.000122102
6.12071e-05
7.74666e-05
0.000113981
0.00271356
0.00207085
0.00219861
0.00298669
0.00265666
0.0020613
0.00290971
0.0015759
0.00249442
0.00115642
0.0015762
0.00194632
5.7446e-05
6.30722e-05
7.58265e-05
0.000131684
0.00061058
6.91548e-05
7.77814e-05
0.00116673
0.00120884
0.000808083
0.00129317
8.91575e-05
0.00012214
8.97886e-05
0.00184565
0.00202255
0.00182184
0.00199427
0.00169619
0.00193514
0.00172131
0.00198708
0.00118754
0.00120671
0.00153886
0.00190401
0.00122414
0.0014846
0.000289765
0.000639953
0.000146972
0.000203324
0.000169682
0.000200905
0.00135383
0.00152216
0.00142638
5.35e-05
5.35e-05
8.61837e-05
6.44785e-05
8.51357e-05
6.24241e-05
5.21996e-05
5.21996e-05
8.29499e-05
5.88414e-05
8.41055e-05
6.05176e-05
0.000126032
4.70372e-05
4.70372e-05
7.95452e-05
5.52207e-05
7.9645e-05
5.52804e-05
4.81054e-05
4.81054e-05
8.17999e-05
5.73711e-05
8.06064e-05
5.6094e-05
0.00281151
0.00139568
0.00126776
0.00118814
0.00136245
0.00100438
0.00109415
4.49532e-05
4.49532e-05
8.03982e-05
5.552e-05
8.31808e-05
5.6226e-05
4.52176e-05
4.52176e-05
9.19795e-05
6.14049e-05
8.84477e-05
5.85639e-05
0.00118935
0.00102339
0.00115066
0.00116977
0.000552024
0.00039535
0.000785321
0.000785321
0.000231364
0.000794969
0.000219613
0.000968136
0.0012213
0.00118062
0.000982821
0.000982821
0.000543701
0.00116438
0.000185902
0.000203211
0.00021157
0.00129908
0.000646258
0.000737333
0.00129909
0.000907253
0.000814972
0.000400983
0.000801635
0.000379148
0.000143019
0.000189188
0.000148251
0.000194306
0.000194306
0.000294947
0.000639763
0.000127569
0.000338682
5.59763e-05
5.59763e-05
9.29022e-05
6.43589e-05
9.39669e-05
9.26053e-05
0.000122849
0.00015194
0.000123952
0.000311201
0.000205376
0.00020372
0.000308215
7.62258e-05
9.1924e-05
9.69402e-05
7.98934e-05
0.000109613
0.000126206
0.000115654
0.000132362
0.000121791
0.000151862
0.000120751
0.000120629
0.000154629
0.000117614
0.00122623
0.00109571
0.00111822
0.000127952
0.00018673
0.000137456
0.000284633
0.000168909
0.000181365
0.00133753
0.00144241
0.00142865
0.000252037
0.000166125
0.000153159
0.00142964
0.00129061
0.00140988
0.00291188
0.00262846
0.00272793
0.00247903
0.00281003
0.00259384
0.00240455
0.00245156
0.00226758
0.0022054
0.00167836
0.00203575
0.000818677
0.000396912
0.00127618
0.0012279
0.000258239
0.000298076
0.000267996
0.000367565
0.000358376
0.000315353
0.000208788
0.000214238
0.000320793
0.000151973
0.0001188
0.000119687
6.26146e-05
7.65669e-05
6.56523e-05
7.26015e-05
8.67863e-05
8.1665e-05
6.90362e-05
9.02607e-05
9.71237e-05
0.000104669
0.000103263
0.000119387
9.67936e-05
0.000112169
5.49717e-05
5.8857e-05
5.59714e-05
0.000152005
0.000118002
0.000117302
6.2296e-05
6.0041e-05
5.7672e-05
6.60753e-05
6.94573e-05
7.57225e-05
7.15309e-05
8.96244e-05
8.24642e-05
0.00030296
0.000378146
0.000388846
0.00106806
0.00116289
0.00104104
0.000461644
0.000364868
0.000458379
5.50714e-05
5.55158e-05
5.56614e-05
0.000198412
0.000153065
0.000147143
5.68237e-05
6.22426e-05
5.77324e-05
0.0030077
0.00295214
0.00273928
0.00253114
0.0028657
0.00285893
0.00237688
0.00231658
0.00125457
0.00134463
0.00213499
0.00162112
5.6312e-05
6.45788e-05
6.01551e-05
5.70895e-05
6.2385e-05
5.9544e-05
0.000248322
0.000153144
0.000153174
0.000679057
0.000344413
0.000346595
6.57925e-05
8.78251e-05
8.76554e-05
0.000187157
0.000104492
0.000135556
0.000320786
0.000325118
0.000223833
8.68431e-05
7.38559e-05
8.35778e-05
0.0004231
0.0009352
0.000128556
0.000107572
0.000120181
0.000255125
0.000342085
0.000349923
0.000221938
0.000334283
0.000327153
0.000314637
0.0004142
0.000401164
0.000939085
0.000797955
0.000914157
0.00058154
0.000677211
0.000569904
0.000353468
0.000428144
0.00044282
0.0022867
0.00282431
0.00270517
0.00228744
0.00207581
0.00150109
0.00110659
0.00193052
0.00193052
0.00295785
0.00188064
0.00188064
0.0017916
0.0017916
0.00289987
0.00186658
0.00186658
0.00273829
0.0017771
0.0017771
0.00217134
0.0025891
0.00166843
0.00166843
0.00121464
0.00121464
0.00121464
0.00190068
0.00164884
0.00164884
0.00111171
0.00111171
7.19876e-05
0.000247364
0.000286116
0.00033794
7.09023e-05
7.02091e-05
0.000299155
0.00139727
0.00126941
0.00143786
0.000888053
0.000352018
7.38911e-05
8.61818e-05
0.000392022
0.00111011
0.000398686
0.00132617
0.000552545
0.00157415
0.00139812
0.00172545
0.00146909
0.00138988
0.000507493
0.000764463
0.00136269
9.16886e-05
0.000412534
0.000407369
0.000336339
0.000227264
0.000803968
0.000325804
0.000989312
0.00109861
0.000407278
0.000216055
0.000520355
0.000292539
0.000393201
0.00018015
0.00151373
0.000616826
0.000818737
0.00202956
0.00191417
0.00191417
0.00190136
0.00190136
0.00203823
0.00182526
0.00182526
0.00204815
0.00183986
0.00183986
0.00203924
0.00204761
0.00173532
0.00173532
0.0017207
0.0017207
0.00198232
0.00152327
0.00152327
0.00125389
0.00125389
0.00157764
0.00157764
0.00193501
0.000147867
0.000148197
0.000110307
0.000147331
0.000148129
0.000147879
0.000148187
0.000130638
0.000106188
0.000144926
0.00169699
0.00194614
0.00192195
0.00186752
0.00272025
0.00139073
0.000147838
0.00014785
0.000148142
0.000148083
0.000127801
0.000147884
0.00193774
0.00287869
0.00308766
0.00299991
0.00269333
0.00204244
0.00063775
0.000550096
0.00100326
0.00186618
0.00250772
0.00102621
0.0015202
0.000125487
9.62186e-05
0.000114573
0.000164152
0.000338791
0.000129625
0.000147691
0.000745837
0.000100137
0.000427444
0.000116945
0.00122598
0.00120065
0.000893331
0.00116153
0.0012086
0.000968899
0.000437312
0.000783351
0.000758549
7.42125e-05
0.000116665
0.000118715
7.66507e-05
0.000121221
6.91827e-05
0.000121573
0.000115132
6.89511e-05
0.000115118
0.000114312
0.00139741
0.00175775
0.00177359
0.00138965
0.00126342
0.000887819
0.000910902
0.00126108
0.00052045
0.000778721
0.000511732
0.000807545
0.00182038
0.00154922
0.00163765
0.00176207
0.000971898
0.00140347
0.00109821
0.00121227
0.00133822
0.00140211
0.00108132
0.00115935
0.0014229
0.00131917
0.00125014
0.000145473
0.000146051
0.000159323
0.000147601
0.000164162
0.000167406
0.000147777
0.000147713
7.7215e-05
0.000130128
0.000139765
8.12084e-05
0.000164258
0.000152035
0.00116843
0.000942394
0.000544388
0.00118183
0.000584963
0.000483624
0.000704665
0.000200823
0.000256738
0.00122557
0.00108668
0.00116979
0.00153947
0.00155909
0.00151044
0.00149611
0.00139686
0.00145147
0.00138972
0.000978857
0.000899018
0.00138461
0.000710136
0.000798533
0.000101263
0.000178885
0.000188163
0.000145659
0.000207383
0.000188335
0.000180202
0.000456864
0.000382334
0.000745316
0.000384592
0.00080016
0.000278484
0.000333172
0.00034163
0.00069488
0.000271793
0.00025695
0.000565638
0.000574013
0.000148306
0.000148163
0.000148195
0.00125733
0.00131793
0.00165261
0.000147536
0.000148181
0.000133411
0.000148218
0.000148317
0.00014826
0.001962
0.00184214
0.0017732
0.000204687
0.000276642
0.000231031
0.00029024
0.00019921
0.00024426
0.000358107
0.000324456
0.000283323
0.000585655
0.0003411
0.000404628
0.00059624
0.000386535
0.000396388
0.000399619
0.000230485
0.000427804
0.000627648
0.000858257
0.000652466
0.00298156
0.00262394
0.00260885
0.0029952
0.00261661
0.00287912
0.00253992
0.00279133
0.00229737
0.00225062
0.00246149
0.00248983
0.00206775
0.00166334
0.000260368
0.000167576
0.000167669
0.00027372
0.000167727
0.000182915
0.000326585
0.000168561
0.000311521
0.000167643
0.000167789
0.00128125
0.00114277
0.00116973
0.0009226
0.00100727
0.00103878
0.000199326
0.000363591
0.000214166
0.000378956
0.000247892
0.00023305
0.000390926
0.000282229
0.000293884
0.00151661
0.00139677
0.00149623
0.00166929
0.00162858
0.00159158
0.00058212
0.000520076
0.000594276
0.00079303
0.000676723
0.000700083
0.000420595
0.000280796
0.000282905
0.000266856
0.000417765
0.000277741
0.000708555
0.000358763
0.00111623
0.000964669
0.000989867
0.00112238
0.000328402
0.000629536
0.000335899
0.000314687
0.00113087
0.00101774
0.000331808
0.000642713
0.000121224
0.000136319
0.000117935
0.000132635
0.000114303
0.000124049
0.000128537
0.000102219
0.000119268
0.000114289
0.00310887
0.00308293
0.00314076
0.00293819
0.00296187
0.00279215
0.00254919
0.000261538
0.000755941
0.000264504
0.000631034
0.00209935
0.00147588
0.00235815
0.00230511
0.00109571
0.00121437
9.42189e-05
9.78619e-05
9.72153e-05
0.000170545
0.000154518
0.000151121
0.000222278
0.000232532
0.000157561
0.000509966
0.000654951
0.000526142
0.000166952
0.000101639
0.000165365
0.000548322
0.000373896
0.000487898
0.000524621
0.000405047
0.00041722
0.000535059
0.000428218
0.000551925
0.000544388
0.00152601
0.00139753
0.00152926
0.00164868
0.00177494
0.00165654
0.00113303
0.00126354
0.0011331
0.00100349
0.000897269
0.00100983
0.0006046
0.000526967
0.000620725
0.000692935
0.000797227
0.000707009
0.000523614
0.000612344
0.000619338
0.000455404
0.00111157
0.00122979
0.00114836
0.00122641
0.00130676
0.000146543
0.000152725
0.000137977
0.000166195
0.000158199
0.000162156
0.000167587
0.000159913
0.000162603
0.00240195
0.00292332
0.00228945
0.00224106
0.00278023
0.00187492
0.000873038
0.000865682
0.000872513
0.00197762
0.00139585
0.00127072
0.00126644
0.00140052
0.0014308
0.00114293
0.000955872
0.000746643
0.00123435
7.91941e-05
0.000234074
8.13515e-05
0.000124121
8.27656e-05
0.00012695
0.000128795
0.000126976
0.000124205
0.000139638
0.000142778
0.000512823
0.000391303
0.000377135
0.000500211
0.000167553
0.000221761
0.000167688
0.000167711
0.000824102
0.000735084
0.00081579
0.000728716
5.62362e-05
0.000914521
0.000903663
0.000146503
0.000138949
0.000147512
0.000143776
0.000647743
0.000561018
0.000557505
0.000642988
0.000475952
0.000393019
0.000473302
0.000390921
0.000944502
0.000840587
0.000925033
0.000822473
0.00016376
5.60736e-05
9.03989e-05
7.91241e-05
9.8123e-05
8.64563e-05
0.000967553
0.000861901
0.00099031
0.000882704
0.000363278
0.000246047
5.52655e-05
8.46001e-05
7.35927e-05
7.93676e-05
6.80948e-05
0.00187139
0.00178844
0.00164287
0.0017633
0.00161636
0.00117329
0.00103716
0.00117329
0.000776247
0.000145868
0.000157364
0.000279719
0.000833827
0.000742769
0.000844769
0.00075156
0.000151952
5.07977e-05
4.59953e-05
0.000151874
4.94804e-05
5.48908e-05
5.07977e-05
7.14705e-05
4.59953e-05
4.94804e-05
6.67788e-05
0.000291062
0.00118953
0.000362886
9.79683e-05
9.34945e-05
0.000113443
0.00010983
0.00143311
0.000843114
0.00133235
0.000705312
0.00129031
0.00131534
4.53065e-05
0.000213333
4.66092e-05
0.000225275
0.000533669
4.75632e-05
0.00127075
0.000685525
0.00111262
0.00103756
0.000685525
0.000816043
0.00111262
0.000826016
0.000165916
0.000654999
0.000143108
0.000145747
0.000168139
4.53065e-05
4.66092e-05
6.30445e-05
0.000533669
4.75632e-05
0.000681688
6.79468e-05
0.00184565
0.00182184
0.00169619
0.00172131
0.00153886
0.0014846
0.00118754
0.00122414
0.000289765
0.000146972
0.000169682
0.00110213
0.0012164
0.00204641
0.00105113
0.0010297
0.000926814
0.000940135
0.000640921
0.000739061
0.000625869
0.000722666
0.000888464
0.000905509
0.000789063
0.000804493
0.000599407
0.000611384
0.000692903
0.000706548
0.000103791
0.000111001
0.000118782
0.00012479
0.000142561
0.000132807
0.000136836
0.000125756
0.000110056
0.000129842
0.000118054
0.000105744
0.000101945
9.39743e-05
0.000658721
0.00075852
0.000675936
0.000777419
0.00104763
0.00101929
0.000934214
0.000908788
0.000717042
0.000696911
0.000822789
0.000800891
7.54498e-05
6.65235e-05
6.58432e-05
8.61222e-05
7.42665e-05
8.19302e-05
0.000242613
0.000545364
0.00045459
0.000532384
0.000442833
0.000509547
0.000421821
0.000520027
0.000431466
0.000871984
0.000857758
0.000774541
0.00076235
0.000653786
0.000565875
0.000571842
0.000660973
0.000588523
0.000680223
0.000579607
0.000669925
0.000231521
0.00047997
0.000396201
0.000485256
0.000400585
0.000499804
0.000413271
0.000491855
0.000406264
0.000328355
0.00056093
0.00046799
0.000576558
0.000481116
0.000612192
0.000513209
0.00059495
0.000496891
0.000820482
0.00108524
0.00112211
0.000967861
0.0010019
0.000742049
0.000767491
0.00085127
0.000879589
0.000694163
0.000340178
0.00063261
0.000652421
0.000531275
0.000549961
0.00253993
0.00243384
0.00227525
0.00191233
0.00239363
0.00184897
0.00216073
0.0017521
0.00112204
8.90697e-05
0.000105671
0.000105654
9.69499e-05
0.000105947
0.000109035
0.00201207
0.00199986
0.00197087
0.00198103
0.00153104
0.00180403
0.00164146
0.000225923
0.000184967
0.00021803
0.00113448
0.00128666
0.0012517
0.00124874
0.00133105
0.00137089
0.000989727
0.0010084
0.000971497
0.00095532
0.000118352
0.000137413
0.00013124
0.0028883
0.00251213
0.00257956
0.000461251
0.0004136
0.000507998
0.00264191
0.000963025
0.000875955
0.000991143
0.000590083
0.000742431
0.000629776
0.00251998
0.0025699
0.00236373
0.00227532
0.00183109
0.000508369
0.000879322
0.000955305
0.000833898
0.00100037
0.000164094
0.000196361
0.000169715
0.000747676
0.000283102
0.000333841
0.000286056
0.000141843
0.000188452
0.00018938
0.00297838
0.00265505
0.00279544
0.00214365
0.00156427
0.00186026
0.000670902
0.0028721
0.00259805
0.00243544
0.00186909
0.000898221
0.000148019
0.000147751
0.000147704
0.000147898
0.000148192
0.00014814
0.000148126
0.000148138
0.000148236
0.000148208
0.000148193
0.00014829
0.000143136
0.000147998
0.000146653
0.000147983
9.59118e-05
7.19876e-05
9.85583e-05
7.02091e-05
9.03542e-05
9.53211e-05
7.09023e-05
0.000139055
0.000147936
0.00013424
0.000146921
9.37089e-05
8.61818e-05
9.08602e-05
9.92427e-05
7.38911e-05
9.16886e-05
0.000752865
0.0001023
0.000336339
0.000227264
0.000325804
0.000407278
0.000216055
0.000393201
0.00018015
0.000818737
0.00111011
0.000877499
0.000552545
0.00110731
7.42125e-05
8.40393e-05
8.60124e-05
7.66507e-05
8.89007e-05
8.32325e-05
6.89511e-05
8.36485e-05
9.12877e-05
6.91827e-05
8.66726e-05
0.000148239
0.000148121
0.000148173
0.000148117
0.000264153
0.000205144
0.000460467
0.000205628
0.000209147
0.000586359
0.000226186
0.000213503
0.000252704
0.000486386
0.000227289
0.000819599
0.000367153
0.000865267
0.00203005
0.00203433
0.00204428
0.00204168
0.00204388
0.00202757
0.000105608
8.12084e-05
0.000100885
9.46679e-05
7.7215e-05
9.81221e-05
0.000109945
0.000101263
0.000136081
0.000145659
0.000495844
0.000241456
0.000180202
0.000382334
0.000384592
0.000278484
0.00034163
0.000271793
0.000565638
0.00166673
0.00181792
0.000942394
0.00124981
0.00117082
0.000704665
0.000716026
0.00096087
0.00122598
0.000898358
0.00100415
0.000901454
0.00100871
0.00124543
0.00123939
0.00112924
0.00112508
0.00122087
0.0011124
0.00123085
0.00111925
0.000904983
0.000903815
0.00101517
0.00101262
0.000148269
0.000148183
0.000148199
0.000148312
0.000147905
0.000148019
0.000148029
0.000148155
0.000148334
0.000148319
0.000148142
0.000147865
0.000148012
0.000147817
0.000148031
0.000148109
0.000148188
0.000148229
0.000137834
0.000147573
0.000142
0.000147308
0.000147693
0.000147599
0.000145606
0.000148133
0.000148151
0.000148073
0.000147746
0.000148058
0.000148065
0.000148234
0.000148074
0.000148152
0.000117164
0.00013597
0.000122563
0.000140759
0.000133124
0.000127942
0.000910604
0.000910477
0.00102109
0.00102205
0.00125073
0.00113309
0.00125368
0.00113503
0.000906826
0.000907944
0.0010182
0.00101984
0.00125772
0.00113688
0.00125704
0.00113749
0.00308455
0.00266992
0.0020174
0.00214561
0.00225084
0.00218616
0.00299705
0.00247038
0.00258689
0.00150245
0.00113722
0.00228925
0.0015834
0.00193643
0.00170567
0.00203391
0.0017198
0.00184721
0.00249245
0.0023325
0.0021222
0.00137716
0.00163726
0.00169905
0.000817347
0.000147955
0.000148045
0.00014794
0.00013116
0.000144333
0.000145812
0.000147988
0.000147759
0.00014785
0.000112374
0.000120288
0.000108353
0.000117101
0.000105299
0.00010606
0.000142164
0.000146625
0.000147435
0.000148212
0.000147631
0.000147489
0.000107881
0.000139857
0.000146889
0.0015665
0.000464085
0.000445639
0.000788398
0.000678921
0.000791662
0.000682936
0.000795821
0.000688336
0.000794361
0.000686233
0.000997875
0.000886689
0.000990116
0.00106691
0.00117878
0.00108079
0.0011035
0.0011946
0.00109311
0.000867505
0.000877961
0.000980297
0.000672648
0.000777012
0.000664892
0.000644253
0.000768628
0.000655304
0.00176527
0.00175587
0.0016388
0.001631
0.00137137
0.00149297
0.00137537
0.00149863
0.00173839
0.00174763
0.00161592
0.00162324
0.00138315
0.00151048
0.00138012
0.001505
0.00177634
0.00164866
0.00165298
0.00139084
0.00151923
0.00152275
0.000471055
0.000497863
0.000805496
0.000703278
0.00080353
0.000698399
0.000798063
0.000691029
0.000800011
0.000693428
0.000905272
0.00102031
0.00101389
0.00125937
0.00113776
0.00113355
0.000804392
0.000710111
0.000712763
0.00167964
0.00184493
0.00193626
0.00113527
0.00213923
0.00187496
0.00200756
0.00172811
0.0017258
0.00168797
0.00169519
0.00160091
0.00164251
0.00144055
0.00148447
0.00156674
0.00169477
0.00158957
0.00166435
0.00171796
0.00163875
0.000124652
0.00014476
0.000124625
0.000130325
0.000145191
0.000127765
0.000148012
0.000147918
0.000148033
0.000147881
0.000148025
0.000147956
0.000148162
0.000148049
0.000148081
0.000147398
0.000125054
0.000127009
0.000148725
0.000147739
0.000149744
0.000149178
0.000147777
0.000149972
0.000269214
0.000796083
0.000800194
0.000382425
0.000508287
0.000238242
0.00025385
0.00136505
0.00135745
0.0014852
0.00147594
0.00133384
0.00134675
0.00144741
0.00146314
0.00172783
0.00160682
0.00171494
0.001596
0.00167723
0.00156315
0.00169828
0.0015814
0.00135427
0.00127926
0.00138106
0.00129972
0.00142818
0.00140599
0.00154103
0.0016237
0.00151522
0.00145463
0.00155576
0.00159119
0.00148609
0.000134379
0.00014815
0.000138518
0.000146643
0.000148211
0.000143018
0.000148303
0.000148222
0.000148244
0.000148243
0.000148166
0.000148222
0.00014829
0.000148171
0.000148239
0.000147956
0.000147575
0.000145237
0.000148012
0.000139985
0.000142962
0.000146955
0.00014805
0.00014825
0.000148081
0.000148156
0.000148072
0.000148259
0.000148136
0.000148354
0.000148264
0.00014836
0.000148348
0.000148351
0.000148343
0.000148336
0.000148311
0.000148216
0.000148293
0.000148267
0.000148299
0.00014822
0.000148337
0.00218493
0.0019889
0.00223803
0.00189535
0.00175502
0.0017837
0.00169909
0.00180219
0.0017218
9.88602e-05
0.000105116
0.000109479
0.000107594
0.000104875
9.54095e-05
8.98399e-05
0.000101844
9.2497e-05
8.97849e-05
9.04858e-05
8.72406e-05
8.77505e-05
9.26421e-05
8.65863e-05
9.37271e-05
0.000101356
9.86942e-05
0.00262407
0.00262075
0.0026078
0.00256888
0.00232514
0.0024351
9.35525e-05
9.31242e-05
9.83718e-05
0.000105882
9.60316e-05
0.000102314
0.000463811
0.00066541
0.000356168
0.0001093
0.000156402
0.000145591
0.00186405
0.000871525
0.00101341
0.00104163
0.000440815
0.00103643
0.00102754
0.000264742
0.000151319
0.000198541
0.000186153
0.000264965
0.000264762
0.000284742
0.000192267
0.000277954
0.000500538
0.000413828
0.000547468
0.000336463
0.000177724
0.000291174
0.000249126
0.000158981
0.000217532
0.000218633
0.000850781
0.000656371
0.000666376
0.000266119
0.000543421
0.000505807
0.00312938
0.00318682
0.00286893
0.00270694
0.000472798
0.000398334
0.00177268
0.0020901
0.0014226
0.000458344
0.000576459
0.000571352
0.000452206
0.000558971
0.000565039
0.000477315
0.000582773
0.000588501
0.000487494
0.000603029
0.000595774
0.000743874
0.00129218
0.00129243
0.0030729
0.00299269
0.00243185
0.00263957
0.000655585
0.000667904
0.0017403
0.000942854
0.00137888
0.0013686
0.000148145
0.000148271
0.000148205
0.00014811
0.00014781
0.000147991
0.000147933
0.000148026
0.000147357
0.000147634
0.000147603
0.000147382
0.00105161
0.00112378
0.00103539
0.000855194
0.000841493
0.00094155
0.000631506
0.000733351
0.000617723
0.000148303
0.000148254
0.00014823
0.000148295
0.00132618
0.00121118
0.00129795
0.00142146
0.00151816
0.00147979
0.00138795
8.13515e-05
7.91941e-05
8.27656e-05
9.51112e-05
9.66081e-05
9.22539e-05
0.000111702
0.00010163
0.000109842
0.000100289
9.81987e-05
0.00151457
0.00121339
0.00145052
0.00171311
0.00148993
0.00176268
0.00140648
0.00130707
0.00123617
0.00133287
0.00125809
0.00135748
0.000956105
0.00112478
0.00103885
0.000968797
0.000981409
0.0011443
0.00105494
0.00116323
0.00107075
0.00153341
0.0016207
0.00157718
0.0015315
0.00162292
0.00166786
0.00181409
0.00171696
0.00176457
0.002086
0.00100796
0.000994472
0.00120074
0.00110299
0.00118202
0.00108677
0.00165513
0.00153885
0.0016822
0.00156465
0.00102275
0.00103831
0.0017681
0.00179748
0.0016484
0.00167767
0.00141809
0.00144459
0.00153189
0.00156012
0.00109376
0.0011142
0.00130744
0.00133191
0.00119919
0.0012215
0.00173844
0.00171039
0.00161918
0.00159183
0.00142866
0.00132255
0.00134455
0.00145263
0.00139202
0.00150396
0.00136806
0.0014781
0.00107368
0.00105563
0.00122031
0.00112029
0.00124013
0.00113806
0.00128342
0.00117728
0.00126153
0.0011574
0.00179188
0.00181672
0.00190728
0.00193233
0.00211581
0.0021402
0.0020146
0.00203997
0.00187609
0.00173236
0.00183963
0.00196603
0.00186179
0.00201086
0.00190737
0.00198478
0.00205055
0.0019491
0.00165816
0.00175944
0.00169694
0.00180125
0.00162805
0.00151312
0.00160104
0.00148766
0.00157353
0.00154487
0.00143483
0.00146174
0.00140475
0.00130071
0.00127953
0.00138132
0.00191722
0.00181491
0.00186601
0.00176642
0.00161682
0.00171525
0.00157424
0.00166942
0.00194553
0.00296079
0.00196353
0.00196353
0.00296521
0.00195324
0.00195324
0.001985
0.00184934
0.00172391
0.00168715
0.00295179
0.00194074
0.00194074
0.00209915
0.00196287
0.00196287
0.00208318
0.00195824
0.00195824
0.00163724
0.0016292
0.00206997
0.00192888
0.00192888
0.00306097
0.00260938
0.00306972
0.00252089
0.00304927
0.00244755
0.00142026
0.00153019
0.00173907
0.00199871
0.0016906
0.00164274
0.00157445
0.00179771
0.00183027
0.00176523
0.0017397
0.0016332
0.00169655
0.00156385
0.00157837
0.00149837
0.00287761
0.00295773
0.00198801
0.00295332
0.00188423
0.00187369
0.00181365
0.00296227
0.00267661
0.0029647
0.00268227
0.0019079
0.00200678
0.0019222
0.00179732
0.00167029
0.00174105
0.00266846
0.00294432
0.00159403
0.00154601
0.00152021
0.00306372
0.00305388
0.00306965
0.00305096
0.00304189
0.00304026
0.00182621
0.00173958
0.00183212
0.00154283
0.00163699
0.00152925
0.00299498
0.00259358
0.00298887
0.00296073
0.001947
0.001947
0.00294436
0.00198907
0.00198907
0.00298661
0.00299645
0.00161931
0.0019924
0.00175134
0.00180913
0.00196167
0.00196167
0.00204495
0.00197806
0.00197806
0.00207298
0.00314882
0.00211298
0.00311735
0.0021171
0.00315425
0.00315028
0.00264795
0.00312431
0.00209795
0.00314743
0.00246415
0.00206297
0.00185234
0.00189656
0.00218155
0.00165855
0.0016099
0.00165386
0.00170665
0.00175052
0.00170299
0.00199756
0.00196194
0.00194086
0.00184347
0.00189894
0.00199747
0.00193481
0.00183259
0.00256681
0.00295806
0.00260127
0.0029681
0.00189258
0.00193967
0.00184605
0.00173792
0.00187936
0.00179475
0.00315536
0.0031804
0.00315124
0.00320939
0.0032004
0.00200324
0.00211821
0.00205339
0.00193411
0.00188443
0.00197447
0.00312926
0.00313232
0.0030991
0.001859
0.00174048
0.00182887
0.00170946
0.00189198
0.00177516
0.00192142
0.00180725
0.00209768
0.00208986
0.00118844
0.00206101
0.00116072
0.00113742
0.00153861
0.00165746
0.00157256
0.00169105
0.00197717
0.00195342
0.00187249
0.00184324
0.00164918
0.00161271
0.00176311
0.00172968
0.00130297
0.00145297
0.00133385
0.00149267
0.00140947
0.00137213
0.00200694
0.0019017
0.00191553
0.00171877
0.00179893
0.00181957
0.00160828
0.00145526
0.00149341
0.00150406
0.00162226
0.00147426
0.00159135
0.00138747
0.00127249
0.00135957
0.00124683
0.00292304
0.00251391
0.00256593
0.00294521
0.00262447
0.00259856
0.00255368
0.00217768
0.00199033
0.00221298
0.0029342
0.00262347
0.00261359
0.00239137
0.00267797
0.00268123
0.00266305
0.00305622
0.00305744
0.00302758
0.00300033
0.0029959
0.00293916
0.00205207
0.00206578
0.0018911
0.00188269
0.0020028
0.00199722
0.00218323
0.00208737
0.00218926
0.00209607
0.00186377
0.00187391
0.0019798
0.00198981
0.00218934
0.00210332
0.00219131
0.00210154
0.00254399
0.00315267
0.00276429
0.00278011
0.00257794
0.00240136
0.00212394
0.00241414
0.00314164
0.00277412
0.00278366
0.0026232
0.00240084
0.00212286
0.00241196
0.00272428
0.00236865
0.00206117
0.00231808
0.0018955
0.00200421
0.00199888
0.00215774
0.00210054
0.00208648
0.00217327
0.0020756
0.00215888
0.00205979
0.00185183
0.00196762
0.00183611
0.00195211
0.00225625
0.0019921
0.00223174
0.00195541
0.00190238
0.00188069
0.00195272
0.00184323
0.0018641
0.00180195
0.00186301
0.00182519
0.00187854
0.00187808
0.00185391
0.00225795
0.00199423
0.00225426
0.00190778
0.00182679
0.00180378
0.00177343
0.00181104
0.00175143
0.00257383
0.00258061
0.00319791
0.00320683
0.00314039
0.00314238
)
;
    }
    window
    {
        type            kqRWallFunction;
        value           nonuniform List<scalar> 0();
    }
    procBoundary7to4
    {
        type            processor;
        value           nonuniform List<scalar> 
680
(
0.00169419
0.003312
0.00172258
0.00294704
0.00338558
0.00175048
0.00269515
0.00304191
0.00345818
0.00177817
0.00267685
0.00279211
0.00313537
0.00353042
0.00180572
0.0027496
0.00276204
0.00288645
0.00322808
0.00360299
0.00183411
0.00284609
0.00282137
0.00284184
0.00297799
0.00332025
0.00367726
0.00186215
0.00292507
0.00290719
0.00288577
0.00291586
0.00306672
0.00341333
0.00375228
0.00189151
0.0029701
0.00298482
0.00296022
0.00294237
0.00298432
0.0031536
0.00350713
0.00383037
0.00192019
0.00295648
0.00303389
0.00303623
0.00300413
0.0029913
0.00304829
0.00323929
0.00360392
0.00390947
0.00195022
0.00286743
0.00301989
0.00308776
0.00307687
0.00303829
0.00303275
0.00310879
0.00332553
0.00370297
0.00399223
0.00197841
0.00274205
0.00292327
0.00307222
0.00312801
0.00310515
0.00306344
0.00306796
0.00316744
0.00341296
0.00380676
0.00407473
0.00200854
0.00268398
0.00279598
0.00297165
0.00311106
0.0031531
0.0031211
0.00308113
0.00309928
0.00322553
0.00350315
0.00391261
0.00416048
0.00203419
0.00272597
0.00274456
0.00285274
0.00301654
0.00313835
0.00316494
0.00312735
0.00309408
0.0031289
0.00328455
0.00359505
0.00402206
0.00423897
0.00206132
0.00281271
0.00279481
0.00281308
0.00292146
0.00306693
0.00316069
0.00317065
0.00312955
0.00310516
0.0031593
0.00334476
0.00368847
0.00412685
0.00431355
0.00207909
0.00286868
0.00288003
0.00286812
0.00290058
0.00301423
0.00313291
0.00319251
0.00318234
0.00313702
0.003121
0.00319326
0.00340672
0.00377866
0.00422465
0.00436065
0.00209422
0.00266023
0.00285943
0.00292943
0.00294357
0.00295825
0.00302577
0.00314124
0.00322663
0.00324936
0.00321508
0.00316082
0.00314942
0.00323512
0.00346984
0.00386295
0.00429665
0.00437785
0.00209686
0.00274877
0.00271756
0.00279925
0.00291515
0.00298241
0.00302536
0.00308103
0.00319745
0.00330582
0.00335797
0.00334512
0.00328467
0.00321579
0.0032013
0.00329137
0.00353614
0.00393436
0.00433988
0.00435144
0.00209315
0.00292658
0.00280118
0.00276736
0.00285024
0.00296359
0.00304738
0.00314073
0.00327006
0.00340938
0.00350357
0.00352879
0.00348972
0.00340701
0.00331831
0.00329021
0.0033735
0.00360927
0.0039911
0.00433727
0.00424634
0.00206174
0.0031383
0.00299044
0.00284567
0.00280698
0.00289226
0.00301871
0.00315152
0.00330604
0.00349482
0.00363972
0.00372102
0.00373714
0.0036908
0.00359466
0.00348572
0.00343079
0.00349697
0.00370077
0.00403182
0.00429204
0.00401848
0.00202098
0.00333796
0.00322006
0.00304749
0.00288033
0.00283884
0.00293972
0.00310934
0.00329855
0.00353084
0.00372954
0.00386618
0.00395027
0.00398229
0.00395079
0.00385645
0.00373501
0.00364702
0.00367956
0.00383003
0.00407143
0.00418625
0.00370439
0.00195863
0.00351296
0.00343563
0.00329702
0.00309401
0.00290621
0.00287169
0.00300806
0.00323673
0.00351491
0.00376237
0.00394536
0.00408061
0.00419171
0.00426189
0.00426801
0.00419629
0.00407303
0.0039578
0.0039306
0.00402196
0.00413063
0.00405574
0.0032918
0.00190104
0.00367067
0.00362423
0.0035294
0.00336498
0.00312757
0.00292964
0.0029256
0.00312317
0.0034375
0.00374338
0.00396844
0.00413576
0.00428415
0.00443896
0.00457401
0.00463938
0.00461029
0.00450165
0.00437738
0.00428933
0.00427582
0.00424527
0.00393882
0.00280071
0.00190485
0.00381067
0.00379406
0.00373133
0.00361532
0.00341958
0.00314886
0.00296377
0.00302064
0.0033041
0.00366198
0.00395147
0.00414317
0.00428905
0.00446454
0.00468156
0.00489941
0.00505295
0.00508538
0.00500941
0.00487579
0.00475925
0.00465686
0.00447189
0.00396175
0.00266417
0.00196163
0.00383228
0.00394042
0.00391297
0.00383078
0.00368875
0.00345756
0.00316224
0.00302088
0.00316147
0.00351987
0.00388126
0.00412921
0.00427612
0.00442097
0.00463614
0.00492229
0.00523251
0.00548265
0.0055953
0.00555312
0.00541619
0.00526243
0.00509492
0.00480305
0.00426204
0.0021007
0.00180645
0.00395119
0.00406686
0.00402439
0.00391843
0.00374506
0.00347566
0.00317721
0.00310304
0.00334411
0.00374506
0.00407944
0.00427586
0.00438757
0.00453251
0.00479034
0.0051546
0.00554989
0.00589823
0.00608075
0.00606485
0.00590429
0.00571238
0.00547833
0.0051537
0.00269062
0.0018596
0.00406881
0.00418704
0.0041249
0.00399004
0.00378035
0.00347942
0.00320831
0.00321913
0.00354998
0.00396675
0.00426375
0.00440375
0.00448393
0.00462853
0.00491562
0.00534681
0.00583011
0.00623931
0.00645856
0.00638871
0.00617718
0.00595632
0.00566616
0.00296666
0.0019134
0.00418302
0.00429768
0.00421096
0.00404168
0.00378987
0.00347437
0.00325574
0.00336554
0.00376871
0.00418696
0.00444182
0.0045234
0.00456863
0.00470431
0.00499804
0.00543498
0.00595994
0.00640081
0.00656419
0.00643357
0.00617356
0.00572365
0.00306143
0.00196646
0.0042908
0.00439638
0.00427928
0.00406895
0.00378409
0.00345921
0.00332115
0.00353823
0.00400164
0.00440981
0.00461805
0.00463706
0.00464044
0.00474416
0.00501554
0.00543976
0.00593987
0.00633481
0.00630562
0.0058895
0.00561012
0.00304094
0.00201773
0.00439071
0.00448045
0.0043275
0.00407479
0.00375705
0.00345282
0.00340532
0.00373846
0.00425243
0.00464394
0.00479393
0.00474367
0.00469199
0.00474927
0.00496765
0.00528759
0.00559169
0.00568212
0.00493299
0.00314865
0.00298336
0.00206566
0.00447959
0.0045487
0.00435518
0.00406005
0.00371971
0.00346175
0.00352498
0.00396714
0.00452219
0.00489146
0.00496681
0.00483589
0.00470565
0.00470191
0.0047902
0.0048694
0.00470468
0.00368571
0.00282939
0.00261309
0.00210973
0.0045585
0.00460011
0.00436201
0.00402731
0.0036787
0.00349854
0.00368192
0.00422479
0.00480576
0.005142
0.00512449
0.00487722
0.00468038
0.00454662
0.00440386
0.00401074
0.00270562
0.00245984
0.00214882
0.0046255
0.00463596
0.00435311
0.00398256
0.0036434
0.00355563
0.00387767
0.00451102
0.00510647
0.00538643
0.00524113
0.00487605
0.00455395
0.00420482
0.00366951
0.00234278
0.00215345
0.00218255
0.00468387
0.00465716
0.00432935
0.00393356
0.00363608
0.0036527
0.00411389
0.0048277
0.00541767
0.00560708
0.00526936
0.00475406
0.00423407
0.00355206
0.00232732
0.00198788
0.00221018
0.00473056
0.00466535
0.00429601
0.00388968
0.00365577
0.00379743
0.0043917
0.00516546
0.00572322
0.00573627
0.00517738
0.0044009
0.00357753
0.00234567
0.00191779
0.0022327
0.00477147
0.00466412
0.00425838
0.00385068
0.00370325
0.00399293
0.00470971
0.0055147
0.00598291
0.00575222
0.00481061
0.00361972
0.00226681
0.00190586
0.00224942
0.00480204
0.00465648
0.00421825
0.00384065
0.00379496
0.0042439
0.00506487
0.00585568
0.00611351
0.00550372
0.0039561
0.00219281
0.00192131
0.0022618
0.0048319
0.00464051
0.00418378
0.00385612
0.00394427
0.00455412
0.00544698
0.0061442
0.00609959
0.00479596
0.00237229
0.00196568
0.00226924
0.00484928
0.00462134
0.00415333
0.00391048
0.00416138
0.00492347
0.00583102
0.0062755
0.00564104
0.00308068
0.00210166
0.00227233
0.00486726
0.00459176
0.00413615
0.00401007
0.0044566
0.00534488
0.00616431
0.00617293
0.00412331
0.00237821
0.00227145
0.00486511
0.00455528
0.00414
0.00417985
0.00483795
0.0057848
0.00631964
0.00508486
0.00275206
0.00226422
0.00485473
0.00450133
0.00417816
0.00443803
0.00529353
0.00617701
0.00606219
0.00308991
0.00225054
0.00479451
0.00443695
0.00426696
0.00479862
0.00577968
0.00635355
0.00348591
0.00221914
0.00469545
0.00434646
0.00442278
0.00523642
0.00616575
0.00613365
0.00267728
0.00217608
0.00444227
0.00424551
0.0046548
0.0056643
0.00621616
0.00312238
0.00211631
0.00406751
0.00413434
0.00492
0.00596541
0.00316894
0.00204104
0.00355354
0.00398036
0.00524221
0.00315417
0.00193982
0.00283822
0.00407021
0.0029413
0.00180644
0.0024458
0.002566
0.00180393
0.00208422
0.00200239
)
;
    }
    procBoundary7to5
    {
        type            processor;
        value           nonuniform List<scalar> 
36
(
0.00163321
0.00315683
0.00166457
0.00275229
0.00323605
0.00249731
0.00285059
0.00249537
0.00259651
0.00258933
0.0025874
0.00270554
0.00267165
0.00279024
0.0027783
0.00282884
0.00285948
0.00281364
0.00290055
0.00273767
0.00288629
0.00262822
0.00280455
0.00256391
0.00268637
0.00258151
0.00262444
0.00265223
0.00265428
0.00270135
0.00273755
0.00269727
0.00279193
0.00266325
0.00278444
0.00273563
)
;
    }
    procBoundary7to6
    {
        type            processor;
        value           nonuniform List<scalar> 
566
(
0.0014822
0.00286928
0.00137632
0.00242615
0.00267275
0.00127974
0.00216262
0.00220575
0.00248025
0.00118945
0.00216632
0.0019271
0.00199081
0.00228837
0.00110445
0.00227385
0.0019276
0.00169423
0.0017821
0.00209729
0.00102227
0.00241051
0.00203612
0.00168795
0.00146741
0.00158203
0.00190473
0.000943135
0.00251378
0.00218243
0.00179483
0.0014517
0.0012518
0.00139269
0.00171263
0.000864671
0.00256396
0.00229703
0.00194784
0.00155436
0.00122486
0.00105325
0.00121666
0.00151781
0.000787804
0.0025556
0.00235754
0.00207155
0.00171086
0.00132063
0.00101425
0.000877248
0.00105256
0.00131996
0.000709675
0.002498
0.00235669
0.00214132
0.00184141
0.0014769
0.00110039
0.000826532
0.000726559
0.000898276
0.00111081
0.000631299
0.00242536
0.00231766
0.00215108
0.00191967
0.00161164
0.001252
0.000900227
0.00066651
0.00060024
0.000746052
0.000894346
0.000550968
0.00241159
0.00228274
0.00213271
0.00194277
0.00169736
0.00138772
0.00104204
0.000726219
0.000537475
0.000491603
0.000591192
0.000673086
0.00046954
0.00231332
0.00246609
0.00213859
0.00194767
0.00173399
0.00147976
0.00117493
0.00085233
0.000579927
0.000437775
0.000392483
0.000431843
0.000464758
0.000387276
0.00241261
0.00221069
0.00255139
0.00198866
0.00176371
0.00153074
0.00127172
0.000977796
0.000687068
0.000466373
0.000361831
0.000302876
0.000283992
0.000345993
0.000304624
0.00250405
0.00233095
0.00210037
0.00259548
0.00184317
0.00158663
0.00133704
0.00107693
0.000800032
0.000548504
0.000383952
0.000305464
0.000238809
0.000203511
0.000228202
0.000204085
0.00253535
0.00241239
0.0022219
0.0019766
0.00258087
0.00169631
0.00141693
0.00115502
0.00089824
0.000645295
0.000443222
0.000332676
0.000275126
0.00021881
0.00018989
0.000160246
0.000151888
0.00250294
0.00242378
0.00228365
0.00209037
0.00184105
0.00253131
0.00154819
0.00125428
0.000986018
0.000738479
0.000517645
0.000375309
0.000314845
0.000280289
0.000236533
0.000189123
0.000158487
0.000129465
0.00243401
0.00237535
0.00227424
0.00213141
0.00194356
0.00169611
0.00250589
0.00139859
0.00109846
0.000831724
0.000603084
0.000429836
0.000349207
0.000319958
0.000292825
0.000249459
0.000192456
0.000139485
9.28096e-05
0.00238576
0.00229628
0.00221402
0.00210505
0.00196766
0.00178734
0.00154414
0.00255451
0.00124786
0.000950697
0.000696322
0.000499818
0.000390928
0.000354039
0.000332993
0.000297151
0.000240841
0.000169175
0.000102706
6.33673e-05
0.00240148
0.00223531
0.00213103
0.00203748
0.00193056
0.00180048
0.00162639
0.00138784
0.00268202
0.00109831
0.000815088
0.000587922
0.000447079
0.000393602
0.000370305
0.000339053
0.000285499
0.000210113
0.000125365
7.79056e-05
0.00249447
0.0022312
0.002062
0.00195283
0.00185963
0.00175909
0.0016349
0.00146453
0.0012308
0.00284532
0.00095494
0.000699995
0.000522763
0.000442441
0.000411012
0.00037757
0.000323832
0.000246088
0.000155229
9.36746e-05
0.00262739
0.0022968
0.00204706
0.00187891
0.001774
0.00168823
0.00159445
0.00147369
0.00130462
0.00107769
0.00300309
0.000826236
0.000618726
0.000503811
0.000456653
0.000416518
0.000358309
0.000277355
0.000183243
0.000114652
0.00276033
0.0024027
0.00209051
0.00185484
0.00169543
0.00160224
0.00152585
0.00143751
0.00131763
0.00114901
0.000935103
0.00314224
0.000723191
0.000577198
0.000507023
0.000456806
0.000390955
0.000304603
0.000205237
0.000135137
0.00288125
0.00251312
0.00217231
0.00187821
0.00166021
0.00151872
0.0014392
0.00137219
0.00128729
0.00116633
0.00100097
0.000812154
0.00327483
0.000653709
0.000560077
0.000497387
0.000422746
0.000329204
0.000222144
0.000146384
0.00300719
0.0026192
0.00226219
0.00193686
0.00166264
0.00146378
0.00134826
0.00128469
0.00122564
0.00114194
0.0010203
0.000867226
0.000717635
0.00341602
0.000610746
0.000535861
0.000453184
0.000352075
0.00023677
0.000146967
0.00316294
0.00274408
0.00235648
0.00200698
0.00169693
0.00144693
0.00127498
0.00118591
0.00113791
0.00108461
0.00100107
0.000884753
0.000757547
0.000651227
0.00349068
0.000569036
0.000480661
0.000373217
0.000250186
0.000147499
0.00328447
0.00292171
0.00248557
0.00209164
0.0017465
0.00145453
0.00123249
0.00109575
0.00103317
0.000998643
0.000949535
0.000869593
0.000770005
0.000675705
0.000593649
0.00166482
0.000503149
0.000392018
0.000262497
0.000147682
0.00157789
0.00309469
0.00269181
0.00222981
0.00182204
0.00148149
0.00121503
0.00102921
0.000929629
0.000892123
0.000869288
0.000825915
0.000758119
0.000682507
0.000607625
0.000519077
0.000407284
0.000273436
0.000147872
0.0014931
0.00291745
0.0024717
0.00197273
0.00154636
0.00121737
0.000984317
0.000843252
0.000781466
0.000767225
0.000756481
0.000724019
0.000673512
0.000610716
0.00052776
0.00041809
0.00028225
0.000148037
0.00141437
0.00275212
0.00225714
0.00170977
0.00126793
0.000965481
0.000776259
0.000683027
0.00065767
0.000666431
0.000669417
0.000648776
0.000603756
0.000529429
0.000424066
0.000288346
0.000148047
0.00133967
0.00259444
0.00204031
0.00143932
0.000996729
0.000738823
0.000601807
0.000555831
0.00056659
0.000597266
0.000609297
0.000586689
0.000524694
0.000425456
0.00029149
0.000148064
0.00126844
0.00243322
0.00181258
0.00116656
0.000748472
0.000546307
0.000467537
0.000469373
0.000514659
0.000556349
0.00055953
0.0005134
0.00042273
0.000292138
0.00014824
0.00119818
0.00225574
0.00156929
0.00090613
0.000537823
0.000393471
0.000378388
0.000428916
0.000492644
0.000522139
0.000495386
0.000415852
0.000290719
0.000148271
0.00112692
0.00204942
0.00131655
0.000673199
0.000370022
0.000286929
0.000342842
0.00042205
0.000475404
0.000470163
0.000404754
0.000287153
0.000148121
0.00105139
0.00180804
0.00106133
0.000472189
0.000244782
0.000252491
0.000346506
0.000420953
0.000437956
0.000388976
0.00028162
0.000148126
0.000969552
0.00152905
0.000806988
0.000299983
0.0002044
0.000266872
0.000360807
0.000399549
0.000368656
0.000273642
0.000148082
0.000879482
0.0012141
0.000559263
0.000205056
0.000206738
0.000297161
0.000356793
0.000344026
0.000263512
0.00014788
0.000780141
0.000877348
0.000339266
0.00019071
0.0002424
0.000311213
0.000316587
0.000251016
0.000147769
0.000673714
0.000559782
0.000226637
0.000221641
0.000266705
0.000287158
0.000237842
0.000147526
0.000559285
0.000407147
0.000207803
0.000234571
0.000256555
0.000224429
0.000147192
0.000447838
0.000177311
0.000255606
0.000255606
0.000216374
0.000216374
0.000224316
0.000208747
0.000146816
0.000174991
0.000323226
0.000323226
0.000187625
0.000197211
0.000197211
0.000186959
0.000136575
0.000155316
0.000144786
0.000160114
0.000160114
0.000117252
0.000126111
9.56195e-05
0.000103343
0.000103343
8.20391e-05
)
;
    }
}


// ************************************************************************* //
