# Wavefront OBJ file written 2025-10-26T22:26:25
o window_edgeMesh

# points : 4794
# lines  : 4906

# <points count="4794">
v 1.21333 -0.251167 0.56
v 1.21333 -0.251167 2.3705
v 2.24667 -0.251167 0.56
v 2.24667 -0.251167 2.3705
v 1.18316 -0.17367 0.596832
v 2.27684 -0.17367 0.596832
v 1.21733 -0.251 1.79501
v 1.21733 -0.251 1.71817
v 2.24267 -0.251 1.71817
v 2.24267 -0.251 1.79501
v 1.1255 0.0336551 0.535001
v 1.1255 0.0336551 2.38483
v 2.3345 0.0336551 0.535001
v 2.3345 0.0336551 2.38483
v 1.161 -0.0436751 1.80583
v 1.161 -0.0436751 1.714
v 2.299 -0.0436751 1.714
v 2.299 -0.0436751 1.80583
v 2.458 -0.3 0.396501
v 2.458 0.0126559 0.396501
v 2.458 -0.3 2.5235
v 2.458 0.0126559 2.5235
v 1.002 0.0126559 0.396501
v 1.002 -0.3 0.396501
v 1.002 -0.3 2.5235
v 1.002 0.0126559 2.5235
v 2.403 -0.251 0.56
v 1.057 -0.251 2.3955
v 2.403 -0.251 2.3955
v 1.057 -0.251 0.524501
v 2.403 -0.251 0.524501
v 1.18316 -0.194669 2.36
v 2.27684 -0.194669 2.36
v 2.21384 -0.224834 0.600665
v 1.24616 -0.224834 0.600665
v 2.20201 -0.201835 0.659663
v 1.25799 -0.201835 0.659663
v 2.21384 -0.202002 0.659663
v 1.24616 -0.202002 0.659663
v 2.20334 -0.194669 1.79833
v 2.20334 -0.194669 1.74817
v 2.20201 -0.201835 1.68534
v 2.21384 -0.202002 1.68534
v 1.24616 -0.202002 1.68534
v 1.25799 -0.201835 1.68534
v 1.25666 -0.194669 1.74817
v 2.21384 -0.224834 1.71817
v 1.24616 -0.224834 1.71817
v 2.21384 -0.224834 1.802
v 1.24616 -0.224834 1.802
v 2.21384 -0.202002 1.86116
v 1.24616 -0.202002 1.86116
v 2.20201 -0.201835 1.86116
v 1.25799 -0.201835 1.86116
v 1.25666 -0.194669 1.79833
v 2.20334 -0.194669 2.327
v 2.20334 -0.194669 2.36
v 2.20201 -0.201835 2.26417
v 2.21384 -0.202002 2.26417
v 2.21384 -0.224834 2.297
v 1.24616 -0.202002 2.26417
v 1.25799 -0.201835 2.26417
v 1.25666 -0.194669 2.327
v 1.24616 -0.224834 2.297
v 1.25666 -0.194669 2.36
v 1.21333 -0.225001 0.600665
v 1.21333 -0.225001 2.297
v 2.24667 -0.225001 0.600665
v 2.24667 -0.225001 2.297
v 1.18716 0.00415628 0.596665
v 1.18716 -0.0220093 0.596665
v 2.27284 0.00415628 0.596665
v 2.27284 -0.0220093 0.596665
v 2.261 0.0126559 1.77567
v 2.261 0.0126559 1.74417
v 2.27284 0.00415628 1.6825
v 2.27284 -0.0220093 1.6825
v 1.199 0.0126559 1.77567
v 1.18716 0.00415628 1.83733
v 1.18716 -0.0220093 1.83733
v 2.27284 0.00415628 1.83733
v 2.27284 -0.0220093 1.83733
v 1.199 0.0126559 1.74417
v 1.18716 0.00415628 1.6825
v 1.18716 -0.0220093 1.6825
v 2.27284 0.00415628 2.32317
v 2.27284 -0.0220093 2.32317
v 1.18716 -0.0220093 2.32317
v 1.18716 0.00415628 2.32317
v 2.30433 -0.037342 0.565166
v 2.30433 -0.037342 2.35483
v 1.15567 -0.037342 0.565166
v 1.15567 -0.037342 2.35483
v 2.403 -0.251 2.3705
v 2.30433 -0.0436751 0.56
v 2.30433 -0.0436751 2.36
v 2.3095 -0.0438418 0.56
v 2.3095 -0.0438418 2.36
v 2.3095 -0.194669 0.56
v 2.3095 -0.194669 2.36
v 1.057 -0.251 2.3705
v 1.15567 -0.0436751 2.36
v 1.15567 -0.0436751 0.56
v 1.057 -0.251 0.56
v 1.1505 -0.0438418 0.56
v 1.1505 -0.0438418 2.36
v 1.1505 -0.194669 0.56
v 1.1505 -0.194669 2.36
v 1.057 -0.251167 0.56
v 1.057 -0.251167 2.3705
v 2.24667 -0.251 0.56
v 2.403 -0.251167 0.56
v 2.403 -0.251167 2.3705
v 1.057 -0.3 2.3955
v 2.403 -0.3 2.3955
v 1.057 -0.3 0.524501
v 2.403 -0.3 0.524501
v 1.18316 -0.194669 0.596832
v 1.18316 -0.17367 2.36
v 2.27684 -0.194669 0.596832
v 2.27684 -0.17367 2.36
v 2.21384 -0.224834 0.659663
v 1.24616 -0.224834 0.659663
v 2.21451 -0.17367 0.671495
v 1.24549 -0.17367 0.671495
v 2.20201 -0.201835 0.671495
v 1.25799 -0.201835 0.671495
v 2.20201 -0.202002 0.659663
v 1.25799 -0.202002 0.659663
v 1.21733 -0.225001 1.80195
v 1.21733 -0.225001 1.71817
v 2.21451 -0.17367 1.79833
v 2.21451 -0.17367 1.74817
v 2.21451 -0.17367 1.686
v 2.20201 -0.201835 1.6735
v 2.20201 -0.202002 1.68534
v 2.21384 -0.224834 1.68534
v 1.24616 -0.224834 1.68534
v 1.25799 -0.202002 1.68534
v 1.25799 -0.201835 1.6735
v 1.24549 -0.17367 1.686
v 1.24549 -0.17367 1.74817
v 2.24267 -0.225001 1.80195
v 2.24267 -0.225001 1.71817
v 2.21384 -0.225001 1.71817
v 1.24616 -0.225001 1.71817
v 2.21384 -0.225001 1.80195
v 1.24616 -0.225001 1.80195
v 2.21384 -0.224834 1.86116
v 1.24616 -0.224834 1.86116
v 2.20201 -0.202002 1.86116
v 1.25799 -0.202002 1.86116
v 2.20201 -0.201835 1.873
v 1.25799 -0.201835 1.873
v 2.21451 -0.17367 1.8605
v 1.24549 -0.17367 1.8605
v 1.24549 -0.17367 1.79833
v 2.21451 -0.17367 2.36
v 2.21451 -0.17367 2.327
v 2.21451 -0.17367 2.25234
v 2.20201 -0.201835 2.25234
v 2.20201 -0.202002 2.26417
v 2.21384 -0.224834 2.26417
v 2.21384 -0.225001 2.297
v 1.24616 -0.224834 2.26417
v 1.25799 -0.202002 2.26417
v 1.25799 -0.201835 2.25234
v 1.24549 -0.17367 2.25234
v 1.24549 -0.17367 2.327
v 1.24616 -0.225001 2.297
v 1.24549 -0.17367 2.36
v 1.24616 -0.225001 0.600665
v 2.21384 -0.225001 0.600665
v 1.1255 0.0126559 0.535001
v 1.1255 0.0126559 2.38483
v 1.18783 0.0336551 0.6
v 1.18783 0.0336551 2.31983
v 1.18783 0.0336551 1.68184
v 1.18783 0.0336551 1.74417
v 1.18783 0.0336551 1.77567
v 1.18783 0.0336551 1.838
v 2.3345 0.0126559 0.535001
v 2.3345 0.0126559 2.38483
v 2.27217 0.0336551 1.838
v 2.27217 0.0336551 2.31983
v 2.2597 -0.0220093 1.83733
v 2.2597 -0.0220093 2.32317
v 2.27217 0.0336551 0.6
v 1.20033 0.00415628 0.609831
v 2.25967 0.00415628 0.609831
v 1.2003 -0.0220093 0.596665
v 2.2597 -0.0220093 0.596665
v 1.161 -0.037342 1.80583
v 1.161 -0.037342 1.714
v 2.27217 0.0336551 1.68184
v 2.27217 0.0336551 1.74417
v 2.27217 0.0336551 1.77567
v 2.25967 0.00415628 1.66934
v 2.2597 -0.0220093 1.6825
v 1.20033 0.00415628 1.8505
v 2.25967 0.00415628 1.8505
v 1.2003 -0.0220093 1.83733
v 1.20033 0.00415628 1.66934
v 1.2003 -0.0220093 1.6825
v 2.299 -0.037342 1.80583
v 2.299 -0.037342 1.714
v 2.25967 0.00415628 2.31
v 1.2003 -0.0220093 2.32317
v 1.20033 0.00415628 2.31
v 2.24667 -0.251 2.3705
v 2.24667 -0.251 0.600665
v 2.24667 -0.251 2.297
v 2.30433 -0.0436751 0.565166
v 2.30433 -0.0438418 0.56
v 2.30433 -0.0436751 2.35483
v 2.30433 -0.0438418 2.36
v 1.21333 -0.251 2.3705
v 1.21333 -0.251 2.297
v 1.15567 -0.0436751 2.35483
v 1.15567 -0.0436751 0.565166
v 1.21333 -0.251 0.56
v 1.21333 -0.251 0.600665
v 1.15567 -0.0438418 0.56
v 1.15567 -0.0438418 2.36
v 1.21272 -0.251167 0.56
v 1.21211 -0.251167 0.56
v 1.21089 -0.251167 0.56
v 1.2115 -0.251167 0.56
v 1.21028 -0.251167 0.56
v 1.20967 -0.251167 0.56
v 1.20905 -0.251167 0.56
v 1.20783 -0.251167 0.56
v 1.20844 -0.251167 0.56
v 1.20722 -0.251167 0.56
v 1.206 -0.251167 0.56
v 1.20661 -0.251167 0.56
v 1.20539 -0.251167 0.56
v 1.20417 -0.251167 0.56
v 1.20478 -0.251167 0.56
v 1.20295 -0.251167 0.56
v 1.20356 -0.251167 0.56
v 1.20234 -0.251167 0.56
v 1.20173 -0.251167 0.56
v 1.20112 -0.251167 0.56
v 1.20051 -0.251167 0.56
v 1.19928 -0.251167 0.56
v 1.19989 -0.251167 0.56
v 1.19867 -0.251167 0.56
v 1.19745 -0.251167 0.56
v 1.19806 -0.251167 0.56
v 1.19623 -0.251167 0.56
v 1.19684 -0.251167 0.56
v 1.19501 -0.251167 0.56
v 1.19562 -0.251167 0.56
v 1.19379 -0.251167 0.56
v 1.1944 -0.251167 0.56
v 1.19318 -0.251167 0.56
v 1.19196 -0.251167 0.56
v 1.19257 -0.251167 0.56
v 1.19135 -0.251167 0.56
v 1.19012 -0.251167 0.56
v 1.19073 -0.251167 0.56
v 1.18951 -0.251167 0.56
v 1.18829 -0.251167 0.56
v 1.1889 -0.251167 0.56
v 1.18707 -0.251167 0.56
v 1.18768 -0.251167 0.56
v 1.18585 -0.251167 0.56
v 1.18646 -0.251167 0.56
v 1.18524 -0.251167 0.56
v 1.18463 -0.251167 0.56
v 1.18402 -0.251167 0.56
v 1.1828 -0.251167 0.56
v 1.18341 -0.251167 0.56
v 1.18158 -0.251167 0.56
v 1.18219 -0.251167 0.56
v 1.18035 -0.251167 0.56
v 1.18096 -0.251167 0.56
v 1.17974 -0.251167 0.56
v 1.17852 -0.251167 0.56
v 1.17913 -0.251167 0.56
v 1.1773 -0.251167 0.56
v 1.17791 -0.251167 0.56
v 1.17669 -0.251167 0.56
v 1.21333 -0.251167 0.673156
v 1.21333 -0.251167 0.786312
v 1.21333 -0.251167 0.899469
v 1.21333 -0.251167 1.01262
v 1.21333 -0.251167 1.12578
v 1.21333 -0.251167 1.23894
v 1.21333 -0.251167 1.35209
v 1.21333 -0.251167 1.46525
v 1.17547 -0.251167 0.56
v 1.17608 -0.251167 0.56
v 1.17486 -0.251167 0.56
v 1.17364 -0.251167 0.56
v 1.17425 -0.251167 0.56
v 1.17303 -0.251167 0.56
v 1.17242 -0.251167 0.56
v 1.1718 -0.251167 0.56
v 1.17058 -0.251167 0.56
v 1.17119 -0.251167 0.56
v 1.16997 -0.251167 0.56
v 1.16875 -0.251167 0.56
v 1.16936 -0.251167 0.56
v 1.16814 -0.251167 0.56
v 1.16692 -0.251167 0.56
v 1.16753 -0.251167 0.56
v 1.1657 -0.251167 0.56
v 1.16631 -0.251167 0.56
v 1.16509 -0.251167 0.56
v 1.16387 -0.251167 0.56
v 1.16448 -0.251167 0.56
v 1.16326 -0.251167 0.56
v 1.16264 -0.251167 0.56
v 1.16203 -0.251167 0.56
v 1.16081 -0.251167 0.56
v 1.16142 -0.251167 0.56
v 1.1602 -0.251167 0.56
v 1.15898 -0.251167 0.56
v 1.15959 -0.251167 0.56
v 1.15776 -0.251167 0.56
v 1.15837 -0.251167 0.56
v 1.15654 -0.251167 0.56
v 1.15715 -0.251167 0.56
v 1.15593 -0.251167 0.56
v 1.15471 -0.251167 0.56
v 1.15532 -0.251167 0.56
v 1.1541 -0.251167 0.56
v 1.15287 -0.251167 0.56
v 1.15348 -0.251167 0.56
v 1.15226 -0.251167 0.56
v 1.15104 -0.251167 0.56
v 1.15165 -0.251167 0.56
v 1.14982 -0.251167 0.56
v 1.15043 -0.251167 0.56
v 1.1486 -0.251167 0.56
v 1.14921 -0.251167 0.56
v 1.14799 -0.251167 0.56
v 1.14677 -0.251167 0.56
v 1.14738 -0.251167 0.56
v 1.14616 -0.251167 0.56
v 1.14494 -0.251167 0.56
v 1.14555 -0.251167 0.56
v 1.14432 -0.251167 0.56
v 1.14371 -0.251167 0.56
v 1.14249 -0.251167 0.56
v 1.1431 -0.251167 0.56
v 1.14127 -0.251167 0.56
v 1.14188 -0.251167 0.56
v 1.14005 -0.251167 0.56
v 1.14066 -0.251167 0.56
v 1.13944 -0.251167 0.56
v 1.13822 -0.251167 0.56
v 1.13883 -0.251167 0.56
v 1.137 -0.251167 0.56
v 1.13761 -0.251167 0.56
v 1.13639 -0.251167 0.56
v 1.21333 -0.251167 1.57841
v 1.21333 -0.251167 1.91787
v 1.21333 -0.251167 2.03103
v 1.21333 -0.251167 2.14419
v 1.21333 -0.251167 2.25734
v 1.21333 -0.251167 1.80472
v 1.21333 -0.251167 1.69156
v 1.2115 -0.251167 2.3705
v 1.21089 -0.251167 2.3705
v 1.21028 -0.251167 2.3705
v 1.20967 -0.251167 2.3705
v 1.20783 -0.251167 2.3705
v 1.20722 -0.251167 2.3705
v 1.19928 -0.251167 2.3705
v 1.19867 -0.251167 2.3705
v 1.21272 -0.251167 2.3705
v 1.21211 -0.251167 2.3705
v 1.20905 -0.251167 2.3705
v 1.20844 -0.251167 2.3705
v 1.20661 -0.251167 2.3705
v 1.206 -0.251167 2.3705
v 1.20478 -0.251167 2.3705
v 1.20417 -0.251167 2.3705
v 1.20539 -0.251167 2.3705
v 1.20356 -0.251167 2.3705
v 1.20295 -0.251167 2.3705
v 1.20234 -0.251167 2.3705
v 1.20173 -0.251167 2.3705
v 1.20112 -0.251167 2.3705
v 1.20051 -0.251167 2.3705
v 1.19989 -0.251167 2.3705
v 1.19806 -0.251167 2.3705
v 1.19745 -0.251167 2.3705
v 1.19684 -0.251167 2.3705
v 1.19623 -0.251167 2.3705
v 1.19562 -0.251167 2.3705
v 1.19501 -0.251167 2.3705
v 1.1944 -0.251167 2.3705
v 1.19379 -0.251167 2.3705
v 1.19318 -0.251167 2.3705
v 1.19257 -0.251167 2.3705
v 1.19196 -0.251167 2.3705
v 1.19135 -0.251167 2.3705
v 1.19073 -0.251167 2.3705
v 1.19012 -0.251167 2.3705
v 1.18951 -0.251167 2.3705
v 1.1889 -0.251167 2.3705
v 1.18829 -0.251167 2.3705
v 1.18768 -0.251167 2.3705
v 1.18524 -0.251167 2.3705
v 1.18463 -0.251167 2.3705
v 1.18341 -0.251167 2.3705
v 1.1828 -0.251167 2.3705
v 1.17974 -0.251167 2.3705
v 1.17913 -0.251167 2.3705
v 1.18158 -0.251167 2.3705
v 1.18096 -0.251167 2.3705
v 1.18707 -0.251167 2.3705
v 1.18646 -0.251167 2.3705
v 1.18585 -0.251167 2.3705
v 1.18402 -0.251167 2.3705
v 1.18219 -0.251167 2.3705
v 1.18035 -0.251167 2.3705
v 1.1773 -0.251167 2.3705
v 1.17669 -0.251167 2.3705
v 1.17852 -0.251167 2.3705
v 1.17791 -0.251167 2.3705
v 1.17608 -0.251167 2.3705
v 1.17547 -0.251167 2.3705
v 1.17364 -0.251167 2.3705
v 1.17303 -0.251167 2.3705
v 1.16997 -0.251167 2.3705
v 1.16936 -0.251167 2.3705
v 1.16875 -0.251167 2.3705
v 1.16814 -0.251167 2.3705
v 1.16387 -0.251167 2.3705
v 1.16326 -0.251167 2.3705
v 1.16753 -0.251167 2.3705
v 1.16692 -0.251167 2.3705
v 1.15959 -0.251167 2.3705
v 1.15898 -0.251167 2.3705
v 1.15593 -0.251167 2.3705
v 1.15532 -0.251167 2.3705
v 1.15471 -0.251167 2.3705
v 1.1541 -0.251167 2.3705
v 1.15287 -0.251167 2.3705
v 1.15226 -0.251167 2.3705
v 1.17486 -0.251167 2.3705
v 1.17425 -0.251167 2.3705
v 1.17242 -0.251167 2.3705
v 1.1718 -0.251167 2.3705
v 1.17119 -0.251167 2.3705
v 1.17058 -0.251167 2.3705
v 1.16509 -0.251167 2.3705
v 1.16448 -0.251167 2.3705
v 1.16631 -0.251167 2.3705
v 1.1657 -0.251167 2.3705
v 1.14982 -0.251167 2.3705
v 1.14921 -0.251167 2.3705
v 1.16264 -0.251167 2.3705
v 1.16203 -0.251167 2.3705
v 1.16142 -0.251167 2.3705
v 1.16081 -0.251167 2.3705
v 1.1602 -0.251167 2.3705
v 1.15837 -0.251167 2.3705
v 1.15776 -0.251167 2.3705
v 1.15715 -0.251167 2.3705
v 1.15654 -0.251167 2.3705
v 1.15348 -0.251167 2.3705
v 1.15165 -0.251167 2.3705
v 1.15104 -0.251167 2.3705
v 1.15043 -0.251167 2.3705
v 1.1486 -0.251167 2.3705
v 1.14799 -0.251167 2.3705
v 1.14738 -0.251167 2.3705
v 1.1431 -0.251167 2.3705
v 1.14249 -0.251167 2.3705
v 1.14127 -0.251167 2.3705
v 1.14066 -0.251167 2.3705
v 1.14677 -0.251167 2.3705
v 1.14616 -0.251167 2.3705
v 1.14555 -0.251167 2.3705
v 1.14494 -0.251167 2.3705
v 1.14432 -0.251167 2.3705
v 1.14371 -0.251167 2.3705
v 1.14188 -0.251167 2.3705
v 1.13944 -0.251167 2.3705
v 1.13883 -0.251167 2.3705
v 1.13761 -0.251167 2.3705
v 1.137 -0.251167 2.3705
v 1.14005 -0.251167 2.3705
v 1.13822 -0.251167 2.3705
v 1.13639 -0.251167 2.3705
v 1.13516 -0.251167 0.56
v 1.13578 -0.251167 0.56
v 1.13455 -0.251167 0.56
v 1.13333 -0.251167 0.56
v 1.13394 -0.251167 0.56
v 1.13272 -0.251167 0.56
v 1.13211 -0.251167 0.56
v 1.1315 -0.251167 0.56
v 1.13028 -0.251167 0.56
v 1.13089 -0.251167 0.56
v 1.12967 -0.251167 0.56
v 1.12845 -0.251167 0.56
v 1.12906 -0.251167 0.56
v 1.12784 -0.251167 0.56
v 1.12662 -0.251167 0.56
v 1.12723 -0.251167 0.56
v 1.12539 -0.251167 0.56
v 1.12601 -0.251167 0.56
v 1.12478 -0.251167 0.56
v 1.12356 -0.251167 0.56
v 1.12417 -0.251167 0.56
v 1.12295 -0.251167 0.56
v 1.12173 -0.251167 0.56
v 1.12234 -0.251167 0.56
v 1.12051 -0.251167 0.56
v 1.12112 -0.251167 0.56
v 1.1199 -0.251167 0.56
v 1.11868 -0.251167 0.56
v 1.11929 -0.251167 0.56
v 1.11746 -0.251167 0.56
v 1.11807 -0.251167 0.56
v 1.11623 -0.251167 0.56
v 1.11685 -0.251167 0.56
v 1.11562 -0.251167 0.56
v 1.1144 -0.251167 0.56
v 1.11501 -0.251167 0.56
v 1.11379 -0.251167 0.56
v 1.11257 -0.251167 0.56
v 1.11318 -0.251167 0.56
v 1.11196 -0.251167 0.56
v 1.11074 -0.251167 0.56
v 1.11135 -0.251167 0.56
v 1.10952 -0.251167 0.56
v 1.11013 -0.251167 0.56
v 1.1083 -0.251167 0.56
v 1.10891 -0.251167 0.56
v 1.10769 -0.251167 0.56
v 1.10646 -0.251167 0.56
v 1.10707 -0.251167 0.56
v 1.10585 -0.251167 0.56
v 1.10524 -0.251167 0.56
v 1.10463 -0.251167 0.56
v 1.10402 -0.251167 0.56
v 1.1028 -0.251167 0.56
v 1.10341 -0.251167 0.56
v 1.10158 -0.251167 0.56
v 1.10219 -0.251167 0.56
v 1.10036 -0.251167 0.56
v 1.10097 -0.251167 0.56
v 1.09975 -0.251167 0.56
v 1.09853 -0.251167 0.56
v 1.09914 -0.251167 0.56
v 1.0973 -0.251167 0.56
v 1.09791 -0.251167 0.56
v 1.09669 -0.251167 0.56
v 1.09608 -0.251167 0.56
v 1.09547 -0.251167 0.56
v 1.09486 -0.251167 0.56
v 1.09364 -0.251167 0.56
v 1.09425 -0.251167 0.56
v 1.09303 -0.251167 0.56
v 1.09242 -0.251167 0.56
v 1.09181 -0.251167 0.56
v 1.09059 -0.251167 0.56
v 1.0912 -0.251167 0.56
v 1.08998 -0.251167 0.56
v 1.08875 -0.251167 0.56
v 1.08937 -0.251167 0.56
v 1.08814 -0.251167 0.56
v 1.08692 -0.251167 0.56
v 1.08753 -0.251167 0.56
v 1.0857 -0.251167 0.56
v 1.08631 -0.251167 0.56
v 1.08509 -0.251167 0.56
v 1.08448 -0.251167 0.56
v 1.08387 -0.251167 0.56
v 1.08326 -0.251167 0.56
v 1.08204 -0.251167 0.56
v 1.08265 -0.251167 0.56
v 1.08082 -0.251167 0.56
v 1.08143 -0.251167 0.56
v 1.08021 -0.251167 0.56
v 1.07898 -0.251167 0.56
v 1.07959 -0.251167 0.56
v 1.07776 -0.251167 0.56
v 1.07837 -0.251167 0.56
v 1.07654 -0.251167 0.56
v 1.07715 -0.251167 0.56
v 1.07593 -0.251167 0.56
v 1.07471 -0.251167 0.56
v 1.07532 -0.251167 0.56
v 1.0741 -0.251167 0.56
v 1.07288 -0.251167 0.56
v 1.07349 -0.251167 0.56
v 1.07227 -0.251167 0.56
v 1.07105 -0.251167 0.56
v 1.07166 -0.251167 0.56
v 1.06982 -0.251167 0.56
v 1.07043 -0.251167 0.56
v 1.0686 -0.251167 0.56
v 1.06921 -0.251167 0.56
v 1.06799 -0.251167 0.56
v 1.06677 -0.251167 0.56
v 1.06738 -0.251167 0.56
v 1.06616 -0.251167 0.56
v 1.06555 -0.251167 0.56
v 1.06494 -0.251167 0.56
v 1.06433 -0.251167 0.56
v 1.06311 -0.251167 0.56
v 1.06372 -0.251167 0.56
v 1.06189 -0.251167 0.56
v 1.0625 -0.251167 0.56
v 1.06066 -0.251167 0.56
v 1.06127 -0.251167 0.56
v 1.06005 -0.251167 0.56
v 1.05883 -0.251167 0.56
v 1.05944 -0.251167 0.56
v 1.05761 -0.251167 0.56
v 1.05822 -0.251167 0.56
v 1.13516 -0.251167 2.3705
v 1.13455 -0.251167 2.3705
v 1.13272 -0.251167 2.3705
v 1.13211 -0.251167 2.3705
v 1.12967 -0.251167 2.3705
v 1.12906 -0.251167 2.3705
v 1.12845 -0.251167 2.3705
v 1.12784 -0.251167 2.3705
v 1.12662 -0.251167 2.3705
v 1.12601 -0.251167 2.3705
v 1.11868 -0.251167 2.3705
v 1.11807 -0.251167 2.3705
v 1.13578 -0.251167 2.3705
v 1.13394 -0.251167 2.3705
v 1.13333 -0.251167 2.3705
v 1.1315 -0.251167 2.3705
v 1.13089 -0.251167 2.3705
v 1.13028 -0.251167 2.3705
v 1.12478 -0.251167 2.3705
v 1.12417 -0.251167 2.3705
v 1.12723 -0.251167 2.3705
v 1.12539 -0.251167 2.3705
v 1.1083 -0.251167 2.3705
v 1.10769 -0.251167 2.3705
v 1.12356 -0.251167 2.3705
v 1.12295 -0.251167 2.3705
v 1.12234 -0.251167 2.3705
v 1.12173 -0.251167 2.3705
v 1.12112 -0.251167 2.3705
v 1.12051 -0.251167 2.3705
v 1.1199 -0.251167 2.3705
v 1.11929 -0.251167 2.3705
v 1.11746 -0.251167 2.3705
v 1.11685 -0.251167 2.3705
v 1.11623 -0.251167 2.3705
v 1.11562 -0.251167 2.3705
v 1.11501 -0.251167 2.3705
v 1.1144 -0.251167 2.3705
v 1.11379 -0.251167 2.3705
v 1.11318 -0.251167 2.3705
v 1.11257 -0.251167 2.3705
v 1.11196 -0.251167 2.3705
v 1.11135 -0.251167 2.3705
v 1.11074 -0.251167 2.3705
v 1.11013 -0.251167 2.3705
v 1.10952 -0.251167 2.3705
v 1.10891 -0.251167 2.3705
v 1.10219 -0.251167 2.3705
v 1.10158 -0.251167 2.3705
v 1.09975 -0.251167 2.3705
v 1.09914 -0.251167 2.3705
v 1.10707 -0.251167 2.3705
v 1.10646 -0.251167 2.3705
v 1.10585 -0.251167 2.3705
v 1.10524 -0.251167 2.3705
v 1.10463 -0.251167 2.3705
v 1.10402 -0.251167 2.3705
v 1.10341 -0.251167 2.3705
v 1.1028 -0.251167 2.3705
v 1.10097 -0.251167 2.3705
v 1.10036 -0.251167 2.3705
v 1.0973 -0.251167 2.3705
v 1.09669 -0.251167 2.3705
v 1.09853 -0.251167 2.3705
v 1.09791 -0.251167 2.3705
v 1.09608 -0.251167 2.3705
v 1.0857 -0.251167 2.3705
v 1.08509 -0.251167 2.3705
v 1.08692 -0.251167 2.3705
v 1.08631 -0.251167 2.3705
v 1.07715 -0.251167 2.3705
v 1.07654 -0.251167 2.3705
v 1.09547 -0.251167 2.3705
v 1.09486 -0.251167 2.3705
v 1.09425 -0.251167 2.3705
v 1.09364 -0.251167 2.3705
v 1.09303 -0.251167 2.3705
v 1.09242 -0.251167 2.3705
v 1.09181 -0.251167 2.3705
v 1.0912 -0.251167 2.3705
v 1.09059 -0.251167 2.3705
v 1.08998 -0.251167 2.3705
v 1.08937 -0.251167 2.3705
v 1.08875 -0.251167 2.3705
v 1.08448 -0.251167 2.3705
v 1.08814 -0.251167 2.3705
v 1.08753 -0.251167 2.3705
v 1.0686 -0.251167 2.3705
v 1.06799 -0.251167 2.3705
v 1.08387 -0.251167 2.3705
v 1.08326 -0.251167 2.3705
v 1.08265 -0.251167 2.3705
v 1.08204 -0.251167 2.3705
v 1.08143 -0.251167 2.3705
v 1.08082 -0.251167 2.3705
v 1.08021 -0.251167 2.3705
v 1.07959 -0.251167 2.3705
v 1.07898 -0.251167 2.3705
v 1.07837 -0.251167 2.3705
v 1.07776 -0.251167 2.3705
v 1.07593 -0.251167 2.3705
v 1.07532 -0.251167 2.3705
v 1.07471 -0.251167 2.3705
v 1.0741 -0.251167 2.3705
v 1.07349 -0.251167 2.3705
v 1.07288 -0.251167 2.3705
v 1.07227 -0.251167 2.3705
v 1.07166 -0.251167 2.3705
v 1.07105 -0.251167 2.3705
v 1.07043 -0.251167 2.3705
v 1.06982 -0.251167 2.3705
v 1.06921 -0.251167 2.3705
v 1.06738 -0.251167 2.3705
v 1.06677 -0.251167 2.3705
v 1.06616 -0.251167 2.3705
v 1.06555 -0.251167 2.3705
v 1.06494 -0.251167 2.3705
v 1.06433 -0.251167 2.3705
v 1.06372 -0.251167 2.3705
v 1.06311 -0.251167 2.3705
v 1.0625 -0.251167 2.3705
v 1.06189 -0.251167 2.3705
v 1.06127 -0.251167 2.3705
v 1.06066 -0.251167 2.3705
v 1.05822 -0.251167 2.3705
v 1.05761 -0.251167 2.3705
v 1.06005 -0.251167 2.3705
v 1.05944 -0.251167 2.3705
v 1.05883 -0.251167 2.3705
v 2.32422 -0.251167 0.56
v 2.32361 -0.251167 0.56
v 2.323 -0.251167 0.56
v 2.32239 -0.251167 0.56
v 2.32484 -0.251167 0.56
v 2.32178 -0.251167 0.56
v 2.31873 -0.251167 0.56
v 2.31812 -0.251167 0.56
v 2.31934 -0.251167 0.56
v 2.32117 -0.251167 0.56
v 2.32056 -0.251167 0.56
v 2.31995 -0.251167 0.56
v 2.31751 -0.251167 0.56
v 2.26865 -0.251167 0.56
v 2.26804 -0.251167 0.56
v 2.26988 -0.251167 0.56
v 2.26926 -0.251167 0.56
v 2.27171 -0.251167 0.56
v 2.2711 -0.251167 0.56
v 2.27049 -0.251167 0.56
v 2.26499 -0.251167 0.56
v 2.26438 -0.251167 0.56
v 2.2656 -0.251167 0.56
v 2.26743 -0.251167 0.56
v 2.26621 -0.251167 0.56
v 2.26682 -0.251167 0.56
v 2.26377 -0.251167 0.56
v 2.27781 -0.251167 0.56
v 2.2772 -0.251167 0.56
v 2.27842 -0.251167 0.56
v 2.28148 -0.251167 0.56
v 2.28087 -0.251167 0.56
v 2.27965 -0.251167 0.56
v 2.27904 -0.251167 0.56
v 2.28026 -0.251167 0.56
v 2.27476 -0.251167 0.56
v 2.27415 -0.251167 0.56
v 2.27354 -0.251167 0.56
v 2.27293 -0.251167 0.56
v 2.27232 -0.251167 0.56
v 2.27659 -0.251167 0.56
v 2.27598 -0.251167 0.56
v 2.27537 -0.251167 0.56
v 2.25095 -0.251167 0.56
v 2.25033 -0.251167 0.56
v 2.25217 -0.251167 0.56
v 2.25156 -0.251167 0.56
v 2.254 -0.251167 0.56
v 2.25339 -0.251167 0.56
v 2.25278 -0.251167 0.56
v 2.24728 -0.251167 0.56
v 2.24789 -0.251167 0.56
v 2.24972 -0.251167 0.56
v 2.24911 -0.251167 0.56
v 2.2485 -0.251167 0.56
v 2.25461 -0.251167 0.56
v 2.26072 -0.251167 0.56
v 2.26011 -0.251167 0.56
v 2.25949 -0.251167 0.56
v 2.26316 -0.251167 0.56
v 2.26255 -0.251167 0.56
v 2.26194 -0.251167 0.56
v 2.26133 -0.251167 0.56
v 2.25644 -0.251167 0.56
v 2.25583 -0.251167 0.56
v 2.25522 -0.251167 0.56
v 2.25888 -0.251167 0.56
v 2.25827 -0.251167 0.56
v 2.25766 -0.251167 0.56
v 2.25705 -0.251167 0.56
v 2.30529 -0.251167 0.56
v 2.30468 -0.251167 0.56
v 2.30407 -0.251167 0.56
v 2.30835 -0.251167 0.56
v 2.30774 -0.251167 0.56
v 2.30652 -0.251167 0.56
v 2.3059 -0.251167 0.56
v 2.30713 -0.251167 0.56
v 2.30102 -0.251167 0.56
v 2.30041 -0.251167 0.56
v 2.30163 -0.251167 0.56
v 2.30346 -0.251167 0.56
v 2.30285 -0.251167 0.56
v 2.30224 -0.251167 0.56
v 2.31384 -0.251167 0.56
v 2.31323 -0.251167 0.56
v 2.31506 -0.251167 0.56
v 2.31445 -0.251167 0.56
v 2.3169 -0.251167 0.56
v 2.31568 -0.251167 0.56
v 2.31629 -0.251167 0.56
v 2.31018 -0.251167 0.56
v 2.30957 -0.251167 0.56
v 2.30896 -0.251167 0.56
v 2.31201 -0.251167 0.56
v 2.3114 -0.251167 0.56
v 2.31079 -0.251167 0.56
v 2.31262 -0.251167 0.56
v 2.2998 -0.251167 0.56
v 2.28758 -0.251167 0.56
v 2.28697 -0.251167 0.56
v 2.28636 -0.251167 0.56
v 2.29064 -0.251167 0.56
v 2.29003 -0.251167 0.56
v 2.28881 -0.251167 0.56
v 2.2882 -0.251167 0.56
v 2.28942 -0.251167 0.56
v 2.28392 -0.251167 0.56
v 2.28331 -0.251167 0.56
v 2.2827 -0.251167 0.56
v 2.28209 -0.251167 0.56
v 2.28575 -0.251167 0.56
v 2.28514 -0.251167 0.56
v 2.28453 -0.251167 0.56
v 2.29674 -0.251167 0.56
v 2.29613 -0.251167 0.56
v 2.29736 -0.251167 0.56
v 2.29919 -0.251167 0.56
v 2.29858 -0.251167 0.56
v 2.29797 -0.251167 0.56
v 2.29552 -0.251167 0.56
v 2.29247 -0.251167 0.56
v 2.29186 -0.251167 0.56
v 2.29125 -0.251167 0.56
v 2.29308 -0.251167 0.56
v 2.29491 -0.251167 0.56
v 2.2943 -0.251167 0.56
v 2.29369 -0.251167 0.56
v 2.40239 -0.251167 0.56
v 2.40178 -0.251167 0.56
v 2.40117 -0.251167 0.56
v 2.40056 -0.251167 0.56
v 2.39811 -0.251167 0.56
v 2.3975 -0.251167 0.56
v 2.39689 -0.251167 0.56
v 2.39995 -0.251167 0.56
v 2.39873 -0.251167 0.56
v 2.39934 -0.251167 0.56
v 2.39628 -0.251167 0.56
v 2.34804 -0.251167 0.56
v 2.34743 -0.251167 0.56
v 2.34682 -0.251167 0.56
v 2.35048 -0.251167 0.56
v 2.34987 -0.251167 0.56
v 2.34926 -0.251167 0.56
v 2.34865 -0.251167 0.56
v 2.34377 -0.251167 0.56
v 2.34315 -0.251167 0.56
v 2.34254 -0.251167 0.56
v 2.34621 -0.251167 0.56
v 2.34499 -0.251167 0.56
v 2.34438 -0.251167 0.56
v 2.3456 -0.251167 0.56
v 2.3572 -0.251167 0.56
v 2.35659 -0.251167 0.56
v 2.35598 -0.251167 0.56
v 2.35964 -0.251167 0.56
v 2.35903 -0.251167 0.56
v 2.35842 -0.251167 0.56
v 2.35781 -0.251167 0.56
v 2.36025 -0.251167 0.56
v 2.35354 -0.251167 0.56
v 2.35293 -0.251167 0.56
v 2.35231 -0.251167 0.56
v 2.3517 -0.251167 0.56
v 2.35109 -0.251167 0.56
v 2.35537 -0.251167 0.56
v 2.35415 -0.251167 0.56
v 2.35476 -0.251167 0.56
v 2.32972 -0.251167 0.56
v 2.32911 -0.251167 0.56
v 2.33094 -0.251167 0.56
v 2.33033 -0.251167 0.56
v 2.33277 -0.251167 0.56
v 2.33216 -0.251167 0.56
v 2.33155 -0.251167 0.56
v 2.33338 -0.251167 0.56
v 2.32606 -0.251167 0.56
v 2.32545 -0.251167 0.56
v 2.32667 -0.251167 0.56
v 2.3285 -0.251167 0.56
v 2.32789 -0.251167 0.56
v 2.32728 -0.251167 0.56
v 2.33949 -0.251167 0.56
v 2.33888 -0.251167 0.56
v 2.3401 -0.251167 0.56
v 2.34193 -0.251167 0.56
v 2.34132 -0.251167 0.56
v 2.34071 -0.251167 0.56
v 2.33827 -0.251167 0.56
v 2.33583 -0.251167 0.56
v 2.33522 -0.251167 0.56
v 2.33461 -0.251167 0.56
v 2.33399 -0.251167 0.56
v 2.33766 -0.251167 0.56
v 2.33705 -0.251167 0.56
v 2.33644 -0.251167 0.56
v 2.38346 -0.251167 0.56
v 2.38285 -0.251167 0.56
v 2.38468 -0.251167 0.56
v 2.38407 -0.251167 0.56
v 2.38651 -0.251167 0.56
v 2.3859 -0.251167 0.56
v 2.38529 -0.251167 0.56
v 2.38712 -0.251167 0.56
v 2.37979 -0.251167 0.56
v 2.37918 -0.251167 0.56
v 2.38041 -0.251167 0.56
v 2.38224 -0.251167 0.56
v 2.38163 -0.251167 0.56
v 2.38102 -0.251167 0.56
v 2.37857 -0.251167 0.56
v 2.39262 -0.251167 0.56
v 2.39201 -0.251167 0.56
v 2.39384 -0.251167 0.56
v 2.39323 -0.251167 0.56
v 2.39567 -0.251167 0.56
v 2.39506 -0.251167 0.56
v 2.39445 -0.251167 0.56
v 2.38957 -0.251167 0.56
v 2.38895 -0.251167 0.56
v 2.38834 -0.251167 0.56
v 2.38773 -0.251167 0.56
v 2.3914 -0.251167 0.56
v 2.39079 -0.251167 0.56
v 2.39018 -0.251167 0.56
v 2.36697 -0.251167 0.56
v 2.36636 -0.251167 0.56
v 2.36575 -0.251167 0.56
v 2.3688 -0.251167 0.56
v 2.36819 -0.251167 0.56
v 2.36758 -0.251167 0.56
v 2.36941 -0.251167 0.56
v 2.36209 -0.251167 0.56
v 2.36147 -0.251167 0.56
v 2.36086 -0.251167 0.56
v 2.36453 -0.251167 0.56
v 2.36392 -0.251167 0.56
v 2.36331 -0.251167 0.56
v 2.3627 -0.251167 0.56
v 2.36514 -0.251167 0.56
v 2.37552 -0.251167 0.56
v 2.37491 -0.251167 0.56
v 2.37613 -0.251167 0.56
v 2.37796 -0.251167 0.56
v 2.37735 -0.251167 0.56
v 2.37674 -0.251167 0.56
v 2.3743 -0.251167 0.56
v 2.37125 -0.251167 0.56
v 2.37063 -0.251167 0.56
v 2.37002 -0.251167 0.56
v 2.37369 -0.251167 0.56
v 2.37308 -0.251167 0.56
v 2.37247 -0.251167 0.56
v 2.37186 -0.251167 0.56
v 2.24667 -0.251167 0.786312
v 2.24667 -0.251167 0.673156
v 2.24667 -0.251167 0.899469
v 2.24667 -0.251167 1.01262
v 2.24667 -0.251167 1.12578
v 2.24667 -0.251167 1.23894
v 2.24667 -0.251167 1.46525
v 2.24667 -0.251167 1.35209
v 2.24667 -0.251167 1.69156
v 2.24667 -0.251167 1.57841
v 2.24667 -0.251167 2.14419
v 2.24667 -0.251167 2.03103
v 2.24667 -0.251167 2.25734
v 2.24667 -0.251167 1.91787
v 2.24789 -0.251167 2.3705
v 2.24728 -0.251167 2.3705
v 2.25278 -0.251167 2.3705
v 2.25217 -0.251167 2.3705
v 2.25644 -0.251167 2.3705
v 2.25583 -0.251167 2.3705
v 2.26316 -0.251167 2.3705
v 2.26255 -0.251167 2.3705
v 2.2656 -0.251167 2.3705
v 2.26499 -0.251167 2.3705
v 2.26804 -0.251167 2.3705
v 2.26743 -0.251167 2.3705
v 2.24911 -0.251167 2.3705
v 2.2485 -0.251167 2.3705
v 2.24972 -0.251167 2.3705
v 2.25095 -0.251167 2.3705
v 2.25033 -0.251167 2.3705
v 2.25156 -0.251167 2.3705
v 2.254 -0.251167 2.3705
v 2.25339 -0.251167 2.3705
v 2.25522 -0.251167 2.3705
v 2.25461 -0.251167 2.3705
v 2.26926 -0.251167 2.3705
v 2.26865 -0.251167 2.3705
v 2.25705 -0.251167 2.3705
v 2.25766 -0.251167 2.3705
v 2.25888 -0.251167 2.3705
v 2.25827 -0.251167 2.3705
v 2.25949 -0.251167 2.3705
v 2.26072 -0.251167 2.3705
v 2.26011 -0.251167 2.3705
v 2.26133 -0.251167 2.3705
v 2.26194 -0.251167 2.3705
v 2.26377 -0.251167 2.3705
v 2.26438 -0.251167 2.3705
v 2.26682 -0.251167 2.3705
v 2.26621 -0.251167 2.3705
v 2.26988 -0.251167 2.3705
v 2.2711 -0.251167 2.3705
v 2.27049 -0.251167 2.3705
v 2.27232 -0.251167 2.3705
v 2.27171 -0.251167 2.3705
v 2.27293 -0.251167 2.3705
v 2.27537 -0.251167 2.3705
v 2.27476 -0.251167 2.3705
v 2.2772 -0.251167 2.3705
v 2.27659 -0.251167 2.3705
v 2.27354 -0.251167 2.3705
v 2.27415 -0.251167 2.3705
v 2.27598 -0.251167 2.3705
v 2.27781 -0.251167 2.3705
v 2.27904 -0.251167 2.3705
v 2.27842 -0.251167 2.3705
v 2.28026 -0.251167 2.3705
v 2.27965 -0.251167 2.3705
v 2.28209 -0.251167 2.3705
v 2.28148 -0.251167 2.3705
v 2.28087 -0.251167 2.3705
v 2.28331 -0.251167 2.3705
v 2.2827 -0.251167 2.3705
v 2.28392 -0.251167 2.3705
v 2.24667 -0.251167 1.80472
v 2.28453 -0.251167 2.3705
v 2.29186 -0.251167 2.3705
v 2.29125 -0.251167 2.3705
v 2.2943 -0.251167 2.3705
v 2.29369 -0.251167 2.3705
v 2.29552 -0.251167 2.3705
v 2.29491 -0.251167 2.3705
v 2.29919 -0.251167 2.3705
v 2.29858 -0.251167 2.3705
v 2.30285 -0.251167 2.3705
v 2.30224 -0.251167 2.3705
v 2.30407 -0.251167 2.3705
v 2.30346 -0.251167 2.3705
v 2.30774 -0.251167 2.3705
v 2.30713 -0.251167 2.3705
v 2.30102 -0.251167 2.3705
v 2.30041 -0.251167 2.3705
v 2.28514 -0.251167 2.3705
v 2.28575 -0.251167 2.3705
v 2.28697 -0.251167 2.3705
v 2.28636 -0.251167 2.3705
v 2.28758 -0.251167 2.3705
v 2.28881 -0.251167 2.3705
v 2.2882 -0.251167 2.3705
v 2.28942 -0.251167 2.3705
v 2.29064 -0.251167 2.3705
v 2.29003 -0.251167 2.3705
v 2.29613 -0.251167 2.3705
v 2.31079 -0.251167 2.3705
v 2.31018 -0.251167 2.3705
v 2.29308 -0.251167 2.3705
v 2.29247 -0.251167 2.3705
v 2.29674 -0.251167 2.3705
v 2.29736 -0.251167 2.3705
v 2.29797 -0.251167 2.3705
v 2.2998 -0.251167 2.3705
v 2.30163 -0.251167 2.3705
v 2.30468 -0.251167 2.3705
v 2.30529 -0.251167 2.3705
v 2.30652 -0.251167 2.3705
v 2.3059 -0.251167 2.3705
v 2.30896 -0.251167 2.3705
v 2.30835 -0.251167 2.3705
v 2.30957 -0.251167 2.3705
v 2.31201 -0.251167 2.3705
v 2.3114 -0.251167 2.3705
v 2.31262 -0.251167 2.3705
v 2.31323 -0.251167 2.3705
v 2.31506 -0.251167 2.3705
v 2.31445 -0.251167 2.3705
v 2.32117 -0.251167 2.3705
v 2.32056 -0.251167 2.3705
v 2.31751 -0.251167 2.3705
v 2.3169 -0.251167 2.3705
v 2.31384 -0.251167 2.3705
v 2.31568 -0.251167 2.3705
v 2.31629 -0.251167 2.3705
v 2.31873 -0.251167 2.3705
v 2.31812 -0.251167 2.3705
v 2.31995 -0.251167 2.3705
v 2.31934 -0.251167 2.3705
v 2.32178 -0.251167 2.3705
v 2.323 -0.251167 2.3705
v 2.32239 -0.251167 2.3705
v 2.32361 -0.251167 2.3705
v 2.32422 -0.251167 2.3705
v 2.32789 -0.251167 2.3705
v 2.32728 -0.251167 2.3705
v 2.32911 -0.251167 2.3705
v 2.3285 -0.251167 2.3705
v 2.33033 -0.251167 2.3705
v 2.32972 -0.251167 2.3705
v 2.33216 -0.251167 2.3705
v 2.33155 -0.251167 2.3705
v 2.34315 -0.251167 2.3705
v 2.34254 -0.251167 2.3705
v 2.34499 -0.251167 2.3705
v 2.34438 -0.251167 2.3705
v 2.35109 -0.251167 2.3705
v 2.35048 -0.251167 2.3705
v 2.32484 -0.251167 2.3705
v 2.32545 -0.251167 2.3705
v 2.32667 -0.251167 2.3705
v 2.32606 -0.251167 2.3705
v 2.33094 -0.251167 2.3705
v 2.33277 -0.251167 2.3705
v 2.33705 -0.251167 2.3705
v 2.33644 -0.251167 2.3705
v 2.35293 -0.251167 2.3705
v 2.35231 -0.251167 2.3705
v 2.33338 -0.251167 2.3705
v 2.33399 -0.251167 2.3705
v 2.33522 -0.251167 2.3705
v 2.33461 -0.251167 2.3705
v 2.33583 -0.251167 2.3705
v 2.33766 -0.251167 2.3705
v 2.33827 -0.251167 2.3705
v 2.33949 -0.251167 2.3705
v 2.33888 -0.251167 2.3705
v 2.3401 -0.251167 2.3705
v 2.34132 -0.251167 2.3705
v 2.34071 -0.251167 2.3705
v 2.34193 -0.251167 2.3705
v 2.34377 -0.251167 2.3705
v 2.3456 -0.251167 2.3705
v 2.34621 -0.251167 2.3705
v 2.34743 -0.251167 2.3705
v 2.34682 -0.251167 2.3705
v 2.34865 -0.251167 2.3705
v 2.34804 -0.251167 2.3705
v 2.34987 -0.251167 2.3705
v 2.34926 -0.251167 2.3705
v 2.3517 -0.251167 2.3705
v 2.35354 -0.251167 2.3705
v 2.35415 -0.251167 2.3705
v 2.35476 -0.251167 2.3705
v 2.35598 -0.251167 2.3705
v 2.35537 -0.251167 2.3705
v 2.35659 -0.251167 2.3705
v 2.35781 -0.251167 2.3705
v 2.3572 -0.251167 2.3705
v 2.35842 -0.251167 2.3705
v 2.35964 -0.251167 2.3705
v 2.35903 -0.251167 2.3705
v 2.36086 -0.251167 2.3705
v 2.36025 -0.251167 2.3705
v 2.36209 -0.251167 2.3705
v 2.36147 -0.251167 2.3705
v 2.3627 -0.251167 2.3705
v 2.36392 -0.251167 2.3705
v 2.36331 -0.251167 2.3705
v 2.36697 -0.251167 2.3705
v 2.36636 -0.251167 2.3705
v 2.37063 -0.251167 2.3705
v 2.37002 -0.251167 2.3705
v 2.38041 -0.251167 2.3705
v 2.37979 -0.251167 2.3705
v 2.38407 -0.251167 2.3705
v 2.38346 -0.251167 2.3705
v 2.36514 -0.251167 2.3705
v 2.36453 -0.251167 2.3705
v 2.36575 -0.251167 2.3705
v 2.36758 -0.251167 2.3705
v 2.3688 -0.251167 2.3705
v 2.36819 -0.251167 2.3705
v 2.36941 -0.251167 2.3705
v 2.37186 -0.251167 2.3705
v 2.37125 -0.251167 2.3705
v 2.37552 -0.251167 2.3705
v 2.37491 -0.251167 2.3705
v 2.37308 -0.251167 2.3705
v 2.37247 -0.251167 2.3705
v 2.37369 -0.251167 2.3705
v 2.3743 -0.251167 2.3705
v 2.37613 -0.251167 2.3705
v 2.37674 -0.251167 2.3705
v 2.37796 -0.251167 2.3705
v 2.37735 -0.251167 2.3705
v 2.37857 -0.251167 2.3705
v 2.37918 -0.251167 2.3705
v 2.38163 -0.251167 2.3705
v 2.38102 -0.251167 2.3705
v 2.38285 -0.251167 2.3705
v 2.38224 -0.251167 2.3705
v 2.38468 -0.251167 2.3705
v 2.3859 -0.251167 2.3705
v 2.38529 -0.251167 2.3705
v 2.38712 -0.251167 2.3705
v 2.38651 -0.251167 2.3705
v 2.38834 -0.251167 2.3705
v 2.38773 -0.251167 2.3705
v 2.38895 -0.251167 2.3705
v 2.39018 -0.251167 2.3705
v 2.38957 -0.251167 2.3705
v 2.3914 -0.251167 2.3705
v 2.39079 -0.251167 2.3705
v 2.39201 -0.251167 2.3705
v 2.39934 -0.251167 2.3705
v 2.39873 -0.251167 2.3705
v 2.39262 -0.251167 2.3705
v 2.39323 -0.251167 2.3705
v 2.39445 -0.251167 2.3705
v 2.39384 -0.251167 2.3705
v 2.39506 -0.251167 2.3705
v 2.39628 -0.251167 2.3705
v 2.39567 -0.251167 2.3705
v 2.39689 -0.251167 2.3705
v 2.39811 -0.251167 2.3705
v 2.3975 -0.251167 2.3705
v 2.40239 -0.251167 2.3705
v 2.40178 -0.251167 2.3705
v 2.40056 -0.251167 2.3705
v 2.39995 -0.251167 2.3705
v 2.40117 -0.251167 2.3705
v 1.3262 -0.3 2.3955
v 1.8646 -0.3 2.3955
v 1.5954 -0.3 2.3955
v 2.1338 -0.3 2.3955
v 1.24929 -0.3 0.524501
v 1.44157 -0.3 0.524501
v 1.63386 -0.3 0.524501
v 1.82614 -0.3 0.524501
v 2.01843 -0.3 0.524501
v 2.21071 -0.3 0.524501
v 1.057 -0.3 0.396501
v 1.73 -0.3 0.396501
v 2.403 -0.3 0.396501
v 1.18316 -0.17367 1.35248
v 1.18316 -0.17367 1.22653
v 1.18316 -0.17367 1.10059
v 1.18316 -0.17367 0.974654
v 1.18316 -0.17367 0.848713
v 1.18316 -0.17367 1.60436
v 1.18316 -0.17367 1.47842
v 1.18316 -0.17367 1.85624
v 1.18316 -0.17367 1.7303
v 1.18316 -0.17367 2.23406
v 1.18316 -0.17367 2.10812
v 1.18316 -0.17367 1.98218
v 1.18316 -0.17367 0.722772
v 2.27684 -0.17367 1.22653
v 2.27684 -0.17367 1.35248
v 2.27684 -0.17367 1.10059
v 2.27684 -0.17367 0.848713
v 2.27684 -0.17367 0.974654
v 2.27684 -0.17367 1.47842
v 2.27684 -0.17367 1.60436
v 2.27684 -0.17367 1.7303
v 2.27684 -0.17367 1.85624
v 2.27684 -0.17367 2.10812
v 2.27684 -0.17367 2.23406
v 2.27684 -0.17367 1.98218
v 2.27684 -0.17367 0.722772
v 2.12587 -0.224834 0.659663
v 2.0379 -0.224834 0.659663
v 1.94993 -0.224834 0.659663
v 1.86196 -0.224834 0.659663
v 1.77399 -0.224834 0.659663
v 1.68601 -0.224834 0.659663
v 1.59804 -0.224834 0.659663
v 1.51007 -0.224834 0.659663
v 1.4221 -0.224834 0.659663
v 1.33413 -0.224834 0.659663
v 1.95358 -0.201835 0.671495
v 2.00327 -0.201835 0.671495
v 2.053 -0.17367 0.671495
v 1.8915 -0.17367 0.671495
v 1.80453 -0.201835 0.671495
v 1.85421 -0.201835 0.671495
v 1.73 -0.17367 0.671495
v 1.407 -0.17367 0.671495
v 1.45673 -0.201835 0.671495
v 1.50642 -0.201835 0.671495
v 1.5685 -0.17367 0.671495
v 1.60579 -0.201835 0.671495
v 1.65547 -0.201835 0.671495
v 2.10264 -0.201835 0.671495
v 2.15232 -0.201835 0.671495
v 2.05295 -0.201835 0.671495
v 1.9039 -0.201835 0.671495
v 1.75484 -0.201835 0.671495
v 1.70516 -0.201835 0.671495
v 1.5561 -0.201835 0.671495
v 1.40705 -0.201835 0.671495
v 1.30768 -0.201835 0.671495
v 1.35736 -0.201835 0.671495
v 1.21733 -0.251 1.75659
v 2.14014 -0.251 1.71817
v 1.93507 -0.251 1.71817
v 2.0376 -0.251 1.71817
v 1.83253 -0.251 1.71817
v 1.93507 -0.251 1.79501
v 1.83253 -0.251 1.79501
v 1.73 -0.251 1.71817
v 1.73 -0.251 1.79501
v 2.24267 -0.251 1.75659
v 1.52493 -0.251 1.71817
v 1.62747 -0.251 1.71817
v 1.62747 -0.251 1.79501
v 1.52493 -0.251 1.79501
v 1.4224 -0.251 1.71817
v 1.31986 -0.251 1.71817
v 2.14014 -0.251 1.79501
v 2.0376 -0.251 1.79501
v 1.4224 -0.251 1.79501
v 1.31986 -0.251 1.79501
v 2.21451 -0.17367 0.816425
v 2.21451 -0.17367 0.961355
v 2.21451 -0.17367 1.10628
v 2.21451 -0.17367 1.25121
v 2.21451 -0.17367 1.39614
v 2.21451 -0.17367 1.54107
v 2.20201 -0.202002 0.680595
v 2.20201 -0.202002 0.701527
v 2.20201 -0.202002 0.722459
v 2.20201 -0.202002 0.743391
v 2.20201 -0.202002 0.764323
v 2.20201 -0.202002 0.785255
v 2.20201 -0.202002 0.806187
v 2.20201 -0.202002 0.82712
v 2.20201 -0.202002 0.848052
v 2.20201 -0.202002 0.868984
v 2.20201 -0.202002 0.889916
v 2.20201 -0.202002 0.910848
v 2.20201 -0.202002 0.93178
v 2.20201 -0.202002 0.952712
v 2.20201 -0.202002 0.973644
v 2.20201 -0.202002 0.994577
v 2.20201 -0.202002 1.01551
v 2.20201 -0.202002 1.03644
v 2.20201 -0.202002 1.05737
v 2.20201 -0.202002 1.07831
v 2.20201 -0.202002 1.09924
v 2.20201 -0.202002 1.12017
v 2.20201 -0.202002 1.1411
v 2.20201 -0.202002 1.16203
v 2.20201 -0.202002 1.18297
v 2.20201 -0.202002 1.2039
v 2.20201 -0.202002 1.22483
v 2.20201 -0.202002 1.24576
v 2.20201 -0.202002 1.26669
v 2.20201 -0.202002 1.28763
v 2.20201 -0.202002 1.30856
v 2.20201 -0.202002 1.32949
v 2.20201 -0.202002 1.35042
v 2.20201 -0.202002 1.37135
v 2.20201 -0.202002 1.39229
v 2.20201 -0.202002 1.41322
v 2.20201 -0.202002 1.43415
v 2.20201 -0.202002 1.45508
v 2.20201 -0.202002 1.47602
v 2.20201 -0.202002 1.49695
v 2.20201 -0.202002 1.51788
v 2.20201 -0.202002 1.53881
v 2.20201 -0.202002 1.55974
v 2.20201 -0.202002 1.58068
v 2.20201 -0.202002 1.60161
v 2.20201 -0.202002 1.62254
v 2.20201 -0.202002 1.64347
v 2.20201 -0.202002 1.6644
v 2.12587 -0.224834 1.68534
v 2.0379 -0.224834 1.68534
v 1.94993 -0.224834 1.68534
v 1.86196 -0.224834 1.68534
v 1.77399 -0.224834 1.68534
v 1.68601 -0.224834 1.68534
v 1.59804 -0.224834 1.68534
v 1.51007 -0.224834 1.68534
v 1.4221 -0.224834 1.68534
v 1.33413 -0.224834 1.68534
v 2.18148 -0.201835 1.6735
v 2.16096 -0.201835 1.6735
v 2.11992 -0.201835 1.6735
v 2.14044 -0.201835 1.6735
v 2.01731 -0.201835 1.6735
v 2.03783 -0.201835 1.6735
v 2.05835 -0.201835 1.6735
v 2.07887 -0.201835 1.6735
v 2.0994 -0.201835 1.6735
v 1.99679 -0.201835 1.6735
v 1.97626 -0.201835 1.6735
v 1.9147 -0.201835 1.6735
v 1.93522 -0.201835 1.6735
v 1.81209 -0.201835 1.6735
v 1.83261 -0.201835 1.6735
v 1.87365 -0.201835 1.6735
v 1.89418 -0.201835 1.6735
v 1.73 -0.201835 1.6735
v 1.75052 -0.201835 1.6735
v 1.62739 -0.201835 1.6735
v 1.64791 -0.201835 1.6735
v 1.66843 -0.201835 1.6735
v 1.68896 -0.201835 1.6735
v 1.77104 -0.201835 1.6735
v 1.79157 -0.201835 1.6735
v 1.52478 -0.201835 1.6735
v 1.5453 -0.201835 1.6735
v 1.56582 -0.201835 1.6735
v 1.58635 -0.201835 1.6735
v 1.95574 -0.201835 1.6735
v 1.46321 -0.201835 1.6735
v 1.48374 -0.201835 1.6735
v 1.42217 -0.201835 1.6735
v 1.44269 -0.201835 1.6735
v 1.31956 -0.201835 1.6735
v 1.34008 -0.201835 1.6735
v 1.27852 -0.201835 1.6735
v 1.29904 -0.201835 1.6735
v 1.38113 -0.201835 1.6735
v 1.40165 -0.201835 1.6735
v 1.85313 -0.201835 1.6735
v 1.70948 -0.201835 1.6735
v 1.60687 -0.201835 1.6735
v 1.50426 -0.201835 1.6735
v 1.3606 -0.201835 1.6735
v 1.79922 -0.17367 1.686
v 1.93765 -0.17367 1.686
v 1.66078 -0.17367 1.686
v 1.52235 -0.17367 1.686
v 2.07608 -0.17367 1.686
v 1.38392 -0.17367 1.686
v 2.09338 -0.17367 1.74817
v 1.97225 -0.17367 1.74817
v 1.85113 -0.17367 1.74817
v 1.73 -0.17367 1.74817
v 1.60887 -0.17367 1.74817
v 1.48775 -0.17367 1.74817
v 1.36662 -0.17367 1.74817
v 2.12587 -0.224834 1.86116
v 1.94993 -0.224834 1.86116
v 1.86196 -0.224834 1.86116
v 2.0379 -0.224834 1.86116
v 1.77399 -0.224834 1.86116
v 1.68601 -0.224834 1.86116
v 1.59804 -0.224834 1.86116
v 1.4221 -0.224834 1.86116
v 1.33413 -0.224834 1.86116
v 1.51007 -0.224834 1.86116
v 2.18148 -0.201835 1.873
v 2.16096 -0.201835 1.873
v 2.14044 -0.201835 1.873
v 2.11992 -0.201835 1.873
v 2.03783 -0.201835 1.873
v 2.01731 -0.201835 1.873
v 2.07887 -0.201835 1.873
v 2.05835 -0.201835 1.873
v 2.0994 -0.201835 1.873
v 1.99679 -0.201835 1.873
v 1.97626 -0.201835 1.873
v 1.93522 -0.201835 1.873
v 1.9147 -0.201835 1.873
v 1.83261 -0.201835 1.873
v 1.81209 -0.201835 1.873
v 1.89418 -0.201835 1.873
v 1.87365 -0.201835 1.873
v 1.75052 -0.201835 1.873
v 1.73 -0.201835 1.873
v 1.64791 -0.201835 1.873
v 1.62739 -0.201835 1.873
v 1.68896 -0.201835 1.873
v 1.66843 -0.201835 1.873
v 1.79157 -0.201835 1.873
v 1.77104 -0.201835 1.873
v 1.5453 -0.201835 1.873
v 1.52478 -0.201835 1.873
v 1.58635 -0.201835 1.873
v 1.56582 -0.201835 1.873
v 1.95574 -0.201835 1.873
v 1.48374 -0.201835 1.873
v 1.46321 -0.201835 1.873
v 1.44269 -0.201835 1.873
v 1.42217 -0.201835 1.873
v 1.34008 -0.201835 1.873
v 1.31956 -0.201835 1.873
v 1.29904 -0.201835 1.873
v 1.27852 -0.201835 1.873
v 1.40165 -0.201835 1.873
v 1.38113 -0.201835 1.873
v 1.85313 -0.201835 1.873
v 1.70948 -0.201835 1.873
v 1.60687 -0.201835 1.873
v 1.50426 -0.201835 1.873
v 1.3606 -0.201835 1.873
v 1.93765 -0.17367 1.8605
v 1.79922 -0.17367 1.8605
v 1.66078 -0.17367 1.8605
v 1.52235 -0.17367 1.8605
v 2.07608 -0.17367 1.8605
v 1.38392 -0.17367 1.8605
v 2.09338 -0.17367 1.79833
v 1.85113 -0.17367 1.79833
v 1.97225 -0.17367 1.79833
v 1.73 -0.17367 1.79833
v 1.60887 -0.17367 1.79833
v 1.36662 -0.17367 1.79833
v 1.48775 -0.17367 1.79833
v 2.21451 -0.17367 1.99111
v 2.20201 -0.202002 1.88237
v 2.20201 -0.202002 1.90358
v 2.20201 -0.202002 1.9248
v 2.20201 -0.202002 1.94601
v 2.20201 -0.202002 1.96722
v 2.20201 -0.202002 1.98843
v 2.20201 -0.202002 2.00964
v 2.20201 -0.202002 2.03085
v 2.20201 -0.202002 2.05206
v 2.20201 -0.202002 2.07327
v 2.20201 -0.202002 2.09448
v 2.20201 -0.202002 2.11569
v 2.20201 -0.202002 2.1369
v 2.20201 -0.202002 2.15812
v 2.20201 -0.202002 2.17933
v 2.20201 -0.202002 2.20054
v 2.20201 -0.202002 2.22175
v 2.20201 -0.202002 2.24296
v 2.21384 -0.225001 1.9434
v 2.21384 -0.225001 2.01412
v 2.21384 -0.225001 2.08484
v 2.21384 -0.225001 2.15556
v 2.21384 -0.225001 2.22628
v 2.21384 -0.225001 1.87268
v 2.12587 -0.224834 2.26417
v 2.0379 -0.224834 2.26417
v 1.94993 -0.224834 2.26417
v 1.86196 -0.224834 2.26417
v 1.77399 -0.224834 2.26417
v 1.68601 -0.224834 2.26417
v 1.59804 -0.224834 2.26417
v 1.51007 -0.224834 2.26417
v 1.4221 -0.224834 2.26417
v 1.33413 -0.224834 2.26417
v 2.15232 -0.201835 2.25234
v 2.05295 -0.201835 2.25234
v 2.10264 -0.201835 2.25234
v 2.00327 -0.201835 2.25234
v 1.9039 -0.201835 2.25234
v 1.95358 -0.201835 2.25234
v 1.80453 -0.201835 2.25234
v 1.85421 -0.201835 2.25234
v 1.75484 -0.201835 2.25234
v 1.65547 -0.201835 2.25234
v 1.70516 -0.201835 2.25234
v 1.5561 -0.201835 2.25234
v 1.60579 -0.201835 2.25234
v 1.50642 -0.201835 2.25234
v 1.40705 -0.201835 2.25234
v 1.45673 -0.201835 2.25234
v 1.30768 -0.201835 2.25234
v 1.35736 -0.201835 2.25234
v 1.8915 -0.17367 2.25234
v 2.053 -0.17367 2.25234
v 1.73 -0.17367 2.25234
v 1.407 -0.17367 2.25234
v 1.5685 -0.17367 2.25234
v 2.09338 -0.17367 2.327
v 1.97225 -0.17367 2.327
v 1.85113 -0.17367 2.327
v 1.73 -0.17367 2.327
v 1.60887 -0.17367 2.327
v 1.48775 -0.17367 2.327
v 1.36662 -0.17367 2.327
v 1.24616 -0.225001 2.01412
v 1.24616 -0.225001 1.9434
v 1.24616 -0.225001 2.08484
v 1.24616 -0.225001 2.22628
v 1.24616 -0.225001 2.15556
v 1.24616 -0.225001 1.87268
v 1.24549 -0.17367 1.99111
v 1.24549 -0.17367 0.816425
v 1.24549 -0.17367 0.961355
v 1.24549 -0.17367 1.10628
v 1.24549 -0.17367 1.25121
v 1.24549 -0.17367 1.39614
v 1.24549 -0.17367 1.54107
v 1.25799 -0.202002 1.90358
v 1.25799 -0.202002 1.88237
v 1.25799 -0.202002 1.94601
v 1.25799 -0.202002 1.9248
v 1.25799 -0.202002 1.96722
v 1.25799 -0.202002 1.98843
v 1.25799 -0.202002 2.00964
v 1.25799 -0.202002 2.03085
v 1.25799 -0.202002 2.05206
v 1.25799 -0.202002 2.09448
v 1.25799 -0.202002 2.07327
v 1.25799 -0.202002 2.11569
v 1.25799 -0.202002 2.15812
v 1.25799 -0.202002 2.1369
v 1.25799 -0.202002 2.17933
v 1.25799 -0.202002 2.22175
v 1.25799 -0.202002 2.20054
v 1.25799 -0.202002 2.24296
v 1.25799 -0.202002 0.701527
v 1.25799 -0.202002 0.680595
v 1.25799 -0.202002 0.722459
v 1.25799 -0.202002 0.764323
v 1.25799 -0.202002 0.743391
v 1.25799 -0.202002 0.785255
v 1.25799 -0.202002 0.82712
v 1.25799 -0.202002 0.806187
v 1.25799 -0.202002 0.848052
v 1.25799 -0.202002 0.889916
v 1.25799 -0.202002 0.868984
v 1.25799 -0.202002 0.93178
v 1.25799 -0.202002 0.910848
v 1.25799 -0.202002 0.973644
v 1.25799 -0.202002 0.952712
v 1.25799 -0.202002 0.994577
v 1.25799 -0.202002 1.01551
v 1.25799 -0.202002 1.03644
v 1.25799 -0.202002 1.05737
v 1.25799 -0.202002 1.09924
v 1.25799 -0.202002 1.07831
v 1.25799 -0.202002 1.1411
v 1.25799 -0.202002 1.12017
v 1.25799 -0.202002 1.16203
v 1.25799 -0.202002 1.2039
v 1.25799 -0.202002 1.18297
v 1.25799 -0.202002 1.22483
v 1.25799 -0.202002 1.26669
v 1.25799 -0.202002 1.24576
v 1.25799 -0.202002 1.28763
v 1.25799 -0.202002 1.32949
v 1.25799 -0.202002 1.30856
v 1.25799 -0.202002 1.35042
v 1.25799 -0.202002 1.39229
v 1.25799 -0.202002 1.37135
v 1.25799 -0.202002 1.43415
v 1.25799 -0.202002 1.41322
v 1.25799 -0.202002 1.47602
v 1.25799 -0.202002 1.45508
v 1.25799 -0.202002 1.49695
v 1.25799 -0.202002 1.53881
v 1.25799 -0.202002 1.51788
v 1.25799 -0.202002 1.58068
v 1.25799 -0.202002 1.55974
v 1.25799 -0.202002 1.62254
v 1.25799 -0.202002 1.60161
v 1.25799 -0.202002 1.64347
v 1.25799 -0.202002 1.6644
v 1.24616 -0.225001 0.670509
v 1.24616 -0.225001 0.740353
v 1.24616 -0.225001 0.810197
v 1.24616 -0.225001 0.880041
v 1.24616 -0.225001 0.949885
v 1.24616 -0.225001 1.01973
v 1.24616 -0.225001 1.08957
v 1.24616 -0.225001 1.15942
v 1.24616 -0.225001 1.22926
v 1.24616 -0.225001 1.2991
v 1.24616 -0.225001 1.36895
v 1.24616 -0.225001 1.43879
v 1.24616 -0.225001 1.50864
v 1.24616 -0.225001 1.57848
v 1.24616 -0.225001 1.64832
v 2.21384 -0.225001 0.670509
v 2.21384 -0.225001 0.810197
v 2.21384 -0.225001 0.740353
v 2.21384 -0.225001 0.949885
v 2.21384 -0.225001 0.880041
v 2.21384 -0.225001 1.08957
v 2.21384 -0.225001 1.01973
v 2.21384 -0.225001 1.15942
v 2.21384 -0.225001 1.22926
v 2.21384 -0.225001 1.2991
v 2.21384 -0.225001 1.36895
v 2.21384 -0.225001 1.50864
v 2.21384 -0.225001 1.43879
v 2.21384 -0.225001 1.64832
v 2.21384 -0.225001 1.57848
v 1.1255 0.0336551 0.627493
v 1.1255 0.0336551 0.904967
v 1.1255 0.0336551 0.812476
v 1.1255 0.0336551 0.719984
v 1.1255 0.0336551 0.997459
v 1.1255 0.0336551 1.08995
v 1.1255 0.0336551 1.27493
v 1.1255 0.0336551 1.18244
v 1.1255 0.0336551 1.36743
v 1.1255 0.0336551 1.73739
v 1.1255 0.0336551 1.6449
v 1.1255 0.0336551 1.55241
v 1.1255 0.0336551 2.01487
v 1.1255 0.0336551 1.92237
v 1.1255 0.0336551 2.29234
v 1.1255 0.0336551 2.10736
v 1.1255 0.0336551 1.45992
v 1.1255 0.0336551 1.82988
v 1.1255 0.0336551 2.19985
v 1.18783 0.0336551 0.816367
v 1.18783 0.0336551 0.708184
v 1.18783 0.0336551 0.924551
v 1.18783 0.0336551 1.2491
v 1.18783 0.0336551 1.14092
v 1.18783 0.0336551 1.03273
v 1.18783 0.0336551 1.46547
v 1.18783 0.0336551 1.35729
v 1.18783 0.0336551 2.23953
v 1.18783 0.0336551 2.38483
v 1.18783 0.0336551 0.535001
v 1.18783 0.0336551 1.57365
v 1.18783 0.0336551 1.75992
v 1.18783 0.0336551 1.99861
v 1.18783 0.0336551 1.9183
v 1.18783 0.0336551 2.07892
v 1.18783 0.0336551 2.15922
v 2.3345 0.0336551 0.627493
v 2.3345 0.0336551 0.812476
v 2.3345 0.0336551 0.904967
v 2.3345 0.0336551 0.719984
v 2.3345 0.0336551 0.997459
v 2.3345 0.0336551 1.08995
v 2.3345 0.0336551 1.18244
v 2.3345 0.0336551 1.27493
v 2.3345 0.0336551 1.36743
v 2.3345 0.0336551 1.6449
v 2.3345 0.0336551 1.73739
v 2.3345 0.0336551 1.55241
v 2.3345 0.0336551 1.92237
v 2.3345 0.0336551 2.01487
v 2.3345 0.0336551 2.29234
v 2.3345 0.0336551 2.10736
v 2.3345 0.0336551 1.45992
v 2.3345 0.0336551 1.82988
v 2.3345 0.0336551 2.19985
v 2.27217 0.0336551 1.9183
v 2.27217 0.0336551 2.07892
v 2.27217 0.0336551 1.99861
v 2.27217 0.0336551 2.15922
v 2.27217 0.0336551 2.23953
v 2.2597 -0.0220093 1.88591
v 2.2597 -0.0220093 1.98308
v 2.2597 -0.0220093 1.9345
v 2.2597 -0.0220093 2.08025
v 2.2597 -0.0220093 2.03167
v 2.2597 -0.0220093 2.17742
v 2.2597 -0.0220093 2.12883
v 2.2597 -0.0220093 2.27458
v 2.2597 -0.0220093 2.226
v 1.24205 0.0336551 0.6
v 1.29626 0.0336551 0.6
v 1.35048 0.0336551 0.6
v 1.54928 0.0336551 0.535001
v 1.4047 0.0336551 0.6
v 2.27217 0.0336551 0.535001
v 1.89265 0.0336551 0.6
v 1.94687 0.0336551 0.6
v 1.45892 0.0336551 0.6
v 1.51313 0.0336551 0.6
v 1.56735 0.0336551 0.6
v 1.62157 0.0336551 0.6
v 1.67578 0.0336551 0.6
v 1.73 0.0336551 0.6
v 1.78422 0.0336551 0.6
v 1.83843 0.0336551 0.6
v 2.00108 0.0336551 0.6
v 2.0553 0.0336551 0.6
v 2.10952 0.0336551 0.6
v 2.16374 0.0336551 0.6
v 2.21795 0.0336551 0.6
v 1.22681 0.00415628 0.609831
v 1.2533 0.00415628 0.609831
v 1.27978 0.00415628 0.609831
v 1.30626 0.00415628 0.609831
v 1.33275 0.00415628 0.609831
v 1.35923 0.00415628 0.609831
v 1.38571 0.00415628 0.609831
v 1.4122 0.00415628 0.609831
v 1.43868 0.00415628 0.609831
v 1.46516 0.00415628 0.609831
v 1.49165 0.00415628 0.609831
v 1.51813 0.00415628 0.609831
v 1.54462 0.00415628 0.609831
v 1.5711 0.00415628 0.609831
v 1.59758 0.00415628 0.609831
v 1.62407 0.00415628 0.609831
v 1.65055 0.00415628 0.609831
v 1.67703 0.00415628 0.609831
v 1.70352 0.00415628 0.609831
v 1.73 0.00415628 0.609831
v 1.75648 0.00415628 0.609831
v 1.78297 0.00415628 0.609831
v 1.80945 0.00415628 0.609831
v 1.83593 0.00415628 0.609831
v 1.86242 0.00415628 0.609831
v 1.8889 0.00415628 0.609831
v 1.91538 0.00415628 0.609831
v 1.94187 0.00415628 0.609831
v 1.96835 0.00415628 0.609831
v 1.99484 0.00415628 0.609831
v 2.02132 0.00415628 0.609831
v 2.0478 0.00415628 0.609831
v 2.07429 0.00415628 0.609831
v 2.10077 0.00415628 0.609831
v 2.12725 0.00415628 0.609831
v 2.15374 0.00415628 0.609831
v 2.18022 0.00415628 0.609831
v 2.2067 0.00415628 0.609831
v 2.23319 0.00415628 0.609831
v 1.58055 -0.0371754 0.596665
v 1.68018 -0.0371754 0.596665
v 1.38129 -0.0371754 0.596665
v 1.48092 -0.0371754 0.596665
v 1.18203 -0.0371754 0.596665
v 1.28166 -0.0371754 0.596665
v 1.77982 -0.0371754 0.596665
v 1.87945 -0.0371754 0.596665
v 1.97908 -0.0371754 0.596665
v 2.07871 -0.0371754 0.596665
v 2.17834 -0.0371754 0.596665
v 2.27797 -0.0371754 0.596665
v 1.161 -0.0436751 1.78287
v 1.161 -0.0436751 1.75992
v 1.161 -0.0436751 1.73696
v 1.18945 -0.0436751 1.714
v 1.2179 -0.0436751 1.714
v 1.24635 -0.0436751 1.714
v 1.2748 -0.0436751 1.714
v 1.30325 -0.0436751 1.714
v 1.3317 -0.0436751 1.714
v 1.36015 -0.0436751 1.714
v 1.3886 -0.0436751 1.714
v 1.41705 -0.0436751 1.714
v 1.4455 -0.0436751 1.714
v 1.47395 -0.0436751 1.714
v 1.5024 -0.0436751 1.714
v 1.53085 -0.0436751 1.714
v 1.5593 -0.0436751 1.714
v 1.58775 -0.0436751 1.714
v 1.6162 -0.0436751 1.714
v 1.64465 -0.0436751 1.714
v 1.6731 -0.0436751 1.714
v 1.70155 -0.0436751 1.714
v 1.73 -0.0436751 1.714
v 1.75845 -0.0436751 1.714
v 1.7869 -0.0436751 1.714
v 1.81535 -0.0436751 1.714
v 1.8438 -0.0436751 1.714
v 1.87225 -0.0436751 1.714
v 1.9007 -0.0436751 1.714
v 1.92915 -0.0436751 1.714
v 1.9576 -0.0436751 1.714
v 1.98605 -0.0436751 1.714
v 2.0145 -0.0436751 1.714
v 2.04295 -0.0436751 1.714
v 2.0714 -0.0436751 1.714
v 2.09985 -0.0436751 1.714
v 2.1283 -0.0436751 1.714
v 2.15675 -0.0436751 1.714
v 2.1852 -0.0436751 1.714
v 2.21365 -0.0436751 1.714
v 2.2421 -0.0436751 1.714
v 2.27055 -0.0436751 1.714
v 2.299 -0.0436751 1.73696
v 2.299 -0.0436751 1.75992
v 1.18945 -0.0436751 1.80583
v 1.24635 -0.0436751 1.80583
v 1.2179 -0.0436751 1.80583
v 1.5024 -0.0436751 1.80583
v 1.47395 -0.0436751 1.80583
v 1.41705 -0.0436751 1.80583
v 1.3886 -0.0436751 1.80583
v 1.6162 -0.0436751 1.80583
v 1.58775 -0.0436751 1.80583
v 1.2748 -0.0436751 1.80583
v 1.70155 -0.0436751 1.80583
v 1.6731 -0.0436751 1.80583
v 1.30325 -0.0436751 1.80583
v 1.3317 -0.0436751 1.80583
v 1.36015 -0.0436751 1.80583
v 1.4455 -0.0436751 1.80583
v 1.5593 -0.0436751 1.80583
v 1.53085 -0.0436751 1.80583
v 1.64465 -0.0436751 1.80583
v 1.73 -0.0436751 1.80583
v 1.75845 -0.0436751 1.80583
v 1.9007 -0.0436751 1.80583
v 1.87225 -0.0436751 1.80583
v 1.98605 -0.0436751 1.80583
v 1.9576 -0.0436751 1.80583
v 1.7869 -0.0436751 1.80583
v 1.8438 -0.0436751 1.80583
v 1.81535 -0.0436751 1.80583
v 2.0714 -0.0436751 1.80583
v 2.04295 -0.0436751 1.80583
v 2.299 -0.0436751 1.78287
v 2.2421 -0.0436751 1.80583
v 2.21365 -0.0436751 1.80583
v 1.92915 -0.0436751 1.80583
v 2.0145 -0.0436751 1.80583
v 2.1283 -0.0436751 1.80583
v 2.09985 -0.0436751 1.80583
v 2.1852 -0.0436751 1.80583
v 2.15675 -0.0436751 1.80583
v 2.27055 -0.0436751 1.80583
v 2.27217 0.0336551 0.708184
v 2.27217 0.0336551 0.816367
v 2.27217 0.0336551 0.924551
v 2.27217 0.0336551 1.14092
v 2.27217 0.0336551 1.2491
v 2.27217 0.0336551 1.03273
v 2.27217 0.0336551 1.35729
v 2.27217 0.0336551 1.46547
v 2.27217 0.0336551 2.38483
v 2.27217 0.0336551 1.57365
v 2.27217 0.0336551 1.75992
v 2.25967 0.00415628 0.636319
v 2.25967 0.00415628 0.662807
v 2.25967 0.00415628 0.689294
v 2.25967 0.00415628 0.715782
v 2.25967 0.00415628 0.74227
v 2.25967 0.00415628 0.768757
v 2.25967 0.00415628 0.795245
v 2.25967 0.00415628 0.821732
v 2.25967 0.00415628 0.84822
v 2.25967 0.00415628 0.874708
v 2.25967 0.00415628 0.901195
v 2.25967 0.00415628 0.927683
v 2.25967 0.00415628 0.954171
v 2.25967 0.00415628 0.980658
v 2.25967 0.00415628 1.00715
v 2.25967 0.00415628 1.03363
v 2.25967 0.00415628 1.06012
v 2.25967 0.00415628 1.08661
v 2.25967 0.00415628 1.1131
v 2.25967 0.00415628 1.13958
v 2.25967 0.00415628 1.16607
v 2.25967 0.00415628 1.19256
v 2.25967 0.00415628 1.21905
v 2.25967 0.00415628 1.24553
v 2.25967 0.00415628 1.27202
v 2.25967 0.00415628 1.29851
v 2.25967 0.00415628 1.325
v 2.25967 0.00415628 1.35149
v 2.25967 0.00415628 1.37797
v 2.25967 0.00415628 1.40446
v 2.25967 0.00415628 1.43095
v 2.25967 0.00415628 1.45744
v 2.25967 0.00415628 1.48392
v 2.25967 0.00415628 1.51041
v 2.25967 0.00415628 1.5369
v 2.25967 0.00415628 1.56339
v 2.25967 0.00415628 1.58987
v 2.25967 0.00415628 1.61636
v 2.25967 0.00415628 1.64285
v 2.2597 -0.0220093 0.648372
v 2.2597 -0.0220093 0.700078
v 2.2597 -0.0220093 0.751785
v 2.2597 -0.0220093 0.803491
v 2.2597 -0.0220093 0.906905
v 2.2597 -0.0220093 0.958611
v 2.2597 -0.0220093 0.855198
v 2.2597 -0.0220093 1.01032
v 2.2597 -0.0220093 1.06202
v 2.2597 -0.0220093 1.11373
v 2.2597 -0.0220093 1.16544
v 2.2597 -0.0220093 1.21714
v 2.2597 -0.0220093 1.26885
v 2.2597 -0.0220093 1.32056
v 2.2597 -0.0220093 1.42397
v 2.2597 -0.0220093 1.47568
v 2.2597 -0.0220093 1.52738
v 2.2597 -0.0220093 1.57909
v 2.2597 -0.0220093 1.6308
v 2.2597 -0.0220093 1.37226
v 1.38129 -0.0371754 1.83733
v 1.28166 -0.0371754 1.83733
v 1.18203 -0.0371754 1.83733
v 1.48092 -0.0371754 1.83733
v 1.58055 -0.0371754 1.83733
v 1.68018 -0.0371754 1.83733
v 1.87945 -0.0371754 1.83733
v 1.77982 -0.0371754 1.83733
v 1.97908 -0.0371754 1.83733
v 2.17834 -0.0371754 1.83733
v 2.07871 -0.0371754 1.83733
v 2.27797 -0.0371754 1.83733
v 1.36855 0.0336551 1.77567
v 1.45892 0.0336551 1.77567
v 1.54928 0.0336551 1.77567
v 1.27819 0.0336551 1.77567
v 1.63964 0.0336551 1.77567
v 1.73 0.0336551 1.77567
v 1.82036 0.0336551 1.77567
v 1.91072 0.0336551 1.77567
v 2.00108 0.0336551 1.77567
v 2.09145 0.0336551 1.77567
v 2.18181 0.0336551 1.77567
v 1.29626 0.0336551 1.838
v 1.4047 0.0336551 1.838
v 1.51313 0.0336551 1.838
v 1.62157 0.0336551 1.838
v 1.73 0.0336551 1.838
v 1.83843 0.0336551 1.838
v 1.94687 0.0336551 1.838
v 2.0553 0.0336551 1.838
v 2.16374 0.0336551 1.838
v 1.22681 0.00415628 1.8505
v 1.2533 0.00415628 1.8505
v 1.27978 0.00415628 1.8505
v 1.30626 0.00415628 1.8505
v 1.33275 0.00415628 1.8505
v 1.35923 0.00415628 1.8505
v 1.38571 0.00415628 1.8505
v 1.4122 0.00415628 1.8505
v 1.43868 0.00415628 1.8505
v 1.46516 0.00415628 1.8505
v 1.49165 0.00415628 1.8505
v 1.51813 0.00415628 1.8505
v 1.54462 0.00415628 1.8505
v 1.5711 0.00415628 1.8505
v 1.59758 0.00415628 1.8505
v 1.62407 0.00415628 1.8505
v 1.65055 0.00415628 1.8505
v 1.67703 0.00415628 1.8505
v 1.70352 0.00415628 1.8505
v 1.73 0.00415628 1.8505
v 1.75648 0.00415628 1.8505
v 1.78297 0.00415628 1.8505
v 1.80945 0.00415628 1.8505
v 1.83593 0.00415628 1.8505
v 1.86242 0.00415628 1.8505
v 1.8889 0.00415628 1.8505
v 1.91538 0.00415628 1.8505
v 1.94187 0.00415628 1.8505
v 1.96835 0.00415628 1.8505
v 1.99484 0.00415628 1.8505
v 2.02132 0.00415628 1.8505
v 2.0478 0.00415628 1.8505
v 2.07429 0.00415628 1.8505
v 2.10077 0.00415628 1.8505
v 2.12725 0.00415628 1.8505
v 2.15374 0.00415628 1.8505
v 2.18022 0.00415628 1.8505
v 2.2067 0.00415628 1.8505
v 2.23319 0.00415628 1.8505
v 1.28166 -0.0371754 1.6825
v 1.38129 -0.0371754 1.6825
v 1.18203 -0.0371754 1.6825
v 1.48092 -0.0371754 1.6825
v 1.58055 -0.0371754 1.6825
v 1.68018 -0.0371754 1.6825
v 1.77982 -0.0371754 1.6825
v 1.87945 -0.0371754 1.6825
v 1.97908 -0.0371754 1.6825
v 2.07871 -0.0371754 1.6825
v 2.17834 -0.0371754 1.6825
v 2.27797 -0.0371754 1.6825
v 1.45892 0.0336551 1.74417
v 1.36855 0.0336551 1.74417
v 1.54928 0.0336551 1.74417
v 1.27819 0.0336551 1.74417
v 1.63964 0.0336551 1.74417
v 1.73 0.0336551 1.74417
v 1.91072 0.0336551 1.74417
v 1.82036 0.0336551 1.74417
v 2.09145 0.0336551 1.74417
v 2.00108 0.0336551 1.74417
v 2.18181 0.0336551 1.74417
v 1.29626 0.0336551 1.68184
v 1.4047 0.0336551 1.68184
v 1.51313 0.0336551 1.68184
v 1.62157 0.0336551 1.68184
v 1.73 0.0336551 1.68184
v 1.83843 0.0336551 1.68184
v 1.94687 0.0336551 1.68184
v 2.0553 0.0336551 1.68184
v 2.16374 0.0336551 1.68184
v 1.22681 0.00415628 1.66934
v 1.27978 0.00415628 1.66934
v 1.2533 0.00415628 1.66934
v 1.30626 0.00415628 1.66934
v 1.35923 0.00415628 1.66934
v 1.33275 0.00415628 1.66934
v 1.4122 0.00415628 1.66934
v 1.38571 0.00415628 1.66934
v 1.43868 0.00415628 1.66934
v 1.49165 0.00415628 1.66934
v 1.46516 0.00415628 1.66934
v 1.54462 0.00415628 1.66934
v 1.51813 0.00415628 1.66934
v 1.5711 0.00415628 1.66934
v 1.62407 0.00415628 1.66934
v 1.59758 0.00415628 1.66934
v 1.67703 0.00415628 1.66934
v 1.65055 0.00415628 1.66934
v 1.70352 0.00415628 1.66934
v 1.75648 0.00415628 1.66934
v 1.73 0.00415628 1.66934
v 1.80945 0.00415628 1.66934
v 1.78297 0.00415628 1.66934
v 1.83593 0.00415628 1.66934
v 1.8889 0.00415628 1.66934
v 1.86242 0.00415628 1.66934
v 1.94187 0.00415628 1.66934
v 1.91538 0.00415628 1.66934
v 1.96835 0.00415628 1.66934
v 2.02132 0.00415628 1.66934
v 1.99484 0.00415628 1.66934
v 2.07429 0.00415628 1.66934
v 2.0478 0.00415628 1.66934
v 2.10077 0.00415628 1.66934
v 2.15374 0.00415628 1.66934
v 2.12725 0.00415628 1.66934
v 2.18022 0.00415628 1.66934
v 2.23319 0.00415628 1.66934
v 2.2067 0.00415628 1.66934
v 2.25967 0.00415628 1.87602
v 2.25967 0.00415628 1.90155
v 2.25967 0.00415628 1.92708
v 2.25967 0.00415628 1.95261
v 2.25967 0.00415628 1.97814
v 2.25967 0.00415628 2.00366
v 2.25967 0.00415628 2.02919
v 2.25967 0.00415628 2.05472
v 2.25967 0.00415628 2.08025
v 2.25967 0.00415628 2.10578
v 2.25967 0.00415628 2.13131
v 2.25967 0.00415628 2.15683
v 2.25967 0.00415628 2.18236
v 2.25967 0.00415628 2.20789
v 2.25967 0.00415628 2.23342
v 2.25967 0.00415628 2.25895
v 2.25967 0.00415628 2.28447
v 1.28166 -0.0371754 2.32317
v 1.38129 -0.0371754 2.32317
v 1.18203 -0.0371754 2.32317
v 1.48092 -0.0371754 2.32317
v 1.58055 -0.0371754 2.32317
v 1.68018 -0.0371754 2.32317
v 1.77982 -0.0371754 2.32317
v 1.87945 -0.0371754 2.32317
v 1.97908 -0.0371754 2.32317
v 2.07871 -0.0371754 2.32317
v 2.17834 -0.0371754 2.32317
v 2.27797 -0.0371754 2.32317
v 1.22681 0.00415628 2.31
v 1.27978 0.00415628 2.31
v 1.2533 0.00415628 2.31
v 1.30626 0.00415628 2.31
v 1.35923 0.00415628 2.31
v 1.33275 0.00415628 2.31
v 1.4122 0.00415628 2.31
v 1.38571 0.00415628 2.31
v 1.43868 0.00415628 2.31
v 1.49165 0.00415628 2.31
v 1.46516 0.00415628 2.31
v 1.54462 0.00415628 2.31
v 1.51813 0.00415628 2.31
v 1.5711 0.00415628 2.31
v 1.62407 0.00415628 2.31
v 1.59758 0.00415628 2.31
v 1.67703 0.00415628 2.31
v 1.65055 0.00415628 2.31
v 1.70352 0.00415628 2.31
v 1.75648 0.00415628 2.31
v 1.73 0.00415628 2.31
v 1.80945 0.00415628 2.31
v 1.78297 0.00415628 2.31
v 1.83593 0.00415628 2.31
v 1.8889 0.00415628 2.31
v 1.86242 0.00415628 2.31
v 1.94187 0.00415628 2.31
v 1.91538 0.00415628 2.31
v 1.96835 0.00415628 2.31
v 2.02132 0.00415628 2.31
v 1.99484 0.00415628 2.31
v 2.07429 0.00415628 2.31
v 2.0478 0.00415628 2.31
v 2.10077 0.00415628 2.31
v 2.15374 0.00415628 2.31
v 2.12725 0.00415628 2.31
v 2.18022 0.00415628 2.31
v 2.23319 0.00415628 2.31
v 2.2067 0.00415628 2.31
v 1.28641 0.0336551 2.31983
v 1.38498 0.0336551 2.31983
v 1.48356 0.0336551 2.31983
v 1.58214 0.0336551 2.31983
v 1.68071 0.0336551 2.31983
v 1.77929 0.0336551 2.31983
v 1.87786 0.0336551 2.31983
v 1.97644 0.0336551 2.31983
v 2.07502 0.0336551 2.31983
v 2.17359 0.0336551 2.31983
v 1.54928 0.0336551 2.38483
v 1.91072 0.0336551 2.38483
v 1.20033 0.00415628 1.87602
v 1.20033 0.00415628 1.92708
v 1.20033 0.00415628 1.90155
v 1.20033 0.00415628 1.97814
v 1.20033 0.00415628 1.95261
v 1.20033 0.00415628 2.02919
v 1.20033 0.00415628 2.00366
v 1.20033 0.00415628 2.05472
v 1.20033 0.00415628 2.10578
v 1.20033 0.00415628 2.08025
v 1.20033 0.00415628 2.15683
v 1.20033 0.00415628 2.13131
v 1.20033 0.00415628 2.18236
v 1.20033 0.00415628 2.23342
v 1.20033 0.00415628 2.20789
v 1.20033 0.00415628 2.28447
v 1.20033 0.00415628 2.25895
v 1.20033 0.00415628 0.635673
v 1.20033 0.00415628 0.687356
v 1.20033 0.00415628 0.661515
v 1.20033 0.00415628 0.713198
v 1.20033 0.00415628 0.764881
v 1.20033 0.00415628 0.739039
v 1.20033 0.00415628 0.816564
v 1.20033 0.00415628 0.790723
v 1.20033 0.00415628 0.842406
v 1.20033 0.00415628 0.894089
v 1.20033 0.00415628 0.868247
v 1.20033 0.00415628 0.945772
v 1.20033 0.00415628 0.919931
v 1.20033 0.00415628 0.971614
v 1.20033 0.00415628 1.0233
v 1.20033 0.00415628 0.997455
v 1.20033 0.00415628 1.04914
v 1.20033 0.00415628 1.10082
v 1.20033 0.00415628 1.07498
v 1.20033 0.00415628 1.12666
v 1.20033 0.00415628 1.17835
v 1.20033 0.00415628 1.1525
v 1.20033 0.00415628 1.23003
v 1.20033 0.00415628 1.20419
v 1.20033 0.00415628 1.25587
v 1.20033 0.00415628 1.30755
v 1.20033 0.00415628 1.28171
v 1.20033 0.00415628 1.35924
v 1.20033 0.00415628 1.3334
v 1.20033 0.00415628 1.38508
v 1.20033 0.00415628 1.43676
v 1.20033 0.00415628 1.41092
v 1.20033 0.00415628 1.48845
v 1.20033 0.00415628 1.4626
v 1.20033 0.00415628 1.51429
v 1.20033 0.00415628 1.56597
v 1.20033 0.00415628 1.54013
v 1.20033 0.00415628 1.59181
v 1.20033 0.00415628 1.6435
v 1.20033 0.00415628 1.61765
v 1.2003 -0.0220093 1.88591
v 1.2003 -0.0220093 1.98308
v 1.2003 -0.0220093 1.9345
v 1.2003 -0.0220093 2.03167
v 1.2003 -0.0220093 2.12883
v 1.2003 -0.0220093 2.08025
v 1.2003 -0.0220093 2.17742
v 1.2003 -0.0220093 2.27458
v 1.2003 -0.0220093 2.226
v 1.2003 -0.0220093 0.653815
v 1.2003 -0.0220093 0.768113
v 1.2003 -0.0220093 0.710964
v 1.2003 -0.0220093 0.825263
v 1.2003 -0.0220093 0.939561
v 1.2003 -0.0220093 0.882412
v 1.2003 -0.0220093 1.05386
v 1.2003 -0.0220093 0.996711
v 1.2003 -0.0220093 1.11101
v 1.2003 -0.0220093 1.22531
v 1.2003 -0.0220093 1.16816
v 1.2003 -0.0220093 1.33961
v 1.2003 -0.0220093 1.28246
v 1.2003 -0.0220093 1.39676
v 1.2003 -0.0220093 1.51105
v 1.2003 -0.0220093 1.45391
v 1.2003 -0.0220093 1.62535
v 1.2003 -0.0220093 1.5682
v 2.30433 -0.0438418 0.628354
v 2.30433 -0.0438418 0.651139
v 2.30433 -0.0438418 0.60557
v 2.30433 -0.0438418 0.673924
v 2.30433 -0.0438418 0.696709
v 2.30433 -0.0438418 0.742278
v 2.30433 -0.0438418 0.765063
v 2.30433 -0.0438418 0.787848
v 2.30433 -0.0438418 0.719494
v 2.30433 -0.0438418 0.833418
v 2.30433 -0.0438418 0.856203
v 2.30433 -0.0438418 0.878987
v 2.30433 -0.0438418 0.901772
v 2.30433 -0.0438418 0.924557
v 2.30433 -0.0438418 0.947342
v 2.30433 -0.0438418 0.970127
v 2.30433 -0.0438418 0.992911
v 2.30433 -0.0438418 1.03848
v 2.30433 -0.0438418 1.06127
v 2.30433 -0.0438418 1.08405
v 2.30433 -0.0438418 1.0157
v 2.30433 -0.0438418 0.810633
v 2.30433 -0.0438418 1.10684
v 2.30433 -0.0438418 1.12962
v 2.30433 -0.0438418 1.15241
v 2.30433 -0.0438418 1.17519
v 2.30433 -0.0438418 1.19797
v 2.30433 -0.0438418 1.22076
v 2.30433 -0.0438418 1.26633
v 2.30433 -0.0438418 1.28911
v 2.30433 -0.0438418 1.3119
v 2.30433 -0.0438418 1.24354
v 2.30433 -0.0438418 1.35747
v 2.30433 -0.0438418 1.38025
v 2.30433 -0.0438418 1.40304
v 2.30433 -0.0438418 1.42582
v 2.30433 -0.0438418 1.44861
v 2.30433 -0.0438418 1.33468
v 2.30433 -0.0438418 1.47139
v 2.30433 -0.0438418 1.49418
v 2.30433 -0.0438418 1.51696
v 2.30433 -0.0438418 1.53975
v 2.30433 -0.0438418 1.58532
v 2.30433 -0.0438418 1.6081
v 2.30433 -0.0438418 1.56253
v 2.30433 -0.0438418 1.63089
v 2.30433 -0.0438418 1.65367
v 2.30433 -0.0438418 1.69924
v 2.30433 -0.0438418 1.72203
v 2.30433 -0.0438418 1.74481
v 2.30433 -0.0438418 1.67646
v 2.30433 -0.0438418 1.79038
v 2.30433 -0.0438418 1.81316
v 2.30433 -0.0438418 1.83595
v 2.30433 -0.0438418 1.85873
v 2.30433 -0.0438418 1.88152
v 2.30433 -0.0438418 1.92709
v 2.30433 -0.0438418 1.94987
v 2.30433 -0.0438418 1.97266
v 2.30433 -0.0438418 1.99544
v 2.30433 -0.0438418 2.01823
v 2.30433 -0.0438418 2.04101
v 2.30433 -0.0438418 1.9043
v 2.30433 -0.0438418 1.76759
v 2.30433 -0.0438418 2.0638
v 2.30433 -0.0438418 2.08658
v 2.30433 -0.0438418 2.13215
v 2.30433 -0.0438418 2.15494
v 2.30433 -0.0438418 2.17772
v 2.30433 -0.0438418 2.10937
v 2.30433 -0.0438418 2.22329
v 2.30433 -0.0438418 2.24608
v 2.30433 -0.0438418 2.26886
v 2.30433 -0.0438418 2.29165
v 2.30433 -0.0438418 2.20051
v 2.30433 -0.0438418 0.582785
v 2.30433 -0.0438418 2.31443
v 2.30433 -0.0438418 2.33722
v 1.31666 -0.251 2.297
v 1.42 -0.251 2.297
v 1.52333 -0.251 2.297
v 1.62667 -0.251 2.297
v 1.73 -0.251 2.297
v 1.83333 -0.251 2.297
v 1.93667 -0.251 2.297
v 2.04 -0.251 2.297
v 2.14334 -0.251 2.297
v 1.26828 -0.0436751 2.35483
v 1.24576 -0.0436751 2.35483
v 1.31333 -0.0436751 2.35483
v 1.2908 -0.0436751 2.35483
v 1.38089 -0.0436751 2.35483
v 1.35837 -0.0436751 2.35483
v 1.40342 -0.0436751 2.35483
v 1.33585 -0.0436751 2.35483
v 1.47099 -0.0436751 2.35483
v 1.44846 -0.0436751 2.35483
v 1.51603 -0.0436751 2.35483
v 1.49351 -0.0436751 2.35483
v 1.53856 -0.0436751 2.35483
v 1.60612 -0.0436751 2.35483
v 1.5836 -0.0436751 2.35483
v 1.65117 -0.0436751 2.35483
v 1.62865 -0.0436751 2.35483
v 1.69622 -0.0436751 2.35483
v 1.67369 -0.0436751 2.35483
v 1.56108 -0.0436751 2.35483
v 1.42594 -0.0436751 2.35483
v 1.71874 -0.0436751 2.35483
v 1.74126 -0.0436751 2.35483
v 1.78631 -0.0436751 2.35483
v 1.76378 -0.0436751 2.35483
v 1.8764 -0.0436751 2.35483
v 1.85388 -0.0436751 2.35483
v 1.94397 -0.0436751 2.35483
v 1.92145 -0.0436751 2.35483
v 1.96649 -0.0436751 2.35483
v 1.89892 -0.0436751 2.35483
v 1.83135 -0.0436751 2.35483
v 1.80883 -0.0436751 2.35483
v 2.01154 -0.0436751 2.35483
v 1.98901 -0.0436751 2.35483
v 2.07911 -0.0436751 2.35483
v 2.05658 -0.0436751 2.35483
v 2.10163 -0.0436751 2.35483
v 2.03406 -0.0436751 2.35483
v 2.1692 -0.0436751 2.35483
v 2.14667 -0.0436751 2.35483
v 2.21424 -0.0436751 2.35483
v 2.19172 -0.0436751 2.35483
v 2.12415 -0.0436751 2.35483
v 1.20071 -0.0436751 2.35483
v 1.17819 -0.0436751 2.35483
v 1.22323 -0.0436751 2.35483
v 2.28181 -0.0436751 2.35483
v 2.25929 -0.0436751 2.35483
v 2.23677 -0.0436751 2.35483
v 1.17021 -0.0436751 0.565166
v 1.19929 -0.0436751 0.565166
v 1.18475 -0.0436751 0.565166
v 1.22837 -0.0436751 0.565166
v 1.21383 -0.0436751 0.565166
v 1.25745 -0.0436751 0.565166
v 1.24291 -0.0436751 0.565166
v 1.28653 -0.0436751 0.565166
v 1.27199 -0.0436751 0.565166
v 1.31561 -0.0436751 0.565166
v 1.30107 -0.0436751 0.565166
v 1.34469 -0.0436751 0.565166
v 1.33015 -0.0436751 0.565166
v 1.37377 -0.0436751 0.565166
v 1.35923 -0.0436751 0.565166
v 1.40285 -0.0436751 0.565166
v 1.38831 -0.0436751 0.565166
v 1.43193 -0.0436751 0.565166
v 1.41739 -0.0436751 0.565166
v 1.46101 -0.0436751 0.565166
v 1.44647 -0.0436751 0.565166
v 1.49009 -0.0436751 0.565166
v 1.47555 -0.0436751 0.565166
v 1.51917 -0.0436751 0.565166
v 1.50463 -0.0436751 0.565166
v 1.54825 -0.0436751 0.565166
v 1.53371 -0.0436751 0.565166
v 1.57733 -0.0436751 0.565166
v 1.56279 -0.0436751 0.565166
v 1.60641 -0.0436751 0.565166
v 1.59187 -0.0436751 0.565166
v 1.62095 -0.0436751 0.565166
v 1.65003 -0.0436751 0.565166
v 1.63549 -0.0436751 0.565166
v 1.67911 -0.0436751 0.565166
v 1.66457 -0.0436751 0.565166
v 1.70819 -0.0436751 0.565166
v 1.69365 -0.0436751 0.565166
v 1.73727 -0.0436751 0.565166
v 1.72273 -0.0436751 0.565166
v 1.76635 -0.0436751 0.565166
v 1.75181 -0.0436751 0.565166
v 1.79543 -0.0436751 0.565166
v 1.78089 -0.0436751 0.565166
v 1.82451 -0.0436751 0.565166
v 1.80997 -0.0436751 0.565166
v 1.85359 -0.0436751 0.565166
v 1.83905 -0.0436751 0.565166
v 1.88267 -0.0436751 0.565166
v 1.86813 -0.0436751 0.565166
v 1.91175 -0.0436751 0.565166
v 1.89721 -0.0436751 0.565166
v 1.94083 -0.0436751 0.565166
v 1.92629 -0.0436751 0.565166
v 1.96991 -0.0436751 0.565166
v 1.95537 -0.0436751 0.565166
v 1.99899 -0.0436751 0.565166
v 1.98445 -0.0436751 0.565166
v 2.02807 -0.0436751 0.565166
v 2.01353 -0.0436751 0.565166
v 2.05715 -0.0436751 0.565166
v 2.04261 -0.0436751 0.565166
v 2.08623 -0.0436751 0.565166
v 2.07169 -0.0436751 0.565166
v 2.10077 -0.0436751 0.565166
v 2.12985 -0.0436751 0.565166
v 2.11531 -0.0436751 0.565166
v 2.15893 -0.0436751 0.565166
v 2.14439 -0.0436751 0.565166
v 2.17347 -0.0436751 0.565166
v 2.18801 -0.0436751 0.565166
v 2.20255 -0.0436751 0.565166
v 2.21709 -0.0436751 0.565166
v 2.24617 -0.0436751 0.565166
v 2.23163 -0.0436751 0.565166
v 2.27525 -0.0436751 0.565166
v 2.26071 -0.0436751 0.565166
v 2.28979 -0.0436751 0.565166
v 1.42 -0.251 0.600665
v 1.31666 -0.251 0.600665
v 1.52333 -0.251 0.600665
v 1.62667 -0.251 0.600665
v 1.73 -0.251 0.600665
v 2.04 -0.251 0.600665
v 1.93667 -0.251 0.600665
v 2.14334 -0.251 0.600665
v 1.83333 -0.251 0.600665
v 1.15567 -0.0438418 0.651139
v 1.15567 -0.0438418 0.628354
v 1.15567 -0.0438418 0.60557
v 1.15567 -0.0438418 0.696709
v 1.15567 -0.0438418 0.673924
v 1.15567 -0.0438418 0.765063
v 1.15567 -0.0438418 0.742278
v 1.15567 -0.0438418 0.787848
v 1.15567 -0.0438418 0.719494
v 1.15567 -0.0438418 0.856203
v 1.15567 -0.0438418 0.833418
v 1.15567 -0.0438418 0.901772
v 1.15567 -0.0438418 0.878987
v 1.15567 -0.0438418 0.947342
v 1.15567 -0.0438418 0.924557
v 1.15567 -0.0438418 0.992911
v 1.15567 -0.0438418 0.970127
v 1.15567 -0.0438418 1.06127
v 1.15567 -0.0438418 1.03848
v 1.15567 -0.0438418 1.08405
v 1.15567 -0.0438418 1.0157
v 1.15567 -0.0438418 0.810633
v 1.15567 -0.0438418 1.12962
v 1.15567 -0.0438418 1.10684
v 1.15567 -0.0438418 1.17519
v 1.15567 -0.0438418 1.15241
v 1.15567 -0.0438418 1.19797
v 1.15567 -0.0438418 1.22076
v 1.15567 -0.0438418 1.28911
v 1.15567 -0.0438418 1.26633
v 1.15567 -0.0438418 1.3119
v 1.15567 -0.0438418 1.24354
v 1.15567 -0.0438418 1.38025
v 1.15567 -0.0438418 1.35747
v 1.15567 -0.0438418 1.42582
v 1.15567 -0.0438418 1.40304
v 1.15567 -0.0438418 1.44861
v 1.15567 -0.0438418 1.33468
v 1.15567 -0.0438418 1.49418
v 1.15567 -0.0438418 1.47139
v 1.15567 -0.0438418 1.53975
v 1.15567 -0.0438418 1.51696
v 1.15567 -0.0438418 1.6081
v 1.15567 -0.0438418 1.58532
v 1.15567 -0.0438418 1.56253
v 1.15567 -0.0438418 1.65367
v 1.15567 -0.0438418 1.63089
v 1.15567 -0.0438418 1.72203
v 1.15567 -0.0438418 1.69924
v 1.15567 -0.0438418 1.74481
v 1.15567 -0.0438418 1.67646
v 1.15567 -0.0438418 1.81316
v 1.15567 -0.0438418 1.79038
v 1.15567 -0.0438418 1.85873
v 1.15567 -0.0438418 1.83595
v 1.15567 -0.0438418 1.88152
v 1.15567 -0.0438418 1.94987
v 1.15567 -0.0438418 1.92709
v 1.15567 -0.0438418 1.99544
v 1.15567 -0.0438418 1.97266
v 1.15567 -0.0438418 2.04101
v 1.15567 -0.0438418 2.01823
v 1.15567 -0.0438418 1.9043
v 1.15567 -0.0438418 1.76759
v 1.15567 -0.0438418 2.08658
v 1.15567 -0.0438418 2.0638
v 1.15567 -0.0438418 2.15494
v 1.15567 -0.0438418 2.13215
v 1.15567 -0.0438418 2.17772
v 1.15567 -0.0438418 2.10937
v 1.15567 -0.0438418 2.24608
v 1.15567 -0.0438418 2.22329
v 1.15567 -0.0438418 2.29165
v 1.15567 -0.0438418 2.26886
v 1.15567 -0.0438418 2.20051
v 1.15567 -0.0438418 0.582785
v 1.15567 -0.0438418 2.33722
v 1.15567 -0.0438418 2.31443
v 2.1857 -0.17367 0.596832
v 2.09456 -0.17367 0.596832
v 2.00342 -0.17367 0.596832
v 1.91228 -0.17367 0.596832
v 1.82114 -0.17367 0.596832
v 1.73 -0.17367 0.596832
v 1.63886 -0.17367 0.596832
v 1.54772 -0.17367 0.596832
v 1.45658 -0.17367 0.596832
v 1.36544 -0.17367 0.596832
v 1.2743 -0.17367 0.596832
v 2.458 0.0126559 0.56
v 2.458 0.0126559 0.786312
v 2.458 0.0126559 1.01262
v 2.458 0.0126559 1.23894
v 2.458 0.0126559 1.46525
v 2.458 0.0126559 1.69156
v 2.458 -0.3 1.8145
v 2.458 -0.3 1.1055
v 2.458 0.0126559 1.91787
v 2.458 0.0126559 2.14419
v 2.458 0.0126559 2.3705
v 2.403 -0.3 0.694592
v 2.403 -0.3 0.864683
v 2.403 -0.3 1.03477
v 2.403 -0.3 1.20486
v 2.403 -0.3 1.37495
v 2.403 -0.3 1.54505
v 2.403 -0.3 1.71514
v 2.403 -0.3 1.88523
v 2.403 -0.3 2.05532
v 2.403 -0.3 2.22541
v 1.057 -0.3 0.864683
v 1.057 -0.3 0.694592
v 1.057 -0.3 1.03477
v 1.057 -0.3 1.37495
v 1.057 -0.3 1.20486
v 1.057 -0.3 1.71514
v 1.057 -0.3 1.54505
v 1.057 -0.3 1.88523
v 1.057 -0.3 2.05532
v 1.057 -0.3 2.22541
v 1.002 0.0126559 0.56
v 1.002 0.0126559 0.786312
v 1.002 0.0126559 1.46525
v 1.002 0.0126559 1.23894
v 1.002 -0.3 1.1055
v 1.002 -0.3 1.8145
v 1.002 0.0126559 1.01262
v 1.002 0.0126559 2.3705
v 1.002 0.0126559 2.14419
v 1.002 0.0126559 1.69156
v 1.002 0.0126559 1.91787
v 1.834 0.0126559 0.396501
v 2.042 0.0126559 0.396501
v 2.25 0.0126559 0.396501
v 1.626 0.0126559 0.396501
v 1.418 0.0126559 0.396501
v 1.21 0.0126559 0.396501
v 2.25 0.0126559 2.5235
v 1.73 -0.3 2.5235
v 1.418 0.0126559 2.5235
v 1.21 0.0126559 2.5235
v 2.042 0.0126559 2.5235
v 1.834 0.0126559 2.5235
v 1.626 0.0126559 2.5235
v 1.057 -0.251167 1.46525
v 2.27347 -0.251 0.56
v 2.27421 -0.251 0.56
v 2.27496 -0.251 0.56
v 2.27645 -0.251 0.56
v 2.27719 -0.251 0.56
v 2.2757 -0.251 0.56
v 2.27273 -0.251 0.56
v 2.269 -0.251 0.56
v 2.26975 -0.251 0.56
v 2.26826 -0.251 0.56
v 2.27198 -0.251 0.56
v 2.27124 -0.251 0.56
v 2.27049 -0.251 0.56
v 2.27794 -0.251 0.56
v 2.28464 -0.251 0.56
v 2.28538 -0.251 0.56
v 2.28613 -0.251 0.56
v 2.28761 -0.251 0.56
v 2.28836 -0.251 0.56
v 2.28687 -0.251 0.56
v 2.28389 -0.251 0.56
v 2.28017 -0.251 0.56
v 2.28091 -0.251 0.56
v 2.27943 -0.251 0.56
v 2.28166 -0.251 0.56
v 2.28315 -0.251 0.56
v 2.2824 -0.251 0.56
v 2.27868 -0.251 0.56
v 2.26751 -0.251 0.56
v 2.25263 -0.251 0.56
v 2.25337 -0.251 0.56
v 2.25188 -0.251 0.56
v 2.2556 -0.251 0.56
v 2.25635 -0.251 0.56
v 2.25411 -0.251 0.56
v 2.25486 -0.251 0.56
v 2.24742 -0.251 0.56
v 2.24816 -0.251 0.56
v 2.25039 -0.251 0.56
v 2.25114 -0.251 0.56
v 2.2489 -0.251 0.56
v 2.24965 -0.251 0.56
v 2.26379 -0.251 0.56
v 2.26454 -0.251 0.56
v 2.26305 -0.251 0.56
v 2.26677 -0.251 0.56
v 2.26528 -0.251 0.56
v 2.26603 -0.251 0.56
v 2.25858 -0.251 0.56
v 2.25933 -0.251 0.56
v 2.25709 -0.251 0.56
v 2.25784 -0.251 0.56
v 2.26156 -0.251 0.56
v 2.2623 -0.251 0.56
v 2.26007 -0.251 0.56
v 2.26081 -0.251 0.56
v 2.2891 -0.251 0.56
v 2.30846 -0.251 0.56
v 2.3092 -0.251 0.56
v 2.30995 -0.251 0.56
v 2.31144 -0.251 0.56
v 2.31218 -0.251 0.56
v 2.31069 -0.251 0.56
v 2.30771 -0.251 0.56
v 2.30399 -0.251 0.56
v 2.30474 -0.251 0.56
v 2.30548 -0.251 0.56
v 2.30697 -0.251 0.56
v 2.30622 -0.251 0.56
v 2.30325 -0.251 0.56
v 2.31292 -0.251 0.56
v 2.31962 -0.251 0.56
v 2.32037 -0.251 0.56
v 2.32111 -0.251 0.56
v 2.3226 -0.251 0.56
v 2.32335 -0.251 0.56
v 2.32186 -0.251 0.56
v 2.31888 -0.251 0.56
v 2.31516 -0.251 0.56
v 2.3159 -0.251 0.56
v 2.31441 -0.251 0.56
v 2.31665 -0.251 0.56
v 2.31814 -0.251 0.56
v 2.31739 -0.251 0.56
v 2.31367 -0.251 0.56
v 2.32409 -0.251 0.56
v 2.2958 -0.251 0.56
v 2.29655 -0.251 0.56
v 2.29729 -0.251 0.56
v 2.29878 -0.251 0.56
v 2.29952 -0.251 0.56
v 2.29804 -0.251 0.56
v 2.29506 -0.251 0.56
v 2.29134 -0.251 0.56
v 2.29208 -0.251 0.56
v 2.29059 -0.251 0.56
v 2.29282 -0.251 0.56
v 2.29431 -0.251 0.56
v 2.29357 -0.251 0.56
v 2.28985 -0.251 0.56
v 2.30027 -0.251 0.56
v 2.30101 -0.251 0.56
v 2.30176 -0.251 0.56
v 2.3025 -0.251 0.56
v 2.32484 -0.251 0.56
v 2.35163 -0.251 0.56
v 2.35238 -0.251 0.56
v 2.35312 -0.251 0.56
v 2.35461 -0.251 0.56
v 2.35536 -0.251 0.56
v 2.35387 -0.251 0.56
v 2.35089 -0.251 0.56
v 2.34717 -0.251 0.56
v 2.34791 -0.251 0.56
v 2.34866 -0.251 0.56
v 2.35015 -0.251 0.56
v 2.3494 -0.251 0.56
v 2.34642 -0.251 0.56
v 2.3561 -0.251 0.56
v 2.3628 -0.251 0.56
v 2.36355 -0.251 0.56
v 2.36429 -0.251 0.56
v 2.36578 -0.251 0.56
v 2.36652 -0.251 0.56
v 2.36503 -0.251 0.56
v 2.36206 -0.251 0.56
v 2.35833 -0.251 0.56
v 2.35908 -0.251 0.56
v 2.35759 -0.251 0.56
v 2.35982 -0.251 0.56
v 2.36131 -0.251 0.56
v 2.36057 -0.251 0.56
v 2.35685 -0.251 0.56
v 2.34568 -0.251 0.56
v 2.33079 -0.251 0.56
v 2.33154 -0.251 0.56
v 2.33228 -0.251 0.56
v 2.33377 -0.251 0.56
v 2.33451 -0.251 0.56
v 2.33302 -0.251 0.56
v 2.33005 -0.251 0.56
v 2.32632 -0.251 0.56
v 2.32707 -0.251 0.56
v 2.32781 -0.251 0.56
v 2.3293 -0.251 0.56
v 2.32856 -0.251 0.56
v 2.32558 -0.251 0.56
v 2.33526 -0.251 0.56
v 2.34196 -0.251 0.56
v 2.3427 -0.251 0.56
v 2.34345 -0.251 0.56
v 2.34493 -0.251 0.56
v 2.34419 -0.251 0.56
v 2.34121 -0.251 0.56
v 2.33749 -0.251 0.56
v 2.33823 -0.251 0.56
v 2.33675 -0.251 0.56
v 2.33898 -0.251 0.56
v 2.34047 -0.251 0.56
v 2.33972 -0.251 0.56
v 2.336 -0.251 0.56
v 2.36727 -0.251 0.56
v 2.38737 -0.251 0.56
v 2.38811 -0.251 0.56
v 2.38886 -0.251 0.56
v 2.39034 -0.251 0.56
v 2.39109 -0.251 0.56
v 2.3896 -0.251 0.56
v 2.38662 -0.251 0.56
v 2.3829 -0.251 0.56
v 2.38364 -0.251 0.56
v 2.38439 -0.251 0.56
v 2.38588 -0.251 0.56
v 2.38513 -0.251 0.56
v 2.38216 -0.251 0.56
v 2.39183 -0.251 0.56
v 2.39853 -0.251 0.56
v 2.39928 -0.251 0.56
v 2.40002 -0.251 0.56
v 2.40077 -0.251 0.56
v 2.40151 -0.251 0.56
v 2.40226 -0.251 0.56
v 2.39779 -0.251 0.56
v 2.39407 -0.251 0.56
v 2.39481 -0.251 0.56
v 2.39332 -0.251 0.56
v 2.39556 -0.251 0.56
v 2.39704 -0.251 0.56
v 2.3963 -0.251 0.56
v 2.39258 -0.251 0.56
v 2.37397 -0.251 0.56
v 2.37471 -0.251 0.56
v 2.37546 -0.251 0.56
v 2.37695 -0.251 0.56
v 2.37769 -0.251 0.56
v 2.3762 -0.251 0.56
v 2.37322 -0.251 0.56
v 2.3695 -0.251 0.56
v 2.37025 -0.251 0.56
v 2.36876 -0.251 0.56
v 2.37099 -0.251 0.56
v 2.37248 -0.251 0.56
v 2.37173 -0.251 0.56
v 2.36801 -0.251 0.56
v 2.37843 -0.251 0.56
v 2.37918 -0.251 0.56
v 2.37992 -0.251 0.56
v 2.38067 -0.251 0.56
v 2.38141 -0.251 0.56
v 2.403 -0.251167 1.46525
v 1.24929 -0.251 2.3955
v 1.44157 -0.251 2.3955
v 1.63386 -0.251 2.3955
v 1.82614 -0.251 2.3955
v 2.01843 -0.251 2.3955
v 2.21071 -0.251 2.3955
v 1.24929 -0.251 0.524501
v 1.63386 -0.251 0.524501
v 1.44157 -0.251 0.524501
v 2.01843 -0.251 0.524501
v 1.82614 -0.251 0.524501
v 2.21071 -0.251 0.524501
v 1.18316 -0.194669 0.600665
v 1.18316 -0.194669 0.69077
v 1.18316 -0.194669 0.780876
v 1.18316 -0.194669 0.870981
v 1.18316 -0.194669 0.961087
v 1.18316 -0.194669 1.05119
v 1.18316 -0.194669 1.1413
v 1.18316 -0.194669 1.2314
v 1.18316 -0.194669 1.32151
v 1.18316 -0.194669 1.41161
v 1.18316 -0.194669 1.50172
v 1.18316 -0.194669 1.59183
v 1.18316 -0.194669 1.68193
v 1.18316 -0.194669 1.77204
v 1.18316 -0.194669 1.86214
v 1.18316 -0.194669 1.95225
v 1.18316 -0.194669 2.04235
v 1.18316 -0.194669 2.13246
v 1.18316 -0.194669 2.22256
v 1.18316 -0.194669 2.31267
v 2.27684 -0.194669 0.600665
v 2.27684 -0.194669 0.780876
v 2.27684 -0.194669 0.69077
v 2.27684 -0.194669 0.870981
v 2.27684 -0.194669 1.05119
v 2.27684 -0.194669 0.961087
v 2.27684 -0.194669 1.1413
v 2.27684 -0.194669 1.32151
v 2.27684 -0.194669 1.2314
v 2.27684 -0.194669 1.41161
v 2.27684 -0.194669 1.59183
v 2.27684 -0.194669 1.50172
v 2.27684 -0.194669 1.77204
v 2.27684 -0.194669 1.68193
v 2.27684 -0.194669 1.86214
v 2.27684 -0.194669 2.04235
v 2.27684 -0.194669 1.95225
v 2.27684 -0.194669 2.13246
v 2.27684 -0.194669 2.31267
v 2.27684 -0.194669 2.22256
v 2.10632 -0.224834 0.600665
v 1.9988 -0.224834 0.600665
v 1.67624 -0.224834 0.600665
v 1.78376 -0.224834 0.600665
v 1.56872 -0.224834 0.600665
v 1.35368 -0.224834 0.600665
v 1.4612 -0.224834 0.600665
v 1.89128 -0.224834 0.600665
v 2.20201 -0.197169 0.671495
v 1.25799 -0.197169 0.671495
v 2.15232 -0.201835 0.659663
v 2.05295 -0.201835 0.659663
v 2.10264 -0.201835 0.659663
v 2.00327 -0.201835 0.659663
v 1.9039 -0.201835 0.659663
v 1.95358 -0.201835 0.659663
v 1.80453 -0.201835 0.659663
v 1.85421 -0.201835 0.659663
v 1.75484 -0.201835 0.659663
v 1.65547 -0.201835 0.659663
v 1.70516 -0.201835 0.659663
v 1.5561 -0.201835 0.659663
v 1.60579 -0.201835 0.659663
v 1.50642 -0.201835 0.659663
v 1.40705 -0.201835 0.659663
v 1.45673 -0.201835 0.659663
v 1.30768 -0.201835 0.659663
v 1.35736 -0.201835 0.659663
v 1.21733 -0.225001 1.76006
v 2.20334 -0.194669 1.77325
v 2.20201 -0.197169 1.6735
v 2.21384 -0.202002 0.708504
v 2.21384 -0.202002 0.757346
v 2.21384 -0.202002 0.806187
v 2.21384 -0.202002 0.855029
v 2.21384 -0.202002 0.903871
v 2.21384 -0.202002 0.952712
v 2.21384 -0.202002 1.00155
v 2.21384 -0.202002 1.0504
v 2.21384 -0.202002 1.09924
v 2.21384 -0.202002 1.14808
v 2.21384 -0.202002 1.19692
v 2.21384 -0.202002 1.24576
v 2.21384 -0.202002 1.2946
v 2.21384 -0.202002 1.34345
v 2.21384 -0.202002 1.39229
v 2.21384 -0.202002 1.44113
v 2.21384 -0.202002 1.48997
v 2.21384 -0.202002 1.53881
v 2.21384 -0.202002 1.58765
v 2.21384 -0.202002 1.63649
v 1.80453 -0.201835 1.68534
v 1.85421 -0.201835 1.68534
v 1.95358 -0.201835 1.68534
v 2.00327 -0.201835 1.68534
v 1.65547 -0.201835 1.68534
v 1.70516 -0.201835 1.68534
v 1.45673 -0.201835 1.68534
v 1.50642 -0.201835 1.68534
v 2.15232 -0.201835 1.68534
v 2.10264 -0.201835 1.68534
v 2.05295 -0.201835 1.68534
v 1.9039 -0.201835 1.68534
v 1.75484 -0.201835 1.68534
v 1.5561 -0.201835 1.68534
v 1.40705 -0.201835 1.68534
v 1.30768 -0.201835 1.68534
v 1.35736 -0.201835 1.68534
v 1.60579 -0.201835 1.68534
v 1.25799 -0.197169 1.6735
v 2.11727 -0.194669 1.74817
v 1.85909 -0.194669 1.74817
v 1.94515 -0.194669 1.74817
v 2.03121 -0.194669 1.74817
v 1.77303 -0.194669 1.74817
v 1.60091 -0.194669 1.74817
v 1.68697 -0.194669 1.74817
v 1.34273 -0.194669 1.74817
v 1.42879 -0.194669 1.74817
v 1.51485 -0.194669 1.74817
v 2.24267 -0.225001 1.76006
v 1.9988 -0.224834 1.71817
v 2.10632 -0.224834 1.71817
v 1.89128 -0.224834 1.71817
v 1.67624 -0.224834 1.71817
v 1.78376 -0.224834 1.71817
v 1.4612 -0.224834 1.71817
v 1.56872 -0.224834 1.71817
v 1.35368 -0.224834 1.71817
v 1.9988 -0.224834 1.802
v 1.89128 -0.224834 1.802
v 1.78376 -0.224834 1.802
v 1.67624 -0.224834 1.802
v 1.56872 -0.224834 1.802
v 1.4612 -0.224834 1.802
v 2.10632 -0.224834 1.802
v 1.35368 -0.224834 1.802
v 1.85421 -0.201835 1.86116
v 1.80453 -0.201835 1.86116
v 2.00327 -0.201835 1.86116
v 1.95358 -0.201835 1.86116
v 1.70516 -0.201835 1.86116
v 1.65547 -0.201835 1.86116
v 1.50642 -0.201835 1.86116
v 1.45673 -0.201835 1.86116
v 2.15232 -0.201835 1.86116
v 2.10264 -0.201835 1.86116
v 2.05295 -0.201835 1.86116
v 1.9039 -0.201835 1.86116
v 1.75484 -0.201835 1.86116
v 1.5561 -0.201835 1.86116
v 1.40705 -0.201835 1.86116
v 1.35736 -0.201835 1.86116
v 1.30768 -0.201835 1.86116
v 1.60579 -0.201835 1.86116
v 2.20201 -0.197169 1.873
v 1.25799 -0.197169 1.873
v 2.11727 -0.194669 1.79833
v 1.94515 -0.194669 1.79833
v 1.85909 -0.194669 1.79833
v 2.03121 -0.194669 1.79833
v 1.77303 -0.194669 1.79833
v 1.68697 -0.194669 1.79833
v 1.60091 -0.194669 1.79833
v 1.42879 -0.194669 1.79833
v 1.34273 -0.194669 1.79833
v 1.51485 -0.194669 1.79833
v 1.25666 -0.194669 1.77325
v 2.20334 -0.194669 2.3435
v 2.20201 -0.197169 2.25234
v 2.21384 -0.202002 1.91154
v 2.21384 -0.202002 1.96191
v 2.21384 -0.202002 2.01229
v 2.21384 -0.202002 2.06267
v 2.21384 -0.202002 2.11304
v 2.21384 -0.202002 2.16342
v 2.21384 -0.202002 2.21379
v 1.80453 -0.201835 2.26417
v 1.85421 -0.201835 2.26417
v 1.95358 -0.201835 2.26417
v 2.00327 -0.201835 2.26417
v 1.65547 -0.201835 2.26417
v 1.70516 -0.201835 2.26417
v 1.45673 -0.201835 2.26417
v 1.50642 -0.201835 2.26417
v 2.15232 -0.201835 2.26417
v 2.10264 -0.201835 2.26417
v 2.05295 -0.201835 2.26417
v 1.9039 -0.201835 2.26417
v 1.75484 -0.201835 2.26417
v 1.5561 -0.201835 2.26417
v 1.40705 -0.201835 2.26417
v 1.30768 -0.201835 2.26417
v 1.35736 -0.201835 2.26417
v 1.60579 -0.201835 2.26417
v 1.25799 -0.197169 2.25234
v 2.11727 -0.194669 2.327
v 1.85909 -0.194669 2.327
v 1.94515 -0.194669 2.327
v 2.03121 -0.194669 2.327
v 1.77303 -0.194669 2.327
v 1.60091 -0.194669 2.327
v 1.68697 -0.194669 2.327
v 1.34273 -0.194669 2.327
v 1.42879 -0.194669 2.327
v 1.51485 -0.194669 2.327
v 2.10632 -0.224834 2.297
v 1.9988 -0.224834 2.297
v 1.89128 -0.224834 2.297
v 1.78376 -0.224834 2.297
v 1.67624 -0.224834 2.297
v 1.56872 -0.224834 2.297
v 1.4612 -0.224834 2.297
v 1.35368 -0.224834 2.297
v 1.24616 -0.202002 1.91154
v 1.24616 -0.202002 1.96191
v 1.24616 -0.202002 2.01229
v 1.24616 -0.202002 2.06267
v 1.24616 -0.202002 2.11304
v 1.24616 -0.202002 2.16342
v 1.24616 -0.202002 2.21379
v 1.25666 -0.194669 2.3435
v 1.24616 -0.202002 0.76223
v 1.24616 -0.202002 0.710946
v 1.24616 -0.202002 0.864797
v 1.24616 -0.202002 0.813514
v 1.24616 -0.202002 0.967365
v 1.24616 -0.202002 0.916081
v 1.24616 -0.202002 1.01865
v 1.24616 -0.202002 1.06993
v 1.24616 -0.202002 1.12122
v 1.24616 -0.202002 1.22378
v 1.24616 -0.202002 1.1725
v 1.24616 -0.202002 1.32635
v 1.24616 -0.202002 1.27507
v 1.24616 -0.202002 1.42892
v 1.24616 -0.202002 1.37763
v 1.24616 -0.202002 1.58277
v 1.24616 -0.202002 1.53149
v 1.24616 -0.202002 1.4802
v 1.24616 -0.202002 1.63405
v 1.21333 -0.225001 0.812707
v 1.21333 -0.225001 0.742026
v 1.21333 -0.225001 1.02475
v 1.21333 -0.225001 0.954069
v 1.21333 -0.225001 0.883388
v 1.21333 -0.225001 1.23679
v 1.21333 -0.225001 1.16611
v 1.21333 -0.225001 1.09543
v 1.21333 -0.225001 1.44883
v 1.21333 -0.225001 1.37815
v 1.21333 -0.225001 1.30747
v 1.21333 -0.225001 0.671346
v 1.21333 -0.225001 1.51951
v 1.21333 -0.225001 1.5902
v 1.21333 -0.225001 1.66088
v 1.21333 -0.225001 2.01428
v 1.21333 -0.225001 1.9436
v 1.21333 -0.225001 2.15564
v 1.21333 -0.225001 2.08496
v 1.21333 -0.225001 1.73156
v 1.21333 -0.225001 1.80224
v 1.21333 -0.225001 1.87292
v 1.21333 -0.225001 2.22632
v 2.24667 -0.225001 0.742026
v 2.24667 -0.225001 0.812707
v 2.24667 -0.225001 0.954069
v 2.24667 -0.225001 1.02475
v 2.24667 -0.225001 0.883388
v 2.24667 -0.225001 1.16611
v 2.24667 -0.225001 1.23679
v 2.24667 -0.225001 1.09543
v 2.24667 -0.225001 1.37815
v 2.24667 -0.225001 1.44883
v 2.24667 -0.225001 1.30747
v 2.24667 -0.225001 0.671346
v 2.24667 -0.225001 1.51951
v 2.24667 -0.225001 1.5902
v 2.24667 -0.225001 1.66088
v 2.24667 -0.225001 1.9436
v 2.24667 -0.225001 2.01428
v 2.24667 -0.225001 2.08496
v 2.24667 -0.225001 2.15564
v 2.24667 -0.225001 1.73156
v 2.24667 -0.225001 1.80224
v 2.24667 -0.225001 1.87292
v 2.24667 -0.225001 2.22632
v 1.1255 0.0126559 0.658323
v 1.1255 0.0126559 0.781645
v 1.1255 0.0126559 0.904967
v 1.1255 0.0126559 1.02829
v 1.1255 0.0126559 1.15161
v 1.1255 0.0126559 1.27493
v 1.1255 0.0126559 1.39826
v 1.1255 0.0126559 1.52158
v 1.1255 0.0126559 1.6449
v 1.1255 0.0126559 1.76822
v 1.1255 0.0126559 1.89154
v 1.1255 0.0126559 2.01487
v 1.1255 0.0126559 2.13819
v 1.1255 0.0126559 2.26151
v 1.20033 0.010156 1.8505
v 1.20033 0.010156 2.31
v 2.3345 0.0126559 0.658323
v 2.3345 0.0126559 0.904967
v 2.3345 0.0126559 0.781645
v 2.3345 0.0126559 1.02829
v 2.3345 0.0126559 1.15161
v 2.3345 0.0126559 1.27493
v 2.3345 0.0126559 1.39826
v 2.3345 0.0126559 1.52158
v 2.3345 0.0126559 1.76822
v 2.3345 0.0126559 1.6449
v 2.3345 0.0126559 2.01487
v 2.3345 0.0126559 1.89154
v 2.3345 0.0126559 2.26151
v 2.3345 0.0126559 2.13819
v 2.25967 0.010156 1.8505
v 2.25967 0.010156 2.31
v 2.27797 -0.0371754 1.80583
v 2.27817 -0.037342 1.80583
v 2.27817 -0.037342 2.35483
v 2.27797 -0.0371754 2.35483
v 1.20033 0.010156 0.609831
v 2.25967 0.010156 0.609831
v 1.20033 0.00415628 0.596665
v 1.31184 0.00415628 0.596665
v 1.25608 0.00415628 0.596665
v 1.42335 0.00415628 0.596665
v 1.36759 0.00415628 0.596665
v 1.53486 0.00415628 0.596665
v 1.4791 0.00415628 0.596665
v 1.59061 0.00415628 0.596665
v 1.64637 0.00415628 0.596665
v 1.70212 0.00415628 0.596665
v 1.75788 0.00415628 0.596665
v 1.92514 0.00415628 0.596665
v 1.86939 0.00415628 0.596665
v 1.81363 0.00415628 0.596665
v 2.03665 0.00415628 0.596665
v 1.9809 0.00415628 0.596665
v 2.09241 0.00415628 0.596665
v 2.20392 0.00415628 0.596665
v 2.14816 0.00415628 0.596665
v 2.25967 0.00415628 0.596665
v 1.19645 -0.0371754 0.565166
v 1.21087 -0.0371754 0.565166
v 1.22529 -0.0371754 0.565166
v 1.23971 -0.0371754 0.565166
v 1.18203 -0.0371754 0.565166
v 1.25413 -0.0371754 0.565166
v 1.26855 -0.0371754 0.565166
v 1.28297 -0.0371754 0.565166
v 1.34065 -0.0371754 0.565166
v 1.35507 -0.0371754 0.565166
v 1.42718 -0.0371754 0.565166
v 1.4416 -0.0371754 0.565166
v 1.38391 -0.0371754 0.565166
v 1.39833 -0.0371754 0.565166
v 1.47044 -0.0371754 0.565166
v 1.48486 -0.0371754 0.565166
v 1.5137 -0.0371754 0.565166
v 1.52812 -0.0371754 0.565166
v 1.55696 -0.0371754 0.565166
v 1.57138 -0.0371754 0.565166
v 1.61464 -0.0371754 0.565166
v 1.62906 -0.0371754 0.565166
v 1.29739 -0.0371754 0.565166
v 1.6579 -0.0371754 0.565166
v 1.67232 -0.0371754 0.565166
v 1.74442 -0.0371754 0.565166
v 1.75884 -0.0371754 0.565166
v 1.70116 -0.0371754 0.565166
v 1.71558 -0.0371754 0.565166
v 1.83094 -0.0371754 0.565166
v 1.84536 -0.0371754 0.565166
v 1.93188 -0.0371754 0.565166
v 1.9463 -0.0371754 0.565166
v 1.88862 -0.0371754 0.565166
v 1.90304 -0.0371754 0.565166
v 1.78768 -0.0371754 0.565166
v 1.8021 -0.0371754 0.565166
v 2.06167 -0.0371754 0.565166
v 2.07609 -0.0371754 0.565166
v 2.16261 -0.0371754 0.565166
v 2.17703 -0.0371754 0.565166
v 2.20587 -0.0371754 0.565166
v 2.22029 -0.0371754 0.565166
v 2.10493 -0.0371754 0.565166
v 2.11935 -0.0371754 0.565166
v 2.0184 -0.0371754 0.565166
v 2.03282 -0.0371754 0.565166
v 1.97514 -0.0371754 0.565166
v 1.98956 -0.0371754 0.565166
v 1.31181 -0.0371754 0.565166
v 1.32623 -0.0371754 0.565166
v 1.36949 -0.0371754 0.565166
v 1.41276 -0.0371754 0.565166
v 1.45602 -0.0371754 0.565166
v 1.49928 -0.0371754 0.565166
v 1.54254 -0.0371754 0.565166
v 1.5858 -0.0371754 0.565166
v 1.60022 -0.0371754 0.565166
v 1.64348 -0.0371754 0.565166
v 1.68674 -0.0371754 0.565166
v 1.73 -0.0371754 0.565166
v 1.77326 -0.0371754 0.565166
v 1.81652 -0.0371754 0.565166
v 1.85978 -0.0371754 0.565166
v 1.8742 -0.0371754 0.565166
v 1.91746 -0.0371754 0.565166
v 1.96072 -0.0371754 0.565166
v 2.00398 -0.0371754 0.565166
v 2.04725 -0.0371754 0.565166
v 2.09051 -0.0371754 0.565166
v 2.13377 -0.0371754 0.565166
v 2.14819 -0.0371754 0.565166
v 2.19145 -0.0371754 0.565166
v 2.23471 -0.0371754 0.565166
v 2.24913 -0.0371754 0.565166
v 2.26355 -0.0371754 0.565166
v 2.27797 -0.0371754 0.565166
v 1.161 -0.037342 1.77522
v 1.161 -0.037342 1.74461
v 2.25967 0.010156 1.66934
v 2.26658 0.0231555 1.74417
v 2.26658 0.0231555 1.77567
v 2.261 0.0126559 1.75992
v 2.27284 0.00415628 0.609831
v 2.27284 0.00415628 0.665595
v 2.27284 0.00415628 0.721358
v 2.27284 0.00415628 0.777122
v 2.27284 0.00415628 0.832885
v 2.27284 0.00415628 0.888649
v 2.27284 0.00415628 0.944412
v 2.27284 0.00415628 1.00018
v 2.27284 0.00415628 1.05594
v 2.27284 0.00415628 1.1117
v 2.27284 0.00415628 1.16747
v 2.27284 0.00415628 1.22323
v 2.27284 0.00415628 1.27899
v 2.27284 0.00415628 1.33476
v 2.27284 0.00415628 1.39052
v 2.27284 0.00415628 1.50205
v 2.27284 0.00415628 1.55781
v 2.27284 0.00415628 1.61357
v 2.27284 0.00415628 1.66934
v 2.25967 0.00415628 1.6825
v 2.27284 0.00415628 1.44628
v 2.27284 -0.0220093 0.768113
v 2.27284 -0.0220093 0.825263
v 2.27284 -0.0220093 0.882412
v 2.27284 -0.0220093 0.939561
v 2.27284 -0.0220093 0.996711
v 2.27284 -0.0220093 1.05386
v 2.27284 -0.0220093 1.11101
v 2.27284 -0.0220093 1.16816
v 2.27284 -0.0220093 1.22531
v 2.27284 -0.0220093 1.28246
v 2.27284 -0.0220093 1.33961
v 2.27284 -0.0220093 1.39676
v 2.27284 -0.0220093 1.45391
v 2.27284 -0.0220093 1.51105
v 2.27284 -0.0220093 0.653815
v 2.27284 -0.0220093 0.710964
v 2.27284 -0.0220093 1.5682
v 2.27284 -0.0220093 1.62535
v 1.18203 -0.0371754 1.80583
v 1.21013 -0.0371754 1.80583
v 1.23823 -0.0371754 1.80583
v 1.32254 -0.0371754 1.80583
v 1.35064 -0.0371754 1.80583
v 1.26633 -0.0371754 1.80583
v 1.29444 -0.0371754 1.80583
v 1.37874 -0.0371754 1.80583
v 1.40684 -0.0371754 1.80583
v 1.43494 -0.0371754 1.80583
v 1.51924 -0.0371754 1.80583
v 1.54734 -0.0371754 1.80583
v 1.60355 -0.0371754 1.80583
v 1.63165 -0.0371754 1.80583
v 1.82835 -0.0371754 1.80583
v 1.85645 -0.0371754 1.80583
v 1.91266 -0.0371754 1.80583
v 1.94076 -0.0371754 1.80583
v 1.71595 -0.0371754 1.80583
v 1.74405 -0.0371754 1.80583
v 1.49114 -0.0371754 1.80583
v 2.10936 -0.0371754 1.80583
v 2.13746 -0.0371754 1.80583
v 1.57544 -0.0371754 1.80583
v 2.22177 -0.0371754 1.80583
v 2.24987 -0.0371754 1.80583
v 2.02506 -0.0371754 1.80583
v 2.05316 -0.0371754 1.80583
v 1.46304 -0.0371754 1.80583
v 1.65975 -0.0371754 1.80583
v 1.68785 -0.0371754 1.80583
v 1.77215 -0.0371754 1.80583
v 1.80025 -0.0371754 1.80583
v 1.88456 -0.0371754 1.80583
v 1.96886 -0.0371754 1.80583
v 1.99696 -0.0371754 1.80583
v 2.08126 -0.0371754 1.80583
v 2.16556 -0.0371754 1.80583
v 2.19367 -0.0371754 1.80583
v 1.2875 0.0126559 1.77567
v 1.4645 0.0126559 1.77567
v 1.376 0.0126559 1.77567
v 1.553 0.0126559 1.77567
v 1.6415 0.0126559 1.77567
v 1.73 0.0126559 1.77567
v 1.19342 0.0231555 1.77567
v 1.907 0.0126559 1.77567
v 1.8185 0.0126559 1.77567
v 2.084 0.0126559 1.77567
v 1.9955 0.0126559 1.77567
v 2.1725 0.0126559 1.77567
v 1.20033 0.00415628 1.83733
v 1.31184 0.00415628 1.83733
v 1.25608 0.00415628 1.83733
v 1.42335 0.00415628 1.83733
v 1.36759 0.00415628 1.83733
v 1.53486 0.00415628 1.83733
v 1.4791 0.00415628 1.83733
v 1.59061 0.00415628 1.83733
v 1.64637 0.00415628 1.83733
v 1.70212 0.00415628 1.83733
v 1.75788 0.00415628 1.83733
v 1.92514 0.00415628 1.83733
v 1.86939 0.00415628 1.83733
v 1.81363 0.00415628 1.83733
v 2.03665 0.00415628 1.83733
v 1.9809 0.00415628 1.83733
v 2.09241 0.00415628 1.83733
v 2.20392 0.00415628 1.83733
v 2.14816 0.00415628 1.83733
v 2.25967 0.00415628 1.83733
v 1.21013 -0.0371754 1.714
v 1.18203 -0.0371754 1.714
v 1.23823 -0.0371754 1.714
v 1.35064 -0.0371754 1.714
v 1.32254 -0.0371754 1.714
v 1.26633 -0.0371754 1.714
v 1.29444 -0.0371754 1.714
v 1.37874 -0.0371754 1.714
v 1.43494 -0.0371754 1.714
v 1.40684 -0.0371754 1.714
v 1.54734 -0.0371754 1.714
v 1.51924 -0.0371754 1.714
v 1.63165 -0.0371754 1.714
v 1.60355 -0.0371754 1.714
v 1.85645 -0.0371754 1.714
v 1.82835 -0.0371754 1.714
v 1.94076 -0.0371754 1.714
v 1.91266 -0.0371754 1.714
v 1.74405 -0.0371754 1.714
v 1.71595 -0.0371754 1.714
v 1.49114 -0.0371754 1.714
v 2.13746 -0.0371754 1.714
v 2.10936 -0.0371754 1.714
v 1.57544 -0.0371754 1.714
v 2.24987 -0.0371754 1.714
v 2.22177 -0.0371754 1.714
v 2.05316 -0.0371754 1.714
v 2.02506 -0.0371754 1.714
v 1.46304 -0.0371754 1.714
v 1.68785 -0.0371754 1.714
v 1.65975 -0.0371754 1.714
v 1.77215 -0.0371754 1.714
v 1.80025 -0.0371754 1.714
v 1.88456 -0.0371754 1.714
v 1.96886 -0.0371754 1.714
v 1.99696 -0.0371754 1.714
v 2.08126 -0.0371754 1.714
v 2.16556 -0.0371754 1.714
v 2.19367 -0.0371754 1.714
v 2.27797 -0.0371754 1.714
v 1.2875 0.0126559 1.74417
v 1.376 0.0126559 1.74417
v 1.4645 0.0126559 1.74417
v 1.553 0.0126559 1.74417
v 1.6415 0.0126559 1.74417
v 1.73 0.0126559 1.74417
v 1.19342 0.0231555 1.74417
v 1.8185 0.0126559 1.74417
v 1.907 0.0126559 1.74417
v 1.9955 0.0126559 1.74417
v 2.084 0.0126559 1.74417
v 2.1725 0.0126559 1.74417
v 1.20033 0.010156 1.66934
v 1.31184 0.00415628 1.6825
v 1.25608 0.00415628 1.6825
v 1.36759 0.00415628 1.6825
v 1.4791 0.00415628 1.6825
v 1.42335 0.00415628 1.6825
v 1.59061 0.00415628 1.6825
v 1.53486 0.00415628 1.6825
v 1.70212 0.00415628 1.6825
v 1.64637 0.00415628 1.6825
v 1.81363 0.00415628 1.6825
v 1.75788 0.00415628 1.6825
v 1.92514 0.00415628 1.6825
v 1.86939 0.00415628 1.6825
v 1.9809 0.00415628 1.6825
v 2.14816 0.00415628 1.6825
v 2.09241 0.00415628 1.6825
v 2.20392 0.00415628 1.6825
v 2.03665 0.00415628 1.6825
v 1.20033 0.00415628 1.6825
v 2.299 -0.037342 1.77522
v 2.299 -0.037342 1.74461
v 1.18183 -0.037342 1.80583
v 1.18183 -0.037342 1.714
v 2.27817 -0.037342 1.714
v 1.199 0.0126559 1.75992
v 2.27284 0.00415628 1.8505
v 2.27284 0.00415628 1.90155
v 2.27284 0.00415628 1.95261
v 2.27284 0.00415628 2.00366
v 2.27284 0.00415628 2.05472
v 2.27284 0.00415628 2.10578
v 2.27284 0.00415628 2.15683
v 2.27284 0.00415628 2.20789
v 2.27284 0.00415628 2.25895
v 2.27284 0.00415628 2.31
v 2.25967 0.00415628 2.32317
v 2.27284 -0.0220093 1.98308
v 2.27284 -0.0220093 2.03167
v 2.27284 -0.0220093 2.08025
v 2.27284 -0.0220093 2.12883
v 2.27284 -0.0220093 2.17742
v 2.27284 -0.0220093 1.88591
v 2.27284 -0.0220093 1.9345
v 2.27284 -0.0220093 2.226
v 2.27284 -0.0220093 2.27458
v 1.21013 -0.0371754 2.35483
v 1.18203 -0.0371754 2.35483
v 1.23823 -0.0371754 2.35483
v 1.29444 -0.0371754 2.35483
v 1.26633 -0.0371754 2.35483
v 1.32254 -0.0371754 2.35483
v 1.37874 -0.0371754 2.35483
v 1.35064 -0.0371754 2.35483
v 1.40684 -0.0371754 2.35483
v 1.46304 -0.0371754 2.35483
v 1.43494 -0.0371754 2.35483
v 1.51924 -0.0371754 2.35483
v 1.49114 -0.0371754 2.35483
v 1.57544 -0.0371754 2.35483
v 1.54734 -0.0371754 2.35483
v 1.60355 -0.0371754 2.35483
v 1.65975 -0.0371754 2.35483
v 1.63165 -0.0371754 2.35483
v 1.68785 -0.0371754 2.35483
v 1.74405 -0.0371754 2.35483
v 1.71595 -0.0371754 2.35483
v 1.77215 -0.0371754 2.35483
v 1.82835 -0.0371754 2.35483
v 1.80025 -0.0371754 2.35483
v 1.88456 -0.0371754 2.35483
v 1.85645 -0.0371754 2.35483
v 1.94076 -0.0371754 2.35483
v 1.91266 -0.0371754 2.35483
v 1.96886 -0.0371754 2.35483
v 1.99696 -0.0371754 2.35483
v 2.02506 -0.0371754 2.35483
v 2.05316 -0.0371754 2.35483
v 2.08126 -0.0371754 2.35483
v 2.13746 -0.0371754 2.35483
v 2.10936 -0.0371754 2.35483
v 2.16556 -0.0371754 2.35483
v 2.19367 -0.0371754 2.35483
v 2.22177 -0.0371754 2.35483
v 2.24987 -0.0371754 2.35483
v 1.42335 0.00415628 2.32317
v 1.4791 0.00415628 2.32317
v 1.75788 0.00415628 2.32317
v 1.81363 0.00415628 2.32317
v 1.92514 0.00415628 2.32317
v 1.9809 0.00415628 2.32317
v 1.64637 0.00415628 2.32317
v 1.70212 0.00415628 2.32317
v 1.20033 0.00415628 2.32317
v 1.25608 0.00415628 2.32317
v 1.31184 0.00415628 2.32317
v 1.36759 0.00415628 2.32317
v 1.53486 0.00415628 2.32317
v 1.59061 0.00415628 2.32317
v 1.86939 0.00415628 2.32317
v 2.20392 0.00415628 2.32317
v 2.03665 0.00415628 2.32317
v 2.09241 0.00415628 2.32317
v 2.14816 0.00415628 2.32317
v 1.18716 0.00415628 1.8505
v 1.18716 0.00415628 1.90155
v 1.18716 0.00415628 2.00366
v 1.18716 0.00415628 1.95261
v 1.18716 0.00415628 2.10578
v 1.18716 0.00415628 2.05472
v 1.18716 0.00415628 2.20789
v 1.18716 0.00415628 2.15683
v 1.18716 0.00415628 2.31
v 1.18716 0.00415628 2.25895
v 1.18716 0.00415628 0.609831
v 1.18716 0.00415628 0.665595
v 1.18716 0.00415628 0.777122
v 1.18716 0.00415628 0.721358
v 1.18716 0.00415628 0.888649
v 1.18716 0.00415628 0.832885
v 1.18716 0.00415628 1.00018
v 1.18716 0.00415628 0.944412
v 1.18716 0.00415628 1.1117
v 1.18716 0.00415628 1.05594
v 1.18716 0.00415628 1.22323
v 1.18716 0.00415628 1.16747
v 1.18716 0.00415628 1.33476
v 1.18716 0.00415628 1.27899
v 1.18716 0.00415628 1.44628
v 1.18716 0.00415628 1.39052
v 1.18716 0.00415628 1.55781
v 1.18716 0.00415628 1.50205
v 1.18716 0.00415628 1.61357
v 1.18716 0.00415628 1.66934
v 1.18716 -0.0220093 2.03167
v 1.18716 -0.0220093 1.98308
v 1.18716 -0.0220093 2.12883
v 1.18716 -0.0220093 2.08025
v 1.18716 -0.0220093 2.17742
v 1.18716 -0.0220093 1.88591
v 1.18716 -0.0220093 1.9345
v 1.18716 -0.0220093 2.226
v 1.18716 -0.0220093 2.27458
v 1.18716 -0.0220093 0.825263
v 1.18716 -0.0220093 0.768113
v 1.18716 -0.0220093 0.882412
v 1.18716 -0.0220093 0.939561
v 1.18716 -0.0220093 0.996711
v 1.18716 -0.0220093 1.05386
v 1.18716 -0.0220093 1.11101
v 1.18716 -0.0220093 1.22531
v 1.18716 -0.0220093 1.16816
v 1.18716 -0.0220093 1.28246
v 1.18716 -0.0220093 1.39676
v 1.18716 -0.0220093 1.33961
v 1.18716 -0.0220093 1.45391
v 1.18716 -0.0220093 1.51105
v 1.18716 -0.0220093 0.653815
v 1.18716 -0.0220093 0.710964
v 1.18716 -0.0220093 1.5682
v 1.18716 -0.0220093 1.62535
v 1.18183 -0.037342 2.35483
v 2.30433 -0.037342 0.73836
v 2.30433 -0.037342 0.767226
v 2.30433 -0.037342 0.796091
v 2.30433 -0.037342 0.824957
v 2.27817 -0.037342 0.565166
v 2.29125 -0.037342 0.565166
v 2.30433 -0.037342 0.853822
v 2.30433 -0.037342 0.882688
v 2.30433 -0.037342 0.911554
v 2.30433 -0.037342 0.99815
v 2.30433 -0.037342 1.02702
v 2.30433 -0.037342 1.08475
v 2.30433 -0.037342 1.11361
v 2.30433 -0.037342 1.05588
v 2.30433 -0.037342 0.940419
v 2.30433 -0.037342 0.969285
v 2.30433 -0.037342 0.594032
v 2.30433 -0.037342 0.622898
v 2.30433 -0.037342 0.651763
v 2.30433 -0.037342 0.680629
v 2.30433 -0.037342 0.709494
v 2.30433 -0.037342 1.14248
v 2.30433 -0.037342 1.17134
v 2.30433 -0.037342 1.20021
v 2.30433 -0.037342 1.22908
v 2.30433 -0.037342 1.31567
v 2.30433 -0.037342 1.34454
v 2.30433 -0.037342 1.40227
v 2.30433 -0.037342 1.43113
v 2.30433 -0.037342 1.46
v 2.30433 -0.037342 1.48887
v 2.30433 -0.037342 1.3734
v 2.30433 -0.037342 1.57546
v 2.30433 -0.037342 1.60433
v 2.30433 -0.037342 1.63319
v 2.30433 -0.037342 1.66206
v 2.30433 -0.037342 1.51773
v 2.30433 -0.037342 1.5466
v 2.30433 -0.037342 1.92185
v 2.30433 -0.037342 1.95072
v 2.30433 -0.037342 1.97958
v 2.30433 -0.037342 2.00845
v 2.30433 -0.037342 1.86412
v 2.30433 -0.037342 1.89298
v 2.30433 -0.037342 2.03731
v 2.30433 -0.037342 2.06618
v 2.30433 -0.037342 2.09504
v 2.30433 -0.037342 2.12391
v 2.30433 -0.037342 2.15277
v 2.30433 -0.037342 2.21051
v 2.30433 -0.037342 2.23937
v 2.30433 -0.037342 2.32597
v 2.30433 -0.037342 2.26824
v 2.30433 -0.037342 2.2971
v 2.30433 -0.037342 2.18164
v 2.30433 -0.037342 1.25794
v 2.30433 -0.037342 1.28681
v 2.30433 -0.037342 1.69092
v 2.30433 -0.037342 1.71979
v 2.30433 -0.037342 1.74866
v 2.30433 -0.037342 1.77752
v 2.30433 -0.037342 1.80639
v 2.30433 -0.037342 1.83525
v 1.16875 -0.037342 0.565166
v 1.18183 -0.037342 0.565166
v 1.15567 -0.037342 0.853822
v 1.15567 -0.037342 0.824957
v 1.15567 -0.037342 0.622898
v 1.15567 -0.037342 0.594032
v 1.15567 -0.037342 0.680629
v 1.15567 -0.037342 0.651763
v 1.15567 -0.037342 0.709494
v 1.15567 -0.037342 0.767226
v 1.15567 -0.037342 0.73836
v 1.15567 -0.037342 0.796091
v 1.15567 -0.037342 0.882688
v 1.15567 -0.037342 0.911554
v 1.15567 -0.037342 1.05588
v 1.15567 -0.037342 1.02702
v 1.15567 -0.037342 1.25794
v 1.15567 -0.037342 1.22908
v 1.15567 -0.037342 1.3734
v 1.15567 -0.037342 1.34454
v 1.15567 -0.037342 1.14248
v 1.15567 -0.037342 1.11361
v 1.15567 -0.037342 1.95072
v 1.15567 -0.037342 1.92185
v 1.15567 -0.037342 1.57546
v 1.15567 -0.037342 1.5466
v 1.15567 -0.037342 0.969285
v 1.15567 -0.037342 0.940419
v 1.15567 -0.037342 0.99815
v 1.15567 -0.037342 1.46
v 1.15567 -0.037342 1.43113
v 1.15567 -0.037342 2.15277
v 1.15567 -0.037342 2.12391
v 1.15567 -0.037342 2.23937
v 1.15567 -0.037342 2.21051
v 1.15567 -0.037342 2.32597
v 1.15567 -0.037342 2.2971
v 1.15567 -0.037342 2.03731
v 1.15567 -0.037342 2.00845
v 1.15567 -0.037342 1.08475
v 1.15567 -0.037342 1.20021
v 1.15567 -0.037342 1.17134
v 1.15567 -0.037342 1.28681
v 1.15567 -0.037342 1.31567
v 1.15567 -0.037342 1.40227
v 1.15567 -0.037342 1.48887
v 1.15567 -0.037342 1.51773
v 1.15567 -0.037342 1.63319
v 1.15567 -0.037342 1.60433
v 1.15567 -0.037342 1.66206
v 1.15567 -0.037342 1.71979
v 1.15567 -0.037342 1.69092
v 1.15567 -0.037342 1.74866
v 1.15567 -0.037342 1.80639
v 1.15567 -0.037342 1.77752
v 1.15567 -0.037342 1.83525
v 1.15567 -0.037342 1.89298
v 1.15567 -0.037342 1.86412
v 1.15567 -0.037342 1.97958
v 1.15567 -0.037342 2.06618
v 1.15567 -0.037342 2.09504
v 1.15567 -0.037342 2.18164
v 1.15567 -0.037342 2.26824
v 1.36185 -0.194669 2.36
v 1.46704 -0.194669 2.36
v 1.57222 -0.194669 2.36
v 1.67741 -0.194669 2.36
v 1.78259 -0.194669 2.36
v 1.88778 -0.194669 2.36
v 1.99296 -0.194669 2.36
v 2.09815 -0.194669 2.36
v 2.27421 -0.251 2.3705
v 2.27347 -0.251 2.3705
v 2.27496 -0.251 2.3705
v 2.27719 -0.251 2.3705
v 2.27645 -0.251 2.3705
v 2.2757 -0.251 2.3705
v 2.27273 -0.251 2.3705
v 2.26975 -0.251 2.3705
v 2.269 -0.251 2.3705
v 2.26826 -0.251 2.3705
v 2.27198 -0.251 2.3705
v 2.27124 -0.251 2.3705
v 2.27049 -0.251 2.3705
v 2.27794 -0.251 2.3705
v 2.28538 -0.251 2.3705
v 2.28464 -0.251 2.3705
v 2.28613 -0.251 2.3705
v 2.28836 -0.251 2.3705
v 2.28761 -0.251 2.3705
v 2.28687 -0.251 2.3705
v 2.28389 -0.251 2.3705
v 2.28091 -0.251 2.3705
v 2.28017 -0.251 2.3705
v 2.27943 -0.251 2.3705
v 2.28166 -0.251 2.3705
v 2.28315 -0.251 2.3705
v 2.2824 -0.251 2.3705
v 2.27868 -0.251 2.3705
v 2.26751 -0.251 2.3705
v 2.25337 -0.251 2.3705
v 2.25263 -0.251 2.3705
v 2.25188 -0.251 2.3705
v 2.25635 -0.251 2.3705
v 2.2556 -0.251 2.3705
v 2.25486 -0.251 2.3705
v 2.25411 -0.251 2.3705
v 2.24816 -0.251 2.3705
v 2.24742 -0.251 2.3705
v 2.25114 -0.251 2.3705
v 2.25039 -0.251 2.3705
v 2.24965 -0.251 2.3705
v 2.2489 -0.251 2.3705
v 2.26454 -0.251 2.3705
v 2.26379 -0.251 2.3705
v 2.26305 -0.251 2.3705
v 2.26677 -0.251 2.3705
v 2.26603 -0.251 2.3705
v 2.26528 -0.251 2.3705
v 2.25933 -0.251 2.3705
v 2.25858 -0.251 2.3705
v 2.25784 -0.251 2.3705
v 2.25709 -0.251 2.3705
v 2.2623 -0.251 2.3705
v 2.26156 -0.251 2.3705
v 2.26081 -0.251 2.3705
v 2.26007 -0.251 2.3705
v 2.2891 -0.251 2.3705
v 2.3092 -0.251 2.3705
v 2.30846 -0.251 2.3705
v 2.30995 -0.251 2.3705
v 2.31218 -0.251 2.3705
v 2.31144 -0.251 2.3705
v 2.31069 -0.251 2.3705
v 2.30771 -0.251 2.3705
v 2.30474 -0.251 2.3705
v 2.30399 -0.251 2.3705
v 2.30548 -0.251 2.3705
v 2.30697 -0.251 2.3705
v 2.30622 -0.251 2.3705
v 2.30325 -0.251 2.3705
v 2.31292 -0.251 2.3705
v 2.32037 -0.251 2.3705
v 2.31962 -0.251 2.3705
v 2.32111 -0.251 2.3705
v 2.32335 -0.251 2.3705
v 2.3226 -0.251 2.3705
v 2.32186 -0.251 2.3705
v 2.31888 -0.251 2.3705
v 2.3159 -0.251 2.3705
v 2.31516 -0.251 2.3705
v 2.31441 -0.251 2.3705
v 2.31665 -0.251 2.3705
v 2.31814 -0.251 2.3705
v 2.31739 -0.251 2.3705
v 2.31367 -0.251 2.3705
v 2.32409 -0.251 2.3705
v 2.29655 -0.251 2.3705
v 2.2958 -0.251 2.3705
v 2.29729 -0.251 2.3705
v 2.29952 -0.251 2.3705
v 2.29878 -0.251 2.3705
v 2.29804 -0.251 2.3705
v 2.29506 -0.251 2.3705
v 2.29208 -0.251 2.3705
v 2.29134 -0.251 2.3705
v 2.29059 -0.251 2.3705
v 2.29282 -0.251 2.3705
v 2.29431 -0.251 2.3705
v 2.29357 -0.251 2.3705
v 2.28985 -0.251 2.3705
v 2.30027 -0.251 2.3705
v 2.30176 -0.251 2.3705
v 2.30101 -0.251 2.3705
v 2.3025 -0.251 2.3705
v 2.32484 -0.251 2.3705
v 2.35238 -0.251 2.3705
v 2.35163 -0.251 2.3705
v 2.35312 -0.251 2.3705
v 2.35536 -0.251 2.3705
v 2.35461 -0.251 2.3705
v 2.35387 -0.251 2.3705
v 2.35089 -0.251 2.3705
v 2.34791 -0.251 2.3705
v 2.34717 -0.251 2.3705
v 2.34866 -0.251 2.3705
v 2.35015 -0.251 2.3705
v 2.3494 -0.251 2.3705
v 2.34642 -0.251 2.3705
v 2.3561 -0.251 2.3705
v 2.36355 -0.251 2.3705
v 2.3628 -0.251 2.3705
v 2.36429 -0.251 2.3705
v 2.36652 -0.251 2.3705
v 2.36578 -0.251 2.3705
v 2.36503 -0.251 2.3705
v 2.36206 -0.251 2.3705
v 2.35908 -0.251 2.3705
v 2.35833 -0.251 2.3705
v 2.35759 -0.251 2.3705
v 2.35982 -0.251 2.3705
v 2.36131 -0.251 2.3705
v 2.36057 -0.251 2.3705
v 2.35685 -0.251 2.3705
v 2.34568 -0.251 2.3705
v 2.33154 -0.251 2.3705
v 2.33079 -0.251 2.3705
v 2.33228 -0.251 2.3705
v 2.33451 -0.251 2.3705
v 2.33377 -0.251 2.3705
v 2.33302 -0.251 2.3705
v 2.33005 -0.251 2.3705
v 2.32707 -0.251 2.3705
v 2.32632 -0.251 2.3705
v 2.32781 -0.251 2.3705
v 2.3293 -0.251 2.3705
v 2.32856 -0.251 2.3705
v 2.32558 -0.251 2.3705
v 2.33526 -0.251 2.3705
v 2.3427 -0.251 2.3705
v 2.34196 -0.251 2.3705
v 2.34345 -0.251 2.3705
v 2.34493 -0.251 2.3705
v 2.34419 -0.251 2.3705
v 2.34121 -0.251 2.3705
v 2.33823 -0.251 2.3705
v 2.33749 -0.251 2.3705
v 2.33675 -0.251 2.3705
v 2.33898 -0.251 2.3705
v 2.34047 -0.251 2.3705
v 2.33972 -0.251 2.3705
v 2.336 -0.251 2.3705
v 2.36727 -0.251 2.3705
v 2.38811 -0.251 2.3705
v 2.38737 -0.251 2.3705
v 2.38886 -0.251 2.3705
v 2.39109 -0.251 2.3705
v 2.39034 -0.251 2.3705
v 2.3896 -0.251 2.3705
v 2.38662 -0.251 2.3705
v 2.38364 -0.251 2.3705
v 2.3829 -0.251 2.3705
v 2.38439 -0.251 2.3705
v 2.38588 -0.251 2.3705
v 2.38513 -0.251 2.3705
v 2.38216 -0.251 2.3705
v 2.39183 -0.251 2.3705
v 2.39928 -0.251 2.3705
v 2.39853 -0.251 2.3705
v 2.40002 -0.251 2.3705
v 2.40151 -0.251 2.3705
v 2.40077 -0.251 2.3705
v 2.40226 -0.251 2.3705
v 2.39779 -0.251 2.3705
v 2.39481 -0.251 2.3705
v 2.39407 -0.251 2.3705
v 2.39332 -0.251 2.3705
v 2.39556 -0.251 2.3705
v 2.39704 -0.251 2.3705
v 2.3963 -0.251 2.3705
v 2.39258 -0.251 2.3705
v 2.37471 -0.251 2.3705
v 2.37397 -0.251 2.3705
v 2.37546 -0.251 2.3705
v 2.37769 -0.251 2.3705
v 2.37695 -0.251 2.3705
v 2.3762 -0.251 2.3705
v 2.37322 -0.251 2.3705
v 2.37025 -0.251 2.3705
v 2.3695 -0.251 2.3705
v 2.36876 -0.251 2.3705
v 2.37099 -0.251 2.3705
v 2.37248 -0.251 2.3705
v 2.37173 -0.251 2.3705
v 2.36801 -0.251 2.3705
v 2.37843 -0.251 2.3705
v 2.37992 -0.251 2.3705
v 2.37918 -0.251 2.3705
v 2.38067 -0.251 2.3705
v 2.38141 -0.251 2.3705
v 2.3095 -0.0438418 0.582785
v 2.3095 -0.0438418 0.60557
v 2.3095 -0.0438418 0.628354
v 2.3095 -0.0438418 0.651139
v 2.3095 -0.0438418 0.673924
v 2.3095 -0.0438418 0.696709
v 2.3095 -0.0438418 0.719494
v 2.3095 -0.0438418 0.742278
v 2.3095 -0.0438418 0.765063
v 2.3095 -0.0438418 0.787848
v 2.3095 -0.0438418 0.810633
v 2.3095 -0.0438418 0.833418
v 2.3095 -0.0438418 0.856203
v 2.3095 -0.0438418 0.878987
v 2.3095 -0.0438418 0.901772
v 2.3095 -0.0438418 0.924557
v 2.3095 -0.0438418 0.947342
v 2.3095 -0.0438418 0.970127
v 2.3095 -0.0438418 0.992911
v 2.3095 -0.0438418 1.0157
v 2.3095 -0.0438418 1.03848
v 2.3095 -0.0438418 1.06127
v 2.3095 -0.0438418 1.08405
v 2.3095 -0.0438418 1.10684
v 2.3095 -0.0438418 1.12962
v 2.3095 -0.0438418 1.15241
v 2.3095 -0.0438418 1.17519
v 2.3095 -0.0438418 1.19797
v 2.3095 -0.0438418 1.22076
v 2.3095 -0.0438418 1.24354
v 2.3095 -0.0438418 1.26633
v 2.3095 -0.0438418 1.28911
v 2.3095 -0.0438418 1.3119
v 2.3095 -0.0438418 1.33468
v 2.3095 -0.0438418 1.35747
v 2.3095 -0.0438418 1.38025
v 2.3095 -0.0438418 1.40304
v 2.3095 -0.0438418 1.42582
v 2.3095 -0.0438418 1.44861
v 2.3095 -0.0438418 1.47139
v 2.3095 -0.0438418 1.49418
v 2.3095 -0.0438418 1.51696
v 2.3095 -0.0438418 1.53975
v 2.3095 -0.0438418 1.56253
v 2.3095 -0.0438418 1.58532
v 2.3095 -0.0438418 1.6081
v 2.3095 -0.0438418 1.63089
v 2.3095 -0.0438418 1.65367
v 2.3095 -0.0438418 1.67646
v 2.3095 -0.0438418 1.69924
v 2.3095 -0.0438418 1.72203
v 2.3095 -0.0438418 1.74481
v 2.3095 -0.0438418 1.76759
v 2.3095 -0.0438418 1.79038
v 2.3095 -0.0438418 1.81316
v 2.3095 -0.0438418 1.83595
v 2.3095 -0.0438418 1.85873
v 2.3095 -0.0438418 1.88152
v 2.3095 -0.0438418 1.9043
v 2.3095 -0.0438418 1.92709
v 2.3095 -0.0438418 1.94987
v 2.3095 -0.0438418 1.97266
v 2.3095 -0.0438418 1.99544
v 2.3095 -0.0438418 2.01823
v 2.3095 -0.0438418 2.04101
v 2.3095 -0.0438418 2.0638
v 2.3095 -0.0438418 2.08658
v 2.3095 -0.0438418 2.10937
v 2.3095 -0.0438418 2.13215
v 2.3095 -0.0438418 2.15494
v 2.3095 -0.0438418 2.17772
v 2.3095 -0.0438418 2.20051
v 2.3095 -0.0438418 2.22329
v 2.3095 -0.0438418 2.24608
v 2.3095 -0.0438418 2.26886
v 2.3095 -0.0438418 2.29165
v 2.3095 -0.0438418 2.31443
v 2.3095 -0.0438418 2.33722
v 2.3095 -0.194669 0.732358
v 2.3095 -0.194669 0.86405
v 2.3095 -0.194669 0.600665
v 2.3095 -0.194669 0.995743
v 2.3095 -0.194669 1.12744
v 2.3095 -0.194669 1.25913
v 2.3095 -0.194669 1.52251
v 2.3095 -0.194669 1.65421
v 2.3095 -0.194669 1.39082
v 2.3095 -0.194669 1.7859
v 2.3095 -0.194669 1.91759
v 2.3095 -0.194669 2.04928
v 2.3095 -0.194669 2.18098
v 2.3095 -0.119255 2.36
v 2.3095 -0.194669 2.31267
v 1.05774 -0.251 2.3705
v 1.05849 -0.251 2.3705
v 1.06147 -0.251 2.3705
v 1.06221 -0.251 2.3705
v 1.05923 -0.251 2.3705
v 1.05998 -0.251 2.3705
v 1.06072 -0.251 2.3705
v 1.06296 -0.251 2.3705
v 1.0637 -0.251 2.3705
v 1.06444 -0.251 2.3705
v 1.06519 -0.251 2.3705
v 1.06593 -0.251 2.3705
v 1.06668 -0.251 2.3705
v 1.06742 -0.251 2.3705
v 1.06817 -0.251 2.3705
v 1.06891 -0.251 2.3705
v 1.06966 -0.251 2.3705
v 1.0704 -0.251 2.3705
v 1.07114 -0.251 2.3705
v 1.07189 -0.251 2.3705
v 1.07263 -0.251 2.3705
v 1.07338 -0.251 2.3705
v 1.07412 -0.251 2.3705
v 1.07561 -0.251 2.3705
v 1.07636 -0.251 2.3705
v 1.0771 -0.251 2.3705
v 1.07487 -0.251 2.3705
v 1.07784 -0.251 2.3705
v 1.07859 -0.251 2.3705
v 1.07933 -0.251 2.3705
v 1.08008 -0.251 2.3705
v 1.08082 -0.251 2.3705
v 1.08157 -0.251 2.3705
v 1.08231 -0.251 2.3705
v 1.08305 -0.251 2.3705
v 1.08454 -0.251 2.3705
v 1.08529 -0.251 2.3705
v 1.0838 -0.251 2.3705
v 1.08603 -0.251 2.3705
v 1.08678 -0.251 2.3705
v 1.08752 -0.251 2.3705
v 1.08827 -0.251 2.3705
v 1.08901 -0.251 2.3705
v 1.08975 -0.251 2.3705
v 1.0905 -0.251 2.3705
v 1.09124 -0.251 2.3705
v 1.09199 -0.251 2.3705
v 1.09273 -0.251 2.3705
v 1.09348 -0.251 2.3705
v 1.09497 -0.251 2.3705
v 1.09571 -0.251 2.3705
v 1.09645 -0.251 2.3705
v 1.09422 -0.251 2.3705
v 1.09943 -0.251 2.3705
v 1.10018 -0.251 2.3705
v 1.10092 -0.251 2.3705
v 1.10167 -0.251 2.3705
v 1.0972 -0.251 2.3705
v 1.09794 -0.251 2.3705
v 1.09869 -0.251 2.3705
v 1.10241 -0.251 2.3705
v 1.10464 -0.251 2.3705
v 1.10539 -0.251 2.3705
v 1.10315 -0.251 2.3705
v 1.1039 -0.251 2.3705
v 1.10613 -0.251 2.3705
v 1.10688 -0.251 2.3705
v 1.10762 -0.251 2.3705
v 1.10837 -0.251 2.3705
v 1.10911 -0.251 2.3705
v 1.11134 -0.251 2.3705
v 1.11209 -0.251 2.3705
v 1.11358 -0.251 2.3705
v 1.11432 -0.251 2.3705
v 1.11283 -0.251 2.3705
v 1.10985 -0.251 2.3705
v 1.1106 -0.251 2.3705
v 1.11507 -0.251 2.3705
v 1.11581 -0.251 2.3705
v 1.11655 -0.251 2.3705
v 1.11804 -0.251 2.3705
v 1.11879 -0.251 2.3705
v 1.11953 -0.251 2.3705
v 1.1173 -0.251 2.3705
v 1.12102 -0.251 2.3705
v 1.12177 -0.251 2.3705
v 1.12251 -0.251 2.3705
v 1.12325 -0.251 2.3705
v 1.124 -0.251 2.3705
v 1.12028 -0.251 2.3705
v 1.12474 -0.251 2.3705
v 1.12549 -0.251 2.3705
v 1.12623 -0.251 2.3705
v 1.12698 -0.251 2.3705
v 1.12772 -0.251 2.3705
v 1.12846 -0.251 2.3705
v 1.12921 -0.251 2.3705
v 1.12995 -0.251 2.3705
v 1.1307 -0.251 2.3705
v 1.13144 -0.251 2.3705
v 1.13219 -0.251 2.3705
v 1.13293 -0.251 2.3705
v 1.13368 -0.251 2.3705
v 1.13442 -0.251 2.3705
v 1.13516 -0.251 2.3705
v 1.13591 -0.251 2.3705
v 1.13665 -0.251 2.3705
v 1.1374 -0.251 2.3705
v 1.13814 -0.251 2.3705
v 1.13889 -0.251 2.3705
v 1.13963 -0.251 2.3705
v 1.14038 -0.251 2.3705
v 1.14112 -0.251 2.3705
v 1.14186 -0.251 2.3705
v 1.14261 -0.251 2.3705
v 1.14335 -0.251 2.3705
v 1.1441 -0.251 2.3705
v 1.14484 -0.251 2.3705
v 1.14559 -0.251 2.3705
v 1.14633 -0.251 2.3705
v 1.14708 -0.251 2.3705
v 1.14782 -0.251 2.3705
v 1.14856 -0.251 2.3705
v 1.14931 -0.251 2.3705
v 1.15005 -0.251 2.3705
v 1.1508 -0.251 2.3705
v 1.15154 -0.251 2.3705
v 1.15229 -0.251 2.3705
v 1.15303 -0.251 2.3705
v 1.15378 -0.251 2.3705
v 1.15452 -0.251 2.3705
v 1.15526 -0.251 2.3705
v 1.15601 -0.251 2.3705
v 1.1575 -0.251 2.3705
v 1.15824 -0.251 2.3705
v 1.15899 -0.251 2.3705
v 1.15973 -0.251 2.3705
v 1.16048 -0.251 2.3705
v 1.16122 -0.251 2.3705
v 1.16196 -0.251 2.3705
v 1.16271 -0.251 2.3705
v 1.16345 -0.251 2.3705
v 1.1642 -0.251 2.3705
v 1.16494 -0.251 2.3705
v 1.16643 -0.251 2.3705
v 1.16717 -0.251 2.3705
v 1.16941 -0.251 2.3705
v 1.17015 -0.251 2.3705
v 1.16792 -0.251 2.3705
v 1.1709 -0.251 2.3705
v 1.17164 -0.251 2.3705
v 1.1776 -0.251 2.3705
v 1.17834 -0.251 2.3705
v 1.17909 -0.251 2.3705
v 1.18132 -0.251 2.3705
v 1.18206 -0.251 2.3705
v 1.19025 -0.251 2.3705
v 1.191 -0.251 2.3705
v 1.1977 -0.251 2.3705
v 1.19844 -0.251 2.3705
v 1.17983 -0.251 2.3705
v 1.16866 -0.251 2.3705
v 1.17239 -0.251 2.3705
v 1.17313 -0.251 2.3705
v 1.16569 -0.251 2.3705
v 1.17387 -0.251 2.3705
v 1.17462 -0.251 2.3705
v 1.17536 -0.251 2.3705
v 1.17611 -0.251 2.3705
v 1.17685 -0.251 2.3705
v 1.18281 -0.251 2.3705
v 1.18355 -0.251 2.3705
v 1.18504 -0.251 2.3705
v 1.18579 -0.251 2.3705
v 1.1843 -0.251 2.3705
v 1.18057 -0.251 2.3705
v 1.18802 -0.251 2.3705
v 1.18876 -0.251 2.3705
v 1.19174 -0.251 2.3705
v 1.19249 -0.251 2.3705
v 1.18951 -0.251 2.3705
v 1.19397 -0.251 2.3705
v 1.19472 -0.251 2.3705
v 1.19546 -0.251 2.3705
v 1.19695 -0.251 2.3705
v 1.19621 -0.251 2.3705
v 1.19323 -0.251 2.3705
v 1.18653 -0.251 2.3705
v 1.18727 -0.251 2.3705
v 1.19993 -0.251 2.3705
v 1.20067 -0.251 2.3705
v 1.20142 -0.251 2.3705
v 1.20216 -0.251 2.3705
v 1.20291 -0.251 2.3705
v 1.20365 -0.251 2.3705
v 1.2044 -0.251 2.3705
v 1.20514 -0.251 2.3705
v 1.20589 -0.251 2.3705
v 1.20663 -0.251 2.3705
v 1.20737 -0.251 2.3705
v 1.20812 -0.251 2.3705
v 1.20886 -0.251 2.3705
v 1.20961 -0.251 2.3705
v 1.21035 -0.251 2.3705
v 1.2111 -0.251 2.3705
v 1.21184 -0.251 2.3705
v 1.21258 -0.251 2.3705
v 1.19919 -0.251 2.3705
v 1.15675 -0.251 2.3705
v 1.17819 -0.0436751 2.36
v 1.20071 -0.0436751 2.36
v 1.24576 -0.0436751 2.36
v 1.22323 -0.0436751 2.36
v 1.26828 -0.0436751 2.36
v 1.31333 -0.0436751 2.36
v 1.2908 -0.0436751 2.36
v 1.33585 -0.0436751 2.36
v 1.38089 -0.0436751 2.36
v 1.35837 -0.0436751 2.36
v 1.42594 -0.0436751 2.36
v 1.40342 -0.0436751 2.36
v 1.47099 -0.0436751 2.36
v 1.44846 -0.0436751 2.36
v 1.49351 -0.0436751 2.36
v 1.53856 -0.0436751 2.36
v 1.51603 -0.0436751 2.36
v 1.56108 -0.0436751 2.36
v 1.60612 -0.0436751 2.36
v 1.5836 -0.0436751 2.36
v 1.62865 -0.0436751 2.36
v 1.67369 -0.0436751 2.36
v 1.65117 -0.0436751 2.36
v 1.71874 -0.0436751 2.36
v 1.69622 -0.0436751 2.36
v 1.76378 -0.0436751 2.36
v 1.74126 -0.0436751 2.36
v 1.78631 -0.0436751 2.36
v 1.83135 -0.0436751 2.36
v 1.80883 -0.0436751 2.36
v 1.85388 -0.0436751 2.36
v 1.89892 -0.0436751 2.36
v 1.8764 -0.0436751 2.36
v 1.92145 -0.0436751 2.36
v 1.96649 -0.0436751 2.36
v 1.94397 -0.0436751 2.36
v 2.01154 -0.0436751 2.36
v 1.98901 -0.0436751 2.36
v 2.05658 -0.0436751 2.36
v 2.03406 -0.0436751 2.36
v 2.07911 -0.0436751 2.36
v 2.12415 -0.0436751 2.36
v 2.10163 -0.0436751 2.36
v 2.14667 -0.0436751 2.36
v 2.19172 -0.0436751 2.36
v 2.1692 -0.0436751 2.36
v 2.21424 -0.0436751 2.36
v 2.25929 -0.0436751 2.36
v 2.23677 -0.0436751 2.36
v 2.28181 -0.0436751 2.36
v 1.17819 -0.0436751 0.56
v 1.20071 -0.0436751 0.56
v 1.22323 -0.0436751 0.56
v 1.24576 -0.0436751 0.56
v 1.26828 -0.0436751 0.56
v 1.2908 -0.0436751 0.56
v 1.35837 -0.0436751 0.56
v 1.38089 -0.0436751 0.56
v 1.31333 -0.0436751 0.56
v 1.33585 -0.0436751 0.56
v 1.47099 -0.0436751 0.56
v 1.49351 -0.0436751 0.56
v 1.42594 -0.0436751 0.56
v 1.44846 -0.0436751 0.56
v 1.51603 -0.0436751 0.56
v 1.53856 -0.0436751 0.56
v 1.56108 -0.0436751 0.56
v 1.5836 -0.0436751 0.56
v 1.62865 -0.0436751 0.56
v 1.65117 -0.0436751 0.56
v 1.71874 -0.0436751 0.56
v 1.74126 -0.0436751 0.56
v 1.67369 -0.0436751 0.56
v 1.69622 -0.0436751 0.56
v 1.76378 -0.0436751 0.56
v 1.78631 -0.0436751 0.56
v 1.80883 -0.0436751 0.56
v 1.83135 -0.0436751 0.56
v 1.8764 -0.0436751 0.56
v 1.89892 -0.0436751 0.56
v 1.92145 -0.0436751 0.56
v 1.94397 -0.0436751 0.56
v 2.01154 -0.0436751 0.56
v 2.03406 -0.0436751 0.56
v 2.07911 -0.0436751 0.56
v 2.10163 -0.0436751 0.56
v 1.96649 -0.0436751 0.56
v 1.98901 -0.0436751 0.56
v 1.40342 -0.0436751 0.56
v 1.60612 -0.0436751 0.56
v 1.85388 -0.0436751 0.56
v 2.12415 -0.0436751 0.56
v 2.14667 -0.0436751 0.56
v 2.1692 -0.0436751 0.56
v 2.19172 -0.0436751 0.56
v 2.21424 -0.0436751 0.56
v 2.23677 -0.0436751 0.56
v 2.25929 -0.0436751 0.56
v 2.28181 -0.0436751 0.56
v 2.05658 -0.0436751 0.56
v 1.18132 -0.251 0.56
v 1.18057 -0.251 0.56
v 1.18281 -0.251 0.56
v 1.18206 -0.251 0.56
v 1.19025 -0.251 0.56
v 1.18951 -0.251 0.56
v 1.18876 -0.251 0.56
v 1.18802 -0.251 0.56
v 1.18579 -0.251 0.56
v 1.18504 -0.251 0.56
v 1.19397 -0.251 0.56
v 1.19323 -0.251 0.56
v 1.19472 -0.251 0.56
v 1.19621 -0.251 0.56
v 1.19546 -0.251 0.56
v 1.19695 -0.251 0.56
v 1.19249 -0.251 0.56
v 1.19844 -0.251 0.56
v 1.1977 -0.251 0.56
v 1.19993 -0.251 0.56
v 1.19919 -0.251 0.56
v 1.20067 -0.251 0.56
v 1.20216 -0.251 0.56
v 1.20142 -0.251 0.56
v 1.20291 -0.251 0.56
v 1.2044 -0.251 0.56
v 1.20365 -0.251 0.56
v 1.20514 -0.251 0.56
v 1.20663 -0.251 0.56
v 1.20589 -0.251 0.56
v 1.20812 -0.251 0.56
v 1.20737 -0.251 0.56
v 1.20886 -0.251 0.56
v 1.21035 -0.251 0.56
v 1.20961 -0.251 0.56
v 1.2111 -0.251 0.56
v 1.21258 -0.251 0.56
v 1.21184 -0.251 0.56
v 1.12846 -0.251 0.56
v 1.12772 -0.251 0.56
v 1.12921 -0.251 0.56
v 1.12325 -0.251 0.56
v 1.12251 -0.251 0.56
v 1.1307 -0.251 0.56
v 1.12995 -0.251 0.56
v 1.13963 -0.251 0.56
v 1.13889 -0.251 0.56
v 1.14038 -0.251 0.56
v 1.14186 -0.251 0.56
v 1.14112 -0.251 0.56
v 1.14261 -0.251 0.56
v 1.1441 -0.251 0.56
v 1.14335 -0.251 0.56
v 1.14559 -0.251 0.56
v 1.14484 -0.251 0.56
v 1.14633 -0.251 0.56
v 1.14782 -0.251 0.56
v 1.14708 -0.251 0.56
v 1.14856 -0.251 0.56
v 1.15005 -0.251 0.56
v 1.14931 -0.251 0.56
v 1.1508 -0.251 0.56
v 1.15229 -0.251 0.56
v 1.15154 -0.251 0.56
v 1.15378 -0.251 0.56
v 1.15303 -0.251 0.56
v 1.15452 -0.251 0.56
v 1.15601 -0.251 0.56
v 1.15526 -0.251 0.56
v 1.15675 -0.251 0.56
v 1.15824 -0.251 0.56
v 1.1575 -0.251 0.56
v 1.15899 -0.251 0.56
v 1.16048 -0.251 0.56
v 1.15973 -0.251 0.56
v 1.16196 -0.251 0.56
v 1.16122 -0.251 0.56
v 1.16271 -0.251 0.56
v 1.1642 -0.251 0.56
v 1.16345 -0.251 0.56
v 1.16569 -0.251 0.56
v 1.16494 -0.251 0.56
v 1.16643 -0.251 0.56
v 1.16792 -0.251 0.56
v 1.16717 -0.251 0.56
v 1.16866 -0.251 0.56
v 1.17015 -0.251 0.56
v 1.16941 -0.251 0.56
v 1.17164 -0.251 0.56
v 1.1709 -0.251 0.56
v 1.17239 -0.251 0.56
v 1.17387 -0.251 0.56
v 1.17313 -0.251 0.56
v 1.17462 -0.251 0.56
v 1.17611 -0.251 0.56
v 1.17536 -0.251 0.56
v 1.17685 -0.251 0.56
v 1.17834 -0.251 0.56
v 1.1776 -0.251 0.56
v 1.17983 -0.251 0.56
v 1.17909 -0.251 0.56
v 1.1843 -0.251 0.56
v 1.18355 -0.251 0.56
v 1.18727 -0.251 0.56
v 1.18653 -0.251 0.56
v 1.191 -0.251 0.56
v 1.19174 -0.251 0.56
v 1.06668 -0.251 0.56
v 1.06593 -0.251 0.56
v 1.06817 -0.251 0.56
v 1.06742 -0.251 0.56
v 1.08454 -0.251 0.56
v 1.0838 -0.251 0.56
v 1.08678 -0.251 0.56
v 1.08603 -0.251 0.56
v 1.08752 -0.251 0.56
v 1.08901 -0.251 0.56
v 1.08827 -0.251 0.56
v 1.08975 -0.251 0.56
v 1.09124 -0.251 0.56
v 1.0905 -0.251 0.56
v 1.09199 -0.251 0.56
v 1.05774 -0.251 0.56
v 1.06072 -0.251 0.56
v 1.05998 -0.251 0.56
v 1.06147 -0.251 0.56
v 1.05849 -0.251 0.56
v 1.06519 -0.251 0.56
v 1.06444 -0.251 0.56
v 1.06296 -0.251 0.56
v 1.06221 -0.251 0.56
v 1.0637 -0.251 0.56
v 1.06891 -0.251 0.56
v 1.06966 -0.251 0.56
v 1.09348 -0.251 0.56
v 1.09273 -0.251 0.56
v 1.07189 -0.251 0.56
v 1.07114 -0.251 0.56
v 1.09422 -0.251 0.56
v 1.09497 -0.251 0.56
v 1.07263 -0.251 0.56
v 1.07338 -0.251 0.56
v 1.07487 -0.251 0.56
v 1.07412 -0.251 0.56
v 1.07561 -0.251 0.56
v 1.0704 -0.251 0.56
v 1.09571 -0.251 0.56
v 1.09645 -0.251 0.56
v 1.09794 -0.251 0.56
v 1.0972 -0.251 0.56
v 1.09869 -0.251 0.56
v 1.10018 -0.251 0.56
v 1.09943 -0.251 0.56
v 1.10167 -0.251 0.56
v 1.10092 -0.251 0.56
v 1.10241 -0.251 0.56
v 1.1039 -0.251 0.56
v 1.10315 -0.251 0.56
v 1.10539 -0.251 0.56
v 1.10464 -0.251 0.56
v 1.10613 -0.251 0.56
v 1.10688 -0.251 0.56
v 1.10837 -0.251 0.56
v 1.10762 -0.251 0.56
v 1.10911 -0.251 0.56
v 1.11134 -0.251 0.56
v 1.1106 -0.251 0.56
v 1.10985 -0.251 0.56
v 1.11209 -0.251 0.56
v 1.11358 -0.251 0.56
v 1.11283 -0.251 0.56
v 1.11581 -0.251 0.56
v 1.11507 -0.251 0.56
v 1.11432 -0.251 0.56
v 1.11655 -0.251 0.56
v 1.11879 -0.251 0.56
v 1.11804 -0.251 0.56
v 1.1173 -0.251 0.56
v 1.11953 -0.251 0.56
v 1.12102 -0.251 0.56
v 1.12028 -0.251 0.56
v 1.12177 -0.251 0.56
v 1.12549 -0.251 0.56
v 1.12474 -0.251 0.56
v 1.124 -0.251 0.56
v 1.12698 -0.251 0.56
v 1.12623 -0.251 0.56
v 1.13293 -0.251 0.56
v 1.13219 -0.251 0.56
v 1.13368 -0.251 0.56
v 1.13442 -0.251 0.56
v 1.1374 -0.251 0.56
v 1.13665 -0.251 0.56
v 1.13591 -0.251 0.56
v 1.13814 -0.251 0.56
v 1.13516 -0.251 0.56
v 1.13144 -0.251 0.56
v 1.05923 -0.251 0.56
v 1.0771 -0.251 0.56
v 1.07636 -0.251 0.56
v 1.08008 -0.251 0.56
v 1.07933 -0.251 0.56
v 1.08082 -0.251 0.56
v 1.07859 -0.251 0.56
v 1.07784 -0.251 0.56
v 1.08231 -0.251 0.56
v 1.08157 -0.251 0.56
v 1.08305 -0.251 0.56
v 1.08529 -0.251 0.56
v 1.1505 -0.0438418 0.582785
v 1.1505 -0.0438418 0.628354
v 1.1505 -0.0438418 0.60557
v 1.1505 -0.0438418 0.651139
v 1.1505 -0.0438418 0.696709
v 1.1505 -0.0438418 0.673924
v 1.1505 -0.0438418 0.742278
v 1.1505 -0.0438418 0.719494
v 1.1505 -0.0438418 0.765063
v 1.1505 -0.0438418 0.810633
v 1.1505 -0.0438418 0.787848
v 1.1505 -0.0438418 0.856203
v 1.1505 -0.0438418 0.833418
v 1.1505 -0.0438418 0.878987
v 1.1505 -0.0438418 0.924557
v 1.1505 -0.0438418 0.901772
v 1.1505 -0.0438418 0.970127
v 1.1505 -0.0438418 0.947342
v 1.1505 -0.0438418 0.992911
v 1.1505 -0.0438418 1.03848
v 1.1505 -0.0438418 1.0157
v 1.1505 -0.0438418 1.08405
v 1.1505 -0.0438418 1.06127
v 1.1505 -0.0438418 1.10684
v 1.1505 -0.0438418 1.15241
v 1.1505 -0.0438418 1.12962
v 1.1505 -0.0438418 1.19797
v 1.1505 -0.0438418 1.17519
v 1.1505 -0.0438418 1.22076
v 1.1505 -0.0438418 1.26633
v 1.1505 -0.0438418 1.24354
v 1.1505 -0.0438418 1.3119
v 1.1505 -0.0438418 1.28911
v 1.1505 -0.0438418 1.33468
v 1.1505 -0.0438418 1.38025
v 1.1505 -0.0438418 1.35747
v 1.1505 -0.0438418 1.42582
v 1.1505 -0.0438418 1.40304
v 1.1505 -0.0438418 1.44861
v 1.1505 -0.0438418 1.49418
v 1.1505 -0.0438418 1.47139
v 1.1505 -0.0438418 1.53975
v 1.1505 -0.0438418 1.51696
v 1.1505 -0.0438418 1.56253
v 1.1505 -0.0438418 1.6081
v 1.1505 -0.0438418 1.58532
v 1.1505 -0.0438418 1.65367
v 1.1505 -0.0438418 1.63089
v 1.1505 -0.0438418 1.67646
v 1.1505 -0.0438418 1.72203
v 1.1505 -0.0438418 1.69924
v 1.1505 -0.0438418 1.76759
v 1.1505 -0.0438418 1.74481
v 1.1505 -0.0438418 1.79038
v 1.1505 -0.0438418 1.83595
v 1.1505 -0.0438418 1.81316
v 1.1505 -0.0438418 1.88152
v 1.1505 -0.0438418 1.85873
v 1.1505 -0.0438418 1.9043
v 1.1505 -0.0438418 1.94987
v 1.1505 -0.0438418 1.92709
v 1.1505 -0.0438418 1.99544
v 1.1505 -0.0438418 1.97266
v 1.1505 -0.0438418 2.01823
v 1.1505 -0.0438418 2.0638
v 1.1505 -0.0438418 2.04101
v 1.1505 -0.0438418 2.10937
v 1.1505 -0.0438418 2.08658
v 1.1505 -0.0438418 2.13215
v 1.1505 -0.0438418 2.17772
v 1.1505 -0.0438418 2.15494
v 1.1505 -0.0438418 2.22329
v 1.1505 -0.0438418 2.20051
v 1.1505 -0.0438418 2.24608
v 1.1505 -0.0438418 2.29165
v 1.1505 -0.0438418 2.26886
v 1.1505 -0.0438418 2.33722
v 1.1505 -0.0438418 2.31443
v 1.1505 -0.194669 0.86405
v 1.1505 -0.194669 0.732358
v 1.1505 -0.194669 0.600665
v 1.1505 -0.194669 0.995743
v 1.1505 -0.194669 1.12744
v 1.1505 -0.194669 1.25913
v 1.1505 -0.194669 1.65421
v 1.1505 -0.194669 1.52251
v 1.1505 -0.194669 1.39082
v 1.1505 -0.194669 1.7859
v 1.1505 -0.194669 1.91759
v 1.1505 -0.194669 2.18098
v 1.1505 -0.194669 2.04928
v 1.1505 -0.119255 2.36
v 1.1505 -0.194669 2.31267
v 1.18316 -0.194669 0.56
v 1.19766 -0.194669 0.56
v 1.34976 -0.194669 0.56
v 1.50186 -0.194669 0.56
v 1.65395 -0.194669 0.56
v 1.80605 -0.194669 0.56
v 1.95814 -0.194669 0.56
v 2.11024 -0.194669 0.56
v 2.26234 -0.194669 0.56
v 2.27684 -0.194669 0.56
v 1.54772 -0.194669 0.596832
v 1.63886 -0.194669 0.596832
v 1.82114 -0.194669 0.596832
v 1.91228 -0.194669 0.596832
v 1.2743 -0.194669 0.596832
v 1.36544 -0.194669 0.596832
v 1.45658 -0.194669 0.596832
v 1.73 -0.194669 0.596832
v 2.00342 -0.194669 0.596832
v 2.1857 -0.194669 0.596832
v 2.09456 -0.194669 0.596832
v 2.28972 0.0126559 0.535001
v 2.24494 0.0126559 0.535001
v 2.20017 0.0126559 0.535001
v 2.15539 0.0126559 0.535001
v 2.11061 0.0126559 0.535001
v 2.06583 0.0126559 0.535001
v 2.02106 0.0126559 0.535001
v 1.97628 0.0126559 0.535001
v 1.9315 0.0126559 0.535001
v 1.88672 0.0126559 0.535001
v 1.79717 0.0126559 0.535001
v 1.75239 0.0126559 0.535001
v 1.84194 0.0126559 0.535001
v 1.70761 0.0126559 0.535001
v 1.66283 0.0126559 0.535001
v 1.61806 0.0126559 0.535001
v 1.57328 0.0126559 0.535001
v 1.5285 0.0126559 0.535001
v 1.48372 0.0126559 0.535001
v 1.43894 0.0126559 0.535001
v 1.39417 0.0126559 0.535001
v 1.34939 0.0126559 0.535001
v 1.30461 0.0126559 0.535001
v 1.25983 0.0126559 0.535001
v 1.21506 0.0126559 0.535001
v 1.17028 0.0126559 0.535001
v 2.28972 0.0126559 2.38483
v 2.24494 0.0126559 2.38483
v 2.20017 0.0126559 2.38483
v 2.15539 0.0126559 2.38483
v 2.06583 0.0126559 2.38483
v 2.11061 0.0126559 2.38483
v 2.02106 0.0126559 2.38483
v 1.9315 0.0126559 2.38483
v 1.97628 0.0126559 2.38483
v 1.88672 0.0126559 2.38483
v 1.79717 0.0126559 2.38483
v 1.84194 0.0126559 2.38483
v 1.75239 0.0126559 2.38483
v 1.70761 0.0126559 2.38483
v 1.66283 0.0126559 2.38483
v 1.61806 0.0126559 2.38483
v 1.57328 0.0126559 2.38483
v 1.5285 0.0126559 2.38483
v 1.43894 0.0126559 2.38483
v 1.48372 0.0126559 2.38483
v 1.39417 0.0126559 2.38483
v 1.30461 0.0126559 2.38483
v 1.34939 0.0126559 2.38483
v 1.21506 0.0126559 2.38483
v 1.25983 0.0126559 2.38483
v 1.17028 0.0126559 2.38483
# </points>

# <edges count="4906">
l 225 1
l 226 225
l 227 228
l 229 227
l 228 226
l 230 229
l 231 230
l 232 233
l 234 232
l 233 231
l 235 236
l 237 235
l 238 239
l 240 241
l 241 238
l 239 237
l 236 234
l 242 240
l 243 242
l 244 243
l 245 244
l 246 247
l 248 246
l 247 245
l 249 250
l 251 252
l 253 254
l 254 251
l 252 249
l 250 248
l 255 256
l 257 255
l 258 259
l 260 258
l 259 257
l 261 262
l 263 261
l 264 265
l 266 267
l 267 264
l 265 263
l 262 260
l 256 253
l 268 269
l 269 266
l 270 268
l 271 270
l 272 271
l 273 274
l 275 276
l 276 273
l 274 272
l 277 278
l 279 277
l 280 281
l 282 283
l 283 280
l 281 279
l 278 275
l 284 282
l 1 285
l 285 286
l 286 287
l 287 288
l 289 290
l 291 292
l 290 291
l 288 289
l 293 294
l 295 293
l 296 297
l 297 295
l 298 296
l 294 284
l 299 298
l 300 299
l 301 302
l 303 301
l 302 300
l 304 305
l 306 304
l 307 308
l 309 310
l 310 307
l 308 306
l 305 303
l 311 309
l 312 313
l 314 312
l 315 314
l 316 315
l 317 318
l 319 317
l 320 321
l 322 323
l 323 320
l 321 319
l 318 316
l 324 325
l 326 324
l 327 328
l 329 327
l 328 326
l 330 331
l 332 330
l 333 334
l 335 336
l 336 333
l 334 332
l 331 329
l 325 322
l 337 338
l 339 337
l 340 341
l 342 340
l 341 339
l 343 344
l 344 342
l 338 335
l 345 343
l 346 345
l 347 348
l 349 350
l 350 347
l 348 346
l 351 352
l 353 351
l 354 355
l 356 357
l 357 354
l 355 353
l 352 349
l 358 356
l 313 311
l 292 359
l 360 361
l 362 363
l 361 362
l 363 2
l 364 360
l 365 364
l 366 367
l 368 369
l 370 371
l 372 373
l 2 374
l 374 375
l 367 368
l 375 366
l 369 376
l 376 377
l 378 379
l 371 378
l 377 370
l 380 381
l 382 380
l 379 382
l 381 383
l 383 384
l 385 386
l 386 387
l 384 385
l 388 389
l 389 372
l 373 390
l 391 392
l 390 391
l 387 388
l 393 394
l 394 395
l 396 397
l 398 399
l 397 398
l 395 396
l 400 401
l 401 402
l 403 404
l 405 406
l 404 405
l 402 403
l 399 400
l 392 393
l 406 407
l 408 409
l 410 411
l 412 413
l 414 415
l 407 416
l 416 417
l 418 408
l 417 418
l 419 410
l 420 414
l 415 421
l 411 420
l 409 419
l 422 423
l 413 424
l 425 422
l 423 426
l 424 425
l 421 412
l 359 365
l 426 427
l 428 429
l 430 431
l 432 433
l 434 435
l 436 437
l 438 439
l 440 441
l 442 443
l 444 445
l 427 446
l 446 447
l 429 448
l 447 428
l 449 450
l 450 451
l 431 432
l 451 430
l 448 449
l 452 453
l 437 454
l 455 452
l 454 455
l 456 457
l 433 436
l 453 434
l 458 459
l 459 460
l 435 458
l 461 462
l 462 438
l 439 463
l 464 465
l 463 464
l 460 461
l 466 440
l 467 444
l 443 467
l 441 442
l 445 468
l 468 469
l 470 456
l 457 471
l 469 470
l 465 466
l 472 473
l 474 475
l 476 477
l 473 478
l 479 480
l 480 481
l 478 479
l 482 483
l 483 474
l 475 484
l 484 476
l 481 482
l 485 486
l 487 488
l 489 485
l 490 487
l 486 490
l 488 491
l 477 489
l 471 472
l 492 493
l 494 492
l 495 496
l 496 494
l 497 495
l 493 358
l 498 497
l 499 498
l 500 501
l 502 500
l 501 499
l 503 504
l 505 503
l 506 507
l 508 509
l 509 506
l 507 505
l 504 502
l 510 508
l 511 512
l 513 511
l 514 515
l 515 513
l 516 517
l 518 516
l 519 520
l 521 522
l 522 519
l 520 518
l 517 514
l 523 524
l 525 523
l 526 527
l 528 526
l 527 525
l 529 530
l 531 529
l 532 533
l 534 535
l 535 532
l 533 531
l 530 528
l 524 521
l 536 537
l 538 536
l 539 540
l 541 539
l 540 538
l 542 541
l 537 534
l 543 542
l 544 543
l 545 546
l 547 548
l 548 545
l 546 544
l 549 550
l 551 549
l 552 553
l 554 555
l 555 552
l 553 551
l 550 547
l 556 554
l 512 510
l 557 556
l 558 557
l 559 558
l 560 561
l 561 559
l 562 560
l 563 562
l 564 563
l 565 566
l 567 565
l 566 564
l 568 569
l 570 568
l 571 572
l 573 574
l 574 571
l 572 570
l 569 567
l 575 573
l 576 575
l 577 576
l 578 577
l 579 580
l 580 578
l 581 582
l 583 581
l 584 585
l 586 587
l 587 584
l 585 583
l 582 579
l 588 589
l 590 588
l 591 592
l 593 591
l 592 590
l 594 595
l 596 594
l 597 598
l 599 600
l 600 597
l 598 596
l 595 593
l 589 586
l 601 602
l 603 601
l 604 605
l 606 604
l 605 603
l 607 606
l 602 599
l 608 607
l 609 608
l 610 611
l 612 613
l 613 610
l 611 609
l 614 615
l 616 614
l 617 618
l 619 620
l 620 617
l 618 616
l 615 612
l 109 619
l 621 622
l 623 624
l 625 626
l 627 628
l 629 630
l 631 632
l 491 633
l 633 621
l 622 634
l 634 635
l 624 636
l 637 638
l 638 625
l 636 637
l 635 623
l 639 640
l 628 641
l 642 639
l 630 642
l 641 629
l 643 644
l 626 627
l 640 645
l 645 646
l 647 648
l 648 649
l 646 647
l 650 651
l 651 652
l 653 654
l 632 653
l 652 631
l 649 650
l 655 656
l 656 657
l 658 659
l 660 661
l 659 660
l 657 658
l 662 663
l 663 664
l 665 666
l 667 643
l 666 667
l 664 665
l 661 662
l 654 655
l 668 669
l 670 671
l 644 672
l 672 673
l 674 675
l 675 676
l 673 674
l 677 678
l 678 679
l 680 681
l 669 680
l 679 668
l 676 677
l 682 683
l 671 684
l 685 682
l 684 685
l 683 686
l 681 670
l 687 688
l 689 690
l 691 692
l 686 693
l 693 694
l 695 696
l 696 697
l 694 695
l 698 699
l 699 700
l 701 702
l 703 704
l 702 703
l 700 701
l 697 698
l 688 705
l 706 707
l 707 689
l 690 687
l 708 709
l 704 706
l 705 710
l 710 711
l 712 713
l 713 714
l 711 712
l 715 716
l 716 717
l 718 719
l 720 691
l 719 720
l 717 718
l 714 715
l 692 721
l 721 722
l 723 724
l 725 726
l 724 725
l 722 723
l 727 728
l 728 729
l 730 731
l 732 708
l 731 732
l 729 730
l 726 727
l 709 733
l 733 734
l 735 736
l 736 737
l 734 735
l 738 739
l 739 740
l 741 742
l 743 744
l 742 743
l 740 741
l 737 738
l 745 746
l 747 748
l 748 749
l 749 745
l 746 110
l 744 747
l 750 751
l 752 753
l 751 752
l 754 750
l 753 755
l 756 757
l 758 756
l 755 759
l 760 761
l 759 760
l 761 758
l 757 762
l 763 764
l 765 766
l 767 768
l 768 769
l 769 765
l 766 763
l 770 771
l 772 770
l 764 773
l 774 772
l 775 774
l 773 775
l 771 776
l 777 778
l 779 777
l 780 781
l 782 783
l 781 784
l 783 779
l 785 786
l 787 788
l 788 789
l 790 791
l 791 792
l 778 790
l 786 787
l 792 785
l 789 767
l 793 794
l 795 796
l 797 798
l 798 799
l 799 795
l 796 793
l 800 3
l 3 111
l 801 800
l 802 803
l 804 801
l 803 804
l 794 802
l 805 797
l 806 807
l 807 808
l 776 809
l 810 811
l 809 810
l 812 806
l 813 814
l 814 815
l 815 805
l 816 817
l 818 819
l 817 818
l 808 816
l 819 813
l 811 812
l 784 782
l 820 821
l 821 822
l 823 824
l 825 826
l 827 825
l 826 820
l 828 829
l 830 828
l 822 831
l 832 833
l 833 830
l 831 832
l 824 827
l 834 835
l 836 837
l 762 838
l 839 836
l 840 839
l 838 840
l 841 842
l 842 843
l 843 823
l 844 845
l 845 846
l 847 844
l 835 847
l 846 841
l 829 848
l 849 850
l 850 851
l 852 853
l 854 855
l 856 854
l 855 849
l 857 858
l 859 860
l 860 780
l 861 862
l 863 857
l 851 861
l 862 863
l 858 859
l 864 865
l 866 864
l 867 868
l 869 866
l 848 867
l 865 870
l 871 872
l 873 852
l 874 871
l 875 876
l 877 874
l 876 877
l 872 873
l 868 869
l 853 856
l 870 875
l 837 834
l 878 879
l 112 878
l 879 880
l 880 881
l 882 883
l 883 884
l 881 885
l 886 882
l 887 886
l 885 887
l 884 888
l 889 890
l 890 891
l 892 893
l 893 894
l 894 895
l 895 889
l 896 897
l 897 898
l 891 899
l 900 901
l 899 902
l 902 900
l 901 896
l 903 904
l 904 905
l 906 907
l 908 909
l 910 906
l 909 903
l 911 912
l 913 914
l 914 915
l 905 916
l 917 911
l 918 917
l 912 913
l 907 908
l 916 918
l 919 920
l 921 922
l 923 924
l 924 925
l 926 923
l 925 921
l 927 928
l 929 927
l 930 931
l 932 929
l 920 930
l 931 932
l 922 919
l 933 934
l 935 933
l 898 936
l 937 938
l 936 937
l 934 939
l 940 941
l 942 943
l 941 942
l 939 944
l 945 946
l 946 940
l 943 926
l 944 945
l 938 935
l 915 892
l 947 948
l 949 950
l 951 952
l 952 953
l 954 951
l 950 947
l 955 956
l 957 955
l 958 959
l 960 957
l 948 958
l 959 960
l 956 961
l 962 963
l 964 965
l 966 967
l 968 964
l 888 966
l 967 968
l 969 970
l 971 972
l 972 954
l 973 974
l 975 969
l 963 973
l 974 975
l 970 971
l 965 962
l 976 977
l 977 978
l 979 980
l 981 976
l 982 979
l 980 981
l 983 984
l 984 985
l 985 910
l 986 987
l 988 989
l 990 986
l 987 988
l 978 990
l 991 992
l 993 991
l 961 994
l 995 996
l 996 993
l 992 997
l 998 999
l 999 1000
l 1000 982
l 1001 1002
l 1003 1004
l 1002 1003
l 997 1001
l 1004 998
l 989 983
l 994 995
l 953 949
l 928 754
l 1005 1006
l 1007 1005
l 1006 3
l 1008 1007
l 1009 1008
l 1010 1009
l 1011 1012
l 1013 1014
l 1012 1010
l 1014 1011
l 1015 1016
l 1017 1015
l 4 1017
l 1016 1018
l 1019 1020
l 1021 1022
l 1023 1024
l 1025 1026
l 1027 1028
l 1029 1030
l 1020 4
l 1031 1032
l 1033 1031
l 1032 1019
l 1034 1035
l 1036 1034
l 1037 1038
l 1038 1021
l 1022 1036
l 1035 1033
l 1039 1040
l 1024 1039
l 1040 1037
l 1041 1042
l 1043 1023
l 1044 1043
l 1045 1046
l 1047 1045
l 1046 1044
l 1048 1049
l 1050 1048
l 1026 1051
l 1052 1025
l 1051 1050
l 1049 1047
l 1028 1053
l 1054 1055
l 1030 1054
l 1055 1027
l 1056 1041
l 1057 1058
l 1059 1060
l 1060 1057
l 1058 1056
l 1042 1029
l 1053 1052
l 1061 1059
l 1062 1063
l 1064 1065
l 1066 1061
l 1067 1066
l 1068 1062
l 1063 1067
l 1069 1064
l 1070 1071
l 1072 1073
l 1073 1070
l 1071 1069
l 1065 1068
l 1074 1075
l 1075 1076
l 1077 1078
l 1078 1074
l 1079 1077
l 1076 1072
l 1018 1080
l 1081 1079
l 1082 1083
l 1084 1085
l 1086 1087
l 1088 1089
l 1090 1091
l 1092 1093
l 1094 1095
l 1096 1097
l 1098 1081
l 1099 1098
l 1100 1101
l 1102 1100
l 1101 1099
l 1103 1104
l 1105 1103
l 1106 1107
l 1083 1106
l 1107 1105
l 1104 1102
l 1108 1086
l 1109 1110
l 1111 1112
l 1085 1111
l 1087 1084
l 1112 1082
l 1113 1108
l 1114 1113
l 1089 1115
l 1115 1114
l 1097 1116
l 1091 1117
l 1093 1090
l 1117 1096
l 1116 1088
l 1118 1092
l 1119 1118
l 1120 1121
l 1095 1120
l 1121 1119
l 1122 1123
l 1124 1122
l 1125 1126
l 1126 1109
l 1110 1124
l 1123 1094
l 1127 1125
l 1128 1127
l 1129 1130
l 1131 1132
l 1133 1134
l 1135 1128
l 1136 1129
l 1130 1135
l 1134 1137
l 1138 1139
l 1140 1141
l 1141 1138
l 1139 1133
l 1137 1136
l 1142 1131
l 1143 1144
l 1144 1142
l 1145 1143
l 1146 1145
l 1132 1140
l 1080 1013
l 1147 1148
l 1149 1150
l 1151 1152
l 1153 1154
l 1155 1156
l 1157 1158
l 1159 1160
l 1161 1146
l 1162 1161
l 1163 1164
l 1148 1163
l 1164 1162
l 1150 1147
l 1154 1165
l 1165 1151
l 1152 1149
l 1166 1153
l 1167 1168
l 1169 1170
l 1171 1166
l 1172 1171
l 1173 1174
l 1168 1175
l 1175 1173
l 1174 1172
l 1176 1167
l 1177 1176
l 1178 1179
l 1180 1178
l 1179 1177
l 1181 1182
l 1183 1181
l 1158 1184
l 1184 1155
l 1156 1183
l 1182 1180
l 1185 1157
l 1186 1185
l 1187 1188
l 1189 1190
l 1190 1187
l 1188 1186
l 1191 1192
l 1160 1191
l 1193 1159
l 1170 1193
l 1192 1189
l 1194 1169
l 1195 1194
l 1196 1195
l 1197 1198
l 1199 1197
l 1198 1196
l 1200 1201
l 1202 1200
l 1203 1204
l 1205 1206
l 1206 1203
l 1204 1202
l 1201 1199
l 1207 1208
l 1209 1207
l 1210 1211
l 1211 1209
l 1208 1205
l 1212 1213
l 1214 1215
l 1216 1217
l 1218 1219
l 1220 1221
l 1222 1220
l 1223 1212
l 1213 1222
l 1224 1225
l 1226 1224
l 1227 1228
l 1228 1214
l 1215 1226
l 1225 1223
l 1229 1230
l 1231 1232
l 1233 1231
l 1230 1234
l 1234 1233
l 1232 1227
l 1235 1229
l 1236 1235
l 1237 1238
l 1239 1237
l 1238 1236
l 1217 1240
l 1241 1242
l 1243 1244
l 1244 1241
l 1242 1216
l 1240 1239
l 1245 1218
l 1246 1247
l 1248 1249
l 1249 1246
l 1247 1245
l 1250 1251
l 1252 1250
l 1253 1254
l 1255 1256
l 1256 1253
l 1254 1252
l 1251 1248
l 1219 1243
l 1257 1255
l 1258 1259
l 1260 1257
l 1261 1260
l 1262 1263
l 1264 1262
l 1263 1261
l 1265 1266
l 1267 1265
l 1268 1269
l 1259 1268
l 1269 1267
l 1266 1264
l 1270 1271
l 1272 1273
l 1274 1272
l 1271 1274
l 113 1270
l 1273 1258
l 1221 1210
l 1275 114
l 1276 1277
l 1277 1275
l 115 1278
l 1278 1276
l 116 1279
l 1280 1281
l 1279 1280
l 1282 1283
l 1284 117
l 1283 1284
l 1281 1282
l 1285 1286
l 1286 1287
l 1288 1289
l 1289 1290
l 1291 1292
l 1293 1294
l 1295 1296
l 1297 1298
l 1299 1295
l 1300 5
l 1292 1300
l 5 118
l 1290 1291
l 1294 1288
l 119 1297
l 1298 1299
l 1296 1293
l 1301 1302
l 1303 1301
l 1304 1305
l 1306 1307
l 1308 1309
l 1310 1311
l 1309 1312
l 6 1313
l 1313 1304
l 120 6
l 1305 1303
l 1302 1306
l 1311 121
l 1312 1310
l 1307 1308
l 122 1314
l 1315 1316
l 1316 1317
l 1314 1315
l 1318 1319
l 1319 1320
l 1321 1322
l 1322 1323
l 1320 1321
l 1317 1318
l 1323 123
l 1324 1325
l 1326 1327
l 124 1326
l 1328 1329
l 1327 1330
l 1331 125
l 1332 1333
l 1334 1331
l 1335 1336
l 1330 1334
l 1337 1338
l 1338 126
l 1339 1337
l 1325 1339
l 1329 1340
l 1341 1328
l 1340 1324
l 1342 1341
l 1343 1335
l 1333 1343
l 1336 1342
l 1344 1332
l 1345 1346
l 127 1345
l 1346 1344
l 7 130
l 8 1347
l 131 8
l 1347 7
l 1348 9
l 1349 1350
l 1350 1348
l 1351 1349
l 1352 1353
l 1354 1351
l 1353 1355
l 9 1356
l 1357 1358
l 1359 1360
l 1361 1357
l 8 1362
l 1362 1361
l 1358 1354
l 1355 1359
l 1356 10
l 1363 1364
l 10 1363
l 1364 1352
l 1365 1366
l 1366 7
l 1360 1365
l 132 133
l 1367 124
l 1368 1367
l 1369 1368
l 1370 1369
l 1371 1370
l 134 1372
l 1372 1371
l 1373 1374
l 1374 1375
l 1376 1377
l 1377 1378
l 1375 1376
l 1379 1380
l 1380 1381
l 1382 1383
l 1384 1385
l 1383 1384
l 1381 1382
l 1378 1379
l 1386 1387
l 1387 1388
l 1385 1386
l 1388 1389
l 1389 1390
l 1390 1391
l 1392 1393
l 1394 1395
l 1393 1394
l 1391 1392
l 1395 1396
l 1397 1398
l 1398 1399
l 1400 1401
l 1401 1402
l 1399 1400
l 1403 1404
l 1404 1405
l 1406 1407
l 1408 1409
l 1407 1408
l 1405 1406
l 1402 1403
l 1410 1411
l 1411 1412
l 1413 1414
l 1415 1416
l 1414 1415
l 1412 1413
l 1417 1418
l 1418 1419
l 1419 1420
l 1416 1417
l 1409 1410
l 1396 1397
l 128 1373
l 1420 136
l 137 1421
l 1421 1422
l 1423 1424
l 1425 1426
l 1424 1425
l 1422 1423
l 1426 1427
l 1427 1428
l 1428 1429
l 1429 1430
l 1430 138
l 1431 135
l 1432 1431
l 1433 1434
l 1435 1436
l 1437 1438
l 1434 1432
l 1438 1439
l 1439 1433
l 1436 1437
l 1440 1435
l 1441 1440
l 1442 1443
l 1444 1445
l 1446 1447
l 1448 1449
l 1450 1451
l 1452 1453
l 1454 1455
l 1456 1457
l 1458 1459
l 1460 1441
l 1461 1462
l 1463 1464
l 1465 1466
l 1467 1468
l 1469 1470
l 1443 1460
l 1447 1442
l 1445 1471
l 1455 1444
l 1471 1446
l 1449 1454
l 1472 1448
l 1473 1450
l 1451 1452
l 1453 1472
l 1457 1458
l 1462 1474
l 1464 1461
l 1474 1456
l 1470 1463
l 1475 1469
l 140 1467
l 1468 1465
l 1466 1475
l 1459 1473
l 1476 1477
l 1478 1476
l 1479 1478
l 1477 1480
l 1480 134
l 141 1481
l 1481 1479
l 133 1482
l 1483 1484
l 1482 1483
l 1484 1485
l 1485 1486
l 1487 1488
l 1488 142
l 1486 1487
l 143 10
l 9 144
l 149 1489
l 1490 1491
l 1489 1492
l 1491 1493
l 1493 1494
l 1494 1495
l 1496 1497
l 1497 150
l 1495 1498
l 1492 1490
l 1498 1496
l 153 1499
l 1499 1500
l 1501 1502
l 1503 1504
l 1505 1506
l 1500 1501
l 1507 1505
l 1502 1507
l 1506 1503
l 1504 1508
l 1508 1509
l 1510 1511
l 1512 1513
l 1514 1515
l 1516 1517
l 1518 1519
l 1520 1521
l 1522 1523
l 1524 1525
l 1526 1527
l 1509 1528
l 1529 1530
l 1531 1532
l 1533 1534
l 1535 1536
l 1537 1538
l 1528 1510
l 1511 1514
l 1539 1512
l 1513 1522
l 1515 1539
l 1523 1516
l 1517 1540
l 1519 1541
l 1521 1518
l 1540 1520
l 1527 1524
l 1542 1529
l 1530 1531
l 1525 1542
l 1532 1537
l 1538 1543
l 1536 154
l 1534 1535
l 1543 1533
l 1541 1526
l 1544 1545
l 1545 1546
l 1546 1547
l 1548 1544
l 155 1548
l 1549 156
l 1547 1549
l 1550 132
l 1551 1552
l 1552 1550
l 1553 1551
l 1554 1553
l 1555 1556
l 157 1555
l 1556 1554
l 158 159
l 1557 155
l 160 1557
l 1558 1559
l 1560 1561
l 1561 1562
l 1559 1560
l 1562 1563
l 1563 1564
l 1564 1565
l 1565 1566
l 1567 1568
l 1568 1569
l 1570 1571
l 1571 1572
l 1569 1570
l 1573 1574
l 1574 1575
l 1572 1573
l 151 1558
l 1566 1567
l 1575 162
l 1576 1577
l 1577 1578
l 1579 1580
l 147 1581
l 1581 1576
l 1578 1579
l 1580 164
l 163 1582
l 1582 1583
l 1584 1585
l 1586 1587
l 1585 1586
l 1583 1584
l 1587 1588
l 1588 1589
l 1589 1590
l 1590 1591
l 1591 165
l 1592 161
l 1593 1594
l 1595 1593
l 1594 1592
l 1596 1597
l 1598 1599
l 1600 1598
l 1599 1596
l 1597 1595
l 1601 1602
l 1603 1604
l 1605 1603
l 1604 1601
l 1606 1607
l 1608 1609
l 167 1608
l 1609 1606
l 1607 1605
l 1602 1600
l 1610 1611
l 1611 160
l 1612 1610
l 168 1613
l 1613 1614
l 1614 1612
l 159 1615
l 1616 1617
l 1615 1616
l 1617 1618
l 1618 1619
l 1620 1621
l 1621 169
l 1619 1620
l 1622 1623
l 1624 1622
l 1625 1626
l 1627 148
l 1623 1627
l 1626 1624
l 170 1625
l 156 1628
l 1628 168
l 169 171
l 142 157
l 125 1629
l 1629 1630
l 1630 1631
l 1631 1632
l 1632 1633
l 1634 141
l 1633 1634
l 1635 1636
l 1637 1638
l 1639 1637
l 1638 1635
l 1640 1639
l 1641 1640
l 1642 1641
l 1643 1642
l 1644 1645
l 1646 1644
l 1647 1648
l 1649 1647
l 1648 1646
l 1650 1651
l 1652 1650
l 1651 1649
l 1636 152
l 1645 1643
l 166 1652
l 1653 1654
l 1655 1653
l 1656 1657
l 1658 1656
l 1657 1655
l 1659 1660
l 1661 1659
l 1662 1663
l 1664 1665
l 1665 1662
l 1663 1661
l 1660 1658
l 1666 1667
l 1668 1666
l 1667 1664
l 1669 1668
l 1670 1669
l 1671 1670
l 1672 1673
l 1674 1675
l 1675 1672
l 1673 1671
l 1676 1674
l 1677 1678
l 1679 1677
l 1680 1681
l 1682 1680
l 1681 1679
l 1683 1684
l 1685 1683
l 1686 1687
l 1688 1689
l 1689 1686
l 1687 1685
l 1684 1682
l 1690 1691
l 1692 1690
l 1693 1694
l 1695 1696
l 1696 1693
l 1694 1692
l 1697 1698
l 1699 1697
l 1700 1699
l 1698 1695
l 1691 1688
l 1678 1676
l 1654 129
l 139 1700
l 172 1701
l 1702 1703
l 1701 1702
l 1704 1705
l 1706 1707
l 1705 1706
l 1703 1704
l 1707 1708
l 1708 1709
l 1709 1710
l 1710 1711
l 1712 1713
l 1711 1712
l 1714 1715
l 1715 146
l 1713 1714
l 1716 173
l 1717 1718
l 1718 1716
l 1719 1720
l 1721 1722
l 1722 1719
l 1720 1717
l 1723 1721
l 1724 1723
l 1725 1724
l 1726 1725
l 1727 1728
l 1728 1726
l 1729 1730
l 145 1729
l 1730 1727
l 1731 11
l 11 174
l 1732 1733
l 1734 1731
l 1735 1732
l 1736 1735
l 1737 1738
l 1739 1737
l 1740 1741
l 1741 1742
l 1743 1744
l 12 1745
l 175 12
l 1746 1743
l 1733 1734
l 1738 1736
l 1747 1739
l 1748 1740
l 1744 1748
l 1745 1749
l 1749 1746
l 1742 1747
l 1750 1751
l 1752 1750
l 1753 1754
l 1755 1752
l 1756 1757
l 1757 1753
l 1751 176
l 177 1758
l 12 1759
l 1760 11
l 1754 1755
l 178 1761
l 1761 1756
l 1762 179
l 180 1762
l 1763 1764
l 1764 181
l 1765 1763
l 1758 1766
l 1766 1765
l 182 13
l 13 1767
l 1768 1769
l 1767 1770
l 1769 1771
l 1771 1772
l 1773 1774
l 1774 1775
l 1776 1777
l 1778 1776
l 1779 1780
l 1781 14
l 14 183
l 1780 1782
l 1770 1768
l 1772 1773
l 1775 1783
l 1777 1784
l 1784 1779
l 1785 1781
l 1782 1785
l 1783 1778
l 1786 184
l 1787 1788
l 1789 1787
l 1790 1789
l 185 1790
l 1788 1786
l 1791 186
l 1792 1793
l 1793 1791
l 1794 1795
l 1795 1792
l 1796 1797
l 1798 1799
l 1799 1796
l 187 1798
l 1797 1794
l 176 1800
l 1800 1801
l 1801 1802
l 1803 1760
l 1802 1804
l 1805 1803
l 1806 1807
l 1804 1808
l 1808 1809
l 1809 1810
l 1810 1811
l 1811 1812
l 1812 1813
l 1813 1814
l 1815 1806
l 1814 1815
l 1816 1817
l 1817 1818
l 1819 1820
l 1820 188
l 1818 1819
l 1807 1816
l 189 1821
l 1822 1823
l 1823 1824
l 1821 1822
l 1825 1826
l 1827 1828
l 1828 1829
l 1826 1827
l 1824 1825
l 1830 1831
l 1832 1833
l 1833 1834
l 1831 1832
l 1835 1836
l 1837 1838
l 1838 1839
l 1836 1837
l 1834 1835
l 1829 1830
l 1840 1841
l 1842 1843
l 1843 1844
l 1841 1842
l 1845 1846
l 1847 1848
l 1848 1849
l 1846 1847
l 1844 1845
l 1850 1851
l 1852 1853
l 1853 1854
l 1851 1852
l 1855 1856
l 1856 1857
l 1858 1859
l 1859 190
l 1857 1858
l 1854 1855
l 1849 1850
l 1839 1840
l 1860 1861
l 1862 1863
l 1864 1865
l 1865 1862
l 1863 1860
l 1861 1866
l 1867 1868
l 1868 1869
l 1870 1871
l 1869 1870
l 1866 1867
l 1872 15
l 15 193
l 1873 1872
l 1874 1873
l 16 1874
l 194 16
l 16 1875
l 1876 1877
l 1875 1876
l 1878 1879
l 1880 1881
l 1879 1880
l 1877 1878
l 1882 1883
l 1884 1885
l 1883 1884
l 1886 1887
l 1888 1889
l 1887 1888
l 1885 1886
l 1881 1882
l 1890 1891
l 1892 1893
l 1891 1892
l 1889 1890
l 1894 1895
l 1896 1897
l 1895 1896
l 1898 1899
l 1900 1901
l 1899 1900
l 1897 1898
l 1902 1903
l 1904 1905
l 1903 1904
l 1906 1907
l 1908 1909
l 1907 1908
l 1905 1906
l 1901 1902
l 1910 1911
l 1909 1910
l 1911 1912
l 1913 17
l 1912 1913
l 1914 1915
l 17 1914
l 1893 1894
l 1916 15
l 1917 1918
l 1918 1916
l 1919 1920
l 1921 1922
l 1923 1924
l 1925 1917
l 1926 1927
l 1928 1925
l 1929 1928
l 1922 1930
l 1930 1929
l 1931 1921
l 1920 1931
l 1932 1933
l 1924 1932
l 1927 1934
l 1935 1926
l 1934 1923
l 1933 1919
l 1936 1935
l 1937 1938
l 1939 1940
l 1941 1936
l 1942 1943
l 1943 1941
l 1944 1945
l 1915 1946
l 1947 1948
l 1946 18
l 1938 1942
l 1940 1949
l 1949 1937
l 1950 1939
l 1945 1950
l 1951 1952
l 1953 1954
l 1954 1951
l 18 1955
l 1955 1947
l 1948 1953
l 1952 1944
l 1956 1957
l 1957 1958
l 1959 1960
l 1958 1961
l 1962 1963
l 1960 1962
l 188 1956
l 1964 14
l 13 1805
l 1961 1959
l 1965 195
l 1963 1965
l 196 1966
l 1966 197
l 190 1967
l 1968 1969
l 1969 1970
l 1967 1968
l 1971 1972
l 1973 1974
l 1974 1975
l 1972 1973
l 1970 1971
l 1976 1977
l 1978 1979
l 1979 1980
l 1977 1978
l 1981 1982
l 1983 1984
l 1984 1985
l 1982 1983
l 1980 1981
l 1975 1976
l 1986 1987
l 1988 1989
l 1989 1990
l 1987 1988
l 1991 1992
l 1993 1994
l 1994 1995
l 1992 1993
l 1990 1991
l 1996 1997
l 1998 1999
l 1999 2000
l 1997 1998
l 2001 2002
l 2002 2003
l 2004 2005
l 2005 198
l 2003 2004
l 2000 2001
l 1995 1996
l 1985 1986
l 192 2006
l 2007 2008
l 2008 2009
l 2006 2007
l 2010 2011
l 2009 2012
l 2011 2013
l 2013 2014
l 2014 2015
l 2015 2016
l 2017 2018
l 2018 2019
l 2016 2017
l 2020 2021
l 2021 2022
l 2023 2024
l 2024 199
l 2022 2023
l 2019 2025
l 2012 2010
l 2025 2020
l 2026 2027
l 2027 2028
l 2029 2026
l 2030 2029
l 2031 2030
l 2032 2033
l 2034 2032
l 2033 2031
l 2035 2036
l 2037 2035
l 2036 2034
l 2038 2039
l 2039 2040
l 2041 2038
l 2040 2042
l 2042 2043
l 2044 2045
l 2046 2047
l 2047 2048
l 2045 2046
l 2043 2044
l 180 2041
l 2048 197
l 181 2049
l 2049 2050
l 2051 2052
l 2053 2054
l 2054 2055
l 2056 2057
l 2052 2053
l 2050 2051
l 2055 2056
l 2057 184
l 200 2058
l 2059 2060
l 2060 2061
l 2058 2059
l 2062 2063
l 2064 2065
l 2065 2066
l 2063 2064
l 2061 2062
l 2067 2068
l 2069 2070
l 2070 2071
l 2068 2069
l 2072 2073
l 2074 2075
l 2075 2076
l 2073 2074
l 2071 2072
l 2066 2067
l 2077 2078
l 2079 2080
l 2080 2081
l 2078 2079
l 2082 2083
l 2084 2085
l 2085 2086
l 2083 2084
l 2081 2082
l 2087 2088
l 2089 2090
l 2090 2091
l 2088 2089
l 2092 2093
l 2093 2094
l 2095 2096
l 2096 201
l 2094 2095
l 2091 2092
l 2086 2087
l 2076 2077
l 2097 2098
l 2099 2097
l 2098 2100
l 2100 2101
l 2101 2102
l 2103 2104
l 2104 2105
l 2102 2103
l 2106 2107
l 2107 2108
l 2105 2106
l 2109 2110
l 2111 2109
l 2110 2112
l 2113 2111
l 2114 2113
l 2115 2116
l 2117 2118
l 2119 2117
l 2118 2115
l 2116 2114
l 2112 179
l 196 2119
l 2120 2121
l 178 2120
l 2122 2123
l 2123 2124
l 2125 2126
l 2126 2127
l 2124 2125
l 2128 195
l 2127 2128
l 2121 2122
l 2129 203
l 2130 2131
l 2132 2130
l 2131 2129
l 2133 2134
l 2135 2136
l 2137 2135
l 2136 2133
l 2134 2132
l 2138 2139
l 2140 2141
l 2142 2140
l 2141 2138
l 2143 2144
l 2145 2146
l 2147 2145
l 2146 2143
l 2144 2142
l 2139 2137
l 2148 2149
l 2150 2151
l 2152 2150
l 2151 2148
l 2153 2154
l 2155 2156
l 2157 2155
l 2156 2153
l 2154 2152
l 2158 2159
l 2160 2161
l 2162 2160
l 2161 2158
l 2163 2164
l 2165 2163
l 2166 2167
l 198 2166
l 2167 2165
l 2164 2162
l 2159 2157
l 2149 2147
l 205 18
l 17 206
l 201 2168
l 2169 2170
l 2168 2169
l 2171 2172
l 2173 2174
l 2174 2175
l 2172 2173
l 2170 2171
l 2176 2177
l 2178 2179
l 2179 2180
l 2177 2178
l 2181 2182
l 2183 2184
l 2184 207
l 2182 2183
l 2180 2181
l 2175 2176
l 2185 2186
l 2187 2185
l 2186 2188
l 2188 2189
l 2189 2190
l 2191 2192
l 2192 2193
l 2190 2191
l 2194 2195
l 2195 2196
l 2193 2194
l 2197 209
l 2198 2199
l 2200 2198
l 2199 2197
l 2201 2202
l 2203 2204
l 2205 2203
l 2204 2201
l 2202 2200
l 2206 2207
l 2208 2209
l 2210 2208
l 2209 2206
l 2211 2212
l 2213 2214
l 2215 2213
l 2214 2211
l 2212 2210
l 2207 2205
l 2216 2217
l 2218 2219
l 2220 2218
l 2219 2216
l 2221 2222
l 2223 2224
l 2225 2223
l 2224 2221
l 2222 2220
l 2226 2227
l 2228 2229
l 2230 2228
l 2229 2226
l 2231 2232
l 2233 2231
l 2234 2235
l 207 2234
l 2235 2233
l 2232 2230
l 2227 2225
l 2217 2215
l 2236 2237
l 177 2236
l 2237 2238
l 2238 2239
l 2239 2240
l 2241 2242
l 2242 2243
l 2240 2241
l 2244 2245
l 2245 185
l 2243 2244
l 2246 2247
l 1759 2246
l 2247 1964
l 2248 200
l 2249 2250
l 2250 2248
l 2251 2252
l 2253 2254
l 2255 2253
l 2254 2251
l 2252 2249
l 2256 2257
l 2258 2259
l 2260 2258
l 2259 2256
l 2261 2262
l 2263 2264
l 209 2263
l 2264 2261
l 2262 2260
l 2257 2255
l 2265 189
l 2266 2267
l 2268 2266
l 2267 2265
l 2269 2270
l 2271 2272
l 2273 2271
l 2272 2269
l 2270 2268
l 2274 2275
l 2276 2277
l 2278 2276
l 2277 2274
l 2279 2280
l 2281 2279
l 2282 2283
l 2284 2282
l 2283 2281
l 2280 2278
l 2275 2273
l 2285 2286
l 2287 2288
l 2289 2287
l 2288 2285
l 2290 2291
l 2292 2293
l 2294 2292
l 2293 2290
l 2291 2289
l 2295 2296
l 2297 2298
l 2299 2297
l 2298 2295
l 2300 2301
l 2302 2300
l 2303 2304
l 203 2303
l 2304 2302
l 2301 2299
l 2296 2294
l 2286 2284
l 2305 202
l 2306 2307
l 2308 2306
l 2307 2305
l 2309 2310
l 2311 2309
l 2312 2313
l 208 2312
l 2313 2311
l 2310 2308
l 2314 191
l 2315 2316
l 2317 2315
l 2316 2314
l 2318 2319
l 2320 2321
l 2322 2320
l 2321 2318
l 2319 2317
l 2323 2324
l 2325 2326
l 2327 2325
l 2326 2323
l 2328 2329
l 2330 2331
l 204 2330
l 2331 2328
l 2329 2327
l 2324 2322
l 210 4
l 2332 2333
l 2334 2332
l 2335 2336
l 2337 2338
l 2338 2339
l 2340 2337
l 2333 2335
l 2341 2342
l 2343 2344
l 2345 2346
l 2342 2343
l 2347 2348
l 2349 2350
l 2350 2351
l 2348 2352
l 2346 2347
l 2339 2353
l 2354 2355
l 2356 2357
l 2351 2354
l 2357 2358
l 2358 2359
l 2360 2361
l 2361 2362
l 2359 2363
l 2364 2365
l 2366 2367
l 2367 2368
l 2365 2366
l 2362 2369
l 2370 2371
l 2372 2373
l 2374 2375
l 2373 2376
l 2377 2378
l 2379 2380
l 2380 2381
l 2382 2379
l 2375 2377
l 2383 2384
l 2385 2386
l 2386 2387
l 2384 2385
l 2388 2389
l 2390 2391
l 2392 2393
l 2389 2390
l 2394 2388
l 2381 2395
l 2396 2397
l 2398 2399
l 2399 2400
l 2401 2398
l 2402 2403
l 2404 2405
l 2403 2404
l 2400 2406
l 2393 2396
l 2371 2372
l 214 2407
l 2407 2334
l 2336 2340
l 2353 2341
l 2344 2345
l 2352 2349
l 2355 2356
l 2363 2360
l 2369 2364
l 2378 2382
l 2376 2374
l 2395 2383
l 2387 2394
l 2391 2392
l 2397 2401
l 2406 2402
l 2408 2409
l 2409 216
l 2405 2408
l 2368 2370
l 2410 2411
l 218 2410
l 2411 2412
l 2412 2413
l 2413 2414
l 2414 2415
l 2416 2417
l 2417 2418
l 2415 2416
l 2418 212
l 2419 2420
l 2421 2422
l 2423 2424
l 2425 2423
l 2424 2426
l 2422 2419
l 2427 2428
l 2429 2430
l 2431 2429
l 2430 2427
l 2432 2433
l 2434 2435
l 2436 2437
l 2435 2432
l 2433 2438
l 2439 2425
l 2440 2436
l 2441 2440
l 2442 2443
l 2443 2441
l 2444 2445
l 2446 2447
l 2448 2446
l 2449 2444
l 2450 2451
l 2452 2453
l 2454 2455
l 2456 2454
l 2455 2457
l 2458 2459
l 2460 2461
l 2461 2458
l 2462 2456
l 2453 2448
l 2445 2450
l 2463 2464
l 2464 219
l 2420 2465
l 2465 2463
l 2426 2421
l 2428 2439
l 2437 2434
l 2438 2431
l 2451 2442
l 2447 2449
l 2457 2452
l 2459 2462
l 2466 2467
l 215 2466
l 2467 2468
l 2468 2460
l 2469 220
l 2470 2471
l 2471 2469
l 2472 2473
l 2474 2475
l 2475 2472
l 2473 2470
l 2476 2477
l 2478 2479
l 2479 2476
l 2480 2481
l 2482 2483
l 2483 2480
l 2481 2478
l 2477 2474
l 2484 2485
l 2486 2487
l 2487 2484
l 2488 2489
l 2490 2491
l 2491 2488
l 2489 2486
l 2492 2493
l 2494 2495
l 2495 2492
l 2496 2497
l 2498 2499
l 2500 2498
l 2499 2496
l 2497 2494
l 2493 2490
l 2485 2482
l 2501 2502
l 2503 2504
l 2504 2501
l 2505 2506
l 2507 2508
l 2508 2505
l 2506 2503
l 2509 2510
l 2511 2512
l 2512 2509
l 2513 2514
l 2515 2516
l 2516 2513
l 2514 2511
l 2510 2507
l 2517 2518
l 2519 2520
l 2520 2517
l 2521 2522
l 2523 2524
l 2524 2521
l 2522 2519
l 2525 2526
l 2527 2528
l 2528 2525
l 2529 2530
l 2531 2532
l 2533 2531
l 2532 2529
l 2530 2527
l 2526 2523
l 2518 2515
l 2502 2500
l 2534 2535
l 2536 2537
l 2537 2534
l 2538 2536
l 2539 2538
l 2540 2539
l 2541 2540
l 2542 2543
l 2543 2541
l 2544 2545
l 213 2546
l 2546 2544
l 2545 2542
l 2535 2533
l 2547 2548
l 2549 2547
l 2550 2549
l 2548 222
l 2551 2550
l 2552 2553
l 2554 2552
l 2553 2555
l 211 2554
l 2555 2551
l 221 1
l 2 217
l 2556 2557
l 2557 2558
l 2559 2560
l 2561 2562
l 2563 2561
l 2562 2564
l 2560 2556
l 2565 2566
l 2567 2568
l 2569 2570
l 2568 2565
l 2571 2572
l 2573 2574
l 2575 2573
l 2576 2571
l 2572 2569
l 2577 2563
l 2578 2579
l 2580 2581
l 2579 2575
l 2582 2580
l 2583 2582
l 2584 2585
l 2586 2584
l 2587 2583
l 2588 2589
l 2590 2591
l 2592 2590
l 2591 2588
l 2593 2586
l 2594 2595
l 2596 2597
l 2598 2599
l 2600 2596
l 2601 2602
l 2603 2604
l 2605 2603
l 2604 2606
l 2602 2598
l 2607 2608
l 2609 2610
l 2611 2609
l 2610 2607
l 2612 2613
l 2614 2615
l 2616 2617
l 2615 2612
l 2613 2618
l 2619 2605
l 2620 2621
l 2622 2623
l 2624 2622
l 2623 2625
l 2626 2627
l 2628 2629
l 2629 2626
l 2630 2624
l 2621 2616
l 2597 2594
l 2631 223
l 2558 2631
l 2564 2559
l 2566 2577
l 2570 2567
l 2574 2576
l 2581 2578
l 2585 2587
l 2589 2593
l 2606 2601
l 2599 2600
l 2608 2619
l 2618 2611
l 2617 2614
l 2625 2620
l 2627 2630
l 2632 2633
l 224 2632
l 2633 2628
l 2595 2592
l 6 2634
l 2634 2635
l 2636 2637
l 2635 2636
l 2638 2639
l 2637 2638
l 2639 2640
l 2640 2641
l 2641 2642
l 2642 2643
l 2643 2644
l 2644 5
l 19 20
l 20 2645
l 2645 2646
l 2647 2648
l 2649 2650
l 2648 2649
l 2646 2647
l 2651 2652
l 2652 19
l 2650 2653
l 2653 2654
l 2654 2655
l 22 21
l 2655 22
l 21 2651
l 117 2656
l 2657 2658
l 2658 2659
l 2656 2657
l 2659 2660
l 2660 2661
l 2661 2662
l 2662 2663
l 2663 2664
l 2664 2665
l 2665 115
l 2666 2667
l 2667 116
l 2668 2666
l 2669 2670
l 2671 2672
l 2670 2668
l 2672 2669
l 2673 2671
l 2674 2673
l 2675 2674
l 114 2675
l 23 24
l 2676 23
l 2677 2676
l 2678 2679
l 2680 2681
l 2682 2677
l 2683 2684
l 2681 25
l 24 2680
l 2679 2682
l 2685 2678
l 2684 2686
l 25 26
l 26 2683
l 2686 2685
l 19 1287
l 1285 24
l 2687 2688
l 2689 20
l 2688 2689
l 2690 2687
l 2691 2690
l 23 2692
l 2692 2691
l 22 2693
l 25 2694
l 2695 2696
l 2694 21
l 2693 2697
l 2697 2698
l 2698 2699
l 2696 26
l 2699 2695
l 2700 109
l 110 2700
l 2701 2702
l 2702 2703
l 2704 2705
l 2706 2704
l 2703 2706
l 2707 2701
l 2708 2709
l 2710 2708
l 2711 2707
l 2712 2711
l 2713 2712
l 2709 2713
l 2705 2714
l 2715 2716
l 2716 2717
l 2718 2719
l 2720 2718
l 2717 2720
l 2721 2715
l 2722 2723
l 2724 2722
l 2723 2725
l 2726 2721
l 2727 2726
l 2725 2727
l 2728 2724
l 2714 2728
l 2729 2710
l 2730 2731
l 2732 2730
l 2733 2734
l 2735 2736
l 2736 2733
l 2731 2735
l 2737 2738
l 111 2737
l 2739 2740
l 2741 2742
l 2742 2739
l 2738 2741
l 2740 2732
l 2743 2744
l 2745 2743
l 2746 2729
l 2747 2748
l 2748 2746
l 2744 2747
l 2749 2750
l 2751 2752
l 2752 2749
l 2753 2754
l 2755 2756
l 2756 2753
l 2750 2755
l 2754 2745
l 2734 2751
l 2719 2757
l 2758 2759
l 2759 2760
l 2761 2762
l 2763 2761
l 2760 2763
l 2764 2758
l 2765 2766
l 2766 2767
l 2768 2764
l 2769 2768
l 2767 2769
l 2770 2765
l 2762 2771
l 2772 2773
l 2773 2774
l 2775 2776
l 2777 2775
l 2774 2777
l 2778 2772
l 2779 2780
l 2781 2779
l 2780 2782
l 2783 2778
l 2784 2783
l 2782 2784
l 2785 2781
l 2771 2785
l 2776 2786
l 2787 2788
l 2788 2789
l 2790 2791
l 2792 2790
l 2789 2792
l 2793 2787
l 2794 2795
l 2796 2794
l 2795 2797
l 2798 2793
l 2799 2798
l 2797 2799
l 2800 2796
l 2791 2801
l 2802 2803
l 2803 2804
l 2804 2770
l 2801 2802
l 2757 2800
l 2786 2805
l 2806 2807
l 2807 2808
l 2809 2810
l 2811 2809
l 2808 2811
l 2812 2806
l 2813 2814
l 2814 2815
l 2816 2812
l 2817 2816
l 2815 2817
l 2818 2813
l 2810 2819
l 2820 2821
l 2821 2822
l 2823 2824
l 2825 2823
l 2822 2825
l 2826 2820
l 2827 2828
l 2829 2827
l 2828 2830
l 2831 2826
l 2832 2831
l 2830 2832
l 2833 2829
l 2819 2833
l 2834 2818
l 2835 2836
l 2836 2837
l 2838 2839
l 2840 2838
l 2837 2840
l 2841 2835
l 2842 2843
l 2843 2844
l 2845 2841
l 2846 2845
l 2844 2846
l 2847 2842
l 2839 2848
l 2849 2850
l 2850 2851
l 2852 2834
l 2853 2852
l 2851 2853
l 2854 2849
l 2855 2856
l 2857 2855
l 2856 2858
l 2859 2854
l 2860 2859
l 2858 2860
l 2861 2857
l 2848 2861
l 2805 2847
l 2824 2862
l 2863 2864
l 2864 2865
l 2866 2867
l 2868 2866
l 2865 2868
l 2869 2863
l 2870 2871
l 2871 2872
l 2873 2869
l 2874 2873
l 2872 2874
l 2875 2870
l 2867 2876
l 2877 2878
l 2878 2879
l 2880 2881
l 2881 2882
l 2879 2880
l 2883 2877
l 2884 2885
l 2886 2884
l 2885 2887
l 2888 2883
l 2889 2888
l 2887 2889
l 2890 2886
l 2876 2890
l 2882 27
l 2891 2892
l 2892 2893
l 2894 2895
l 2896 2894
l 2893 2896
l 2897 2891
l 2898 2899
l 2900 2898
l 2899 2901
l 2902 2897
l 2903 2902
l 2901 2903
l 2904 2900
l 2895 2905
l 2906 2907
l 2907 2908
l 27 112
l 2908 2909
l 2909 2875
l 2905 2906
l 2862 2904
l 112 2910
l 2910 113
l 28 2911
l 114 28
l 2911 2912
l 2913 2914
l 2915 2916
l 2914 2915
l 2912 2913
l 2916 29
l 29 115
l 2917 30
l 30 116
l 2918 2919
l 2919 2917
l 2920 2921
l 31 2922
l 117 31
l 2922 2920
l 2921 2918
l 118 2923
l 2924 2925
l 2925 2926
l 2923 2924
l 2927 2928
l 2928 2929
l 2930 2931
l 2931 2932
l 2929 2930
l 2926 2927
l 2933 2934
l 2935 2936
l 2936 2937
l 2934 2935
l 2938 2939
l 2939 2940
l 2941 2942
l 2942 32
l 32 119
l 2940 2941
l 2937 2938
l 2932 2933
l 2943 120
l 2944 2945
l 2946 2944
l 2945 2943
l 2947 2948
l 2949 2947
l 2950 2951
l 2952 2950
l 2951 2949
l 2948 2946
l 2953 2954
l 2955 2956
l 2957 2955
l 2956 2953
l 2958 2959
l 2960 2958
l 2961 2962
l 33 2961
l 121 33
l 2962 2960
l 2959 2957
l 2954 2952
l 2963 34
l 34 122
l 2964 2963
l 2965 2966
l 2967 2965
l 2968 2969
l 2966 2970
l 2970 2964
l 2969 2967
l 123 35
l 35 2968
l 2971 124
l 125 2972
l 126 2971
l 2972 127
l 2973 36
l 36 126
l 2974 2975
l 2976 2974
l 2975 2973
l 2977 2978
l 2979 2980
l 2981 2979
l 2980 2977
l 2978 2976
l 2982 2983
l 2984 2985
l 2986 2984
l 2985 2982
l 2987 2988
l 2989 2990
l 37 2989
l 127 37
l 2990 2987
l 2988 2986
l 2983 2981
l 128 36
l 38 128
l 37 129
l 129 39
l 122 38
l 39 123
l 130 2991
l 2991 131
l 40 132
l 2992 40
l 133 41
l 41 2992
l 2993 134
l 135 2993
l 136 42
l 42 135
l 2994 2995
l 2996 2997
l 2995 2996
l 2998 2999
l 2999 3000
l 2997 2998
l 3000 3001
l 38 2994
l 3001 3002
l 3003 3004
l 3002 3003
l 3005 3006
l 3007 3008
l 3006 3007
l 3004 3005
l 3008 3009
l 3010 3011
l 3012 3013
l 3011 3012
l 43 136
l 3013 43
l 3009 3010
l 3014 3015
l 3016 3017
l 3018 3019
l 43 137
l 138 44
l 3020 3021
l 3022 42
l 3023 3022
l 3024 3023
l 3017 3024
l 3025 3016
l 3019 3026
l 3026 3014
l 3015 3025
l 3021 3027
l 3028 3020
l 3029 3030
l 45 3029
l 3030 3028
l 44 139
l 139 45
l 3027 3031
l 3031 3018
l 45 140
l 140 3032
l 3032 141
l 3033 41
l 3034 3035
l 3036 3033
l 3037 3034
l 3038 3039
l 3040 3041
l 46 3040
l 142 46
l 3042 3038
l 3035 3036
l 3041 3042
l 3039 3037
l 3043 143
l 144 3043
l 47 145
l 145 144
l 3044 3045
l 3045 47
l 3046 3044
l 3047 3048
l 3049 3050
l 48 3051
l 3051 3049
l 146 48
l 3048 3046
l 131 146
l 3050 3047
l 3052 3053
l 3053 3054
l 3055 3056
l 3056 3057
l 143 147
l 147 49
l 3058 3052
l 49 3058
l 3054 3055
l 3059 50
l 3057 3059
l 50 148
l 148 130
l 49 149
l 150 50
l 3060 3061
l 3062 3063
l 3064 3065
l 149 51
l 52 150
l 3066 3067
l 51 151
l 151 53
l 53 3068
l 3068 3069
l 3069 3070
l 3070 3062
l 3063 3071
l 3072 3064
l 3061 3072
l 3071 3060
l 3073 3066
l 3067 3074
l 3075 3076
l 3076 54
l 3074 3075
l 152 52
l 54 152
l 3077 3073
l 3065 3077
l 53 153
l 154 54
l 153 3078
l 3079 154
l 3078 155
l 156 3079
l 40 3080
l 3081 3082
l 3080 3083
l 3082 3084
l 3085 3086
l 3087 3088
l 3088 55
l 55 157
l 3086 3089
l 3083 3081
l 3089 3087
l 3084 3085
l 3090 55
l 46 3090
l 137 47
l 48 138
l 159 56
l 56 3091
l 3091 57
l 57 158
l 3092 160
l 161 3092
l 162 58
l 58 161
l 3093 3094
l 51 3093
l 3094 3095
l 3095 3096
l 3097 3098
l 3096 3097
l 3099 59
l 59 162
l 3098 3099
l 60 163
l 164 60
l 163 59
l 3100 3101
l 3102 3103
l 3104 3105
l 3106 3107
l 165 61
l 3108 58
l 3109 3108
l 3110 3109
l 3103 3110
l 3111 3102
l 3105 3112
l 3112 3100
l 3101 3111
l 3107 3113
l 3114 3106
l 3115 3116
l 62 3115
l 3116 3114
l 61 166
l 166 62
l 3113 3117
l 3117 3104
l 62 167
l 167 3118
l 3118 168
l 3119 56
l 3120 3121
l 3122 3119
l 3123 3120
l 3124 3125
l 3126 3127
l 169 63
l 63 3126
l 3128 3124
l 3121 3122
l 3127 3128
l 3125 3123
l 60 3129
l 3130 3131
l 3129 3130
l 3131 3132
l 3132 3133
l 3133 3134
l 3135 3136
l 64 165
l 3136 64
l 3134 3135
l 52 3137
l 3138 3139
l 3137 3138
l 3139 3140
l 3140 3141
l 3142 3143
l 3143 61
l 3141 3142
l 64 170
l 3144 63
l 65 3144
l 171 65
l 3145 3146
l 3147 3148
l 3148 3145
l 3149 3150
l 3151 3149
l 3150 3147
l 3152 3151
l 3146 39
l 3153 3152
l 3154 3155
l 3155 3153
l 3156 3157
l 3158 3159
l 3159 3156
l 3157 3154
l 3160 3161
l 3161 3162
l 3163 3160
l 44 3163
l 3162 3158
l 3164 3165
l 3166 3167
l 3167 3168
l 3169 3170
l 3170 3171
l 66 172
l 3172 3173
l 3174 3169
l 3165 3175
l 3168 3164
l 3171 3166
l 3175 66
l 3173 3174
l 3176 3172
l 3177 3176
l 3178 3177
l 3179 3180
l 3181 3182
l 3183 3178
l 3184 3183
l 3180 3185
l 3185 3184
l 3182 3179
l 3186 3181
l 67 3186
l 170 67
l 3187 3188
l 3189 3190
l 3191 3189
l 3192 3193
l 3194 3192
l 173 68
l 3195 3196
l 3193 3197
l 3198 3187
l 3188 3191
l 3190 3194
l 68 3198
l 3197 3195
l 3196 3199
l 3199 3200
l 3200 3201
l 3202 3203
l 3204 3205
l 3201 3206
l 3206 3207
l 3208 3202
l 3207 3208
l 3203 3204
l 3205 3209
l 3209 69
l 69 164
l 34 173
l 172 35
l 174 3210
l 3211 3212
l 3210 3211
l 3212 3213
l 3213 3214
l 3214 3215
l 3215 3216
l 3216 3217
l 3218 3219
l 3217 3218
l 3220 3221
l 3222 3223
l 3223 175
l 3221 3222
l 3219 3220
l 3224 181
l 177 3225
l 3226 182
l 3227 3228
l 3228 3226
l 3229 3227
l 3230 3229
l 3231 3230
l 3232 3231
l 3233 3232
l 3234 3235
l 3235 3233
l 3236 3237
l 3238 3239
l 183 3238
l 3239 3236
l 3237 3234
l 184 3240
l 3241 185
l 2196 187
l 3242 3243
l 186 2037
l 3244 3245
l 176 3246
l 3247 188
l 3246 189
l 190 3247
l 3248 70
l 3249 3250
l 3250 3248
l 3251 3252
l 3253 3254
l 3254 3251
l 3252 3249
l 3255 3253
l 3256 3255
l 3257 3256
l 70 71
l 3258 3257
l 3259 3260
l 3260 3261
l 3262 3263
l 3264 3262
l 3263 3259
l 3265 3266
l 3266 3264
l 3267 3265
l 72 3267
l 73 72
l 3261 3258
l 191 1864
l 71 191
l 1871 192
l 192 73
l 3268 3269
l 3270 3271
l 3269 3270
l 3272 3268
l 3271 3273
l 3273 3274
l 3274 3275
l 3276 3277
l 3278 3279
l 3280 3281
l 3282 3283
l 3284 3285
l 3286 3287
l 3288 3289
l 3275 3290
l 3291 3292
l 3293 3294
l 3295 3296
l 3297 3298
l 3299 3300
l 3301 3302
l 3303 3304
l 3305 3306
l 3307 3308
l 3309 3310
l 3311 3312
l 3313 3314
l 3315 3316
l 3290 3317
l 3317 3318
l 3318 3276
l 3319 3280
l 3281 3320
l 3277 3319
l 3321 3282
l 3279 3321
l 3283 3322
l 3285 3323
l 3322 3284
l 3320 3278
l 3324 3325
l 3287 3324
l 3326 3291
l 3289 3326
l 3325 3288
l 3292 3327
l 3327 3295
l 3328 3293
l 3294 3329
l 3329 3303
l 3296 3328
l 3323 3286
l 3304 3330
l 3330 3297
l 3331 3332
l 3332 3301
l 3298 3331
l 3333 3299
l 3300 3334
l 3335 3313
l 3316 3335
l 3334 3315
l 3302 3333
l 3336 3305
l 3306 3337
l 3338 3339
l 3312 3338
l 3337 3311
l 3340 3309
l 3308 3340
l 3310 3341
l 3342 3343
l 3343 3344
l 3341 3342
l 3339 3307
l 3314 3336
l 193 3345
l 3345 3346
l 3346 194
l 3347 195
l 196 3348
l 3349 197
l 74 3349
l 3350 74
l 3348 75
l 75 3350
l 198 3347
l 72 3351
l 3351 3352
l 3353 3354
l 3352 3353
l 3355 3356
l 3357 3358
l 3356 3357
l 3354 3355
l 3359 3360
l 3361 3362
l 3360 3361
l 3363 3364
l 3364 3365
l 3362 3363
l 3358 3359
l 3366 3367
l 3367 3368
l 3369 76
l 76 3370
l 3368 3369
l 3371 3366
l 3365 3371
l 3372 3373
l 3373 3374
l 3374 3375
l 3375 3376
l 3376 3377
l 3377 3378
l 3379 3380
l 3380 3381
l 3382 3383
l 3383 3384
l 3381 3382
l 3384 3385
l 3378 3379
l 73 3386
l 3387 3372
l 3386 3387
l 77 76
l 3385 3388
l 3389 77
l 3388 3389
l 199 77
l 3390 3391
l 3391 3392
l 3393 3394
l 3392 3395
l 3395 3396
l 3396 3393
l 3394 3397
l 3398 3399
l 3397 3398
l 3400 3401
l 3402 3403
l 3404 3405
l 3406 3407
l 3408 3409
l 3410 3400
l 3411 3412
l 3401 3413
l 3414 3415
l 3416 3417
l 3418 3410
l 3399 3418
l 3413 3402
l 3419 3420
l 3420 3408
l 3403 3419
l 3409 3421
l 3421 3422
l 3423 3406
l 3405 3423
l 3422 3404
l 3407 3424
l 3424 3425
l 3417 3426
l 3425 3416
l 3412 3427
l 3428 3414
l 3415 3242
l 3427 3428
l 3426 3411
l 3429 78
l 3430 3431
l 3432 3430
l 3431 3429
l 3433 3432
l 3434 3433
l 78 3435
l 3436 3437
l 3438 3439
l 3440 3438
l 3439 3436
l 74 3440
l 3437 3434
l 3435 180
l 3224 200
l 201 3240
l 3441 79
l 3442 3443
l 3443 3441
l 3444 3445
l 3446 3447
l 3447 3444
l 3445 3442
l 3448 3446
l 3449 3448
l 3450 3449
l 79 80
l 3451 3450
l 3452 3453
l 3453 3454
l 3455 3456
l 3457 3455
l 3456 3452
l 3458 3459
l 3459 3457
l 3460 3458
l 81 3460
l 82 81
l 3454 3451
l 202 2028
l 80 202
l 186 82
l 3461 3462
l 3463 3461
l 3464 3465
l 3466 3463
l 3467 3466
l 3465 3467
l 3468 3464
l 3469 3470
l 3470 3468
l 3471 3472
l 3473 3474
l 3475 3476
l 3477 3478
l 3479 3480
l 3472 3481
l 3482 3483
l 3484 3471
l 3485 3486
l 3487 3488
l 3481 3489
l 3489 3469
l 3474 3484
l 3490 3491
l 3480 3490
l 3491 3473
l 3492 3479
l 3493 3492
l 3478 3494
l 3494 3475
l 3476 3493
l 3495 3477
l 3496 3495
l 3497 3487
l 3488 3496
l 3498 3482
l 3486 3499
l 3500 3485
l 3499 3498
l 3483 3497
l 83 3501
l 3502 3503
l 3503 3504
l 3501 3502
l 3504 3505
l 3505 3506
l 3507 83
l 3508 3509
l 3510 3511
l 3511 3512
l 3509 3510
l 3512 75
l 3506 3508
l 179 3507
l 3513 178
l 203 3513
l 3514 3515
l 3516 3514
l 3517 3518
l 3519 3520
l 3520 3517
l 3518 3516
l 3521 3522
l 3523 3524
l 3524 3521
l 3525 3526
l 3527 3525
l 3526 3523
l 3522 3519
l 3528 3529
l 3530 3528
l 3370 3530
l 3529 3531
l 3531 3527
l 3515 3532
l 84 3532
l 85 84
l 2099 204
l 204 85
l 199 2108
l 3533 205
l 3534 3533
l 206 3534
l 3535 193
l 3390 3535
l 205 3243
l 194 3536
l 3536 3462
l 3500 3537
l 3537 206
l 3538 78
l 83 3538
l 207 3241
l 81 3539
l 3539 3540
l 3541 3542
l 3540 3541
l 3543 3544
l 3545 3546
l 3544 3545
l 3542 3543
l 3547 3548
l 3548 86
l 86 3549
l 3546 3547
l 3550 3551
l 3552 3553
l 3553 3554
l 82 3555
l 3555 3556
l 3556 3550
l 3551 3552
l 87 86
l 3554 3557
l 3558 87
l 3557 3558
l 187 87
l 3559 3560
l 3561 3559
l 3562 3563
l 3564 3562
l 3563 3561
l 3565 3566
l 3567 3565
l 3568 3569
l 3570 3571
l 3571 3568
l 3569 3567
l 3566 3564
l 3572 3573
l 3574 3572
l 3575 3576
l 3577 3575
l 3576 3574
l 3578 3579
l 3580 3578
l 3581 3582
l 3583 3584
l 3584 3581
l 3582 3580
l 3579 3577
l 3573 3570
l 3585 3586
l 3587 3585
l 3588 3587
l 3586 3583
l 3589 3588
l 3590 3589
l 3591 3590
l 3592 3593
l 3594 3592
l 3593 3591
l 3595 3594
l 3596 3595
l 3597 3596
l 3245 3597
l 208 88
l 3598 3599
l 2187 208
l 3600 3601
l 3602 3603
l 3604 3605
l 89 3606
l 88 89
l 3606 3607
l 3607 3608
l 3608 3609
l 3609 3598
l 3610 3611
l 3611 3604
l 3599 3610
l 3605 3600
l 3601 3612
l 3613 3549
l 3612 3602
l 3603 3614
l 3615 3616
l 3616 3613
l 3614 3615
l 209 3225
l 3617 79
l 3618 3617
l 3619 3620
l 3620 3618
l 3621 3622
l 3623 3624
l 3624 3621
l 3622 3619
l 3625 3626
l 89 3625
l 3626 3623
l 3627 70
l 3628 3627
l 3629 3630
l 3630 3628
l 3631 3632
l 3633 3634
l 3634 3631
l 3632 3629
l 3635 3636
l 3637 3638
l 3638 3635
l 3639 3640
l 3641 3642
l 3642 3639
l 3640 3637
l 3636 3633
l 3643 3644
l 3645 3643
l 84 3646
l 3646 3645
l 3644 3641
l 3647 3648
l 3649 3650
l 3651 3649
l 3652 80
l 3653 3652
l 3648 3653
l 3650 3647
l 3654 3651
l 88 3655
l 3655 3654
l 3656 3657
l 3658 3656
l 3659 3658
l 3660 3659
l 3661 3660
l 3662 3661
l 3663 3664
l 3665 3663
l 3666 3667
l 3668 3666
l 3667 3665
l 3669 3668
l 3664 3662
l 3670 71
l 3657 3671
l 3671 3670
l 3672 3669
l 85 3673
l 3673 3672
l 3560 3674
l 3675 3676
l 3677 3678
l 3679 3680
l 3678 3681
l 3682 3683
l 3684 3685
l 3686 3687
l 3688 3686
l 3689 3690
l 90 3691
l 3691 3692
l 3680 90
l 3692 3693
l 3693 3694
l 3694 3695
l 3695 3675
l 3696 3697
l 3698 3699
l 3700 3701
l 3702 3703
l 3704 3705
l 3706 3702
l 3707 3708
l 3709 3710
l 3711 3712
l 3713 3714
l 3715 3716
l 3717 3718
l 3716 3719
l 3720 3721
l 3722 3723
l 3724 3725
l 3726 91
l 91 3244
l 3727 3728
l 3723 3729
l 3730 3731
l 3676 3677
l 3683 3689
l 3681 3682
l 3690 3684
l 3687 3696
l 3685 3688
l 3697 3698
l 3731 3700
l 3699 3730
l 3705 3711
l 3703 3704
l 3701 3706
l 3708 3709
l 3710 3732
l 3733 3734
l 3732 3733
l 3735 3736
l 3736 3737
l 3718 3713
l 3737 3717
l 3734 3735
l 3721 3722
l 3719 3720
l 3729 3724
l 3728 3726
l 3725 3727
l 3714 3715
l 3712 3707
l 3344 3679
l 3738 3739
l 92 3738
l 3740 3741
l 3742 3743
l 3743 92
l 3744 3745
l 3746 3744
l 3745 3742
l 3747 3748
l 3749 3747
l 3750 3740
l 3741 3749
l 3748 3746
l 3751 3750
l 3752 3753
l 3754 3755
l 3756 3757
l 3758 3759
l 3760 3761
l 3762 3763
l 3764 3765
l 3766 3764
l 3767 3768
l 3769 3770
l 3771 3772
l 3773 3774
l 3775 3776
l 3753 3766
l 3765 3751
l 3759 3777
l 3777 3752
l 3778 3779
l 3755 3778
l 3780 3754
l 3781 3780
l 3779 3758
l 3782 3756
l 3783 3767
l 3768 3782
l 3763 3784
l 3785 3786
l 3787 3785
l 3786 3762
l 3784 3783
l 3757 3781
l 3788 3789
l 3790 3788
l 3791 3792
l 3793 3791
l 3792 3790
l 3794 3795
l 3761 3794
l 3796 3760
l 3776 3796
l 3795 3793
l 3797 3775
l 3798 3797
l 3799 3769
l 3770 3798
l 3800 3771
l 3674 93
l 93 3773
l 3774 3800
l 3772 3799
l 3789 3787
l 3739 3272
l 65 3801
l 3802 3803
l 3801 3802
l 3803 3804
l 3804 3805
l 3806 3807
l 3807 3808
l 3808 57
l 3805 3806
l 3809 3810
l 3811 3809
l 3812 3813
l 3813 3814
l 3814 3811
l 3810 3815
l 3816 3817
l 3817 3818
l 3815 3819
l 3819 3820
l 3820 3821
l 3821 3816
l 3822 3812
l 3823 3824
l 3825 3823
l 3826 3827
l 3827 3828
l 3828 3825
l 3824 3829
l 3830 3831
l 3831 3832
l 3833 3830
l 3829 3834
l 3834 3835
l 3835 3833
l 3832 3836
l 3836 3822
l 3818 3837
l 3838 3839
l 3839 3840
l 3841 3842
l 3843 3844
l 3842 3843
l 3844 3838
l 3845 3846
l 3846 210
l 3847 3848
l 3849 3850
l 3848 3849
l 3850 3845
l 3840 3847
l 3851 3852
l 3852 3853
l 3837 3854
l 3855 3856
l 3854 3855
l 3856 3851
l 3857 3858
l 3859 3860
l 3858 3859
l 3861 3862
l 3863 3864
l 3862 3863
l 3864 3857
l 3853 3861
l 3860 3841
l 3865 3826
l 3866 3867
l 3868 3866
l 3869 3870
l 3870 3871
l 3871 3868
l 3867 3872
l 3873 3874
l 3875 3873
l 3872 3876
l 3876 3877
l 3877 3875
l 3874 3878
l 3879 3869
l 3880 3881
l 3882 3880
l 3883 3884
l 3884 3885
l 3885 3882
l 3881 3886
l 3887 3888
l 3888 3889
l 3890 3887
l 3886 3891
l 3891 3892
l 3892 3890
l 3889 3893
l 3893 3879
l 3894 3883
l 3895 3896
l 3897 3895
l 3898 3899
l 3899 3900
l 3900 3897
l 3896 3901
l 3902 3903
l 3903 3904
l 3905 3902
l 3901 3906
l 3906 3907
l 3907 3905
l 3904 3908
l 3909 3898
l 3910 3911
l 3912 3910
l 3878 3912
l 3911 3909
l 3908 3865
l 3913 3894
l 3914 3915
l 3916 3914
l 3917 3918
l 3918 3919
l 3919 3916
l 3915 3920
l 3921 3922
l 3923 3921
l 3920 3924
l 3924 3925
l 3925 3923
l 3922 3926
l 3927 3917
l 3928 3929
l 3930 3928
l 3931 3932
l 3932 3933
l 3933 3930
l 3929 3934
l 3935 3936
l 3936 3937
l 3938 3935
l 3934 3939
l 3939 3940
l 3940 3938
l 3937 3941
l 3941 3927
l 3926 3942
l 3943 3944
l 3945 3943
l 3946 3947
l 3947 3948
l 3948 3945
l 3944 3949
l 3950 3951
l 3952 3950
l 3949 3953
l 3953 3954
l 3954 3952
l 3951 3955
l 3956 3946
l 3957 3958
l 3959 3957
l 3942 3960
l 3960 3961
l 3961 3959
l 3958 3962
l 3963 3964
l 3964 3965
l 3966 3963
l 3962 3967
l 3967 3968
l 3968 3966
l 3965 3969
l 3969 3956
l 3955 3913
l 3970 3931
l 3971 3972
l 3973 3971
l 3974 3975
l 3975 3976
l 3976 3973
l 3972 3977
l 3978 3979
l 3980 3978
l 3977 3981
l 3981 3982
l 3982 3980
l 3979 3983
l 3984 3974
l 3985 3986
l 3987 3985
l 3988 3989
l 3990 3988
l 3989 3987
l 3986 3991
l 3992 3993
l 3993 3994
l 3995 3992
l 3991 3996
l 3996 3997
l 3997 3995
l 3994 3998
l 3998 3984
l 94 3990
l 3999 4000
l 4001 3999
l 4002 4003
l 4003 4004
l 4004 4001
l 4000 4005
l 4006 4007
l 4007 4008
l 4009 4006
l 4005 4010
l 4010 4011
l 4011 4009
l 4008 4012
l 4013 4002
l 4014 4015
l 4016 4014
l 113 94
l 4017 4016
l 3983 4017
l 4015 4013
l 4012 3970
l 68 211
l 211 111
l 212 69
l 210 212
l 213 95
l 95 214
l 90 213
l 215 91
l 96 215
l 216 96
l 214 97
l 97 4018
l 4019 4020
l 4020 4021
l 4018 4019
l 4022 4023
l 4024 4025
l 4025 4026
l 4023 4024
l 4021 4022
l 4027 4028
l 4029 4030
l 4030 4031
l 4028 4029
l 4032 4033
l 4034 4035
l 4035 4036
l 4033 4034
l 4031 4032
l 4026 4027
l 4037 4038
l 4039 4040
l 4040 4041
l 4038 4039
l 4042 4043
l 4044 4045
l 4045 4046
l 4043 4044
l 4041 4042
l 4047 4048
l 4049 4050
l 4050 4051
l 4048 4049
l 4052 4053
l 4054 4055
l 4055 4056
l 4053 4054
l 4051 4052
l 4046 4047
l 4036 4037
l 4057 4058
l 4059 4060
l 4060 4061
l 4058 4059
l 4062 4063
l 4064 4065
l 4065 4066
l 4063 4064
l 4061 4062
l 4067 4068
l 4069 4070
l 4070 4071
l 4068 4069
l 4072 4073
l 4074 4075
l 4075 4076
l 4073 4074
l 4071 4072
l 4066 4067
l 4077 4078
l 4079 4080
l 4080 4081
l 4078 4079
l 4082 4083
l 4084 4085
l 4085 4086
l 4083 4084
l 4081 4082
l 4087 4088
l 4089 4090
l 4090 4091
l 4088 4089
l 4092 4093
l 4094 4095
l 4095 98
l 98 216
l 4093 4094
l 4091 4092
l 4086 4087
l 4076 4077
l 4056 4057
l 4096 4097
l 99 4098
l 4097 4099
l 4098 4096
l 4099 4100
l 4100 4101
l 4102 4103
l 4101 4104
l 4104 4102
l 97 99
l 4103 4105
l 4105 4106
l 4107 4108
l 4106 4107
l 4109 98
l 100 4109
l 4110 100
l 4108 4110
l 33 100
l 4111 4112
l 4113 4114
l 4112 4115
l 4116 4117
l 4118 4119
l 4119 4120
l 4114 4118
l 4117 4113
l 4115 4116
l 4121 4122
l 4123 4124
l 4124 4125
l 4122 4123
l 4126 4127
l 4127 4128
l 4129 4130
l 4130 4131
l 4128 4129
l 4125 4126
l 4132 4133
l 4134 4135
l 4135 4136
l 4137 4134
l 4138 4139
l 4136 4138
l 4139 4140
l 4140 4141
l 4133 4137
l 4131 4132
l 4142 4143
l 4144 4145
l 4143 4144
l 4146 4147
l 4148 4146
l 4147 4149
l 4150 4151
l 4151 4152
l 4149 4150
l 4141 4142
l 4120 4121
l 101 4111
l 4153 4154
l 4155 4156
l 4156 4157
l 4158 4159
l 4160 4161
l 4161 4162
l 4163 4160
l 4157 4158
l 4164 4165
l 4166 4167
l 4162 4168
l 4169 4170
l 4154 4155
l 4170 4164
l 4167 4171
l 4168 4169
l 4165 4166
l 4172 4173
l 4174 4175
l 4175 4172
l 4176 4177
l 4177 4178
l 4179 4180
l 4173 4176
l 4171 4174
l 4181 4182
l 4183 4184
l 4185 4183
l 4180 4186
l 4186 4187
l 4182 4185
l 4184 4188
l 4187 4181
l 4178 4179
l 4159 4163
l 4152 4153
l 4145 4148
l 4189 4190
l 4191 4192
l 4192 4193
l 4190 4194
l 4194 4191
l 4195 4196
l 4197 4198
l 4198 4199
l 4196 4197
l 4193 4200
l 4200 4195
l 4201 4202
l 4203 4204
l 4204 4205
l 4202 4203
l 4206 4207
l 4207 4208
l 4209 4210
l 4210 4211
l 4208 4209
l 4205 4206
l 4199 4201
l 4212 4213
l 4214 4215
l 4215 4216
l 4213 4214
l 4217 4218
l 4218 4219
l 4220 4221
l 4221 4222
l 4219 4220
l 4216 4217
l 4223 4224
l 4225 4226
l 4226 4227
l 4224 4225
l 4228 4229
l 4229 4230
l 4231 4232
l 4232 4233
l 4230 4231
l 4227 4228
l 4222 4223
l 4211 4212
l 4234 4235
l 4236 4237
l 4237 4238
l 4235 4236
l 4239 4240
l 4241 4242
l 4242 4243
l 4240 4241
l 4238 4239
l 4244 4245
l 4246 4247
l 4247 4248
l 4245 4246
l 4249 4250
l 4250 4251
l 4252 4253
l 4253 4254
l 4251 4252
l 4248 4249
l 4255 4256
l 4257 4258
l 4256 4259
l 4260 4261
l 4262 4263
l 4263 4264
l 4258 4260
l 4265 4266
l 4267 4268
l 4269 4270
l 4264 4271
l 4233 4234
l 4188 4189
l 217 218
l 4272 4257
l 4273 4274
l 4275 4255
l 4274 4276
l 4276 4277
l 4278 4279
l 4279 4280
l 4280 4262
l 4277 4278
l 4281 4282
l 4283 4284
l 4285 4283
l 4282 4285
l 4286 4265
l 4287 4288
l 4289 4290
l 4288 4291
l 4291 4267
l 4292 4293
l 4293 4294
l 4295 4269
l 4296 4295
l 4294 4296
l 4290 4297
l 4297 4292
l 4298 4299
l 4299 4287
l 4300 4301
l 4302 4303
l 4303 4304
l 4301 4302
l 4305 4306
l 4306 4307
l 4308 4309
l 4309 4310
l 4307 4308
l 4304 4305
l 4311 4312
l 4313 4314
l 4314 4315
l 4312 4313
l 4316 4317
l 4317 217
l 4315 4316
l 4310 4311
l 4318 4300
l 4243 4319
l 4254 4275
l 4259 4272
l 4271 4286
l 4261 4273
l 4266 4281
l 4284 4298
l 4268 4289
l 4270 4318
l 28 101
l 94 29
l 4319 4244
l 219 93
l 4320 102
l 102 219
l 4321 4320
l 4322 4323
l 4324 4322
l 4323 4321
l 4325 4326
l 4327 4325
l 4328 4329
l 4330 4331
l 4331 4328
l 4329 4327
l 4326 4324
l 4332 4333
l 4334 4332
l 4335 4336
l 4337 4335
l 4336 4334
l 4338 4339
l 4340 4338
l 4341 4342
l 4343 4344
l 4344 4341
l 4342 4340
l 4339 4337
l 4333 4330
l 4345 4346
l 4347 4345
l 4348 4349
l 4350 4348
l 4349 4347
l 4351 4352
l 4353 4351
l 4354 4355
l 4356 4357
l 4357 4354
l 4355 4353
l 4352 4350
l 4358 4359
l 4360 4358
l 4361 4362
l 4363 4361
l 4362 4360
l 4364 4365
l 4366 4364
l 4367 4368
l 96 4369
l 4369 4367
l 4368 4366
l 4365 4363
l 4359 4356
l 4346 4343
l 220 103
l 4370 4371
l 4372 4373
l 4374 4375
l 4376 4377
l 4378 4379
l 4380 4381
l 4382 4383
l 4384 4385
l 4386 4387
l 4388 4389
l 4390 4391
l 4392 4393
l 4394 4395
l 4396 4397
l 4398 4399
l 4400 4401
l 4402 4403
l 4404 4405
l 4406 4407
l 4371 4372
l 4375 4378
l 4373 4374
l 4408 4382
l 4377 4408
l 4383 4380
l 4381 4384
l 4379 4376
l 4385 4386
l 4387 4409
l 4389 4392
l 4409 4388
l 4391 4394
l 4410 4398
l 4397 4410
l 4395 4396
l 4393 4390
l 4411 4412
l 4413 4414
l 4399 4400
l 4415 4416
l 4417 4418
l 4401 4406
l 4407 4402
l 4419 4404
l 4403 4419
l 4412 4413
l 4418 95
l 4416 4417
l 4414 4415
l 4405 4411
l 103 4370
l 4420 4421
l 4422 4423
l 4424 4425
l 4426 4427
l 4428 4429
l 222 221
l 4430 4431
l 4432 4430
l 4433 4434
l 4435 4433
l 4434 4432
l 4431 4436
l 4437 4438
l 4439 4440
l 4441 4439
l 4440 4437
l 4442 4443
l 4444 4442
l 4445 4446
l 4447 4445
l 4446 4444
l 4443 4441
l 4448 4449
l 4450 4451
l 4452 4450
l 4451 4448
l 4453 4454
l 4455 4453
l 4456 4457
l 221 4456
l 4457 4455
l 4454 4452
l 4449 4447
l 4438 4435
l 4458 4459
l 4460 4458
l 4461 4462
l 4463 4464
l 4465 4466
l 4467 4465
l 4468 4469
l 4470 4468
l 4469 4467
l 4464 4460
l 4471 4472
l 4473 4474
l 4475 4473
l 4474 4471
l 4476 4477
l 4478 4476
l 4479 4480
l 4481 4479
l 4480 4478
l 4477 4475
l 4482 4483
l 4484 4485
l 4486 4484
l 4485 4482
l 4487 4488
l 4489 4487
l 4490 4491
l 4492 4490
l 4491 4489
l 4488 4486
l 4483 4481
l 4472 4470
l 4493 4494
l 4495 4496
l 4497 4495
l 4496 4493
l 4498 4499
l 4500 4501
l 4502 4500
l 4501 4498
l 4499 4497
l 4503 4504
l 4505 4503
l 4504 4502
l 4506 4507
l 4508 4509
l 4510 4508
l 4509 4506
l 4511 4512
l 4513 4511
l 4514 4515
l 4516 4514
l 4515 4513
l 4512 4510
l 4517 4518
l 4423 4420
l 4519 4520
l 4421 4519
l 4521 4522
l 4520 4517
l 4429 4521
l 4523 4524
l 4425 4426
l 4525 4424
l 4526 4525
l 4427 4523
l 4522 4422
l 4524 4428
l 4518 4516
l 4507 4505
l 4494 4492
l 4436 4526
l 4527 4528
l 4529 4530
l 4531 4532
l 4533 4534
l 4535 4533
l 4536 4537
l 4538 4536
l 4539 4540
l 4541 4539
l 4540 4538
l 4537 4535
l 4542 104
l 4543 4544
l 4545 4543
l 4546 4542
l 4547 4548
l 4549 4550
l 4548 4551
l 4530 4527
l 4552 4529
l 4553 4552
l 4528 4547
l 4550 4545
l 4551 4549
l 4554 4555
l 4556 4557
l 4558 4554
l 4559 4558
l 4560 4556
l 4561 4560
l 4562 4563
l 4564 4562
l 4555 4541
l 4563 4561
l 4557 4565
l 4566 4559
l 4565 4553
l 4567 4566
l 4568 4569
l 4570 4568
l 4569 4567
l 4571 4572
l 4573 4574
l 4575 4573
l 4574 4571
l 4572 4570
l 4576 4577
l 4578 4579
l 4580 4578
l 4581 4580
l 4579 4576
l 4582 4583
l 4584 4582
l 4585 4586
l 4586 4587
l 4588 4585
l 4587 4584
l 4577 4575
l 4589 4590
l 4591 4592
l 4592 4593
l 4594 4591
l 4593 4589
l 4595 4596
l 4596 4597
l 4598 4595
l 4599 4600
l 4601 4599
l 4462 4601
l 4600 4598
l 4597 4594
l 4602 4603
l 4603 4604
l 4459 4605
l 4605 4606
l 4606 4602
l 4607 4608
l 4609 4607
l 4610 4609
l 4611 4612
l 4612 4613
l 4614 4611
l 4466 4614
l 4615 4610
l 4613 4615
l 4608 4616
l 4604 4461
l 4590 4588
l 4617 4546
l 4618 4619
l 4620 4621
l 4622 4620
l 4623 4624
l 4624 4618
l 4625 4626
l 4627 4625
l 4628 4531
l 4532 4627
l 4621 4623
l 4619 4564
l 4626 4622
l 4544 4617
l 104 30
l 4583 4581
l 4616 4463
l 4534 4628
l 31 27
l 66 222
l 92 220
l 218 67
l 109 104
l 101 110
l 223 103
l 102 224
l 4629 105
l 105 223
l 4630 4631
l 4632 4630
l 4631 4629
l 4633 4634
l 4635 4636
l 4637 4635
l 4636 4633
l 4634 4632
l 4638 4639
l 4640 4641
l 4642 4640
l 4641 4638
l 4643 4644
l 4645 4646
l 4647 4645
l 4646 4643
l 4644 4642
l 4639 4637
l 4648 4649
l 4650 4651
l 4652 4650
l 4651 4648
l 4653 4654
l 4655 4656
l 4657 4655
l 4656 4653
l 4654 4652
l 4658 4659
l 4660 4661
l 4662 4660
l 4661 4658
l 4663 4664
l 4665 4666
l 4667 4665
l 4666 4663
l 4664 4662
l 4659 4657
l 4649 4647
l 4668 4669
l 4670 4671
l 4672 4670
l 4671 4668
l 4673 4674
l 4675 4676
l 4677 4675
l 4676 4673
l 4674 4672
l 4678 4679
l 4680 4681
l 4682 4680
l 4681 4678
l 4683 4684
l 4685 4686
l 4687 4685
l 4686 4683
l 4684 4682
l 4679 4677
l 4688 4689
l 4690 4691
l 4692 4690
l 4691 4688
l 4693 4694
l 4695 4696
l 4697 4695
l 4696 4693
l 4694 4692
l 4698 4699
l 4700 4701
l 4702 4700
l 4701 4698
l 4703 4704
l 4705 4706
l 106 4705
l 224 106
l 4706 4703
l 4704 4702
l 4699 4697
l 4689 4687
l 4669 4667
l 4707 4708
l 4709 107
l 4710 4707
l 4708 4709
l 4711 4710
l 4712 4711
l 4713 4714
l 4715 4712
l 4714 4715
l 107 105
l 4716 4713
l 4717 4716
l 4718 4719
l 4719 4717
l 106 4720
l 4720 108
l 108 4721
l 4721 4718
l 108 32
l 107 4722
l 4722 4723
l 4723 4724
l 4725 4726
l 4724 4725
l 4727 4728
l 4728 4729
l 4726 4727
l 4729 4730
l 4731 99
l 4730 4731
l 4732 4733
l 4734 4735
l 4736 4737
l 118 4736
l 4737 4738
l 4738 4732
l 4733 4739
l 4739 4734
l 4735 4740
l 4741 120
l 4742 4741
l 4740 4742
l 171 119
l 121 158
l 182 4743
l 4744 4745
l 4743 4744
l 4745 4746
l 4747 4748
l 4746 4747
l 4748 4749
l 4750 4751
l 4751 4752
l 4753 4754
l 4755 4753
l 4749 4750
l 4752 4755
l 4754 4756
l 4756 4757
l 4757 4758
l 4758 4759
l 4760 4761
l 4761 4762
l 4759 4760
l 4762 4763
l 4764 4765
l 4766 4767
l 4768 174
l 4765 4766
l 4767 4768
l 4763 4764
l 4769 183
l 4770 4769
l 4771 4770
l 4772 4771
l 4773 4774
l 4774 4772
l 4775 4773
l 4776 4777
l 4778 4776
l 4779 4780
l 4781 4779
l 4777 4775
l 4780 4778
l 4782 4781
l 4783 4782
l 4784 4783
l 4785 4784
l 4786 4785
l 4787 4788
l 4788 4786
l 4789 4787
l 4790 4791
l 4792 4793
l 175 4794
l 4794 4792
l 4791 4789
l 4793 4790
# </edges>
