/*--------------------------------*- C++ -*----------------------------------*\
  =========                 |
  \\      /  F ield         | OpenFOAM: The Open Source CFD Toolbox
   \\    /   O peration     | Website:  https://openfoam.org
    \\  /    A nd           | Version:  12
     \\/     M anipulation  |
\*---------------------------------------------------------------------------*/
FoamFile
{
    format      ascii;
    class       volScalarField;
    location    "0.1";
    object      nut;
}
// * * * * * * * * * * * * * * * * * * * * * * * * * * * * * * * * * * * * * //

dimensions      [0 2 -1 0 0 0 0];

internalField   nonuniform List<scalar> 
10554
(
9.03109e-07
9.03139e-07
9.03145e-07
9.03109e-07
9.03142e-07
9.03109e-07
9.03142e-07
9.03142e-07
9.03142e-07
9.03141e-07
9.03146e-07
9.03143e-07
9.0562e-07
9.03147e-07
9.03109e-07
9.03109e-07
9.03143e-07
9.03142e-07
9.03142e-07
9.03142e-07
9.03142e-07
9.03144e-07
9.03109e-07
9.03143e-07
9.03142e-07
9.03142e-07
9.03144e-07
9.03143e-07
9.03143e-07
9.03149e-07
9.0558e-07
9.03153e-07
9.03148e-07
9.05586e-07
3.19418e-06
9.03152e-07
9.03109e-07
9.03109e-07
9.03143e-07
9.03142e-07
9.03143e-07
9.03142e-07
9.03109e-07
9.03143e-07
9.03143e-07
9.03143e-07
9.03142e-07
9.03144e-07
9.03144e-07
9.03143e-07
9.03143e-07
9.03143e-07
9.03149e-07
9.03109e-07
9.03142e-07
9.03143e-07
9.03143e-07
9.03143e-07
9.03144e-07
9.03144e-07
9.03144e-07
9.03149e-07
9.03148e-07
9.03148e-07
9.03149e-07
9.05894e-07
9.03153e-07
9.03149e-07
9.03153e-07
3.20207e-06
9.05559e-07
9.0595e-07
9.05893e-07
9.05561e-07
3.20204e-06
9.05949e-07
9.03109e-07
9.03109e-07
9.03143e-07
9.03143e-07
9.03142e-07
9.03142e-07
9.03109e-07
9.03143e-07
9.03143e-07
9.03143e-07
9.03143e-07
9.03144e-07
9.03143e-07
9.03144e-07
9.03143e-07
9.03143e-07
9.03109e-07
9.03143e-07
9.03143e-07
9.03143e-07
9.03144e-07
9.03144e-07
9.03144e-07
9.03144e-07
9.03148e-07
9.03148e-07
9.03148e-07
9.03148e-07
9.03149e-07
9.05866e-07
9.03109e-07
9.03143e-07
9.03143e-07
9.03143e-07
9.03143e-07
9.03144e-07
9.03144e-07
9.03144e-07
9.03144e-07
9.03149e-07
9.03149e-07
9.03149e-07
9.05848e-07
9.05865e-07
9.05847e-07
9.05894e-07
4.24189e-06
9.03149e-07
9.03149e-07
9.03153e-07
9.03153e-07
9.0556e-07
9.0595e-07
9.05894e-07
9.05558e-07
9.0595e-07
3.20225e-06
9.08428e-07
4.18565e-06
4.24148e-06
9.08432e-07
3.20219e-06
4.18783e-06
9.03109e-07
9.03109e-07
9.03143e-07
9.03143e-07
9.03142e-07
9.03142e-07
9.03109e-07
9.03143e-07
9.03143e-07
9.03143e-07
9.03143e-07
9.03144e-07
9.03144e-07
9.03143e-07
9.03143e-07
9.03143e-07
9.03109e-07
9.03143e-07
9.03143e-07
9.03143e-07
9.03144e-07
9.03144e-07
9.03144e-07
9.03144e-07
9.03148e-07
9.03148e-07
9.03148e-07
9.03148e-07
9.03143e-07
9.03144e-07
9.03109e-07
9.03143e-07
9.03143e-07
9.03143e-07
9.03144e-07
9.03144e-07
9.03144e-07
9.03148e-07
9.03148e-07
9.03148e-07
9.03148e-07
9.0583e-07
9.05836e-07
9.05829e-07
9.05836e-07
9.05866e-07
4.27469e-06
9.03143e-07
9.03143e-07
9.03143e-07
9.03143e-07
9.03144e-07
9.03144e-07
9.03144e-07
9.03144e-07
9.03149e-07
9.03149e-07
9.03149e-07
9.03149e-07
9.05848e-07
9.05866e-07
9.05848e-07
4.29203e-06
4.27515e-06
4.29294e-06
4.24193e-06
9.03149e-07
9.0315e-07
9.03154e-07
9.03154e-07
9.05894e-07
9.05894e-07
9.05559e-07
9.0595e-07
9.05561e-07
9.0595e-07
3.20211e-06
9.08434e-07
4.18631e-06
4.24125e-06
9.08428e-07
3.20205e-06
4.18634e-06
3.17919e-06
4.12392e-06
4.12424e-06
3.17943e-06
9.03109e-07
9.03109e-07
9.03109e-07
9.03143e-07
9.03143e-07
9.03142e-07
9.03142e-07
9.03109e-07
9.03143e-07
9.03143e-07
9.03143e-07
9.03143e-07
9.03144e-07
9.03144e-07
9.03143e-07
9.03143e-07
9.03109e-07
9.03143e-07
9.03143e-07
9.03143e-07
9.03143e-07
9.03144e-07
9.03144e-07
9.03144e-07
9.03144e-07
9.03148e-07
9.03148e-07
9.03148e-07
9.03148e-07
9.03143e-07
9.03144e-07
9.03109e-07
9.03143e-07
9.03143e-07
9.03143e-07
9.03144e-07
9.03144e-07
9.03144e-07
9.03148e-07
9.03148e-07
9.03148e-07
9.03148e-07
9.05825e-07
9.05824e-07
9.05823e-07
9.05822e-07
9.03144e-07
9.03149e-07
9.03143e-07
9.03143e-07
9.03143e-07
9.03143e-07
9.03144e-07
9.03144e-07
9.03144e-07
9.03149e-07
9.03149e-07
9.03149e-07
9.0583e-07
9.05831e-07
9.05837e-07
9.05837e-07
4.30865e-06
4.30116e-06
4.30883e-06
4.30157e-06
4.27474e-06
9.03143e-07
9.03143e-07
9.03144e-07
9.03145e-07
9.03149e-07
9.03149e-07
9.0315e-07
9.03149e-07
9.05866e-07
9.05849e-07
9.05866e-07
9.05849e-07
4.29184e-06
4.27412e-06
4.29188e-06
9.03151e-07
9.03155e-07
9.0315e-07
9.03155e-07
9.05895e-07
9.05905e-07
9.05562e-07
9.05951e-07
9.05561e-07
9.0596e-07
4.24125e-06
4.2411e-06
3.20206e-06
9.08434e-07
4.18523e-06
9.08436e-07
3.20201e-06
4.1861e-06
3.1788e-06
4.12429e-06
4.12414e-06
3.17837e-06
3.61565e-06
3.61529e-06
9.03109e-07
9.03109e-07
9.03142e-07
9.03142e-07
9.03143e-07
9.03142e-07
9.03109e-07
9.03143e-07
9.03142e-07
9.03143e-07
9.03142e-07
9.03109e-07
9.03143e-07
9.03143e-07
9.03143e-07
9.03143e-07
9.03144e-07
9.03144e-07
9.03143e-07
9.03143e-07
9.03109e-07
9.03143e-07
9.03143e-07
9.03143e-07
9.03143e-07
9.03144e-07
9.03144e-07
9.03144e-07
9.03144e-07
9.03148e-07
9.03148e-07
9.03148e-07
9.03148e-07
9.03109e-07
9.03143e-07
9.03143e-07
9.03143e-07
9.03143e-07
9.03144e-07
9.03144e-07
9.03144e-07
9.03144e-07
9.03148e-07
9.03148e-07
9.03148e-07
9.03148e-07
9.0582e-07
9.05821e-07
9.0582e-07
9.0582e-07
9.03144e-07
9.03149e-07
9.03143e-07
9.03143e-07
9.03143e-07
9.03143e-07
9.03144e-07
9.03144e-07
9.03144e-07
9.03149e-07
9.03149e-07
9.03148e-07
9.05826e-07
9.05826e-07
9.05823e-07
9.05824e-07
4.31089e-06
4.31159e-06
4.31386e-06
4.31385e-06
9.03149e-07
9.05831e-07
9.03143e-07
9.03145e-07
9.03143e-07
9.03145e-07
9.03149e-07
9.03149e-07
9.03149e-07
9.05831e-07
9.05838e-07
9.05838e-07
4.30814e-06
4.30762e-06
4.30149e-06
4.30173e-06
9.03151e-07
9.03151e-07
9.0315e-07
9.0315e-07
9.05868e-07
9.0585e-07
9.05877e-07
9.05861e-07
4.27309e-06
4.29103e-06
4.27441e-06
4.29166e-06
9.03152e-07
9.06009e-07
9.03156e-07
9.03153e-07
9.03157e-07
9.05559e-07
9.06062e-07
9.05954e-07
9.05563e-07
9.06011e-07
4.24113e-06
4.23974e-06
3.20207e-06
9.08433e-07
4.18489e-06
3.20158e-06
9.08448e-07
4.1847e-06
3.17839e-06
4.12467e-06
4.12382e-06
3.17822e-06
3.6158e-06
3.65198e-06
9.03109e-07
9.03109e-07
9.03142e-07
9.03143e-07
9.03142e-07
9.03143e-07
9.03109e-07
9.03143e-07
9.03143e-07
9.03143e-07
9.03143e-07
9.03143e-07
9.03143e-07
9.03144e-07
9.03143e-07
9.03109e-07
9.03143e-07
9.03143e-07
9.03143e-07
9.03143e-07
9.03144e-07
9.03143e-07
9.03144e-07
9.03143e-07
9.03109e-07
9.03143e-07
9.03143e-07
9.03143e-07
9.03143e-07
9.03144e-07
9.03144e-07
9.03144e-07
9.03144e-07
9.03148e-07
9.03148e-07
9.03148e-07
9.03148e-07
9.03109e-07
9.03143e-07
9.03143e-07
9.03143e-07
9.03143e-07
9.03144e-07
9.03144e-07
9.03144e-07
9.03144e-07
9.03148e-07
9.03148e-07
9.03148e-07
9.03148e-07
9.0582e-07
9.0582e-07
9.05819e-07
9.05819e-07
9.03143e-07
9.03143e-07
9.03143e-07
9.03144e-07
9.03144e-07
9.03144e-07
9.03144e-07
9.03144e-07
9.03149e-07
9.03149e-07
9.03148e-07
9.03148e-07
9.05821e-07
9.05822e-07
9.05822e-07
9.05822e-07
4.31559e-06
4.3153e-06
4.31639e-06
4.31595e-06
9.03149e-07
9.05828e-07
9.03143e-07
9.03145e-07
9.03143e-07
9.03145e-07
9.03149e-07
9.03149e-07
9.03149e-07
9.05827e-07
9.05825e-07
9.05824e-07
4.31089e-06
4.31118e-06
4.31382e-06
4.31325e-06
9.05833e-07
4.30599e-06
9.03151e-07
9.0315e-07
9.03151e-07
9.0315e-07
9.05843e-07
9.05839e-07
9.0585e-07
4.30777e-06
4.3007e-06
4.30176e-06
9.03152e-07
9.0598e-07
9.03152e-07
9.03153e-07
9.03153e-07
9.05962e-07
9.05926e-07
9.05908e-07
4.2745e-06
4.29211e-06
4.27203e-06
4.29273e-06
9.06084e-07
4.2415e-06
3.19793e-06
9.05556e-07
3.19555e-06
9.05557e-07
9.03157e-07
9.03155e-07
9.03162e-07
9.03159e-07
9.0614e-07
9.06178e-07
9.06229e-07
3.19932e-06
9.08542e-07
4.18597e-06
4.24324e-06
3.20036e-06
9.08496e-07
4.18602e-06
3.1783e-06
4.12446e-06
3.17813e-06
4.12277e-06
3.65291e-06
3.65077e-06
9.03109e-07
9.03109e-07
9.03143e-07
9.03142e-07
9.03142e-07
9.03143e-07
9.03109e-07
9.03143e-07
9.03143e-07
9.03143e-07
9.03143e-07
9.03143e-07
9.03144e-07
9.03143e-07
9.03144e-07
9.03109e-07
9.03143e-07
9.03143e-07
9.03143e-07
9.03143e-07
9.03144e-07
9.03144e-07
9.03144e-07
9.03144e-07
9.03148e-07
9.03148e-07
9.03148e-07
9.03148e-07
9.03109e-07
9.03143e-07
9.03143e-07
9.03143e-07
9.03143e-07
9.03144e-07
9.03144e-07
9.03144e-07
9.03144e-07
9.03148e-07
9.03148e-07
9.03148e-07
9.03148e-07
9.03109e-07
9.03143e-07
9.03143e-07
9.03143e-07
9.03143e-07
9.03144e-07
9.03144e-07
9.03144e-07
9.03144e-07
9.03148e-07
9.03148e-07
9.03148e-07
9.03148e-07
9.05821e-07
9.05821e-07
9.0582e-07
9.05819e-07
9.03143e-07
9.03143e-07
9.03143e-07
9.03143e-07
9.03144e-07
9.03144e-07
9.03144e-07
9.03144e-07
9.03149e-07
9.03148e-07
9.03149e-07
9.03148e-07
9.05821e-07
9.05821e-07
9.05821e-07
9.05821e-07
4.3165e-06
4.31584e-06
4.3165e-06
4.31617e-06
9.03143e-07
9.03143e-07
9.03145e-07
9.03145e-07
9.03149e-07
9.03149e-07
9.03149e-07
9.03149e-07
9.05823e-07
9.05824e-07
9.05822e-07
9.05823e-07
4.3139e-06
4.3154e-06
4.31447e-06
4.31441e-06
9.05828e-07
4.31096e-06
9.03151e-07
9.0315e-07
9.03151e-07
9.0315e-07
9.05838e-07
9.05826e-07
9.05836e-07
4.31086e-06
4.31199e-06
4.31218e-06
4.30643e-06
9.03152e-07
9.03152e-07
9.03153e-07
9.03153e-07
9.05944e-07
9.05891e-07
9.05951e-07
9.05896e-07
4.30612e-06
4.30053e-06
4.29995e-06
9.06057e-07
4.27422e-06
9.03157e-07
9.03155e-07
9.03157e-07
9.03155e-07
9.06041e-07
9.06152e-07
9.06136e-07
4.29193e-06
4.27454e-06
4.29104e-06
4.24204e-06
3.17805e-06
3.19238e-06
3.19323e-06
9.05574e-07
9.05579e-07
9.08618e-07
3.17658e-06
9.08704e-07
9.03161e-07
9.0647e-07
9.03166e-07
9.03166e-07
9.03171e-07
9.06313e-07
9.06525e-07
9.06371e-07
4.18715e-06
4.2427e-06
4.18625e-06
3.17825e-06
4.125e-06
3.17853e-06
4.12489e-06
3.65214e-06
3.6501e-06
9.03109e-07
9.03109e-07
9.03143e-07
9.03142e-07
9.03142e-07
9.03143e-07
9.03109e-07
9.03143e-07
9.03143e-07
9.03143e-07
9.03143e-07
9.03144e-07
9.03143e-07
9.03143e-07
9.03144e-07
9.03109e-07
9.03143e-07
9.03143e-07
9.03143e-07
9.03143e-07
9.03144e-07
9.03144e-07
9.03144e-07
9.03144e-07
9.03148e-07
9.03148e-07
9.03148e-07
9.03148e-07
9.03109e-07
9.03143e-07
9.03143e-07
9.03143e-07
9.03143e-07
9.03144e-07
9.03144e-07
9.03144e-07
9.03144e-07
9.03148e-07
9.03148e-07
9.03148e-07
9.03148e-07
9.05821e-07
9.05821e-07
9.05822e-07
9.05821e-07
9.03109e-07
9.03143e-07
9.03143e-07
9.03143e-07
9.03143e-07
9.03144e-07
9.03144e-07
9.03144e-07
9.03144e-07
9.03148e-07
9.03148e-07
9.03148e-07
9.03148e-07
9.05821e-07
9.0582e-07
9.05821e-07
9.05821e-07
9.03143e-07
9.03143e-07
9.03143e-07
9.03143e-07
9.03144e-07
9.03144e-07
9.03144e-07
9.03144e-07
9.03149e-07
9.03148e-07
9.03149e-07
9.03148e-07
9.05821e-07
9.05821e-07
9.05822e-07
9.05822e-07
4.31532e-06
4.31584e-06
4.31573e-06
4.31574e-06
9.03143e-07
9.03143e-07
9.03145e-07
9.03145e-07
9.03149e-07
9.03149e-07
9.03149e-07
9.03149e-07
9.05823e-07
9.05822e-07
9.05822e-07
9.05822e-07
4.31599e-06
4.31509e-06
4.31523e-06
4.31486e-06
9.0315e-07
9.03151e-07
9.0315e-07
9.0315e-07
9.05824e-07
9.05824e-07
9.05834e-07
9.05836e-07
4.31355e-06
4.31367e-06
4.31462e-06
4.31371e-06
4.3098e-06
9.03151e-07
9.03153e-07
9.03151e-07
9.03153e-07
9.0594e-07
9.05888e-07
9.05937e-07
9.05884e-07
4.30915e-06
4.31225e-06
4.31269e-06
9.06024e-07
9.03157e-07
9.03155e-07
9.03157e-07
9.03155e-07
9.06032e-07
9.06118e-07
9.06125e-07
4.3076e-06
4.30759e-06
4.30102e-06
4.30104e-06
4.27407e-06
9.03161e-07
9.06442e-07
9.03161e-07
9.03166e-07
9.03166e-07
9.06285e-07
9.06425e-07
9.06268e-07
4.29024e-06
4.27288e-06
4.29143e-06
3.65296e-06
3.19212e-06
3.17743e-06
3.19219e-06
9.05596e-07
9.05594e-07
3.17639e-06
9.0902e-07
9.08867e-07
4.12424e-06
3.6468e-06
4.12315e-06
9.06703e-07
4.24225e-06
9.03187e-07
9.03192e-07
9.03175e-07
9.0318e-07
9.06761e-07
9.06979e-07
9.07036e-07
4.24286e-06
4.18739e-06
4.18694e-06
3.65214e-06
3.61584e-06
9.03109e-07
9.03109e-07
9.03142e-07
9.03143e-07
9.03142e-07
9.03143e-07
9.03109e-07
9.03143e-07
9.03143e-07
9.03143e-07
9.03143e-07
9.03144e-07
9.03143e-07
9.03143e-07
9.03144e-07
9.03109e-07
9.03143e-07
9.03143e-07
9.03143e-07
9.03143e-07
9.03144e-07
9.03144e-07
9.03144e-07
9.03144e-07
9.03148e-07
9.03148e-07
9.03148e-07
9.03148e-07
9.03109e-07
9.03143e-07
9.03143e-07
9.03143e-07
9.03143e-07
9.03144e-07
9.03144e-07
9.03144e-07
9.03144e-07
9.03148e-07
9.03148e-07
9.03148e-07
9.03148e-07
9.05821e-07
9.05822e-07
9.05821e-07
9.05822e-07
9.03109e-07
9.03143e-07
9.03143e-07
9.03143e-07
9.03143e-07
9.03144e-07
9.03144e-07
9.03144e-07
9.03144e-07
9.03148e-07
9.03148e-07
9.03148e-07
9.03148e-07
9.05821e-07
9.05822e-07
9.05822e-07
9.05821e-07
4.31523e-06
4.31406e-06
4.31495e-06
4.31509e-06
9.03143e-07
9.03143e-07
9.03143e-07
9.03143e-07
9.03144e-07
9.03144e-07
9.03144e-07
9.03144e-07
9.03149e-07
9.03148e-07
9.03149e-07
9.03148e-07
9.05822e-07
9.05822e-07
9.05822e-07
9.05822e-07
4.3154e-06
4.3154e-06
4.31442e-06
4.31554e-06
9.03143e-07
9.03143e-07
9.03145e-07
9.03145e-07
9.03149e-07
9.03149e-07
9.03149e-07
9.03149e-07
9.05822e-07
9.05822e-07
9.05823e-07
9.05822e-07
4.31556e-06
4.31584e-06
4.31495e-06
4.31486e-06
9.0315e-07
9.0315e-07
9.0315e-07
9.0315e-07
9.05824e-07
9.05834e-07
9.05823e-07
9.05834e-07
4.31436e-06
4.31468e-06
4.31422e-06
4.31444e-06
9.03151e-07
9.03151e-07
9.03153e-07
9.03153e-07
9.05936e-07
9.05937e-07
9.05882e-07
9.05881e-07
4.3137e-06
4.31241e-06
4.31395e-06
4.3128e-06
9.0602e-07
9.06112e-07
9.03155e-07
9.06019e-07
9.06108e-07
9.03154e-07
9.03157e-07
9.03157e-07
4.3097e-06
4.30921e-06
4.31229e-06
4.3119e-06
4.30584e-06
9.03161e-07
9.06406e-07
9.03166e-07
9.03161e-07
9.03166e-07
9.06248e-07
9.06413e-07
9.06255e-07
4.301e-06
4.3075e-06
4.30189e-06
9.06674e-07
4.27617e-06
9.03187e-07
9.03186e-07
9.03175e-07
9.03174e-07
9.06655e-07
9.0695e-07
9.06931e-07
4.27468e-06
4.29228e-06
4.29341e-06
3.17746e-06
3.6525e-06
3.19242e-06
3.1923e-06
9.05629e-07
9.05622e-07
3.17778e-06
9.09259e-07
9.09543e-07
3.64682e-06
4.12465e-06
4.12288e-06
4.24172e-06
9.03209e-07
9.07891e-07
9.03214e-07
9.03242e-07
9.03248e-07
9.07953e-07
9.07392e-07
9.07453e-07
4.18724e-06
4.24267e-06
4.18729e-06
9.03109e-07
9.03109e-07
9.03142e-07
9.03143e-07
9.03142e-07
9.03143e-07
9.03109e-07
9.03143e-07
9.03142e-07
9.03143e-07
9.03143e-07
9.03143e-07
9.03144e-07
9.03143e-07
9.03144e-07
9.03109e-07
9.03143e-07
9.03143e-07
9.03143e-07
9.03143e-07
9.03144e-07
9.03144e-07
9.03144e-07
9.03144e-07
9.03148e-07
9.03148e-07
9.03148e-07
9.03148e-07
9.03109e-07
9.03143e-07
9.03143e-07
9.03143e-07
9.03143e-07
9.03144e-07
9.03144e-07
9.03144e-07
9.03144e-07
9.03148e-07
9.03148e-07
9.03148e-07
9.03148e-07
9.05821e-07
9.05821e-07
9.05821e-07
9.05821e-07
9.03109e-07
9.03143e-07
9.03143e-07
9.03143e-07
9.03143e-07
9.03144e-07
9.03144e-07
9.03144e-07
9.03144e-07
9.03148e-07
9.03148e-07
9.03148e-07
9.03148e-07
9.05821e-07
9.05821e-07
9.05822e-07
9.05821e-07
4.31362e-06
4.31472e-06
4.31433e-06
4.31505e-06
9.03143e-07
9.03143e-07
9.03143e-07
9.03143e-07
9.03144e-07
9.03144e-07
9.03144e-07
9.03144e-07
9.03149e-07
9.03149e-07
9.03148e-07
9.03148e-07
9.05821e-07
9.05822e-07
9.05822e-07
9.05822e-07
4.31436e-06
4.31394e-06
4.3145e-06
4.31445e-06
9.03143e-07
9.03145e-07
9.03143e-07
9.03144e-07
9.03149e-07
9.03149e-07
9.03149e-07
9.03149e-07
9.05823e-07
9.05822e-07
9.05822e-07
9.05822e-07
4.31471e-06
4.31462e-06
4.31517e-06
4.31443e-06
9.0315e-07
9.0315e-07
9.0315e-07
9.0315e-07
9.05823e-07
9.05834e-07
9.05823e-07
9.05834e-07
4.31279e-06
4.31458e-06
4.31436e-06
4.31482e-06
9.03151e-07
9.03151e-07
9.03153e-07
9.03153e-07
9.05936e-07
9.05935e-07
9.05881e-07
9.0588e-07
4.31455e-06
4.31273e-06
4.31418e-06
4.31391e-06
9.03157e-07
9.03157e-07
9.03154e-07
9.03154e-07
9.06015e-07
9.06016e-07
9.06105e-07
9.06106e-07
4.31369e-06
4.31307e-06
4.31349e-06
4.31263e-06
4.30959e-06
9.06245e-07
4.31101e-06
4.31236e-06
9.06243e-07
4.31276e-06
9.03161e-07
9.06401e-07
9.03166e-07
9.03161e-07
9.03165e-07
9.06399e-07
9.06637e-07
4.30841e-06
9.03186e-07
9.03174e-07
9.03186e-07
9.03174e-07
9.0691e-07
9.06643e-07
9.0692e-07
4.3082e-06
4.30186e-06
4.30184e-06
4.27506e-06
9.03208e-07
9.07857e-07
9.03207e-07
9.03241e-07
9.0324e-07
9.07837e-07
9.07361e-07
9.07338e-07
4.29237e-06
4.27566e-06
4.29265e-06
3.65289e-06
3.19293e-06
3.19392e-06
9.05677e-07
9.0572e-07
3.1779e-06
3.17833e-06
9.10456e-07
9.09964e-07
3.61607e-06
4.12542e-06
4.12544e-06
9.08647e-07
4.24343e-06
9.03421e-07
9.03428e-07
9.03307e-07
9.03313e-07
9.0871e-07
9.09597e-07
9.0966e-07
4.18752e-06
4.24233e-06
4.18759e-06
9.03109e-07
9.03142e-07
9.03109e-07
9.03143e-07
9.03142e-07
9.03143e-07
9.03109e-07
9.03142e-07
9.03142e-07
9.03143e-07
9.03143e-07
9.03143e-07
9.03144e-07
9.03143e-07
9.03144e-07
9.03109e-07
9.03143e-07
9.03143e-07
9.03143e-07
9.03142e-07
9.03144e-07
9.03144e-07
9.03144e-07
9.03144e-07
9.03148e-07
9.03148e-07
9.03148e-07
9.03148e-07
9.03109e-07
9.03143e-07
9.03143e-07
9.03143e-07
9.03143e-07
9.03144e-07
9.03144e-07
9.03144e-07
9.03144e-07
9.03148e-07
9.03148e-07
9.03148e-07
9.03148e-07
9.05821e-07
9.0582e-07
9.0582e-07
9.0582e-07
9.03109e-07
9.03143e-07
9.03143e-07
9.03143e-07
9.03143e-07
9.03144e-07
9.03144e-07
9.03144e-07
9.03144e-07
9.03148e-07
9.03148e-07
9.03148e-07
9.03148e-07
9.0582e-07
9.0582e-07
9.05821e-07
9.05821e-07
4.31572e-06
4.31495e-06
4.31461e-06
4.31515e-06
9.03143e-07
9.03143e-07
9.03143e-07
9.03143e-07
9.03144e-07
9.03144e-07
9.03144e-07
9.03144e-07
9.03149e-07
9.03148e-07
9.03149e-07
9.03148e-07
9.05821e-07
9.05821e-07
9.05821e-07
9.05821e-07
4.31526e-06
4.31499e-06
4.31469e-06
4.31544e-06
9.03143e-07
9.03143e-07
9.03144e-07
9.03144e-07
9.03149e-07
9.03149e-07
9.03149e-07
9.03149e-07
9.05821e-07
9.05822e-07
9.05822e-07
9.05822e-07
4.31423e-06
4.3146e-06
4.31515e-06
4.31434e-06
9.0315e-07
9.0315e-07
9.0315e-07
9.0315e-07
9.05824e-07
9.05834e-07
9.05823e-07
9.05833e-07
4.31502e-06
4.3143e-06
4.31445e-06
4.31402e-06
9.03151e-07
9.03151e-07
9.03153e-07
9.03153e-07
9.05936e-07
9.05935e-07
9.0588e-07
9.0588e-07
4.31337e-06
4.31232e-06
4.31352e-06
4.31368e-06
9.03157e-07
9.03154e-07
9.03157e-07
9.03154e-07
9.06015e-07
9.06014e-07
9.06104e-07
9.06104e-07
4.31384e-06
4.31371e-06
4.31321e-06
4.31359e-06
9.0316e-07
9.0316e-07
9.03165e-07
9.03165e-07
9.06395e-07
9.06397e-07
9.06241e-07
9.06241e-07
4.31372e-06
4.31314e-06
4.31416e-06
4.31419e-06
4.31039e-06
4.31297e-06
9.06632e-07
4.31111e-06
9.03186e-07
9.03174e-07
9.03185e-07
9.03174e-07
9.06904e-07
9.06627e-07
9.069e-07
4.31272e-06
4.3082e-06
9.03206e-07
9.03239e-07
9.03207e-07
9.03239e-07
9.07811e-07
9.07314e-07
9.07822e-07
9.07323e-07
4.30781e-06
4.30257e-06
4.30315e-06
9.08612e-07
4.27611e-06
9.03418e-07
9.03416e-07
9.03305e-07
9.03303e-07
9.08585e-07
9.09565e-07
9.09538e-07
4.29305e-06
4.27547e-06
4.2926e-06
3.17835e-06
3.19863e-06
3.19548e-06
9.06013e-07
9.05832e-07
3.17997e-06
9.11239e-07
9.12191e-07
3.65336e-06
3.61601e-06
4.12549e-06
4.12629e-06
4.24395e-06
9.03689e-07
9.04356e-07
9.03697e-07
9.04348e-07
9.12939e-07
9.12943e-07
9.11043e-07
9.11096e-07
4.18763e-06
4.24428e-06
4.18807e-06
9.03109e-07
9.03109e-07
9.03142e-07
9.03143e-07
9.03142e-07
9.03143e-07
9.03143e-07
9.03109e-07
9.03142e-07
9.03142e-07
9.03143e-07
9.03143e-07
9.03144e-07
9.03143e-07
9.03144e-07
9.03109e-07
9.03143e-07
9.03143e-07
9.03142e-07
9.03142e-07
9.03144e-07
9.03144e-07
9.03144e-07
9.03144e-07
9.03148e-07
9.03148e-07
9.03148e-07
9.03148e-07
9.03109e-07
9.03143e-07
9.03143e-07
9.03143e-07
9.03143e-07
9.03144e-07
9.03144e-07
9.03144e-07
9.03144e-07
9.03148e-07
9.03148e-07
9.03148e-07
9.03148e-07
9.0582e-07
9.0582e-07
9.0582e-07
9.0582e-07
9.03109e-07
9.03143e-07
9.03143e-07
9.03143e-07
9.03143e-07
9.03144e-07
9.03144e-07
9.03144e-07
9.03144e-07
9.03148e-07
9.03148e-07
9.03148e-07
9.03148e-07
9.0582e-07
9.0582e-07
9.05819e-07
9.0582e-07
4.31578e-06
4.31519e-06
4.31581e-06
4.3163e-06
9.03143e-07
9.03143e-07
9.03143e-07
9.03143e-07
9.03144e-07
9.03144e-07
9.03144e-07
9.03144e-07
9.03149e-07
9.03148e-07
9.03149e-07
9.03148e-07
9.05819e-07
9.0582e-07
9.0582e-07
9.0582e-07
4.31628e-06
4.31584e-06
4.31599e-06
4.3156e-06
9.03143e-07
9.03143e-07
9.03144e-07
9.03144e-07
9.03149e-07
9.03149e-07
9.03149e-07
9.03149e-07
9.05821e-07
9.05821e-07
9.0582e-07
9.0582e-07
4.31571e-06
4.31576e-06
4.31554e-06
4.31583e-06
9.0315e-07
9.0315e-07
9.0315e-07
9.0315e-07
9.05822e-07
9.05823e-07
9.05832e-07
9.05833e-07
4.31504e-06
4.31427e-06
4.31535e-06
4.31473e-06
9.03151e-07
9.03153e-07
9.03151e-07
9.03152e-07
9.05934e-07
9.05879e-07
9.05932e-07
9.05878e-07
4.31456e-06
4.31308e-06
4.31363e-06
4.31431e-06
9.03157e-07
9.03154e-07
9.03157e-07
9.03154e-07
9.06012e-07
9.06014e-07
9.06104e-07
9.06104e-07
4.3138e-06
4.31342e-06
4.31429e-06
4.3143e-06
9.0316e-07
9.03165e-07
9.0316e-07
9.03165e-07
9.06394e-07
9.0624e-07
9.06393e-07
9.06239e-07
4.31429e-06
4.31396e-06
4.31416e-06
4.31426e-06
9.03185e-07
9.03185e-07
9.03173e-07
9.03174e-07
9.06623e-07
9.06625e-07
9.06895e-07
9.06897e-07
4.31478e-06
4.31392e-06
4.31419e-06
4.31455e-06
4.31101e-06
9.03206e-07
9.03238e-07
9.03206e-07
9.03238e-07
9.07803e-07
9.07306e-07
9.07798e-07
9.07302e-07
4.3116e-06
4.31327e-06
4.31391e-06
9.08554e-07
9.03412e-07
9.03301e-07
9.03414e-07
9.03302e-07
9.09504e-07
9.08565e-07
9.09519e-07
4.30933e-06
4.30724e-06
4.30317e-06
4.30356e-06
4.27599e-06
9.03684e-07
9.04354e-07
9.0368e-07
9.04349e-07
9.12924e-07
9.12903e-07
9.11009e-07
9.10983e-07
4.29379e-06
4.27717e-06
4.29415e-06
3.65298e-06
3.20324e-06
3.20749e-06
9.06425e-07
9.07406e-07
3.19098e-06
3.1827e-06
9.15496e-07
9.13636e-07
3.61599e-06
4.12537e-06
4.12505e-06
9.18336e-07
9.18149e-07
9.06465e-07
9.06412e-07
9.15838e-07
9.19093e-07
9.1572e-07
9.18715e-07
4.23557e-06
4.18052e-06
4.24273e-06
4.18723e-06
9.03109e-07
9.03109e-07
9.03109e-07
9.03142e-07
9.03143e-07
9.03142e-07
9.03143e-07
9.03109e-07
9.03142e-07
9.03142e-07
9.03143e-07
9.03143e-07
9.03143e-07
9.03144e-07
9.03143e-07
9.03144e-07
9.03148e-07
9.03143e-07
9.03109e-07
9.03142e-07
9.03143e-07
9.03142e-07
9.03144e-07
9.03144e-07
9.03144e-07
9.03144e-07
9.03148e-07
9.03148e-07
9.03148e-07
9.03109e-07
9.03143e-07
9.03143e-07
9.03143e-07
9.03143e-07
9.03144e-07
9.03144e-07
9.03144e-07
9.03144e-07
9.03148e-07
9.03148e-07
9.03148e-07
9.03148e-07
9.05819e-07
9.05819e-07
9.05819e-07
9.05819e-07
9.03109e-07
9.03143e-07
9.03143e-07
9.03143e-07
9.03143e-07
9.03144e-07
9.03144e-07
9.03144e-07
9.03144e-07
9.03148e-07
9.03148e-07
9.03148e-07
9.03148e-07
9.05819e-07
9.05819e-07
9.05819e-07
9.0582e-07
4.3161e-06
4.31669e-06
4.31601e-06
4.31669e-06
9.03143e-07
9.03143e-07
9.03143e-07
9.03143e-07
9.03144e-07
9.03144e-07
9.03144e-07
9.03144e-07
9.03149e-07
9.03148e-07
9.03149e-07
9.03148e-07
9.05819e-07
9.05819e-07
9.05819e-07
9.05818e-07
4.31671e-06
4.31641e-06
4.31673e-06
4.31707e-06
9.03143e-07
9.03144e-07
9.03143e-07
9.03144e-07
9.03149e-07
9.03149e-07
9.03149e-07
9.03149e-07
9.05819e-07
9.05819e-07
9.0582e-07
9.0582e-07
4.31712e-06
4.31672e-06
4.3162e-06
4.31669e-06
9.0315e-07
9.0315e-07
9.0315e-07
9.0315e-07
9.05822e-07
9.05831e-07
9.0582e-07
9.05831e-07
4.31585e-06
4.31536e-06
4.31643e-06
4.31589e-06
9.03151e-07
9.03151e-07
9.03152e-07
9.03152e-07
9.05931e-07
9.05931e-07
9.05877e-07
9.05878e-07
4.31544e-06
4.31486e-06
4.3156e-06
4.31479e-06
9.03157e-07
9.03154e-07
9.03157e-07
9.03154e-07
9.06011e-07
9.06103e-07
9.06011e-07
9.06101e-07
4.31418e-06
4.31468e-06
4.31462e-06
4.31446e-06
9.0316e-07
9.03165e-07
9.0316e-07
9.03165e-07
9.06394e-07
9.06235e-07
9.06394e-07
9.06235e-07
4.31439e-06
4.31373e-06
4.31553e-06
4.31449e-06
9.03185e-07
9.03185e-07
9.03173e-07
9.03173e-07
9.06622e-07
9.06892e-07
9.06623e-07
9.06892e-07
4.31507e-06
4.31443e-06
4.3152e-06
4.31485e-06
9.03206e-07
9.03206e-07
9.03237e-07
9.03238e-07
9.0779e-07
9.07792e-07
9.07298e-07
9.073e-07
4.31518e-06
4.31446e-06
4.31512e-06
4.31454e-06
9.08545e-07
9.09492e-07
9.033e-07
9.08538e-07
9.09484e-07
9.033e-07
9.03411e-07
9.0341e-07
4.31153e-06
4.31135e-06
4.31321e-06
4.31356e-06
4.30898e-06
9.03673e-07
9.04333e-07
9.03676e-07
9.04339e-07
9.12859e-07
9.10946e-07
9.12876e-07
9.10962e-07
4.30746e-06
4.30162e-06
4.30282e-06
9.1812e-07
9.18012e-07
9.06443e-07
9.06424e-07
9.15869e-07
9.19203e-07
9.15868e-07
9.19229e-07
4.26671e-06
4.28289e-06
4.27583e-06
4.29176e-06
3.13635e-06
9.23151e-07
3.20018e-06
9.09756e-07
3.20573e-06
3.23441e-06
9.18333e-07
9.21746e-07
3.61096e-06
3.61613e-06
4.11798e-06
4.12427e-06
9.77824e-07
9.76748e-07
2.66823e-06
2.61776e-06
1.00808e-06
9.96206e-07
9.40506e-07
9.38368e-07
4.21442e-06
4.17652e-06
4.16245e-06
4.12913e-06
9.03109e-07
9.03109e-07
9.03143e-07
9.03142e-07
9.03142e-07
9.03142e-07
9.03109e-07
9.03142e-07
9.03143e-07
9.03142e-07
9.03143e-07
9.03109e-07
9.03143e-07
9.03142e-07
9.03143e-07
9.03143e-07
9.03143e-07
9.03144e-07
9.03143e-07
9.03144e-07
9.03109e-07
9.03143e-07
9.03142e-07
9.03143e-07
9.03142e-07
9.03144e-07
9.03144e-07
9.03144e-07
9.03144e-07
9.03148e-07
9.03148e-07
9.03148e-07
9.03148e-07
9.05819e-07
9.03144e-07
9.03143e-07
9.03109e-07
9.03143e-07
9.03143e-07
9.03143e-07
9.03144e-07
9.03144e-07
9.03144e-07
9.03148e-07
9.03148e-07
9.03148e-07
9.03148e-07
9.05819e-07
9.05819e-07
9.0582e-07
9.03109e-07
9.03143e-07
9.03143e-07
9.03143e-07
9.03143e-07
9.03144e-07
9.03144e-07
9.03144e-07
9.03144e-07
9.03148e-07
9.03148e-07
9.03148e-07
9.03148e-07
9.05818e-07
9.05818e-07
9.05819e-07
9.05819e-07
4.31587e-06
4.31636e-06
4.31621e-06
4.31698e-06
9.03143e-07
9.03143e-07
9.03143e-07
9.03143e-07
9.03144e-07
9.03144e-07
9.03144e-07
9.03144e-07
9.03149e-07
9.03149e-07
9.03148e-07
9.03148e-07
9.05818e-07
9.05818e-07
9.05818e-07
9.05818e-07
4.31791e-06
4.31711e-06
4.31681e-06
4.31699e-06
9.03143e-07
9.03144e-07
9.03143e-07
9.03144e-07
9.03149e-07
9.03149e-07
9.03149e-07
9.03149e-07
9.05818e-07
9.05819e-07
9.05818e-07
9.05818e-07
4.3176e-06
4.31716e-06
4.31768e-06
4.31803e-06
9.0315e-07
9.0315e-07
9.0315e-07
9.0315e-07
9.05829e-07
9.0582e-07
9.0582e-07
9.0583e-07
4.31796e-06
4.31719e-06
4.31677e-06
4.31684e-06
9.03151e-07
9.03151e-07
9.03152e-07
9.03152e-07
9.0593e-07
9.05929e-07
9.05876e-07
9.05876e-07
4.31611e-06
4.31623e-06
4.31655e-06
4.31671e-06
9.03156e-07
9.03156e-07
9.03154e-07
9.03154e-07
9.0601e-07
9.0601e-07
9.06101e-07
9.061e-07
4.31539e-06
4.31482e-06
4.31594e-06
4.31527e-06
9.0316e-07
9.03165e-07
9.0316e-07
9.03165e-07
9.06392e-07
9.06236e-07
9.06389e-07
9.06237e-07
4.31382e-06
4.31365e-06
4.31426e-06
4.31512e-06
9.03185e-07
9.03185e-07
9.03173e-07
9.03173e-07
9.0662e-07
9.06892e-07
9.06622e-07
9.06892e-07
4.31477e-06
4.3133e-06
4.31421e-06
4.31367e-06
9.03206e-07
9.03205e-07
9.03237e-07
9.03237e-07
9.07789e-07
9.07786e-07
9.07296e-07
9.07295e-07
4.31509e-06
4.31503e-06
4.31496e-06
4.3154e-06
9.03409e-07
9.03409e-07
9.03299e-07
9.03299e-07
9.0853e-07
9.08534e-07
9.09471e-07
9.09476e-07
4.31555e-06
4.31432e-06
4.31487e-06
4.31453e-06
4.31211e-06
4.31119e-06
9.10931e-07
4.3129e-06
4.31226e-06
9.10919e-07
9.03671e-07
9.12838e-07
9.04327e-07
9.0367e-07
9.04326e-07
9.12825e-07
9.178e-07
9.17881e-07
9.06362e-07
9.06389e-07
9.15834e-07
9.19189e-07
9.15841e-07
9.19186e-07
4.29556e-06
4.30532e-06
4.29132e-06
4.30065e-06
9.77335e-07
2.67901e-06
9.76956e-07
2.68003e-06
1.01032e-06
1.01078e-06
9.41012e-07
9.41169e-07
4.24275e-06
4.20115e-06
4.25802e-06
4.21396e-06
2.93021e-06
9.79724e-07
2.3168e-06
2.45276e-06
3.32887e-06
9.9202e-07
3.28886e-06
9.40616e-07
3.60078e-06
3.58236e-06
4.102e-06
4.07228e-06
1.0168e-06
1.01283e-06
2.23028e-06
2.21972e-06
4.18039e-06
4.1157e-06
4.166e-06
4.12801e-06
9.03109e-07
9.03109e-07
9.03143e-07
9.03142e-07
9.03143e-07
9.03142e-07
9.03109e-07
9.03143e-07
9.03143e-07
9.03143e-07
9.03143e-07
9.03144e-07
9.03143e-07
9.03143e-07
9.03143e-07
9.03109e-07
9.03143e-07
9.03143e-07
9.03143e-07
9.03143e-07
9.03143e-07
9.03144e-07
9.03143e-07
9.03144e-07
9.03109e-07
9.03143e-07
9.03143e-07
9.03142e-07
9.03142e-07
9.03144e-07
9.03144e-07
9.03144e-07
9.03144e-07
9.03148e-07
9.03148e-07
9.03148e-07
9.03148e-07
9.03109e-07
9.03143e-07
9.03143e-07
9.03143e-07
9.03143e-07
9.03144e-07
9.03144e-07
9.03144e-07
9.03144e-07
9.03148e-07
9.03148e-07
9.03148e-07
9.03148e-07
9.05819e-07
9.05819e-07
9.05819e-07
9.05819e-07
4.31677e-06
9.03148e-07
9.03143e-07
9.03144e-07
9.03109e-07
9.03143e-07
9.03143e-07
9.03143e-07
9.03144e-07
9.03144e-07
9.03144e-07
9.03148e-07
9.03148e-07
9.03148e-07
9.05818e-07
9.05818e-07
9.05819e-07
9.05819e-07
4.31694e-06
4.3163e-06
4.31755e-06
9.03143e-07
9.03143e-07
9.03143e-07
9.03143e-07
9.03144e-07
9.03144e-07
9.03144e-07
9.03144e-07
9.03149e-07
9.03148e-07
9.03148e-07
9.03148e-07
9.05818e-07
9.05818e-07
9.05818e-07
9.05818e-07
4.31791e-06
4.31782e-06
4.31742e-06
4.317e-06
9.03143e-07
9.03143e-07
9.03144e-07
9.03144e-07
9.03149e-07
9.03149e-07
9.03149e-07
9.03149e-07
9.05818e-07
9.05818e-07
9.05818e-07
9.05818e-07
4.31807e-06
4.31797e-06
4.31837e-06
4.31818e-06
9.0315e-07
9.0315e-07
9.0315e-07
9.0315e-07
9.05829e-07
9.05819e-07
9.05819e-07
9.05829e-07
4.31801e-06
4.31758e-06
4.31868e-06
4.31791e-06
9.03152e-07
9.03151e-07
9.03151e-07
9.03152e-07
9.05927e-07
9.05874e-07
9.05928e-07
9.05875e-07
4.31805e-06
4.31785e-06
4.31642e-06
4.31733e-06
9.03156e-07
9.03156e-07
9.03154e-07
9.03154e-07
9.06009e-07
9.06008e-07
9.061e-07
9.06098e-07
4.31606e-06
4.31669e-06
4.31614e-06
4.31677e-06
9.0316e-07
9.03165e-07
9.0316e-07
9.03165e-07
9.06387e-07
9.06387e-07
9.06231e-07
9.06234e-07
4.31546e-06
4.31469e-06
4.31603e-06
4.3155e-06
9.03185e-07
9.03185e-07
9.03173e-07
9.03173e-07
9.0662e-07
9.06889e-07
9.06619e-07
9.06889e-07
4.31426e-06
4.31362e-06
4.31347e-06
4.31551e-06
9.03205e-07
9.03237e-07
9.03205e-07
9.03237e-07
9.07783e-07
9.07784e-07
9.07291e-07
9.07292e-07
4.3141e-06
4.31488e-06
4.31406e-06
4.3154e-06
9.03408e-07
9.03408e-07
9.03299e-07
9.03298e-07
9.08525e-07
9.08525e-07
9.09467e-07
9.09464e-07
4.31527e-06
4.31485e-06
4.31454e-06
4.31487e-06
9.03667e-07
9.04323e-07
9.03668e-07
9.04325e-07
9.12798e-07
9.1281e-07
9.10901e-07
9.10908e-07
4.31426e-06
4.31467e-06
4.31399e-06
4.31412e-06
4.30872e-06
4.30947e-06
9.15811e-07
4.29806e-06
9.17775e-07
9.17763e-07
9.06348e-07
9.06345e-07
9.19156e-07
9.15797e-07
9.19142e-07
4.29892e-06
9.76537e-07
9.76696e-07
2.67957e-06
2.67976e-06
1.00807e-06
1.00938e-06
9.4097e-07
9.41017e-07
4.26893e-06
4.22313e-06
4.26275e-06
4.21616e-06
1.01754e-06
2.2306e-06
1.01753e-06
2.22944e-06
4.19532e-06
4.20102e-06
4.18682e-06
4.20143e-06
2.94744e-06
1.02771e-06
2.29013e-06
2.17717e-06
3.53349e-06
3.99681e-06
3.57527e-06
4.06803e-06
1.01801e-06
1.00984e-06
1.63445e-06
1.64091e-06
9.03109e-07
9.03109e-07
9.03109e-07
9.03143e-07
9.03142e-07
9.03143e-07
9.03142e-07
9.03109e-07
9.03143e-07
9.03143e-07
9.03143e-07
9.03143e-07
9.03144e-07
9.03143e-07
9.03144e-07
9.03143e-07
9.03109e-07
9.03143e-07
9.03143e-07
9.03143e-07
9.03143e-07
9.03144e-07
9.03144e-07
9.03144e-07
9.03144e-07
9.03148e-07
9.03148e-07
9.03148e-07
9.03148e-07
9.03109e-07
9.03143e-07
9.03143e-07
9.03143e-07
9.03143e-07
9.03144e-07
9.03144e-07
9.03144e-07
9.03144e-07
9.03148e-07
9.03148e-07
9.03148e-07
9.03148e-07
9.03109e-07
9.03143e-07
9.03143e-07
9.03143e-07
9.03143e-07
9.03144e-07
9.03144e-07
9.03144e-07
9.03144e-07
9.03148e-07
9.03148e-07
9.03148e-07
9.03148e-07
9.05819e-07
9.05819e-07
9.05819e-07
9.05819e-07
9.03109e-07
9.03143e-07
9.03143e-07
9.03143e-07
9.03143e-07
9.03144e-07
9.03144e-07
9.03144e-07
9.03144e-07
9.03148e-07
9.03148e-07
9.03148e-07
9.03148e-07
9.05818e-07
9.05818e-07
9.05819e-07
9.05819e-07
4.31677e-06
4.31717e-06
4.31677e-06
4.3166e-06
9.05818e-07
9.03144e-07
9.03148e-07
9.03143e-07
9.03143e-07
9.03143e-07
9.03143e-07
9.03144e-07
9.03144e-07
9.03144e-07
9.03148e-07
9.03148e-07
9.03148e-07
9.05818e-07
9.05818e-07
9.05818e-07
4.31786e-06
4.31815e-06
4.31695e-06
4.31738e-06
9.03143e-07
9.03143e-07
9.03144e-07
9.03144e-07
9.03149e-07
9.03149e-07
9.03149e-07
9.03149e-07
9.05818e-07
9.05818e-07
9.05818e-07
9.05818e-07
4.31821e-06
4.31831e-06
4.31852e-06
4.31857e-06
9.0315e-07
9.0315e-07
9.0315e-07
9.0315e-07
9.05818e-07
9.05827e-07
9.05818e-07
9.05828e-07
4.31836e-06
4.31873e-06
4.31872e-06
4.3181e-06
9.03152e-07
9.03151e-07
9.03151e-07
9.03152e-07
9.05926e-07
9.05874e-07
9.05927e-07
9.05872e-07
4.31815e-06
4.3179e-06
4.31842e-06
4.31849e-06
9.03156e-07
9.03154e-07
9.03156e-07
9.03154e-07
9.06097e-07
9.06006e-07
9.06006e-07
9.06097e-07
4.31789e-06
4.31788e-06
4.31731e-06
4.3173e-06
9.0316e-07
9.03165e-07
9.0316e-07
9.03165e-07
9.06386e-07
9.06385e-07
9.0623e-07
9.0623e-07
4.31622e-06
4.31684e-06
4.31614e-06
4.317e-06
9.03184e-07
9.03185e-07
9.03173e-07
9.03173e-07
9.06616e-07
9.06886e-07
9.06619e-07
9.06888e-07
4.31535e-06
4.3145e-06
4.31497e-06
4.31425e-06
9.03205e-07
9.03237e-07
9.03205e-07
9.03236e-07
9.07781e-07
9.0778e-07
9.0729e-07
9.07288e-07
4.31476e-06
4.31398e-06
4.31471e-06
4.31412e-06
9.03406e-07
9.03298e-07
9.03407e-07
9.03298e-07
9.08521e-07
9.09461e-07
9.08523e-07
9.09463e-07
4.31408e-06
4.31409e-06
4.3143e-06
4.31421e-06
9.03666e-07
9.04316e-07
9.03664e-07
9.04309e-07
9.12794e-07
9.12792e-07
9.10898e-07
9.10895e-07
4.31501e-06
4.31519e-06
4.31386e-06
4.31339e-06
9.17823e-07
9.17808e-07
9.0636e-07
9.06359e-07
9.15739e-07
9.19048e-07
9.15765e-07
9.19093e-07
4.29992e-06
4.29992e-06
4.31142e-06
4.31025e-06
4.2714e-06
9.76474e-07
9.7643e-07
2.67946e-06
2.67918e-06
1.00789e-06
1.00783e-06
9.40867e-07
9.40894e-07
4.22505e-06
4.27105e-06
4.22562e-06
1.01674e-06
1.01713e-06
2.22917e-06
2.22898e-06
4.17039e-06
4.18422e-06
4.20717e-06
4.19488e-06
1.02039e-06
1.63385e-06
1.02089e-06
1.63332e-06
3.49669e-06
1.03178e-06
2.33733e-06
1.69832e-06
1.20993e-06
1.18847e-06
1.08136e-06
1.08232e-06
9.03109e-07
9.03109e-07
9.03142e-07
9.03143e-07
9.03142e-07
9.03142e-07
9.03109e-07
9.03143e-07
9.03143e-07
9.03142e-07
9.03142e-07
9.03109e-07
9.03143e-07
9.03143e-07
9.03143e-07
9.03143e-07
9.03144e-07
9.03143e-07
9.03144e-07
9.03143e-07
9.03109e-07
9.03143e-07
9.03143e-07
9.03143e-07
9.03143e-07
9.03144e-07
9.03144e-07
9.03144e-07
9.03144e-07
9.03148e-07
9.03148e-07
9.03148e-07
9.03148e-07
9.03109e-07
9.03143e-07
9.03143e-07
9.03143e-07
9.03143e-07
9.03144e-07
9.03144e-07
9.03144e-07
9.03144e-07
9.03148e-07
9.03148e-07
9.03148e-07
9.03148e-07
9.0582e-07
9.0582e-07
9.05819e-07
9.0582e-07
9.03109e-07
9.03143e-07
9.03143e-07
9.03143e-07
9.03143e-07
9.03144e-07
9.03144e-07
9.03144e-07
9.03144e-07
9.03148e-07
9.03148e-07
9.03148e-07
9.03148e-07
9.05819e-07
9.05819e-07
9.05819e-07
9.05819e-07
9.03109e-07
9.03143e-07
9.03143e-07
9.03143e-07
9.03143e-07
9.03144e-07
9.03144e-07
9.03144e-07
9.03144e-07
9.03148e-07
9.03148e-07
9.03148e-07
9.03148e-07
9.05819e-07
9.05818e-07
9.05819e-07
9.05819e-07
4.31687e-06
4.31717e-06
4.31644e-06
4.3167e-06
9.03143e-07
9.03143e-07
9.03143e-07
9.03143e-07
9.03144e-07
9.03144e-07
9.03144e-07
9.03144e-07
9.03148e-07
9.03148e-07
9.03148e-07
9.03148e-07
9.05818e-07
9.05818e-07
9.05818e-07
9.05818e-07
4.31806e-06
4.31739e-06
4.31823e-06
4.31704e-06
4.31812e-06
9.03149e-07
9.05818e-07
9.03143e-07
9.03143e-07
9.03144e-07
9.03144e-07
9.03149e-07
9.03149e-07
9.03149e-07
9.05818e-07
9.05818e-07
9.05818e-07
4.31842e-06
4.31836e-06
4.31852e-06
9.0315e-07
9.0315e-07
9.0315e-07
9.0315e-07
9.05818e-07
9.05827e-07
9.05818e-07
9.05828e-07
4.31879e-06
4.3186e-06
4.31877e-06
4.31877e-06
9.03151e-07
9.03151e-07
9.03152e-07
9.03152e-07
9.05926e-07
9.05927e-07
9.05872e-07
9.05871e-07
4.31866e-06
4.3184e-06
4.31881e-06
4.31878e-06
9.03156e-07
9.03156e-07
9.03154e-07
9.03154e-07
9.06095e-07
9.06005e-07
9.06004e-07
9.06095e-07
4.31822e-06
4.31807e-06
4.31818e-06
4.31836e-06
9.0316e-07
9.03165e-07
9.0316e-07
9.03165e-07
9.06383e-07
9.06229e-07
9.06384e-07
9.06229e-07
4.31739e-06
4.31771e-06
4.3168e-06
4.31653e-06
9.03184e-07
9.03184e-07
9.03173e-07
9.03173e-07
9.06613e-07
9.06886e-07
9.06611e-07
9.06887e-07
4.31598e-06
4.31579e-06
4.31545e-06
4.3164e-06
9.03205e-07
9.03205e-07
9.03236e-07
9.03236e-07
9.07778e-07
9.07779e-07
9.07289e-07
9.07288e-07
4.31481e-06
4.31426e-06
4.31414e-06
4.3145e-06
9.03406e-07
9.03298e-07
9.03406e-07
9.03298e-07
9.08521e-07
9.09458e-07
9.08521e-07
9.09457e-07
4.31469e-06
4.31322e-06
4.3142e-06
4.31372e-06
9.03661e-07
9.04297e-07
9.03662e-07
9.04303e-07
9.12777e-07
9.10887e-07
9.12784e-07
9.1089e-07
4.31372e-06
4.31352e-06
4.31472e-06
4.31343e-06
9.17748e-07
9.17659e-07
9.06327e-07
9.06287e-07
9.1575e-07
9.19068e-07
9.15765e-07
9.19083e-07
4.29964e-06
4.30004e-06
4.31137e-06
4.31133e-06
9.76432e-07
9.76426e-07
2.67934e-06
2.67884e-06
1.01e-06
1.00941e-06
9.40808e-07
9.40899e-07
4.27184e-06
4.2233e-06
4.2717e-06
4.22483e-06
1.01669e-06
1.01663e-06
2.2293e-06
2.22906e-06
4.17353e-06
4.16732e-06
4.21168e-06
4.21198e-06
1.01936e-06
1.02017e-06
1.63298e-06
1.63298e-06
1.21551e-06
1.08158e-06
1.21616e-06
1.08145e-06
1.13098e-06
1.10847e-06
1.17481e-06
1.08637e-06
4.93323e-06
9.38155e-07
4.94952e-06
9.37753e-07
9.45466e-07
9.45044e-07
9.03109e-07
9.03109e-07
9.03142e-07
9.03142e-07
9.03143e-07
9.03143e-07
9.03109e-07
9.03143e-07
9.03143e-07
9.03143e-07
9.03143e-07
9.03143e-07
9.03144e-07
9.03143e-07
9.03143e-07
9.03109e-07
9.03143e-07
9.03143e-07
9.03143e-07
9.03143e-07
9.03144e-07
9.03144e-07
9.03143e-07
9.03143e-07
9.03109e-07
9.03143e-07
9.03143e-07
9.03143e-07
9.03143e-07
9.03144e-07
9.03144e-07
9.03144e-07
9.03144e-07
9.03148e-07
9.03148e-07
9.03148e-07
9.03148e-07
9.03109e-07
9.03143e-07
9.03143e-07
9.03143e-07
9.03143e-07
9.03144e-07
9.03144e-07
9.03144e-07
9.03144e-07
9.03148e-07
9.03148e-07
9.03148e-07
9.03148e-07
9.0582e-07
9.05819e-07
9.0582e-07
9.0582e-07
9.03109e-07
9.03143e-07
9.03143e-07
9.03143e-07
9.03143e-07
9.03144e-07
9.03144e-07
9.03144e-07
9.03144e-07
9.03148e-07
9.03148e-07
9.03148e-07
9.03148e-07
9.0582e-07
9.05819e-07
9.0582e-07
9.05819e-07
4.31629e-06
4.31614e-06
4.31643e-06
4.31618e-06
9.03109e-07
9.03143e-07
9.03143e-07
9.03143e-07
9.03143e-07
9.03144e-07
9.03144e-07
9.03144e-07
9.03144e-07
9.03148e-07
9.03148e-07
9.03148e-07
9.03148e-07
9.05819e-07
9.05818e-07
9.05819e-07
9.05819e-07
4.31673e-06
4.31708e-06
4.31635e-06
4.31698e-06
9.03143e-07
9.03143e-07
9.03143e-07
9.03143e-07
9.03144e-07
9.03144e-07
9.03144e-07
9.03144e-07
9.03148e-07
9.03148e-07
9.03148e-07
9.03148e-07
9.05819e-07
9.05818e-07
9.05818e-07
9.05818e-07
4.31754e-06
4.31777e-06
4.31756e-06
4.31737e-06
9.03143e-07
9.03143e-07
9.03144e-07
9.03144e-07
9.03149e-07
9.03149e-07
9.03149e-07
9.03149e-07
9.05818e-07
9.05818e-07
9.05819e-07
9.05818e-07
4.31798e-06
4.31818e-06
4.31802e-06
4.3178e-06
9.05819e-07
4.31845e-06
9.0315e-07
9.0315e-07
9.0315e-07
9.0315e-07
9.05828e-07
9.05819e-07
9.05828e-07
4.31886e-06
4.31836e-06
4.31844e-06
9.03151e-07
9.03151e-07
9.03152e-07
9.03152e-07
9.05925e-07
9.05925e-07
9.05874e-07
9.05872e-07
4.31852e-06
4.31835e-06
4.31885e-06
4.31863e-06
9.03156e-07
9.03156e-07
9.03154e-07
9.03154e-07
9.06004e-07
9.06003e-07
9.06097e-07
9.06095e-07
4.31794e-06
4.31799e-06
4.3184e-06
4.31859e-06
9.0316e-07
9.0316e-07
9.03165e-07
9.03165e-07
9.06384e-07
9.06384e-07
9.06228e-07
9.06228e-07
4.31702e-06
4.31781e-06
4.31847e-06
4.31697e-06
9.03184e-07
9.03184e-07
9.03173e-07
9.03173e-07
9.06611e-07
9.06883e-07
9.06612e-07
9.06885e-07
4.31637e-06
4.31669e-06
4.31589e-06
4.31626e-06
9.03205e-07
9.03205e-07
9.03236e-07
9.03236e-07
9.07776e-07
9.07776e-07
9.07288e-07
9.07286e-07
4.31538e-06
4.31407e-06
4.31467e-06
4.31441e-06
9.03406e-07
9.03406e-07
9.03297e-07
9.03297e-07
9.08514e-07
9.08518e-07
9.09458e-07
9.09457e-07
4.31289e-06
4.31374e-06
4.31343e-06
4.31467e-06
9.0366e-07
9.04293e-07
9.0366e-07
9.04291e-07
9.12782e-07
9.10888e-07
9.12777e-07
9.10886e-07
4.31306e-06
4.31318e-06
4.31225e-06
4.31214e-06
9.17636e-07
9.17649e-07
9.06254e-07
9.06271e-07
9.15739e-07
9.19014e-07
9.15746e-07
9.19043e-07
4.29922e-06
4.31035e-06
4.30035e-06
4.3105e-06
9.76434e-07
9.76436e-07
2.68117e-06
2.68353e-06
1.00765e-06
1.00482e-06
9.40712e-07
9.4056e-07
4.27276e-06
4.22709e-06
4.27308e-06
4.22972e-06
1.01708e-06
1.01696e-06
2.22864e-06
2.22841e-06
4.20065e-06
4.18979e-06
4.19816e-06
4.20807e-06
1.01924e-06
1.01912e-06
1.63305e-06
1.63287e-06
1.21206e-06
1.21419e-06
1.08052e-06
1.08098e-06
4.91658e-06
9.38633e-07
9.46306e-07
4.90883e-06
9.38888e-07
9.4662e-07
4.90253e-06
9.52722e-07
5.08133e-06
9.40209e-07
9.65683e-07
9.40518e-07
4.61628e-06
9.11642e-07
9.05727e-07
4.67586e-06
9.11003e-07
9.05631e-07
9.09182e-07
9.09168e-07
9.03109e-07
9.03109e-07
9.03142e-07
9.03142e-07
9.03143e-07
9.03143e-07
9.03109e-07
9.03143e-07
9.03143e-07
9.03143e-07
9.03143e-07
9.03143e-07
9.03143e-07
9.03144e-07
9.03144e-07
9.03109e-07
9.03143e-07
9.03143e-07
9.03143e-07
9.03143e-07
9.03144e-07
9.03144e-07
9.03144e-07
9.03144e-07
9.03148e-07
9.03148e-07
9.03148e-07
9.03148e-07
9.03109e-07
9.03143e-07
9.03143e-07
9.03143e-07
9.03143e-07
9.03144e-07
9.03144e-07
9.03144e-07
9.03144e-07
9.03148e-07
9.03148e-07
9.03148e-07
9.03148e-07
9.03109e-07
9.03143e-07
9.03143e-07
9.03143e-07
9.03143e-07
9.03144e-07
9.03144e-07
9.03144e-07
9.03144e-07
9.03148e-07
9.03148e-07
9.03148e-07
9.03148e-07
9.0582e-07
9.0582e-07
9.0582e-07
9.0582e-07
9.03109e-07
9.03143e-07
9.03143e-07
9.03143e-07
9.03143e-07
9.03144e-07
9.03144e-07
9.03144e-07
9.03144e-07
9.03148e-07
9.03148e-07
9.03148e-07
9.03148e-07
9.0582e-07
9.05819e-07
9.0582e-07
9.05819e-07
4.31652e-06
4.31595e-06
4.31619e-06
4.31604e-06
9.03109e-07
9.03143e-07
9.03143e-07
9.03143e-07
9.03143e-07
9.03144e-07
9.03144e-07
9.03144e-07
9.03144e-07
9.03148e-07
9.03148e-07
9.03148e-07
9.03148e-07
9.05819e-07
9.05818e-07
9.05819e-07
9.05819e-07
4.31659e-06
4.3167e-06
4.31673e-06
4.31722e-06
9.03143e-07
9.03143e-07
9.03143e-07
9.03143e-07
9.03144e-07
9.03144e-07
9.03144e-07
9.03144e-07
9.03149e-07
9.03149e-07
9.03148e-07
9.03148e-07
9.05818e-07
9.05818e-07
9.05818e-07
9.05818e-07
4.31773e-06
4.31744e-06
4.31775e-06
4.31723e-06
9.03143e-07
9.03143e-07
9.03144e-07
9.03144e-07
9.03149e-07
9.03149e-07
9.03149e-07
9.03149e-07
9.05819e-07
9.05819e-07
9.05818e-07
9.05818e-07
4.31849e-06
4.31849e-06
4.31785e-06
4.31771e-06
9.0315e-07
9.0315e-07
9.0315e-07
9.0315e-07
9.05819e-07
9.05828e-07
9.05819e-07
9.05828e-07
4.31788e-06
4.31772e-06
4.31839e-06
4.31819e-06
4.31789e-06
9.03151e-07
9.05924e-07
9.03152e-07
9.03151e-07
9.03152e-07
9.05924e-07
9.05874e-07
9.05873e-07
4.31791e-06
4.31842e-06
4.31772e-06
9.03156e-07
9.03156e-07
9.03154e-07
9.03154e-07
9.06004e-07
9.06004e-07
9.06097e-07
9.06096e-07
4.31803e-06
4.31765e-06
4.31854e-06
4.31779e-06
9.03165e-07
9.0316e-07
9.0316e-07
9.03165e-07
9.06383e-07
9.06383e-07
9.06227e-07
9.06228e-07
4.31752e-06
4.31776e-06
4.31762e-06
4.31682e-06
9.03184e-07
9.03184e-07
9.03173e-07
9.03173e-07
9.0661e-07
9.0661e-07
9.06883e-07
9.06882e-07
4.31623e-06
4.31628e-06
4.31721e-06
4.31735e-06
9.03205e-07
9.03236e-07
9.03205e-07
9.03236e-07
9.07775e-07
9.07777e-07
9.07286e-07
9.07286e-07
4.31529e-06
4.31465e-06
4.3151e-06
4.31436e-06
9.03406e-07
9.03406e-07
9.03297e-07
9.03297e-07
9.08514e-07
9.08513e-07
9.09457e-07
9.09457e-07
4.31369e-06
4.31312e-06
4.31367e-06
4.31424e-06
9.0366e-07
9.04295e-07
9.0366e-07
9.04294e-07
9.12771e-07
9.12774e-07
9.10878e-07
9.1088e-07
4.31295e-06
4.313e-06
4.31194e-06
4.31256e-06
9.1756e-07
9.17566e-07
9.06224e-07
9.06224e-07
9.15769e-07
9.19064e-07
9.15752e-07
9.19032e-07
4.29942e-06
4.31058e-06
4.29948e-06
4.3088e-06
9.765e-07
9.76469e-07
2.68726e-06
2.6855e-06
1.00405e-06
1.00457e-06
9.40283e-07
9.4041e-07
4.27382e-06
4.23091e-06
4.27332e-06
4.23028e-06
1.01661e-06
1.01602e-06
2.23075e-06
2.23349e-06
4.17473e-06
4.1417e-06
4.21243e-06
4.22226e-06
1.0203e-06
1.02001e-06
1.63285e-06
1.63268e-06
1.2116e-06
1.21117e-06
1.08042e-06
1.0803e-06
4.86577e-06
9.39064e-07
4.88385e-06
9.38991e-07
9.4694e-07
9.46829e-07
4.59723e-06
9.1197e-07
9.05827e-07
9.0936e-07
4.59325e-06
9.12134e-07
9.05882e-07
9.09439e-07
4.75884e-06
9.11592e-07
9.08792e-07
4.88972e-06
9.0877e-07
9.05139e-07
9.11867e-07
9.07863e-07
4.51574e-06
9.0597e-07
9.03922e-07
9.03717e-07
4.57825e-06
9.05985e-07
9.0391e-07
9.03702e-07
9.04091e-07
9.0405e-07
9.03109e-07
9.03109e-07
9.03142e-07
9.03142e-07
9.03143e-07
9.03143e-07
9.03109e-07
9.03143e-07
9.03143e-07
9.03143e-07
9.03143e-07
9.03143e-07
9.03143e-07
9.03144e-07
9.03144e-07
9.03109e-07
9.03143e-07
9.03143e-07
9.03143e-07
9.03143e-07
9.03144e-07
9.03144e-07
9.03144e-07
9.03144e-07
9.03148e-07
9.03148e-07
9.03148e-07
9.03148e-07
9.03109e-07
9.03143e-07
9.03143e-07
9.03143e-07
9.03143e-07
9.03144e-07
9.03144e-07
9.03144e-07
9.03144e-07
9.03148e-07
9.03148e-07
9.03148e-07
9.03148e-07
9.0582e-07
9.05821e-07
9.0582e-07
9.0582e-07
9.03109e-07
9.03143e-07
9.03143e-07
9.03143e-07
9.03143e-07
9.03144e-07
9.03144e-07
9.03144e-07
9.03144e-07
9.03148e-07
9.03148e-07
9.03148e-07
9.03148e-07
9.05821e-07
9.05821e-07
9.0582e-07
9.0582e-07
9.03109e-07
9.03143e-07
9.03143e-07
9.03143e-07
9.03143e-07
9.03144e-07
9.03144e-07
9.03144e-07
9.03144e-07
9.03148e-07
9.03148e-07
9.03148e-07
9.03148e-07
9.0582e-07
9.0582e-07
9.0582e-07
9.05819e-07
4.31647e-06
4.31608e-06
4.31633e-06
4.31623e-06
9.03109e-07
9.03143e-07
9.03143e-07
9.03143e-07
9.03143e-07
9.03144e-07
9.03144e-07
9.03144e-07
9.03144e-07
9.03148e-07
9.03148e-07
9.03148e-07
9.03148e-07
9.05819e-07
9.05819e-07
9.05819e-07
9.05819e-07
4.31612e-06
4.31674e-06
4.31663e-06
4.3174e-06
9.03143e-07
9.03143e-07
9.03143e-07
9.03143e-07
9.03144e-07
9.03144e-07
9.03144e-07
9.03144e-07
9.03149e-07
9.03148e-07
9.03149e-07
9.03148e-07
9.05818e-07
9.05818e-07
9.05818e-07
9.05818e-07
4.31748e-06
4.31753e-06
4.31709e-06
4.31747e-06
9.03143e-07
9.03143e-07
9.03144e-07
9.03144e-07
9.03149e-07
9.03149e-07
9.03149e-07
9.03149e-07
9.05819e-07
9.05819e-07
9.05818e-07
9.05819e-07
4.31793e-06
4.31783e-06
4.31818e-06
4.31803e-06
9.0315e-07
9.0315e-07
9.0315e-07
9.0315e-07
9.0582e-07
9.05829e-07
9.05819e-07
9.05828e-07
4.31777e-06
4.31773e-06
4.318e-06
4.31814e-06
9.03151e-07
9.03152e-07
9.03151e-07
9.03152e-07
9.05926e-07
9.05926e-07
9.05873e-07
9.05873e-07
4.31789e-06
4.31686e-06
4.3177e-06
4.31738e-06
9.06006e-07
4.31697e-06
9.03156e-07
9.03154e-07
9.03156e-07
9.03154e-07
9.06097e-07
9.06006e-07
9.06096e-07
4.3175e-06
4.31763e-06
4.3175e-06
9.03165e-07
9.0316e-07
9.0316e-07
9.03165e-07
9.06383e-07
9.06382e-07
9.06227e-07
9.06229e-07
4.31733e-06
4.31666e-06
4.31738e-06
4.31643e-06
9.03184e-07
9.03173e-07
9.03184e-07
9.03173e-07
9.06882e-07
9.0661e-07
9.0661e-07
9.06882e-07
4.31589e-06
4.31623e-06
4.31659e-06
4.31674e-06
9.03205e-07
9.03236e-07
9.03205e-07
9.03236e-07
9.07775e-07
9.07777e-07
9.07284e-07
9.07282e-07
4.31563e-06
4.31563e-06
4.31512e-06
4.31441e-06
9.08513e-07
9.09453e-07
9.03297e-07
9.08511e-07
9.09455e-07
9.03297e-07
9.03405e-07
9.03405e-07
4.3134e-06
4.31312e-06
4.314e-06
4.31358e-06
9.0366e-07
9.04295e-07
9.0366e-07
9.04294e-07
9.12771e-07
9.12772e-07
9.10878e-07
9.10876e-07
4.31224e-06
4.31186e-06
4.31151e-06
4.31165e-06
9.17611e-07
9.17613e-07
9.06248e-07
9.06243e-07
9.15726e-07
9.18984e-07
9.15737e-07
9.19009e-07
4.29895e-06
4.29903e-06
4.30851e-06
4.30936e-06
9.76491e-07
9.76507e-07
2.68884e-06
2.68926e-06
1.00152e-06
1.0017e-06
9.40262e-07
9.40168e-07
4.27419e-06
4.23405e-06
4.2727e-06
4.23267e-06
1.01593e-06
1.01599e-06
2.23722e-06
2.23539e-06
4.1521e-06
4.14907e-06
4.22576e-06
4.21958e-06
1.01893e-06
1.01722e-06
1.63363e-06
1.63469e-06
1.21371e-06
1.21311e-06
1.08073e-06
1.08063e-06
4.86743e-06
9.39132e-07
4.85947e-06
9.39162e-07
9.46985e-07
9.47026e-07
4.58335e-06
9.12193e-07
9.05944e-07
4.57551e-06
9.1216e-07
9.05919e-07
9.09545e-07
9.09506e-07
4.49111e-06
9.05979e-07
9.0394e-07
9.03739e-07
9.04156e-07
4.47962e-06
9.05979e-07
9.03948e-07
9.03759e-07
9.04187e-07
4.6947e-06
9.06112e-07
9.03961e-07
9.0389e-07
4.80804e-06
9.05947e-07
9.03733e-07
9.0362e-07
9.04293e-07
9.03772e-07
4.50974e-06
9.05795e-07
9.03286e-07
9.03218e-07
9.03223e-07
4.57622e-06
9.0574e-07
9.03276e-07
9.03214e-07
9.03209e-07
9.03325e-07
9.03302e-07
9.03109e-07
9.03109e-07
9.03142e-07
9.03143e-07
9.03142e-07
9.03143e-07
9.03109e-07
9.03143e-07
9.03143e-07
9.03143e-07
9.03143e-07
9.03143e-07
9.03143e-07
9.03144e-07
9.03144e-07
9.03109e-07
9.03143e-07
9.03143e-07
9.03143e-07
9.03143e-07
9.03144e-07
9.03144e-07
9.03144e-07
9.03144e-07
9.03148e-07
9.03148e-07
9.03148e-07
9.03148e-07
9.03109e-07
9.03143e-07
9.03143e-07
9.03143e-07
9.03143e-07
9.03144e-07
9.03144e-07
9.03144e-07
9.03144e-07
9.03148e-07
9.03148e-07
9.03148e-07
9.03148e-07
9.05821e-07
9.05821e-07
9.05822e-07
9.05822e-07
9.03109e-07
9.03143e-07
9.03143e-07
9.03143e-07
9.03143e-07
9.03144e-07
9.03144e-07
9.03144e-07
9.03144e-07
9.03148e-07
9.03148e-07
9.03148e-07
9.03148e-07
9.05821e-07
9.05821e-07
9.05821e-07
9.05821e-07
4.31553e-06
4.31587e-06
4.31568e-06
4.31464e-06
9.03109e-07
9.03143e-07
9.03143e-07
9.03143e-07
9.03143e-07
9.03144e-07
9.03144e-07
9.03144e-07
9.03144e-07
9.03148e-07
9.03148e-07
9.03148e-07
9.03148e-07
9.0582e-07
9.0582e-07
9.05819e-07
9.0582e-07
4.31656e-06
4.31595e-06
4.31447e-06
4.31585e-06
9.03109e-07
9.03143e-07
9.03143e-07
9.03143e-07
9.03143e-07
9.03144e-07
9.03144e-07
9.03144e-07
9.03144e-07
9.03148e-07
9.03148e-07
9.03148e-07
9.03148e-07
9.05819e-07
9.05819e-07
9.05819e-07
9.05819e-07
4.31611e-06
4.31712e-06
4.31677e-06
4.31674e-06
9.03143e-07
9.03143e-07
9.03143e-07
9.03143e-07
9.03144e-07
9.03144e-07
9.03144e-07
9.03144e-07
9.03149e-07
9.03148e-07
9.03149e-07
9.03148e-07
9.05819e-07
9.05819e-07
9.05819e-07
9.05819e-07
4.31734e-06
4.31715e-06
4.31761e-06
4.31733e-06
9.03143e-07
9.03143e-07
9.03144e-07
9.03144e-07
9.03149e-07
9.03149e-07
9.03149e-07
9.03149e-07
9.05819e-07
9.05819e-07
9.05819e-07
9.05819e-07
4.31773e-06
4.31751e-06
4.31778e-06
4.31761e-06
9.0315e-07
9.0315e-07
9.0315e-07
9.0315e-07
9.0582e-07
9.0583e-07
9.0582e-07
9.0583e-07
4.31753e-06
4.31735e-06
4.31771e-06
4.31776e-06
9.03151e-07
9.03151e-07
9.03152e-07
9.03152e-07
9.05929e-07
9.05928e-07
9.05873e-07
9.05873e-07
4.31708e-06
4.31657e-06
4.31727e-06
4.3169e-06
9.03156e-07
9.03154e-07
9.03156e-07
9.03154e-07
9.06005e-07
9.06099e-07
9.06006e-07
9.06099e-07
4.31663e-06
4.31578e-06
4.31677e-06
4.317e-06
4.31622e-06
9.0316e-07
9.06386e-07
9.03165e-07
9.0316e-07
9.03165e-07
9.06228e-07
9.06384e-07
9.06228e-07
4.3159e-06
4.31637e-06
4.31647e-06
9.03184e-07
9.03173e-07
9.03184e-07
9.03173e-07
9.06881e-07
9.06611e-07
9.06613e-07
9.06881e-07
4.3156e-06
4.31512e-06
4.31654e-06
4.31573e-06
9.03236e-07
9.03205e-07
9.03205e-07
9.03236e-07
9.07776e-07
9.07285e-07
9.07776e-07
9.07283e-07
4.31407e-06
4.31557e-06
4.3151e-06
4.31412e-06
9.03405e-07
9.03297e-07
9.03405e-07
9.03297e-07
9.08512e-07
9.09454e-07
9.08512e-07
9.09453e-07
4.31217e-06
4.31284e-06
4.31442e-06
4.31291e-06
4.31238e-06
4.31089e-06
9.10879e-07
4.31242e-06
4.31141e-06
9.10876e-07
9.03659e-07
9.12772e-07
9.04288e-07
9.03659e-07
9.0429e-07
9.12769e-07
9.17617e-07
9.17625e-07
9.06246e-07
9.06241e-07
9.15732e-07
9.19006e-07
9.15732e-07
9.19014e-07
4.29795e-06
4.29761e-06
4.30784e-06
4.30835e-06
9.76522e-07
9.76522e-07
2.68859e-06
2.68892e-06
1.00327e-06
1.00329e-06
9.40215e-07
9.4025e-07
4.27167e-06
4.22691e-06
4.27238e-06
4.23066e-06
1.01534e-06
1.01542e-06
2.23913e-06
2.23953e-06
4.11481e-06
4.12081e-06
4.24022e-06
4.2324e-06
1.01675e-06
1.01705e-06
1.63664e-06
1.63566e-06
1.21051e-06
1.20655e-06
1.08019e-06
1.07951e-06
4.89533e-06
9.39252e-07
4.88374e-06
9.39228e-07
9.47022e-07
9.47023e-07
4.58557e-06
9.12239e-07
9.05957e-07
4.5841e-06
9.12254e-07
9.05967e-07
9.09569e-07
9.09582e-07
4.46958e-06
9.05971e-07
9.03952e-07
9.0378e-07
4.46946e-06
9.05973e-07
9.0395e-07
9.0377e-07
9.04226e-07
9.04212e-07
4.48233e-06
9.05836e-07
9.03297e-07
9.03223e-07
9.0323e-07
9.03338e-07
4.46898e-06
9.05857e-07
9.03305e-07
9.03229e-07
9.03239e-07
9.03355e-07
4.69478e-06
9.05538e-07
9.03394e-07
9.03249e-07
9.03244e-07
4.81222e-06
9.05661e-07
9.03252e-07
9.03197e-07
9.03186e-07
9.03319e-07
9.03249e-07
4.51223e-06
9.05593e-07
9.03207e-07
9.03182e-07
9.03154e-07
9.03109e-07
4.58071e-06
9.05562e-07
9.03201e-07
9.03179e-07
9.03145e-07
9.03109e-07
9.03142e-07
9.03143e-07
9.03142e-07
9.03143e-07
9.03109e-07
9.03143e-07
9.03143e-07
9.03143e-07
9.03143e-07
9.03143e-07
9.03144e-07
9.03143e-07
9.03144e-07
9.03109e-07
9.03143e-07
9.03143e-07
9.03143e-07
9.03143e-07
9.03144e-07
9.03144e-07
9.03144e-07
9.03144e-07
9.03148e-07
9.03148e-07
9.03148e-07
9.03148e-07
9.03109e-07
9.03143e-07
9.03143e-07
9.03143e-07
9.03143e-07
9.03144e-07
9.03144e-07
9.03144e-07
9.03144e-07
9.03148e-07
9.03148e-07
9.03148e-07
9.03148e-07
9.05822e-07
9.05822e-07
9.05823e-07
9.05822e-07
9.03109e-07
9.03143e-07
9.03143e-07
9.03143e-07
9.03143e-07
9.03144e-07
9.03144e-07
9.03144e-07
9.03144e-07
9.03148e-07
9.03148e-07
9.03148e-07
9.03148e-07
9.05822e-07
9.05822e-07
9.05822e-07
9.05822e-07
4.31514e-06
4.31391e-06
4.31566e-06
4.31495e-06
9.03109e-07
9.03143e-07
9.03143e-07
9.03143e-07
9.03143e-07
9.03144e-07
9.03144e-07
9.03144e-07
9.03144e-07
9.03148e-07
9.03148e-07
9.03148e-07
9.03148e-07
9.0582e-07
9.0582e-07
9.0582e-07
9.0582e-07
4.31366e-06
4.31489e-06
4.31608e-06
4.31499e-06
9.03109e-07
9.03143e-07
9.03143e-07
9.03143e-07
9.03143e-07
9.03144e-07
9.03144e-07
9.03144e-07
9.03144e-07
9.03148e-07
9.03148e-07
9.03148e-07
9.03148e-07
9.05819e-07
9.05819e-07
9.05819e-07
9.05819e-07
4.3161e-06
4.3162e-06
4.31551e-06
4.31758e-06
9.03143e-07
9.03143e-07
9.03143e-07
9.03143e-07
9.03144e-07
9.03144e-07
9.03144e-07
9.03144e-07
9.03149e-07
9.03148e-07
9.03149e-07
9.03148e-07
9.05819e-07
9.05818e-07
9.05818e-07
9.05819e-07
4.31734e-06
4.31748e-06
4.31751e-06
4.31681e-06
9.03143e-07
9.03143e-07
9.03144e-07
9.03144e-07
9.03149e-07
9.03149e-07
9.03149e-07
9.03149e-07
9.05819e-07
9.05819e-07
9.05819e-07
9.05819e-07
4.31806e-06
4.31792e-06
4.31756e-06
4.31784e-06
9.0315e-07
9.0315e-07
9.0315e-07
9.0315e-07
9.0582e-07
9.05829e-07
9.0582e-07
9.05829e-07
4.31749e-06
4.31776e-06
4.31754e-06
4.31771e-06
9.03151e-07
9.03151e-07
9.03152e-07
9.03152e-07
9.05927e-07
9.05927e-07
9.05873e-07
9.05873e-07
4.31708e-06
4.3168e-06
4.31698e-06
4.31666e-06
9.03156e-07
9.03156e-07
9.03154e-07
9.03154e-07
9.06008e-07
9.06006e-07
9.06098e-07
9.06098e-07
4.31582e-06
4.31573e-06
4.31629e-06
4.31662e-06
9.0316e-07
9.03165e-07
9.0316e-07
9.03165e-07
9.06385e-07
9.0623e-07
9.06385e-07
9.06231e-07
4.31569e-06
4.31528e-06
4.31583e-06
4.31523e-06
9.06613e-07
4.31469e-06
9.03184e-07
9.03184e-07
9.03173e-07
9.03173e-07
9.06885e-07
9.06614e-07
9.06883e-07
4.3152e-06
4.31469e-06
4.31572e-06
9.03236e-07
9.03205e-07
9.03205e-07
9.03236e-07
9.07776e-07
9.07285e-07
9.07777e-07
9.07285e-07
4.31416e-06
4.31481e-06
4.31443e-06
4.31406e-06
9.03405e-07
9.03297e-07
9.03405e-07
9.03297e-07
9.09453e-07
9.0851e-07
9.08512e-07
9.09453e-07
4.31231e-06
4.31328e-06
4.31284e-06
4.31339e-06
9.03658e-07
9.04287e-07
9.03658e-07
9.04287e-07
9.12766e-07
9.10877e-07
9.12763e-07
9.10876e-07
4.3118e-06
4.31127e-06
4.31194e-06
4.31037e-06
4.30769e-06
4.30849e-06
9.15748e-07
4.29779e-06
9.17565e-07
9.17601e-07
9.06214e-07
9.06229e-07
9.19029e-07
9.15723e-07
9.18985e-07
4.2979e-06
9.76537e-07
9.7656e-07
2.6887e-06
2.68915e-06
1.00324e-06
1.00332e-06
9.40268e-07
9.40281e-07
4.27193e-06
4.23009e-06
4.27229e-06
4.23174e-06
1.01573e-06
1.01574e-06
2.23825e-06
2.23885e-06
4.13575e-06
4.1429e-06
4.21031e-06
4.22683e-06
1.01513e-06
1.01527e-06
1.63729e-06
1.63754e-06
1.20543e-06
1.20612e-06
1.07938e-06
1.07946e-06
4.86652e-06
9.3922e-07
4.8305e-06
9.39165e-07
9.47044e-07
9.47069e-07
4.56728e-06
9.12336e-07
9.05971e-07
4.57854e-06
9.12319e-07
9.05969e-07
9.09589e-07
9.09585e-07
4.46673e-06
9.05966e-07
9.03951e-07
9.03784e-07
4.4647e-06
9.05967e-07
9.03953e-07
9.03787e-07
9.04236e-07
9.04242e-07
4.45523e-06
9.05873e-07
9.03309e-07
9.03236e-07
9.03247e-07
4.45807e-06
9.05866e-07
9.03308e-07
9.03233e-07
9.03242e-07
9.0337e-07
9.0336e-07
4.48394e-06
9.05612e-07
9.03215e-07
9.03187e-07
9.03158e-07
9.03114e-07
4.46858e-06
9.05623e-07
9.03218e-07
9.03192e-07
9.03164e-07
4.70031e-06
9.05322e-07
9.03209e-07
9.03211e-07
9.03155e-07
9.03108e-07
4.82022e-06
9.05556e-07
9.0318e-07
9.0317e-07
9.03136e-07
4.51059e-06
9.05566e-07
9.03141e-07
9.0315e-07
9.03141e-07
9.03098e-07
4.58125e-06
9.05532e-07
9.03141e-07
9.03147e-07
9.03137e-07
9.03109e-07
9.03143e-07
9.03143e-07
9.03143e-07
9.03142e-07
9.03143e-07
9.03144e-07
9.03143e-07
9.03144e-07
9.03109e-07
9.03143e-07
9.03143e-07
9.03143e-07
9.03143e-07
9.03144e-07
9.03144e-07
9.03144e-07
9.03144e-07
9.03148e-07
9.03148e-07
9.03148e-07
9.03148e-07
9.03109e-07
9.03143e-07
9.03143e-07
9.03143e-07
9.03143e-07
9.03144e-07
9.03144e-07
9.03144e-07
9.03144e-07
9.03148e-07
9.03148e-07
9.03148e-07
9.03148e-07
9.05823e-07
9.05825e-07
9.05824e-07
9.05825e-07
9.03109e-07
9.03143e-07
9.03143e-07
9.03143e-07
9.03143e-07
9.03144e-07
9.03144e-07
9.03144e-07
9.03144e-07
9.03148e-07
9.03148e-07
9.03148e-07
9.03148e-07
9.05823e-07
9.05823e-07
9.05823e-07
9.05823e-07
4.31313e-06
4.31409e-06
4.3137e-06
4.31329e-06
9.03109e-07
9.03143e-07
9.03143e-07
9.03143e-07
9.03143e-07
9.03144e-07
9.03144e-07
9.03144e-07
9.03144e-07
9.03148e-07
9.03148e-07
9.03148e-07
9.03148e-07
9.05821e-07
9.05821e-07
9.05822e-07
9.05821e-07
4.31602e-06
4.31409e-06
4.3144e-06
4.3136e-06
9.03109e-07
9.03143e-07
9.03143e-07
9.03143e-07
9.03143e-07
9.03144e-07
9.03144e-07
9.03144e-07
9.03144e-07
9.03148e-07
9.03148e-07
9.03148e-07
9.03148e-07
9.0582e-07
9.0582e-07
9.05819e-07
9.0582e-07
4.31453e-06
4.31592e-06
4.3154e-06
4.31691e-06
9.03143e-07
9.03143e-07
9.03143e-07
9.03143e-07
9.03144e-07
9.03144e-07
9.03144e-07
9.03144e-07
9.03149e-07
9.03149e-07
9.03148e-07
9.03148e-07
9.05819e-07
9.05819e-07
9.05819e-07
9.05819e-07
4.31818e-06
4.31719e-06
4.316e-06
4.31647e-06
9.03143e-07
9.03143e-07
9.03144e-07
9.03144e-07
9.03149e-07
9.03149e-07
9.03149e-07
9.03149e-07
9.05819e-07
9.05819e-07
9.05819e-07
9.05819e-07
4.31759e-06
4.31736e-06
4.31704e-06
4.31784e-06
9.0315e-07
9.0315e-07
9.0315e-07
9.0315e-07
9.0582e-07
9.05829e-07
9.0582e-07
9.05829e-07
4.31715e-06
4.31733e-06
4.31748e-06
4.31733e-06
9.03151e-07
9.03152e-07
9.03151e-07
9.03152e-07
9.05929e-07
9.05929e-07
9.05873e-07
9.05873e-07
4.31712e-06
4.31671e-06
4.31726e-06
4.31624e-06
9.03156e-07
9.03156e-07
9.03154e-07
9.03154e-07
9.06008e-07
9.06008e-07
9.06101e-07
9.06102e-07
4.31526e-06
4.31483e-06
4.31614e-06
4.31652e-06
9.0316e-07
9.06388e-07
9.03165e-07
9.0316e-07
9.03165e-07
9.06388e-07
9.06232e-07
9.06231e-07
4.31593e-06
4.3154e-06
4.31584e-06
4.3147e-06
9.03184e-07
9.03184e-07
9.03173e-07
9.03173e-07
9.06613e-07
9.06887e-07
9.06615e-07
9.06887e-07
4.31464e-06
4.31519e-06
4.31402e-06
4.31491e-06
4.31409e-06
9.03205e-07
9.03205e-07
9.03236e-07
9.03236e-07
9.07775e-07
9.07775e-07
9.07286e-07
9.07286e-07
4.31335e-06
4.31395e-06
4.31344e-06
9.03405e-07
9.03297e-07
9.03405e-07
9.03297e-07
9.09451e-07
9.08512e-07
9.08514e-07
9.09451e-07
4.3123e-06
4.31271e-06
4.31211e-06
4.31257e-06
9.04284e-07
9.03657e-07
9.03658e-07
9.04286e-07
9.1277e-07
9.10874e-07
9.12767e-07
9.10874e-07
4.31065e-06
4.31152e-06
4.31303e-06
4.31122e-06
9.17581e-07
9.17593e-07
9.06218e-07
9.06222e-07
9.15735e-07
9.19e-07
9.15721e-07
9.18969e-07
4.29764e-06
4.30811e-06
4.29755e-06
4.30778e-06
4.27252e-06
9.76578e-07
1.00124e-06
1.00251e-06
9.76582e-07
9.40164e-07
9.40134e-07
2.69074e-06
2.68993e-06
4.23311e-06
4.27208e-06
4.23063e-06
1.01575e-06
1.01581e-06
2.23829e-06
2.23881e-06
4.13683e-06
4.1418e-06
4.2243e-06
4.23423e-06
1.01618e-06
1.01619e-06
1.63688e-06
1.63731e-06
1.20165e-06
1.20198e-06
1.07871e-06
1.07878e-06
4.84357e-06
9.39182e-07
4.83954e-06
9.39173e-07
9.47029e-07
9.47049e-07
4.58257e-06
9.12291e-07
9.05976e-07
4.59337e-06
9.12216e-07
9.05982e-07
9.09602e-07
9.09617e-07
4.46029e-06
9.05958e-07
9.03953e-07
9.0379e-07
4.46267e-06
9.05964e-07
9.03954e-07
9.03788e-07
9.04247e-07
9.04245e-07
4.45282e-06
9.05876e-07
9.03309e-07
9.03237e-07
9.03249e-07
4.44981e-06
9.05878e-07
9.03311e-07
9.03239e-07
9.03251e-07
9.03371e-07
9.03376e-07
4.45307e-06
9.05631e-07
9.0322e-07
9.03197e-07
9.03169e-07
9.03117e-07
4.45924e-06
9.05628e-07
9.03219e-07
9.03194e-07
9.03166e-07
4.48172e-06
9.05587e-07
9.03142e-07
9.03154e-07
9.03144e-07
9.031e-07
4.46394e-06
9.05599e-07
9.03142e-07
9.03155e-07
9.03148e-07
4.70434e-06
9.053e-07
9.03147e-07
9.0315e-07
9.03149e-07
9.03098e-07
4.82298e-06
9.05532e-07
9.03138e-07
9.03138e-07
9.03131e-07
9.05559e-07
9.03126e-07
9.03124e-07
9.03123e-07
9.03093e-07
9.05523e-07
9.03125e-07
9.03124e-07
9.03122e-07
9.03109e-07
9.03143e-07
9.03143e-07
9.03142e-07
9.03142e-07
9.03144e-07
9.03144e-07
9.03144e-07
9.03144e-07
9.03148e-07
9.03148e-07
9.03148e-07
9.03148e-07
9.03109e-07
9.03143e-07
9.03143e-07
9.03143e-07
9.03143e-07
9.03144e-07
9.03144e-07
9.03144e-07
9.03144e-07
9.03148e-07
9.03148e-07
9.03148e-07
9.03148e-07
9.05828e-07
9.05829e-07
9.05825e-07
9.05827e-07
9.03109e-07
9.03143e-07
9.03143e-07
9.03143e-07
9.03143e-07
9.03144e-07
9.03144e-07
9.03144e-07
9.03144e-07
9.03148e-07
9.03148e-07
9.03148e-07
9.03148e-07
9.05824e-07
9.05825e-07
9.05824e-07
9.05825e-07
4.31259e-06
4.3132e-06
4.31331e-06
4.31197e-06
9.03109e-07
9.03143e-07
9.03143e-07
9.03143e-07
9.03143e-07
9.03144e-07
9.03144e-07
9.03144e-07
9.03144e-07
9.03148e-07
9.03148e-07
9.03148e-07
9.03148e-07
9.05823e-07
9.05823e-07
9.05822e-07
9.05822e-07
4.31297e-06
4.3131e-06
4.3143e-06
4.31363e-06
9.03109e-07
9.03143e-07
9.03143e-07
9.03143e-07
9.03143e-07
9.03144e-07
9.03144e-07
9.03144e-07
9.03144e-07
9.03148e-07
9.03148e-07
9.03148e-07
9.03148e-07
9.0582e-07
9.05821e-07
9.05821e-07
9.05821e-07
4.31599e-06
4.31511e-06
4.31466e-06
4.3151e-06
9.03143e-07
9.03143e-07
9.03143e-07
9.03143e-07
9.03144e-07
9.03144e-07
9.03144e-07
9.03144e-07
9.03149e-07
9.03148e-07
9.03149e-07
9.03148e-07
9.0582e-07
9.0582e-07
9.05819e-07
9.05819e-07
4.31586e-06
4.31602e-06
4.3162e-06
4.31665e-06
9.03143e-07
9.03143e-07
9.03144e-07
9.03144e-07
9.03149e-07
9.03149e-07
9.03149e-07
9.03149e-07
9.05819e-07
9.05819e-07
9.05819e-07
9.05819e-07
4.3174e-06
4.31702e-06
4.31727e-06
4.31793e-06
9.0315e-07
9.0315e-07
9.0315e-07
9.0315e-07
9.0582e-07
9.0583e-07
9.0582e-07
9.05829e-07
4.3172e-06
4.31743e-06
4.31758e-06
4.31757e-06
9.03151e-07
9.03152e-07
9.03151e-07
9.03152e-07
9.05929e-07
9.0593e-07
9.05873e-07
9.05875e-07
4.31712e-06
4.31694e-06
4.31637e-06
4.3167e-06
9.03156e-07
9.03154e-07
9.03156e-07
9.03154e-07
9.06007e-07
9.061e-07
9.06008e-07
9.06101e-07
4.31629e-06
4.31629e-06
4.3161e-06
4.31596e-06
9.0316e-07
9.06388e-07
9.03165e-07
9.0316e-07
9.03165e-07
9.06389e-07
9.06232e-07
9.06232e-07
4.31616e-06
4.3144e-06
4.31551e-06
4.31442e-06
9.06614e-07
4.31459e-06
9.03184e-07
9.03184e-07
9.03173e-07
9.03173e-07
9.06885e-07
9.06615e-07
9.06885e-07
4.31374e-06
4.31472e-06
4.31424e-06
9.03205e-07
9.03236e-07
9.03205e-07
9.03236e-07
9.07777e-07
9.07777e-07
9.07286e-07
9.07286e-07
4.31356e-06
4.31311e-06
4.31351e-06
4.31344e-06
9.08512e-07
9.08514e-07
9.09455e-07
9.03297e-07
9.09453e-07
9.03297e-07
9.03405e-07
9.03405e-07
4.31197e-06
4.31178e-06
4.3127e-06
4.31256e-06
9.04282e-07
9.03657e-07
9.03657e-07
9.04281e-07
9.12762e-07
9.10874e-07
9.12769e-07
9.10876e-07
4.31112e-06
4.3118e-06
4.31151e-06
4.30984e-06
9.17551e-07
9.06205e-07
9.17566e-07
9.06211e-07
9.1901e-07
9.15743e-07
9.15735e-07
9.18996e-07
4.29724e-06
4.30726e-06
4.29772e-06
4.30755e-06
9.76598e-07
9.76607e-07
2.69111e-06
2.69131e-06
1.00181e-06
1.00229e-06
9.40122e-07
9.40078e-07
4.27178e-06
4.23218e-06
4.27121e-06
4.22992e-06
1.01539e-06
4.11477e-06
4.13357e-06
1.01571e-06
4.23947e-06
4.22656e-06
2.24078e-06
2.23972e-06
1.0162e-06
1.01629e-06
1.63692e-06
1.63727e-06
1.20404e-06
1.20411e-06
1.07913e-06
1.07914e-06
4.80245e-06
9.39126e-07
4.80967e-06
9.39124e-07
9.47074e-07
9.47067e-07
4.59787e-06
9.12221e-07
9.05981e-07
4.59088e-06
9.12216e-07
9.05981e-07
9.09629e-07
9.09623e-07
4.4638e-06
9.05956e-07
9.03949e-07
9.03791e-07
4.46614e-06
9.05952e-07
9.03945e-07
9.03793e-07
9.0425e-07
9.04252e-07
4.44808e-06
9.05879e-07
9.03313e-07
9.0324e-07
9.03252e-07
4.44898e-06
9.05879e-07
9.03312e-07
9.0324e-07
9.03251e-07
9.03378e-07
9.03376e-07
4.44972e-06
9.05633e-07
9.03221e-07
9.03197e-07
9.0317e-07
9.03119e-07
4.44698e-06
9.05634e-07
9.03221e-07
9.03198e-07
9.03172e-07
4.44661e-06
9.05611e-07
9.03141e-07
9.03157e-07
9.03151e-07
9.03102e-07
4.45342e-06
9.05606e-07
9.03141e-07
9.03156e-07
9.03149e-07
9.05581e-07
9.03127e-07
9.03125e-07
9.03124e-07
9.03093e-07
9.05595e-07
9.03128e-07
9.03126e-07
9.03125e-07
9.05293e-07
9.0313e-07
9.03131e-07
9.0313e-07
9.03093e-07
9.05523e-07
9.03123e-07
9.03122e-07
9.03118e-07
9.03117e-07
9.03116e-07
9.03114e-07
9.0309e-07
9.03114e-07
9.03116e-07
9.03115e-07
9.03148e-07
9.03148e-07
9.03149e-07
9.03148e-07
9.03109e-07
9.03142e-07
9.03143e-07
9.03142e-07
9.03142e-07
9.03144e-07
9.03144e-07
9.03144e-07
9.03143e-07
9.03148e-07
9.03148e-07
9.03148e-07
9.03148e-07
9.05832e-07
9.05833e-07
9.05838e-07
9.05839e-07
9.03109e-07
9.03143e-07
9.03143e-07
9.03143e-07
9.03143e-07
9.03144e-07
9.03144e-07
9.03144e-07
9.03144e-07
9.03148e-07
9.03148e-07
9.03148e-07
9.03148e-07
9.05829e-07
9.05828e-07
9.05826e-07
9.05826e-07
4.3085e-06
4.30926e-06
4.30973e-06
4.31104e-06
9.03109e-07
9.03143e-07
9.03143e-07
9.03143e-07
9.03143e-07
9.03144e-07
9.03144e-07
9.03144e-07
9.03144e-07
9.03148e-07
9.03148e-07
9.03148e-07
9.03148e-07
9.05824e-07
9.05825e-07
9.05823e-07
9.05825e-07
4.3122e-06
4.31124e-06
4.3128e-06
4.31095e-06
9.03109e-07
9.03143e-07
9.03143e-07
9.03143e-07
9.03143e-07
9.03144e-07
9.03144e-07
9.03144e-07
9.03144e-07
9.03148e-07
9.03148e-07
9.03148e-07
9.03148e-07
9.05822e-07
9.05821e-07
9.05823e-07
9.05822e-07
4.31307e-06
4.31366e-06
4.31418e-06
4.31514e-06
9.03143e-07
9.03143e-07
9.03143e-07
9.03143e-07
9.03144e-07
9.03144e-07
9.03144e-07
9.03144e-07
9.03149e-07
9.03148e-07
9.03149e-07
9.03148e-07
9.0582e-07
9.0582e-07
9.05821e-07
9.05821e-07
4.31637e-06
4.31583e-06
4.31612e-06
4.31493e-06
9.03143e-07
9.03144e-07
9.03143e-07
9.03144e-07
9.03149e-07
9.03149e-07
9.03149e-07
9.03149e-07
9.0582e-07
9.0582e-07
9.0582e-07
9.05819e-07
4.3163e-06
4.3172e-06
4.31673e-06
4.31796e-06
9.0315e-07
9.0315e-07
9.0315e-07
9.0315e-07
9.0582e-07
9.0582e-07
9.0583e-07
9.0583e-07
4.31687e-06
4.31654e-06
4.31747e-06
4.31812e-06
9.03151e-07
9.03151e-07
9.03152e-07
9.03152e-07
9.0593e-07
9.0593e-07
9.05875e-07
9.05875e-07
4.31584e-06
4.31604e-06
4.31712e-06
4.31694e-06
9.03156e-07
9.03154e-07
9.03156e-07
9.03154e-07
9.06009e-07
9.061e-07
9.06009e-07
9.061e-07
4.31577e-06
4.31602e-06
4.31591e-06
4.31587e-06
9.0316e-07
9.0639e-07
9.03165e-07
9.0316e-07
9.03165e-07
9.06233e-07
9.06389e-07
9.06233e-07
4.31437e-06
4.31537e-06
4.31607e-06
4.31551e-06
9.06614e-07
4.31469e-06
9.03184e-07
9.03184e-07
9.03173e-07
9.03173e-07
9.06886e-07
9.06614e-07
9.06886e-07
4.31507e-06
4.31477e-06
4.31538e-06
4.31442e-06
9.03205e-07
9.07776e-07
9.03205e-07
9.03236e-07
9.03236e-07
9.07777e-07
9.07289e-07
9.07288e-07
4.31335e-06
4.31413e-06
4.31307e-06
9.08512e-07
9.09453e-07
9.03297e-07
9.08514e-07
9.09451e-07
9.03297e-07
9.03405e-07
9.03405e-07
4.31216e-06
4.31202e-06
4.31299e-06
4.31266e-06
4.31094e-06
4.31155e-06
4.31054e-06
9.10873e-07
4.31041e-06
9.10875e-07
9.03657e-07
9.12765e-07
9.04283e-07
9.03657e-07
9.0428e-07
9.1277e-07
9.17566e-07
9.06205e-07
9.17529e-07
9.06188e-07
9.18942e-07
9.15713e-07
9.1575e-07
9.1901e-07
4.29733e-06
4.30745e-06
4.29741e-06
4.30665e-06
2.69241e-06
9.76597e-07
9.76603e-07
2.69186e-06
1.00087e-06
9.40078e-07
1.00133e-06
9.40074e-07
4.23283e-06
4.27224e-06
4.27163e-06
4.23177e-06
1.01554e-06
1.01564e-06
2.24097e-06
2.24102e-06
4.12636e-06
4.1337e-06
4.23434e-06
4.22223e-06
1.01503e-06
1.01588e-06
1.63816e-06
1.63771e-06
1.20407e-06
1.20424e-06
1.07918e-06
1.07926e-06
4.82702e-06
9.39135e-07
4.83468e-06
9.39153e-07
9.4707e-07
9.47052e-07
4.61383e-06
9.12148e-07
9.05988e-07
4.60564e-06
9.12146e-07
9.05987e-07
9.09641e-07
9.09641e-07
4.46828e-06
9.05935e-07
9.03935e-07
9.03794e-07
4.46684e-06
9.05942e-07
9.0394e-07
9.03794e-07
9.04254e-07
9.04253e-07
4.44835e-06
9.05878e-07
9.0331e-07
9.03239e-07
9.03252e-07
4.44856e-06
9.05876e-07
9.03306e-07
9.03238e-07
9.03253e-07
9.03378e-07
9.0338e-07
4.44468e-06
9.05634e-07
9.03221e-07
9.03199e-07
9.03172e-07
9.0312e-07
4.44588e-06
9.05634e-07
9.03221e-07
9.03198e-07
9.03172e-07
4.44346e-06
9.05613e-07
9.03141e-07
9.03157e-07
9.03151e-07
9.03103e-07
4.44028e-06
9.05614e-07
9.0314e-07
9.03157e-07
9.03152e-07
9.05608e-07
9.03128e-07
9.03126e-07
9.03127e-07
9.03094e-07
9.05603e-07
9.03128e-07
9.03126e-07
9.03126e-07
9.03118e-07
9.03117e-07
9.03115e-07
9.0309e-07
9.03115e-07
9.03119e-07
9.03117e-07
9.03123e-07
9.03122e-07
9.03124e-07
9.03091e-07
9.03112e-07
9.03115e-07
9.03114e-07
9.0311e-07
9.0311e-07
9.03106e-07
9.03107e-07
9.03109e-07
9.0311e-07
9.03148e-07
9.03152e-07
9.03149e-07
9.03153e-07
9.03149e-07
9.03148e-07
9.03149e-07
9.03148e-07
9.05865e-07
9.05848e-07
9.05866e-07
9.05849e-07
9.03109e-07
9.03143e-07
9.03143e-07
9.03143e-07
9.03142e-07
9.03144e-07
9.03144e-07
9.03144e-07
9.03144e-07
9.03148e-07
9.03148e-07
9.03148e-07
9.03148e-07
9.05832e-07
9.05833e-07
9.05838e-07
9.05838e-07
4.30609e-06
4.30628e-06
4.30023e-06
4.3008e-06
9.03143e-07
9.03109e-07
9.03143e-07
9.03143e-07
9.03143e-07
9.03144e-07
9.03144e-07
9.03144e-07
9.03144e-07
9.03148e-07
9.03148e-07
9.03148e-07
9.03148e-07
9.05829e-07
9.05828e-07
9.05826e-07
9.05826e-07
4.30942e-06
4.30829e-06
4.31139e-06
4.30918e-06
9.03109e-07
9.03143e-07
9.03143e-07
9.03143e-07
9.03143e-07
9.03144e-07
9.03144e-07
9.03144e-07
9.03144e-07
9.03148e-07
9.03148e-07
9.03148e-07
9.03148e-07
9.05823e-07
9.05824e-07
9.05823e-07
9.05824e-07
4.31296e-06
4.31232e-06
4.3127e-06
4.31235e-06
9.03143e-07
9.03143e-07
9.03143e-07
9.03143e-07
9.03144e-07
9.03144e-07
9.03144e-07
9.03144e-07
9.03149e-07
9.03149e-07
9.03148e-07
9.03148e-07
9.05822e-07
9.05821e-07
9.05822e-07
9.05821e-07
4.31501e-06
4.31506e-06
4.3149e-06
4.31416e-06
9.03143e-07
9.03143e-07
9.03144e-07
9.03144e-07
9.03149e-07
9.03149e-07
9.03149e-07
9.03149e-07
9.0582e-07
9.0582e-07
9.05821e-07
9.05821e-07
4.31657e-06
4.31663e-06
4.31595e-06
4.31662e-06
9.0315e-07
9.0315e-07
9.0315e-07
9.0315e-07
9.05821e-07
9.05831e-07
9.05821e-07
9.0583e-07
4.3168e-06
4.31609e-06
4.31667e-06
4.31666e-06
9.03151e-07
9.03151e-07
9.03152e-07
9.03152e-07
9.0593e-07
9.05931e-07
9.05875e-07
9.05875e-07
4.3167e-06
4.31678e-06
4.31717e-06
4.31595e-06
9.03156e-07
9.03156e-07
9.03154e-07
9.03154e-07
9.06009e-07
9.06009e-07
9.061e-07
9.061e-07
4.31635e-06
4.31554e-06
4.31596e-06
4.31591e-06
9.0316e-07
9.0639e-07
9.03165e-07
9.0316e-07
9.03165e-07
9.06233e-07
9.06388e-07
9.06234e-07
4.31522e-06
4.3159e-06
4.31668e-06
4.31553e-06
9.06616e-07
4.31556e-06
9.03184e-07
9.03184e-07
9.03173e-07
9.03173e-07
9.06885e-07
9.06615e-07
9.06886e-07
4.3153e-06
4.31546e-06
4.31567e-06
4.31405e-06
9.03205e-07
9.07776e-07
9.03205e-07
9.03236e-07
9.03236e-07
9.07776e-07
9.07288e-07
9.07288e-07
4.31435e-06
4.31481e-06
4.31469e-06
9.08513e-07
4.31255e-06
9.03405e-07
9.03405e-07
9.03297e-07
9.03297e-07
9.08513e-07
9.09452e-07
9.09451e-07
4.31212e-06
4.31347e-06
4.3136e-06
4.31127e-06
4.31012e-06
9.10876e-07
4.31151e-06
4.3107e-06
9.10876e-07
9.03657e-07
9.12765e-07
9.04284e-07
9.03657e-07
9.04283e-07
9.12767e-07
4.30744e-06
4.30744e-06
9.15718e-07
4.2964e-06
9.17579e-07
9.17514e-07
9.06208e-07
9.06184e-07
9.18967e-07
9.1575e-07
9.19011e-07
4.29709e-06
2.69289e-06
9.76623e-07
9.76609e-07
2.69355e-06
1.00132e-06
9.39891e-07
9.99966e-07
9.39973e-07
4.23017e-06
4.27161e-06
4.27236e-06
4.23469e-06
2.24238e-06
1.01528e-06
1.01542e-06
2.24174e-06
4.11429e-06
4.23675e-06
4.12017e-06
4.23327e-06
1.01539e-06
1.01566e-06
1.63835e-06
1.63844e-06
1.20132e-06
1.20329e-06
1.07876e-06
1.07912e-06
4.8286e-06
9.39168e-07
4.83464e-06
9.39202e-07
9.47068e-07
9.4706e-07
4.58195e-06
9.12153e-07
9.05986e-07
4.59966e-06
9.12188e-07
9.05984e-07
9.09635e-07
9.09636e-07
4.47183e-06
9.05938e-07
9.03934e-07
9.03796e-07
4.47066e-06
9.05933e-07
9.03933e-07
9.03796e-07
9.04256e-07
9.04256e-07
4.44975e-06
9.05871e-07
9.03301e-07
9.03236e-07
9.03253e-07
4.44913e-06
9.05873e-07
9.03304e-07
9.03237e-07
9.03253e-07
9.0338e-07
9.03379e-07
4.44408e-06
9.05634e-07
9.0322e-07
9.03198e-07
9.03172e-07
9.03121e-07
4.44448e-06
9.05633e-07
9.0322e-07
9.03198e-07
9.03172e-07
4.43887e-06
9.05615e-07
9.0314e-07
9.03157e-07
9.03153e-07
9.03104e-07
4.43888e-06
9.05615e-07
9.0314e-07
9.03157e-07
9.03153e-07
9.05611e-07
9.03128e-07
9.03126e-07
9.03127e-07
9.03094e-07
9.05612e-07
9.03128e-07
9.03126e-07
9.03127e-07
9.03119e-07
9.03118e-07
9.03116e-07
9.0309e-07
9.03116e-07
9.03119e-07
9.03118e-07
9.03111e-07
9.0311e-07
9.03108e-07
9.03107e-07
9.03111e-07
9.03111e-07
9.03119e-07
9.0312e-07
9.03106e-07
9.03118e-07
9.03109e-07
9.03109e-07
3.19169e-06
9.05558e-07
3.19166e-06
9.05551e-07
9.05893e-07
9.03149e-07
9.03149e-07
9.03153e-07
9.03153e-07
9.05948e-07
9.05893e-07
9.05949e-07
9.03149e-07
9.03148e-07
9.03148e-07
9.03148e-07
9.05866e-07
9.05849e-07
9.05866e-07
9.05849e-07
4.27403e-06
4.291e-06
4.27362e-06
4.29124e-06
9.03143e-07
9.03109e-07
9.03143e-07
9.03142e-07
9.03143e-07
9.03144e-07
9.03144e-07
9.03144e-07
9.03144e-07
9.03148e-07
9.03148e-07
9.03148e-07
9.03148e-07
9.05832e-07
9.05832e-07
9.05838e-07
9.05838e-07
4.30615e-06
4.30606e-06
4.29983e-06
4.29977e-06
9.03143e-07
9.03144e-07
9.03109e-07
9.03143e-07
9.03143e-07
9.03143e-07
9.03144e-07
9.03144e-07
9.03144e-07
9.03148e-07
9.03148e-07
9.03148e-07
9.03148e-07
9.05828e-07
9.05828e-07
9.05826e-07
9.05826e-07
4.30963e-06
4.30946e-06
4.31131e-06
4.31048e-06
9.03143e-07
9.03143e-07
9.03144e-07
9.03143e-07
9.03144e-07
9.03144e-07
9.03144e-07
9.03144e-07
9.03149e-07
9.03149e-07
9.03148e-07
9.03149e-07
9.05823e-07
9.05824e-07
9.05823e-07
9.05824e-07
4.31278e-06
4.31167e-06
4.3136e-06
4.31284e-06
9.03143e-07
9.03143e-07
9.03145e-07
9.03145e-07
9.03149e-07
9.03149e-07
9.03149e-07
9.03149e-07
9.05822e-07
9.05821e-07
9.05822e-07
9.05822e-07
4.31484e-06
4.31442e-06
4.31476e-06
4.31477e-06
9.0315e-07
9.0315e-07
9.0315e-07
9.0315e-07
9.05821e-07
9.05831e-07
9.05822e-07
9.05832e-07
4.31552e-06
4.31617e-06
4.31551e-06
4.31522e-06
9.03151e-07
9.03152e-07
9.03151e-07
9.03152e-07
9.0593e-07
9.05876e-07
9.0593e-07
9.05877e-07
4.31564e-06
4.31584e-06
4.31621e-06
4.31618e-06
9.03156e-07
9.03157e-07
9.03154e-07
9.03154e-07
9.06009e-07
9.06009e-07
9.06101e-07
9.06101e-07
4.3162e-06
4.31662e-06
4.31586e-06
4.31562e-06
9.0316e-07
9.06388e-07
9.03165e-07
9.0316e-07
9.03165e-07
9.06388e-07
9.06236e-07
9.06236e-07
4.31593e-06
4.31612e-06
4.31557e-06
4.31562e-06
9.06616e-07
4.31589e-06
9.03184e-07
9.03184e-07
9.03173e-07
9.03173e-07
9.06885e-07
9.06616e-07
9.06885e-07
4.31573e-06
4.31628e-06
4.31615e-06
4.31591e-06
9.03205e-07
9.03236e-07
9.03205e-07
9.03236e-07
9.07775e-07
9.07775e-07
9.07287e-07
9.07287e-07
4.31627e-06
4.31581e-06
4.31564e-06
9.08513e-07
4.3135e-06
9.03405e-07
9.03405e-07
9.03297e-07
9.03297e-07
9.08512e-07
9.09451e-07
9.09451e-07
4.31427e-06
4.31353e-06
4.31434e-06
4.31262e-06
9.1277e-07
9.03657e-07
9.12767e-07
9.03656e-07
9.10875e-07
9.10876e-07
9.04278e-07
9.04277e-07
4.3111e-06
4.31245e-06
4.31093e-06
4.30716e-06
4.30792e-06
9.15722e-07
4.29666e-06
9.1758e-07
9.17568e-07
9.06214e-07
9.06206e-07
9.18967e-07
9.15729e-07
9.18979e-07
4.2976e-06
4.27223e-06
9.76636e-07
1.00163e-06
9.76605e-07
2.69301e-06
2.69364e-06
9.99457e-07
9.39984e-07
9.39946e-07
4.23262e-06
4.27235e-06
4.23405e-06
2.24274e-06
1.01545e-06
1.0151e-06
2.24363e-06
4.12748e-06
4.21999e-06
4.10761e-06
4.24634e-06
1.63885e-06
1.01472e-06
1.01507e-06
1.63865e-06
1.20217e-06
1.20279e-06
1.07892e-06
1.07902e-06
4.80521e-06
9.39155e-07
4.82583e-06
9.39182e-07
9.4709e-07
9.47064e-07
4.59728e-06
9.12185e-07
9.05986e-07
4.60828e-06
9.12217e-07
9.05985e-07
9.09636e-07
9.09638e-07
4.46534e-06
9.05931e-07
9.03934e-07
9.03795e-07
4.46877e-06
9.05932e-07
9.03933e-07
9.03795e-07
9.04256e-07
9.04255e-07
4.45038e-06
9.05871e-07
9.03298e-07
9.03235e-07
9.03253e-07
4.44928e-06
9.05869e-07
9.03298e-07
9.03235e-07
9.03253e-07
9.0338e-07
9.03381e-07
4.44447e-06
9.05632e-07
9.0322e-07
9.03197e-07
9.03171e-07
9.03121e-07
4.44497e-06
9.05633e-07
9.0322e-07
9.03197e-07
9.03172e-07
4.43832e-06
9.05615e-07
9.03139e-07
9.03157e-07
9.03153e-07
9.03104e-07
4.43828e-06
9.05615e-07
9.03139e-07
9.03156e-07
9.03153e-07
9.05614e-07
9.03127e-07
9.03125e-07
9.03127e-07
9.03095e-07
9.05613e-07
9.03127e-07
9.03126e-07
9.03127e-07
9.03119e-07
9.03118e-07
9.03116e-07
9.0309e-07
9.03116e-07
9.03119e-07
9.03118e-07
9.03112e-07
9.03111e-07
9.03108e-07
9.03111e-07
9.03108e-07
9.03112e-07
3.17667e-06
9.08432e-07
3.19163e-06
3.17685e-06
9.05559e-07
9.08427e-07
3.19171e-06
9.05551e-07
4.24219e-06
9.03149e-07
9.05893e-07
9.03148e-07
9.03153e-07
9.03152e-07
9.05893e-07
9.05948e-07
9.05949e-07
4.18657e-06
4.24206e-06
4.18667e-06
9.03149e-07
9.03148e-07
9.03148e-07
9.03148e-07
9.05866e-07
9.05849e-07
9.05866e-07
9.05849e-07
4.27425e-06
4.2916e-06
4.27391e-06
4.29186e-06
9.03143e-07
9.03144e-07
9.03109e-07
9.03143e-07
9.03143e-07
9.03143e-07
9.03144e-07
9.03144e-07
9.03144e-07
9.03148e-07
9.03148e-07
9.03148e-07
9.03149e-07
9.05832e-07
9.05832e-07
9.05838e-07
9.05838e-07
4.30588e-06
4.3041e-06
4.30106e-06
4.30141e-06
9.03144e-07
9.03149e-07
9.03143e-07
9.03143e-07
9.03143e-07
9.03144e-07
9.03144e-07
9.03144e-07
9.03144e-07
9.03149e-07
9.03149e-07
9.03149e-07
9.05828e-07
9.05828e-07
9.05826e-07
9.05825e-07
4.30956e-06
4.30941e-06
4.31093e-06
4.31054e-06
9.03143e-07
9.03143e-07
9.03145e-07
9.03145e-07
9.03149e-07
9.03149e-07
9.03149e-07
9.03149e-07
9.05823e-07
9.05824e-07
9.05823e-07
9.05824e-07
4.31392e-06
4.31361e-06
4.31356e-06
4.31264e-06
9.0315e-07
9.0315e-07
9.0315e-07
9.0315e-07
9.05823e-07
9.05833e-07
9.05822e-07
9.05833e-07
4.31412e-06
4.3147e-06
4.31463e-06
4.31558e-06
9.03151e-07
9.03151e-07
9.03153e-07
9.03153e-07
9.05932e-07
9.05932e-07
9.05876e-07
9.05878e-07
4.31573e-06
4.31692e-06
4.31563e-06
4.31531e-06
9.03157e-07
9.03154e-07
9.03157e-07
9.03154e-07
9.06011e-07
9.06102e-07
9.0601e-07
9.06103e-07
4.3153e-06
4.31566e-06
4.3162e-06
4.31581e-06
9.0316e-07
9.06389e-07
9.03165e-07
9.0316e-07
9.03165e-07
9.06389e-07
9.06236e-07
9.06236e-07
4.31537e-06
4.31476e-06
4.31637e-06
4.31637e-06
9.06616e-07
4.31633e-06
9.03184e-07
9.03184e-07
9.03173e-07
9.03173e-07
9.06888e-07
9.06616e-07
9.06887e-07
4.31661e-06
4.31625e-06
4.31668e-06
4.31616e-06
9.03205e-07
9.03236e-07
9.03205e-07
9.03236e-07
9.07774e-07
9.07777e-07
9.07288e-07
9.07288e-07
4.3167e-06
4.31649e-06
4.31576e-06
9.08512e-07
9.0945e-07
9.03297e-07
9.08512e-07
9.0945e-07
9.03297e-07
9.03406e-07
9.03405e-07
4.31525e-06
4.31489e-06
4.31583e-06
4.31436e-06
4.313e-06
9.03657e-07
9.12771e-07
9.04283e-07
9.03658e-07
9.04289e-07
9.12765e-07
9.10875e-07
9.10876e-07
4.31358e-06
4.31204e-06
4.31271e-06
4.29804e-06
9.15754e-07
4.29732e-06
9.15746e-07
4.30757e-06
4.30745e-06
9.17484e-07
9.17472e-07
9.06174e-07
9.06176e-07
9.19009e-07
9.18979e-07
4.27205e-06
9.76618e-07
9.76614e-07
2.69283e-06
2.69346e-06
1.00185e-06
1.00144e-06
9.40067e-07
9.40003e-07
4.23047e-06
4.27183e-06
4.23203e-06
1.01554e-06
4.13308e-06
1.01497e-06
2.24264e-06
2.24366e-06
4.09603e-06
4.23373e-06
4.24046e-06
1.63914e-06
1.01507e-06
1.01417e-06
1.63941e-06
1.07862e-06
1.20061e-06
1.20143e-06
1.07877e-06
4.81813e-06
9.39163e-07
4.82623e-06
9.39157e-07
9.47074e-07
9.47069e-07
4.61478e-06
9.12153e-07
9.0599e-07
4.60048e-06
9.12182e-07
9.05986e-07
9.09648e-07
9.09642e-07
4.46909e-06
9.05933e-07
9.03934e-07
9.03795e-07
4.4713e-06
9.05933e-07
9.03933e-07
9.03795e-07
9.04256e-07
9.04256e-07
4.44958e-06
9.05869e-07
9.033e-07
9.03236e-07
9.03253e-07
4.44953e-06
9.0587e-07
9.033e-07
9.03235e-07
9.03253e-07
9.03381e-07
9.0338e-07
4.44497e-06
9.05632e-07
9.03219e-07
9.03196e-07
9.03171e-07
9.03121e-07
4.44543e-06
9.05631e-07
9.03219e-07
9.03196e-07
9.03171e-07
4.4379e-06
9.05614e-07
9.03138e-07
9.03156e-07
9.03153e-07
9.03104e-07
4.43767e-06
9.05615e-07
9.03139e-07
9.03156e-07
9.03153e-07
9.05614e-07
9.03127e-07
9.03125e-07
9.03127e-07
9.03095e-07
9.05614e-07
9.03127e-07
9.03125e-07
9.03127e-07
9.03118e-07
9.03117e-07
9.03116e-07
9.03091e-07
9.03116e-07
9.03119e-07
9.03118e-07
9.03112e-07
9.03111e-07
9.03108e-07
9.03108e-07
9.03111e-07
9.03112e-07
3.65089e-06
4.12433e-06
3.1766e-06
3.65245e-06
9.0843e-07
4.12499e-06
3.19168e-06
3.17657e-06
3.19169e-06
9.05561e-07
9.0555e-07
9.08426e-07
9.05893e-07
4.242e-06
9.03149e-07
9.03153e-07
9.03149e-07
9.03153e-07
9.05893e-07
9.05948e-07
9.05948e-07
4.24175e-06
4.18659e-06
4.18695e-06
9.03149e-07
9.03148e-07
9.03149e-07
9.03148e-07
9.05866e-07
9.05849e-07
9.05865e-07
9.05849e-07
4.27408e-06
4.29184e-06
4.2739e-06
4.29124e-06
9.03144e-07
9.03149e-07
9.03143e-07
9.03143e-07
9.03143e-07
9.03143e-07
9.03144e-07
9.03144e-07
9.03144e-07
9.03149e-07
9.03149e-07
9.03149e-07
9.05832e-07
9.05832e-07
9.05838e-07
9.05838e-07
4.30597e-06
4.3045e-06
4.30119e-06
4.30104e-06
9.03149e-07
9.05828e-07
9.03143e-07
9.03145e-07
9.03143e-07
9.03145e-07
9.03149e-07
9.03149e-07
9.03149e-07
9.05828e-07
9.05826e-07
9.05826e-07
4.30893e-06
4.30955e-06
4.31146e-06
4.31134e-06
9.0315e-07
9.0315e-07
9.0315e-07
9.0315e-07
9.05824e-07
9.05825e-07
9.05833e-07
9.05835e-07
4.31435e-06
4.31305e-06
4.31362e-06
4.31275e-06
9.03151e-07
9.03151e-07
9.03153e-07
9.03153e-07
9.05933e-07
9.05933e-07
9.0588e-07
9.05879e-07
4.31437e-06
4.31448e-06
4.31495e-06
4.31535e-06
9.03157e-07
9.03154e-07
9.03157e-07
9.03154e-07
9.06012e-07
9.06011e-07
9.061e-07
9.06102e-07
4.31562e-06
4.31533e-06
4.31561e-06
4.31485e-06
9.0316e-07
9.0639e-07
9.03165e-07
9.0316e-07
9.03165e-07
9.06238e-07
9.06389e-07
9.06236e-07
4.31446e-06
4.3158e-06
4.31655e-06
4.31665e-06
9.06616e-07
4.31793e-06
9.03185e-07
9.03185e-07
9.03173e-07
9.03173e-07
9.06888e-07
9.06616e-07
9.06889e-07
4.3167e-06
4.31598e-06
4.31612e-06
4.31659e-06
9.03205e-07
9.07776e-07
9.03205e-07
9.03236e-07
9.03236e-07
9.07777e-07
9.07287e-07
9.07287e-07
4.31728e-06
4.31673e-06
4.31718e-06
9.08512e-07
9.09451e-07
9.03297e-07
9.08512e-07
9.0945e-07
9.03297e-07
9.03406e-07
9.03406e-07
4.31431e-06
4.31662e-06
4.31616e-06
4.31574e-06
4.31581e-06
4.31372e-06
9.10874e-07
4.31401e-06
4.31295e-06
9.10876e-07
9.0366e-07
9.12763e-07
9.04298e-07
9.0366e-07
9.04295e-07
9.12761e-07
9.15748e-07
4.29881e-06
9.17553e-07
9.17605e-07
9.06196e-07
9.06227e-07
9.19028e-07
9.15724e-07
9.18988e-07
4.29889e-06
4.30823e-06
4.30946e-06
4.2728e-06
4.27195e-06
9.76588e-07
9.98686e-07
9.76578e-07
2.69423e-06
2.69435e-06
9.98517e-07
9.3985e-07
9.39799e-07
4.23404e-06
4.23009e-06
1.01549e-06
1.01542e-06
2.24232e-06
2.24324e-06
4.12729e-06
4.13255e-06
4.2237e-06
4.23808e-06
1.0153e-06
1.01382e-06
1.63916e-06
1.63934e-06
1.0788e-06
1.20144e-06
1.19934e-06
1.07842e-06
9.47089e-07
4.80527e-06
9.39124e-07
4.81162e-06
9.39137e-07
9.47083e-07
4.60913e-06
9.12167e-07
9.05988e-07
4.59621e-06
9.1216e-07
9.05986e-07
9.09647e-07
9.09645e-07
4.47293e-06
9.05931e-07
9.03931e-07
9.03796e-07
4.47048e-06
9.05927e-07
9.03931e-07
9.03795e-07
9.04257e-07
9.04256e-07
4.45041e-06
9.0587e-07
9.033e-07
9.03235e-07
9.03253e-07
4.45103e-06
9.0587e-07
9.03299e-07
9.03235e-07
9.03253e-07
9.03381e-07
9.03381e-07
4.44624e-06
9.05631e-07
9.03219e-07
9.03196e-07
9.03171e-07
9.03121e-07
4.44587e-06
9.05631e-07
9.03219e-07
9.03196e-07
9.03171e-07
4.43867e-06
9.05614e-07
9.03138e-07
9.03156e-07
9.03153e-07
9.03104e-07
4.43733e-06
9.05614e-07
9.03138e-07
9.03156e-07
9.03153e-07
9.05613e-07
9.03127e-07
9.03125e-07
9.03127e-07
9.03095e-07
9.05613e-07
9.03127e-07
9.03125e-07
9.03127e-07
9.03118e-07
9.03117e-07
9.03116e-07
9.03091e-07
9.03116e-07
9.03118e-07
9.03117e-07
9.03112e-07
9.03111e-07
9.03108e-07
9.03108e-07
9.03111e-07
9.03112e-07
3.65143e-06
4.12521e-06
3.17651e-06
3.65002e-06
3.19182e-06
9.05551e-07
3.19182e-06
9.05563e-07
3.17685e-06
9.08433e-07
9.0843e-07
4.12372e-06
4.24293e-06
9.03149e-07
9.05893e-07
9.03153e-07
9.03149e-07
9.03153e-07
9.05948e-07
9.05893e-07
9.05948e-07
4.24289e-06
4.18701e-06
4.18639e-06
9.03149e-07
9.03149e-07
9.03149e-07
9.03149e-07
9.05865e-07
9.05849e-07
9.05866e-07
9.05849e-07
4.27486e-06
4.2923e-06
4.27396e-06
4.29162e-06
9.03149e-07
9.05832e-07
9.03143e-07
9.03143e-07
9.03145e-07
9.03144e-07
9.03149e-07
9.03149e-07
9.03149e-07
9.05832e-07
9.05838e-07
9.05838e-07
4.30565e-06
4.30726e-06
4.30126e-06
4.30089e-06
9.05829e-07
4.31006e-06
9.03151e-07
9.0315e-07
9.03151e-07
9.0315e-07
9.0584e-07
9.05826e-07
9.05837e-07
4.30915e-06
4.31199e-06
4.31178e-06
9.03151e-07
9.03151e-07
9.03153e-07
9.03153e-07
9.05934e-07
9.05937e-07
9.05883e-07
9.05882e-07
4.3146e-06
4.31302e-06
4.31405e-06
4.3129e-06
9.06015e-07
9.03157e-07
9.03154e-07
9.03157e-07
9.03154e-07
9.06013e-07
9.06104e-07
9.06103e-07
4.31494e-06
4.31523e-06
4.31338e-06
4.31523e-06
9.0316e-07
9.0639e-07
9.03165e-07
9.0316e-07
9.03165e-07
9.06239e-07
9.0639e-07
9.06238e-07
4.31503e-06
4.3155e-06
4.31467e-06
4.31613e-06
9.06617e-07
4.31736e-06
9.03185e-07
9.03185e-07
9.03173e-07
9.03173e-07
9.06888e-07
9.06617e-07
9.06889e-07
4.31602e-06
4.31703e-06
4.3155e-06
4.31693e-06
9.03205e-07
9.07778e-07
9.03205e-07
9.03236e-07
9.03236e-07
9.07778e-07
9.07288e-07
9.07288e-07
4.3169e-06
4.31523e-06
4.31738e-06
9.08513e-07
4.31705e-06
9.03407e-07
9.03406e-07
9.03297e-07
9.03298e-07
9.08513e-07
9.09451e-07
9.09449e-07
4.31677e-06
4.31703e-06
4.31703e-06
4.31619e-06
4.31462e-06
9.10874e-07
4.31583e-06
4.31496e-06
9.10878e-07
9.03661e-07
9.12769e-07
9.04299e-07
9.03661e-07
9.04299e-07
9.12774e-07
4.31074e-06
4.30998e-06
9.15719e-07
4.29957e-06
9.17663e-07
9.17643e-07
9.06264e-07
9.06253e-07
9.18994e-07
9.15715e-07
9.18976e-07
4.2991e-06
4.27404e-06
9.76606e-07
1.00072e-06
9.76602e-07
2.69274e-06
2.69052e-06
1.00251e-06
9.40061e-07
9.40154e-07
4.23618e-06
4.27313e-06
4.23147e-06
1.0148e-06
4.0932e-06
1.0147e-06
2.24488e-06
2.24477e-06
4.08409e-06
4.24265e-06
4.22011e-06
1.01528e-06
1.01507e-06
1.63889e-06
1.63943e-06
1.20199e-06
1.19854e-06
1.07891e-06
1.07828e-06
9.47065e-07
4.82029e-06
9.39133e-07
4.79818e-06
9.39122e-07
9.47085e-07
9.09652e-07
4.61207e-06
9.12127e-07
9.0599e-07
4.60845e-06
9.12142e-07
9.05989e-07
9.09649e-07
4.47239e-06
9.05927e-07
9.0393e-07
9.03796e-07
4.47044e-06
9.05923e-07
9.03929e-07
9.03796e-07
9.04257e-07
9.04257e-07
4.45187e-06
9.05868e-07
9.03297e-07
9.03234e-07
9.03253e-07
4.45084e-06
9.05868e-07
9.03298e-07
9.03235e-07
9.03253e-07
9.03381e-07
9.03381e-07
4.44578e-06
9.05631e-07
9.03219e-07
9.03196e-07
9.03171e-07
9.03121e-07
4.44583e-06
9.0563e-07
9.03219e-07
9.03196e-07
9.03171e-07
4.43809e-06
9.05613e-07
9.03138e-07
9.03156e-07
9.03153e-07
9.03104e-07
4.43848e-06
9.05613e-07
9.03138e-07
9.03156e-07
9.03153e-07
9.05613e-07
9.03127e-07
9.03124e-07
9.03127e-07
9.03095e-07
9.05612e-07
9.03126e-07
9.03124e-07
9.03127e-07
9.03118e-07
9.03117e-07
9.03115e-07
9.03091e-07
9.03116e-07
9.03118e-07
9.03117e-07
9.03111e-07
9.03111e-07
9.03108e-07
9.03108e-07
9.03111e-07
9.03111e-07
3.65016e-06
3.19159e-06
3.17717e-06
3.19163e-06
9.05561e-07
9.05551e-07
9.08428e-07
3.17717e-06
9.08432e-07
3.65148e-06
4.12453e-06
4.12468e-06
9.05893e-07
4.24218e-06
9.03149e-07
9.03153e-07
9.03149e-07
9.03153e-07
9.05948e-07
9.05893e-07
9.05948e-07
4.18663e-06
4.24245e-06
4.18685e-06
9.03149e-07
9.05866e-07
9.03149e-07
9.03149e-07
9.03149e-07
9.05849e-07
9.05865e-07
9.05848e-07
4.27431e-06
4.2925e-06
4.27441e-06
4.29125e-06
9.05833e-07
4.30716e-06
9.03151e-07
9.03151e-07
9.0315e-07
9.0315e-07
9.05843e-07
9.05839e-07
9.0585e-07
4.30612e-06
4.30041e-06
4.30048e-06
4.30951e-06
9.03151e-07
9.03153e-07
9.03151e-07
9.03153e-07
9.05941e-07
9.05886e-07
9.05938e-07
9.05882e-07
4.30971e-06
4.3121e-06
4.31226e-06
9.06016e-07
9.03157e-07
9.03157e-07
9.03154e-07
9.03154e-07
9.06017e-07
9.06104e-07
9.06107e-07
4.31469e-06
4.3142e-06
4.31294e-06
4.31372e-06
4.31482e-06
9.0316e-07
9.06392e-07
9.03165e-07
9.0316e-07
9.03165e-07
9.06239e-07
9.06391e-07
9.06238e-07
4.31478e-06
4.31541e-06
4.31621e-06
9.06619e-07
4.31633e-06
9.03185e-07
9.03185e-07
9.03173e-07
9.03173e-07
9.06889e-07
9.06622e-07
9.06891e-07
4.31643e-06
4.31445e-06
4.31619e-06
4.31683e-06
9.03205e-07
9.03237e-07
9.03205e-07
9.03237e-07
9.07779e-07
9.07777e-07
9.07291e-07
9.07288e-07
4.31681e-06
4.31636e-06
4.31742e-06
9.08512e-07
4.3172e-06
9.03407e-07
9.03407e-07
9.03298e-07
9.03298e-07
9.08513e-07
9.09453e-07
9.09457e-07
4.31649e-06
4.31698e-06
4.3167e-06
4.31622e-06
9.03663e-07
9.12773e-07
9.04307e-07
9.03661e-07
9.04301e-07
9.12771e-07
9.10879e-07
9.1088e-07
4.31645e-06
4.31572e-06
4.31544e-06
4.31071e-06
4.31142e-06
9.15729e-07
4.30031e-06
9.17671e-07
9.17621e-07
9.06263e-07
9.06253e-07
9.19025e-07
9.15752e-07
9.19061e-07
4.30088e-06
4.27285e-06
9.76567e-07
9.76581e-07
2.68747e-06
2.68856e-06
1.0045e-06
1.00392e-06
9.4036e-07
9.40263e-07
4.22973e-06
4.27239e-06
4.2287e-06
1.01531e-06
4.11969e-06
1.01571e-06
2.24322e-06
2.24052e-06
4.13323e-06
4.25446e-06
4.22947e-06
1.01333e-06
1.01314e-06
1.64005e-06
1.63979e-06
1.20191e-06
1.20146e-06
1.07883e-06
1.07876e-06
4.82655e-06
9.39158e-07
4.78521e-06
9.39101e-07
9.47054e-07
9.47099e-07
9.09651e-07
4.59418e-06
9.12126e-07
9.05987e-07
4.62249e-06
9.1212e-07
9.05991e-07
9.09658e-07
9.04257e-07
4.47275e-06
9.05926e-07
9.03928e-07
9.03796e-07
4.47202e-06
9.05926e-07
9.03928e-07
9.03796e-07
9.04257e-07
4.45165e-06
9.05867e-07
9.03297e-07
9.03234e-07
9.03253e-07
4.45083e-06
9.05867e-07
9.03297e-07
9.03234e-07
9.03253e-07
9.03381e-07
9.03381e-07
4.44649e-06
9.0563e-07
9.03219e-07
9.03196e-07
9.03171e-07
9.03121e-07
4.44618e-06
9.0563e-07
9.03219e-07
9.03196e-07
9.03171e-07
4.43799e-06
9.05613e-07
9.03138e-07
9.03156e-07
9.03153e-07
9.03104e-07
4.4388e-06
9.05613e-07
9.03138e-07
9.03156e-07
9.03153e-07
9.05611e-07
9.03126e-07
9.03124e-07
9.03127e-07
9.03095e-07
9.05612e-07
9.03126e-07
9.03124e-07
9.03127e-07
9.03118e-07
9.03117e-07
9.03115e-07
9.0309e-07
9.03115e-07
9.03118e-07
9.03117e-07
9.03111e-07
9.0311e-07
9.03108e-07
9.03108e-07
9.03111e-07
9.03111e-07
3.17664e-06
3.65184e-06
3.17609e-06
3.19176e-06
9.08427e-07
9.08433e-07
9.05564e-07
3.19173e-06
9.05552e-07
4.12457e-06
3.65188e-06
4.12438e-06
4.24219e-06
9.03149e-07
9.05893e-07
9.0315e-07
9.03154e-07
9.03154e-07
9.05948e-07
9.05893e-07
9.05949e-07
4.18651e-06
4.24197e-06
4.18652e-06
9.05866e-07
4.27496e-06
9.03151e-07
9.03151e-07
9.0315e-07
9.0315e-07
9.05876e-07
9.05849e-07
9.0586e-07
4.29203e-06
4.27457e-06
4.29107e-06
4.3069e-06
9.03151e-07
9.05945e-07
9.03153e-07
9.03152e-07
9.03153e-07
9.05951e-07
9.0589e-07
9.05894e-07
4.3065e-06
4.3017e-06
4.30139e-06
9.06019e-07
9.0611e-07
9.03155e-07
9.06019e-07
9.06109e-07
9.03154e-07
9.03157e-07
9.03157e-07
4.31036e-06
4.30908e-06
4.31167e-06
4.31072e-06
4.31377e-06
9.0316e-07
9.06393e-07
9.0316e-07
9.03165e-07
9.03165e-07
9.06396e-07
9.0624e-07
9.0624e-07
4.3131e-06
4.31431e-06
4.31439e-06
9.06623e-07
4.31612e-06
9.03185e-07
9.03185e-07
9.03173e-07
9.03173e-07
9.0689e-07
9.06623e-07
9.06891e-07
4.31553e-06
4.31519e-06
4.31568e-06
4.31701e-06
9.03205e-07
9.03237e-07
9.03205e-07
9.03237e-07
9.0778e-07
9.07779e-07
9.07292e-07
9.07291e-07
4.31709e-06
4.31691e-06
4.31747e-06
9.08516e-07
9.09459e-07
9.03298e-07
9.08517e-07
9.09458e-07
9.03298e-07
9.03407e-07
9.03407e-07
4.31697e-06
4.31711e-06
4.31731e-06
4.31746e-06
4.31641e-06
9.03663e-07
9.12774e-07
9.04309e-07
9.03663e-07
9.04308e-07
9.12774e-07
9.1088e-07
9.10881e-07
4.31679e-06
4.31497e-06
4.31653e-06
9.15725e-07
4.30106e-06
9.17709e-07
9.17627e-07
9.06296e-07
9.06266e-07
9.19018e-07
9.15734e-07
9.19012e-07
4.3009e-06
4.31264e-06
4.31151e-06
4.27405e-06
9.76557e-07
1.0046e-06
9.76515e-07
2.68699e-06
2.68677e-06
1.00314e-06
9.40395e-07
9.40404e-07
4.23283e-06
4.27448e-06
4.23358e-06
1.01609e-06
1.01599e-06
2.237e-06
2.23822e-06
4.14876e-06
4.14501e-06
4.21814e-06
4.21624e-06
1.01467e-06
1.01582e-06
1.63953e-06
1.63829e-06
1.19741e-06
1.19695e-06
1.07805e-06
1.07794e-06
4.81969e-06
9.39132e-07
4.82608e-06
9.39133e-07
9.47073e-07
9.47058e-07
4.60849e-06
9.12162e-07
9.05985e-07
4.6162e-06
9.12088e-07
9.05992e-07
9.09649e-07
9.09659e-07
9.04257e-07
4.47025e-06
9.05916e-07
9.03925e-07
9.03796e-07
4.47514e-06
9.05924e-07
9.03926e-07
9.03797e-07
9.04258e-07
9.03381e-07
4.45207e-06
9.05866e-07
9.03295e-07
9.03233e-07
9.03253e-07
4.45124e-06
9.05866e-07
9.03296e-07
9.03234e-07
9.03253e-07
9.03381e-07
4.44652e-06
9.0563e-07
9.03219e-07
9.03195e-07
9.03171e-07
9.03121e-07
4.44623e-06
9.0563e-07
9.03219e-07
9.03195e-07
9.03171e-07
4.43876e-06
9.05612e-07
9.03138e-07
9.03155e-07
9.03153e-07
9.03104e-07
4.43928e-06
9.05612e-07
9.03138e-07
9.03156e-07
9.03153e-07
9.05611e-07
9.03126e-07
9.03124e-07
9.03127e-07
9.03095e-07
9.05611e-07
9.03126e-07
9.03124e-07
9.03127e-07
9.03117e-07
9.03117e-07
9.03115e-07
9.0309e-07
9.03115e-07
9.03118e-07
9.03117e-07
9.03111e-07
9.0311e-07
9.03108e-07
9.03108e-07
9.0311e-07
9.03111e-07
3.6503e-06
3.64803e-06
3.17672e-06
4.12364e-06
4.12517e-06
9.08436e-07
3.19181e-06
3.17689e-06
3.19179e-06
9.05566e-07
9.05553e-07
9.0843e-07
9.05894e-07
4.24251e-06
9.03151e-07
9.03155e-07
9.0315e-07
9.03155e-07
9.05904e-07
9.05949e-07
9.05958e-07
4.18655e-06
4.24259e-06
4.18726e-06
4.27572e-06
9.03152e-07
9.05979e-07
9.03152e-07
9.03153e-07
9.03153e-07
9.05963e-07
9.05922e-07
9.05906e-07
4.27222e-06
4.29181e-06
4.29255e-06
9.06024e-07
4.30733e-06
9.06115e-07
9.03155e-07
9.0603e-07
9.06121e-07
9.03155e-07
9.03157e-07
9.03157e-07
4.30199e-06
4.30652e-06
4.30057e-06
4.3103e-06
9.06246e-07
4.31078e-06
4.31236e-06
9.06242e-07
4.313e-06
9.03161e-07
9.064e-07
9.03165e-07
9.0316e-07
9.03165e-07
9.06398e-07
9.06623e-07
4.31545e-06
9.03185e-07
9.03185e-07
9.03173e-07
9.03174e-07
9.06623e-07
9.06893e-07
9.06895e-07
4.31468e-06
4.31538e-06
4.3139e-06
4.31672e-06
9.03205e-07
9.07784e-07
9.03205e-07
9.03237e-07
9.03237e-07
9.07781e-07
9.07293e-07
9.07292e-07
4.31656e-06
4.3162e-06
4.31714e-06
9.08515e-07
9.09459e-07
9.03298e-07
9.08518e-07
9.09459e-07
9.03298e-07
9.03407e-07
9.03407e-07
4.31701e-06
4.31621e-06
4.31698e-06
4.31746e-06
4.31684e-06
4.31606e-06
9.10883e-07
4.3166e-06
4.31601e-06
9.10883e-07
9.03664e-07
9.12778e-07
9.04312e-07
9.03664e-07
9.0431e-07
9.12783e-07
9.15731e-07
4.30151e-06
9.17717e-07
9.17695e-07
9.06301e-07
9.06292e-07
9.19035e-07
9.15735e-07
9.19036e-07
4.30166e-06
4.31217e-06
4.31205e-06
4.27386e-06
9.76491e-07
1.00617e-06
9.76493e-07
2.68457e-06
2.68585e-06
1.00358e-06
9.40506e-07
9.40334e-07
4.22872e-06
4.27342e-06
4.22762e-06
1.01613e-06
4.15563e-06
1.01573e-06
2.23681e-06
2.23683e-06
4.12994e-06
4.2363e-06
4.23804e-06
1.01702e-06
1.01668e-06
1.63657e-06
1.63716e-06
1.20047e-06
1.20313e-06
1.07862e-06
1.07909e-06
4.78216e-06
9.39071e-07
4.77149e-06
9.3903e-07
9.471e-07
9.47121e-07
4.5974e-06
9.12139e-07
9.05987e-07
4.61329e-06
9.12152e-07
9.05986e-07
9.09649e-07
9.09651e-07
4.47304e-06
9.05919e-07
9.03925e-07
9.03796e-07
4.47435e-06
9.05924e-07
9.03926e-07
9.03797e-07
9.04256e-07
9.04258e-07
9.03381e-07
4.45139e-06
9.05864e-07
9.03295e-07
9.03233e-07
9.03253e-07
4.45225e-06
9.05865e-07
9.03293e-07
9.03232e-07
9.03253e-07
9.03381e-07
9.03121e-07
4.44637e-06
9.0563e-07
9.03218e-07
9.03195e-07
9.03171e-07
4.44648e-06
9.0563e-07
9.03219e-07
9.03195e-07
9.03171e-07
4.43914e-06
9.05612e-07
9.03138e-07
9.03155e-07
9.03153e-07
9.03104e-07
4.43905e-06
9.05612e-07
9.03138e-07
9.03155e-07
9.03153e-07
9.05611e-07
9.03126e-07
9.03124e-07
9.03127e-07
9.03095e-07
9.05611e-07
9.03126e-07
9.03124e-07
9.03127e-07
9.03117e-07
9.03117e-07
9.03115e-07
9.0309e-07
9.03115e-07
9.03117e-07
9.03117e-07
9.03111e-07
9.0311e-07
9.03108e-07
9.03108e-07
9.0311e-07
9.03111e-07
3.6515e-06
4.12461e-06
3.17681e-06
3.65129e-06
3.19206e-06
9.05557e-07
3.19192e-06
9.05571e-07
3.1771e-06
9.08435e-07
9.08444e-07
4.1244e-06
4.24267e-06
9.03152e-07
9.06004e-07
9.03156e-07
9.03153e-07
9.03157e-07
9.06057e-07
9.05949e-07
9.06004e-07
4.24241e-06
4.18648e-06
4.18695e-06
9.06058e-07
4.27522e-06
9.03157e-07
9.03157e-07
9.03155e-07
9.03155e-07
9.06039e-07
9.06149e-07
9.06132e-07
4.29313e-06
4.27273e-06
4.29411e-06
4.30707e-06
9.0625e-07
4.30836e-06
4.30145e-06
9.06258e-07
4.30175e-06
9.03161e-07
9.06405e-07
9.03166e-07
9.03161e-07
9.03166e-07
9.06412e-07
4.31011e-06
4.31331e-06
9.06629e-07
4.31206e-06
9.03185e-07
9.03174e-07
9.03185e-07
9.03174e-07
9.06904e-07
9.06626e-07
9.06898e-07
4.31399e-06
4.31552e-06
9.03205e-07
9.07788e-07
9.03205e-07
9.03237e-07
9.03237e-07
9.07791e-07
9.07295e-07
9.07298e-07
4.31542e-06
4.31537e-06
4.31475e-06
9.08524e-07
4.31587e-06
9.03407e-07
9.03407e-07
9.03298e-07
9.03298e-07
9.08522e-07
9.09462e-07
9.0946e-07
4.31593e-06
4.31682e-06
4.3173e-06
4.31665e-06
4.31577e-06
9.10884e-07
4.31622e-06
4.31577e-06
9.10887e-07
9.03664e-07
9.04315e-07
9.03664e-07
9.04313e-07
9.12773e-07
9.12782e-07
4.31298e-06
4.31256e-06
9.15739e-07
4.30154e-06
9.17718e-07
9.17684e-07
9.06311e-07
9.0629e-07
9.19046e-07
9.15766e-07
9.19111e-07
4.30249e-06
4.27368e-06
9.7648e-07
9.76478e-07
2.68384e-06
2.6836e-06
1.00639e-06
1.00559e-06
9.40579e-07
9.40481e-07
4.22859e-06
4.27453e-06
4.22989e-06
1.01631e-06
4.16849e-06
1.01578e-06
2.23415e-06
2.23576e-06
4.12965e-06
4.21658e-06
4.20736e-06
1.01713e-06
1.01617e-06
1.6366e-06
1.63636e-06
1.20589e-06
1.20511e-06
1.07955e-06
1.07942e-06
4.811e-06
9.39163e-07
4.8248e-06
9.39185e-07
9.47075e-07
9.47077e-07
4.61847e-06
9.1206e-07
9.05994e-07
4.59462e-06
9.11997e-07
9.05996e-07
9.09664e-07
9.09664e-07
4.47127e-06
9.05921e-07
9.03928e-07
9.03796e-07
4.47281e-06
9.0592e-07
9.03925e-07
9.03796e-07
9.04257e-07
9.04257e-07
4.45219e-06
9.05865e-07
9.03295e-07
9.03233e-07
9.03253e-07
4.4525e-06
9.05864e-07
9.03293e-07
9.03233e-07
9.03253e-07
9.03381e-07
9.03381e-07
9.03121e-07
4.44664e-06
9.05629e-07
9.03218e-07
9.03195e-07
9.0317e-07
4.44697e-06
9.05629e-07
9.03218e-07
9.03195e-07
9.0317e-07
9.03104e-07
4.43919e-06
9.05612e-07
9.03137e-07
9.03155e-07
9.03152e-07
4.43905e-06
9.05612e-07
9.03138e-07
9.03155e-07
9.03152e-07
9.05611e-07
9.03126e-07
9.03124e-07
9.03127e-07
9.03095e-07
9.0561e-07
9.03126e-07
9.03124e-07
9.03127e-07
9.03117e-07
9.03116e-07
9.03115e-07
9.0309e-07
9.03115e-07
9.03117e-07
9.03116e-07
9.03111e-07
9.0311e-07
9.03108e-07
9.03108e-07
9.0311e-07
9.03111e-07
9.03095e-07
3.65029e-06
3.19208e-06
3.1781e-06
9.05574e-07
3.19222e-06
9.05564e-07
9.08541e-07
3.17768e-06
9.08493e-07
3.65227e-06
4.12468e-06
4.1249e-06
9.06086e-07
4.24281e-06
9.03157e-07
9.03155e-07
9.03162e-07
9.03159e-07
9.0614e-07
9.06177e-07
9.06231e-07
4.18634e-06
4.24256e-06
4.18642e-06
4.27469e-06
9.03161e-07
9.0644e-07
9.03161e-07
9.03166e-07
9.03166e-07
9.06424e-07
9.06284e-07
9.06267e-07
4.29241e-06
4.27517e-06
4.29289e-06
4.30788e-06
4.30248e-06
9.06634e-07
4.30832e-06
9.03186e-07
9.03174e-07
9.03186e-07
9.03174e-07
9.06908e-07
9.06641e-07
9.06916e-07
4.30247e-06
4.31116e-06
9.03206e-07
9.03238e-07
9.03206e-07
9.03238e-07
9.078e-07
9.07304e-07
9.07795e-07
9.07301e-07
4.31227e-06
4.31346e-06
4.31373e-06
9.08524e-07
4.31605e-06
9.03408e-07
9.03408e-07
9.03298e-07
9.03299e-07
9.08526e-07
9.09466e-07
9.09471e-07
4.31528e-06
4.31602e-06
4.31548e-06
4.31607e-06
9.03663e-07
9.12791e-07
9.04306e-07
9.03664e-07
9.04309e-07
9.12792e-07
9.10893e-07
9.10891e-07
4.31721e-06
4.31525e-06
4.3161e-06
4.31265e-06
4.31255e-06
9.1779e-07
9.17735e-07
9.0634e-07
9.06319e-07
9.15706e-07
9.18995e-07
9.15733e-07
9.19037e-07
4.30161e-06
4.30151e-06
4.27342e-06
1.00649e-06
9.76447e-07
2.68233e-06
9.76455e-07
2.68328e-06
1.00519e-06
9.40622e-07
9.40677e-07
4.22722e-06
4.27456e-06
4.23427e-06
1.01634e-06
1.01625e-06
2.23342e-06
2.23356e-06
4.16555e-06
4.15516e-06
4.21525e-06
4.21496e-06
1.01792e-06
1.01638e-06
1.63518e-06
1.63574e-06
1.20615e-06
1.20394e-06
1.07963e-06
1.07918e-06
4.84036e-06
9.39225e-07
4.837e-06
9.39202e-07
9.47084e-07
9.47079e-07
4.63035e-06
9.12172e-07
9.0599e-07
4.60285e-06
9.12187e-07
9.05988e-07
9.09655e-07
9.09644e-07
4.47418e-06
9.05921e-07
9.03924e-07
9.03798e-07
4.47041e-06
9.05918e-07
9.03925e-07
9.03798e-07
9.04259e-07
9.04259e-07
4.45188e-06
9.05865e-07
9.03295e-07
9.03233e-07
9.03253e-07
4.45158e-06
9.05864e-07
9.03294e-07
9.03233e-07
9.03253e-07
9.03381e-07
9.03381e-07
4.44617e-06
9.05629e-07
9.03218e-07
9.03195e-07
9.0317e-07
9.03121e-07
4.44688e-06
9.05629e-07
9.03218e-07
9.03195e-07
9.0317e-07
9.03104e-07
4.43963e-06
9.05612e-07
9.03137e-07
9.03155e-07
9.03152e-07
4.4389e-06
9.05612e-07
9.03137e-07
9.03155e-07
9.03152e-07
4.43185e-06
9.05609e-07
9.03126e-07
9.03124e-07
9.03127e-07
4.43205e-06
9.05609e-07
9.03126e-07
9.03124e-07
9.03127e-07
9.03117e-07
9.03116e-07
9.03115e-07
9.0309e-07
9.03115e-07
9.03117e-07
9.03116e-07
9.03111e-07
9.0311e-07
9.03108e-07
9.0311e-07
9.03108e-07
9.03111e-07
9.03089e-07
9.0309e-07
9.03104e-07
9.03095e-07
9.03095e-07
9.03115e-07
9.03115e-07
3.17799e-06
3.61562e-06
9.08626e-07
3.19224e-06
3.17846e-06
9.05581e-07
9.08723e-07
3.19209e-06
9.05572e-07
4.12578e-06
3.61569e-06
4.12582e-06
4.24292e-06
9.03161e-07
9.06468e-07
9.03166e-07
9.03166e-07
9.03171e-07
9.06312e-07
9.06525e-07
9.06369e-07
4.18722e-06
4.24304e-06
4.18711e-06
9.06673e-07
4.27526e-06
9.03187e-07
9.03186e-07
9.03175e-07
9.03174e-07
9.06652e-07
9.06948e-07
9.06929e-07
4.29276e-06
4.27547e-06
4.29264e-06
4.30844e-06
9.03206e-07
9.07807e-07
9.03238e-07
9.03207e-07
9.03239e-07
9.0731e-07
9.07816e-07
9.0732e-07
4.3081e-06
4.30357e-06
4.30332e-06
9.0854e-07
9.09483e-07
9.033e-07
9.08531e-07
9.09477e-07
9.03299e-07
9.03409e-07
9.03408e-07
4.31162e-06
4.31174e-06
4.31412e-06
4.31333e-06
4.31573e-06
9.03664e-07
9.12792e-07
9.0431e-07
9.03664e-07
9.04309e-07
9.12795e-07
9.10892e-07
9.10896e-07
4.31449e-06
4.31467e-06
4.31399e-06
9.15765e-07
4.30121e-06
9.17627e-07
9.17653e-07
9.06275e-07
9.06283e-07
9.1907e-07
9.15777e-07
9.19115e-07
4.30141e-06
4.31207e-06
4.31236e-06
2.68157e-06
2.68235e-06
9.76454e-07
9.7644e-07
1.00905e-06
1.00725e-06
9.40622e-07
9.40623e-07
4.27254e-06
4.22308e-06
4.27386e-06
4.22634e-06
4.15776e-06
1.01635e-06
2.23218e-06
1.01612e-06
2.23355e-06
4.14869e-06
4.20843e-06
4.24429e-06
1.01803e-06
1.01767e-06
1.63483e-06
1.63494e-06
1.20801e-06
1.20445e-06
1.07983e-06
1.07921e-06
4.84844e-06
9.39264e-07
4.81978e-06
9.392e-07
9.47074e-07
9.47109e-07
4.5895e-06
9.1223e-07
9.05987e-07
4.58812e-06
9.12204e-07
9.05986e-07
9.09633e-07
9.09636e-07
4.47596e-06
9.05927e-07
9.03927e-07
9.03797e-07
4.47029e-06
9.05928e-07
9.03932e-07
9.03796e-07
9.04258e-07
9.04257e-07
4.45167e-06
9.05864e-07
9.03292e-07
9.03232e-07
9.03253e-07
4.45148e-06
9.05863e-07
9.03292e-07
9.03233e-07
9.03253e-07
9.03381e-07
9.03381e-07
4.44628e-06
9.05629e-07
9.03218e-07
9.03195e-07
9.0317e-07
9.03121e-07
4.44687e-06
9.05629e-07
9.03218e-07
9.03195e-07
9.0317e-07
4.43976e-06
9.05611e-07
9.03137e-07
9.03155e-07
9.03152e-07
4.43972e-06
9.05611e-07
9.03137e-07
9.03155e-07
9.03152e-07
4.43248e-06
9.05609e-07
9.03126e-07
9.03124e-07
9.03127e-07
4.43122e-06
9.05609e-07
9.03126e-07
9.03124e-07
9.03127e-07
4.42582e-06
9.05611e-07
9.03117e-07
9.03116e-07
4.42684e-06
9.05611e-07
9.03117e-07
9.03116e-07
9.03111e-07
9.0311e-07
9.03107e-07
9.03107e-07
9.0311e-07
9.03111e-07
9.03089e-07
9.0309e-07
9.03089e-07
9.0309e-07
9.03105e-07
9.03104e-07
9.03105e-07
9.03104e-07
9.03107e-07
9.0311e-07
9.03107e-07
9.0311e-07
9.03104e-07
9.03127e-07
9.03115e-07
9.03115e-07
9.03127e-07
9.03095e-07
9.03115e-07
9.03115e-07
9.03104e-07
9.03095e-07
3.6537e-06
4.12461e-06
3.17867e-06
3.61586e-06
9.08856e-07
4.12446e-06
3.1919e-06
3.17776e-06
3.19208e-06
9.05595e-07
9.05592e-07
9.09014e-07
9.06702e-07
4.24193e-06
9.03187e-07
9.03192e-07
9.03175e-07
9.0318e-07
9.06977e-07
9.06761e-07
9.07034e-07
4.24283e-06
4.18738e-06
4.18808e-06
4.27515e-06
9.03208e-07
9.07854e-07
9.03207e-07
9.0324e-07
9.0324e-07
9.07831e-07
9.07356e-07
9.07335e-07
4.29203e-06
4.27508e-06
4.29356e-06
9.0855e-07
4.30816e-06
9.09494e-07
9.033e-07
9.08561e-07
9.0951e-07
9.03301e-07
9.0341e-07
9.03411e-07
4.30808e-06
4.30216e-06
4.30237e-06
4.31084e-06
4.31032e-06
9.10919e-07
4.31385e-06
4.31266e-06
9.10905e-07
9.03664e-07
9.12831e-07
9.04298e-07
9.03664e-07
9.04303e-07
9.12807e-07
9.15745e-07
4.30039e-06
9.17713e-07
9.17745e-07
9.06303e-07
9.0631e-07
9.19046e-07
9.15735e-07
9.19025e-07
4.29988e-06
4.31103e-06
4.31093e-06
4.2736e-06
1.00389e-06
9.76446e-07
2.68364e-06
9.76433e-07
2.68414e-06
1.00458e-06
9.40465e-07
9.40608e-07
4.22915e-06
4.27454e-06
4.23243e-06
2.23095e-06
2.23205e-06
1.01687e-06
1.01647e-06
4.19756e-06
4.17094e-06
4.19388e-06
4.2045e-06
1.01809e-06
1.6343e-06
1.0174e-06
1.63493e-06
1.20826e-06
1.20747e-06
1.07986e-06
1.07976e-06
4.86109e-06
9.39238e-07
4.81845e-06
9.39161e-07
9.47078e-07
9.47117e-07
4.60854e-06
9.12282e-07
9.05987e-07
4.60972e-06
9.12218e-07
9.05992e-07
9.09633e-07
9.09638e-07
4.46688e-06
9.05935e-07
9.03938e-07
9.03795e-07
4.46666e-06
9.05931e-07
9.03935e-07
9.03795e-07
9.04256e-07
9.04256e-07
4.45222e-06
9.05866e-07
9.03294e-07
9.03233e-07
9.03253e-07
4.45039e-06
9.05868e-07
9.03298e-07
9.03234e-07
9.03253e-07
9.03381e-07
9.03381e-07
4.44638e-06
9.0563e-07
9.03218e-07
9.03194e-07
9.0317e-07
9.03121e-07
4.4462e-06
9.05629e-07
9.03218e-07
9.03194e-07
9.0317e-07
4.43943e-06
9.05611e-07
9.03137e-07
9.03155e-07
9.03152e-07
4.44006e-06
9.05612e-07
9.03137e-07
9.03155e-07
9.03152e-07
4.43276e-06
9.05609e-07
9.03126e-07
9.03124e-07
4.43223e-06
9.05609e-07
9.03126e-07
9.03124e-07
4.42621e-06
9.05611e-07
9.03117e-07
9.03116e-07
4.42606e-06
9.0561e-07
9.03117e-07
9.03116e-07
9.05613e-07
9.03113e-07
9.03111e-07
9.05614e-07
9.03113e-07
9.03111e-07
9.03089e-07
9.03105e-07
9.03104e-07
9.03105e-07
9.03104e-07
9.03107e-07
9.0311e-07
9.03107e-07
9.0311e-07
9.0309e-07
9.03105e-07
9.03104e-07
9.03104e-07
9.03105e-07
9.03107e-07
9.0311e-07
9.0311e-07
9.03107e-07
9.03089e-07
9.0309e-07
9.03107e-07
9.03106e-07
9.03108e-07
9.03106e-07
9.03115e-07
9.03127e-07
9.03127e-07
9.03115e-07
9.03104e-07
9.03104e-07
9.03095e-07
9.03095e-07
9.03152e-07
9.03152e-07
9.03127e-07
9.03115e-07
9.03115e-07
9.03127e-07
3.61562e-06
4.12484e-06
3.17695e-06
3.65338e-06
3.19245e-06
9.05632e-07
3.19224e-06
9.05621e-07
3.17704e-06
9.09258e-07
9.09535e-07
4.12456e-06
4.242e-06
9.03209e-07
9.07885e-07
9.03214e-07
9.03242e-07
9.03247e-07
9.07945e-07
9.07389e-07
9.0745e-07
4.24314e-06
4.18732e-06
4.18753e-06
9.08603e-07
4.27596e-06
9.03416e-07
9.03414e-07
9.03304e-07
9.03302e-07
9.08578e-07
9.09553e-07
9.09528e-07
4.29293e-06
4.27447e-06
4.29262e-06
4.30894e-06
4.30775e-06
9.1093e-07
4.30251e-06
4.30287e-06
9.10943e-07
9.03666e-07
9.12847e-07
9.04302e-07
9.0367e-07
9.04314e-07
9.12856e-07
4.3086e-06
4.30925e-06
9.15836e-07
4.29727e-06
9.17554e-07
9.17645e-07
9.06221e-07
9.06266e-07
9.19165e-07
9.15762e-07
9.19034e-07
4.29888e-06
4.27298e-06
9.76479e-07
1.00667e-06
9.76513e-07
2.68382e-06
2.68432e-06
1.00774e-06
9.40594e-07
9.4059e-07
4.22759e-06
4.27206e-06
4.22662e-06
4.1299e-06
1.01585e-06
2.23396e-06
1.01595e-06
2.23436e-06
4.14226e-06
4.21567e-06
4.2374e-06
1.63394e-06
1.63429e-06
1.01961e-06
1.01851e-06
1.20848e-06
1.07985e-06
1.20684e-06
1.07962e-06
9.39247e-07
4.857e-06
9.39236e-07
4.84524e-06
9.47085e-07
9.47088e-07
4.58619e-06
9.12278e-07
9.05986e-07
4.57651e-06
9.12167e-07
9.05992e-07
9.09625e-07
9.09634e-07
4.46935e-06
9.05939e-07
9.03938e-07
9.03795e-07
4.47002e-06
9.05943e-07
9.03939e-07
9.03796e-07
9.04256e-07
9.04257e-07
4.44824e-06
9.05873e-07
9.03303e-07
9.03236e-07
9.03254e-07
4.44879e-06
9.05871e-07
9.03301e-07
9.03236e-07
9.03254e-07
9.03381e-07
9.03381e-07
4.44622e-06
9.05631e-07
9.03219e-07
9.03195e-07
9.03171e-07
9.03121e-07
4.44492e-06
9.05631e-07
9.03219e-07
9.03196e-07
9.03171e-07
4.43824e-06
9.05612e-07
9.03137e-07
9.03155e-07
4.43895e-06
9.05612e-07
9.03137e-07
9.03155e-07
4.43199e-06
9.05609e-07
9.03126e-07
9.03124e-07
4.43219e-06
9.0561e-07
9.03126e-07
9.03124e-07
4.42645e-06
9.0561e-07
9.03117e-07
9.03116e-07
4.42674e-06
9.0561e-07
9.03117e-07
9.03116e-07
9.05613e-07
9.03113e-07
9.03111e-07
9.05613e-07
9.03113e-07
9.03111e-07
9.0311e-07
9.0311e-07
9.03105e-07
9.03104e-07
9.03105e-07
9.03104e-07
9.03107e-07
9.03106e-07
9.03107e-07
9.03106e-07
9.03111e-07
9.0311e-07
9.03111e-07
9.03107e-07
9.03107e-07
9.0311e-07
9.03107e-07
9.03106e-07
9.03105e-07
9.03108e-07
9.03089e-07
9.0309e-07
9.03089e-07
9.0309e-07
9.03105e-07
9.03104e-07
9.03104e-07
9.03105e-07
9.03107e-07
9.0311e-07
9.03107e-07
9.0311e-07
9.03121e-07
9.03104e-07
9.03153e-07
9.03172e-07
9.03171e-07
9.03153e-07
9.03104e-07
9.03095e-07
9.03095e-07
9.03153e-07
9.03152e-07
9.03127e-07
9.03115e-07
9.03127e-07
9.03115e-07
9.03127e-07
9.03115e-07
9.03115e-07
9.03127e-07
9.03124e-07
9.03124e-07
3.65106e-06
3.19329e-06
3.17685e-06
9.05681e-07
3.1954e-06
9.05732e-07
9.10466e-07
3.17672e-06
9.09949e-07
3.65121e-06
4.12543e-06
4.12484e-06
9.08638e-07
4.24281e-06
9.03419e-07
9.03306e-07
9.03426e-07
9.03312e-07
9.08702e-07
9.09588e-07
9.09648e-07
4.18694e-06
4.24313e-06
4.18716e-06
4.27668e-06
9.0368e-07
9.12907e-07
9.03675e-07
9.04338e-07
9.04329e-07
9.12878e-07
9.11e-07
9.10968e-07
4.29333e-06
4.276e-06
4.293e-06
4.30482e-06
4.29909e-06
9.15856e-07
4.29481e-06
9.1757e-07
9.06229e-07
9.1773e-07
9.06295e-07
9.19177e-07
9.15824e-07
9.19116e-07
4.29014e-06
4.27285e-06
9.7658e-07
1.0008e-06
9.76542e-07
2.68884e-06
2.68649e-06
1.00429e-06
9.40338e-07
9.40333e-07
4.23613e-06
4.2728e-06
4.22744e-06
1.01644e-06
4.17125e-06
1.01669e-06
2.23346e-06
2.23372e-06
4.18952e-06
4.21487e-06
4.21058e-06
1.01669e-06
1.63507e-06
1.01703e-06
1.63514e-06
1.08044e-06
1.07999e-06
1.21201e-06
1.20953e-06
4.84678e-06
9.39215e-07
9.47093e-07
4.83765e-06
9.39243e-07
9.47096e-07
9.05987e-07
9.12282e-07
4.58468e-06
9.05988e-07
9.12264e-07
4.58486e-06
9.09622e-07
9.09623e-07
4.46412e-06
9.05943e-07
9.03942e-07
9.03795e-07
4.46357e-06
9.05939e-07
9.0394e-07
9.03796e-07
9.04256e-07
9.04257e-07
4.44889e-06
9.05873e-07
9.03302e-07
9.03236e-07
9.03254e-07
4.44911e-06
9.05874e-07
9.03302e-07
9.03237e-07
9.03254e-07
9.03381e-07
9.03381e-07
4.44385e-06
9.05632e-07
9.03219e-07
9.03197e-07
4.44419e-06
9.05631e-07
9.03219e-07
9.03196e-07
4.43757e-06
9.05613e-07
9.03138e-07
9.03155e-07
4.43761e-06
9.05613e-07
9.03138e-07
9.03156e-07
4.43224e-06
9.0561e-07
9.03126e-07
4.4318e-06
9.0561e-07
9.03126e-07
4.4263e-06
9.0561e-07
9.03117e-07
9.03116e-07
4.42611e-06
9.0561e-07
9.03117e-07
9.03116e-07
9.05613e-07
9.03113e-07
9.05613e-07
9.03113e-07
9.0311e-07
9.0311e-07
9.03107e-07
9.03106e-07
9.03107e-07
9.03106e-07
9.0311e-07
9.0311e-07
9.03111e-07
9.03111e-07
9.03089e-07
9.03105e-07
9.03104e-07
9.03105e-07
9.03104e-07
9.0309e-07
9.03089e-07
9.0309e-07
9.03108e-07
9.0311e-07
9.03108e-07
9.0311e-07
9.03105e-07
9.03104e-07
9.03105e-07
9.03104e-07
9.03108e-07
9.0311e-07
9.03107e-07
9.0311e-07
9.03107e-07
9.03106e-07
9.03106e-07
9.03107e-07
9.03111e-07
9.03116e-07
9.03111e-07
9.03116e-07
9.03121e-07
9.03153e-07
9.03172e-07
9.03172e-07
9.03153e-07
9.03104e-07
9.03104e-07
9.03095e-07
9.03095e-07
9.03121e-07
9.03153e-07
9.03172e-07
9.03172e-07
9.03153e-07
9.03127e-07
9.03115e-07
9.03115e-07
9.03127e-07
9.03127e-07
9.03115e-07
9.03115e-07
9.03127e-07
9.03156e-07
9.03124e-07
9.03156e-07
9.03124e-07
9.03124e-07
9.03124e-07
3.17812e-06
3.64905e-06
9.11227e-07
3.18034e-06
3.19933e-06
9.12188e-07
9.05847e-07
3.20408e-06
9.06029e-07
4.12444e-06
3.64912e-06
4.12408e-06
4.24404e-06
9.03686e-07
9.12924e-07
9.04347e-07
9.03696e-07
9.04348e-07
9.11028e-07
9.12919e-07
9.11076e-07
4.18726e-06
4.2437e-06
4.18767e-06
9.15871e-07
4.26676e-06
9.17988e-07
9.17899e-07
9.06373e-07
9.06355e-07
9.1583e-07
9.19214e-07
9.19139e-07
4.28296e-06
4.27526e-06
4.29058e-06
4.27097e-06
9.76659e-07
1.00071e-06
9.76825e-07
2.68921e-06
2.68802e-06
9.40336e-07
1.00486e-06
9.40472e-07
4.2331e-06
4.26428e-06
4.22162e-06
1.01535e-06
4.10801e-06
1.01605e-06
2.23977e-06
2.23654e-06
4.14609e-06
4.25721e-06
4.20845e-06
1.01836e-06
1.01901e-06
1.63499e-06
1.63524e-06
1.20541e-06
1.07943e-06
1.20615e-06
1.0793e-06
9.47049e-07
9.47066e-07
4.89112e-06
9.39249e-07
4.86204e-06
9.39203e-07
4.57775e-06
9.12264e-07
9.05986e-07
9.09616e-07
4.61635e-06
9.12294e-07
9.05989e-07
9.09623e-07
9.03795e-07
9.03945e-07
9.05946e-07
4.46389e-06
9.03795e-07
9.03944e-07
9.05946e-07
4.46495e-06
9.04256e-07
9.04256e-07
4.44724e-06
9.05876e-07
9.03306e-07
9.03238e-07
9.03254e-07
4.44739e-06
9.05874e-07
9.03304e-07
9.03238e-07
9.03254e-07
9.03381e-07
9.03381e-07
4.44376e-06
9.05633e-07
9.0322e-07
9.03197e-07
4.44362e-06
9.05633e-07
9.0322e-07
9.03197e-07
4.43669e-06
9.05614e-07
9.03138e-07
4.43703e-06
9.05614e-07
9.03138e-07
4.4306e-06
9.0561e-07
9.03126e-07
4.43013e-06
9.05611e-07
9.03126e-07
4.42569e-06
9.05611e-07
9.03117e-07
4.42516e-06
9.05611e-07
9.03117e-07
9.05613e-07
9.03113e-07
9.05613e-07
9.03113e-07
9.0311e-07
9.0311e-07
9.03105e-07
9.03104e-07
9.03105e-07
9.03104e-07
9.03108e-07
9.03106e-07
9.03108e-07
9.03106e-07
9.03091e-07
9.03089e-07
9.03089e-07
9.03091e-07
9.03108e-07
9.0311e-07
9.0311e-07
9.03108e-07
9.03105e-07
9.03104e-07
9.03105e-07
9.03104e-07
9.03108e-07
9.0311e-07
9.03108e-07
9.0311e-07
9.03111e-07
9.03117e-07
9.03111e-07
9.03116e-07
9.03108e-07
9.03106e-07
9.03108e-07
9.03106e-07
9.03111e-07
9.03116e-07
9.03111e-07
9.03116e-07
9.03113e-07
9.0311e-07
9.0311e-07
9.03113e-07
9.03104e-07
9.03104e-07
9.03095e-07
9.03095e-07
9.03121e-07
9.03173e-07
9.03154e-07
9.03153e-07
9.03173e-07
9.03121e-07
9.03153e-07
9.03173e-07
9.03173e-07
9.03153e-07
9.03127e-07
9.03115e-07
9.03127e-07
9.03115e-07
9.03127e-07
9.03115e-07
9.03115e-07
9.03127e-07
9.03197e-07
9.03198e-07
9.03156e-07
9.03124e-07
9.03124e-07
9.03156e-07
9.03156e-07
9.03124e-07
9.03124e-07
9.03156e-07
3.65235e-06
4.12517e-06
3.61588e-06
3.18397e-06
4.12554e-06
9.13618e-07
3.20925e-06
3.19064e-06
9.06432e-07
9.15462e-07
9.15833e-07
4.23475e-06
9.18247e-07
9.18198e-07
9.06417e-07
9.06417e-07
9.19109e-07
9.1567e-07
9.07366e-07
9.18675e-07
4.2415e-06
4.1805e-06
4.18632e-06
4.24366e-06
9.77416e-07
1.00622e-06
9.7707e-07
2.68428e-06
2.68667e-06
1.00763e-06
9.4077e-07
9.40689e-07
4.25679e-06
4.20631e-06
4.21425e-06
1.01539e-06
4.10272e-06
1.01638e-06
2.24016e-06
2.23788e-06
4.2474e-06
4.15308e-06
4.20567e-06
1.01505e-06
1.01708e-06
1.63789e-06
1.63641e-06
1.20931e-06
1.21088e-06
1.07999e-06
1.08029e-06
4.81807e-06
9.39114e-07
9.47075e-07
4.83142e-06
9.39168e-07
9.47074e-07
9.09606e-07
9.09611e-07
4.56176e-06
9.12317e-07
9.05979e-07
4.5732e-06
9.1227e-07
9.05982e-07
4.46254e-06
9.05952e-07
9.03948e-07
9.03794e-07
9.04255e-07
4.46936e-06
9.05957e-07
9.03946e-07
9.03795e-07
9.04256e-07
9.03254e-07
9.03239e-07
9.03307e-07
9.05877e-07
4.44706e-06
9.03254e-07
9.03239e-07
9.03307e-07
9.05877e-07
4.44796e-06
9.03381e-07
9.03381e-07
4.44288e-06
9.05633e-07
9.0322e-07
4.44307e-06
9.05633e-07
9.03219e-07
4.43573e-06
9.05615e-07
9.03138e-07
4.43573e-06
9.05616e-07
9.03138e-07
4.42869e-06
9.05612e-07
9.03126e-07
4.42931e-06
9.05612e-07
9.03126e-07
4.42487e-06
9.05612e-07
9.03117e-07
4.42421e-06
9.05613e-07
9.03117e-07
9.05614e-07
9.05613e-07
9.03108e-07
9.03106e-07
9.03108e-07
9.03106e-07
9.03113e-07
9.0311e-07
9.03113e-07
9.0311e-07
9.03091e-07
9.03089e-07
9.03089e-07
9.03091e-07
9.0311e-07
9.03108e-07
9.03108e-07
9.0311e-07
9.03105e-07
9.03104e-07
9.03105e-07
9.03104e-07
9.03105e-07
9.03104e-07
9.03104e-07
9.03105e-07
9.03108e-07
9.0311e-07
9.03108e-07
9.0311e-07
9.03111e-07
9.03117e-07
9.03117e-07
9.03111e-07
9.03108e-07
9.03106e-07
9.03108e-07
9.03106e-07
9.03111e-07
9.03117e-07
9.03111e-07
9.03117e-07
9.03117e-07
9.03117e-07
9.03113e-07
9.0311e-07
9.03113e-07
9.0311e-07
9.03121e-07
9.03173e-07
9.03153e-07
9.03153e-07
9.03173e-07
9.03103e-07
9.03103e-07
9.03094e-07
9.03095e-07
9.03121e-07
9.03153e-07
9.03172e-07
9.03172e-07
9.03153e-07
9.03127e-07
9.03115e-07
9.03127e-07
9.03116e-07
9.03127e-07
9.03116e-07
9.03116e-07
9.03127e-07
9.0338e-07
9.03254e-07
9.03381e-07
9.03254e-07
9.0324e-07
9.03198e-07
9.03198e-07
9.03238e-07
9.03198e-07
9.03198e-07
9.03156e-07
9.03125e-07
9.03156e-07
9.03125e-07
9.03156e-07
9.03124e-07
9.03125e-07
9.03156e-07
9.03138e-07
9.03138e-07
3.61462e-06
4.12374e-06
3.213e-06
3.20417e-06
3.61102e-06
9.18269e-07
4.11694e-06
4.21422e-06
9.779e-07
1.005e-06
9.76828e-07
2.67167e-06
2.61903e-06
9.23177e-07
9.97009e-07
9.40332e-07
9.09751e-07
9.3825e-07
4.17894e-06
4.16097e-06
9.21696e-07
4.12823e-06
1.01681e-06
4.15657e-06
1.01703e-06
2.23646e-06
2.23632e-06
4.18214e-06
4.20905e-06
4.19333e-06
1.01505e-06
1.01759e-06
1.63816e-06
1.63736e-06
1.202e-06
1.20656e-06
1.07884e-06
1.07958e-06
4.86415e-06
9.39175e-07
4.88493e-06
9.39186e-07
9.47016e-07
9.46974e-07
4.58625e-06
9.12161e-07
9.05982e-07
9.09619e-07
4.60912e-06
9.12236e-07
9.05984e-07
9.09618e-07
9.04253e-07
9.04253e-07
4.45854e-06
9.05946e-07
9.03948e-07
9.03793e-07
4.46178e-06
9.0595e-07
9.03948e-07
9.03793e-07
4.44616e-06
9.05878e-07
9.03309e-07
4.44763e-06
9.05878e-07
9.03306e-07
9.0322e-07
9.05634e-07
4.44312e-06
9.0322e-07
9.05634e-07
4.4428e-06
4.43607e-06
9.05616e-07
4.43539e-06
9.05616e-07
4.42865e-06
9.05613e-07
9.03126e-07
4.42802e-06
9.05613e-07
9.03126e-07
4.42401e-06
9.05614e-07
4.42344e-06
9.05613e-07
9.05615e-07
9.05615e-07
9.03113e-07
9.0311e-07
9.03113e-07
9.0311e-07
9.05617e-07
9.05616e-07
9.03111e-07
9.03108e-07
9.03108e-07
9.03111e-07
9.03089e-07
9.0309e-07
9.03089e-07
9.03091e-07
9.03105e-07
9.03104e-07
9.03106e-07
9.03104e-07
9.03106e-07
9.03104e-07
9.03104e-07
9.03106e-07
9.03108e-07
9.03111e-07
9.03108e-07
9.03111e-07
9.03117e-07
9.03111e-07
9.03111e-07
9.03117e-07
9.03108e-07
9.03106e-07
9.03108e-07
9.03106e-07
9.03108e-07
9.03106e-07
9.03106e-07
9.03108e-07
9.03111e-07
9.03117e-07
9.03111e-07
9.03117e-07
9.03118e-07
9.03117e-07
9.03113e-07
9.0311e-07
9.03113e-07
9.0311e-07
9.03118e-07
9.03126e-07
9.03118e-07
9.03126e-07
9.0338e-07
9.03254e-07
9.03379e-07
9.03253e-07
9.0324e-07
9.03199e-07
9.03198e-07
9.03239e-07
9.03102e-07
9.03119e-07
9.03151e-07
9.03168e-07
9.0315e-07
9.0317e-07
9.031e-07
9.03094e-07
9.03093e-07
9.0312e-07
9.03152e-07
9.03171e-07
9.0317e-07
9.03153e-07
9.03127e-07
9.03116e-07
9.03126e-07
9.03116e-07
9.03127e-07
9.03116e-07
9.03116e-07
9.03127e-07
9.0338e-07
9.03252e-07
9.03378e-07
9.03253e-07
9.03198e-07
9.03237e-07
9.03238e-07
9.03197e-07
9.03156e-07
9.03125e-07
9.03156e-07
9.03125e-07
9.03156e-07
9.03125e-07
9.03125e-07
9.03156e-07
9.0322e-07
9.03139e-07
9.0322e-07
9.03139e-07
9.03138e-07
9.03138e-07
3.20464e-06
3.23067e-06
3.60064e-06
4.09954e-06
1.01629e-06
4.14595e-06
9.79707e-07
1.01311e-06
2.23423e-06
2.45316e-06
2.22078e-06
2.93369e-06
2.31515e-06
3.14027e-06
9.93191e-07
4.13329e-06
4.18125e-06
9.40615e-07
4.1208e-06
4.06775e-06
1.01811e-06
1.01909e-06
1.63657e-06
1.63666e-06
1.20215e-06
1.20827e-06
1.07889e-06
1.08001e-06
4.79813e-06
9.39e-07
4.83802e-06
9.39077e-07
9.46975e-07
9.4698e-07
4.58546e-06
9.12248e-07
9.05972e-07
4.58139e-06
9.12266e-07
9.05963e-07
9.09605e-07
9.09598e-07
4.4651e-06
9.05949e-07
9.03943e-07
9.03793e-07
9.04253e-07
4.46792e-06
9.05956e-07
9.03944e-07
9.03794e-07
9.04252e-07
4.44522e-06
9.05878e-07
9.03311e-07
4.44682e-06
9.05877e-07
9.03309e-07
4.44269e-06
9.05634e-07
4.44355e-06
9.05634e-07
9.05616e-07
4.43525e-06
9.05616e-07
4.43492e-06
4.42817e-06
9.05614e-07
4.42807e-06
9.05614e-07
4.42349e-06
9.05614e-07
4.42196e-06
9.05615e-07
9.05617e-07
9.05618e-07
9.03117e-07
9.03111e-07
9.03111e-07
9.03117e-07
9.03089e-07
9.03106e-07
9.03104e-07
9.03106e-07
9.03104e-07
9.03088e-07
9.0309e-07
9.0309e-07
9.03108e-07
9.03111e-07
9.03108e-07
9.03111e-07
9.03106e-07
9.03104e-07
9.03106e-07
9.03104e-07
9.03108e-07
9.03111e-07
9.03108e-07
9.03111e-07
9.03108e-07
9.03106e-07
9.03108e-07
9.03106e-07
9.03108e-07
9.03106e-07
9.03106e-07
9.03108e-07
9.03111e-07
9.03117e-07
9.03112e-07
9.03117e-07
9.03127e-07
9.03118e-07
9.03118e-07
9.03127e-07
9.03113e-07
9.03111e-07
9.03113e-07
9.03111e-07
9.03113e-07
9.03111e-07
9.03111e-07
9.03113e-07
9.03118e-07
9.03126e-07
9.03118e-07
9.03127e-07
9.05615e-07
9.05618e-07
9.05615e-07
9.05618e-07
9.03117e-07
9.03148e-07
9.03167e-07
9.03164e-07
9.0315e-07
9.03376e-07
9.03248e-07
9.03371e-07
9.0325e-07
9.03195e-07
9.0323e-07
9.03194e-07
9.03234e-07
9.03098e-07
9.03093e-07
9.03098e-07
9.03093e-07
9.03114e-07
9.03147e-07
9.03157e-07
9.03163e-07
9.03143e-07
9.03126e-07
9.03116e-07
9.03116e-07
9.03126e-07
9.03125e-07
9.03115e-07
9.03115e-07
9.03124e-07
9.03375e-07
9.03252e-07
9.03378e-07
9.03251e-07
9.03196e-07
9.03237e-07
9.03236e-07
9.03197e-07
9.03156e-07
9.03126e-07
9.03156e-07
9.03125e-07
9.03156e-07
9.03125e-07
9.03125e-07
9.03156e-07
9.03305e-07
9.03304e-07
9.0322e-07
9.03139e-07
9.0322e-07
9.03139e-07
9.0322e-07
9.03139e-07
9.03139e-07
9.0322e-07
9.0309e-07
9.03091e-07
9.03088e-07
9.0309e-07
3.28089e-06
3.58194e-06
1.01638e-06
1.02801e-06
1.01041e-06
1.6363e-06
2.17716e-06
1.64179e-06
2.94652e-06
2.29052e-06
3.32087e-06
4.00957e-06
4.05449e-06
1.21032e-06
1.21209e-06
1.08073e-06
1.0808e-06
4.79367e-06
9.38915e-07
4.85239e-06
9.38873e-07
9.4693e-07
9.46795e-07
4.63507e-06
9.12082e-07
9.0596e-07
4.58034e-06
9.12137e-07
9.05963e-07
9.09606e-07
9.09603e-07
4.46428e-06
9.05949e-07
9.03944e-07
9.03791e-07
4.46433e-06
9.05945e-07
9.03942e-07
9.03788e-07
9.04248e-07
9.04245e-07
4.44759e-06
9.05875e-07
4.44833e-06
9.05877e-07
4.44299e-06
9.05634e-07
4.44312e-06
9.05634e-07
4.43574e-06
9.05617e-07
4.43545e-06
9.05617e-07
9.05614e-07
4.42706e-06
9.05614e-07
4.42836e-06
4.42182e-06
4.42206e-06
9.03127e-07
9.03118e-07
9.03118e-07
9.03127e-07
9.03106e-07
9.03104e-07
9.03104e-07
9.03106e-07
9.03108e-07
9.03106e-07
9.03108e-07
9.03106e-07
9.03105e-07
9.03104e-07
9.03105e-07
9.03104e-07
9.03108e-07
9.03111e-07
9.03111e-07
9.03108e-07
9.03108e-07
9.0311e-07
9.03107e-07
9.03111e-07
9.03112e-07
9.03118e-07
9.03112e-07
9.03118e-07
9.03108e-07
9.03106e-07
9.03108e-07
9.03106e-07
9.03112e-07
9.03117e-07
9.03112e-07
9.03117e-07
9.03113e-07
9.03111e-07
9.03113e-07
9.03111e-07
9.03114e-07
9.03111e-07
9.03111e-07
9.03114e-07
9.03118e-07
9.03127e-07
9.03118e-07
9.03127e-07
9.05615e-07
9.05615e-07
9.05616e-07
9.05618e-07
9.05616e-07
9.05618e-07
9.05616e-07
9.05618e-07
9.05618e-07
9.05615e-07
9.0336e-07
9.03247e-07
9.03242e-07
9.0337e-07
9.03191e-07
9.03229e-07
9.03227e-07
9.03193e-07
9.04242e-07
9.03786e-07
9.04238e-07
9.03788e-07
9.03301e-07
9.03932e-07
9.03295e-07
9.03938e-07
9.03108e-07
9.03131e-07
9.03155e-07
9.03149e-07
9.03136e-07
9.03118e-07
9.03124e-07
9.03112e-07
9.0313e-07
9.03109e-07
9.03136e-07
9.03153e-07
9.03145e-07
9.03141e-07
9.03121e-07
9.03114e-07
9.03114e-07
9.03123e-07
9.03355e-07
9.03229e-07
9.03338e-07
9.03239e-07
9.0319e-07
9.0322e-07
9.03225e-07
9.03185e-07
9.03156e-07
9.03126e-07
9.03126e-07
9.03156e-07
9.03155e-07
9.03125e-07
9.03125e-07
9.03153e-07
9.03306e-07
9.03306e-07
9.0322e-07
9.0314e-07
9.0322e-07
9.0314e-07
9.0322e-07
9.03139e-07
9.0314e-07
9.0322e-07
9.05634e-07
9.05635e-07
9.03104e-07
9.03117e-07
9.03117e-07
9.03103e-07
9.03106e-07
9.0312e-07
9.03118e-07
9.03108e-07
9.03104e-07
9.03103e-07
9.03103e-07
9.03105e-07
9.03106e-07
9.0311e-07
9.03107e-07
9.03109e-07
3.57671e-06
1.20621e-06
1.03247e-06
1.18979e-06
1.08079e-06
1.69855e-06
1.08273e-06
3.4971e-06
2.33789e-06
3.54023e-06
4.87618e-06
9.3854e-07
4.89086e-06
9.38785e-07
9.46308e-07
9.46588e-07
4.62777e-06
9.12019e-07
9.05947e-07
4.58835e-06
9.12032e-07
9.05916e-07
9.09582e-07
9.0953e-07
4.47805e-06
9.05949e-07
4.46681e-06
9.0594e-07
4.4477e-06
9.05875e-07
4.4482e-06
9.05873e-07
4.44395e-06
4.44353e-06
4.43559e-06
9.05617e-07
4.43589e-06
9.05617e-07
4.42799e-06
4.42774e-06
4.42148e-06
4.42173e-06
9.05614e-07
9.05615e-07
9.03108e-07
9.03106e-07
9.03106e-07
9.03108e-07
9.03114e-07
9.03111e-07
9.03114e-07
9.03111e-07
9.03108e-07
9.03106e-07
9.03108e-07
9.03106e-07
9.03112e-07
9.03118e-07
9.03118e-07
9.03112e-07
9.03111e-07
9.03117e-07
9.03111e-07
9.03117e-07
9.03119e-07
9.03128e-07
9.03119e-07
9.03128e-07
9.03114e-07
9.03111e-07
9.03114e-07
9.03111e-07
9.03119e-07
9.03127e-07
9.03118e-07
9.03127e-07
9.05616e-07
9.05618e-07
9.05616e-07
9.05618e-07
9.05615e-07
9.05617e-07
9.05618e-07
9.05615e-07
9.05614e-07
9.05616e-07
9.05614e-07
9.05616e-07
4.42197e-06
4.42173e-06
9.04213e-07
9.03782e-07
9.03771e-07
9.04228e-07
9.03296e-07
9.03932e-07
9.03932e-07
9.03294e-07
9.03249e-07
9.03244e-07
9.03319e-07
9.03186e-07
9.0317e-07
9.03248e-07
9.03211e-07
9.03197e-07
9.03138e-07
9.03131e-07
9.03122e-07
9.0315e-07
9.03302e-07
9.03222e-07
9.03324e-07
9.03209e-07
9.03178e-07
9.03215e-07
9.03213e-07
9.03181e-07
9.03147e-07
9.03124e-07
9.03124e-07
9.0315e-07
9.04187e-07
9.0374e-07
9.04157e-07
9.0376e-07
9.03297e-07
9.03929e-07
9.03933e-07
9.0329e-07
9.03218e-07
9.03141e-07
9.03141e-07
9.03219e-07
9.03217e-07
9.03141e-07
9.03141e-07
9.03214e-07
9.0587e-07
9.05632e-07
9.05866e-07
9.05633e-07
9.05634e-07
9.05634e-07
9.03106e-07
9.03116e-07
9.03117e-07
9.03105e-07
9.03109e-07
9.03122e-07
9.03119e-07
9.03114e-07
9.03107e-07
9.03105e-07
9.03105e-07
9.03107e-07
9.0311e-07
9.03116e-07
9.0311e-07
9.03115e-07
4.89642e-06
9.38092e-07
1.10967e-06
4.97077e-06
9.37792e-07
9.45484e-07
1.08675e-06
9.4504e-07
1.13174e-06
1.17511e-06
4.62112e-06
9.11875e-07
9.05829e-07
4.58487e-06
9.12013e-07
9.05879e-07
9.09378e-07
9.09457e-07
4.4788e-06
9.05951e-07
4.47402e-06
9.05947e-07
4.4539e-06
4.45072e-06
4.44409e-06
4.44508e-06
4.43667e-06
4.43618e-06
4.42804e-06
4.42809e-06
9.03114e-07
9.03111e-07
9.03111e-07
9.03114e-07
9.05612e-07
9.05612e-07
9.0561e-07
9.05614e-07
9.03114e-07
9.0311e-07
9.03113e-07
9.03111e-07
9.03119e-07
9.03128e-07
9.03128e-07
9.03119e-07
9.03119e-07
9.03127e-07
9.03118e-07
9.03128e-07
9.05612e-07
9.05613e-07
9.0561e-07
9.05614e-07
9.05614e-07
9.05617e-07
9.05614e-07
9.05616e-07
9.05613e-07
9.05616e-07
9.05614e-07
9.05615e-07
4.42198e-06
4.42183e-06
4.42882e-06
4.42314e-06
4.42338e-06
4.42901e-06
9.03771e-07
9.03889e-07
9.04293e-07
9.0362e-07
9.03253e-07
9.03962e-07
9.03394e-07
9.03734e-07
9.0318e-07
9.03147e-07
9.03138e-07
9.03208e-07
9.0405e-07
9.03718e-07
9.04092e-07
9.03702e-07
9.03275e-07
9.03915e-07
9.03906e-07
9.03281e-07
9.03201e-07
9.03141e-07
9.03141e-07
9.03207e-07
9.05954e-07
9.05968e-07
9.05857e-07
9.05631e-07
9.05627e-07
9.05862e-07
9.05849e-07
9.05612e-07
9.05622e-07
9.05831e-07
9.03111e-07
9.03119e-07
9.0312e-07
9.03108e-07
9.03115e-07
9.0313e-07
9.03123e-07
9.03123e-07
9.03111e-07
9.03109e-07
9.03108e-07
9.03112e-07
9.03116e-07
9.03126e-07
9.03117e-07
9.03125e-07
4.63365e-06
9.11555e-07
9.05729e-07
5.09688e-06
9.40249e-07
4.66927e-06
9.11014e-07
9.05627e-07
9.09196e-07
9.40542e-07
9.09169e-07
4.91157e-06
9.52784e-07
9.65713e-07
4.49695e-06
4.47991e-06
4.45741e-06
4.45984e-06
4.44859e-06
4.4463e-06
4.43659e-06
4.43818e-06
9.05601e-07
9.05608e-07
9.05602e-07
9.05607e-07
4.43235e-06
4.42901e-06
4.43457e-06
4.42709e-06
9.05592e-07
9.05578e-07
9.05578e-07
9.05593e-07
9.05602e-07
9.0561e-07
9.05606e-07
9.05607e-07
9.05594e-07
9.05587e-07
9.05581e-07
9.05599e-07
4.43925e-06
4.44296e-06
4.43061e-06
4.42372e-06
4.42945e-06
4.42459e-06
9.07862e-07
9.08793e-07
9.11867e-07
9.05137e-07
9.05945e-07
9.11629e-07
9.06117e-07
9.08789e-07
9.0566e-07
9.05322e-07
9.05555e-07
9.05538e-07
9.05978e-07
9.05965e-07
9.05739e-07
9.05593e-07
9.05561e-07
9.05792e-07
4.48404e-06
4.46837e-06
9.05519e-07
9.05344e-07
9.05305e-07
9.05517e-07
9.05523e-07
9.053e-07
9.05293e-07
9.05532e-07
9.05518e-07
9.05554e-07
9.05516e-07
9.05555e-07
9.05522e-07
9.05566e-07
9.05559e-07
9.05532e-07
4.51844e-06
4.87416e-06
4.57694e-06
4.76118e-06
4.45274e-06
4.45848e-06
4.44701e-06
4.43521e-06
4.44163e-06
4.43962e-06
4.45753e-06
4.47261e-06
4.47564e-06
4.45338e-06
4.45195e-06
4.44634e-06
4.46268e-06
4.4843e-06
4.4812e-06
4.46887e-06
4.8024e-06
4.69512e-06
4.80958e-06
4.69435e-06
4.51001e-06
4.57481e-06
4.82405e-06
4.70507e-06
4.70414e-06
4.82267e-06
4.82345e-06
4.70089e-06
4.70293e-06
4.81957e-06
4.57905e-06
4.50469e-06
4.5768e-06
4.50707e-06
4.58071e-06
4.5119e-06
4.50957e-06
4.58119e-06
)
;

boundaryField
{
    atmosphere_ground
    {
        type            calculated;
        value           uniform 9.09474e-07;
    }
    atmosphere_outlet
    {
        type            calculated;
        value           uniform 9.09474e-07;
    }
    walls
    {
        type            nutkWallFunction;
        Cmu             0.09;
        kappa           0.41;
        E               9.8;
        value           uniform 0;
    }
    outflow
    {
        type            calculated;
        value           nonuniform List<scalar> 0();
    }
    glass_inside_master
    {
        type            nutkWallFunction;
        Cmu             0.09;
        kappa           0.41;
        E               9.8;
        value           nonuniform List<scalar> 0();
    }
    glass_inside_slave
    {
        type            nutkWallFunction;
        Cmu             0.09;
        kappa           0.41;
        E               9.8;
        value           nonuniform List<scalar> 0();
    }
    glass_outside_master
    {
        type            nutkWallFunction;
        Cmu             0.09;
        kappa           0.41;
        E               9.8;
        value           uniform 0;
    }
    glass_outside_slave
    {
        type            nutkWallFunction;
        Cmu             0.09;
        kappa           0.41;
        E               9.8;
        value           uniform 0;
    }
    procBoundary0to1
    {
        type            processor;
        value           nonuniform List<scalar> 
368
(
9.03109e-07
9.03127e-07
9.03132e-07
9.03109e-07
9.03142e-07
9.03142e-07
9.03143e-07
9.0558e-07
9.03147e-07
9.03109e-07
9.03142e-07
9.03142e-07
9.03143e-07
9.03143e-07
9.03148e-07
9.05582e-07
3.19414e-06
9.03152e-07
9.03109e-07
9.03142e-07
9.03142e-07
9.03143e-07
9.03143e-07
9.03148e-07
9.03148e-07
9.05893e-07
9.0556e-07
3.20197e-06
9.05948e-07
9.03109e-07
9.03142e-07
9.03142e-07
9.03143e-07
9.03143e-07
9.03148e-07
9.03148e-07
9.05864e-07
9.05847e-07
4.24153e-06
9.0844e-07
3.20195e-06
4.18512e-06
9.03109e-07
9.03142e-07
9.03142e-07
9.03143e-07
9.03143e-07
9.03148e-07
9.03148e-07
9.05829e-07
9.05835e-07
4.27499e-06
4.29262e-06
4.12481e-06
3.17846e-06
9.03109e-07
9.03109e-07
9.03109e-07
9.03142e-07
9.03142e-07
9.03143e-07
9.03143e-07
9.03147e-07
9.03147e-07
9.05824e-07
9.05821e-07
4.31008e-06
4.30196e-06
3.65242e-06
9.03109e-07
9.03142e-07
9.03141e-07
9.03142e-07
9.03142e-07
9.03142e-07
9.03142e-07
9.03143e-07
9.03143e-07
9.03147e-07
9.03147e-07
9.05819e-07
9.0582e-07
4.31337e-06
4.31441e-06
9.03109e-07
9.03142e-07
9.03142e-07
9.03143e-07
9.03142e-07
9.03143e-07
9.03144e-07
9.03143e-07
9.03143e-07
9.03147e-07
9.03147e-07
9.05818e-07
9.05819e-07
4.31625e-06
4.31562e-06
9.03109e-07
9.03142e-07
9.03142e-07
9.03143e-07
9.03143e-07
9.03148e-07
9.03147e-07
9.03147e-07
9.03148e-07
9.03147e-07
9.03147e-07
9.05819e-07
9.05819e-07
4.31606e-06
4.31753e-06
9.03109e-07
9.03142e-07
9.03142e-07
9.03143e-07
9.03143e-07
9.03148e-07
9.03148e-07
9.05822e-07
9.0582e-07
9.0582e-07
9.05821e-07
9.0582e-07
9.0582e-07
4.3162e-06
4.31653e-06
9.03109e-07
9.03142e-07
9.03142e-07
9.03143e-07
9.03143e-07
9.03147e-07
9.03148e-07
9.05821e-07
9.05822e-07
4.3162e-06
4.31559e-06
4.31553e-06
4.31495e-06
4.31557e-06
4.31557e-06
9.03109e-07
9.03142e-07
9.03142e-07
9.03143e-07
9.03143e-07
9.03147e-07
9.03148e-07
9.05821e-07
9.05821e-07
4.31247e-06
4.31455e-06
9.03109e-07
9.03142e-07
9.03142e-07
9.03143e-07
9.03143e-07
9.03148e-07
9.03148e-07
9.05821e-07
9.05821e-07
4.31469e-06
4.31436e-06
9.03109e-07
9.03142e-07
9.03142e-07
9.03143e-07
9.03143e-07
9.03148e-07
9.03148e-07
9.0582e-07
9.0582e-07
4.31465e-06
4.31513e-06
9.03109e-07
9.03109e-07
9.03109e-07
9.03142e-07
9.03142e-07
9.03143e-07
9.03143e-07
9.03148e-07
9.03148e-07
9.0582e-07
9.0582e-07
4.31561e-06
4.31542e-06
9.03109e-07
9.03142e-07
9.03141e-07
9.03142e-07
9.03142e-07
9.03142e-07
9.03142e-07
9.03143e-07
9.03143e-07
9.03148e-07
9.03148e-07
9.0582e-07
9.0582e-07
4.31599e-06
4.31608e-06
9.03109e-07
9.03142e-07
9.03142e-07
9.03143e-07
9.03142e-07
9.03143e-07
9.03143e-07
9.03143e-07
9.03143e-07
9.03148e-07
9.03148e-07
9.05819e-07
9.05819e-07
4.31638e-06
4.31561e-06
9.03109e-07
9.03109e-07
9.03109e-07
9.03142e-07
9.03142e-07
9.03143e-07
9.03143e-07
9.03147e-07
9.03147e-07
9.03148e-07
9.03148e-07
9.03148e-07
9.03148e-07
9.05819e-07
9.05819e-07
4.31591e-06
4.316e-06
9.03109e-07
9.03142e-07
9.03141e-07
9.03142e-07
9.03142e-07
9.03142e-07
9.03142e-07
9.03143e-07
9.03143e-07
9.03147e-07
9.03147e-07
9.05819e-07
9.05819e-07
9.05819e-07
9.05819e-07
9.05819e-07
9.0582e-07
4.31629e-06
4.31572e-06
9.03109e-07
9.03142e-07
9.03142e-07
9.03143e-07
9.03142e-07
9.03144e-07
9.03143e-07
9.03143e-07
9.03143e-07
9.03148e-07
9.03148e-07
9.05819e-07
9.05819e-07
4.31636e-06
4.31645e-06
4.31633e-06
4.31628e-06
4.31628e-06
4.31637e-06
9.03109e-07
9.03142e-07
9.03142e-07
9.03143e-07
9.03143e-07
9.03148e-07
9.03147e-07
9.03148e-07
9.03148e-07
9.03147e-07
9.03147e-07
9.0582e-07
9.0582e-07
4.31598e-06
4.31593e-06
9.03109e-07
9.03142e-07
9.03142e-07
9.03143e-07
9.03143e-07
9.03148e-07
9.03148e-07
9.0582e-07
9.05819e-07
9.0582e-07
9.05819e-07
9.0582e-07
9.0582e-07
4.31607e-06
4.31617e-06
9.03109e-07
9.03142e-07
9.03142e-07
9.03143e-07
9.03143e-07
9.03148e-07
9.03148e-07
9.0582e-07
9.05821e-07
4.31534e-06
4.3162e-06
4.31644e-06
4.31464e-06
4.31692e-06
4.31692e-06
9.03142e-07
9.03141e-07
9.03143e-07
9.03143e-07
9.03148e-07
9.03148e-07
9.05822e-07
9.05822e-07
4.31472e-06
4.31423e-06
9.03143e-07
9.03142e-07
9.03148e-07
9.03148e-07
9.05823e-07
9.05825e-07
4.3136e-06
4.31455e-06
9.03148e-07
9.03148e-07
9.05828e-07
9.05826e-07
4.31212e-06
4.31385e-06
9.03147e-07
9.03147e-07
9.05832e-07
9.05838e-07
4.3084e-06
4.31065e-06
9.03147e-07
9.03151e-07
9.05865e-07
9.05848e-07
4.30641e-06
4.30069e-06
3.19161e-06
9.0555e-07
9.05893e-07
9.05948e-07
4.27402e-06
4.29141e-06
3.17618e-06
9.08426e-07
4.24209e-06
4.18519e-06
3.6486e-06
4.12475e-06
)
;
    }
    procBoundary0to2
    {
        type            processor;
        value           nonuniform List<scalar> 
233
(
9.03096e-07
9.03097e-07
9.03101e-07
4.50721e-06
9.0309e-07
4.57889e-06
9.03098e-07
4.47639e-06
9.03091e-07
4.45855e-06
4.70375e-06
9.03093e-07
4.82257e-06
9.05555e-07
9.03089e-07
9.05518e-07
9.03098e-07
4.43961e-06
9.03092e-07
4.44711e-06
9.05577e-07
9.03089e-07
9.05592e-07
9.05305e-07
9.03091e-07
9.05518e-07
9.03112e-07
9.03088e-07
9.03088e-07
9.03111e-07
9.03099e-07
4.43614e-06
9.03092e-07
4.43277e-06
9.05605e-07
9.0309e-07
9.056e-07
9.03113e-07
9.03088e-07
9.03088e-07
9.03114e-07
9.0312e-07
9.0309e-07
9.03091e-07
9.03111e-07
9.03107e-07
9.03104e-07
9.03105e-07
9.03107e-07
9.03099e-07
4.43064e-06
9.03093e-07
4.43209e-06
9.05609e-07
9.0309e-07
9.05611e-07
9.03114e-07
9.03089e-07
9.03088e-07
9.03114e-07
9.03108e-07
9.03105e-07
9.03105e-07
9.03108e-07
9.03117e-07
9.03104e-07
9.03117e-07
9.03106e-07
9.03099e-07
4.43021e-06
9.03093e-07
4.42968e-06
9.05612e-07
9.0309e-07
9.05612e-07
9.03114e-07
9.03089e-07
9.03088e-07
9.03114e-07
9.03108e-07
9.03106e-07
9.03106e-07
9.03108e-07
9.03099e-07
4.43077e-06
9.03093e-07
4.43005e-06
9.05612e-07
9.0309e-07
9.05612e-07
9.03114e-07
9.03089e-07
9.03088e-07
9.03114e-07
9.03108e-07
9.03106e-07
9.03106e-07
9.03108e-07
9.03099e-07
4.43091e-06
9.03093e-07
4.43028e-06
9.05612e-07
9.03091e-07
9.05612e-07
9.03114e-07
9.03089e-07
9.03089e-07
9.03113e-07
9.03108e-07
9.03106e-07
9.03106e-07
9.03108e-07
9.03099e-07
4.43118e-06
9.03093e-07
4.43129e-06
9.05612e-07
9.03091e-07
9.05611e-07
9.03113e-07
9.03089e-07
9.03089e-07
9.03113e-07
9.03108e-07
9.03105e-07
9.03106e-07
9.03108e-07
9.03099e-07
4.43108e-06
9.03093e-07
4.43142e-06
9.05611e-07
9.03091e-07
9.05611e-07
9.03113e-07
9.03089e-07
9.03089e-07
9.03113e-07
9.03108e-07
9.03105e-07
9.03105e-07
9.03108e-07
9.03099e-07
4.43128e-06
9.03093e-07
4.43161e-06
9.05611e-07
9.03091e-07
9.0561e-07
9.03113e-07
9.03089e-07
9.03089e-07
9.03113e-07
9.03108e-07
9.03105e-07
9.03105e-07
9.03108e-07
9.03091e-07
9.03099e-07
4.43171e-06
9.03093e-07
4.43093e-06
9.0561e-07
9.0561e-07
9.03113e-07
9.03089e-07
9.03089e-07
9.03113e-07
9.03108e-07
9.03105e-07
9.03105e-07
9.03108e-07
9.03089e-07
9.03091e-07
9.03093e-07
9.03091e-07
9.0561e-07
4.43093e-06
9.0561e-07
9.03113e-07
9.03089e-07
9.03113e-07
9.03108e-07
9.03105e-07
9.03105e-07
9.03108e-07
9.03089e-07
9.03088e-07
9.03089e-07
9.03113e-07
9.03089e-07
4.42539e-06
9.0561e-07
9.03113e-07
9.03108e-07
9.03105e-07
9.03105e-07
9.03108e-07
9.03089e-07
9.03088e-07
4.42137e-06
4.42147e-06
9.03108e-07
9.03105e-07
9.03105e-07
9.05613e-07
9.03113e-07
9.03107e-07
9.03088e-07
9.03105e-07
9.03104e-07
9.03103e-07
9.03103e-07
4.4218e-06
4.42213e-06
9.05615e-07
9.05615e-07
9.0311e-07
9.03107e-07
9.03103e-07
9.03103e-07
9.03106e-07
9.03104e-07
9.03104e-07
9.05614e-07
9.05614e-07
9.03109e-07
9.03109e-07
9.03104e-07
9.03104e-07
9.03109e-07
9.03108e-07
)
;
    }
    procBoundary0to3
    {
        type            processor;
        value           nonuniform List<scalar> 
277
(
9.03099e-07
9.03093e-07
9.03093e-07
9.03091e-07
9.03091e-07
9.03099e-07
9.03088e-07
9.03089e-07
9.03088e-07
9.03089e-07
9.03093e-07
9.03091e-07
9.03093e-07
9.03091e-07
9.03099e-07
9.03088e-07
9.03088e-07
9.03089e-07
9.03088e-07
9.03089e-07
9.03093e-07
9.03093e-07
9.03091e-07
9.03091e-07
9.03099e-07
9.03088e-07
9.03103e-07
9.03102e-07
9.03088e-07
9.03089e-07
9.03088e-07
9.03089e-07
9.03088e-07
9.03099e-07
9.03093e-07
9.03093e-07
9.03091e-07
9.03091e-07
9.03099e-07
4.42247e-06
4.42223e-06
9.03103e-07
9.03103e-07
9.03104e-07
9.03104e-07
9.03088e-07
9.03088e-07
9.03089e-07
9.03088e-07
9.03089e-07
9.03088e-07
9.03103e-07
9.03103e-07
9.03099e-07
9.03093e-07
9.03093e-07
9.03091e-07
9.03091e-07
9.03099e-07
4.42242e-06
4.42213e-06
9.05614e-07
9.05614e-07
9.03104e-07
9.03104e-07
9.03108e-07
9.03108e-07
9.03088e-07
9.03103e-07
9.03103e-07
9.03089e-07
9.03088e-07
9.03088e-07
9.03089e-07
9.03088e-07
9.03103e-07
9.03103e-07
9.03104e-07
9.03104e-07
9.03093e-07
9.03093e-07
9.03091e-07
9.0309e-07
9.03099e-07
9.03099e-07
4.42118e-06
4.4217e-06
9.05614e-07
9.05614e-07
9.03108e-07
9.03108e-07
9.03103e-07
9.03103e-07
9.03104e-07
9.03104e-07
9.03089e-07
9.03088e-07
9.03088e-07
9.03089e-07
9.03088e-07
9.03088e-07
9.03103e-07
9.03103e-07
9.03104e-07
9.03104e-07
9.03109e-07
9.03109e-07
9.03099e-07
9.03092e-07
9.03093e-07
9.0309e-07
9.0309e-07
9.03099e-07
4.42089e-06
4.42061e-06
9.05615e-07
9.05614e-07
9.03104e-07
9.03104e-07
9.03109e-07
9.03109e-07
9.03088e-07
9.03088e-07
9.03088e-07
9.03088e-07
9.03088e-07
9.03088e-07
9.03103e-07
9.03103e-07
9.03103e-07
9.03103e-07
9.03104e-07
9.03104e-07
9.03109e-07
9.03109e-07
9.03092e-07
9.03098e-07
9.03091e-07
9.0309e-07
9.03089e-07
9.03099e-07
4.4189e-06
4.41979e-06
9.05615e-07
9.05616e-07
9.03109e-07
9.03109e-07
9.05617e-07
9.05617e-07
9.03087e-07
9.03088e-07
9.03087e-07
9.03088e-07
9.03088e-07
9.03088e-07
9.03103e-07
9.03103e-07
9.03103e-07
9.03103e-07
9.03105e-07
9.03104e-07
9.03104e-07
9.03104e-07
9.03109e-07
9.03109e-07
9.03098e-07
9.03093e-07
9.03091e-07
9.0309e-07
9.03089e-07
9.03097e-07
9.0309e-07
9.03091e-07
9.03087e-07
9.03088e-07
4.41717e-06
4.41865e-06
9.05618e-07
9.05618e-07
9.03088e-07
9.03103e-07
9.03103e-07
9.03088e-07
9.03103e-07
9.03103e-07
9.03105e-07
9.03105e-07
9.03105e-07
9.03105e-07
9.03109e-07
9.03109e-07
9.03109e-07
9.03109e-07
9.05619e-07
9.05619e-07
9.03101e-07
9.03096e-07
9.0309e-07
9.03088e-07
4.41808e-06
4.41827e-06
9.03103e-07
9.03103e-07
9.03105e-07
9.03105e-07
9.03102e-07
9.03103e-07
9.03105e-07
9.03105e-07
9.03109e-07
9.03109e-07
9.03109e-07
9.03109e-07
9.05619e-07
9.05619e-07
9.05619e-07
9.05619e-07
9.03116e-07
9.03102e-07
9.03102e-07
9.03102e-07
4.41785e-06
4.41722e-06
9.03105e-07
9.03105e-07
9.03109e-07
9.03109e-07
9.03104e-07
9.03104e-07
9.03109e-07
9.03109e-07
9.05619e-07
9.05619e-07
9.05618e-07
9.05618e-07
4.41781e-06
4.41809e-06
9.03116e-07
9.03104e-07
9.03104e-07
9.03103e-07
9.03109e-07
9.03109e-07
9.05612e-07
9.05614e-07
9.03108e-07
9.03109e-07
9.05617e-07
9.05616e-07
4.41795e-06
4.41762e-06
4.41897e-06
4.41806e-06
9.03119e-07
9.03107e-07
9.03108e-07
9.03107e-07
9.05608e-07
9.05601e-07
4.42645e-06
4.42363e-06
9.05577e-07
9.05592e-07
4.42022e-06
4.42161e-06
9.05362e-07
9.0552e-07
9.05553e-07
9.05515e-07
4.43111e-06
4.4381e-06
4.46967e-06
4.45041e-06
4.70542e-06
4.82128e-06
4.50152e-06
4.57515e-06
)
;
    }
    procBoundary0to6
    {
        type            processor;
        value           nonuniform List<scalar> 
104
(
9.03108e-07
9.03109e-07
9.03109e-07
9.03109e-07
9.03109e-07
9.03109e-07
9.03109e-07
9.03109e-07
9.03109e-07
9.03109e-07
9.03109e-07
9.03109e-07
9.03109e-07
9.03109e-07
9.03109e-07
9.03109e-07
9.03109e-07
9.03109e-07
9.03109e-07
9.03109e-07
9.03109e-07
9.03109e-07
9.03109e-07
9.03109e-07
9.03109e-07
9.03109e-07
9.03109e-07
9.03109e-07
9.03109e-07
9.03109e-07
9.03109e-07
9.03109e-07
9.03109e-07
9.03109e-07
9.03109e-07
9.03109e-07
9.03109e-07
9.03109e-07
9.03109e-07
9.03109e-07
9.03109e-07
9.03109e-07
9.03109e-07
9.03109e-07
9.03109e-07
9.03109e-07
9.03109e-07
9.03109e-07
9.03109e-07
9.03109e-07
9.03109e-07
9.03109e-07
9.03109e-07
9.03109e-07
9.03109e-07
9.03142e-07
9.03142e-07
9.03109e-07
9.03142e-07
9.03142e-07
9.03143e-07
9.03144e-07
9.03144e-07
9.03143e-07
9.03144e-07
9.03144e-07
9.03142e-07
9.03141e-07
9.03144e-07
9.03143e-07
9.03143e-07
9.03148e-07
9.03143e-07
9.03148e-07
9.03144e-07
9.03144e-07
9.03144e-07
9.03143e-07
9.03143e-07
9.03141e-07
3.14349e-06
9.05572e-07
3.14349e-06
9.05558e-07
9.03143e-07
9.03143e-07
9.03148e-07
9.03148e-07
9.03143e-07
9.03143e-07
9.03142e-07
9.03141e-07
3.1435e-06
9.05572e-07
3.1435e-06
9.05558e-07
9.03143e-07
9.03142e-07
9.03148e-07
9.03146e-07
3.14351e-06
3.14352e-06
9.05573e-07
9.05556e-07
)
;
    }
    procBoundary0to7
    {
        type            processor;
        value           nonuniform List<scalar> 
1560
(
9.03111e-07
9.03111e-07
9.03111e-07
9.03109e-07
9.03141e-07
9.03141e-07
9.03141e-07
9.03111e-07
9.03146e-07
9.03146e-07
9.05616e-07
9.03109e-07
9.03109e-07
9.03142e-07
9.03143e-07
9.03111e-07
9.03142e-07
9.05595e-07
9.05595e-07
9.03147e-07
3.18608e-06
9.03109e-07
9.03109e-07
9.03109e-07
9.03143e-07
9.03143e-07
9.03111e-07
9.03142e-07
9.03142e-07
9.03147e-07
9.03144e-07
9.03144e-07
9.03148e-07
3.19415e-06
3.19415e-06
9.05588e-07
9.03109e-07
9.03109e-07
9.03109e-07
9.03109e-07
9.03096e-07
9.03143e-07
9.03143e-07
9.03144e-07
9.03144e-07
9.03144e-07
9.03144e-07
9.03148e-07
9.03148e-07
9.05588e-07
9.05585e-07
3.20206e-06
9.03109e-07
9.03109e-07
9.03109e-07
9.03109e-07
9.0311e-07
9.03138e-07
9.03142e-07
9.03144e-07
9.03144e-07
9.03144e-07
9.03144e-07
9.03148e-07
9.03148e-07
9.05585e-07
9.05591e-07
3.20206e-06
3.20202e-06
9.03109e-07
9.03109e-07
9.03109e-07
9.03109e-07
9.0311e-07
9.03143e-07
9.03144e-07
9.03144e-07
9.03144e-07
9.03149e-07
9.03144e-07
9.03144e-07
9.03149e-07
9.05591e-07
9.05584e-07
3.20203e-06
3.20201e-06
9.03109e-07
9.03109e-07
9.03109e-07
9.03109e-07
9.0311e-07
9.03144e-07
9.03144e-07
9.03145e-07
9.03145e-07
9.03145e-07
9.0315e-07
9.03146e-07
9.0315e-07
9.05571e-07
9.05583e-07
3.20203e-06
3.20039e-06
9.03109e-07
9.03109e-07
9.03109e-07
9.03109e-07
9.0311e-07
9.03144e-07
9.03144e-07
9.03145e-07
9.03145e-07
9.03145e-07
9.03145e-07
9.03146e-07
9.03146e-07
3.17767e-06
9.05574e-07
3.16409e-06
9.05568e-07
9.03148e-07
9.03147e-07
9.03153e-07
9.03151e-07
3.18008e-06
3.18765e-06
9.03109e-07
9.03109e-07
9.03109e-07
9.03109e-07
9.0311e-07
9.03144e-07
9.03144e-07
9.03145e-07
9.03145e-07
9.03145e-07
9.03145e-07
9.03146e-07
9.03146e-07
9.03148e-07
9.03147e-07
9.03148e-07
9.03147e-07
3.14464e-06
3.14774e-06
9.05578e-07
9.05588e-07
9.0315e-07
9.03155e-07
9.03153e-07
9.03158e-07
9.03109e-07
9.03109e-07
9.03109e-07
9.03109e-07
9.0311e-07
9.03144e-07
9.03144e-07
9.03145e-07
9.03145e-07
9.03145e-07
9.03146e-07
9.03145e-07
9.03146e-07
9.03148e-07
9.03147e-07
9.03148e-07
9.03147e-07
9.0315e-07
9.0315e-07
9.03153e-07
9.03153e-07
3.14398e-06
3.14393e-06
9.05617e-07
9.05603e-07
9.03164e-07
9.03169e-07
9.03158e-07
9.03163e-07
9.03109e-07
9.03109e-07
9.03109e-07
9.03109e-07
9.0311e-07
9.03144e-07
9.03144e-07
9.03145e-07
9.03145e-07
9.03145e-07
9.03145e-07
9.03146e-07
9.03146e-07
9.03147e-07
9.03147e-07
9.03148e-07
9.03148e-07
9.0315e-07
9.03153e-07
9.0315e-07
9.03153e-07
9.03164e-07
9.03164e-07
9.03158e-07
9.03158e-07
3.14404e-06
3.1439e-06
9.05643e-07
9.05645e-07
9.03176e-07
9.03181e-07
9.03194e-07
9.03199e-07
9.03109e-07
9.03109e-07
9.03109e-07
9.03109e-07
9.0311e-07
9.03144e-07
9.03144e-07
9.03145e-07
9.03145e-07
9.03145e-07
9.03145e-07
9.03146e-07
9.03146e-07
9.03148e-07
9.03148e-07
9.03147e-07
9.03147e-07
9.0315e-07
9.03153e-07
9.0315e-07
9.03153e-07
9.03164e-07
9.03157e-07
9.03164e-07
9.03157e-07
9.03176e-07
9.03175e-07
9.03193e-07
9.03193e-07
3.14439e-06
3.14503e-06
9.05698e-07
9.05727e-07
9.03281e-07
9.03288e-07
9.03224e-07
9.03231e-07
9.03109e-07
9.03109e-07
9.03109e-07
9.03109e-07
9.0311e-07
9.03144e-07
9.03144e-07
9.03145e-07
9.03145e-07
9.03145e-07
9.03145e-07
9.03146e-07
9.03146e-07
9.03148e-07
9.03147e-07
9.03148e-07
9.03147e-07
9.0315e-07
9.0315e-07
9.03153e-07
9.03153e-07
9.03164e-07
9.03157e-07
9.03164e-07
9.03157e-07
9.03175e-07
9.03192e-07
9.03175e-07
9.03192e-07
9.03279e-07
9.03278e-07
9.03224e-07
9.03223e-07
3.14688e-06
3.14587e-06
9.0594e-07
9.05822e-07
9.03382e-07
9.03652e-07
9.03392e-07
9.03661e-07
9.03109e-07
9.03109e-07
9.03109e-07
9.03109e-07
9.0311e-07
9.03144e-07
9.03144e-07
9.03145e-07
9.03145e-07
9.03145e-07
9.03146e-07
9.03145e-07
9.03146e-07
9.03148e-07
9.03147e-07
9.03148e-07
9.03147e-07
9.0315e-07
9.03153e-07
9.0315e-07
9.03153e-07
9.03163e-07
9.03164e-07
9.03157e-07
9.03157e-07
9.03175e-07
9.03192e-07
9.03174e-07
9.03191e-07
9.03276e-07
9.03222e-07
9.03276e-07
9.03222e-07
9.03379e-07
9.03647e-07
9.03377e-07
9.03644e-07
3.14714e-06
3.14246e-06
9.06164e-07
9.06625e-07
9.0827e-07
9.08373e-07
9.04065e-07
9.04085e-07
9.03109e-07
9.03109e-07
9.03109e-07
9.03109e-07
9.0311e-07
9.03144e-07
9.03144e-07
9.03145e-07
9.03145e-07
9.03145e-07
9.03145e-07
9.03146e-07
9.03146e-07
9.03148e-07
9.03147e-07
9.03148e-07
9.03147e-07
9.0315e-07
9.03153e-07
9.0315e-07
9.03153e-07
9.03163e-07
9.03163e-07
9.03157e-07
9.03157e-07
9.03174e-07
9.03174e-07
9.03191e-07
9.03191e-07
9.03221e-07
9.03221e-07
9.03275e-07
9.03274e-07
9.03373e-07
9.03636e-07
9.03374e-07
9.03639e-07
9.08141e-07
9.08073e-07
9.04048e-07
9.04038e-07
3.04e-06
9.11797e-07
3.11994e-06
9.07141e-07
9.44073e-07
9.43957e-07
2.85798e-06
2.76367e-06
9.03109e-07
9.03109e-07
9.03109e-07
9.03109e-07
9.0311e-07
9.03144e-07
9.03143e-07
9.03145e-07
9.03145e-07
9.03145e-07
9.03145e-07
9.03146e-07
9.03146e-07
9.03148e-07
9.03148e-07
9.03147e-07
9.03147e-07
9.0315e-07
9.03153e-07
9.0315e-07
9.03153e-07
9.03163e-07
9.03163e-07
9.03157e-07
9.03157e-07
9.03174e-07
9.03174e-07
9.03191e-07
9.03191e-07
9.03273e-07
9.03274e-07
9.0322e-07
9.03221e-07
9.03372e-07
9.03634e-07
9.03371e-07
9.03633e-07
9.08003e-07
9.08029e-07
9.04019e-07
9.04027e-07
9.43562e-07
2.88478e-06
9.43242e-07
2.89109e-06
2.85621e-06
9.45661e-07
2.30643e-06
2.51473e-06
9.03109e-07
9.03109e-07
9.03109e-07
9.03109e-07
9.03109e-07
9.0311e-07
9.03143e-07
9.03144e-07
9.03145e-07
9.03145e-07
9.03146e-07
9.03145e-07
9.03145e-07
9.03146e-07
9.03148e-07
9.03148e-07
9.03147e-07
9.03147e-07
9.0315e-07
9.03153e-07
9.0315e-07
9.03153e-07
9.03163e-07
9.03163e-07
9.03157e-07
9.03157e-07
9.03174e-07
9.03191e-07
9.03174e-07
9.03191e-07
9.03273e-07
9.03273e-07
9.0322e-07
9.0322e-07
9.0337e-07
9.03631e-07
9.0337e-07
9.03632e-07
9.07992e-07
9.07986e-07
9.04014e-07
9.04012e-07
9.42949e-07
9.4305e-07
2.89179e-06
2.89194e-06
9.03109e-07
9.03109e-07
9.03109e-07
9.03109e-07
9.03109e-07
9.03109e-07
9.03143e-07
9.03143e-07
9.03145e-07
9.03145e-07
9.03146e-07
9.03145e-07
9.03145e-07
9.03146e-07
9.03148e-07
9.03147e-07
9.03148e-07
9.03147e-07
9.0315e-07
9.03152e-07
9.0315e-07
9.03152e-07
9.03163e-07
9.03163e-07
9.03157e-07
9.03157e-07
9.03174e-07
9.03191e-07
9.03174e-07
9.03191e-07
9.03273e-07
9.0322e-07
9.03273e-07
9.0322e-07
9.03369e-07
9.0363e-07
9.03369e-07
9.03629e-07
9.07989e-07
9.07988e-07
9.04012e-07
9.04013e-07
9.4289e-07
9.42851e-07
2.89152e-06
2.89133e-06
9.03109e-07
9.03109e-07
9.03109e-07
9.03109e-07
9.03109e-07
9.03109e-07
9.03143e-07
9.03143e-07
9.03145e-07
9.03144e-07
9.03145e-07
9.03145e-07
9.03146e-07
9.03146e-07
9.03148e-07
9.03148e-07
9.03147e-07
9.03147e-07
9.0315e-07
9.03152e-07
9.0315e-07
9.03152e-07
9.03163e-07
9.03163e-07
9.03157e-07
9.03157e-07
9.03174e-07
9.03174e-07
9.0319e-07
9.0319e-07
9.03273e-07
9.0322e-07
9.03272e-07
9.0322e-07
9.03368e-07
9.03626e-07
9.03368e-07
9.03627e-07
9.07983e-07
9.07976e-07
9.04005e-07
9.03998e-07
9.42809e-07
9.42818e-07
2.8917e-06
2.89132e-06
9.03109e-07
9.03109e-07
9.03109e-07
9.03109e-07
9.03109e-07
9.0311e-07
9.03143e-07
9.03143e-07
9.03144e-07
9.03144e-07
9.03145e-07
9.03144e-07
9.03146e-07
9.03146e-07
9.03148e-07
9.03148e-07
9.03147e-07
9.03147e-07
9.0315e-07
9.0315e-07
9.03152e-07
9.03152e-07
9.03163e-07
9.03163e-07
9.03157e-07
9.03157e-07
9.03174e-07
9.03174e-07
9.0319e-07
9.0319e-07
9.03272e-07
9.03272e-07
9.0322e-07
9.0322e-07
9.03368e-07
9.03626e-07
9.03367e-07
9.03625e-07
9.07976e-07
9.07977e-07
9.03989e-07
9.03994e-07
9.42842e-07
9.42889e-07
2.89286e-06
2.89433e-06
9.03109e-07
9.03109e-07
9.03109e-07
9.03109e-07
9.03109e-07
9.0311e-07
9.03143e-07
9.03143e-07
9.03144e-07
9.03144e-07
9.03144e-07
9.03146e-07
9.03144e-07
9.03146e-07
9.03148e-07
9.03148e-07
9.03147e-07
9.03147e-07
9.03152e-07
9.0315e-07
9.0315e-07
9.03152e-07
9.03163e-07
9.03163e-07
9.03157e-07
9.03157e-07
9.03174e-07
9.0319e-07
9.03174e-07
9.0319e-07
9.03272e-07
9.03272e-07
9.03219e-07
9.03219e-07
9.03367e-07
9.03625e-07
9.03367e-07
9.03625e-07
9.07972e-07
9.07974e-07
9.03985e-07
9.03984e-07
9.42952e-07
9.42921e-07
2.8969e-06
2.8957e-06
9.03109e-07
9.03109e-07
9.03109e-07
9.03109e-07
9.03109e-07
9.0311e-07
9.03143e-07
9.03144e-07
9.03145e-07
9.03144e-07
9.03144e-07
9.03146e-07
9.03144e-07
9.03146e-07
9.03148e-07
9.03147e-07
9.03148e-07
9.03147e-07
9.03152e-07
9.0315e-07
9.0315e-07
9.03152e-07
9.03163e-07
9.03157e-07
9.03163e-07
9.03157e-07
9.03173e-07
9.0319e-07
9.03174e-07
9.0319e-07
9.0322e-07
9.0322e-07
9.03272e-07
9.03272e-07
9.03367e-07
9.03625e-07
9.03367e-07
9.03625e-07
9.0798e-07
9.07978e-07
9.03988e-07
9.03987e-07
9.42989e-07
9.42995e-07
2.89787e-06
2.89828e-06
9.03109e-07
9.03109e-07
9.03109e-07
9.03109e-07
9.03109e-07
9.0311e-07
9.03144e-07
9.03144e-07
9.03145e-07
9.03145e-07
9.03145e-07
9.03144e-07
9.03146e-07
9.03146e-07
9.03148e-07
9.03147e-07
9.03148e-07
9.03147e-07
9.0315e-07
9.03152e-07
9.0315e-07
9.03152e-07
9.03163e-07
9.03157e-07
9.03163e-07
9.03157e-07
9.0319e-07
9.03173e-07
9.03174e-07
9.0319e-07
9.03272e-07
9.03219e-07
9.03272e-07
9.03219e-07
9.03367e-07
9.03624e-07
9.03367e-07
9.03624e-07
9.0798e-07
9.07981e-07
9.03988e-07
9.03986e-07
9.42979e-07
9.42983e-07
2.89827e-06
2.8983e-06
9.03109e-07
9.03109e-07
9.03109e-07
9.03109e-07
9.03109e-07
9.0311e-07
9.03144e-07
9.03144e-07
9.03145e-07
9.03145e-07
9.03145e-07
9.03145e-07
9.03146e-07
9.03146e-07
9.03148e-07
9.03148e-07
9.03147e-07
9.03147e-07
9.0315e-07
9.03152e-07
9.0315e-07
9.03152e-07
9.03163e-07
9.03163e-07
9.03157e-07
9.03157e-07
9.0319e-07
9.03173e-07
9.03173e-07
9.0319e-07
9.03272e-07
9.03219e-07
9.03272e-07
9.03219e-07
9.03367e-07
9.03624e-07
9.03366e-07
9.03623e-07
9.07978e-07
9.0798e-07
9.03982e-07
9.03984e-07
9.42986e-07
9.42998e-07
2.89841e-06
2.89871e-06
9.03109e-07
9.03109e-07
9.03109e-07
9.03109e-07
9.03109e-07
9.0311e-07
9.03144e-07
9.03144e-07
9.03145e-07
9.03145e-07
9.03145e-07
9.03146e-07
9.03145e-07
9.03146e-07
9.03148e-07
9.03148e-07
9.03147e-07
9.03147e-07
9.0315e-07
9.03152e-07
9.0315e-07
9.03152e-07
9.03163e-07
9.03163e-07
9.03157e-07
9.03157e-07
9.03174e-07
9.03173e-07
9.0319e-07
9.0319e-07
9.03272e-07
9.03219e-07
9.03272e-07
9.03219e-07
9.03623e-07
9.03366e-07
9.03366e-07
9.03623e-07
9.0798e-07
9.07982e-07
9.03982e-07
9.03982e-07
9.43038e-07
9.43018e-07
2.89963e-06
2.89917e-06
9.03109e-07
9.03109e-07
9.03109e-07
9.03109e-07
9.03109e-07
9.0311e-07
9.03144e-07
9.03144e-07
9.03145e-07
9.03145e-07
9.03145e-07
9.03146e-07
9.03145e-07
9.03146e-07
9.03148e-07
9.03147e-07
9.03148e-07
9.03147e-07
9.0315e-07
9.03152e-07
9.0315e-07
9.03152e-07
9.03163e-07
9.03163e-07
9.03157e-07
9.03157e-07
9.03173e-07
9.0319e-07
9.03173e-07
9.0319e-07
9.03219e-07
9.03219e-07
9.03272e-07
9.03272e-07
9.03622e-07
9.03366e-07
9.03366e-07
9.03623e-07
9.0798e-07
9.0398e-07
9.07981e-07
9.03981e-07
9.43043e-07
9.43044e-07
2.89993e-06
2.90018e-06
9.03109e-07
9.03109e-07
9.03109e-07
9.03109e-07
9.03109e-07
9.0311e-07
9.03144e-07
9.03144e-07
9.03145e-07
9.03145e-07
9.03145e-07
9.03145e-07
9.03146e-07
9.03146e-07
9.03148e-07
9.03147e-07
9.03148e-07
9.03147e-07
9.0315e-07
9.03152e-07
9.0315e-07
9.03152e-07
9.03163e-07
9.03163e-07
9.03157e-07
9.03157e-07
9.03174e-07
9.03174e-07
9.0319e-07
9.0319e-07
9.03219e-07
9.03219e-07
9.03272e-07
9.03272e-07
9.03366e-07
9.03622e-07
9.03366e-07
9.03623e-07
9.07983e-07
9.03979e-07
9.07979e-07
9.03976e-07
2.90093e-06
9.4307e-07
9.43058e-07
2.9005e-06
9.03109e-07
9.03109e-07
9.03142e-07
9.03142e-07
9.03109e-07
9.03109e-07
9.0311e-07
9.03144e-07
9.03144e-07
9.03145e-07
9.03145e-07
9.03145e-07
9.03145e-07
9.03146e-07
9.03146e-07
9.03148e-07
9.03148e-07
9.03147e-07
9.03147e-07
9.0315e-07
9.03152e-07
9.0315e-07
9.03152e-07
9.03163e-07
9.03163e-07
9.03157e-07
9.03157e-07
9.03173e-07
9.03174e-07
9.0319e-07
9.0319e-07
9.03272e-07
9.03272e-07
9.03219e-07
9.03219e-07
9.03366e-07
9.03623e-07
9.03366e-07
9.03622e-07
9.07983e-07
9.07979e-07
9.03979e-07
9.03976e-07
2.90127e-06
9.43077e-07
9.43094e-07
2.9016e-06
9.03109e-07
9.03109e-07
9.03142e-07
9.03142e-07
9.03143e-07
9.03143e-07
9.03109e-07
9.0311e-07
9.03144e-07
9.03144e-07
9.03145e-07
9.03145e-07
9.03145e-07
9.03146e-07
9.03145e-07
9.03146e-07
9.03148e-07
9.03148e-07
9.03147e-07
9.03147e-07
9.0315e-07
9.03153e-07
9.0315e-07
9.03152e-07
9.03163e-07
9.03163e-07
9.03157e-07
9.03157e-07
9.03174e-07
9.0319e-07
9.03173e-07
9.0319e-07
9.03272e-07
9.03272e-07
9.03219e-07
9.03219e-07
9.03366e-07
9.03366e-07
9.03622e-07
9.03622e-07
9.07984e-07
9.07982e-07
9.0398e-07
9.03979e-07
9.4308e-07
9.43098e-07
2.90154e-06
2.90167e-06
9.03144e-07
9.03143e-07
9.03143e-07
9.03143e-07
9.03109e-07
9.03142e-07
9.03143e-07
9.03109e-07
9.03144e-07
9.03144e-07
9.0311e-07
9.03144e-07
9.03144e-07
9.03145e-07
9.03145e-07
9.03145e-07
9.03145e-07
9.03146e-07
9.03146e-07
9.03148e-07
9.03147e-07
9.03148e-07
9.03147e-07
9.0315e-07
9.03152e-07
9.0315e-07
9.03153e-07
9.03163e-07
9.03163e-07
9.03157e-07
9.03157e-07
9.03174e-07
9.0319e-07
9.03174e-07
9.0319e-07
9.0322e-07
9.0322e-07
9.03272e-07
9.03272e-07
9.03367e-07
9.03623e-07
9.03367e-07
9.03624e-07
9.07976e-07
9.07977e-07
9.03975e-07
9.03975e-07
9.43072e-07
9.4308e-07
2.90144e-06
2.90178e-06
9.03143e-07
9.03148e-07
9.03143e-07
9.03147e-07
9.03144e-07
9.03144e-07
9.03144e-07
9.03144e-07
9.0311e-07
9.0311e-07
9.03143e-07
9.03143e-07
9.03144e-07
9.03144e-07
9.03144e-07
9.03144e-07
9.03145e-07
9.03145e-07
9.03145e-07
9.03145e-07
9.03146e-07
9.03146e-07
9.03148e-07
9.03147e-07
9.03148e-07
9.03147e-07
9.0315e-07
9.03153e-07
9.0315e-07
9.03153e-07
9.03163e-07
9.03163e-07
9.03157e-07
9.03157e-07
9.03174e-07
9.03174e-07
9.03191e-07
9.0319e-07
9.0322e-07
9.0322e-07
9.03272e-07
9.03272e-07
9.03367e-07
9.03626e-07
9.03367e-07
9.03625e-07
9.07979e-07
9.07982e-07
9.03978e-07
9.03983e-07
9.43105e-07
9.43105e-07
2.90186e-06
2.90205e-06
3.14353e-06
9.05557e-07
3.14353e-06
9.05573e-07
9.03143e-07
9.03148e-07
9.03143e-07
9.03148e-07
9.03144e-07
9.03144e-07
9.03144e-07
9.03144e-07
9.03144e-07
9.03143e-07
9.03144e-07
9.03143e-07
9.03144e-07
9.03144e-07
9.03145e-07
9.03145e-07
9.03145e-07
9.03145e-07
9.03146e-07
9.03146e-07
9.03148e-07
9.03147e-07
9.03148e-07
9.03147e-07
9.0315e-07
9.03153e-07
9.0315e-07
9.03153e-07
9.03163e-07
9.03163e-07
9.03157e-07
9.03157e-07
9.03174e-07
9.03174e-07
9.0319e-07
9.03191e-07
9.03272e-07
9.03272e-07
9.0322e-07
9.0322e-07
9.03368e-07
9.03626e-07
9.03368e-07
9.03627e-07
9.07984e-07
9.07985e-07
9.03991e-07
9.03988e-07
9.43075e-07
9.43032e-07
2.90094e-06
2.89961e-06
3.14342e-06
3.14339e-06
9.05574e-07
9.05557e-07
9.03144e-07
9.03148e-07
9.03144e-07
9.03148e-07
9.03144e-07
9.03144e-07
9.03144e-07
9.03144e-07
9.03145e-07
9.03144e-07
9.03145e-07
9.03144e-07
9.03145e-07
9.03146e-07
9.03145e-07
9.03146e-07
9.03148e-07
9.03148e-07
9.03147e-07
9.03147e-07
9.0315e-07
9.03153e-07
9.0315e-07
9.03153e-07
9.03163e-07
9.03163e-07
9.03157e-07
9.03157e-07
9.03174e-07
9.03191e-07
9.03174e-07
9.03191e-07
9.03273e-07
9.03273e-07
9.0322e-07
9.0322e-07
9.03368e-07
9.03628e-07
9.03368e-07
9.03627e-07
9.07983e-07
9.07979e-07
9.03991e-07
9.03991e-07
9.42968e-07
9.42989e-07
2.89747e-06
2.89829e-06
3.14352e-06
9.05578e-07
3.14353e-06
9.05558e-07
9.03144e-07
9.03144e-07
9.03148e-07
9.03148e-07
9.03145e-07
9.03144e-07
9.03145e-07
9.03144e-07
9.03145e-07
9.03146e-07
9.03145e-07
9.03146e-07
9.03147e-07
9.03147e-07
9.03148e-07
9.03148e-07
9.0315e-07
9.0315e-07
9.03153e-07
9.03153e-07
9.03163e-07
9.03163e-07
9.03157e-07
9.03157e-07
9.03174e-07
9.03191e-07
9.03174e-07
9.03191e-07
9.0322e-07
9.0322e-07
9.03273e-07
9.03273e-07
9.03368e-07
9.03628e-07
9.03368e-07
9.03628e-07
9.07985e-07
9.0798e-07
9.03998e-07
9.03994e-07
9.42958e-07
9.42958e-07
2.89696e-06
2.89665e-06
3.14358e-06
3.14359e-06
9.05581e-07
9.05558e-07
9.03145e-07
9.03149e-07
9.03144e-07
9.03149e-07
9.03145e-07
9.03145e-07
9.03146e-07
9.03146e-07
9.03147e-07
9.03147e-07
9.03148e-07
9.03148e-07
9.0315e-07
9.03153e-07
9.0315e-07
9.03153e-07
9.03163e-07
9.03164e-07
9.03157e-07
9.03157e-07
9.03174e-07
9.03174e-07
9.03191e-07
9.03191e-07
9.0322e-07
9.0322e-07
9.03273e-07
9.03273e-07
9.03369e-07
9.03629e-07
9.03369e-07
9.03629e-07
9.07985e-07
9.07982e-07
9.04e-07
9.03999e-07
9.429e-07
9.42936e-07
2.8952e-06
2.89599e-06
3.14361e-06
9.05559e-07
3.1436e-06
9.05585e-07
9.03145e-07
9.0315e-07
9.03146e-07
9.0315e-07
9.03148e-07
9.03148e-07
9.03147e-07
9.03147e-07
9.0315e-07
9.03153e-07
9.0315e-07
9.03153e-07
9.03164e-07
9.03157e-07
9.03163e-07
9.03157e-07
9.03174e-07
9.03174e-07
9.03191e-07
9.03191e-07
9.03273e-07
9.03273e-07
9.0322e-07
9.0322e-07
9.03369e-07
9.03629e-07
9.03369e-07
9.03629e-07
9.07983e-07
9.07979e-07
9.04003e-07
9.03999e-07
9.42888e-07
9.4289e-07
2.89472e-06
2.89442e-06
3.14366e-06
9.05591e-07
3.14361e-06
9.05566e-07
9.03148e-07
9.03147e-07
9.03153e-07
9.03151e-07
9.0315e-07
9.0315e-07
9.03153e-07
9.03153e-07
9.03164e-07
9.03157e-07
9.03164e-07
9.03157e-07
9.03174e-07
9.03191e-07
9.03174e-07
9.03191e-07
9.03273e-07
9.03273e-07
9.0322e-07
9.0322e-07
9.03369e-07
9.03628e-07
9.03369e-07
9.03629e-07
9.07989e-07
9.07984e-07
9.04007e-07
9.04004e-07
9.42861e-07
2.89357e-06
9.42885e-07
2.89406e-06
3.14371e-06
9.056e-07
3.14373e-06
9.05579e-07
9.0315e-07
9.03153e-07
9.03155e-07
9.03158e-07
9.03164e-07
9.03164e-07
9.03158e-07
9.03157e-07
9.03175e-07
9.03192e-07
9.03175e-07
9.03192e-07
9.03221e-07
9.03221e-07
9.03274e-07
9.03274e-07
9.03369e-07
9.03628e-07
9.03369e-07
9.03628e-07
9.07975e-07
9.07975e-07
9.03997e-07
9.03998e-07
2.89327e-06
2.89365e-06
9.42835e-07
9.42857e-07
3.14373e-06
3.14387e-06
9.05616e-07
9.05602e-07
9.03164e-07
9.03169e-07
9.03158e-07
9.03163e-07
9.03175e-07
9.03175e-07
9.03193e-07
9.03192e-07
9.03221e-07
9.03222e-07
9.03275e-07
9.03275e-07
9.0337e-07
9.03629e-07
9.03369e-07
9.03628e-07
9.07982e-07
9.07987e-07
9.04e-07
9.04e-07
9.42913e-07
2.89424e-06
9.42895e-07
2.89464e-06
3.14454e-06
9.05647e-07
3.14405e-06
9.05646e-07
9.03175e-07
9.03181e-07
9.03193e-07
9.03199e-07
9.03278e-07
9.03277e-07
9.03223e-07
9.03222e-07
9.03371e-07
9.03631e-07
9.03372e-07
9.03634e-07
9.07978e-07
9.07982e-07
9.03988e-07
9.03994e-07
9.42904e-07
9.42924e-07
2.89478e-06
2.89531e-06
3.14566e-06
9.05707e-07
3.14931e-06
9.05751e-07
9.03279e-07
9.03224e-07
9.03286e-07
9.03231e-07
9.03378e-07
9.03375e-07
9.03644e-07
9.03639e-07
9.07989e-07
9.03992e-07
9.08021e-07
9.04006e-07
9.43092e-07
9.42999e-07
2.89776e-06
2.89651e-06
3.16629e-06
9.05871e-07
3.18056e-06
9.05989e-07
9.03382e-07
9.03651e-07
9.03393e-07
9.03659e-07
9.08135e-07
9.0807e-07
9.04034e-07
9.04022e-07
9.43159e-07
9.43222e-07
2.89821e-06
2.89768e-06
3.1828e-06
9.06162e-07
9.08273e-07
9.08392e-07
9.04057e-07
9.04085e-07
9.06444e-07
9.43687e-07
9.43379e-07
2.88822e-06
2.89572e-06
3.18347e-06
9.4418e-07
9.44025e-07
2.85995e-06
2.76448e-06
9.11525e-07
9.0706e-07
3.16004e-06
9.45699e-07
2.5151e-06
2.88328e-06
2.28136e-06
3.07258e-06
)
;
    }
}


// ************************************************************************* //
