/*--------------------------------*- C++ -*----------------------------------*\
  =========                 |
  \\      /  F ield         | OpenFOAM: The Open Source CFD Toolbox
   \\    /   O peration     | Website:  https://openfoam.org
    \\  /    A nd           | Version:  12
     \\/     M anipulation  |
\*---------------------------------------------------------------------------*/
FoamFile
{
    format      ascii;
    class       volScalarField;
    location    "300";
    object      T;
}
// * * * * * * * * * * * * * * * * * * * * * * * * * * * * * * * * * * * * * //

dimensions      [0 0 0 1 0 0 0];

internalField   nonuniform List<scalar> 
14427
(
289.514
289.605
289.761
289.293
289.596
289.232
289.581
289.466
289.95
289.047
289.611
289.172
289.49
288.93
288.921
289.801
289.122
289.393
289.979
288.835
289.642
289.46
289.172
288.746
288.862
289.725
288.532
288.96
288.686
289.979
288.863
289.037
289.277
289.578
289.689
289.458
289.2
288.692
289.682
288.875
288.346
288.798
288.63
289.984
288.265
288.49
288.903
289.508
288.782
288.949
289.163
289.43
289.754
289.256
289.479
288.688
289.644
288.919
288.309
288.738
289.954
288.663
288.328
288.109
288.852
289.558
288.2
288.442
288.757
289.308
288.713
288.874
289.077
289.349
289.338
289.519
289.834
288.719
288.997
289.619
288.335
288.711
289.918
288.731
288.289
288.093
288.93
289.697
288.077
288.332
288.676
289.315
288.176
288.383
288.659
289.22
288.658
288.811
289.013
289.284
288.776
289.443
289.107
289.577
289.605
289.93
288.403
288.709
288.835
289.881
288.149
288.3
288.968
289.816
288.074
288.333
288.763
289.404
288.109
288.313
288.576
289.22
288.168
288.342
288.598
289.148
288.476
288.608
288.758
288.958
289.236
288.855
288.501
288.727
289.572
289.247
288.976
289.651
289.606
289.85
290.041
288.254
288.345
288.976
289.897
288.122
288.387
288.888
289.528
288.13
288.341
288.616
289.291
288.149
288.302
288.526
289.149
288.036
288.166
288.314
288.553
289.101
288.299
288.432
288.562
288.711
288.912
289.199
288.955
288.63
288.766
288.398
288.416
288.97
289.723
289.417
289.152
289.741
289.627
289.831
289.947
290.167
288.208
288.448
288.997
289.663
288.183
288.421
288.712
289.393
288.192
288.343
288.555
289.216
288.078
288.187
288.303
288.496
289.107
287.942
288.061
288.164
288.292
288.519
289.068
288.125
288.26
288.388
288.52
288.67
288.88
289.183
289.075
288.789
288.829
288.586
288.514
288.959
288.329
288.507
289.077
289.902
289.619
289.357
289.846
289.672
289.826
289.974
289.793
290.307
288.263
288.512
288.839
289.506
288.254
288.414
288.623
289.311
288.16
288.25
288.355
288.53
289.175
288.042
288.143
288.22
288.308
288.48
289.078
287.843
287.979
288.075
288.158
288.274
288.498
289.053
287.943
288.089
288.219
288.346
288.48
288.64
288.867
289.181
289.213
288.974
288.916
288.639
288.808
288.957
288.489
288.573
289.126
288.366
288.598
288.969
290.103
289.876
289.963
289.74
289.835
289.989
289.907
289.626
290.458
288.338
288.509
288.723
289.423
288.246
288.316
288.422
288.592
289.27
288.176
288.246
288.304
288.376
288.523
289.148
287.999
288.119
288.191
288.247
288.316
288.472
289.065
287.715
287.88
287.994
288.077
288.15
288.264
288.489
289.05
287.745
287.905
288.047
288.178
288.306
288.452
288.629
288.866
289.188
289.364
289.179
289.025
288.791
288.976
288.682
288.653
289.153
288.492
288.676
289.085
288.437
288.61
288.842
290.158
290.314
289.829
290.091
289.855
289.999
289.997
289.752
289.535
290.617
288.348
288.398
288.506
288.672
289.378
288.305
288.335
288.376
288.446
288.589
289.244
288.188
288.274
288.316
288.354
288.402
288.526
289.138
287.919
288.078
288.169
288.225
288.269
288.326
288.473
289.063
287.547
287.746
287.889
287.992
288.073
288.147
288.262
288.489
289.055
287.528
287.702
287.859
288.002
288.136
288.279
288.442
288.63
288.873
289.203
289.395
289.155
289.524
288.964
289.03
288.899
288.756
289.169
288.645
288.751
289.179
288.548
288.708
288.968
288.475
288.493
288.601
288.772
290.44
290.529
289.935
289.895
290.227
290.014
290.064
289.88
289.651
289.492
290.783
288.446
288.427
288.452
288.52
288.666
289.352
288.361
288.403
288.413
288.436
288.479
288.598
289.235
288.148
288.287
288.346
288.375
288.398
288.428
288.534
289.136
287.778
287.989
288.118
288.197
288.249
288.287
288.339
288.478
289.067
287.336
287.567
287.745
287.877
287.981
288.069
288.148
288.266
288.494
289.067
287.299
287.479
287.651
287.81
287.958
288.109
288.27
288.444
288.639
288.889
289.223
289.154
289.616
289.303
289.116
289.695
289.134
288.886
289.189
288.821
288.83
289.251
288.672
288.801
289.09
288.625
288.597
288.701
288.885
288.606
288.537
288.54
288.606
288.754
290.713
290.751
290.055
289.959
290.039
290.372
290.114
289.999
289.773
289.606
289.469
290.952
288.529
288.526
288.5
288.509
288.553
288.678
289.345
288.344
288.457
288.482
288.485
288.494
288.516
288.613
289.234
288.02
288.238
288.348
288.399
288.424
288.438
288.453
288.546
289.141
287.568
287.83
288.015
288.135
288.214
288.268
288.305
288.352
288.487
289.077
287.087
287.339
287.552
287.722
287.857
287.972
288.07
288.154
288.274
288.506
289.085
287.066
287.24
287.421
287.598
287.763
287.931
288.102
288.273
288.455
288.656
288.912
289.252
289.372
289.358
289.043
289.851
289.466
289.233
289.222
289.883
289.015
288.923
289.306
288.809
288.89
289.204
288.788
288.709
288.802
289.003
288.778
288.661
288.636
288.7
288.856
288.697
288.656
288.597
288.59
288.632
288.764
290.985
290.965
290.189
290.05
290.08
290.155
290.526
290.103
289.899
289.724
289.587
289.464
291.124
288.506
288.603
288.597
288.572
288.571
288.594
288.698
289.346
288.197
288.429
288.525
288.55
288.551
288.549
288.551
288.63
289.24
287.791
288.087
288.283
288.388
288.441
288.466
288.473
288.477
288.559
289.15
287.3
287.588
287.836
288.015
288.139
288.227
288.286
288.323
288.366
288.499
289.093
286.819
287.067
287.307
287.516
287.691
287.842
287.97
288.075
288.163
288.286
288.521
289.106
286.844
286.997
287.176
287.365
287.55
287.737
287.924
288.106
288.287
288.475
288.681
288.941
289.284
289.608
289.213
289.576
289.22
289.034
290.098
289.647
289.374
289.281
289.351
290.08
288.957
288.978
289.301
288.955
288.826
288.901
289.123
288.95
288.794
288.739
288.798
288.965
288.861
288.794
288.704
288.678
288.719
288.861
288.65
288.741
288.709
288.661
288.647
288.672
288.786
291.187
290.335
290.164
290.14
290.195
290.188
290.686
290.025
289.845
289.707
289.585
289.467
291.3
288.319
288.572
288.665
288.666
288.645
288.633
288.636
288.719
289.353
287.912
288.258
288.483
288.58
288.61
288.612
288.6
288.585
288.648
289.249
287.485
287.812
288.109
288.303
288.416
288.477
288.504
288.505
288.499
288.573
289.164
287.013
287.276
287.565
287.816
288.003
288.141
288.239
288.304
288.339
288.38
288.513
289.111
286.55
286.773
287.015
287.258
287.478
287.671
287.836
287.974
288.084
288.176
288.303
288.542
289.136
286.645
286.766
286.928
287.117
287.319
287.528
287.734
287.932
288.122
288.309
288.502
288.712
288.976
289.323
289.847
289.414
289.114
289.803
289.412
289.165
289.071
289.841
289.537
289.37
289.398
289.385
290.294
289.124
288.948
288.998
289.238
289.116
288.93
288.846
288.898
289.077
289.016
288.935
288.817
288.773
288.812
288.965
288.776
288.876
288.826
288.755
288.73
288.757
288.883
288.398
288.695
288.788
288.77
288.73
288.711
288.717
288.812
291.418
290.492
290.297
290.222
290.242
290.259
290.145
290.854
289.97
289.829
289.708
289.591
289.475
291.478
287.953
288.366
288.627
288.724
288.735
288.717
288.694
288.676
288.741
289.363
287.553
287.916
288.296
288.52
288.627
288.667
288.668
288.645
288.614
288.665
289.263
287.184
287.431
287.798
288.108
288.312
288.439
288.51
288.538
288.533
288.518
288.588
289.18
286.728
286.943
287.215
287.525
287.79
287.994
288.147
288.254
288.321
288.355
288.395
288.529
289.135
286.295
286.482
286.701
286.955
287.216
287.457
287.665
287.84
287.984
288.098
288.192
288.323
288.566
289.166
286.469
286.557
286.692
286.867
287.075
287.304
287.531
287.747
287.953
288.148
288.34
288.536
288.75
289.017
289.367
289.296
290.073
289.62
289.278
289.076
290.029
289.616
289.314
289.173
289.094
290.048
289.717
289.492
289.456
289.456
289.346
290.516
289.28
289.069
288.956
288.998
289.192
289.163
289.076
288.934
288.871
288.909
289.074
288.886
289.011
288.946
288.856
288.819
288.847
288.988
288.438
288.808
288.909
288.874
288.818
288.792
288.804
288.911
287.913
288.439
288.747
288.845
288.839
288.806
288.776
288.763
288.836
291.654
290.657
290.444
290.327
290.302
290.321
290.255
290.095
291.028
289.954
289.833
289.717
289.602
289.486
291.659
287.506
287.945
288.413
288.679
288.784
288.805
288.787
288.75
288.712
288.76
289.376
287.235
287.458
287.919
288.317
288.55
288.672
288.721
288.72
288.684
288.639
288.681
289.278
286.905
287.053
287.367
287.776
288.1
288.323
288.465
288.542
288.569
288.557
288.536
288.604
289.201
286.44
286.628
286.836
287.153
287.491
287.775
287.996
288.159
288.271
288.338
288.371
288.411
288.548
289.161
286.077
286.207
286.394
286.628
286.913
287.199
287.454
287.672
287.853
288
288.116
288.213
288.347
288.595
289.204
286.325
286.372
286.481
286.633
286.831
287.071
287.316
287.551
287.774
287.983
288.183
288.378
288.577
288.792
289.062
289.415
289.468
289.446
289.211
289.834
289.451
289.209
289.068
290.258
289.825
289.482
289.287
289.19
289.097
290.264
289.913
289.643
289.536
289.524
289.445
289.305
290.746
289.31
289.219
289.054
288.973
289.007
289.185
288.987
289.146
289.07
288.96
288.911
288.942
289.097
288.447
288.917
289.032
288.983
288.911
288.878
288.896
289.019
287.796
288.491
288.859
288.96
288.939
288.892
288.86
288.854
288.939
287.341
287.915
288.5
288.808
288.912
288.916
288.883
288.84
288.804
288.859
291.886
290.831
290.603
290.452
290.379
290.382
290.349
290.219
290.08
291.208
289.961
289.847
289.73
289.614
289.499
287.165
287.383
287.967
288.461
288.728
288.846
288.876
288.853
288.799
288.742
288.778
289.391
286.975
287.042
287.39
287.93
288.332
288.583
288.719
288.771
288.764
288.717
288.66
288.696
289.297
286.613
286.735
286.908
287.32
287.758
288.101
288.342
288.493
288.572
288.595
288.577
288.551
288.62
289.225
286.161
286.316
286.488
286.744
287.117
287.478
287.779
288.009
288.177
288.289
288.355
288.387
288.428
288.569
289.189
285.916
285.969
286.112
286.313
286.589
286.906
287.206
287.469
287.691
287.874
288.022
288.137
288.237
288.375
288.627
289.248
286.233
286.219
286.292
286.425
286.604
286.841
287.095
287.347
287.587
287.812
288.024
288.225
288.422
288.623
288.84
289.112
289.466
289.646
289.615
289.357
289.462
289.366
289.176
290.046
289.635
289.348
289.183
289.076
290.488
290.042
289.664
289.415
289.29
289.195
289.106
290.485
290.12
289.822
289.645
289.596
289.535
289.415
289.297
290.977
289.09
289.287
289.198
289.067
289.007
289.039
289.21
288.439
289.03
289.16
289.095
289.007
288.968
288.993
289.132
287.615
288.534
288.974
289.078
289.041
288.982
288.948
288.95
289.051
287.054
287.845
288.575
288.927
289.028
289.017
288.974
288.93
288.9
288.964
286.973
287.22
287.977
288.573
288.874
288.987
288.997
288.959
288.898
288.839
288.878
291.01
290.772
290.596
290.479
290.447
290.432
290.338
290.207
290.091
289.978
289.862
289.745
289.628
289.514
286.942
286.912
287.34
288.019
288.504
288.783
288.913
288.943
288.911
288.84
288.767
288.794
289.409
286.708
286.725
286.871
287.38
287.944
288.359
288.625
288.768
288.817
288.801
288.742
288.677
288.712
289.319
286.284
286.427
286.527
286.817
287.304
287.764
288.123
288.371
288.523
288.599
288.616
288.593
288.566
288.638
289.25
285.937
286.011
286.16
286.362
286.706
287.118
287.494
287.801
288.033
288.199
288.309
288.372
288.403
288.446
288.593
289.222
285.851
285.786
285.871
286.036
286.279
286.598
286.931
287.236
287.499
287.72
287.901
288.047
288.162
288.265
288.405
288.662
289.296
286.264
286.117
286.138
286.243
286.406
286.63
286.88
287.14
287.394
287.634
287.859
288.072
288.275
288.473
288.674
288.892
289.166
289.52
289.791
289.832
289.509
289.623
289.52
289.301
289.207
289.436
289.329
289.177
290.263
289.828
289.498
289.301
289.181
289.104
290.717
290.265
289.863
289.561
289.397
289.294
289.205
289.138
290.707
290.335
290.019
289.78
289.678
289.617
289.519
289.409
289.323
288.439
289.153
289.294
289.211
289.107
289.061
289.093
289.249
287.408
288.581
289.097
289.201
289.147
289.075
289.041
289.053
289.17
286.661
287.758
288.653
289.05
289.145
289.119
289.066
289.024
289.003
289.08
286.657
286.993
287.969
288.676
289.008
289.11
289.104
289.057
288.995
288.94
288.986
286.819
286.682
287.237
288.074
288.645
288.948
289.067
289.077
289.029
288.946
288.867
288.895
290.948
290.756
290.601
290.524
290.507
290.448
290.333
290.221
290.112
289.998
289.879
289.759
289.643
289.531
286.708
286.617
286.746
287.375
288.075
288.561
288.848
288.98
289.004
288.959
288.872
288.787
288.809
289.429
286.36
286.432
286.48
286.788
287.411
287.986
288.408
288.677
288.815
288.856
288.83
288.761
288.692
288.728
289.342
285.976
286.08
286.195
286.384
286.799
287.331
287.805
288.164
288.408
288.554
288.623
288.633
288.606
288.579
288.656
289.278
285.861
285.755
285.858
286.032
286.317
286.726
287.157
287.537
287.839
288.065
288.225
288.33
288.389
288.419
288.465
288.619
289.258
285.916
285.698
285.689
285.812
286.019
286.306
286.645
286.981
287.283
287.541
287.756
287.934
288.077
288.191
288.295
288.439
288.7
289.346
286.378
286.145
286.035
286.097
286.238
286.449
286.684
286.94
287.201
287.453
287.691
287.915
288.127
288.33
288.529
288.73
288.949
289.223
289.577
289.799
289.975
289.681
290.024
289.67
289.431
289.348
289.596
289.466
289.288
288.481
289.294
289.437
289.331
289.209
290.479
290.039
289.66
289.426
289.288
289.203
289.157
290.939
290.493
290.075
289.723
289.514
289.394
289.304
289.238
289.195
290.553
290.226
289.938
289.777
289.701
289.617
289.519
289.438
289.368
287.236
288.651
289.233
289.33
289.256
289.172
289.136
289.159
289.292
286.228
287.685
288.744
289.181
289.266
289.222
289.161
289.122
289.113
289.203
286.231
286.742
287.966
288.785
289.14
289.23
289.209
289.156
289.097
289.049
289.105
286.609
286.38
287.112
288.127
288.779
289.099
289.201
289.193
289.136
289.052
288.972
289.004
286.648
286.422
286.56
287.35
288.183
288.735
289.034
289.149
289.151
289.087
288.985
288.889
288.911
290.927
290.744
290.618
290.581
290.546
290.456
290.352
290.248
290.136
290.017
289.895
289.774
289.659
289.549
286.361
286.366
286.348
286.711
287.475
288.163
288.642
288.923
289.044
289.055
288.996
288.895
288.802
288.824
289.45
285.961
286.079
286.162
286.327
286.823
287.49
288.065
288.478
288.734
288.858
288.887
288.851
288.775
288.704
288.744
289.366
285.882
285.741
285.86
286.036
286.343
286.856
287.406
287.875
288.221
288.45
288.583
288.643
288.647
288.617
288.593
288.677
289.309
285.948
285.643
285.62
285.762
286.001
286.353
286.797
287.229
287.599
287.888
288.102
288.253
288.352
288.406
288.437
288.486
288.646
289.298
286.075
285.757
285.591
285.649
285.822
286.069
286.378
286.721
287.05
287.342
287.59
287.798
287.971
288.11
288.222
288.329
288.475
288.739
289.398
286.526
286.271
286.057
286
286.109
286.3
286.517
286.759
287.016
287.273
287.521
287.755
287.977
288.188
288.39
288.589
288.79
289.009
289.284
289.637
289.53
289.993
289.769
290.167
289.85
289.608
290.225
289.843
289.567
289.403
288.602
289.458
289.589
289.454
289.312
287.185
288.763
289.386
289.465
289.369
289.27
290.696
290.257
289.837
289.56
289.399
289.304
289.254
289.234
290.721
290.299
289.905
289.644
289.498
289.403
289.338
289.298
289.269
290.44
290.116
289.899
289.791
289.713
289.625
289.552
289.489
289.418
285.885
287.671
288.861
289.324
289.392
289.329
289.26
289.225
289.228
289.332
285.756
286.527
287.993
288.908
289.279
289.352
289.315
289.257
289.206
289.166
289.231
286.305
286.053
287.002
288.192
288.919
289.244
289.327
289.305
289.244
289.163
289.086
289.125
286.517
286.16
286.354
287.329
288.292
288.9
289.2
289.293
289.277
289.204
289.097
288.997
289.02
286.307
286.226
286.158
286.615
287.528
288.322
288.847
289.127
289.226
289.213
289.133
289.012
288.906
288.925
290.905
290.733
290.661
290.634
290.572
290.481
290.384
290.277
290.159
290.036
289.911
289.79
289.677
289.569
285.908
286.023
286.06
286.226
286.823
287.621
288.287
288.742
288.999
289.099
289.094
289.022
288.911
288.815
288.839
289.473
285.838
285.702
285.834
285.993
286.323
286.946
287.62
288.174
288.561
288.791
288.894
288.909
288.865
288.785
288.715
288.761
289.394
285.986
285.606
285.587
285.748
286
286.416
286.976
287.521
287.965
288.285
288.492
288.61
288.659
288.658
288.627
288.607
288.699
289.343
286.165
285.721
285.498
285.57
285.77
286.06
286.458
286.906
287.325
287.674
287.943
288.142
288.283
288.373
288.424
288.455
288.509
288.676
289.341
286.258
285.946
285.637
285.556
285.683
285.894
286.162
286.48
286.816
287.13
287.408
287.645
287.845
288.011
288.147
288.256
288.365
288.514
288.782
289.451
286.681
286.439
286.19
286.017
286.023
286.184
286.381
286.605
286.849
287.102
287.354
287.596
287.826
288.045
288.254
288.456
288.654
288.854
289.072
289.348
289.7
288.852
289.774
289.655
290.205
289.954
289.751
290.367
290.029
289.758
289.581
290.434
290.029
289.712
289.523
289.418
287.354
288.942
289.56
289.608
289.483
289.371
285.748
287.766
289.015
289.482
289.522
289.438
289.361
290.909
290.482
290.032
289.707
289.516
289.408
289.353
289.335
289.332
290.53
290.107
289.791
289.611
289.504
289.438
289.402
289.381
289.349
290.316
290.043
289.89
289.803
289.728
289.664
289.61
289.547
289.465
285.346
286.417
288.079
289.058
289.428
289.477
289.424
289.363
289.32
289.292
289.364
285.907
285.768
286.952
288.29
289.074
289.391
289.452
289.418
289.356
289.281
289.21
289.254
286.29
285.858
286.177
287.342
288.419
289.068
289.356
289.426
289.398
289.322
289.215
289.115
289.141
286.171
286.021
285.949
286.536
287.599
288.484
289.039
289.305
289.379
289.349
289.258
289.129
289.015
289.034
285.815
285.902
285.909
286.108
286.827
287.75
288.493
288.973
289.217
289.291
289.261
289.164
289.03
288.919
288.939
290.87
290.751
290.716
290.68
290.607
290.52
290.419
290.304
290.18
290.052
289.926
289.807
289.695
289.59
285.759
285.633
285.758
285.91
286.29
287.028
287.815
288.438
288.85
289.069
289.142
289.121
289.038
288.921
288.825
288.855
289.498
285.943
285.551
285.544
285.715
285.979
286.462
287.137
287.79
288.301
288.647
288.841
288.922
288.924
288.873
288.792
288.726
288.78
289.424
286.239
285.694
285.455
285.54
285.761
286.091
286.578
287.141
287.659
288.065
288.35
288.532
288.632
288.672
288.667
288.636
288.622
288.722
289.38
286.409
285.987
285.553
285.461
285.613
285.861
286.192
286.606
287.04
287.433
287.754
288.001
288.183
288.312
288.395
288.443
288.475
288.533
288.708
289.385
286.422
286.177
285.839
285.586
285.597
285.77
286.003
286.284
286.6
286.92
287.218
287.48
287.705
287.896
288.055
288.186
288.293
288.403
288.556
288.826
289.507
286.84
286.615
286.374
286.149
286.035
286.104
286.277
286.481
286.707
286.949
287.196
287.441
287.677
287.903
288.119
288.326
288.525
288.723
288.921
289.138
289.414
289.766
289.229
287.765
289.214
290.054
289.884
289.753
290.422
290.15
289.921
289.756
290.571
290.218
289.917
289.714
289.601
290.651
290.23
289.874
289.65
289.528
289.474
285.92
288.015
289.229
289.654
289.656
289.55
289.464
285.081
286.49
288.257
289.245
289.586
289.604
289.535
289.472
290.71
290.258
289.87
289.642
289.516
289.454
289.436
289.441
289.439
290.329
289.956
289.733
289.608
289.538
289.506
289.494
289.473
289.424
290.207
290.003
289.895
289.827
289.775
289.731
289.679
289.603
289.504
285.435
285.591
287.012
288.448
289.251
289.542
289.578
289.533
289.472
289.408
289.344
289.39
285.924
285.559
286.076
287.418
288.581
289.247
289.509
289.555
289.519
289.445
289.344
289.243
289.271
285.917
285.762
285.759
286.504
287.706
288.663
289.228
289.469
289.518
289.478
289.385
289.254
289.135
289.155
285.663
285.724
285.736
286.007
286.862
287.899
288.699
289.185
289.404
289.451
289.404
289.296
289.15
289.028
289.047
285.638
285.529
285.646
285.813
286.273
287.126
288.011
288.683
289.101
289.296
289.34
289.292
289.183
289.041
288.929
288.954
290.857
290.799
290.779
290.728
290.654
290.562
290.452
290.328
290.197
290.067
289.942
289.824
289.715
289.613
285.828
285.469
285.483
285.664
285.953
286.518
287.3
288.042
288.601
288.955
289.127
289.172
289.136
289.045
288.927
288.835
288.871
289.525
286.22
285.619
285.406
285.512
285.754
286.128
286.702
287.373
287.978
288.432
288.726
288.883
288.941
288.932
288.877
288.797
288.737
288.799
289.456
286.543
286.008
285.507
285.423
285.601
285.885
286.281
286.792
287.332
287.805
288.164
288.412
288.567
288.652
288.683
288.675
288.646
288.638
288.748
289.419
286.599
286.315
285.84
285.487
285.513
285.727
286.013
286.368
286.776
287.184
287.544
287.835
288.059
288.224
288.342
288.418
288.463
288.497
288.56
288.742
289.432
286.561
286.388
286.108
285.781
285.612
285.689
285.891
286.139
286.422
286.728
287.03
287.308
287.554
287.767
287.949
288.102
288.227
288.332
288.444
288.599
288.872
289.563
287.003
286.79
286.569
286.341
286.157
286.109
286.204
286.387
286.594
286.818
287.055
287.295
287.532
287.762
287.984
288.196
288.401
288.598
288.795
288.991
289.207
289.483
289.834
288.356
289.659
289.549
286.471
288.417
289.494
290.335
290.128
289.962
289.836
290.636
290.351
290.098
289.91
289.794
290.78
290.417
290.088
289.855
289.722
289.664
290.871
290.449
290.056
289.789
289.645
289.582
289.571
285.043
286.821
288.546
289.468
289.75
289.734
289.649
289.584
284.934
285.585
287.224
288.68
289.453
289.697
289.705
289.65
289.593
290.495
290.055
289.781
289.63
289.558
289.54
289.551
289.561
289.541
290.143
289.869
289.718
289.64
289.61
289.607
289.6
289.563
289.487
290.133
289.996
289.926
289.882
289.851
289.812
289.746
289.65
289.533
285.424
285.3
286.091
287.586
288.791
289.439
289.661
289.684
289.642
289.573
289.481
289.382
289.408
285.557
285.471
285.621
286.557
287.872
288.87
289.42
289.624
289.652
289.608
289.517
289.389
289.265
289.284
285.448
285.506
285.567
285.955
286.951
288.081
288.916
289.386
289.57
289.595
289.541
289.429
289.278
289.149
289.166
285.478
285.398
285.523
285.731
286.296
287.259
288.221
288.922
289.324
289.486
289.505
289.441
289.318
289.161
289.038
289.06
285.654
285.367
285.412
285.61
285.945
286.601
287.48
288.291
288.876
289.216
289.358
289.372
289.309
289.191
289.047
288.938
288.969
290.887
290.869
290.843
290.785
290.704
290.6
290.479
290.347
290.213
290.082
289.958
289.843
289.736
289.637
286.095
285.491
285.346
285.486
285.755
286.183
286.843
287.609
288.278
288.76
289.045
289.17
289.19
289.142
289.047
288.931
288.844
288.889
289.553
286.575
285.939
285.433
285.395
285.608
285.931
286.392
286.995
287.63
288.168
288.555
288.794
288.914
288.953
288.936
288.878
288.801
288.749
288.821
289.49
286.773
286.415
285.838
285.438
285.496
285.753
286.094
286.526
287.031
287.53
287.948
288.258
288.468
288.598
288.668
288.692
288.682
288.656
288.655
288.775
289.459
286.725
286.581
286.227
285.759
285.516
285.634
285.893
286.204
286.564
286.954
287.33
287.654
287.914
288.115
288.265
288.371
288.441
288.484
288.52
288.588
288.777
289.48
286.679
286.564
286.362
286.069
285.788
285.693
285.816
286.036
286.289
286.567
286.857
287.14
287.399
287.63
287.831
288.004
288.15
288.271
288.374
288.488
288.645
288.921
289.622
287.173
286.962
286.76
286.55
286.348
286.219
286.204
286.32
286.507
286.714
286.934
287.164
287.397
287.627
287.852
288.068
288.277
288.479
288.675
288.87
289.064
289.279
289.553
289.903
289.015
287.309
288.93
290.07
289.898
289.786
285.428
287.385
288.933
289.715
290.595
290.37
290.174
290.022
289.918
290.846
290.555
290.281
290.07
289.935
289.865
290.99
290.629
290.275
290.008
289.852
289.782
289.765
290.682
290.258
289.945
289.771
289.695
289.681
289.699
284.605
285.805
287.609
288.987
289.67
289.853
289.834
289.77
289.717
284.888
285.135
286.271
287.873
289.052
289.64
289.811
289.814
289.768
289.707
290.263
289.936
289.754
289.668
289.647
289.663
289.686
289.679
289.627
290.022
289.838
289.746
289.715
289.72
289.729
289.707
289.638
289.532
290.106
290.023
289.987
289.969
289.945
289.892
289.802
289.684
289.553
285.167
285.188
285.572
286.72
288.115
289.109
289.613
289.773
289.784
289.739
289.656
289.535
289.408
289.421
285.199
285.283
285.428
285.98
287.115
288.313
289.148
289.579
289.724
289.733
289.677
289.568
289.417
289.28
289.295
285.285
285.258
285.408
285.687
286.373
287.44
288.459
289.16
289.527
289.652
289.652
289.582
289.455
289.291
289.158
289.178
285.432
285.257
285.346
285.572
285.976
286.726
287.691
288.549
289.134
289.441
289.548
289.539
289.46
289.327
289.166
289.046
289.073
285.874
285.329
285.288
285.472
285.776
286.269
287.013
287.857
288.57
289.052
289.309
289.399
289.389
289.314
289.192
289.05
288.947
288.984
290.954
290.95
290.913
290.845
290.75
290.633
290.5
290.363
290.228
290.097
289.975
289.862
289.759
289.664
286.496
285.779
285.324
285.373
285.633
286.001
286.527
287.215
287.926
288.506
288.9
289.115
289.197
289.197
289.141
289.045
288.933
288.854
288.908
289.584
286.862
286.397
285.76
285.383
285.503
285.811
286.207
286.713
287.307
287.883
288.344
288.661
288.847
288.936
288.959
288.936
288.878
288.806
288.761
288.844
289.526
286.895
286.744
286.307
285.75
285.481
285.655
285.973
286.351
286.794
287.273
287.72
288.079
288.341
288.516
288.625
288.682
288.701
288.69
288.668
288.674
288.803
289.501
286.808
286.763
286.562
286.172
285.754
285.619
285.807
286.092
286.413
286.766
287.13
287.469
287.758
287.99
288.169
288.304
288.4
288.465
288.506
288.545
288.618
288.814
289.529
286.79
286.707
286.577
286.357
286.078
285.85
285.814
285.967
286.194
286.445
286.713
286.986
287.249
287.491
287.708
287.897
288.061
288.2
288.317
288.419
288.533
288.693
288.971
289.681
287.347
287.138
286.946
286.756
286.563
286.406
286.303
286.318
286.446
286.634
286.837
287.053
287.276
287.502
287.725
287.944
288.156
288.362
288.561
288.755
288.947
289.138
289.352
289.626
289.975
288.231
289.634
289.46
286.298
288.124
289.374
290.427
290.229
290.076
289.967
284.82
286.377
288.147
289.347
289.892
290.831
290.598
290.382
290.208
290.086
290.008
291.05
290.76
290.472
290.236
290.082
290
289.964
290.851
290.48
290.179
289.992
289.907
289.886
289.893
290.483
290.126
289.912
289.816
289.796
289.817
289.844
284.522
285.2
286.663
288.276
289.355
289.841
289.959
289.944
289.896
289.844
284.828
284.983
285.664
287.024
288.44
289.376
289.803
289.918
289.916
289.872
289.8
290.112
289.892
289.785
289.757
289.778
289.812
289.821
289.78
289.69
289.97
289.857
289.822
289.833
289.856
289.856
289.799
289.693
289.562
290.121
290.088
290.085
290.077
290.041
289.961
289.843
289.707
289.567
284.982
285.098
285.359
286.106
287.376
288.598
289.395
289.764
289.87
289.867
289.814
289.714
289.567
289.423
289.431
285.08
285.141
285.329
285.709
286.526
287.688
288.729
289.4
289.714
289.803
289.792
289.722
289.598
289.432
289.288
289.304
285.196
285.153
285.303
285.571
286.058
286.904
287.942
288.82
289.378
289.639
289.711
289.688
289.604
289.465
289.295
289.164
289.189
285.565
285.166
285.243
285.484
285.833
286.396
287.223
288.127
288.856
289.315
289.53
289.586
289.555
289.465
289.327
289.168
289.053
289.087
286.291
285.539
285.209
285.369
285.685
286.102
286.696
287.46
288.227
288.824
289.198
289.375
289.422
289.393
289.31
289.188
289.05
288.955
289.001
291.048
291.035
290.984
290.899
290.788
290.657
290.517
290.377
290.241
290.113
289.993
289.884
289.783
289.692
286.864
286.264
285.6
285.317
285.531
285.896
286.347
286.926
287.597
288.227
288.708
289.012
289.163
289.212
289.196
289.135
289.041
288.934
288.864
288.928
289.616
287.011
286.792
286.271
285.677
285.462
285.712
286.092
286.536
287.057
287.615
288.116
288.496
288.746
288.886
288.95
288.962
288.934
288.878
288.811
288.775
288.868
289.564
286.946
286.941
286.716
286.245
285.742
285.621
285.882
286.237
286.632
287.065
287.504
287.891
288.194
288.412
288.557
288.647
288.695
288.709
288.699
288.681
288.695
288.833
289.545
286.877
286.88
286.804
286.556
286.166
285.818
285.785
286.014
286.309
286.628
286.964
287.297
287.6
287.855
288.061
288.22
288.341
288.43
288.49
288.53
288.571
288.65
288.853
289.58
286.929
286.827
286.749
286.606
286.384
286.131
285.954
285.966
286.133
286.358
286.601
286.855
287.111
287.356
287.582
287.785
287.964
288.12
288.252
288.365
288.466
288.581
288.742
289.023
289.742
287.544
287.318
287.128
286.954
286.78
286.622
286.481
286.408
286.445
286.578
286.764
286.963
287.172
287.389
287.608
287.825
288.039
288.247
288.449
288.646
288.837
289.026
289.215
289.427
289.7
290.048
289.062
287.427
288.853
290.136
289.934
289.793
285.607
287.266
288.764
289.711
290.727
290.522
290.346
290.207
290.106
284.672
285.675
287.298
288.766
289.67
290.036
291.046
290.812
290.585
290.393
290.252
290.162
290.104
290.968
290.671
290.413
290.236
290.139
290.096
290.074
290.702
290.371
290.15
290.043
290.012
290.019
290.026
290.33
290.074
289.95
289.919
289.94
289.974
289.984
284.687
285.009
285.977
287.492
288.836
289.653
289.984
290.059
290.048
290.008
289.948
284.852
285.017
285.424
286.377
287.752
288.934
289.647
289.937
290.009
290.001
289.953
289.865
290.045
289.912
289.873
289.895
289.94
289.965
289.937
289.853
289.728
289.976
289.931
289.946
289.983
290.002
289.967
289.866
289.728
289.578
290.189
290.197
290.208
290.19
290.123
290.01
289.869
289.72
289.575
284.92
285.085
285.326
285.823
286.778
288.012
289.03
289.637
289.884
289.944
289.928
289.864
289.747
289.583
289.431
289.439
284.973
285.075
285.306
285.63
286.21
287.154
288.243
289.105
289.609
289.814
289.858
289.829
289.746
289.609
289.435
289.293
289.313
285.204
285.029
285.226
285.533
285.938
286.576
287.48
288.423
289.141
289.552
289.717
289.746
289.705
289.609
289.464
289.294
289.169
289.201
285.957
285.253
285.118
285.394
285.771
286.241
286.904
287.738
288.536
289.124
289.455
289.588
289.605
289.558
289.46
289.321
289.167
289.06
289.102
286.749
286.025
285.384
285.264
285.588
286.014
286.521
287.169
287.904
288.565
289.038
289.306
289.416
289.431
289.388
289.301
289.181
289.05
288.964
289.02
291.15
291.12
291.048
290.944
290.816
290.675
290.531
290.39
290.255
290.129
290.013
289.906
289.809
289.721
287.083
286.736
286.128
285.543
285.451
285.798
286.241
286.748
287.341
287.962
288.495
288.873
289.093
289.193
289.216
289.191
289.127
289.036
288.936
288.875
288.949
289.65
287.062
287.032
286.74
286.205
285.694
285.655
285.999
286.423
286.889
287.398
287.898
288.318
288.621
288.81
288.913
288.958
288.961
288.932
288.878
288.817
288.79
288.894
289.603
286.98
287.039
286.992
286.705
286.231
285.823
285.843
286.154
286.524
286.917
287.325
287.713
288.042
288.293
288.472
288.591
288.667
288.707
288.718
288.709
288.696
288.717
288.865
289.59
286.962
286.96
286.964
286.852
286.578
286.212
285.951
285.997
286.242
286.533
286.84
287.152
287.452
287.72
287.945
288.127
288.269
288.378
288.459
288.516
288.556
288.6
288.684
288.893
289.632
287.121
286.951
286.884
286.806
286.657
286.444
286.219
286.092
286.136
286.305
286.522
286.754
286.993
287.232
287.461
287.673
287.863
288.032
288.179
288.305
288.414
288.514
288.63
288.793
289.076
289.803
287.809
287.515
287.313
287.142
286.987
286.843
286.695
286.576
286.53
286.579
286.714
286.895
287.089
287.293
287.503
287.716
287.928
288.137
288.341
288.54
288.733
288.921
289.107
289.293
289.503
289.775
289.747
288.468
289.511
286.75
288.201
289.352
290.539
290.333
290.166
290.046
285.385
286.566
288.083
289.28
289.968
290.978
290.776
290.589
290.43
290.308
290.22
284.905
285.438
286.612
288.099
289.27
289.919
290.154
291.016
290.784
290.576
290.419
290.315
290.248
290.197
290.879
290.604
290.402
290.286
290.232
290.207
290.179
290.584
290.328
290.192
290.148
290.15
290.159
290.144
290.256
290.1
290.052
290.069
290.107
290.126
290.098
284.888
285.137
285.71
286.842
288.227
289.303
289.887
290.098
290.144
290.133
290.093
290.02
284.853
285.125
285.446
286.072
287.16
288.407
289.354
289.858
290.04
290.079
290.062
290.006
289.902
290.053
289.998
290.017
290.069
290.108
290.096
290.022
289.897
289.745
290.047
290.06
290.108
290.145
290.13
290.047
289.905
289.745
289.585
290.305
290.334
290.336
290.287
290.182
290.04
289.883
289.728
289.581
284.794
285.059
285.376
285.772
286.453
287.49
288.59
289.4
289.82
289.969
289.995
289.965
289.889
289.76
289.587
289.433
289.446
284.851
284.927
285.253
285.633
286.102
286.824
287.796
288.747
289.421
289.763
289.879
289.89
289.845
289.752
289.608
289.431
289.295
289.323
285.52
284.971
285.068
285.458
285.898
286.428
287.163
288.05
288.855
289.403
289.675
289.765
289.762
289.706
289.603
289.456
289.29
289.174
289.214
286.486
285.698
285.159
285.25
285.682
286.166
286.733
287.448
288.229
288.894
289.333
289.549
289.619
289.61
289.55
289.448
289.312
289.165
289.067
289.119
287.074
286.569
285.898
285.385
285.472
285.918
286.422
286.992
287.65
288.313
288.852
289.201
289.376
289.436
289.429
289.377
289.289
289.173
289.05
288.973
289.039
291.251
291.195
291.101
290.977
290.836
290.688
290.542
290.401
290.269
290.146
290.033
289.93
289.836
289.753
287.174
287.057
286.659
286.072
285.613
285.715
286.147
286.637
287.171
287.745
288.287
288.716
288.997
289.147
289.208
289.215
289.182
289.118
289.031
288.939
288.887
288.972
289.686
287.084
287.146
287.066
286.72
286.2
285.823
285.944
286.338
286.78
287.244
287.716
288.145
288.484
288.716
288.856
288.932
288.963
288.96
288.93
288.879
288.824
288.807
288.921
289.643
287.038
287.088
287.149
287.049
286.721
286.28
285.999
286.123
286.452
286.817
287.192
287.561
287.896
288.17
288.375
288.522
288.621
288.684
288.719
288.728
288.72
288.712
288.741
288.898
289.636
287.1
287.035
287.064
287.057
286.916
286.632
286.313
286.141
286.234
286.477
286.755
287.042
287.327
287.594
287.83
288.027
288.187
288.315
288.414
288.489
288.543
288.583
288.63
288.719
288.934
289.685
287.425
287.124
287
286.959
286.881
286.734
286.527
286.338
286.254
286.315
286.477
286.683
286.902
287.127
287.351
287.564
287.762
287.94
288.099
288.238
288.359
288.464
288.564
288.68
288.845
289.13
288.221
287.774
287.51
287.329
287.181
287.053
286.918
286.783
286.687
286.661
286.719
286.851
287.027
287.216
287.414
287.618
287.825
288.032
288.237
288.437
288.632
288.822
289.007
289.189
289.372
289.58
290.281
289.293
290.05
287.927
289.016
289.87
286.386
287.601
288.828
289.752
290.857
290.66
290.484
290.343
290.237
285.46
286.226
287.466
288.751
289.692
290.162
290.997
290.805
290.635
290.497
290.394
290.316
285.113
285.525
286.273
287.501
288.767
289.672
290.106
290.25
290.979
290.761
290.588
290.469
290.391
290.333
290.277
290.807
290.582
290.443
290.375
290.342
290.312
290.265
290.527
290.358
290.295
290.289
290.296
290.282
290.233
290.268
290.198
290.206
290.244
290.269
290.248
290.176
284.929
285.292
285.736
286.502
287.675
288.855
289.678
290.059
290.185
290.209
290.194
290.148
290.06
284.684
285.126
285.531
286.024
286.816
287.918
288.976
289.689
290.008
290.111
290.126
290.098
290.033
289.916
290.134
290.146
290.201
290.252
290.254
290.192
290.071
289.916
289.748
290.178
290.233
290.286
290.29
290.225
290.093
289.923
289.75
289.585
290.457
290.48
290.45
290.358
290.219
290.055
289.889
289.731
289.586
284.58
284.879
285.342
285.796
286.345
287.154
288.172
289.093
289.688
289.945
290.023
290.024
289.981
289.896
289.758
289.582
289.433
289.453
285.02
284.753
285.071
285.573
286.076
286.676
287.481
288.4
289.18
289.66
289.861
289.917
289.904
289.846
289.745
289.597
289.424
289.297
289.334
286.085
285.31
284.98
285.291
285.82
286.363
286.992
287.768
288.572
289.214
289.593
289.75
289.787
289.763
289.697
289.589
289.444
289.286
289.179
289.228
286.927
286.296
285.607
285.253
285.544
286.079
286.64
287.271
287.984
288.666
289.182
289.479
289.604
289.631
289.603
289.536
289.433
289.301
289.164
289.075
289.136
287.259
286.995
286.488
285.877
285.542
285.816
286.332
286.884
287.48
288.104
288.665
289.075
289.311
289.416
289.442
289.421
289.363
289.276
289.165
289.051
288.983
289.06
291.34
291.257
291.139
290.999
290.849
290.698
290.552
290.413
290.284
290.165
290.056
289.956
289.865
289.785
287.2
287.229
287.061
286.64
286.102
285.822
286.078
286.553
287.062
287.59
288.111
288.56
288.885
289.081
289.178
289.214
289.209
289.172
289.11
289.027
288.942
288.9
288.996
289.723
287.134
287.192
287.251
287.115
286.74
286.277
286.065
286.297
286.706
287.142
287.581
287.997
288.35
288.613
288.785
288.888
288.944
288.965
288.959
288.929
288.881
288.833
288.825
288.95
289.685
287.156
287.136
287.228
287.269
287.117
286.779
286.406
286.254
286.435
286.758
287.104
287.447
287.77
288.051
288.276
288.443
288.563
288.646
288.701
288.731
288.74
288.733
288.73
288.766
288.933
289.683
287.365
287.146
287.136
287.183
287.157
286.991
286.718
286.461
286.366
286.481
286.709
286.967
287.23
287.486
287.722
287.929
288.102
288.244
288.359
288.45
288.52
288.571
288.612
288.662
288.755
288.977
288.082
287.408
287.158
287.075
287.049
286.974
286.819
286.63
286.478
286.426
286.494
286.647
286.839
287.046
287.257
287.466
287.665
287.849
288.017
288.166
288.298
288.414
288.515
288.615
288.731
288.898
288.178
287.766
287.526
287.367
287.247
287.133
287
286.883
286.808
286.797
286.859
286.988
287.159
287.343
287.535
287.734
287.936
288.139
288.339
288.536
288.727
288.912
289.095
289.273
289.453
290.691
289.971
290.479
288.851
289.7
290.295
287.489
288.536
289.491
290.154
286.206
287.172
288.317
289.359
290.059
290.925
290.75
290.597
290.474
290.378
285.49
286.135
287.059
288.238
289.311
290.002
290.303
291.004
290.825
290.675
290.559
290.469
290.395
285.147
285.6
286.209
287.114
288.279
289.325
289.969
290.239
290.323
290.95
290.761
290.626
290.536
290.47
290.407
290.337
290.777
290.613
290.526
290.482
290.446
290.396
290.324
290.544
290.455
290.436
290.437
290.422
290.373
290.289
290.36
290.354
290.388
290.415
290.398
290.331
290.219
284.705
285.301
285.791
286.41
287.31
288.416
289.382
289.948
290.176
290.245
290.253
290.229
290.175
290.075
284.4
284.92
285.51
286.039
286.686
287.577
288.598
289.45
289.922
290.106
290.157
290.152
290.114
290.039
289.913
290.285
290.339
290.396
290.41
290.359
290.246
290.091
289.917
289.741
290.359
290.425
290.447
290.399
290.28
290.11
289.926
289.748
289.582
290.619
290.61
290.534
290.401
290.235
290.059
289.89
289.733
289.59
284.55
284.631
285.149
285.75
286.318
286.994
287.863
288.781
289.503
289.88
290.021
290.054
290.036
289.982
289.888
289.746
289.571
289.432
289.461
285.595
284.928
284.892
285.401
286.012
286.611
287.305
288.129
288.93
289.518
289.812
289.917
289.933
289.903
289.836
289.73
289.583
289.417
289.3
289.346
286.616
285.941
285.306
285.196
285.678
286.286
286.902
287.59
288.341
289.017
289.482
289.71
289.789
289.793
289.755
289.681
289.572
289.431
289.282
289.185
289.243
287.253
286.821
286.244
285.66
285.526
285.969
286.558
287.166
287.817
288.472
289.024
289.388
289.568
289.631
289.63
289.591
289.519
289.417
289.291
289.163
289.084
289.155
287.324
287.272
286.98
286.492
285.974
285.856
286.254
286.803
287.373
287.954
288.503
288.945
289.231
289.378
289.435
289.439
289.408
289.349
289.263
289.158
289.053
288.995
289.082
291.412
291.301
291.163
291.012
290.857
290.706
290.561
290.426
290.301
290.185
290.079
289.982
289.894
289.819
287.248
287.298
287.312
287.101
286.683
286.241
286.155
286.503
286.988
287.488
287.979
288.423
288.773
289.004
289.134
289.195
289.213
289.201
289.163
289.102
289.024
288.948
288.915
289.021
289.761
287.248
287.235
287.337
287.37
287.183
286.815
286.45
286.396
286.681
287.081
287.492
287.884
288.233
288.512
288.708
288.835
288.911
288.952
288.967
288.959
288.93
288.886
288.844
288.845
288.979
287.408
287.226
287.277
287.384
287.387
287.197
286.88
286.601
286.554
286.755
287.056
287.371
287.674
287.949
288.18
288.362
288.499
288.598
288.67
288.717
288.744
288.752
288.749
288.75
288.793
288.968
288.11
287.374
287.225
287.258
287.309
287.262
287.08
286.837
286.645
286.604
286.724
286.932
287.167
287.403
287.63
287.838
288.018
288.17
288.297
288.401
288.486
288.551
288.601
288.643
288.696
288.793
288.045
287.421
287.215
287.169
287.153
287.068
286.913
286.748
286.629
286.601
286.67
286.811
286.991
287.184
287.382
287.577
287.763
287.935
288.092
288.233
288.359
288.469
288.568
288.668
288.784
288.161
287.778
287.563
287.429
287.331
287.212
287.092
286.992
286.934
286.935
287
287.125
287.291
287.469
287.657
287.851
288.049
288.247
288.443
288.635
288.822
289.004
289.183
289.357
290.489
290.812
289.626
290.248
290.635
288.434
289.314
290.043
290.485
287.095
288.11
289.082
289.892
290.369
286.008
286.879
287.895
288.939
289.802
290.284
290.972
290.814
290.68
290.57
290.48
285.486
286.042
286.837
287.837
288.903
289.766
290.223
290.403
291.007
290.847
290.718
290.618
290.534
290.456
284.922
285.597
286.172
286.928
287.907
288.951
289.767
290.174
290.329
290.374
290.941
290.789
290.684
290.607
290.538
290.464
290.377
290.796
290.688
290.629
290.584
290.529
290.454
290.359
290.632
290.594
290.585
290.564
290.513
290.429
290.317
290.516
290.541
290.564
290.548
290.484
290.375
290.233
284.356
285.098
285.775
286.376
287.127
288.08
289.058
289.784
290.126
290.251
290.283
290.277
290.245
290.182
290.071
284.24
284.63
285.33
286.004
286.634
287.39
288.303
289.185
289.797
290.07
290.164
290.181
290.162
290.114
290.031
289.899
290.485
290.545
290.566
290.523
290.419
290.268
290.091
289.907
289.728
290.565
290.602
290.569
290.464
290.301
290.111
289.92
289.741
289.578
290.766
290.708
290.586
290.42
290.237
290.057
289.888
289.735
289.596
285.067
284.649
284.923
285.594
286.266
286.919
287.677
288.528
289.296
289.786
289.996
290.063
290.066
290.034
289.971
289.872
289.729
289.559
289.432
289.471
286.186
285.539
285.07
285.249
285.882
286.547
287.212
287.952
288.718
289.36
289.741
289.899
289.944
289.936
289.893
289.819
289.71
289.567
289.41
289.304
289.359
287.091
286.547
285.955
285.483
285.602
286.182
286.829
287.486
288.18
288.844
289.359
289.654
289.774
289.805
289.788
289.74
289.662
289.553
289.418
289.279
289.192
289.259
287.433
287.234
286.823
286.301
285.869
285.957
286.479
287.091
287.712
288.33
288.883
289.29
289.518
289.615
289.639
289.622
289.575
289.501
289.401
289.282
289.163
289.094
289.175
287.375
287.404
287.329
287.027
286.581
286.209
286.29
286.749
287.301
287.855
288.38
288.827
289.146
289.329
289.414
289.44
289.431
289.394
289.334
289.251
289.152
289.056
289.008
289.105
291.463
291.328
291.176
291.019
290.863
290.713
290.572
290.44
290.319
290.207
290.104
290.01
289.925
289.853
287.363
287.346
287.435
287.418
287.18
286.799
286.495
286.57
286.957
287.427
287.892
288.318
288.672
288.926
289.082
289.165
289.203
289.21
289.193
289.154
289.096
289.023
288.955
288.932
289.048
287.497
287.321
287.384
287.505
287.494
287.28
286.954
286.717
286.774
287.072
287.443
287.81
288.143
288.422
288.632
288.776
288.869
288.927
288.959
288.969
288.959
288.932
288.892
288.857
288.866
288.219
287.432
287.336
287.438
287.54
287.501
287.298
287.03
286.848
286.868
287.067
287.336
287.612
287.87
288.098
288.286
288.433
288.545
288.629
288.691
288.734
288.759
288.767
288.766
288.772
288.822
288.08
287.415
287.325
287.39
287.437
287.363
287.184
286.982
286.847
286.84
286.956
287.141
287.35
287.56
287.76
287.94
288.098
288.233
288.347
288.443
288.522
288.584
288.632
288.675
288.73
288.036
287.456
287.29
287.275
287.258
287.16
287.016
286.876
286.785
286.772
286.839
286.969
287.136
287.318
287.503
287.684
287.857
288.018
288.166
288.299
288.419
288.525
288.621
288.721
288.162
287.809
287.62
287.516
287.408
287.297
287.19
287.107
287.064
287.074
287.14
287.261
287.422
287.596
287.78
287.97
288.163
288.357
288.549
288.737
288.919
289.097
289.272
290.261
290.668
290.903
289.276
289.984
290.477
290.752
288.026
288.943
289.751
290.321
290.625
286.731
287.73
288.702
289.584
290.207
290.523
285.981
286.637
287.57
288.566
289.495
290.135
290.441
291.005
290.863
290.742
290.642
290.554
285.374
286.023
286.68
287.562
288.551
289.483
290.094
290.371
290.471
291.016
290.876
290.764
290.671
290.586
290.499
284.58
285.464
286.152
286.821
287.669
288.633
289.524
290.07
290.305
290.387
290.406
290.959
290.837
290.748
290.67
290.59
290.501
290.399
290.861
290.783
290.726
290.663
290.584
290.488
290.374
290.765
290.741
290.711
290.654
290.568
290.456
290.322
290.704
290.719
290.7
290.635
290.529
290.389
290.228
284.197
284.809
285.646
286.348
287.035
287.866
288.783
289.591
290.048
290.235
290.296
290.304
290.286
290.245
290.173
290.056
284.631
284.571
285.101
285.888
286.592
287.295
288.108
288.956
289.652
290.012
290.155
290.195
290.191
290.16
290.104
290.014
289.88
290.699
290.723
290.685
290.587
290.442
290.266
290.078
289.892
289.713
290.757
290.737
290.643
290.491
290.3
290.101
289.91
289.734
289.574
290.878
290.769
290.608
290.421
290.231
290.051
289.886
289.737
289.603
285.7
285.176
284.988
285.429
286.165
286.865
287.576
288.354
289.11
289.678
289.954
290.059
290.082
290.066
290.024
289.954
289.851
289.71
289.549
289.433
289.482
286.77
286.21
285.676
285.421
285.781
286.462
287.148
287.848
288.566
289.214
289.66
289.868
289.943
289.954
289.929
289.877
289.799
289.69
289.551
289.404
289.309
289.373
287.466
287.089
286.611
286.11
285.843
286.139
286.761
287.419
288.078
288.713
289.246
289.59
289.749
289.804
289.807
289.777
289.722
289.642
289.535
289.407
289.277
289.2
289.277
287.51
287.485
287.287
286.91
286.472
286.231
286.484
287.04
287.646
288.236
288.774
289.198
289.462
289.59
289.636
289.637
289.609
289.558
289.484
289.387
289.274
289.164
289.105
289.196
287.494
287.47
287.526
287.428
287.135
286.767
286.572
286.79
287.269
287.796
288.297
288.735
289.068
289.277
289.386
289.431
289.438
289.42
289.381
289.321
289.242
289.148
289.06
289.022
289.129
291.494
291.342
291.182
291.022
290.867
290.72
290.583
290.456
290.338
290.229
290.13
290.039
289.957
287.62
287.438
287.497
287.599
287.544
287.304
286.998
286.847
287.025
287.413
287.844
288.248
288.593
288.856
289.029
289.13
289.183
289.205
289.204
289.185
289.147
289.092
289.024
288.963
288.949
288.345
287.527
287.445
287.567
287.677
287.625
287.414
287.16
287.043
287.164
287.448
287.775
288.085
288.353
288.565
288.719
288.825
288.895
288.939
288.964
288.972
288.962
288.936
288.9
288.872
288.194
287.493
287.469
287.603
287.687
287.617
287.426
287.221
287.117
287.175
287.357
287.588
287.821
288.036
288.22
288.372
288.492
288.585
288.658
288.713
288.751
288.774
288.783
288.785
288.796
288.079
287.479
287.438
287.524
287.554
287.465
287.304
287.143
287.052
287.065
287.172
287.333
287.517
287.701
287.875
288.032
288.171
288.292
288.396
288.484
288.558
288.617
288.664
288.709
288.048
287.51
287.379
287.386
287.351
287.253
287.124
287.008
286.938
286.936
287.001
287.121
287.277
287.446
287.619
287.788
287.949
288.1
288.238
288.365
288.48
288.582
288.676
288.183
287.859
287.705
287.589
287.488
287.387
287.293
287.224
287.194
287.212
287.28
287.396
287.553
287.723
287.903
288.089
288.278
288.468
288.655
288.839
289.017
289.191
290.021
290.503
290.81
290.97
288.938
289.701
290.292
290.657
290.838
287.671
288.598
289.441
290.124
290.532
290.724
286.7
287.424
288.372
289.269
290.01
290.437
290.628
286.058
286.61
287.336
288.267
289.191
289.951
290.367
290.544
291.032
290.903
290.793
290.696
290.606
285.173
286.024
286.656
287.384
288.289
289.205
289.936
290.312
290.465
290.516
291.034
290.911
290.808
290.715
290.624
290.527
284.504
285.251
286.113
286.795
287.531
288.406
289.287
289.944
290.261
290.385
290.422
290.424
290.997
290.893
290.805
290.718
290.625
290.521
290.408
290.946
290.873
290.801
290.716
290.616
290.502
290.374
290.905
290.862
290.798
290.707
290.594
290.461
290.314
290.882
290.855
290.786
290.679
290.543
290.384
290.212
284.484
284.764
285.463
286.293
287
287.746
288.587
289.401
289.953
290.205
290.298
290.32
290.312
290.284
290.235
290.156
290.035
285.238
284.985
285.122
285.75
286.535
287.251
287.997
288.789
289.506
289.944
290.135
290.2
290.21
290.191
290.151
290.088
289.993
289.859
290.884
290.847
290.752
290.612
290.44
290.251
290.06
289.874
289.698
290.902
290.818
290.674
290.488
290.286
290.086
289.898
289.726
289.572
290.948
290.795
290.609
290.412
290.222
290.045
289.885
289.741
289.611
286.371
285.871
285.5
285.526
286.073
286.812
287.523
288.25
288.972
289.571
289.905
290.046
290.09
290.088
290.059
290.009
289.934
289.829
289.692
289.54
289.435
289.494
287.348
286.86
286.383
285.981
285.94
286.415
287.101
287.789
288.471
289.101
289.581
289.832
289.935
289.963
289.952
289.917
289.86
289.778
289.67
289.537
289.4
289.315
289.389
287.637
287.499
287.181
286.776
286.401
286.34
286.754
287.379
288.019
288.627
289.154
289.527
289.718
289.797
289.815
289.801
289.763
289.704
289.623
289.519
289.397
289.277
289.209
289.296
287.637
287.598
287.588
287.399
287.076
286.756
286.707
287.065
287.617
288.182
288.699
289.123
289.408
289.562
289.626
289.642
289.629
289.595
289.542
289.468
289.375
289.268
289.167
289.117
289.218
287.761
287.57
287.622
287.676
287.562
287.307
287.051
287.02
287.318
287.781
288.252
288.672
289.004
289.228
289.354
289.415
289.436
289.431
289.408
289.368
289.31
289.234
289.146
289.067
289.037
291.508
291.346
291.183
291.024
290.872
290.729
290.596
290.473
290.359
290.253
290.157
290.069
288.468
287.655
287.569
287.686
287.77
287.689
287.482
287.276
287.257
287.484
287.843
288.214
288.541
288.8
288.981
289.093
289.158
289.192
289.204
289.2
289.179
289.142
289.09
289.027
288.974
288.329
287.6
287.602
287.757
287.841
287.767
287.584
287.416
287.389
287.538
287.79
288.062
288.31
288.514
288.67
288.782
288.86
288.914
288.95
288.97
288.976
288.966
288.943
288.911
288.197
287.579
287.613
287.764
287.821
287.738
287.579
287.436
287.387
287.459
287.616
287.807
287.998
288.171
288.32
288.442
288.541
288.62
288.684
288.734
288.77
288.792
288.801
288.805
288.101
287.559
287.557
287.652
287.659
287.569
287.433
287.31
287.25
287.273
287.367
287.506
287.666
287.826
287.977
288.115
288.238
288.347
288.443
288.525
288.595
288.652
288.698
288.079
287.578
287.48
287.479
287.439
287.347
287.234
287.139
287.086
287.091
287.155
287.266
287.411
287.569
287.73
287.887
288.038
288.179
288.31
288.431
288.54
288.639
288.22
287.939
287.774
287.664
287.571
287.48
287.399
287.344
287.324
287.349
287.418
287.531
287.684
287.851
288.027
288.209
288.395
288.58
288.763
288.941
289.115
289.779
290.328
290.701
290.917
291.02
288.665
289.43
290.095
290.54
290.788
290.899
287.638
288.333
289.167
289.915
290.415
290.681
290.794
286.956
287.395
288.131
289.004
289.803
290.327
290.592
290.7
286.074
286.755
287.311
288.066
288.946
289.759
290.272
290.517
290.612
291.057
290.939
290.834
290.738
290.643
285.182
285.967
286.727
287.359
288.124
288.988
289.775
290.237
290.446
290.524
290.545
291.059
290.946
290.845
290.748
290.649
290.544
284.788
285.261
286.029
286.819
287.502
288.27
289.099
289.816
290.206
290.373
290.431
290.442
290.432
291.044
290.944
290.848
290.75
290.644
290.529
290.406
291.027
290.942
290.849
290.745
290.629
290.502
290.365
291.019
290.943
290.847
290.731
290.598
290.453
290.297
291.014
290.938
290.828
290.693
290.537
290.367
290.19
285.006
285.108
285.494
286.218
286.999
287.71
288.471
289.248
289.857
290.166
290.293
290.332
290.332
290.312
290.276
290.22
290.135
290.013
285.981
285.637
285.538
285.819
286.484
287.236
287.953
288.688
289.388
289.874
290.109
290.2
290.223
290.214
290.184
290.137
290.068
289.971
289.839
291.01
290.914
290.777
290.609
290.423
290.23
290.039
289.856
289.685
290.99
290.852
290.673
290.472
290.267
290.069
289.886
289.72
289.571
290.979
290.797
290.597
290.398
290.211
290.041
289.886
289.747
289.621
287.107
286.611
286.209
285.993
286.187
286.788
287.502
288.201
288.884
289.482
289.856
290.029
290.093
290.103
290.085
290.048
289.992
289.914
289.808
289.675
289.533
289.439
289.508
287.721
287.424
287.045
286.671
286.426
286.566
287.102
287.767
288.42
289.025
289.512
289.795
289.923
289.967
289.969
289.945
289.902
289.841
289.759
289.652
289.525
289.398
289.323
289.406
287.788
287.717
287.601
287.344
287.034
286.813
286.929
287.402
287.999
288.579
289.091
289.472
289.688
289.786
289.819
289.816
289.79
289.747
289.687
289.606
289.505
289.389
289.278
289.22
289.316
287.917
287.715
287.747
287.729
287.563
287.319
287.145
287.252
287.656
288.168
288.657
289.07
289.363
289.534
289.613
289.641
289.64
289.618
289.58
289.526
289.455
289.365
289.263
289.171
289.131
288.594
287.803
287.71
287.809
287.842
287.731
287.544
287.415
287.51
287.835
288.248
288.64
288.962
289.189
289.325
289.397
289.428
289.434
289.423
289.398
289.357
289.301
289.228
289.146
289.075
291.511
291.345
291.182
291.025
290.877
290.739
290.611
290.491
290.38
290.278
290.185
288.462
287.743
287.738
287.884
287.94
287.859
287.707
287.607
287.677
287.914
288.222
288.52
288.765
288.944
289.061
289.133
289.175
289.196
289.202
289.196
289.175
289.14
289.09
289.033
288.34
287.703
287.768
287.939
287.997
287.92
287.786
287.697
287.726
287.874
288.083
288.297
288.484
288.633
288.746
288.827
288.887
288.93
288.96
288.977
288.982
288.973
288.951
288.223
287.681
287.758
287.91
287.944
287.866
287.745
287.653
287.637
287.708
287.838
287.992
288.144
288.281
288.4
288.5
288.583
288.653
288.71
288.756
288.79
288.811
288.821
288.139
287.649
287.678
287.759
287.755
287.675
287.564
287.472
287.432
287.459
287.542
287.661
287.798
287.937
288.068
288.19
288.3
288.4
288.489
288.566
288.633
288.687
288.124
287.664
287.564
287.562
287.522
287.439
287.343
287.265
287.227
287.239
287.301
287.404
287.54
287.687
287.836
287.983
288.123
288.257
288.381
288.496
288.601
288.288
288.004
287.844
287.741
287.655
287.575
287.506
287.463
287.454
287.484
287.555
287.666
287.815
287.979
288.152
288.331
288.511
288.692
288.87
289.044
289.59
290.165
290.586
290.854
290.995
291.058
288.633
289.236
289.911
290.416
290.727
290.881
290.946
287.945
288.31
288.973
289.715
290.289
290.624
290.782
290.845
287.189
287.634
288.109
288.822
289.606
290.21
290.544
290.694
290.75
286.195
286.884
287.475
288.044
288.787
289.582
290.172
290.479
290.611
290.657
291.082
290.97
290.867
290.768
290.668
285.491
286.051
286.788
287.463
288.099
288.854
289.628
290.158
290.421
290.527
290.56
290.563
291.087
290.978
290.874
290.771
290.664
290.551
285.267
285.586
286.106
286.843
287.562
288.241
288.987
289.706
290.149
290.358
290.437
290.458
290.452
290.432
291.087
290.982
290.877
290.767
290.652
290.529
290.399
291.088
290.986
290.876
290.757
290.63
290.494
290.351
291.093
290.988
290.868
290.735
290.59
290.437
290.277
291.093
290.978
290.841
290.686
290.52
290.345
290.167
285.773
285.69
285.851
286.307
287.013
287.739
288.435
289.151
289.777
290.127
290.285
290.341
290.35
290.336
290.307
290.264
290.202
290.113
289.991
286.856
286.435
286.193
286.211
286.594
287.255
287.963
288.648
289.311
289.816
290.083
290.198
290.235
290.234
290.211
290.174
290.122
290.049
289.949
289.82
291.076
290.939
290.774
290.592
290.4
290.207
290.019
289.84
289.675
291.026
290.853
290.656
290.449
290.246
290.054
289.877
289.716
289.572
290.982
290.783
290.579
290.383
290.202
290.038
289.889
289.755
289.633
287.682
287.295
286.939
286.662
286.6
286.92
287.528
288.198
288.842
289.42
289.813
290.011
290.093
290.116
290.107
290.078
290.035
289.975
289.894
289.789
289.661
289.528
289.445
289.523
287.93
287.788
287.568
287.302
287.055
286.977
287.251
287.799
288.411
288.985
289.463
289.762
289.91
289.969
289.981
289.967
289.935
289.888
289.824
289.741
289.637
289.516
289.397
289.331
289.424
288.087
287.866
287.852
287.753
287.569
287.374
287.316
287.558
288.036
288.569
289.056
289.433
289.662
289.774
289.819
289.826
289.81
289.779
289.732
289.671
289.591
289.494
289.384
289.281
289.232
288.729
287.961
287.862
287.924
287.897
287.774
287.633
287.602
287.813
288.212
288.652
289.042
289.332
289.511
289.601
289.638
289.645
289.633
289.607
289.567
289.513
289.443
289.357
289.261
289.177
288.599
287.905
287.889
288.003
288.017
287.937
287.834
287.822
287.991
288.301
288.643
288.942
289.163
289.303
289.381
289.419
289.432
289.43
289.415
289.388
289.348
289.294
289.225
289.148
291.508
291.341
291.18
291.028
290.885
290.751
290.627
290.511
290.403
290.304
288.484
287.86
287.921
288.073
288.111
288.051
287.965
287.953
288.068
288.286
288.533
288.754
288.922
289.038
289.112
289.158
289.185
289.198
289.201
289.193
289.173
289.139
289.093
288.374
287.822
287.935
288.103
288.143
288.084
288.003
287.971
288.026
288.158
288.321
288.48
288.614
288.719
288.8
288.862
288.909
288.944
288.97
288.985
288.989
288.981
288.266
287.79
287.902
288.035
288.058
287.997
287.912
287.855
287.857
287.92
288.023
288.142
288.261
288.37
288.466
288.549
288.621
288.684
288.736
288.779
288.811
288.832
288.189
287.749
287.783
287.851
287.844
287.777
287.69
287.621
287.597
287.625
287.697
287.798
287.915
288.035
288.15
288.259
288.359
288.451
288.534
288.608
288.671
288.194
287.737
287.64
287.638
287.601
287.529
287.449
287.387
287.361
287.378
287.439
287.536
287.662
287.798
287.937
288.074
288.207
288.333
288.451
288.561
288.347
288.068
287.915
287.819
287.742
287.672
287.615
287.583
287.583
287.619
287.691
287.8
287.947
288.108
288.277
288.452
288.628
288.804
289.563
290.049
290.481
290.789
290.963
291.048
291.088
288.869
289.215
289.773
290.302
290.66
290.855
290.943
290.981
288.267
288.541
288.956
289.575
290.173
290.562
290.763
290.848
290.882
287.455
287.9
288.307
288.805
289.474
290.103
290.491
290.682
290.758
290.785
286.553
287.087
287.667
288.195
288.769
289.466
290.081
290.439
290.606
290.669
290.687
291.106
290.996
290.893
290.79
290.685
286.006
286.4
286.954
287.599
288.204
288.832
289.531
290.088
290.392
290.528
290.575
290.584
290.573
291.113
291.003
290.895
290.786
290.672
290.553
286.034
286.14
286.459
286.992
287.657
288.307
288.961
289.63
290.099
290.341
290.442
290.475
290.474
290.457
290.429
291.119
291.007
290.893
290.775
290.652
290.523
290.389
291.127
291.009
290.887
290.758
290.623
290.481
290.335
291.132
291.007
290.871
290.727
290.576
290.418
290.256
291.128
290.988
290.834
290.67
290.498
290.321
290.145
286.758
286.483
286.455
286.668
287.158
287.811
288.472
289.12
289.724
290.093
290.276
290.349
290.368
290.359
290.335
290.299
290.25
290.184
290.093
289.971
287.546
287.214
286.95
286.831
286.958
287.399
288.019
288.663
289.278
289.775
290.059
290.194
290.244
290.252
290.237
290.206
290.163
290.106
290.03
289.93
289.804
291.099
290.936
290.757
290.567
290.374
290.184
290
289.826
289.668
291.028
290.835
290.63
290.424
290.226
290.04
289.869
289.714
289.575
290.968
290.762
290.56
290.37
290.196
290.037
289.894
289.764
289.646
288.018
287.773
287.536
287.326
287.193
287.276
287.67
288.245
288.843
289.389
289.782
289.995
290.093
290.126
290.126
290.105
290.069
290.021
289.958
289.877
289.773
289.65
289.525
289.451
289.539
288.267
288.005
287.911
287.767
287.615
287.509
287.584
287.936
288.45
288.98
289.435
289.738
289.898
289.969
289.991
289.985
289.961
289.924
289.873
289.808
289.726
289.624
289.509
289.398
289.342
288.875
288.13
288.015
288.017
287.944
287.843
287.775
287.858
288.166
288.606
289.05
289.411
289.643
289.764
289.818
289.834
289.826
289.803
289.767
289.719
289.657
289.578
289.484
289.379
289.285
288.745
288.075
288.048
288.109
288.087
288.027
287.991
288.077
288.335
288.691
289.042
289.316
289.495
289.591
289.635
289.648
289.643
289.625
289.596
289.556
289.502
289.434
289.352
289.261
288.632
288.037
288.083
288.189
288.205
288.171
288.15
288.224
288.421
288.689
288.949
289.154
289.289
289.369
289.411
289.429
289.432
289.425
289.408
289.381
289.342
289.289
289.224
291.5
291.336
291.179
291.032
290.894
290.765
290.644
290.532
290.427
288.528
287.99
288.106
288.247
288.284
288.257
288.234
288.278
288.407
288.588
288.77
288.918
289.025
289.097
289.144
289.173
289.191
289.2
289.201
289.193
289.173
289.141
288.422
287.945
288.096
288.246
288.284
288.253
288.216
288.219
288.281
288.386
288.504
288.614
288.707
288.781
288.841
288.889
288.927
288.958
288.981
288.995
288.999
288.321
287.904
288.023
288.141
288.166
288.125
288.068
288.034
288.043
288.095
288.173
288.264
288.356
288.443
288.522
288.593
288.657
288.714
288.763
288.803
288.834
288.262
287.838
287.87
287.929
287.927
287.874
287.807
287.757
287.742
287.77
287.832
287.917
288.018
288.123
288.225
288.324
288.416
288.502
288.58
288.65
288.256
287.803
287.71
287.708
287.676
287.615
287.55
287.503
287.487
287.51
287.569
287.661
287.777
287.905
288.034
288.163
288.288
288.407
288.404
288.135
287.988
287.899
287.829
287.77
287.725
287.704
287.712
287.752
287.827
287.935
288.079
288.237
288.403
288.573
288.745
289.712
290.031
290.407
290.729
290.93
291.036
291.089
291.114
289.156
289.38
289.759
290.223
290.599
290.827
290.938
290.988
291.01
288.582
288.82
289.124
289.564
290.096
290.505
290.741
290.849
290.894
290.91
287.85
288.195
288.555
288.955
289.462
290.032
290.442
290.668
290.765
290.802
290.811
287.136
287.477
287.922
288.397
288.888
289.452
290.021
290.402
290.6
290.68
290.707
290.708
291.127
291.018
290.913
290.806
290.696
286.799
286.981
287.328
287.817
288.362
288.916
289.513
290.041
290.367
290.528
290.591
290.607
290.599
290.579
291.134
291.021
290.909
290.795
290.676
290.552
287.02
286.921
287.037
287.354
287.847
288.425
289.013
289.609
290.064
290.325
290.447
290.492
290.498
290.484
290.458
290.423
291.141
291.021
290.901
290.777
290.649
290.516
290.378
291.147
291.019
290.888
290.753
290.612
290.468
290.319
291.148
291.009
290.864
290.714
290.558
290.399
290.237
291.137
290.981
290.818
290.649
290.475
290.299
290.124
287.5
287.307
287.189
287.239
287.503
287.978
288.557
289.149
289.702
290.068
290.267
290.356
290.385
290.383
290.363
290.332
290.29
290.237
290.167
290.074
289.953
288.027
287.739
287.585
287.484
287.495
287.717
288.165
288.723
289.287
289.755
290.042
290.19
290.253
290.27
290.261
290.236
290.199
290.152
290.091
290.013
289.913
289.791
291.096
290.918
290.732
290.541
290.35
290.164
289.984
289.816
289.662
291.01
290.808
290.602
290.401
290.209
290.029
289.864
289.715
289.58
290.944
290.739
290.542
290.359
290.192
290.039
289.901
289.775
289.66
288.373
288.095
287.929
287.815
287.745
287.756
287.955
288.369
288.885
289.386
289.763
289.983
290.092
290.136
290.143
290.129
290.1
290.06
290.009
289.943
289.861
289.759
289.641
289.524
289.46
289.048
288.298
288.149
288.077
288.006
287.966
287.994
288.184
288.557
289.01
289.43
289.723
289.889
289.969
290
290.001
289.984
289.954
289.913
289.86
289.794
289.712
289.614
289.504
289.401
288.902
288.251
288.202
288.196
288.165
288.153
288.199
288.379
288.701
289.077
289.407
289.633
289.757
289.818
289.84
289.838
289.822
289.794
289.756
289.707
289.645
289.568
289.477
289.378
288.793
288.222
288.246
288.293
288.298
288.308
288.361
288.52
288.78
289.071
289.318
289.489
289.585
289.632
289.651
289.651
289.639
289.617
289.586
289.546
289.493
289.427
289.348
288.689
288.179
288.27
288.367
288.402
288.419
288.466
288.587
288.776
288.985
289.162
289.286
289.363
289.405
289.426
289.433
289.43
289.42
289.402
289.375
289.337
289.287
291.492
291.332
291.18
291.038
290.904
290.78
290.663
290.553
288.587
288.122
288.271
288.405
288.454
288.466
288.49
288.562
288.679
288.814
288.934
289.026
289.091
289.135
289.164
289.184
289.197
289.203
289.203
289.194
289.175
288.482
288.069
288.23
288.37
288.419
288.416
288.409
288.428
288.482
288.558
288.637
288.71
288.774
288.828
288.873
288.912
288.945
288.972
288.994
289.007
288.395
288.007
288.119
288.231
288.263
288.241
288.205
288.185
288.195
288.234
288.292
288.361
288.433
288.504
288.571
288.634
288.692
288.744
288.79
288.828
288.328
287.911
287.941
287.998
288.002
287.963
287.913
287.877
287.87
287.896
287.949
288.022
288.11
288.202
288.295
288.385
288.471
288.551
288.312
287.866
287.775
287.772
287.747
287.698
287.647
287.613
287.607
287.634
287.692
287.778
287.887
288.006
288.128
288.249
288.367
288.464
288.205
288.063
287.98
287.919
287.869
287.835
287.824
287.84
287.885
287.962
288.069
288.211
288.366
288.528
288.694
289.918
290.121
290.397
290.688
290.901
291.025
291.09
291.122
291.138
289.438
289.606
289.874
290.214
290.559
290.801
290.932
290.996
291.024
291.034
288.921
289.108
289.346
289.683
290.088
290.467
290.72
290.849
290.907
290.929
290.933
288.33
288.558
288.832
289.162
289.569
290.024
290.41
290.654
290.771
290.819
290.834
290.831
287.836
288.011
288.285
288.647
289.063
289.536
290.011
290.377
290.593
290.691
290.728
290.734
290.724
291.146
291.036
290.928
290.819
290.704
287.675
287.688
287.856
288.161
288.577
289.054
289.569
290.028
290.349
290.527
290.605
290.63
290.628
290.61
290.583
291.15
291.034
290.919
290.8
290.677
290.549
287.721
287.686
287.707
287.857
288.165
288.606
289.114
289.639
290.05
290.313
290.45
290.508
290.522
290.513
290.49
290.457
290.417
291.154
291.03
290.904
290.776
290.643
290.507
290.368
291.155
291.02
290.884
290.744
290.601
290.454
290.304
291.15
291.003
290.853
290.699
290.541
290.381
290.219
291.13
290.966
290.798
290.627
290.453
290.278
290.106
287.969
287.816
287.803
287.833
287.966
288.261
288.705
289.219
289.711
290.055
290.26
290.361
290.401
290.407
290.392
290.365
290.328
290.282
290.224
290.151
290.057
289.939
288.423
288.11
287.97
287.96
288
288.123
288.407
288.839
289.328
289.753
290.031
290.186
290.26
290.286
290.284
290.265
290.234
290.193
290.141
290.078
289.999
289.899
289.781
291.078
290.894
290.705
290.516
290.328
290.146
289.971
289.808
289.66
290.982
290.779
290.576
290.38
290.194
290.021
289.862
289.717
289.586
290.918
290.717
290.527
290.351
290.191
290.044
289.91
289.787
289.202
288.434
288.229
288.127
288.12
288.171
288.298
288.571
288.973
289.409
289.758
289.974
290.09
290.143
290.159
290.151
290.128
290.095
290.051
289.997
289.93
289.848
289.748
289.635
289.525
289.07
288.423
288.325
288.268
288.272
288.334
288.466
288.723
289.08
289.445
289.719
289.882
289.968
290.006
290.015
290.004
289.98
289.946
289.902
289.849
289.782
289.701
289.606
289.5
288.965
288.411
288.39
288.384
288.409
288.479
288.611
288.84
289.136
289.421
289.631
289.754
289.818
289.845
289.849
289.838
289.816
289.785
289.746
289.696
289.635
289.56
289.472
288.864
288.375
288.426
288.476
288.524
288.595
288.713
288.9
289.127
289.337
289.492
289.583
289.632
289.653
289.657
289.649
289.633
289.61
289.578
289.538
289.487
289.423
288.76
288.319
288.435
288.537
288.602
288.664
288.755
288.888
289.045
289.189
289.295
289.364
289.404
289.425
289.434
289.434
289.428
289.417
289.398
289.372
289.335
291.485
291.329
291.183
291.046
290.917
290.796
290.682
288.657
288.249
288.413
288.549
288.619
288.663
288.714
288.789
288.881
288.97
289.041
289.095
289.132
289.159
289.179
289.193
289.202
289.207
289.206
289.198
288.558
288.183
288.339
288.479
288.543
288.561
288.571
288.593
288.633
288.681
288.731
288.779
288.823
288.864
288.9
288.933
288.963
288.988
289.008
288.466
288.088
288.198
288.308
288.348
288.341
288.319
288.308
288.316
288.344
288.387
288.439
288.497
288.557
288.616
288.672
288.725
288.774
288.386
287.976
288.001
288.058
288.069
288.043
288.007
287.983
287.981
288.005
288.051
288.115
288.192
288.276
288.36
288.444
288.524
288.372
287.927
287.836
287.833
287.815
287.778
287.74
287.718
287.72
287.75
287.808
287.889
287.991
288.103
288.218
288.332
288.529
288.276
288.139
288.063
288.01
287.97
287.946
287.944
287.967
288.017
288.096
288.203
288.343
288.494
288.652
290.121
290.255
290.45
290.681
290.881
291.015
291.093
291.134
291.153
291.16
289.718
289.843
290.028
290.276
290.553
290.783
290.927
291.005
291.042
291.055
291.057
289.27
289.407
289.593
289.848
290.148
290.462
290.706
290.849
290.921
290.952
290.959
290.954
288.82
288.955
289.144
289.399
289.723
290.074
290.404
290.644
290.776
290.837
290.86
290.86
290.848
288.483
288.548
288.709
288.952
289.276
289.663
290.046
290.37
290.588
290.7
290.749
290.763
290.756
290.737
291.163
291.052
290.942
290.829
290.71
288.241
288.295
288.39
288.572
288.858
289.234
289.663
290.047
290.341
290.525
290.617
290.653
290.658
290.645
290.619
290.585
291.163
291.044
290.926
290.804
290.677
290.546
288.051
288.115
288.227
288.347
288.543
288.852
289.257
289.699
290.056
290.306
290.452
290.521
290.546
290.543
290.524
290.494
290.457
290.412
291.161
291.034
290.905
290.773
290.638
290.5
290.358
291.156
291.018
290.878
290.735
290.59
290.441
290.291
291.144
290.993
290.839
290.683
290.525
290.364
290.203
291.115
290.948
290.778
290.606
290.433
290.26
290.091
288.425
288.108
288.129
288.249
288.386
288.591
288.909
289.321
289.739
290.053
290.254
290.364
290.415
290.429
290.421
290.398
290.365
290.324
290.274
290.214
290.138
290.043
289.927
289.365
288.508
288.253
288.225
288.329
288.473
288.682
288.999
289.396
289.766
290.025
290.182
290.264
290.299
290.306
290.293
290.267
290.231
290.186
290.132
290.067
289.986
289.888
289.773
291.055
290.868
290.68
290.493
290.31
290.131
289.961
289.803
289.659
290.952
290.751
290.553
290.363
290.184
290.016
289.862
289.721
290.893
290.698
290.516
290.347
290.192
290.05
289.92
289.245
288.565
288.392
288.352
288.437
288.582
288.791
289.095
289.454
289.763
289.968
290.087
290.147
290.171
290.171
290.155
290.126
290.089
290.043
289.987
289.919
289.837
289.739
289.63
289.149
288.59
288.499
288.476
288.554
288.696
288.897
289.173
289.477
289.723
289.879
289.967
290.011
290.026
290.021
290.003
289.975
289.938
289.893
289.839
289.772
289.693
289.599
289.054
288.573
288.563
288.582
288.664
288.797
288.98
289.213
289.45
289.638
289.754
289.818
289.849
289.858
289.852
289.835
289.81
289.777
289.737
289.688
289.627
289.554
288.948
288.521
288.589
288.66
288.751
288.868
289.02
289.198
289.37
289.503
289.587
289.634
289.656
289.663
289.658
289.646
289.628
289.603
289.572
289.532
289.482
288.841
288.45
288.582
288.7
288.794
288.889
288.997
289.116
289.228
289.315
289.373
289.408
289.427
289.436
289.437
289.434
289.427
289.415
289.396
289.37
291.48
291.329
291.188
291.056
290.931
290.813
288.738
288.366
288.532
288.678
288.769
288.834
288.894
288.957
289.018
289.069
289.108
289.137
289.159
289.177
289.19
289.201
289.209
289.213
289.211
288.635
288.271
288.427
288.572
288.648
288.679
288.696
288.715
288.739
288.767
288.798
288.829
288.862
288.893
288.924
288.954
288.981
289.004
288.525
288.155
288.26
288.371
288.419
288.423
288.412
288.404
288.41
288.43
288.462
288.504
288.552
288.604
288.657
288.709
288.759
288.444
288.033
288.051
288.11
288.128
288.114
288.09
288.075
288.078
288.1
288.141
288.198
288.268
288.344
288.423
288.501
288.429
287.986
287.894
287.89
287.88
287.854
287.829
287.817
287.826
287.86
287.916
287.994
288.09
288.196
288.304
288.598
288.349
288.217
288.147
288.102
288.072
288.058
288.065
288.094
288.149
288.23
288.336
288.473
288.621
290.307
290.396
290.533
290.708
290.877
291.009
291.097
291.148
291.173
291.182
291.183
289.971
290.056
290.186
290.367
290.581
290.78
290.924
291.013
291.061
291.081
291.085
291.078
289.604
289.698
289.83
290.01
290.238
290.487
290.703
290.849
290.933
290.975
290.989
290.986
290.973
289.241
289.32
289.455
289.642
289.879
290.151
290.422
290.641
290.778
290.853
290.886
290.894
290.884
290.864
288.869
288.971
289.094
289.264
289.506
289.799
290.104
290.379
290.585
290.705
290.767
290.791
290.791
290.775
290.749
291.179
291.067
290.954
290.838
290.716
288.408
288.612
288.78
288.942
289.15
289.434
289.767
290.083
290.343
290.523
290.624
290.672
290.687
290.68
290.658
290.626
290.588
291.173
291.053
290.932
290.807
290.677
290.544
288.449
288.268
288.465
288.675
288.869
289.106
289.417
289.767
290.073
290.302
290.45
290.53
290.565
290.572
290.559
290.532
290.498
290.456
290.407
291.166
291.036
290.905
290.77
290.633
290.493
290.35
291.155
291.014
290.871
290.727
290.58
290.431
290.279
291.136
290.982
290.826
290.669
290.51
290.35
290.19
291.099
290.93
290.759
290.587
290.416
290.245
290.079
289.514
288.512
288.305
288.436
288.648
288.86
289.115
289.438
289.78
290.057
290.248
290.363
290.423
290.448
290.448
290.432
290.403
290.365
290.32
290.267
290.204
290.127
290.032
289.919
289.424
288.645
288.435
288.494
288.68
288.897
289.157
289.475
289.788
290.023
290.176
290.264
290.308
290.324
290.318
290.298
290.267
290.228
290.18
290.124
290.057
289.976
289.878
289.768
291.03
290.844
290.658
290.474
290.294
290.119
289.954
289.8
290.924
290.726
290.533
290.35
290.176
290.014
289.864
290.871
290.684
290.509
290.346
290.197
290.059
289.337
288.733
288.571
288.593
288.75
288.96
289.213
289.506
289.775
289.965
290.083
290.148
290.18
290.187
290.178
290.155
290.123
290.083
290.035
289.978
289.91
289.828
289.732
289.254
288.757
288.671
288.696
288.835
289.03
289.261
289.514
289.732
289.877
289.965
290.013
290.033
290.035
290.023
290.001
289.97
289.931
289.885
289.83
289.764
289.686
289.152
288.726
288.726
288.783
288.914
289.086
289.284
289.484
289.649
289.756
289.818
289.851
289.864
289.863
289.851
289.831
289.804
289.77
289.73
289.681
289.621
289.04
288.658
288.739
288.839
288.965
289.109
289.262
289.406
289.52
289.594
289.637
289.659
289.668
289.666
289.657
289.643
289.623
289.598
289.567
289.528
288.928
288.569
288.709
288.848
288.967
289.077
289.18
289.27
289.34
289.386
289.415
289.431
289.439
289.441
289.44
289.435
289.426
289.414
289.396
291.476
291.332
291.195
291.067
290.946
288.823
288.46
288.631
288.79
288.896
288.969
289.024
289.068
289.103
289.13
289.149
289.165
289.178
289.19
289.2
289.209
289.216
289.22
288.696
288.342
288.497
288.647
288.731
288.769
288.787
288.799
288.812
288.827
288.846
288.868
288.893
288.92
288.947
288.974
289
288.582
288.212
288.311
288.421
288.475
288.489
288.484
288.48
288.484
288.499
288.524
288.559
288.601
288.648
288.697
288.746
288.498
288.084
288.097
288.156
288.18
288.177
288.164
288.156
288.162
288.184
288.222
288.274
288.338
288.409
288.483
288.495
288.044
287.951
287.945
287.943
287.928
287.914
287.911
287.927
287.963
288.019
288.094
288.185
288.285
288.67
288.424
288.296
288.234
288.196
288.176
288.171
288.185
288.221
288.28
288.363
288.469
288.603
290.466
290.526
290.621
290.751
290.887
291.006
291.099
291.161
291.196
291.211
291.212
291.205
290.178
290.24
290.331
290.461
290.625
290.789
290.922
291.019
291.078
291.109
291.118
291.113
291.099
289.859
289.932
290.03
290.161
290.33
290.525
290.709
290.848
290.942
290.996
291.021
291.024
291.012
290.992
289.461
289.583
289.708
289.849
290.024
290.232
290.451
290.643
290.778
290.863
290.91
290.927
290.924
290.906
290.879
288.899
289.164
289.348
289.515
289.708
289.925
290.165
290.395
290.582
290.705
290.779
290.816
290.826
290.816
290.792
290.76
291.194
291.081
290.966
290.847
290.722
288.56
288.639
288.929
289.167
289.375
289.61
289.865
290.122
290.347
290.517
290.625
290.685
290.712
290.714
290.699
290.67
290.633
290.59
291.183
291.061
290.938
290.811
290.678
290.542
289.6
288.546
288.506
288.78
289.05
289.292
289.555
289.834
290.092
290.299
290.443
290.532
290.579
290.596
290.592
290.571
290.54
290.501
290.456
290.404
291.17
291.038
290.905
290.768
290.629
290.487
290.343
291.153
291.01
290.865
290.719
290.571
290.421
290.27
291.127
290.971
290.815
290.657
290.498
290.338
290.179
291.083
290.913
290.742
290.572
290.401
290.233
290.069
289.574
288.657
288.53
288.732
288.999
289.258
289.536
289.821
290.062
290.24
290.357
290.426
290.461
290.471
290.462
290.44
290.406
290.365
290.317
290.262
290.196
290.118
290.023
289.912
289.511
288.809
288.639
288.765
289.004
289.262
289.538
289.809
290.021
290.167
290.259
290.311
290.336
290.339
290.327
290.302
290.267
290.224
290.174
290.117
290.048
289.967
289.871
291.008
290.822
290.638
290.458
290.281
290.111
289.95
290.898
290.704
290.518
290.34
290.171
290.014
290.854
290.673
290.505
290.348
290.203
289.455
288.9
288.759
288.839
289.045
289.289
289.546
289.786
289.961
290.076
290.145
290.183
290.198
290.197
290.181
290.155
290.12
290.077
290.028
289.97
289.902
289.821
289.367
288.912
288.844
288.918
289.099
289.318
289.542
289.739
289.875
289.961
290.011
290.037
290.045
290.039
290.023
289.997
289.964
289.924
289.878
289.823
289.757
289.253
288.863
288.882
288.979
289.143
289.329
289.51
289.66
289.758
289.818
289.852
289.868
289.871
289.864
289.848
289.826
289.798
289.764
289.723
289.675
289.133
288.777
288.874
289.005
289.154
289.302
289.434
289.536
289.602
289.641
289.662
289.672
289.672
289.666
289.655
289.639
289.619
289.595
289.564
289.019
288.662
288.817
288.978
289.111
289.22
289.304
289.363
289.402
289.425
289.437
289.444
289.446
289.445
289.442
289.436
289.428
289.415
291.476
291.336
291.205
291.08
288.886
288.535
288.71
288.88
288.994
289.065
289.108
289.136
289.154
289.166
289.175
289.184
289.193
289.202
289.211
289.219
289.225
288.752
288.4
288.551
288.703
288.791
288.832
288.848
288.856
288.862
288.87
288.882
288.899
288.92
288.944
288.97
288.995
288.634
288.26
288.349
288.46
288.519
288.539
288.541
288.539
288.543
288.555
288.577
288.608
288.647
288.69
288.736
288.554
288.132
288.139
288.197
288.227
288.233
288.229
288.228
288.236
288.259
288.295
288.344
288.404
288.471
288.563
288.101
288.006
288
288.004
288
287.996
288.001
288.022
288.061
288.117
288.189
288.276
288.743
288.501
288.377
288.322
288.292
288.28
288.283
288.305
288.347
288.41
288.494
288.599
290.591
290.634
290.7
290.795
290.903
291.007
291.098
291.169
291.217
291.242
291.248
291.241
291.227
290.321
290.38
290.45
290.545
290.669
290.802
290.921
291.019
291.09
291.134
291.154
291.154
291.141
291.12
289.962
290.082
290.178
290.283
290.411
290.563
290.717
290.845
290.943
291.01
291.049
291.063
291.057
291.037
291.01
289.386
289.675
289.854
289.995
290.139
290.301
290.477
290.644
290.773
290.865
290.925
290.957
290.964
290.952
290.927
290.894
288.804
289.095
289.413
289.644
289.84
290.024
290.217
290.408
290.576
290.699
290.782
290.832
290.855
290.856
290.838
290.809
290.771
291.211
291.096
290.979
290.856
290.728
289.648
288.69
288.866
289.202
289.479
289.717
289.939
290.154
290.349
290.507
290.618
290.688
290.728
290.743
290.737
290.715
290.681
290.639
290.593
291.193
291.07
290.944
290.815
290.679
290.542
289.643
288.694
288.75
289.064
289.364
289.63
289.882
290.105
290.291
290.431
290.525
290.583
290.612
290.619
290.608
290.583
290.547
290.504
290.456
290.401
291.174
291.041
290.906
290.767
290.626
290.483
290.337
291.151
291.006
290.861
290.713
290.565
290.414
290.262
291.119
290.962
290.805
290.647
290.488
290.329
290.171
291.069
290.898
290.728
290.558
290.39
290.224
290.062
289.651
288.827
288.765
289.012
289.305
289.581
289.844
290.062
290.229
290.345
290.42
290.465
290.486
290.488
290.474
290.446
290.409
290.365
290.314
290.256
290.19
290.11
290.015
289.636
288.976
288.854
289.028
289.293
289.563
289.816
290.014
290.155
290.248
290.307
290.34
290.354
290.35
290.332
290.303
290.265
290.22
290.169
290.11
290.041
289.96
290.987
290.803
290.622
290.445
290.271
290.105
290.876
290.687
290.506
290.333
290.169
290.841
290.667
290.504
290.352
289.582
289.058
288.951
289.078
289.31
289.557
289.785
289.952
290.065
290.137
290.18
290.203
290.21
290.202
290.182
290.152
290.115
290.071
290.021
289.963
289.895
289.479
289.052
289.013
289.13
289.333
289.547
289.737
289.869
289.953
290.005
290.035
290.049
290.05
290.04
290.02
289.993
289.958
289.918
289.871
289.816
289.352
288.983
289.027
289.16
289.339
289.515
289.66
289.756
289.815
289.849
289.868
289.875
289.873
289.862
289.845
289.821
289.793
289.758
289.718
289.229
288.871
288.992
289.149
289.307
289.442
289.543
289.607
289.643
289.663
289.674
289.676
289.673
289.665
289.653
289.637
289.617
289.592
289.086
288.736
288.906
289.083
289.22
289.316
289.378
289.414
289.433
289.444
289.449
289.45
289.45
289.448
289.444
289.438
289.43
291.478
291.343
291.215
288.941
288.593
288.77
288.947
289.062
289.125
289.158
289.174
289.182
289.187
289.192
289.198
289.205
289.213
289.221
289.229
288.803
288.446
288.59
288.741
288.831
288.872
288.888
288.893
288.896
288.902
288.912
288.926
288.946
288.968
288.993
288.687
288.301
288.38
288.49
288.552
288.578
288.585
288.587
288.591
288.603
288.624
288.653
288.689
288.73
288.612
288.178
288.179
288.234
288.27
288.283
288.287
288.291
288.304
288.327
288.363
288.41
288.468
288.632
288.158
288.06
288.053
288.064
288.069
288.074
288.087
288.113
288.154
288.21
288.28
288.819
288.58
288.46
288.412
288.389
288.385
288.397
288.425
288.472
288.538
288.624
290.67
290.714
290.764
290.832
290.918
291.006
291.093
291.17
291.231
291.27
291.287
291.285
291.272
291.251
290.361
290.462
290.534
290.61
290.704
290.813
290.917
291.013
291.092
291.151
291.186
291.198
291.19
291.169
291.142
289.822
290.109
290.255
290.363
290.47
290.591
290.721
290.837
290.936
291.013
291.068
291.097
291.102
291.088
291.062
291.029
289.114
289.54
289.857
290.058
290.209
290.349
290.495
290.64
290.761
290.858
290.929
290.977
290.999
290.998
290.979
290.947
290.909
289.797
288.951
289.283
289.626
289.882
290.076
290.249
290.414
290.565
290.685
290.774
290.837
290.876
290.89
290.883
290.859
290.824
290.781
291.228
291.112
290.992
290.866
290.733
289.684
288.856
289.088
289.442
289.732
289.969
290.168
290.343
290.49
290.603
290.682
290.734
290.763
290.77
290.757
290.729
290.69
290.646
290.596
291.204
291.079
290.952
290.819
290.681
290.542
289.739
288.876
288.992
289.32
289.626
289.889
290.103
290.277
290.412
290.51
290.577
290.619
290.638
290.638
290.622
290.592
290.553
290.507
290.456
290.398
291.179
291.044
290.908
290.767
290.625
290.48
290.333
291.15
291.004
290.857
290.709
290.56
290.409
290.256
291.112
290.954
290.797
290.639
290.48
290.322
290.164
291.056
290.885
290.716
290.547
290.38
290.216
289.775
289.008
289.002
289.27
289.565
289.833
290.048
290.21
290.327
290.407
290.46
290.493
290.506
290.502
290.482
290.45
290.41
290.363
290.311
290.252
290.184
290.104
289.778
289.144
289.071
289.273
289.541
289.794
289.996
290.136
290.232
290.295
290.337
290.36
290.366
290.357
290.335
290.303
290.262
290.216
290.163
290.104
290.035
290.969
290.788
290.609
290.434
290.264
290.858
290.674
290.498
290.329
290.832
290.664
290.506
289.709
289.205
289.14
289.3
289.535
289.76
289.934
290.048
290.123
290.171
290.2
290.215
290.216
290.204
290.18
290.148
290.11
290.065
290.014
289.956
289.584
289.176
289.172
289.321
289.525
289.714
289.854
289.941
289.994
290.028
290.047
290.055
290.052
290.039
290.016
289.987
289.952
289.911
289.864
289.452
289.08
289.157
289.315
289.492
289.643
289.746
289.807
289.842
289.863
289.874
289.877
289.872
289.86
289.841
289.816
289.787
289.753
289.298
288.946
289.09
289.265
289.419
289.531
289.602
289.64
289.661
289.672
289.677
289.677
289.673
289.664
289.651
289.635
289.614
289.142
288.793
288.973
289.16
289.291
289.372
289.415
289.436
289.447
289.452
289.454
289.454
289.454
289.451
289.448
289.442
291.621
291.483
291.352
288.99
288.638
288.812
288.99
289.101
289.158
289.183
289.194
289.198
289.201
289.205
289.21
289.217
289.225
289.233
288.853
288.484
288.615
288.765
288.855
288.896
288.913
288.918
288.922
288.927
288.937
288.951
288.97
288.993
288.74
288.339
288.408
288.514
288.579
288.609
288.62
288.626
288.633
288.646
288.667
288.695
288.73
288.671
288.222
288.216
288.269
288.309
288.329
288.34
288.35
288.366
288.391
288.427
288.473
288.702
288.215
288.115
288.107
288.124
288.138
288.151
288.17
288.2
288.243
288.299
288.897
288.66
288.545
288.504
288.487
288.491
288.51
288.544
288.596
288.665
290.68
290.758
290.807
290.86
290.929
291.002
291.082
291.162
291.233
291.289
291.322
291.332
291.323
291.302
291.275
290.209
290.461
290.573
290.649
290.727
290.818
290.909
290.999
291.083
291.155
291.208
291.236
291.24
291.225
291.198
291.164
289.475
289.949
290.235
290.39
290.501
290.607
290.718
290.823
290.919
291.004
291.073
291.12
291.142
291.14
291.119
291.087
291.047
289.957
289.281
289.692
290.012
290.219
290.367
290.499
290.628
290.742
290.84
290.921
290.983
291.023
291.038
291.029
291.004
290.967
290.923
289.799
289.123
289.467
289.813
290.065
290.25
290.405
290.545
290.662
290.756
290.829
290.883
290.914
290.921
290.908
290.878
290.837
290.79
291.246
291.128
291.005
290.875
290.739
289.795
289.046
289.305
289.654
289.937
290.152
290.324
290.465
290.579
290.664
290.728
290.771
290.793
290.793
290.774
290.742
290.7
290.651
290.599
291.216
291.089
290.959
290.824
290.684
290.542
289.871
289.077
289.227
289.55
289.841
290.075
290.251
290.385
290.486
290.561
290.613
290.646
290.66
290.655
290.634
290.6
290.557
290.508
290.455
290.396
291.185
291.049
290.91
290.768
290.625
290.479
290.329
291.15
291.003
290.855
290.707
290.557
290.405
290.251
291.106
290.948
290.79
290.632
290.474
290.316
291.045
290.875
290.706
290.539
290.373
289.927
289.197
289.233
289.502
289.78
290.013
290.181
290.301
290.386
290.446
290.488
290.513
290.521
290.512
290.488
290.452
290.409
290.361
290.307
290.247
290.179
289.918
289.31
289.28
289.492
289.743
289.958
290.108
290.208
290.276
290.324
290.356
290.373
290.374
290.361
290.335
290.3
290.258
290.21
290.157
290.098
290.954
290.775
290.599
290.426
290.844
290.665
290.492
290.999
290.827
290.664
289.821
289.34
289.317
289.493
289.713
289.9
290.023
290.102
290.154
290.19
290.212
290.222
290.218
290.203
290.177
290.143
290.103
290.057
290.007
289.684
289.279
289.315
289.482
289.671
289.824
289.919
289.977
290.014
290.039
290.053
290.057
290.051
290.035
290.011
289.98
289.944
289.903
289.521
289.159
289.266
289.439
289.602
289.72
289.789
289.829
289.853
289.868
289.876
289.876
289.869
289.856
289.836
289.811
289.781
289.354
289.005
289.167
289.35
289.491
289.579
289.627
289.652
289.666
289.674
289.677
289.677
289.672
289.662
289.649
289.633
289.19
288.837
289.021
289.208
289.33
289.397
289.428
289.443
289.451
289.455
289.457
289.458
289.457
289.455
289.452
291.765
291.624
291.49
289.037
288.674
288.839
289.012
289.119
289.17
289.193
289.203
289.208
289.211
289.215
289.221
289.229
289.238
288.903
288.515
288.634
288.779
288.868
288.91
288.929
288.937
288.942
288.949
288.96
288.976
288.995
288.793
288.374
288.433
288.534
288.599
288.634
288.65
288.66
288.67
288.685
288.707
288.736
288.731
288.266
288.253
288.302
288.346
288.372
288.389
288.404
288.424
288.451
288.488
288.772
288.272
288.17
288.161
288.184
288.204
288.225
288.25
288.284
288.329
288.977
288.743
288.631
288.596
288.587
288.597
288.622
288.663
288.719
290.551
290.749
290.826
290.877
290.932
290.995
291.066
291.143
291.222
291.293
291.345
291.373
291.376
291.361
291.334
291.301
289.864
290.315
290.547
290.658
290.736
290.814
290.895
290.978
291.063
291.144
291.213
291.262
291.284
291.281
291.259
291.226
291.186
290.192
289.649
290.07
290.342
290.496
290.604
290.705
290.802
290.895
290.983
291.062
291.127
291.169
291.184
291.175
291.148
291.11
291.066
289.973
289.453
289.84
290.149
290.345
290.485
290.606
290.716
290.813
290.899
290.973
291.03
291.065
291.073
291.058
291.027
290.985
290.937
289.903
289.312
289.648
289.976
290.21
290.378
290.515
290.632
290.728
290.809
290.875
290.922
290.947
290.949
290.929
290.894
290.849
290.799
291.265
291.144
291.018
290.885
290.745
289.945
289.253
289.515
289.842
290.099
290.287
290.431
290.546
290.636
290.708
290.764
290.801
290.817
290.812
290.789
290.752
290.707
290.656
290.602
291.229
291.101
290.968
290.83
290.688
290.543
290.028
289.288
289.452
289.751
290.014
290.208
290.349
290.454
290.535
290.596
290.64
290.668
290.678
290.668
290.642
290.604
290.559
290.508
290.454
290.394
291.192
291.055
290.914
290.771
290.626
290.477
290.326
291.151
291.003
290.855
290.706
290.555
290.402
291.102
290.944
290.786
290.628
290.47
291.036
290.866
290.699
290.533
290.079
289.39
289.451
289.703
289.95
290.137
290.266
290.356
290.423
290.473
290.508
290.529
290.532
290.518
290.489
290.451
290.406
290.356
290.302
290.242
290.039
289.467
289.471
289.677
289.898
290.067
290.176
290.25
290.303
290.342
290.369
290.381
290.378
290.361
290.332
290.294
290.25
290.202
290.15
290.942
290.765
290.591
291.015
290.833
290.658
291.167
290.992
290.825
289.919
289.457
289.473
289.652
289.844
289.986
290.074
290.131
290.171
290.2
290.218
290.224
290.217
290.199
290.17
290.134
290.093
290.048
289.754
289.365
289.436
289.607
289.772
289.885
289.952
289.994
290.023
290.043
290.054
290.056
290.047
290.029
290.003
289.972
289.935
289.576
289.22
289.352
289.528
289.669
289.758
289.807
289.836
289.855
289.867
289.874
289.873
289.866
289.851
289.83
289.804
289.399
289.049
289.221
289.404
289.528
289.597
289.633
289.652
289.665
289.672
289.676
289.675
289.67
289.661
289.647
289.234
288.871
289.05
289.232
289.344
289.401
289.428
289.442
289.45
289.456
289.459
289.461
289.461
289.46
291.766
291.628
289.083
288.701
288.851
289.02
289.122
289.171
289.195
289.207
289.214
289.219
289.226
289.233
289.242
288.951
288.544
288.648
288.787
288.873
288.918
288.94
288.951
288.96
288.97
288.983
289
288.846
288.408
288.457
288.551
288.617
288.655
288.676
288.691
288.705
288.723
288.746
288.791
288.31
288.289
288.335
288.381
288.413
288.435
288.455
288.479
288.509
288.843
288.331
288.226
288.217
288.244
288.27
288.297
288.327
288.365
289.059
288.827
288.719
288.69
288.687
288.704
288.735
288.78
290.254
290.638
290.805
290.877
290.929
290.984
291.045
291.118
291.198
291.279
291.35
291.4
291.423
291.42
291.398
291.365
291.326
290.477
290.039
290.412
290.619
290.725
290.801
290.876
290.952
291.034
291.119
291.2
291.268
291.313
291.329
291.32
291.292
291.253
291.208
290.208
289.814
290.187
290.437
290.58
290.682
290.775
290.863
290.951
291.037
291.115
291.177
291.214
291.223
291.208
291.176
291.132
291.083
290.065
289.632
289.986
290.269
290.445
290.573
290.682
290.778
290.866
290.948
291.02
291.073
291.102
291.105
291.084
291.047
291.001
290.949
290.05
289.513
289.824
290.121
290.327
290.474
290.593
290.691
290.777
290.851
290.913
290.957
290.977
290.972
290.947
290.908
290.86
290.807
291.285
291.161
291.031
290.893
290.751
290.112
289.469
289.714
290.005
290.227
290.384
290.505
290.6
290.678
290.743
290.794
290.827
290.838
290.829
290.801
290.76
290.712
290.659
290.603
291.243
291.112
290.977
290.836
290.692
290.543
290.193
289.502
289.659
289.924
290.145
290.302
290.414
290.5
290.568
290.622
290.662
290.686
290.692
290.677
290.647
290.605
290.557
290.506
290.45
290.39
291.2
291.061
290.919
290.774
290.627
290.476
291.154
291.005
290.856
290.706
290.554
291.099
290.941
290.783
290.626
291.028
290.86
290.693
290.217
289.576
289.645
289.869
290.076
290.221
290.319
290.391
290.447
290.492
290.524
290.54
290.538
290.519
290.487
290.446
290.399
290.349
290.296
290.141
289.608
289.636
289.825
290.009
290.134
290.216
290.274
290.319
290.354
290.377
290.385
290.378
290.357
290.324
290.284
290.24
290.193
291.112
290.932
290.757
291.189
291.004
290.826
291.159
290.988
289.99
289.555
289.602
289.773
289.931
290.035
290.099
290.145
290.179
290.205
290.22
290.223
290.213
290.191
290.16
290.123
290.082
289.807
289.431
289.529
289.696
289.832
289.915
289.965
289.999
290.024
290.043
290.052
290.052
290.041
290.021
289.994
289.961
289.619
289.266
289.413
289.583
289.703
289.77
289.808
289.834
289.852
289.864
289.871
289.869
289.86
289.844
289.823
289.44
289.082
289.254
289.43
289.539
289.597
289.628
289.647
289.66
289.669
289.674
289.674
289.669
289.659
289.276
288.896
289.063
289.238
289.341
289.394
289.422
289.438
289.448
289.456
289.462
289.465
289.466
291.769
289.128
288.724
288.858
289.019
289.116
289.167
289.193
289.208
289.219
289.228
289.237
289.246
288.999
288.571
288.662
288.791
288.876
288.922
288.948
288.965
288.977
288.99
289.006
288.9
288.442
288.48
288.568
288.634
288.675
288.701
288.72
288.738
288.759
288.852
288.355
288.325
288.368
288.417
288.453
288.48
288.505
288.533
288.915
288.39
288.283
288.275
288.303
288.336
288.368
288.403
289.144
288.912
288.808
288.784
288.788
288.81
288.847
290.796
290.422
290.711
290.852
290.918
290.969
291.023
291.088
291.165
291.25
291.334
291.406
291.453
291.47
291.462
291.435
291.396
291.351
290.487
290.186
290.501
290.683
290.779
290.852
290.922
290.998
291.082
291.17
291.253
291.32
291.361
291.371
291.356
291.323
291.279
291.23
290.281
289.974
290.302
290.521
290.647
290.743
290.827
290.912
290.999
291.085
291.163
291.223
291.255
291.259
291.238
291.2
291.152
291.099
290.201
289.816
290.129
290.374
290.527
290.641
290.737
290.825
290.911
290.992
291.062
291.112
291.136
291.132
291.105
291.064
291.014
290.959
290.218
289.719
289.992
290.247
290.419
290.546
290.648
290.735
290.816
290.888
290.947
290.986
291.001
290.991
290.961
290.918
290.867
290.812
291.305
291.178
291.043
290.902
290.755
290.289
289.686
289.897
290.143
290.326
290.456
290.557
290.639
290.71
290.772
290.819
290.848
290.855
290.84
290.807
290.763
290.712
290.659
290.602
291.257
291.124
290.986
290.842
290.694
290.542
290.351
289.709
289.843
290.064
290.243
290.366
290.458
290.531
290.592
290.642
290.68
290.701
290.701
290.68
290.645
290.601
290.552
290.5
290.445
291.209
291.069
290.925
290.779
290.629
291.157
291.008
290.859
290.708
291.098
290.94
290.782
291.194
291.023
290.855
290.335
289.744
289.81
290
290.164
290.274
290.352
290.413
290.465
290.506
290.535
290.546
290.539
290.515
290.479
290.436
290.389
290.339
290.218
289.725
289.769
289.936
290.08
290.174
290.238
290.288
290.329
290.361
290.381
290.385
290.373
290.348
290.312
290.271
290.227
291.285
291.102
290.925
291.177
290.996
291.153
290.042
289.632
289.702
289.857
289.981
290.059
290.11
290.15
290.183
290.206
290.219
290.219
290.205
290.18
290.146
290.108
289.847
289.481
289.596
289.75
289.86
289.924
289.966
289.997
290.022
290.04
290.048
290.046
290.032
290.01
289.981
289.656
289.298
289.45
289.61
289.712
289.767
289.802
289.827
289.847
289.86
289.866
289.864
289.854
289.836
289.478
289.105
289.269
289.435
289.533
289.586
289.617
289.639
289.655
289.666
289.672
289.672
289.666
289.317
288.915
289.065
289.231
289.329
289.382
289.412
289.432
289.447
289.457
289.465
289.469
289.172
288.744
288.862
289.013
289.107
289.16
289.19
289.21
289.224
289.237
289.248
289.048
288.597
288.674
288.795
288.877
288.927
288.957
288.978
288.995
289.011
288.954
288.476
288.503
288.584
288.65
288.695
288.725
288.749
288.771
288.913
288.399
288.362
288.402
288.452
288.492
288.525
288.554
288.988
288.449
288.341
288.334
288.363
288.4
288.437
289.23
288.999
288.897
288.879
288.889
288.916
290.795
290.545
290.775
290.891
290.95
290.999
291.055
291.126
291.209
291.299
291.387
291.458
291.502
291.515
291.501
291.469
291.426
291.377
290.54
290.321
290.587
290.739
290.822
290.89
290.959
291.039
291.127
291.218
291.303
291.368
291.404
291.41
291.389
291.352
291.304
291.25
290.402
290.136
290.413
290.595
290.703
290.787
290.868
290.953
291.042
291.13
291.208
291.265
291.292
291.289
291.263
291.221
291.169
291.113
290.366
290.003
290.264
290.464
290.593
290.691
290.779
290.864
290.95
291.031
291.099
291.146
291.163
291.153
291.122
291.077
291.025
290.968
290.401
289.923
290.145
290.351
290.492
290.599
290.688
290.771
290.849
290.92
290.976
291.011
291.02
291.005
290.97
290.924
290.871
290.815
291.325
291.194
291.055
290.909
290.757
290.465
289.893
290.058
290.256
290.4
290.507
290.592
290.668
290.736
290.795
290.839
290.865
290.866
290.845
290.807
290.76
290.708
290.655
290.599
291.273
291.136
290.994
290.848
290.696
290.492
289.895
289.996
290.173
290.311
290.41
290.487
290.553
290.61
290.659
290.694
290.71
290.703
290.677
290.638
290.591
290.541
290.49
291.219
291.077
290.931
290.783
291.162
291.013
290.863
291.259
291.099
290.941
291.364
291.19
291.02
290.426
289.884
289.94
290.096
290.221
290.307
290.372
290.428
290.477
290.516
290.541
290.547
290.534
290.505
290.465
290.421
290.374
290.273
289.816
289.87
290.011
290.121
290.194
290.249
290.295
290.335
290.365
290.381
290.38
290.363
290.333
290.295
290.253
291.277
291.095
291.168
290.08
289.688
289.771
289.907
290.005
290.067
290.112
290.151
290.182
290.205
290.215
290.211
290.193
290.164
290.129
289.88
289.515
289.637
289.777
289.867
289.921
289.961
289.992
290.018
290.035
290.042
290.037
290.021
289.996
289.69
289.32
289.467
289.615
289.704
289.756
289.791
289.819
289.841
289.855
289.861
289.857
289.845
289.514
289.121
289.27
289.426
289.518
289.57
289.605
289.631
289.65
289.663
289.669
289.67
289.356
288.931
289.063
289.218
289.313
289.368
289.403
289.427
289.446
289.459
289.469
289.215
288.765
288.866
289.006
289.098
289.153
289.188
289.213
289.231
289.247
289.096
288.625
288.687
288.798
288.879
288.931
288.966
288.992
289.013
289.009
288.511
288.526
288.601
288.667
288.715
288.75
288.778
288.975
288.445
288.4
288.437
288.488
288.532
288.568
289.062
288.51
288.4
288.393
288.424
288.465
289.318
289.086
288.988
288.974
288.99
290.828
290.651
290.835
290.925
290.975
291.024
291.085
291.162
291.251
291.347
291.437
291.508
291.548
291.556
291.538
291.502
291.454
291.401
290.643
290.455
290.67
290.787
290.857
290.92
290.992
291.076
291.169
291.264
291.35
291.412
291.443
291.443
291.418
291.376
291.325
291.268
290.556
290.299
290.518
290.658
290.747
290.823
290.902
290.989
291.081
291.171
291.248
291.301
291.322
291.313
291.282
291.237
291.183
291.125
290.547
290.187
290.386
290.541
290.644
290.729
290.813
290.898
290.985
291.066
291.132
291.173
291.184
291.169
291.133
291.085
291.031
290.973
290.585
290.117
290.279
290.436
290.548
290.637
290.719
290.8
290.877
290.947
291
291.03
291.033
291.011
290.972
290.922
290.868
290.813
291.345
291.209
291.065
290.914
290.756
290.627
290.079
290.193
290.342
290.454
290.542
290.618
290.69
290.757
290.814
290.856
290.876
290.87
290.842
290.8
290.751
290.699
290.646
291.288
291.148
291.003
290.852
290.607
290.049
290.117
290.253
290.357
290.438
290.506
290.568
290.624
290.672
290.703
290.712
290.698
290.666
290.623
290.575
290.526
291.23
291.085
290.938
291.319
291.169
291.019
291.423
291.26
291.101
291.36
291.187
290.491
289.99
290.037
290.16
290.255
290.325
290.384
290.437
290.485
290.522
290.542
290.542
290.523
290.488
290.445
290.4
290.311
289.883
289.94
290.056
290.141
290.202
290.253
290.298
290.337
290.365
290.376
290.37
290.348
290.313
290.273
291.27
290.109
289.726
289.814
289.931
290.01
290.065
290.109
290.148
290.18
290.2
290.207
290.198
290.176
290.144
289.909
289.537
289.656
289.782
289.86
289.911
289.952
289.986
290.012
290.029
290.033
290.025
290.006
289.721
289.333
289.469
289.605
289.688
289.741
289.78
289.811
289.834
289.849
289.854
289.849
289.549
289.132
289.264
289.409
289.498
289.554
289.594
289.623
289.645
289.66
289.667
289.395
288.945
289.059
289.203
289.296
289.355
289.395
289.424
289.446
289.462
289.259
288.786
288.87
288.999
289.089
289.148
289.188
289.217
289.24
289.145
288.653
288.701
288.803
288.883
288.938
288.977
289.007
289.064
288.548
288.551
288.62
288.685
288.736
288.776
289.038
288.492
288.44
288.474
288.524
288.571
289.138
288.572
288.46
288.453
288.484
289.407
289.175
289.079
289.069
290.912
290.756
290.891
290.954
290.995
291.046
291.113
291.196
291.292
291.393
291.485
291.554
291.589
291.592
291.57
291.53
291.479
291.423
290.781
290.59
290.745
290.827
290.883
290.946
291.022
291.111
291.209
291.307
291.392
291.451
291.476
291.47
291.44
291.396
291.342
291.283
290.727
290.457
290.613
290.71
290.779
290.852
290.933
291.023
291.118
291.209
291.284
291.331
291.344
291.33
291.296
291.248
291.193
291.134
290.731
290.358
290.493
290.602
290.682
290.759
290.842
290.928
291.016
291.097
291.159
291.193
291.198
291.176
291.137
291.086
291.031
290.974
290.76
290.289
290.391
290.501
290.587
290.665
290.744
290.824
290.902
290.969
291.019
291.043
291.038
291.009
290.965
290.913
290.859
290.805
291.363
291.222
291.073
290.915
290.765
290.232
290.298
290.404
290.49
290.566
290.638
290.708
290.774
290.829
290.867
290.879
290.865
290.83
290.784
290.733
290.682
291.303
291.16
291.011
290.69
290.165
290.206
290.305
290.386
290.455
290.519
290.58
290.635
290.68
290.706
290.707
290.685
290.647
290.6
290.551
291.385
291.242
291.095
291.48
291.327
291.176
291.426
291.263
291.358
290.535
290.066
290.104
290.198
290.272
290.333
290.39
290.444
290.49
290.523
290.538
290.531
290.504
290.464
290.419
290.339
289.926
289.983
290.077
290.147
290.202
290.253
290.299
290.336
290.361
290.367
290.354
290.326
290.288
290.134
289.749
289.836
289.936
290.005
290.058
290.104
290.144
290.175
290.193
290.195
290.181
290.154
289.936
289.548
289.66
289.772
289.845
289.899
289.942
289.979
290.006
290.021
290.022
290.01
289.751
289.341
289.462
289.588
289.669
289.725
289.769
289.803
289.828
289.842
289.846
289.583
289.142
289.255
289.391
289.479
289.539
289.584
289.617
289.642
289.657
289.434
288.96
289.056
289.19
289.282
289.345
289.39
289.423
289.448
289.303
288.808
288.877
288.995
289.084
289.146
289.19
289.223
289.195
288.682
288.717
288.81
288.889
288.946
288.99
289.12
288.585
288.578
288.641
288.706
288.759
289.102
288.539
288.481
288.511
288.562
289.214
288.635
288.521
288.513
289.497
289.265
289.17
291.032
290.858
290.938
290.974
291.011
291.067
291.14
291.23
291.332
291.436
291.529
291.594
291.625
291.622
291.596
291.553
291.501
291.442
290.939
290.716
290.807
290.856
290.905
290.97
291.051
291.145
291.247
291.347
291.43
291.483
291.501
291.489
291.456
291.41
291.355
291.295
290.905
290.6
290.686
290.746
290.805
290.877
290.961
291.054
291.152
291.242
291.313
291.353
291.36
291.34
291.301
291.251
291.196
291.137
290.908
290.507
290.576
290.643
290.709
290.784
290.867
290.955
291.044
291.122
291.179
291.207
291.204
291.175
291.13
291.078
291.024
290.968
290.913
290.428
290.472
290.543
290.613
290.687
290.765
290.845
290.922
290.987
291.032
291.047
291.032
290.996
290.948
290.895
290.843
291.38
291.234
291.077
290.868
290.345
290.371
290.444
290.513
290.582
290.652
290.723
290.787
290.84
290.871
290.874
290.851
290.809
290.759
290.707
291.459
291.318
291.17
290.744
290.244
290.265
290.336
290.402
290.465
290.527
290.588
290.643
290.684
290.702
290.694
290.663
290.619
290.569
291.542
291.399
291.253
291.489
291.336
291.43
290.563
290.114
290.146
290.216
290.278
290.336
290.393
290.447
290.491
290.52
290.527
290.512
290.478
290.433
290.36
289.952
290.006
290.082
290.143
290.198
290.25
290.297
290.333
290.352
290.352
290.333
290.298
290.156
289.76
289.841
289.928
289.993
290.048
290.097
290.138
290.168
290.183
290.179
290.16
289.961
289.553
289.652
289.756
289.828
289.885
289.933
289.971
289.998
290.011
290.008
289.781
289.346
289.449
289.568
289.65
289.71
289.758
289.796
289.821
289.835
289.617
289.151
289.246
289.373
289.462
289.527
289.576
289.613
289.639
289.473
288.977
289.056
289.179
289.271
289.338
289.387
289.423
289.348
288.832
288.885
288.993
289.082
289.146
289.194
289.246
288.713
288.734
288.82
288.897
288.957
289.177
288.624
288.606
288.664
288.727
289.166
288.588
288.523
288.55
289.292
288.699
288.582
289.588
289.355
291.173
290.95
290.971
290.989
291.026
291.087
291.167
291.264
291.37
291.477
291.569
291.629
291.652
291.644
291.615
291.572
291.518
291.458
291.103
290.826
290.85
290.877
290.924
290.992
291.078
291.177
291.282
291.383
291.462
291.508
291.518
291.501
291.465
291.417
291.362
291.303
291.076
290.718
290.737
290.772
290.826
290.899
290.986
291.083
291.182
291.271
291.336
291.368
291.367
291.34
291.297
291.246
291.191
291.134
291.066
290.622
290.63
290.671
290.73
290.804
290.889
290.979
291.068
291.143
291.194
291.212
291.199
291.162
291.114
291.061
291.008
291.032
290.527
290.523
290.57
290.632
290.703
290.782
290.863
290.938
291
291.037
291.042
291.016
290.972
290.92
290.868
291.539
291.395
291.242
290.936
290.419
290.415
290.465
290.526
290.592
290.664
290.734
290.797
290.845
290.868
290.86
290.826
290.777
290.724
291.616
291.477
291.331
290.776
290.292
290.297
290.351
290.408
290.469
290.532
290.594
290.647
290.681
290.69
290.672
290.633
290.582
291.558
291.413
291.499
290.582
290.142
290.164
290.221
290.277
290.335
290.394
290.447
290.489
290.511
290.51
290.486
290.444
290.378
289.964
290.01
290.075
290.135
290.192
290.246
290.293
290.326
290.34
290.332
290.305
290.177
289.764
289.833
289.913
289.979
290.038
290.089
290.131
290.159
290.169
290.159
289.986
289.555
289.638
289.736
289.811
289.873
289.924
289.963
289.989
289.998
289.809
289.35
289.436
289.549
289.632
289.698
289.75
289.789
289.814
289.652
289.162
289.24
289.358
289.448
289.517
289.57
289.609
289.514
288.995
289.057
289.171
289.264
289.333
289.386
289.394
288.858
288.895
288.995
289.082
289.149
289.297
288.746
288.754
288.832
288.908
289.234
288.664
288.636
288.688
289.231
288.638
288.566
289.369
288.763
289.68
291.621
291.32
291.025
290.994
291.001
291.041
291.107
291.194
291.296
291.407
291.515
291.604
291.657
291.672
291.66
291.628
291.583
291.529
291.47
291.262
290.91
290.879
290.893
290.941
291.013
291.104
291.207
291.315
291.414
291.488
291.524
291.528
291.504
291.464
291.415
291.361
291.303
291.229
290.805
290.77
290.79
290.844
290.919
291.01
291.11
291.209
291.295
291.352
291.375
291.364
291.329
291.282
291.23
291.177
291.191
290.7
290.662
290.689
290.746
290.821
290.908
291
291.087
291.158
291.201
291.207
291.182
291.138
291.085
291.032
291.112
290.587
290.553
290.586
290.644
290.716
290.796
290.877
290.951
291.007
291.034
291.026
290.989
290.937
290.882
291.699
291.558
291.407
290.975
290.461
290.437
290.476
290.532
290.6
290.672
290.742
290.803
290.844
290.856
290.835
290.79
290.735
291.637
291.493
290.795
290.318
290.31
290.354
290.409
290.471
290.536
290.597
290.646
290.673
290.671
290.642
290.593
291.575
290.596
290.154
290.166
290.217
290.272
290.332
290.392
290.445
290.482
290.497
290.486
290.452
290.393
289.966
290.001
290.063
290.125
290.185
290.241
290.287
290.315
290.323
290.307
290.196
289.762
289.818
289.896
289.965
290.028
290.082
290.123
290.147
290.151
290.009
289.554
289.623
289.717
289.795
289.861
289.915
289.955
289.978
289.839
289.356
289.425
289.532
289.618
289.688
289.742
289.782
289.687
289.174
289.236
289.347
289.438
289.51
289.566
289.555
289.016
289.062
289.168
289.26
289.332
289.44
288.885
288.908
289.001
289.087
289.348
288.779
288.775
288.847
289.292
288.705
288.667
289.297
288.688
289.448
291.784
291.696
291.637
291.46
291.08
291.009
291.011
291.056
291.128
291.22
291.327
291.442
291.55
291.632
291.675
291.685
291.667
291.631
291.585
291.532
291.475
291.403
290.968
290.898
290.906
290.957
291.033
291.129
291.236
291.345
291.441
291.505
291.534
291.527
291.496
291.452
291.402
291.349
291.351
290.858
290.789
290.804
290.859
290.937
291.032
291.134
291.232
291.312
291.361
291.371
291.348
291.305
291.254
291.202
291.278
290.743
290.68
290.702
290.758
290.836
290.926
291.018
291.102
291.167
291.199
291.191
291.154
291.101
291.045
291.159
290.618
290.567
290.594
290.651
290.726
290.808
290.888
290.959
291.008
291.021
290.999
290.95
290.891
291.722
291.574
290.996
290.481
290.446
290.478
290.535
290.604
290.677
290.747
290.804
290.836
290.834
290.8
290.745
291.657
290.807
290.329
290.311
290.35
290.406
290.471
290.537
290.597
290.64
290.657
290.643
290.602
290.607
290.155
290.158
290.207
290.265
290.328
290.39
290.44
290.472
290.477
290.456
290.407
289.962
289.987
290.049
290.114
290.177
290.235
290.278
290.301
290.301
290.214
289.757
289.801
289.879
289.952
290.018
290.073
290.113
290.132
290.033
289.554
289.608
289.701
289.782
289.852
289.907
289.945
289.869
289.363
289.417
289.519
289.607
289.68
289.736
289.723
289.189
289.235
289.339
289.432
289.506
289.597
289.038
289.07
289.168
289.26
289.487
288.914
288.924
289.009
289.4
288.814
288.799
289.35
288.747
289.364
291.863
291.805
291.755
291.704
291.647
291.583
291.114
291.019
291.021
291.07
291.148
291.245
291.357
291.474
291.58
291.653
291.688
291.688
291.663
291.623
291.576
291.524
291.514
291.002
290.909
290.917
290.971
291.052
291.152
291.263
291.372
291.461
291.517
291.533
291.514
291.475
291.426
291.375
291.437
290.886
290.8
290.814
290.872
290.954
291.052
291.155
291.251
291.324
291.361
291.356
291.32
291.268
291.212
291.328
290.762
290.689
290.709
290.768
290.848
290.94
291.033
291.113
291.169
291.186
291.163
291.112
291.051
291.181
290.631
290.572
290.597
290.656
290.733
290.817
290.896
290.962
291
290.999
290.96
290.9
291.742
291.006
290.488
290.445
290.476
290.535
290.607
290.681
290.749
290.8
290.82
290.803
290.755
290.814
290.328
290.303
290.342
290.402
290.469
290.537
290.594
290.629
290.635
290.608
290.617
290.149
290.145
290.195
290.257
290.323
290.385
290.432
290.456
290.451
290.421
289.954
289.971
290.035
290.103
290.17
290.227
290.267
290.284
290.233
289.753
289.786
289.864
289.941
290.01
290.065
290.101
290.058
289.556
289.597
289.688
289.772
289.844
289.899
289.9
289.372
289.412
289.51
289.599
289.674
289.761
289.207
289.238
289.336
289.429
289.64
289.062
289.08
289.172
289.535
288.944
288.942
289.453
288.851
289.409
291.924
291.876
291.82
291.794
291.751
291.702
291.678
291.131
291.025
291.03
291.084
291.167
291.27
291.386
291.504
291.604
291.668
291.691
291.679
291.645
291.601
291.553
291.592
291.016
290.915
290.926
290.984
291.07
291.174
291.287
291.394
291.476
291.52
291.521
291.488
291.439
291.385
291.486
290.895
290.806
290.822
290.882
290.969
291.07
291.173
291.264
291.329
291.351
291.329
291.278
291.217
291.352
290.768
290.692
290.713
290.775
290.859
290.953
291.044
291.119
291.163
291.163
291.123
291.059
291.191
290.633
290.571
290.597
290.659
290.739
290.824
290.901
290.96
290.984
290.965
290.911
291.011
290.486
290.438
290.471
290.533
290.608
290.683
290.748
290.789
290.795
290.763
290.82
290.322
290.292
290.333
290.396
290.467
290.534
290.586
290.612
290.605
290.626
290.14
290.13
290.182
290.249
290.318
290.379
290.42
290.435
290.435
289.946
289.955
290.021
290.093
290.163
290.219
290.253
290.252
289.75
289.773
289.851
289.931
290.002
290.055
290.084
289.561
289.589
289.678
289.764
289.837
289.933
289.385
289.411
289.504
289.595
289.8
289.227
289.245
289.337
289.684
289.088
289.094
289.584
288.976
289.507
291.964
291.926
291.88
291.816
291.777
291.733
291.742
291.137
291.03
291.039
291.098
291.186
291.294
291.414
291.53
291.622
291.675
291.684
291.658
291.613
291.563
291.635
291.02
290.92
290.934
290.996
291.087
291.195
291.309
291.411
291.485
291.513
291.496
291.448
291.388
291.51
290.898
290.809
290.827
290.892
290.982
291.086
291.188
291.274
291.325
291.329
291.288
291.223
291.361
290.769
290.692
290.715
290.78
290.868
290.964
291.051
291.119
291.148
291.129
291.07
291.194
290.63
290.566
290.594
290.661
290.744
290.828
290.902
290.95
290.958
290.921
291.013
290.479
290.428
290.464
290.531
290.608
290.682
290.742
290.772
290.763
290.825
290.312
290.278
290.322
290.391
290.463
290.529
290.575
290.589
290.634
290.13
290.115
290.17
290.242
290.312
290.37
290.405
290.449
289.94
289.941
290.009
290.085
290.155
290.208
290.273
289.75
289.763
289.841
289.923
289.994
290.112
289.568
289.585
289.671
289.758
289.967
289.4
289.414
289.503
289.839
289.248
289.254
289.728
289.116
289.633
291.985
291.954
291.914
291.827
291.79
291.744
291.778
291.139
291.034
291.047
291.11
291.204
291.317
291.439
291.553
291.636
291.673
291.664
291.621
291.565
291.656
291.021
290.923
290.94
291.007
291.103
291.215
291.328
291.424
291.485
291.495
291.458
291.393
291.516
290.898
290.809
290.83
290.9
290.995
291.1
291.199
291.277
291.313
291.295
291.235
291.361
290.766
290.688
290.714
290.785
290.876
290.971
291.055
291.112
291.123
291.083
291.194
290.623
290.558
290.59
290.661
290.747
290.83
290.898
290.933
290.924
291.015
290.469
290.417
290.457
290.528
290.607
290.679
290.731
290.747
290.829
290.301
290.265
290.313
290.386
290.459
290.521
290.558
290.644
290.121
290.101
290.16
290.235
290.305
290.359
290.464
289.936
289.931
289.999
290.078
290.147
290.295
289.753
289.757
289.834
289.917
290.141
289.578
289.585
289.667
290.003
289.417
289.42
289.88
289.272
289.774
291.994
291.966
291.927
291.83
291.796
291.746
291.792
291.14
291.037
291.054
291.123
291.222
291.34
291.463
291.57
291.642
291.66
291.629
291.569
291.659
291.02
290.924
290.945
291.017
291.118
291.233
291.344
291.432
291.476
291.464
291.405
291.515
290.895
290.807
290.832
290.907
291.006
291.112
291.207
291.273
291.289
291.249
291.359
290.76
290.683
290.713
290.789
290.883
290.976
291.054
291.097
291.088
291.193
290.614
290.549
290.586
290.662
290.749
290.829
290.888
290.909
291.016
290.459
290.406
290.45
290.525
290.604
290.673
290.714
290.834
290.291
290.252
290.305
290.381
290.454
290.51
290.654
290.114
290.09
290.152
290.229
290.297
290.481
289.934
289.923
289.992
290.071
290.32
289.758
289.754
289.829
290.172
289.591
289.588
290.039
289.437
289.922
291.993
291.971
291.93
291.823
291.802
291.749
291.793
291.139
291.039
291.06
291.134
291.24
291.362
291.484
291.583
291.638
291.634
291.579
291.657
291.018
290.924
290.949
291.027
291.133
291.249
291.356
291.433
291.457
291.419
291.511
290.889
290.803
290.833
290.914
291.016
291.121
291.21
291.261
291.255
291.357
290.752
290.676
290.712
290.792
290.888
290.979
291.047
291.073
291.192
290.605
290.54
290.582
290.662
290.749
290.825
290.873
291.018
290.449
290.396
290.444
290.522
290.6
290.663
290.84
290.283
290.242
290.298
290.375
290.446
290.666
290.11
290.083
290.145
290.222
290.5
289.936
289.919
289.988
290.345
289.767
289.755
290.204
289.607
290.077
291.981
291.973
291.932
291.803
291.757
291.79
291.137
291.04
291.065
291.146
291.257
291.382
291.501
291.59
291.624
291.593
291.653
291.013
290.922
290.952
291.036
291.147
291.263
291.364
291.426
291.426
291.508
290.883
290.799
290.834
290.92
291.025
291.127
291.207
291.24
291.355
290.743
290.669
290.71
290.795
290.892
290.978
291.034
291.192
290.595
290.532
290.578
290.661
290.747
290.816
291.02
290.44
290.387
290.439
290.519
290.594
290.848
290.276
290.235
290.293
290.37
290.68
290.108
290.078
290.14
290.521
289.941
289.917
290.373
289.779
290.238
291.97
291.938
291.769
291.786
291.134
291.039
291.07
291.158
291.274
291.401
291.514
291.589
291.598
291.65
291.008
290.919
290.955
291.046
291.16
291.274
291.366
291.409
291.506
290.875
290.794
290.836
290.927
291.033
291.13
291.197
291.353
290.734
290.663
290.71
290.798
290.893
290.972
291.192
290.587
290.525
290.576
290.66
290.743
291.024
290.433
290.38
290.435
290.515
290.858
290.273
290.23
290.288
290.697
290.11
290.075
290.544
289.949
290.403
291.944
291.784
291.13
291.038
291.075
291.17
291.291
291.417
291.523
291.578
291.648
291.002
290.917
290.959
291.056
291.172
291.282
291.361
291.504
290.868
290.79
290.838
290.933
291.038
291.129
291.352
290.726
290.658
290.71
290.8
290.892
291.193
290.58
290.52
290.574
290.658
291.03
290.428
290.376
290.432
290.869
290.272
290.227
290.715
290.114
290.569
291.782
291.125
291.037
291.081
291.182
291.308
291.43
291.525
291.646
290.996
290.915
290.964
291.065
291.182
291.285
291.502
290.861
290.787
290.841
290.938
291.041
291.352
290.72
290.655
290.71
290.801
291.196
290.574
290.516
290.573
291.038
290.425
290.373
290.884
290.273
290.736
291.781
291.121
291.037
291.088
291.195
291.323
291.44
291.644
290.99
290.913
290.969
291.075
291.189
291.501
290.855
290.786
290.844
290.943
291.353
290.715
290.653
290.711
291.2
290.571
290.515
291.048
290.425
290.9
291.779
291.116
291.038
291.096
291.209
291.335
291.643
290.985
290.914
290.975
291.083
291.501
290.85
290.786
290.848
291.355
290.712
290.652
291.207
290.57
291.06
291.778
291.112
291.04
291.105
291.221
291.641
290.982
290.915
290.982
291.501
290.848
290.787
291.359
290.711
291.216
291.776
291.11
291.043
291.115
291.641
290.98
290.919
291.503
290.847
291.364
291.775
291.109
291.048
291.641
290.98
291.506
291.775
291.11
291.643
291.776
)
;

boundaryField
{
    innerInlet
    {
        type            inletOutlet;
        inletValue      nonuniform List<scalar> 0();
        value           nonuniform List<scalar> 0();
    }
    atmosphere_outlet
    {
        type            inletOutlet;
        inletValue      nonuniform List<scalar> 0();
        value           nonuniform List<scalar> 0();
    }
    walls
    {
        type            fixedValue;
        value           uniform 303.4;
    }
    window
    {
        type            zeroGradient;
    }
    procBoundary5to0
    {
        type            processor;
        value           nonuniform List<scalar> 
590
(
288.648
288.489
288.655
288.44
288.067
288.581
288.49
287.941
288.005
288.523
288.58
287.949
287.931
288.01
288.523
288.708
288.032
287.966
288
288.01
288.344
288.876
288.172
288.052
288.061
288
287.885
288.163
288.364
289.072
288.181
288.148
288.061
287.935
287.773
287.978
288.609
288.358
289.62
289.62
289.289
288.263
288.148
288.045
287.876
287.643
287.783
289.054
289.054
288.879
288.583
288.413
289.998
288.263
288.178
288.035
287.79
287.481
287.574
289.336
289.054
288.833
288.599
288.413
290.386
288.342
288.215
287.99
287.658
287.285
287.359
289.621
289.336
289.099
288.805
288.599
288.541
290.74
288.416
288.198
287.88
287.475
287.061
287.142
289.621
289.89
289.381
289.018
288.805
288.767
288.634
291.047
288.4
288.082
287.695
287.25
286.823
286.936
289.89
289.621
290.152
289.236
289.018
288.987
288.85
288.593
291.27
291.204
291.204
288.246
287.862
287.459
287.007
286.587
286.751
290.152
289.835
289.435
290.392
290.33
290.33
289.236
289.192
289.043
288.761
288.371
291.462
287.964
287.6
287.212
286.76
286.367
286.586
289.435
290.392
290.041
289.632
290.33
290.566
289.384
289.216
288.892
288.44
287.982
291.716
287.652
287.354
286.966
286.516
286.184
286.455
289.632
289.565
290.236
290.288
289.827
290.288
290.566
290.801
289.371
288.99
288.434
287.882
287.59
291.953
287.402
287.121
286.709
286.291
286.056
286.373
289.827
289.744
289.52
290.288
290.024
290.501
290.801
291.033
289.068
288.36
287.634
287.362
287.347
292.162
287.198
286.866
286.443
286.126
286.014
286.406
289.925
290.024
289.674
289.145
290.501
290.223
290.709
291.033
291.256
288.259
287.25
286.914
287.153
287.198
286.967
286.565
286.23
286.087
286.075
286.504
289.841
290.113
290.223
289.247
288.182
290.709
290.427
290.912
291.256
286.843
286.236
286.779
287.118
287.005
286.644
286.293
286.187
286.167
286.197
286.63
289.392
290.031
290.309
290.427
288.199
286.539
290.912
290.631
291.106
285.565
286.195
286.938
286.996
286.668
286.291
286.24
286.28
286.322
286.331
286.769
288.395
289.636
290.251
290.51
290.631
286.52
285.1
291.106
290.834
285.556
286.644
286.918
286.659
286.234
286.214
286.342
286.46
286.483
286.453
286.915
288.8
286.942
289.954
290.479
290.711
290.834
285.031
284.938
291.035
286.179
286.716
286.551
286.127
286.131
286.318
286.54
286.658
286.604
286.563
287.072
287.591
289.34
285.474
290.279
290.702
290.909
291.035
284.48
285.254
286.204
286.224
285.918
285.977
286.211
286.531
286.767
286.787
286.687
286.665
287.233
288.436
286.314
289.863
284.584
290.574
290.913
291.104
284.311
285.258
285.641
285.557
285.724
286.006
286.417
286.8
286.929
286.846
286.752
286.787
287.404
287.425
289.236
285.29
290.301
284.128
290.833
291.113
284.343
284.948
285.145
285.354
285.691
286.168
286.721
287.022
286.995
286.875
286.825
286.943
287.602
288.501
286.477
289.887
284.714
290.657
284.092
291.06
284.441
284.765
285.004
285.28
285.771
286.48
287.022
287.129
287.005
286.913
286.928
287.157
287.878
289.366
287.791
285.805
290.385
284.594
290.944
284.421
284.595
284.714
284.926
285.249
286.047
286.863
287.213
287.148
287.022
286.991
287.099
287.484
288.296
290.039
288.83
287.204
285.568
290.766
284.836
284.716
284.635
284.614
284.759
285.443
286.49
287.158
287.291
287.153
287.088
287.145
287.404
288.159
290.538
289.644
288.348
286.813
285.553
285.021
284.793
284.453
284.388
284.763
285.926
286.881
287.356
287.297
287.207
287.237
287.443
288.182
290.273
289.243
287.917
286.478
285.475
285.056
284.535
284.137
284.164
285.253
286.385
287.23
287.434
287.341
287.353
287.537
288.288
289.983
288.845
287.462
286.101
285.45
284.83
284.108
283.852
284.544
285.766
286.848
287.506
287.483
287.485
287.659
288.402
289.668
288.436
287.002
286.07
285.405
284.483
283.923
284.058
285.086
286.289
287.372
287.619
287.63
287.801
288.515
289.361
288.066
286.97
286.288
285.274
284.397
284.121
284.507
285.66
287.003
287.705
287.785
287.962
288.633
289.109
288.02
287.349
286.44
285.31
284.654
284.485
285.136
286.522
287.671
287.914
288.148
288.758
289.07
288.346
287.687
286.639
285.615
285.071
285.147
286.146
287.4
288.008
288.303
288.922
289.275
288.699
287.995
287.003
286.125
285.775
286.223
287.166
288.021
288.418
289.056
289.538
289.02
288.35
287.525
286.91
286.859
287.251
287.911
288.483
289.231
289.433
289.801
289.328
288.744
288.147
287.838
287.794
287.872
288.502
289.79
289.608
290.043
289.63
289.163
288.788
288.516
288.183
288.506
289.941
290.03
290.253
289.916
289.559
289.207
288.704
288.563
290.095
290.107
290.429
290.139
289.785
289.233
288.746
290.104
289.998
290.557
290.244
289.7
289.054
290.009
290.599
290.104
289.409
290.162
290.329
290.456
289.787
290.636
290.497
290.167
290.815
290.978
291.333
291.164
)
;
    }
    procBoundary5to4
    {
        type            processor;
        value           nonuniform List<scalar> 
645
(
290.122
289.866
289.851
289.738
289.186
289.658
289.727
289.727
289.731
289.02
288.952
289.534
289.799
289.01
289.01
289.005
288.832
288.837
289.442
289.889
289.075
288.889
288.889
288.852
288.767
288.775
289.36
289.154
289.99
288.968
288.889
288.889
288.821
288.744
288.731
289.284
289.241
289.054
290.1
288.986
288.923
288.923
288.827
288.733
288.696
289.213
289.337
289.146
289.084
290.213
289.04
288.962
288.962
288.842
288.724
288.661
288.978
288.978
289.147
289.443
289.245
289.185
289.152
290.331
289.097
288.991
288.991
288.854
288.71
288.52
288.52
288.625
288.916
289.556
289.353
289.291
289.264
289.225
290.451
289.145
289.011
289.011
288.858
288.625
288.625
288.692
288.48
288.861
289.676
289.469
289.405
289.378
289.347
289.287
290.576
289.179
289.02
288.818
289.02
288.818
288.855
288.6
288.444
288.814
289.594
289.801
289.528
289.498
289.469
289.42
289.335
290.702
289.203
289.023
288.805
288.577
288.413
288.776
289.659
289.727
289.932
289.627
289.595
289.55
289.479
289.371
290.831
289.218
289.022
288.793
288.556
288.389
288.747
289.764
289.8
289.868
290.068
289.727
289.68
289.616
289.525
289.398
290.962
289.229
289.02
288.782
288.541
288.372
288.731
289.907
289.865
289.947
290.016
290.21
289.815
289.751
289.67
289.561
289.418
291.094
289.236
289.018
288.774
288.531
288.364
288.729
290.057
290.01
289.954
290.101
290.169
290.358
289.888
289.81
289.713
289.59
289.433
291.227
289.241
289.016
288.77
288.529
288.368
288.752
290.159
290.211
290.099
290.029
290.259
290.327
290.51
289.949
289.857
289.747
289.612
289.446
291.362
289.246
289.017
288.771
288.534
288.386
288.791
290.247
290.312
290.369
290.174
290.091
290.421
290.489
290.666
289.998
289.895
289.775
289.63
289.456
291.498
289.251
289.02
288.776
288.547
288.412
288.84
290.323
290.4
290.468
290.528
290.236
290.141
290.584
290.654
290.825
290.037
289.925
289.796
289.645
289.465
291.635
289.256
289.025
288.785
288.565
288.444
288.897
290.386
290.475
290.554
290.625
290.69
290.287
290.18
290.751
290.821
290.987
290.068
289.948
289.813
289.656
289.471
291.774
289.259
289.03
288.795
288.585
288.477
288.957
290.539
290.437
290.63
290.71
290.783
290.853
290.326
290.209
290.919
290.99
291.151
290.09
289.965
289.826
289.663
289.474
289.261
289.033
288.804
288.602
288.506
289.021
290.592
290.695
290.476
290.786
290.867
290.943
291.018
290.354
290.23
291.09
291.162
290.107
289.978
289.834
289.666
289.473
289.258
289.032
288.808
288.612
288.529
289.09
290.75
290.632
290.854
290.504
290.945
291.025
291.104
291.186
290.373
290.245
291.265
290.119
289.987
289.838
289.664
289.466
289.249
289.024
288.802
288.612
288.545
289.164
290.791
290.912
290.658
291.016
290.521
291.104
291.185
291.268
291.358
290.386
290.256
290.128
289.991
289.835
289.654
289.451
289.231
289.004
288.783
288.6
288.574
289.262
290.956
290.818
291.077
290.673
291.179
290.53
291.265
291.347
291.436
290.395
290.265
290.134
289.99
289.825
289.636
289.425
289.201
288.971
288.751
288.59
288.644
289.445
291.124
290.982
290.83
291.245
290.679
291.343
290.537
291.427
291.511
290.403
290.272
290.135
289.982
289.806
289.606
289.387
289.155
288.922
288.715
288.61
288.828
289.772
291.296
291.151
290.992
290.833
291.415
290.683
291.509
290.545
291.591
290.412
290.276
290.13
289.964
289.775
289.563
289.333
289.094
288.865
288.7
288.74
289.526
291.471
291.326
291.161
290.992
290.833
291.586
290.689
291.676
290.554
290.418
290.274
290.115
289.935
289.731
289.504
289.262
289.021
288.825
288.79
289.431
291.648
291.504
291.335
291.157
290.989
290.838
291.758
290.701
290.564
290.419
290.261
290.087
289.89
289.67
289.428
289.179
288.963
288.888
289.469
291.827
291.686
291.514
291.329
291.152
290.993
290.851
290.714
290.568
290.409
290.236
290.045
289.83
289.592
289.341
289.11
289.009
289.561
291.87
291.698
291.508
291.322
291.154
291.006
290.868
290.722
290.561
290.385
290.196
289.986
289.754
289.504
289.267
289.145
289.682
291.885
291.693
291.5
291.322
291.168
291.026
290.879
290.716
290.537
290.345
290.138
289.911
289.667
289.429
289.297
289.82
291.882
291.684
291.5
291.337
291.191
291.042
290.876
290.692
290.496
290.288
290.065
289.827
289.594
289.458
289.964
291.874
291.796
291.684
291.796
291.513
291.361
291.21
291.041
290.851
290.648
290.437
290.216
289.984
289.758
289.624
290.116
291.948
291.873
291.79
291.696
291.742
291.79
291.537
291.382
291.21
291.014
290.804
290.586
290.364
290.137
289.918
289.792
290.273
291.95
291.884
291.77
291.718
291.659
291.749
291.77
291.558
291.382
291.18
290.962
290.736
290.51
290.285
290.075
289.958
290.433
291.94
291.902
291.556
291.675
291.746
291.557
291.349
291.122
290.888
290.655
290.429
290.226
290.121
290.596
291.44
291.575
291.685
291.519
291.284
291.04
290.801
290.572
290.372
290.277
290.758
291.324
291.46
291.591
291.445
291.193
290.946
290.712
290.514
290.427
290.918
291.222
291.341
291.478
291.345
291.09
290.851
290.653
290.571
291.075
291.165
291.233
291.357
291.233
290.989
290.789
290.712
291.226
291.236
291.17
291.246
291.125
290.923
290.848
291.372
291.906
291.236
291.177
291.055
290.982
291.511
291.905
291.238
291.112
291.646
291.905
291.778
)
;
    }
    procBoundary5to6
    {
        type            processor;
        value           nonuniform List<scalar> 
681
(
291.842
292.106
291.39
291.203
291.193
290.926
291.13
291.15
290.77
291.107
290.943
290.657
291.08
291.115
290.764
290.532
291.028
290.939
290.568
290.389
290.981
291.094
290.742
290.355
290.281
290.986
291.201
290.924
290.516
290.196
290.229
291.04
291.251
291.08
290.733
290.316
290.117
290.228
291.139
291.245
291.178
290.941
290.561
290.221
290.108
290.294
291.258
291.195
291.213
291.095
290.817
290.464
290.211
290.171
290.415
291.376
291.111
291.196
291.175
291.023
290.748
290.458
290.285
290.303
290.578
291.482
291.003
291.145
291.19
291.142
290.985
290.75
290.541
290.437
290.491
290.756
291.565
290.876
291.071
291.166
291.184
291.127
290.994
290.826
290.693
290.642
290.709
290.918
291.624
290.735
290.983
291.12
291.18
291.184
291.136
291.046
290.949
290.88
290.862
290.913
291.043
291.659
290.589
290.885
291.063
291.155
291.194
291.194
291.164
291.119
291.078
291.053
291.05
291.069
291.123
291.674
290.452
290.784
291.002
291.123
291.183
291.208
291.212
291.201
291.188
291.182
291.179
291.176
291.161
291.16
291.676
290.352
290.693
290.941
291.087
291.165
291.206
291.226
291.233
291.236
291.24
291.248
291.252
291.24
291.199
291.164
291.67
290.332
290.629
290.886
291.052
291.146
291.198
291.227
291.243
291.253
291.262
291.272
291.282
291.283
291.26
291.2
291.149
291.66
290.401
290.617
290.848
291.021
291.13
291.192
291.227
291.248
291.26
291.27
291.279
291.289
291.294
291.288
291.255
291.182
291.124
291.649
290.509
290.657
290.84
291
291.116
291.189
291.231
291.255
291.268
291.277
291.284
291.29
291.295
291.295
291.281
291.238
291.154
291.096
291.638
290.625
290.725
290.861
290.994
291.107
291.188
291.239
291.268
291.283
291.29
291.293
291.295
291.297
291.297
291.29
291.268
291.216
291.124
291.069
291.63
290.733
290.8
290.898
291.003
291.103
291.187
291.247
291.284
291.304
291.311
291.311
291.309
291.306
291.302
291.296
291.282
291.253
291.193
291.096
291.045
291.624
290.826
290.87
290.938
291.019
291.104
291.184
291.252
291.3
291.329
291.341
291.341
291.334
291.326
291.317
291.307
291.296
291.276
291.239
291.172
291.07
291.025
291.621
290.897
290.927
290.974
291.036
291.105
291.18
291.251
291.311
291.352
291.374
291.379
291.372
291.359
291.344
291.329
291.313
291.296
291.27
291.227
291.154
291.048
291.01
291.621
290.941
290.97
291.003
291.051
291.106
291.172
291.243
291.311
291.368
291.404
291.42
291.417
291.404
291.384
291.363
291.342
291.32
291.297
291.265
291.216
291.137
291.03
291.01
291.767
290.939
290.994
291.024
291.06
291.105
291.16
291.228
291.3
291.369
291.424
291.456
291.466
291.457
291.437
291.411
291.383
291.356
291.329
291.299
291.262
291.207
291.123
291.03
291.18
291.91
290.844
290.985
291.033
291.064
291.101
291.147
291.207
291.279
291.356
291.427
291.48
291.508
291.512
291.497
291.47
291.438
291.404
291.371
291.338
291.303
291.259
291.2
291.123
291.203
291.337
290.618
290.914
291.021
291.062
291.094
291.132
291.183
291.25
291.328
291.41
291.483
291.535
291.559
291.557
291.537
291.504
291.467
291.427
291.387
291.348
291.307
291.258
291.2
291.296
291.365
291.13
290.774
290.967
291.048
291.085
291.117
291.159
291.217
291.291
291.377
291.463
291.538
291.588
291.608
291.601
291.576
291.539
291.495
291.45
291.404
291.36
291.313
291.258
291.368
291.464
291.116
290.871
291.009
291.07
291.102
291.136
291.184
291.25
291.332
291.424
291.515
291.591
291.638
291.654
291.644
291.614
291.572
291.524
291.473
291.422
291.372
291.313
291.422
291.54
291.132
290.948
291.048
291.088
291.115
291.153
291.209
291.283
291.372
291.47
291.565
291.641
291.686
291.698
291.683
291.65
291.604
291.551
291.496
291.44
291.372
291.471
291.594
291.197
291.022
291.079
291.1
291.126
291.17
291.234
291.316
291.412
291.515
291.613
291.688
291.729
291.737
291.719
291.682
291.633
291.577
291.518
291.44
291.527
291.644
291.299
291.092
291.101
291.109
291.137
291.188
291.259
291.348
291.451
291.559
291.658
291.73
291.767
291.771
291.749
291.71
291.659
291.601
291.518
291.595
291.702
291.601
291.42
291.152
291.117
291.116
291.148
291.206
291.284
291.38
291.489
291.601
291.699
291.768
291.799
291.797
291.772
291.732
291.68
291.674
291.774
291.76
291.68
291.545
291.197
291.127
291.123
291.16
291.225
291.31
291.412
291.526
291.64
291.737
291.799
291.822
291.815
291.789
291.748
291.859
291.842
291.947
291.748
291.662
291.227
291.133
291.13
291.173
291.244
291.336
291.444
291.562
291.677
291.769
291.822
291.837
291.827
291.797
291.911
292.028
291.797
291.763
291.244
291.137
291.137
291.187
291.264
291.361
291.475
291.597
291.71
291.795
291.837
291.845
291.828
291.961
292.091
291.828
291.838
291.252
291.141
291.146
291.2
291.283
291.387
291.505
291.629
291.739
291.813
291.845
291.842
291.99
292.131
291.842
291.887
291.254
291.145
291.154
291.214
291.302
291.412
291.535
291.659
291.762
291.825
291.844
292.002
292.151
291.844
291.912
291.256
291.149
291.163
291.227
291.321
291.437
291.564
291.686
291.78
291.829
291.999
292.158
291.829
291.92
291.256
291.152
291.17
291.24
291.34
291.461
291.591
291.709
291.792
291.979
292.152
291.92
291.256
291.155
291.177
291.253
291.36
291.486
291.617
291.728
292.133
291.916
291.255
291.157
291.183
291.266
291.379
291.51
291.64
291.914
291.253
291.157
291.19
291.279
291.399
291.534
291.912
291.25
291.158
291.196
291.293
291.42
291.911
291.247
291.158
291.204
291.308
291.91
291.244
291.159
291.212
291.909
291.24
291.161
291.908
291.238
291.907
)
;
    }
    procBoundary5to7
    {
        type            processor;
        value           nonuniform List<scalar> 
36
(
291.909
291.327
291.91
291.353
291.321
291.456
291.344
291.537
291.45
291.598
291.536
291.655
291.602
291.72
291.667
291.798
291.739
291.886
291.822
291.972
291.91
292.047
291.993
292.099
292.057
292.128
292.094
292.141
292.11
292.145
292.114
292.143
292.115
292.132
292.117
292.118
)
;
    }
}


// ************************************************************************* //
